4265,4264,9,10.65
4264,4263,11,59.59
4263,4262,13,57.09
4262,4261,19,18.29
4263,4362,19,18.43
4264,4363,20,13.53
4362,4361,21,56.14
4361,4360,24,46.36
4261,4260,24,23.06
4260,4259,26,54.32
4361,4460,27,25.97
4362,4461,27,19.46
4259,4258,28,50.08
4263,4162,28,8.39
4460,4459,29,50.84
4360,4359,29,20.36
4162,4161,30,52.89
4258,4257,31,47.66
4161,4160,32,53.05
4459,4458,32,40.73
4359,4358,32,49.26
4259,4358,32,24.15
4460,4559,33,23.69
4160,4159,34,50.75
4257,4256,34,45.78
4258,4357,34,25.41
4264,4163,34,5.72
4458,4457,35,40.2
4459,4558,35,27.33
4159,4158,36,50.24
4256,4255,37,45.88
4357,4356,37,44.26
4257,4356,37,26.18
4457,4456,38,40.76
4558,4557,38,42.12
4458,4557,38,27.37
4258,4157,39,13.92
4362,4462,39,5.22
4356,4355,40,44.95
4256,4355,40,26.15
4456,4455,41,42.94
4557,4556,41,39.46
4457,4556,41,27.33
4558,4657,41,27.15
4257,4156,41,14.9
4162,4061,41,11.02
4460,4560,41,7.33
4264,4364,41,3.2
4355,4354,43,42.58
4161,4060,43,10.92
4556,4555,44,38.67
4657,4656,44,42.31
4456,4555,44,26.99
4557,4656,44,27.41
4256,4155,44,14.85
4160,4059,44,12.23
4255,4254,45,13.91
4558,4658,45,10.92
4355,4454,46,27.07
4159,4058,46,12.52
4555,4554,47,42.19
4656,4655,47,39.44
4155,4154,47,46.11
4556,4655,47,27.42
4657,4756,47,27.12
4157,4056,49,14.88
4554,4553,50,44.36
4655,4654,50,40.92
4756,4755,50,38.82
4555,4654,50,27.14
4656,4755,50,27.41
4162,4062,50,4.58
4658,4757,51,24.32
4354,4353,51,13.17
4657,4757,51,10.84
4061,3960,51,14.44
4553,4552,52,52.63
4056,4055,52,46.11
4353,4352,53,51.42
4654,4653,53,46.58
4755,4754,53,38.25
4554,4653,53,26.64
4655,4754,53,27.31
4756,4855,53,27.42
4254,4253,53,12.98
4454,4453,54,13.4
4155,4054,54,14.74
4157,4057,54,6.77
4352,4351,55,54.25
4653,4652,55,53.49
4552,4551,55,46.57
4154,4153,55,13.37
4060,3959,55,12.42
4264,4164,55,2.2
4453,4452,56,52.51
4855,4854,56,36.38
4754,4753,56,45.4
4253,4252,56,48.63
4654,4753,56,25.88
4755,4854,56,27.41
4756,4856,56,12.31
4061,3961,57,6.49
4753,4752,58,54.32
4351,4350,58,35.01
4652,4651,58,45.36
4153,4152,58,46.47
4552,4651,58,25.88
4658,4758,58,7.75
4558,4659,58,6.41
4854,4853,59,43.65
4551,4550,59,27.5
4855,4954,59,27.26
4754,4853,59,26.31
4056,3955,59,14.74
4152,4151,60,54.97
4352,4451,60,21.21
4351,4450,61,24.79
4652,4751,61,27.41
4551,4650,61,27.4
4855,4955,61,33.17
4757,4857,61,36.6
4460,4561,61,16.88
4853,4953,62,48.41
4854,4953,62,27.38
4856,4956,62,30.78
4650,4750,63,55.32
4151,4251,63,40.16
4954,5054,63,40.32
4350,4349,63,7.74
4753,4852,63,25.09
4163,4063,63,2.99
4362,4463,63,12.8
4751,4851,64,45.87
4350,4449,64,24.31
4351,4250,64,11.34
4750,4850,65,56.67
4953,5053,65,45.58
4955,5055,65,32.26
4954,5053,65,27.37
4853,4952,65,25.06
3955,3954,65,11.44
4055,3954,65,6.73
4757,4858,65,18.81
4056,3956,65,5.78
4658,4759,65,16.57
4550,4649,66,21.93
4856,4957,66,20.04
4054,4053,66,3.05
4850,4950,67,56.01
4851,4951,67,49.4
4449,4549,67,48.65
5055,5155,68,33.83
4953,5052,68,26.25
4650,4749,68,20.26
4560,4660,68,12.05
4364,4464,68,11.65
4462,4562,68,12.02
4264,4365,68,7.53
4265,4365,68,10.87
4950,5050,69,56.05
4951,5051,69,51.6
4955,5056,69,19.85
4151,4150,69,11.75
4449,4548,70,24.94
4349,4448,70,23.01
4561,4661,70,12.04
4153,4052,70,7.28
5050,5150,71,56.05
5051,5151,71,52.56
5155,5255,71,34.23
4749,4849,71,47.91
5055,5154,71,26.77
4750,4849,71,18.9
5052,5152,72,30.3
4649,4748,72,25.33
4463,4563,72,12.25
4061,3962,72,4.91
5150,5250,73,55.14
5151,5251,73,53.36
4548,4648,73,41.16
4549,4648,73,25.93
5055,5156,73,19.55
4850,4949,73,19.6
5255,5355,74,42.06
5154,5254,74,42.34
5155,5254,74,26.87
4749,4848,74,25.3
4759,4859,74,12.25
3954,3953,74,12.43
5053,5153,74,12.27
4858,4958,74,12.37
5250,5350,75,50.87
5251,5351,75,54.66
4150,4249,75,27.39
4950,5049,75,19.56
4957,5057,75,12.37
4250,4249,75,9.35
4056,3957,75,6.2
5156,5256,76,34.54
5152,5252,76,30.87
4548,4647,76,27.29
4448,4547,76,27.25
5155,5256,76,19.46
5351,5451,77,52.32
5254,5354,77,47.65
5255,5354,77,27.16
5154,5253,77,27.11
5050,5149,77,19.56
4464,4564,77,11.85
4660,4760,77,12.2
4562,4662,77,12.3
4365,4465,77,11.21
3955,3855,77,5.53
5350,5450,78,43.53
4748,4847,78,27.07
5150,5249,78,20.43
4150,4149,78,11.86
4349,4348,78,6.92
4151,4051,78,5.73
3961,3861,78,4.74
3961,3860,78,5.87
5252,5352,79,35.45
5256,5356,79,34.5
5250,5349,79,23.67
4648,4747,79,27.3
4448,4447,79,11.2
4661,4761,79,12.02
3955,3854,79,6.8
5451,5551,80,43.62
5254,5353,80,25.42
5450,5550,81,37.29
5350,5449,81,26.86
5049,5148,81,25.7
5156,5257,81,19.39
4563,4663,81,12.25
4151,4050,81,7.03
5352,5452,82,46.02
5356,5456,82,40.07
5149,5248,83,26.18
5355,5455,83,11.76
4848,4948,83,12.17
4859,4959,83,12.32
4958,5058,83,12.35
5156,5157,83,10.9
5450,5549,84,27.35
5249,5348,84,27.18
5256,5357,84,19.4
3954,3853,84,7.57
3955,3856,84,5.93
5452,5552,85,49.31
5456,5556,85,49.43
4447,4546,85,27.37
5349,5448,85,27.41
4149,4248,85,23.37
4053,3952,85,7.5
4163,4064,85,3.19
5354,5454,86,12.11
4760,4860,86,12.19
4564,4664,86,11.92
4662,4762,86,12.05
4465,4565,86,11.35
3961,3862,86,5.09
5148,5247,87,27.3
4847,4947,87,12.26
5049,5048,87,8.87
5456,5555,88,24.52
4050,4049,88,14.97
5356,5457,88,17.55
4761,4861,88,12.06
4447,4446,88,11.72
4348,4347,88,10.33
5248,5347,89,27.36
5551,5651,89,12.36
5352,5453,89,14.78
3962,3963,89,6.05
4164,4165,89,3.28
5348,5447,90,27.41
5550,5650,90,12.37
5148,5147,90,11.39
4663,4763,90,12.17
5457,5557,91,37.12
3853,3852,92,13.03
4959,5059,92,12.26
5058,5158,92,12.38
4763,4863,93,44.76
5247,5346,93,27.14
5549,5649,93,12.37
5452,5553,93,13.03
4050,3950,93,8.37
4149,4148,93,7.13
5557,5657,94,47.19
4446,4545,94,27.4
5556,5656,94,11.62
4546,4646,94,12.34
5448,5548,94,12.37
5158,5258,95,36.38
4860,4960,95,12.14
4664,4764,95,12.01
4762,4862,95,11.99
4565,4665,95,11.5
3952,3951,95,10.45
5347,5446,95,27.41
5657,5757,96,52.42
5553,5653,96,48.15
4863,4963,96,44.83
5147,5246,96,27.03
5457,5558,96,18.65
4347,4346,96,12.56
4947,5047,96,12.06
4248,4247,96,9.75
4050,3949,96,9.95
4545,4645,97,41.36
4861,4961,97,12
4446,4445,97,11.97
5552,5652,97,8.58
3856,3857,97,7.94
3855,3755,97,5.18
4764,4864,98,45.98
4862,4962,98,44.62
4665,4765,98,49.42
5446,5546,98,39.23
5651,5751,98,12.3
5558,5658,99,34.25
4963,5063,99,45.1
5346,5445,99,27.28
5457,5458,99,9.9
5454,5554,99,8.16
5447,5547,99,12.39
4961,5061,100,47.31
4545,4644,100,27.26
5158,5259,100,18.88
5147,5146,100,10.65
5555,5655,100,8.56
3862,3863,100,7.61
3853,3753,100,6.64
3855,3754,100,6.39
4864,4964,101,46.05
4962,5062,101,44.97
4765,4865,101,48.35
5652,5752,101,32.69
5446,5545,101,27.42
5657,5756,101,22.63
3852,3851,101,11.66
5059,5159,101,12.17
3861,3761,101,4.48
5658,5758,102,43.93
5554,5654,102,40.53
5063,5163,102,45.35
3949,4048,102,23.93
5346,5345,102,11.31
5649,5749,102,12.36
5650,5750,102,8.62
4049,4048,102,7.16
3853,3752,102,8.07
5246,5345,102,26.49
5061,5161,103,48.93
4961,5060,103,25.57
4445,4544,103,27.35
4545,4544,103,11.24
4646,4746,103,12.38
5548,5648,103,12.27
3855,3756,103,5.56
5758,5858,104,53.98
4964,5064,104,46.25
5062,5162,104,46.61
4865,4965,104,47.31
5558,5659,104,19.46
4247,4246,104,12.61
4346,4345,104,13.36
4148,4147,104,9.42
3861,3760,104,5.55
5161,5261,105,50.29
5654,5754,105,47.02
5752,5852,105,30.19
5445,5544,105,27.41
5652,5753,105,19.78
5757,5857,105,11.93
3950,3850,105,8.5
5858,5958,106,57.05
5060,5160,106,47.95
5061,5160,106,24.79
4645,4745,106,12.27
4445,4444,106,11.57
5558,5559,106,11.01
4665,4766,106,12.98
5146,5245,106,26.64
4965,5065,107,46.25
5752,5851,107,25.55
5546,5646,107,12.39
5751,5851,107,12.38
5258,5358,107,9.06
3862,3762,107,4.89
5754,5854,108,42.8
5163,5263,108,19.14
5345,5444,108,27.05
5658,5759,108,15.82
5445,5444,108,12.44
3950,3849,108,10.09
5547,5647,108,12.34
5160,5260,109,48.06
4766,4866,109,49.65
5162,5262,109,20.96
5161,5260,109,24.03
4544,4643,109,25.9
5752,5853,109,20.09
5545,5645,109,13.51
4644,4744,109,11.92
5259,5359,109,12.4
5063,5164,109,15.12
4765,4866,109,13.56
4064,4065,109,4.24
3949,3948,110,7.48
3856,3757,110,5.51
5759,5859,111,36.6
5851,5951,111,32.07
5749,5849,111,12.33
3752,3751,111,12.06
5146,5145,111,9.97
5260,5360,112,45.64
4643,4743,112,46.94
4866,4966,112,48.65
5854,5954,112,30.37
4444,4543,112,26.12
5245,5344,112,26.84
5858,5957,112,18.48
4246,4245,112,13.02
4746,4846,112,12.39
5648,5748,112,12.17
5654,5755,112,14.26
5345,5344,112,10.69
4865,4966,112,14.11
5853,5953,113,27.98
5065,5165,113,19.05
5851,5950,113,26.25
5544,5644,113,13.93
4147,4146,113,11.39
4345,4344,113,12.3
5750,5850,113,9.46
3863,3964,113,10.93
4665,4666,113,5.62
5147,5046,113,6.22
3862,3763,113,5.25
5859,5959,114,47.24
5444,5543,114,27.41
5261,5361,114,11.73
5754,5855,114,16.36
5852,5952,114,11.81
4965,5066,114,14.66
4048,4047,114,8.44
5558,5459,114,8.04
5951,6051,115,29.77
4643,4742,115,25.73
5164,5264,115,19.14
5958,6058,115,11.36
4745,4845,115,12.29
5954,6054,116,27.56
5854,5955,116,20.07
5759,5860,116,18.81
5444,5443,116,12.56
5646,5746,116,12.37
5245,5244,116,10.29
5756,5856,116,6.99
4165,4266,116,5.3
5953,6053,117,28.34
5951,6050,117,25.37
5263,5363,117,11.75
4444,4443,117,9.32
3850,3750,117,8.44
3753,3653,117,5.91
5647,5747,117,12.26
4742,4842,118,42.12
4543,4642,118,25.37
5262,5362,118,11.54
5645,5745,118,12.4
4744,4844,118,12.03
5759,5760,118,10.1
4766,4867,118,12.84
5955,6055,119,33.61
5856,5956,119,44.71
5165,5265,119,19.77
5953,6052,119,24.71
5951,6052,119,20.11
3757,3858,119,15.83
5544,5643,119,10.82
5857,5956,119,10.64
3752,3652,119,5.95
3754,3654,119,5.49
3959,3958,119,0.72
4867,4967,120,50.9
6054,6154,120,29.47
5066,5166,120,19.14
5957,6057,120,14.14
5849,5949,120,12.26
4866,4967,120,13.39
3849,3848,120,8.44
3850,3749,120,10.03
3755,3655,120,4.51
4847,4946,120,3.42
4742,4841,121,10.45
4146,4145,121,25.96
4245,4244,121,25.86
5344,5343,121,25.86
4246,4145,121,38.7
4147,4046,121,41.82
4345,4244,121,41.82
3752,3651,121,35.61
5146,5045,121,44.96
5145,5144,121,25.66
4742,4741,122,25.37
4344,4343,122,24.02
5644,5744,122,3.71
4543,4542,122,22.8
3948,3847,122,54.35
3948,3947,122,21.42
4643,4542,122,49.67
3849,3748,122,51.24
3762,3661,122,44.96
4444,4343,122,49.67
3756,3656,122,18.37
4048,3947,122,51.24
3761,3661,122,16.53
3761,3660,122,46.53
5145,5044,122,41.82
3848,3747,123,54.35
4642,4541,123,43.38
4443,4342,123,51.24
6054,6153,123,16.51
5443,5342,123,43.38
5443,5442,123,25.37
5244,5143,123,40.25
5244,5243,123,25.86
4742,4641,123,43.38
4047,3946,123,41.82
4146,4045,123,38.7
4344,4243,123,48.1
5046,4945,123,44.96
4245,4144,123,40.25
4543,4442,123,51.24
5344,5243,123,40.25
5859,5960,123,4.86
3751,3650,123,46.53
3757,3657,123,18.91
3762,3662,123,17.17
3863,3864,123,3.79
4841,4740,124,49.67
3651,3550,124,49.67
3749,3648,124,46.53
3655,3554,124,44.96
3654,3553,124,41.82
3750,3649,124,29.56
3653,3552,124,38.7
5443,5542,124,10.45
5360,5460,124,0.57
3757,3758,124,6.5
3748,3647,125,54.35
4343,4242,125,49.67
5144,5043,125,40.25
5343,5242,125,41.82
4145,4044,125,38.7
4046,3945,125,38.7
4244,4143,125,44.96
3660,3559,125,49.67
3661,3560,125,54.35
5759,5660,125,12.17
5045,4944,125,41.82
5342,5241,126,52.8
5442,5341,126,49.67
5143,5042,126,48.1
4741,4640,126,46.53
5044,4943,126,43.38
4542,4441,126,43.38
3847,3746,126,40.25
3847,3846,126,25.86
3656,3555,126,43.38
3947,3846,126,40.25
4841,4840,126,23.44
3655,3555,126,17.17
6054,6155,126,11.37
4666,4566,126,14.53
3662,3561,126,55.88
4766,4767,126,4.34
4740,4639,127,58.89
3648,3547,127,51.24
5542,5441,127,52.8
4442,4341,127,43.38
4541,4440,127,41.82
4541,4540,127,25.66
5243,5142,127,46.53
3657,3556,127,38.7
4045,3944,127,37.15
4243,4142,127,46.53
4144,4043,127,41.82
4342,4241,127,43.38
4342,4341,127,25.37
4641,4540,127,43.38
3660,3659,127,23.44
4966,5067,127,4.54
4064,3965,127,5.25
5242,5141,128,55.88
3560,3459,128,57.4
3554,3453,128,44.96
3649,3548,128,43.38
3550,3449,128,43.38
3550,3549,128,25.37
3553,3452,128,41.82
3650,3549,128,34.09
3559,3458,128,52.8
3651,3551,128,15.2
5748,5848,128,0.4
3960,3859,128,14.29
5341,5240,129,52.8
5241,5140,129,57.4
4640,4539,129,55.88
4242,4141,129,41.82
5043,4942,129,44.96
4044,3943,129,40.25
4143,4042,129,43.38
4840,4739,129,60.36
5542,5541,129,22.13
3657,3557,129,19.4
5643,5642,129,10.81
5955,6056,129,7.27
6051,6151,129,4.97
3860,3759,129,14.29
5042,4941,129,48.1
5142,5041,130,54.35
4440,4339,130,51.24
4639,4538,130,61.8
4540,4439,130,52.8
4441,4340,130,40.25
3554,3454,130,17.17
3550,3450,130,17.79
3559,3558,130,22.13
4743,4843,130,0.37
3757,3658,130,9.41
5141,5040,131,57.4
3459,3358,131,57.4
3548,3447,131,49.67
4341,4240,131,41.82
3556,3455,131,40.25
3547,3446,131,40.25
3547,3546,131,25.86
3458,3357,131,49.67
4241,4140,131,40.25
4241,4240,131,25.86
4142,4041,131,40.25
5341,5340,131,22.13
5660,5560,131,19.87
5746,5846,131,3.34
3662,3562,131,12.57
5140,5039,132,58.89
5240,5139,132,55.88
4539,4438,132,58.89
3452,3351,132,38.7
3452,3451,132,25.96
3549,3448,132,37.15
3561,3460,132,23.59
4840,4839,132,18.48
4739,4638,132,63.21
5744,5743,132,10.1
3763,3663,132,7.74
3762,3663,132,7.88
5041,4940,133,54.35
4339,4238,133,51.24
4538,4437,133,55.88
4439,4338,133,55.88
4340,4239,133,48.1
3556,3456,133,18.91
3458,3457,133,23.44
5660,5661,133,12.78
3747,3646,133,14.29
3449,3349,133,20.72
4767,4667,133,14.53
5340,5239,134,48.1
5040,4939,134,61.8
3358,3257,134,54.35
3454,3353,134,44.96
5240,5239,134,20.7
5642,5641,134,21.42
3452,3352,134,19.4
4566,4466,134,13.86
3946,3845,134,13.83
3449,3348,134,28.06
5039,4938,135,64.59
5139,5038,135,63.21
4438,4337,135,54.35
3451,3350,135,52.8
4839,4738,135,64.59
3546,3545,135,25.36
3447,3346,135,38.7
4240,4139,135,46.53
4538,4537,135,20.7
3351,3250,135,49.67
4638,4537,135,58.89
5660,5561,135,15.36
3448,3347,135,48.1
4739,4738,135,17.04
3863,3764,135,5.76
4437,4336,136,49.67
4338,4237,136,49.67
4239,4138,136,49.67
4238,4137,136,48.1
5340,5339,136,24.02
3546,3445,136,32.57
3454,3354,136,17.17
5541,5440,136,20.62
3446,3345,136,29.56
3446,3445,136,24.47
3945,3844,136,14
5460,5461,136,8.39
6153,6152,136,8.18
6052,6152,136,5.57
5239,5138,137,65.92
4939,4838,137,64.59
3562,3461,137,23.59
3459,3359,137,11.95
4043,3942,137,14.29
3944,3843,137,14.29
3746,3645,137,13.19
3846,3745,137,13.43
5660,5761,137,12.18
6055,6156,137,7.27
5760,5761,137,5.62
6051,6150,137,6.17
5038,4937,138,64.59
4139,4038,138,48.1
4938,4837,138,65.92
4738,4637,138,61.8
4437,4436,138,23.44
3349,3249,138,20.27
4537,4436,138,52.8
4638,4637,138,19.22
4337,4236,138,51.24
3348,3247,138,44.96
5339,5238,139,54.35
3545,3544,139,25.66
3349,3248,139,25.05
3358,3258,139,13.21
3943,3842,139,14.29
5541,5540,139,11.06
4141,4040,139,14.15
3351,3251,139,15.2
3347,3246,139,40.25
4137,4036,139,51.24
4237,4136,139,49.67
5746,5845,139,5.23
4336,4235,139,49.67
5138,5037,140,65.92
4838,4737,140,64.59
4138,4037,140,46.53
3545,3444,140,34.09
4667,4567,140,14.53
4537,4536,140,22.13
4042,3941,140,14
3965,3865,140,8.13
3346,3245,140,32.57
4666,4567,140,6.14
5238,5137,141,71.89
4937,4836,141,63.21
4837,4736,141,61.8
4236,4135,141,52.8
4436,4335,141,48.1
5440,5439,141,25
5339,5338,141,21.42
4038,3937,141,52.8
4140,4039,141,14.52
3357,3356,141,10.1
6154,6254,141,4.91
4336,4335,141,23.44
4036,3935,142,64.59
4235,4134,142,58.89
3251,3150,142,48.1
4136,4035,142,60.36
3258,3157,142,57.4
3445,3344,142,28.06
4466,4366,142,12.57
5743,5742,142,10.63
3663,3563,142,10.25
4041,3940,142,14
3357,3256,142,13.21
4867,4768,142,6.14
5037,4936,143,63.21
4737,4636,143,60.36
4037,3936,143,58.89
3544,3443,143,40.25
3544,3543,143,25.86
3249,3149,143,20.79
3249,3148,143,29.56
4637,4636,143,20.7
3461,3360,143,23.59
4436,4435,143,24.02
3456,3355,143,14.32
4536,4435,143,51.24
6153,6253,143,5.15
6154,6253,143,6.33
4867,4868,143,4.06
4836,4735,144,52.8
4736,4635,144,51.24
5137,5036,144,64.59
5338,5237,144,67.21
3937,3836,144,55.88
4135,4034,144,67.21
5540,5539,144,21.42
5641,5640,144,11.05
5661,5662,144,9.47
5760,5861,144,5.46
3353,3252,144,14.41
4335,4234,144,48.1
4134,4033,145,67.21
4035,3934,145,61.8
5439,5438,145,25.37
4039,3938,145,46.53
3845,3744,145,13.83
3257,3156,145,13.76
5661,5562,145,12.73
4536,4535,145,22.8
3444,3343,145,31.06
4967,4968,145,4.06
6050,6049,145,3.92
5237,5136,146,72.91
4936,4835,146,54.35
3936,3835,146,48.1
3935,3834,146,38.7
3940,3839,146,40.25
3940,3939,146,25.86
3256,3155,146,38.7
3256,3255,146,25.96
4836,4835,146,22.13
3251,3151,146,15.87
3354,3253,146,14.52
3844,3743,146,14.29
3545,3644,146,13.86
3562,3462,146,7.12
6153,6252,146,6.41
4435,4334,146,49.67
4335,4334,146,24.02
4735,4634,147,48.1
5036,4935,147,55.88
4034,3933,147,54.35
4635,4534,147,49.67
4234,4133,147,65.92
3355,3254,147,44.96
3843,3742,147,14.15
3764,3664,147,8.79
3543,3442,147,35.61
3543,3542,147,25.86
4535,4434,148,49.67
3836,3735,148,37.15
3940,3840,148,18.91
5338,5337,148,15.02
4567,4467,148,13.21
3258,3158,148,11.95
3942,3841,148,13.83
3938,3837,148,54.35
5744,5843,148,5.58
4435,4434,148,23.44
3835,3734,149,52.8
3151,3050,149,48.1
5136,5035,149,60.36
3834,3733,149,68.46
4835,4734,149,49.67
4033,3932,149,46.53
3934,3833,149,38.7
5438,5437,149,25.37
3939,3838,149,48.1
4735,4734,149,24.02
5036,5035,149,20.7
5539,5538,149,22.8
3156,3055,149,41.82
4334,4233,149,55.88
3360,3259,149,25.18
5845,5844,149,10.72
5744,5844,149,3.71
4165,4166,149,1.33
5337,5236,150,72.91
4935,4834,150,52.8
4634,4533,150,51.24
4534,4433,150,49.67
4133,4032,150,63.21
3839,3738,150,46.53
3743,3642,150,37.15
4033,4032,150,24.55
3836,3736,150,19.83
5640,5639,150,18.48
3842,3741,150,13.64
5661,5762,150,8.81
6151,6251,150,4.91
5642,5741,150,6.95
3255,3154,150,43.38
4767,4668,150,6.14
3833,3732,151,77.13
3933,3832,151,46.53
3742,3641,151,35.61
3156,3056,151,18.37
4334,4333,151,20.7
3157,3056,151,17.29
6057,6157,151,3.23
5236,5135,152,70.8
4734,4633,152,55.88
5035,4934,152,51.24
3932,3831,152,57.4
5437,5336,152,55.88
3050,2949,152,68.46
3840,3739,152,41.82
3841,3740,152,37.15
4935,4934,152,22.13
4634,4633,152,22.8
4233,4132,152,68.46
5136,5135,152,18.48
3743,3643,152,19.83
3150,3049,152,15.44
3544,3643,152,11.6
3461,3361,152,7.12
6151,6250,152,6.33
3542,3541,152,23.88
4834,4733,153,54.35
3736,3635,153,48.1
3733,3632,153,45.7
3734,3633,153,40.93
3735,3634,153,29.52
3151,3051,153,15.87
4533,4432,153,54.35
3838,3737,153,43.38
4433,4332,153,52.8
6154,6255,153,4.4
3542,3441,153,28.06
5336,5235,154,72.91
3832,3731,154,50.77
3732,3631,154,52.07
4032,3931,154,46.53
3741,3640,154,40.25
5538,5537,154,24.02
5035,5034,154,22.8
5437,5436,154,20.7
3158,3057,154,27.72
3149,3048,154,14
4333,4232,154,64.59
6049,5948,154,16.67
4332,4231,155,70.8
2949,2848,155,57.4
3831,3730,155,61.51
4633,4532,155,60.36
4032,4031,155,24.55
4834,4833,155,21.42
4132,4031,155,60.36
3248,3147,155,8.96
4533,4532,155,21.42
6049,6048,155,10.81
3738,3638,155,20.66
3738,3637,155,32.57
4733,4632,156,58.89
4432,4331,156,64.59
3541,3440,156,35.61
3541,3540,156,25.86
3051,2950,156,48.1
3865,3765,156,6.45
3247,3146,156,8.3
3740,3639,156,40.25
3155,3054,156,14.41
3641,3540,156,31.06
3253,3152,156,14.41
4231,4130,157,70.8
5235,5134,157,63.21
3731,3630,157,50.77
3931,3830,157,68.46
4232,4131,157,69.66
5436,5335,157,63.21
3635,3534,157,35.42
3737,3636,157,37.15
3634,3533,157,43.28
3441,3340,157,44.96
5135,5134,157,22.13
4934,4933,157,24.55
3736,3636,157,15.87
4467,4367,157,11.95
4667,4568,157,6.14
3965,3966,157,3.41
3345,3244,157,7.04
3254,3153,157,14.52
3245,3244,157,5.91
4331,4230,158,73.88
4833,4732,158,48.1
3637,3536,158,51.24
3638,3537,158,51.24
5034,5033,158,25.37
3048,3047,158,25.66
4031,3930,158,48.1
2949,2948,158,19.96
3361,3260,158,26.01
5843,5842,158,10.81
3442,3341,158,13.83
3360,3260,158,6.93
3563,3463,158,6.64
3246,3145,158,7.66
3965,3866,158,4.69
4532,4431,158,58.89
5165,5266,158,2.44
3533,3432,159,73.88
3440,3339,159,55.88
5537,5536,159,23.44
3048,2947,159,34.09
4632,4531,159,55.88
3633,3532,159,24.12
2950,2849,159,65.92
3055,2954,159,14.52
6150,6149,159,4.65
5846,5945,159,5.23
4967,5068,159,3.69
3245,3144,159,7.66
3640,3539,159,29.56
3830,3729,160,62.88
3340,3239,160,65.92
5335,5234,160,69.66
3540,3439,160,44.96
3639,3538,160,41.82
2848,2748,160,20.54
2848,2847,160,23.21
4833,4832,160,24.02
5235,5234,160,17.04
4130,4029,160,63.21
5436,5435,160,17.04
4031,4030,160,24.02
4131,4030,160,61.8
5741,5740,160,11.02
3154,3053,160,14.52
5639,5638,160,11.06
3051,2951,160,15.87
3462,3362,160,7.21
4230,4129,160,70.8
3344,3243,160,7.98
5746,5847,160,2.81
5066,5167,160,2.53
3339,3238,161,78.86
3537,3436,161,69.66
3536,3435,161,65.92
4732,4631,161,48.1
4431,4330,161,69.66
3630,3529,161,46.53
4933,4932,161,25.86
2848,2747,161,26.56
4632,4631,161,20.7
3632,3531,161,19.18
3057,2956,161,22.07
6254,6354,161,5.15
3056,2955,161,14.71
5846,5946,161,3.34
3239,3138,162,80.31
3439,3338,162,70.8
4531,4430,162,57.4
3539,3438,162,57.4
3432,3331,162,60.36
5033,5032,162,25.66
3630,3629,162,24.55
5134,5133,162,24.55
3730,3629,162,23.35
3930,3829,162,36.48
3343,3242,162,8.63
3343,3342,162,6.2
6253,6353,162,5.43
3145,3044,162,37.15
3443,3342,162,7.66
3436,3335,163,76.41
4330,4229,163,72.91
3538,3437,163,67.21
5435,5334,163,64.59
4029,3928,163,51.24
4732,4731,163,24.02
5842,5841,163,21.42
3260,3159,163,29.52
4129,4028,163,57.4
3534,3433,163,24.12
6250,6249,163,9.93
3664,3564,163,6.45
3438,3337,164,79.66
3531,3430,164,54.35
3529,3428,164,52.8
2747,2646,164,49.67
2956,2855,164,51.24
4832,4831,164,25.96
2847,2746,164,37.15
2847,2846,164,25.96
2951,2850,164,46.53
5536,5535,164,22.13
4030,3929,164,46.53
3630,3530,164,16.53
3636,3535,164,22.07
3631,3530,164,14.68
3158,3058,164,6.64
3138,3037,164,80.31
6157,6256,164,11.6
3145,3045,164,19.83
3437,3336,165,79.3
3331,3230,165,52.8
3629,3528,165,49.67
4430,4329,165,67.21
3829,3728,165,56.06
5234,5233,165,20.7
3729,3628,165,31.4
3532,3431,165,24.38
4531,4530,165,19.96
3432,3431,165,18.48
2848,2749,165,14.34
6157,6257,165,7.16
6048,5947,165,14.32
6048,6047,165,10.39
6253,6352,165,6.47
4631,4530,165,41.82
4631,4630,165,25.66
3337,3236,166,79.66
3335,3234,166,69.66
3433,3332,166,69.66
5133,5132,166,25.66
3238,3137,166,32.13
4932,4931,166,24.47
3929,3828,166,79.3
3362,3261,166,25.18
4129,4128,166,19.96
3054,2953,166,14.52
4229,4128,166,69.66
5538,5637,166,8.82
3336,3235,167,74.79
3037,2936,167,60.36
5535,5434,167,52.8
3430,3329,167,51.24
3331,3330,167,22.13
3338,3237,167,34.18
5032,5031,167,24.96
3435,3334,167,24.38
4731,4730,167,25.86
5435,5434,167,16.34
2951,2851,167,16.53
4367,4267,167,10.25
3153,3052,167,14.52
4568,4468,167,10.79
6157,6158,167,6.5
3151,3052,167,6.97
4567,4468,167,5.41
4329,4228,168,69.66
3230,3129,168,58.89
4530,4429,168,48.1
2749,2648,168,54.35
3530,3429,168,46.53
2846,2845,168,25.66
2747,2647,168,15.2
2956,2856,168,14.53
3341,3240,168,14.79
3045,2944,168,37.15
3057,2957,168,7.31
5845,5944,168,5
3332,3231,169,57.4
5535,5534,169,22.13
4831,4830,169,24.96
3535,3434,169,30.45
5334,5333,169,17.75
2846,2745,169,34.09
2954,2853,169,14.52
3137,3036,169,58.89
4630,4629,169,25.36
6149,6148,169,10.52
4165,4066,169,2.08
3330,3229,170,55.88
3329,3228,170,61.8
3237,3136,170,67.21
3235,3134,170,57.4
5132,5131,170,25.96
4128,4027,170,46.53
5233,5232,170,22.8
4530,4529,170,24.02
3053,2952,170,14.52
5740,5739,170,10.85
3144,3043,170,14
3240,3139,170,73.88
3045,2945,170,19.83
5640,5739,170,5.46
4630,4529,170,32.57
5761,5862,170,4.4
3429,3328,171,58.89
2647,2546,171,51.24
3129,3028,171,54.35
4429,4328,171,61.8
2851,2750,171,46.53
4931,4930,171,24.47
3261,3160,171,33.37
4128,4127,171,24.55
2955,2854,171,14.71
3866,3766,171,8.12
4228,4127,171,67.21
3243,3142,171,13.83
5860,5961,171,2.44
5534,5433,172,55.88
3231,3130,172,54.35
5031,5030,172,24.47
2845,2844,172,25.66
3234,3133,172,25.18
3728,3627,172,20.49
3928,3827,172,17.05
4730,4729,172,23.88
3342,3241,172,14.15
2847,2946,172,12.75
5537,5636,172,8.32
3139,3038,172,80.34
3145,3046,172,10.49
4768,4669,172,4.77
6254,6355,172,4.67
3134,3033,173,54.35
3228,3127,173,49.67
3229,3128,173,60.36
3129,3128,173,21.42
2648,2548,173,20.46
2648,2547,173,34.09
2845,2744,173,34.09
2749,2649,173,13.21
5841,5840,173,10.95
4028,3927,173,15.05
3044,2943,173,14
3242,3141,173,14
6249,6248,173,10.25
4027,3926,173,65.92
6251,6351,173,4.5
4868,4769,173,4.77
3038,2937,174,80.31
4328,4227,174,65.92
4529,4428,174,41.82
4529,4528,174,25.66
5333,5332,174,20.7
5534,5533,174,20.7
4830,4829,174,24.47
3434,3333,174,28.61
3827,3726,174,78.48
2745,2645,174,20.79
2745,2644,174,29.56
4429,4428,174,17.75
2851,2751,174,16.53
2855,2754,174,14.79
3037,2937,174,10.79
3428,3327,174,15.27
3136,3035,174,41.82
3136,3135,174,25.66
3463,3363,174,6.54
6251,6350,174,6.13
4629,4528,174,31.06
4629,4628,174,24.96
3130,3029,175,52.8
3028,2927,175,46.53
3160,3059,175,36.48
3766,3665,175,40.93
5131,5130,175,24.96
3228,3227,175,23.44
5232,5231,175,25
2936,2835,175,17.93
3927,3826,175,80.18
3332,3232,175,11.95
3528,3427,175,15.38
3628,3527,175,15.18
2646,2545,175,14
3828,3727,175,17.06
3241,3140,175,55.88
3362,3262,175,6.93
3244,3143,175,7.98
3765,3665,175,5.36
4127,4026,175,35.61
4127,4126,175,25.86
3926,3825,175,79.98
6157,6258,175,5.96
2937,2836,176,70.8
2547,2446,176,48.1
3141,3040,176,58.89
3028,3027,176,24.55
4930,4929,176,24.96
2952,2852,176,18.37
3234,3233,176,10.95
2953,2852,176,14.52
6257,6357,176,9.14
6257,6356,176,13.86
6047,6046,176,9.93
2856,2755,176,19.92
4868,4869,176,3.11
3140,3039,177,77.13
2754,2653,177,48.1
4428,4327,177,57.4
3127,3026,177,41.82
3127,3126,177,25.66
2548,2447,177,35.61
3135,3034,177,51.24
2750,2650,177,17.17
3231,3131,177,13.21
4026,3925,177,77.13
2936,2935,177,10.94
4729,4728,177,24.47
2744,2743,177,25.66
6250,6349,177,5.69
5843,5942,177,4.89
3040,2939,178,76.41
3029,2928,178,49.67
4528,4427,178,41.82
4528,4527,178,25.66
2548,2448,178,20.18
3028,2928,178,16.53
2944,2843,178,14.29
4468,4368,178,9.25
4126,4025,178,51.24
5944,5943,178,10.88
2744,2643,178,34.09
4628,4627,178,25.66
5844,5943,178,5
4467,4368,178,4.77
3039,2938,179,80.21
2755,2654,179,54.35
3059,2958,179,35.42
2927,2826,179,40.25
2927,2926,179,25.86
5332,5331,179,24.02
2754,2753,179,24.02
4829,4828,179,24.47
2853,2752,179,14.29
6148,6147,179,10.25
2644,2544,179,20.77
2644,2543,179,31.06
6354,6454,179,5.78
5536,5635,179,7.38
5842,5941,179,6.95
5662,5563,179,4.08
2939,2838,180,80.37
2447,2346,180,49.67
2650,2549,180,49.67
2836,2735,180,42.09
4929,4928,180,25.36
3262,3161,180,32.37
2835,2734,180,33.37
2743,2642,180,49.67
2751,2651,180,17.17
4025,3924,180,79.66
2545,2445,180,20.79
2545,2444,180,29.56
3130,3030,180,13.86
3133,3032,180,19.24
5131,5230,180,14.89
3043,2942,180,14.29
5862,5962,180,10.25
5739,5738,180,10.95
3564,3464,180,6.08
4126,4125,180,22.8
3826,3725,180,32.13
4227,4226,180,17.75
5662,5663,180,2.85
4327,4226,180,67.21
2938,2837,181,134.7
2928,2827,181,46.57
2653,2552,181,52.14
2927,2827,181,20.86
5840,5839,181,14.3
4728,4727,181,24.26
4930,5029,181,13.64
5862,5863,181,7.27
3034,2933,181,38.33
4267,4167,181,7.38
4427,4326,181,69.96
2654,2553,182,64.02
2753,2652,182,56.79
4627,4526,182,42.49
2653,2652,182,20.82
3029,2929,182,18.47
2743,2742,182,21.05
5533,5432,182,13.76
3141,3041,182,15.99
5433,5432,182,9.92
3133,3132,182,9.66
3142,3041,182,13.96
5862,5763,182,10.65
4668,4569,182,3.88
2957,2857,182,7.76
4527,4426,182,52.24
2856,2756,182,7.84
4326,4225,183,88.11
2734,2633,183,65.18
2651,2550,183,53.52
2642,2541,183,54.28
2826,2725,183,44.3
2926,2825,183,41.23
4627,4626,183,23.65
2448,2348,183,21.55
2448,2347,183,35.61
2447,2347,183,20.26
3925,3824,183,32.99
3825,3724,183,14.2
3727,3626,183,14.58
3033,2932,183,12.22
2943,2842,183,15.59
3034,2934,183,21.1
3726,3625,183,21.12
6257,6358,183,11.47
5535,5634,183,8.64
2643,2542,183,34.97
2552,2451,184,50.92
2827,2726,184,48.27
2735,2634,184,39.13
4928,4827,184,38.13
2942,2841,184,41.42
2838,2737,184,39.3
3161,3060,184,47.04
4828,4827,184,24.23
2926,2925,184,23.88
2928,2828,184,18.72
2755,2655,184,12.52
3327,3226,184,16.88
5533,5532,184,9.65
6354,6453,184,4.9
2543,2443,184,21.68
2543,2442,184,34.4
6248,6247,184,8.82
3041,2940,185,53.02
2742,2641,185,54.08
2652,2551,185,52.69
2553,2452,185,48.35
4426,4325,185,70.23
2837,2736,185,38.68
2444,2344,185,21.75
2444,2343,185,33.49
5230,5129,185,31.25
5230,5229,185,23.87
4928,4927,185,24.26
3030,2930,185,21.01
2942,2941,185,23.85
2346,2246,185,21.6
2346,2245,185,35.25
2346,2345,185,24.32
2642,2641,185,20.06
6357,6457,185,13.59
6357,6456,185,16.54
3143,3042,185,14.31
2445,2345,185,21.02
5738,5737,185,22.29
3627,3526,185,9.36
4526,4425,185,56.45
3060,2959,186,104.2
2541,2440,186,49.89
2725,2624,186,52.26
2550,2449,186,62.13
5029,5028,186,24.33
5563,5462,186,24.37
5941,5940,186,16.85
3126,3025,186,18.21
4225,4124,186,48.1
2835,2834,186,8.63
4727,4726,186,24.31
4125,4024,186,25.66
4626,4525,186,49.54
5945,6045,186,5.37
5945,6044,186,6.36
4325,4224,187,76.76
2940,2839,187,80.55
2451,2350,187,53.64
2841,2740,187,51.49
2726,2625,187,64.08
2633,2532,187,39.02
5432,5431,187,24.32
2742,2741,187,20.13
2827,2727,187,18.13
2842,2741,187,46.18
3924,3823,187,21.24
2654,2554,187,12.77
2828,2727,187,54.68
4024,3923,188,72.89
4124,4023,188,77.98
2941,2840,188,50.74
4425,4324,188,69.25
2551,2450,188,54
2641,2540,188,54.88
2634,2533,188,39
2737,2636,188,39.26
2542,2441,188,35.02
2541,2540,188,21.59
2725,2724,188,20.78
2348,2248,188,21.65
2348,2247,188,29.36
2929,2829,188,18.65
2553,2453,188,18.1
5839,5838,188,15.01
6349,6348,188,8.66
3766,3666,188,6.9
4626,4625,188,21.71
2839,2738,189,108.8
2350,2249,189,82.33
4525,4424,189,58.73
2736,2635,189,37.27
2442,2342,189,21.64
2442,2341,189,29.27
4827,4826,189,24.33
2727,2626,189,84.52
5532,5531,189,24.16
6357,6458,189,12.54
3527,3426,189,9.92
3427,3326,189,9.56
5862,5963,189,6.54
5534,5633,189,8.01
3866,3867,189,2.52
2840,2739,190,70.8
4224,4123,190,56.43
2625,2524,190,54.54
2740,2639,190,64.52
2532,2431,190,49.33
2741,2640,190,54.08
2959,2858,190,39.56
2440,2339,190,42.02
2246,2146,190,21.64
2246,2145,190,34.88
5230,5330,190,10.06
5230,5329,190,14.32
5737,5736,190,22.66
2448,2349,190,11.72
3131,3031,190,8.48
2345,2244,190,33.8
3363,3263,190,6.63
2245,2145,190,21.71
2245,2144,190,34
2245,2244,190,24.24
6047,6146,190,5.79
3866,3767,190,3.81
2756,2656,190,13.03
3666,3565,191,59.31
2540,2439,191,48.27
3823,3722,191,41.91
2440,2340,191,20.18
2440,2439,191,23.74
2451,2351,191,16.2
2626,2525,191,76.69
4368,4268,191,7.99
3665,3565,191,6.78
3262,3162,191,6.91
2828,2728,191,15.82
2829,2728,191,54.48
4625,4524,191,57.66
2739,2638,192,86.8
2533,2432,192,44.97
3823,3723,192,20.21
3823,3822,192,23.76
2925,2824,192,19.76
4928,5027,192,11.98
5563,5463,192,7.92
4424,4323,192,70.46
5067,5168,192,1.84
4123,4022,193,50.54
2431,2330,193,54.19
2639,2538,193,67.17
2640,2539,193,57.76
2635,2534,193,37.13
2636,2535,193,34.23
2248,2148,193,21.78
2248,2147,193,32.67
2540,2539,193,22.11
4224,4223,193,19.28
2554,2454,193,16.89
2834,2733,193,20.68
6457,6557,193,13.86
3226,3125,193,16.92
2934,2833,193,15.49
5029,5128,193,12.84
3724,3623,193,15.11
4568,4469,193,3.69
2638,2537,194,82.3
2525,2424,194,55.66
2351,2250,194,60.89
2341,2241,194,21.34
2738,2637,194,33.69
2244,2143,194,38.41
2624,2523,194,18.16
3025,2924,194,19.72
6457,6556,194,16.63
2144,2043,194,36.41
3030,2931,194,10.65
4524,4423,194,63.74
3626,3525,194,13.08
6354,6455,194,2.74
5944,6043,194,6.06
2343,2242,194,16.41
4625,4624,194,18.83
4323,4222,195,62.45
2439,2338,195,42.83
3162,3061,195,39.29
2340,2239,195,35.62
4123,4122,195,21.37
2656,2555,195,30.68
2431,2430,195,20.09
5736,5735,195,20.21
2339,2239,195,21.7
2339,2238,195,34.23
2339,2338,195,24.26
3722,3621,195,41.91
2341,2240,195,27.32
2244,2243,195,24.24
2724,2623,195,20.38
5940,5939,195,11.98
2344,2243,195,14.53
6453,6452,195,9.86
2144,2044,195,21.44
5532,5632,195,9.38
5532,5631,195,13.69
3526,3425,195,14.49
3464,3364,195,6.98
2858,2757,195,33.55
2829,2729,195,15.9
2933,2832,195,10.5
2857,2757,195,7.82
2250,2149,196,105.09
2537,2436,196,72.24
2637,2536,196,101.12
2148,2047,196,48
2733,2632,196,55.99
2538,2437,196,60.86
2147,2046,196,64.3
2539,2438,196,52.06
3822,3721,196,41.91
3723,3622,196,39.53
2439,2438,196,23.58
3722,3622,196,20.21
3722,3721,196,23.76
2453,2352,196,17.9
6247,6246,196,8.97
4827,4926,196,12.84
4423,4322,196,74.11
5738,5837,196,8.91
4968,4969,196,1.79
2729,2628,197,82.9
2330,2229,197,46.77
2534,2433,197,43.37
2535,2434,197,42.18
3822,3821,197,23.76
2728,2627,197,26.87
2431,2331,197,16
4023,3922,197,17.35
6457,6558,197,12.86
4524,4523,197,16.71
2932,2831,197,10.4
2241,2140,198,37.86
2330,2329,198,22.57
2525,2425,198,15.48
4167,4067,198,6.22
2143,2042,198,39.6
6248,6347,198,5.91
2628,2527,199,120.88
2627,2526,199,102.8
2436,2335,199,55.23
4322,4221,199,68.79
2047,1946,199,66.27
2149,2048,199,58.37
2438,2337,199,49.01
4122,4021,199,35.4
4222,4121,199,39.77
3061,2960,199,43.64
2241,2141,199,21.19
2148,2048,199,18.22
2330,2230,199,18.65
2833,2732,199,28.08
3621,3520,199,39.43
2229,2128,199,74.31
2824,2723,199,20.76
2351,2251,199,13.73
3326,3225,199,15.63
3426,3325,199,14.95
6350,6450,199,4.21
6350,6449,199,5.8
2143,2142,199,24.12
2243,2142,199,42.41
3625,3524,199,9.12
2329,2228,200,84.24
2632,2531,200,37.81
3721,3620,200,40.92
2536,2435,200,35.96
5735,5734,200,21.37
2338,2237,200,30.81
2239,2139,200,21.4
2238,2138,200,21.78
2238,2137,200,31.63
2238,2237,200,23.94
5631,5530,200,30.64
5631,5630,200,23.74
3621,3521,200,20.85
3621,3620,200,24.14
4523,4422,200,69.9
2146,2045,200,15.31
2532,2531,200,8.21
2929,2830,200,8.19
4626,4725,200,8.4
3725,3624,200,7.42
2251,2150,201,72.46
2527,2426,201,99.63
2425,2324,201,57.26
3821,3720,201,39.22
5837,5836,201,24.06
3721,3720,201,23.93
3622,3522,201,21.67
2832,2731,201,24.5
2454,2353,201,18.09
6146,6145,201,9.19
5330,5429,201,12.92
2128,2027,201,77.25
5737,5836,201,9.27
6349,6448,201,6
2048,1947,202,67.15
4221,4120,202,63.59
2331,2231,202,20.01
3821,3820,202,24.16
5632,5732,202,14.41
2924,2823,202,19.32
3125,3024,202,17.62
5330,5430,202,8.63
2959,2859,202,6.65
4422,4321,202,78.78
3767,3667,202,8.62
5943,6042,202,6.07
2150,2049,203,118.5
2732,2631,203,44.27
4121,4020,203,38.64
2142,2041,203,43.18
2434,2333,203,23.7
2230,2129,203,43.13
2436,2336,203,15.63
2437,2336,203,22.46
2149,2049,203,14.55
2623,2522,203,20.13
2523,2422,203,17.23
4022,3921,203,15.45
2524,2423,203,11.05
5863,5764,203,6.73
4321,4220,204,90.08
2027,1926,204,52.01
2426,2325,204,62.62
4021,3920,204,31.75
2335,2235,204,21.17
2335,2334,204,22.47
2433,2332,204,21.82
5632,5731,204,16.79
2228,2127,204,37.8
2656,2556,204,7.32
4523,4522,204,14.76
2043,1942,204,15.31
2631,2530,205,127.86
2731,2630,205,36.96
1947,1846,205,65.58
5734,5733,205,24.33
2237,2136,205,33.19
2237,2236,205,24.17
2139,2039,205,20.95
2337,2236,205,28.16
2335,2234,205,26.49
2230,2130,205,19.85
5631,5730,205,14.52
6556,6555,205,9.88
4268,4168,205,7.2
6044,6144,205,5.3
5863,5864,205,4.32
2858,2758,205,7.08
5941,6040,205,5.49
3667,3566,205,57.09
2044,1943,205,14.55
5942,6041,205,5.3
2027,2026,206,20.86
5836,5835,206,24.21
2139,2038,206,25.62
2723,2622,206,20.51
2046,1945,206,15.31
5939,5938,206,9.79
2430,2429,206,9.88
6452,6451,206,9.59
2127,2026,206,121.13
3565,3465,206,6.92
3162,3062,206,6.67
3263,3163,206,6.32
4826,4825,206,5.99
2424,2323,206,12.51
5229,5228,206,4.78
3525,3424,206,11.85
3425,3324,206,13.75
2630,2529,207,127.72
1926,1825,207,66.77
2325,2224,207,68.48
2129,2028,207,40.35
2333,2232,207,40.44
2041,1940,207,41.08
2231,2131,207,21.24
2027,1927,207,16.78
2049,1948,207,42.02
2329,2328,207,11.28
6246,6245,207,9.23
2729,2629,207,8.56
4469,4369,207,7.34
2042,1941,207,15.9
2026,1925,208,84.24
2556,2455,208,35.71
2129,2029,208,20.63
2333,2233,208,20.61
2041,2040,208,23.91
2324,2223,208,21.77
2049,1949,208,20.18
2831,2730,208,13.93
3520,3419,208,16.41
3622,3523,208,12.08
2757,2657,208,7.74
2554,2455,208,6.95
6454,6553,208,4.98
2629,2528,209,130.6
2224,2123,209,95.85
2328,2227,209,131.53
2235,2135,209,21.78
2235,2134,209,31.39
4120,4019,209,22.54
2353,2252,209,18.85
2426,2326,209,13.19
2251,2151,209,10.58
5837,5936,209,11.33
1948,1847,209,78.24
4422,4421,209,12.44
6044,6143,209,6.34
5730,5629,209,47.12
6247,6346,209,5.82
3225,3124,209,15.34
3325,3224,209,14.49
1925,1824,210,129.46
3062,2961,210,36.43
2227,2126,210,148.16
4220,4119,210,27.67
2138,2037,210,15.3
3521,3420,210,14.55
3620,3519,210,15.23
2137,2036,210,15.48
1946,1845,210,14.01
5837,5937,210,7.26
2130,2030,210,21.4
5429,5328,210,15.89
5730,5729,210,22.47
4624,4623,210,6.33
6454,6554,210,3.27
4625,4724,210,6.5
1824,1723,211,146.1
1847,1746,211,77.08
2326,2225,211,79.2
2455,2354,211,49.43
1941,1840,211,42.99
1940,1839,211,41.54
2151,2050,211,91.62
2234,2133,211,26.26
2422,2321,211,18.47
4020,3919,211,18.46
2522,2421,211,19.72
5732,5832,211,11.41
2045,1944,211,12.94
2823,2722,211,17.59
3364,3264,211,6.62
5128,5127,211,5.71
3024,2923,211,17.14
3866,3967,211,2.25
2961,2860,212,92.4
2131,2031,212,21.45
2232,2132,212,21.79
2028,1928,212,21.31
1927,1827,212,21.78
1927,1826,212,31.51
1940,1939,212,23.83
2529,2428,212,32.52
3820,3719,212,14.85
5732,5831,212,15.39
4321,4320,212,10.22
3720,3619,212,12.87
5734,5833,212,12.46
3524,3423,212,11.34
6348,6447,212,5.96
5068,5069,212,1.8
2029,1929,213,20.68
2225,2124,213,111.35
1949,1849,213,21.73
1949,1848,213,33.78
1941,1841,213,19.89
1825,1724,213,27.26
3920,3819,213,17.17
5430,5529,213,13.47
3522,3421,213,12.72
5734,5834,213,8.22
1723,1622,213,131.47
4926,4925,213,6.06
5735,5834,213,8.14
5729,5628,213,56.26
1942,1841,213,16.08
1846,1745,213,18.08
6453,6552,213,4.96
2860,2759,214,98.42
2528,2427,214,30.68
2134,2034,214,21.56
2134,2033,214,28.63
2135,2035,214,21.66
2135,2034,214,29.52
2455,2355,214,17.71
2622,2521,214,20.13
2123,2022,214,30.15
5836,5935,214,11.75
5936,5935,214,22.72
2126,2025,214,36.53
1848,1747,215,70.79
1839,1738,215,36.21
1840,1739,215,43.2
4623,4622,215,21.31
2124,2023,215,100.37
1943,1842,215,15.09
2030,1930,215,20.13
2025,1924,216,101.89
1939,1838,216,35.83
1826,1725,216,43.52
1827,1726,216,38.61
2428,2327,216,36.13
2133,2032,216,31.99
1839,1838,216,24.33
2223,2122,216,20.06
3419,3318,216,18.39
2038,1937,216,14.2
3324,3223,216,15.48
5764,5664,216,8.01
2423,2322,216,11.18
5729,5728,216,19.34
2323,2222,216,14.49
1929,1828,217,44.33
1939,1938,217,24.33
4320,4219,217,30.02
1827,1727,217,21.04
1840,1740,217,19.82
3424,3323,217,13.92
6043,6142,217,6.35
5629,5528,217,18.5
4869,4770,217,3.44
2327,2226,218,114.72
1924,1823,218,132
1747,1646,218,56.81
2759,2658,218,43.91
1724,1623,218,33.15
1849,1749,218,21.78
1849,1748,218,32.48
2031,1931,218,19.5
2421,2320,218,20.24
1746,1645,218,20.34
4119,4018,218,20.09
3519,3418,218,17.82
3224,3123,218,16.12
4019,3918,218,17.15
3124,3023,218,15.93
6245,6244,218,9.18
1945,1844,218,12.19
2049,1950,218,9.59
5027,5026,218,3.88
5863,5964,218,3.83
4769,4670,218,3.13
3318,3217,219,56.57
1738,1637,219,36.95
2033,1933,219,21.79
2033,1932,219,31.99
2034,1934,219,21.78
2034,1933,219,31.44
2035,1935,219,21.63
2035,1934,219,34.9
5935,5934,219,24.32
1929,1829,219,19.47
2354,2253,219,19.98
2321,2220,219,19.32
3420,3319,219,16.87
2037,1936,219,17.07
3523,3422,219,13.32
2556,2456,219,6.92
1930,1829,219,44.6
1727,1626,220,53.81
1738,1638,220,21.36
1738,1737,220,24.32
1739,1639,220,21.6
1739,1638,220,35.22
1622,1521,220,21.88
2226,2125,220,133.98
1949,1850,220,12.36
5528,5427,220,51.64
5328,5227,220,15.28
3465,3365,220,7.25
6557,6656,220,5.37
2722,2621,220,16.8
3667,3567,220,5.82
5961,6060,220,2.75
6346,6345,220,9.16
1829,1728,221,76.64
1748,1647,221,54.35
1838,1837,221,24.15
2023,1922,221,28.03
2355,2254,221,22.92
3619,3518,221,16.1
3062,2962,221,6.86
4168,4068,221,6.28
1944,1843,221,14.4
6557,6657,221,3.67
3566,3466,221,6.37
5730,5829,221,9.08
2923,2822,221,15.29
1930,1830,221,19.38
2125,2024,222,111.7
3217,3116,222,53.81
3318,3317,222,19.23
1745,1644,222,17.48
5529,5428,222,16.21
3919,3818,222,14.08
2657,2557,222,7.65
4369,4269,222,6.79
3163,3063,222,6.58
2521,2420,222,19.03
5832,5931,222,13.32
2122,2021,222,25.44
5528,5527,222,20.99
6452,6551,222,5.32
6449,6549,222,4.38
5831,5830,222,10.03
4669,4570,222,2.84
1728,1627,223,77.94
1637,1536,223,36.81
1934,1833,223,37.29
1932,1831,223,36.45
1749,1649,223,21.5
1931,1831,223,20.58
1646,1546,223,21.53
1646,1545,223,28.44
1740,1640,223,19.06
1726,1625,223,22.44
3318,3218,223,15.16
3421,3320,223,14.3
3423,3322,223,13.99
6447,6446,223,9.11
3719,3618,223,13.9
2151,2051,223,7.32
4825,4824,223,6.04
5832,5932,223,9.01
5168,5267,223,4.72
5427,5326,223,56.85
6449,6548,223,5.91
2222,2121,223,23.41
3767,3668,223,4.38
5563,5464,223,3.25
4869,4870,223,2.13
1830,1729,223,83.03
5960,6059,223,1.13
6347,6446,223,5.88
2024,1923,224,109.14
1639,1538,224,36.25
1638,1537,224,40.9
1737,1636,224,42.47
1637,1537,224,21.38
1637,1636,224,24.32
1934,1834,224,21.3
1932,1832,224,21.44
3217,3216,224,20.22
1933,1832,224,34.94
1749,1648,224,28.26
4219,4118,224,20.97
1937,1836,224,17.79
2961,2861,224,7.22
1845,1744,224,10.25
5227,5126,224,39.93
1842,1741,224,15.95
2322,2221,224,19.89
3767,3768,224,2.99
1623,1522,224,24.14
5961,6061,224,1.74
1627,1526,225,87.18
1729,1628,225,103.08
1837,1736,225,46.72
1639,1539,225,21.46
1626,1526,225,21.65
1626,1525,225,34.74
1737,1736,225,23.65
5527,5426,225,67.76
2022,1921,225,13.85
1849,1750,225,12.81
1823,1722,225,21.15
5227,5226,225,24.08
5936,6035,225,9.33
1831,1730,226,63.95
2456,2356,226,16.39
3217,3117,226,16.13
3918,3817,226,18.6
2861,2760,226,95.31
2320,2219,226,17.79
1725,1624,226,15.32
3223,3122,226,15.42
5935,6034,226,12.34
2253,2152,226,20.81
6042,6141,226,5.91
6448,6547,226,5.77
5326,5225,226,51.06
1628,1527,227,126.93
3216,3115,227,52.12
1836,1735,227,50.79
1625,1524,227,42.74
1546,1445,227,47.02
3317,3316,227,20.4
1647,1547,227,19.48
1645,1544,227,17.54
4018,3917,227,17.4
3123,3022,227,16
3323,3222,227,14.78
5728,5627,227,13.96
1536,1435,227,36.72
3264,3164,227,6.54
5936,6036,227,5.75
5427,5327,227,15.07
5940,6039,227,3.53
5931,5930,227,21.12
5563,5564,227,2.09
3817,3716,228,87.14
1526,1425,228,64.24
1736,1635,228,49.19
1832,1731,228,37.51
1537,1436,228,36.62
1522,1421,228,38.17
1834,1733,228,37.56
1538,1437,228,42.73
1833,1733,228,21.71
1833,1732,228,34
1545,1444,228,31.94
1936,1835,228,16.75
1749,1650,228,14.26
1636,1535,228,43.39
3023,2922,228,15.6
2220,2119,228,17.25
2356,2255,228,78.9
1536,1436,228,21.39
1536,1535,228,24.33
6144,6243,228,6.36
2254,2153,228,23.36
4623,4722,228,8.09
5326,5325,228,21.19
1730,1629,228,101.79
1527,1426,229,128.85
5225,5124,229,49.56
1834,1734,229,21.25
3216,3215,229,20.83
1546,1446,229,18.57
1649,1549,229,19.97
3818,3717,229,20.63
2021,1920,229,20.44
3518,3417,229,19.21
1844,1743,229,12.92
5527,5526,229,15.41
1622,1621,229,6.55
4622,4521,229,10.15
5168,5268,229,2.73
2621,2520,229,16.79
1640,1540,229,18.66
2153,2052,230,73.16
2255,2154,230,82.24
1629,1528,230,106.57
3115,3014,230,59.98
2760,2659,230,42.53
1538,1438,230,19.97
1923,1822,230,24.28
1649,1548,230,22.68
1731,1630,230,88.91
6656,6655,230,10.02
5934,5933,230,9.31
1524,1423,230,62.3
2759,2659,230,6.4
4925,4924,230,6.19
6555,6655,230,4.15
6555,6654,230,5.76
5832,5933,230,7.82
1539,1439,230,21.73
1539,1438,230,33.72
1528,1427,231,148.67
3717,3616,231,77.07
1426,1325,231,102.46
1735,1634,231,46.95
1435,1334,231,38.74
5225,5224,231,21.7
3618,3517,231,19.95
1644,1543,231,16.46
5829,5828,231,10.01
1843,1742,231,14.72
3819,3718,231,8.24
2420,2319,231,16.41
4623,4723,231,4.88
5168,5169,231,2.58
5729,5828,231,6.79
2121,2020,231,19.74
1635,1534,231,49.83
4724,4723,231,4.85
6345,6344,231,9.31
1427,1326,232,150.55
2052,1951,232,83.07
2154,2053,232,85.71
3215,3114,232,58.25
5124,5023,232,63.09
1437,1336,232,37.05
1535,1434,232,46.08
1425,1324,232,45.1
3316,3315,232,21.42
1435,1335,232,21.01
1435,1434,232,24.21
5225,5125,232,17.67
1525,1424,232,21.85
1649,1550,232,15.93
3320,3219,232,17.18
3116,3015,232,14.49
1732,1631,232,38.85
6060,6159,232,12.14
2822,2721,232,14.11
5728,5727,232,6.31
4622,4621,232,6.02
1436,1335,232,37.56
2221,2120,232,19.28
1325,1224,233,80.98
1549,1448,233,37.47
1437,1337,233,21.34
1444,1344,233,21.77
1444,1343,233,33.04
1444,1443,233,24.15
3917,3816,233,25.02
1547,1447,233,17.22
1733,1633,233,21.79
1733,1632,233,32.14
4118,4017,233,17.42
5325,5324,233,22.63
1732,1632,233,20.99
6060,6160,233,7.94
3422,3321,233,10.14
1524,1523,233,17.19
1921,1820,233,19.56
2658,2558,233,7.05
2053,1952,234,85.88
1326,1225,234,127.75
1549,1449,234,21.26
5224,5123,234,59.02
6446,6445,234,9.26
1740,1641,234,8.53
3365,3265,234,7.26
5126,5025,234,14.91
5938,6037,234,5.15
6346,6445,234,5.69
1523,1422,235,115.68
3114,3013,235,70.25
3315,3214,235,53.07
3215,3214,235,18.62
1421,1320,235,20.36
1438,1338,235,20.58
1521,1420,235,9.86
1424,1323,235,50.47
1540,1440,235,19.36
1439,1339,235,21.68
1439,1338,235,34.37
5939,6038,235,3.6
1922,1821,235,10.4
4569,4470,235,2.71
5264,5364,235,0.31
1225,1124,236,106.41
1952,1851,236,102.9
1224,1123,236,58.27
3816,3715,236,68.54
5324,5223,236,54.19
1334,1234,236,21.77
1334,1233,236,33.08
1334,1333,236,24.15
1534,1433,236,32.32
1534,1533,236,24.05
1423,1322,236,26.79
4521,4420,236,23.07
3022,2921,236,15.94
3117,3016,236,14.94
3122,3021,236,15.08
2219,2118,236,15.41
1744,1643,236,12.56
3466,3366,236,6.86
2962,2862,236,6.97
3668,3568,236,7.77
6449,6550,236,3.91
1634,1533,236,31.33
1632,1531,237,38.85
1344,1243,237,39.54
1335,1235,237,21.64
3315,3314,237,20.49
5828,5827,237,17.92
3014,2913,237,22.04
1630,1529,237,21.16
5124,5024,237,13.05
1920,1819,237,17.95
3716,3615,237,16
6547,6546,237,9.44
1324,1223,237,34.13
2557,2457,237,6.9
4269,4169,237,6.69
1521,1520,237,5.99
1336,1236,237,21.73
1336,1235,237,30.33
2119,2018,237,16.37
6447,6546,237,5.73
2356,2256,237,9.25
6553,6652,237,5.02
3063,2963,237,6.89
1323,1222,237,91.15
1822,1721,237,20.55
2558,2457,237,41.93
2862,2761,238,84.25
3214,3113,238,67.1
1632,1532,238,20.99
1344,1244,238,20.83
1448,1347,238,31.39
5324,5323,238,20.09
1343,1242,238,31.02
1343,1342,238,23.82
3718,3617,238,21.08
1446,1345,238,16.34
2922,2821,238,14.44
5930,5929,238,9.97
3567,3467,238,5.69
6557,6658,238,3.19
1633,1532,238,30.21
2256,2155,239,92.53
3715,3614,239,47.3
4017,3916,239,24.71
1631,1530,239,21.91
3517,3416,239,19.02
3222,3121,239,12.08
2520,2419,239,14.58
4924,4823,239,17.64
1338,1237,239,36.71
6553,6653,239,3.31
3113,3012,240,81.15
3314,3213,240,61.25
3615,3514,240,47.22
3816,3815,240,15.17
2913,2812,240,58.68
3219,3118,240,19.38
5526,5425,240,13.6
5827,5726,240,49.95
4068,3968,240,5.3
6142,6242,240,4.47
1339,1239,240,21.68
1339,1238,240,34.37
1338,1238,240,21.39
1123,1022,240,46.77
5931,6030,240,7.94
2020,1919,240,17.67
3314,3313,241,47.88
1243,1142,241,28.41
1233,1133,241,14.92
1233,1232,241,32.72
1533,1432,241,24.63
1234,1134,241,13.98
1234,1133,241,27.97
3715,3714,241,43.57
1333,1232,241,28.26
1333,1332,241,36.45
2913,2912,241,48.72
1543,1442,241,5.02
5023,4922,241,3.15
5827,5826,241,47.07
6060,6161,241,7.8
2456,2357,241,5.16
6142,6241,241,7.5
1123,1122,241,44.9
1440,1340,241,10.9
1223,1122,241,28.37
1640,1541,241,5.71
3213,3212,242,51.38
3614,3613,242,41.4
3113,3112,242,52.18
1233,1132,242,27.24
1820,1719,242,2.75
2120,2019,242,3.91
3616,3515,242,7.99
1446,1346,242,4.95
1743,1642,242,6.97
1236,1135,242,27.8
3222,3221,242,8.04
5627,5626,242,14.92
6344,6343,242,12.98
4621,4520,242,3.34
6244,6343,242,7.61
2319,2218,242,7.2
5425,5424,243,44.83
2812,2811,243,42.31
5726,5725,243,41.17
1449,1348,243,12.53
3015,2914,243,8.06
1549,1450,243,7.37
1621,1620,243,10.85
5526,5525,243,13.89
1236,1136,243,14.25
3316,3415,243,14.86
5325,5424,243,13.86
1123,1023,243,9.37
5931,6031,243,5.66
3767,3868,243,2.6
3313,3312,244,49.7
1122,1121,244,34.76
3614,3513,244,28.36
5826,5825,244,43.12
2155,2054,244,15.17
5929,5928,244,20.77
1243,1143,244,11.28
4017,4016,244,17.69
3714,3713,244,42.64
2760,2660,244,3.14
2721,2620,244,6.61
5934,6033,244,7.49
1142,1141,244,36.73
6549,6649,244,5.47
3112,3111,244,51.54
6445,6444,244,13.17
6345,6444,244,7.61
1132,1131,245,37.69
1222,1221,245,18.17
5626,5625,245,48.76
5726,5625,245,28.39
3613,3612,245,39.96
2520,2519,245,11.64
6549,6648,245,7.5
4722,4721,245,11.24
4016,4015,246,52.14
5525,5524,246,48.56
5725,5724,246,41.4
5424,5423,246,46.1
1134,1033,246,28.33
2812,2711,246,28.2
3916,3915,246,16.41
1531,1430,246,9.6
3315,3414,246,14.18
4118,4117,246,11.11
2721,2720,246,11.64
1238,1137,246,28.12
6546,6545,246,13.1
1237,1137,246,15.2
2319,2318,246,11.56
6141,6140,246,7.66
1142,1041,246,28.3
3012,3011,246,17.89
3111,3110,247,49.36
6033,6032,247,46.78
5825,5824,247,43.73
1121,1120,247,49.5
3513,3512,247,35.78
5928,5927,247,46.81
1132,1031,247,28.43
1122,1021,247,27.89
1135,1034,247,28.41
1133,1032,247,27.84
3613,3512,247,28.49
1543,1542,247,11.49
1141,1140,247,33.42
6656,6755,247,7.27
4219,4218,247,9.55
6548,6647,247,7.64
3212,3211,247,21.99
6140,6139,248,52
5625,5624,248,45.85
5725,5624,248,28.36
1342,1341,248,11.51
1520,1519,248,11.65
1242,1241,248,11.52
2921,2920,248,11.63
3021,3020,248,11.64
3715,3814,248,14.61
3321,3220,248,5.92
2913,2813,248,7.32
2821,2820,248,11.27
5023,5022,248,10.41
4924,4923,248,10.49
2118,2117,248,11.55
6657,6756,248,7.37
4621,4620,248,10.59
1238,1138,248,13.71
1136,1035,248,28.5
1540,1441,248,6.14
5764,5665,248,2.51
1031,1030,249,51.21
3211,3210,249,50.92
5524,5523,249,43.23
2711,2710,249,47.25
1143,1042,249,28.33
1919,1918,249,11.3
3121,3120,249,11.2
1819,1818,249,11.05
3517,3516,249,10.06
6547,6646,249,7.61
5423,5422,249,49.18
4320,4319,249,8.2
1142,1042,249,13.28
3312,3311,249,21.52
2018,2017,249,11.13
5824,5823,250,38.61
5927,5926,250,36.63
5724,5723,250,31.38
1430,1429,250,33.02
1221,1220,250,20.46
3111,3010,250,24.33
3713,3712,250,16.72
1121,1020,250,24.17
3513,3412,250,28.13
3512,3511,250,36.94
2812,2712,250,10.67
2812,2911,250,15.33
1340,1240,250,12.34
1529,1428,250,9.04
1420,1419,250,7.26
2053,1953,250,3.77
5268,5367,250,9.38
3117,3017,250,2.87
5827,5926,250,12.4
4823,4822,250,10.79
1141,1040,250,27.49
5123,5122,250,9.92
5223,5222,250,9.45
4869,4970,250,2.09
3210,3209,251,52.13
5022,5021,251,43.78
1132,1231,251,17.56
5826,5925,251,14.87
1721,1720,251,9.03
3314,3413,251,11.82
1140,1139,251,33.3
3016,2915,251,7.9
1320,1319,251,9.22
1449,1349,251,4.67
1344,1245,251,6.64
3714,3813,251,15.15
1137,1036,251,28.43
2659,2559,251,3.31
5323,5322,251,9.35
5764,5765,251,1.99
2710,2709,252,48.25
3311,3310,252,48
1030,1029,252,40.36
5624,5623,252,31.23
5724,5623,252,26.71
1033,932,252,28.08
2711,2610,252,26.1
1034,933,252,28.35
3512,3411,252,28.33
1719,1718,252,10.14
4922,4921,252,9.33
6030,6029,252,8.91
6652,6651,252,7.11
4420,4419,252,8.26
3612,3611,252,15.62
6655,6754,252,7.63
2419,2418,252,8.46
6344,6443,252,7.58
6657,6757,252,3.96
2218,2217,252,10.23
5422,5421,252,36.45
3712,3711,253,41.69
1040,1039,253,34.32
5122,5121,253,38.17
5367,5366,253,48.06
3010,3009,253,45.71
3110,3109,253,17.07
1032,931,253,27.72
1131,1130,253,13.21
2620,2619,253,11.48
1620,1619,253,10.35
3511,3510,253,38.81
1140,1039,253,27.45
1320,1219,253,2.24
6654,6753,253,7.29
5267,5366,253,6.52
5168,5269,253,2.51
1035,934,253,28.51
6029,6028,254,51.24
3813,3812,254,44.79
5222,5221,254,31.08
5723,5722,254,33.17
1042,941,254,28.29
5925,5924,254,43.64
1031,930,254,21.82
5825,5924,254,14.52
1143,1043,254,11.01
2811,2810,254,10
6241,6240,254,7.99
6545,6544,254,13.84
4015,4014,254,13.69
1137,1037,254,12.81
4520,4519,254,8.75
3109,3108,255,51.08
3009,3008,255,52.03
3611,3610,255,36.25
2610,2609,255,44.79
5623,5622,255,44.23
2709,2708,255,44.9
3310,3309,255,48.25
5322,5321,255,27.67
2710,2609,255,25.34
5927,6026,255,17.98
1348,1247,255,12.53
1432,1431,255,7.15
5823,5822,255,24.59
3511,3410,255,28.5
4721,4720,255,10.25
3411,3410,255,45.07
4469,4370,255,1.76
5422,5321,255,28.26
5421,5420,255,42.99
6240,6239,256,50.26
5121,5120,256,44.32
3209,3208,256,22.51
1040,939,256,27.76
2712,2611,256,27.15
5824,5923,256,17.17
6033,6132,256,12.59
5928,6027,256,12.58
3510,3509,256,39.89
1332,1331,256,7.06
2720,2719,256,10.74
6550,6650,256,5.38
6549,6650,256,4.47
3108,3107,257,52.18
3309,3308,257,52.05
3812,3811,257,48.7
5221,5220,257,41.28
1130,1129,257,33.05
932,831,257,28.36
1040,940,257,14.3
1042,942,257,13.31
3915,3914,257,9.96
4218,4217,257,10.68
3020,3019,257,11.64
6159,6259,257,4.6
6546,6645,257,7.58
5422,5521,257,18.04
1035,935,257,12.11
2558,2458,257,3.38
6239,6238,258,52.07
3610,3609,258,37.45
5321,5320,258,39.86
2609,2608,258,40.38
2708,2707,258,41.2
3410,3409,258,43.98
6026,6025,258,43.77
5366,5365,258,20.08
931,830,258,28.36
2610,2509,258,27.43
5623,5522,258,27.65
2709,2608,258,27.39
1231,1230,258,15.02
1918,1917,258,11.15
1818,1817,258,11.57
1519,1518,258,10.7
4117,4116,258,8.56
2920,2919,258,10.56
2519,2518,258,7.92
3120,3119,258,11.23
6343,6342,258,6.61
3510,3409,258,28.5
5823,5922,258,19.54
1243,1144,258,6.52
2862,2762,258,3.83
5268,5368,258,3.94
5822,5821,258,47.92
934,833,258,28.49
1023,922,258,9.68
5421,5320,258,28.04
5961,6062,258,1.79
2017,2016,258,11.66
3208,3207,259,44.69
5121,5020,259,27.62
1419,1418,259,11.58
1953,1852,259,16.16
2820,2819,259,9.82
6653,6752,259,7.51
2914,2814,259,6.47
1650,1551,259,4.08
1650,1651,259,3.21
939,938,259,34.57
4620,4619,259,9.38
3107,3106,260,49.2
3308,3307,260,43.32
2609,2508,260,28.47
2708,2607,260,28.39
930,929,260,17.57
3711,3710,260,16.44
1219,1218,260,16.15
3611,3710,260,18.11
1120,1119,260,8.03
4319,4318,260,9.18
1422,1321,260,0.64
4116,4115,260,52.14
3409,3408,260,51.36
2318,2317,260,7.48
4014,4013,260,19.7
5069,5070,260,1.97
5922,5921,261,41.17
6025,6024,261,41.26
3207,3206,261,50.61
932,832,261,11.12
1718,1717,261,11.47
6544,6543,261,14.42
2712,2612,261,9.1
5925,6024,261,14.57
6139,6138,261,8.23
3011,2910,261,9.46
1430,1329,261,9.95
3509,3508,261,22.95
2963,2863,261,3.66
5822,5721,261,25.61
1247,1246,261,17.78
1123,1024,261,5.21
4822,4821,261,9.38
2117,2116,261,8.06
938,937,262,39.42
5821,5820,262,32.48
1230,1229,262,33.12
5320,5319,262,32.17
942,841,262,28.47
3811,3810,262,22.64
2611,2510,262,26.98
1331,1330,262,19.71
3009,2908,262,16.76
3813,3912,262,13.88
1039,1038,262,12.22
1020,1019,262,8.42
2710,2809,262,11.55
2813,2713,262,7.27
6033,6133,262,5.62
3366,3266,262,3.36
934,834,262,11.72
939,838,262,27.84
5421,5520,262,14.95
935,834,262,28.51
3609,3608,263,22.15
3107,3006,263,24.49
3106,3105,263,49.41
3108,3007,263,18.71
2709,2808,263,13.82
4921,4920,263,9.12
1319,1318,263,8.92
5367,5466,263,11.69
3206,3205,263,50.52
1349,1248,263,12.81
3307,3306,263,43.98
6649,6748,263,7.61
5924,6023,263,17.19
3408,3407,263,45.26
940,839,263,27.3
2418,2417,263,9.94
2910,2909,264,41.65
929,928,264,30.55
938,837,264,28.51
2608,2507,264,27.9
5320,5219,264,27.03
3610,3709,264,17.66
2708,2807,264,15.92
4519,4518,264,10.01
1043,943,264,10.82
6028,6127,264,15.48
1619,1618,264,9.77
3508,3507,264,46.5
3010,2909,264,10.37
2217,2216,264,8.42
6649,6749,264,5.09
6037,6136,264,5.18
940,840,264,14.86
2357,2257,264,4.36
4419,4418,264,9.07
6648,6747,264,7.6
3306,3305,265,52.02
5820,5819,265,36.65
5921,5920,265,25.06
4013,4012,265,20.16
2707,2706,265,16.66
6027,6126,265,16.59
5622,5621,265,10.18
6026,6125,265,14.5
6545,6644,265,7.51
5721,5720,265,29.71
5420,5419,265,10.77
3709,3708,266,51.38
3608,3607,266,47.7
3407,3406,266,42.61
3810,3809,266,26.84
3106,3005,266,24.27
942,842,266,11.6
830,829,266,13.19
2619,2618,266,7.78
3105,3104,266,49.49
1021,920,266,7.81
2519,2618,266,6.92
4720,4719,266,9.16
2256,2156,266,3.09
1225,1125,266,2.55
4014,3913,266,12.62
6647,6746,266,7.55
2762,2661,266,17.75
935,835,266,12.07
837,836,267,39.42
838,737,267,28.5
1229,1228,267,23.3
4115,4114,267,14.39
1218,1217,267,15.63
2919,2918,267,11.51
1817,1816,267,11.45
5922,6021,267,15.94
6025,6124,267,15.89
1917,1916,267,11.14
3019,3018,267,10.85
2719,2718,267,9.8
3812,3911,267,11.2
3507,3506,267,42.62
6443,6442,267,6.76
1143,1044,267,6.33
6756,6855,267,7.62
6132,6131,267,9.21
832,731,267,28
6755,6854,267,7.38
1247,1146,267,12.32
1037,936,267,11.25
5920,5919,268,37.12
2819,2818,268,11.44
1518,1517,268,10.29
6062,6162,268,10.91
2611,2511,268,8.92
6028,6128,268,7.47
6029,6128,268,8.89
2510,2409,268,27.53
3017,2916,268,8.06
1429,1328,268,7.91
6756,6856,268,5.05
2155,2055,268,3.39
3406,3405,268,50.98
4169,4069,268,2.97
3016,2916,268,2.91
5466,5465,268,20.35
2518,2517,268,10.74
3607,3606,269,44
3708,3707,269,33.72
5819,5818,269,31.33
837,736,269,28.51
2807,2806,269,22.73
839,738,269,28.02
6024,6123,269,18.77
3506,3505,269,50.61
6752,6751,269,10.69
1418,1417,269,10.82
6238,6237,269,9.76
6240,6339,269,9.9
3105,3004,269,24.19
832,732,269,13.92
5720,5719,269,27.29
4217,4216,269,8.56
2706,2705,269,29.8
3809,3808,270,31.73
840,739,270,26.93
1717,1716,270,11.66
1119,1118,270,10.59
5020,5019,270,9.37
2317,2316,270,10.64
829,828,270,31.14
5120,5119,270,7.69
1219,1118,270,8.7
3405,3404,270,51.93
5367,5467,270,5.12
3768,3769,270,2.2
2457,2358,270,4.21
3606,3605,271,50.62
3505,3504,271,51.93
5919,5918,271,38.49
1328,1327,271,44.47
840,740,271,15.22
3205,3204,271,12.86
2607,2606,271,9.96
5922,6022,271,7.81
2116,2115,271,11.04
4619,4618,271,9.06
4318,4317,271,9.52
1650,1751,271,3.42
3768,3669,271,2.81
2016,2015,271,8.13
3707,3706,272,45.39
737,636,272,28.43
3305,3304,272,14.44
842,741,272,24.07
2417,2416,272,11.31
5319,5318,272,10.59
6062,6063,272,7.68
835,734,272,27.61
6754,6853,272,7.41
6342,6341,272,7.52
4821,4820,272,9.32
2054,1954,272,3.62
3568,3468,272,2.45
3605,3604,273,51.38
3808,3807,273,35.7
2705,2704,273,30.36
4114,4113,273,19.96
4012,4011,273,12.8
6125,6224,273,18.2
4518,4517,273,11.65
5219,5218,273,11.18
3007,2906,273,14.65
4920,4919,273,10.09
6543,6542,273,8.8
835,735,273,14.51
2216,2215,273,11.55
2510,2410,273,9.55
2806,2805,273,31.36
3467,3367,273,2.69
5721,5620,273,12.49
1326,1226,273,1.97
3706,3705,274,51.05
5818,5817,274,21.31
1228,1227,274,15.11
6021,6020,274,15.9
1618,1617,274,10.64
2507,2506,274,10.61
3266,3165,274,12.71
6138,6137,274,8.15
6544,6643,274,7.45
6161,6260,274,4.41
3104,3103,274,13.26
6657,6758,274,2.86
5764,5865,274,2.12
5918,5917,275,27.64
4216,4215,275,17.67
738,637,275,27.84
737,637,275,12.84
6126,6225,275,14.37
1318,1317,275,8.81
2908,2907,275,8.08
1019,1018,275,8.19
6239,6338,275,7.55
6650,6750,275,5.41
1248,1147,275,12.26
5520,5519,275,8.18
6746,6745,275,11.61
2660,2560,275,3.25
2618,2617,275,11.36
739,638,276,25.23
6123,6122,276,14.87
3911,3910,276,12.21
6162,6261,276,18.34
5419,5418,276,9.47
4418,4417,276,9.07
731,730,276,11.62
3004,3003,276,15.54
3807,3806,276,33.37
2814,2714,276,6.14
6062,6163,276,8.08
6259,6359,276,5.56
830,729,276,8.14
5620,5619,276,41.78
1816,1815,276,11.64
2718,2717,276,11.61
2606,2605,276,23.82
6020,6019,277,35.83
6643,6642,277,37.4
2805,2804,277,26.43
740,639,277,28.26
739,639,277,16.34
2517,2516,277,11.64
2918,2917,277,10.24
1146,1145,277,10.36
5819,5718,277,12.32
928,927,277,8.15
6136,6135,277,8.12
943,843,277,8.08
2713,2613,277,6.85
1229,1128,277,9.55
1218,1117,277,8.61
2906,2905,277,27.06
1043,944,277,6.19
6757,6857,277,4.08
2509,2408,277,7.48
2016,1915,277,7.77
1916,1915,277,11.07
834,733,277,10
2704,2703,278,21.17
4113,4112,278,20.5
4011,4010,278,20.79
1517,1516,278,11.1
2818,2817,278,10.9
6162,6262,278,10.06
6127,6226,278,10.59
6752,6851,278,7.61
5519,5518,278,48.94
6240,6340,278,4.19
4719,4718,278,8.9
1953,1853,278,3.68
1349,1249,278,3.8
3163,3064,278,1.63
3604,3603,278,21.86
5817,5816,278,30.88
6224,6223,279,19.08
740,640,279,13.4
1417,1416,279,10.91
6128,6227,279,13.65
1217,1216,279,8.63
920,919,279,7.98
2316,2315,279,11.65
1716,1715,279,11.65
6745,6744,279,33.17
6752,6852,279,5.11
735,634,279,26.61
3204,3203,279,13.2
3404,3403,279,12.33
3504,3503,279,13.7
5169,5170,279,2.09
4870,4871,279,1.76
4112,4111,280,51.31
6019,6018,280,39.23
2605,2604,280,31.03
729,728,280,31.12
637,536,280,28.37
6237,6236,280,9.59
6131,6130,280,8.32
735,635,280,15.48
6029,6129,280,3.7
1029,1028,280,3.6
2511,2411,280,8.78
2115,2114,280,11.62
2015,2014,280,11.19
3806,3805,280,27.45
5619,5618,280,32.68
4870,4771,280,2.25
2506,2505,280,18.43
5917,5916,280,20.47
5518,5517,281,48.34
3603,3602,281,45.29
5816,5815,281,39.22
3103,3102,281,15.53
2416,2415,281,11.51
5818,5717,281,12.76
6442,6441,281,7.22
842,742,281,6.8
5718,5717,281,31.46
6033,6134,281,3.86
6758,6858,281,15.05
4618,4617,281,10.1
4770,4671,281,1.94
3705,3704,281,14.65
4111,4110,282,52.15
638,537,282,27.75
6122,6121,282,18.74
4215,4214,282,14.69
5019,5018,282,8.76
6260,6360,282,12.51
3004,2903,282,11.76
6748,6847,282,7.58
2215,2214,282,11.46
1021,921,282,2.94
3005,2904,282,8.86
2905,2904,282,22.07
4369,4270,282,1.61
2762,2662,282,4.17
5517,5516,283,52.02
3805,3804,283,49.15
5618,5617,283,40.97
6223,6222,283,28.77
639,538,283,26.38
733,632,283,27.79
3910,3909,283,14.63
3003,3002,283,14.87
638,538,283,14.32
1617,1616,283,11.62
6643,6742,283,17.68
5218,5217,283,10.48
4919,4918,283,10.01
5318,5317,283,9.29
6744,6743,283,32.75
3304,3303,283,9.86
4317,4316,283,8.34
6749,6848,283,7.64
6745,6844,283,19.06
4820,4819,283,9.93
6758,6759,283,12.37
6747,6846,283,7.56
5815,5814,284,34.17
2604,2603,284,25.51
6018,6017,284,32.26
536,535,284,29.78
5916,5915,284,27.67
2505,2504,284,29.44
3603,3502,284,27.21
639,539,284,15.66
2617,2616,284,11.33
2613,2512,284,22.73
5119,5118,284,7.53
1228,1127,284,8.52
5269,5369,284,3.31
5268,5369,284,2.66
2559,2459,284,3.05
4010,4009,285,14.53
733,633,285,14.26
4517,4516,285,8.73
6128,6228,285,6.25
6749,6849,285,4.83
6745,6845,285,11.06
828,827,285,6.92
6758,6659,285,13.83
1449,1350,285,2.66
2914,2815,285,3.45
1023,923,285,2.41
5466,5565,285,6.51
3668,3569,285,1.99
632,631,286,38.66
3804,3803,286,42.22
6121,6120,286,32.3
5717,5716,286,23.76
3102,3101,286,22.32
536,435,286,25.97
2703,2702,286,13.04
2408,2407,286,11.22
1815,1814,286,11.01
1317,1316,286,9.68
6855,6954,286,7.48
6338,6337,286,9.28
6758,6859,286,12.75
1915,1914,286,11.15
2717,2716,286,10.61
5817,5716,286,12.37
6222,6221,287,29.4
537,436,287,28.49
536,436,287,15.93
1516,1515,287,11.64
6226,6325,287,15.93
6262,6361,287,17.68
6844,6843,287,27.24
2516,2515,287,11.04
1147,1046,287,12.51
6744,6843,287,19.15
2409,2308,287,7.45
6856,6955,287,7.53
3203,3202,287,13.7
5814,5813,288,28.63
2504,2503,288,28.82
5915,5914,288,28.61
632,531,288,28.49
3002,3001,288,24.74
4110,4109,288,18.1
1416,1415,288,11.34
1018,1017,288,8.15
6751,6850,288,7.51
6162,6263,288,7.33
5418,5417,288,8.68
1551,1451,288,3.56
3768,3869,288,2.35
6120,6119,289,37.29
3803,3802,289,42.88
538,437,289,26.36
3909,3908,289,17.44
3804,3703,289,28.22
3704,3703,289,12.57
1028,1027,289,11.94
1216,1215,289,10.72
3603,3702,289,13.57
6262,6362,289,9.33
2804,2803,289,8.71
4417,4416,289,8.2
3003,2902,289,11.55
2315,2314,289,11.09
6542,6541,289,6.64
2817,2816,289,9.8
6063,6064,289,6.05
740,641,289,8.18
2114,2113,289,11.44
4114,4213,289,6.58
2014,2013,289,11.62
1715,1714,289,10.83
5716,5715,290,25.85
631,630,290,32.19
2603,2602,290,17.99
538,438,290,15.67
3602,3601,290,11.56
5517,5416,290,16.74
539,438,290,27.63
1249,1148,290,12.58
1117,1116,290,8.33
927,926,290,7.96
4718,4717,290,9.04
2863,2763,290,3.47
6847,6947,290,12.8
6847,6946,290,19.72
2506,2405,290,9.03
4670,4571,290,1.76
6017,6016,290,18.59
6221,6220,291,29.03
6843,6842,291,28.64
1350,1250,291,16.89
2702,2701,291,23.52
6743,6842,291,19.25
2415,2414,291,10.41
6226,6326,291,7.8
6340,6439,291,11.52
640,540,291,8.47
639,540,291,10.49
6844,6944,291,13.47
6844,6943,291,19.76
729,628,291,9.94
4009,4008,291,17.95
2055,1955,291,4.43
3266,3166,291,3.53
5317,5316,291,13.08
5367,5468,291,3.5
633,532,291,27.91
6119,6118,292,37.6
3802,3801,292,45.62
5914,5913,292,25.23
6325,6324,292,23.35
631,530,292,27.04
1616,1615,292,11.63
6541,6540,292,40.95
5018,5017,292,11.03
4617,4616,292,9.39
919,918,292,8.14
1853,1752,292,10.27
5813,5812,292,26.13
2214,2213,292,10.59
6742,6741,292,11.64
6359,6459,292,6.4
6856,6956,292,4.27
2410,2309,292,7.61
3403,3402,292,7.94
3303,3302,292,11.33
5715,5714,293,34.08
2902,2901,293,25.45
436,335,293,27.85
6845,6945,293,13.32
5118,5117,293,11.35
5217,5216,293,10.61
3804,3903,293,15.38
5815,5714,293,11.97
6642,6641,293,6.47
3502,3501,293,11.65
3202,3201,293,18.45
633,533,293,14.07
4109,4108,293,24.6
5467,5566,293,6.31
2405,2404,294,25.61
535,534,294,10.08
2616,2615,294,10.28
5516,5515,294,9.41
6541,6440,294,28.42
4918,4917,294,9.98
3805,3904,294,10.85
6659,6559,294,11.78
2613,2513,294,6.12
1954,1854,294,4.73
4819,4818,294,9.72
2714,2614,294,5.81
2662,2561,294,12.7
6324,6323,295,34.07
6943,6942,295,30.93
6842,6841,295,29.05
438,337,295,28.31
437,336,295,27.3
3802,3701,295,27.05
436,336,295,14.18
6843,6942,295,19.73
1914,1913,295,11.44
2716,2715,295,12.5
1350,1351,295,10.82
4112,4211,295,8.8
539,439,295,9.68
3908,3907,295,18.42
4113,4212,295,6.48
730,629,295,7.52
6063,6164,295,6.4
1814,1813,295,11.34
4008,4007,295,30.36
3063,2964,295,1.78
3903,3902,296,49.06
926,925,296,18.05
2602,2601,296,18.52
1027,1026,296,14.3
1515,1514,296,11.59
2407,2406,296,10.25
1316,1315,296,10.96
3803,3902,296,15.01
5814,5713,296,12.58
2603,2502,296,12.36
4316,4315,296,8.3
5617,5616,296,8.15
2903,2802,296,10.35
5717,5616,296,9.59
6118,6117,296,31.45
2408,2307,296,7.66
6016,6015,296,17.69
6851,6951,296,5.72
2156,2056,296,3.45
5812,5811,296,25.92
1651,1652,296,2.71
5765,5766,296,2.26
1715,1614,296,8.47
5169,5270,296,2.23
4211,4210,297,51.49
335,334,297,31.7
4108,4107,297,30.59
1250,1149,297,25.21
1415,1414,297,11.51
1350,1251,297,12.48
1127,1126,297,8.08
6337,6336,297,9.83
1147,1047,297,4.69
5913,5912,297,24.25
943,844,297,4.41
2358,2258,297,3.77
6847,6948,297,9.92
2404,2403,298,29.38
5416,5415,298,12.84
438,338,298,13.26
1250,1150,298,16.35
1215,1214,298,11.49
2515,2514,298,9.78
1046,1045,298,9.88
6541,6640,298,16.05
6852,6952,298,5.44
843,743,298,4.86
4516,4515,298,8.26
6947,7047,298,13.38
6947,7046,298,19.76
2013,2012,298,11.18
6851,6950,298,7.36
2511,2412,298,4.84
6946,7046,298,13.3
6946,7045,298,19.76
3902,3901,299,49.93
4007,4006,299,28.56
6841,6840,299,30.45
335,234,299,26.85
6943,7042,299,19.5
6842,6941,299,19.71
6263,6363,299,9.31
435,434,299,8.11
6944,7044,299,12.68
6944,7043,299,19.7
1714,1713,299,10.83
2113,2112,299,10.17
2411,2310,299,7.82
6857,6957,299,4.63
927,826,299,6.51
533,432,299,27.97
2257,2157,299,2.89
6854,6953,299,4.47
3907,3906,299,25.12
3302,3301,299,15.31
4107,4106,300,38.29
5811,5810,300,27.19
925,924,300,27.88
534,433,300,25.52
335,235,300,15.29
3402,3401,300,13.3
5316,5315,300,12.43
1116,1115,300,10.77
1017,1016,300,8.56
6858,6958,300,5.54
5813,5712,300,12.76
2314,2313,300,10
1651,1552,300,3.46
4106,4105,301,102.24
5912,5911,301,40.47
334,333,301,29.88
2802,2801,301,16.85
337,236,301,24.41
6841,6740,301,24.14
5017,5016,301,16.77
6220,6219,301,22.84
2902,2801,301,10.46
4416,4415,301,23.73
5716,5615,301,7.19
6741,6740,301,15.67
4717,4716,301,20.22
2414,2413,301,19.57
6128,6229,301,6.54
6015,6014,301,28.9
6117,6116,301,36.62
4870,4971,301,1.38
4006,4005,302,42.25
2403,2402,302,39.53
4315,4314,302,31.1
5117,5116,302,16.7
918,917,302,19.27
4616,4615,302,21.42
2602,2501,302,8.48
2213,2212,302,19.08
6840,6839,302,45.63
728,727,302,14.71
6236,6235,302,14.45
6227,6327,302,7.87
6226,6327,302,10.9
5216,5215,302,20.4
5765,5666,302,1.82
2307,2306,302,25.89
4105,4104,303,84.58
6219,6218,303,71.4
234,233,303,24.98
334,233,303,24.06
6323,6322,303,24.33
1913,1912,303,16.5
1813,1812,303,15.92
337,237,303,10.38
5515,5514,303,20.07
6841,6940,303,18.41
4917,4916,303,17.92
3166,3065,303,9.16
6439,6438,303,9.95
6336,6335,303,25.8
5715,5614,303,8.31
4818,4817,303,18.06
4515,4514,303,32.97
3805,3905,303,3.24
5712,5711,303,36.42
3165,3065,303,2.61
4210,4209,303,23.28
5810,5809,303,41.7
6759,6760,303,2.98
3806,3905,303,5.6
5911,5910,304,40.67
1150,1049,304,24.74
6950,6949,304,21.03
2112,2111,304,26.43
6740,6739,304,45.25
530,529,304,9.24
4415,4414,304,34.14
1250,1151,304,9.84
2313,2312,304,26.56
5614,5613,305,69.03
5514,5513,305,74.35
6322,6321,305,54.89
4005,4004,305,38.38
6014,6013,305,30.67
6116,6115,305,28.67
5415,5414,305,19.77
1315,1314,305,12.97
6540,6539,305,8.61
628,627,305,14.71
826,825,305,21.01
2012,2011,305,18.59
1514,1513,305,13.9
4716,4715,305,30.06
6839,6838,305,46.42
6218,6217,305,51.75
1614,1613,305,14.69
4570,4471,305,1.18
4269,4170,305,1.17
4104,4103,306,36.8
6235,6234,306,25.63
5315,5314,306,19.19
235,135,306,16.99
1713,1712,306,15.45
234,134,306,16.32
234,133,306,22.11
1150,1050,306,14.07
3904,4003,306,11.91
2212,2211,306,26.68
1414,1413,306,12.68
433,332,306,24.17
5910,5909,306,67.72
6659,6660,306,3.06
2306,2305,306,25.96
5467,5567,306,2.35
5513,5512,307,54.77
4209,4208,307,26.17
6438,6437,307,29.07
4314,4313,307,23.84
2402,2401,307,22.84
5016,5015,307,16.92
1214,1213,307,11.5
6948,7048,307,8.55
1026,1025,307,13.75
6740,6639,307,23.95
3903,4002,307,10.23
1049,1048,307,38.73
2405,2304,307,7.15
6263,6264,307,3.44
6840,6939,307,18.01
6739,6738,307,48.22
6947,7048,307,5.66
2308,2207,307,7.03
432,431,307,14.62
6217,6216,308,37.01
5613,5612,308,42.45
529,528,308,33.15
5215,5214,308,18.17
1016,1015,308,14.24
6958,7057,308,20.11
2312,2311,308,26.44
2111,2110,308,26.65
6360,6460,308,3.02
5116,5115,308,17.08
827,726,308,6.51
5711,5710,308,20.55
4615,4614,308,19.71
5909,5908,308,55.71
2304,2303,309,56.73
4002,4001,309,73.35
4103,4102,309,36.64
5414,5413,309,25.14
6013,6012,309,32.14
6115,6114,309,27.15
5809,5808,309,19.52
1812,1811,309,16.81
4916,4915,309,17.54
1912,1911,309,17.72
917,916,309,15.61
825,824,309,25.98
4514,4513,309,18.51
4817,4816,309,19.36
2561,2460,309,8.03
133,132,309,38.19
3367,3267,309,2.55
6738,6737,309,50.1
2458,2359,309,1.84
4208,4207,310,37.42
6321,6320,310,22.35
4414,4413,310,18.89
2211,2210,310,25.64
6838,6837,310,24.52
5512,5511,310,34.99
236,136,310,12.39
235,136,310,14.86
1115,1114,310,10.71
6958,7058,310,10.17
1047,946,310,10.52
6335,6334,310,14.38
6228,6328,310,5.53
3669,3670,310,1.71
4069,3969,310,1.85
742,642,310,2.78
6839,6938,310,17.72
5808,5807,311,60.76
5413,5412,311,72.46
2303,2302,311,50.33
5710,5709,311,44.97
6234,6233,311,21.3
5314,5313,311,23.23
6739,6638,311,23.07
6659,6560,311,3.71
2207,2206,311,25.37
4715,4714,311,18.77
2011,2010,311,19.4
4102,4101,312,36.94
6012,6011,312,36.09
6216,6215,312,31.63
4313,4312,312,20.55
135,34,312,24.52
134,33,312,23.8
1513,1512,312,14.72
627,626,312,15.82
2110,2109,312,26.35
7042,7041,312,8.44
5612,5611,312,32.36
4211,4310,312,8.65
1854,1753,312,6.6
133,32,312,25.09
1613,1612,312,15.18
6320,6319,312,63.79
2309,2208,312,6.97
5908,5907,312,27.17
2302,2301,313,60.56
5709,5708,313,83.14
4207,4206,313,46.25
6114,6113,313,26.81
5214,5213,313,20.49
1712,1711,313,16.16
135,35,313,14.45
1050,949,313,21.61
5015,5014,313,16.88
332,331,313,15.27
438,339,313,4.86
133,232,313,20.35
4206,4205,314,100.03
6319,6318,314,55.71
6737,6736,314,24.47
7057,7056,314,19.07
726,725,314,18.61
824,823,314,22.71
431,430,314,15.36
1314,1313,314,11.83
1150,1051,314,9.57
337,238,314,6.38
540,440,314,3.59
4816,4815,314,24.05
5412,5411,314,44.56
1413,1412,314,13.83
4614,4613,314,17.3
5115,5114,314,19.54
6738,6637,314,22.43
5511,5510,314,32.92
6759,6860,314,3.32
6011,6010,315,37.02
1811,1810,315,18.32
2210,2209,315,23.79
4915,4914,315,17.34
1911,1910,315,18.83
4513,4512,315,16.99
528,527,315,14.7
6437,6436,315,13.58
5807,5806,315,25.55
530,429,315,6.12
640,541,315,2.99
2010,2009,315,26.8
5611,5610,315,34.39
2662,2562,315,2.47
5765,5866,315,1.68
2963,2864,315,1.36
6951,7050,315,7.93
4205,4204,316,83.12
5708,5707,316,35.5
949,948,316,44.64
6215,6214,316,27.53
5313,5312,316,24.55
4413,4412,316,17.66
946,945,316,19.29
1015,1014,316,13.43
6837,6836,316,17.66
6539,6538,316,9.46
6958,6959,316,6.36
916,915,316,14.39
6263,6364,316,3.84
5070,5071,316,1.35
5909,6008,316,14.16
5907,5906,316,26.49
5411,5410,317,35.65
6113,6112,317,29.6
5213,5212,317,25.5
4312,4311,317,21.06
2109,2108,317,23.8
6334,6333,317,14.31
6950,7049,317,7.84
1955,1855,317,3.23
5510,5509,317,36.32
6318,6317,317,42.62
6954,7053,317,4.88
6952,7051,317,7.85
4310,4309,317,22.62
823,822,317,45.06
6233,6232,317,19.32
2206,2205,317,19.03
4204,4203,318,68.68
429,428,318,35.53
7058,7157,318,19.86
1214,1113,318,7.42
6953,7052,318,7.81
6955,7054,318,4.86
5910,6009,318,10.23
5312,5311,318,63.64
4714,4713,318,16.66
6637,6636,318,26.93
822,821,319,53.06
948,947,319,35.69
1810,1809,319,26.44
6736,6735,319,24.81
725,724,319,20.1
1711,1710,319,17.66
7041,7040,319,16.05
1512,1511,319,15.76
2302,2201,319,18.33
626,625,319,16.41
1213,1212,319,8.34
236,137,319,7.99
1612,1611,319,15.82
2009,2008,319,25.44
5806,5805,319,27.46
5014,5013,319,17.09
5212,5211,319,77.98
4203,4202,320,68.12
6317,6316,320,33.53
6112,6111,320,34.08
6214,6213,320,25.08
5707,5706,320,29.13
5610,5609,320,20.31
5114,5113,320,18.08
1050,950,320,7.68
4815,4814,320,18
6363,6462,320,6.99
132,131,320,9.25
6362,6461,320,4.83
6325,6424,320,4.66
331,330,320,15.63
3669,3570,320,2.07
6333,6332,320,41.55
6008,6007,320,26.94
5211,5210,321,64.03
5311,5310,321,45.62
2205,2204,321,28.12
5906,5905,321,22.62
1910,1909,321,19.41
6436,6435,321,17.18
5410,5409,321,32.78
4914,4913,321,16.93
1412,1411,321,15.38
7056,7055,321,15.63
4512,4511,321,17.01
6836,6835,321,24.44
7058,7158,321,9.87
135,36,321,9.98
6229,6329,321,5.25
6958,7059,321,7
4613,4612,321,15.65
2204,2203,322,103.87
4202,4201,322,68.34
6332,6331,322,54.41
6111,6110,322,69.95
6007,6006,322,65.12
821,820,322,47.16
6636,6635,322,26.51
6232,6231,322,21.73
4309,4308,322,21.39
5509,5508,322,20.26
6424,6423,322,92.17
4412,4411,322,17.57
2108,2107,322,21.24
6938,6937,322,8.34
1313,1312,322,12.56
6326,6425,322,4.82
3569,3469,322,2.61
5609,5608,323,45
1809,1808,323,27.25
32,31,323,9.17
232,231,323,10.11
2056,1956,323,3.46
915,914,323,14.45
6331,6330,323,107.23
2203,2202,324,62.04
6006,6005,324,84.08
5210,5209,324,44.97
6213,6212,324,28.38
6316,6315,324,29.97
5805,5804,324,23.85
724,723,324,20.59
7157,7156,324,18.29
6110,6109,324,58.83
5706,5705,324,27.71
6438,6537,324,6.98
5409,5408,324,34.08
2008,2007,324,22.04
6735,6734,324,24.59
5269,5370,324,1.58
5508,5507,325,43.89
5905,5904,325,31.44
5310,5309,325,32.92
1909,1908,325,26.02
1611,1610,325,17.44
1710,1709,325,18.91
428,427,325,14.69
5013,5012,325,18.36
625,624,325,19.65
527,526,325,10.07
1511,1510,325,17.05
5113,5112,325,21.87
4713,4712,325,15.48
5608,5607,326,41.25
820,819,326,25.5
4308,4307,326,25.27
6435,6434,326,21.81
6231,6230,326,25.55
1014,1013,326,11.08
4814,4813,326,16.85
1213,1112,326,7.67
3166,3066,326,2.68
6635,6634,326,26.05
6005,6004,327,39.34
5408,5407,327,42.67
1808,1807,327,25.17
6423,6422,327,21.76
4511,4510,327,17.97
1212,1211,327,13.92
2207,2106,327,7.1
6835,6834,327,17.43
5507,5506,328,42.62
5904,5903,328,38.13
6315,6314,328,27.44
5804,5803,328,30.21
6212,6211,328,31.73
5209,5208,328,31.82
4411,4410,328,18.18
1411,1410,328,16.45
4612,4611,328,15.36
6537,6536,328,29.77
238,138,328,7.49
4913,4912,328,16.45
5705,5704,328,29.18
5369,5469,328,2.17
6637,6536,328,10.23
5607,5606,329,35.5
4307,4306,329,33.47
7158,7257,329,19.87
330,329,329,11.44
5309,5308,329,29.26
949,848,329,9
131,130,329,12.03
1709,1708,329,27.68
2007,2006,329,21.92
2763,2663,329,2.3
5112,5111,329,25.7
1312,1311,329,14.73
3669,3770,329,1.91
6109,6108,329,24.74
6211,6210,330,67.5
6004,6003,330,39.58
5407,5406,330,41.42
6422,6421,330,45.4
914,913,330,14.3
339,239,330,6
1908,1907,330,23.6
723,722,330,18.33
5012,5011,330,22.42
6634,6633,330,26.39
4306,4305,331,94.82
5803,5802,331,38.05
5903,5902,331,39.73
5506,5505,331,38.04
427,426,331,16.77
526,525,331,16.68
7156,7155,331,15.55
624,623,331,16.85
7040,7039,331,8.63
1510,1509,331,18.28
948,847,331,9.59
4204,4303,331,9.96
5208,5207,331,40.36
7058,7159,331,6.76
1610,1609,331,18.6
6327,6426,331,4.94
819,818,331,20.43
844,744,331,2.88
231,230,331,12.52
6434,6433,331,24.16
7257,7256,332,35.17
6314,6313,332,25.33
5704,5703,332,25.44
329,328,332,35.4
7158,7258,332,9.88
4203,4302,332,10.12
31,30,332,12.11
6636,6535,332,10.26
1807,1806,332,24.15
6536,6535,332,31.38
2562,2461,332,8.39
6760,6761,332,3.54
6421,6420,332,81.08
4712,4711,332,15.24
5308,5307,332,41.59
4305,4304,333,86.82
6433,6432,333,54.74
5406,5405,333,39.31
5606,5605,333,30.77
6007,6106,333,10.98
947,846,333,10.42
6834,6833,333,17.02
4813,4812,333,16.07
6110,6209,333,13.03
137,37,333,7.54
6860,6960,333,5.54
1708,1707,333,27.33
2006,2005,333,25.52
4510,4509,333,19.15
2106,2105,333,19.16
5802,5801,334,38.91
5207,5206,334,48.81
6003,6002,334,25.12
4611,4610,334,17.17
4912,4911,334,17.96
1410,1409,334,17.52
1112,1111,334,13.52
6937,6936,334,8.35
7050,7149,334,7.72
6108,6107,334,21.11
1211,1210,334,15.43
4410,4409,334,18.66
950,849,334,10.26
4470,4371,334,1.14
6432,6431,335,54.94
6209,6208,335,56.12
4302,4301,335,34.83
5307,5306,335,44.18
5902,5901,335,25.53
5505,5504,335,33.21
6535,6534,335,36.63
1907,1906,335,21.77
4202,4301,335,10.06
1707,1706,335,73.24
6836,6935,335,7.46
6363,6463,335,2.77
743,643,335,2.69
7053,7152,335,8.04
6420,6419,335,41.41
5011,5010,335,22.65
6106,6105,336,37.5
5405,5404,336,36
846,845,336,33.83
5703,5702,336,32.52
6313,6312,336,26.52
7155,7154,336,23.27
722,721,336,19.3
7257,7356,336,20.94
1311,1310,336,15.82
6734,6733,336,8.72
2202,2101,336,12.05
7051,7150,336,7.69
7054,7153,336,7.99
5468,5568,336,2.16
6002,6001,337,39.05
5206,5205,337,34.2
7039,7038,337,17.57
426,425,337,19.26
525,524,337,19.66
138,38,337,12.07
1509,1508,337,19.35
5111,5110,337,13.76
5210,5109,337,8.98
5211,5110,337,8.05
2205,2104,337,7.15
1609,1608,337,19.36
5605,5604,337,29.45
6760,6661,337,4.27
623,622,337,19.41
6329,6428,337,9.17
5306,5305,338,35.86
6419,6418,338,39.53
818,817,338,16.33
913,912,338,13.46
7257,7357,338,11.55
1806,1805,338,18.9
1113,1012,338,7.41
440,340,338,4.34
1050,951,338,4.51
5504,5503,338,33.44
6318,6417,338,5.95
5404,5403,339,35.8
5702,5701,339,39.23
6105,6104,339,36.72
6208,6207,339,25.95
4409,4408,339,24.55
2104,2103,339,89.4
6633,6632,339,11.54
239,139,339,11.43
4509,4508,339,18.98
328,327,339,14.68
3066,2965,339,11.1
5209,5108,339,9.88
7256,7255,339,15
1706,1705,339,27.78
821,720,339,7.19
6317,6416,339,6.58
6760,6861,339,3.94
1552,1452,339,2.57
4711,4710,339,16.45
7356,7355,339,37.65
5070,5171,339,1.51
2005,2004,339,19.1
4911,4910,339,22.48
2103,2102,340,106.47
1409,1408,340,18.82
6312,6311,340,28.64
3469,3368,340,7.94
4812,4811,340,16.01
4610,4609,340,19.05
4169,4070,340,1.13
6634,6533,340,10.26
5305,5304,341,33.44
6428,6427,341,26.79
5205,5204,341,29.03
6431,6430,341,19.1
1210,1209,341,16.23
7149,7148,341,15.78
1508,1507,341,28.42
1906,1905,341,18.58
1608,1607,341,28.01
6316,6415,341,6.89
1855,1754,341,6.05
6207,6206,341,91.88
1111,1110,341,15.34
1705,1704,341,70.24
6935,6934,341,17.77
5503,5502,341,37.37
5604,5603,341,33.24
7355,7354,342,38.62
1310,1309,342,16.68
7152,7151,342,15.69
6002,6101,342,20.13
5108,5107,342,46.51
6211,6310,342,10.29
7158,7259,342,6.76
330,229,342,6.43
6311,6310,342,63.89
5403,5402,342,35.66
2157,2057,342,2.35
1805,1804,342,27.08
5502,5501,343,72.61
6104,6103,343,25.08
1507,1506,343,82.36
425,424,343,19.98
7038,7037,343,17.29
1704,1703,343,85.49
1607,1606,343,79.07
5010,5009,343,13.77
524,523,343,19.54
7356,7455,343,20.47
5107,5106,344,51.96
6206,6205,344,37.5
5603,5602,344,40.45
5304,5303,344,36.63
4408,4407,344,24.43
2004,2003,344,20.48
4910,4909,344,22.67
951,850,344,25.08
622,621,344,16.59
6002,6102,344,10.2
6209,6308,344,14.01
7258,7358,344,8.77
30,29,344,8.88
6315,6414,344,7.14
130,129,344,6.88
2003,2002,345,107.26
229,228,345,34.62
5204,5203,345,33.32
1703,1702,345,87.86
7355,7254,345,25.07
720,719,345,17.86
5009,5008,345,77.01
817,816,345,14.46
4508,4507,345,19
847,746,345,10.21
1804,1803,345,33.8
848,747,345,9.37
1606,1605,345,77.05
541,441,345,3.38
1506,1505,345,83.86
1905,1904,345,28
5402,5401,345,33.69
4710,4709,345,18.84
4407,4406,346,80.99
6310,6309,346,29.88
1408,1407,346,19.79
4609,4608,346,19.07
7355,7454,346,20.24
6533,6532,346,19.11
912,911,346,13.82
1803,1802,346,100.63
327,326,346,16.51
1012,1011,346,13.1
6833,6832,346,8.29
7357,7456,346,19.83
3267,3167,346,2.72
7042,7141,346,3.04
916,815,346,3.9
7356,7456,346,10.68
4811,4810,346,17.87
642,542,346,2.83
5203,5202,347,71.46
1702,1701,347,57.1
5106,5105,347,37.42
7354,7353,347,21.85
5303,5302,347,37.34
1209,1208,347,17.28
5008,5007,347,71.12
139,39,347,14.23
951,851,347,12.07
239,240,347,6.07
138,39,347,7.71
129,128,347,34.81
1605,1604,347,76.13
4406,4405,348,96.28
6205,6204,348,28.96
6414,6413,348,25.83
5602,5601,348,32.11
6308,6307,348,33.15
1309,1308,348,17.86
1110,1109,348,16.04
7148,7147,348,15.78
1802,1801,348,72.83
6632,6631,348,11.94
6733,6732,348,8.84
846,745,348,9.73
6314,6413,348,7.37
3570,3470,348,3.69
29,28,348,27.41
424,423,348,20.37
7454,7453,349,36.08
7037,7036,349,17.46
6430,6429,349,14.24
1904,1903,349,31.24
5007,5006,349,66.91
5202,5201,349,70.13
7357,7457,349,9.83
5567,5667,349,2.34
5302,5301,349,70.89
523,522,349,19.85
4405,4404,350,54.8
7353,7352,350,39.56
1903,1902,350,104.24
1505,1504,350,21.72
1407,1406,350,28.67
6103,6202,350,20.47
7455,7554,350,21.11
4507,4506,350,21.5
4709,4708,350,20.64
849,748,350,9.25
239,140,350,7.19
6462,6561,350,4.84
6421,6520,350,7.18
2002,2001,350,23.62
6204,6203,351,40.9
5105,5104,351,27.57
1604,1603,351,33.04
7455,7555,351,14.02
621,620,351,16.38
6960,7060,351,5.56
4810,4809,351,21.75
1652,1653,351,1.77
6064,6065,351,1.5
6307,6306,351,35.87
6202,6201,352,56.86
4404,4403,352,80.29
1902,1901,352,92.97
7453,7452,352,40.02
5006,5005,352,48.72
4608,4607,352,19.91
6413,6412,352,26.44
7254,7253,352,15.23
228,227,352,14.71
4506,4505,352,67.37
719,718,352,16.39
6532,6531,352,18.69
4909,4908,352,13.77
6520,6519,352,74.74
326,325,352,17.11
4301,4401,352,5.95
6313,6412,352,7.24
426,325,352,6.93
6422,6521,352,5.79
1603,1602,353,70.13
7353,7252,353,25
815,814,353,14.92
7454,7553,353,20.79
7141,7140,353,15.88
423,422,353,20.3
1702,1601,353,19.72
6934,6933,353,8.39
911,910,353,14.68
1208,1207,353,18.5
6424,6523,353,4.33
6364,6464,353,2.76
6311,6410,353,11.35
1011,1010,353,15.15
915,814,353,3.85
4403,4402,354,73.47
4505,4504,354,63.59
4607,4606,354,64.95
6519,6518,354,64.3
1109,1108,354,17.04
4908,4907,354,64.86
1308,1307,354,19.15
139,40,354,9.74
951,952,354,6.53
6936,7035,354,7.45
4303,4402,354,6.39
1406,1405,354,29.82
6860,6961,354,3.57
2258,2158,354,1.75
6410,6409,355,72.63
6523,6522,355,78.43
7452,7451,355,40.7
5104,5103,355,28.6
6306,6305,355,29.33
7352,7351,355,22.39
7147,7146,355,15.81
522,521,355,17.43
7456,7556,355,11.34
5203,5102,355,14.27
4708,4707,355,23.91
1504,1503,355,22.05
28,27,355,14.47
128,127,355,14.21
4809,4808,355,25.34
1956,1856,355,3.17
6425,6524,355,4.36
4606,4605,356,79.96
4907,4906,356,61.68
5005,5004,356,33.07
6204,6303,356,19.61
2864,2764,356,2.45
6164,6165,356,1.58
6412,6411,356,27.28
2863,2764,356,1.3
5102,5101,357,68.43
6409,6408,357,81.73
6305,6304,357,51.03
4707,4706,357,84.85
1503,1502,357,64.66
4504,4503,357,47.55
7453,7552,357,19.87
6631,6630,357,11.18
951,852,357,7.71
4808,4807,357,84.35
7258,7359,357,5.89
4605,4604,357,103.54
5202,5101,357,14.73
2359,2259,357,2.11
4906,4905,358,65.93
6303,6302,358,63.35
7351,7350,358,42.02
7451,7450,358,43.34
127,126,358,43.42
1405,1404,358,32.75
7252,7251,358,22.02
27,26,358,47.02
7555,7655,358,15.64
620,619,358,16.35
325,324,358,17.54
422,421,358,21.81
951,1052,358,7.19
425,324,358,6.96
2461,2360,358,5.51
6832,6831,358,8.49
6518,6517,358,29.15
7146,7145,358,45.54
4706,4705,359,83.38
6408,6407,359,91.38
1207,1206,359,19.54
227,226,359,15.31
718,717,359,15.43
1502,1501,359,59.34
7555,7654,359,19.96
746,645,359,10.29
747,646,359,10.51
7358,7458,359,6.94
4807,4806,359,90.32
6416,6515,359,7.16
4604,4603,359,90.35
6417,6516,359,6.97
1307,1306,359,20.02
913,812,359,5.05
914,813,359,4
2562,2462,359,2.31
4370,4271,359,1.18
4503,4502,360,41.17
5004,5003,360,27.73
7140,7139,360,15.84
1010,1009,360,15.93
7452,7551,360,19.67
6732,6731,360,8.79
6531,6530,360,14.16
850,749,360,9.28
4806,4805,360,107.22
126,125,360,70.96
3066,2966,360,3.02
340,341,360,4.7
1108,1107,360,18.45
1652,1553,360,2.16
910,909,360,15.53
7035,7034,360,18.09
6302,6301,361,38.88
7145,7144,361,49.93
4905,4904,361,57.41
7350,7349,361,46.41
7351,7250,361,21.64
125,124,361,103.36
521,520,361,21.72
6202,6301,361,16.92
851,750,361,8.7
4603,4602,361,95.56
6415,6514,361,8.08
7159,7160,361,3.07
7039,7138,361,5.58
26,25,361,53.88
6407,6406,361,83
6064,5965,361,1.67
5003,5002,362,63.35
6530,6529,362,59.91
4502,4501,362,91.36
4705,4704,362,54.21
1404,1403,362,36.82
421,420,362,27.83
1306,1305,362,36.15
4805,4804,362,73.7
324,323,362,31.79
5270,5271,362,1.4
7457,7557,362,7.71
4704,4703,363,118.02
645,644,363,26.32
124,123,363,96.59
1206,1205,363,33.83
25,24,363,53.45
6630,6629,363,18.95
7451,7550,363,20.28
7555,7656,363,11.88
6414,6513,363,8.18
226,225,363,37.9
140,141,363,7.26
6426,6525,363,5.29
7146,7245,363,19.23
4871,4872,363,1.1
6406,6405,363,50.34
5002,5001,364,74.59
6529,6528,364,66.04
1403,1402,364,65.51
7349,7348,364,46.24
1107,1106,364,29.88
7450,7449,364,19.89
619,618,364,20.09
6304,6403,364,22.31
6305,6404,364,17.21
4602,4601,364,39.68
6463,6562,364,5.58
340,241,364,5.01
6629,6628,365,61.19
123,122,365,75.27
225,224,365,64.51
4904,4903,365,26.3
909,908,365,20.59
24,23,365,53.34
812,811,365,17.57
6302,6401,365,22.17
7350,7249,365,21.24
7655,7755,365,14.96
7655,7754,365,21.84
323,322,365,44.55
6519,6618,365,12.29
7034,7033,365,20.44
6933,6932,365,9.11
4804,4803,365,35.32
7150,7249,365,5.58
1009,1008,365,21.47
1305,1304,365,36.3
6528,6527,366,65.95
1402,1401,366,60.57
4703,4702,366,43.23
1205,1204,366,34.79
23,22,366,111.85
7145,7244,366,19.13
717,716,366,16.96
520,519,366,20.04
6522,6621,366,13.48
748,647,366,8.42
420,419,366,30.05
1502,1401,366,15.04
3470,3369,366,6.79
7654,7653,366,16.22
140,41,366,8.27
6428,6527,366,5.57
7038,7137,366,5.58
6521,6620,366,11.1
6628,6627,367,65.95
4903,4902,367,58.93
7449,7448,367,47.76
6403,6402,367,49.83
7144,7143,367,19.4
322,321,367,64.99
6303,6402,367,14.48
224,223,367,96.57
6413,6512,367,8.11
6520,6619,367,9.47
6618,6617,367,56.01
122,121,367,59.11
6513,6512,367,31.75
4771,4772,367,1.03
1304,1303,367,90.84
4702,4701,368,62.43
6527,6526,368,65.93
7550,7549,368,20.16
22,21,368,84.27
7349,7248,368,21.29
1106,1105,368,31.52
6410,6509,368,9.97
2057,1957,368,3.54
4803,4802,368,35.63
223,222,368,100.55
7146,7246,368,7.92
2056,1957,368,1.75
6509,6508,369,100.46
1303,1302,369,67.42
1008,1007,369,26.5
908,907,369,25.63
4902,4901,369,66
321,320,369,81.13
6831,6830,369,9.89
6411,6510,369,11.98
5370,5470,369,2.35
6406,6505,369,18.99
7448,7447,370,47.44
6627,6626,370,33.54
7348,7347,370,19.62
618,617,370,18.89
6405,6504,370,21.69
6731,6730,370,10.09
419,418,370,30.92
7159,7260,370,3.54
1204,1203,370,25.56
21,20,370,79.93
4802,4801,370,60.53
6264,6265,370,1.53
121,120,370,48.99
222,221,370,97.63
120,119,371,117.4
6508,6507,371,75.98
1302,1301,371,58.29
7549,7548,371,47.74
7248,7247,371,47.04
6617,6616,371,29.81
6512,6511,371,31.81
811,810,371,16.67
320,319,371,82.89
7655,7756,371,11.42
6523,6622,371,8.66
7037,7136,371,5.58
7033,7032,371,19.72
643,543,371,2.55
6412,6511,371,8.02
3367,3268,371,1.34
6504,6503,372,53.75
20,19,372,71.64
221,220,372,85.48
716,715,372,16.99
7244,7243,372,18.86
7754,7753,372,15.93
7755,7854,372,22.39
6403,6502,372,19.17
1105,1104,372,29.83
519,518,372,18.77
6464,6563,372,8.03
542,442,372,3.61
7653,7652,372,19.13
6626,6625,373,33.72
1007,1006,373,31.17
907,906,373,32.5
7143,7142,373,18.95
319,318,373,73.3
7755,7855,373,14.09
6407,6506,373,10.29
4671,4672,373,0.99
418,417,374,26.96
220,219,374,72.69
6402,6501,374,22.64
646,545,374,9.4
6960,7061,374,3.41
6618,6717,374,17.07
5469,5569,374,2.29
6625,6624,375,61.89
318,317,375,52.37
6616,6615,375,27.66
7448,7547,375,19.95
645,544,375,8.92
1203,1202,375,20.92
6717,6716,376,55.49
219,218,376,51.75
119,118,376,24.46
617,616,376,16.88
7447,7446,376,19.79
7347,7346,376,19.78
7549,7648,376,19.85
6932,6931,376,9.21
141,142,376,8.33
7136,7135,376,20.15
6619,6718,376,16.1
7036,7135,376,5.58
7358,7459,376,4.32
7359,7459,376,5.34
2965,2865,376,2.5
1351,1352,376,1.18
7556,7657,376,6.68
317,316,377,57.92
1202,1201,377,54.43
906,905,377,33.2
1006,1005,377,31.4
7243,7242,377,20.26
6615,6614,377,51.79
1104,1103,377,24.35
749,648,377,8.56
6515,6614,377,8.2
851,751,377,3.17
2663,2563,377,1.93
3570,3571,377,1.67
810,809,377,17.45
6624,6623,378,47.61
7753,7752,378,19.15
715,714,378,16.67
6507,6606,378,20.69
19,18,378,17.63
6504,6603,378,17.83
518,517,378,17.53
7652,7651,378,19.32
7457,7558,378,4.87
218,217,379,36.82
6503,6602,379,22.51
7854,7853,379,15.61
6730,6729,379,11.75
6830,6829,379,10.42
6505,6604,379,15.45
7755,7856,379,10.32
141,42,379,9.39
141,242,379,9.3
6514,6613,379,8.07
750,649,379,8.24
6614,6613,379,58.93
6502,6601,379,22.64
316,315,380,33.36
417,416,380,19.55
7855,7954,380,22.63
7549,7649,380,8.4
6606,6605,380,60
6716,6715,380,28.02
6364,6365,380,1.51
5270,5371,380,1.62
1005,1004,381,26.87
905,904,381,29.49
118,117,381,20.69
7547,7546,381,19.85
7855,7955,381,12.53
647,546,381,9.44
6513,6612,381,7.98
7135,7134,381,20.56
7035,7134,381,5.58
6613,6612,381,62.96
217,216,382,36.74
7648,7647,382,19.5
6507,6607,382,9.15
7032,7031,382,9.1
6508,6607,382,11.59
2462,2361,382,6.27
7446,7445,382,19.91
1103,1102,382,20.68
7346,7345,382,19.83
6829,6828,383,29.49
809,808,383,18.39
616,615,383,16.04
1202,1101,383,18.62
6717,6816,383,17.24
6621,6720,383,8.35
6615,6714,383,18.5
7242,7241,383,18.39
7752,7751,384,19.49
7651,7650,384,19.64
6619,6719,384,5.98
1856,1755,384,4.7
3167,3067,384,2.56
1855,1755,384,1.42
4971,4972,384,1.18
3166,3067,384,1.4
6714,6713,385,54.76
216,215,385,33.69
1004,1003,385,26.86
904,903,385,28.53
7853,7852,385,18.64
714,713,385,16.61
6603,6702,385,22.59
6612,6611,385,26.62
6512,6611,385,7.97
517,516,385,15.67
6718,6817,385,17.3
6622,6721,385,10.79
4571,4572,385,0.99
6611,6610,386,112.28
117,116,386,24.32
7134,7133,386,20.41
315,314,386,18.87
6602,6701,386,22.63
6604,6703,386,22.17
18,17,386,12.57
6509,6608,386,8.05
7139,7238,386,5.58
7034,7133,386,5.58
6713,6712,387,61.56
6828,6827,387,28.45
7647,7646,387,20.1
7445,7444,387,20.18
7345,7344,387,20.07
7954,7953,387,15.42
6729,6728,387,14.04
6931,6930,387,9.71
7061,7161,387,8.17
442,342,387,6.9
7138,7237,387,5.58
7546,7545,387,20
6606,6705,387,15.76
7060,7161,387,3.9
6816,6815,387,28.15
543,443,387,6.49
215,214,388,44.4
808,807,388,21.98
7955,8054,388,22.02
416,415,388,14.23
6605,6704,388,18.6
6610,6609,388,97.42
6464,6564,388,2.94
6712,6711,389,81.37
6815,6814,389,50.33
116,115,389,34.13
903,902,389,28.18
142,143,389,7.94
647,547,389,4.45
7241,7240,389,18.66
1003,1002,389,25.1
3570,3471,389,1.95
7656,7757,389,5.61
6711,6710,390,108.22
7751,7750,390,19.51
615,614,390,15.64
545,444,390,9.28
7855,7956,390,8.7
6563,6662,390,8.17
5667,5767,390,2.48
6623,6722,390,11.95
5666,5767,390,1.61
1351,1252,390,1.39
6827,6826,391,29.21
7133,7132,391,20.15
713,712,391,18.35
7852,7851,391,19.51
6607,6706,391,16.81
7955,8055,391,10.8
5569,5668,391,8.83
7033,7132,391,5.58
6710,6709,392,68.3
6814,6813,392,48.65
807,806,392,28.85
7646,7645,392,20.38
7237,7236,392,20.13
6714,6813,392,17.49
142,43,392,9
142,243,392,8.9
6702,6801,392,22.64
7137,7236,392,5.58
7344,7343,392,20.53
6718,6818,392,6.65
4070,3970,392,1.85
7953,7952,393,18.15
6608,6707,393,21.4
516,515,393,13.85
7031,7030,393,9.5
115,114,393,33.21
6702,6802,393,12.75
6826,6825,393,59.91
6703,6802,393,22.62
214,213,393,22.06
7444,7443,393,18.78
1754,1654,393,1.88
7359,7360,393,2.84
7545,7544,393,18.7
902,901,393,25.44
3570,3671,393,1.92
1002,1001,394,21.55
6705,6804,394,22.22
6728,6727,394,15.15
6817,6916,394,17.62
6703,6803,394,13.26
7750,7749,395,20.04
7240,7239,395,18.32
8054,8053,395,15.06
6815,6914,395,19
6713,6812,395,15.28
7459,7559,395,5.5
314,313,395,12.26
7160,7261,395,4.2
3470,3370,395,2.1
649,548,395,9.15
6825,6824,395,60.91
1052,1152,395,2.72
806,805,396,31.29
6709,6708,396,29.73
6705,6805,396,11.16
6609,6708,396,17.86
6624,6723,396,6.99
751,650,396,7.51
17,16,396,11.07
114,113,396,48.73
3770,3870,396,1.57
5071,5072,396,1.23
6914,6913,397,50.06
6812,6811,397,90.1
6824,6823,397,69.15
7236,7235,397,20.34
712,711,397,19.21
7851,7850,397,19.65
6814,6913,397,19.56
614,613,397,15.61
6829,6928,397,8.16
7061,7062,397,4.53
7645,7644,397,20.57
7136,7235,397,5.58
7343,7342,397,20.25
2057,2058,397,1.78
6364,6465,397,1.74
6916,6915,397,49.67
6811,6810,398,113.76
8055,8154,398,21.1
6930,6929,398,9.68
443,343,398,9.97
952,953,398,2.29
6823,6822,399,83.74
6913,6912,399,59.06
7443,7442,399,18.55
7952,7951,399,19.43
6709,6808,399,22.36
546,445,399,8.22
649,549,399,5.22
7544,7543,399,18.86
6810,6809,400,65.33
805,804,400,30.1
113,112,400,27.36
7749,7748,400,20.07
6709,6809,400,14.16
213,212,400,14.6
6817,6917,400,6.84
6719,6819,400,6.65
6826,6725,400,16.79
6826,6925,400,15.79
6802,6901,400,22.6
6818,6917,400,18.12
6822,6821,401,84.08
6912,6911,401,97.08
6928,6927,401,27.2
8053,8052,401,18.05
6804,6903,401,22.28
6727,6726,401,15.74
515,514,401,13.78
6707,6806,401,19.71
6721,6820,401,9
6828,6927,401,8.25
7955,8056,401,7.19
7061,6962,401,5.26
5470,5570,401,3.23
6803,6902,401,22.58
6706,6806,401,10.04
7359,7460,401,3.28
1552,1453,401,1.35
2763,2664,401,1.18
6911,6910,402,129
6925,6924,402,52.57
6808,6807,402,46.99
313,312,402,14.81
7342,7341,402,20.16
7132,7131,402,9.34
8055,8155,402,9.58
415,414,402,7.42
7648,7747,402,5.58
7061,7162,402,5.19
7644,7643,402,20.57
6725,6724,402,90.49
6825,6724,402,16.47
7135,7234,402,5.58
6916,7015,402,19.22
6761,6762,402,1.41
4571,4472,402,1.17
112,111,403,33.55
7850,7849,403,19.92
6805,6904,403,21.4
6914,7013,403,19.09
6804,6904,403,11.29
711,710,403,18.25
613,612,403,17.46
6861,6862,403,1.55
6910,6909,404,56.33
6924,6923,404,53.64
7015,7014,404,53.23
804,803,404,30.45
16,15,404,13.63
7559,7658,404,17.27
7030,7029,404,9.4
852,752,404,2.15
111,110,405,53.31
7013,7012,405,69.01
7442,7441,405,18.5
7951,7950,405,19.78
7543,7542,405,18.55
8154,8153,405,14.5
6927,6926,405,27.15
6564,6663,405,8.33
6827,6926,405,8.18
6563,6663,405,3.05
3267,3168,405,1.43
4270,4171,405,1.1
7012,7011,406,116.37
6923,6922,406,57.46
212,211,406,17.85
6818,6918,406,7.16
1956,1857,406,1.69
143,144,406,6.02
110,109,407,68.39
6909,6908,407,43.92
7131,7130,407,20.23
7234,7233,407,20.81
7643,7642,407,20.24
7341,7340,407,20.53
7747,7746,407,20.07
8052,8051,407,19.61
6809,6908,407,22.64
6808,6907,407,20.1
6805,6905,407,9.92
7134,7233,407,5.58
952,853,407,2.68
6916,7016,407,7.91
7011,7010,408,99.2
6922,6921,408,60.32
803,802,408,29.52
7849,7848,408,20.07
6925,7024,408,18.23
514,513,408,15.21
312,311,408,17.24
6902,7001,408,22.61
6903,7002,408,22.63
952,1053,408,2.65
2057,1958,408,2.09
710,709,409,17.47
8155,8254,409,20.46
109,108,409,97.72
612,611,409,19.02
414,413,409,14.34
6903,7003,409,12.56
6921,6920,410,62.68
7441,7440,410,20.53
7542,7541,410,20.3
7029,7028,410,19.37
6924,7023,410,17.87
7015,7114,410,18.01
6820,6919,410,15.79
443,344,410,6.41
6807,6906,410,18.82
6806,6906,410,11.36
5569,5669,410,2.84
143,44,410,6.92
143,244,410,6.83
8153,8152,411,17.97
7950,7949,411,19.98
6909,7008,411,21.01
211,210,411,22.58
15,14,411,16.14
6910,7009,411,16.96
7559,7659,411,6.63
108,107,411,99.93
7023,7022,412,53.23
7114,7113,412,51.49
7340,7339,412,20.13
7746,7745,412,20.64
7642,7641,412,20.57
7238,7337,412,5.58
7133,7232,412,5.58
3067,2967,412,3.63
802,801,412,27.7
2966,2866,412,1.95
2462,2362,412,1.89
107,106,413,79.11
8051,8050,413,19.76
547,446,413,5.97
7237,7336,413,5.58
7008,7007,414,37.97
7848,7847,414,19.76
6907,7007,414,15.72
6907,7006,414,21
7013,7112,414,13.19
8155,8255,414,8.93
6925,7025,414,7.23
6928,7027,414,8.35
650,550,414,5.6
8055,8156,414,6.23
6918,7017,414,18.4
6917,7017,414,7.3
311,310,414,19.4
513,512,414,17.1
7112,7111,415,106.97
106,105,415,66.01
7541,7540,415,20.76
709,708,415,16.89
7010,7109,415,22.64
7002,7101,415,22.61
548,447,415,7.39
5371,5471,415,2.92
210,209,415,30.04
611,610,415,19.26
7016,7115,415,18.48
5071,5172,415,1.43
7022,7021,416,28.02
7949,7948,416,20.01
7440,7439,416,18.91
8254,8253,416,14.78
7010,7110,416,13.03
413,412,416,16.33
6922,7021,416,15.66
549,448,416,8.54
3370,3269,416,6.81
2361,2260,416,4.25
2865,2765,416,2.56
7003,7102,416,22.49
105,104,417,66.05
7339,7338,417,20.03
8152,8151,417,19.87
7006,7005,417,38.5
6906,7005,417,22.28
7109,7108,418,45.2
8050,8049,418,20.13
7336,7335,418,20.86
7641,7640,418,19.44
7008,7107,418,22.31
7023,7122,418,18.01
7114,7213,418,18.6
6921,7020,418,14.94
7130,7129,418,9.66
6919,7018,418,18.57
6927,7026,418,8.36
7236,7335,418,5.58
7745,7744,418,18.84
7459,7560,418,3.38
7645,7744,418,5.58
209,208,418,44.16
14,13,418,15.19
6903,7004,418,8.74
7003,7103,418,11.86
104,103,419,66.94
7847,7846,419,20.19
310,309,419,21.39
7659,7758,419,19.15
6920,7019,419,17.04
751,651,419,2.42
208,207,420,59.99
512,511,420,18.73
6564,6664,420,3.17
7161,7262,420,4.33
6165,6166,420,1.58
7111,7210,421,60.67
7109,7208,421,40.98
7115,7214,421,76.06
8255,8354,421,57.59
7112,7211,421,101.66
7017,7116,421,73.38
7102,7201,421,53.48
7006,7105,421,52.21
3571,3572,421,2.58
7644,7743,421,29.73
7016,7116,421,10.38
7019,7118,422,73.86
7108,7207,422,48.89
7026,7125,422,67.27
7110,7209,422,37.19
7022,7121,422,42.55
5669,5768,422,58.54
7234,7333,422,30.26
7643,7742,422,29.47
7018,7117,422,75.58
7103,7202,422,53.05
7005,7104,422,54.49
7020,7119,423,42.1
7948,7947,423,6.89
7021,7120,423,43.62
7540,7539,423,1.64
7113,7212,423,38.74
7659,7759,423,13.91
107,206,423,43.31
7023,7123,423,10.31
7848,7947,423,28.05
8051,8150,423,27.75
7746,7845,423,29.43
7642,7741,423,29.73
8153,8252,423,25.98
7006,7106,423,16.11
6465,6565,423,6.52
7116,7215,423,75.93
8354,8453,424,57.34
7213,7312,424,38.07
7122,7221,424,40.09
7107,7206,424,33.42
104,203,424,32.03
7847,7946,424,28.76
8255,8355,424,14.17
8050,8149,424,28.09
7336,7435,424,30.3
7339,7438,424,28.94
7337,7436,424,30.06
7949,8048,424,28.6
8152,8251,424,27.57
7118,7217,424,70.88
8254,8353,424,24.35
6664,6763,424,41.63
7117,7216,424,72.79
7132,7231,424,12.11
6962,6963,424,2.99
7212,7311,425,82.44
7125,7224,425,68.69
5768,5867,425,56.09
7214,7313,425,36.72
7846,7945,425,29.6
7758,7857,425,29.62
7640,7739,425,29.98
208,307,425,29.67
8049,8148,425,28.44
8151,8250,425,27.77
7338,7437,425,30.01
7948,8047,425,28.94
8253,8352,425,26.3
708,707,425,1.58
7744,7843,425,29.35
7103,7203,425,15.81
103,202,425,31.24
7335,7434,425,31.26
7119,7218,426,68.24
7120,7219,426,67.58
7209,7308,426,46.22
7207,7306,426,35.52
7121,7220,426,39.59
7210,7310,426,21.44
7210,7309,426,33.58
7208,7307,426,34.6
8156,8256,426,11.84
7029,7128,426,19.86
7743,7842,426,29.62
7131,7230,426,20.4
610,609,426,1.7
312,411,426,18.28
7105,7204,426,34.37
103,102,426,6.91
209,308,426,25.33
1653,1554,426,1.28
7235,7334,426,11.7
3670,3771,426,2.18
7215,7314,426,67.07
7313,7412,427,83.31
7312,7411,427,61.93
8453,8552,427,65.27
8355,8454,427,60.27
7123,7222,427,40.99
7333,7432,427,32.46
7217,7316,427,65.29
7439,7538,427,19.32
7540,7639,427,19.25
310,409,427,19.64
7641,7740,427,19.46
7028,7127,427,19.84
7742,7841,427,30.18
7202,7301,427,34.53
7745,7844,427,19.14
7216,7315,427,69.41
3571,3672,427,4.09
3471,3371,427,1.33
311,410,427,19.13
5867,5966,428,48.93
7206,7305,428,35.36
7947,8046,428,29.17
7106,7205,428,33.93
7845,7944,428,28.91
207,306,428,19.42
7262,7361,428,18.97
309,408,428,19.27
7026,7126,428,11.15
105,204,428,19.73
550,449,428,8.45
106,205,428,19.66
7130,7229,428,12.76
4471,4372,428,0.86
7219,7318,429,62.3
8353,8452,429,29.06
8048,8147,429,28.4
8251,8350,429,28.46
7946,8045,429,29.07
7221,7320,429,29.1
7759,7858,429,27.77
8252,8351,429,27.83
8150,8249,429,28.19
7125,7124,429,15.26
7233,7332,429,12
7559,7660,429,4.76
7435,7534,429,31.11
6962,7063,429,4.72
8552,8651,430,58.95
8454,8553,430,57.83
7220,7319,430,37.25
7314,7413,430,35.63
7224,7323,430,31.09
7434,7533,430,31.11
8250,8349,430,28.97
8047,8146,430,28.38
8352,8451,430,31.71
8149,8248,430,28.17
206,305,430,22.62
7232,7331,430,12.51
7945,8044,430,28.93
7203,7302,430,32.81
5570,5670,430,5.55
7316,7415,430,60.74
4170,4071,430,0.87
7315,7414,430,56.65
8452,8551,431,77.58
7126,7225,431,68.86
7308,7407,431,34.96
7307,7406,431,34.5
7309,7408,431,34.43
7306,7405,431,33.33
8148,8247,431,27.77
7539,7638,431,18.94
7129,7228,431,13.01
7741,7840,431,19.38
7231,7330,431,20.25
7204,7303,431,33.33
6265,6266,431,1.5
444,345,431,5.25
1856,1756,431,1
2562,2463,431,0.99
7414,7513,432,72.55
8451,8550,432,78.99
7413,7512,432,77.71
7320,7419,432,62.59
7534,7633,432,65.16
7841,7940,432,28.86
7412,7511,432,30.58
7222,7321,432,29.7
7538,7637,432,28.59
7639,7738,432,29.58
7310,7409,432,28.01
7311,7410,432,21.99
7438,7537,432,19.51
7436,7535,432,19.62
8355,8455,432,13.26
1053,1153,432,6.3
7432,7531,432,30.14
3571,3472,432,2.29
7844,7943,432,28.91
5670,5769,432,96.52
7319,7418,433,61.54
8651,8750,433,52.76
7305,7404,433,33.33
7411,7510,433,26.71
8046,8145,433,28.56
7739,7838,433,19.18
7843,7942,433,19.02
7437,7536,433,19.52
7217,7317,433,11.71
5471,5571,433,6.51
7205,7304,433,34.62
7533,7632,433,64.6
8056,8057,433,2.9
203,302,433,16.96
7944,8043,433,28.79
5171,5272,433,1.91
5769,5868,434,93.15
8551,8650,434,56.62
8249,8348,434,28.66
8351,8450,434,32.31
7858,7957,434,29.85
8350,8449,434,29.37
7124,7223,434,32.19
308,407,434,17.96
102,201,434,19.58
411,510,434,19.85
7842,7941,434,19.01
7302,7401,434,35.52
307,406,434,17.48
7230,7329,434,20.15
1755,1655,434,1.69
8045,8144,434,28.61
8455,8554,435,63.42
7513,7612,435,57.14
7321,7420,435,62.21
7323,7422,435,29.22
8147,8246,435,27.74
204,303,435,23.44
410,509,435,19.75
409,508,435,18.46
8552,8652,435,13.7
8454,8554,435,14.09
7740,7839,435,19.17
550,450,435,5.08
8056,8157,435,4.59
7415,7514,435,34.73
6365,6366,435,1.55
7331,7430,435,30.56
7316,7416,435,13.11
6962,6863,435,2.66
202,301,435,15.65
7418,7517,436,60.12
7408,7507,436,33
7407,7506,436,31.74
7225,7324,436,31.02
7638,7737,436,30.22
7406,7505,436,31.14
7405,7504,436,31.92
8248,8347,436,28.23
13,12,436,3.64
6664,6764,436,6.27
8349,8448,436,27.7
8146,8245,436,28.26
7840,7939,436,28.48
7303,7402,436,34.44
7229,7328,436,20.1
7514,7613,437,75.14
7511,7610,437,30.49
7940,8039,437,28.49
7410,7509,437,33.33
7409,7508,437,34.19
7537,7636,437,29.16
8651,8751,437,15.91
7660,7760,437,13.79
205,304,437,16.21
408,507,437,16.66
306,405,437,17.05
7533,7532,437,16.64
8247,8346,437,28.02
7128,7227,437,12.98
7420,7519,438,61.53
7422,7521,438,61.15
8554,8653,438,60.89
7416,7515,438,59.2
7942,8041,438,28.3
7510,7609,438,32.35
8043,8142,438,28.38
7512,7611,438,26.91
7228,7327,438,20.23
7063,7163,438,11.65
7534,7634,438,11.74
7126,7226,438,10.73
449,348,438,14.17
7334,7433,438,12.51
7304,7403,438,33.58
7404,7503,438,33.28
7838,7937,438,28.8
8044,8143,438,18.73
8750,8849,438,30.71
7223,7322,439,30.27
7418,7417,439,18.27
7330,7429,439,19.48
449,349,439,9.78
6565,6665,439,6.39
550,551,439,4.76
8450,8549,439,30.42
8144,8243,439,28.46
5965,6066,439,2.21
7517,7616,439,69.53
6165,6066,439,1.28
7760,7859,440,58.35
7227,7326,440,66.37
7430,7529,440,29.39
7612,7711,440,28.47
7941,8040,440,28.14
7531,7630,440,19.31
7637,7736,440,19.67
7738,7837,440,19.39
7321,7421,440,12.63
7943,8042,440,18.81
8255,8356,440,5.54
8550,8649,440,18.52
7839,7938,440,28.8
8449,8548,440,27.26
8348,8447,440,28.12
302,401,440,21.45
7633,7732,440,19.39
7521,7620,441,60.46
8849,8948,441,68.33
7226,7325,441,66.22
7327,7426,441,63.1
7507,7606,441,30.76
8347,8446,441,28.38
7506,7605,441,31.91
7324,7423,441,29.79
7939,8038,441,29.69
7328,7427,441,29.39
8245,8344,441,28.36
8246,8345,441,28.26
5868,5967,441,23.52
7632,7731,441,19.34
7536,7635,441,19.49
7418,7518,441,13.31
8455,8555,441,12.26
7402,7501,441,34.5
305,404,441,13.39
8145,8244,441,18.84
7332,7431,441,12.47
7505,7604,441,33.81
7504,7603,441,35.21
7508,7607,442,31.74
8039,8138,442,31.36
7610,7709,442,32.55
7509,7608,442,32.42
8346,8445,442,28.46
8448,8547,442,27.81
7329,7428,442,19.27
406,505,442,17.81
7417,7516,442,61.69
6365,6466,442,2.45
8650,8749,442,18.6
7503,7602,442,35.58
7421,7520,443,61.38
7326,7425,443,62.77
8649,8748,443,60.59
8041,8140,443,28.69
7937,8036,443,31.24
8143,8242,443,28.44
7515,7614,443,32
7611,7710,443,31.6
7609,7708,443,32.82
8142,8241,443,29.5
7613,7712,443,26.9
7420,7520,443,12.85
7422,7522,443,12.97
7616,7715,443,38
8157,8257,443,12.76
509,608,443,18.21
8554,8654,443,13.06
407,506,443,16.09
448,347,443,4.68
303,402,443,19.41
953,1054,443,3.89
953,954,443,2.45
8751,8850,443,27.2
7403,7502,443,34.53
7518,7617,444,64.18
7427,7526,444,63.62
8948,9047,444,66.78
7426,7525,444,62.99
8243,8342,444,30.41
8549,8648,444,28.96
8653,8752,444,27.31
7737,7836,444,19.46
6764,6864,444,13.3
508,607,444,17.66
8749,8848,445,66.58
7711,7810,445,32.48
8447,8546,445,28.85
7938,8037,445,30.74
8040,8139,445,29.6
8548,8647,445,29.34
8849,8848,445,15.37
507,606,445,18.81
7760,7860,445,13.91
7636,7735,445,19.97
405,504,445,19.65
7604,7703,445,37.57
449,350,445,8.51
44,145,445,3.99
7837,7936,445,29.29
7603,7702,445,35.91
7605,7704,445,37.05
7532,7631,445,19.51
7522,7621,446,60.81
7425,7524,446,62.53
7431,7530,446,29.39
8446,8545,446,30.01
8345,8444,446,29.76
8038,8137,446,32.52
7325,7424,446,29.64
7859,7958,446,27.87
8042,8141,446,28.25
7521,7621,446,13.2
304,403,446,16.77
7606,7705,446,34.54
8344,8443,446,31.55
44,45,446,2.51
8244,8343,446,29.16
3067,3068,446,1.35
7634,7733,446,19.68
7526,7625,447,62.99
7525,7624,447,62.18
7502,7601,447,35.36
7607,7706,447,32.28
7709,7808,447,33
7608,7707,447,31.91
8445,8544,447,31.82
8547,8646,447,30.93
7428,7527,447,29.51
7620,7719,447,26.92
7429,7528,447,19.27
7602,7701,447,34.63
7516,7615,447,30.27
8138,8237,447,32.65
5670,5770,447,5.95
8242,8341,448,30.79
347,346,448,24.39
7614,7713,448,33.34
7708,7807,448,32.46
8748,8847,448,28.29
7710,7809,448,33.24
7712,7811,448,31.86
8241,8340,448,31.07
8850,8949,448,30.58
8140,8239,448,30.84
404,503,448,21.45
8948,8947,448,15.89
7529,7628,448,19.51
7732,7831,448,19.19
7630,7729,448,19.44
7736,7835,448,19.75
8849,8949,448,10.86
5769,5869,448,6.34
7715,7814,448,28.68
110,9,448,1.98
853,753,448,1.87
5271,5372,448,1.96
8036,8135,448,30.88
7617,7716,448,42.68
7733,7832,449,61.58
7530,7629,449,62.06
7719,7818,449,77.02
7424,7523,449,61.77
8342,8441,449,31.79
8648,8747,449,31.26
8654,8753,449,28.25
7520,7619,449,27.74
505,604,449,21.85
7423,7523,449,12.84
7731,7830,449,19.23
8356,8456,449,11.66
3771,3871,449,4.54
7635,7734,449,20
7836,7935,449,29.8
7624,7723,450,59.43
7615,7714,450,62.08
7705,7804,450,36.72
8546,8645,450,32.12
7810,7909,450,33.52
8647,8746,450,32.22
8139,8238,450,32.14
506,605,450,20.54
7518,7618,450,12.03
8948,9048,450,11.28
7702,7801,450,33.68
7704,7803,450,34.89
1153,1253,450,5.67
8752,8851,450,26.74
550,451,450,4.25
5571,5671,450,6.04
8037,8136,450,31.67
7703,7802,450,33.59
7936,8035,450,30.69
402,501,450,23.23
5869,5968,451,55.62
8444,8543,451,33.35
8545,8644,451,33.15
8141,8240,451,29.66
7860,7959,451,27.87
607,706,451,20.47
7522,7622,451,13.08
8257,8357,451,13.05
12,11,451,6.88
8343,8442,451,31.78
7706,7805,451,36.16
8137,8236,451,30.92
8646,8745,452,32.83
8237,8336,452,30.01
7621,7720,452,27.09
504,603,452,22.8
606,705,452,22.09
9047,9146,452,18.47
6864,6964,452,12.65
7707,7806,452,33.76
7618,7717,452,75.14
7808,7907,452,33.25
7713,7812,453,30.55
7809,7908,453,32.67
7811,7910,453,33.16
7624,7623,453,18.53
7631,7730,453,19.17
7526,7626,453,12.39
7716,7815,453,30.88
8341,8440,453,33.35
8443,8542,453,20.51
403,502,453,22.7
7814,7913,453,32.04
7735,7834,453,19.3
8239,8338,453,34.05
8340,8439,453,34.37
7835,7934,453,29.03
7807,7906,453,35.06
5968,6067,454,51.19
8747,8846,454,29.73
7935,8034,454,29.73
503,602,454,24.05
8847,8946,454,27.95
8544,8643,454,20.48
7733,7833,454,12.83
347,247,454,9.63
347,246,454,14.03
7818,7917,454,32.94
5371,5472,454,2.16
8136,8235,455,29.55
8746,8845,455,30.58
9048,9147,455,30.32
7714,7813,455,28.85
8035,8134,455,30.18
8851,8950,455,28.78
7804,7903,455,32.82
8753,8852,455,27.45
604,703,455,23.81
7624,7724,455,13.54
7625,7724,455,18.65
7528,7627,455,19.51
7719,7718,455,12.81
7803,7902,455,32.82
7909,8008,455,32.43
7802,7901,455,33.94
8238,8337,455,32.56
802,701,455,2.01
7910,8009,456,54.94
7623,7722,456,59.72
7806,7905,456,35.72
8644,8743,456,29.73
7805,7904,456,34.55
7723,7822,456,27.59
7831,7930,456,19.04
7628,7727,456,19.46
8947,9046,456,18.61
8135,8234,456,19.36
7729,7828,456,19.13
7660,7761,456,5.35
8240,8339,456,32.59
8441,8540,456,20.4
8442,8541,456,32.15
6963,7064,456,4.47
7907,8006,457,34.98
8745,8844,457,28.4
7717,7816,457,34.8
7959,8058,457,28.01
605,704,457,22.87
7832,7931,457,19.27
7629,7728,457,19.74
8456,8556,457,13.29
7830,7929,457,18.87
6466,6566,457,6.76
6465,6566,457,2.41
7812,7911,458,32.75
7906,8005,458,34.18
8336,8435,458,27.75
603,702,458,24.82
8645,8744,458,19.83
9146,9245,458,26.35
7934,8033,458,29.76
7815,7914,458,28.4
7908,8007,458,33.94
4872,4873,458,1.09
7834,7933,458,29.09
7833,7932,459,29.85
8034,8133,459,30.75
7917,8016,459,30.4
8439,8538,459,28.2
8543,8642,459,20.03
7622,7721,459,18.55
8236,8335,459,19.1
7719,7819,459,8.86
7660,7661,459,3.41
7718,7817,459,42.89
109,8,459,1.85
502,601,459,24.52
2259,2159,459,0.63
7813,7912,460,33.38
8008,8107,460,33.83
8950,9049,460,30.34
7903,8002,460,34.33
8846,8945,460,27.87
8946,9045,460,25.99
7910,8010,460,15.11
145,245,460,6.73
347,248,460,8.36
1054,1154,460,5.9
6665,6765,460,4.86
7902,8001,460,34.63
752,652,460,1.32
7819,7918,461,72.3
7905,8004,461,33.17
7904,8003,461,33.02
9147,9246,461,28.02
8337,8436,461,28.14
8845,8944,461,27.11
7730,7829,461,19.13
8440,8539,461,19.74
8338,8437,461,19.25
7626,7725,461,18.88
8542,8641,461,19.54
953,854,461,2.17
8852,8951,461,28.12
8006,8105,462,32.78
7728,7827,462,28.46
7822,7921,462,26.86
8743,8842,462,27.74
7722,7821,462,26.99
9046,9145,462,25.41
8643,8742,462,18.9
7913,8012,462,17.67
7816,7915,462,29.21
8555,8655,462,4.9
7063,7164,462,4.32
1453,1353,462,1.36
8540,8639,462,27.49
4872,4973,462,1.76
7912,8011,463,53.66
8010,8109,463,52.56
8005,8104,463,32.89
7914,8013,463,32.57
8007,8106,463,33.79
8844,8943,463,26.98
8339,8438,463,20.75
8134,8233,463,19.45
8235,8334,463,19.08
7724,7823,463,18.38
7627,7726,463,19.17
9245,9344,463,29.92
8033,8132,463,30.34
8057,8158,463,4.75
7933,8032,463,30.21
4271,4272,463,1.02
2663,2564,463,0.86
7932,8031,464,29.67
7817,7916,464,29.47
8016,8115,464,31.65
8744,8843,464,27.47
8435,8534,464,27.28
7727,7826,464,18.49
7930,8029,464,18.95
7761,7861,464,13.92
8234,8333,464,18.82
7828,7927,464,18.54
8654,8754,464,4.9
7760,7861,464,5.41
6764,6865,464,5.1
8541,8640,464,18.85
8642,8741,464,28.4
8107,8206,465,32.56
8002,8101,465,34.83
9049,9148,465,31.64
8335,8434,465,27.9
8538,8637,465,26.6
7721,7820,465,26.7
7929,8028,465,18.8
7931,8030,465,18.92
5770,5870,465,5.68
8157,8258,465,4.84
8009,8108,465,17.58
3370,3270,465,1.08
108,7,465,1.86
8003,8102,466,35.22
8004,8103,466,34.01
8951,9050,466,28.36
8945,9044,466,26.16
9045,9144,466,26.58
6566,6666,466,11.28
11,10,466,6.93
5869,5969,466,5.61
7860,7960,466,4.9
450,351,466,4.69
3672,3772,466,2.61
107,6,466,1.99
7918,8017,466,28.44
8105,8204,467,32.75
8012,8111,467,32.28
9246,9345,467,27.8
8436,8535,467,26.99
8641,8740,467,27.52
8944,9043,467,27.28
8437,8536,467,26.99
8539,8638,467,26.69
8010,8110,467,15.99
8133,8232,467,19.13
7820,7919,467,78.71
7915,8014,467,31.39
8013,8112,468,31.98
8104,8203,468,34.25
8106,8205,468,32.35
7827,7926,468,27.64
8639,8738,468,26.81
9145,9244,468,28.07
9344,9443,468,29.09
8842,8941,468,27
8742,8841,468,27.39
4772,4773,468,1
8115,8214,469,28.91
7916,8015,469,31.06
7823,7922,469,26.99
8233,8332,469,27.67
8438,8537,469,27.28
8334,8433,469,27.42
8943,9042,469,27.57
7829,7928,469,18.71
7725,7824,469,18.31
5969,6068,469,60.98
5968,6068,469,5.79
5671,5771,469,5.29
9148,9247,470,30.4
8108,8207,470,33.51
8206,8305,470,32.79
7826,7925,470,27.37
8754,8853,470,28.23
8333,8432,470,27.14
8534,8633,470,27.28
8741,8840,470,27.07
7164,7263,470,18.83
8843,8942,470,27.59
8753,8853,470,4.9
8640,8739,470,27.34
2058,2059,470,1.37
8112,8211,471,51.61
8102,8201,471,34.7
8103,8202,471,35.16
8017,8116,471,33.11
9144,9243,471,28.93
9050,9149,471,32.22
8434,8533,471,27.3
8637,8736,471,26.99
7726,7825,471,18.31
6067,6167,471,6.14
8132,8231,471,18.74
3871,3971,471,4.58
551,552,471,3.18
8032,8131,471,19.34
4672,4673,471,1.03
8109,8208,471,17.75
8203,8302,472,35.41
8204,8303,472,35.13
8111,8210,472,31.22
9345,9444,472,29.8
7919,8018,472,31.91
7960,8059,472,27.77
9044,9143,472,27.81
8029,8128,472,18.4
7927,8026,472,18.53
8031,8130,472,18.9
5472,5572,472,5.78
7959,8059,472,4.9
8357,8457,472,4.9
8257,8358,472,4.98
8014,8113,472,31.32
8205,8304,473,34.2
9244,9343,473,28.68
8535,8634,473,27.31
9043,9142,473,27.85
8536,8635,473,27.11
8638,8737,473,26.42
8232,8331,473,26.88
8030,8129,473,18.58
8028,8127,473,18.36
7921,8020,473,14.09
9443,9542,473,29.8
8305,8404,474,36.3
8214,8313,474,30.71
7926,8025,474,27.74
8738,8837,474,26.99
8841,8940,474,26.72
8941,9040,474,27.28
9042,9141,474,28.4
8015,8114,474,31.14
6864,6965,474,4.78
7922,8021,474,28.79
2362,2261,474,1.8
9247,9346,475,29.86
8207,8306,475,32.13
7824,7923,475,27.85
8332,8431,475,26.53
8537,8636,475,26.66
8433,8532,475,27.17
8112,8212,475,16.34
7821,7920,475,11.72
8740,8839,475,18.11
3067,2968,475,1.19
8303,8402,476,35.52
9243,9342,476,28.91
8116,8215,476,30.32
8208,8307,476,32.99
9149,9248,476,30.64
8432,8531,476,26.79
8633,8732,476,26.64
8840,8939,476,27.08
8110,8209,476,17.32
8202,8301,476,34.75
8942,9041,476,27.34
1756,1656,476,2.25
7660,7561,476,3.04
8211,8310,476,31.18
8853,8952,476,27.57
8739,8838,476,26.92
1957,1858,476,1.39
8852,8952,476,4.9
8021,8120,477,70.41
8304,8403,477,36.4
9143,9242,477,28.68
8018,8117,477,32.25
8533,8632,477,26.71
8736,8835,477,28.25
7928,8027,477,18.71
8302,8401,477,33.67
8231,8330,477,26.68
9444,9543,477,30.7
8456,8557,477,5.1
7920,8019,478,69.59
8404,8503,478,35.65
9343,9442,478,29.76
9142,9241,478,29.62
8020,8119,478,32.39
7263,7362,478,18.84
9542,9641,478,28.77
7925,8024,478,18.43
8556,8656,478,4.91
4973,5073,478,6.54
8837,8936,479,28.57
8634,8733,479,27.28
8127,8226,479,26.9
8635,8734,479,27.56
8737,8836,479,28.14
8131,8230,479,18.39
8331,8430,479,26.8
7825,7924,479,18.32
6666,6766,479,7.96
9141,9240,479,29.67
8114,8213,479,29.72
1154,1254,479,5.56
8310,8409,479,56.98
1756,1757,479,2.1
8313,8412,479,32.17
9040,9139,479,29.29
