4722,4723,10,9.36
4723,4724,17,15.04
4724,4725,28,9.89
4723,4824,36,5.63
4725,4726,39,9.7
4726,4727,46,14.9
4824,4825,47,9.99
4727,4728,49,42.76
4728,4729,52,42.77
4729,4730,55,41.81
4825,4826,55,13.19
4727,4828,55,17.67
4730,4731,58,41.41
4828,4829,58,43.53
4728,4829,58,17.67
4729,4830,60,18.31
4731,4732,61,14.22
4730,4831,62,46.93
4828,4929,62,49.15
4726,4827,62,18.01
4830,4931,63,47.23
4731,4832,63,49.99
4829,4930,63,47.29
4732,4833,64,54.4
4722,4823,64,13.2
4831,4932,65,47.37
4929,5030,65,47.66
4827,4928,65,49.43
4825,4926,65,17.53
4727,4628,65,4.67
4931,5032,66,47.17
4832,4933,66,48.99
4930,5031,66,47.44
4723,4624,66,1.46
4833,4934,67,51.56
4826,4927,67,18.72
4824,4925,67,12.73
4932,5033,68,47.17
4928,5029,68,49.3
5032,5133,69,49.25
4933,5034,69,49.62
5031,5132,69,47.92
4934,5035,70,54.85
4732,4733,70,12.23
5033,5134,71,51.2
5029,5130,71,49.43
4728,4629,71,4.53
5133,5234,72,55.61
5034,5135,72,55.77
5132,5233,72,53.07
4833,4834,72,13.5
5035,5136,73,59.02
5030,5131,73,18.97
5134,5235,74,57.92
4926,5027,74,17.52
5234,5335,75,61.98
5135,5236,75,60.63
5233,5334,75,60.07
4834,4935,75,54.5
4927,5028,75,19.1
4823,4924,75,13.11
4729,4630,75,4.71
5136,5237,76,63.57
5131,5232,76,49.85
4925,5026,76,16.43
5235,5336,77,64.77
5335,5436,78,66.92
5236,5337,78,67.3
5334,5435,78,64.28
4935,5036,78,58.15
5237,5338,79,67.93
5232,5333,79,57.18
5130,5231,79,20.13
5336,5437,80,67.93
4733,4734,80,10.87
5029,5129,80,8.39
4730,4631,80,4.74
4727,4627,80,2.62
5436,5537,81,64.7
5337,5438,81,67.93
5435,5536,81,65.25
5036,5137,81,60.89
4834,4835,81,12.18
5338,5439,82,66.15
5333,5434,82,62.02
5437,5538,83,61.7
5438,5539,84,54.78
5536,5637,84,57.93
5137,5238,84,65.06
5537,5638,84,53.52
4835,4936,84,54.19
5439,5540,85,52.43
5434,5535,85,65.25
5538,5639,86,49.03
5231,5332,86,20.87
5027,5128,86,12.74
4624,4625,86,5.06
5539,5640,87,53.1
5238,5339,87,67.62
4936,5037,87,59.25
5129,5230,87,20.98
4924,5025,87,12.66
5540,5641,88,57.63
5535,5636,88,59.19
4734,4735,88,12.72
4631,4632,88,13.72
5026,5127,88,12.46
5332,5433,89,58.62
5640,5741,90,62.07
5339,5440,90,61.39
5037,5138,90,63.83
5230,5331,90,55.58
5637,5738,90,25.17
5638,5739,90,25.75
5439,5440,90,13.1
4835,4836,90,12.32
5639,5740,91,31.08
5138,5239,93,65.45
5738,5839,93,56.41
5440,5541,93,53.9
4836,4937,93,57.7
5433,5534,93,37.29
5641,5742,93,34.78
4625,4626,93,16.04
5741,5842,94,36.91
5739,5840,94,37.18
5636,5737,94,27.59
4628,4529,94,5.03
5740,5841,95,39.35
4735,4736,95,14.56
5239,5340,96,65.72
5839,5940,96,66.34
4937,5038,96,63.23
5534,5635,96,61.14
5840,5941,97,66.73
5737,5838,97,51.65
5842,5943,97,61.3
5331,5432,97,21.91
5025,5126,97,14.73
5128,5229,97,12.92
4736,4837,98,55.21
5541,5642,98,32.16
5742,5843,98,33.69
4632,4633,98,10.54
5340,5441,99,58.65
5940,6041,99,68.2
5038,5139,99,64.35
5841,5942,99,39.15
5440,5441,99,12.45
4629,4530,99,5.17
5941,6042,100,65.72
5432,5533,100,57.82
5127,5228,100,12.77
4837,4938,101,62.41
5642,5743,101,60.24
5838,5939,101,36.27
5635,5736,101,28.66
4628,4528,101,2.83
5139,5240,102,64.39
5943,6044,102,31.96
5843,5944,103,31.37
5230,5330,103,6.47
4938,5039,104,64.37
5736,5837,104,53.85
5942,6043,104,35.24
5441,5542,104,30.96
4736,4737,104,11.87
4630,4531,104,4.94
5240,5341,105,62.01
5939,6040,105,45.63
6042,6143,105,32.61
5533,5634,105,34.3
5330,5431,106,56.91
5743,5844,106,29.48
5039,5140,107,64.24
5837,5938,107,58.32
5542,5643,107,59.02
4737,4838,107,61.24
6044,6145,107,30.77
5341,5442,108,60.47
5944,6045,108,31.95
6043,6144,109,30.77
4633,4634,109,9.72
5126,5227,109,12.66
5140,5241,110,62.53
5938,6039,110,66.16
4838,4939,110,63.7
5634,5735,110,28.4
5442,5543,111,57.71
5844,5945,111,30.77
5228,5329,111,13.15
6041,6142,111,12.22
5227,5328,112,53.3
5643,5744,112,29.96
4531,4532,112,12.61
5241,5342,113,62.37
5735,5836,113,52.3
4939,5040,113,63.92
6145,6246,113,27.33
5431,5532,113,22.35
4627,4527,113,3.09
6144,6245,114,29.57
6045,6146,114,27.9
6040,6141,115,15.32
4737,4738,115,9.35
4625,4526,115,4.95
5342,5443,116,60.15
5836,5937,116,57.42
5040,5141,116,63.03
5532,5633,116,56.32
5543,5644,116,30.56
5945,6046,116,30.11
6142,6243,116,31.82
5329,5430,117,24.45
4723,4623,117,0.81
4738,4839,118,62.41
5744,5845,118,27.45
4634,4635,118,12.47
5443,5544,119,55.23
5141,5242,119,61.76
6246,6347,119,26.76
6039,6140,119,15.78
6143,6244,119,10.62
5430,5531,120,56.07
5937,6038,120,38.77
6245,6346,120,27.12
6146,6247,120,26.84
4839,4940,121,61.83
4529,4430,121,5.27
5025,5125,121,4.87
5242,5343,122,59.99
6140,6241,122,66.14
5633,5734,122,25.75
5644,5745,122,24.45
4532,4533,122,7.37
5735,5835,122,15.13
5227,5327,122,12.49
4735,4636,122,4.18
4625,4525,122,3.37
5845,5946,123,29.11
5328,5429,123,13.2
4940,5041,124,60.67
6244,6345,124,28.17
5343,5444,125,52.68
5327,5428,125,55.06
5544,5645,125,24.93
6347,6448,125,26.56
5836,5936,125,11.77
5532,5632,125,11.81
6247,6348,126,25.99
6346,6447,126,26.47
5041,5142,127,57.56
5430,5530,127,11.79
4528,4429,127,5.53
4529,4429,127,3.5
5444,5545,128,50.59
5936,6037,128,60.42
5632,5733,128,50.27
5734,5834,128,16.78
6046,6147,128,12.8
6141,6242,128,11.24
5142,5243,130,58.9
6038,6139,130,15.59
6243,6344,130,10.4
4530,4431,130,4.61
6345,6446,130,26.37
6037,6138,131,68.7
6448,6549,131,26.04
5327,5427,131,11.93
4738,4739,131,5.29
4528,4428,131,3.69
6348,6449,132,26.5
6447,6548,132,26.5
5243,5344,133,55.74
5632,5732,133,14.09
4636,4637,133,9.29
5745,5846,133,12.91
5125,5226,133,12.59
6140,6240,133,7.41
5427,5528,134,58.28
4739,4840,134,61.2
5545,5646,134,24.52
5834,5935,134,24.6
6147,6248,134,25.97
5530,5631,134,21.24
5946,6047,134,12.89
5733,5833,135,16.47
6241,6342,135,11.38
5344,5445,136,51.98
6240,6341,136,63.64
6344,6445,136,27.47
5428,5529,136,13.29
5936,6036,136,9.68
6446,6547,136,26.87
5528,5629,137,59.22
4840,4941,137,60
6549,6650,137,26.3
5645,5746,137,12.74
4533,4534,137,7.03
4526,4427,137,6.77
6449,6550,138,26.3
4526,4426,138,4.62
6548,6649,138,25.02
5445,5546,139,50.27
5846,5947,139,27.78
4941,5042,140,56.59
6047,6148,140,25.79
5732,5832,140,15.69
6138,6239,140,16.22
6248,6349,140,26.3
5833,5934,141,24.9
5427,5527,141,10.56
6242,6343,141,10.89
6445,6546,142,26.74
5631,5731,142,12.98
4625,4524,142,3.07
6547,6648,142,25.79
5042,5143,143,55.38
6239,6340,143,66.11
5832,5933,143,48.38
5746,5847,143,27.05
6650,6751,143,26.34
4723,4822,143,1.47
5527,5628,144,61.31
6550,6651,144,26.37
6649,6750,144,26.53
5528,5628,144,10.17
5935,6035,144,11.1
4431,4432,144,7.21
6037,6137,144,6.27
5646,5747,145,12.87
6344,6444,145,7.06
5143,5244,146,56.58
6340,6441,146,61.78
6349,6450,146,26.74
5243,5244,146,6.42
6148,6249,146,26.68
5832,5932,147,14.96
5529,5630,147,13.32
5344,5345,147,7.55
5530,5630,147,5.24
6546,6647,148,26.77
5629,5730,148,13.53
4637,4638,148,6.99
6648,6749,148,25.72
5933,6034,149,27.37
6751,6852,149,26.32
5445,5446,149,8.1
6341,6442,149,11.33
6342,6443,149,10.82
4525,4425,149,3.81
5628,5729,150,24.09
6750,6851,150,25.89
5947,6048,150,12.88
4822,4923,150,22.84
5730,5831,151,56.62
5546,5647,151,12.83
4534,4535,151,7.21
6445,6545,151,7.09
4739,4740,151,5.01
4635,4536,151,4.37
5446,5547,152,50.21
6249,6350,152,26.51
6651,6752,152,18.88
5527,5627,152,9.32
5729,5830,153,60.28
5932,6033,153,27.35
6137,6238,153,16.2
4840,4841,153,5.3
5227,5326,153,3.43
6647,6748,154,25.93
6450,6551,154,18.78
6340,6440,154,9.13
5847,5948,154,13.02
6239,6339,154,7.42
4941,4942,154,6.19
6749,6850,154,26.01
6852,6953,155,24.9
6035,6136,155,13.27
5830,5931,156,54.44
6033,6134,156,58.8
6851,6952,156,26.07
6048,6149,156,26.58
5747,5848,156,13.1
5042,5043,156,6.52
6545,6646,157,27.08
4432,4433,157,8.29
6546,6646,157,7.09
4428,4329,157,5.51
6350,6451,158,25.83
6752,6853,158,26.03
5627,5728,158,23.93
4623,4622,158,2.55
5931,6032,159,54.15
5043,5144,159,54.5
4428,4328,159,3.67
6850,6951,160,24.88
6034,6135,160,13.26
6441,6542,160,10.8
5244,5245,160,7.32
6748,6849,160,25.57
5729,5829,161,9.74
4923,5024,161,13
4426,4327,161,6.32
4429,4330,161,4.22
4636,4537,161,3.67
6149,6250,162,27
6953,7054,162,23.54
6551,6652,162,18.91
5830,5930,162,12.21
5326,5426,162,11.43
5647,5748,162,12.97
5446,5447,162,8.12
5345,5346,162,7.09
4426,4326,162,4.27
4822,4922,162,5.31
4623,4523,162,2.29
6952,7053,163,23.29
6033,6133,163,10.34
5547,5648,163,12.88
6442,6543,163,10.41
6647,6747,163,7.13
4525,4424,163,3.47
6136,6237,164,16.45
6443,6544,164,10.1
5931,6031,165,12.33
5948,6049,165,12.96
6951,7052,166,24.15
6451,6552,166,17.88
6853,6954,166,17.86
6545,6645,166,7.08
4638,4639,166,5.86
6849,6950,166,23.71
4433,4434,167,10.07
6134,6235,167,13.69
5848,5949,167,13.04
6440,6541,167,11.52
4430,4331,167,3.13
7054,7155,168,24.59
6250,6351,168,25.54
6748,6848,168,7.15
7053,7154,169,24.32
4942,4943,169,7.13
4841,4842,169,6.53
4922,5023,169,22.86
6541,6642,170,55.47
6543,6644,170,20.34
6652,6753,170,18.9
6135,6236,170,15.07
4740,4741,170,5.44
5043,5044,171,6.78
5627,5727,171,5.35
6049,6150,171,27.87
6950,7051,172,24.36
5748,5849,173,13.08
4537,4538,173,8.79
5144,5145,173,7.32
6552,6653,174,18.81
6954,7055,174,18.14
6645,6746,174,19.86
6237,6338,174,15.06
6133,6234,174,13.44
5648,5749,174,13.02
5447,5548,174,12.82
6849,6949,174,7.24
7155,7256,175,22.93
7052,7153,175,16.81
6542,6643,175,9.88
5245,5246,175,6.83
4426,4325,175,3.91
6235,6336,176,16.21
6541,6641,176,11.76
6031,6132,176,13.37
5346,5347,176,7.38
5829,5929,176,6.91
7154,7255,177,18.61
6351,6452,177,17.56
6747,6847,177,7.16
5930,6030,177,7.05
5728,5828,177,5.38
6643,6744,178,53
6644,6745,178,19.83
6753,6854,178,17.96
5949,6050,178,13.01
5347,5448,179,50.77
7051,7152,179,22.95
4434,4435,179,8.8
6653,6754,180,25.64
6950,7050,180,7.21
5023,5124,180,12.88
6847,6948,181,2.89
5326,5425,181,94.73
6340,6439,181,88.54
5527,5626,181,115.05
5427,5526,181,101.79
6744,6843,182,71.06
6745,6844,182,71.65
6847,6946,182,66.71
5828,5927,182,105.95
6643,6742,182,76.05
6541,6640,182,80.36
5124,5223,182,96.11
5930,6029,182,61.7
5829,5928,182,62.69
5627,5726,182,56.46
4922,5022,182,4.32
4431,4332,182,5.1
5125,5225,182,0.87
4623,4522,182,6.83
5425,5524,183,87.7
5626,5725,183,97.82
6336,6435,183,55.26
5929,6028,183,62.82
7055,7156,183,1.66
5727,5826,183,51.29
6236,6335,183,56.52
7155,7254,183,40.11
6848,6947,183,41.89
6235,6334,183,54.8
6950,7049,183,38.69
6747,6846,183,45.38
5426,5525,183,49.18
5728,5827,183,53.96
4922,5021,183,39.88
4822,4921,183,40.08
6029,6128,184,110.72
5927,6026,184,71.23
5022,5121,184,82.55
5726,5825,184,78
5928,6027,184,93.92
6948,7047,184,63.64
5526,5625,184,53.4
6030,6129,184,37.61
6132,6231,184,35.41
6234,6333,184,42.66
7051,7150,184,38.46
6644,6743,184,39.07
7154,7253,184,31.57
5225,5324,184,91.83
6031,6130,184,35.25
4424,4423,184,17.33
7050,7149,184,40.33
4722,4821,184,24.51
6028,6127,185,81.68
5525,5624,185,91.51
5524,5623,185,86.68
5827,5926,185,93.2
6843,6942,185,66.45
6946,7045,185,64.7
6844,6943,185,64.36
7152,7251,185,34.42
7153,7252,185,32.2
7052,7151,185,30.14
6133,6232,185,31.09
6032,6131,185,32.38
4622,4721,185,25.06
5023,5122,185,29.84
6134,6233,185,32.74
5024,5123,185,29.96
4432,4333,185,5.76
5226,5325,185,31.15
5125,5224,185,28.41
6333,6432,186,86.64
5625,5724,186,78.53
6129,6228,186,116.35
5725,5824,186,63.1
6334,6433,186,48.02
5324,5423,186,94.91
6947,7046,186,63.87
6335,6434,186,48.2
5826,5925,186,70.42
5121,5220,186,71.99
4325,4324,186,15.72
6746,6845,186,24.8
4536,4436,186,5.08
6432,6531,187,177.36
5224,5323,187,96.26
5623,5722,187,78.95
6027,6126,187,56.5
6128,6227,187,69.2
5825,5924,187,61.69
6231,6330,187,55.7
6026,6125,187,48.71
6130,6229,187,47.7
6743,6842,187,70.42
4921,5020,187,37.43
6435,6534,187,39.49
5223,5322,187,32.68
5325,5424,187,89.51
5122,5221,187,76.23
7255,7354,187,22.26
7256,7355,187,22.9
5021,5120,187,37.91
6238,6337,187,21.65
6949,7048,187,22.03
6433,6532,188,103.5
5423,5522,188,99.4
6943,7042,188,68.86
6127,6226,188,51.16
5926,6025,188,58.39
5624,5723,188,68.67
4821,4920,188,38.4
7150,7249,188,36.07
7254,7353,188,32.83
6742,6841,188,24.47
6338,6437,188,19.32
4639,4640,188,3.43
6440,6539,188,16.45
6339,6438,188,17.08
4536,4437,188,4.49
6441,6540,188,15.82
6229,6328,189,88.79
5925,6024,189,57.29
5724,5823,189,58.45
6228,6327,189,56.86
5824,5923,189,59.42
6845,6944,189,65.19
6131,6230,189,44.54
7252,7351,189,43.56
7151,7250,189,35.73
7251,7350,189,43.66
6232,6331,189,44.23
6233,6332,189,36.5
7253,7352,189,34.22
5424,5523,189,92.35
4943,4944,189,2.54
6230,6329,190,157.75
6331,6430,190,191.39
7355,7454,190,61.77
6842,6941,190,67.04
5322,5421,190,65.16
6434,6533,190,44.97
7047,7146,190,24.04
6846,6945,190,22.86
5221,5320,190,60.63
6439,6538,190,17.31
7149,7248,190,24.62
6641,6740,190,14.5
5123,5222,190,30.93
4538,4539,190,5.4
6227,6326,190,47.44
6642,6741,190,14.55
5924,6023,190,58.11
7049,7148,190,23.18
4523,4422,190,11.38
6125,6224,190,49.59
6332,6431,191,101.43
6438,6537,191,62.41
6841,6940,191,68.56
5723,5822,191,60.39
7353,7452,191,58.47
7354,7453,191,38.03
6330,6429,191,46.68
5020,5119,191,37.54
4721,4820,191,26.67
7045,7144,191,24.47
6126,6225,191,44.64
6025,6124,191,50.44
6226,6325,191,52.81
4433,4334,191,4.51
6740,6839,192,71.8
6329,6428,192,72.18
7351,7450,192,59.88
6944,7043,192,66.95
7350,7449,192,61.33
5722,5821,192,31.27
6534,6633,192,30.26
7046,7145,192,24.13
5120,5219,192,33.99
6640,6739,192,14.83
5323,5422,192,33.76
5823,5922,192,62.34
4741,4742,192,2.74
4424,4323,192,8.78
4328,4228,192,3.19
6024,6123,192,56.05
6325,6424,193,79.52
6326,6425,193,52.91
6224,6323,193,68.53
7454,7553,193,54.62
7248,7347,193,64.88
5421,5520,193,68.9
7146,7245,193,70.24
7352,7451,193,38.14
5522,5621,193,31.52
6532,6631,193,32.89
6337,6436,193,24.93
6945,7044,193,65.12
6531,6630,193,23.93
5222,5321,193,69.12
5320,5419,193,67.1
5220,5319,193,22.37
7048,7147,193,23.79
6327,6426,193,36.88
4329,4229,193,4.25
5822,5921,193,83.36
6424,6523,194,159.66
5922,6021,194,80.03
6839,6938,194,70.87
6739,6838,194,75.86
7453,7552,194,55.5
7452,7551,194,56.81
6537,6636,194,62.24
6430,6529,194,40.45
6023,6122,194,36.74
5523,5622,194,33.25
4920,5019,194,26.8
5923,6022,194,33.9
6426,6525,195,105.32
6425,6524,195,113.72
5821,5920,195,70.3
7449,7548,195,62.9
6123,6222,195,56.32
6225,6324,195,36.83
6124,6223,195,35.92
6533,6632,195,33.78
7250,7349,195,23.64
7145,7244,195,68.61
7249,7348,195,23.22
6437,6536,195,23.04
5422,5521,195,70.59
6429,6528,195,41.42
6328,6427,195,24.35
6428,6527,195,64.22
6524,6623,196,176.81
6523,6622,196,119.77
5520,5619,196,47.71
5921,6020,196,63.14
7451,7550,196,60.19
5119,5218,196,34.97
6431,6530,196,33.9
4422,4521,196,24.52
4422,4421,196,17.62
7148,7247,196,24.62
6741,6840,196,24.19
5321,5420,196,56.04
6942,7041,196,13.33
4423,4322,196,12.5
4522,4621,196,10.4
4330,4230,196,4.62
4327,4227,196,2.77
4537,4438,196,4.87
6324,6423,197,115.11
6222,6321,197,97.95
5920,6019,197,96.84
6427,6526,197,90.67
6223,6322,197,97.27
6021,6120,197,56.35
6122,6221,197,67.5
6636,6735,197,54.93
6323,6422,197,46.63
7450,7549,197,33.06
7144,7243,197,24.44
4820,4919,197,26.76
5621,5720,197,41.33
6539,6638,197,16.58
7355,7455,197,10.25
5044,5045,197,2.31
6529,6628,197,48.05
5619,5718,197,192.8
6622,6721,198,105.7
6623,6722,198,102.62
6020,6119,198,105.19
6527,6626,198,47.67
6528,6627,198,47.75
6536,6635,198,66.79
7349,7448,198,62.33
6838,6937,198,45.11
6022,6121,198,45.94
5019,5118,198,37.61
7347,7446,198,34.03
7245,7344,198,34.76
6436,6535,198,29.15
7553,7652,198,32.61
5219,5318,198,25.35
7043,7142,198,25.15
6538,6637,198,18.59
6540,6639,198,15.35
5419,5518,198,33.99
5319,5418,198,28.77
4326,4226,198,2.77
6422,6521,199,87.49
6019,6118,199,118.71
5720,5819,199,76.9
5718,5817,199,92.76
6221,6320,199,97.47
6120,6219,199,120.25
6322,6421,199,103.1
6840,6939,199,69.37
6525,6624,199,45.66
7552,7651,199,33.41
7551,7650,199,34.43
5622,5721,199,29.25
7147,7246,199,24.66
5521,5620,199,40.54
7454,7554,199,11.91
7044,7143,199,25.11
7042,7141,199,13.69
5518,5617,199,158.4
6530,6629,199,53.39
4325,4224,199,6.84
6630,6729,199,26.02
6119,6218,200,117.96
6722,6821,200,128.6
6121,6220,200,99.99
6535,6634,200,76.5
6721,6820,200,117.04
6628,6727,200,56.71
6735,6834,200,49.7
7549,7648,200,65.42
6526,6625,200,47.65
7548,7647,200,33.92
7348,7447,200,33.44
6633,6732,200,19.67
4325,4225,200,4.42
5620,5719,200,185.56
4331,4231,200,4.09
5819,5918,201,78.38
6118,6217,201,88.97
6521,6620,201,102.37
6219,6318,201,120.6
6421,6520,201,125.73
6624,6723,201,82.86
5817,5916,201,80.41
6320,6419,201,115.43
6635,6734,201,55.01
7448,7547,201,63.47
6637,6736,201,55.38
6321,6420,201,41.95
6423,6522,201,39.89
7550,7649,201,34.78
7247,7346,201,34.37
6631,6730,201,19.17
6941,7040,201,13.53
5218,5317,201,28.91
6820,6919,202,86.44
6821,6920,202,99.34
6218,6317,202,88.03
6629,6728,202,55.57
6626,6725,202,39.32
6627,6726,202,39.16
4919,5018,202,28.34
4322,4321,202,17.69
5418,5517,202,39.4
7041,7140,202,25
5420,5519,202,28.14
6940,7039,202,13.94
7244,7343,202,23.27
7243,7342,202,34.45
5721,5820,202,68.76
5916,6015,203,70.94
6318,6417,203,76.27
6419,6518,203,72.37
5918,6017,203,74.35
6420,6519,203,78.16
6522,6621,203,91.99
6520,6619,203,112.61
6625,6724,203,55.82
5719,5818,203,49
6634,6733,203,57.04
5617,5716,203,45.94
7652,7751,203,34.75
6632,6731,203,20.07
5318,5417,203,34.5
5519,5618,203,154.56
5145,5146,203,2.21
7446,7545,203,33.78
7344,7443,203,35.05
5618,5717,204,187.39
6726,6825,204,119.2
6725,6824,204,118.64
6920,7019,204,82.69
5820,5919,204,85.12
6919,7018,204,78.7
6217,6316,204,64.97
6620,6719,204,65.37
6736,6835,204,49.3
6834,6933,204,37.9
6220,6319,204,42.51
7246,7345,204,34.3
7651,7750,204,34.69
7650,7749,204,34.78
5118,5217,204,25.62
4621,4720,204,19.52
5317,5416,204,50.75
7142,7241,204,23.75
5517,5616,204,121.97
6619,6718,205,84.29
6519,6618,205,96.95
6621,6720,205,121.13
6317,6416,205,61.48
6723,6822,205,41.77
4421,4520,205,15.84
6938,7037,205,13.61
7143,7242,205,23.9
7447,7546,205,33.65
7141,7240,205,23.9
7648,7747,205,34.96
7647,7746,205,35.15
6825,6924,206,88.36
6719,6818,206,82.01
6319,6418,206,98.39
6824,6923,206,97.66
7019,7118,206,81.38
5919,6018,206,105
7018,7117,206,83.4
6017,6116,206,55.31
5818,5917,206,64.27
6518,6617,206,53.49
6015,6114,206,63.29
5716,5815,206,69.8
6417,6516,206,53.49
7346,7445,206,34.08
6729,6828,206,20.84
6638,6737,206,17.55
7455,7555,206,11.39
4521,4620,206,14.58
7039,7138,206,37.55
7649,7748,206,34.85
7547,7646,206,34.1
6718,6817,207,80.09
6822,6921,207,111.82
6618,6717,207,77.9
5717,5816,207,62.07
6316,6415,207,54.81
6724,6823,207,40.28
4321,4420,207,34.87
5417,5516,207,39.56
7342,7441,207,34.78
6727,6826,207,22.85
6639,6738,207,16.18
7343,7442,207,34.86
6739,6738,207,6.87
5416,5515,207,48.9
4538,4439,207,4.67
6250,6251,207,0.99
7117,7216,208,80.21
6818,6917,208,78.87
6924,7023,208,79.48
6018,6117,208,87.33
5815,5914,208,101.39
7118,7217,208,78
6923,7022,208,84.39
6720,6819,208,58.58
6416,6515,208,49.92
6835,6934,208,37.4
5217,5316,208,44.17
7751,7850,208,33.71
5018,5117,208,26.83
4323,4223,208,6.28
4323,4222,208,9.18
4437,4336,208,7.08
7140,7239,208,23.85
4434,4335,208,3.55
6717,6816,209,77.6
5816,5915,209,111.78
6921,7020,209,88.58
6817,6916,209,77.78
6823,6922,209,112.22
6826,6925,209,86.44
6738,6837,209,78.18
7555,7654,209,54.72
5917,6016,209,61.81
6617,6716,209,47.81
6114,6213,209,58.95
6116,6215,209,54.05
6828,6927,209,51.31
6737,6836,209,48.3
6418,6517,209,61.76
7746,7845,209,35.56
4720,4819,209,29.71
5616,5715,209,33.71
4321,4320,209,16.35
6728,6827,209,22.18
6937,7036,209,13.42
7750,7849,209,34.28
7345,7444,209,34.3
7037,7136,209,36.95
4332,4232,209,3.83
5347,5348,209,2.4
7749,7848,209,34.3
6730,6829,209,18
7023,7122,210,77.77
6917,7016,210,77.02
7216,7315,210,76.5
6819,6918,210,81.38
5914,6013,210,74.59
7217,7316,210,71.86
6415,6514,210,48.12
7646,7745,210,35.81
6516,6615,210,46.47
7747,7846,210,34.7
7546,7645,210,34.24
7545,7644,210,23.18
7443,7542,210,22.83
6732,6831,210,14.89
6939,7038,210,13.88
4437,4337,210,4.6
6916,7015,211,71.98
6922,7021,211,86.76
6925,7024,211,77.27
5915,6014,211,76.3
5715,5814,211,106.91
7022,7121,211,49.7
6117,6216,211,60.17
5515,5614,211,37.13
7138,7237,211,35.3
7748,7847,211,34.2
7241,7340,211,22.88
6734,6833,211,15.14
5316,5415,211,49.09
4322,4221,211,9.98
7445,7544,211,34.01
6918,7017,212,78.71
7016,7115,212,77.39
6829,6928,212,51.63
6016,6115,212,53.67
6716,6815,212,47.24
6215,6314,212,53.93
6827,6926,212,53.22
6816,6915,212,47.97
6517,6616,212,49.07
7020,7119,212,49.25
6515,6614,212,45.29
7441,7540,212,35.05
4620,4719,212,24.62
7242,7341,212,22.74
7040,7139,212,14.02
7240,7339,212,22.7
7554,7653,212,10.94
6213,6312,212,59.45
5246,5247,212,2.11
4741,4641,212,2.67
5516,5615,212,29.7
4942,4843,212,2.29
5614,5713,213,108.55
5814,5913,213,86.51
7015,7114,213,77.77
7316,7415,213,66.82
6013,6112,213,61.62
7315,7414,213,62.64
6837,6936,213,36.67
6836,6935,213,46.33
7136,7235,213,35.61
6927,7026,213,47.09
4520,4619,213,17.99
7239,7338,213,33.67
6733,6832,213,15.25
6731,6830,213,15.69
4230,4129,213,8.46
4334,4233,213,6.66
4539,4540,213,4.47
4333,4233,213,3.65
6615,6714,213,70.59
6514,6613,213,47.37
7850,7949,213,34.17
7036,7135,213,36.88
6815,6914,214,73.28
5615,5714,214,82.12
7119,7218,214,75.14
7017,7116,214,80.94
7115,7214,214,84.32
6216,6315,214,57.51
7021,7120,214,50.95
6014,6113,214,65.42
7846,7945,214,35.71
7122,7221,214,46.82
7644,7743,214,35.96
7645,7744,214,35.96
7654,7753,214,31.53
7849,7948,214,34.3
4819,4918,214,28.43
7848,7947,214,34
7845,7944,214,34.95
5117,5216,214,27.11
7442,7541,214,23.07
4230,4130,214,5.67
4438,4338,214,5.62
4229,4128,214,6.81
7038,7137,214,37.24
6614,6713,214,75.12
7414,7513,215,80.05
7114,7213,215,77.09
5913,6012,215,72.47
6613,6712,215,80.46
6312,6411,215,56.37
6915,7014,215,69.91
6115,6214,215,57.44
6314,6413,215,51.12
6926,7025,215,47.73
7121,7220,215,46.21
7542,7641,215,34.49
7555,7655,215,11.89
7026,7125,215,74.04
6933,7032,215,14.09
4334,4234,215,4.29
5415,5514,215,37.3
6714,6813,215,71.72
7116,7215,216,84.03
6713,6812,216,73.41
5714,5813,216,96.46
7120,7219,216,74.42
5713,5812,216,69.71
6616,6715,216,45.11
7237,7336,216,34.76
7847,7946,216,34.81
7340,7439,216,34.76
7444,7543,216,22.93
6928,7027,216,45.93
4420,4519,216,17.36
6914,7013,216,73.08
6112,6211,216,62.82
6411,6510,217,96.26
6712,6811,217,92.37
6315,6414,217,50.83
5514,5613,217,119.55
6113,6212,217,60.81
7415,7514,217,40.77
7135,7234,217,35.51
7341,7440,217,35.05
4719,4818,217,31.77
7653,7752,217,34.07
7745,7844,217,23.55
4320,4419,217,18.39
7338,7437,217,36.34
7125,7224,217,75.66
7014,7113,217,78.49
7339,7438,217,35.08
6936,7035,217,45.18
6935,7034,217,37.27
7139,7238,217,34.97
7013,7112,218,91.35
5812,5911,218,77.6
5813,5912,218,78
6812,6911,218,93.31
7215,7314,218,73.84
6211,6310,218,98.89
7513,7612,218,62.99
6012,6111,218,62.04
6214,6313,218,54.36
7214,7313,218,43.13
7744,7843,218,35.48
7221,7320,218,35.45
7743,7842,218,35.85
5216,5315,218,45.07
7949,8048,218,34.65
4619,4718,218,28.83
7655,7754,218,55.21
7540,7639,218,23.72
4221,4220,218,15.73
7544,7643,218,23.27
6413,6512,218,50.11
6510,6609,219,131.01
6811,6910,219,113.57
7514,7613,219,83.05
5613,5712,219,71.17
7219,7318,219,68.52
7213,7312,219,45.02
6813,6912,219,45.35
7220,7319,219,43.39
7948,8047,219,35.08
7541,7640,219,35.19
7947,8046,219,35.31
7945,8044,219,34.97
7137,7236,219,35.35
7753,7852,219,33.65
7944,8043,219,34.83
4918,5017,219,30.68
4231,4131,219,5.31
6934,7033,219,14.02
4228,4127,219,5.25
7313,7412,220,92.47
6911,7010,220,134.68
5912,6011,220,71.29
6414,6513,220,47.5
7336,7435,220,36.62
7112,7211,220,118.73
7217,7317,220,8.53
5911,6010,220,71.32
6715,6814,220,46.24
6831,6930,220,14.87
4226,4125,220,6.49
6212,6311,220,61.32
6111,6210,220,99.54
6910,7009,221,71.83
6609,6708,221,74.58
6912,7011,221,111.27
6512,6611,221,51.9
6310,6409,221,56.55
7320,7419,221,68.82
7035,7134,221,37.08
7234,7333,221,36.58
7034,7133,221,37.21
7224,7323,221,37.7
7946,8045,221,35.11
7641,7740,221,24.13
6833,6932,221,14.27
7024,7123,221,14.41
7316,7416,221,9.31
7113,7212,221,46.04
7023,7123,221,7.77
6313,6412,221,54.31
6311,6410,222,94.02
5712,5811,222,66.12
7312,7411,222,67.3
7319,7418,222,67.66
7643,7742,222,35.7
7314,7413,222,41.77
7639,7738,222,35.81
7844,7943,222,34.95
7238,7337,222,34.3
7752,7851,222,33.68
4818,4917,222,32.26
7439,7538,222,23.9
5315,5414,222,35.41
7011,7110,223,114.24
6409,6508,223,124.13
6611,6710,223,128.72
7010,7109,223,49.96
6210,6309,223,55.43
6010,6109,223,52.84
7640,7739,223,36.2
7033,7132,223,36.52
4718,4817,223,34.18
8048,8147,223,34.36
7438,7537,223,24.28
7437,7536,223,24.31
7440,7539,223,23.58
7236,7335,223,35.77
7543,7642,223,22.83
7754,7853,223,31.64
7212,7311,223,90.27
6832,6931,223,14.46
6814,6913,223,69.56
7612,7711,223,33.71
6452,6553,223,1.62
4226,4126,223,4.16
6011,6110,223,61.82
6513,6612,223,50.26
6830,6929,223,15.42
6410,6509,224,108.15
5811,5910,224,81.52
7413,7512,224,85.99
7416,7515,224,65.27
7123,7222,224,47.87
6412,6511,224,52.98
7412,7511,224,36.1
8046,8145,224,34.52
7852,7951,224,33.71
8047,8146,224,34.34
7613,7712,224,31.81
8043,8142,224,34.34
7435,7534,224,37.51
7235,7334,224,13.25
7655,7755,224,11.76
6110,6209,225,85.78
6508,6607,225,96.83
6309,6408,225,101.79
6710,6809,225,84.1
6913,7012,225,80.6
7418,7517,225,66.11
5414,5513,225,54.31
7134,7233,225,35.4
7009,7108,225,35.81
7323,7422,225,35.51
7133,7232,225,36.05
5017,5116,225,27.2
7843,7942,225,23.29
7842,7941,225,23.27
7211,7310,225,29.24
4519,4618,225,16.99
7025,7124,225,14.18
7333,7432,225,39.18
4225,4124,225,5.85
4438,4339,225,4.98
6509,6608,226,123.94
6109,6208,226,48.57
7742,7841,226,36.5
7337,7436,226,36.38
6708,6807,226,34.03
8045,8144,226,34.56
8044,8143,226,22.77
4220,4319,226,18.06
7032,7131,226,13.75
4439,4440,226,5.4
7026,7126,226,8.23
7534,7633,226,71.27
5910,6009,226,98.99
7517,7616,227,76.6
6209,6308,227,86.48
5513,5612,227,92.13
6408,6507,227,140.44
7012,7111,227,131.59
6511,6610,227,53.12
7755,7854,227,57.09
4817,4916,227,36.11
7711,7810,227,38.07
6612,6711,227,45.87
7642,7741,227,35.96
7109,7208,227,38.29
4917,5016,227,30.98
7538,7637,227,34.55
6708,6808,227,18.01
7740,7839,227,23.6
7335,7434,227,37.78
7411,7510,227,32.07
7851,7950,227,33.87
7126,7225,228,75.86
7422,7521,228,67.25
6809,6908,228,58.39
7222,7321,228,36.21
8142,8241,228,35.63
7515,7614,228,38.97
8147,8246,228,33.54
7537,7636,228,35.19
7110,7209,228,33.73
7738,7837,228,24.03
6708,6707,228,16.57
7009,7008,228,16.08
7853,7952,228,33.34
4130,4030,228,7.45
4130,4029,228,10.42
7125,7225,228,8.02
7108,7207,228,54.95
7511,7610,228,36
7712,7811,228,37.35
6610,6709,229,117.3
6711,6810,229,117.52
6807,6906,229,49.69
6208,6307,229,53.71
7432,7531,229,36.46
8146,8245,229,34.13
7739,7838,229,23.62
7536,7635,229,24.18
7110,7210,229,18.07
7943,8042,229,22.89
7311,7410,229,27.02
7124,7223,229,39.07
7512,7611,229,32.22
4334,4235,229,3.77
7951,8050,229,34.03
6507,6606,230,59.66
6308,6407,230,65.25
5612,5711,230,57.76
6808,6907,230,53.87
6009,6108,230,45.18
7941,8040,230,34.02
7942,8041,230,34.16
7539,7638,230,23.15
4618,4717,230,29.18
7320,7420,230,8.98
7310,7409,230,33.41
4129,4028,230,8.82
6930,7029,230,14.15
4741,4642,230,2.33
6810,6909,231,80.03
7521,7620,231,66.53
7510,7609,231,37.99
7616,7715,231,44.6
7810,7909,231,39.18
8144,8243,231,34.42
8143,8242,231,34.4
7841,7940,231,34.91
5116,5215,231,27.99
6607,6706,231,26.62
8145,8244,231,22.93
7434,7533,231,37.51
7317,7417,231,9.27
7318,7417,231,12.6
4231,4132,231,4.7
7209,7308,231,52.27
6932,7031,231,14.18
7355,7456,231,3.24
7208,7307,231,40.67
6407,6506,232,104.05
6307,6406,232,69.5
7008,7107,232,36.65
7225,7324,232,37.62
7207,7306,232,41.64
7610,7709,232,38.15
7811,7910,232,38.85
8241,8340,232,37.48
7614,7713,232,38.72
6908,7007,232,41.46
7950,8049,232,34.62
4916,5015,232,29.34
7854,7953,232,31.67
7839,7938,232,34.73
7436,7535,232,24.48
7416,7516,232,9.58
7633,7732,232,24.03
4221,4120,232,6.85
6928,7028,232,5.22
6906,7005,232,57.36
4742,4743,232,2.57
4943,4844,232,2.15
7131,7230,232,26.09
7420,7519,233,67.72
6907,7006,233,49.27
7210,7309,233,35.57
7611,7710,233,37.13
7223,7322,233,36.83
8246,8345,233,34.13
7837,7936,233,35.29
6707,6806,233,29.43
7637,7736,233,24.56
5016,5115,233,27.43
7741,7840,233,24.01
7755,7855,233,11.29
7418,7518,233,9.43
7419,7518,233,12.31
4131,4031,233,7.39
4419,4418,233,6.28
7952,8051,233,34.02
7410,7509,233,39.16
6931,7030,233,14.56
7533,7632,233,70.75
7638,7737,234,36.54
8040,8139,234,35.71
6108,6207,234,43.72
7838,7937,234,34.73
8245,8344,234,34.21
8042,8141,234,34.13
8050,8149,234,33.97
7636,7735,234,25.14
7409,7508,234,40.06
4717,4816,234,38.92
5711,5810,234,39.44
7334,7433,234,14.2
4221,4121,234,4.42
4337,4236,234,5.94
7132,7231,234,13.74
7910,8009,235,60.74
6406,6505,235,65.92
7005,7104,235,60.28
7308,7407,235,41.02
8242,8341,235,37.21
8243,8342,235,36.73
6706,6805,235,38.33
7307,7406,235,40.52
7609,7708,235,38.46
7909,8008,235,38.08
8041,8140,235,34.64
7531,7630,235,23.94
7635,7734,235,25.19
7232,7331,235,14.2
6207,6306,236,140.63
7518,7617,236,70.34
7855,7954,236,59.06
7006,7105,236,58.13
7322,7421,236,68.48
6506,6605,236,35.57
7516,7615,236,37.07
7938,8037,236,37.03
7709,7808,236,38.73
8340,8439,236,41.27
7713,7812,236,35.89
7306,7405,236,39.16
8244,8343,236,35.19
5215,5314,236,31.76
7940,8039,236,34.45
7715,7814,236,33.97
7620,7719,236,32.81
7029,7128,236,25
6806,6905,236,56.22
6606,6605,236,17.48
7233,7332,236,13.59
7422,7522,236,9.24
7324,7423,236,36.1
7455,7556,236,3.7
7534,7634,236,8.61
7107,7206,236,39.2
5810,5909,236,75.92
7433,7532,236,72.2
7710,7809,237,38.93
5115,5214,237,41.46
8345,8444,237,35.85
7953,8052,237,33.01
8049,8148,237,34.4
6606,6705,237,23.32
7509,7608,237,38
4816,4915,237,49.55
4419,4518,237,7.26
4338,4237,237,6.24
7007,7106,237,34.24
4128,4027,237,6.35
4337,4237,237,3.78
7936,8035,237,36.98
7309,7408,237,40.38
7719,7818,238,85.32
5909,6008,238,81.66
8141,8240,238,35.77
8344,8443,238,37.86
7937,8036,238,37.63
8139,8238,238,38.56
7840,7939,238,34.44
7028,7127,238,24.96
7230,7329,238,25.57
7508,7607,238,37.3
5015,5114,238,27.03
8051,8150,238,33.62
7732,7831,238,23.63
6805,6904,238,59.1
4439,4340,238,4.67
7617,7716,239,49.69
7421,7520,239,67.55
7615,7714,239,68.36
6306,6405,239,57.74
8140,8239,239,37.1
7708,7807,239,38.18
7331,7430,239,36.98
7406,7505,239,36.68
8342,8441,239,38.41
8341,8440,239,40.17
7407,7506,239,37.36
7104,7203,239,38.94
8149,8248,239,34.05
7736,7835,239,24.69
7521,7621,239,9.36
7632,7731,239,23.94
7126,7226,239,8
7522,7621,239,66.82
8008,8107,239,39.38
5314,5413,239,48.4
6705,6804,240,50.33
8039,8138,240,37.73
8343,8442,240,38.27
8037,8136,240,38.17
7405,7504,240,37.42
7105,7204,240,40.26
7206,7305,240,41.52
7808,7907,240,39.01
6905,7004,240,38.26
7814,7913,240,37.56
7231,7330,240,25.76
7737,7836,240,24.13
4418,4517,240,20.25
4338,4238,240,3.99
4224,4123,240,3.46
5045,5046,240,2.35
7355,7356,240,1.9
4640,4541,240,2.74
7735,7834,240,23.8
7812,7911,240,38.45
4440,4441,241,41.13
4131,4032,241,9.94
5247,5248,241,42.21
5348,5349,241,42.31
5146,5147,241,41.96
5045,4945,241,2.8
5347,5248,241,13.01
6653,6654,241,23.37
7055,7056,241,24.25
5044,4945,241,12.26
6351,6352,241,19.6
6954,6955,241,20.05
7456,7457,242,42.4
4132,4133,242,40.94
4642,4643,242,41.99
7755,7756,242,42.21
7655,7656,242,42.07
7555,7656,242,4.28
6754,6755,242,22.89
6452,6453,242,24.08
4238,4239,243,41.48
5046,5047,243,41.91
7356,7357,243,42.41
7226,7227,243,41.67
4340,4341,243,41.53
4541,4542,243,42.08
7556,7557,243,42.26
7719,7720,243,39.75
4121,4122,243,41.83
7855,7856,243,42.42
7911,7912,243,42.29
7522,7523,243,41.8
7423,7424,243,41.67
6251,6252,243,24.73
6854,6855,243,19.12
5349,5350,244,42.22
5147,5148,244,42.05
7204,7205,244,25.63
7506,7507,244,25.56
7716,7717,244,25.53
4032,4033,244,41.79
4441,4442,244,42.21
7814,7815,244,25.2
7818,7819,244,24.88
5248,5249,244,42.26
6553,6554,244,23.01
5348,5449,244,4.74
8107,8108,244,24.8
7812,7813,244,25.23
7457,7458,245,41.29
4643,4644,245,41.34
4133,4134,245,41.21
7656,7657,245,41.87
7617,7618,245,23.04
7954,7955,245,21.23
7907,7908,245,24.36
8246,8247,245,18.8
5045,4946,245,12.5
4542,4543,246,41.96
7424,7425,246,41.63
4239,4240,246,41.29
7523,7524,246,41.71
7227,7228,246,41.64
6654,6655,246,22.28
7430,7431,246,18.81
8248,8249,246,18.96
8150,8151,246,18.85
8444,8445,246,17.37
8037,8038,246,18.06
7357,7358,246,42.17
4341,4342,246,42.14
8345,8346,246,18.35
4120,4219,246,0.12
7621,7622,246,19.54
7324,7325,246,18.77
8052,8053,246,19.16
8136,8137,246,18.72
4442,4443,247,41.96
5350,5351,247,41.65
5148,5149,247,42.13
6755,6756,247,23.35
6453,6454,247,23.15
7819,7820,247,40.15
5249,5250,247,41.99
6955,6956,247,19.27
4033,4034,247,42.14
7910,8010,247,2.44
6352,6353,247,19.19
4134,4135,248,41.09
7618,7619,248,40.13
7955,7956,248,42.36
8439,8538,248,0.7
6855,6856,248,23.75
7815,7816,248,26.32
4234,4135,248,10.89
6250,6151,248,8.55
6049,5950,248,8.43
4543,4544,249,41.11
4240,4241,249,41.65
4342,4343,249,42
7425,7426,249,41.68
8108,8109,249,24.49
7717,7718,249,24.41
6554,6555,249,22.54
7557,7558,249,17.88
7358,7359,249,40.75
6252,6253,249,19.34
4443,4444,250,41.09
5351,5352,250,39.98
5149,5150,250,41.53
8010,8011,250,42.3
4034,4035,250,41.98
5250,5251,250,40.43
7356,7257,250,14.6
7820,7821,250,39.55
4235,4136,250,11.37
4030,3931,250,11.52
6756,6757,251,25.9
6655,6656,251,24.21
7657,7658,251,17
4236,4137,251,11.18
4031,3932,251,11.24
4029,3930,251,11.15
5648,5649,251,7.16
4544,4545,252,41.31
7426,7427,252,41.59
4343,4344,252,41.3
6454,6455,252,23.44
8346,8347,252,18.84
7325,7326,252,18.85
8053,8054,252,19.92
8445,8446,252,17.94
8151,8152,252,19.08
5046,4947,252,11.93
4241,4242,252,42.2
7359,7360,252,39.35
4237,4138,252,11.09
7357,7258,252,15.73
8249,8250,252,18.88
4121,4022,252,11.78
7816,7817,252,25.79
7156,7157,252,7.72
6050,6051,252,7.26
5548,5549,252,7.18
5749,5750,252,7.22
5849,5850,252,7.2
4444,4445,253,41.29
5352,5353,253,41.15
5150,5151,253,39.5
4035,4036,253,41.67
6555,6556,253,26.54
5251,5252,253,39.46
6856,6857,253,24.13
6151,6152,253,24.6
6353,6354,253,18.94
5147,5048,253,12.22
4238,4139,253,11.22
7128,7129,253,7.66
7630,7631,253,7.78
4123,4024,253,11.54
7831,7832,253,7.76
7732,7733,253,7.83
3932,3933,254,41.17
8011,8012,254,25.01
8538,8539,254,19.31
7056,7057,254,7.72
7358,7259,254,18.29
4032,3933,254,11.72
4027,3928,254,10.06
4122,4023,254,13.64
4743,4744,254,7.15
4844,4845,254,7.15
6253,6254,254,24.06
7913,7914,254,7.52
7427,7428,255,41.43
7326,7327,255,41.64
4344,4345,255,41.48
4545,4546,255,41.96
6757,6758,255,28.87
6656,6657,255,29.45
7558,7559,255,17.53
7756,7757,255,7.74
7820,7721,255,19.56
4242,4243,255,42.1
4124,4025,255,8.59
5252,5253,256,42.35
4445,4446,256,41.95
4036,4037,256,41.4
4139,4140,256,41.5
6455,6456,256,28.23
5148,5049,256,12.42
4239,4140,256,10.97
5151,5152,256,40
7856,7857,256,7.82
7157,7158,256,26.16
4033,3934,256,12.45
6556,6557,257,31.49
6857,6858,257,27.15
7658,7659,257,17.9
8054,8055,257,21.45
5413,5512,257,1.27
7359,7260,257,19.73
5750,5751,257,21.19
4243,4244,258,41.65
4345,4346,258,42.08
6758,6759,258,42.11
7559,7560,258,40.4
7327,7328,258,41.56
4025,4026,258,35.7
7057,7058,258,25.95
6354,6355,258,24.02
6152,6153,258,24.14
8250,8251,258,18.7
8347,8348,258,18.89
8152,8153,258,19.07
8446,8447,258,18.43
7458,7459,258,8.3
5449,5450,258,7.21
5909,5809,258,5.48
6207,6107,258,5.43
4446,4447,259,42.08
4037,4038,259,41.78
5049,5050,259,41.34
5152,5153,259,42.29
3934,3935,259,42.3
6657,6658,259,28.95
8012,8013,259,24.83
6254,6255,259,24.38
5353,5354,259,19.47
4034,3935,259,12.08
4240,4141,259,11.48
7228,7229,259,7.74
7158,7159,259,42.15
6505,6504,259,0.8
7914,7915,259,24.95
7659,7660,260,41.42
6456,6457,260,31.57
8539,8540,260,19.34
6956,6957,260,7.72
7524,7525,260,7.67
7622,7623,260,7.66
4644,4645,260,7.14
8055,8056,260,42.12
7522,7623,260,6.61
7058,7059,261,42.16
6759,6760,261,37.74
4346,4347,261,42.28
4244,4245,261,41.81
5450,5451,261,42.28
7459,7460,261,39.01
6557,6558,261,26.78
6858,6859,261,25.2
7428,7429,261,18.74
7721,7722,261,19.56
7956,7957,261,7.97
4241,4142,261,12.64
3935,3936,262,42.37
7159,7160,262,39.01
5050,5051,262,39.28
4447,4448,262,42.09
4038,4039,262,41.88
6355,6356,262,28.07
7757,7758,262,16.62
5950,5951,262,7.27
7819,7920,262,8.15
7660,7661,263,41.58
6457,6458,263,42.33
7525,7526,263,41.75
7623,7624,263,41.82
6255,6256,263,27.28
7915,7916,263,25.65
7857,7858,263,16.61
8109,8110,263,7.56
8056,8057,263,40.05
6153,6154,263,24.3
7059,7060,264,38.16
6760,6761,264,39.44
4347,4348,264,42.19
4245,4246,264,42.19
5451,5452,264,41.51
6957,6958,264,26.06
8013,8014,264,24.85
8153,8154,264,19.98
8447,8448,264,18.54
8251,8252,264,18.84
6758,6659,264,15.9
7821,7822,264,7.6
8348,8349,264,18.9
4142,4143,264,42.19
7820,7921,264,8.61
4242,4143,264,12.36
3936,3937,265,42.32
7160,7161,265,40.41
5951,5952,265,42.09
5051,5052,265,40.26
4448,4449,265,41.97
4039,4040,265,41.95
6759,6660,265,20.9
3932,3833,265,10.83
6151,6052,265,8.61
5649,5650,265,7.21
7360,7361,265,8.17
7661,7662,266,41.63
7526,7527,266,41.59
7624,7625,266,41.86
6356,6357,266,30.81
8540,8541,266,19.02
5152,5053,266,15.27
7832,7833,266,7.88
5549,5550,266,7.21
4947,4948,266,7.16
5850,5851,266,7.26
8057,8058,266,40.4
3931,3832,266,9.42
3933,3834,266,12.29
5452,5453,267,40.6
4246,4247,267,42.28
4348,4349,267,41.65
6958,6959,267,42.22
7060,7061,267,39.92
7916,7917,267,25.69
6256,6257,267,30.03
7957,7958,267,17.33
7722,7723,267,19.47
7058,6959,267,15.76
3934,3835,267,12.99
7129,7130,267,7.64
6605,6704,267,0.96
4143,4144,267,41.96
4449,4450,268,40.88
3937,3938,268,42.12
7161,7162,268,40.77
6154,6155,268,24.52
7758,7759,268,17.99
7059,6960,268,20.63
3928,3929,268,7.4
4845,4846,268,7.17
8014,8015,268,25.29
7662,7663,269,41.39
6357,6358,269,42.35
5851,5852,269,42.24
6761,6762,269,20.12
6760,6661,269,19.65
7660,7561,269,17.06
7858,7859,269,18.03
5253,5254,269,8.31
5049,4950,269,11.04
4546,4547,269,7.19
4744,4745,269,7.15
4024,3925,269,9.18
3930,3831,269,8.23
8154,8155,269,21.79
7061,7062,270,41.68
6257,6258,270,42.43
4247,4248,270,42.19
4144,4145,270,42.1
7822,7823,270,19.51
8252,8253,270,19.04
3935,3836,270,13.34
7260,7261,270,8.15
6152,6053,270,8.63
3835,3836,270,41.28
8349,8350,270,19.21
5650,5651,270,20.93
8448,8449,270,18.95
4349,4350,270,40.2
4450,4451,271,40.2
3938,3939,271,42.13
6960,6961,271,38.67
7917,7918,271,25.56
6659,6560,271,20.68
5153,5154,271,8.74
4038,3939,271,11.87
5751,5752,271,7.43
8444,8543,271,0.7
7561,7562,272,41.6
5254,5255,272,36.69
4950,4951,272,39.28
7663,7664,272,41.4
6155,6156,272,26.64
5453,5454,272,22.75
8015,8016,272,25.68
7661,7562,272,16.97
5354,5355,272,8.18
8155,8156,272,41.92
8058,8059,272,18.43
8010,8111,272,5.83
4145,4146,273,42.31
7723,7724,273,19.25
3936,3837,273,13.08
4245,4146,273,12.61
6558,6559,273,8.72
6859,6860,273,8.51
3836,3837,273,42.35
6759,6860,273,9.84
7958,7959,273,18.27
7427,7528,273,7.03
7819,7919,273,3.46
4248,4249,273,41.48
5909,5908,273,2.3
4142,4043,273,12.6
4350,4351,273,40.66
3939,3940,274,42.25
5154,5155,274,36.12
7759,7760,274,18.96
5052,4953,274,16.54
6458,6459,274,9.26
5752,5753,274,42.21
4039,3940,274,12.02
7460,7461,274,7.89
4645,4646,274,7.18
6605,6604,274,0.9
7608,7707,274,0.87
6207,6206,274,2.28
4121,4021,274,2.6
4451,4452,274,42.42
5255,5256,275,40
4951,4952,275,40.51
7562,7563,275,41.31
7859,7860,275,19.03
6762,6763,275,18.15
6661,6662,275,19.96
8253,8254,275,20.16
6960,6861,275,20.27
7662,7563,275,17.38
4246,4147,275,12.9
8156,8157,275,39.64
6053,6054,275,24.35
4025,3926,275,7.34
6405,6305,275,2.78
8449,8450,275,20.3
7664,7665,275,41.58
6153,6054,275,8.63
6156,6157,276,29.14
8111,8112,276,25.08
6961,6962,276,23.49
7823,7824,276,19.37
8016,8017,276,25.61
7061,6962,276,16.87
3837,3838,276,42.43
8350,8351,276,19.16
4026,3927,276,8.07
4351,4352,276,41.74
5413,5313,276,2.77
4143,4044,276,12.03
4249,4250,276,40.22
6459,6460,277,35.94
4953,4954,277,35.02
7760,7761,277,41.65
5155,5156,277,40.79
3940,3941,277,42.39
6257,6158,277,14.25
7563,7564,278,41.38
4147,4148,278,42.13
5256,5257,278,41.06
5154,5055,278,21.72
7561,7462,278,17.02
7663,7564,278,17.36
5454,5455,278,19.65
8157,8158,278,40.45
5053,5054,278,8.7
8059,8060,278,18.93
7361,7362,278,7.9
6054,6055,278,42.11
7665,7666,278,41.67
8112,8113,279,42.24
6962,6963,279,41.88
4250,4251,279,41.53
7959,7960,279,18.96
5753,5754,279,20.98
4144,4045,279,12.35
8541,8542,279,7.81
3838,3839,279,42.43
4040,4041,279,7.2
5952,5953,279,7.68
7921,7922,279,7
4044,4045,279,42.2
4954,4955,280,39.18
7761,7762,280,41.65
5156,5157,280,41.5
4352,4353,280,32.06
6861,6862,280,21.92
8450,8451,280,20.58
8254,8255,280,21.59
6358,6359,280,9.57
7625,7626,280,7.69
4948,4949,280,7.17
5550,5551,280,7.31
7920,8021,280,8.08
3835,3736,280,10.96
5810,5710,280,2.41
4148,4149,281,41.52
7564,7565,281,41.58
7666,7667,281,41.74
6055,6056,281,42.42
7462,7463,281,41.28
8017,8018,281,24.85
6459,6360,281,21.8
4953,4854,281,22.12
5055,5056,281,40.03
7860,7861,281,19.03
7562,7463,281,17.51
4145,4046,281,13
6258,6259,281,9.54
7162,7163,281,8.12
8158,8159,281,41.22
5752,5653,281,15.6
3836,3737,281,13.2
7664,7565,281,17.06
4251,4252,282,40.75
3839,3840,282,42.42
5953,5954,282,42.03
6460,6461,282,21.7
7824,7825,282,19.04
5754,5755,282,41.59
4846,4847,282,7.19
8351,8352,282,18.49
6963,6964,282,40.08
4351,4252,282,16.76
3833,3734,282,8.37
3834,3735,282,9.31
8451,8452,283,42.07
7762,7763,283,41.53
4353,4354,283,35.56
4955,4956,283,40.76
8021,8022,283,39.07
4352,4253,283,22.64
7261,7262,283,8.04
7062,7063,283,7.9
4745,4746,283,7.17
5852,5853,283,7.65
4547,4548,283,7.17
8255,8256,283,41.68
7463,7464,284,41.39
7667,7668,284,41.81
4854,4855,284,39.81
3737,3738,284,42.41
8113,8114,284,24.85
4952,4853,284,17.44
7563,7464,284,17.39
4146,4047,284,13.04
8060,8061,284,19.13
5355,5356,284,8.59
8543,8544,284,8.05
4046,4047,284,42.29
3832,3733,284,8.12
7526,7627,284,6.86
3837,3738,284,13.96
7504,7605,284,3.28
7203,7304,284,3.2
7505,7606,284,3.25
5651,5652,284,7.39
7565,7566,284,41.7
6054,5955,284,15.9
7665,7566,284,16.9
8107,8208,284,3.25
4149,4150,284,40.47
3840,3841,285,42.43
6056,6057,285,29.31
6259,6260,285,32.75
6862,6863,285,23.8
7922,7923,285,18.81
6962,6863,285,16.47
3940,3841,285,13.44
7960,7961,285,19.08
4950,4851,285,9.16
5455,5456,285,16.38
7624,7725,285,6.54
6964,6965,285,38.87
4021,3922,285,14.08
8022,8023,286,39.82
8452,8453,286,41.45
4253,4254,286,37.09
4548,4549,286,41.96
7063,7064,286,39.15
6360,6361,286,23.03
5653,5654,286,22.89
5156,5057,286,17.2
5853,5854,286,42.25
8018,8019,286,24.84
7528,7529,286,7.81
4951,4852,286,10.13
6560,6561,286,6.92
6661,6562,286,8.82
7763,7764,286,41.47
4452,4453,286,8.95
8035,8134,286,0.7
5909,5808,286,2.93
7464,7465,287,41.58
5955,5956,287,42.4
5356,5357,287,38.86
4150,4151,287,42.24
7668,7669,287,41.18
4855,4856,287,41.68
3738,3739,287,42.43
4251,4152,287,18.28
7564,7465,287,17.06
7666,7567,287,16.77
7462,7363,287,17.55
7861,7862,287,19.03
4147,4048,287,12.42
8159,8160,287,19
3831,3732,287,8.01
3929,3830,287,7.84
3838,3739,287,13.83
4047,4048,287,42.11
6963,6864,287,19.04
6207,6106,287,2.91
5755,5756,287,23.07
5612,5611,287,0.96
7566,7567,287,41.76
6260,6261,288,41.31
3841,3842,288,42.43
8114,8115,288,25.81
6259,6160,288,22.58
6158,6159,288,9.26
6157,6058,288,12.85
4646,4647,288,7.21
8352,8353,288,18.82
8108,8209,288,3.28
6662,6663,288,8.01
5456,5457,288,33.6
4044,3945,288,12.62
8453,8454,289,41.86
4549,4550,289,41.3
5654,5655,289,40.99
7064,7065,289,40.4
4354,4355,289,17.93
4854,4755,289,19.31
5854,5855,289,42.43
6763,6764,289,7.28
8156,8257,289,8.53
7504,7404,289,2.06
4453,4454,289,34.13
7764,7765,289,41.56
8107,8007,289,2.04
3739,3740,290,42.38
5956,5957,290,40.66
4856,4857,290,40.98
8061,8062,290,19.06
4253,4154,290,21.27
7463,7364,290,17.38
7667,7568,290,16.62
3839,3740,290,13.73
4045,3946,290,13.23
7465,7466,290,41.77
7567,7568,290,41.68
7203,7103,290,2
6964,6865,290,20.12
6864,6865,290,40.15
7565,7466,290,16.84
8019,8020,290,26.26
4048,4049,290,41.13
4152,4153,291,31.47
7923,7924,291,19.56
4853,4754,291,22.65
5257,5258,291,7.93
3941,3942,291,7.28
7961,7962,291,19.03
5457,5458,291,39.39
8454,8455,292,41.44
4550,4551,292,40
4355,4356,292,40.12
8115,8116,292,26.31
4254,4255,292,18.05
6562,6563,292,18.42
8023,8024,292,19.14
6361,6362,292,18.45
7065,7066,292,40.55
7668,7569,292,17.71
3840,3741,292,14.19
3737,3638,292,13.59
4755,4756,292,41.71
8257,8258,292,40.59
4046,3947,292,12.95
5756,5757,292,20.39
6663,6664,292,25.01
6764,6765,292,41.59
5855,5856,292,41.81
7464,7365,293,17.06
8209,8210,293,24.24
7862,7863,293,19
5157,5158,293,7.9
3736,3637,293,11.73
4041,4042,293,7.23
8160,8161,293,19.11
8353,8354,293,20.21
7364,7365,293,41.58
5808,5709,293,20.31
7466,7467,293,41.74
7566,7467,293,16.73
4049,4050,293,40.46
5957,5958,294,25.93
6261,6262,294,18.21
4152,4053,294,22.65
6260,6161,294,17.51
3738,3639,294,14.18
7163,7164,294,7.96
5551,5552,294,7.28
5655,5656,294,21.11
8444,8545,294,2.55
3947,3948,295,42.19
8455,8456,295,39.87
6765,6766,295,33.75
4551,4552,295,42.23
4356,4357,295,39.27
6865,6866,295,20.07
5856,5857,295,41.34
7765,7766,295,18.98
4454,4455,295,17.72
6159,6060,295,22.63
4151,4052,295,20.05
4856,4757,295,17.98
3841,3742,295,14.21
4853,4753,295,9.44
5652,5553,295,13.83
3741,3742,295,42.41
4756,4757,295,41.59
3927,3828,295,7.57
6305,6205,295,5.2
7066,7067,295,40.17
8238,8339,295,2.56
4050,4051,296,42.35
5158,5159,296,40.04
8354,8355,296,42.38
7467,7468,296,41.33
8116,8117,296,25.78
4154,4155,296,17.74
4150,4051,296,12.74
4956,4957,296,7.9
7262,7263,296,7.97
6461,6462,296,7.43
7825,7826,296,7.68
4847,4848,296,7.18
8021,8122,296,8.95
3926,3827,296,6.8
7365,7366,296,41.77
7465,7366,296,16.71
7567,7468,296,16.87
7834,7935,296,2.56
8062,8063,296,19.08
5457,5358,296,19.69
8136,8237,296,2.56
6262,6263,297,39.27
4053,4054,297,39.19
3639,3640,297,42.28
6664,6665,297,24.97
7924,7925,297,19.17
4355,4256,297,19
3739,3640,297,14.79
6965,6966,297,8.39
7065,6966,297,18.52
4746,4747,297,7.21
7627,7628,297,7.74
7962,7963,297,19.06
6563,6564,297,22.78
5456,5557,297,12.24
5258,5259,297,18.06
6060,6061,298,40.19
7067,7068,298,39.77
8456,8457,298,40.62
4552,4553,298,38.21
7766,7767,298,41.68
4357,4358,298,39.85
3948,3949,298,40.7
6362,6363,298,17.8
8024,8025,298,19.43
3742,3743,298,42.42
4755,4656,298,16.82
4757,4758,298,39.23
8158,8259,298,7.23
7568,7469,298,18.79
5553,5554,298,40.8
8258,8259,298,18.94
4453,4554,298,11.96
4155,4156,299,38.76
8355,8356,299,40.81
8122,8123,299,39.41
7863,7864,299,18.92
6765,6666,299,22.44
6159,6059,299,9.86
6058,6059,299,9.23
7669,7670,299,8.38
8134,8135,299,7.88
7529,7530,299,7.81
7725,7726,299,7.67
4851,4752,299,10.57
3922,3923,299,7.47
5057,5058,299,7.88
4754,4655,299,20.16
7364,7265,299,17.06
7366,7367,299,41.59
8161,8162,299,19.11
5358,5359,299,40.74
7466,7367,299,16.77
4256,4257,300,39.02
3640,3641,300,42.38
5557,5558,300,35.12
6161,6162,300,17.92
8545,8546,300,17.58
5709,5610,300,21.11
4356,4257,300,19.8
5654,5555,300,10.62
5857,5858,300,23.5
8112,8213,300,5.96
3740,3641,300,14.43
5512,5412,300,2.35
7066,6967,300,18.94
5656,5657,300,17.47
3734,3635,300,8.11
4816,4716,300,1.62
3735,3636,300,8.23
6263,6264,300,39.23
7767,7768,301,51.21
4656,4657,301,54.64
4358,4359,301,51.64
4554,4555,301,42.53
3743,3744,301,62.31
3949,3950,301,81.8
7068,7069,301,47.22
6564,6565,301,32.69
7826,7827,301,22.96
8117,8118,301,31.61
6766,6767,301,17.19
4455,4456,301,20.2
5158,5059,301,12.09
3842,3843,301,19.37
4647,4648,301,21.65
4756,4657,301,10.02
3641,3642,302,53.53
8356,8357,302,39.3
6462,6463,302,21.07
3828,3829,302,37.42
6262,6163,302,12.61
4053,3954,302,12.71
7467,7368,302,10.71
5757,5758,302,13.78
5458,5459,302,16.42
4857,4858,302,15.28
3942,3943,302,20.08
7064,7165,302,15.37
7668,7769,302,14.11
8452,8553,302,11.96
8451,8552,302,10.79
4753,4654,302,16.72
8538,8639,302,4.44
7367,7368,302,48.42
5456,5556,302,7.27
7963,7964,302,22.35
8063,8064,302,22.41
5159,5160,302,18.28
3950,3951,303,52.34
4648,4649,303,69.9
5558,5559,303,44.5
4257,4258,303,44.13
5657,5658,303,35.57
6666,6667,303,24.78
8457,8458,303,21.85
8259,8260,303,22.12
4054,4055,303,19.36
4052,3953,303,14.76
8210,8211,303,17.47
4359,4360,303,57.22
5858,5859,303,35.33
7569,7570,303,15.11
7365,7266,303,10.04
6363,6364,303,24.57
3642,3643,304,53.84
7069,7070,304,44.93
6565,6566,304,34.28
4555,4556,304,44.31
6767,6768,304,34.29
4657,4658,304,48.44
4456,4457,304,44.73
8213,8214,304,31.01
6061,6062,304,20.65
4747,4748,304,21.67
4848,4849,304,22.09
6060,5961,304,12.14
7067,6968,304,11.25
5958,5959,304,13.25
7065,7166,304,14.6
3733,3634,304,3.78
8021,8121,304,5.65
4757,4658,304,13.08
8257,8358,304,15.53
5808,5708,304,4.51
7764,7865,304,13.47
8162,8163,304,22.39
7864,7865,304,22.24
4649,4650,305,78.22
3954,3955,305,42.94
5160,5161,305,35.99
6264,6265,305,24.43
8546,8547,305,20.33
4156,4157,305,19.04
3923,3924,305,20.68
8025,8026,305,17.68
7925,7926,305,17.53
7628,7629,305,17.35
4155,4056,305,12.94
7263,7264,305,16.89
4957,4958,305,16.28
6866,6867,305,13.47
8455,8556,305,17.08
8454,8555,305,14.16
8453,8554,305,12.25
8446,8547,305,4.41
8118,8119,305,30.1
5259,5260,305,15.17
3643,3644,306,57.87
4748,4749,306,71.56
5658,5659,306,35.92
5758,5759,306,32.09
7827,7828,306,22.78
7726,7727,306,17.44
7670,7671,306,15.61
4552,4653,306,17.01
4758,4759,306,13.74
3947,3848,306,7.05
5859,5860,306,38.79
5359,5360,306,15.52
6163,6164,306,25.27
8539,8640,306,4.44
4258,4259,306,44.21
7066,7167,306,14.56
4021,3921,306,2.6
3843,3844,306,20.77
3744,3745,306,20.51
4650,4651,307,90.88
6566,6567,307,40
6768,6769,307,36.88
6062,6063,307,45.47
4556,4557,307,48.99
7070,7071,307,42.19
4457,4458,307,49.55
7769,7770,307,20.78
6666,6567,307,17.23
6059,5960,307,17.23
8211,8212,307,31.34
7067,7168,307,14.44
8456,8557,307,15.87
4357,4458,307,15.13
8122,8223,307,15.45
4360,4361,307,28.67
8064,8065,307,22.2
3943,3944,307,21.25
4658,4659,307,36.13
7004,7003,307,1.74
7964,7965,307,22.18
4749,4750,308,78.26
3848,3849,308,81.72
3955,3956,308,40.89
5161,5162,308,35.09
4056,4057,308,42.85
4157,4158,308,43.94
8214,8215,308,32.92
8458,8459,308,22.08
8260,8261,308,22.08
6364,6365,308,24.29
5260,5261,308,36.95
3638,3539,308,6.01
8447,8548,308,4.41
6463,6464,308,19.23
4259,4260,308,50.83
5059,5060,308,14.68
7366,7267,308,10.22
4557,4558,309,51.52
4458,4459,309,52.01
4651,4652,309,71.71
5759,5760,309,42.43
6265,6266,309,28.65
8119,8120,309,30.43
8358,8359,309,22.08
4849,4850,309,23.67
5961,5962,309,21.16
8163,8164,309,22.32
6667,6668,309,17.15
7865,7866,309,22.24
5459,5460,309,15.94
4858,4859,309,14.85
6767,6868,309,18.69
7068,6969,309,11.51
7068,7169,309,14.72
7766,7867,309,13.37
3637,3538,309,6.27
8540,8641,309,4.42
8107,8207,309,1.85
4260,4261,310,64.97
3849,3850,310,78.32
4750,4751,310,94.55
3539,3540,310,82.57
7071,7072,310,39.91
5659,5660,310,26.32
7926,7927,310,23.37
5559,5560,310,16.04
8223,8224,310,44.32
7767,7868,310,13.43
4052,3952,310,6.45
3639,3540,310,6.93
6063,6064,310,41.02
3732,3633,310,3.73
7203,7303,310,1.78
4361,4362,310,38.77
6804,6803,310,1.66
6365,6366,311,33.96
8215,8216,311,34.17
6164,6165,311,23.97
8026,8027,311,17.86
7069,7170,311,15.5
8123,8124,311,8.87
5860,5861,311,21.61
5060,5061,311,35.32
3830,3731,311,3.67
6504,6404,311,1.69
3844,3845,311,21.22
3540,3541,312,69.21
4558,4559,312,44.63
5460,5461,312,41.43
4459,4460,312,46.43
6266,6267,312,40.99
6464,6465,312,26.75
8557,8558,312,21.97
8065,8066,312,22.2
3745,3746,312,19.62
7727,7728,312,17.47
4958,4959,312,15.33
6768,6869,312,18.07
8552,8653,312,15.03
7469,7470,312,7.32
3640,3541,312,8.82
7828,7829,312,17.4
7965,7966,312,22.13
3644,3645,312,19.98
7504,7604,312,1.85
7367,7268,312,11.14
8448,8549,312,4.42
3850,3851,313,48.39
4261,4262,313,35.3
7072,7073,313,38.62
5660,5661,313,48.16
5760,5761,313,28.46
6668,6669,313,29.16
8459,8460,313,22.17
5360,5361,313,14.33
5161,5262,313,18.51
7070,7171,313,16.43
3954,3855,313,12.91
7069,6970,313,12.25
4759,4760,313,14.62
5260,5361,313,18.05
7833,7934,313,4.4
8261,8262,313,22.32
3541,3542,314,61.95
6366,6367,314,42.69
8216,8217,314,34.06
5061,5062,314,33.68
4362,4363,314,32.62
8359,8360,314,22.08
8641,8642,314,22.03
5162,5163,314,19.68
7770,7771,314,15.88
6567,6568,314,14.99
8554,8655,314,16.39
8164,8165,314,22.3
8538,8438,314,1.19
7607,7706,314,1.03
6267,6268,315,38.96
4460,4461,315,34.29
7268,7269,315,45.49
6465,6466,315,38.58
6165,6166,315,26.07
6064,6065,315,22.37
8224,8225,315,21.47
7868,7869,315,21.88
4057,4058,315,15.5
3956,3957,315,15.04
4659,4660,315,13.58
6769,6770,315,14.23
6566,6467,315,13.92
7070,6971,315,13.16
7470,7471,315,40.14
5709,5609,315,3.65
4158,4159,315,14.94
8208,8309,315,6.03
7368,7369,315,8.23
7004,6903,315,1.98
4258,4159,315,12.48
8449,8550,315,4.51
3542,3543,316,55.8
5661,5662,316,45.41
3855,3856,316,40.32
6669,6670,316,35.38
3845,3846,316,20.22
7927,7928,316,17.93
4859,4860,316,14.72
5962,5963,316,16.09
7071,7172,316,17.17
8124,8125,316,22.72
3955,3856,316,13.61
6062,5963,316,12.07
5861,5862,316,21.57
7073,7074,316,37.08
8122,8222,316,5.41
8451,8551,316,3.25
7570,7571,316,7.81
4361,4462,316,17.53
5062,5063,317,35.09
5761,5762,317,27.38
4262,4263,317,27.38
8558,8559,317,21.74
8066,8067,317,22.28
7728,7729,317,22.44
8027,8028,317,17.69
5560,5561,317,15.67
8223,8324,317,15.71
7966,7967,317,22.37
8209,8310,317,6.08
3543,3544,318,58.91
7269,7270,318,39.48
4159,4160,318,40.57
8262,8263,318,22.31
3746,3747,318,19.34
8653,8654,318,19.41
3645,3646,318,19.12
4362,4463,318,18.99
6668,6569,318,16.95
7071,6972,318,13.95
7471,7472,318,40.48
5060,4961,318,15.46
7369,7370,318,40.09
6063,5964,318,13.56
7829,7830,318,17.17
6305,6304,318,2.55
8217,8218,318,32.84
8460,8461,318,22.08
6804,6703,318,1.88
3856,3857,319,41.17
6166,6167,319,32.37
6467,6468,319,28.98
6367,6368,319,21.16
8655,8656,319,20.87
8642,8643,319,21.46
6869,6870,319,14.53
7072,7173,319,17.57
5163,5164,319,20.7
8165,8166,319,22.41
4459,4560,319,14.99
7671,7672,319,7.87
5862,5863,319,44.42
8310,8311,319,50.63
7074,7075,319,34.75
8360,8361,319,22.1
4959,4960,319,14.57
4263,4264,320,36.01
8324,8325,320,43.76
6670,6671,320,33.12
8225,8226,320,22.63
6268,6269,320,21
7869,7870,320,21.55
4460,4561,320,18.69
5461,5462,320,13.97
5061,4962,320,15.95
3952,3853,320,14.36
7072,6973,320,14.39
3544,3545,320,62.44
5063,5064,320,35.66
4760,4761,320,14.33
7370,7371,321,37.02
7270,7271,321,35.1
4160,4161,321,48.07
5662,5663,321,22.14
7771,7772,321,15.54
3851,3852,321,12.89
5262,5263,321,13.34
5361,5362,321,13.62
8125,8126,321,22.96
7073,7174,321,18.01
6106,6007,321,3.24
6368,6369,322,33.55
8218,8219,322,30.99
8067,8068,322,22.22
3846,3847,322,19.63
6065,6066,322,15.64
4363,4364,322,12.51
7967,7968,322,22.24
5863,5864,322,35.97
3954,3854,322,5.2
8552,8652,322,5.18
7075,7076,322,34.75
3545,3546,322,57.62
8559,8560,322,22.03
4058,4059,322,14.93
7928,7929,322,17.46
3957,3958,322,15.11
8238,8338,322,1.37
4161,4162,323,69.64
6269,6270,323,42.44
4264,4265,323,37.57
6973,6974,323,37.61
6468,6469,323,33.14
8263,8264,323,22.08
3747,3748,323,21.33
4660,4661,323,14.06
6770,6771,323,13.34
6669,6570,323,15.44
7571,7572,323,15.27
3850,3751,323,11.15
7073,6974,323,14.9
7729,7730,323,17.11
4962,4963,323,34.29
8028,8029,323,17.39
3546,3547,324,58.21
7174,7175,324,38.07
6671,6672,324,26.77
8656,8657,324,21.89
6167,6168,324,23.21
8461,8462,324,17.45
3646,3647,324,19.23
5762,5763,324,14.89
5561,5562,324,14.94
3855,3756,324,13.81
5164,5165,324,20.7
8166,8167,324,22.32
3921,3822,324,7.99
8213,8314,324,6.03
7074,7175,324,18.59
8361,8362,324,22.47
4860,4861,324,13.57
3748,3749,325,81.72
4162,4163,325,82.14
6369,6370,325,47.32
8226,8227,325,22.63
8325,8326,325,21.98
8643,8644,325,16.67
6670,6571,325,16.1
8311,8312,325,17.93
7472,7473,325,15.87
8223,8323,325,5.57
7076,7077,325,39.77
3547,3548,326,66.54
6974,6975,326,37.52
8219,8220,326,29.32
6066,6067,326,28.13
8126,8127,326,22.63
5964,5965,326,13.7
8324,8425,326,15.9
4159,4060,326,13.72
3822,3823,326,63.32
7471,7372,326,13.75
5064,5065,326,19.95
7672,7673,326,14.94
7074,6975,326,15.63
3857,3858,326,14.93
4463,4464,326,12.94
4963,4964,326,34.72
6305,6204,326,2.89
5808,5807,326,2.53
3749,3750,327,73.38
6168,6169,327,41.84
3756,3757,327,41.13
7175,7176,327,45.92
6469,6470,327,25.42
6771,6772,327,31.05
3751,3752,327,32.28
8068,8069,327,22.43
7968,7969,327,22.18
6870,6871,327,14.12
4263,4164,327,15.25
3856,3757,327,13.51
7870,7871,327,16.48
4961,4862,327,16.38
7075,7176,327,18.59
7173,7274,327,18.42
8560,8561,327,22.6
3548,3549,328,76.34
6370,6371,328,45.55
6672,6673,328,26.7
6270,6271,328,22.56
8264,8265,328,22.3
7929,7930,328,17.33
3823,3824,328,63.32
5462,5463,328,13.55
4264,4365,328,17.88
6972,6873,328,15.08
8314,8315,328,31.61
8214,8315,328,5.96
8310,8411,328,13.61
7077,7078,328,49.23
4761,4762,328,13.33
8238,8337,328,0.79
8136,8236,328,1.36
7176,7177,329,53.88
6975,6976,329,35.9
4964,4965,329,33.5
4060,4061,329,39.22
6571,6572,329,28.27
8657,8658,329,22.08
8362,8363,329,22.47
3647,3648,329,21.3
8029,8030,329,17.35
3958,3959,329,14.83
5663,5664,329,13.59
5263,5264,329,13.36
7174,7275,329,17.73
8167,8168,329,22.23
6671,6572,329,17.21
5362,5363,329,13.11
8312,8313,329,32.21
5165,5166,329,20.44
5863,5764,329,15.26
7075,6976,329,15.64
8545,8646,329,4.38
4962,4863,329,15.77
4561,4562,329,12.29
7078,7079,330,60.81
3549,3550,330,64.13
6871,6872,330,35.47
3752,3753,330,41.09
6067,6068,330,32.56
8220,8221,330,30.99
8644,8645,330,21.3
8462,8463,330,17.56
4264,4165,330,14.74
6973,6874,330,14.72
8326,8327,330,22.99
3542,3443,330,9.16
3541,3442,330,7.88
3757,3758,330,42.09
8227,8228,330,22.63
5864,5865,330,13.75
7275,7276,331,50.8
3648,3649,331,78.29
7177,7178,331,54.47
4061,4062,331,50.83
6371,6372,331,38.98
6772,6773,331,32.22
8425,8426,331,20.16
5965,5966,331,24.38
7473,7474,331,16.88
6269,6170,331,13.08
4265,4266,331,12.8
3855,3755,331,5.76
5065,5066,331,20.53
8127,8128,331,22.62
4121,4020,331,1.31
4661,4662,331,13.93
6976,6977,332,34.75
4863,4864,332,33.89
4965,4966,332,33.5
6673,6674,332,27.97
3824,3825,332,26.82
7969,7970,332,21.93
8561,8562,332,23.13
8069,8070,332,22.32
5562,5563,332,14.19
3751,3652,332,16.32
3853,3754,332,12.8
3540,3441,332,6.72
8215,8316,332,5.92
8315,8316,332,32.89
7173,7273,332,7.82
7079,7080,332,70.07
4062,4063,333,85.83
7178,7179,333,50.34
3649,3650,333,70.18
7276,7277,333,51.08
6068,6069,333,42.64
3550,3551,333,35.91
4165,4166,333,45.4
6874,6875,333,40.72
6271,6272,333,23.55
6470,6471,333,17.73
3858,3859,333,14.69
7372,7373,333,16.11
6672,6573,333,17.21
6974,6875,333,14.76
3543,3444,333,8.47
8207,8308,333,6
8546,8647,333,4.38
6773,6774,334,34.12
8363,8364,334,22.12
5764,5765,334,20.22
8265,8266,334,17.24
7930,7931,334,17.43
8168,8169,334,22.4
6571,6472,334,17.07
7871,7872,334,15.86
8411,8412,334,17.53
8658,8659,334,21.55
8639,8740,334,4.45
8538,8638,334,1.36
5808,5707,334,2.85
7080,7081,334,69.58
4966,4967,335,33.42
3825,3826,335,38.56
5966,5967,335,26.01
8228,8229,335,22.63
8030,8031,335,17.36
4964,4865,335,16
3756,3657,335,13.53
3444,3445,335,58.74
7772,7773,335,7.51
8324,8424,335,5.69
6977,6978,335,38.14
8216,8317,335,5.92
3539,3440,335,5.29
4464,4465,335,11.51
8316,8317,335,34.17
8327,8328,335,22.63
5808,5907,335,3.01
3636,3537,335,4.14
7081,7082,336,67.89
7277,7278,336,41.05
3650,3651,336,42.13
6875,6876,336,41.05
4063,4064,336,46.8
6674,6675,336,26.81
6170,6171,336,22.78
8463,8464,336,17.04
3959,3960,336,14.83
5463,5464,336,13.7
4164,4065,336,16.14
4862,4763,336,16.04
7274,7375,336,16.19
6975,6876,336,15.28
4060,3961,336,14.18
3751,3651,336,7.96
5066,5067,336,20.7
4762,4763,336,12.83
7604,7705,336,6
8426,8427,336,22.44
7179,7180,336,48.48
6774,6775,337,35.52
6069,6070,337,27.81
8562,8563,337,22.94
5563,5564,337,20.13
8128,8129,337,17.43
3758,3759,337,14.83
6673,6574,337,17.11
5264,5265,337,13.78
5865,5866,337,15.11
5363,5364,337,13.38
7271,7272,337,6.47
7572,7573,337,7.27
5166,5167,337,13.7
3445,3446,337,56.24
5664,5665,337,13.75
3545,3446,337,8.75
4562,4563,337,13.97
3635,3536,337,3.86
7082,7083,338,59.66
6272,6273,338,22.19
3652,3653,338,18.98
8070,8071,338,16.94
7970,7971,338,16.74
6372,6373,338,16.15
4863,4764,338,15.89
6572,6473,338,17.17
4965,4866,338,16
3752,3653,338,13.54
8222,8322,338,4.57
8412,8413,338,32.27
3657,3658,338,43.24
3757,3658,338,13.2
8640,8741,338,4.43
6978,6979,338,47.9
8217,8318,338,5.96
8547,8648,338,4.39
8317,8318,338,34.17
8647,8648,338,22.71
3961,3962,339,42.35
7180,7181,339,48.73
6876,6877,339,38.19
4065,4066,339,49.21
5765,5766,339,22.96
8266,8267,339,22.42
8169,8170,339,22.66
8364,8365,339,22.08
4166,4167,339,16.84
4266,4267,339,13.34
6976,6877,339,15.64
3546,3447,339,8.62
8309,8410,339,6.07
3446,3447,339,57.16
4967,4968,339,31.8
8551,8651,339,4.48
5611,5511,339,1.8
8659,8660,339,21.76
4662,4663,339,13.52
7083,7084,340,55.09
6070,6071,340,39.94
6775,6776,340,36.42
6675,6676,340,26.77
8229,8230,340,22.32
8328,8329,340,22.3
7931,7932,340,17.13
3859,3860,340,14.93
3550,3451,340,15.28
7275,7376,340,13.56
4365,4366,340,8.64
7673,7674,340,7.21
3829,3730,340,3.74
3827,3728,340,2.91
6979,6980,340,57.44
7278,7279,340,30.92
8548,8649,340,4.49
4066,4067,341,78.1
3962,3963,341,60
7181,7182,341,51.8
3653,3654,341,41.17
3658,3659,341,39.75
8427,8428,341,22.61
6171,6172,341,21
8464,8465,341,21.72
5967,5968,341,17.48
8031,8032,341,17.17
3551,3552,341,13.58
4966,4867,341,16.02
6674,6575,341,17.21
4864,4765,341,16.18
3753,3654,341,13.44
6204,6105,341,9.55
3538,3439,341,4.51
3447,3448,341,65.03
8649,8650,342,53.4
6877,6878,342,37.98
4167,4168,342,38.43
6273,6274,342,29.81
6473,6474,342,28.27
8318,8319,342,32.89
7277,7378,342,16.81
6573,6474,342,16.8
7276,7377,342,13.47
3755,3656,342,13.81
3756,3656,342,5.58
5067,5068,342,19.21
8218,8319,342,6.03
6977,6878,342,14.55
8641,8742,342,4.42
3921,3821,342,2.81
8413,8414,342,32.93
3634,3535,342,3.76
6980,6981,342,66.26
7182,7183,343,50.09
4067,4068,343,59.96
6776,6777,343,37.52
3728,3729,343,44.58
3451,3452,343,34.63
4267,4268,343,32.39
6373,6374,343,22.46
8563,8564,343,17.11
5464,5465,343,14.37
3754,3655,343,13.42
8129,8130,343,17.38
3822,3723,343,7.63
7179,7280,343,14.31
3448,3449,343,74.63
6981,6982,344,68.32
3659,3660,344,40.12
3963,3964,344,49.44
6575,6576,344,34.76
6676,6677,344,25.99
6071,6072,344,28.67
8365,8366,344,22.45
8660,8661,344,22.57
8267,8268,344,22.38
3759,3760,344,14.76
8071,8072,344,16.75
7474,7475,344,8.21
5866,5867,344,15.61
4865,4766,344,16.38
5609,5510,344,4.96
4716,4617,344,3.26
4967,4868,344,16.43
5665,5666,344,14.51
7278,7379,344,19.19
3723,3724,345,63.33
4168,4169,345,39.25
6878,6879,345,42.91
5968,5969,345,32.93
8329,8330,345,22.28
8230,8231,345,22.29
7932,7933,345,21.4
8170,8171,345,17.2
3449,3450,345,56.17
4563,4564,345,13.55
5564,5565,345,14.23
4465,4466,345,10.02
6474,6475,345,42.78
5265,5266,345,13.7
3550,3450,345,6.88
7183,7184,345,51.28
7274,7374,345,5.88
5364,5365,345,14.1
7971,7972,345,16.39
3823,3724,345,7.63
6274,6275,345,45.85
8653,8754,345,4.35
5167,5168,345,12.98
4763,4664,345,15.94
6374,6375,345,72.68
6982,6983,346,63.19
7280,7281,346,43.15
3452,3453,346,44.21
4068,4069,346,47.2
6777,6778,346,38.55
4268,4269,346,36.59
8319,8320,346,30.27
8465,8466,346,22.08
6172,6173,346,24.95
8428,8429,346,22.3
5766,5767,346,15.05
7180,7281,346,14.22
6576,6577,346,55.6
8219,8320,346,6.1
4968,4969,346,15.92
8414,8415,346,31.63
7807,7906,346,1.06
3964,3965,347,47.08
7379,7380,347,41.64
7475,7476,347,40.73
3660,3661,347,40.9
8742,8743,347,21.86
8032,8033,347,17.11
3552,3553,347,19.33
3860,3861,347,14.76
4267,4368,347,19.02
3961,3862,347,13.11
3657,3558,347,12.81
8655,8756,347,4.39
8642,8743,347,4.41
4866,4767,347,16.39
7872,7873,347,7.71
4764,4665,347,16.24
6475,6476,347,73.27
6704,6603,347,1.83
5413,5312,347,1.08
7281,7282,348,50.47
6983,6984,348,57.72
4169,4170,348,40.31
6375,6376,348,49.09
5969,5970,348,43.65
8564,8565,348,21.66
5465,5466,348,21.89
6577,6578,348,83.88
4868,4869,348,27.82
6879,6880,348,45.65
6476,6477,348,108.2
8107,8206,348,1.07
6477,6478,349,119.04
7380,7381,349,51.05
6778,6779,349,34.17
4069,4070,349,44.63
4466,4467,349,25.8
6275,6276,349,28.98
8366,8367,349,22.56
6677,6678,349,22.2
5666,5667,349,22.49
8661,8662,349,23.54
6578,6579,349,109.89
4269,4270,349,41.16
7376,7477,349,16.68
3653,3554,349,13.51
3658,3559,349,14
4065,3966,349,10.91
5867,5868,349,24.53
4366,4367,349,11.17
8130,8131,349,17.31
6072,6073,349,23.74
5068,5069,349,16.21
7773,7774,349,7.51
3731,3632,349,3.75
5168,5169,349,30.03
7282,7283,350,51.1
3661,3662,350,42.96
6579,6580,350,123.79
3862,3863,350,48.48
8415,8416,350,32.26
8754,8755,350,21.87
8231,8232,350,22.61
8330,8331,350,22.3
8268,8269,350,17.33
4765,4666,350,16.72
8320,8321,350,29.87
3451,3352,350,15.67
7084,7085,350,10.48
8410,8511,350,13.49
8651,8752,350,13.34
6173,6174,350,32.67
8220,8321,350,6.03
3444,3345,350,8.51
4867,4768,350,16.62
4368,4369,350,37.04
5565,5566,350,22.11
5970,5971,350,54.23
6580,6581,351,130.79
7381,7382,351,61.42
3966,3967,351,73.95
4170,4171,351,37.83
6984,6985,351,39.3
8429,8430,351,22.31
8466,8467,351,22.61
3724,3725,351,18.8
8072,8073,351,15.7
3760,3761,351,14.67
7377,7478,351,16.61
3445,3346,351,9.06
7573,7574,351,7.35
3633,3534,351,3.49
6880,6881,351,46.67
5709,5608,351,2.29
7203,7302,351,1.03
7378,7479,351,16.97
3967,3968,352,118.96
3863,3864,352,68.96
7085,7086,352,52.19
3662,3663,352,50.39
4070,4071,352,36.65
6678,6679,352,34.17
3554,3555,352,39.79
8033,8034,352,21.75
8743,8744,352,21.53
7972,7973,352,15.57
3659,3560,352,13.87
3654,3555,352,13.91
3559,3560,352,38.85
8649,8750,352,12.76
8756,8757,352,21.35
8511,8512,352,52.29
4869,4870,352,27.82
8656,8757,352,4.42
8171,8172,352,16.62
8107,8106,352,0.89
3864,3865,353,101.98
3968,3969,353,104.08
6985,6986,353,59.35
7479,7480,353,58.74
8416,8417,353,33.65
4467,4468,353,29.48
6276,6277,353,31.49
6779,6780,353,29.15
6478,6479,353,31.04
6376,6377,353,24
8565,8566,353,22.02
5169,5170,353,30.69
5767,5768,353,15.15
4466,4567,353,19.07
7379,7480,353,16.61
7475,7576,353,16.91
4766,4667,353,16.72
3656,3557,353,13.44
3346,3347,353,60.05
4969,4970,353,14.79
3453,3454,353,15.05
5365,5366,353,14.01
5266,5267,353,13.39
4868,4769,353,17.12
5069,5070,353,30.71
3446,3347,353,8.85
4369,4370,353,43.99
5168,5269,353,19.25
7807,7806,353,0.88
5466,5467,353,21.24
6479,6480,354,118.68
3663,3664,354,58.82
7086,7087,354,53.85
4171,4172,354,34.02
3761,3762,354,40.97
5667,5668,354,20.6
8662,8663,354,23.27
4564,4565,354,12.23
3655,3556,354,13.99
3451,3351,354,7.24
7674,7675,354,7.29
7183,7284,354,13.41
6174,6175,354,29.22
3441,3342,354,6.58
5971,5972,354,31.19
6073,6074,354,23.31
7873,7874,354,15.45
7103,7102,354,1.61
6881,6882,354,43.04
3969,3970,355,87.78
6986,6987,355,51.22
6277,6278,355,66.79
6679,6680,355,48.63
6581,6582,355,30.8
3725,3726,355,26.53
8232,8233,355,22.63
8752,8753,355,21.87
8331,8332,355,22.64
8367,8368,355,17.47
3560,3561,355,43.44
4466,4566,355,10.99
3660,3561,355,13.61
3452,3353,355,12.48
5868,5869,355,17.86
3347,3348,355,66.97
8269,8270,355,22.62
8131,8132,355,17.36
7087,7088,355,137.27
7480,7481,355,61.13
6480,6481,355,121.9
8652,8753,355,4.39
6204,6104,355,3.48
4368,4469,355,18.02
5566,5567,355,21.76
6987,6988,356,136.91
4370,4371,356,43.49
3865,3866,356,49.07
8417,8418,356,34.31
8467,8468,356,22.92
8430,8431,356,22.6
4170,4271,356,17.8
4767,4668,356,16.78
7476,7577,356,17.55
7088,7089,356,129.96
7184,7185,356,9.58
6481,6482,356,122.86
8512,8513,356,31.05
3454,3455,356,40.46
4870,4871,356,30.77
8657,8758,356,4.42
5168,5268,356,9.57
7203,7202,356,0.86
3970,3971,357,80.31
6680,6681,357,65.52
3664,3665,357,35.52
6882,6883,357,38.66
3762,3763,357,47.38
4567,4568,357,30.15
5269,5270,357,30.69
6780,6781,357,27.26
5170,5171,357,32.45
8744,8745,357,21.84
4467,4568,357,19.28
5169,5270,357,19.21
4970,4971,357,29.56
7481,7482,357,69.23
3558,3459,357,14.55
8308,8409,357,6
4769,4770,357,31.32
4869,4770,357,17.12
5070,5071,357,31.29
3348,3349,357,71.71
7504,7503,357,0.89
7089,7090,357,107.3
6007,6006,357,2.81
5972,5973,357,41.2
6988,6989,358,71.91
4469,4470,358,39.86
4172,4173,358,31.38
5768,5769,358,23.46
8750,8751,358,17.3
5467,5468,358,20.12
8073,8074,358,14.82
6276,6177,358,16.5
6984,6885,358,14.15
3661,3562,358,12.9
5366,5367,358,20.59
6482,6483,358,97.6
6582,6583,358,35.05
4816,4815,358,0.66
3349,3350,359,50.19
3665,3666,359,54.61
4371,4372,359,40.37
8418,8419,359,33.56
6278,6279,359,27.94
3726,3727,359,25.94
8566,8567,359,17.25
6377,6378,359,17.34
7090,7091,359,56.3
8172,8173,359,15.74
7973,7974,359,15
7382,7383,359,12.71
4171,4272,359,18.74
3342,3343,359,20.89
7282,7383,359,13.46
5869,5870,359,32.73
7482,7483,359,69.05
3559,3460,359,14.31
3449,3350,359,9.07
8425,8526,359,4.37
4768,4669,359,17.12
8324,8423,359,3.39
7477,7578,359,14.46
6681,6682,359,78.18
5769,5770,360,57.15
8233,8234,360,22.18
8332,8333,360,22.99
8663,8664,360,17.11
6074,6075,360,17.77
8513,8514,360,32.91
5171,5172,360,34.36
4171,4072,360,15.85
4770,4771,360,36
7475,7575,360,6.39
3821,3722,360,8.25
6989,6990,360,64.19
6682,6683,360,106.13
6483,6484,360,70.47
4319,4318,360,0.12
6583,6584,360,90.68
3666,3667,361,21.38
4470,4471,361,34.14
3763,3764,361,11.23
6883,6884,361,33.52
5270,5271,361,31.82
4568,4569,361,32.43
3866,3867,361,8.71
5567,5568,361,7.4
6175,6176,361,7.79
5269,5370,361,10.42
5170,5271,361,9.88
7085,7186,361,13.5
7874,7875,361,7.3
3723,3624,361,24.38
6781,6782,361,34.44
7675,7676,361,6.2
8511,8612,361,13.53
3440,3341,361,20.47
4971,4972,361,33.9
4021,3920,361,4.24
5071,5072,361,33.5
4669,4670,362,34.45
7091,7092,362,32.19
5973,5974,362,10.18
8431,8432,362,6.87
3351,3252,362,23.36
4172,4073,362,23.35
5668,5669,362,6.67
3662,3563,362,24.61
3560,3461,362,24.69
5367,5368,362,26.86
4173,4174,362,33.9
8132,8133,362,8.19
7578,7579,362,33.82
8410,8510,362,7.74
3558,3458,362,12.86
3537,3438,362,16.71
4769,4670,362,23.78
8368,8369,362,8.12
3455,3456,362,7.56
4272,4273,362,34.6
7774,7775,362,5.63
8270,8271,362,8.34
3536,3437,362,18.28
5770,5771,363,34.54
5172,5173,363,34.6
6882,6783,363,22.33
6985,6886,363,24.73
4771,4772,363,34.66
8649,8749,363,7.27
3346,3247,363,24.7
8646,8747,363,2.44
3556,3457,363,21.08
3454,3355,363,22.44
3444,3344,363,9.15
8658,8759,363,2.38
7103,7002,363,5
8758,8759,363,6.41
6007,5906,363,6.62
3764,3765,364,34.12
5072,5073,364,34.64
4569,4570,364,34.6
4471,4472,364,34.54
6378,6379,364,20.23
6883,6784,364,24.11
3459,3360,364,24.73
4972,4973,364,34.54
3353,3354,364,8.66
3663,3564,364,23.07
5870,5871,364,15.56
3347,3248,364,23.75
8468,8469,364,8
8207,8307,364,2.09
4971,4872,364,23.78
4670,4671,365,34.64
4073,4074,365,34.16
5271,5272,365,33.11
3349,3250,365,23.14
3351,3251,365,11.84
7090,6991,365,24.67
4770,4671,365,22.35
4173,4074,365,23.77
8612,8613,365,28.43
3439,3340,365,15.29
5609,5509,365,3.49
6584,6585,365,24.74
6604,6503,365,3.31
4273,4274,365,34.23
3348,3249,365,22.69
3667,3668,366,21.21
3722,3623,366,24.3
8419,8420,366,12.21
5769,5670,366,23.8
3971,3972,366,10.36
7284,7285,366,6.54
6277,6178,366,16.39
5268,5369,366,12.05
8745,8746,366,6.39
3821,3721,366,8.62
7604,7704,366,2.15
8426,8527,366,2.37
7303,7403,366,1.99
4772,4773,366,34.64
4570,4571,367,34.37
4472,4473,367,34.6
6884,6785,367,23.83
5770,5671,367,20.58
6683,6684,367,15.33
4072,3973,367,22.92
5173,5174,367,32.12
4771,4672,367,21.78
3535,3436,367,10.49
5272,5273,368,34.31
3355,3356,368,24.6
4973,4974,368,30.47
5468,5469,368,8.56
5270,5371,368,10.93
4972,4873,368,20.59
7479,7580,368,5.12
6991,6992,368,34.36
5312,5213,368,10.32
3729,3630,368,10.47
5073,5074,368,29.68
5510,5411,368,8.05
8511,8611,368,7.54
6204,6203,368,4.94
8414,8515,368,4.21
6379,6380,369,21.31
5771,5772,369,16.93
3458,3359,369,23.5
4073,3974,369,23.44
8074,8075,369,8.5
4274,4275,369,31.95
3459,3359,369,9.18
7090,7191,369,11.91
7186,7187,369,12.99
3346,3246,369,8.8
6585,6586,369,25.61
8107,8006,369,1.91
4773,4774,369,33.52
4473,4474,370,33.94
4672,4673,370,34.66
4571,4572,370,34.64
5174,5175,370,33.92
5871,5872,370,18.98
3765,3766,370,19.43
3355,3256,370,22.28
4973,4874,370,24.67
8173,8174,370,8.87
3970,3871,370,11.62
3969,3870,370,10.78
3728,3629,370,7.32
3730,3631,370,7.43
6903,6902,370,3.44
6803,6802,370,3.18
4772,4673,370,21.2
6483,6384,370,13.48
8647,8748,370,2.38
6484,6485,370,10.05
5273,5274,371,33.97
4472,4373,371,22.33
3564,3565,371,14.69
3355,3255,371,12.65
3458,3358,371,11.71
3867,3868,371,10.36
8567,8568,371,7.87
4274,4175,371,24.69
7974,7975,371,8.32
7483,7484,371,7.95
6204,6103,371,6.26
3921,3820,371,4.59
5371,5372,372,31.44
4974,4975,372,32.84
3721,3622,372,24.73
3668,3669,372,16.69
6379,6280,372,20.06
7191,7192,372,34.28
8234,8235,372,8.47
7383,7384,372,7.58
6074,5975,372,9.24
3968,3869,372,9.51
3251,3152,372,22.94
5074,5075,372,32.55
8612,8713,372,13.07
8638,8739,372,2.35
6482,6383,372,11.11
3249,3150,372,20.72
8659,8760,372,2.37
4773,4674,372,24.11
5972,5873,372,10.17
4572,4573,373,34.6
6380,6381,373,28.99
4473,4374,373,23.74
5670,5571,373,23.02
6886,6887,373,10.05
3461,3462,373,9.6
7092,7093,373,9.99
8409,8509,373,6.81
3665,3566,373,10.49
6991,6892,373,19.94
4874,4875,373,34.43
8320,8421,373,4.36
6204,6303,373,5.1
6703,6702,373,3.11
8749,8850,373,14.79
3249,3149,373,13.39
5671,5672,374,14.43
8271,8272,374,8.71
6684,6685,374,14.8
3437,3338,374,11.96
3666,3567,374,10.41
6586,6587,374,23.86
3340,3241,374,16.55
3534,3435,374,8
3252,3253,374,8.84
8415,8516,374,4.17
3251,3151,374,12.2
3632,3533,374,7.43
8424,8525,374,2.45
7480,7581,374,4.85
5707,5607,374,3.96
4716,4616,374,2.1
8749,8849,374,9.36
4474,4475,374,30.86
5372,5373,375,33.84
5274,5275,375,33.04
3256,3257,375,23.77
6380,6281,375,24.34
5772,5773,375,19.53
3630,3531,375,22.52
6178,6179,375,12.39
3360,3361,375,9.68
3438,3339,375,11.29
8369,8370,375,8.12
3667,3568,375,10.42
3624,3625,375,7.3
8333,8334,375,6.7
5973,5874,375,8.58
6988,6889,375,8.76
6987,6888,375,8.67
7090,7190,375,6.1
8427,8528,375,2.36
6481,6382,375,8.88
5571,5572,376,33.9
7192,7193,376,26.36
4674,4675,376,28.7
3766,3767,376,18.98
5175,5176,376,19.59
6176,6077,376,10.02
8664,8665,376,6.53
3866,3767,376,7.75
3562,3463,376,8.77
6175,6076,376,7.15
8713,8714,376,28.65
7187,7188,376,16.63
8612,8712,376,7.09
6989,6890,376,8.44
7504,7603,376,1.58
4573,4574,376,33.52
4474,4375,376,24.71
4673,4574,376,24.39
4475,4476,377,34.05
3241,3242,377,34.28
3358,3259,377,24.49
3629,3530,377,21.53
3256,3157,377,21.75
3973,3874,377,15.21
3721,3621,377,9.18
8469,8470,377,8.04
3563,3464,377,9.44
8432,8433,377,6.86
8510,8610,377,6.98
5568,5569,377,6.36
6103,6004,377,24.73
4874,4775,377,22.92
3871,3872,377,15.83
3436,3337,377,14.57
3531,3532,378,34.3
5373,5374,378,34.37
3622,3523,378,24.71
4674,4575,378,24.25
3255,3156,378,21.76
3256,3156,378,12.94
3564,3465,378,10.13
6587,6588,378,29.02
7581,7582,378,30.52
8713,8614,378,24.23
5075,5076,378,18.87
5510,5410,378,4.01
4975,4976,378,17.52
6585,6486,378,10.91
5572,5573,379,34.57
6381,6282,379,23.92
5571,5472,379,23.77
5975,5976,379,15.83
3255,3155,379,12.94
5669,5570,379,8.65
7775,7776,379,5.94
5974,5875,379,8.36
3727,3628,379,7.34
6992,6993,379,9.8
8741,8842,379,2.37
6685,6686,379,24.13
6703,6602,379,4.04
7676,7677,379,5.65
4675,4676,380,30.03
4375,4376,380,30.93
3568,3569,380,21.96
5773,5774,380,21.24
4475,4376,380,23.6
5672,5673,380,17.39
3256,3357,380,14.73
3356,3357,380,9.04
6785,6786,380,7.82
3668,3569,380,10.4
3461,3362,380,8.27
8409,8408,380,4.84
3725,3626,380,5.64
7875,7876,380,5.37
4875,4876,380,15.71
8321,8422,380,4.17
4575,4576,381,34.12
5176,5177,381,23.61
7193,7194,381,21.94
5275,5276,381,18.78
3358,3258,381,10.3
3151,3052,381,23.15
6178,6079,381,9.52
3355,3254,381,8.12
5469,5470,381,8.24
6890,6891,381,24.63
8416,8517,381,4.08
8660,8761,381,2.35
4775,4776,381,26.61
6504,6403,381,1.8
3249,3148,381,9.19
6384,6385,381,9.88
5472,5473,382,33.93
5374,5375,382,30.39
4375,4276,382,24.71
3241,3142,382,19.7
3974,3975,382,8.19
3360,3261,382,8.32
8174,8175,382,8.61
3867,3768,382,6.75
8075,8076,382,8.16
7582,7583,382,30.62
7188,7189,382,17.14
6486,6487,383,24.68
3621,3522,383,24.44
6077,6078,383,15.29
3531,3432,383,19.76
7093,7094,383,10.27
3151,3051,383,12.02
6103,6003,383,9.1
8611,8711,383,7.09
4976,4977,383,22.55
7484,7485,383,8.56
8713,8814,383,12.96
5076,5077,383,22.99
6686,6687,383,27.49
8749,8848,383,7.29
3669,3670,383,9.77
3530,3431,384,22.18
7285,7286,384,5.76
3343,3244,384,5.85
3252,3153,384,6.64
3821,3720,384,4.69
3872,3873,384,15.28
8849,8950,384,14.8
3152,3153,384,8.78
5608,5508,384,3.63
8568,8569,384,7.86
5473,5474,385,34.6
3768,3769,385,34.08
5976,5977,385,18.67
4476,4477,385,13.5
3465,3466,385,15.09
5470,5471,385,30.14
3565,3466,385,10.43
3533,3434,385,13.31
6886,6787,385,6.63
6587,6488,385,13.29
7102,7101,385,3.72
3156,3057,385,22.54
6892,6893,385,8.92
8417,8518,385,4.02
3874,3875,385,13.54
8428,8529,385,2.36
7578,7679,385,5.3
7705,7805,385,2.24
8849,8949,385,9.4
3569,3570,385,20.03
3670,3671,386,33.35
5276,5277,386,20.1
4676,4677,386,18.58
5573,5574,386,16.63
8272,8273,386,8.81
5975,5876,386,10.31
7384,7385,386,7.33
5177,5178,386,21.41
4876,4877,386,17.76
5375,5376,387,22.85
4776,4777,387,18.56
5774,5775,387,16.56
3621,3521,387,10.41
3259,3260,387,10.47
8370,8371,387,8.41
3566,3467,387,10.49
3870,3771,387,8.58
3359,3260,387,7.93
3432,3433,387,33.26
8409,8508,387,5
3156,3056,387,12.48
8713,8813,387,6.98
6891,6792,387,24.53
8614,8615,387,11.85
8742,8843,387,2.37
3346,3245,387,4.81
3871,3772,387,8.39
3258,3159,387,24.73
8712,8813,387,12.87
5077,5078,388,22.59
4576,4577,388,16.56
5673,5674,388,12.89
3567,3468,388,10.4
3255,3154,388,8.49
4074,4075,388,4.39
3157,3158,388,9.54
7102,7001,388,4.8
3339,3240,388,11.61
3435,3336,388,10.25
4977,4978,389,18.96
6079,6080,389,13.65
3568,3469,389,10.37
3869,3770,389,8.68
3629,3529,389,5.32
8714,8715,389,7.86
8418,8519,389,4.07
5312,5212,389,2.7
3051,2952,390,23.25
3261,3262,390,13.09
6385,6386,390,11.34
3362,3363,390,10.71
4376,4377,390,10.98
8470,8471,390,8.29
6077,5978,390,10.23
3462,3363,390,8.34
6887,6788,390,8.57
8510,8609,390,5.14
6890,6791,390,10.32
6104,6005,390,4.31
3337,3238,390,11.57
3671,3672,391,24.55
5277,5278,391,21.38
5574,5575,391,20.88
5474,5475,391,19.51
3670,3571,391,17.87
8334,8335,391,6.63
3432,3333,391,17.73
3431,3332,391,20.25
6993,6994,391,8.9
4877,4878,391,22.8
8423,8524,391,4.38
8661,8762,391,2.34
6888,6789,391,9.11
6889,6790,391,9.14
3338,3239,391,8.44
8850,8851,391,5.75
8712,8812,391,6.9
4677,4678,392,17.85
4477,4478,392,15.29
7286,7287,392,13.31
3051,2951,392,11.94
6282,6283,392,8.12
6486,6387,392,10.35
3465,3366,392,10.2
8665,8666,392,6.6
8433,8434,392,6.73
3464,3365,392,9.76
3463,3364,392,9.19
6603,6502,392,3.84
8754,8855,392,2.38
4175,4176,392,4.97
3149,3050,392,7.52
6384,6285,392,6.57
5674,5675,393,22.06
5376,5377,393,19.29
4777,4778,393,17.55
5876,5877,393,14.36
4276,4277,393,9.87
5976,5877,393,10.5
3242,3243,393,6.36
3052,3053,393,8.59
7194,7195,393,8.78
5411,5311,393,4.07
8419,8520,393,4.16
3875,3876,393,12.76
4577,4578,394,17.14
3772,3773,394,16.1
3523,3524,394,6.4
3259,3160,394,8.73
8175,8176,394,8.42
6893,6894,394,11.4
7975,7976,394,4.49
3246,3147,394,5.82
3721,3620,394,5.07
7191,7292,394,5.81
7102,7201,394,3.85
8429,8530,394,2.36
8849,8948,394,7.32
3469,3470,394,22.44
3569,3470,394,10.48
8538,8537,394,0.81
4816,4715,394,1.17
3571,3572,395,28.44
2952,2953,395,23.03
4978,4979,395,20
5775,5776,395,12.92
3530,3430,395,5.7
7485,7486,395,8.89
3157,3058,395,8.24
6383,6284,395,6.32
5115,5014,395,1.11
3672,3673,396,22.06
5575,5576,396,22.4
5978,5979,396,19.34
8615,8616,396,11.76
3975,3976,396,7.2
6079,5980,396,9.89
3626,3627,396,6.46
7776,7777,396,5.99
8076,8077,396,7.52
7002,6901,396,4.35
8814,8815,396,7.89
8611,8710,396,5.23
3156,3055,396,7.93
6892,6793,396,6.21
3874,3775,396,7.77
8743,8844,396,2.38
8756,8857,396,2.39
7287,7288,397,23.11
3571,3472,397,24.16
5475,5476,397,17.42
2952,2853,397,21.27
4377,4378,397,14.77
8569,8570,397,7.84
3261,3162,397,9.74
3362,3263,397,8.84
6179,6180,397,4.59
3241,3141,397,4.46
3433,3334,397,14.62
3624,3525,397,3.98
7677,7678,397,5.77
6103,6102,397,3.89
3333,3334,397,16.9
3336,3237,397,15.78
8206,8306,397,2.13
7292,7293,398,32.16
5377,5378,398,20.37
2952,2852,398,13.17
6488,6489,398,8.08
4878,4879,398,15.81
7583,7584,398,6.63
8715,8716,398,11.82
8273,8274,398,8.86
3572,3573,399,29.08
3470,3471,399,21.55
5877,5878,399,18.87
5675,5676,399,17.64
4678,4679,399,15.03
4478,4479,399,15.64
8371,8372,399,8.68
3466,3367,399,10.48
5977,5878,399,10.49
3142,3143,399,6.17
3434,3335,399,10.49
3366,3367,399,16.27
8420,8521,399,4.35
7876,7877,399,5.41
3332,3233,399,18.91
6802,6801,399,3.57
4277,4278,400,14.42
5078,5079,400,8.91
7094,7095,400,6.22
5607,5507,400,3.91
6103,6002,400,5.01
8662,8763,400,2.35
4778,4779,400,15.46
5508,5409,400,9.36
5807,5806,400,1.73
5707,5706,400,1.9
3149,3049,400,3.81
2951,2851,400,12.72
3673,3674,401,22.6
3773,3774,401,15.98
4578,4579,401,14.78
7195,7196,401,12.74
6285,6286,401,11.81
6080,6081,401,9.08
3467,3368,401,10.46
5876,5777,401,10.06
7679,7680,401,6.33
6385,6286,401,7.08
3621,3520,401,5.98
7302,7402,401,2.1
6802,6701,401,4.61
8755,8856,401,2.39
7288,7289,402,23.08
3430,3331,402,20.76
3160,3161,402,13.9
7584,7585,402,31.79
6387,6388,402,10.97
8471,8472,402,8.57
3159,3060,402,9.66
6687,6688,402,5.31
5980,5981,402,19.45
3625,3526,402,5.4
3057,2958,402,8.48
8950,8951,402,5.88
3876,3877,402,11.44
8752,8853,402,2.36
5476,5477,403,17.47
3775,3776,403,14.33
5576,5577,403,15.81
5212,5113,403,10.49
3051,2950,403,7.34
6004,5905,403,5.64
7385,7386,403,6.13
5410,5310,403,4.08
5178,5179,403,5.95
3469,3370,403,10.33
7486,7487,403,13.04
3573,3574,404,23.61
3263,3264,404,14.95
4378,4379,404,16.25
8616,8617,404,12.65
3058,3059,404,12.1
8948,9048,404,10.88
8948,9049,404,15.07
4176,4177,404,8.72
5278,5279,404,7.76
5978,5879,404,10.49
4276,4177,404,6.57
6282,6183,404,5.88
8423,8523,404,2.26
8430,8531,404,2.36
3158,3059,404,8.98
4175,4076,404,4.32
8712,8811,404,5.08
2852,2753,405,21.12
3162,3163,405,13.84
6793,6794,405,12.25
3053,3054,405,8.46
3141,3042,405,18.58
7680,7681,405,32.5
3239,3140,405,10.25
3262,3163,405,9.86
4679,4680,405,17.29
8815,8816,405,11.86
6893,6794,405,7.1
8744,8845,405,2.37
3333,3234,405,10.42
8757,8858,405,2.38
3468,3369,405,8.55
3674,3675,406,24.25
7196,7197,406,20.06
6002,5903,406,24.71
2852,2752,406,13.23
4479,4480,406,16.34
3572,3473,406,13.34
8948,8947,406,8.76
3060,3061,406,32.94
8716,8717,406,12.52
3366,3267,406,10.36
8421,8522,406,4.33
5981,5982,406,29.97
3237,3138,406,16.69
4278,4279,407,15.61
5676,5677,407,13.61
2953,2954,407,8.39
5877,5778,407,10.5
3364,3265,407,9.89
3365,3266,407,9.93
6502,6402,407,6.94
8666,8667,407,6.71
6790,6691,407,9.05
3238,3139,407,8.46
6788,6689,407,8.44
8335,8336,407,6.6
8176,8177,407,7.98
8851,8852,407,6.36
6702,6601,407,4.27
6103,6202,407,4.03
3335,3236,407,18.64
6789,6690,407,9.09
3042,3043,408,34.31
3574,3575,408,25.99
3370,3371,408,22.05
4579,4580,408,16.28
7095,7096,408,13.18
7293,7294,408,10.3
8948,8847,408,10.22
3470,3371,408,10.4
8434,8435,408,6.66
6894,6895,408,7.39
4779,4780,408,13.77
8337,8437,408,1.19
5707,5606,408,2.38
2753,2754,409,25.57
5577,5578,409,17.53
5477,5478,409,18.66
6286,6287,409,13.47
7681,7682,409,30.11
2853,2854,409,8.87
6791,6692,409,7.62
7289,7290,409,14.97
3244,3145,409,5.86
6994,6995,409,5.62
7191,7291,409,2.53
3331,3232,409,20.37
2851,2751,409,11.95
3473,3474,410,31.92
5879,5880,410,18.86
3776,3777,410,14.4
5979,5880,410,10.49
8948,9047,410,8.95
8570,8571,410,8.13
7201,7301,410,6.61
7487,7488,410,16.55
6488,6389,410,5.86
5980,5881,410,10.49
8274,8275,410,8.85
2951,2850,410,8.21
3675,3676,411,24.75
4379,4380,411,15.61
6002,5902,411,9.48
8372,8373,411,8.54
3263,3164,411,10.18
7386,7387,411,13.41
3058,2959,411,9.42
4277,4178,411,8.02
3529,3429,411,4.73
3060,2961,411,17.26
5279,5280,411,15.85
8307,8407,411,2.14
8753,8854,411,2.37
7197,7198,412,19.99
2752,2653,412,24.16
3267,3268,412,17.18
3042,2943,412,23.19
2753,2654,412,22.84
3162,3063,412,9.94
3234,3235,412,14.71
8077,8078,412,6.53
6285,6186,412,7.24
4879,4880,412,7.28
3245,3146,412,5.81
4680,4681,412,14.57
3057,2957,412,3.84
3575,3576,412,27.92
8617,8618,412,12.63
7585,7586,412,10.71
6183,6184,412,13.93
7682,7683,413,30.64
2754,2755,413,25.9
3371,3372,413,21.42
5778,5779,413,18.24
8763,8764,413,8.17
3471,3372,413,10.44
5878,5779,413,10.49
3233,3134,413,10.27
6387,6288,413,6.96
7704,7804,413,2.14
8431,8532,413,2.35
6588,6589,413,2.91
5981,5882,413,14.09
8758,8859,413,2.38
3976,3977,413,6.07
3474,3475,414,29.08
7096,7097,414,19.99
4279,4280,414,14.73
8472,8473,414,8.55
7777,7778,414,5.7
3061,3062,414,13.45
2961,2962,414,34.51
8717,8718,414,12.59
7976,7977,414,5.02
8816,8817,414,12.19
6081,6082,414,8.03
4480,4481,414,12.61
8745,8846,414,2.38
5508,5408,414,3.41
3877,3878,414,8.94
3145,3046,415,24.3
3473,3374,415,16
5179,5180,415,8.64
3521,3422,415,5.12
6003,5904,415,4.45
4580,4581,415,16.13
5079,5080,415,7.09
3368,3269,415,10.43
3134,3135,416,34.36
2654,2655,416,28.79
3676,3677,416,24.96
2754,2655,416,23.02
3232,3133,416,20.3
2752,2652,416,10.92
5777,5678,416,9.65
3143,3144,416,6.12
3472,3373,416,7.74
6793,6694,416,7.38
3430,3330,416,4.93
4176,4077,416,6.13
3576,3577,416,30.41
6602,6501,416,3.83
6794,6795,416,9.64
4517,4417,416,0.5
2751,2652,416,22.68
5882,5883,417,27.06
2755,2756,417,29.37
7387,7388,417,16.92
3370,3271,417,10.37
4278,4179,417,8.33
7488,7489,417,15.26
3140,3041,417,12.09
8638,8738,417,1.16
3374,3375,418,33.44
7198,7199,418,17.38
2654,2555,418,24.27
5478,5479,418,11.32
5879,5780,418,10.5
7877,7878,418,5.53
3627,3528,418,6.72
6995,6996,418,11.22
3147,3048,418,5.93
2961,2862,418,20.48
8951,8952,418,6.36
3777,3778,418,12.93
8526,8627,418,2.4
2751,2651,418,12.39
2755,2656,419,24.44
2653,2554,419,20.27
3135,3136,419,33.8
2954,2955,419,8.5
3264,3165,419,9.97
3059,2960,419,9.86
3235,3136,419,23.33
3526,3527,419,6.22
5378,5379,419,4.94
6180,6181,419,4.6
6080,6181,419,4.74
2958,2859,419,8.62
5280,5281,419,13.27
7604,7703,419,1.56
3269,3270,420,23.06
7097,7098,420,19.84
3134,3035,420,23.09
2653,2553,420,13.54
2754,2855,420,14.14
7294,7295,420,8.67
3267,3168,420,10.44
3163,3064,420,10
6286,6187,420,7.75
6792,6693,420,4.32
6895,6896,420,8.41
8518,8619,420,4.12
4380,4381,420,11.48
3577,3578,420,29.43
3575,3476,420,12.46
8664,8765,420,2.37
7906,7905,420,1.49
8741,8841,420,1.18
2851,2750,420,7.35
3138,3039,420,10.18
3677,3678,421,11.46
5080,5081,421,10.45
7586,7587,421,8.29
7291,7392,421,33.88
7489,7490,421,15.17
2756,2757,421,24.44
7292,7393,421,31.14
6489,6490,421,5.3
4979,4980,421,4.76
8432,8533,421,8.28
8206,8205,421,1.33
3374,3275,422,10.32
2755,2856,422,31.69
5778,5679,422,2.8
3042,2942,422,2.79
5310,5211,422,3.06
7584,7685,422,29.44
7680,7781,422,31.08
8519,8620,422,13.84
9049,9050,422,5.74
2862,2863,422,20.09
8527,8628,422,8.43
8667,8668,422,5.84
3136,3137,423,22.81
4481,4482,423,8.67
7301,7401,423,10.52
8718,8719,423,9.94
8520,8621,423,13.35
8817,8818,423,9.99
8815,8916,423,13.85
4780,4781,423,6.2
3271,3272,424,10.31
5180,5181,424,10
7682,7783,424,29.66
8435,8436,424,5.83
4280,4281,424,8.24
6288,6289,424,5.95
7681,7782,424,29.16
2756,2857,424,32.93
8521,8622,424,12.88
2962,2963,424,10.05
8275,8276,424,3.85
2862,2963,424,34.41
8760,8861,424,8.05
8525,8626,424,8
8739,8840,424,8.16
8273,8374,424,7.69
8759,8860,424,7.58
8106,8105,424,1.33
5882,5983,425,29
3145,3045,425,3.47
7291,7391,425,8.9
3266,3167,425,2.44
7489,7590,425,31.14
8571,8572,425,4.2
7196,7297,425,20.83
6002,6001,425,3.84
7288,7389,425,22.27
8528,8629,425,8.33
8665,8766,425,7.83
8433,8534,425,8.16
6589,6590,425,7.57
6402,6302,425,3.28
6184,6185,425,7.38
7392,7493,426,33.45
7197,7298,426,20.87
8811,8912,426,13.84
8523,8624,426,13.78
5578,5579,426,6.05
7195,7296,426,15.09
7487,7588,426,18.3
3522,3423,426,0.55
8761,8862,426,8.44
8816,8917,426,14.07
7583,7684,426,9.58
5279,5380,426,16.13
8842,8943,426,7.87
7503,7502,426,1.28
3977,3978,426,6.79
7685,7786,427,29.19
4077,4078,427,8.13
6996,6997,427,9.41
7198,7299,427,19.08
8522,8623,427,13.42
6389,6390,427,3.88
7488,7589,427,17.03
6896,6997,427,20.88
8508,8608,427,3.96
7289,7390,427,16.54
4581,4582,427,7.67
5780,5781,427,9.81
7585,7686,427,14.49
2863,2964,427,34.02
3331,3231,427,2.12
5280,5381,427,16.93
3168,3169,428,12.51
7586,7687,428,15.45
4179,4180,428,8.41
8177,8178,428,4.22
7293,7394,428,12.16
8529,8630,428,8.25
3576,3477,428,3.59
8813,8914,428,8.48
5281,5382,428,19.29
2863,2864,428,19.08
8950,9051,428,7.53
8538,8637,428,1.09
2751,2650,428,7.56
2859,2860,429,9.95
5379,5480,429,16.35
3165,3166,429,10.3
2652,2552,429,5.82
3139,3040,429,1.64
8718,8819,429,13.81
2756,2657,429,7.95
8762,8863,429,8.42
8524,8625,429,8.17
8609,8709,429,3.96
8817,8918,429,14.02
8274,8375,429,7.48
8843,8944,429,7.59
8812,8913,429,8.79
6183,6084,429,1.76
5983,5984,430,24.32
7587,7688,430,17.45
3064,3065,430,10.28
3046,3047,430,6.24
7391,7492,430,31.62
3135,3036,430,4.83
6694,6695,430,6.11
6002,5901,430,3.71
8530,8631,430,8.21
8855,8956,430,7.9
8434,8535,430,8.06
8666,8767,430,7.93
4581,4682,430,13.2
5281,5282,430,9.16
8568,8669,430,7.35
7684,7785,431,33.96
7098,7099,431,9.22
7295,7396,431,14.09
3374,3274,431,5.91
8619,8720,431,13.73
8473,8474,431,4.59
7294,7395,431,11.35
6002,6101,431,5.35
8857,8958,431,7.93
6896,6897,431,9.41
8844,8945,431,7.87
3878,3879,431,5.89
7589,7690,432,29.21
7297,7398,432,20.87
5081,5082,432,9.24
2555,2556,432,7.11
3043,3044,432,2.57
2554,2455,432,10.92
7390,7491,432,34.56
3055,2956,432,0.74
6490,6591,432,13.74
2757,2758,432,9.66
4880,4881,432,3.72
5679,5680,432,10.23
7686,7787,433,26.5
7296,7397,433,20.86
5382,5483,433,32.29
5382,5383,433,24.63
8620,8721,433,13.74
7786,7887,433,26.72
4381,4382,433,8.33
4482,4583,433,15.26
7199,7300,433,10.76
7199,7200,433,6.88
5479,5580,433,11.18
8531,8632,433,8.16
8856,8957,433,7.75
6795,6796,433,5.9
8306,8406,433,3.97
2850,2849,433,4.64
8710,8810,433,3.96
3048,2949,433,7.18
8951,9052,433,7.82
8569,8670,433,7.29
2757,2858,433,12.82
8853,8954,433,8.11
8815,8915,433,3.84
8814,8915,433,6.94
7298,7399,434,18.5
3272,3273,434,10.49
5181,5182,434,10.45
8621,8722,434,13.25
5081,5182,434,11.64
8078,8079,434,3.99
5881,5782,434,2.64
8719,8820,434,13.83
7683,7784,434,9.03
8858,8959,434,8.05
2554,2454,434,6.4
9048,9149,434,7.52
8852,8953,434,8.09
8916,9017,434,13.45
8818,8919,434,13.99
9049,9150,434,7.78
6490,6491,434,7.83
6501,6401,434,4.84
8667,8768,434,8.02
8845,8946,434,8.06
7588,7689,435,17.26
5380,5481,435,17.05
8622,8723,435,13.61
7393,7494,435,10.12
7490,7591,435,10.15
5883,5884,435,4.93
7492,7593,435,33.97
8435,8536,435,7.99
8854,8955,435,8.04
2860,2861,435,18.1
8472,8573,435,7.39
8763,8864,435,7.58
8570,8671,435,7.47
6691,6592,435,1.75
5983,6083,436,9.71
6187,6188,436,6.61
2750,2749,436,6.31
4482,4483,436,8.24
5381,5482,436,16.35
7785,7886,436,29.35
7778,7779,436,4.14
8532,8633,436,8.22
8473,8574,436,7.83
9047,9148,436,7.94
8859,8960,436,7.92
3375,3376,436,5.06
7977,7978,436,4.18
3578,3679,436,9.07
3578,3579,436,6.26
3678,3779,436,9.96
8106,8005,436,1.29
3878,3979,436,8.15
7690,7791,437,33.05
7491,7592,437,32.6
7687,7788,437,16.61
8627,8728,437,8.47
8738,8839,437,8.39
8764,8865,437,7.94
2455,2456,437,24.64
8571,8672,437,7.51
3978,4079,437,13.55
2964,2965,437,10.22
7680,7780,437,3.88
4281,4282,437,7.99
5409,5309,437,1.52
8912,9013,437,13.79
8176,8277,437,6.41
7679,7780,437,6.22
8275,8376,437,7.18
6081,6182,437,6.68
5580,5681,438,32.1
7887,7988,438,34.3
7690,7691,438,17.41
7396,7497,438,20.89
6897,6998,438,20.88
8623,8724,438,13.85
7590,7691,438,11.5
6997,6998,438,9.41
4980,4981,438,6.11
8841,8942,438,7.95
8811,8911,438,3.85
4681,4782,438,6.79
8952,9053,438,7.92
2864,2865,438,10.14
2651,2551,438,4.42
7887,7888,439,19.77
7688,7789,439,16.82
7783,7884,439,9.85
8628,8729,439,8.39
8533,8634,439,8.13
8918,9019,439,14.2
8914,9015,439,13.56
8765,8866,439,7.74
8177,8278,439,6.12
7591,7692,440,34.6
7593,7694,440,31.99
5580,5581,440,16.2
7397,7498,440,20.85
5082,5183,440,18.72
8819,8920,440,14.04
3169,3170,440,8.71
3065,3066,440,10.31
3136,3037,440,6.13
4881,4982,440,18.94
8668,8769,440,8.16
8913,9014,440,13.41
8206,8305,440,1.86
7886,7987,441,34.25
5481,5582,441,25.18
7398,7499,441,16.8
7395,7496,441,15.41
5282,5283,441,9.31
7493,7594,441,9.47
8078,8179,441,6.28
8407,8507,441,3.97
2657,2658,441,8.72
5310,5210,441,1.62
4180,4181,441,8.14
3523,3424,441,0.49
9050,9151,441,7.86
6084,6085,441,8.89
7791,7892,442,33.19
7791,7792,442,24.32
7592,7693,442,33.88
5082,5083,442,10.5
6897,6898,442,9.41
7394,7495,442,10.2
7780,7881,442,32.85
8626,8727,442,8.32
8861,8962,442,8.27
7878,7879,442,4.23
8720,8821,442,14.04
7778,7879,442,6.19
4881,4882,442,10.5
2943,2944,442,2.51
2456,2457,442,23.25
6289,6290,442,5.57
8374,8475,442,8.03
2862,2763,442,4.62
2865,2966,443,34.54
2865,2866,443,20.61
7300,7400,443,10.44
8534,8635,443,7.99
8629,8730,443,8.22
2758,2759,443,10
7878,7979,443,6.09
8860,8961,443,7.57
7804,7904,443,3.84
2456,2557,443,26.35
8917,9018,443,8.61
2965,2966,443,19.71
8911,9012,443,32.94
8840,8941,443,7.85
3048,2948,443,3.77
3275,3276,443,4.91
5507,5407,443,1.41
7884,7985,444,31.65
7884,7885,444,24.72
7789,7890,444,31.54
7888,7989,444,34.47
7888,7889,444,20.3
8919,9020,444,14.46
5782,5783,444,10.35
8820,8921,444,14.27
7099,7100,444,7.83
3879,3980,444,11.38
8862,8963,444,8.31
8624,8725,444,8.27
8766,8867,444,7.86
2553,2453,444,4.32
2750,2649,444,6.13
8721,8822,444,13.65
6796,6797,444,9.41
5882,5783,444,2.48
5901,5802,444,10.57
4382,4383,444,9.18
7689,7790,445,14.15
8722,8823,445,13.24
7497,7598,445,20.88
9017,9118,445,14.05
8943,9044,445,7.81
8572,8673,445,7.44
6491,6492,445,9.23
8276,8377,445,6.78
5984,5985,445,6.95
7503,7602,445,1.8
7499,7600,446,34.66
7499,7500,446,21.5
7694,7795,446,26.83
7498,7599,446,23.92
8723,8824,446,13.44
5483,5584,446,11.62
3879,3880,446,7.1
7987,8088,446,30.06
3066,3067,446,18.96
8630,8731,446,8.17
3045,2946,446,6.76
6101,6201,446,6.83
6390,6391,446,5.36
3134,3034,446,2.19
3232,3132,446,1.87
7703,7803,446,3.8
5212,5112,446,1.06
2457,2458,447,21.06
7792,7893,447,34.61
7792,7793,447,21.01
7892,7993,447,32.05
7892,7893,447,24.68
7881,7982,447,30.46
7693,7794,447,33.13
3979,4080,447,13.77
6592,6593,447,8.81
5483,5484,447,7.17
4682,4683,447,5.94
3520,3421,447,0.79
5901,5801,447,6.11
3477,3478,447,5.43
8944,9045,447,7.99
3037,3038,447,16.53
2763,2764,448,19.73
5183,5284,448,20.21
5681,5682,448,10.47
7791,7891,448,9.71
9013,9114,448,13.45
8535,8636,448,7.91
8631,8732,448,8.07
4682,4783,448,8.25
7494,7595,448,11.16
8863,8964,448,7.68
8669,8770,448,8.21
8767,8868,448,7.94
7496,7597,448,20.9
8375,8476,448,7.65
4282,4283,448,9.11
2866,2967,448,34.6
2866,2867,448,20.94
8945,9046,448,8.36
7890,7991,449,33.77
7885,7986,449,34.29
2457,2558,449,22.72
7881,7882,449,14.52
7694,7695,449,11.7
7884,7984,449,11.06
6998,6999,449,9.12
5083,5184,449,20.56
8958,9059,449,7.96
8956,9057,449,7.83
7401,7501,449,3.9
8474,8575,449,8.14
8625,8726,449,7.36
2456,2357,449,11.94
2455,2356,449,8.5
8916,9016,449,3.92
8911,9011,449,9.95
5607,5506,449,1.21
4716,4615,449,0.73
8920,9021,450,14.26
4782,4883,450,12.51
7495,7596,450,18.96
2942,2843,450,5.11
9015,9116,450,13.07
9014,9115,451,13.44
8954,9055,451,7.97
8632,8733,451,8.15
2650,2550,451,4.37
8178,8279,451,6.24
6695,6696,451,4.89
9150,9251,451,8.46
2458,2559,452,28.75
2458,2459,452,24.26
7982,8083,452,30.52
3067,3068,452,19.06
7892,7992,452,10.75
5582,5683,452,13.47
4982,4983,452,8.99
8953,9054,452,7.92
8768,8869,452,8.15
8957,9058,452,7.85
6188,6189,452,6.37
9149,9250,452,8.17
9052,9153,452,7.86
4583,4584,452,5.28
7794,7895,453,25.13
7993,8094,453,26.81
5284,5385,453,34.65
5284,5285,453,21.44
9018,9119,453,14.71
2457,2358,453,13.26
8821,8922,453,13.85
6085,6086,453,8.53
5083,5084,453,9.37
5482,5583,453,8.62
8955,9056,453,7.91
8670,8771,453,7.32
8864,8965,453,8.1
8608,8708,453,3.99
8959,9060,453,7.74
2658,2659,453,8.97
2759,2760,453,10.19
3376,3377,453,5.94
7991,8092,454,31.5
7984,8085,454,33.49
7882,7983,454,29.9
7982,7983,454,14.58
7795,7896,454,18.25
3980,4081,454,14.43
9012,9113,454,12.94
6898,6899,454,8.84
5283,5384,454,10.98
8633,8734,454,8.11
8573,8674,454,7.57
8671,8772,454,7.46
3045,2945,454,3.52
7598,7699,454,16.81
9148,9249,454,7.91
2455,2355,454,4.61
4583,4684,454,6.77
4181,4182,454,8.03
3579,3580,454,5.67
7597,7698,455,20.87
9020,9121,455,13.81
6797,6798,455,9.41
8728,8829,455,8.03
6401,6301,455,4.84
9051,9152,455,5.38
8865,8966,455,8.08
8709,8809,455,3.96
8960,9061,455,7.6
8574,8675,455,7.63
3579,3680,455,7.62
7993,7994,456,11.69
8823,8924,456,13.24
6492,6493,456,9.36
7890,7990,456,9.04
8942,9043,456,7.91
8724,8825,456,8.27
3779,3780,456,5.18
7782,7883,456,4.55
8839,8940,456,7.64
4483,4484,456,5.03
2552,2452,456,3.79
7992,8093,457,34.14
2459,2560,457,33.28
2459,2460,457,24.26
7596,7697,457,20.83
7695,7796,457,18.92
3880,3981,457,14.04
5985,5986,457,8.69
3980,3981,457,8.02
8634,8735,457,7.99
9053,9154,457,7.8
8729,8830,457,8.01
8672,8773,457,7.38
8079,8180,457,6.28
3429,3329,457,1.77
8376,8477,457,7.16
4283,4384,457,17.2
7991,8091,458,11.18
2764,2765,458,10.04
5584,5685,458,12.35
8769,8870,458,8.31
8866,8967,458,7.72
5903,5804,458,1.77
9151,9252,458,8.6
7983,8084,459,31.8
7699,7800,459,28.33
7699,7700,459,24.12
5285,5386,459,24.03
2358,2359,459,17.96
4683,4784,459,12.32
3880,3881,459,7.91
8092,8193,459,32.5
9114,9215,459,13.25
7780,7880,459,4.64
7779,7880,459,6.28
8079,8080,459,4.01
8810,8910,459,3.92
8406,8506,459,3.98
2862,2762,459,2.32
5084,5185,460,20.75
9011,9112,460,13.1
5584,5585,460,7.41
3276,3277,460,6.05
8727,8828,460,8.15
8277,8378,460,6.31
6391,6392,460,7.59
2749,2848,460,5.95
2749,2748,460,4.31
9016,9117,460,13.22
8475,8576,460,7.86
4283,4284,460,8.72
7896,7997,461,22.99
5384,5485,461,23.09
5385,5486,461,18.27
9021,9122,461,13.14
9021,9022,461,9.76
6999,7000,461,8.4
7793,7894,461,10.27
8730,8831,461,7.98
8094,8195,461,18.87
8635,8736,461,7.94
8941,9042,461,7.99
8961,9062,461,8.28
8962,9063,461,7.49
7988,8089,461,6.29
2942,2842,461,2.59
5802,5803,461,6.24
7699,7799,462,13.12
4983,4984,462,10.48
5783,5784,462,5.83
4883,4884,462,8.74
2460,2561,462,32.12
5884,5885,462,3.84
7603,7702,462,1.77
8091,8192,463,34.63
2765,2766,463,20.99
6696,6697,463,8.64
7695,7696,463,7.47
7595,7696,463,9.89
6593,6594,463,6.62
8824,8925,463,8.39
2946,2947,463,6.21
2760,2761,463,10.14
8963,9064,463,7.85
2867,2968,463,9.47
9019,9120,463,6.04
8738,8838,463,2.3
8867,8968,463,7.86
3529,3428,463,1.62
9044,9145,463,8.05
5285,5286,464,9.97
8922,8923,464,9.67
5583,5684,464,13.94
5084,5085,464,9.39
4584,4685,464,12.51
8731,8832,464,7.94
8725,8826,464,7.38
7880,7981,464,33
2867,2868,464,6.42
6290,6291,464,4.7
8822,8923,464,7.22
8179,8280,464,6.31
3042,2941,464,2.13
2551,2451,464,3.9
2460,2461,464,16.23
2659,2660,464,9.18
3330,3230,464,1.92
5185,5186,465,24.71
8084,8185,465,27.94
5986,6087,465,18.82
7896,7897,465,9.41
9113,9214,465,13.64
8922,9023,465,12.85
9046,9147,465,8.37
8673,8774,465,7.45
7879,7980,465,6.24
8093,8194,465,20.1
8278,8379,465,5.59
9045,9146,465,8.26
5806,5805,465,1.39
5706,5705,465,1.41
8195,8296,466,30.65
2359,2360,466,16.11
7697,7798,466,17.39
8089,8190,466,34.38
6899,6900,466,8.62
3981,4082,466,15.98
4584,4585,466,7.46
8770,8871,466,8.22
8636,8737,466,7.92
8868,8969,466,8.04
8964,9065,466,8.17
8732,8833,466,7.99
3478,3479,466,5.47
8377,8478,466,6.9
6798,6799,466,9.15
8305,8405,466,3.94
3068,3069,466,7.53
4182,4183,466,8.77
7799,7900,467,34.17
8089,8090,467,19.98
8193,8294,467,18.28
7985,8086,467,6.25
7989,8090,467,6.31
4684,4785,467,11.26
8094,8095,467,7.45
8476,8577,467,7.48
8507,8607,467,3.97
8508,8607,467,1.89
7894,7995,468,20.97
8195,8196,468,14.7
3881,3982,468,16.21
6493,6494,468,8.64
8575,8676,468,7.74
9059,9160,468,7.7
9057,9158,468,7.82
6189,6190,468,6.35
2560,2661,468,13.31
8911,9010,468,4.76
2461,2562,469,28.78
4884,4985,469,20.7
5986,5987,469,9.07
7981,8082,469,31.94
9055,9156,469,7.99
8192,8293,469,26.68
8733,8834,469,8.14
8726,8827,469,7.26
9118,9219,469,6.15
8088,8189,469,6.19
9115,9216,469,8.14
9251,9352,469,8.16
8194,8295,470,34.37
9215,9316,470,13.44
9054,9155,470,8.04
9153,9254,470,8.24
5286,5387,470,26.49
2649,2549,470,3.92
2749,2648,470,4.17
8869,8970,470,8.26
7987,8087,470,3.56
2650,2549,470,3.37
9250,9351,470,8.21
7904,8004,470,3.84
7798,7899,471,30.2
5186,5287,471,27.76
3881,3882,471,8.49
3780,3781,471,7.02
7895,7996,471,7.86
8965,9066,471,8.2
9060,9161,471,8.03
3377,3378,471,5.63
9058,9159,471,7.71
8190,8291,471,34.42
8190,8191,471,20.14
3034,2935,471,5.7
6392,6393,471,9.14
5685,5786,471,11.61
8294,8395,472,33.72
8095,8096,472,24.72
8296,8397,472,24.6
2461,2462,472,13.11
4884,4885,472,10.45
9122,9223,472,13.04
9122,9123,472,9.72
9022,9123,472,13.04
9112,9213,472,12.61
8734,8835,472,8.06
9056,9157,472,7.83
2455,2354,472,3.57
5784,5785,472,10.13
5685,5686,472,7.17
2866,2767,472,5.02
4484,4485,472,6.63
9152,9253,472,8.44
8924,9025,473,8.52
8674,8775,473,7.45
8771,8872,473,7.27
8829,8930,473,7.97
7803,7903,473,3.84
9061,9162,473,8.15
8082,8183,474,29.28
5186,5187,474,12.35
6697,6698,474,9.39
2561,2662,474,12.57
9154,9255,474,8.34
8940,9041,474,7.96
3680,3681,474,5.56
8772,8873,474,7.34
8279,8380,474,6.29
2763,2664,474,4.47
8293,8394,474,30.57
8966,9067,474,7.75
2360,2361,474,13.66
9043,9144,474,8.03
5408,5308,474,1.47
8970,9071,475,31.92
8970,8971,475,24.69
7798,7898,475,12.08
8196,8297,475,22.4
5185,5086,475,9.44
5386,5487,475,9.01
8735,8836,475,8.06
4384,4385,475,5.77
8675,8776,475,7.39
9116,9217,475,5.76
9011,9111,475,3.99
5485,5586,475,10.56
8830,8931,475,7.95
9121,9222,475,7.27
8870,8971,475,8.34
9119,9220,475,6.46
7899,8000,476,34.09
9066,9167,476,28.59
7996,8097,476,31.58
5287,5388,476,34.55
5287,5288,476,20.63
3277,3278,476,6.58
3982,4083,476,18.67
8773,8874,476,7.52
8825,8926,476,7.35
7501,7601,476,3.75
8191,8292,476,33.7
9214,9315,476,13.6
9252,9353,476,8.18
2868,2969,476,12.25
8291,8392,476,28.44
5606,5605,476,1.37
8096,8197,477,32.05
8967,9068,477,7.68
8085,8186,477,6.3
2945,2846,477,6.41
2550,2450,477,3.95
8477,8578,477,7.31
8397,8498,477,29.01
5987,6088,478,16.79
4585,4686,478,12.84
6799,6800,478,8.52
3069,3070,478,8.47
8828,8929,478,7.98
4785,4886,478,12.9
5486,5587,478,8.63
2948,2847,478,4.05
2868,2869,478,7.38
3271,3172,478,1.92
4885,4986,479,20.47
3882,3983,479,18.6
9066,9166,479,12.99
2664,2665,479,20.38
8736,8837,479,8.04
8576,8677,479,7.52
8708,8808,479,3.95
9042,9143,479,7.88
8831,8932,479,7.95
3231,3131,479,1.95
2451,2352,479,9.45
8395,8496,479,21.81
4183,4184,479,7.95
