7119,7118,2,35.09
7119,7018,3,40.89
7118,7117,5,35.94
7119,7019,5,19.5
7018,7017,6,35.7
7118,7017,6,44.17
7018,6917,7,47.08
7117,7116,8,36
7119,7218,8,16.38
7017,7016,9,36
7117,7016,9,45.32
7019,6918,9,46.2
6917,6916,10,35.29
7017,6916,10,45.42
7119,7219,10,9.71
7116,7115,11,35.86
6917,6816,11,41.46
7016,7015,12,35.57
7116,7015,12,46.52
7019,6919,12,15.94
7118,7217,12,14.38
7119,7120,12,7.95
7016,6915,13,42.35
6918,6817,13,44.29
6917,6817,13,19.21
7119,7020,13,10.72
7115,7114,14,35.96
6916,6815,14,36.52
7015,7014,15,35.38
7217,7216,15,33.77
7115,7014,15,45.95
6918,6818,15,17.45
7015,6914,16,41.7
7114,7113,17,35.55
6815,6814,17,33.68
6817,6716,17,41.1
7216,7215,18,35.24
7014,7013,18,35.46
7114,7013,18,42.28
6815,6714,18,37.82
6919,6819,18,16.84
7219,7319,18,13.36
7219,7318,18,19.61
7119,7220,18,7.7
6914,6913,19,33.63
6818,6717,19,43.5
7014,6913,19,41.95
6815,6715,19,20.83
6817,6717,19,19.39
6914,6813,20,37.72
7217,7316,20,17.83
7013,6912,21,47.52
7013,7012,21,35.51
6714,6713,21,33.36
7215,7214,21,34.56
6818,6718,21,17.99
6714,6613,22,37.22
7217,7317,22,11.08
6913,6812,23,42.56
6717,6616,23,40.64
6714,6614,23,21.03
7219,7320,23,11.1
7019,6920,23,7.87
6912,6811,24,48.81
6713,6712,24,35.49
7316,7315,24,29.43
7216,7315,24,16.16
7114,7213,24,15.59
7120,7121,24,8.75
6613,6612,25,35.81
6912,6911,25,28.56
7012,6911,25,44.71
6713,6612,25,42.06
6718,6617,25,43.1
6717,6617,25,19.63
6819,6719,25,15.94
7120,7021,25,11.65
6812,6711,26,49.5
6613,6512,26,43.36
7012,7011,26,22.68
7319,7419,26,13.86
7319,7418,26,19.89
7113,7112,26,11.98
6716,6615,26,16.81
6712,6611,27,49.2
6614,6513,27,40.4
6718,6618,27,18.25
7215,7314,27,17.06
6811,6710,28,45.93
7316,7416,28,14.23
7316,7415,28,20.07
7011,6910,29,48.45
6911,6810,29,42.39
6811,6810,29,24.02
6614,6514,29,19.74
6919,6820,29,8.5
7120,7221,29,8.48
6711,6610,30,47.04
7418,7417,30,28.72
7011,7010,30,27.77
7112,7111,30,25.67
7317,7417,30,13.88
6710,6709,31,35.97
6611,6510,31,45.57
6618,6517,31,40.82
6615,6515,31,21.6
7315,7414,31,20.4
7320,7420,31,13.24
7319,7420,31,11.62
6910,6909,32,33.93
6810,6809,32,35.96
6710,6609,32,45.84
6719,6619,32,16.47
7320,7321,32,11.27
6610,6509,33,48.33
6618,6518,33,19.54
7418,7518,33,14.68
7418,7517,33,20.26
6512,6511,33,16.52
7213,7212,33,12.04
7414,7413,34,35.54
7010,7009,34,33.12
7111,7110,34,31.78
6512,6411,34,19.45
6617,6516,34,17.65
6616,6516,34,9.52
6909,6808,35,49.53
6809,6808,35,35.71
6609,6608,35,33.94
6709,6608,35,36.75
6709,6708,35,33.09
7414,7313,35,42.23
6510,6409,35,45.27
7416,7516,35,14.45
6513,6412,35,19.01
7212,7211,36,34.33
6909,6908,36,31.3
6609,6508,36,38.32
6820,6720,36,15.34
7416,7515,36,20.17
7320,7421,36,10.98
6819,6720,36,7.87
6411,6310,37,48.75
6411,6410,37,34.5
7413,7412,37,35.99
6509,6408,37,47.02
6514,6413,37,17.99
7021,6921,37,9.07
6808,6707,38,49.28
6708,6607,38,49.38
6608,6607,38,33.74
7313,7312,38,34.81
7110,7109,38,30.82
7413,7312,38,45.65
7010,7109,38,18.33
7111,7210,38,19.15
7418,7519,38,12.48
6908,6807,39,49.12
6508,6407,39,48.9
6508,6507,39,34.29
6808,6807,39,29.91
6409,6308,39,46.99
6608,6507,39,37.94
7009,7008,39,24.1
6619,6519,39,16.63
6517,6416,39,18.38
7420,7520,39,13.65
6410,6309,40,49.48
6908,6907,40,29.39
6518,6417,40,20.32
6515,6414,40,16.85
6514,6414,40,9.22
6707,6606,41,49.35
7210,7209,41,33.36
6607,6506,41,49.53
6408,6307,41,42.59
7518,7618,41,12.52
7518,7617,41,19.05
7414,7513,41,15.62
6920,6821,41,8.18
6407,6306,42,49.55
6807,6806,42,35.85
7008,7007,42,35.08
6519,6418,42,48.91
6707,6706,42,33.32
7312,7311,42,32.36
7109,7108,42,31.11
6411,6311,42,13.03
7517,7616,42,16.82
7321,7222,42,14.15
7321,7322,42,11.11
6515,6415,42,9.41
6309,6208,43,49.46
6907,6906,43,35.25
6407,6406,43,32.15
7414,7514,43,9.07
6719,6620,43,8.24
6606,6505,44,49.15
7209,7208,44,33.88
6506,6405,44,47.98
6506,6505,44,35.23
6310,6209,44,21.47
7421,7521,44,13.71
7420,7521,44,11.39
6311,6210,45,48.27
6706,6705,45,35.94
6606,6605,45,29.47
7513,7512,45,25.51
6413,6312,45,18.42
7421,7422,45,11.74
7413,7512,45,13.31
7108,7107,46,30.97
6806,6805,46,27.88
6308,6207,46,21.45
7312,7411,46,18.83
7412,7411,46,11.82
6505,6404,47,48.85
6405,6404,47,35.96
6906,6905,47,27.06
6417,6316,47,20.32
6416,6315,47,18.64
6519,6419,47,12.77
7518,7619,47,10.27
7121,7122,47,4.44
6605,6504,48,49.43
6505,6504,48,28.64
6405,6304,48,44.29
6209,6108,48,45.92
6406,6305,48,32.94
6418,6317,48,23.87
7311,7310,48,17.03
6307,6206,48,22.78
7513,7613,48,16.58
7513,7612,48,20.65
6413,6313,48,9.15
6820,6721,48,7.48
6705,6604,49,36.03
6705,6704,49,32.66
6605,6604,49,33.02
7616,7615,49,14.65
7209,7308,49,17.73
6907,7006,49,16.15
7421,7522,49,11.45
6619,6520,49,8.35
7121,7022,49,5.79
6805,6804,50,25.3
6207,6106,50,42.47
6906,7005,50,20.55
6306,6205,50,19.08
7108,7207,50,19.53
6311,6211,50,13.74
6415,6314,50,18.01
6504,6403,51,49.34
6304,6203,51,48.18
6304,6303,51,35.08
6404,6303,51,47.06
6404,6403,51,25.47
6209,6109,51,16.18
7521,7621,51,14.36
7209,7309,51,10.98
7618,7717,51,14.5
7513,7614,51,14.73
6604,6603,52,35.9
6504,6503,52,30.12
6305,6204,52,37.79
7512,7511,52,14.41
7521,7620,52,20.13
6208,6107,52,17.41
7322,7223,52,14.15
7322,7323,52,11.11
6211,6110,53,49.18
6704,6703,53,30.51
6419,6318,53,27.24
6805,6904,53,20.66
7411,7410,53,14.94
6203,6102,54,49.24
6403,6302,54,49.43
6804,6803,54,27.06
6317,6216,54,23.65
6316,6215,54,20.95
7422,7423,54,12.1
7618,7718,54,8.2
7021,6922,54,5.01
6603,6602,55,34.47
6503,6502,55,36
6203,6202,55,29.76
6403,6402,55,30.55
6303,6202,55,45.96
7005,7004,55,21.43
6206,6105,55,22.9
6313,6212,55,20.57
6315,6214,55,18.97
7107,7106,55,11.15
7005,7105,56,18.87
7522,7622,56,14.3
7006,7105,56,20.59
7612,7611,56,13.52
7521,7622,56,12.14
6102,6001,57,49.02
6302,6201,57,48.25
6302,6301,57,35.03
6703,6702,57,32.89
6110,6009,57,45.48
6204,6104,57,21.78
6106,6005,57,22.9
7005,7104,57,20.23
6804,6903,57,20.55
7615,7714,57,18.78
7422,7523,57,11.81
6921,6822,57,7.27
6502,6501,58,34.89
6402,6401,58,35.32
6202,6101,58,48.74
6602,6601,58,34.33
6102,6101,58,29.09
6803,6802,58,31.96
6318,6217,58,28.41
6204,6103,58,25.63
6314,6213,58,18.89
7615,7715,58,12.16
7308,7307,58,11.9
7717,7716,59,12.73
6211,6111,59,12.22
7207,7206,59,12.32
6108,6007,59,13.67
7004,7003,60,24.16
6110,6010,60,16.55
6107,6006,60,19.11
6109,6008,60,17.47
6001,5901,61,61.92
6903,6902,61,9.85
6702,6701,61,8.3
6102,6002,61,62.96
6216,6115,61,10.16
7522,7623,61,12.31
6520,6420,61,54.28
6721,6621,61,56.82
6419,6319,61,20.25
6519,6420,61,32.41
6006,5906,62,59.85
6111,6011,62,47.35
6103,6003,62,49.01
6822,6722,62,56.95
7423,7324,62,29.87
7423,7424,62,18.41
7511,7510,62,4.32
7618,7719,62,14.26
6821,6722,62,32.28
6621,6521,63,58.2
6007,5907,63,42.11
6215,6114,63,9.84
6318,6218,63,22.57
6211,6112,63,32.44
6722,6622,64,61.56
5901,5801,64,43.73
6002,5902,64,48.26
6103,6004,64,32.05
6009,5909,64,18.73
7523,7524,64,17.91
6214,6113,64,10.08
6216,6116,64,14.8
6922,6823,64,32.16
7223,7123,64,13.85
6520,6421,64,30.1
6721,6622,64,28.47
6319,6219,65,32.31
6111,6012,65,32.32
6007,5908,65,32.21
6802,6801,65,9.69
6217,6117,65,18.67
6822,6723,65,28.38
6005,5905,65,19.55
7004,7103,65,8.17
6922,6923,65,15.75
7122,7023,65,14
6622,6522,66,50.95
6421,6321,66,60.86
5901,5802,66,32.39
6002,5903,66,32.19
6420,6320,66,22.78
7410,7409,66,4.73
6218,6118,67,29.15
6011,5911,67,20.26
7424,7325,67,29.79
7623,7624,67,17.7
6115,6015,67,16.85
6010,5910,67,16.65
6219,6119,68,41.77
5909,5809,68,30.45
6521,6422,68,32.25
6114,6014,68,21.16
7719,7720,68,18.79
7424,7425,68,18.47
6320,6220,69,39.24
6622,6523,69,31.53
5907,5807,69,17.53
7324,7224,69,14.67
6722,6623,69,23.4
7308,7408,69,3.34
6118,6018,70,34.76
5910,5810,70,45.44
6117,6017,70,20.69
6923,6824,70,32.33
7023,6924,70,29.45
6004,5904,70,19.69
6823,6724,70,24.61
5909,5810,70,27.65
6421,6322,70,24.45
7003,7002,70,10.52
6523,6423,71,58.02
6119,6019,71,44.12
6522,6423,71,31.83
6012,5912,71,18.8
5908,5808,71,18.69
7023,7024,71,18.68
5909,5808,71,23.15
6113,6013,71,16.18
5906,5806,71,11.13
7719,7819,71,11.23
6902,6901,71,10.05
5910,5811,72,32.44
5911,5811,72,21.16
6015,5915,72,24.33
7624,7525,72,30.89
5802,5702,72,19.83
5903,5803,72,19.77
5905,5805,72,14.43
6116,6016,72,13.14
5801,5701,72,13.48
7623,7723,72,9.84
6115,6016,72,13.89
7611,7610,72,4.45
7223,7124,72,10.04
7612,7712,72,2.61
6018,5918,73,37.59
6322,6222,73,35.38
6014,5914,73,22.28
7624,7625,73,17.59
7425,7326,73,29.25
7719,7820,73,13.17
7308,7407,73,3.55
6019,5919,74,48.58
5808,5708,74,36.93
6623,6524,74,29.7
7325,7225,74,14.71
7425,7426,74,18.8
7623,7724,74,11.75
7717,7817,74,3.24
7612,7711,74,2.78
6824,6725,75,29.04
5810,5710,75,22
6924,6825,75,31.27
6523,6424,75,27.51
5807,5707,75,18.05
6321,6221,75,11.73
6012,5913,75,14.63
6219,6120,75,14.74
7103,7102,75,10.81
7719,7818,75,11.79
7623,7722,75,10.38
7714,7713,75,4.06
7207,7306,75,3.63
5915,5815,76,32.13
5912,5812,76,20.98
5808,5709,76,30.83
6017,5917,76,18.15
5904,5804,76,18.69
6924,6925,76,17.19
5809,5709,76,12.72
6015,5916,76,15.84
6424,6324,77,52.96
6725,6625,77,61.96
5919,5819,77,48.84
5918,5818,77,30.49
6222,6122,77,32.28
7326,7226,77,33.09
5811,5711,77,24.66
5806,5706,77,18.05
6422,6323,77,16.06
5702,5602,77,20.19
5709,5609,78,59.1
6120,6020,78,42.57
5914,5814,78,22.47
7326,7227,78,29.12
7820,7721,78,30.23
5803,5703,78,18.95
6119,6020,78,14.33
7525,7526,78,18.67
7206,7205,78,5.06
5815,5715,79,38.37
6221,6121,79,31.35
7326,7327,79,18.87
7820,7821,79,18.16
7426,7327,79,28.99
7819,7919,79,13.78
7103,7203,79,7.25
7717,7816,79,3.45
6324,6224,80,40.13
5916,5816,80,32.11
5710,5610,80,24.35
5913,5813,80,20.4
6825,6726,80,32.41
5708,5608,80,17.32
5805,5705,80,12.55
7426,7427,80,18.94
5819,5719,80,38.16
6724,6624,80,10.59
7002,7001,80,10.16
6623,6624,80,9.65
7624,7725,80,11.63
5701,5601,80,12.88
7226,7126,81,29.57
6925,6826,81,29.73
5812,5712,81,22.7
6020,5920,81,42.11
5811,5712,81,15.88
7819,7920,81,15.53
7819,7918,81,14.3
7103,7204,81,8.9
6726,6626,82,61.15
5715,5615,82,36.08
7227,7127,82,29.25
5814,5714,82,26.72
6925,6926,82,18.5
6725,6626,82,22.69
5707,5607,82,15.72
7225,7125,82,13.55
6322,6223,82,12.13
5816,5716,83,49.73
6121,6021,83,32.76
5609,5509,83,24.33
5706,5606,83,18.25
5917,5817,83,15.71
5804,5704,83,14.3
6924,7025,83,11.19
7525,7626,83,12.99
7327,7228,84,28.93
7227,7128,84,26.9
7227,7228,84,19.74
7526,7527,84,18.94
5818,5718,84,16.28
6122,6022,84,15.84
5710,5611,84,15.84
5602,5502,84,15.1
5703,5603,84,16.76
5920,5820,84,47.07
7103,7202,84,7.71
7510,7509,84,4.56
7410,7509,84,3.33
7126,7026,85,29.57
5813,5713,85,23.24
5608,5508,85,21.52
7327,7328,85,18.97
7427,7328,85,28.68
7102,7101,85,10.73
6222,6123,85,12.12
7820,7921,85,12.3
5716,5616,86,33.71
5817,5717,86,36.4
5615,5515,86,26.28
5714,5614,86,33.01
5502,5402,86,50.12
6826,6727,86,32.18
6726,6627,86,24.05
5705,5605,86,18.91
7427,7428,86,19.09
5820,5720,87,47.95
5712,5612,87,17.67
7126,7027,87,27.11
5609,5510,87,15.84
6424,6325,87,12.32
6224,6124,87,16.26
6524,6425,87,11.35
5819,5720,87,15.29
5718,5618,88,33.18
5607,5507,88,17.32
6826,6827,88,15.68
6020,5921,88,14.68
5601,5501,88,12.79
5614,5514,89,40.41
5603,5503,89,22.72
5606,5506,89,16.69
5502,5403,89,31.78
7920,8020,89,13.33
6624,6525,89,15.94
7526,7627,89,13.4
6324,6225,89,11.99
5618,5518,90,50.69
5717,5617,90,31.82
5713,5613,90,21.06
5508,5408,90,23.53
5719,5619,90,10.4
5720,5620,91,28.09
7026,6927,91,27.21
5611,5511,91,16.44
5615,5516,91,16.01
6626,6526,91,11.79
7920,8021,91,15.13
5704,5604,91,14.09
6122,6023,91,10.56
7427,7528,91,13.65
5518,5418,92,61.91
5514,5414,92,43.2
5921,5821,92,29.62
5402,5302,92,17.95
5605,5505,92,18.18
5509,5409,92,12.1
5502,5401,92,17.94
7920,8019,92,13.86
5920,5821,92,13.77
7714,7814,92,2.63
5620,5520,93,52.23
5507,5407,93,22.57
5510,5410,93,18.38
6022,5922,93,11.47
5612,5512,94,15.89
5603,5504,94,15.61
7102,7201,94,7.65
6224,6125,94,10.65
7610,7609,94,4.57
7715,7815,94,2.63
5302,5202,95,48.39
5821,5721,95,42.76
5613,5513,95,23.1
5408,5308,95,22.61
5506,5406,95,19.07
5515,5415,95,12.27
6627,6527,95,11.79
5403,5303,95,19.06
5820,5721,95,13.59
6124,6024,95,14.29
7611,7710,95,3.11
6125,6025,96,54.68
5922,5822,96,39.22
8021,7922,96,30.03
5619,5519,96,17.13
5720,5621,96,16.06
7407,7406,96,4.49
7307,7406,96,3.49
6024,5924,97,50.91
5302,5203,97,32.17
8021,8022,97,18.3
5510,5411,97,14.49
7306,7305,97,4.73
7206,7305,97,3.61
6025,5925,98,57.68
5822,5722,98,54.76
5519,5419,98,62.37
5202,5102,98,47.54
5407,5307,98,21.92
5922,5823,98,31.58
5924,5824,99,53.2
5513,5413,99,31.22
6125,6026,99,29.88
5922,5923,99,16.79
5409,5309,99,15.66
6023,5923,99,14.04
5503,5404,99,14.96
6827,6728,99,13.08
6425,6326,99,11.9
5403,5304,99,14.72
5505,5405,99,16.25
7228,7129,99,9.81
7328,7229,99,10.37
5925,5825,100,57.81
5203,5103,100,48.92
5202,5103,100,32.29
5308,5208,100,22.66
5406,5306,100,20.43
5512,5412,100,16.69
5410,5310,100,16.52
5302,5201,100,18.85
5516,5416,100,11.95
5617,5517,100,10.09
7428,7329,100,10.36
6325,6226,100,11.64
6026,5926,101,59.61
5824,5724,101,52.65
5823,5723,101,40.27
5102,5002,101,46.24
5822,5723,101,29.83
5401,5301,101,11.93
5418,5318,101,11.7
8021,8121,101,10.55
6827,6828,101,8.11
5402,5301,101,10.06
5825,5725,102,56.66
5517,5417,102,62.41
6226,6126,102,57.06
5413,5313,102,42.21
5307,5207,102,25.53
5203,5104,102,32.07
5414,5314,102,10.06
7408,7508,102,3.08
7714,7813,102,2.8
5926,5826,103,57.54
5103,5003,103,41.69
5102,5003,103,32.41
5411,5311,103,18.16
8022,7923,103,28.05
8022,8023,103,19.36
7922,7822,103,15.71
5202,5101,103,19.27
5520,5420,103,10.34
8021,8122,103,12.49
5725,5625,104,53.72
5724,5624,104,47.56
5002,4902,104,44.14
5723,5623,104,47.53
5415,5315,104,12.25
7201,7301,104,10.99
6927,6928,104,7.72
8021,8120,104,11.11
5826,5726,105,52.31
5103,5004,105,32.14
5208,5108,105,23.82
5306,5206,105,20.56
5825,5726,105,28.59
5412,5312,105,24
6226,6127,105,28.3
6026,5927,105,25.96
5405,5305,105,17.96
5203,5204,105,12.54
5621,5521,105,11.35
5308,5209,105,15.6
5303,5204,105,14.73
5721,5622,105,15.36
7201,7302,105,12.92
5304,5204,105,18.8
7128,7028,105,4.94
5625,5525,106,52.59
5003,4903,106,37.94
5207,5107,106,29.77
5002,4903,106,32.41
5419,5319,106,13.05
5102,5001,106,19.88
6127,6027,107,62.59
5623,5523,107,49
5624,5524,107,34.72
5725,5626,107,30.39
5926,5827,107,27.92
5310,5210,107,15.8
7528,7429,107,9.33
4902,4802,107,37.78
7918,7917,107,3.98
7712,7812,107,2.92
5525,5425,108,51.94
5312,5212,108,37.08
5003,4904,108,31.19
5311,5211,108,24.85
5826,5727,108,31.03
5002,4901,108,20.78
8022,8123,108,14.14
7711,7811,108,3
7407,7507,108,2.94
5625,5526,109,30.92
7923,7823,109,16.94
5108,5008,109,26.17
5318,5218,109,12.66
5208,5109,109,15.78
5416,5316,109,11.91
6728,6628,109,10.62
5304,5205,109,14.64
4903,4803,109,34.72
4902,4803,109,31.13
5524,5424,110,34.54
5107,5007,110,30.98
5927,5828,110,31.93
5726,5627,110,32.2
5206,5106,110,21.58
5425,5325,111,41.31
5211,5111,111,37.55
5212,5112,111,45.38
5525,5426,111,31.18
5420,5320,111,13.72
5417,5317,111,11.34
4903,4804,111,29.91
4902,4801,111,22.71
4802,4702,111,32.17
5828,5728,112,50.97
5008,4908,112,41.66
6027,5928,112,29.74
5827,5728,112,32.43
5626,5527,112,32.25
5210,5110,112,24.35
5927,5928,112,16.24
6127,6028,112,21.27
5623,5522,112,18.53
8122,8222,112,11.28
6828,6729,112,13.04
6226,6227,112,8.63
5314,5214,112,10.45
5315,5215,112,12.67
4802,4703,112,28.63
5104,5005,112,14.77
7203,7303,112,3.07
5424,5324,113,40.58
5007,4907,113,38.94
5425,5326,113,32.07
7229,7230,113,7.28
5109,5009,113,26.49
7204,7304,113,3.13
5527,5427,114,55.62
5325,5225,114,38.19
5320,5220,114,39.3
5524,5423,114,23.16
5319,5219,114,13.73
6928,6829,114,14.28
7301,7401,114,10.13
8122,8223,114,13.22
6828,6829,114,8.12
4802,4701,114,23.24
4702,4602,114,33.41
4908,4808,115,37.18
5106,5006,115,22.26
5312,5213,115,15.43
5521,5421,115,10.72
8122,8221,115,11.84
5205,5105,115,18.71
7229,7130,115,8.85
5110,5010,115,40.41
6526,6426,115,4.32
7528,7529,115,4.19
5004,4905,115,15.05
7128,7029,115,4.58
5324,5224,116,44.17
4907,4807,116,34.73
5326,5226,116,42.19
5009,4909,116,45.56
5325,5226,116,31.27
5320,5221,116,31.6
7301,7402,116,12.05
7609,7608,116,4.61
4702,4603,116,29.28
5421,5321,117,52.92
5427,5327,117,47.69
5225,5125,117,39.48
5423,5323,117,48.76
6028,5929,117,31.61
5527,5428,117,29.31
5928,5829,117,32.2
5320,5321,117,16.76
5424,5323,117,22.02
5218,5118,117,13.66
7923,7824,117,10.79
8023,7924,117,10.65
7710,7709,117,4.68
7610,7709,117,3.2
4807,4707,118,50.87
5221,5121,118,54.62
4808,4708,118,48.34
5326,5227,118,32.22
6028,6029,118,16.76
6928,6929,118,7.53
4603,4503,118,55.82
4701,4601,118,32.43
8019,8018,118,3.9
7816,7916,118,2.63
7306,7405,118,3.33
4702,4601,118,23.23
5224,5124,119,49.51
5427,5328,119,32.27
5225,5126,119,31.65
8223,8124,119,29.77
5212,5113,119,14.1
6527,6427,119,4.32
5006,4906,119,27.15
7711,7810,119,3.19
7407,7506,119,3.14
4905,4805,119,26.35
5121,5021,120,53.32
5421,5322,120,30.77
8223,8224,120,18.48
4602,4502,120,19.13
5324,5223,120,20.77
5215,5115,120,13.53
5522,5422,120,13.15
6227,6128,120,19.94
4803,4704,120,14.03
4804,4704,120,11.76
5316,5216,121,3.57
4502,4501,122,66.53
5124,5123,122,65.83
4707,4607,122,2.45
4707,4706,122,60.62
5121,5120,122,46.76
4807,4806,122,61.47
5221,5122,122,11.12
8120,8119,122,22.52
8222,8322,123,10
8222,8321,123,20.14
7816,7915,123,9.69
4607,4606,124,54.28
4706,4705,124,60.31
5227,5127,124,10.72
8018,8017,124,23.75
5121,5020,124,31.75
8221,8220,124,22.01
5317,5217,124,3.54
7814,7914,124,4.81
7608,7607,124,21.35
7709,7708,124,22.18
7918,8017,124,9.72
5115,5114,125,21.29
7506,7505,125,21.35
7405,7404,125,22.52
5321,5222,125,12.49
8223,8323,125,7.21
6226,6327,125,10.41
7810,7809,125,23.34
4606,4605,126,59.47
7814,7913,126,9.67
8119,8118,127,24.25
5124,5023,127,20.26
5728,5628,127,3.41
5118,5117,127,14.1
8019,8118,127,9.76
7627,7628,127,0.51
4605,4604,128,60.23
8321,8320,128,22.52
4502,4401,128,19.02
8220,8219,129,23.67
7708,7707,129,21.48
8017,8016,129,23.21
7607,7606,129,21.43
5124,5024,129,5.2
4503,4402,129,14.56
7813,7912,129,9.62
7505,7504,130,23
7404,7403,130,23.26
7809,7808,130,22.07
5120,5119,130,14.11
5122,5022,130,12.96
6128,6228,130,10.17
5121,5022,130,8.1
6028,6129,130,5.6
5327,5228,131,4.69
7811,7910,131,9.64
7812,7911,131,9.73
4603,4504,131,2.35
5020,5019,131,15.33
8118,8117,132,24.46
8219,8218,133,25.21
8320,8319,133,24.68
5115,5014,133,11.06
5527,5528,133,2.01
7910,7909,134,39.6
7707,7706,134,22.5
7606,7605,134,22.93
8016,8015,134,21.31
4607,4506,134,12.4
5021,4920,134,10.19
5227,5128,134,6.1
4503,4403,134,3.96
7916,8015,134,9.85
7402,7501,134,9.75
8223,8324,134,4.9
7504,7503,135,23.82
7808,7807,135,22.27
5022,4921,135,30.48
5117,5116,135,13.78
5110,5011,135,1.49
4506,4505,136,55.32
7912,8011,136,23.06
8117,8116,137,23.1
7912,8012,137,13.64
8023,8024,137,1.77
8218,8217,138,23.67
8319,8318,138,24.31
7910,8009,138,22.68
8321,8420,138,9.67
8322,8421,138,9.49
7915,8014,138,9.85
7402,7502,138,4.91
7911,8010,138,22.93
5020,4919,138,10.18
5019,5018,138,16.11
7909,7908,139,22.01
7706,7705,139,24.08
7605,7604,139,23.89
4402,4301,139,14.78
7914,8013,139,9.58
6729,6629,139,1.17
7807,7806,140,23.26
5022,4922,140,11.08
6128,6229,140,7.14
6829,6830,140,2.55
4403,4302,141,20.52
5014,5013,141,13.6
8116,8115,142,21.43
6829,6730,142,3.16
8318,8317,143,22.15
8420,8419,143,24.82
8217,8216,143,22.24
8324,8423,143,16.06
7908,7907,144,23.51
7705,7704,144,24.56
7604,7603,144,23.87
7806,7805,145,24.19
8010,8109,145,22.82
8322,8422,145,4.6
5019,4918,145,10.34
5018,5017,146,13.93
8009,8008,146,14.08
8010,8110,146,13.14
4506,4405,146,12.2
6227,6328,146,4.82
8115,8114,147,20.41
8317,8316,148,21.28
8419,8418,148,22.58
8216,8215,148,21.51
4505,4404,148,12.51
5115,5015,148,3.68
7907,7906,149,24.11
7704,7703,149,23.15
7603,7602,149,23.42
5013,5012,149,12.86
4301,4201,149,10.22
5128,5027,149,9.72
8324,8424,149,7.11
5127,5026,149,5.87
4921,4820,149,10.21
7805,7804,150,23.84
6029,5930,150,2.72
8008,8007,151,24.35
5128,5028,151,5.93
8114,8113,152,21.77
8012,8111,152,9.48
5009,4910,152,1.37
8316,8315,153,21.28
8418,8417,153,21.61
8215,8214,153,21.28
8109,8108,153,14.19
4918,4917,153,13.23
8318,8417,153,9.73
7502,7601,153,9.73
4403,4303,153,5.3
5022,4923,153,6.34
7703,7702,154,22.42
7906,7905,154,23.18
5017,5016,154,13.75
8013,8112,154,9.45
8421,8520,154,9.31
8420,8519,154,9.3
7229,7330,154,0.45
4922,4821,154,10.61
7804,7803,155,22.63
8007,8006,156,24.34
7130,7030,156,2.15
4908,4809,156,1.27
5026,5025,157,14.09
4820,4819,157,13.72
4405,4304,157,13.24
8324,8325,157,4.48
4607,4507,157,2.94
6029,6030,157,2.16
5829,5830,157,2.06
8315,8314,158,22.15
8214,8213,158,22.07
8417,8416,158,20.96
8108,8107,158,24.26
8317,8416,158,9.85
8419,8518,158,9.66
7702,7701,159,22.46
7905,7904,159,23.23
8423,8522,159,9.21
6229,6329,159,5.46
6829,6930,159,2.74
7803,7802,160,22.63
8422,8521,160,9.58
8324,8225,160,5.59
8006,8005,161,23.14
8112,8211,161,22.15
4917,4916,161,13.1
5728,5629,161,1.87
8314,8313,163,23.1
8518,8517,163,22.05
8213,8212,163,23.72
8107,8106,163,23.68
8416,8415,163,21.36
8112,8212,163,12.1
4303,4202,163,15.04
8316,8415,163,9.85
8418,8517,163,9.8
5128,5129,163,3.46
5528,5529,163,3.41
7904,7903,164,22.69
8324,8425,164,4.83
7802,7801,165,23.51
4819,4818,165,13.46
5028,4927,165,10.37
8005,8004,166,23.16
8211,8210,166,23.67
4922,4822,166,3.97
7627,7726,166,2.09
4304,4203,167,14.75
8423,8523,167,4.33
5528,5429,167,4.28
8313,8312,168,23.11
8517,8516,168,21.35
8415,8414,168,22.52
8106,8105,168,23.72
4821,4720,168,10.34
8315,8414,168,9.73
8417,8516,168,9.9
7903,7902,169,23.26
4916,4915,169,13.34
8520,8619,169,9.47
8519,8618,169,9.71
8108,8207,169,9.39
4201,4101,169,5.04
5128,5029,169,4.07
4506,4406,169,2.87
5025,4924,170,11.36
6229,6230,170,3.38
7924,7825,170,2.19
7924,7925,170,1.76
8004,8003,171,23.99
4927,4926,172,16.48
5027,4926,172,6.3
8105,8104,173,23.67
8516,8515,173,21.96
8414,8413,173,23.11
4818,4817,173,12.94
8314,8413,173,9.58
8518,8617,173,9.74
8107,8206,173,9.49
8416,8515,173,9.84
6328,6428,173,3.81
5128,5229,173,3.66
8312,8311,173,22.73
7902,7901,174,22.98
5029,4928,174,30.54
4203,4102,174,22.85
8210,8209,174,14.19
8522,8621,174,9.49
6229,6130,174,4.24
5029,4929,175,17.38
8124,8125,175,1.77
8003,8002,176,24.27
4720,4719,176,13
8211,8310,176,9.49
8521,8620,176,9.21
8520,8620,176,4.58
8108,8208,176,4.5
4915,4914,177,13.46
4405,4305,177,3.26
8104,8103,178,24.93
8617,8616,178,21.32
8206,8205,178,23.67
8413,8412,178,22.03
8515,8514,178,23.12
4926,4925,178,18.88
8313,8412,178,9.58
8517,8616,178,9.84
8415,8514,178,9.67
8106,8205,178,9.48
4808,4709,178,1.29
8310,8309,179,45.67
4928,4827,179,31.11
4927,4826,179,10.41
4821,4721,179,4.14
5014,4913,179,3.14
6229,6330,179,3.65
4929,4828,180,31.17
5029,5030,180,9.71
8124,8025,180,2.2
5029,5130,181,48.9
8522,8622,181,11.72
6329,6430,181,138.66
5830,5931,181,66.04
6230,6331,181,147.83
6427,6528,181,83.26
4929,4829,182,8.85
5029,4930,182,12.08
4304,4204,182,4.06
5830,5831,182,20.91
6328,6429,182,36.66
8423,8524,182,19.52
6331,6432,182,212.53
7627,7727,182,3.2
8002,8001,183,3.49
8310,8410,183,25.96
6428,6529,183,61.52
4203,4103,183,8.3
6432,6533,183,184.82
5930,6031,183,30.93
4607,4608,183,10.14
7528,7629,183,18.09
7627,7728,183,17.83
6430,6531,184,49.64
5931,6032,184,65.71
8310,8411,184,36.59
8310,8409,184,15.67
8523,8623,184,11.68
8522,8623,184,20.99
6130,6231,184,43.37
7230,7331,184,19.56
6429,6530,185,58.49
8617,8718,185,23.42
8619,8719,185,11.69
8619,8720,185,21.88
8207,8307,185,11.71
8207,8308,185,21.48
8618,8718,185,11.68
8618,8719,185,22.11
8105,8204,185,5.87
8516,8615,185,5.56
8414,8513,185,5.77
8523,8624,185,22.11
6030,6131,185,30.23
5228,5329,185,22.56
6330,6431,185,31.62
7130,7131,185,4.49
7429,7530,185,17.68
7329,7430,185,17.68
7725,7826,185,16.37
6529,6630,186,50.39
4930,5031,186,43.78
4930,4931,186,27.31
4204,4205,186,26.61
5931,5932,186,21.03
4709,4810,186,27.13
4829,4830,186,27.39
8616,8717,186,23.34
4305,4306,186,17.1
8620,8721,186,21.92
8621,8722,186,20.65
8617,8717,186,11.62
5229,5330,186,21.47
8206,8306,186,11.72
5429,5530,186,25.14
5529,5630,186,24.95
5129,5230,186,18.38
8424,8525,186,15.08
7529,7630,186,18.09
8410,8510,187,26
8410,8511,187,37.79
6231,6332,187,57.35
8002,8102,187,11.57
7628,7729,187,18.16
7130,7231,187,9.58
4306,4407,188,96.23
6530,6631,188,50.35
8409,8509,188,25.94
8622,8723,188,21.97
8103,8203,188,11.72
8616,8716,188,11.62
8514,8614,188,11.68
8205,8305,188,11.72
4203,4104,188,12.79
8425,8526,188,14.68
8225,8326,188,13.73
8225,8226,188,8.21
8325,8426,188,13.59
8325,8326,188,8.2
8412,8512,188,11.69
7330,7431,188,18.13
6533,6634,188,32.98
4406,4407,188,11.65
5230,5331,189,61.18
5330,5431,189,65.37
6131,6232,189,38.12
7530,7631,189,44.3
7530,7531,189,27.26
6031,6132,189,27.73
8025,8126,189,16.84
6332,6433,189,78.33
7925,8026,189,16.77
7825,7926,189,16.36
4101,4001,189,5.74
4822,4823,189,8.47
7726,7827,189,16.37
6730,6831,189,14.12
5031,5131,190,25.53
5031,5132,190,43.85
5031,5032,190,27.31
4931,5032,190,42.72
4931,4932,190,27.4
6431,6532,190,30.45
6032,6133,190,26.03
5831,5832,190,12.55
5130,5231,190,17.11
5030,5131,190,15.65
4830,4831,190,27.39
4407,4508,191,67.04
8511,8611,191,25.8
8511,8612,191,41.94
8510,8610,191,25.73
8510,8611,191,42.53
6433,6534,191,105.13
4810,4911,191,35.24
6531,6632,191,22.62
8623,8724,191,22.49
7727,7828,191,16.73
4827,4727,191,7.75
4827,4728,191,12.08
7629,7730,191,18.53
6830,6931,191,10.11
6630,6731,192,26.75
5330,5430,192,18.81
4205,4206,192,18.51
5932,6033,192,27.98
8720,8821,192,23.03
8718,8819,192,22.25
8307,8408,192,21.03
5329,5430,192,23.57
8719,8820,192,22.34
8001,8101,192,11.67
8717,8818,192,23.6
8524,8625,192,14.5
4828,4729,192,12.49
6634,6735,192,39.21
5132,5233,193,54.71
5832,5933,193,47.88
5131,5232,193,47.4
6232,6333,193,38.44
4001,4002,193,25.7
4407,4408,193,20.55
8306,8407,193,20.61
8722,8823,193,20.67
8721,8822,193,21.91
7131,7232,193,20.05
7728,7829,193,14.68
4829,4730,193,14.12
7331,7432,193,15.81
6033,6134,194,74.74
4206,4307,194,118.52
5032,5133,194,46.4
5032,5033,194,26.97
5832,5833,194,26.69
4831,4832,194,27.32
6132,6233,194,29.05
8716,8817,194,23.78
4306,4307,194,12.59
8513,8613,194,11.65
8204,8304,194,11.72
4932,5033,194,42.72
4932,4933,194,27.4
8409,8508,194,14.37
4204,4105,194,12.28
8615,8715,194,11.72
7630,7731,194,18.18
6930,7031,194,8.78
6333,6434,195,78.01
5430,5531,195,63.12
8612,8712,195,25.52
8612,8713,195,43.95
8611,8711,195,25.73
8611,8712,195,42.49
6532,6633,195,28.31
8723,8824,195,21.14
8305,8406,195,21.51
7231,7332,195,19.42
8525,8626,195,16
8306,8406,195,11.72
7826,7927,195,14.59
8624,8725,195,14.21
6534,6635,196,30.19
6133,6234,196,26.61
7729,7830,196,17.17
8102,8202,196,11.66
4830,4731,196,14.15
5133,5234,197,61.05
4933,5034,197,49.14
5033,5134,197,50.51
6735,6836,197,28.94
8716,8816,197,11.6
8509,8609,197,11.71
6631,6732,197,16.88
8203,8303,197,11.72
8305,8405,197,11.7
8526,8627,197,15.73
8614,8714,197,11.7
4827,4726,197,6.69
7531,7632,197,18.32
7631,7732,197,17.83
6434,6535,198,51.93
4832,4833,198,26.09
4933,4934,198,26.42
4002,4003,198,22.94
8820,8921,198,23.92
6033,6034,198,17.96
8026,8127,198,17.29
7431,7532,198,15.26
6634,6734,198,10.05
6233,6334,199,33.42
6134,6235,199,29.04
8818,8919,199,22.8
8821,8922,199,22.62
4508,4609,199,19.59
8819,8920,199,23.06
7827,7928,199,14.54
7926,8027,199,15.38
8326,8427,199,14.02
8426,8527,199,14.13
8226,8327,199,13.71
8712,8812,199,25.73
8712,8813,199,42.54
8713,8813,199,25.73
8713,8814,199,42.53
5134,5235,200,67.64
6234,6335,200,44.9
4731,4732,200,26.31
8823,8924,200,20.5
5034,5135,200,62.11
7828,7929,200,16.69
7730,7831,200,17.17
8610,8710,200,11.7
8126,8227,200,13.8
6535,6636,201,62.24
4934,5035,201,63.27
8817,8918,201,22.95
5833,5934,201,22.98
4105,4106,201,14.64
8818,8918,201,11.65
8625,8726,201,17.05
6735,6835,201,11.14
6735,6736,201,12.32
8101,8201,201,11.63
6632,6733,201,15.35
8724,8825,201,14.16
6635,6736,201,35.26
6235,6336,202,50.37
5135,5236,202,76.96
6334,6435,202,50.39
8406,8507,202,21.12
5833,5834,202,12.61
7731,7832,202,17.75
8407,8507,202,11.72
8823,8923,202,11.72
8822,8923,202,16.39
7829,7930,202,16.48
4729,4630,202,14.22
4728,4629,202,13.32
5832,5733,202,12.42
4001,3902,202,11.11
4727,4628,202,13.32
4106,4207,203,138.52
6335,6436,203,50.37
4833,4834,203,22.63
4934,4935,203,21.91
4003,4004,203,21.67
6836,6937,203,24.44
7927,8028,203,17.71
8817,8917,203,11.65
8304,8404,203,11.68
8715,8815,203,11.69
5035,5136,203,72.84
4730,4631,203,14.5
4206,4207,203,9.4
5832,5732,203,8.01
8508,8608,203,11.72
7432,7533,203,15.39
4727,4627,203,8.74
4822,4722,203,1.96
6034,6135,204,24.58
8405,8506,204,21.92
8725,8826,204,15.92
8626,8727,204,16.17
8406,8506,204,11.71
4001,3901,204,7.01
6831,6932,204,9.89
4926,4825,204,2.31
8711,8811,204,11.7
4935,5036,205,73.05
5136,5237,205,90.26
6336,6437,205,50.37
4732,4733,205,21.6
8920,9021,205,23.83
8919,9020,205,24.5
6836,6837,205,12.58
7830,7931,205,16.89
8202,8302,205,11.71
8824,8925,205,14.51
6731,6832,205,11.56
6435,6536,206,43.93
5733,5734,206,27.45
5934,6035,206,28.66
7532,7633,206,18.09
8627,8728,206,15.81
8303,8403,206,11.7
6836,6936,206,11.55
8816,8916,206,11.63
8405,8505,206,11.69
7732,7833,206,17.04
7632,7733,206,17.57
4307,4308,206,8.35
6931,7032,206,9.56
7432,7433,206,8.33
8609,8709,206,11.72
6636,6737,206,33.82
5036,5137,207,80.18
7533,7634,207,44.51
7533,7534,207,27.24
3902,3903,207,23.67
8922,9023,207,19.49
4609,4710,207,19.81
4408,4409,207,7.48
6135,6236,208,41.38
4631,4632,208,24.73
6436,6537,208,30.35
8918,9019,208,23.49
8919,9019,208,11.55
8922,9022,208,11.71
8027,8128,208,16.84
7928,8029,208,17.08
8814,8915,208,17.29
4731,4632,208,11.85
4408,4509,208,9.55
8812,8913,208,15.85
4834,4835,209,19.31
4004,4005,209,18.51
4935,4936,209,18.5
5834,5935,209,22.62
5137,5238,209,99.2
7929,8030,209,16.99
7831,7932,209,17.31
8527,8628,209,15.11
8127,8228,209,13.81
8627,8628,209,8.35
8813,8914,209,14.99
6536,6637,209,49.09
8710,8810,209,11.72
7433,7434,210,27.02
5734,5835,210,45.65
5734,5735,210,27.09
7733,7834,210,39.21
7733,7734,210,27.43
5834,5835,210,12.61
8918,9018,210,11.61
8726,8827,210,16.99
8825,8926,210,15.97
8201,8301,210,11.71
8924,9025,210,14.93
8427,8528,210,13.83
8327,8428,210,13.7
7031,7132,210,9.25
7232,7333,210,8.74
4727,4626,210,7.58
4936,5037,211,76.1
6236,6337,211,50.36
7534,7635,211,43.67
7534,7535,211,27.32
8811,8912,211,22.66
7832,7933,211,16.81
8923,9024,211,16.85
7930,8031,211,17.43
8227,8328,211,13.78
6732,6833,211,10.38
8506,8607,211,20.95
8507,8607,211,11.71
5935,6036,212,67.66
3903,3904,212,24.2
6737,6838,212,27.05
6035,6136,212,24.44
9020,9121,212,22.22
6437,6538,212,20.36
4733,4734,212,16.6
8404,8504,212,11.67
8028,8129,212,16.34
4629,4529,212,10.2
4629,4530,212,14.98
4630,4531,212,14.19
5733,5634,212,14.6
6537,6638,212,41.04
8608,8708,212,11.72
5037,5138,213,94.31
5735,5836,213,61.96
6936,7037,213,22.8
8916,9017,213,21.17
8505,8606,213,20.93
9021,9122,213,20.05
8826,8927,213,15.92
8811,8911,213,11.66
5733,5633,213,9.85
4628,4528,213,9.31
4627,4528,213,14.3
8506,8606,213,11.72
5935,5936,214,20.34
6637,6738,214,33.65
4835,4836,214,21.15
4632,4633,214,17.41
4710,4811,214,20.37
9020,9120,214,11.68
6837,6938,214,16.02
7931,8032,214,16.8
8302,8402,214,11.71
8925,9026,214,15.97
8727,8828,214,14.84
6733,6834,214,11.21
4627,4527,214,9.58
6136,6237,215,59.55
5735,5736,215,22.38
4936,4937,215,17.53
7634,7735,215,17.74
8709,8809,215,11.71
6936,7036,215,11.65
8916,9016,215,11.71
8403,8503,215,11.69
8505,8605,215,11.72
5138,5239,215,102.16
4207,4208,215,8.39
6835,6935,215,7.69
4106,4107,215,7.67
8913,9014,215,21.3
7232,7233,215,4.68
4822,4723,215,3.2
5936,6037,216,79.89
5836,5937,216,66.71
8911,9012,216,48.49
3904,3905,216,26.73
9018,9119,216,25.55
4509,4610,216,19.56
9022,9123,216,19.82
8914,9015,216,21.93
9023,9124,216,16.83
4937,5038,217,93.09
6738,6839,217,56.56
6036,6137,217,35.16
6337,6438,217,25.05
8128,8229,217,15.96
8029,8130,217,16.3
7433,7334,217,13.02
5734,5635,217,13.17
8728,8829,217,14.14
7833,7934,217,13.85
3901,3802,217,10.96
4631,4532,217,10.16
8913,9013,217,11.71
6037,6138,218,140.83
5736,5837,218,66.61
5836,5837,218,20.67
8911,9011,218,24.53
4734,4735,218,19.06
4005,4006,218,12.36
8810,8910,218,11.69
8030,8131,218,16.66
7534,7435,218,13.85
3902,3803,218,9.3
5038,5139,219,97.39
6738,6739,219,24.27
6838,6939,219,22.85
7635,7736,219,17.93
8827,8928,219,16.56
9018,9118,219,11.46
8301,8401,219,11.72
7734,7835,219,16.39
8926,9027,219,15.97
9025,9126,219,15.96
8628,8729,219,15.21
7932,8033,219,14.23
8728,8729,219,8.25
3901,3801,219,6.91
6932,7033,219,9.73
6839,6940,220,47.35
5937,6038,220,44.78
6237,6338,220,34.71
5736,5737,220,20.71
4836,4837,220,18.69
8031,8132,220,16.84
7535,7636,220,17.56
8607,8707,220,11.7
8528,8629,220,14.73
6137,6238,220,50.35
8228,8329,220,13.79
7834,7935,220,14.16
4308,4309,220,7.31
9024,9125,220,16.83
6832,6933,220,10.08
4627,4526,220,8.36
8606,8707,220,21.31
5837,5938,221,69.26
6839,6840,221,26.8
6438,6539,221,44.54
4633,4634,221,15.16
4811,4912,221,22.95
9122,9223,221,19.66
8504,8604,221,11.69
9121,9222,221,16.02
8129,8230,221,15.97
8708,8808,221,11.69
7933,8034,221,14.44
5139,5240,221,95.6
8428,8529,221,13.54
6138,6239,221,54.5
6937,7038,221,8.31
4837,4938,222,89.68
3803,3804,222,27.29
9016,9117,222,20.36
9017,9117,222,11.64
8927,9028,222,16.35
7037,7138,222,16.58
8328,8429,222,13.44
4626,4725,222,11.81
9014,9115,222,21.29
3903,3804,222,9.72
4409,4410,222,7.04
7032,7133,222,9.03
6538,6639,222,14.55
8605,8706,222,21.24
8606,8706,222,11.71
5938,6039,223,106.54
5737,5838,223,58.4
4735,4736,223,23.35
4532,4533,223,16.82
9123,9224,223,20.35
9124,9225,223,20.3
9120,9221,223,16.79
8032,8133,223,17.57
9026,9127,223,15.96
8402,8502,223,11.68
4626,4625,223,7.84
6239,6340,223,109.44
4938,5039,224,99.46
6038,6139,224,46.5
6739,6740,224,24.79
9013,9114,224,21.18
9012,9113,224,19.9
9119,9220,224,18.73
4610,4711,224,19.71
8809,8909,224,11.66
7036,7137,224,15.88
7735,7836,224,16.7
4723,4824,224,17.35
8503,8603,224,11.68
9016,9116,224,11.72
8828,8929,224,14.37
3904,3805,224,12.48
4529,4430,224,12.13
9015,9116,224,20.05
9014,9114,224,11.71
8605,8705,224,11.71
6840,6941,225,45.84
6840,6841,225,27.06
5737,5738,225,23.64
9011,9112,225,21.02
9012,9112,225,11.72
4528,4429,225,12.38
6340,6441,225,84.5
4529,4429,225,7.79
6833,6934,225,10.14
4409,4510,225,8.29
5039,5140,226,97.13
6039,6140,226,47.84
4634,4635,226,20.71
5635,5636,226,12.02
8130,8231,226,15.95
3905,3906,226,11.02
8911,9010,226,11.59
4528,4428,226,7.98
4527,4428,226,12.3
5838,5939,227,40.05
9011,9111,227,11.72
4006,4007,227,12.37
3803,3703,227,11.25
3803,3704,227,16.03
8131,8232,227,16.31
6438,6439,227,10.87
4723,4724,227,8.41
4208,4209,227,8.46
7934,8035,227,14.98
6238,6339,227,22.9
4527,4427,227,7.92
5140,5241,228,86.35
6140,6241,228,109.91
5738,5839,228,67.88
6740,6741,228,25.75
6139,6240,228,46.46
4736,4737,228,20.21
7636,7737,228,18.03
4837,4838,228,13.93
5240,5241,228,15.71
9027,9128,228,15.97
7736,7837,228,17.53
9126,9227,228,15.96
7033,7134,228,16.77
7435,7536,228,15.28
3802,3702,228,9.1
8829,8930,228,13.98
8401,8501,228,11.72
4530,4431,228,9.41
8229,8330,228,13.49
6841,6942,229,46.33
6841,6842,229,26.98
3805,3806,229,23.46
4533,4534,229,18.36
8706,8807,229,21.71
8707,8807,229,11.7
8132,8233,229,17.06
9125,9226,229,15.97
8033,8134,229,15.22
7835,7936,229,14.23
8928,9029,229,14.38
7036,7136,229,7.69
6935,7035,229,7.69
6240,6341,230,93.33
4838,4939,230,96
5839,5940,230,108.93
5939,6040,230,60.16
5738,5739,230,20.26
4410,4511,230,19.54
7038,7139,230,17.15
9222,9323,230,16.19
9223,9324,230,16.79
8808,8908,230,11.68
8629,8730,230,14.47
8729,8830,230,13.65
8829,8830,230,8.24
7935,8036,230,15.01
6340,6341,230,15.17
3801,3701,230,9.24
8604,8704,230,11.67
4635,4636,231,22.92
9113,9214,231,21.76
9114,9215,231,20.59
8705,8806,231,21.97
8706,8806,231,11.7
8034,8135,231,15.65
8529,8630,231,14.39
8329,8430,231,13.4
7033,7034,231,8.39
7435,7436,231,8.33
6938,7039,231,8.66
6340,6440,231,13.18
4626,4525,231,6.94
5940,6041,232,128.24
4939,5040,232,96.45
4007,4108,232,32.44
9224,9325,232,16.69
9225,9326,232,16.12
8133,8234,232,17.17
9028,9129,232,14.16
7138,7239,232,15.43
7133,7234,232,15.67
8230,8331,232,13.42
8502,8602,232,11.64
3804,3705,232,15.71
6539,6640,232,13.88
6842,6943,233,44.92
6842,6843,233,27.19
3806,3907,233,36.98
5140,5141,233,14.71
4510,4611,233,20.17
9112,9213,233,19.08
9113,9213,233,11.7
8705,8805,233,11.69
8603,8703,233,11.63
4711,4812,233,16.58
8909,9009,233,11.65
9127,9228,233,15.56
8429,8530,233,13.54
9115,9216,233,13.85
5739,5840,234,43.72
6040,6141,234,42.82
4534,4535,234,20.31
9112,9212,234,11.7
7137,7238,234,15.4
8929,9030,234,15.07
9220,9321,234,14.2
9221,9322,234,13.86
4526,4426,234,7.19
4309,4310,234,7.25
9118,9219,234,9.69
5141,5242,235,83.29
4737,4738,235,14.82
5636,5637,235,12.03
9010,9110,235,11.69
7836,7937,235,13.98
5241,5242,235,15.17
6939,7040,235,8.97
5736,5637,235,7.42
4531,4432,235,6.23
5840,5941,236,112.42
4636,4637,236,20.74
4838,4839,236,12.63
9111,9211,236,11.72
4007,4008,236,12.02
6841,6742,236,12.94
6439,6540,236,15.95
6940,7041,236,8.93
5737,5638,236,9.29
6843,6944,237,43.1
6843,6844,237,27.37
6943,7043,237,25.57
6943,7044,237,43.61
6943,6944,237,27.33
9009,9109,237,25.67
7737,7838,237,17.32
9128,9229,237,15.95
7536,7637,237,17.23
8501,8601,237,11.71
9227,9328,237,15.92
8231,8332,237,13.64
6740,6641,237,11.17
8035,8136,237,15.36
9117,9218,237,9.65
6441,6542,237,12.51
5941,6042,238,103.17
4839,4940,238,96.3
8806,8907,238,21.97
4939,4940,238,12.55
4511,4612,238,18.61
8807,8907,238,11.68
9226,9327,238,15.97
3806,3807,238,11.58
8134,8235,238,17.34
8930,9031,238,14.23
8232,8333,238,13.8
7134,7235,238,14.71
3703,3604,238,13.52
7137,7237,238,7.68
9220,9320,238,7.66
9215,9316,238,21.75
9214,9315,238,21.96
4535,4536,239,21.09
7436,7537,239,17.88
8908,9008,239,11.69
7936,8037,239,14.8
7837,7938,239,13.8
8330,8431,239,13.44
6241,6342,239,14.01
4209,4210,239,8.4
3703,3603,239,8.91
7334,7335,239,4.68
8704,8804,239,11.66
4940,5041,240,90.4
4008,4109,240,36.56
5141,5142,240,15.48
9213,9314,240,22.61
8805,8906,240,21.8
5040,5041,240,13.68
8135,8236,240,17.55
7039,7140,240,17
8806,8906,240,11.69
7034,7135,240,16.44
5739,5740,240,10.95
9324,9425,240,14.49
9323,9424,240,15.01
7139,7240,240,15
9029,9130,240,13.74
6842,6743,240,13.42
3805,3706,240,9.15
9214,9314,240,11.69
8036,8137,240,15.53
8233,8334,240,13.74
5633,5534,240,5.3
9109,9210,241,34.18
6844,6945,241,34.23
6844,6845,241,47.72
6944,7045,241,34.14
6944,6945,241,48.13
4637,4638,241,52.74
4738,4739,241,49.9
5840,5841,241,45.23
9212,9313,241,17.54
3907,3908,241,22.79
8830,8931,241,12.55
8830,8831,241,19.57
6341,6442,241,4.71
8730,8831,241,12.59
8730,8731,241,19.76
5242,5243,241,51.78
8930,8931,241,19.21
4432,4433,241,51.99
5634,5535,241,6.43
5041,5042,242,52.39
5142,5143,242,52.26
4536,4537,242,53.87
6743,6744,242,50.69
4940,4941,242,49.75
9109,9209,242,12.45
5941,5942,242,47.72
4839,4840,242,48.45
5638,5639,242,32.24
9325,9426,242,12.87
8602,8702,242,5.23
8630,8631,242,20.08
8430,8531,242,12.71
9216,9317,242,13.12
9216,9217,242,22.47
6941,7042,242,5.99
4625,4624,242,3.27
3706,3707,242,53.87
4638,4639,243,51.28
4433,4434,243,53.87
5740,5741,243,38.18
6042,6043,243,33.54
4008,4009,243,25.41
4310,4311,243,18.52
5243,5244,243,53.75
5535,5536,243,52.8
9326,9427,243,4.43
9129,9230,243,12.51
8331,8432,243,12.71
3807,3808,243,32.04
7239,7340,243,12.69
8234,8335,243,4.87
3703,3602,243,14.8
4711,4712,243,11.57
6440,6541,243,4.55
5143,5144,244,53.58
5042,5043,244,53.6
4537,4538,244,53.76
4840,4841,244,50.36
4941,4942,244,52.82
5841,5842,244,37.59
4739,4740,244,49.13
4109,4110,244,26.07
6945,6946,244,48.23
7838,7839,244,19.62
9211,9312,244,17.54
6845,6846,244,48.19
8805,8905,244,5.38
6041,6142,244,3.98
6744,6745,244,50.42
4526,4425,244,4.6
5633,5533,244,2.98
8703,8803,244,5.24
4434,4435,245,53.85
5942,5943,245,35.16
5639,5640,245,34.93
7938,7939,245,19.64
7537,7538,245,19.75
4210,4211,245,21.12
8037,8038,245,19.95
7335,7336,245,20.4
6042,6143,245,17.35
5244,5245,245,53.69
9031,9032,245,19.46
9321,9422,245,12.77
9322,9423,245,12.81
8137,8138,245,20.13
5536,5537,245,53.04
7737,7738,245,11.07
7136,7236,245,3.87
4427,4328,245,10.62
7238,7339,245,12.68
4410,4411,245,11.69
3707,3708,245,46.6
4428,4329,245,10.1
4817,4816,245,0.19
6745,6746,246,50.12
5842,5843,246,52.32
4740,4741,246,50.92
4841,4842,246,53.42
4942,4943,246,53.86
5043,5044,246,53.84
4538,4539,246,52.74
4639,4640,246,49.86
5741,5742,246,36.93
9210,9311,246,34.17
5144,5145,246,53.69
9130,9131,246,17.74
3603,3503,246,17.61
3603,3504,246,22.1
3604,3605,246,14.91
6945,7046,246,34.11
3808,3809,246,36.19
9030,9131,246,12.24
9315,9416,246,17.68
4329,4330,247,50.62
4211,4212,247,53.31
5245,5246,247,53.87
6946,6947,247,47.49
6043,6044,247,32.32
5640,5641,247,50.42
8531,8532,247,20.28
8931,8932,247,19.66
8731,8732,247,19.66
8831,8832,247,19.61
3908,3909,247,19.63
4435,4436,247,53.56
9009,9108,247,6.79
9317,9318,247,23
9228,9329,247,4.64
7436,7437,247,10.88
5537,5538,247,53.83
4511,4512,247,11.23
6241,6242,247,10.05
4429,4330,247,8.12
4741,4742,248,53.77
4539,4540,248,51.39
4640,4641,248,52.01
4943,4944,248,53.87
8335,8336,248,20.13
6541,6642,248,29.5
8432,8433,248,20.54
7340,7341,248,20.21
8631,8632,248,19.96
5044,5045,248,53.87
9229,9330,248,12.65
8332,8433,248,12.76
8136,8237,248,12.72
5538,5539,249,53.65
4436,4437,249,53.78
5246,5247,249,53.85
3605,3606,249,42.9
5742,5743,249,35.09
3708,3709,249,29.7
5943,5944,249,33.07
4110,4111,249,22.52
6946,7047,249,34.28
4311,4312,249,19.09
9314,9415,249,17.68
3603,3502,249,15.15
9320,9421,249,12.76
4612,4613,249,10.72
7637,7638,249,10.97
8906,9007,249,17.68
4426,4327,249,10.84
3809,3810,249,35.8
4812,4813,249,9.87
7237,7338,249,12.69
4742,4743,250,53.87
4540,4541,250,53
4641,4642,250,53.86
4330,4331,250,47.75
5641,5642,250,36.11
5045,5046,250,53.82
5843,5844,250,32.86
7336,7337,250,20.18
7839,7840,250,19.62
4009,4010,250,15.79
9210,9310,250,12.42
9313,9414,250,17.68
7140,7141,250,10.79
6743,6644,250,14.48
8333,8434,250,12.66
9031,9132,250,12.52
6542,6543,250,9.57
7240,7241,250,10.99
6947,6948,250,47.08
6342,6343,250,9.98
5539,5540,251,53.81
4437,4438,251,53.83
4111,4112,251,53.8
3709,3710,251,51.66
3606,3607,251,53.87
6044,6045,251,32.35
7939,7940,251,19.66
8038,8039,251,19.61
9032,9033,251,19.81
7538,7539,251,19.9
7938,8039,251,12.57
9425,9526,251,12.9
8138,8139,251,19.38
4541,4542,252,53.75
5046,5047,252,53.85
4642,4643,252,53.87
5642,5643,252,52.33
8532,8533,252,20.49
3909,3910,252,21.67
6043,6144,252,17.51
9130,9231,252,12.09
9318,9319,252,22.39
8334,8435,252,12.63
8601,8701,252,5.47
9424,9525,252,12.83
8137,8238,252,12.67
6744,6645,252,14.72
6947,7048,252,34.35
3810,3811,252,34.87
6442,6443,252,9.83
4112,4113,253,51.66
4438,4439,253,53.34
4331,4332,253,47.19
5944,5945,253,33.04
5743,5744,253,32.18
8336,8337,253,20.23
8632,8633,253,20.28
8732,8733,253,19.86
8832,8833,253,19.85
8932,8933,253,19.95
8803,8904,253,17.66
9312,9413,253,17.63
6946,6847,253,16.98
6142,6243,253,17.46
4712,4713,253,10.37
9427,9428,253,10.86
9426,9527,253,12.87
5540,5541,253,52.91
9317,9418,253,13.21
8905,9006,253,17.68
6948,6949,253,47.26
4643,4644,254,53.4
4542,4543,254,53.86
3607,3608,254,45.05
5844,5845,254,32.35
7638,7639,254,20.25
4742,4843,254,27.18
9330,9331,254,19.17
7341,7342,254,19.93
3605,3506,254,19.65
6745,6646,254,14.98
3604,3505,254,9.84
4525,4524,254,3.53
4439,4440,255,52.74
4332,4333,255,50.18
6045,6046,255,30.05
6543,6544,255,22.4
9310,9411,255,34.07
7840,7841,255,20.02
4312,4313,255,19.53
9311,9412,255,17.6
4411,4412,255,10.03
3710,3711,255,27.26
7738,7739,255,10.94
8335,8436,255,12.68
4311,4412,255,12.44
7340,7441,255,12.69
6743,6643,255,6.7
9109,9208,255,6.94
6948,7049,255,34.32
4543,4544,256,53.17
3608,3609,256,51.07
3506,3507,256,53.87
6847,6848,256,48.3
5643,5644,256,32.9
6144,6145,256,31.37
4112,4213,256,32.21
3811,3812,256,32.34
9132,9133,256,19.76
6044,6145,256,17.51
6746,6747,256,10.24
4433,4334,256,9.52
5541,5542,256,35.04
4426,4326,256,4.72
6947,6848,256,17.25
9423,9524,256,12.86
4440,4441,257,53.51
5744,5745,257,30.45
5945,5946,257,31.7
8533,8534,257,20.25
9033,9034,257,19.83
8039,8040,257,19.55
7940,7941,257,20
8139,8140,257,19.14
4010,4011,257,15.76
7437,7438,257,10.72
7939,8040,257,12.57
9422,9523,257,12.84
7339,7440,257,12.73
9416,9417,257,9.23
3910,3911,257,21.2
7041,7142,257,4.06
8138,8239,257,12.51
3812,3813,258,53.65
4334,4335,258,53.85
5845,5846,258,32.37
4544,4545,258,53.45
8633,8634,258,20.21
8733,8734,258,20.26
4113,4114,258,22.02
8933,8934,258,20.16
8337,8338,258,20.27
4643,4744,258,24.18
9231,9232,258,18.46
8833,8834,258,20.25
5542,5543,258,52.83
4512,4513,258,9.8
9131,9232,258,12.45
4434,4335,258,9.89
9318,9419,258,13.11
9415,9516,258,17.68
3507,3508,259,42.78
6544,6545,259,29.3
7342,7343,259,20.18
6646,6647,259,21.59
7639,7640,259,20.33
3711,3712,259,28.24
7241,7242,259,11.15
9414,9515,259,17.68
4441,4442,259,53.33
9310,9410,259,12.19
4613,4614,259,11.07
4813,4814,259,10.14
9329,9430,259,12.74
6948,6849,259,17.14
4723,4623,259,2.31
3813,3814,260,50.9
4335,4336,260,53.83
6747,6748,260,27.88
6145,6146,260,29.53
5644,5645,260,30.22
7841,7842,260,20.08
6045,6146,260,17.67
4545,4546,260,53.86
3709,3610,260,13.54
8336,8437,260,12.7
9330,9431,260,12.46
7341,7442,260,12.63
9209,9309,260,5.58
4944,4945,260,8.4
9328,9429,260,4.73
3712,3713,261,51.57
3812,3913,261,28.8
4313,4314,261,19.26
6144,6245,261,17.6
7539,7540,261,11.01
3811,3912,261,17.51
4312,4413,261,12.54
9421,9522,261,12.84
7338,7439,261,12.74
5543,5544,261,33.34
5538,5439,261,10.66
4442,4443,261,53.79
4943,4844,261,9.65
7044,7145,261,4.12
7043,7144,261,4.14
5535,5436,261,7.38
5537,5438,261,9.08
8701,8802,261,17.66
8702,8802,261,5.28
6343,6344,261,9.8
4336,4337,262,53.64
3508,3509,262,49.6
5846,5847,262,31.66
4213,4214,262,18.43
9133,9134,262,19.74
3505,3406,262,18.17
4544,4645,262,24.32
9413,9514,262,17.68
9006,9107,262,17.67
4113,4214,262,16.68
8904,9005,262,17.61
4112,4013,262,13.54
8434,8535,262,12.65
9132,9233,262,12.59
4011,4012,262,20.35
9320,9420,262,3.87
5534,5435,262,6.67
5536,5437,262,7.61
4443,4444,263,53.29
5439,5440,263,53.75
3610,3611,263,43.09
6849,6850,263,27.49
6647,6648,263,28.26
6545,6546,263,29.18
8934,8935,263,20.23
8734,8735,263,20.04
3813,3914,263,32.85
9034,9035,263,19.86
7941,7942,263,19.94
8040,8041,263,19.8
8140,8141,263,19.48
4713,4714,263,10.78
9527,9528,263,10.93
6949,6950,263,10.7
8834,8835,263,20.28
6443,6444,263,9.71
7940,8041,263,12.65
8139,8240,263,12.45
5045,4946,263,10.07
8803,8903,263,5.42
8239,8240,263,19.19
3406,3407,264,53.74
6146,6147,264,29.14
7343,7344,264,20.12
8634,8635,264,19.86
4114,4115,264,19.28
7145,7146,264,48.15
9412,9513,264,17.66
6243,6244,264,9.93
9231,9332,264,12.28
8435,8536,264,12.62
4545,4646,264,27.38
6748,6749,264,28.16
4328,4229,264,7.73
4337,4338,264,53.38
8238,8339,264,12.55
5440,5441,265,53.86
3713,3714,265,27.71
6245,6246,265,29.17
3814,3815,265,24.79
7640,7641,265,19.94
6145,6246,265,17.68
7739,7740,265,11.02
7049,7050,265,10.43
5544,5545,265,30.36
3505,3405,265,9.18
8337,8438,265,12.7
5047,5048,265,8.26
6344,6345,265,29.95
4229,4230,266,50.52
3611,3612,266,46.21
6046,6047,266,9.79
7145,7246,266,34.13
7342,7443,266,12.69
5046,4947,266,9.17
7042,7143,266,6.03
4338,4339,266,53.68
4525,4424,266,3.7
3407,3408,267,42.88
6546,6547,267,29.22
6950,6951,267,28.71
6850,6851,267,29.07
6648,6649,267,28.42
4314,4315,267,16.78
4614,4615,267,12.73
5846,5947,267,17.57
7441,7542,267,12.63
4313,4414,267,12.48
8436,8537,267,12.63
9411,9512,267,12.8
7146,7147,267,49.69
5441,5442,268,33.98
3714,3715,268,49.95
9035,9036,268,20.02
8935,8936,268,20.28
8835,8836,268,20.21
9233,9234,268,19.76
4013,4014,268,17.75
9134,9135,268,19.86
6146,6247,268,17.68
3610,3511,268,19.55
9515,9616,268,17.66
4513,4514,268,10.47
9133,9234,268,12.59
4114,4215,268,15.71
9524,9625,268,12.76
6147,6148,268,29.76
9516,9517,268,10.47
9410,9511,268,17.61
4327,4228,268,7.63
6749,6750,268,29.17
4425,4325,268,4.35
5533,5434,268,5.93
4339,4340,268,53.51
3701,3601,268,2.56
4230,4231,269,48.91
7050,7051,269,28.03
5545,5546,269,30.24
8735,8736,269,19.96
7942,7943,269,19.76
8041,8042,269,19.78
6245,6346,269,17.68
7842,7843,269,11.12
3814,3915,269,17.32
7242,7243,269,11.02
4814,4815,269,10.66
8141,8142,269,19.72
5745,5746,269,8.97
7941,8042,269,12.63
8140,8241,269,12.53
9431,9432,269,11.71
9523,9624,269,12.79
9419,9520,269,12.93
7146,7247,269,33.57
8239,8340,269,12.46
8240,8241,269,19.5
6345,6346,269,29.09
5442,5443,270,53.44
3408,3409,270,47.65
3612,3613,270,26.72
6047,6048,270,29.93
8635,8636,270,19.71
7344,7345,270,19.93
9332,9333,270,19.52
3509,3510,270,12.94
7540,7541,270,11.14
3610,3510,270,10.35
9232,9333,270,12.57
3712,3613,270,13.63
7145,7245,270,12.33
4441,4342,270,11.37
4340,4341,270,53.83
6344,6445,270,17.67
3511,3512,271,35.7
3715,3716,271,47.23
6547,6548,271,28.57
6851,6852,271,30.43
6951,6952,271,29.14
6649,6650,271,30.05
8438,8439,271,19.86
3611,3512,271,17.82
9005,9106,271,17.65
9514,9615,271,17.68
5645,5646,271,9.37
7640,7741,271,12.63
7343,7444,271,12.67
4744,4745,271,8.19
4334,4235,271,9.83
8904,9004,271,5.62
9430,9531,271,12.64
9310,9409,271,6.76
8701,8801,271,5.46
5443,5444,272,53.87
4231,4232,272,49.12
6148,6149,272,30.83
9528,9529,272,11.15
4714,4715,272,11.68
8437,8538,272,12.63
3503,3404,272,5.65
6750,6751,272,29.85
4816,4717,272,5.34
6247,6248,272,29.71
4546,4547,272,8.73
4342,4343,272,53.7
3409,3410,273,43.02
3613,3614,273,49.73
7051,7052,273,27.52
5746,5747,273,31.78
8836,8837,273,20.27
8936,8937,273,20.28
9517,9518,273,20.59
9036,9037,273,20.17
3715,3816,273,34.33
7542,7543,273,19.97
3405,3306,273,18.24
4314,4415,273,11.82
9420,9521,273,12.93
9513,9614,273,17.68
4115,4116,273,11.93
9522,9623,273,12.83
6346,6347,273,29.37
6345,6446,273,17.68
4232,4233,274,50.93
5444,5445,274,53.47
4014,4015,274,17.88
9234,9235,274,19.9
9135,9136,274,19.86
7050,7151,274,17.66
9233,9334,274,12.59
9134,9235,274,12.62
5847,5848,274,8.66
4844,4845,274,8.3
4114,4015,274,9.36
4333,4234,274,7.84
4343,4344,274,53.63
7247,7248,274,20.46
3512,3513,274,40.97
6048,6049,274,31.34
3306,3307,275,51.62
6952,6953,275,28.56
6650,6651,275,30.31
6548,6549,275,28.39
6852,6853,275,29.06
7345,7346,275,20.13
8241,8242,275,19.95
7243,7244,275,20
8736,8737,275,19.82
3511,3412,275,22.13
4315,4316,275,13.09
8042,8043,275,19.82
3714,3615,275,15.13
7641,7642,275,11.07
7942,8043,275,12.59
8142,8143,275,19.91
8141,8242,275,12.58
4116,4117,275,50.66
8340,8341,275,19.89
9208,9308,275,5.23
8240,8341,275,12.53
5445,5446,276,53.61
3410,3411,276,35.01
3816,3817,276,43.33
6149,6150,276,31.77
6248,6249,276,30.34
8636,8637,276,19.68
9409,9510,276,33.69
3511,3411,276,13.67
4615,4616,276,12.04
9512,9613,276,17.65
3405,3305,276,9.23
8536,8637,276,12.6
7344,7445,276,12.63
9332,9433,276,12.54
4646,4647,276,8.88
4326,4227,276,7.19
4344,4345,276,53.74
6751,6752,276,30.33
7248,7249,277,48.36
6446,6447,277,29.43
6347,6348,277,29.83
8538,8539,277,20.12
8439,8440,277,19.88
3915,3916,277,12.7
4514,4515,277,11.98
9616,9617,277,11.27
4215,4216,277,12.24
9625,9626,277,11.28
3715,3616,277,17.16
9511,9612,277,17.63
8438,8539,277,12.62
5048,5049,277,8.53
3513,3514,277,44.55
9418,9519,277,5.98
7147,7148,277,10.18
6247,6348,277,17.68
3817,3818,278,51.98
5446,5447,278,53.73
3307,3308,278,45.32
3412,3413,278,35.08
6049,6050,278,33.01
8937,8938,278,20.51
7052,7053,278,21.53
3816,3917,278,34.29
8837,8838,278,20.65
9037,9038,278,20.73
3716,3717,278,15.59
3409,3310,278,19.59
7051,7152,278,17.63
7843,7844,278,11.15
7943,7944,278,11.16
5947,5948,278,9.13
4116,4217,278,33.02
7246,7347,278,12.75
3512,3413,278,20.52
6953,6954,279,28.32
6549,6550,279,30.34
9136,9137,279,20.04
9235,9236,279,20.24
7248,7349,279,34.07
9334,9335,279,20.07
8537,8638,279,12.64
7542,7643,279,12.64
4947,4948,279,8.27
6752,6753,280,29.59
6249,6250,280,30.88
8341,8342,280,20.3
8242,8243,280,20.26
8737,8738,280,20.27
6853,6854,280,21.22
3410,3311,280,22.26
8801,8902,280,17.65
9004,9105,280,17.57
9531,9532,280,11.8
9106,9207,280,17.68
3409,3309,280,10.38
9409,9509,280,11.48
9517,9618,280,12.77
8043,8044,280,20.1
6651,6652,280,22.47
8143,8144,280,20.05
9520,9621,280,13.03
8802,8902,280,5.33
3717,3718,281,48.67
6348,6349,281,30.12
6447,6448,281,29.45
3817,3918,281,31.89
5446,5547,281,28.4
4415,4416,281,13.49
6248,6349,281,17.66
3413,3414,281,35.07
7741,7742,281,10.92
9433,9434,281,20.26
9624,9725,281,12.6
5546,5547,281,8.9
4315,4416,281,10.48
8903,9003,281,5.63
7247,7348,281,12.75
8340,8441,281,12.62
7349,7350,282,47.89
7053,7054,282,29.85
8539,8540,282,20.24
7445,7446,282,19.95
3412,3313,282,22.25
4015,4016,282,12.56
9529,9530,282,10.98
4715,4716,282,11.03
9614,9715,282,17.67
7345,7446,282,12.68
3311,3312,283,44.78
6550,6551,283,30.29
7152,7153,283,22.18
7844,7845,283,20.04
9038,9039,283,20.21
8838,8839,283,20.31
7944,7945,283,20.14
3616,3617,283,17.62
3411,3312,283,22.46
3412,3312,283,13.94
7248,7149,283,16.36
7543,7544,283,11.1
4745,4746,283,8.59
9615,9716,283,12.8
5646,5647,283,8.86
3614,3515,283,15.33
3514,3515,283,18.87
4116,4017,283,14.51
9526,9627,283,4.43
6250,6251,284,30.02
9137,9138,284,20.79
7349,7450,284,34.2
9335,9336,284,20.41
9236,9237,284,20.39
8638,8639,284,20.51
6954,6955,284,21.94
7643,7644,284,20.42
8938,8939,284,19.89
3306,3207,284,13.59
9518,9619,284,12.88
4547,4548,284,8.59
8538,8639,284,12.67
9521,9622,284,12.88
7050,7150,284,5.44
4623,4523,284,4.16
9527,9628,284,4.6
3503,3403,284,2.7
5533,5433,284,2.52
3313,3314,285,43.32
6349,6350,285,30.8
6448,6449,285,29.44
8342,8343,285,20.51
6652,6653,285,22.1
6753,6754,285,20.89
8144,8145,285,20.03
8738,8739,285,20.75
6854,6855,285,21.43
9613,9714,285,17.68
6249,6350,285,17.63
9510,9611,285,17.61
7151,7252,285,12.91
5747,5748,285,8.38
9623,9724,285,12.66
4717,4718,285,7.88
3413,3314,285,22.25
8243,8244,285,20.06
3615,3516,285,15.45
7350,7351,285,47.47
4548,4549,286,53.86
3207,3208,286,53.87
7054,7055,286,29.58
9434,9435,286,20.33
7742,7743,286,20.29
9532,9533,286,18.8
3818,3819,286,12.53
3310,3211,286,20.09
9612,9713,286,17.66
4845,4846,286,8.59
5848,5849,286,8.52
9334,9435,286,12.66
4117,4118,286,9.77
7446,7447,287,20.13
7053,7154,287,17.67
3717,3618,287,16.14
7249,7250,287,10.45
4515,4516,287,10.68
4616,4617,287,9.36
6150,6151,287,9.49
8341,8442,287,12.71
4316,4317,287,8.38
7346,7447,287,12.71
4415,4516,287,10.65
4235,4136,287,9.36
4325,4226,287,7.8
9725,9726,287,19.7
3405,3304,287,6.62
7350,7451,287,34.28
3211,3212,288,50.82
6251,6252,288,28.24
7845,7846,288,20.04
7945,7946,288,20.01
8540,8541,288,19.9
3414,3415,288,16.56
3311,3212,288,18.66
7349,7449,288,12.49
3516,3517,288,45.49
3310,3210,288,10.86
9519,9620,288,13.06
6551,6552,288,22.24
7445,7546,288,12.64
9433,9534,288,12.7
4228,4129,288,7.23
4229,4130,288,6.01
7351,7352,288,48.14
4647,4648,288,8.59
3208,3209,289,46.13
6653,6654,289,27.82
6449,6450,289,30.34
6855,6856,289,28.91
6754,6755,289,27.39
6350,6351,289,29.9
8639,8640,289,20.53
9237,9238,289,20.76
9336,9337,289,21
6955,6956,289,21.06
9138,9139,289,20.82
7644,7645,289,20.2
6250,6351,289,17.67
9105,9206,289,17.62
6050,6051,289,9.16
7152,7253,289,13.07
4217,4218,289,9.76
8539,8640,289,12.7
9617,9718,289,12.56
3314,3315,289,32.28
7252,7253,289,29.32
9004,9104,289,5.72
9509,9610,289,17.6
4136,4137,289,53.82
4130,4131,290,52.1
4648,4649,290,53.85
7055,7056,290,27.1
8739,8740,290,20.28
4548,4649,290,27.44
8939,8940,290,19.09
3313,3214,290,19.44
3918,3919,290,12.23
3718,3719,290,12.34
7944,8045,290,12.68
3306,3206,290,6.18
8801,8901,290,5.48
7451,7452,290,47.26
8044,8045,290,11.04
5948,5949,290,8.67
5447,5448,290,8.91
7347,7448,290,12.71
7351,7452,290,34.14
4137,4138,291,53.77
6151,6152,291,27.51
7743,7744,291,20.3
9435,9436,291,20.93
8343,8344,291,19.8
8244,8245,291,19.75
7054,7155,291,17.68
9618,9719,291,12.93
4948,4949,291,8.4
9335,9436,291,12.73
7643,7744,291,12.74
9621,9722,291,12.89
7350,7251,291,16.99
4131,4132,292,52.48
8442,8443,292,20.12
9039,9040,292,11.54
7544,7545,292,11.12
8839,8840,292,11.31
9716,9717,292,11.81
3313,3213,292,10.25
8342,8443,292,12.76
9532,9633,292,12.37
4227,4128,292,9.08
3314,3215,292,22.57
9726,9727,292,20.01
4234,4135,292,8.03
7451,7552,292,34.32
9409,9408,292,4.93
7352,7353,292,27.48
4425,4324,292,2.99
6755,6756,293,28.69
6654,6655,293,26.72
6856,6857,293,29.37
6252,6253,293,20.64
7546,7547,293,20.18
6251,6352,293,17.67
9434,9535,293,12.72
3315,3316,293,27.33
3516,3417,293,18.25
7449,7550,293,34.37
5547,5548,293,8.74
9534,9535,293,20.84
6552,6553,293,21.77
7452,7453,293,48.94
9725,9826,293,12.58
9528,9629,293,4.84
4132,4133,294,53.43
9238,9239,294,21.12
9337,9338,294,20.89
7645,7646,294,20.2
6450,6451,294,22.62
7846,7847,294,19.8
4648,4749,294,27.47
7946,7947,294,19.86
3415,3416,294,16.88
9611,9712,294,17.64
8145,8146,294,11.22
6350,6451,294,17.67
7253,7254,294,22.6
7153,7254,294,13.27
8540,8641,294,12.62
9530,9631,294,12.75
4233,4134,294,7.12
9409,9508,294,6.3
3215,3216,295,38.08
6152,6153,295,26.78
7155,7156,295,26.97
9139,9140,295,19.72
7353,7354,295,49.53
7055,7156,295,17.6
9713,9814,295,17.66
9619,9720,295,13.17
7945,8046,295,12.65
5647,5648,295,8.56
4416,4417,295,7.58
7448,7549,295,34.3
7451,7551,295,12.88
4746,4747,295,8.89
7452,7553,295,33.89
4118,4119,295,12.49
7453,7454,296,49.43
9436,9437,296,21.45
7744,7745,296,20.07
8940,8941,296,19.71
9722,9723,296,20.64
3618,3619,296,12.34
3211,3112,296,14.37
3819,3820,296,10.08
9336,9437,296,12.85
7644,7745,296,12.69
9622,9723,296,12.76
3918,4019,296,10.01
3917,4018,296,7.97
9531,9632,296,5.71
4623,4622,296,2.72
6253,6254,297,26.72
6857,6858,297,32.97
6655,6656,297,28.43
6756,6757,297,31.06
6553,6554,297,27.27
8344,8345,297,19.14
3214,3115,297,20.64
3206,3107,297,21.14
9727,9728,297,21.06
8343,8444,297,12.6
8244,8345,297,12.59
5748,5749,297,8.39
3316,3317,297,32.96
3517,3518,297,11.6
8245,8246,297,19.66
6049,5950,297,6.39
8541,8542,297,11.23
3216,3217,298,38.31
7454,7455,298,51.19
7547,7548,298,20.27
6352,6353,298,20.49
7453,7554,298,33.69
9040,9041,298,19.53
8840,8841,298,19.61
9206,9307,298,17.68
6856,6957,298,17.68
7154,7255,298,13.17
4617,4618,298,9.98
5849,5850,298,8.66
9533,9634,298,12.77
9435,9536,298,12.84
9535,9536,298,21.39
4218,4219,298,12.44
4846,4847,298,8.73
9610,9711,298,17.6
9826,9827,298,20.31
9105,9205,298,5.57
7448,7548,298,12.82
9104,9205,298,17.55
9509,9609,298,5.64
3601,3501,298,3.44
3112,3113,299,49.28
6153,6154,299,27.14
7847,7848,299,20.16
9239,9240,299,20.17
7646,7647,299,20.33
7947,7948,299,20.23
9338,9339,299,20.88
6451,6452,299,21.38
3215,3116,299,21.54
3214,3114,299,11.46
3719,3720,299,11.35
8740,8741,299,11.25
7056,7057,299,11.2
7354,7355,299,27.91
8901,9002,299,17.65
3206,3106,299,12.05
6051,6052,299,10.77
9620,9721,299,13.05
8442,8543,299,12.67
4317,4318,299,8.55
4548,4449,299,9.81
3207,3108,299,9.65
9003,9103,299,5.7
8902,9002,299,5.5
4325,4225,299,3.27
7455,7456,300,53.5
6757,6758,300,34.58
6656,6657,300,35.26
8146,8147,300,19.81
8641,8642,300,19.86
7155,7256,300,17.59
9718,9819,300,12.93
3317,3318,300,34.45
4516,4517,300,8.29
7946,8047,300,12.62
7549,7650,300,34.16
9534,9635,300,12.82
3217,3218,301,38.72
6554,6555,301,22.72
6858,6859,301,23.24
6254,6255,301,22.77
9437,9438,301,17.72
9140,9141,301,17
7454,7555,301,41.38
6253,6354,301,23.49
6857,6958,301,24.92
9337,9438,301,18.3
7645,7746,301,18.02
4226,4127,301,8.79
7355,7356,302,39.98
3108,3109,302,39.39
9609,9710,302,41.95
8941,8942,302,17.11
9712,9813,302,24.1
3417,3418,302,8.05
8344,8445,302,17.56
9436,9537,302,18.56
3206,3205,302,9.43
9722,9823,302,18.18
3317,3418,302,37.04
3210,3111,302,9.99
3211,3111,302,7
8245,8346,302,17.7
9529,9630,302,6.35
7456,7457,303,38.81
6758,6759,303,40.62
7057,7058,303,23.38
7455,7556,303,38.87
8246,8247,303,17.12
3216,3117,303,16.99
3318,3319,303,37.19
9508,9608,303,11.48
7547,7648,303,18
6352,6453,303,18.09
5448,5449,303,4.38
4648,4748,303,7.31
9727,9828,303,18.28
9535,9636,303,18.58
7552,7653,303,18.27
9826,9927,303,18.02
7550,7651,303,17.98
6958,6959,304,40.23
7456,7557,304,40.45
6154,6155,304,22.88
8841,8842,304,17.09
9041,9042,304,17.05
6858,6959,304,24.2
6254,6355,304,23.61
9239,9340,304,17.92
3318,3419,304,37.67
7646,7747,304,18.08
8641,8742,304,17.77
7947,8048,304,18.02
9338,9439,304,18.27
3919,3920,304,4.21
4137,4038,304,8.17
7549,7649,304,12.1
4136,4037,304,7.59
3109,3110,305,39.29
7356,7357,305,38.03
6958,7059,305,41.65
6657,6658,305,23.75
7848,7849,305,17.35
7948,7949,305,17.41
9205,9306,305,23.97
3107,3008,305,17.21
9437,9538,305,18.45
9140,9241,305,17.64
9720,9821,305,18.87
9711,9812,305,24.03
7553,7654,305,18.33
7555,7656,305,36.34
7551,7652,305,18.09
7457,7458,306,40.71
6759,6760,306,39.66
6555,6556,306,23.57
6255,6256,306,23.64
9819,9820,306,18.36
9103,9204,306,23.64
7057,7158,306,24.39
3217,3118,306,16.89
8246,8347,306,17.78
8444,8545,306,17.66
8345,8446,306,17.71
3115,3016,306,14.39
9723,9824,306,17.7
4128,4029,306,8.73
3206,3105,306,9.41
8147,8148,306,17.17
8642,8643,306,16.99
9725,9825,306,4.4
4748,4849,307,36.89
7457,7558,307,41.75
7058,7159,307,41.8
6759,6860,307,40.4
6255,6356,307,24.77
9141,9142,307,17.12
9608,9709,307,41.95
9634,9735,307,18.27
9609,9709,307,12.1
9041,9142,307,17.69
6353,6454,307,17.8
3107,3007,307,9.7
9536,9637,307,18.6
3112,3013,307,12.4
9827,9928,307,18.59
7556,7657,307,41.64
4129,4030,307,6.67
4218,4319,307,9.57
9716,9817,307,7.19
7059,7060,308,39.17
7357,7358,308,39.86
8942,8943,308,17.03
9710,9811,308,23.93
3218,3219,308,15.08
9819,9920,308,19.18
9635,9736,308,18.59
7647,7748,308,18.08
7948,8049,308,18.1
9339,9440,308,18.3
6354,6455,308,23.39
3108,3009,308,16.15
7156,7157,308,5.97
7650,7751,308,17.98
3318,3219,308,18.2
3619,3620,308,7.18
8901,9001,308,5.81
8147,8248,308,17.83
6760,6761,309,40.26
7059,7160,309,39.85
7656,7757,309,41.96
6155,6156,309,23.57
9828,9829,309,17.73
3111,3012,309,20.24
9141,9242,309,17.77
9438,9539,309,18.29
3518,3519,309,7.23
8642,8743,309,17.63
6860,6861,310,38.94
4030,4031,310,34.13
6760,6861,310,41.12
7158,7259,310,41.68
8842,8843,310,17
9340,9341,310,17.4
9042,9043,310,16.98
3111,3011,310,13.08
8445,8546,310,17.87
6355,6456,310,24.93
8346,8447,310,17.9
9537,9638,310,18.32
3319,3320,310,15.26
9823,9924,310,17.71
3115,3015,310,7.56
9814,9815,310,5.26
5548,5549,310,4.19
4226,4126,310,4.22
4548,4448,310,3.35
9715,9816,310,6.28
4623,4522,310,2.55
4524,4423,310,2.42
7060,7061,311,40.69
7358,7359,311,40.12
6860,6961,311,39.59
7159,7260,311,41.06
6556,6557,311,23.5
6256,6257,311,23.67
7849,7850,311,17.27
9306,9407,311,24.44
7949,7950,311,17.35
7651,7752,311,18.2
7648,7749,311,18.32
9828,9929,311,18.46
3009,3010,311,35.19
7654,7655,311,18.36
8247,8348,311,17.89
9636,9737,311,18.49
9628,9729,311,6.33
7653,7754,311,18.32
7160,7161,312,40.64
7060,7161,312,41.7
7358,7459,312,40.95
9204,9305,312,23.78
6256,6357,312,25.06
6356,6357,312,23.55
9340,9441,312,18.09
9439,9540,312,18.5
6759,6660,312,15.8
7649,7750,312,18.16
8048,8149,312,17.92
9608,9708,312,12.05
8148,8149,312,17.17
4132,4033,312,6.61
4135,4036,312,6.71
4031,4032,313,34.44
7160,7261,313,41.63
6860,6960,313,16.95
9142,9143,313,17.15
9709,9810,313,23.81
9241,9342,313,17.96
6356,6457,313,24.99
7656,7756,313,12.63
7949,8050,313,18.03
9042,9143,313,17.61
6758,6659,313,11.53
3319,3420,313,15.71
7557,7658,313,16.84
4133,4034,313,7.06
3016,3017,313,15.88
9633,9734,313,7.58
9538,9639,313,18.11
6152,6053,313,5.91
7654,7755,313,19.18
4131,4032,313,5.68
3118,3119,313,15.56
9817,9818,313,17.05
7652,7753,313,18.36
7061,7062,314,40.38
7359,7360,314,36.12
6257,6258,314,38.73
6761,6762,314,21.28
6156,6157,314,23.74
8943,8944,314,16.93
9920,9921,314,17.96
7157,7258,314,24.59
3013,3014,314,16.33
8446,8547,314,17.89
8545,8646,314,17.84
9825,9926,314,17.75
9820,9921,314,18.86
8248,8249,314,17.3
8347,8448,314,17.93
8148,8249,314,17.82
9001,9102,314,23.92
7558,7559,314,15.95
6357,6358,315,39.61
7459,7460,315,37.53
7161,7162,315,40.08
7061,7162,315,41.76
7359,7460,315,36.53
6257,6358,315,40.37
6861,6862,315,21.88
9242,9243,315,17.12
9142,9243,315,17.81
8743,8744,315,16.94
9824,9925,315,17.5
4517,4518,315,6.92
8543,8544,315,6.06
3106,3006,315,6.33
4128,4028,315,4.19
5648,5649,315,4.08
4134,4035,315,6.71
9817,9918,315,17.69
9637,9738,315,18.31
6457,6458,316,39.62
6357,6458,316,41.14
7459,7560,316,38.04
9708,9809,316,41.92
7161,7262,316,40.91
6961,6962,316,22.8
6557,6558,316,23.54
8843,8844,316,16.71
9043,9044,316,17.13
7757,7758,316,15.69
7751,7852,316,18.09
8049,8150,316,17.9
9440,9541,316,18.02
6760,6661,316,14.81
7657,7758,316,16.14
8248,8349,316,17.98
9103,9203,316,5.97
4417,4418,316,3.93
7558,7659,316,16.47
9722,9822,316,4.32
6157,6158,317,36.49
7755,7856,317,37.62
7850,7851,317,17.31
7950,7951,317,17.36
9242,9343,317,17.77
5950,5951,317,4.53
3820,3821,317,4.08
9631,9732,317,6.66
9508,9507,317,4.14
9539,9640,317,18.19
4119,4120,317,3.66
6053,6054,318,22.78
9305,9406,318,24.18
9638,9739,318,18.34
9441,9442,318,16.95
9043,9144,318,17.79
7757,7858,318,16.17
4748,4848,318,6.95
5749,5750,318,4.32
4019,4020,318,3.87
6153,6054,318,5.84
7559,7660,318,40.73
9629,9730,318,6.37
6962,6963,319,40.02
8050,8051,319,17.2
7754,7855,319,19.32
8348,8449,319,17.85
7950,8051,319,18.04
7752,7853,319,18.09
7356,7257,319,8.42
3720,3721,319,4.89
9737,9838,319,18.31
7156,7257,319,6.36
9508,9607,319,5.64
8546,8647,319,17.6
5850,5851,319,4.41
8447,8548,319,17.64
6962,7063,320,41.48
5951,5952,320,40.61
6862,6863,320,23.11
6762,6763,320,17.35
8249,8250,320,17.33
8944,8945,320,17.11
3017,3018,320,15.73
9540,9641,320,17.86
3821,3822,320,36.92
8149,8250,320,17.83
9921,9922,320,17.93
7659,7760,320,41.73
4318,4419,320,7.14
9632,9733,320,6.28
6054,6055,321,40.62
6661,6662,321,21.54
9243,9244,321,17.25
7753,7854,321,18.24
9342,9443,321,17.69
8050,8151,321,17.86
9143,9244,321,18
9639,9740,321,18.37
9708,9808,321,11.85
3821,3922,321,38.71
9918,9919,321,17.59
9441,9542,321,17.58
4038,3939,321,8.53
7660,7661,321,40.79
4037,3938,321,8.36
3219,3220,321,7.8
9818,9919,321,18.5
8744,8745,321,17.03
5851,5852,322,40.22
3721,3722,322,37.7
6963,6964,322,40.16
8349,8350,322,17.42
9203,9304,322,23.99
9809,9910,322,24.06
8844,8845,322,17.01
9044,9045,322,17.15
8448,8549,322,17.81
8249,8350,322,18.01
8944,9045,322,17.76
7658,7759,322,16.83
3105,3005,322,6.66
7660,7761,322,41.94
8543,8644,322,6.46
4618,4619,322,3.86
9814,9915,322,5.63
8643,8644,322,6.32
6863,6864,323,39.92
7063,7064,323,37.33
7855,7956,323,39.4
6963,7064,323,41
7951,7952,323,17.34
9343,9344,323,17.33
3822,3823,323,35.33
9738,9839,323,18.45
9243,9344,323,17.92
6659,6560,323,14.87
3419,3520,323,7.81
8646,8747,323,17.49
8547,8648,323,17.61
3939,3940,324,39.71
6055,6056,324,38.29
7063,7164,324,37.83
9144,9145,324,17.24
7858,7859,324,16.7
8349,8450,324,18.1
7852,7953,324,18.09
9044,9145,324,17.81
3822,3923,324,37.2
8150,8251,324,17.82
9541,9642,324,17.81
7661,7662,324,40.79
7760,7861,324,41.95
3320,3321,324,7.35
5750,5751,324,18.48
4127,4027,324,4.53
4219,4220,324,3.67
3503,3402,324,1.66
6964,6965,325,37.84
3722,3723,325,35.33
7761,7762,325,40.79
3939,4040,325,41.23
8051,8052,325,17.29
7951,8052,325,18.02
9343,9444,325,18.01
9640,9741,325,18.3
7661,7762,325,41.95
9630,9731,325,6.32
9823,9923,325,4.39
6864,6865,326,38.57
7064,7065,326,40.22
6964,7065,326,38.38
7761,7862,326,41.95
3823,3824,326,35.33
8945,8946,326,17.48
7063,7163,326,18.37
9144,9245,326,17.91
9739,9840,326,18.48
7360,7361,326,8.55
9442,9543,326,17.92
6659,6559,326,7.89
9829,9830,326,5.99
6258,6259,326,8.49
5449,5450,326,4.35
9001,9101,326,5.8
9735,9836,326,7.54
3940,3941,327,40.02
7064,7165,327,41.08
3823,3924,327,37.2
8151,8152,327,17.29
9808,9909,327,23.81
8745,8746,327,17
3018,3019,327,15.83
8449,8550,327,19.11
7853,7954,327,18.41
8051,8152,327,17.96
7858,7959,327,17.3
3119,3120,327,7.38
9736,9837,327,7.58
8647,8748,327,18.6
3105,3104,327,4.98
8548,8649,327,19.02
3620,3621,327,5.48
9608,9707,327,5.98
7662,7663,327,40.79
7762,7763,328,40.79
3940,4041,328,41.48
9045,9046,328,17.38
8845,8846,328,17.18
9304,9405,328,24.04
8350,8351,328,17.78
8644,8645,328,17.08
8945,9046,328,18.18
9641,9742,328,18.44
8250,8351,328,17.89
3723,3724,328,35.65
6158,6159,328,9.74
6358,6359,328,7.81
3420,3421,328,6.74
4033,3934,328,9.13
9929,9930,328,6.15
3105,3204,328,6.73
7760,7860,328,12.75
9813,9914,328,5.6
7662,7763,328,41.92
7065,7066,329,40.79
7762,7863,329,41.95
6056,6057,329,23.74
9344,9345,329,17.53
8151,8252,329,17.96
7854,7955,329,19.46
9244,9345,329,18
9740,9841,329,18.53
4034,3935,329,8.97
9443,9544,329,18.42
6259,6260,329,36.68
3009,2910,329,6.86
9542,9643,329,18.32
3621,3622,330,39.22
7065,7166,330,41.89
5450,5551,330,39.31
8649,8650,330,40.4
9145,9146,330,17.21
8450,8451,330,18.94
9045,9146,330,18.07
8350,8451,330,18.52
7663,7664,330,40.79
7360,7461,330,8.94
7261,7362,330,8.54
3821,3921,330,7.91
4030,3931,330,6.42
6259,6360,330,37.12
7660,7561,330,12.64
4037,3937,330,4
3820,3921,330,4.4
8549,8650,330,20.12
3403,3303,330,2.06
9817,9917,330,4.4
6159,6160,331,35.38
8052,8053,331,17.33
8649,8750,331,41.77
7952,8053,331,18.18
9344,9445,331,18.24
7763,7764,331,40.79
7663,7764,331,41.92
8648,8749,331,19.93
6054,5955,331,11.53
6458,6459,331,6.89
7262,7263,331,7.06
4518,4519,331,6.32
7162,7263,331,8.95
9444,9445,331,17.65
8747,8848,331,18.96
7757,7857,331,4.63
9812,9913,331,5.54
4424,4323,331,2.16
3935,3936,332,39.62
6359,6460,332,39.76
3824,3825,332,19.18
9245,9246,332,17.27
6865,6866,332,19.39
7953,8054,332,18.58
9145,9246,332,17.87
8251,8352,332,17.9
8450,8551,332,19.86
9101,9202,332,23.72
9642,9743,332,18.66
7861,7962,332,17.93
7859,7960,332,17.93
6864,6765,332,17.04
7763,7864,332,41.94
9102,9202,332,5.8
6260,6261,332,40.78
4032,3933,332,7.55
4031,3932,332,6.54
4029,3930,332,5.45
8946,8947,332,17.61
7066,7067,332,40.75
9734,9835,332,7.58
4325,4224,332,2.22
3622,3623,333,37.46
7561,7562,333,40.79
8451,8452,333,35.76
7955,8056,333,41.13
8152,8153,333,17.22
8052,8153,333,18
9741,9842,333,18.55
9910,9911,333,9.55
5851,5752,333,10.65
7664,7665,333,40.78
6157,6058,333,7.49
6260,6361,333,41.88
3420,3521,333,7.15
9444,9545,333,18.36
5549,5550,333,4.36
7661,7562,333,12.52
9815,9916,333,6.22
7066,7167,333,41.96
4226,4125,333,3.1
3921,4022,334,38.62
8451,8552,334,37.61
5955,5956,334,38.91
9046,9047,334,17.5
9405,9506,334,24.08
3824,3925,334,20.13
9245,9346,334,17.94
6865,6966,334,19.77
7862,7963,334,17.92
6864,6764,334,9.56
6863,6764,334,10.19
7664,7765,334,41.96
9203,9303,334,5.75
7764,7765,334,40.75
8846,8847,334,17.63
8946,9047,334,18.32
9543,9644,334,18.53
7067,7068,335,40.5
8749,8850,335,35.46
7954,8055,335,19.46
8252,8253,335,17.27
7959,8060,335,17.89
8152,8253,335,17.88
8748,8849,335,18.26
3220,3221,335,7.63
7262,7363,335,7.46
7764,7865,335,41.96
2910,2911,335,17.92
4319,4320,335,3.66
3105,3004,335,4.96
9811,9912,335,5.29
4219,4320,335,3.97
5752,5753,336,40.45
8452,8453,336,37.75
8056,8057,336,39.62
7562,7563,336,40.78
8551,8652,336,41.86
7067,7168,336,41.84
6765,6766,336,33.17
9146,9147,336,17.62
9742,9843,336,18.4
9046,9147,336,18.2
7860,7961,336,17.93
6159,6060,336,19.31
9707,9807,336,11.98
3939,3840,336,9.92
3938,3839,336,9.55
6054,5954,336,5.76
7665,7666,336,40.76
7662,7563,336,12.77
5752,5853,337,41.81
8452,8553,337,39.49
8056,8157,337,40.37
6460,6461,337,22.49
8552,8553,337,40.01
3825,3826,337,20.46
6360,6461,337,23.24
7863,7964,337,17.95
9345,9446,337,18
9544,9645,337,18.3
6159,6059,337,11.8
8252,8353,337,17.94
6560,6561,337,7.34
5952,5953,337,6.08
9841,9942,337,18.04
9445,9446,337,17.36
9643,9744,337,18.57
7665,7766,337,41.96
7068,7069,338,39.89
8552,8653,338,40.82
9246,9247,338,18.13
5956,5957,338,30.78
8750,8751,338,15
9146,9247,338,18.34
3940,3841,338,10.33
7956,7957,338,6.94
6662,6663,338,6.12
7856,7957,338,6.76
6661,6562,338,6.58
5649,5650,338,4.35
6261,6262,338,16.93
3016,2917,338,4.49
9838,9939,338,7.58
8057,8058,339,39.98
7563,7564,339,40.79
6060,6061,339,40.4
8055,8156,339,41.81
7068,7169,339,41.37
9545,9546,339,17.58
8453,8454,339,39.58
8153,8154,339,17.74
3825,3926,339,21.73
6765,6666,339,20.27
8053,8154,339,18.48
7666,7667,339,40.74
9808,9908,339,5.86
7663,7564,339,12.75
6361,6362,339,17.04
9445,9546,339,18.05
3501,3401,339,2.47
8157,8158,340,39.8
5853,5854,340,40.56
8057,8158,340,40.78
6060,6161,340,41.3
8849,8949,340,20.16
8849,8950,340,34.41
8453,8554,340,41.11
9246,9347,340,18.92
8551,8651,340,13.32
7960,8061,340,17.96
6765,6665,340,13.12
8054,8155,340,19.45
9346,9347,340,18.29
9743,9844,340,18.31
7962,8063,340,17.95
7857,7958,340,16.24
9303,9404,340,24.32
7766,7767,340,40.75
3120,3121,340,7.74
7666,7767,340,41.96
9304,9404,340,5.72
6260,6161,340,12.99
3013,2914,340,4.42
3920,4021,340,4.01
3009,2909,340,3.23
7864,7965,340,18.01
7069,7070,341,39.22
3841,3842,341,40.58
8157,8258,341,40.57
8253,8254,341,17.98
9545,9646,341,18.29
8153,8254,341,18.47
8750,8851,341,15.42
7766,7867,341,41.96
3019,3020,341,7.22
7865,7866,341,17.29
9842,9943,341,18.01
9730,9831,341,6.37
9732,9833,341,6.1
4448,4348,341,3.32
3321,3322,341,6.08
7066,6967,341,12.11
6262,6263,341,40.49
7667,7668,342,40.71
7564,7565,342,40.78
7069,7170,342,40.81
3841,3942,342,41.89
3826,3827,342,20.19
9147,9148,342,17.22
6766,6767,342,18.43
7963,8064,342,17.95
9644,9745,342,18.48
9346,9447,342,19.1
8847,8948,342,18.05
7561,7462,342,12.58
6361,6462,342,17.68
9607,9606,342,4.45
7664,7565,342,12.34
3015,2916,342,4.53
9839,9940,342,7.58
8454,8455,342,40.66
6262,6363,342,41.43
8554,8555,343,36.58
5854,5855,343,39.84
8158,8159,343,40.55
7667,7768,343,41.95
6666,6667,343,33.24
8156,8257,343,40
8353,8354,343,18.53
8060,8161,343,17.91
7767,7768,343,40.78
8253,8354,343,18.75
3621,3522,343,9.39
6663,6664,343,23.52
9101,9201,343,5.92
7865,7966,343,17.96
3938,3838,343,4.63
9733,9834,343,6.3
9607,9706,343,6.04
2914,2915,343,40.79
5957,5958,343,23.38
4319,4420,343,3.96
3007,2908,343,3.94
8454,8555,343,41.66
4021,4122,344,38.22
8554,8655,344,37.01
8155,8256,344,41.96
8158,8259,344,41.51
9247,9248,344,18
3826,3927,344,21.64
7961,8062,344,17.93
9147,9248,344,17.89
6766,6867,344,18.74
7767,7868,344,41.96
7562,7463,344,12.99
3935,3836,344,9.81
7070,7071,344,38.7
5650,5651,344,18.19
9843,9944,344,17.89
6562,6563,344,17.01
8651,8752,344,41.48
6263,6264,344,40.46
8850,8951,344,16.85
3012,2913,344,4.13
4127,4026,344,3.33
7668,7669,345,40.79
9546,9547,345,17.98
8058,8059,345,16.85
6061,6062,345,16.83
2917,2918,345,15.91
9645,9746,345,18.35
7964,8065,345,17.9
9446,9547,345,18.99
6767,6768,345,38.27
7067,6968,345,11.2
9930,9931,345,6.09
7070,7171,345,40.35
7163,7264,345,7.51
9744,9845,345,18.19
6263,6364,345,41.38
3017,2918,345,4.52
9840,9941,345,7.58
7665,7566,345,12.17
7565,7566,345,40.75
8455,8456,345,35.58
8652,8753,345,16.61
8653,8654,345,15.75
8354,8355,346,38.89
7668,7769,346,41.89
8948,9049,346,38.52
9404,9505,346,24.15
6161,6162,346,16.76
6666,6567,346,20.24
9247,9348,346,18.77
6060,5961,346,14.5
6767,6868,346,38.85
3936,3837,346,10.49
9347,9348,346,18.01
9405,9505,346,5.69
3421,3422,346,5.76
7164,7265,346,6.51
5855,5856,346,36.69
3934,3835,346,7.95
3723,3624,346,7.07
6059,5960,346,17.19
3011,2912,346,3.94
4029,3929,346,2.53
3321,3422,346,6.48
8455,8556,346,35.96
4122,4123,347,35.11
7463,7464,347,40.79
8257,8358,347,40.4
9646,9647,347,17.63
9546,9647,347,18.74
8254,8255,347,18.72
6666,6566,347,13.08
8154,8255,347,19.57
7071,7072,347,39.28
4120,4121,347,3.37
8751,8852,347,17.23
8851,8852,347,17.07
8653,8754,347,16.24
6062,6063,348,40.28
4122,4223,348,36.98
6768,6769,348,40.17
9447,9448,348,17.57
6462,6463,348,16.94
9148,9149,348,16.95
8948,9048,348,17.87
8061,8162,348,17.88
8063,8164,348,17.97
6362,6463,348,17.42
3840,3741,348,12.07
7071,7172,348,40.85
3622,3523,348,8.05
9347,9448,348,18.78
9844,9945,348,17.8
7666,7567,348,12.03
9731,9832,348,6.38
7566,7567,348,40.73
6059,5959,348,9.69
6262,6163,348,14.27
8456,8457,348,38.7
7965,8066,348,17.93
5856,5857,349,34.3
6563,6564,349,22.64
8159,8160,349,17.12
6768,6869,349,41.02
6363,6464,349,22.66
7866,7967,349,18
9646,9747,349,18.35
7867,7968,349,17.95
8949,9050,349,16.75
3839,3740,349,11.61
7068,6969,349,10.14
9201,9302,349,23.93
6667,6668,349,18.04
9836,9937,349,6.17
8355,8356,349,40.04
6264,6265,349,21.8
8950,9051,349,17.14
8456,8557,349,39.32
8851,8952,349,17.72
7966,7967,349,17.32
7464,7465,350,40.78
6364,6365,350,21.86
8655,8656,350,16.77
9248,9249,350,16.99
8257,8357,350,16.09
8064,8165,350,17.86
9745,9846,350,17.96
9447,9548,350,18.28
7072,7073,350,40.08
8258,8359,350,17.68
8259,8260,350,17.15
4041,4042,350,4.57
7165,7266,350,6.29
9837,9938,350,6.24
3724,3725,350,4.61
3006,2907,350,4.08
7868,7869,350,17.18
3741,3742,351,40.79
6063,6064,351,39.31
4123,4124,351,29.13
4121,4222,351,35.58
9834,9935,351,18.04
8161,8262,351,17.83
3827,3828,351,11.15
7667,7568,351,11.89
3841,3742,351,11.43
7072,7173,351,41.53
3927,3928,351,15.69
9707,9806,351,5.93
7567,7568,351,40.7
2914,2815,351,12.91
6263,6164,351,14.36
7966,8067,351,18
6668,6669,352,38.23
5961,5962,352,16.98
6364,6465,352,22.53
8062,8163,352,17.96
3221,3222,352,6.23
7363,7364,352,5.99
5752,5652,352,5.5
8259,8360,352,17.8
4619,4620,352,3.38
3018,2919,352,4.5
3922,4023,352,4.64
7868,7969,352,17.84
7769,7770,352,16.89
7465,7466,353,40.73
9647,9648,353,17.79
8852,8853,353,17.19
9746,9847,353,17.89
9547,9648,353,18.38
8655,8756,353,17.37
8951,9052,353,17.54
9248,9349,353,17.63
8752,8853,353,17.58
7668,7569,353,12.92
7073,7074,353,40.5
6666,6565,353,10.48
8065,8166,353,17.91
9303,9403,353,5.52
8754,8755,353,17.14
9845,9946,353,17.73
9348,9349,353,16.38
7166,7267,353,6.32
6567,6568,353,14.41
3742,3743,354,40.64
5857,5858,354,22.48
9149,9150,354,17.19
7073,7174,354,41.84
7069,6970,354,9.39
3839,3739,354,5.8
8457,8458,354,17.03
7173,7174,354,40.67
8753,8854,354,17.67
6265,6266,354,22.83
7364,7365,355,40.78
6669,6670,355,39.63
3742,3843,355,41.92
9806,9907,355,41.95
6365,6366,355,23.51
8952,8953,355,17.04
8557,8558,355,17.05
9448,9449,355,16.13
9647,9748,355,18.53
8358,8459,355,17.76
8852,8953,355,17.85
9747,9748,355,17.43
8556,8657,355,17.48
6062,5963,355,14.75
5854,5755,355,10.08
7173,7274,355,41.94
3933,3834,355,6.24
2913,2814,355,12.92
6265,6366,355,23.67
8754,8855,355,17.79
4040,4141,355,4.85
3934,3834,355,3.78
3005,2906,355,4.39
9348,9449,355,16.94
7769,7870,355,17.51
6669,6770,356,40.37
7074,7075,356,40.61
6064,6065,356,21.36
6365,6466,356,24.56
3725,3726,356,18.82
9548,9549,356,16.99
9149,9250,356,17.85
8162,8263,356,17.92
6566,6467,356,17.58
6164,6165,356,21.72
8164,8265,356,17.89
8066,8167,356,17.93
9835,9936,356,6.01
8260,8261,356,17.11
7167,7268,356,6.4
4120,4221,356,3.66
7466,7467,356,40.74
4220,4221,356,3.19
3743,3744,357,39.1
5858,5859,357,40.2
7074,7175,357,41.91
8557,8658,357,17.7
8067,8068,357,17.24
6063,5964,357,16.25
9747,9848,357,18.12
3020,3021,357,6.66
3121,3122,357,6.1
7174,7175,357,40.17
4041,4142,357,4.92
7070,6971,357,8.92
3923,4024,357,4.39
4419,4520,357,3.89
7968,8069,357,17.99
7967,8068,357,17.96
7274,7275,358,39.7
7365,7366,358,40.66
6670,6671,358,39.06
3743,3844,358,40.7
8360,8361,358,17.14
8656,8757,358,17.71
8359,8460,358,17.76
9846,9947,358,17.75
8952,9053,358,17.68
7969,7970,358,17.29
6668,6569,358,17.36
7869,7970,358,17.77
9404,9504,358,5.64
2815,2816,358,16.06
8165,8266,358,17.97
8260,8361,358,17.76
7174,7275,358,41.6
9050,9151,358,17.45
7268,7269,359,40.73
7467,7468,359,40.79
7075,7076,359,40.28
7274,7375,359,41.22
6670,6771,359,39.72
9349,9350,359,16.73
9648,9649,359,17.43
9548,9649,359,17.63
8067,8168,359,17.91
6266,6267,359,23.76
3837,3738,359,10.89
3004,2905,359,5.97
7071,6972,359,9.44
8262,8363,359,17.84
7168,7269,359,6.43
5859,5860,360,40.59
4142,4143,360,37.1
7268,7369,360,41.78
7075,7176,360,41.68
8360,8461,360,17.79
9806,9906,360,12.05
7969,8070,360,17.96
3741,3642,360,12.69
8163,8264,360,17.9
7175,7176,360,37.26
6266,6367,360,25.05
6467,6468,360,27.76
7173,7273,360,11.97
2913,2813,360,6.6
6366,6367,360,23.75
3836,3737,361,10.13
9706,9705,361,45.65
9606,9605,361,45.96
3933,3833,361,20.15
9201,9301,361,3.39
4423,4422,361,46.53
4448,4347,361,32.96
4622,4621,361,17.41
4523,4422,361,31.4
9806,9805,362,45.49
3740,3641,362,4.77
4026,4025,362,43.46
3004,3003,362,27.63
3303,3302,362,23.14
3204,3203,362,26.78
3104,3103,362,26.49
5855,5756,362,6.93
4323,4322,362,47.44
4423,4322,362,30.06
4126,4025,362,27.81
3403,3302,362,14.62
3304,3203,362,15.26
7369,7368,363,47.39
2813,2812,363,44.47
3740,3639,363,34.46
3741,3640,363,34.2
3836,3736,363,17.02
3836,3735,363,35.32
3837,3736,363,36.44
7072,6973,363,2.24
3933,3832,363,29.99
3932,3832,363,16.68
3932,3831,363,35.61
2913,2812,363,27.22
9705,9704,364,45.63
9605,9604,364,45.63
3738,3637,364,36.05
2905,2904,364,28.19
9504,9503,364,25.42
7366,7367,364,5.25
3642,3541,364,35.53
3739,3638,364,36.62
3834,3733,364,35.42
3835,3734,364,29.5
4422,4421,364,46.39
9403,9402,364,24.42
3931,3830,364,35.13
4622,4521,364,13.51
9805,9804,365,45.6
8363,8362,365,20.49
5859,5758,365,30.21
3743,3643,365,14.73
2814,2713,365,24.8
6669,6570,365,3.21
9935,9934,365,20.25
4322,4321,365,47.73
7568,7469,365,5.45
3004,2903,365,19.74
3303,3202,365,18.67
3402,3301,365,18.61
2812,2811,366,47.34
3737,3636,366,33.61
4143,4043,366,18.47
2813,2712,366,26.95
7076,6975,366,23.16
6972,6871,366,24.19
7075,6974,366,21.71
5858,5757,366,21.78
6165,6166,366,2.02
9806,9905,366,15.4
3641,3540,366,36.37
3930,3829,366,19.13
3640,3539,367,36.65
3833,3732,367,24.55
9804,9803,368,45.94
9704,9703,368,26.31
9604,9603,368,25.94
3637,3536,368,36
3639,3538,368,30.78
2812,2711,368,31.91
3103,3102,368,16.86
3003,3002,368,17.51
3322,3323,368,0.54
9905,9904,369,45.79
6871,6870,369,41.85
3638,3537,369,33.86
9503,9502,369,24.84
3541,3440,369,34.63
3736,3635,369,25.54
6973,6872,369,24.36
2905,2804,369,16.25
2816,2715,369,15.71
2906,2805,369,16
4141,4140,369,11.09
2815,2714,369,15.8
2909,2808,369,14.31
9402,9401,369,24.17
3541,3441,370,17.7
5860,5759,370,14.76
8953,8954,370,1.52
2903,2902,370,20.38
9648,9749,370,1.57
9748,9749,370,1.53
9803,9802,371,45.72
3536,3535,371,47.73
2711,2710,371,45.52
3732,3731,371,30.27
2712,2611,371,29.87
3540,3439,371,32.46
5758,5657,371,24.26
2713,2612,371,26.06
3831,3730,371,18.49
3832,3731,371,19.52
4143,4144,371,9.35
8558,8559,371,1.51
3302,3201,371,17.64
3202,3201,371,18.63
3743,3644,371,8.26
9847,9948,371,1.58
8855,8856,371,1.51
8166,8267,371,1.58
2910,2809,371,10.71
9904,9903,372,45.64
9803,9702,372,36.75
9703,9702,372,26.21
9603,9602,372,25.67
3538,3437,372,35.84
3539,3438,372,35.33
3734,3633,372,18.91
3733,3632,372,19.73
5756,5655,372,14.45
7375,7374,372,8.61
3830,3729,372,18.25
8756,8857,372,1.56
2904,2803,372,19.72
9502,9501,373,25.14
3536,3435,373,33.65
2711,2610,373,28.39
6975,6874,373,21.85
6974,6873,373,22.82
6570,6469,373,19.65
7273,7272,373,8.15
4143,4044,373,11.61
6671,6672,373,1.74
9449,9450,373,1.45
9052,9153,373,1.54
2710,2709,374,45.71
9802,9801,374,45.85
3537,3436,374,31.32
3440,3339,374,34.83
2808,2807,374,21.39
5657,5656,374,43.88
3735,3634,374,13.79
3829,3728,374,18.97
3002,3001,374,18.41
3202,3101,374,16.47
2903,2802,374,17.44
9903,9902,375,45.18
9702,9701,375,45.48
9802,9701,375,36.72
5759,5658,375,34.14
3440,3340,375,17.52
3732,3631,375,19.61
7275,7276,375,1.87
6267,6167,375,6.71
2902,2901,375,20.23
2714,2613,375,24.1
2917,2817,375,3.63
3441,3341,375,20.14
3441,3340,375,30.05
2610,2609,376,47.55
9602,9601,376,25.82
9702,9601,376,36.8
2611,2510,376,30.5
2710,2609,376,28.68
3439,3338,376,33.77
2709,2708,377,47.47
2809,2708,377,25.79
5657,5556,377,26.23
9934,9933,377,8.67
9902,9901,378,45.79
2709,2608,378,35.43
2807,2806,378,27.81
2610,2509,378,32.6
3435,3434,378,23.04
4044,3943,378,33.8
3535,3534,378,16.1
3635,3534,378,16.9
3541,3442,378,10.79
6671,6571,378,4.76
7274,7373,378,6.67
9153,9152,378,21.26
2805,2704,378,15.96
2715,2614,378,15.85
4044,3944,379,18.35
3438,3337,379,20.57
3731,3630,379,19.64
2808,2707,379,15.01
2902,2801,379,17.36
5961,5861,379,3.9
3340,3239,379,36.81
7669,7670,379,0.25
2609,2508,380,35.56
6874,6773,380,21.75
6873,6772,380,23.5
6469,6368,380,20.91
2803,2702,380,18.79
3437,3336,380,19.85
3729,3628,380,18.62
5658,5557,380,30.43
3725,3625,380,4.16
2708,2607,381,36.53
3436,3335,381,21.15
3435,3334,381,18.64
2608,2607,381,46.83
2510,2409,381,33.1
2613,2512,381,24.64
9250,9251,381,1.53
3339,3238,381,23.46
3441,3342,381,14.06
2704,2703,382,27.99
3634,3533,382,19.1
5655,5554,382,14.24
4144,4145,382,9.82
2608,2507,382,36.25
3730,3629,382,13.6
5759,5659,382,9.08
3728,3727,382,14.23
7269,7270,382,2.8
7076,6976,382,4.45
3323,3223,382,7.51
2807,2706,383,16.28
2802,2701,383,16.78
4144,4045,383,12.12
2811,2810,383,6.09
6166,6066,383,6.01
2707,2706,383,25.96
8854,8955,383,1.57
3340,3240,383,13.01
3630,3530,384,20.76
6571,6470,384,25.1
2512,2511,384,45.06
5656,5555,384,15.11
9549,9550,384,1.43
2917,2818,384,1.81
3533,3532,385,47.34
5557,5456,385,30.12
3630,3529,385,25.66
3434,3433,385,15.45
2614,2513,385,23.33
3323,3423,385,6.21
5554,5453,386,36.6
3338,3237,386,14.28
7272,7271,386,7.86
4044,3945,386,11.48
2409,2408,386,21.65
3728,3627,386,11.96
5860,5760,386,3.93
3533,3432,387,31.89
3335,3234,387,25.17
3336,3235,387,21.83
3337,3236,387,19.4
3239,3138,387,18.63
2704,2603,387,16.27
2512,2411,387,27.74
2816,2716,387,3.64
3021,2920,387,5.36
2706,2705,387,29.09
5456,5455,388,45.69
3529,3528,388,36.8
3240,3139,388,32.23
3629,3528,388,27.88
3334,3333,388,15.94
3630,3531,388,16.61
3434,3333,388,14.35
2510,2410,388,8.36
3323,3324,388,5.26
6267,6268,388,2.83
2707,2606,388,16.12
3530,3429,389,34.64
5554,5454,389,14.95
2702,2601,389,16.5
6976,6875,389,21.71
8363,8462,389,4.82
8266,8365,389,4.84
9933,9932,389,8.67
3432,3431,390,45.61
3138,3137,390,35.48
3237,3136,390,35.84
5456,5355,390,28.65
3529,3428,390,33.67
3433,3332,390,33.86
3530,3430,390,17.69
5659,5558,390,19.74
2703,2602,390,19.52
3625,3524,390,14.34
5658,5558,390,6.95
3432,3331,391,36.78
3234,3233,391,26.16
2408,2407,391,22.51
6066,5965,391,19.66
7373,7372,391,8.02
2409,2308,391,15.09
2513,2412,391,23.85
2606,2605,392,28.69
3235,3134,392,31.78
6470,6369,392,19.43
3323,3224,392,5.97
9848,9849,392,1.53
3136,3135,393,44.28
3429,3328,393,35.92
4145,4146,393,9.5
8658,8659,393,1.51
3331,3330,394,35.98
3136,3035,394,36.82
3431,3330,394,36.26
8365,8364,394,20.41
3727,3626,394,12.42
3628,3527,394,10.4
3627,3626,394,13.41
7275,7376,394,1.93
8953,9054,394,1.56
8459,8560,394,1.57
8657,8758,394,1.57
3134,3133,395,47.29
3137,3036,395,34.91
3332,3231,395,34.76
3430,3329,395,35.2
3234,3133,395,19.54
3138,3037,395,18.61
2603,2502,395,19.77
4045,4046,395,8.53
4145,4046,395,11.78
5557,5457,395,6.82
7369,7370,395,2.94
7269,7370,395,2.89
3323,3424,395,5.34
5558,5457,395,35.03
8855,8956,395,1.56
3341,3241,395,5.07
2605,2604,396,28.93
3134,3033,396,35.74
3331,3230,396,33.15
3233,3232,396,21.23
2308,2307,396,22.66
3332,3232,396,17.58
6875,6774,396,22.58
2408,2307,396,15.35
3240,3140,396,7.85
6672,6572,396,4.39
3135,3034,397,36.11
3139,3038,397,16.75
2606,2505,397,16.16
4045,3946,397,10.71
2507,2506,397,6.72
2411,2310,397,15.35
5453,5352,397,13.97
2716,2615,397,15.65
2715,2615,397,3.59
5455,5354,398,15.34
7076,7077,398,1.62
2410,2309,398,15.17
6267,6168,398,3.66
3230,3229,399,38.34
3037,2936,399,35.49
3329,3228,399,36.38
3330,3229,399,33.91
3233,3132,399,17.86
5965,5864,399,19.78
5454,5353,399,14.48
6571,6471,399,5
3627,3526,399,11.5
8069,8169,399,2.24
5457,5356,400,34.47
2502,2501,400,21
3231,3130,400,31.05
2602,2501,400,15.22
5963,5862,400,3.49
3034,2933,401,36.81
3033,3032,401,24.66
3230,3129,401,34.58
3232,3131,401,34.09
3037,2937,401,16.82
3231,3131,401,19.8
2308,2207,401,15.39
2505,2504,401,29.09
5759,5660,401,4.63
5352,5251,401,36.82
2614,2514,401,4.49
2412,2311,401,15.7
8266,8366,401,2.23
5558,5458,401,9.84
8267,8366,401,4.84
2307,2306,401,24.14
3241,3141,401,19.25
3140,3039,402,27.35
3428,3427,402,8.91
6066,5966,402,5.45
5659,5559,402,5.24
3228,3227,403,33.15
3229,3128,403,35.67
2502,2401,403,17.75
3328,3327,403,10.54
6774,6673,403,21.08
8168,8268,403,2.23
9153,9252,403,4.75
2936,2935,404,24.32
3228,3127,404,31.17
3033,2932,404,19.18
4146,4147,404,9.7
5251,5250,404,45.77
8363,8463,404,2.22
5964,5863,404,3.2
5356,5255,405,34.03
3130,3030,405,20.12
3130,3029,405,30.11
3034,2934,405,12.97
2604,2503,405,16.01
4146,4047,405,11.99
5861,5761,405,3.92
2504,2503,405,29.12
5352,5252,405,13.93
3625,3525,405,4.04
5862,5761,405,34.94
9250,9351,405,1.57
2307,2206,405,15.77
3241,3242,405,10.27
3129,3028,406,34.12
2937,2836,406,29.99
2306,2305,406,24.18
3032,3031,406,23.36
6168,6067,406,18.7
5457,5357,406,9.34
3527,3426,406,12.29
3141,3040,406,34.76
2506,2405,406,16.26
3127,3126,407,40.53
5250,5249,407,41.68
2936,2835,407,19.08
6471,6370,407,19.44
2310,2209,407,15.31
3224,3123,407,9.83
2407,2406,407,6.38
2505,2404,407,15.48
6976,6876,407,4.06
2513,2413,407,4.64
3141,3041,407,17.58
7369,7470,407,3.03
3241,3142,407,12.59
5255,5254,408,47.58
3127,3026,408,35.7
3128,3027,408,33.94
2309,2208,408,15.1
4046,3947,408,11.45
3029,2928,409,35.6
2932,2931,409,20.01
5863,5762,409,29.49
3032,2931,409,18.75
5252,5151,409,35.41
2401,2301,409,18.56
5251,5151,409,12.63
9549,9650,409,1.48
3028,2927,410,35.95
2305,2304,410,27.62
5255,5154,410,35.14
3030,2929,410,33.19
5966,5865,410,19.76
2306,2205,410,15.78
2502,2402,410,7.1
3037,2938,410,9.96
7372,7371,410,5.38
5660,5560,410,11.21
2207,2106,410,15.73
5254,5253,411,47.05
2835,2834,411,30.99
2404,2403,411,29.1
3030,2930,411,18.76
2933,2832,411,14.64
5252,5152,411,16.92
2311,2210,411,15.51
2504,2403,411,15.6
3027,2926,412,36.34
3040,2939,412,27.86
3127,3226,412,19.12
3227,3226,412,11.23
3327,3326,412,11.28
5356,5256,412,9
3041,2940,412,34.48
5154,5153,413,46.92
2928,2827,413,36.1
5254,5153,413,31.15
3947,3846,413,34.1
2934,2833,413,19.46
6875,6775,413,4.29
3041,2941,413,17.83
2927,2826,414,36.14
2304,2303,414,29.13
2929,2828,414,36.21
3947,3847,414,18.13
2836,2735,414,18.87
2932,2831,414,14.54
4147,4148,414,10.73
6168,6068,414,6.48
2926,2925,415,42.02
5152,5051,415,36.66
5154,5053,415,30.86
2205,2204,415,24.76
6370,6269,415,17.97
2835,2734,415,19.39
2305,2204,415,16.28
4047,4048,415,10.35
4147,4048,415,13.06
3426,3425,415,11.29
2920,2819,415,5.23
3141,3042,415,10.67
2716,2616,415,3.66
2926,2825,416,36.29
5256,5155,416,36.33
5255,5155,416,9.94
2937,2837,416,6.76
2413,2312,416,15.92
2401,2302,416,11.71
8267,8367,416,2.23
8069,8170,416,1.59
2827,2726,417,36.83
2940,2839,417,32.16
2929,2829,417,15.79
2209,2108,417,15.32
4047,3948,417,12.67
3946,3845,417,7.16
9848,9949,417,1.58
2826,2725,418,36.77
2828,2727,418,36.63
2941,2840,418,34.76
5152,5052,418,14.76
3126,3125,418,9.75
2208,2107,418,15.3
8658,8759,418,1.55
5558,5459,418,5.07
8857,8957,418,2.2
2734,2733,419,32.39
2204,2203,419,27.26
3847,3746,419,33.65
2831,2830,419,20.65
2941,2841,419,17.59
2832,2731,419,19.77
2304,2203,419,15.74
2205,2104,419,15.91
2931,2830,419,14.24
3026,3025,419,9.28
6572,6472,419,4.5
8365,8464,419,4.83
2839,2838,420,37.77
5155,5054,420,36.02
3847,3747,420,18.46
6775,6674,420,23.41
5863,5763,420,6.55
3042,2942,420,20.07
3224,3124,420,3.58
7376,7475,420,5.66
3041,2942,420,10.92
9153,9253,420,2.17
3948,3848,421,59.81
2302,2201,421,22.31
2828,2728,421,60.83
2833,2732,421,7.2
5256,5156,421,31.39
2210,2109,421,6.49
3947,3848,421,31.48
6370,6270,421,62.74
6876,6776,421,58.9
2836,2736,421,49.98
5761,5661,421,19.3
5966,5866,421,14.05
6673,6573,421,58.53
6471,6371,421,24.97
5457,5358,421,30.27
7077,6977,421,59.6
5660,5561,421,31.03
5660,5661,421,17.45
2514,2414,421,56.83
7076,6977,421,27.93
7076,7177,421,4.58
7176,7177,421,7.54
6674,6574,422,58.73
2942,2842,422,55.12
2733,2633,422,50.11
2841,2741,422,60.07
2104,2004,422,62.42
2840,2740,422,63.01
2725,2625,422,60.04
2727,2627,422,61.86
2839,2739,422,55.48
2829,2729,422,60.79
2726,2626,422,62.73
5155,5055,422,32.66
2302,2202,422,39.52
2734,2634,422,52.53
6269,6169,422,62.44
6472,6372,422,56.59
6775,6675,422,56.93
6067,5967,422,14.67
5356,5257,422,29.94
2614,2515,422,28.31
3122,3022,422,13.03
6776,6676,423,57.91
6573,6473,423,58.01
2203,2103,423,36.04
2731,2631,423,42.45
2725,2724,423,4.8
6371,6271,423,62.95
6977,6877,423,60.79
6068,5968,423,24.44
5863,5764,423,32.44
3042,2943,423,31.25
7376,7277,423,28.16
2311,2211,423,10.89
6976,6877,423,26.17
2816,2717,423,9.61
3021,2921,423,13.21
2740,2640,424,62.85
2741,2641,424,60.71
2625,2525,424,61.02
2729,2629,424,62.19
2627,2527,424,57.42
2626,2526,424,62.6
2202,2102,424,56.87
6574,6474,424,58.03
2739,2639,424,61.19
6270,6170,424,44.89
2732,2632,424,45.89
5358,5258,424,36.19
6675,6575,424,55.76
5256,5157,424,28.19
2842,2742,424,57.61
3042,3043,424,11.2
7077,6978,424,25.97
2514,2415,424,28.47
2413,2313,424,13.72
2631,2531,425,50.74
6473,6373,425,56.19
6877,6777,425,62.15
5055,4955,425,37.49
5156,5056,425,31.27
2942,2843,425,29.62
2830,2730,425,22.37
5052,4953,425,30.81
2829,2730,425,24.55
5155,5056,425,28.89
6676,6576,425,54.43
6472,6373,425,28.64
2205,2105,425,13.77
6876,6777,425,26.7
7470,7471,425,15.8
6168,6069,425,15.6
2920,2820,425,13.71
8757,8858,425,2.61
8460,8561,425,2.56
2102,2002,426,62.77
2640,2540,426,61.58
2639,2539,426,62.95
6575,6475,426,56.94
2641,2541,426,60.86
2525,2425,426,61.41
2527,2427,426,57.89
2526,2426,426,63
6474,6374,426,59.99
2103,2003,426,46.46
5358,5259,426,30.54
6978,6878,426,63.03
2742,2642,426,60.71
6271,6171,426,46.88
2725,2624,426,11.52
2210,2110,426,11.85
6372,6272,426,33.25
7470,7570,426,8.08
5661,5562,426,29.09
7670,7570,426,13.73
9053,9154,426,2.61
2818,2718,426,13.73
6777,6677,427,62.11
6576,6476,427,63.04
2629,2529,427,49.7
5055,4956,427,31.03
5358,5359,427,17.91
7177,7078,427,25.38
6776,6677,427,27.6
2201,2101,427,17.28
5156,5057,427,28.13
2104,2005,427,21.7
2819,2719,427,13.67
3425,3325,427,13.25
5865,5765,427,13.71
5560,5460,427,13.68
5761,5662,427,14.8
5661,5662,427,18.88
3123,3023,427,12.56
7376,7377,427,8.54
5762,5662,427,13.73
2312,2212,427,12.22
2539,2439,428,59.23
2426,2326,428,62.76
2003,1903,428,52.98
6878,6778,428,63.05
2541,2441,428,59.13
2425,2325,428,61.71
2427,2327,428,57.47
2642,2542,428,60.75
2540,2440,428,57.92
6374,6274,428,63.01
6475,6375,428,61.76
4955,4855,428,35.88
4953,4853,428,44.16
6170,6070,428,25.87
5764,5664,428,20.45
3747,3647,428,12.76
5054,4954,428,13.66
3746,3646,428,13.48
2108,2008,428,12.45
3845,3745,428,13.08
6676,6577,428,30.02
6068,5969,428,15.85
2842,2743,428,27.86
3124,3024,428,12.52
5966,5867,428,12.49
5763,5663,428,13.08
9550,9451,428,9.34
2107,2007,428,13.49
2106,2006,428,12.92
2616,2516,428,13.53
6476,6376,429,50.73
6272,6172,429,46.69
6373,6273,429,29.04
5968,5868,429,17.66
7277,7178,429,24.96
5561,5461,429,13.72
2109,2009,429,12.59
5866,5766,429,13.73
7475,7476,429,11.89
6171,6071,429,39.12
2836,2737,429,13.13
2414,2314,429,12.57
3324,3225,429,3.35
2716,2617,429,9.49
1903,1803,430,58.34
2743,2643,430,59.53
2327,2227,430,53.71
6778,6678,430,62.41
2439,2339,430,53.41
6577,6477,430,55.61
2326,2226,430,62.41
2441,2341,430,50.62
2325,2225,430,63.03
2440,2340,430,54.43
5460,5360,430,38.07
4853,4753,430,50.53
4955,4856,430,30.42
4953,4854,430,32.42
2742,2643,430,24.65
2727,2628,430,15.06
3022,2922,430,12.71
9550,9551,430,4.81
8955,9055,430,2.06
9649,9750,430,3.45
7870,7871,430,5.58
6274,6174,431,42.38
6375,6275,431,48.4
4855,4755,431,33.39
2542,2442,431,49.67
2921,2821,431,13.18
2004,1904,431,11.75
2734,2635,431,12.46
7470,7571,431,9.83
8168,8269,431,2.65
7770,7771,431,3.23
6678,6578,432,62.63
1803,1703,432,61.08
2225,2125,432,55.48
2628,2528,432,52.76
6172,6072,432,47.07
6273,6173,432,41.95
4753,4653,432,50.7
5969,5869,432,27.76
5460,5361,432,31.23
2642,2543,432,24.6
4953,4852,432,20.77
5258,5158,432,13.76
2211,2111,432,12.07
2729,2630,432,15.58
6978,6879,432,19.28
7475,7474,432,8.42
2415,2315,432,13.57
8070,7971,432,9.79
2227,2127,433,35.21
2226,2126,433,47.64
2341,2241,433,38.16
2340,2240,433,49.98
4856,4756,433,37.13
2339,2239,433,46.46
6477,6377,433,41.57
6376,6276,433,29.35
6070,5970,433,22.94
2441,2342,433,31.64
4855,4756,433,29.27
2542,2443,433,31.9
4853,4754,433,31.66
5765,5665,433,17.56
2101,2001,433,16.75
7471,7472,433,13.31
2820,2720,433,13.59
5764,5665,433,15.12
2313,2213,433,12.36
3042,3143,433,6.35
8070,8071,433,6.19
6879,6779,434,62.83
2125,2025,434,54.96
1703,1603,434,62.2
2630,2530,434,50.74
6174,6074,434,33.62
2743,2644,434,26.05
7377,7278,434,20.64
2110,2010,434,13
2718,2618,434,13.22
6878,6779,434,18.7
5259,5159,434,13.69
9949,9850,434,10.33
8659,8660,434,4.29
5562,5462,434,13.35
7770,7671,434,8.51
2127,2027,435,52.12
6578,6478,435,43.7
6276,6176,435,60.75
4653,4553,435,48.67
6173,6073,435,46.05
4755,4655,435,29.79
6275,6175,435,30.18
2341,2242,435,31.26
4856,4757,435,30.9
4753,4654,435,31.61
5867,5767,435,15.55
6778,6679,435,21.74
3023,2923,435,12.78
2719,2619,435,13.73
5057,4957,435,12.72
7078,6979,435,18.39
2005,1905,435,12.94
2624,2524,435,11.76
2643,2544,435,32.17
2632,2532,435,9.12
3342,3243,435,4.22
2025,1925,436,57.31
2239,2139,436,41.8
2240,2140,436,37.03
6072,5972,436,26.57
5158,5058,436,33.05
2442,2343,436,28.51
4856,4857,436,17.58
7178,7079,436,22.76
3745,3645,436,13.36
2006,1906,436,13.09
5664,5564,436,13.14
4853,4752,436,17.72
2002,1902,436,10.33
2531,2431,436,9.85
5970,5870,436,35.53
6071,5971,436,15.27
2212,2112,436,12.49
8365,8465,436,2.03
5663,5563,436,12.97
2516,2416,436,13.72
2027,1927,437,60.35
1603,1503,437,49.48
2241,2141,437,30.11
4756,4656,437,28.82
4653,4554,437,32.12
5158,5059,437,29.09
4755,4656,437,27.24
1904,1804,437,18.43
6678,6579,437,21.14
5868,5768,437,13.1
5766,5666,437,13.66
3024,2924,437,12.1
2439,2338,437,16.06
2007,1907,437,11.96
5765,5666,437,14.18
2009,1909,437,12.96
6679,6579,437,62.42
2527,2428,437,11.74
2008,1908,437,12.13
2314,2214,437,13.36
2617,2517,437,13.48
9650,9651,437,5.22
2431,2331,438,60.04
2532,2432,438,48.35
4757,4657,438,37.36
6478,6378,438,46.2
4553,4453,438,47.51
6176,6076,438,38.89
6074,5974,438,33.3
1902,1802,438,63.04
5869,5769,438,19.89
2922,2822,438,13.22
5360,5260,438,13.69
2339,2238,438,19.78
2529,2429,438,9.97
2539,2438,438,12.16
2543,2444,438,24.47
2525,2424,438,10.3
2633,2533,438,6.64
2634,2534,438,6.64
9351,9352,438,4.37
3442,3343,438,4.86
1925,1825,439,48.42
2139,2039,439,36.49
6073,5973,439,33.14
6175,6075,439,26.54
4655,4555,439,30.96
1603,1504,439,31.94
6377,6277,439,18.36
2241,2142,439,27.44
1703,1604,439,22.21
6276,6177,439,24.6
2821,2721,439,13.42
4753,4652,439,17.63
2001,1901,439,17.92
2427,2328,439,11.5
7475,7575,439,5.47
5769,5669,440,53.72
2331,2231,440,54.65
4554,4454,440,37.17
1503,1403,440,48.9
1927,1827,440,42.8
1802,1702,440,51.89
4757,4658,440,30.99
4553,4454,440,32.3
7278,7179,440,24.51
2644,2545,440,25.86
2644,2645,440,19.98
2239,2138,440,21.64
4653,4552,440,18.71
2111,2011,440,12.87
5361,5261,440,13.35
7476,7477,440,9.55
5870,5770,440,26.71
2315,2215,440,13.64
4453,4353,441,45.76
6076,5976,441,42.19
6378,6278,441,45.76
2533,2433,441,46.51
5260,5160,441,43.96
2534,2434,441,45.85
4656,4556,441,30.13
2139,2040,441,30.66
5972,5872,441,23.4
4757,4758,441,17.49
2027,1928,441,25.12
4655,4556,441,27.94
6779,6680,441,20.82
2213,2113,441,12.95
5665,5565,441,13.59
2720,2620,441,13.52
6879,6780,441,17.06
1803,1704,441,14.12
2425,2324,441,9.99
7475,7576,441,6.81
9253,9254,441,4.95
2839,2738,441,3.9
5563,5463,441,20.64
2231,2131,442,51.99
2142,2042,442,35.36
4555,4455,442,36.88
2328,2228,442,47.63
1901,1801,442,43.7
2432,2332,442,30.98
5974,5874,442,26.9
4657,4557,442,27.04
4554,4455,442,30.92
1503,1404,442,32.07
1927,1828,442,32.3
2431,2332,442,25.48
1905,1805,442,15.95
5770,5670,442,59.61
2618,2518,442,13.67
1603,1502,442,18.28
5462,5362,442,13.11
2644,2744,442,14
2010,1910,442,13.66
2635,2535,442,9.4
2743,2744,442,7.36
1825,1725,442,38.86
2639,2538,442,8.15
5976,5876,443,50.76
4658,4558,443,44.01
1702,1602,443,42
1403,1303,443,45.71
4552,4452,443,38.95
4453,4354,443,32.43
6378,6279,443,32.43
5260,5161,443,32.4
2331,2232,443,29.9
5666,5566,443,17.74
5768,5668,443,19.39
2139,2038,443,22.94
2619,2519,443,13.71
2923,2823,443,12.85
5767,5667,443,13.2
4553,4452,443,19.28
6074,5975,443,15.84
2444,2344,443,23.03
2444,2445,443,20.18
6680,6580,443,57.86
5057,4958,443,9.41
5970,5871,443,15.62
8957,8958,443,4.41
9949,9950,443,4.33
1828,1728,444,52.42
1502,1402,444,55
4353,4253,444,42.92
2434,2334,444,33.93
5160,5060,444,46.6
1827,1727,444,32.19
2142,2043,444,30.2
4555,4456,444,30.81
5670,5570,444,56.4
6579,6479,444,16.63
2338,2237,444,20.55
1927,1826,444,21.29
2112,2012,444,12.6
2343,2243,444,13.65
1906,1806,444,13.28
2644,2745,444,15.72
2126,2026,444,9.44
1801,1701,444,60.01
6979,6880,444,16.32
7471,7572,444,7.82
2416,2316,444,13.46
5564,5464,444,13.22
2131,2031,445,43.99
2535,2435,445,45.2
2433,2333,445,32.32
4658,4559,445,32.41
1403,1304,445,32.43
2231,2132,445,31.16
5669,5569,445,20.59
2545,2446,445,28.63
2142,2143,445,18.18
2214,2114,445,13.72
1909,1809,445,13.16
5059,4959,445,13.71
5972,5873,445,15.72
6176,6077,445,15.18
2530,2430,445,9.69
2444,2345,445,22.46
5870,5771,445,16.03
9551,9452,445,9.87
7475,7574,445,5.84
2517,2417,445,13.55
8267,8368,445,2.65
2026,1926,446,61.4
1826,1726,446,56.3
1728,1628,446,61.35
1402,1302,446,52.57
5161,5061,446,49.46
1303,1203,446,49.3
5975,5875,446,43.75
4558,4458,446,36.09
5876,5776,446,39.99
4557,4457,446,27.8
4556,4457,446,29.07
4353,4254,446,32.31
1928,1829,446,32.24
5160,5061,446,32.39
2545,2546,446,19.11
2142,2041,446,23.09
2238,2137,446,19.11
4453,4352,446,20.09
6378,6379,446,14
2822,2722,446,13.28
1908,1808,446,12.26
2924,2824,446,11.38
1907,1807,446,12.47
1927,1926,446,11.37
7079,6980,446,14.59
1701,1601,446,55.47
5770,5671,446,25.97
2736,2636,446,4.06
1725,1625,446,27.72
5569,5469,447,56.08
2333,2233,447,53.78
1304,1204,447,55.18
1727,1627,447,45.9
2334,2234,447,48.92
5060,4960,447,46.98
4456,4356,447,34.23
4253,4153,447,40.46
2131,2032,447,32.41
1828,1729,447,30.99
2332,2233,447,30.37
4658,4659,447,14.78
7477,7378,447,21.41
4552,4451,447,22.46
2721,2621,447,13.14
4652,4651,447,13.83
5565,5465,447,18.22
5670,5571,447,28.78
2338,2337,447,10.6
5666,5567,447,14.25
7971,7872,447,9.82
2325,2224,447,7.83
7377,7378,447,5.12
8071,8072,447,7.27
1628,1528,448,55.85
2430,2330,448,34.34
2031,1931,448,38.28
2435,2335,448,33.56
2445,2346,448,29.7
2232,2133,448,32.36
5161,5062,448,31.95
4558,4459,448,30.5
1805,1705,448,17.06
1704,1605,448,22.57
4353,4252,448,21.25
1625,1525,448,55.85
6077,5977,448,43.87
2011,1911,448,12.72
7179,7080,448,19.34
1601,1501,448,50.11
2039,1939,448,12.42
6076,5977,448,14.67
2429,2329,448,10.25
2331,2230,448,15.3
2345,2245,448,35.45
4757,4858,448,11.51
7871,7772,448,8.06
8858,8859,448,4.44
8170,8171,448,3.58
9154,9155,448,4.65
2224,2124,449,59.35
1729,1629,449,61.26
5061,4961,449,48.94
2334,2235,449,32.07
5060,4961,449,32.36
4456,4357,449,29.68
5566,5466,449,18.58
4253,4154,449,31.9
2131,2030,449,20.84
2620,2520,449,13.35
6780,6681,449,19.85
5463,5363,449,12.99
2113,2013,449,13.5
1928,1929,449,13
2243,2144,449,29.97
2231,2130,449,16.9
6277,6178,449,15.22
9850,9751,449,9.93
1627,1527,449,62.73
2127,2028,449,9.28
5571,5471,449,55.39
8561,8562,449,4.23
2739,2638,449,5.44
1726,1626,449,40.62
1302,1202,449,45.23
8366,8466,449,2.04
8071,7972,449,9.05
1605,1505,450,54.95
2329,2229,450,61.4
4356,4256,450,34.03
2234,2134,450,38.87
4451,4351,450,44.09
4153,4053,450,37.85
4458,4358,450,26.49
2041,1941,450,32.57
2031,1932,450,31.3
5569,5470,450,29
2132,2033,450,31.41
1304,1205,450,29.58
2745,2646,450,27.26
2745,2746,450,19.64
5977,5877,450,52.89
4455,4355,450,13.53
5362,5262,450,12.74
5874,5774,450,14.01
1501,1401,450,53.83
2042,1942,450,13.41
5570,5470,450,19.85
2243,2244,450,18.35
2345,2246,450,30.23
6580,6480,450,16.64
1910,1810,450,12.7
7278,7279,450,6.63
2518,2418,450,13.73
6681,6581,451,55.11
2124,2024,451,57.83
1629,1529,451,60.63
5062,4962,451,46.16
1931,1831,451,45.21
4459,4359,451,34.38
5061,4962,451,32.06
6379,6280,451,32.41
5875,5775,451,20.81
2143,2044,451,27.99
2038,1938,451,13.16
2519,2419,451,13.7
2040,1940,451,10.98
2245,2145,451,35.24
1625,1526,451,29.16
5471,5371,451,52.57
2215,2115,451,9.89
1525,1425,451,39.95
1527,1427,451,55.44
2229,2129,452,62.89
2030,1930,452,35.76
2235,2135,452,43.22
4961,4861,452,49.03
1939,1839,452,25.67
5567,5467,452,21.2
5470,5370,452,52.16
4356,4257,452,29.58
2234,2135,452,31.48
2032,1933,452,28.94
5469,5369,452,24.68
4153,4054,452,31.16
5877,5777,452,51.49
2031,1930,452,22.61
2745,2845,452,12.87
2012,1912,452,13.36
1806,1706,452,12.77
2237,2136,452,19.37
5161,5162,452,12.28
2823,2723,452,11.94
5668,5568,452,12.26
2043,1943,452,12.73
5872,5772,452,9.41
3343,3244,452,10.33
5571,5472,452,29.46
9551,9552,452,4.56
2315,2216,452,7.36
5464,5364,452,13.37
2316,2216,452,13.02
2024,1924,453,55.45
1831,1731,453,61.07
4053,3953,453,34.51
4256,4156,453,34.04
1941,1841,453,35.22
2134,2034,453,38.88
1932,1832,453,35.98
1401,1301,453,45.76
5774,5674,453,39.52
6178,6078,453,32.12
1202,1102,453,30.74
1605,1506,453,29.72
2335,2236,453,32.39
5062,4963,453,32.42
2133,2034,453,29.76
1931,1832,453,32.44
2246,2146,453,46.74
1705,1606,453,30.27
4459,4360,453,29.75
5776,5676,453,15.89
1829,1730,453,21.62
2417,2317,453,13.71
1809,1709,453,13.67
4959,4859,453,13.72
1402,1301,453,16.56
2346,2247,453,32.44
2535,2436,453,14.13
2245,2146,453,30.14
1526,1426,453,54.06
6880,6781,453,17.17
4652,4751,453,10.38
5371,5271,453,55.31
1525,1426,453,31.78
1302,1201,453,20.33
5465,5365,453,18.42
8955,9056,453,2.55
2129,2029,454,52.63
5472,5372,454,57.1
4962,4862,454,46.18
1938,1838,454,45.47
1940,1840,454,33.38
1425,1325,454,40.02
4355,4255,454,32.44
4358,4258,454,32.19
1929,1830,454,32.2
4961,4862,454,32.04
4459,4460,454,18.49
1939,1840,454,24.46
4356,4255,454,23.2
1808,1708,454,13.28
4153,4052,454,22.7
6379,6380,454,13.74
1203,1103,454,13.68
1807,1707,454,14.25
2137,2037,454,12.68
5771,5672,454,15.94
2435,2336,454,15.82
2114,2014,454,12.03
2745,2846,454,14.73
6581,6481,454,47.48
6279,6179,454,9.45
2228,2128,454,8.69
7771,7672,454,6.17
5471,5372,454,30.93
2737,2637,454,4.07
1528,1428,454,17.01
4359,4259,454,40.31
8269,8270,454,4.41
1731,1631,455,61.52
1730,1630,455,59.98
5674,5574,455,51.68
4257,4157,455,33.53
2135,2035,455,44.61
1933,1833,455,37.46
2247,2147,455,62.43
5775,5675,455,26.16
4053,3954,455,29.81
4256,4157,455,29.59
1941,1842,455,30.13
2134,2035,455,31.48
1932,1833,455,30.46
2033,1934,455,29.76
5777,5677,455,36.39
2144,2045,455,25.98
2246,2147,455,32.38
4960,4860,455,13.4
1427,1327,455,26.89
1204,1104,455,13.56
5671,5572,455,15.98
2722,2622,455,12.3
5569,5468,455,14.38
5873,5773,455,10.05
2745,2844,455,13.41
6077,5978,455,14.38
2438,2437,455,5.97
1506,1406,455,60.45
5271,5171,455,59.16
1525,1424,455,22.2
1426,1326,455,62.37
5466,5366,455,19.31
5372,5272,456,59.13
2637,2537,456,58.44
1325,1225,456,61.99
1707,1607,456,54.86
1832,1732,456,41.46
4963,4863,456,45.79
1839,1739,456,26.1
5369,5269,456,25.79
4962,4863,456,32.41
1202,1101,456,23.17
5062,5063,456,13.82
2621,2521,456,12.24
6980,6881,456,14.42
1304,1305,456,9.55
2346,2347,456,14.27
1911,1811,456,13.17
1625,1524,456,14.53
4658,4759,456,8.97
5371,5272,456,29.51
2215,2116,456,9.28
1525,1524,456,12.53
7476,7577,456,5.28
4359,4260,456,31.86
1924,1824,456,47.38
9252,9353,456,3.25
1424,1324,457,59.55
5978,5878,457,52.45
1326,1226,457,55.7
4862,4762,457,47.14
4052,3952,457,44.57
1840,1740,457,35.04
1838,1738,457,45.59
4257,4158,457,29.34
2135,2036,457,32.43
1933,1834,457,31.02
5676,5576,457,28.25
4053,3952,457,23.16
4256,4155,457,23.2
7279,7180,457,20.36
2520,2420,457,13.02
2013,1913,457,13.66
1529,1429,457,19.56
5370,5270,457,23.37
5363,5263,457,12.94
1205,1105,457,15.66
4259,4159,457,38.38
2636,2536,457,9.86
9950,9851,457,10.33
5467,5367,457,20.87
5171,5071,457,60.39
9651,9652,457,5.14
9850,9851,457,4.54
2147,2047,457,62.75
4258,4158,457,34.86
1607,1507,458,57.15
1225,1125,458,61.6
5272,5172,458,61.23
5773,5673,458,48.94
1631,1531,458,33.93
2035,1935,458,48.07
5574,5474,458,46.13
1833,1733,458,35.24
4157,4057,458,33.79
3954,3854,458,35.44
4260,4160,458,50.9
5675,5575,458,42.41
1832,1733,458,32.1
5269,5169,458,59.06
4963,4864,458,32.43
2034,1935,458,32.32
5472,5373,458,28.27
1938,1837,458,20.22
1810,1710,458,13.14
6178,6079,458,15.93
8660,8661,458,4.24
1606,1507,458,29.36
2418,2318,458,13.73
8071,8172,458,5.89
1824,1724,459,36.16
4863,4763,459,46.57
1732,1632,459,48.22
5468,5368,459,25.53
1630,1530,459,30.73
4862,4763,459,32.34
6380,6281,459,29.36
2846,2747,459,32.25
5878,5778,459,52.93
4460,4361,459,30.88
1840,1741,459,30.05
1707,1608,459,29.78
2115,2015,459,12.56
5270,5170,459,57.69
7080,6981,459,13.84
2419,2319,459,13.63
3244,3144,459,16.38
7477,7478,459,5.39
2047,1947,459,62.88
1506,1407,459,24.99
5071,4971,459,60.68
1125,1025,460,50.88
5373,5273,460,57.91
1837,1737,460,56.9
5172,5072,460,62.51
1324,1224,460,42.29
1740,1640,460,37.66
1834,1734,460,45.46
1738,1638,460,46.98
1226,1126,460,45.34
5575,5475,460,52.55
3952,3852,460,41.04
4155,4055,460,35.28
4159,4059,460,40.2
1739,1639,460,28.14
1934,1835,460,32.42
2035,1936,460,32.22
1833,1734,460,30.14
4157,4058,460,29.47
3954,3855,460,30.23
5372,5273,460,26.47
1428,1328,460,17
5576,5476,460,35.39
1709,1609,460,15.2
5364,5264,460,13.44
4861,4761,460,13.12
2247,2148,460,21.7
6781,6682,460,20.39
1912,1812,460,13.72
1505,1405,460,11.01
4459,4560,460,12.74
2043,1944,460,9.4
2524,2423,460,5.84
8759,8760,460,2.5
5169,5069,460,59.06
8659,8760,460,2.52
5367,5267,460,49.12
2316,2217,460,9.05
2747,2647,461,53.7
1632,1532,461,51.7
6079,5979,461,40.11
1531,1431,461,40.81
5474,5374,461,39.75
4160,4060,461,39.13
4864,4764,461,47.89
5778,5678,461,50.25
4863,4764,461,32.39
5063,4964,461,32.44
1732,1633,461,32.2
5572,5473,461,24.95
3954,3955,461,18.16
1947,1847,461,62.95
2846,2847,461,15.5
4260,4161,461,31.55
4052,3951,461,20.6
3953,3853,461,12.93
5365,5265,461,13.32
4963,4964,461,13.99
1938,1937,461,10.3
2146,2046,461,13.03
6481,6381,461,16.64
1943,1843,461,12.5
1327,1227,461,17
5170,5070,461,59.75
4971,4871,461,61.45
5366,5266,461,19.97
1737,1637,462,53.7
1224,1124,462,50.9
5069,4969,462,60
5273,5173,462,58.78
4763,4663,462,46.76
1724,1624,462,41.8
1530,1430,462,43.7
4361,4261,462,44.72
5673,5573,462,28.1
1740,1641,462,31.09
1834,1735,462,32.44
4155,4056,462,30.16
2148,2048,462,58.34
1607,1508,462,28.22
5272,5173,462,23.92
2347,2248,462,25.23
4157,4056,462,23.21
1406,1306,462,14.92
2014,1914,462,13.48
4156,4056,462,12.25
2723,2623,462,11.08
6280,6180,462,9.45
1328,1228,462,56.47
5072,4972,462,63.03
1835,1735,462,55.49
9254,9255,462,4.79
1625,1624,462,6.36
3343,3344,462,4.34
2147,2048,462,20.76
5367,5268,462,32.03
4161,4061,463,51.83
1847,1747,463,62.5
5374,5274,463,62.91
2647,2547,463,55.66
5979,5879,463,52.62
1639,1539,463,36.15
3855,3755,463,38.88
5475,5375,463,41
3852,3752,463,39.97
6682,6582,463,48.73
1734,1634,463,43.01
1638,1538,463,49.12
5476,5376,463,41.24
4160,4061,463,31.56
4864,4765,463,32.25
5070,4970,463,59.92
5063,5064,463,14.35
4860,4760,463,13.48
1842,1742,463,13.53
6681,6582,463,10.39
1640,1540,463,38.91
2045,1945,463,13.36
2424,2323,463,5.73
5173,5073,464,56.5
4764,4664,464,48.07
4060,3960,464,41.29
5678,5578,464,34.08
3853,3753,464,35.74
4763,4664,464,32.37
2747,2648,464,30.41
4361,4262,464,32.44
1632,1533,464,31.27
2048,1948,464,63
1507,1408,464,25.97
1324,1223,464,21.47
3952,3851,464,21.88
1811,1711,464,13.54
2622,2522,464,11.19
4052,4051,464,10.66
4460,4461,464,10.76
1102,1002,464,9.14
5677,5577,464,11.22
1205,1106,464,10.52
6881,6782,464,19.75
6581,6482,464,11.2
2116,2016,464,13.56
2047,1948,464,20.24
1735,1635,464,57.25
5268,5168,464,55.98
9253,9354,464,3.22
4972,4872,464,63.03
3043,2944,464,3.55
1429,1329,464,15.82
1431,1331,464,41.96
5879,5779,465,51.23
5274,5174,465,61.7
5375,5275,465,54.13
4765,4665,465,50.7
1538,1438,465,50.7
1747,1647,465,61.78
2547,2447,465,53.11
1637,1537,465,47.55
4056,3956,465,35.28
3855,3756,465,31.48
4055,3956,465,30.86
4970,4870,465,60.16
4762,4662,465,13.18
5263,5163,465,13.08
1105,1005,465,13.98
1913,1813,465,13.64
2521,2421,465,11.44
1104,1004,465,10.84
1103,1003,465,9.91
5267,5167,465,21.23
1640,1541,465,31.49
1835,1736,465,29.39
2346,2447,465,8.55
4871,4771,465,30.19
1101,1001,465,12.42
8957,9057,465,2.13
8366,8467,465,2.53
1430,1330,465,48.95
5073,4973,466,53.27
6482,6382,466,50.02
1635,1535,466,59.11
5168,5068,466,57.08
3755,3655,466,40.42
1634,1534,466,45.86
3752,3652,466,37.85
5376,5276,466,47.02
4969,4869,466,27.82
4161,4062,466,31.22
2647,2548,466,29.28
4060,3961,466,32.07
3955,3856,466,31.19
4964,4865,466,32.32
3855,3856,466,16.93
1126,1026,466,17.03
2847,2748,466,32.41
3853,3754,466,30.36
1948,1848,466,62.42
4361,4362,466,14.47
4057,3957,466,13.56
3854,3754,466,12.84
4864,4865,466,13.02
1710,1610,466,13.08
1324,1323,466,11.58
2420,2320,466,12.35
2148,2049,466,27.23
1540,1440,466,36.69
1223,1123,466,53.43
1539,1439,466,38.91
3244,3145,466,10.68
8958,8959,466,4.36
2318,2218,466,13.72
8072,7973,466,7.79
4665,4565,467,52.15
5174,5074,467,60.09
4771,4671,467,62.88
1533,1433,467,34.74
1331,1231,467,36.34
1647,1547,467,53.28
2323,2223,467,25.78
3753,3653,467,37.4
2248,2149,467,32.16
5173,5074,467,28.71
1227,1127,467,17.01
6381,6282,467,23.93
1532,1432,467,17.14
3852,3751,467,22.19
1407,1307,467,13.99
2015,1915,467,13.68
7180,7081,467,15.57
1736,1636,467,58.53
2846,2946,467,7.84
1438,1338,467,50.32
7378,7379,467,5.07
1943,1844,467,9.58
9552,9453,467,10.02
9950,9951,467,4.34
4870,4770,467,61.56
2319,2219,467,13.27
3144,3044,467,13.13
4872,4772,467,33.7
8464,8564,467,2.12
4062,3962,468,60.41
1535,1435,468,57.4
1848,1748,468,63
5779,5679,468,49.54
3756,3656,468,39.77
5275,5175,468,45.59
5577,5477,468,31.78
1329,1229,468,25.71
3755,3656,468,31.89
4765,4666,468,31.61
4061,3962,468,28.69
2547,2448,468,30.69
4060,3959,468,21.8
4059,3959,468,13.66
5264,5164,468,13.38
4058,3958,468,13.72
2217,2117,468,13.7
4973,4873,468,54.69
4761,4661,468,13.37
1609,1509,468,12.68
6079,5980,468,15
1537,1437,468,42.59
1540,1441,468,30.74
2216,2117,468,8.89
2845,2945,468,6.45
1812,1712,468,13.28
9751,9752,468,5.37
4869,4769,468,60.39
3442,3443,468,1.25
4671,4571,469,63.03
5074,4974,469,62.53
1547,1447,469,55.54
3145,3045,469,48.02
3754,3654,469,37.25
5276,5176,469,48.93
1123,1023,469,41.88
1534,1434,469,48.5
3655,3555,469,43.18
3961,3861,469,37.66
1533,1434,469,29.92
5073,4974,469,30.62
1440,1340,469,35.82
3753,3654,469,31
2049,1949,469,41.35
5266,5166,469,13.21
1306,1206,469,15.74
5265,5165,469,13.37
4964,4965,469,13.28
2847,2848,469,13.75
1936,1836,469,12.41
6281,6181,469,10.1
4770,4670,469,62.7
1439,1339,469,41.88
2846,2947,469,9.57
2046,1946,469,13.1
1636,1536,469,55.53
7572,7473,469,5.69
4772,4672,469,63.03
4666,4566,470,53.09
5679,5579,470,50.31
5980,5880,470,52.34
1748,1648,470,60.9
1435,1335,470,51.37
3751,3651,470,48.85
3653,3553,470,37.95
5068,4968,470,25.79
4665,4566,470,31.1
2447,2348,470,29.87
3756,3657,470,31.73
1647,1548,470,30.61
4262,4162,470,19.3
3752,3651,470,22.7
1747,1648,470,23.03
4663,4563,470,13.39
2248,2249,470,12.78
1914,1814,470,13.72
4161,4162,470,11.16
1843,1743,470,12.44
5678,5579,470,15.77
2648,2549,470,27.1
2648,2649,470,19.69
6981,6882,470,13.78
1338,1238,470,48.3
7279,7280,470,5.02
1228,1128,470,13.17
4769,4669,470,61.51
4974,4874,471,61.98
5176,5076,471,54.97
4672,4572,471,62.91
4571,4471,471,63.03
3656,3556,471,40.85
5477,5377,471,36.55
5175,5075,471,48.01
3962,3862,471,39.8
1231,1131,471,29.8
2223,2123,471,32.13
3145,3046,471,32.23
1123,1024,471,32.17
4865,4766,471,32.04
3856,3757,471,31.19
3655,3556,471,32.34
3961,3862,471,31.09
5174,5075,471,25.42
1440,1341,471,30.39
4760,4660,471,13.67
1945,1845,471,13.35
1742,1642,471,12.63
2623,2523,471,11.19
2049,1950,471,32.08
4973,4874,471,29.88
1229,1129,471,40.85
4670,4570,471,63.04
7972,7873,471,6.69
9155,9156,471,4.49
8859,8860,471,4.46
1437,1337,471,42.02
2549,2449,472,60.46
4566,4466,472,53.88
4669,4569,472,62.41
5880,5780,472,51.13
3861,3761,472,39.77
3654,3554,472,40.64
1536,1436,472,49.21
1547,1448,472,29.36
3653,3554,472,31.19
2548,2449,472,27.56
3856,3857,472,17.28
4362,4263,472,25.35
4062,3963,472,25.04
1535,1436,472,28.02
1339,1239,472,41.88
1434,1334,472,46.12
1711,1611,472,13.73
4664,4564,472,13.11
1949,1849,472,38.73
1002,902,472,13.22
3960,3860,472,13.66
2149,2050,472,30.82
1537,1436,472,21.37
1105,1006,472,10.08
6782,6683,472,19.42
1338,1239,472,32.18
2016,1916,472,13.73
4873,4773,472,25.69
1950,1850,473,59.27
4572,4472,473,62.63
5076,4976,473,54.56
3657,3557,473,35.81
1023,923,473,27.27
3553,3453,473,39.34
1340,1240,473,30.61
4471,4371,473,63.05
3656,3557,473,31.98
4666,4567,473,30.7
2448,2349,473,30.82
3962,3863,473,31.74
1435,1336,473,31.39
1123,1022,473,21.61
4662,4562,473,13.41
1004,904,473,13.1
1005,905,473,13.22
5577,5478,473,15.96
2522,2422,473,11.26
1408,1308,473,12.35
1813,1713,473,13.64
4570,4470,473,62.95
9652,9553,473,9.2
1524,1423,473,8.69
1238,1138,473,43.22
1223,1122,473,16.05
8562,8563,473,4.28
7772,7673,473,5.72
5167,5067,473,13.01
7872,7773,473,5.61
6282,6182,473,17.32
1335,1235,473,46.94
8957,9058,473,2.63
1431,1332,473,11.89
4263,4163,474,61.68
4466,4366,474,56.97
5377,5277,474,43.88
5075,4975,474,45.98
3556,3456,474,37.66
4968,4868,474,26.11
1447,1347,474,24.81
3861,3762,474,31.73
2848,2749,474,29.94
4965,4866,474,32.32
5165,5065,474,20.32
1748,1649,474,24.39
5074,4975,474,21.44
1610,1510,474,13.23
3145,3146,474,12.96
4569,4469,474,62.73
3653,3552,474,22.68
2218,2118,474,13.58
1848,1749,474,17.93
5579,5479,474,28.31
1647,1546,474,16.13
4262,4163,474,14.8
2648,2749,474,14.84
4773,4673,474,60.39
4874,4774,474,49.73
1001,901,474,12.01
8464,8565,474,2.61
4976,4876,475,53.06
4567,4467,475,54.81
4472,4372,475,62.57
3761,3661,475,43.97
3554,3454,475,43.18
5780,5680,475,46.71
1448,1348,475,41.33
4566,4467,475,30.31
6683,6583,475,46.25
3657,3558,475,30.39
3555,3455,475,18.26
3553,3454,475,31.61
1340,1241,475,27.74
2848,2849,475,18.37
1915,1815,475,13.73
3751,3650,475,18.61
2421,2321,475,11.11
4470,4370,475,62.79
4371,4271,475,63.02
1338,1237,475,18.89
1238,1139,475,32.35
2320,2220,475,11.85
1433,1333,475,13.07
1335,1236,475,32.36
2116,2017,475,7.77
1334,1234,475,45.19
2219,2119,475,12.76
4868,4768,476,57.54
3863,3763,476,49.48
3757,3658,476,31.17
1131,1031,476,24.87
4766,4667,476,31.35
3556,3457,476,31.09
2549,2450,476,24.97
4162,4063,476,27.44
3657,3658,476,18.03
4974,4875,476,22.65
3861,3760,476,22.25
1712,1612,476,12.93
1509,1409,476,12.73
4661,4561,476,13.5
3959,3859,476,13.69
3958,3858,476,13.69
4565,4465,476,12.37
1844,1744,476,11.42
2649,2550,476,27.7
1307,1207,476,12.19
1331,1232,476,12.12
1329,1230,476,11.86
6582,6483,476,11.68
6180,6080,476,7.3
1306,1207,476,10.54
1843,1744,476,9.62
4361,4462,476,8.71
4874,4775,476,31.88
3344,3245,476,10.15
4469,4369,476,63.03
4673,4573,476,59.58
8172,8073,476,8.32
1235,1135,476,44.06
3661,3561,477,51.24
4370,4270,477,62.98
5680,5580,477,52.12
4467,4367,477,57.2
1649,1549,477,37.22
3762,3662,477,39.38
5277,5177,477,48.79
1240,1140,477,26.41
3761,3662,477,32.4
1849,1750,477,31.52
4466,4367,477,28.36
3757,3758,477,17.3
1024,924,477,17.05
6882,6783,477,21.31
5166,5066,477,13.37
4965,4966,477,13.28
1946,1846,477,13.27
1547,1446,477,14.73
1003,903,477,8.88
1546,1446,477,46.19
2149,2150,477,10.69
1238,1137,477,21.14
1947,1846,477,8.15
6483,6383,478,55.56
1031,931,478,62.53
2450,2350,478,55.49
4573,4473,478,60.39
3558,3458,478,44.17
3454,3354,478,42.79
1348,1248,478,44.11
4876,4776,478,42.23
1333,1233,478,41.29
1234,1134,478,45.07
4567,4468,478,29.8
3863,3764,478,31.94
4572,4473,478,21.16
1128,1028,478,13.15
4563,4463,478,13.48
1814,1714,478,13.73
1743,1643,478,12.96
5477,5378,478,15.5
1127,1027,478,9.71
4768,4668,478,57.54
4369,4269,478,62.99
1747,1646,478,9.92
1742,1643,478,9.49
4773,4674,478,25.06
9652,9653,478,4.87
9851,9852,478,4.91
6382,6283,478,11.99
1223,1222,478,7.25
4751,4851,478,4.07
4775,4675,478,58.45
5067,4967,478,21.72
1236,1136,478,41.7
8269,8369,478,2.13
1235,1136,478,32.41
3662,3562,479,51.3
4367,4267,479,60.39
5580,5480,479,56.09
1549,1449,479,51.44
1230,1130,479,49.17
1135,1035,479,43.34
4866,4767,479,31.86
1649,1550,479,30.94
3762,3663,479,31.63
1749,1650,479,29.81
1240,1141,479,25
3761,3660,479,20.85
4263,4164,479,23.21
1845,1745,479,13.7
2848,2948,479,10.64
1231,1132,479,12.06
7081,6982,479,12.41
3751,3750,479,8.97
5579,5480,479,16.07
7280,7181,479,15.78
2749,2650,479,29.13
2847,2948,479,8.15
1138,1038,479,19.16
