1374,1373,2,38.02
1373,1372,5,40.36
1372,1371,8,37.97
1371,1370,11,36.19
1374,1473,11,12.58
1370,1369,14,38.57
1473,1472,14,40.36
1373,1472,14,12.4
1369,1368,17,44.16
1472,1471,17,38.8
1372,1471,17,12.59
1368,1367,20,44.52
1371,1470,20,12.66
1367,1366,23,42
1470,1469,23,41.57
1370,1469,23,12.55
1473,1572,23,12.4
1366,1365,26,40.06
1469,1468,26,43.7
1572,1571,26,34.16
1472,1571,26,12.53
1365,1364,29,38.15
1468,1467,29,44.81
1471,1570,29,12.68
1374,1273,30,4.69
1364,1363,32,36.52
1467,1466,32,41.36
1570,1569,32,40.12
1367,1466,32,12.19
1470,1569,32,12.25
1273,1272,34,32.28
1373,1272,34,4.52
1374,1474,34,2.93
1363,1362,35,37.22
1466,1465,35,37
1569,1568,35,44.43
1366,1465,35,12.43
1572,1671,35,12.7
1372,1271,36,4.69
1362,1361,38,39.06
1568,1567,38,43.2
1465,1464,38,36.19
1365,1464,38,12.58
1571,1670,38,12.64
1371,1270,38,4.8
1567,1566,41,40.21
1464,1463,41,37.13
1670,1669,41,36.87
1361,1360,41,40.57
1270,1269,41,33.48
1364,1463,41,12.65
1467,1566,41,12.28
1570,1669,41,12.43
1360,1359,44,41.28
1269,1268,44,44.81
1463,1462,44,39.07
1566,1565,44,40.09
1669,1668,44,39.72
1363,1462,44,12.62
1466,1565,44,12.63
1474,1573,46,12.02
1359,1358,47,41.61
1268,1267,47,44.38
1668,1667,47,40
1462,1461,47,40.18
1565,1564,47,41.2
1362,1461,47,12.52
1568,1667,47,11.95
1465,1564,47,12.66
1671,1770,47,12.61
1358,1357,50,42.98
1267,1266,50,42.35
1770,1769,50,37.07
1461,1460,50,41.17
1667,1666,50,40.95
1564,1563,50,41.79
1567,1666,50,12.42
1464,1563,50,12.63
1670,1769,50,12.64
1361,1460,50,12.38
1357,1356,53,44.45
1266,1265,53,42.48
1769,1768,53,38.96
1666,1665,53,42.93
1563,1562,53,42.24
1460,1459,53,41.79
1360,1459,53,12.29
1463,1562,53,12.52
1566,1665,53,12.43
1669,1768,53,12.46
1374,1274,53,1.89
1356,1355,56,44.54
1265,1264,56,40.06
1459,1458,56,42.37
1562,1561,56,42.07
1665,1664,56,44.05
1768,1767,56,40.02
1359,1458,56,12.25
1668,1767,56,12.44
1462,1561,56,12.42
1565,1664,56,12.3
1572,1672,56,3.1
1355,1354,59,48.61
1264,1263,59,38.23
1767,1766,59,41.01
1458,1457,59,43.14
1561,1560,59,42.59
1664,1663,59,43.89
1358,1457,59,12
1770,1869,59,12.63
1461,1560,59,12.31
1667,1766,59,12.33
1564,1663,59,12.22
1273,1172,59,5.02
1364,1263,59,4.78
1356,1455,61,82.46
1459,1558,61,75.98
1562,1661,61,76.31
1665,1764,61,76.53
1768,1867,61,73.17
1357,1456,61,82.17
1769,1868,61,72.11
1666,1765,61,74.95
1563,1662,61,76.26
1460,1559,61,75.58
1766,1865,62,75.59
1354,1453,62,87.95
1869,1968,62,74.12
1457,1556,62,76.4
1560,1659,62,81.86
1663,1762,62,76.51
1355,1454,62,86.22
1767,1866,62,74.15
1458,1557,62,76.46
1561,1660,62,76.63
1664,1763,62,76.7
1455,1554,63,84.75
1559,1658,63,75.73
1558,1657,63,76.4
1662,1761,63,76.38
1661,1760,63,76.45
1765,1864,63,76.58
1764,1863,63,76.93
1868,1967,63,74.99
1867,1966,63,75.44
1456,1555,63,87.94
1672,1771,63,31.42
1865,1964,64,76.11
1453,1552,64,81.09
1557,1656,64,76.21
1968,2067,64,75.04
1556,1655,64,76.6
1660,1759,64,76.99
1659,1758,64,75.69
1763,1862,64,76.71
1762,1861,64,75.88
1866,1965,64,75.79
1454,1553,64,82.09
1363,1262,64,2.37
1554,1653,65,82.84
1761,1860,65,85.09
1760,1859,65,81.39
1864,1963,65,76.47
1863,1962,65,76.61
1967,2066,65,75.29
1966,2065,65,75.96
1555,1654,65,77.23
1552,1651,66,86.64
1656,1755,66,77.33
2067,2166,66,75.32
1655,1754,66,85.55
1758,1857,66,76.22
1862,1961,66,75.99
1861,1960,66,84.61
1965,2064,66,76.11
1553,1652,66,87.7
1964,2063,66,75.98
1658,1757,66,51.51
1657,1756,66,61.68
1771,1870,66,62.72
1272,1171,66,3.61
1474,1574,66,5.6
1653,1752,67,88.27
1860,1959,67,82.61
1859,1958,67,79.07
1963,2062,67,75.93
1962,2061,67,75.71
2066,2165,67,75.78
2065,2164,67,76.17
1654,1753,67,88.16
1759,1858,67,69.83
1354,1353,67,8.01
1754,1853,68,88.23
1870,1969,68,73.14
1961,2060,68,74.8
2166,2265,68,75.81
1755,1854,68,87.39
1651,1750,68,88.27
1756,1855,68,86.4
1652,1751,68,88.27
1960,2059,68,86.03
1757,1856,68,88.21
2064,2163,68,75.96
2063,2162,68,76.17
1271,1170,68,3.67
1752,1851,69,88.27
1353,1452,69,88.18
1959,2058,69,85.93
1958,2057,69,87.85
2062,2161,69,76.34
2061,2160,69,75.87
2165,2264,69,76.21
2164,2263,69,76.58
1753,1852,69,88.19
1858,1957,69,84.65
1853,1952,70,86.01
1969,2068,70,74.17
2060,2159,70,87.42
2265,2364,70,76.39
1854,1953,70,87.9
1855,1954,70,87.58
1751,1850,70,88.37
2059,2158,70,87.48
2163,2262,70,76.99
1856,1955,70,87.7
2162,2261,70,76.93
1574,1673,70,45.56
1851,1950,71,83.75
1452,1551,71,87.47
2058,2157,71,88.11
2057,2156,71,88.37
2161,2260,71,74.47
2160,2259,71,74.89
2264,2363,71,76.9
2263,2362,71,76.88
1852,1951,71,83.98
1957,2056,71,87.22
1952,2051,72,85.13
2068,2167,72,75.09
2364,2463,72,76.83
1953,2052,72,86.98
1954,2053,72,88.29
2158,2257,72,72.62
2262,2361,72,75.97
1955,2054,72,88.04
2261,2360,72,75.04
1270,1169,72,2.73
1362,1261,72,2.25
1950,2049,73,81.62
1551,1650,73,85.76
2157,2256,73,83.17
2156,2255,73,84.22
2363,2462,73,75.62
2362,2461,73,76.52
1951,2050,73,78.14
2056,2155,73,88.03
2159,2258,73,67.2
2051,2150,74,81.91
2167,2266,74,75.09
2463,2562,74,78.94
2052,2151,74,86.82
2257,2356,74,82.65
2360,2459,74,74.43
2053,2152,74,85.66
2054,2153,74,85.09
2260,2359,74,62.01
2259,2358,74,60.25
1857,1956,74,18.45
2049,2148,75,85.15
1650,1749,75,88.35
2256,2355,75,83.09
2255,2354,75,85.33
2462,2561,75,89.72
2461,2560,75,72.11
2050,2149,75,78.78
2258,2357,75,74.45
2155,2254,75,83.96
2361,2460,75,65.83
1673,1772,75,30.96
1672,1772,75,6.1
2150,2249,76,80.79
2358,2457,76,85.18
2266,2365,76,75.57
2562,2661,76,87.64
2151,2250,76,86.14
2359,2458,76,81.89
1956,2055,76,85.98
2459,2558,76,88.06
2152,2251,76,88.22
2153,2252,76,87.39
1750,1849,76,18.22
2356,2455,76,86.08
2148,2247,77,74.95
2460,2559,77,80.98
1749,1848,77,83.15
2561,2660,77,88.32
2560,2659,77,87.71
2149,2248,77,87.8
2357,2456,77,86.71
2457,2556,78,87.72
2365,2464,78,76.17
2661,2760,78,86.98
2250,2349,78,84.18
2458,2557,78,88.32
2055,2154,78,86.78
2558,2657,78,79.95
1849,1948,78,82.28
2455,2554,78,88.13
1772,1871,78,50.08
2251,2350,78,88.1
1850,1949,78,18.48
2247,2346,79,78.49
2559,2658,79,83.32
2660,2759,79,87.42
2659,2758,79,87.11
2248,2347,79,78.56
2456,2555,79,87.82
2464,2563,80,83.33
2760,2859,80,89.2
2557,2656,80,77.67
2154,2253,80,85.01
2657,2756,80,81.9
1948,2047,80,71.3
2554,2653,80,87.94
1949,2048,80,82.78
1848,1947,80,57.67
1353,1352,80,8.29
2349,2448,80,87.38
2350,2449,80,87.55
1361,1260,80,2.17
2556,2655,80,79.74
2658,2757,81,85.36
2759,2858,81,89.41
2758,2857,81,88.12
2555,2654,81,79.45
1871,1970,81,70.52
1848,1847,81,27.1
2148,2147,81,18.22
2346,2445,81,84.08
2347,2446,81,77.52
1374,1375,81,1.38
1352,1451,82,87.76
2653,2752,82,87.48
2047,2146,82,80.62
2859,2958,82,88.61
2756,2855,82,88.27
2449,2548,82,87.47
2448,2547,82,84.08
2563,2662,82,82.15
1947,2046,82,72
2656,2755,82,82.81
2655,2754,82,82.53
1273,1173,82,1.81
2858,2957,83,86.4
2757,2856,83,83.7
2445,2544,83,83.84
2147,2246,83,78.36
2654,2753,83,88.21
1970,2069,83,72.25
2857,2956,83,82.53
1749,1748,83,13.53
1551,1550,83,8.88
2254,2353,83,18.48
2354,2453,83,18.32
2355,2454,83,18.47
1374,1475,83,2.14
2752,2851,84,87.98
2958,3057,84,87.04
2548,2647,84,86.69
2547,2646,84,78.13
2662,2761,84,86.5
1847,1946,84,49.19
2249,2348,84,18.37
1650,1649,84,9.11
1169,1168,84,8.85
2755,2854,84,88.31
2252,2351,84,18.19
1574,1674,84,5.64
2754,2853,84,88.16
2856,2955,85,82.56
2246,2345,85,82.85
2753,2852,85,87.51
2069,2168,85,74.2
2956,3055,85,88.37
2957,3056,85,83.7
1847,1846,85,29.74
2851,2950,86,87.74
3057,3156,86,83.93
2647,2746,86,77.35
2761,2860,86,88.35
2544,2643,86,67.87
2348,2447,86,81.43
2351,2450,86,88.37
2852,2951,87,87.67
2168,2267,87,75.12
1673,1773,87,6.12
2345,2444,87,85.84
2950,3049,88,86.72
3156,3255,88,87.77
2447,2546,88,77.13
2860,2959,88,82.8
2643,2742,88,76.13
2450,2549,88,88.33
2253,2352,88,18.35
1360,1259,88,2.12
2444,2543,89,85.78
2267,2366,89,75.1
2746,2845,89,63.53
1748,1747,89,19.14
2554,2553,89,9.93
3255,3354,90,88
2959,3058,90,88.72
2549,2648,90,87.21
2855,2954,90,18.23
2446,2545,90,17.5
2653,2652,90,10.45
2543,2642,91,85.74
2366,2465,91,75.32
2845,2944,91,77.03
2742,2841,91,59.45
2453,2552,91,18.12
2246,2245,91,13.71
2353,2452,91,18.19
1773,1872,91,45.02
2146,2245,91,17.48
2046,2145,91,17.52
3058,3157,92,88.47
2648,2747,92,86.36
2652,2751,92,88.12
2545,2644,92,83.8
2742,2741,92,26.33
1649,1648,92,13.76
2854,2953,92,18.06
2853,2952,92,18
2465,2564,93,75.49
2552,2651,93,88.29
2245,2344,93,85.91
2955,3054,93,18.19
3056,3155,93,18.19
3055,3154,93,18.11
2646,2745,93,17.42
1946,2045,93,17.38
1847,1746,93,12.6
1352,1351,93,7.85
2747,2846,94,79.2
2751,2850,94,87.58
2644,2743,94,85.41
3157,3256,94,79.57
2841,2940,94,62.44
1872,1971,94,67.14
2742,2842,94,16.75
1846,1945,94,16.91
2851,2850,94,10.18
2564,2663,95,84.34
2651,2750,95,88.32
1351,1450,95,88.22
2745,2844,95,84.49
2741,2840,95,59.45
2642,2641,95,26.38
2845,2844,95,17.06
1359,1258,95,2.08
2846,2945,96,80.1
2850,2949,96,88.35
3256,3355,96,87.32
1971,2070,96,72.16
2741,2740,96,26.33
3049,3148,96,18.22
2352,2451,96,18.11
2444,2443,96,11.83
1267,1166,96,2.4
2663,2762,97,84.34
2750,2849,97,87.91
2940,3039,97,58.36
2842,2941,97,66.51
2546,2645,97,17.38
1266,1165,97,2.71
2945,3044,98,72.74
2451,2550,98,88.25
2949,3048,98,88.12
3355,3454,98,88.15
2840,2939,98,47.35
2940,2939,98,26.81
2954,3053,98,18.11
3354,3453,98,18.11
2543,2542,98,11.86
2762,2861,99,86.48
3039,3138,99,86.89
2070,2169,99,70.66
2740,2839,99,49.05
3148,3247,99,58.17
2641,2640,99,26.48
2840,2839,99,30.03
2452,2551,99,18.1
3255,3254,99,9.84
1172,1071,99,3.58
2550,2649,100,88.27
3048,3147,100,78.64
3454,3553,100,88.14
2939,3038,100,79.33
2645,2744,100,66.8
2941,3040,100,66.97
2740,2739,100,29.77
2940,3040,100,17.24
2944,3043,100,17.16
2145,2244,100,17.67
2245,2244,100,11.74
2953,3052,100,18.11
2169,2268,101,72.91
2861,2960,101,83.38
3138,3237,101,87.53
2551,2650,101,88.36
2743,2843,101,15.33
3154,3253,101,18.11
3054,3153,101,18.11
1265,1164,101,2.71
2649,2748,102,87.92
3553,3652,102,87.83
3040,3139,102,72.58
3038,3137,102,84.45
2244,2343,102,86.99
3247,3346,102,58
2839,2938,102,56.48
2842,2942,102,13.64
2045,2144,102,17.64
1746,1845,102,16.33
1648,1647,102,11.03
1674,1774,102,5.69
2268,2367,103,74.53
3237,3336,103,86.31
2650,2749,103,88.36
2960,3059,103,89.22
3147,3246,103,58.08
2640,2639,103,27.25
2839,2838,103,27.58
1945,2044,103,17.6
1168,1167,103,5.48
3346,3445,104,78.63
2144,2243,104,86.53
3139,3238,104,88.07
3137,3236,104,79.89
2942,3041,104,71.64
2938,3037,104,83.81
2739,2738,104,26.48
2542,2541,104,18.24
1450,1549,104,17.68
2844,2943,104,17.02
2747,2847,104,8.7
1358,1257,104,1.98
2367,2466,105,74.83
2749,2848,105,88.34
3059,3158,105,89.64
3652,3751,105,67.97
1774,1873,105,50.92
3048,3047,105,16.15
2849,2948,105,18.38
1351,1350,105,8.34
1475,1575,105,4.72
1773,1873,105,5.66
3336,3435,105,85.45
2243,2342,106,87.57
3041,3140,106,70.89
2847,2946,106,78.07
3037,3136,106,74.85
3246,3345,106,58.7
3453,3552,106,18.06
2945,3045,106,11.1
2846,2946,106,8.37
3053,3152,106,18.11
1171,1070,106,3.56
2466,2565,107,75.09
3158,3257,107,87.45
3751,3850,107,88.18
1350,1449,107,81.88
2848,2947,107,84.55
3435,3534,107,75.81
3238,3337,107,57.53
2639,2638,107,29.36
3254,3353,107,18.11
3044,3143,107,17.23
1264,1163,107,2.63
3140,3239,108,80.41
3045,3144,108,75.86
3136,3235,108,85.73
3047,3146,108,58.09
1873,1972,108,65.65
2443,2442,108,8.98
1747,1646,108,7.6
1172,1072,108,2.08
2565,2664,109,75.03
3257,3356,109,76.03
3552,3651,109,68.34
3345,3444,109,61.17
2541,2540,109,24.53
3253,3352,109,18.06
3153,3252,109,18.11
3043,3142,109,17.21
3337,3436,109,85.84
3239,3338,110,88.31
1646,1745,110,78.9
1972,2071,110,73.11
2947,3046,110,57.98
3534,3633,110,47.5
1449,1548,110,59.22
2638,2737,110,48.46
3037,3036,110,18.28
2938,2937,110,13.13
3235,3334,110,88.37
2664,2763,111,85.18
3356,3455,111,76.27
3651,3750,111,88.35
3436,3535,111,85.13
3146,3245,111,59.39
2638,2637,111,29.87
2044,2143,111,17.77
2144,2143,111,11.28
1845,1944,111,17.4
2942,3042,111,11.53
2071,2170,112,71.99
1350,1349,112,14.29
3236,3335,112,18.05
1170,1069,112,3.26
1374,1275,112,1.25
2763,2862,113,84.62
3455,3554,113,79.6
3042,3141,113,75.2
2143,2242,113,87.08
3338,3437,113,67.71
3046,3145,113,58.91
3633,3732,113,56.46
3041,3141,113,11.83
2738,2837,113,17.23
3334,3433,113,65.46
2170,2269,114,70.93
3335,3434,114,87.09
3535,3634,114,64.04
3245,3344,114,58.82
2637,2736,114,57.96
2937,2936,114,29.35
2540,2539,114,23.18
3346,3446,114,8.9
2640,2539,114,9.72
2342,2441,114,17.87
2862,2961,115,85.52
3554,3653,115,88.15
3145,3244,115,76.47
3732,3831,115,84.48
3141,3240,115,73.81
1349,1448,115,55.26
2637,2636,115,26.98
1646,1645,115,16
3136,3135,115,11.87
2639,2538,115,11.95
3437,3536,115,85.72
2269,2368,116,71.48
2242,2341,116,69.89
3433,3532,116,56.62
3444,3443,116,15.91
3143,3242,116,17.26
1257,1256,116,8.68
3148,3248,116,5.21
1263,1162,116,2.49
3653,3752,117,87.39
3536,3635,117,88.22
3831,3930,117,89.54
2961,3060,117,83.96
3135,3234,117,87.6
3240,3339,117,81.02
3634,3733,117,64.42
2936,3035,117,55.48
3434,3533,117,53.76
3433,3432,117,27.53
3144,3243,117,17.25
3534,3533,117,10.09
2368,2467,118,73.23
3244,3343,118,58.84
1448,1547,118,61.42
3142,3241,118,17.3
2638,2537,118,12.88
2341,2440,118,81.75
3752,3851,119,86.79
3930,4029,119,77.09
3060,3159,119,80.25
3339,3438,119,88.27
3733,3832,119,78.43
3533,3632,119,75.03
3532,3631,119,53.37
3248,3347,119,57.43
1944,2043,119,17.76
1745,1844,119,16.95
2937,2836,119,17.11
3234,3333,119,80.22
3247,3347,119,5.22
2467,2566,120,74.53
3241,3340,120,75.7
3635,3734,120,63.01
3432,3531,120,56.66
1274,1174,120,1.45
3343,3442,121,30.01
3432,3431,121,35.41
1349,1348,121,18.9
2143,2142,121,19.6
3651,3650,121,16.09
1774,1874,121,4.28
4029,4128,122,49.48
3159,3258,122,33.25
3832,3931,122,34.63
2537,2536,122,34.57
2440,2439,122,32.99
2936,2935,122,18.64
1069,1068,122,15.44
3850,3950,122,6.08
2341,2340,122,25.36
3438,3537,122,33.98
3340,3439,123,48.32
3531,3530,123,35.89
4029,4028,123,30.3
1448,1447,123,18.55
3135,3134,123,19.22
2242,2241,123,14.9
3732,3731,123,15.93
3431,3430,124,35.94
3531,3630,124,46.87
3631,3730,124,28.23
1547,1546,124,21.27
4128,4227,125,49.59
2566,2665,125,31.36
3734,3833,125,34.16
2836,2835,125,19.04
3930,3929,125,16.97
1162,1161,125,14.63
3831,3830,125,14.46
3433,3332,125,16.08
3234,3233,125,16.42
3333,3332,125,18.53
1262,1161,125,2.81
3530,3629,126,49.1
3530,3529,126,34.24
4128,4127,126,32.92
3931,4030,126,43.24
2439,2438,126,30.96
3537,3636,126,37.8
3650,3649,126,20.1
1874,1973,126,31.1
3343,3342,126,15.4
2340,2339,126,30.79
3430,3429,127,35.44
3630,3729,127,49.59
3258,3357,127,33.66
2935,3034,127,33.59
2536,2635,127,31.81
1348,1347,127,18.71
2142,2141,127,18.65
3432,3331,127,16.06
1256,1255,127,11.06
1645,1744,127,9.2
3439,3538,127,42.83
4227,4326,128,48.08
2241,2240,128,20.03
2935,2934,128,18.16
2536,2535,128,18.76
3241,3341,128,10.39
3629,3728,129,49.67
3529,3628,129,48.6
3529,3528,129,34.9
4127,4226,129,49.47
4030,4129,129,49.5
4227,4226,129,26.93
3730,3829,129,31.29
1447,1446,129,17.63
3134,3133,129,18.77
3347,3447,129,10.24
1575,1675,129,3.48
1354,1253,129,2.38
3429,3428,130,35.5
4127,4126,130,30.25
2665,2764,130,31.24
3833,3932,130,34.96
1546,1545,130,18.5
2636,2735,130,5.95
2538,2437,130,10.69
3356,3456,130,4.25
2339,2338,130,28.29
3331,3330,130,34.62
2438,2437,130,31.72
3538,3637,131,43.97
3636,3735,131,34.15
1973,2072,131,31.54
2835,2834,131,18.93
4128,4228,131,11.38
3233,3232,131,17.33
4226,4325,132,49.67
4326,4425,132,46.34
2240,2239,132,25.16
3729,3828,132,34.86
3034,3033,132,20.85
1161,1160,132,14.38
1068,1067,132,10.71
2537,2436,132,10.3
1355,1254,132,2.1
4126,4225,133,49.36
4226,4225,133,31.68
2535,2634,133,31.44
3929,3928,133,13.52
3340,3440,133,7.94
3330,3329,133,34.48
4228,4327,134,47.89
4126,4125,134,29.83
1545,1644,134,45.87
3932,4031,134,47.04
3728,3827,134,30.46
2934,2933,134,17.75
2535,2534,134,18.84
2141,2140,134,14.98
2338,2337,134,28.05
3455,3555,134,4.06
4325,4424,135,49.51
4425,4524,135,48.98
3637,3736,135,45.25
2764,2863,135,33.81
1545,1544,135,23.88
3628,3727,135,26.99
3133,3132,135,17.11
4030,4130,135,11.7
3232,3231,135,26.89
2071,2171,135,3.73
1353,1252,135,2.45
4225,4324,136,47.82
4225,4224,136,35.5
3440,3539,136,47.38
4325,4324,136,30.45
2239,2238,136,26.91
3735,3834,136,32.98
3628,3627,136,15.31
1446,1445,136,16.62
3653,3753,136,4.7
3554,3654,136,4.21
3329,3328,136,34.32
2436,2435,136,31.92
4129,4229,137,13.18
3752,3852,137,4.96
2170,2270,137,3.78
1350,1249,137,5.26
3736,3835,138,49.21
4327,4426,138,46.42
3033,3032,138,17.17
2834,2833,138,15.4
2337,2336,138,28.23
4424,4523,138,49.22
4424,4423,138,34.03
4128,4027,138,8.89
3950,4050,138,6.59
4524,4623,138,49.07
4524,4523,138,34.29
4224,4323,139,49.52
2534,2633,139,31.2
1160,1159,139,14.39
3231,3230,139,29.96
3248,3348,139,4.22
1071,970,139,3.72
3048,3149,139,3.65
3539,3638,139,47.41
4229,4328,140,49.42
2238,2237,140,29.1
4224,4223,140,33.21
3834,3933,140,44.09
2863,2962,140,28.53
3727,3826,140,30.72
2534,2533,140,18.88
1844,1943,140,6.29
2269,2369,140,3.72
3835,3934,141,49.38
4426,4525,141,47.95
4523,4522,141,36.09
4623,4722,141,48.58
4623,4622,141,34.91
3852,3951,141,40.92
3132,3131,141,17.65
3827,3926,141,21.5
2933,2932,141,15.35
2140,2139,141,15.17
4423,4422,141,36
4323,4322,142,35.24
1445,1444,142,16.74
3627,3726,142,27.93
2435,2434,142,18.62
3727,3726,142,15.29
4031,4131,142,13.83
1067,1066,142,10.38
2336,2335,142,26.86
3442,3541,142,6.96
4130,4230,142,14.38
4328,4427,143,47.69
3933,4032,143,48.37
3638,3737,143,47.08
3230,3229,143,31.73
4027,4026,143,20.57
1249,1248,143,18.93
3627,3626,143,15.4
1252,1251,143,13.53
4524,4624,143,12.71
2368,2468,143,3.59
1173,1073,143,1.76
3934,4033,144,49.45
2237,2236,144,26.98
4223,4222,144,30.77
3032,3031,144,17.55
2833,2832,144,18.3
1165,1064,144,3.24
1166,1065,144,3.21
2533,2632,145,31.36
2962,3061,145,33.94
3826,3925,145,31.53
3541,3640,145,48.11
4422,4421,145,32.18
1070,969,145,3.75
4230,4329,145,49.51
3737,3836,146,48.69
3229,3228,146,33.49
4427,4526,146,48.28
4322,4321,146,32.83
1444,1543,146,44.12
4622,4721,146,28.58
2139,2138,146,24.92
2533,2532,146,18.85
1159,1158,146,14.61
3541,3540,146,26.98
4623,4723,146,13.5
4225,4124,146,11.55
3428,3527,146,8.98
2335,2334,146,27.65
3342,3441,146,7.14
4422,4521,146,35.21
1259,1158,146,2.74
4033,4132,147,49.67
1444,1443,147,22.03
3131,3130,147,18.07
3926,4025,147,26.4
3826,3825,147,14.56
1874,1974,147,3.9
2467,2567,147,3.48
1350,1250,147,2.61
4329,4428,148,49.31
4222,4221,148,32.8
3640,3739,148,48.39
4622,4621,148,15.43
2932,2931,148,15.38
3348,3448,148,11.18
1744,1843,148,6.92
1072,971,148,3.73
2434,2433,148,18.78
4321,4320,149,33.68
3836,3935,149,49.52
4526,4625,149,48.47
2236,2235,149,24.98
3228,3327,149,49.4
3228,3227,149,33.62
1248,1247,149,18.69
3640,3639,149,27.5
3540,3639,149,47.59
3835,3935,149,9.29
2566,2666,149,3.47
3159,3259,149,3.36
1164,1063,149,3.15
4131,4231,149,14.61
4321,4420,150,37.76
3061,3160,150,32.91
3031,3030,150,17.97
2832,2831,150,18.26
2334,2333,150,30.28
4428,4527,151,48.98
4221,4220,151,34.38
3130,3129,151,32.57
4124,4123,151,20.68
2532,2631,151,31.11
4723,4822,151,30.39
1644,1743,151,8.44
3357,3457,151,4.29
3739,3838,151,48.7
4230,4330,151,11.66
3935,4034,152,49.61
4625,4724,152,49.66
3825,3924,152,31.38
1974,2073,152,31.48
2532,2531,152,18.89
969,968,152,15.16
3934,4034,152,9.45
4050,4150,152,7.64
3258,3358,152,3.41
2143,2042,152,3.75
3739,3738,152,28.1
3639,3738,152,48.7
1158,1157,153,14.77
3527,3526,153,15.38
2333,2432,153,49.59
3428,3427,153,4.5
2635,2734,153,5.58
3328,3427,153,8.73
4527,4626,154,48.86
3129,3128,154,35.05
3030,3029,154,32.57
2666,2765,154,31.37
2235,2234,154,24.84
1247,1346,154,34.2
4025,4024,154,15.05
3825,3824,154,14.98
4033,4133,154,10.8
2333,2332,154,32.9
3456,3556,154,4.2
4330,4429,154,49.62
3838,3937,154,49
3738,3837,155,48.85
2631,2730,155,40.97
2831,2930,155,28.91
1247,1246,155,17.79
2931,2930,155,15.43
3541,3641,155,7.77
1544,1643,155,7.32
3838,3837,155,28.8
4123,4122,156,22.06
4822,4921,156,31
1063,1062,156,15.03
4132,4232,156,11.38
4521,4520,156,10.05
1674,1775,156,1.81
3128,3127,157,33.48
3029,3028,157,35.33
4429,4528,157,49.6
4626,4725,157,49.23
3937,4036,157,48.36
2073,2172,157,31.26
2631,2630,157,19.27
2831,2830,157,15.44
4221,4120,157,17.38
2332,2431,157,49.67
3836,3936,157,9.65
3753,3853,157,4.96
2238,2137,157,6.8
3556,3655,158,39.95
4822,4821,158,15.21
4221,4121,158,10.61
2332,2331,158,32.25
3641,3740,158,48.15
3640,3740,158,8.01
3852,3952,158,4.83
4521,4620,158,12.18
4232,4331,159,48.85
3824,3923,159,31.32
2765,2864,159,31.17
2234,2233,159,24.67
2734,2733,159,18.43
4231,4331,159,11.03
3654,3754,159,4.44
2764,2864,159,3.49
3127,3226,160,49.6
3028,3027,160,34.65
4528,4627,160,49.28
2431,2530,160,48.82
2431,2430,160,34.64
3936,4035,160,49.21
4024,4023,160,19.59
1157,1156,160,14.56
3427,3426,160,15.41
968,967,160,13.82
3935,4035,160,9.97
3127,3126,161,32.84
4036,4135,161,47.02
2630,2729,161,41.3
3824,3823,161,15.04
3740,3839,161,48.67
4921,5020,161,30.59
4330,4430,161,10.03
3739,3839,161,8.31
2172,2271,162,31.43
2930,2929,162,15.44
3952,4051,162,39.78
2331,2330,162,32.97
2171,2271,162,3.74
2142,2041,162,3.51
1072,972,162,1.91
4627,4726,163,48.96
4035,4134,163,47.69
2233,2232,163,26.43
2630,2629,163,19.54
1062,1061,163,14.3
4034,4134,163,9.16
3626,3725,163,7.17
4921,4920,163,15.32
4821,4920,163,30.72
3838,3938,163,8.67
2729,2828,164,48.18
2729,2728,164,35.26
3027,3026,164,31.63
2864,2963,164,33.82
2830,2829,164,15.41
1543,1642,164,7.89
2237,2136,164,5.95
4430,4529,164,49.62
2270,2370,164,3.75
2929,2928,165,35.16
4135,4234,165,46.16
3823,3922,165,41.99
2430,2529,165,31.21
2733,2732,165,18.48
2330,2429,165,48.31
2330,2329,165,35.16
4821,4820,165,15.29
3823,3822,166,20.11
4220,4319,166,9.43
3227,3326,166,8.37
4420,4519,166,9.14
3938,4037,166,48.81
5020,5119,166,30.56
4621,4720,166,7.98
2828,2827,167,36.05
4529,4628,167,49.44
2232,2231,167,29.26
4134,4233,167,46.16
1156,1155,167,15.27
4133,4233,167,8.25
4320,4419,167,8.2
1443,1542,167,7.09
2369,2469,167,3.84
3348,3449,167,5.06
2928,2927,168,35.13
2828,2927,168,46.05
4726,4825,168,29.36
2041,2040,168,19.3
4232,4332,168,8.48
2329,2328,168,34.99
3641,3741,168,7.8
3348,3349,168,3.55
1249,1148,168,4.6
5020,5019,168,15.33
4037,4136,169,48.65
4234,4333,169,46.74
2963,3062,169,29.06
2629,2628,169,18.41
2329,2428,169,40.52
2139,2038,169,5.24
2962,3062,169,3.53
2827,2926,170,48.85
2827,2826,170,34.61
4628,4727,170,49.1
3822,3921,170,41.99
3725,3724,170,15.24
967,966,170,10.79
4331,4431,170,9.13
1250,1149,170,6.17
4430,4530,170,11.2
4520,4619,170,10.21
3741,3840,171,48.46
2231,2230,171,31.99
3822,3821,171,20.11
5119,5218,171,30.41
2732,2731,171,18.7
1061,1060,171,13.82
4120,4219,171,10.35
3740,3840,171,8.28
4723,4823,171,4.06
2632,2731,171,5.49
2236,2135,171,5.26
2468,2568,171,3.71
1375,1476,171,1.49
4333,4432,172,48.67
4136,4235,172,49.12
3526,3625,172,7.62
1843,1942,172,6.07
2328,2427,172,43.8
1274,1175,172,1.21
2926,3025,173,49.58
4727,4826,173,49.25
2826,2925,173,49.41
2826,2825,173,33.59
4530,4629,173,49.64
2628,2727,173,45.98
4825,4924,173,30.68
5119,5118,173,15.36
5019,5118,173,30.69
2328,2327,173,21.71
3840,3939,174,48.77
3921,4020,174,43.66
2628,2627,174,24.01
3062,3161,174,33.71
1155,1154,174,15.12
2230,2229,174,33.63
1148,1147,174,18.39
1743,1842,174,6.37
2329,2228,174,16.68
3839,3939,174,8.27
1446,1345,174,3.18
3148,3249,174,1.79
4432,4531,175,49.07
4235,4334,175,49.27
2427,2526,175,49.58
3821,3920,175,42.27
2135,2134,175,26.66
3921,3920,175,21.58
4825,4824,175,15.3
2040,2039,175,15.1
4120,4119,175,5.83
1643,1742,175,7.15
5019,5018,175,15.3
3457,3557,175,4.31
1444,1343,175,4.38
3938,4038,175,8.43
1475,1576,175,1.45
2327,2426,176,49.67
4629,4728,176,48.6
2727,2726,176,35.87
2427,2426,176,30.81
3821,3820,176,20.34
2568,2667,176,31.37
3126,3225,176,9.7
3556,3656,176,4.6
1974,2074,176,3.55
2567,2667,176,3.53
970,869,176,3.87
2627,2626,177,35.67
2327,2326,177,32.17
3853,3953,177,5.26
3226,3325,177,8.69
4822,4922,177,3.93
1375,1376,177,1.03
4334,4433,178,49.62
4826,4925,178,29.82
966,965,178,13.12
4531,4630,178,47.62
2666,2766,178,3.48
3259,3359,178,3.56
2526,2525,178,35.25
4038,4137,178,49.67
1774,1875,178,1.84
4728,4827,179,49.05
2726,2725,179,35.89
2426,2425,179,35.35
1343,1442,179,44.67
3161,3260,179,32.39
3625,3624,179,15.34
1060,1059,179,13.44
2429,2528,179,10.15
3026,3125,179,9.56
3426,3525,179,7.8
4620,4719,179,6.83
2526,2625,179,41.19
3656,3755,180,38.81
2134,2133,180,24.03
1343,1342,180,22.57
4432,4532,180,12.71
3754,3854,180,4.83
3358,3458,180,3.59
3952,4052,180,4.56
1250,1150,180,3.09
4319,4418,180,10.84
1147,1146,180,17.82
1445,1344,180,3.23
4419,4518,180,11.25
2725,2724,181,66.56
2326,2325,181,61.83
869,868,181,53.59
1154,1153,181,69.58
3741,3841,181,3.32
2525,2524,181,61.64
4319,4318,181,14.14
3928,3927,181,13.33
2133,2132,182,72.81
1059,1058,182,57.15
965,964,182,60.89
2425,2424,182,63.24
2427,2527,182,14.84
4219,4218,182,14.47
2625,2624,182,63.5
4921,5021,182,2.42
2325,2324,183,65.33
868,867,183,61.05
1153,1152,183,69.44
2524,2523,183,52.81
4630,4729,183,15.23
2074,2173,183,8.31
4519,4618,183,2.87
3426,3425,183,13.82
2073,2173,183,2.05
4123,4022,183,6.96
971,870,183,5.18
1246,1245,183,13.4
2229,2128,183,13.5
964,963,184,60.23
1058,1057,184,58.41
2132,2131,184,72.71
2424,2423,184,51.82
2231,2130,184,8.77
2232,2131,184,7.6
4122,4021,184,6.77
2925,2924,184,14.47
3025,3024,184,14.48
1152,1151,185,64.47
867,866,185,57.35
2128,2127,185,63.36
2725,2824,185,21.89
4119,4118,185,14.58
2038,2037,185,13.75
1542,1541,185,13.53
4820,4819,185,13.59
1642,1641,185,13.43
2825,2824,185,14.19
4920,4919,185,13.56
963,962,186,60.96
2423,2422,186,52.33
2130,2129,186,72.48
1057,1056,186,59.32
4827,4926,186,16.64
4020,4019,186,14.31
2327,2226,186,14.34
3724,3723,186,13.42
5218,5217,186,13.4
4531,4631,186,4.95
2229,2129,186,5.58
866,865,187,55.81
2127,2126,187,71.79
3125,3124,187,14.23
2326,2225,187,13.57
3325,3324,187,13.8
3820,3819,187,13.6
1742,1741,187,13.4
5018,5017,187,13.43
3920,3919,187,13.8
2228,2227,187,13.38
1842,1841,187,13.39
4924,4923,187,13.38
1942,1941,187,13.39
3225,3224,187,13.92
5118,5117,187,13.44
3541,3642,187,2.08
1174,1074,187,1.56
962,961,188,57.67
5217,5216,188,59.42
3723,3722,188,72.8
1056,1055,188,67.98
4418,4417,188,13.39
1342,1341,188,13.74
4518,4517,188,13.47
1442,1441,188,13.76
3624,3623,188,13.49
3525,3524,188,13.57
4719,4718,188,13.47
1146,1145,188,13.39
3840,3940,188,3.39
2724,2723,188,14.47
1941,1940,189,71.73
865,864,189,59.5
4925,5024,189,9.5
2225,2224,189,72.27
4235,4335,189,3.34
2172,2272,189,2.18
4318,4317,189,13.39
5216,5215,190,59.77
3722,3721,190,72.71
961,960,190,57.15
2324,2323,190,14.3
2766,2865,190,8.72
2624,2623,190,14.14
4218,4217,190,13.39
1055,1054,190,69.09
5020,5120,190,2.43
1940,1939,191,71.89
864,863,191,60.71
2523,2522,191,14.03
3425,3424,191,13.71
4618,4617,191,13.42
2924,2923,191,14.39
1245,1244,191,13.42
2224,2223,191,67.05
3721,3720,192,72.42
2824,2823,192,14.57
3024,3023,192,14.04
2135,2034,192,7.5
1054,1053,192,69.46
960,959,192,57.41
1939,1938,193,72.47
863,862,193,60.78
1541,1540,193,13.39
4118,4117,193,13.4
2037,2036,193,14.11
4819,4818,193,13.51
1641,1640,193,13.39
4919,4918,193,13.47
4729,4828,193,15.02
2422,2421,193,14.39
2323,2322,193,48.65
1148,1047,193,7.29
4038,4138,193,3.77
2034,2033,194,72.43
959,958,194,59.89
2223,2222,194,42.57
4019,4018,194,14.21
4631,4730,194,18.32
4334,4434,194,3.62
1053,1052,194,68.47
1149,1048,194,7.35
2864,2964,194,2.04
1938,1937,195,71.86
1540,1539,195,71.43
1640,1639,195,71.11
862,861,195,61.07
1741,1740,195,13.39
5017,5016,195,13.4
3919,3918,195,13.72
5117,5116,195,13.4
1841,1840,195,13.39
3324,3323,195,13.93
3819,3818,195,13.51
1047,1046,195,57.38
2723,2722,195,14.41
2128,2027,195,12.74
2126,2125,195,13.39
3224,3223,195,14.04
2271,2371,195,2.34
3124,3123,195,13.94
958,957,196,61.05
4718,4717,196,13.39
4417,4416,196,12.98
4517,4516,196,13.29
3524,3523,196,13.6
1145,1144,196,13.4
3623,3622,196,13.51
1341,1340,196,13.48
1441,1440,196,13.42
4532,4632,196,6.28
2033,2032,196,72.81
1052,1051,196,67.41
1639,1638,197,72.72
1840,1839,197,71.63
1539,1538,197,72.82
861,860,197,60.79
1740,1739,197,71.28
4317,4316,197,13.16
5024,5023,197,13.38
2623,2622,197,14.31
4433,4533,197,4.41
2027,2026,197,62.21
2370,2470,197,2.41
1150,1049,197,8.72
2125,2124,197,68.31
971,871,197,1.99
957,956,198,60.9
3622,3621,198,72.82
1440,1439,198,71.59
2522,2521,198,14.48
5215,5214,198,13.38
1051,1050,198,60.04
5119,5219,198,2.41
1340,1339,198,72.19
2032,2031,198,72.82
4217,4216,198,13.22
1839,1838,199,72.44
2124,2123,199,53.35
1739,1738,199,72.56
860,859,199,59.76
1638,1637,199,72.52
4617,4616,199,13.35
3424,3423,199,13.74
1244,1243,199,13.41
2923,2922,199,13.76
1538,1537,199,72.46
956,955,200,60.63
3621,3620,200,72.32
2031,2030,200,72.6
4216,4215,200,61.01
3720,3719,200,13.45
3023,3022,200,13.74
2823,2822,200,14.1
1343,1242,200,6.06
1439,1438,200,72.75
2469,2569,200,2.52
2026,2025,200,36.17
1339,1338,200,72.75
2421,2420,200,14.71
2322,2321,200,14.63
1838,1837,201,72.08
1738,1737,201,72.35
2222,2221,201,14.65
4117,4116,201,13.2
2036,2035,201,13.73
4818,4817,201,13.39
4918,4917,201,13.4
859,858,201,59.27
5217,5316,201,9.57
4926,5025,201,9.92
1637,1636,201,72.17
1537,1536,201,72.81
4215,4214,202,60.89
2030,2029,202,72.75
1338,1337,202,71.9
4018,4017,202,13.39
4828,4927,202,16.25
955,954,202,60.1
4827,4927,202,4.17
1438,1437,202,72.07
4632,4731,202,25.06
1837,1836,203,68.62
1737,1736,203,70.48
5316,5315,203,59.86
1536,1535,203,71.49
858,857,203,59.68
1937,1936,203,14.06
3223,3222,203,13.92
3323,3322,203,13.82
3818,3817,203,13.37
3918,3917,203,13.38
5016,5015,203,13.4
5116,5115,203,13.39
2025,2024,203,41.59
2722,2721,203,13.86
3123,3122,203,13.86
5216,5315,203,9.48
4116,4115,203,64.16
1046,1045,203,13.39
2128,2028,203,5.2
1636,1635,203,68.3
2026,1925,203,23.65
4214,4213,204,59.75
1337,1336,204,62.8
4017,4016,204,60.96
1437,1436,204,72.82
4717,4716,204,13.33
4416,4415,204,12.8
4516,4515,204,12.94
3523,3522,204,13.6
1144,1143,204,13.42
4730,4829,204,14.71
2622,2621,204,14.31
954,953,204,59.9
2026,1926,204,14.52
5115,5114,205,59.45
1925,1924,205,68.48
1635,1634,205,65.05
1535,1534,205,66.34
3817,3816,205,62.79
3917,3916,205,60.81
1836,1835,205,67.61
857,856,205,59.94
2124,2023,205,17.97
5023,5022,205,13.38
4316,4315,205,13.1
2024,2023,205,59.61
1736,1735,205,66.69
4115,4114,205,60.92
2521,2520,205,14.46
1073,973,205,1.68
4213,4212,206,58.7
1336,1335,206,72.67
4716,4715,206,61.07
4016,4015,206,64.16
1436,1435,206,72.68
4415,4414,206,61.06
4515,4514,206,61.07
953,952,206,70.85
5214,5213,206,13.3
2123,2122,206,14.77
1143,1142,206,72.08
3916,3915,207,61.05
3816,3815,207,67.09
1634,1633,207,71.75
1924,1923,207,71.14
1534,1533,207,70.79
856,855,207,60.31
4315,4314,207,60.95
2321,2320,207,14.56
3423,3422,207,13.69
4616,4615,207,13.15
2922,2921,207,13.63
4114,4113,207,67.49
1835,1834,207,70.77
869,768,207,4.74
1735,1734,207,67.94
1335,1334,208,71.99
4015,4014,208,60.84
1435,1434,208,70.79
2822,2821,208,13.64
3719,3718,208,13.43
3620,3619,208,13.4
3022,3021,208,13.7
2420,2419,208,14
952,951,208,71.21
2221,2220,208,14.56
1242,1241,208,13.54
1142,1141,208,72.82
4314,4313,209,59.58
855,854,209,60.47
768,767,209,60.92
1633,1632,209,72.78
1734,1733,209,72.43
4817,4816,209,13.37
4917,4916,209,13.39
4113,4112,209,66.82
3841,3941,209,3.64
1533,1532,209,72.82
1834,1833,209,72.68
1141,1140,210,72.63
1434,1433,210,71.5
4014,4013,210,67.91
1836,1935,210,20.98
2964,3063,210,9
870,769,210,5.25
1334,1333,210,72.19
951,950,210,72.69
2568,2668,210,2.27
2026,1927,210,10.89
4632,4732,210,7.53
4335,4435,210,4.86
4313,4312,211,58.13
767,766,211,55.95
1833,1832,211,72.79
1733,1732,211,72.77
4816,4815,211,60.66
5015,5014,211,13.4
5315,5314,211,13.37
3222,3221,211,13.55
2721,2720,211,13.68
3322,3321,211,13.51
854,853,211,69.05
3122,3121,211,13.65
4112,4111,211,70.88
1045,1044,211,13.39
1632,1631,211,70.55
1050,949,211,11.44
3062,3162,211,2.03
1532,1531,211,53.75
4731,4830,211,16.73
1575,1676,211,0.93
4013,4012,212,67.93
2023,2022,212,14.64
3522,3521,212,13.48
2621,2620,212,13.97
1140,1139,212,72.81
1926,1825,212,19.27
1433,1432,212,57.64
3641,3742,212,1.82
4533,4633,212,6.93
1333,1332,212,72.68
4312,4311,213,58.1
1832,1831,213,72.82
766,765,213,55.68
1732,1731,213,72.37
853,852,213,69.25
5114,5113,213,13.38
2034,1933,213,6.94
4111,4110,213,70.68
1835,1934,213,17.73
3557,3657,213,2.45
2520,2519,213,13.77
4012,4011,214,60.35
1923,1922,214,14.8
4212,4211,214,13.39
4715,4714,214,13.37
4414,4413,214,13.39
4514,4513,214,13.39
1432,1431,214,54.29
949,948,214,47.71
4829,4928,214,15.04
3940,4040,214,3.88
1139,1138,214,63.1
1332,1331,214,55.61
1631,1630,214,39.55
4434,4534,214,5.14
4311,4310,215,58.69
1831,1830,215,72.82
765,764,215,59.83
2022,2021,215,44.36
1531,1530,215,28.83
3422,3421,215,13.5
3915,3914,215,13.38
3815,3814,215,13.38
4615,4614,215,13.35
2921,2920,215,13.63
2320,2319,215,14.21
4110,4109,215,59.37
1731,1730,215,72.14
1048,947,215,6.81
852,851,215,58.37
1933,1932,215,72.8
4211,4210,216,71.71
1922,1921,216,50.08
4011,4010,216,67.39
1825,1824,216,29.36
2821,2820,216,13.61
3718,3717,216,13.36
3619,3618,216,13.39
3021,3020,216,13.57
2419,2418,216,13.53
5316,5415,216,9.45
4927,5026,216,10.23
1926,1826,216,9.07
1138,1137,216,62.02
2220,2219,216,14.15
3656,3756,216,2.32
1241,1240,216,13.54
1630,1629,216,50.72
5213,5212,216,10.8
3814,3813,217,67.37
764,763,217,60.47
4310,4309,217,58.81
1932,1931,217,72.7
4916,4915,217,13.39
947,946,217,58.09
5025,5124,217,9.29
1830,1829,217,70.17
4109,4108,217,60.98
5022,5121,217,12.81
4732,4831,217,21.01
1730,1729,217,69.68
851,850,217,59.16
4210,4209,218,57.97
3717,3716,218,65.03
1629,1628,218,61.44
1824,1823,218,70.89
5212,5211,218,64.5
1137,1136,218,72.66
1240,1239,218,72.72
4010,4009,218,60.3
1331,1330,218,32.14
2122,2121,218,8.86
1530,1529,218,36.5
1431,1430,218,25.96
1874,1975,218,1.2
3813,3812,219,71.09
763,762,219,58.18
4309,4308,219,59.15
1931,1930,219,72.82
850,849,219,56.22
5014,5013,219,13.39
5314,5313,219,12.67
3221,3220,219,13.43
3321,3320,219,13.41
3121,3120,219,13.46
2720,2719,219,13.58
4815,4814,219,13.38
5124,5123,219,68.04
1338,1237,219,7.51
4108,4107,219,60.01
1044,1043,219,13.4
1829,1828,219,69.65
1729,1728,219,62.87
4209,4208,220,59.16
3716,3715,220,60.94
5211,5210,220,67.97
4009,4008,220,60.97
1239,1238,220,63.01
3521,3520,220,13.41
1529,1528,220,60.81
1136,1135,220,72.63
3953,4053,220,2.24
2620,2619,220,13.65
1275,1276,220,0.78
4308,4307,221,60.44
1930,1929,221,72.78
3812,3811,221,70.41
1728,1727,221,65.7
762,761,221,58.57
1823,1822,221,40.72
849,848,221,50.17
1628,1627,221,49.17
5113,5112,221,13.09
2519,2518,221,13.51
1237,1236,221,72.64
972,872,221,1.74
1043,1042,221,71.89
4830,4929,221,15.03
1828,1827,221,71.53
4208,4207,222,61.04
3715,3714,222,71.01
5210,5209,222,69.56
4008,4007,222,69.54
2021,2020,222,14.68
4513,4512,222,13.46
4413,4412,222,13.43
4714,4713,222,13.4
1135,1134,222,72.58
4107,4106,222,45.55
2667,2767,222,2.06
761,760,223,60.56
1727,1726,223,69.9
4307,4306,223,61.07
1627,1626,223,62.18
3811,3810,223,68.21
1921,1920,223,14.53
3421,3420,223,13.41
3914,3913,223,13.38
2920,2919,223,13.48
4614,4613,223,13.39
4928,5027,223,16.9
1929,1928,223,72.81
1042,1041,223,72.71
1236,1235,223,72.48
2319,2318,223,13.64
1430,1429,223,21.82
3755,3855,223,2.35
4207,4206,224,60.66
3714,3713,224,71.55
5209,5208,224,67.77
4007,4006,224,69.27
848,847,224,49.14
5415,5414,224,13.35
2219,2218,224,13.82
3618,3617,224,13.37
2820,2819,224,13.55
3020,3019,224,13.43
2418,2417,224,13.48
4106,4105,224,61.86
3359,3459,224,2.13
3161,3261,224,1.88
4633,4733,224,8.92
1134,1133,224,72.24
1041,1040,225,62.68
3810,3809,225,69.19
4306,4305,225,61.17
2121,2120,225,14.64
4915,4914,225,13.39
1528,1527,225,22.41
946,945,225,13.38
1429,1428,225,56.78
1235,1234,225,72.22
1626,1625,225,72.55
1726,1725,225,72.38
5208,5207,226,69.27
3713,3712,226,66.6
4206,4205,226,60.6
1133,1132,226,72.54
3617,3616,226,61.04
4006,4005,226,67.95
4312,4411,226,9.84
847,846,226,58.39
871,770,226,4.88
4105,4104,226,69.55
5121,5220,226,16.66
2074,2174,226,1.91
3854,3954,226,2.22
4435,4535,226,6.32
1040,1039,227,72.82
3809,3808,227,69.34
1625,1624,227,67.54
4305,4304,227,64.6
3320,3319,227,13.39
3220,3219,227,13.39
5013,5012,227,13.38
3120,3119,227,13.39
4814,4813,227,13.4
5123,5122,227,13.37
2719,2718,227,13.48
2766,2866,227,2.01
4831,4930,227,15.34
1234,1233,227,71.97
4205,4204,228,67.58
3712,3711,228,72.05
5207,5206,228,69.56
4005,4004,228,66.36
1132,1131,228,72.64
3616,3615,228,60.76
1725,1724,228,44.46
1822,1821,228,14.39
3520,3519,228,13.39
4311,4410,228,9.73
1527,1526,228,47.44
4104,4103,228,66.82
3458,3558,228,2.09
3260,3360,228,2.03
4732,4832,228,5.7
3449,3450,228,1.5
846,845,228,67.54
2619,2618,228,13.51
1039,1038,229,63.32
3319,3318,229,60.66
4304,4303,229,68.88
3808,3807,229,67.1
1233,1232,229,72.41
2518,2517,229,13.47
4004,4003,230,71.82
845,844,230,68.98
4204,4203,230,70.54
3711,3710,230,66.32
5206,5205,230,68.24
3615,3614,230,71.1
1624,1623,230,43.87
1428,1427,230,22.37
2020,2019,230,14.09
4512,4511,230,13.49
4713,4712,230,13.45
4310,4409,230,9.71
4103,4102,230,67.55
4534,4634,230,6.27
1526,1525,230,67.72
3807,3806,231,68.07
3318,3317,231,69.62
4303,4302,231,68.47
1232,1231,231,56.8
1131,1130,231,46.32
1038,1037,231,72.19
1920,1919,231,14.18
2919,2918,231,13.4
4613,4612,231,13.47
3913,3912,231,13.38
3420,3419,231,13.39
3813,3912,231,10.29
2318,2317,231,13.51
860,759,231,4.22
5217,5317,231,2.24
4929,5028,231,15.66
3614,3613,232,71.8
5205,5204,232,66.81
3710,3709,232,67.08
4203,4202,232,70.31
1525,1524,232,72.47
844,843,232,68.62
4003,4002,232,71.44
4409,4408,232,60.27
1724,1723,232,33.23
2819,2818,232,13.44
4309,4408,232,9.63
3019,3018,232,13.39
2417,2416,232,13.45
4102,4101,232,67.93
2218,2217,232,13.58
3912,3911,233,60.53
4302,4301,233,68.3
3317,3316,233,70.31
3806,3805,233,69.54
1623,1622,233,33.67
4914,4913,233,13.4
2120,2119,233,14.07
5414,5413,233,11.26
1330,1329,233,6.94
1037,1036,233,61.76
859,758,233,4.29
945,944,233,13.37
1723,1722,234,72.22
4408,4407,234,60.38
4002,4001,234,70.64
843,842,234,67.6
1524,1523,234,54.14
4202,4201,234,70.17
3709,3708,234,66.75
5204,5203,234,68.15
3613,3612,234,72.07
1231,1230,234,39.93
1427,1426,234,28.17
5112,5111,234,7.92
3018,3017,234,60.77
5124,5223,234,8.7
2272,2372,234,2.23
3911,3910,235,60.58
3316,3315,235,70.94
3805,3804,235,68.45
758,757,235,60.11
1821,1820,235,14.54
4813,4812,235,13.42
3219,3218,235,13.37
5012,5011,235,13
3119,3118,235,13.38
858,757,235,4.23
5413,5412,235,65.96
1036,1035,235,62.66
2718,2717,235,13.41
3612,3611,236,66.26
5203,5202,236,68.72
3708,3707,236,67.72
1523,1522,236,62.48
4407,4406,236,66.52
842,841,236,69.72
1622,1621,236,34.19
1329,1328,236,44.92
2618,2617,236,13.44
3519,3518,236,13.38
5209,5308,236,10.17
5210,5309,236,9.28
5211,5310,236,8.15
5212,5311,236,7.3
3017,3016,236,60.85
2173,2273,236,1.92
1426,1425,236,58.05
3910,3909,237,61.01
3315,3314,237,70.77
3804,3803,237,71.34
3218,3217,237,60.83
3118,3117,237,60.8
5412,5411,237,69.55
1130,1129,237,18.13
757,756,237,59.77
2517,2516,237,13.42
857,756,237,4.19
4832,4931,237,17.02
4930,5029,237,15.35
3741,3842,237,1.77
1035,1034,237,72.73
841,840,238,64.63
4406,4405,238,59.54
3611,3610,238,72.31
5308,5307,238,69.4
5202,5201,238,69.05
4511,4510,238,13.4
4712,4711,238,13.46
1425,1424,238,71.77
5122,5221,238,12.88
2470,2570,238,2.5
2019,2018,238,13.89
3016,3015,238,60.68
4335,4336,238,2.09
5411,5410,239,68.64
3217,3216,239,70.01
3117,3116,239,60.79
3909,3908,239,60.97
3803,3802,239,71.83
1034,1033,239,72.57
1328,1327,239,48.65
3707,3706,239,49.26
1621,1620,239,46.69
756,755,239,60.37
1919,1918,239,13.93
3419,3418,239,13.38
4612,4611,239,13.5
2918,2917,239,13.38
3314,3313,239,70
4733,4833,239,6.77
2569,2669,239,2.62
2371,2471,239,2.31
2317,2316,239,13.46
5313,5312,239,5.17
4405,4404,240,69.29
5307,5306,240,69.54
840,839,240,72.8
3610,3609,240,72.06
1424,1423,240,63.73
2217,2216,240,13.49
2818,2817,240,13.39
2416,2415,240,13.4
3015,3014,240,60.86
4406,4506,241,111.24
842,942,241,87.73
843,943,241,105.61
2866,2966,241,96.93
2174,2274,241,75.94
3459,3559,241,84.34
4053,4153,241,53.54
3756,3856,241,62.96
1676,1776,241,53.65
3063,3163,241,57.94
5122,5222,241,66.86
3162,3262,241,67.84
5124,5224,241,73.45
5025,5125,241,19.28
5316,5416,241,33.75
4634,4734,241,56.68
4535,4635,241,56.59
3657,3757,241,59.78
2668,2768,241,32.57
2964,3064,241,56.13
2865,2965,241,101.72
5413,5513,241,97.74
3349,3350,241,12.91
4633,4734,241,17.93
4335,4436,241,26.15
1675,1776,241,7.92
2965,3065,242,105.74
4404,4504,242,82.94
839,939,242,63.71
4833,4933,242,51.19
2669,2769,242,49.67
840,940,242,58.18
2570,2670,242,59.84
1129,1229,242,50.67
5202,5302,242,79.79
2273,2373,242,77.27
3315,3415,242,52.86
3804,3904,242,48.93
5412,5512,242,54.49
5203,5303,242,82.5
4407,4507,242,75.32
2372,2472,242,75.55
3316,3416,242,54.11
3805,3905,242,70.39
3317,3417,242,58.6
3806,3906,242,48.96
3807,3907,242,72.69
3318,3417,242,19.76
5206,5305,242,10.93
4301,4401,242,50.24
4304,4403,242,11.13
3954,4054,242,53.02
3360,3460,242,46.65
3314,3414,242,55.45
3855,3955,242,57.88
2767,2867,242,32.57
5414,5514,242,54.8
2471,2571,242,73.38
5221,5321,242,71.39
1975,2075,242,33.72
3261,3361,242,63.99
3558,3658,242,65.86
3940,4041,242,27.39
3642,3743,242,24.68
3642,3643,242,18.86
4832,4932,242,43.08
5029,5129,242,44.31
3841,3942,242,26.58
4930,5030,242,41.22
3249,3250,242,12.28
3313,3413,242,55.86
4435,4536,242,22.66
2274,2374,243,88.36
3163,3263,243,69.83
3064,3164,243,57.12
5224,5324,243,74.33
4506,4606,243,66.41
5306,5406,243,35.43
3757,3857,243,61.29
5410,5510,243,36.66
4405,4505,243,48.01
5307,5407,243,44.04
4734,4834,243,59.92
5411,5511,243,39.65
3262,3362,243,64.56
3803,3903,243,41.89
841,941,243,33.18
5309,5409,243,35.72
5308,5408,243,44.75
3856,3956,243,58.51
4153,4253,243,53.63
5204,5304,243,36.25
4302,4402,243,29.46
4303,4402,243,11.16
5222,5322,243,55.04
4931,5031,243,41.4
5415,5515,243,33.73
3802,3902,243,44.36
3802,3801,243,13.03
3559,3659,243,77.96
5317,5417,243,35.87
5218,5318,243,26.76
5513,5613,243,66.31
4401,4501,244,67.3
3658,3758,244,62.16
2373,2473,244,77.31
3955,4055,244,55.94
5302,5402,244,82.99
2571,2671,244,60.52
4403,4503,244,74.91
3065,3165,244,56.23
5321,5421,244,67.18
5514,5614,244,95.2
2966,3066,244,34.71
2768,2868,244,34.31
5416,5516,244,36.92
3216,3215,244,8.22
5201,5301,244,25.11
1621,1721,244,27.52
4536,4636,244,53.43
872,771,244,12.75
5223,5323,244,26.6
4635,4735,244,49.11
2472,2572,244,50.23
3014,3114,244,29.19
2119,2118,244,0.76
3742,3843,244,26.41
855,754,244,1.65
769,668,244,1.77
5219,5319,244,24.44
5029,5128,244,25.53
3313,3312,244,9.47
1775,1876,244,8.33
3015,3115,244,24.27
3066,3166,245,107.2
3659,3759,245,66.92
4253,4353,245,56.69
2374,2474,245,84.96
5324,5424,245,75.1
4505,4605,245,65.09
4606,4706,245,96.83
5305,5405,245,36.15
5512,5612,245,41.9
5303,5403,245,42.12
3361,3461,245,49.67
4834,4934,245,59.95
2670,2770,245,49.7
2075,2175,245,44.88
2769,2869,245,49.88
4933,5033,245,44.79
4504,4604,245,48.36
4932,5032,245,41.4
2415,2515,245,23.25
1620,1720,245,24.45
4510,4610,245,21.14
5322,5422,245,52.42
5408,5508,245,51.02
3263,3363,245,76.42
4812,4912,245,22.31
3460,3560,245,43.23
4408,4508,245,16.63
3413,3513,245,41
4931,5032,245,27.53
872,873,245,17.51
4053,4154,245,25.34
2516,2616,245,21.14
4040,4140,245,18.95
5029,5130,245,27.34
851,750,245,1.62
5220,5320,245,23.53
1174,1075,245,2.69
4605,4705,246,155.32
4706,4806,246,110.68
4604,4704,246,112.13
3114,3214,246,85.07
2572,2672,246,76.79
4055,4155,246,56.55
5614,5714,246,81.89
2671,2771,246,54.45
5421,5521,246,76.65
5613,5713,246,46.32
5304,5404,246,40.73
5511,5611,246,38.17
4402,4502,246,38.2
5417,5517,246,38.96
3362,3462,246,49.3
5510,5610,246,40.99
5406,5506,246,44.64
3164,3264,246,40.95
3801,3901,246,37.9
5031,5131,246,43.52
2867,2967,246,31.91
4507,4607,246,30.74
5125,5225,246,22.53
3165,3265,246,54.81
5407,5507,246,47.33
1033,1032,246,5.41
4711,4811,246,19.18
4336,4437,246,23.27
5409,5509,246,42.38
4409,4509,246,15.13
5027,5127,246,17.13
872,772,246,11.64
4636,4736,246,55.36
5026,5126,246,16.6
2473,2573,246,66.32
3802,3901,246,25.53
853,752,246,4.49
5301,5401,246,70.46
854,753,246,3.41
3313,3412,246,22.31
4704,4804,247,113.66
4806,4906,247,192.78
5517,5617,247,127.86
4934,5034,247,56.65
3363,3463,247,63.53
4353,4453,247,63.63
2869,2969,247,51.68
5033,5133,247,50.78
3560,3660,247,87.08
4503,4603,247,42.71
2868,2968,247,36.11
5508,5608,247,54.96
2175,2275,247,55.06
5318,5418,247,32.23
5515,5615,247,32.16
5424,5524,247,74
3417,3517,247,22.34
4735,4835,247,48.25
3166,3266,247,56.07
3856,3957,247,23.71
5422,5522,247,65.6
4153,4254,247,25.31
1876,1976,247,40.9
4436,4537,247,23.88
5402,5502,247,35.92
5320,5420,247,59.31
2474,2574,247,78.64
4705,4805,248,50.14
4502,4602,248,85.24
5225,5325,248,74.68
2672,2772,248,56.06
4607,4707,248,67.63
2770,2870,248,49.26
5612,5712,248,36.95
5405,5505,248,41.23
5403,5503,248,37.73
5507,5607,248,53.41
2573,2673,248,60.46
4736,4836,248,58.96
5323,5423,248,27.83
5032,5132,248,46.53
5319,5419,248,26.07
5516,5616,248,32.54
2771,2871,248,57.11
3942,4042,248,18.28
4041,4141,248,19.03
3955,4056,248,24.58
3416,3516,248,19.47
3956,4056,248,21.14
3415,3515,248,18.2
3643,3744,248,27.26
5129,5229,248,19.21
839,938,248,19.5
3757,3858,248,22.73
4153,4252,248,23.07
4536,4637,248,25.37
3264,3364,248,69.17
3461,3561,248,45.25
4155,4255,248,55.23
5714,5814,248,70.72
3413,3514,248,27.53
3413,3512,248,25.96
3743,3844,248,27.42
3249,3150,248,7.9
4707,4807,249,114.77
4603,4703,249,91.86
5502,5602,249,85.46
5034,5134,249,60.2
2969,3069,249,53.13
5133,5233,249,62.33
2574,2674,249,72.43
5524,5624,249,70.77
4453,4553,249,64.3
3660,3760,249,74.11
5615,5715,249,57.31
3266,3366,249,62.95
5617,5717,249,54.12
4906,5006,249,86.13
5611,5711,249,40.54
5404,5504,249,39.52
2275,2375,249,64.06
5521,5621,249,43.26
5131,5231,249,49.58
5506,5606,249,45.58
4835,4935,249,56.31
4501,4601,249,23.29
4253,4354,249,24.33
3643,3644,249,16.31
3265,3365,249,38.27
5713,5813,249,46.03
3462,3562,249,44.64
1976,2076,249,82.97
3463,3563,249,54.77
872,773,249,12.98
2772,2872,249,187.29
2515,2615,249,25.74
4807,4907,250,133.03
2872,2972,250,203.13
5325,5425,250,75.82
5814,5914,250,65.94
4805,4905,250,69.46
4056,4156,250,55.23
3364,3464,250,66.99
5423,5523,250,78.73
5608,5708,250,49.75
2870,2970,250,52.04
5132,5232,250,55.46
2968,3068,250,36.98
4804,4904,250,33.44
2871,2971,250,60.06
5509,5609,250,33.1
4811,4911,250,25.77
4836,4936,250,64.91
2967,3067,250,32.31
5610,5710,250,33
3759,3859,250,22.85
4508,4608,250,20.92
4610,4710,250,21.36
4055,4156,250,24.38
5128,5228,250,19.68
3843,3943,250,19.27
4253,4352,250,22.02
2616,2716,250,24.1
5418,5518,250,36.71
4636,4737,250,24.77
849,748,250,1.25
4637,4737,250,65.94
850,749,250,1.28
2972,3072,251,203.44
5006,5106,251,56.33
3365,3465,251,62.26
3366,3466,251,72.23
3563,3663,251,55.41
2674,2774,251,67.09
5813,5913,251,55.26
4601,4701,251,50.49
5134,5234,251,68.72
2971,3071,251,208.2
5616,5716,251,41.16
3561,3661,251,45.88
4602,4702,251,35.21
5505,5605,251,37.97
2673,2773,251,45.75
4509,4609,251,20.77
2375,2475,251,65.29
5126,5226,251,20.93
4934,5035,251,24.35
4935,5035,251,66.07
5130,5230,251,18.99
5522,5622,251,29.77
3069,3169,251,54.83
4336,4337,251,9
2076,2176,251,97.2
5607,5707,251,41.58
5624,5724,251,56.57
5712,5812,251,44.66
5420,5520,251,25.39
5717,5817,251,76.97
4553,4653,251,62.37
5518,5618,251,160.36
1074,974,251,2.04
5503,5603,251,40.06
5715,5815,251,91.51
5401,5501,251,23.93
1073,974,251,3.08
5914,6014,252,59.59
4907,5007,252,85.92
4905,5005,252,54.58
4352,4452,252,67.86
5609,5709,252,54.15
5618,5718,252,211.03
3067,3167,252,97.24
5504,5604,252,36.15
3562,3662,252,47.02
5602,5702,252,36.91
4703,4803,252,40.33
2970,3070,252,56.03
5606,5706,252,33.58
5419,5519,252,30.37
3412,3511,252,25.81
5621,5721,252,38.68
5127,5227,252,19.36
4437,4538,252,24.83
4353,4454,252,21.89
4737,4837,252,77.6
3957,4057,252,21.82
3803,3703,252,8.56
5710,5810,252,56.72
3071,3171,252,204.7
5711,5811,252,35.22
4155,4256,252,24.81
3464,3564,252,62.37
1132,1031,252,4.26
2773,2873,252,106.95
5425,5525,252,78.6
4936,5036,252,69.51
2873,2973,253,106.93
3171,3271,253,121.14
3169,3269,253,65.67
3072,3172,253,95.2
5913,6013,253,50.69
4653,4753,253,64.62
2774,2874,253,62.03
3663,3763,253,99.35
3661,3761,253,81.98
4701,4801,253,52.7
4702,4802,253,60.63
5817,5917,253,86.26
5815,5915,253,99.03
5812,5912,253,55.82
2615,2715,253,28.01
3858,3958,253,22.81
4255,4355,253,20.07
3844,3944,253,20.15
5229,5329,253,23.77
5035,5135,253,68.84
5519,5619,253,156.09
5724,5824,253,56.87
5230,5330,253,64.24
4537,4638,253,24.35
5708,5808,253,41.58
3068,3168,253,38.03
5709,5809,253,106.32
2176,2276,253,72.55
3465,3565,253,67.37
3466,3566,253,84.53
3802,3702,253,7.86
5716,5816,253,85.28
1376,1477,253,7.47
2475,2575,253,60.55
852,751,253,1.93
1576,1677,253,7.32
1476,1577,253,7.28
2973,3073,254,100.56
3269,3369,254,213.11
3271,3371,254,110.59
3566,3666,254,101.53
5816,5916,254,137.41
5810,5910,254,53.96
3564,3664,254,68.58
5718,5818,254,84.58
5811,5911,254,59.16
6014,6114,254,56.06
5007,5107,254,85
5525,5625,254,91.26
5227,5327,254,69.23
3662,3762,254,86.8
4256,4356,254,55.87
5520,5620,254,49.4
5523,5623,254,27.54
4608,4708,254,25.83
5231,5331,254,21.8
5036,5136,254,75.33
3760,3860,254,23.44
4056,4157,254,24.81
4042,4142,254,19.61
4453,4554,254,21.64
4837,4937,254,82.14
3412,3411,254,13.69
5225,5326,254,18.08
2716,2816,254,25.56
771,671,254,10.44
3801,3701,254,9.82
5619,5719,254,184.76
839,838,254,7.6
3070,3170,254,57.99
3804,3704,254,6.72
3167,3267,254,59.73
3168,3268,254,138.31
768,667,254,1.49
2917,2916,254,2.94
5603,5703,254,41.09
1275,1176,254,1.77
3268,3368,255,188.04
3369,3469,255,184.83
3666,3766,255,129.45
4802,4902,255,58.93
4753,4853,255,65.76
3761,3861,255,69.57
4801,4901,255,62.32
2575,2675,255,58.29
5915,6015,255,76.37
2874,2974,255,59.1
3565,3665,255,79.41
4355,4455,255,51.09
5620,5720,255,207.12
5005,5105,255,34.78
5702,5802,255,42.04
5605,5705,255,30.46
5501,5601,255,29.43
5228,5328,255,23.61
4904,5004,255,24.87
3859,3959,255,22.33
4710,4810,255,23.26
3943,4043,255,20.29
5135,5235,255,76.5
3371,3471,255,114.11
4453,4552,255,19.29
5824,5924,255,66.79
3172,3272,255,67.42
3114,3213,255,13.12
5808,5908,255,69.58
2276,2376,255,58.27
3706,3705,255,2.83
5330,5430,255,69.58
5624,5725,255,24.37
1038,937,255,4.42
5707,5807,255,33.26
4637,4738,255,21.05
1676,1777,255,7.99
5721,5821,255,44.17
4638,4738,255,75.01
2974,3074,256,158.1
3368,3468,256,121.47
5916,6016,256,73.42
3267,3367,256,76.96
3073,3173,256,93.22
3762,3862,256,69.8
4356,4456,256,53.79
3664,3764,256,61.45
4157,4257,256,55.99
6114,6214,256,50.76
5910,6010,256,81.56
5327,5427,256,75.72
5912,6012,256,48.08
5917,6017,256,46.48
6013,6113,256,43.14
3763,3863,256,39.69
4803,4903,256,33.32
5326,5426,256,80.41
4609,4709,256,21.66
5136,5236,256,88.59
3170,3270,256,50.36
5325,5426,256,17.71
4437,4438,256,10.23
5624,5723,256,22.06
5706,5806,256,29.34
770,669,256,2.41
5623,5723,256,55.11
4937,5037,256,85.87
5604,5704,256,32.78
1276,1377,256,7.92
3469,3569,256,153.97
764,663,256,2.52
4553,4654,256,22.34
5622,5722,256,23.15
3569,3669,257,100.6
3764,3864,257,110.05
4853,4953,257,66.01
6015,6115,257,57.48
5725,5825,257,72.42
3665,3765,257,87.15
3766,3866,257,86.03
4901,5001,257,63.53
3861,3961,257,62.96
4902,5002,257,61.15
2675,2775,257,53.35
5818,5918,257,43.71
4708,4808,257,46.04
5911,6011,257,47.94
5809,5909,257,30.68
2715,2815,257,27.18
3270,3370,257,120.45
3074,3174,257,131.52
3272,3372,257,62.87
5924,6024,257,66.17
4738,4838,257,82.14
5430,5530,257,67.62
5724,5825,257,24.27
771,672,257,11.77
771,670,257,11.54
5329,5429,257,26.71
3610,3510,257,5.74
3468,3568,257,184.8
5719,5819,257,47.61
4552,4652,257,52.81
3471,3571,257,64.26
4553,4652,257,19.98
2376,2476,257,60.55
5720,5820,257,50.13
3864,3964,258,137.78
4808,4908,258,122.15
3568,3668,258,141.15
4903,5003,258,54.37
3863,3963,258,83.1
5427,5527,258,88.19
3173,3273,258,51.36
5037,5137,258,88.65
4456,4556,258,50.16
3367,3467,258,95.59
3862,3962,258,61.93
4257,4357,258,56.11
4654,4754,258,52.64
5601,5701,258,42.21
4810,4910,258,38.86
5802,5902,258,42.46
5703,5803,258,32.61
5821,5921,258,49.09
3958,4058,258,22.9
3944,4044,258,20.36
3370,3470,258,134.99
4256,4357,258,24.6
4653,4754,258,21.53
4352,4451,258,18.05
5724,5823,258,21.96
848,747,258,1.28
763,662,258,2.26
5527,5627,259,102.54
5909,6009,259,63.79
4652,4752,259,52.18
4953,5053,259,62.49
5825,5925,259,76.06
3961,4061,259,61.44
3765,3865,259,91.51
5001,5101,259,63.04
5002,5102,259,68.54
2476,2576,259,57.15
6012,6112,259,39.27
6016,6116,259,42.24
6214,6314,259,43.53
6113,6213,259,46.54
5004,5104,259,26.93
5328,5428,259,25.19
6024,6124,259,59.16
3860,3960,259,22.85
4538,4639,259,21.05
3372,3472,259,56.94
3174,3274,259,51.74
4653,4752,259,19.17
4838,4938,259,88.45
5820,5920,259,66.32
5819,5919,259,52.07
6017,6117,259,33.69
5807,5907,259,29.33
5705,5805,259,29.34
5331,5431,259,23.89
5908,6008,259,28.6
3467,3567,259,114.69
3470,3570,259,128.52
5425,5526,259,16.87
3567,3667,260,133.01
4754,4854,260,51.88
5003,5103,260,56.55
3964,4064,260,50.43
3963,4063,260,55.82
3962,4062,260,71.43
4910,5010,260,50.27
4908,5008,260,95.51
4357,4457,260,55.18
3668,3768,260,65.13
5137,5237,260,96.86
4044,4144,260,53.17
6011,6111,260,38.31
6115,6215,260,45.09
2775,2875,260,47.64
5722,5822,260,28.1
6010,6110,260,32.78
4709,4809,260,30.36
5806,5906,260,29.5
1777,1877,260,21.76
5918,6018,260,47.24
3959,4059,260,22.9
4043,4143,260,20.75
4356,4457,260,25.26
4157,4258,260,24.56
4753,4854,260,21.12
3571,3671,260,46.79
3312,3311,260,6.32
840,740,260,4.95
4554,4655,260,26.32
1776,1877,260,7.69
3667,3767,261,125.55
4062,4162,261,104.86
2576,2676,261,58.95
5925,6025,261,74.19
4061,4161,261,64.48
3865,3965,261,60.43
5823,5923,261,49.64
3273,3373,261,39.07
5803,5903,261,43.45
4556,4656,261,47.72
5701,5801,261,37.22
5429,5529,261,26.24
3866,3966,261,25.16
2815,2915,261,26.44
5921,6021,261,37.48
3671,3771,261,189.23
4753,4852,261,18.77
4938,5038,261,92.08
5920,6020,261,74
5824,5923,261,18.41
5919,6019,261,83.23
4455,4555,261,18.51
3610,3509,261,6.52
5704,5804,261,24.94
4639,4739,261,82.45
4638,4739,261,17.97
3966,4066,262,161.31
5010,5110,262,50.28
4854,4954,262,52.69
4809,4909,262,56.14
4258,4358,262,60.28
3768,3868,262,66.81
4655,4755,262,50.46
6110,6210,262,67.72
5008,5108,262,99.17
4063,4163,262,52.66
6111,6211,262,79.96
1877,1977,262,64.44
6213,6313,262,46.55
5822,5922,262,60.55
5526,5626,262,36.77
6112,6212,262,42.38
3669,3769,262,24.67
3570,3670,262,42.24
4457,4557,262,52.97
4456,4557,262,26.27
4257,4358,262,24.52
4654,4755,262,25.6
4853,4954,262,21.03
6116,6216,262,35.92
5530,5630,262,24.56
5430,5531,262,20.46
6117,6217,262,36.62
6314,6414,262,36.39
5902,6002,262,27.53
873,874,262,6.04
5627,5727,262,37.22
4552,4651,262,23.34
1876,1977,262,8.24
6018,6118,262,59.64
3769,3869,263,182.21
4066,4166,263,182.27
3868,3968,263,186.2
4656,4756,263,56.91
6025,6125,263,66.39
4161,4261,263,88.77
4162,4262,263,94.95
2676,2776,263,72.66
2875,2975,263,44.34
6009,6109,263,28.63
5907,6007,263,29.98
5428,5528,263,26.71
4058,4158,263,22.33
6215,6315,263,37.39
4438,4539,263,22.71
3771,3871,263,72.74
5725,5826,263,18.81
3411,3410,263,12.21
3274,3374,263,31.76
4739,4839,263,86.18
5038,5138,263,91.59
3571,3672,263,26.98
6020,6120,263,78.08
5924,6023,263,18.63
6008,6108,263,28.75
5805,5905,263,25.42
840,739,263,5.65
6019,6119,263,95.56
3472,3572,263,25.54
3313,3212,263,6.07
3968,4068,264,208
6118,6218,264,61.03
4755,4855,264,53.31
4954,5054,264,56.23
6211,6311,264,81.68
1977,2077,264,77.77
4909,5009,264,50.28
4358,4458,264,64.63
4557,4657,264,53.32
5804,5904,264,33.46
3767,3867,264,36.31
5922,6022,264,58.04
5053,5153,264,21.22
3670,3770,264,94.15
3960,4060,264,22.72
6124,6224,264,21.65
3672,3772,264,186.19
4754,4855,264,25.82
4556,4657,264,26.81
4357,4458,264,24.83
4044,4145,264,25.45
4652,4751,264,23.54
4953,5054,264,22.29
3961,4060,264,20.31
4651,4751,264,61.68
6024,6123,264,21.13
4337,4338,264,8.29
3373,3473,264,33.36
3609,3608,264,4.17
840,741,264,5.8
5903,6003,264,48.91
5625,5726,264,15.41
5626,5726,264,88.96
5906,6006,264,26.32
6006,6106,265,110.18
3473,3573,265,117.15
4068,4168,265,128.5
5009,5109,265,118.53
4756,4856,265,53.35
3869,3969,265,84.52
5528,5628,265,86.29
2776,2876,265,88.38
6007,6107,265,73.06
5826,5926,265,77.17
6313,6413,265,39.89
6002,6102,265,39.85
6212,6312,265,43.26
5727,5827,265,33.34
6217,6317,265,42.38
6210,6310,265,36.92
5529,5629,265,26.59
4064,4164,265,24.6
4059,4159,265,22.72
3871,3971,265,66.35
4953,5052,265,19.93
6125,6225,265,56.9
6021,6121,265,32.59
6119,6219,265,92.76
3374,3474,265,70.79
5138,5238,265,99.13
4839,4939,265,89.08
6120,6220,265,96.82
2975,3075,265,51.2
4352,4351,265,6.79
6216,6316,265,37.38
4168,4268,266,118.46
3573,3673,266,214.21
3474,3574,266,137.4
3969,4069,266,184.92
2876,2976,266,121.5
2077,2177,266,77.6
6311,6411,266,77.06
4060,4160,266,61.82
4657,4757,266,54.39
6218,6318,266,62.63
4166,4266,266,41.41
4261,4361,266,43.68
3965,4065,266,23.73
5801,5901,266,24.14
3770,3870,266,69.99
3772,3872,266,69.46
4854,4955,266,25.59
4751,4851,266,64.02
4457,4558,266,25.51
4458,4558,266,55.13
6414,6514,266,30.19
5905,6005,266,37.48
1035,935,266,3.46
4268,4368,267,110.05
4065,4165,267,114.31
3673,3773,267,186.15
2976,3076,267,106.69
4069,4169,267,125.29
5827,5927,267,83.64
4159,4259,267,62.65
6102,6202,267,75.47
5926,6026,267,74.67
4164,4264,267,84.72
3075,3175,267,74.78
6224,6324,267,48.61
6109,6209,267,33.23
6315,6415,267,32.8
4163,4263,267,24.5
3574,3674,267,169.8
4258,4359,267,23.09
6121,6221,267,79.12
5925,6026,267,18.23
6219,6319,267,98.9
4939,5039,267,89.4
6123,6223,267,37.3
6108,6208,267,25.26
3114,3113,267,4.51
5904,6004,267,47.94
4169,4269,268,119.82
4368,4468,268,105.33
4165,4265,268,117.31
2177,2277,268,68.36
6318,6418,268,53.41
6324,6424,268,110.85
4160,4260,268,70.01
3870,3970,268,76.47
6317,6417,268,41.02
4856,4956,268,43.77
6106,6206,268,44.01
5052,5152,268,44.75
6316,6416,268,35.42
6310,6410,268,38.11
6107,6207,268,33.59
6312,6412,268,39.72
3867,3967,268,32.94
3674,3774,268,197.12
4262,4362,268,24.24
6022,6122,268,26.12
6002,6103,268,27.52
6002,6101,268,26.03
3872,3972,268,60.58
4954,5055,268,24.49
4557,4658,268,25.4
6025,6126,268,20.89
4044,4045,268,10.81
4438,4439,268,8.62
6220,6320,268,41.49
6411,6511,268,79.51
5628,5728,268,34.62
764,664,268,2.23
6005,6105,268,51.57
4639,4740,268,15.79
1035,934,268,3.97
6003,6103,268,29.1
6207,6307,269,127.63
4269,4369,269,118.3
6424,6524,269,162.65
3967,4067,269,186.07
6209,6309,269,73.67
5927,6027,269,65.78
6223,6323,269,85.28
6319,6419,269,75.72
4359,4459,269,73.77
4263,4363,269,64.9
4264,4364,269,89.59
3175,3275,269,56.9
4757,4857,269,49.8
4361,4461,269,46.66
4266,4366,269,33.95
3970,4070,269,165.3
5153,5253,269,20.71
5054,5154,269,20.18
3773,3873,269,69.99
4756,4857,269,25.4
3076,3176,269,51.74
6002,6001,269,14.6
4358,4459,269,21.53
3311,3310,269,11.6
5039,5139,269,90.97
3971,4071,269,32.94
6125,6226,269,24.26
6221,6321,269,88.74
5901,6001,269,39.77
6202,6302,269,79.7
6413,6513,269,33.07
762,661,269,1.77
6004,6104,269,51.4
4369,4469,270,120.17
6524,6624,270,188.43
4067,4167,270,150.07
4260,4360,270,89.01
2277,2377,270,73.36
4658,4758,270,56.31
4070,4170,270,109.86
4362,4462,270,61.91
4468,4568,270,95.75
6101,6201,270,59.88
6514,6614,270,28.7
3774,3874,270,61.1
4657,4758,270,25.08
4740,4840,270,78.64
6225,6325,270,23.45
6208,6308,270,33.55
6410,6510,270,92.99
4458,4559,270,24.84
3703,3603,270,5.56
6320,6420,270,99.98
839,738,270,4.77
838,837,270,6.27
1425,1325,270,3.17
1677,1778,270,8.47
4170,4270,271,113.31
6510,6610,271,117.79
4469,4569,271,112.23
4167,4267,271,116.74
5154,5254,271,56.31
6226,6326,271,67.66
6323,6423,271,51.32
6419,6519,271,50.81
6027,6127,271,67.41
6417,6517,271,34.5
5055,5155,271,46.4
5728,5828,271,36.65
5152,5252,271,45.32
6418,6518,271,40.64
6206,6306,271,44.01
6415,6515,271,29.83
3873,3973,271,55.88
4856,4957,271,27.39
5052,5151,271,25.46
6122,6222,271,49.23
6309,6409,271,88.19
3410,3409,271,13.16
3374,3475,271,19.36
6105,6205,271,44.72
5139,5239,271,92.19
4539,4640,271,18.26
772,673,271,5.74
6412,6512,271,36.25
2377,2477,271,100.26
6103,6203,271,41.02
6302,6402,271,61.99
6610,6710,272,100.15
2477,2577,272,102.86
4267,4367,272,104.32
4569,4669,272,104.43
4568,4668,272,86.48
6420,6520,272,58.56
6325,6425,272,68.01
6624,6724,272,79.32
6307,6407,272,47.43
3973,4073,272,119.59
6511,6611,272,31.76
6416,6516,272,31.77
4265,4365,272,31.05
4558,4659,272,26.85
4757,4858,272,26.36
4361,4460,272,25.06
4955,5056,272,27.18
1778,1878,272,53.59
6321,6421,272,43.35
3972,4072,272,30.93
4840,4940,272,80.97
1777,1878,272,8.47
6614,6714,272,54.37
1176,1277,272,8.23
6409,6509,272,111.86
2715,2814,272,7.49
1424,1324,272,2.86
1577,1678,272,7.51
2577,2677,273,116.94
6611,6711,273,111.81
6509,6609,273,111.98
6425,6525,273,119.77
5151,5251,273,78.93
5254,5354,273,67.87
5828,5928,273,94.04
6127,6227,273,85.81
6519,6619,273,82.96
6201,6301,273,41.73
6308,6408,273,43.36
4366,4466,273,29.82
6513,6613,273,31.49
6104,6204,273,27.91
3874,3974,273,46.88
6421,6521,273,120.28
6222,6322,273,91.9
5052,5051,273,12.9
4071,4171,273,26.34
670,570,273,6.56
1477,1578,273,7.2
4669,4769,273,101.15
6203,6303,273,79.6
1035,936,273,4.08
2677,2777,274,121.26
4367,4467,274,87.87
4668,4768,274,83.49
2814,2914,274,81.5
6714,6814,274,52.09
6306,6406,274,35.77
4270,4370,274,36.31
6512,6612,274,33.79
4073,4173,274,87.81
5155,5255,274,48.59
6326,6426,274,46.74
6423,6523,274,38.25
6518,6618,274,34.5
5252,5352,274,48.45
4460,4560,274,50.21
4072,4172,274,90.14
4171,4271,274,103.51
5253,5353,274,20.24
4461,4561,274,23.14
4363,4463,274,24.28
4364,4464,274,23.92
5055,5156,274,27.05
4658,4759,274,24.46
1878,1978,274,76.23
4045,4146,274,26.24
5927,6028,274,21.11
4145,4146,274,10.76
6322,6422,274,100.59
4940,5040,274,83.69
6520,6620,274,99.35
6408,6508,274,128.21
3703,3604,274,6.49
6402,6502,274,49.66
6407,6507,274,86.38
1033,933,274,2.9
6710,6810,274,62.65
2777,2877,275,121.26
4370,4470,275,119.87
6523,6623,275,109.29
6426,6526,275,116.94
6303,6403,275,98.38
6227,6327,275,86.81
6525,6625,275,51.76
4466,4566,275,76.71
6609,6709,275,58.79
6515,6615,275,27.47
3475,3575,275,27.92
6517,6617,275,30.74
4462,4562,275,21.14
3176,3276,275,19.94
6521,6621,275,87.93
4439,4540,275,21.05
3311,3211,275,6.79
6205,6305,275,31.41
6613,6713,275,60.28
4338,4339,275,9.22
3703,3602,275,6.33
6724,6824,275,44.3
6619,6719,275,73.81
4769,4869,275,94.6
6711,6811,275,96.86
847,746,275,1.57
3575,3675,276,138.9
4470,4570,276,123.39
6508,6608,276,78.8
6814,6914,276,55.1
6028,6128,276,73.67
5255,5355,276,59.74
4173,4273,276,94.01
4467,4567,276,81.12
6301,6401,276,36.06
6204,6304,276,46.85
6516,6616,276,29.37
4365,4465,276,27.53
1978,2078,276,72.5
4172,4272,276,97.08
6422,6522,276,71.61
6027,6128,276,20.53
3275,3375,276,15.65
6810,6910,276,58.04
5040,5140,276,84.6
6623,6723,276,100.56
6621,6721,276,108.64
670,571,276,7.61
6614,6715,276,25.08
3274,3375,276,8.39
6618,6718,276,62.72
1377,1478,276,7.18
6824,6924,276,100.07
4768,4868,276,80.32
1424,1323,276,3.28
3675,3775,277,181.02
6403,6503,277,75.97
6526,6626,277,50.18
4566,4666,277,73.45
6713,6813,277,50.11
6811,6911,277,93.99
4869,4969,277,87.87
6719,6819,277,75.87
2877,2977,277,85
6507,6607,277,41.78
4271,4371,277,34.35
5156,5256,277,49.9
4272,4372,277,105.03
4858,4958,277,20.28
4570,4670,277,118.93
6721,6821,277,106.02
5155,5256,277,26.63
4957,5057,277,18.7
6625,6725,277,57.76
4045,4046,277,11.71
6305,6405,277,51.54
4740,4841,277,16.86
670,569,277,7.43
6620,6720,277,47.53
6406,6506,277,46.23
6502,6602,277,47.81
6402,6503,277,26.39
6402,6501,277,24.3
6709,6809,277,52.91
1425,1326,277,3.74
4371,4471,278,112.53
6911,7011,278,117.05
4670,4770,278,111.61
4567,4667,278,76.35
6914,7014,278,60.79
4273,4373,278,99.41
6304,6404,278,62.57
6924,7024,278,71.31
6128,6228,278,81.05
6522,6622,278,78.13
3276,3376,278,46.16
6725,6825,278,124.08
5354,5454,278,23.15
3974,4074,278,24.42
6714,6815,278,25.76
6910,7010,278,50.89
6612,6712,278,26.25
5140,5240,278,82.39
2078,2178,278,85.84
4868,4968,278,80.32
6718,6818,278,69.25
4373,4473,279,100.25
6228,6328,279,104.65
4471,4571,279,116.14
4770,4870,279,104.73
4666,4766,279,70.39
6607,6707,279,64.52
6819,6919,279,77.94
6809,6909,279,74.67
6506,6606,279,50.81
6608,6708,279,36.5
6503,6603,279,52.96
6821,6921,279,88.81
6617,6717,279,30.05
6327,6427,279,32.38
4561,4661,279,22.09
4759,4859,279,21.45
4464,4564,279,23.26
4463,4563,279,20.42
4841,4941,279,65.07
3409,3508,279,17.89
3310,3309,279,10.93
3775,3875,279,50.22
3410,3309,279,8.94
4840,4941,279,16.2
3311,3210,279,7.67
4044,3945,279,6.79
4640,4741,279,18.61
4560,4660,279,21.38
6723,6823,279,44.45
1074,975,279,2.36
6818,6918,280,71.23
7014,7114,280,67.07
6404,6504,280,88.38
7011,7111,280,94.11
6815,6915,280,60.81
4667,4767,280,71.13
6720,6820,280,43.73
4372,4472,280,33.93
5256,5356,280,49.35
6501,6601,280,37.76
4969,5069,280,41.23
2178,2278,280,59.93
4465,4565,280,26.79
6616,6716,280,28.64
5355,5455,280,25.32
4562,4662,280,20.71
6814,6915,280,24.85
5353,5453,280,17.08
5156,5257,280,26.33
6823,6923,280,116.78
4571,4671,280,112.23
6626,6726,280,42.27
6405,6505,280,45.36
6825,6925,280,83.47
6602,6702,280,46.35
6622,6722,280,94.12
6406,6505,280,25.16
6502,6601,280,24.79
1075,1076,280,2.93
6712,6812,280,69.6
767,666,280,1.3
4671,4771,281,112.23
6722,6822,281,123.92
4472,4572,281,106.2
4766,4866,281,68.65
4870,4970,281,94.3
6427,6527,281,95.45
6606,6706,281,69.91
6909,7009,281,81.52
4473,4573,281,97.13
6919,7019,281,75.31
4968,5068,281,39.22
6813,6913,281,25.77
6921,7021,281,78.6
6726,6826,281,120.61
4941,5041,281,68.92
6814,6913,281,22.57
7010,7110,281,47.51
5151,5250,281,14.65
739,639,281,5.57
3376,3476,281,49.63
1033,932,281,3.33
842,742,281,2.27
6707,6807,281,62.53
6708,6808,281,69.51
6717,6817,281,62.78
6822,6922,282,106.92
4771,4871,282,109.02
6812,6912,282,71.23
6820,6920,282,78.56
6915,7015,282,56.83
5356,5456,282,55.49
4767,4867,282,71.13
6504,6604,282,73.34
6918,7018,282,73.25
7114,7214,282,68.95
6328,6428,282,33.85
2278,2378,282,75.26
4572,4672,282,105.62
2977,3077,282,24.14
4958,5058,282,20.76
4339,4440,282,22.94
6028,6129,282,18.4
6923,7023,282,78.38
5928,6029,282,16.28
4073,4174,282,14.44
3875,3975,282,41.2
5828,5929,282,13.09
6603,6703,282,45.55
4439,4440,282,7.61
6505,6605,282,73.09
5069,5169,282,89.29
6925,7025,282,66.99
4540,4641,282,21.01
4672,4772,283,108.42
6129,6229,283,110.05
6817,6917,283,64.96
6527,6627,283,50.18
6807,6907,283,61.47
6808,6908,283,92.2
7009,7109,283,98.71
7019,7119,283,77.94
6913,7013,283,64.48
4970,5070,283,88.73
6826,6926,283,78.56
7111,7211,283,44.75
4046,4147,283,25.65
5057,5157,283,19.06
5256,5357,283,26.46
6914,7013,283,20.55
5041,5141,283,71.8
7110,7210,283,77.79
5156,5157,283,11.83
6601,6701,283,38.08
2814,2913,283,13.98
6602,6701,283,25.13
1031,1030,283,3.31
6702,6802,283,47.11
4573,4673,283,93.57
4866,4966,283,66.95
738,737,283,8
2378,2478,283,119.96
1423,1422,283,2.34
2478,2578,284,118.54
4772,4872,284,112.23
6229,6329,284,103.8
5169,5269,284,86.75
5456,5556,284,70.17
6920,7020,284,75.96
7018,7118,284,80.48
7015,7115,284,67.03
6922,7022,284,78.58
6428,6528,284,69.34
6912,7012,284,90.53
4565,4665,284,25.93
3476,3576,284,36.7
4563,4663,284,20.98
4564,4664,284,23.06
7023,7123,284,67.03
4859,4959,284,20.85
5454,5554,284,17.19
4566,4665,284,16.23
4841,4942,284,21.37
7021,7121,284,36.38
6605,6705,284,60.67
4661,4761,284,22.95
5068,5168,284,39.63
740,640,284,4.28
2914,3013,284,14.77
4660,4760,284,21.64
4867,4967,284,71.62
6706,6806,284,49.25
6716,6816,284,31.3
766,665,284,1.34
753,653,284,2.69
846,745,284,1.79
3576,3676,285,122.32
7012,7112,285,114.85
6329,6429,285,132.97
2578,2678,285,117.93
6917,7017,285,66.96
6907,7007,285,56.65
6908,7008,285,86.85
4673,4773,285,90.65
7109,7209,285,79.96
7119,7219,285,66.69
7013,7113,285,75.06
6604,6704,285,47.08
4871,4971,285,47.74
5070,5170,285,89.56
4662,4762,285,22.63
5455,5555,285,22.72
6815,6916,285,22.9
5141,5241,285,78.95
7210,7310,285,70.41
4173,4274,285,13.09
6603,6704,285,27.18
5140,5241,285,15.81
3076,3177,285,8.03
6703,6803,285,48.45
4966,5066,285,65.3
873,774,285,3.59
761,660,285,1.45
2678,2778,286,108.88
3676,3776,286,173.29
7115,7215,286,76.11
5168,5268,286,81.38
7118,7218,286,73.12
6528,6628,286,50.18
4942,5042,286,59.52
4872,4972,286,53.71
4665,4765,286,67.66
5269,5369,286,86.75
6627,6727,286,42.27
6802,6902,286,49.76
7214,7314,286,32.19
4967,5067,286,72.09
6915,7016,286,24.28
5356,5457,286,24.73
7111,7212,286,27.29
4666,4765,286,17.2
4741,4842,286,22.66
3409,3408,286,6.71
3176,3277,286,8.46
5728,5829,286,8.31
739,638,286,6.33
6702,6801,286,24.96
6701,6801,286,41.62
837,836,286,6.36
4972,5072,287,114.27
7209,7309,287,54.57
4773,4873,287,93.57
6803,6903,287,52.36
7219,7319,287,54.93
4971,5071,287,94.89
6429,6529,287,59.6
7017,7117,287,75.72
7008,7108,287,62.57
7020,7120,287,36.25
6806,6906,287,46.05
5058,5158,287,20.44
4274,4374,287,86.56
4766,4865,287,17.78
6926,7026,287,33.2
7024,7124,287,11.54
4046,4047,287,11.02
3975,4075,287,22.3
4339,4340,287,8.77
7022,7122,287,35.28
4045,3946,287,7.46
6925,7026,287,20.68
6706,6805,287,24.41
5170,5270,287,90.11
6705,6805,287,41.11
5072,5172,288,111.92
7212,7312,288,67.41
7016,7116,288,68.99
5268,5368,288,78.83
6628,6728,288,50.18
5042,5142,288,64.78
6902,7002,288,53.14
3277,3377,288,56.91
7215,7315,288,64.58
7123,7223,288,33.21
5556,5656,288,25.8
7211,7311,288,23.38
569,568,288,9.74
7121,7221,288,31.27
4641,4742,288,24.18
3603,3503,288,5.61
1778,1879,288,7.99
6703,6804,288,26.66
1229,1228,288,2.22
5457,5557,288,51.06
6704,6804,288,44
5270,5370,289,85.07
7319,7419,289,53.17
5071,5171,289,92.47
5158,5258,289,50.8
7108,7208,289,50.65
7117,7217,289,75.59
7120,7220,289,62.8
4865,4965,289,64.16
6529,6629,289,50.2
6903,7003,289,52.64
6801,6901,289,44.14
5369,5469,289,39.63
7113,7213,289,25.74
7310,7410,289,26.46
2778,2878,289,42.95
4664,4764,289,22.54
4959,5059,289,21.4
4663,4763,289,21.56
4760,4860,289,21.88
6802,6901,289,24.27
4374,4474,289,85.02
4440,4541,289,22.94
7114,7213,289,17.68
1678,1779,289,8.43
3776,3876,289,44.3
3310,3209,289,7.15
5067,5167,289,33.75
740,641,289,5.02
2715,2714,289,2.85
4761,4861,289,22.46
7026,7126,289,60.87
3644,3745,289,3.6
4866,4965,289,18.36
5066,5166,289,31.22
5172,5272,289,106.78
4540,4541,289,7.58
5272,5372,290,102.1
1879,1979,290,90.64
7116,7216,290,78.34
5142,5242,290,75.33
7002,7102,290,55.79
7315,7415,290,52.69
4873,4973,290,41.91
7314,7414,290,28.75
7007,7107,290,24.31
5554,5655,290,25.79
6906,7006,290,47.29
6806,6905,290,25.2
6907,7006,290,22.03
6826,6927,290,16.89
4762,4862,290,22.79
6805,6905,290,44.17
5557,5657,290,66.04
4763,4863,291,59.75
7126,7226,291,62.89
4965,5065,291,62.59
7217,7317,291,62.38
7003,7103,291,51.88
6629,6729,291,57.76
4764,4864,291,61.68
7312,7412,291,46.02
5368,5468,291,39.05
7309,7409,291,27.51
6727,6827,291,21.76
6803,6904,291,25.68
7219,7320,291,24.91
4942,5043,291,23.36
4474,4574,291,83.02
7025,7125,291,11.18
4473,4574,291,12.49
7122,7222,291,32.2
1277,1378,291,7.67
3377,3477,291,42.86
6804,6904,291,47.29
4966,5065,291,18.93
842,743,291,2.68
5171,5271,291,93.57
1578,1679,291,8.28
4973,5073,292,81.27
7102,7202,292,52.33
7216,7316,292,66.9
5372,5472,292,97.77
5657,5757,292,76.5
5370,5470,292,38.64
5469,5569,292,41.04
6901,7001,292,45.71
7124,7224,292,23.76
7209,7308,292,22.75
7219,7318,292,22.63
4075,4175,292,22.53
7311,7411,292,29.47
7414,7514,292,64.67
1979,2079,292,87.46
3603,3504,292,6.54
1176,1177,292,2.67
2913,3012,292,15.84
1032,931,292,3.13
4862,4962,292,59.29
4573,4674,292,13.18
5457,5558,292,26.04
845,744,292,1.77
753,654,292,3.14
2216,2315,292,2.76
5043,5143,293,62.37
5271,5371,293,91.95
7125,7225,293,62.89
4864,4964,293,61.91
7226,7326,293,58.91
7317,7417,293,54.56
7103,7203,293,50.38
7410,7510,293,26.86
7223,7323,293,21.81
6728,6828,293,21.09
4047,4148,293,24.46
7319,7420,293,25.45
5158,5259,293,26.11
7108,7207,293,24.01
4340,4441,293,24.55
6903,7004,293,25.6
7212,7313,293,20.53
5042,5143,293,21.47
7006,7106,293,48.01
6906,7005,293,24.92
4863,4963,293,59.97
7221,7321,293,20.58
3876,3976,293,27.9
7320,7420,293,54.99
2814,2813,293,4.87
4641,4642,293,9.68
3603,3502,293,6.38
3212,3112,293,3.38
3213,3112,293,3.82
753,652,293,3.06
7514,7614,294,66.26
4674,4774,294,70.46
7001,7101,294,51.62
5472,5572,294,97.44
7316,7416,294,52.97
5470,5570,294,80.66
3477,3577,294,44.72
5468,5568,294,42.11
7415,7515,294,28.34
6927,7027,294,32.23
4962,5062,294,60.42
5167,5267,294,24.44
7312,7413,294,27.11
5059,5159,294,22.16
7315,7416,294,25.59
5569,5669,294,88.61
7319,7418,294,23.22
2878,2978,294,23.87
5073,5173,294,78.96
4742,4843,294,23.76
4673,4774,294,13.8
4861,4961,294,22.61
6029,6130,294,12.72
4860,4960,294,21.9
2977,3078,294,8.47
2079,2179,294,91.16
7026,7127,294,22.88
5656,5756,294,19.32
5166,5266,294,23.49
2179,2279,295,106.64
3577,3677,295,149.05
7326,7426,295,53.34
5371,5471,295,85.02
7417,7517,295,54.79
5143,5243,295,68.09
4964,5064,295,62.59
5558,5658,295,47.28
7412,7512,295,25.35
7409,7509,295,26.72
5258,5358,295,18.16
7003,7104,295,25.82
3745,3845,295,18.39
5572,5672,295,112.74
5065,5165,295,30.94
7321,7421,295,56.52
4274,4375,295,14.74
5929,6030,295,11.1
7420,7520,295,54.74
3604,3605,295,4.99
1478,1579,295,7.65
4963,5063,295,60.85
5557,5658,295,21.02
5457,5458,295,11.46
3744,3845,295,3.02
2279,2379,296,119.96
3677,3777,296,189.4
7413,7513,296,67.41
5173,5273,296,87.73
7418,7518,296,51.3
4961,5061,296,64.16
7416,7516,296,53.93
7101,7201,296,50.11
6828,6928,296,37.48
7005,7105,296,46.8
7308,7408,296,28.45
7202,7302,296,27.56
5062,5162,296,63.89
3078,3178,296,90.07
7126,7227,296,22.15
5268,5367,296,14.68
7006,7105,296,24.74
4773,4874,296,13.18
4942,4943,296,9.06
7411,7511,296,28.35
6229,6330,296,11.37
7222,7322,296,21.71
6129,6230,296,10.47
569,469,296,5.51
3211,3111,296,4.86
935,835,296,3.45
5063,5163,297,61.69
7517,7617,297,62.88
5471,5571,297,84.77
5658,5758,297,59.16
5570,5670,297,44.2
7510,7610,297,25.44
7203,7303,297,27.23
5757,5857,297,23.54
7224,7324,297,21.85
7207,7307,297,28.7
6729,6829,297,19.2
7103,7204,297,26.22
7106,7206,297,27.23
4374,4475,297,15.12
7421,7521,297,54.7
4175,4275,297,24.82
5672,5772,297,81.99
5669,5769,297,45.58
7426,7526,297,53.35
5655,5755,297,15.28
4375,4475,297,71.45
2379,2479,297,119.12
3178,3278,298,83.33
4874,4974,298,79.51
7322,7422,298,56.52
7518,7618,298,53.22
7201,7301,298,56.7
5273,5373,298,98.82
7227,7327,298,58.92
7515,7615,298,25.04
5061,5161,298,68.09
7225,7325,298,21.86
7323,7423,298,20.12
5558,5659,298,26.9
5043,5144,298,22.34
7226,7327,298,23.57
7226,7325,298,21.23
568,567,298,11.11
4047,4048,298,9.91
4340,4341,298,9.98
737,736,298,6.93
5250,5249,298,6.12
5568,5668,298,30.85
4046,3947,298,6.95
5772,5872,298,101.91
638,637,298,8.52
5367,5467,298,71.81
4974,5074,299,105.13
5571,5671,299,95.64
2479,2579,299,75.67
7526,7626,299,53.35
5758,5858,299,79.83
7521,7621,299,52.89
7513,7613,299,48.66
3777,3877,299,35.94
5769,5869,299,93.53
7512,7612,299,26.31
5266,5366,299,23.99
4960,5060,299,22.57
7614,7714,299,23.03
5162,5262,299,34.39
7326,7427,299,25.4
5259,5359,299,19.95
4441,4542,299,26.9
6330,6430,299,37.67
4973,5074,299,16.11
5373,5473,299,101.43
5670,5770,299,99.45
5829,5930,299,10.9
4474,4575,299,15.64
4742,4743,299,9.36
4642,4743,299,23.93
3975,4076,299,8.47
5064,5164,299,31.64
934,834,299,3.31
4475,4575,299,80.67
5165,5265,299,32.37
4541,4542,299,10.83
5770,5870,300,110.05
7618,7718,300,66.26
7301,7401,300,51.33
7615,7715,300,59.74
5161,5261,300,71.39
3278,3378,300,59.73
6829,6929,300,36.38
7408,7508,300,25.95
7302,7402,300,28.7
6928,7028,300,30.39
7105,7205,300,26.82
7516,7616,300,25.26
7509,7609,300,24.79
7418,7519,300,25.98
7326,7425,300,23.16
5143,5244,300,20.29
7423,7523,300,51.58
4674,4775,300,19.47
5144,5244,300,58.3
5558,5559,300,12.69
7422,7522,300,53.08
7419,7519,300,9.1
7511,7611,300,25.26
639,539,300,5.5
5473,5573,300,109.77
569,470,300,6.43
569,468,300,6.27
7420,7519,300,22.69
1324,1224,300,3.69
4574,4675,300,17.3
1621,1521,300,1.54
5872,5972,300,60.06
7617,7717,301,5.54
3111,3110,301,75.54
2813,2812,301,74.34
931,930,301,52.69
2714,2713,301,85.03
3408,3407,301,179.16
5358,5459,301,9.58
1030,1029,301,229.7
639,538,301,26.77
7520,7620,301,4.17
3508,3507,301,168.02
3309,3308,301,106.84
5074,5174,301,5.62
3211,3110,301,15.47
1324,1223,301,25.51
1323,1322,301,113.05
7426,7525,301,26.75
934,833,301,24.65
3608,3607,301,157.25
2913,2912,301,74.08
1129,1128,301,74.54
1820,1819,301,23.64
3407,3406,302,204.57
3308,3307,302,197.17
3607,3606,302,191.9
637,636,302,45.09
3507,3506,302,204.83
5161,5160,302,72.02
7303,7403,302,6.98
5163,5263,302,4.6
5769,5768,302,82.39
4441,4442,302,9.26
3209,3208,302,45.4
7206,7306,302,6.82
660,659,302,74.55
1422,1421,302,74.54
639,540,302,10.31
7426,7527,302,10.07
5772,5771,302,76.19
3701,3601,302,3.78
2018,2017,302,18.75
1621,1520,302,8.01
5872,5871,302,71.04
3208,3207,303,183.58
3307,3306,303,191.09
1322,1321,303,74.54
2713,2712,303,77.05
2812,2811,303,58.29
5972,5971,303,34.64
5858,5958,303,3.98
5467,5466,303,35.86
7526,7625,303,26.75
7204,7304,303,7.27
1029,1028,303,74.54
5366,5365,303,32.74
3406,3405,303,124.09
652,651,303,35.74
7307,7407,303,7.01
5756,5856,303,4.3
3012,3011,303,35.31
568,467,303,21.62
3506,3505,303,128.65
1228,1227,303,28.48
5568,5567,303,32.86
7425,7424,303,40.15
1324,1225,303,7.7
5869,5868,303,36.08
2615,2614,303,28.86
638,537,303,26.76
2415,2414,303,23.43
1918,1917,303,18.67
1620,1619,303,21.96
2018,2117,303,3.05
2515,2514,303,26.4
2216,2215,303,16.18
3306,3305,304,108.37
3207,3206,304,127.88
1227,1226,304,260.17
659,658,304,84.38
7525,7524,304,39.69
1223,1222,304,44
7610,7710,304,7.32
5668,5667,304,30.57
5043,5044,304,7.88
4642,4643,304,8.59
932,831,304,24
5261,5260,304,25.71
1720,1719,304,25.39
2614,2613,305,88.01
2712,2711,305,64.79
2514,2513,305,87.82
930,929,305,29.75
3110,3109,305,31.37
567,566,305,20.96
5857,5957,305,6.31
835,734,305,26.59
7518,7619,305,9.54
5658,5759,305,5.26
5856,5855,305,52.33
3947,3846,305,26.71
931,830,305,24.49
2315,2314,305,20.66
3405,3404,305,91.98
932,832,305,10.23
5768,5767,305,36.64
5265,5264,305,24.27
2912,2911,305,25.79
3206,3205,306,80.78
658,657,306,76.23
3011,3010,306,47.87
5567,5566,306,35.99
5971,5970,306,49.99
467,466,306,39.49
1321,1320,306,41.44
537,536,306,46.3
1421,1420,306,26.02
637,536,306,26.31
7521,7622,306,11.14
835,735,306,13.83
3109,3108,306,121.64
7227,7328,306,8.72
3947,3847,306,15.7
5466,5465,306,33.38
3502,3501,306,17.28
4047,3948,306,10.42
736,735,306,17.53
7523,7622,306,26.7
755,655,306,2.84
2613,2612,307,82.4
2513,2512,307,87.42
2711,2710,307,69.47
2414,2413,307,28.83
2811,2810,307,25.18
5868,5867,307,26.69
7525,7624,307,26.77
3010,3009,307,176.96
7717,7716,307,17.27
1223,1122,307,26.47
7609,7608,307,15.32
7526,7627,307,10.07
7614,7713,307,11.91
5667,5666,307,34.63
1819,1818,307,19.15
653,553,307,8.04
929,928,307,74.66
747,646,307,10.92
7523,7623,307,15.73
750,649,307,9.22
538,437,307,26.69
539,438,307,21.27
657,656,308,54.7
466,465,308,69.46
3108,3107,308,97.71
5970,5969,308,57.97
5855,5854,308,49.58
3305,3304,308,25.96
651,650,308,23.66
1619,1618,308,24.53
7508,7507,308,14.2
1222,1221,308,30.45
3009,3008,308,110.1
4943,4944,308,8.58
746,645,308,11.74
2911,2910,308,38.96
749,648,308,9.11
4375,4476,308,5.87
5365,5364,308,24.89
928,927,309,55.49
5767,5766,309,26.08
2314,2313,309,25.28
566,565,309,31.53
537,436,309,26.1
2215,2214,309,18.96
1520,1519,309,16.15
1128,1127,309,12.74
1224,1123,309,16.21
1223,1123,309,13.5
536,535,309,34.61
1719,1718,309,22.82
4341,4342,309,8.35
5857,5956,309,12.12
2512,2511,309,75.34
2710,2709,309,72.59
1917,1916,309,18.7
7227,7228,309,7.66
5856,5955,309,24.6
4441,4342,309,10.43
5144,5245,309,10.74
5144,5145,309,9.56
636,635,309,16.31
7306,7305,309,15.34
653,552,309,10.51
1028,1027,309,17.95
2910,2909,309,215.95
2017,2016,309,15.35
747,647,309,4.04
748,647,309,8.72
3107,3106,310,75.42
465,464,310,78.54
1320,1319,310,28.15
5465,5464,310,31.28
2712,2611,310,20.35
7612,7712,310,7.99
7714,7814,310,7.77
830,829,310,20.43
2810,2809,310,37.37
7610,7709,310,11.52
7327,7428,310,10.02
1122,1121,310,39.79
7307,7406,310,11.79
5566,5565,310,31.34
2909,2908,310,171.62
3404,3403,310,21.52
565,564,311,81.41
2709,2708,311,62.94
5854,5853,311,33.51
5969,5968,311,44.3
5867,5866,311,29.97
1221,1220,311,36.39
3205,3204,311,22.92
832,731,311,26.5
1127,1126,311,70.12
5855,5954,311,25.36
2413,2412,311,27.15
2511,2510,311,66.38
5666,5665,311,30.16
745,644,311,10.68
4642,4543,311,9.73
4542,4543,311,8.57
564,563,312,104.8
3106,3105,312,76.63
464,463,312,84.17
2809,2808,312,96.09
3008,3007,312,33.1
734,733,312,16.53
3847,3746,312,26.7
7718,7817,312,12.1
536,435,312,26.35
1121,1120,312,70.23
7714,7813,312,10.97
1126,1125,312,260.17
2611,2610,312,65.73
436,435,312,39.7
735,634,312,26.77
3947,3848,312,11.12
834,733,312,11.91
652,551,312,11.08
2908,2907,312,71.34
829,828,312,78.14
664,563,312,7.9
7427,7528,312,9.79
663,562,312,7.37
1125,1124,313,221.68
3007,3006,313,124.38
2510,2509,313,62.81
2708,2707,313,55.54
1027,1026,313,26.59
5364,5363,313,24.17
7624,7723,313,26.58
832,732,313,13.57
3847,3747,313,15.73
438,337,313,25.53
540,439,313,13.71
7717,7816,313,11.91
7623,7722,313,26.62
7508,7607,313,11.28
2313,2312,313,25.11
437,336,313,26.7
5972,6071,313,11.19
7402,7501,313,11.79
7715,7815,313,8.08
1618,1617,313,20.72
7609,7708,313,11.57
7612,7711,313,10.62
1122,1021,313,26.77
5144,5045,313,10.74
743,642,313,9.92
4943,4844,313,9.71
744,643,313,10.28
539,439,313,8.22
463,462,314,83.19
828,827,314,74.54
3105,3104,314,76.89
5565,5564,314,30.35
5854,5753,314,26.14
5854,5953,314,26.14
2214,2213,314,22.7
7624,7724,314,16.19
5759,5859,314,11.77
7403,7502,314,11.8
1519,1518,314,20.52
562,561,314,76.3
4874,4975,314,5.5
7227,7128,314,8.72
2610,2609,314,63.41
1122,1022,314,14.96
2907,2906,314,74.55
1319,1318,314,30.56
3304,3303,314,16.86
653,554,314,6.51
5766,5765,314,23.19
1818,1817,314,16.54
4375,4376,314,5.08
4542,4443,314,9.7
2217,2116,314,7.39
1026,1025,315,74.55
5968,5967,315,31.89
5853,5852,315,28.85
5464,5463,315,24.8
1220,1219,315,32.06
5955,6055,315,17.46
5955,6054,315,25.84
651,550,315,12.12
5174,5274,315,7.33
436,335,315,26.77
1718,1717,315,17.21
3503,3402,315,8.04
7306,7405,315,11.57
6429,6530,315,1.63
2778,2879,315,1.9
2906,2905,316,64.51
2609,2608,316,54.68
3006,3005,316,37.62
2808,2807,316,31.47
2412,2411,316,24.79
2709,2608,316,21
7507,7506,316,12.65
5665,5664,316,23.38
561,560,316,70.53
7407,7506,316,11.17
438,338,316,11.85
2512,2411,316,16.88
3204,3203,316,20.41
535,534,316,16.01
5866,5865,316,22.32
462,461,316,71.66
1025,1024,317,74.55
550,549,317,98.46
2707,2706,317,32.09
731,730,317,17.19
5954,6053,317,25.34
2708,2607,317,23.58
5853,5752,317,24.75
5853,5952,317,24.75
927,926,317,13.77
2312,2311,317,25.03
1420,1419,317,9.14
734,633,317,11.8
7710,7809,317,11.64
7304,7404,317,7.21
5363,5362,317,26.54
7403,7503,317,7
7618,7719,317,6.11
4874,4875,317,4.76
2511,2410,317,19.79
4075,4176,317,1.89
5260,5360,317,8.07
2016,2015,317,12.7
549,548,318,133.13
1024,1023,318,260.17
461,460,318,63.02
335,334,318,35.44
5765,5764,318,28.4
5564,5563,318,25.57
1318,1317,318,31.54
733,632,318,26.73
2510,2409,318,21.05
560,559,318,68.38
5957,6057,318,7.93
7710,7810,318,7.19
4442,4343,318,9.37
2213,2212,318,27.49
470,369,318,8.29
1121,1020,318,18.49
469,368,318,7.9
6071,6070,318,21.5
672,572,318,2.55
7621,7720,318,7.8
2706,2705,319,76.04
3005,3004,319,33.41
2905,2904,319,46.93
3104,3103,319,20.61
2509,2508,319,18.75
2807,2806,319,49.22
336,235,319,26.77
7813,7812,319,15.77
5957,6056,319,10.73
5044,4945,319,9.6
7718,7818,319,5.51
2579,2679,319,3.11
337,236,319,26.77
1518,1517,319,22.15
1219,1218,319,26.54
534,533,319,36.51
4475,4576,319,5.07
5463,5462,319,26.47
460,459,320,54.81
926,925,320,35.74
5664,5663,320,25.69
5967,5966,320,22.74
3303,3302,320,17.11
7607,7606,320,14.32
5953,6052,320,25.78
7708,7707,320,14.5
435,434,320,13.54
645,544,320,12.13
559,558,320,62.49
7624,7725,320,11.64
5867,5966,320,11.65
7608,7707,320,11.22
553,452,320,11.7
5759,5760,320,6.68
548,547,320,77.85
646,546,320,7.72
646,545,320,11.05
4643,4644,320,6.36
337,237,320,14.88
1817,1816,320,17.31
1916,1915,320,9.98
1617,1616,320,16.06
874,875,320,0.99
7621,7721,320,4.16
2705,2704,321,78.69
5563,5562,321,34.83
368,367,321,42.22
632,631,321,47.67
334,333,321,37.1
5752,5751,321,29.08
5865,5864,321,22.53
335,234,321,26.48
5362,5361,321,27.39
2116,2115,321,15.04
2806,2805,321,83.86
6054,6154,321,17.92
6054,6153,321,25.4
2607,2606,321,25.46
6055,6155,321,17.64
6055,6154,321,25.68
1020,1019,321,38.33
3402,3401,321,19.95
6070,6069,321,35.33
640,541,321,4.34
4375,4276,321,5.87
925,924,322,68.04
533,532,322,43.45
5764,5763,322,32.9
1317,1316,322,25.03
2608,2507,322,26.14
5852,5851,322,14.5
5245,5246,322,8.29
552,451,322,11.54
5969,6068,322,10.26
553,453,322,7.13
2212,2211,322,25.18
467,366,322,7.72
1120,1119,322,10.49
5829,5830,322,2.31
1717,1716,322,15.18
534,433,322,26.61
2311,2310,322,21.89
3203,3202,322,19.38
924,923,323,102.83
459,458,323,42.08
2904,2903,323,31.8
5752,5652,323,18.37
5752,5651,323,24.84
2606,2605,323,52.45
558,557,323,46.24
7709,7808,323,11.54
7814,7913,323,11.45
7712,7811,323,11.43
5145,5046,323,10.18
830,729,323,8.04
7406,7505,323,11.02
2805,2804,323,61.82
5462,5461,323,25.74
451,450,324,51.25
234,233,324,46.6
1019,1018,324,48.41
5663,5662,324,26.5
3004,3003,324,24.38
2409,2408,324,18.52
632,531,324,25.82
334,233,324,26.67
5952,5951,324,14.96
557,556,324,165.25
827,826,324,11.01
5968,6067,324,11.47
644,543,324,11.65
7814,7914,324,7.39
5759,5660,324,7.65
5759,5860,324,7.65
1218,1217,324,24.7
2704,2703,324,44.16
5972,6072,324,4.25
4643,4544,324,7.29
4643,4744,324,7.29
1419,1418,324,16.52
6928,7029,324,4.02
5966,5965,324,25.96
631,630,324,39.49
2015,2014,324,15.14
3103,3102,324,21.29
923,922,325,74.55
729,728,325,78.15
2605,2604,325,81.91
433,432,325,45.77
366,365,325,47.84
5864,5863,325,25.69
533,432,325,26.54
235,134,325,26.47
236,135,325,26.57
7817,7916,325,11.15
1517,1516,325,18.87
7813,7912,325,11.66
540,440,325,4.52
556,555,325,251.41
3302,3301,325,22.41
3745,3645,325,3.87
2878,2979,325,1.96
6071,6170,325,12.17
543,542,326,50.23
1018,1017,326,56.57
458,457,326,42.04
2804,2803,326,34.77
5851,5850,326,29.68
5763,5762,326,25.78
5562,5561,326,24.85
236,136,326,16.22
7816,7915,326,11.32
7607,7706,326,11.32
7815,7915,326,7.96
7708,7807,326,11.37
7817,7917,326,7.65
6055,6156,326,13.43
438,339,326,7.72
7502,7601,326,11.91
3202,3201,326,27.34
1916,1815,326,8.76
333,332,326,22.28
457,456,327,232.43
728,727,327,74.54
922,921,327,74.55
2604,2603,327,58.26
3102,3101,327,34.14
1217,1216,327,33.67
5863,5862,327,65.14
2211,2210,327,23.72
234,133,327,26.04
6153,6152,327,17.44
1915,1914,327,14.92
2507,2506,327,22.59
5859,5959,327,7.73
6052,6051,327,14.93
5045,4946,327,10.33
134,133,327,50.71
3746,3646,327,6.77
5174,5175,327,3.88
7606,7605,327,16.62
337,238,327,10.31
1119,1118,327,21.32
631,530,327,26.77
1616,1615,327,14.52
365,364,328,46.76
5662,5661,328,29.55
5965,5964,328,26.27
450,449,328,31.12
5851,5750,328,25.06
5851,5950,328,25.06
451,350,328,24.91
1316,1315,328,19.43
2115,2114,328,16.55
5951,5950,328,31
2310,2309,328,19.42
7405,7504,328,11.44
550,449,328,11.61
6067,6066,328,25.1
5957,6058,328,6.29
5461,5460,328,22.91
456,455,328,260.17
921,920,329,74.54
1017,1016,329,35.63
6170,6169,329,27.4
1418,1417,329,20.01
1716,1715,329,15.46
453,352,329,22.85
133,132,329,62.81
7719,7819,329,9.05
455,454,329,260.17
5652,5551,329,25.12
7912,7911,329,28.21
7503,7602,329,11.96
7502,7602,329,6.82
630,629,329,23.54
570,471,329,2.58
2703,2702,329,20.31
364,363,330,58.37
1118,1117,330,40.57
432,431,330,21.18
2506,2505,330,36.44
826,825,330,18.9
3003,3002,330,19.63
543,442,330,25.19
450,349,330,25.53
2903,2902,330,15.88
350,349,330,68.98
5862,5861,330,46.89
2408,2407,330,19.94
5951,6050,330,25.49
7809,7908,330,11.47
449,448,330,63.98
6829,6830,330,2.98
3877,3977,330,3.09
6071,6171,330,5.94
1075,976,330,1.57
349,348,331,112.13
448,447,331,129.52
629,628,331,74.62
352,351,331,68.43
5762,5761,331,20.41
332,331,331,23.28
5660,5560,331,15.08
2014,2013,331,16.48
135,34,331,26.51
451,351,331,11.12
5561,5560,331,20.88
369,268,331,11.28
7809,7909,331,7.37
7810,7909,331,11.74
2603,2602,331,28.74
134,33,331,25.06
6057,6157,331,7.81
7912,8012,331,18.59
7912,8011,331,24.5
920,919,331,74.54
5573,5673,331,3.24
363,362,332,63.02
2702,2701,332,35.29
2210,2209,332,21.13
727,726,332,22.23
135,35,332,16.38
5863,5962,332,20.22
2505,2504,332,74.15
545,444,332,12
236,137,332,11.67
1216,1215,332,20.47
7722,7821,332,7.82
136,35,332,24.62
7503,7603,332,6.74
7723,7822,332,7.86
7606,7705,332,11.82
6829,6930,332,3.42
4443,4444,332,5.81
5966,6065,332,11.99
7807,7806,332,17.11
233,232,332,12.59
1516,1515,332,15.89
7706,7705,332,18.17
3377,3478,332,1.36
4543,4444,332,6.75
348,347,333,56.3
33,32,333,68.15
268,267,333,61.17
628,627,333,74.54
919,918,333,61.82
1117,1116,333,40.52
3002,3001,333,38.42
2902,2901,333,39.89
6152,6151,333,17.91
2803,2802,333,15.21
5850,5849,333,16.12
543,443,333,11.44
453,353,333,9.3
6154,6253,333,11.85
6153,6252,333,11.94
5862,5961,333,25.99
544,443,333,11.25
7818,7918,333,7.17
7605,7604,333,18.8
442,441,333,44.11
5964,5963,333,24.27
7810,7910,333,7.07
5174,5075,333,4.5
5174,5275,333,4.5
447,446,333,56.04
7911,7910,333,30.33
1579,1479,333,2.78
5074,5075,333,2.92
825,824,334,26.59
1914,1913,334,15.58
1815,1814,334,13.98
2504,2503,334,71.46
6155,6255,334,8.02
2309,2308,334,17.23
2114,2113,334,19.09
5651,5650,334,9.16
2678,2779,334,1.27
1315,1314,334,17.94
362,361,334,60.17
446,445,335,63.23
267,266,335,57.05
2602,2601,335,25.26
1016,1015,335,19.36
1417,1416,335,19.65
530,529,335,13.3
5246,5247,335,7.71
6155,6254,335,10.55
546,445,335,9.46
2407,2406,335,24.12
7912,8013,335,14.98
6068,6167,335,11.1
5950,5949,335,15.18
7911,8010,335,25.28
431,430,335,20.16
4343,4344,335,6.16
1277,1278,335,1.01
2802,2801,336,38.32
2013,2012,336,20.25
5551,5550,336,14.8
5965,6064,336,11.97
5046,5047,336,7.92
918,917,336,37.42
7808,7907,336,11.59
238,138,336,11.23
461,360,336,7.24
442,341,336,26.46
5274,5374,336,4.83
6067,6166,336,12.05
2212,2111,336,7.98
136,36,336,10.81
331,330,336,21.89
347,346,336,49.87
346,345,337,136.83
529,528,337,86.15
824,823,337,47.72
627,626,337,25.5
6157,6256,337,26.73
6050,6049,337,15.07
6169,6168,337,13.81
6170,6269,337,11.88
2503,2502,337,33.66
1679,1780,337,1.83
345,344,338,204.52
266,265,338,47.32
1116,1115,338,20.63
2209,2208,338,18.4
348,247,338,23.33
6157,6257,338,15.56
1715,1714,338,12.49
1615,1614,338,9.83
7916,8016,338,7.76
7916,8015,338,11
7914,8014,338,7.22
339,239,338,8.74
1215,1214,338,17.15
460,359,338,7.41
442,342,338,13.46
3746,3647,338,5.53
7723,7823,338,4.07
4575,4676,338,3.46
7807,7906,338,11.89
132,131,338,11.31
7706,7805,338,12.02
7705,7704,338,18.73
7806,7805,338,17.92
6269,6268,339,85.67
528,527,339,74.54
823,822,339,60.92
2406,2405,339,26.34
8010,8009,339,26.65
2113,2112,339,24.5
7910,8009,339,25.17
344,343,339,174.31
726,725,339,15.72
6152,6251,339,11.99
5750,5749,339,9.19
5046,4947,339,9
341,340,339,49.76
459,358,339,7.67
7819,7919,339,10.71
5849,5848,339,17.23
247,246,339,155.81
347,246,339,25.29
1177,1077,339,2.32
7721,7820,339,7.8
265,264,340,52.73
330,329,340,26.75
6064,6063,340,28.01
430,429,340,21.31
1913,1912,340,17.81
2308,2307,340,19.36
5961,5960,340,14.52
6151,6150,340,16.67
1515,1514,340,14.13
4544,4545,340,6.34
2211,2110,340,8.01
7917,8017,340,7.58
470,370,340,2.55
6829,6730,340,3.42
6066,6165,340,12.14
1314,1313,340,17.18
7627,7726,340,4.36
246,245,341,51.09
822,821,341,79.9
2405,2404,341,58.52
917,916,341,22.97
1015,1014,341,16.71
8010,8110,341,18.96
8010,8109,341,23.82
5949,5948,341,17.78
1814,1813,341,15.28
7602,7701,341,11.81
7601,7701,341,6.72
1416,1415,341,17.85
2012,2011,341,24.82
137,37,341,11.27
1879,1980,341,1.37
232,231,341,12.45
6063,6062,342,51.18
429,428,342,90.99
329,328,342,90.88
264,263,342,59.09
358,357,342,47.94
138,38,342,18.55
348,248,342,9.67
6157,6158,342,9.78
458,357,342,7.67
341,240,342,25.32
7908,8007,342,11.8
6057,6158,342,6.09
5930,5931,342,2.32
32,31,342,11.87
3976,4077,342,2.04
821,820,343,75.94
626,625,343,19.27
2404,2403,343,73.94
2602,2501,343,12.04
428,427,344,74.54
328,327,344,74.54
357,356,344,92.13
239,139,344,17.93
7704,7703,344,16.95
2208,2207,344,18
6049,6048,344,14.81
138,139,344,13.79
5550,5549,344,13.17
8010,8111,344,15.74
7603,7702,344,11.98
6157,6258,344,10.98
8012,8111,344,11.72
7602,7702,344,6.97
7909,8008,344,11.42
6257,6357,344,17.67
6257,6356,344,25.65
4544,4645,344,7.28
6072,6172,344,5.1
7725,7824,344,6.1
7805,7804,344,17.05
1214,1213,344,18.42
7705,7804,344,12.07
7806,7905,344,11.99
6062,6061,345,43.97
2011,2010,345,28.02
6165,6164,345,23.5
2110,2109,345,24.16
2307,2306,345,23.12
246,145,345,24.96
725,724,345,17.66
1115,1114,345,15.86
1714,1713,345,14.39
5650,5649,345,9.5
6151,6250,345,11.83
6253,6352,345,12.01
263,262,345,49.41
5848,5847,345,17.83
6171,6270,345,9.95
2210,2109,345,8.04
6170,6270,345,5.02
341,241,345,11.59
350,249,345,8.6
5972,5973,345,2.27
1912,1911,345,21.56
820,819,345,74.06
1779,1880,345,1.38
356,355,345,260.17
773,674,345,1.42
355,354,346,260.17
6063,6162,346,24.93
6268,6267,346,14.53
527,526,346,16.06
2403,2402,346,41.22
138,39,346,14.91
8012,8112,346,7.1
352,251,346,8.62
5749,5748,346,16.55
369,269,346,3.59
145,144,347,77.95
916,915,347,18.42
5948,5947,347,17.14
6254,6353,347,11.91
6255,6355,347,7.86
353,252,347,10.49
7918,8018,347,7.51
1014,1013,347,17.96
1415,1414,347,16.91
819,818,348,41.33
427,426,348,27.05
6062,6161,348,26.48
6150,6149,348,13.08
246,146,348,11.17
6269,6368,348,14.13
6064,6163,348,11.83
6255,6354,348,10.84
8007,8006,348,17.04
351,250,348,8.38
1813,1812,348,16.27
245,244,348,16.26
1313,1312,348,14.23
1679,1680,348,1.58
262,261,348,45.98
7907,8006,348,11.94
6166,6265,348,12.17
1911,1910,349,25.65
2207,2206,349,22.45
327,326,349,24.93
625,624,349,16.82
239,140,349,13.85
1614,1613,349,9.74
6257,6358,349,13.48
5830,5831,349,3.75
5930,6031,349,2.68
3477,3578,349,1.4
5373,5474,349,2.44
8109,8108,349,12.73
6368,6367,350,90.71
2109,2108,350,20.83
2306,2305,350,23.17
2010,2009,350,24.43
7704,7803,350,11.87
6049,6148,350,11.45
4344,4345,350,6.72
6357,6457,350,17.93
6357,6456,350,25.39
2209,2108,350,8.05
7906,8005,350,11.79
7819,7920,350,6.85
8013,8113,350,7.08
2502,2401,350,11.32
231,230,350,11.56
7805,7904,350,11.88
1979,2080,350,1.4
7328,7329,350,2.28
261,260,351,35.64
244,243,351,34.31
724,723,351,18.59
5549,5548,351,16.47
1514,1513,351,9.16
5961,6060,351,7.97
8015,8115,351,7.74
8015,8114,351,11.02
268,167,351,7.28
6267,6266,351,23.97
7822,7921,351,7.81
8016,8115,351,11.15
5847,5846,351,17.33
1114,1113,351,19.07
1213,1212,351,16.48
131,130,351,8.21
672,573,351,1.51
243,242,352,140.65
526,525,352,19.99
6162,6261,352,25.94
6048,6047,352,12.64
8112,8212,352,18.22
8112,8211,352,25.04
6165,6264,352,12.13
6251,6350,352,11.76
5649,5648,352,16.47
4545,4546,352,8.58
6252,6351,352,7.84
8016,8116,352,7.65
5748,5747,352,18.46
1713,1712,352,15.13
167,166,353,73.73
2206,2205,353,26.43
1910,1909,353,28.05
818,817,353,23.61
915,914,353,18.97
1013,1012,353,17.13
6250,6249,353,13.87
7919,8019,353,7.26
267,166,353,7.36
2305,2304,353,40.18
5551,5450,353,6.14
6330,6331,353,1.7
6060,6059,354,45.2
326,325,354,20.62
1812,1811,354,19
426,425,354,17.59
145,44,354,16.12
139,40,354,14.61
330,229,354,7.96
6456,6455,354,29.96
266,165,354,7.56
8007,8106,354,11.88
1414,1413,354,15.18
5947,5946,354,15.39
5972,5873,354,2.62
5972,6073,354,2.62
260,259,355,28.85
723,722,355,25.74
2009,2008,355,22.85
8108,8107,355,16.88
624,623,355,19.91
6161,6160,355,15.49
6162,6262,355,12.45
8017,8117,355,7.14
4545,4646,355,9.7
2304,2303,355,68.62
5550,5449,355,7.82
360,259,355,7.84
6357,6458,355,13.86
7428,7429,355,2.27
165,164,356,68.93
130,129,356,22.23
2108,2107,356,17.8
6457,6557,356,17.74
6457,6556,356,25.58
229,228,356,90.06
1312,1311,356,13.68
7701,7801,356,6.72
8112,8213,356,14.32
359,258,356,7.89
2208,2107,356,8.05
8110,8210,356,6.77
6330,6431,356,1.96
5672,5773,356,1.76
2205,2204,357,26.5
6264,6263,357,24.57
5548,5547,357,17.77
6060,6159,357,26.29
7803,7802,357,15.32
6148,6147,357,14.53
6164,6263,357,12.03
2303,2302,357,57.75
7804,7903,357,11.57
7703,7802,357,11.66
7823,7922,357,7.84
44,43,357,47.34
7904,7903,357,15.48
6367,6366,357,14.4
7822,7922,357,4.15
1113,1112,357,17.77
31,30,357,7.1
4076,4177,357,2.35
1613,1612,357,14.09
8005,8004,357,15.73
7905,8004,357,11.69
2401,2301,357,15.74
5473,5574,357,2.31
164,163,358,52.73
258,257,358,70.36
228,227,358,74.54
1909,1908,358,23.58
2204,2203,358,171.23
5747,5746,358,18.51
1712,1711,358,17.23
525,524,358,17.06
5846,5845,358,15.46
6250,6349,358,11.18
129,128,358,89.92
370,270,358,5.59
358,257,358,7.55
5648,5647,358,18.41
8110,8209,358,8.75
1579,1580,358,1.45
3877,3878,358,1.65
722,721,359,30.63
1811,1810,359,23.97
325,324,359,20.62
817,816,359,18.47
6261,6260,359,14.89
6047,6046,359,14.88
7920,8020,359,11.71
6368,6467,359,13.04
257,256,359,105.14
43,42,359,71.28
246,147,359,7.2
6269,6369,359,4.69
2579,2580,359,1.67
914,913,359,18.88
8109,8208,359,8.16
256,255,360,260.17
2203,2202,360,78.69
425,424,360,18.78
1212,1211,360,11.47
42,41,360,101.36
6556,6555,360,28.79
6354,6453,360,12.03
6265,6364,360,12.15
6355,6454,360,11.63
354,253,360,10.71
251,150,360,10.11
44,143,360,25.89
140,141,360,9.59
353,253,360,3.74
3977,3978,360,3.38
6171,6271,360,3.42
7725,7825,360,2.52
1513,1512,360,12.06
2107,2106,361,4.39
2008,2007,361,13.4
8106,8105,361,16.42
6249,6248,361,13.41
6457,6558,361,13.64
2207,2106,361,17.73
821,720,361,26.16
8006,8105,361,8.17
249,148,361,30.23
263,162,361,22.73
1012,1011,361,10.45
6467,6466,361,32.49
5946,5945,361,10.57
7328,7229,361,2.94
6260,6259,362,35.03
5449,5448,362,9.01
6262,6361,362,14.79
623,622,362,12.44
2302,2201,362,45.49
8108,8207,362,7.95
252,151,362,29.45
8018,8118,362,4.74
269,168,362,24.2
145,45,362,10.39
250,149,362,29.4
1313,1412,362,4.31
262,161,362,22.42
30,29,362,14.12
2079,2180,362,1.28
143,142,363,36.91
128,127,363,15.43
5846,5745,363,12.62
243,142,363,30.73
261,160,363,20.18
4946,4845,363,10.58
6366,6365,363,14.53
573,472,363,26.86
8004,8003,364,16.3
7903,7902,364,15.77
165,64,364,25.38
166,65,364,25.47
260,159,364,18.92
167,66,364,25.85
1311,1310,364,8.24
7803,7902,364,8.29
6148,6247,364,8.84
7824,7923,364,4.86
7823,7923,364,2.76
7904,8003,364,8.29
6147,6146,364,14.64
5274,5375,364,3.13
2202,2101,364,43.44
8005,8104,364,8.17
253,152,365,29.27
324,323,365,15.42
147,46,365,30.15
1908,1907,365,13.83
6263,6362,365,14.74
164,63,365,23.14
258,157,365,26.76
2203,2102,365,26.84
259,158,365,22.35
2205,2104,365,18.91
1909,1808,365,17.98
2204,2103,365,27.42
6352,6451,365,4.91
257,156,365,26.59
129,28,365,26.97
149,48,366,46.09
6453,6452,366,17.47
6364,6363,366,18.9
1810,1809,366,14.53
524,523,366,12.45
6349,6348,366,13.43
6350,6449,366,8.62
8115,8215,366,5.29
8115,8214,366,8.42
5845,5844,366,12.08
148,47,366,34.26
7428,7529,366,2.12
6260,6359,367,18.1
324,223,367,20.11
128,27,367,20.15
1612,1611,367,8
8211,8310,367,7.93
1212,1111,367,9.54
8212,8311,367,7.99
1177,1178,367,1.19
6330,6231,367,2.74
5547,5546,367,7.9
1112,1111,367,9.28
163,62,367,18.65
168,67,368,25.27
424,423,368,12.75
6555,6554,368,13.14
913,912,368,10.66
6260,6360,368,11.01
1810,1709,368,18.16
1908,1807,368,16.79
623,522,368,14.36
6350,6450,368,5.61
8116,8216,368,5.19
354,254,368,6.16
5931,5932,368,4.2
916,815,368,11.12
1012,911,368,11.81
6466,6465,368,15.12
6046,6045,368,10.67
2104,2003,369,37.84
127,26,369,25.64
127,126,369,17.17
8207,8206,369,16.08
162,61,369,19.45
2007,2006,369,13.35
5746,5646,369,9.5
5746,5645,369,13.32
270,169,369,15.25
227,226,369,8.02
8106,8205,369,8
472,371,369,25.7
8212,8312,369,4.74
4947,4846,369,9.9
4376,4377,369,2.22
2579,2480,369,2.75
2102,2001,369,36.92
2679,2680,369,2.06
5647,5646,369,7.82
5945,5944,369,13.47
159,58,370,26.01
160,59,370,20.75
161,60,370,19.27
2007,1906,370,15.92
8104,8103,370,16.84
8019,8119,370,4.76
7920,8021,370,6.92
915,814,370,10.78
152,51,370,28.89
3977,4078,370,3.1
4276,4277,370,2.55
151,50,370,19.3
5845,5744,370,12.43
976,876,370,3.79
8310,8309,370,34.47
323,222,371,24.31
323,322,371,16.9
158,57,371,26.28
7902,7901,371,15.52
8003,8002,371,16.31
149,49,371,12.4
817,716,371,11.09
5548,5447,371,10.39
5931,5832,371,5.85
157,56,371,25.79
6072,6173,371,2.45
150,49,371,13.78
3877,3778,371,2.19
6146,6145,371,15.28
6247,6246,371,14.71
913,812,372,11.51
1711,1710,372,5.14
1612,1511,372,10.6
6557,6657,372,5.64
6557,6656,372,8.64
1311,1210,372,10.78
1211,1210,372,8.95
1011,1010,372,9.21
1077,977,372,4.11
914,813,372,10.84
2978,3079,372,1.13
223,122,373,25.81
816,715,373,10.78
2103,2002,373,19.04
8117,8217,373,4.92
1312,1411,373,4.26
1211,1110,373,11.24
1412,1411,373,9.14
6348,6347,373,14.35
1479,1379,373,3.53
5547,5446,373,10.53
6554,6553,374,17.94
1809,1708,374,18.54
1907,1806,374,15.88
1808,1707,374,17.61
6449,6448,374,13.97
6349,6448,374,8.84
326,225,374,8.71
6556,6655,374,6.76
7824,7924,374,2.72
1011,910,374,11.39
5573,5674,374,1.89
26,25,375,17.13
169,68,375,23.72
126,25,375,26.57
254,153,375,23.57
6465,6464,375,14.56
5745,5644,375,11.8
6045,6044,375,14.49
8209,8308,375,7.84
818,717,375,8.17
1579,1480,375,2.02
4675,4776,375,1.93
5844,5843,375,12.25
8310,8409,375,18.51
7627,7727,375,1.17
5446,5445,376,34.86
2006,2005,376,14.32
126,125,376,16.03
423,422,376,12.83
1709,1608,376,18.83
8103,8102,376,16.82
523,422,376,14.56
876,775,376,25.93
6555,6654,376,8.88
8213,8313,376,4.76
325,224,376,7.95
2003,1902,376,22.97
5973,5974,376,3.35
5931,6032,376,4.1
4476,4477,376,1.66
8205,8204,376,16.59
8310,8410,376,11.44
5832,5732,377,19.13
322,221,377,26.83
322,321,377,17.12
222,121,377,26.06
2006,1905,377,17.75
5944,5943,377,13.24
1807,1706,377,17.25
622,521,377,9.48
8208,8307,377,8.05
2205,2105,377,4.8
5744,5743,377,14.4
6467,6566,377,7.38
1707,1606,378,45.2
56,55,378,15.95
8002,8001,378,15.25
6246,6245,378,15.46
6145,6144,378,14.99
622,621,378,6.64
270,170,378,5.25
1711,1610,378,7.95
6430,6531,378,1.7
6466,6565,378,8.44
8409,8408,379,32.29
6453,6552,379,7.56
122,21,379,26.5
6368,6468,379,2.61
5973,5874,379,4.52
370,271,379,4.09
5445,5444,380,33.3
153,52,380,28.74
225,124,380,26.69
5546,5545,380,8.22
8207,8306,380,8.13
1310,1209,380,9.41
1310,1309,380,6.57
5744,5643,380,15.22
8021,8120,380,14.47
1902,1801,380,35.58
6347,6346,380,14.88
6464,6463,381,18.22
25,24,381,17.07
912,811,381,11.58
6364,6463,381,6.83
255,154,381,6.95
256,155,381,6.95
911,810,381,11.71
1902,1901,381,22.12
6448,6447,381,15.13
2179,2280,381,1.19
1606,1505,382,44.14
1606,1605,382,31.19
6654,6653,382,18.21
8204,8203,382,16.8
224,123,382,26.24
1708,1607,382,18.74
5645,5544,382,11.64
6930,7030,382,1.75
573,473,382,3.74
720,619,382,6.99
21,20,383,32.67
321,220,383,26.89
121,20,383,25.18
121,120,383,17.1
8102,8101,383,15.86
8409,8509,383,12.96
8409,8508,383,19.69
4846,4745,383,10.62
6449,6548,383,8.73
221,120,383,26.77
815,714,383,9.6
8021,8121,383,7.95
8310,8411,383,9.13
5444,5443,384,30.79
55,54,384,17.13
321,320,384,16.43
1905,1904,384,14.94
1706,1705,384,15.02
1608,1507,384,18.93
5644,5543,384,16.47
5843,5842,384,11.5
422,421,384,13.63
5832,5833,384,8.09
6452,6551,384,8
8215,8314,384,8.27
2104,2004,384,5.28
8118,8218,384,4.69
6044,6043,384,12.25
6449,6549,384,5.82
2679,2780,384,2.01
170,69,385,23.19
6565,6564,385,15.75
1905,1804,385,19.03
5943,5942,385,13.09
5743,5742,385,13.23
6245,6244,385,15.51
812,711,385,11.51
1010,1009,385,7.84
8410,8510,385,11.74
5832,5733,385,10.75
6465,6564,385,8.59
1611,1510,385,8.2
721,620,385,5.84
6557,6658,385,4.58
2479,2380,385,2
720,719,385,4.33
814,713,385,9.77
20,19,386,35.5
1605,1504,386,44.48
1605,1604,386,31.7
1607,1506,386,43.34
124,23,386,26.38
8408,8407,386,16.32
6144,6143,386,13.33
910,909,386,8.63
1010,909,386,10.49
813,712,386,10.43
716,615,386,9.93
8216,8315,386,8.2
6359,6459,386,5.39
8215,8315,386,5.08
8306,8305,386,16.72
5973,6074,386,3.28
819,718,386,5.04
6467,6567,386,3.64
5443,5442,387,33.93
1705,1704,387,34.19
5842,5841,387,37.68
6346,6345,387,15.59
910,809,387,11.04
1110,1109,387,7.6
1210,1109,387,10.08
6363,6462,387,6.88
8021,8022,387,6.25
5643,5642,387,14.5
8205,8304,387,7.94
1507,1406,388,41.62
5842,5741,388,43.34
120,119,388,20.61
8203,8202,388,16.9
6653,6652,388,17.13
123,22,388,27.04
1411,1410,388,6.97
5732,5633,388,13.49
6447,6446,388,15.47
472,372,388,4.03
6566,6665,388,13.35
715,614,388,9.65
1177,1078,388,1.7
3378,3379,388,1.15
154,53,389,19.33
717,616,389,10.58
5832,5933,389,7.93
8216,8316,389,4.99
1709,1609,389,4.81
220,219,389,16.72
4875,4876,389,1.49
1506,1405,390,40.82
8508,8507,390,16.63
6548,6547,390,15.97
6657,6756,390,7.87
8312,8412,390,4.91
6656,6755,390,7.99
5442,5441,390,37.18
3278,3279,390,1.08
5643,5542,390,15.36
5642,5641,390,37.81
6564,6563,391,17
421,420,391,14.81
1904,1803,391,20.43
1904,1903,391,15.55
1906,1805,391,6.83
1704,1603,391,39.82
1704,1703,391,26.04
320,319,391,16.1
6270,6370,391,1.88
6566,6666,391,7.17
3777,3678,391,1.69
5642,5541,391,44.09
8407,8406,392,16.69
6244,6243,392,14.62
8410,8511,392,9.4
5942,5941,392,14.94
8119,8219,392,4.66
6360,6460,392,4.22
6361,6460,392,4.77
6172,6272,392,1.8
1801,1701,392,8.38
6730,6630,392,2.41
6655,6754,392,8.11
6043,6042,393,12.4
8510,8610,393,13.46
8510,8609,393,20
5943,6042,393,8.89
1604,1503,393,20.98
621,520,393,9.77
5841,5840,393,17.35
8304,8303,394,16.47
19,18,394,12.51
5733,5734,394,11.16
6551,6550,394,10.76
6345,6344,394,15.95
810,709,394,11.59
1603,1602,394,34.62
8102,8201,394,8.2
8217,8317,394,4.97
6657,6757,394,4.61
6451,6550,394,5.04
811,710,394,11.78
4975,4976,394,1.33
4476,4577,394,1.62
8021,8122,394,6.12
3178,3179,394,0.99
5741,5740,394,16.94
5941,5940,395,34.61
219,118,395,26.7
219,218,395,17.17
119,118,395,15.68
1603,1502,395,45.93
6446,6445,395,15.9
1803,1702,396,30.12
8507,8506,396,16.91
5641,5640,396,16.74
1406,1305,396,19.64
6462,6461,396,12.36
5733,5634,396,14.06
6665,6664,396,12.92
6565,6664,396,8.24
6654,6753,396,7.21
977,877,396,4.21
6362,6461,396,4.68
876,776,396,3.99
1703,1702,396,24.95
5741,5640,396,18.74
7128,7129,396,1.35
1602,1601,397,36.7
5840,5739,397,44.52
5840,5839,397,31.77
1803,1802,397,17.85
6563,6562,397,17.75
5541,5540,397,17.13
6547,6546,397,16.22
5441,5440,397,15.92
1405,1304,397,20.8
1405,1404,397,15.7
1503,1402,397,46.21
714,613,397,10.36
1209,1108,397,8.47
1608,1508,397,4.8
8313,8413,397,4.91
1903,1802,397,27.13
619,518,397,9.62
619,618,397,6.79
1602,1501,398,46.14
1502,1501,398,36.45
6652,6651,398,10.88
5733,5834,398,10.98
1209,1208,398,5.62
8510,8611,398,11.06
5874,5774,398,5.46
711,610,398,11.19
8406,8405,398,17.03
8306,8405,398,7.88
319,318,398,16.4
7726,7826,398,1.32
7528,7628,398,0.99
5640,5639,399,36.61
5940,5939,399,27.58
1502,1401,399,46.19
5633,5533,399,9.37
809,808,399,8.71
713,612,399,10.84
1610,1509,399,6.8
5440,5439,400,36.72
5540,5539,400,37.56
5640,5539,400,46.16
809,708,400,11.09
718,617,400,10.82
712,611,400,10.42
6043,6142,400,8.97
1507,1407,400,6.61
1480,1380,400,4.04
7923,8023,400,2.8
615,514,400,10.55
8609,8608,400,16.57
620,519,400,9.72
5839,5738,401,45.11
5839,5838,401,32.77
8303,8302,401,16.41
909,908,401,6.73
1009,908,401,8.95
6344,6343,401,15.67
8508,8607,401,7.92
6548,6647,401,8.16
8203,8302,401,7.81
6653,6752,401,7.71
1309,1308,401,4.91
8120,8220,401,4.77
170,70,401,4.35
614,513,401,11.57
271,171,401,4.76
1304,1203,401,44.33
1304,1303,401,31.48
1402,1301,401,45.68
6042,6041,401,13.15
218,117,401,25.88
218,217,401,17.2
6549,6648,401,8.73
6230,6131,401,1.64
1378,1279,401,1.45
8506,8505,402,17.15
118,17,402,21.63
18,17,402,12.91
1009,1008,402,6.08
1503,1403,402,11.51
6549,6649,402,5.82
6445,6444,402,16.23
8511,8512,402,10.27
5439,5438,403,36.69
5539,5538,403,37.45
776,675,403,22.67
6664,6663,403,16.43
616,515,403,10.84
775,675,403,3.76
4947,4847,403,1.89
6566,6667,403,5.49
2879,2880,403,1.16
6546,6545,404,16.17
5739,5638,404,20.81
8122,8221,404,14.82
5738,5737,404,37.64
8305,8404,404,7.88
8315,8414,404,8.22
1303,1302,404,37.02
318,317,404,17.06
8405,8404,404,16.83
473,373,404,4.56
5939,5938,405,19.78
5734,5735,405,9.15
5738,5637,405,43.18
8304,8403,405,7.98
6459,6559,405,5.35
1510,1409,405,7.16
8218,8318,405,4.81
3978,3979,405,2.25
3878,3879,405,2.15
5474,5475,405,1.87
1303,1202,405,46.03
5438,5437,406,34.59
5538,5537,406,37.52
6562,6561,406,12.29
709,608,406,11.81
5734,5635,406,11.96
8315,8415,406,5.02
6756,6855,406,8.85
8202,8301,406,7.99
8611,8711,406,13.29
8611,8710,406,19.9
6930,6931,406,1.4
5737,5736,407,37.57
117,16,407,24.25
117,116,407,16.88
6647,6646,407,16.78
8607,8606,407,17.09
217,116,407,26.52
217,216,407,17.2
1301,1201,407,16.7
8122,8222,407,8.2
6756,6856,407,6.11
710,609,407,11.63
3878,3779,407,2.91
8511,8612,407,10.09
5938,5937,408,33.65
5737,5636,408,42.92
6752,6751,408,14.91
1407,1306,408,19.14
6651,6650,408,10.56
5634,5534,408,8.56
520,419,408,9.9
5838,5837,408,15.57
518,517,408,9.7
6142,6141,408,14.19
8505,8504,408,16.82
7824,7925,408,2.1
5437,5436,409,37.82
5537,5536,409,37.79
1202,1101,409,40.45
675,574,409,24.32
5941,6040,409,8.61
8316,8416,409,5.08
6243,6242,409,6.1
8022,8123,409,6.61
6755,6854,409,7.61
6663,6662,410,15.26
5734,5835,410,8.98
613,512,410,11.63
5533,5433,410,9.43
1304,1204,410,8.17
518,417,410,11.62
6666,6765,410,7.5
1202,1102,411,18.65
373,272,411,21.39
5837,5836,411,35.62
6754,6853,411,7.48
610,509,411,11.36
7924,8024,411,2.74
8611,8712,411,10.89
6467,6568,411,2.72
8610,8709,411,8.17
8609,8708,411,7.94
6545,6544,411,16.59
8403,8402,412,15.98
708,707,412,8.53
5536,5535,412,37.83
5436,5435,412,36.21
8303,8402,412,8.01
5933,6033,412,4.51
6344,6443,412,8.26
6657,6758,412,3.62
4846,4746,412,2.35
1078,978,412,4.29
6765,6764,413,34.98
8606,8605,413,16.89
708,607,413,10.98
617,516,413,10.91
514,413,413,11.64
612,511,413,10.65
216,115,413,26.38
216,215,413,17.21
116,15,413,26.5
116,115,413,17.2
5937,5936,414,17.13
513,412,414,11.77
519,418,414,10.83
611,510,414,10.48
8317,8417,414,5.08
6757,6857,414,5.23
6664,6763,414,8
5435,5434,415,35.47
5534,5434,415,15.12
8504,8503,415,15.98
6546,6645,415,8.1
8222,8321,415,18.29
8219,8319,415,4.54
1580,1581,415,1.76
6930,6831,415,1.87
5175,5176,415,1.19
6751,6750,416,13.99
515,414,416,11.45
1306,1205,416,19.92
8222,8322,416,11.21
4078,4178,416,2.2
5275,5276,416,1.25
5075,5076,416,1.25
3378,3479,416,1.12
5936,5935,417,37.72
6544,6543,417,16.87
8708,8707,417,17.16
8612,8613,417,11.1
808,807,417,5.77
8413,8513,417,5.08
5933,5934,417,3.6
8122,8223,417,6.33
6271,6371,417,1.79
6142,6241,417,8.68
1580,1481,417,2.44
1680,1681,417,1.48
1980,1981,417,1.36
608,507,418,11.81
6752,6851,418,8.5
171,71,418,5.89
1108,1007,418,6.94
1508,1408,418,4.79
877,777,418,4.56
6343,6342,418,6.23
6369,6469,418,1.7
6368,6469,418,1.94
115,14,419,26.35
115,114,419,17.21
8402,8401,419,15.77
8712,8812,419,13.57
8712,8811,419,20.07
1202,1103,419,10.3
8302,8401,419,8.06
6648,6747,419,8.02
1208,1107,419,6.93
776,676,419,4.41
6460,6560,419,3.8
6649,6748,419,8.61
6666,6766,419,3.7
6758,6858,420,13.06
6853,6852,420,11.34
8712,8713,420,11.36
8612,8713,420,10.92
609,508,420,11.13
6647,6746,420,7.86
8607,8706,420,7.73
6752,6852,420,5.41
6663,6762,420,8.4
5974,5975,420,2.3
8605,8604,420,16.49
1980,1881,420,1.92
6649,6749,420,5.59
6764,6863,421,23.11
6559,6659,421,7.87
1208,1207,421,12.32
5940,6039,421,7.12
5974,5875,421,3.1
2080,2081,421,1.33
8221,8320,421,10.15
8503,8502,422,14.65
6758,6759,422,12.68
6764,6864,422,14.35
8403,8502,422,10.19
908,907,422,12.36
1407,1307,422,3.63
5939,6038,422,7.84
6173,6273,422,2.46
4676,4677,422,1.14
4576,4677,422,1.36
6545,6644,422,9.94
14,13,423,28.54
6141,6140,423,8.99
8415,8514,423,10.17
5938,6037,423,9.99
8710,8809,423,10.17
8222,8323,423,10.24
8711,8810,423,10.19
6662,6661,423,13.67
6073,6174,423,2.36
6863,6862,424,33.36
5936,6035,424,16.7
412,411,424,13.66
6033,6132,424,14.66
8712,8813,424,13.17
6751,6850,424,10.08
8606,8705,424,10.08
6855,6954,424,9.89
8318,8418,424,6.71
6856,6955,424,9.98
509,408,424,9.56
517,416,424,9.59
607,606,424,13.51
6140,6139,425,62.59
6037,6036,425,62.15
5935,6034,425,19.98
6543,6542,425,13.58
6758,6859,425,13.23
8416,8515,425,10.08
8504,8603,425,10.19
8415,8515,425,6.65
707,706,425,12.99
3978,4079,425,2.01
5574,5575,425,1.36
507,506,426,13.52
1205,1104,426,11.64
6661,6660,427,26.28
413,312,427,8.77
6764,6865,427,10.88
8416,8516,427,7.02
6443,6442,427,8.1
6856,6956,427,5.47
6830,6731,427,1.38
6863,6963,428,15.28
6863,6962,428,23.28
6746,6745,428,13.71
6762,6761,428,14.04
8402,8501,428,10.18
807,806,428,11.54
6033,6133,428,6.43
6544,6643,428,9.84
8708,8807,428,9.98
373,273,428,3.49
1780,1781,428,1.07
8709,8808,428,10.08
1107,1106,429,11.62
1007,1006,429,11.39
6241,6240,429,9.48
6857,6957,429,6.55
215,214,429,9.94
1102,1001,429,5.96
1101,1001,429,4.6
8605,8704,429,10.16
8713,8714,429,12.36
516,415,429,7.32
6862,6861,430,18.5
1207,1206,430,11.54
6342,6341,430,8.97
8503,8602,430,10.17
8417,8517,430,7.05
3779,3679,430,3.92
675,575,430,3.12
8713,8614,430,14.26
8321,8420,430,10.17
6240,6239,431,59.93
6745,6744,431,40.08
6962,6961,431,37.21
6643,6642,431,44.44
114,113,431,9.76
6850,6849,431,14.56
6750,6849,431,10.14
8322,8421,431,10.19
412,311,431,7.23
7826,7926,431,3.58
5874,5775,431,2.33
8713,8814,431,12.91
317,316,431,7.04
2979,2980,431,0.96
6761,6760,432,25.9
408,407,432,13.44
411,410,432,13.68
13,12,432,11.42
907,906,432,11.07
6851,6951,432,7.37
8707,8806,432,10.04
414,313,432,8.9
606,605,432,12.66
6864,6964,432,10.46
6239,6238,433,62.79
6851,6950,433,9.92
8223,8224,433,6.48
8322,8422,433,6.28
8319,8419,433,6.1
1279,1179,433,2.63
510,409,433,6.33
509,409,433,4.62
6930,7031,433,1.45
706,705,434,11.97
6954,6953,434,10.77
1006,1005,434,20.85
8706,8805,434,10.14
8604,8703,434,10.18
6748,6847,434,10.03
6747,6846,434,9.99
6854,6953,434,6.46
8811,8910,434,10.19
6744,6743,434,39.46
4277,4278,434,1.46
4377,4378,434,1.45
506,505,434,13.47
6749,6848,434,10.17
6861,6860,435,22.13
6963,7062,435,21.27
6745,6844,435,22.24
6962,7061,435,22.89
6643,6742,435,20.75
6139,6138,435,10.25
6858,6958,435,6.74
507,406,435,7.93
8223,8124,435,8.01
6853,6952,435,6.49
8811,8911,435,6.42
1380,1280,435,2.45
7030,7130,435,2.08
2480,2481,435,1.52
6745,6845,436,12.55
8502,8601,436,10.13
6667,6767,436,3.48
12,11,437,23.92
6961,6960,437,18.64
6963,7063,437,11.32
806,805,437,11.15
6371,6470,437,7.86
574,474,437,3.14
5974,6075,437,2.65
2480,2381,437,1.92
7061,7060,438,37.28
6844,6843,438,34.45
214,213,438,11.23
6542,6541,438,8
1106,1105,438,11.35
8223,8324,438,6.9
6850,6949,438,10.17
8810,8909,438,10.09
6744,6843,438,22.41
8809,8908,438,9.93
7924,8025,438,2.55
8705,8804,438,10.19
311,310,439,13.73
6442,6441,439,8.66
8603,8702,439,10.14
8418,8518,439,6.85
414,314,439,3.63
7727,7827,439,2.13
6960,6959,440,47.47
1104,1003,440,10.63
978,878,440,3.37
273,172,440,12.1
2580,2581,440,1.23
7060,7059,441,44.13
11,10,441,31.55
6958,7058,441,17.17
6743,6842,441,22.56
6847,6946,441,23.09
605,604,441,12.24
113,112,441,10.74
8516,8615,441,10.14
8515,8615,441,6.45
1481,1381,441,4.06
6843,6842,441,35.55
216,315,441,4.79
6541,6540,441,48.53
6341,6340,441,9.64
3578,3579,441,1.1
316,315,441,10.24
7061,7160,442,22.88
6958,7057,442,22.93
8911,9010,442,22.92
6847,6947,442,14.25
505,504,442,12.8
6238,6237,442,11.99
6844,6944,442,14.84
6844,6943,442,23.23
6240,6339,442,11.75
8807,8906,442,10.11
8516,8616,442,6.82
408,307,442,8.18
1006,905,442,11.42
906,905,442,10.91
6864,6965,442,7.42
2380,2281,442,2.27
6845,6945,443,14.77
6742,6741,443,13.73
7061,7161,443,13.7
8911,9011,443,13.79
6964,7064,443,9.4
8704,8803,443,10.19
312,211,443,9.18
6273,6372,443,6.78
6272,6372,443,2.24
1005,1004,443,11.98
6541,6440,443,32.24
705,704,443,11.56
8808,8907,443,10.01
10,9,444,35.14
6842,6841,444,35.69
6642,6641,444,7.82
8602,8701,444,10.16
8420,8519,444,10.15
6957,7056,444,9.94
6033,6134,444,4.37
406,405,444,12.35
7160,7159,445,41.86
7060,7159,445,20.87
6943,6942,445,38.19
7063,7162,445,19.15
6849,6948,445,10.15
8421,8520,445,10.15
8517,8617,445,7.03
777,677,445,3.65
6843,6942,445,23.13
8324,8423,446,19.56
213,212,446,13.54
6138,6137,446,10
8911,8912,446,9.8
6951,7050,446,10.14
8806,8905,446,10.19
6767,6866,446,15.24
1003,1002,446,17.05
6954,7053,446,6.53
6955,7054,446,6.48
8812,8912,446,3.83
6568,6668,446,3.09
4477,4478,446,1.35
805,804,446,11.3
6541,6640,446,18.88
8813,8912,446,6.49
5275,5376,446,1.25
7058,7158,447,16.86
310,309,447,13.49
9,8,447,39.09
6951,7051,447,6.84
6037,6136,447,5.91
6841,6840,447,37.13
6950,7049,447,10.18
676,576,447,3.59
8422,8521,447,10.19
171,72,447,2.81
2180,2181,447,1.13
7058,7157,448,23.06
6946,7046,448,14.64
6946,7045,448,23.19
6842,6941,448,23.11
7063,7163,448,9.38
9010,9009,448,18.06
8703,8802,448,10.18
6953,7052,448,10.19
6239,6338,448,8.83
8805,8904,448,10.19
6469,6569,448,3.42
1178,1079,448,1.64
6944,7043,449,23.04
7160,7259,449,21.7
6947,7047,449,14.66
8324,8424,449,9.71
6943,7042,449,22.7
8911,9012,449,10.34
6841,6740,449,30.95
5875,5876,449,3.65
8422,8522,449,6.37
8,7,450,34.63
7161,7260,450,21.92
6945,7044,450,23.23
6944,7044,450,14.1
604,603,450,11.75
6371,6471,450,3.12
6174,6274,450,3.79
406,305,450,9.67
6840,6839,450,38.13
9009,9008,451,35.92
211,210,451,12.97
6237,6236,451,11.94
504,503,451,12.27
112,111,451,10.61
6767,6867,451,6.76
1001,901,451,4.56
6841,6940,451,22.9
407,306,451,7.69
307,306,451,11.16
905,904,451,11.34
6740,6739,452,40.23
6948,7048,452,14.8
7056,7055,452,13.59
405,404,452,13.72
7161,7261,452,12.1
7064,7164,452,11.78
704,703,452,11.3
6340,6439,452,13.69
8804,8903,452,10.19
409,308,452,7.49
6955,7055,452,3.59
8813,8913,452,3.63
6840,6739,452,31.3
6839,6838,453,39.49
7159,7258,453,19.84
8702,8801,453,10.19
6540,6539,453,8.87
5875,5776,453,4.45
8908,9007,453,10.09
6740,6639,454,31.9
7158,7257,454,23.16
8518,8618,454,6.77
8324,8325,454,6.4
6964,7065,454,6.59
1003,902,454,10.82
5574,5675,454,1.46
6840,6939,454,22.71
4676,4777,454,1.23
473,374,454,1.85
6739,6738,455,43.97
6839,6738,455,31.71
9009,9108,455,23.09
804,803,455,11.27
7,6,455,24.57
9009,9109,456,14.25
8324,8225,456,7.92
8906,9005,456,10.17
7257,7256,457,36.59
6739,6638,457,32.48
6839,6938,457,22.4
6338,6337,457,11.24
8803,8902,457,10.19
8907,9006,457,10.18
8616,8716,457,7.03
8616,8715,457,10.08
8615,8715,457,6.28
7157,7156,457,11.9
7057,7156,457,9.93
7826,7927,457,2.61
4078,4179,457,1.63
6738,6737,458,45.91
305,304,458,12.62
6136,6135,458,9.64
9011,9110,458,10.03
6273,6373,458,2.79
5875,5976,458,3.87
6074,6175,458,2.11
6,5,459,25.21
6838,6837,459,19.08
603,602,459,11.31
8520,8619,459,10.19
8324,8425,459,6.82
7926,8026,459,3.64
575,475,459,3.56
3879,3880,459,1.83
7727,7728,459,1.38
7529,7629,459,1.22
7627,7728,459,1
6738,6637,460,32.51
7258,7358,460,15.08
7258,7357,460,23.27
210,209,460,11.3
503,502,460,11.63
904,903,460,11.57
7050,7149,460,10.18
8617,8717,460,7.06
404,403,460,13.02
7161,7262,460,8.79
7064,7165,460,8.52
6767,6768,460,4.31
1581,1582,460,2.25
273,173,460,3.23
8905,9004,460,10.18
2680,2681,460,1.1
7257,7356,461,22.99
703,702,461,11.16
7051,7150,461,10.18
9011,9111,461,5.6
7054,7154,461,7.08
7054,7153,461,10.06
7053,7153,461,7.02
7053,7152,461,10.08
8521,8620,461,10.11
9108,9107,462,15.64
6439,6438,462,10.45
111,110,462,9.94
8904,9003,462,10.15
8802,8901,462,10.19
5,4,463,28.53
6737,6736,463,20.26
9109,9209,463,14.55
9109,9208,463,23.17
7042,7041,463,7.16
8522,8621,463,10.19
8422,8523,463,4.85
4847,4747,463,1.49
803,802,464,11.41
6539,6538,464,9.68
7356,7355,464,36.29
7051,7151,464,6.12
3779,3780,464,1.77
3979,3980,464,1.66
110,109,465,43.49
6637,6636,465,24.45
8522,8622,465,6.28
7256,7255,465,13.46
7156,7155,465,13.54
6438,6437,466,29.28
702,701,466,20.39
304,303,466,12.67
6337,6336,466,12.15
7258,7359,466,11.64
8903,9002,466,10.13
6470,6570,466,3.56
2979,3080,466,1.03
4,3,467,27.48
7357,7457,467,15.57
7357,7456,467,23.29
7358,7457,467,21.93
6837,6836,467,13.09
7065,7066,467,8.05
5776,5676,467,7.4
9012,9112,467,5.78
1381,1281,467,3.91
6767,6868,467,4.61
1581,1482,467,2.76
8024,8125,467,2.63
9007,9106,467,10.13
6736,6735,468,20.84
7149,7148,468,13.72
6838,6937,468,9.97
7356,7455,468,23.04
109,108,468,49.02
8814,8914,468,2.74
7355,7354,468,28.93
1078,979,468,1.71
403,402,469,12.32
7358,7458,469,12.11
602,601,469,11.11
9109,9210,469,11.1
9108,9207,469,10.19
7065,6966,469,9.81
6637,6536,469,15.88
8913,9013,469,6.12
502,501,469,11.4
878,778,469,3.54
877,778,469,1.88
4876,4877,469,1.23
6636,6635,470,24.22
802,801,470,19.48
209,208,470,10.21
8618,8718,470,6.64
7355,7254,470,26.72
9005,9104,470,10.19
3779,3680,470,2.22
108,107,471,49.33
3,2,471,27.15
7455,7454,471,34.16
8902,9001,471,10.16
7065,7166,471,8.55
7041,7040,471,13.69
7355,7454,471,23.01
7329,7330,471,0.86
8716,8816,472,7.09
8716,8815,472,10.06
9006,9105,472,10.06
6731,6631,472,2.23
9005,9105,472,6.27
6536,6535,473,31.77
6735,6734,473,21.03
6836,6835,473,19.41
304,203,473,9.45
677,577,473,3.62
7457,7556,474,22.82
7456,7556,474,16.13
7456,7555,474,23.25
303,302,474,13.73
6538,6537,474,10.42
107,106,474,48.44
4477,4578,474,1.45
2,1,475,29.48
6635,6634,475,24.42
7354,7353,475,15.9
7457,7557,475,13.58
6437,6436,475,11.87
8620,8719,475,10.18
9004,9103,475,10.09
8717,8817,475,7.1
7455,7554,475,23.25
6373,6472,475,8.49
6236,6235,475,4.23
576,476,475,3.69
7454,7453,475,28.54
8619,8719,475,6.59
1681,1682,475,1.73
1581,1682,475,2.39
4646,4647,475,0.82
7429,7430,475,0.86
6535,6534,476,37.35
7148,7147,476,13.72
6569,6669,476,3.67
9210,9309,476,23
9003,9102,477,10.03
8620,8720,477,6.6
7358,7459,477,8.81
9210,9310,477,14.01
9207,9206,477,12.64
9107,9206,477,9.85
9208,9307,477,10.17
9209,9308,477,10.11
8621,8720,477,10.17
402,401,478,12.02
6536,6435,478,15.99
7454,7553,478,22.95
1481,1382,478,2.32
373,274,478,1.9
4976,4977,478,1.18
6174,6275,478,2.6
7030,7131,478,1.5
6634,6633,479,26.04
7353,7352,479,28.86
7354,7253,479,13.47
1281,1180,479,12.13
8523,8623,479,6.64
6471,6571,479,3.57
8622,8721,479,10.19
8423,8524,479,4.3
7453,7452,479,31.87
8522,8623,479,4.76
7329,7230,479,1.09
