5539,5438,2,48.19
5539,5538,2,35.08
5538,5437,5,47.47
5538,5537,5,35.53
5438,5437,5,35.25
5539,5439,7,13.84
5537,5436,8,47.31
5537,5536,8,35.61
5437,5436,8,34.88
5536,5435,11,47.86
5536,5535,11,35.32
5539,5638,12,10.99
5535,5434,14,47.47
5535,5534,14,35.53
5538,5637,15,11.75
5534,5433,17,48.54
5534,5533,17,34.76
5537,5636,17,11.9
5539,5639,17,5.83
5536,5635,21,11.36
5539,5440,21,6.55
5539,5540,21,4.65
5535,5634,24,11.75
5534,5633,28,10.58
5539,5640,31,4.49
5638,5737,34,6.54
5440,5441,36,6.81
5737,5736,37,35.99
5639,5738,39,6.72
5736,5735,40,35.19
5636,5735,40,6.21
5735,5734,43,35.82
5635,5734,43,6.47
5440,5541,43,6.59
5634,5733,44,7.4
5639,5739,44,3.73
5737,5836,45,14.04
5633,5732,45,8.61
5737,5837,47,7.86
5836,5835,48,35.75
5733,5833,51,16.25
5733,5832,51,20.63
5734,5833,51,18.51
5732,5831,52,20.37
5734,5834,52,11.84
5735,5834,52,12.45
5738,5838,54,6.94
5640,5740,54,4.37
5836,5935,55,15.12
5540,5641,55,4.21
5837,5936,57,14.41
5836,5936,57,8.67
5935,5934,58,35.82
5831,5830,58,16.8
5832,5931,59,17.98
5832,5932,60,11.25
5837,5937,60,8.13
5830,5829,63,12.09
5441,5442,63,5.03
5832,5933,64,15.6
5931,5930,66,11.98
5641,5542,68,15.88
5738,5839,68,3.94
5935,6035,69,6.64
5935,6034,70,7.07
5837,5938,71,5.46
5931,6031,72,8.2
5542,5443,74,25.47
5931,6032,74,9.97
5830,5929,74,8.8
5935,6036,74,8.19
5931,6030,76,8.7
5640,5741,76,2.81
5829,5728,77,10.15
5641,5642,78,4.76
5829,5828,79,6.65
5542,5543,83,7.07
5932,6033,83,6.33
5443,5444,84,10.12
5936,6037,85,5.22
5828,5727,88,17.48
5728,5628,88,9.57
5929,5928,90,6.33
5938,5939,90,5.52
5839,5840,91,4.53
5828,5827,92,8.17
5444,5445,93,11.65
5642,5643,93,7.02
5728,5629,95,8.31
5929,6029,96,4.56
6033,6133,98,7.03
5741,5742,98,4.76
5827,5726,99,20.68
5928,5927,99,11.67
5728,5627,99,6.5
5628,5528,100,8.35
6033,6134,100,8.65
5443,5544,100,5.64
5726,5626,102,42.05
5827,5826,102,10.73
6033,6132,102,7.48
5528,5428,103,46.26
5629,5529,103,13.14
5445,5446,103,10.51
5928,6028,103,7.94
5626,5526,105,47.86
5528,5429,105,32.41
5726,5625,106,21.56
5444,5545,106,6.65
5626,5527,107,32.25
5928,6027,107,8.43
5937,6038,107,3.04
5625,5525,108,52.59
5528,5427,108,19.87
5726,5725,108,11.68
5927,5926,108,12.26
5525,5425,110,51.94
5427,5327,111,47.69
5428,5328,111,13.6
5643,5644,112,5.41
5425,5325,113,41.31
5525,5426,113,31.18
5429,5329,113,13.25
5939,5940,113,4.39
5327,5227,114,38.21
5446,5447,114,9.69
5425,5326,115,32.07
5625,5524,115,16.54
6028,6128,115,8.9
5927,6026,115,8.95
5840,5841,115,4.29
5740,5841,115,2.34
5325,5225,116,38.19
5327,5228,116,31.28
5826,5825,116,7.66
5726,5825,116,8.44
5642,5743,116,3.77
5425,5324,117,21.8
5525,5424,117,16.93
5725,5624,117,15.87
6028,6129,117,10.74
5326,5226,118,42.19
5227,5127,118,32.82
5325,5226,118,31.27
5327,5226,118,22.62
5445,5546,118,5.9
5225,5125,119,39.48
5227,5128,119,28.98
6028,6127,119,9.42
5324,5224,120,44.17
5325,5224,120,22.63
5329,5229,120,15.3
6029,6130,120,5.94
5938,6039,120,2.92
5524,5423,121,28.1
5524,5523,121,57.37
5227,5126,121,30.16
5725,5724,121,39.54
5926,5925,121,41.41
5224,5223,122,64.79
6127,6126,122,52.92
5324,5323,122,62.96
5624,5623,122,43.25
5825,5824,122,42.22
6026,6025,122,41.9
5423,5422,123,64.84
5225,5124,123,25.93
5623,5622,124,61.44
5925,5924,124,41.24
5124,5123,125,65.83
6126,6125,125,43.4
6025,6024,125,37.48
5824,5823,125,34.32
5724,5723,125,28.76
5624,5723,125,21.62
5446,5547,125,11.41
5422,5421,126,42.45
6128,6227,126,20.34
5741,5842,126,5.17
5723,5722,127,50.61
5924,5923,127,33.6
6227,6226,128,55.14
5823,5822,128,39.52
5422,5321,128,31.69
5623,5522,128,25.13
5423,5322,128,21.63
6128,6228,128,10.17
6132,6131,128,12.42
5421,5420,129,44.01
6125,6124,129,31.56
6024,6023,129,25.93
6126,6225,129,21.57
6025,6124,129,23.11
5822,5821,130,64.58
5422,5521,130,21.89
5124,5023,130,20.26
5321,5320,131,34.94
5421,5320,131,31.81
5223,5222,131,12.32
5821,5820,132,52.99
6125,6224,132,23.42
6024,6123,132,22.42
5823,5922,132,22.7
5622,5621,132,12.77
5742,5843,132,6.93
5321,5220,133,29.66
5322,5221,133,31.52
5421,5520,133,21.35
5842,5941,133,21.12
5123,5122,133,12.64
5545,5645,133,5.2
6037,6136,133,7.03
5820,5819,134,57.78
5922,5921,134,58.03
5320,5319,134,39.85
5643,5744,134,4.62
6224,6223,135,34.4
6023,6022,135,19.01
6226,6325,135,23.18
5822,5721,135,21.96
6227,6326,135,16.05
5128,5028,135,5.93
5128,5027,135,9.72
5819,5818,136,51.59
5122,5121,136,48.14
6123,6122,136,27.98
5320,5219,136,31.25
5222,5121,136,31.83
5842,5942,136,10.91
5921,5920,137,43.38
5420,5419,137,13.68
6128,6229,137,7.14
6325,6324,138,38.47
5721,5720,138,49.59
6223,6222,138,47.33
5221,5120,138,30.87
5122,5021,138,31.59
5023,5022,138,13.09
5920,5919,139,58.29
5818,5817,139,35.69
6037,6137,139,2.72
6324,6323,140,53.34
6122,6121,140,33.26
6022,6021,140,24.62
6228,6327,140,12.03
5919,5918,141,59.61
5720,5719,141,45.62
6222,6221,141,47.21
5121,5020,141,31.75
5621,5620,141,11.87
6121,6120,142,50.1
5817,5816,142,41.67
5319,5318,142,13.57
5520,5519,142,11.62
6136,6135,142,11.29
5620,5619,143,54.68
5022,4921,143,30.48
5027,5026,143,14.12
5124,5024,143,5.2
5229,5129,143,4.38
6120,6119,144,57.56
5816,5815,144,55.32
5519,5518,144,64.66
5918,5917,144,46.53
6221,6220,144,47.12
6021,6020,144,31.82
5219,5218,144,14.14
5941,6040,144,13.69
5419,5418,145,12.61
5819,5718,145,12.88
5842,5943,145,7.73
6119,6118,146,58.3
5518,5517,146,63.9
6020,6019,146,56.61
5120,5119,146,14.11
5818,5717,146,15.15
5545,5646,146,3.7
5815,5814,147,49.34
5329,5230,147,2.57
6118,6117,148,51.23
5517,5516,148,67.2
6019,6018,148,60.17
5917,5916,148,32.24
5020,5019,148,15.33
5022,4922,148,11.08
6229,6328,148,13.04
5619,5618,149,19.76
5817,5716,149,14.41
5028,4927,149,10.37
6018,6017,150,52.55
5814,5813,150,44.86
4921,4920,150,15.49
5318,5317,150,12.58
5942,6041,150,10.18
5743,5844,150,4.42
5618,5617,151,53.11
6117,6116,151,37.06
5916,5915,151,36.63
5026,5025,151,14.09
5716,5715,152,36.44
6220,6219,152,12.64
5218,5217,152,13.56
5644,5745,152,3.69
6017,6016,153,33.57
5813,5812,153,42.34
5230,5130,153,17.02
5119,5118,153,15.3
6323,6322,153,7.9
5715,5714,154,51.59
6219,6218,154,57.02
5915,5914,154,38.99
5418,5417,154,12.01
5942,6042,154,5.68
5128,5029,154,4.07
5329,5330,154,2.09
6116,6115,155,30.18
5317,5316,155,23.63
5019,5018,155,16.11
5517,5416,155,17.18
5020,4919,155,10.18
5714,5713,156,50.83
5812,5811,156,41.71
6322,6321,156,49.29
4927,4926,156,16.48
5516,5515,156,13.17
6229,6329,156,5.46
6218,6217,157,47.65
5914,5913,157,38.32
6016,6015,157,26.97
5217,5216,157,21.25
4921,4820,157,10.21
5230,5231,158,9.34
5713,5712,159,39.91
5811,5810,159,43.54
6115,6114,159,29.18
5029,4928,159,30.54
5717,5616,159,11.61
6217,6216,160,37.39
5913,5912,160,39.65
5316,5315,160,23.01
5416,5415,160,21.9
5029,4929,160,17.38
5230,5131,160,11.15
6326,6425,160,5.85
6015,6014,161,31.74
5118,5117,161,14.1
5022,4923,161,6.34
6425,6424,162,52.89
5712,5711,162,36.97
5810,5809,162,41.12
5216,5215,162,22.19
4926,4925,162,18.88
5716,5615,162,11.61
5019,4918,162,10.34
4922,4821,162,10.61
5230,5331,162,9.92
6327,6426,162,6.45
5912,5911,163,40.11
6114,6113,163,29.35
5018,5017,163,13.93
5330,5430,163,11.4
5715,5614,163,12.88
4927,4826,163,10.41
6424,6423,164,61.73
6216,6215,164,32.86
4928,4827,164,31.11
6321,6320,164,12.73
5025,4924,164,11.36
5943,6043,164,5.54
5614,5613,165,55.98
6014,6013,165,33
4929,4828,165,31.17
5131,5030,165,30.32
4820,4819,165,13.72
5515,5514,165,12.11
5714,5613,165,13
5029,5030,165,9.71
5217,5116,165,11.06
6037,6138,165,1.79
6320,6319,166,54.34
5911,5910,166,40.24
5131,5031,166,17.61
5713,5612,166,14.64
5843,5944,166,4.25
5514,5513,167,57.9
6113,6112,167,31.42
4929,4829,167,16.58
5811,5710,167,14.14
5029,4930,167,11.54
5745,5845,167,6.86
6229,6230,167,3.38
6319,6318,168,50.07
5910,5909,168,63.42
6013,6012,168,33.44
6215,6214,168,29.16
6042,6141,168,10.18
5612,5611,169,33.5
4827,4726,169,30.54
4826,4825,169,17.07
5315,5314,169,12.42
5415,5414,169,12.19
5712,5611,169,15.01
5810,5709,169,14.48
5745,5746,169,6.16
5513,5512,170,49.38
4828,4727,170,30.36
6112,6111,170,35.04
5909,5908,170,55.52
4827,4727,170,17.38
5215,5214,170,12.96
4918,4917,170,13.23
5216,5115,170,11.15
6328,6427,170,6.61
5709,5708,171,67.34
6318,6317,171,41.74
6012,6011,171,36.62
4828,4728,171,17.57
5017,5016,171,13.75
5809,5808,171,12.31
5131,5132,171,9.95
6111,6110,172,64.38
5611,5610,172,35.25
6214,6213,172,27.18
6423,6422,172,12.9
5430,5530,172,11.54
5031,4931,172,17.02
5131,5032,172,11.8
6042,6142,172,5.67
5330,5431,172,8.14
5512,5511,173,35.77
5808,5807,173,59.29
4819,4818,173,13.46
5547,5647,173,2.11
6110,6109,174,57.92
5708,5707,174,36.18
6317,6316,174,34.55
4930,4830,174,16.63
4829,4729,174,16.61
5908,5907,174,28.77
6011,6010,174,37.37
4929,4830,174,10.7
5131,5232,174,10.55
4922,4822,174,3.97
6422,6421,175,44.24
5115,5114,175,21.29
4726,4725,175,17.85
4825,4824,175,19.54
4727,4626,175,31.52
4925,4824,175,11.18
6329,6428,175,7.69
5745,5846,175,6.28
6328,6428,175,3.81
5511,5510,176,33.98
4728,4627,176,31.01
4821,4720,176,10.34
6213,6212,176,30.37
6229,6330,176,3.65
6421,6420,177,67.3
5807,5806,177,27.18
4626,4625,177,52.72
4728,4628,177,16.81
5710,5609,177,14.16
5909,6008,177,15.84
5707,5706,178,30.58
6316,6315,178,31.37
6010,6009,178,31.32
6109,6108,178,26.36
6110,6009,178,27.75
4917,4916,178,13.1
5314,5313,178,11.59
5414,5413,178,11.32
5907,5906,178,28.09
5709,5608,178,16.14
5513,5412,178,13.24
5514,5413,178,11.66
6216,6315,178,7.94
5032,4932,178,17.85
5510,5509,179,36.83
4625,4624,179,57.24
4931,4831,179,16.51
5016,5015,179,13.68
5214,5213,179,11.97
5132,5133,179,12.56
6420,6419,180,41.08
6212,6211,180,33.09
4626,4525,180,30.38
5512,5411,180,15.14
6141,6140,180,8.46
4729,4629,181,9.51
4830,4730,181,9.45
5132,5233,181,54.71
6230,6331,181,147.83
4829,4730,181,14.12
5430,5531,181,63.12
6424,6525,181,144.34
5032,5033,181,26.97
6329,6430,181,138.66
5844,5945,181,30.25
5943,6044,181,32.3
6331,6432,182,212.53
6140,6241,182,109.91
6421,6522,182,108.19
6427,6528,182,83.26
4627,4526,182,8.36
6215,6314,182,4.58
6043,6143,182,11
6426,6527,182,104.6
6425,6526,182,105.51
6042,6143,182,33.37
6328,6429,182,36.66
6432,6533,183,184.82
6211,6312,183,69.84
6420,6521,183,46.38
6428,6529,183,61.52
6110,6210,183,21.86
6110,6209,183,9.15
6422,6523,183,58.41
5708,5607,183,2.44
5845,5946,183,30.24
5944,6045,183,32.3
6138,6239,183,54.5
5133,5234,183,61.05
6043,6144,183,30.26
6137,6238,183,50.35
6136,6237,183,59.55
5547,5648,183,21.77
5447,5548,183,21.11
6038,6139,183,46.5
6525,6626,184,50.9
5033,5134,184,50.51
6430,6531,184,49.64
6419,6520,184,39.31
4831,4832,184,27.32
4932,4933,184,27.4
5806,5805,184,3.76
6008,6007,184,3.83
6212,6313,184,34.01
4931,4832,184,14.18
6142,6243,184,32.26
6317,6418,184,31.32
5746,5847,184,27.76
6423,6524,184,34.7
5133,5134,184,22.71
5032,4933,184,12.92
5646,5747,184,21.34
6135,6236,184,41.38
6131,6232,184,38.12
6130,6231,184,43.37
6524,6625,185,177.54
6521,6622,185,76.33
6523,6624,185,96.79
6239,6340,185,109.44
6527,6628,185,50.44
6528,6629,185,50.43
6522,6623,185,67.74
6526,6627,185,50.45
6429,6530,185,58.49
4629,4630,185,27.47
4730,4731,185,27.44
5033,5034,185,26.09
6330,6431,185,31.62
5846,5947,185,28.24
6316,6417,185,26.95
4627,4527,185,9.58
5529,5630,185,24.95
6132,6233,185,29.05
6134,6235,185,29.04
6133,6234,185,26.61
6520,6621,186,87.01
6209,6310,186,64.2
5945,6046,186,29.3
6044,6145,186,30.25
6211,6311,186,17.29
6315,6416,186,25.35
5647,5748,186,22.58
6142,6242,186,10.79
6529,6630,186,50.39
6623,6724,187,91.55
6622,6723,187,82.78
6340,6441,187,84.5
5134,5235,187,67.64
6236,6337,187,50.36
6231,6332,187,57.35
6139,6240,187,46.46
6314,6415,187,29.67
4628,4528,187,9.31
5447,5448,187,2.35
6621,6722,188,95.67
6625,6726,188,58.08
6235,6336,188,50.37
6624,6725,188,68.57
5034,5135,188,62.11
6530,6631,188,50.35
6628,6729,188,50.43
6626,6727,188,39.71
4933,4934,188,26.42
6232,6333,188,38.44
4832,4833,188,26.09
6144,6245,188,28.37
6312,6413,188,31.59
6533,6634,188,32.98
6237,6338,188,34.71
6629,6730,188,58.05
6240,6341,189,93.33
6332,6433,189,78.33
6311,6412,189,65.71
6234,6335,189,44.9
6627,6728,189,39.74
4731,4732,189,26.31
4630,4631,189,27.4
6418,6519,189,30.79
6007,6107,189,20.28
6313,6414,189,32.58
6209,6309,189,19.22
6045,6146,189,25.74
4628,4529,189,14
5135,5236,190,76.96
6726,6827,190,110.53
6722,6823,190,111.73
6725,6826,190,114.87
6333,6434,190,78.01
5034,5035,190,22.32
6233,6334,190,33.42
6431,6532,190,30.45
6238,6339,190,22.9
5548,5649,190,22.52
5648,5749,190,23.25
5946,6047,190,20.29
4825,4724,190,2.3
6433,6534,191,105.13
6519,6620,191,72.01
6309,6410,191,76.83
6336,6437,191,50.37
6724,6825,191,42.52
6723,6824,191,42.31
6310,6411,191,29.58
6417,6518,191,26.34
5747,5848,191,23.54
6531,6632,191,22.62
5847,5948,191,22.38
4629,4530,191,14.98
5706,5705,191,3.79
4822,4823,191,8.47
6823,6924,192,108.05
5035,5136,192,72.84
6335,6436,192,50.37
6634,6735,192,39.21
6145,6246,192,24.91
6416,6517,192,24.44
5947,6048,192,20.66
6144,6244,192,11.2
6630,6731,192,26.75
4625,4524,192,4.86
6824,6925,193,92.58
6825,6926,193,75.68
6410,6511,193,80.71
6826,6927,193,70.35
6434,6535,193,51.93
6334,6435,193,50.39
4833,4834,193,22.63
4934,4935,193,21.91
6337,6438,193,25.05
5748,5849,193,23.47
6340,6440,193,13.18
6241,6342,193,14.01
6108,6208,193,7.67
5906,6006,193,7.67
5136,5237,194,90.26
6411,6512,194,68
4732,4733,194,21.6
6412,6513,194,28.72
4631,4632,194,24.73
6245,6346,194,24.75
6413,6514,194,26.01
6415,6516,194,22.79
6046,6147,194,19.24
5448,5549,194,21.34
5511,5410,194,2.64
4821,4721,194,1.89
4935,5036,195,73.05
6924,7025,195,64.11
6620,6721,195,37.65
6827,6928,195,32.97
6532,6633,195,28.31
6146,6247,195,24.13
6414,6515,195,23.59
4630,4531,195,14.19
4525,4426,195,9.59
4526,4427,195,11.35
6535,6636,196,62.24
6925,7026,196,59.61
6534,6635,196,30.19
6047,6148,196,24.85
6519,6619,196,16.59
6309,6409,196,15.15
6338,6439,196,18.14
6727,6828,196,19.62
5036,5137,197,80.18
6721,6822,197,93.68
6438,6539,197,44.54
6435,6536,197,43.93
6436,6537,197,30.35
6735,6836,197,28.94
5749,5850,197,21.67
5649,5750,197,21.47
6728,6829,197,19.02
6245,6345,197,11.53
6631,6732,197,16.88
6729,6830,197,17.18
6243,6344,197,11.5
4525,4425,197,5.93
4527,4428,197,12.3
5707,5606,197,2.97
5115,5014,197,1.9
6409,6510,198,98.67
6924,7024,198,19.25
6048,6149,198,26.89
6437,6538,198,20.36
5848,5949,198,22.87
6246,6347,198,24.08
5948,6049,198,22.15
6634,6734,198,10.05
6242,6343,198,12.67
5805,5905,198,7.68
6822,6923,199,96.3
5137,5238,199,99.2
7026,7127,199,53.26
6619,6720,199,65.26
4834,4835,199,19.31
4935,4936,199,18.5
6927,7028,199,26.38
6926,7027,199,27.28
6517,6618,199,23.51
4528,4429,199,12.38
6730,6831,199,14.12
6441,6542,199,12.51
6510,6611,200,103.91
6536,6637,200,49.09
6512,6613,200,26.12
6513,6614,200,23.92
4632,4633,200,17.41
5849,5950,200,22.3
6511,6612,200,22.63
6147,6248,200,24.93
6341,6442,200,13.91
6346,6447,200,25.46
4936,5037,201,76.1
6537,6638,201,41.04
6636,6737,201,33.82
7026,7126,201,23.09
6635,6736,201,35.26
6828,6929,201,30.91
6928,7029,201,24.65
4531,4532,201,18.36
4733,4734,201,16.6
6514,6615,201,21.66
6516,6617,201,23.06
6735,6835,201,11.14
6735,6736,201,12.32
6517,6617,201,11.61
6632,6733,201,15.35
4529,4430,201,12.13
5549,5650,201,21.42
6247,6348,201,24.93
6611,6712,202,97.75
6618,6719,202,53.74
6829,6930,202,29.45
6619,6719,202,18.85
6515,6616,202,21.17
6007,6106,202,8.08
6148,6249,202,26.45
5037,5138,203,94.31
6613,6714,203,49.21
6720,6821,203,35.53
6345,6446,203,25.28
6049,6150,203,30.07
6344,6445,203,27.04
6440,6541,203,14.43
6107,6207,203,7.57
6346,6446,203,11.47
6209,6308,203,7.44
6836,6937,203,24.44
7126,7227,204,54.99
6614,6715,204,43.58
4835,4836,204,21.15
6618,6718,204,22.93
5850,5951,204,21.24
6149,6250,204,27.72
6347,6448,204,25.69
6821,6922,205,78.37
5138,5239,205,102.16
6712,6813,205,57.81
6719,6820,205,68.75
6615,6716,205,44.71
6613,6713,205,24.33
6923,7023,205,16.94
4936,4937,205,17.53
5949,6050,205,22.76
6637,6738,205,33.65
5750,5851,205,18.1
6439,6540,205,15.95
6342,6443,205,12.55
6731,6832,205,11.56
6836,6837,205,12.58
7126,7226,206,22.51
6248,6349,206,25.68
6409,6509,206,10.46
6344,6444,206,11.33
6836,6936,206,11.55
6447,6548,206,25.51
6541,6642,206,63.85
4937,5038,207,93.09
7227,7328,207,51.22
6718,6819,207,61.25
6714,6814,207,25.75
6714,6815,207,42.36
6712,6812,207,21.52
4734,4735,207,19.06
4532,4533,207,16.82
6348,6449,207,25.75
5950,6051,207,20.54
4633,4634,207,15.16
7028,7129,207,19.16
4530,4431,207,9.41
6737,6838,207,27.05
6509,6610,208,98.86
6820,6921,208,70.35
7023,7124,208,59.44
6738,6839,208,56.56
7227,7228,208,25.9
6249,6350,208,26.33
6538,6639,208,14.55
5951,6052,208,40.71
5951,5952,208,27.47
4525,4424,208,5.07
6539,6640,208,13.88
5038,5139,209,97.39
6819,6920,209,71.54
7226,7327,209,51.31
5851,5852,209,27.29
7227,7327,209,23.74
6718,6818,209,20.28
6616,6717,209,22.85
7029,7130,209,19.14
5750,5751,209,8.43
6446,6547,209,26.09
6447,6547,209,11.47
6445,6546,209,25.89
6541,6641,209,19.35
6610,6711,210,86.82
6814,6915,210,48.11
6815,6916,210,53.58
6812,6913,210,61.17
7023,7123,210,20.93
6738,6739,210,24.27
6715,6816,210,24.5
6250,6351,210,24.69
4836,4837,210,18.69
6448,6549,210,24.88
6611,6711,210,10.6
7026,7125,210,10.13
5411,5312,210,4.87
5139,5240,211,95.6
6921,7022,211,69.58
6839,6940,211,47.35
7226,7326,211,23.72
6716,6817,211,25.14
6922,7022,211,17.15
6830,6931,211,10.11
6732,6833,211,10.38
6150,6251,211,19.36
4837,4938,212,89.68
6920,7021,212,68.59
6818,6919,212,64.27
6839,6840,212,26.8
6814,6914,212,24.62
4634,4635,212,20.71
4735,4736,212,23.35
6812,6912,212,20.31
6349,6450,212,26.48
5905,6005,212,7.49
6050,6151,212,20.36
6445,6545,212,11.43
4821,4722,212,3.11
6916,7017,213,51.71
6915,7016,213,50.22
6913,7014,213,54.8
7327,7427,213,25.14
7327,7428,213,45.91
6839,6939,213,24.81
6449,6550,213,25.68
4533,4534,213,18.36
6548,6649,213,23.21
6542,6643,213,10.43
5650,5651,213,8.39
6936,7037,213,22.8
5706,5605,213,3.36
5510,5409,213,2.49
6442,6543,213,11.62
4938,5039,214,99.46
6912,7013,214,77.53
6817,6918,214,56.76
6916,6917,214,25.77
6350,6451,214,24.88
6733,6834,214,11.21
4524,4623,214,6.45
6831,6932,214,9.89
5607,5508,214,4.67
5411,5311,214,3.01
6837,6938,214,16.02
6914,7015,215,53.66
6919,7020,215,69.38
7326,7426,215,25.1
6915,7015,215,24.04
7125,7225,215,22.48
6739,6740,215,24.79
6920,7020,215,17.7
6546,6647,215,25.94
7228,7329,215,20.24
6548,6648,215,11.63
6207,6307,215,8.58
6835,6935,215,7.69
7027,7128,215,9
4426,4327,215,7.38
6547,6648,215,24.37
4427,4328,215,7.31
6936,7036,215,11.65
5039,5140,216,97.13
7014,7115,216,59.17
7016,7117,216,62.11
7017,7118,216,68.99
6643,6744,216,57.5
6840,6941,216,45.84
6840,6841,216,27.06
7123,7224,216,27.22
6549,6650,216,25.68
6610,6710,216,12.65
4431,4432,216,12.3
6509,6609,216,10.43
5851,5752,216,13.73
6106,6206,216,7.38
5705,5804,216,5.79
6309,6408,216,5.39
6051,6152,216,16.18
7013,7114,217,64.12
6918,7019,217,66.85
6917,7018,217,59.7
7021,7122,217,29.74
4635,4636,217,22.92
4736,4737,217,20.21
7427,7527,217,25.23
7427,7528,217,45.52
4425,4326,217,7.14
7328,7429,217,15.26
5705,5704,217,3.88
4428,4329,217,7.14
5140,5241,218,86.35
7015,7116,218,59.44
4534,4535,218,20.31
6643,6743,218,21.63
6643,6644,218,23.95
6545,6646,218,26.48
5240,5241,218,15.71
6251,6352,218,21.94
4837,4838,218,13.93
6711,6811,218,13.3
5852,5953,218,15.95
6546,6646,218,11.43
6712,6811,218,8.9
6929,7030,218,8.57
6052,6153,218,15.53
4524,4523,218,4
5952,6053,218,15.55
7019,7120,219,71.54
7018,7119,219,73.88
6744,6845,219,49.74
7118,7219,219,66.98
7117,7218,219,69.13
7115,7216,219,68.13
6740,6741,219,25.75
6649,6750,219,25.74
6550,6651,219,25.71
6912,7012,219,14.95
6151,6252,219,20.28
6251,6252,219,12.61
7123,7223,219,11.31
6930,7031,219,8.78
7426,7526,219,25.13
4623,4723,219,20.09
5607,5507,219,2.86
6443,6544,219,10.88
7116,7217,220,71.01
4838,4939,220,96
7114,7215,220,62.18
6744,6745,220,26.28
6841,6942,220,46.33
6841,6842,220,26.98
7020,7121,220,30.3
7013,7113,220,19.25
5752,5853,220,42.05
5752,5753,220,27.44
6351,6452,220,15.43
7226,7325,220,10.71
6832,6933,220,10.08
6743,6844,221,50.02
6744,6844,221,24.18
6609,6709,221,24.06
6710,6810,221,23.82
6550,6551,221,12.53
6450,6551,221,17.32
6545,6645,221,11.38
6937,7038,221,8.31
6647,6748,221,24.65
4425,4325,221,4.29
6648,6749,221,24.26
4939,5040,222,96.45
7119,7220,222,60.22
7120,7221,222,55.59
7216,7317,222,59.86
7219,7320,222,48.55
5953,6054,222,38.89
5953,5954,222,27.41
4636,4637,222,20.74
6650,6751,222,25.7
7037,7138,222,16.58
7129,7230,222,9.91
7215,7316,223,58.16
6745,6846,223,49.42
7217,7318,223,56.34
6845,6945,223,25.82
6845,6946,223,41.77
6845,6846,223,27.45
6743,6843,223,24.1
4535,4536,223,21.09
7114,7214,223,19.94
4432,4433,223,14.94
5140,5141,223,14.71
6451,6552,223,15.85
7326,7425,223,12.36
7428,7529,223,15.18
7329,7430,223,17.68
4818,4817,223,0.23
7526,7626,223,25.13
7526,7627,223,45.99
4637,4738,224,75.47
6745,6746,224,26.36
6842,6943,224,44.92
7219,7319,224,24.51
4737,4738,224,14.82
6152,6253,224,19.48
7036,7137,224,15.88
5853,5854,224,27.47
6641,6742,224,10.06
6647,6747,224,11.54
4429,4330,224,5.66
7130,7231,224,9.58
5141,5242,225,83.29
7317,7418,225,48.98
7320,7421,225,48.43
6844,6944,225,25.94
6810,6910,225,25.03
6810,6911,225,46.43
7215,7315,225,21.39
6750,6851,225,24.91
5241,5242,225,15.17
6833,6934,225,10.14
6812,6911,225,8.1
7528,7629,225,18.09
7429,7530,225,17.68
7527,7628,225,18.65
4738,4839,226,89.68
7320,7321,226,26.58
6709,6809,226,22.42
7121,7222,226,25.62
6153,6254,226,20.02
6153,6154,226,12.53
4838,4839,226,12.63
7122,7222,226,11.38
5954,6055,226,39.39
5954,5955,226,27.44
6931,7032,226,9.56
6005,6105,226,7.23
6054,6154,226,25.92
6054,6155,226,40.58
6054,6055,226,27.47
6053,6154,226,19.94
5410,5310,226,3.21
5606,5506,226,3.48
5805,5904,226,3.38
6946,7046,227,25.96
6946,7047,227,40.08
6946,6947,227,27.46
6945,7045,227,25.81
6945,7046,227,41.82
7316,7417,227,47.05
7317,7417,227,24.39
7320,7420,227,24.54
6749,6850,227,24.75
6452,6553,227,22.32
5752,5652,227,9.69
6940,7041,227,8.93
6748,6849,227,24.05
7426,7525,227,12.41
7425,7525,227,25.07
4839,4940,228,96.3
7421,7522,228,48.85
7315,7416,228,49.41
6943,7043,228,25.57
6943,7044,228,43.61
4536,4537,228,21.5
7316,7416,228,24.89
4637,4638,228,17.72
4433,4434,228,21.22
6751,6852,228,25.69
4939,4940,228,12.55
6452,6453,228,12.61
6651,6752,228,17.35
7223,7324,228,17.31
6352,6453,228,14.51
6408,6508,228,8.51
5854,5855,228,27.04
7321,7422,229,50.66
6910,7010,229,25.93
6910,7011,229,40.45
7421,7422,229,26.49
7418,7518,229,25.27
7418,7519,229,45.3
7418,7419,229,27.13
7530,7630,229,25.46
7530,7631,229,44.3
7530,7531,229,27.26
7319,7419,229,24.96
6252,6353,229,14.59
7012,7112,229,10.15
6609,6708,229,11.06
6055,6156,229,52.12
7036,7136,229,7.69
6307,6407,229,7.3
6932,7033,229,9.73
6939,7040,229,8.97
5955,6056,229,49.73
6935,7035,229,7.69
4940,5041,230,90.4
4638,4739,230,83.1
7420,7521,230,48.8
7321,7322,230,26.05
7421,7521,230,24.43
7315,7415,230,24.27
5141,5142,230,15.48
5040,5041,230,13.68
6551,6652,230,17.3
7038,7139,230,17.15
6609,6608,230,7.25
6747,6848,230,23.83
6206,6306,230,7.38
7128,7229,230,9.93
5955,5956,230,26.28
6748,6848,230,11.58
7230,7331,230,19.56
7112,7213,231,85.18
7416,7517,231,49.28
6947,7048,231,38.73
6947,6948,231,27.4
6851,6952,231,25.53
7627,7728,231,17.83
6938,7039,231,8.66
5448,5449,231,2.3
7526,7625,231,12.41
7525,7625,231,25.02
5142,5243,232,78.49
4739,4840,232,93.24
7010,7111,232,51.65
7420,7520,232,24.44
6155,6256,232,26.77
5242,5243,232,15.95
6746,6847,232,19.25
6253,6354,232,19.52
7231,7332,232,19.42
7214,7314,232,11.21
7522,7622,232,25.32
7522,7623,232,45.02
7522,7523,232,27.17
7626,7727,232,17.49
6552,6653,232,17.08
7138,7239,232,15.43
5956,6057,232,76.23
7130,7131,232,4.49
7322,7423,233,50.66
7422,7423,233,26.88
7518,7618,233,25.33
7518,7619,233,44.99
6156,6257,233,37
4434,4435,233,22.9
5855,5856,233,23.09
4537,4538,233,20.4
7416,7516,233,24.31
6553,6654,233,23.79
6154,6255,233,20.53
6809,6909,233,15.24
6056,6157,233,36.5
6810,6909,233,12.27
7223,7323,233,7.68
6941,7042,233,8.7
4534,4435,233,7.21
7628,7729,233,18.16
7629,7730,233,18.53
4524,4423,233,3.5
5705,5604,233,3.45
4840,4941,234,87.51
7010,7110,234,23.61
6752,6853,234,24.92
6850,6951,234,23.34
6254,6355,234,19.82
6851,6951,234,11.47
4330,4331,234,10.69
7137,7238,234,15.4
6849,6950,234,21.22
4623,4622,234,5.02
4538,4639,235,75.47
7521,7621,235,24.87
6948,7049,235,38.92
6948,6949,235,27.42
4638,4639,235,15.53
6453,6554,235,20.94
6852,6953,235,23.35
7047,7148,235,18.26
6553,6554,235,12.6
7046,7147,235,18.2
7041,7142,235,19.14
7045,7146,235,18.72
6910,7009,235,14.32
6933,7034,235,9.77
7031,7132,235,9.25
5854,5755,235,13.08
7425,7524,235,12.32
4941,5042,236,74.38
7110,7211,236,87.37
6257,6358,236,50.87
7618,7719,236,56.06
5856,5957,236,66.36
7111,7211,236,25.89
7111,7212,236,35.72
6256,6357,236,40.44
7623,7723,236,25.58
7623,7724,236,43.54
7623,7624,236,27.34
7517,7617,236,22.64
5142,5143,236,16.81
5041,5042,236,17.21
6407,6507,236,15.97
6708,6808,236,14.61
7044,7145,236,19.06
7043,7144,236,19.03
6752,6753,236,12.57
6453,6454,236,12.58
7530,7431,236,13.64
7430,7431,236,8.33
5956,5957,236,17.49
6709,6808,236,9.57
6157,6258,236,58.1
4425,4324,236,3.65
7425,7424,236,8.25
7523,7624,236,43.21
4639,4740,237,89.83
5243,5244,237,20.58
7630,7731,237,18.18
7531,7632,237,18.32
7631,7732,237,17.83
4535,4436,237,7.64
7146,7247,238,47.75
7618,7718,238,22.14
5856,5857,238,20.8
6653,6754,238,24.28
5449,5550,238,21.47
6952,7053,238,21.54
6057,6158,238,28.26
7315,7414,238,11.3
7137,7237,238,7.68
6157,6158,238,23.75
7033,7134,238,16.77
7229,7330,238,19.61
5549,5550,238,2.28
4740,4841,239,84.84
7212,7313,239,55.65
6357,6458,239,47.5
6355,6456,239,30.77
4538,4539,239,17.72
6255,6356,239,28.03
6654,6755,239,24.36
4840,4841,239,14.43
7048,7149,239,18.4
7415,7515,239,11.51
7331,7432,239,15.81
7719,7820,239,57.62
7624,7725,240,43.66
7145,7245,240,25.53
7145,7246,240,43.85
7146,7246,240,24.72
4941,4942,240,18.07
6354,6455,240,18.96
6507,6607,240,26.01
6952,7052,240,11.7
7039,7140,240,17
7625,7726,240,17.13
7139,7240,240,15
5904,6004,240,7.3
6105,6205,240,7.36
5605,5505,240,3.82
5650,5551,240,3.66
7131,7232,240,20.05
4436,4437,241,53.78
5244,5245,241,53.69
7212,7312,241,16.15
5143,5144,241,53.58
5042,5043,241,53.6
6357,6457,241,10.05
4639,4640,241,49.86
6950,7051,241,17.68
6654,6655,241,26.72
6057,6058,241,32.17
7728,7829,241,12.73
4536,4437,241,9.42
4331,4332,241,47.19
7719,7720,241,50.24
4942,4943,242,53.86
7820,7821,242,50.64
4539,4540,242,51.39
4841,4842,242,53.42
4740,4741,242,50.92
6554,6555,242,26.45
6953,7054,242,17.67
6953,6954,242,28.32
7111,7210,242,8.43
7727,7828,242,4.48
5957,5958,242,30.02
6608,6707,242,5.75
4433,4334,242,9.52
7719,7819,242,10.91
4332,4333,243,50.18
5144,5145,243,53.69
5043,5044,243,53.84
4640,4641,243,52.01
5245,5246,243,53.87
7820,7921,243,33.03
5857,5858,243,25.94
4437,4438,243,53.83
6853,6854,243,21.22
7239,7340,243,12.69
7032,7133,243,5.95
4328,4229,243,7.73
5755,5756,243,24.53
4741,4742,244,53.77
4943,4944,244,53.87
4540,4541,244,53
6755,6756,244,28.69
4334,4335,244,53.85
7521,7620,244,5.9
4434,4335,244,9.89
7035,7135,244,3.88
4327,4228,244,7.63
5044,5045,245,53.87
4641,4642,245,53.86
5246,5247,245,53.85
4438,4439,245,53.34
5858,5859,245,51.62
6655,6656,245,28.43
7432,7433,245,20.33
7247,7248,245,20.46
7238,7339,245,12.68
7730,7831,245,4.61
4229,4230,245,50.52
7136,7236,245,3.87
7729,7830,245,4.61
4742,4743,246,53.87
7054,7055,246,29.58
6555,6556,246,31.34
6457,6558,246,32.52
7312,7413,246,34.39
4541,4542,246,53.75
6456,6557,246,16.13
7414,7514,246,10.56
6754,6855,246,17.62
7053,7154,246,17.67
6950,7050,246,5.3
7623,7722,246,6.52
7010,7109,246,4.5
4335,4336,246,53.83
7531,7532,246,10.49
4325,4226,246,7.8
4326,4227,246,7.19
5311,5212,246,7.31
5410,5309,246,2.66
7621,7722,246,12.85
5045,5046,247,53.82
4642,4643,247,53.87
6954,6955,247,21.94
6755,6856,247,17.68
4439,4440,247,52.74
7723,7824,247,12.77
6306,6406,247,3.84
7819,7920,247,33.94
5859,5860,248,44.4
6656,6657,248,35.26
7433,7434,248,48.09
6756,6757,248,31.06
5756,5757,248,21.26
5858,5959,248,32.25
7248,7249,248,48.36
7312,7412,248,14.73
4542,4543,248,53.86
6158,6159,248,12.73
7732,7733,248,11.04
6358,6359,248,12.05
7340,7341,248,20.21
6258,6259,248,12.31
7142,7143,248,10.72
7332,7333,248,8.9
7040,7141,248,6.01
4336,4337,248,53.64
4230,4231,248,48.91
4643,4644,249,53.4
5046,5047,249,53.85
7210,7311,249,21.45
6458,6459,249,11.71
7247,7348,249,12.75
7134,7235,249,12.68
7237,7338,249,12.69
7632,7633,249,10.87
4440,4441,249,53.51
6358,6459,249,6.14
6058,6059,249,12.6
5507,5408,249,7.02
7055,7056,250,27.1
5859,5960,250,34.42
7433,7534,250,34.15
4742,4843,250,27.18
4543,4544,250,53.17
7248,7349,250,34.07
7051,7152,250,17.63
7820,7721,250,14.53
7515,7616,250,13.22
7432,7533,250,12.72
7240,7241,250,10.99
4337,4338,250,53.38
7517,7616,250,5.44
5449,5450,250,8.84
7149,7150,250,10.16
5310,5211,250,7.83
4623,4522,250,2.86
4441,4442,251,53.33
6757,6758,251,34.58
7733,7734,251,45.97
6259,6260,251,35.87
4231,4232,251,49.12
6359,6360,251,39.38
6159,6160,251,37.14
6657,6658,251,34.19
6856,6857,251,29.37
7514,7615,251,33.35
7154,7155,251,22.73
7054,7155,251,17.68
7052,7153,251,12.96
7617,7717,251,5.39
6507,6506,251,5.41
5506,5407,251,7.5
7819,7919,251,11.91
4338,4339,252,53.68
6459,6460,252,47.17
7824,7825,252,20.16
6955,6956,252,21.06
7920,8021,252,34.29
7246,7347,252,12.75
7245,7346,252,12.69
7232,7233,252,8.86
6059,6060,252,41.25
6507,6606,252,6.88
4544,4545,252,53.45
4442,4443,253,53.79
4232,4233,253,50.93
7534,7535,253,46.89
7333,7334,253,20.51
7733,7834,253,34.45
4643,4744,253,24.18
5859,5760,253,18.87
7145,7244,253,6.86
7349,7350,253,47.89
7142,7243,253,4.39
4325,4225,253,3.27
4339,4340,254,53.51
4545,4546,254,53.86
6260,6261,254,46.07
6758,6759,254,48.89
6459,6560,254,34.34
5860,5861,254,19.77
7341,7342,254,19.93
7434,7435,254,19.91
5858,5759,254,13.58
7821,7822,254,8.7
4233,4234,255,52.5
7155,7156,255,26.97
6857,6858,255,32.97
6360,6361,255,25.75
7150,7151,255,21.11
7534,7635,255,34.37
7533,7634,255,34.24
7055,7156,255,17.6
6558,6559,255,11.87
7050,7151,255,17.66
7413,7513,255,11.79
7831,7832,255,10.83
7920,8020,255,12.78
7133,7234,255,12.78
7921,7922,255,8.4
8021,8022,255,44.09
7718,7818,255,5.42
7340,7441,255,12.69
7349,7450,255,34.2
4443,4444,255,53.29
6060,6061,255,42.98
4340,4341,256,53.83
6460,6461,256,25.57
6758,6859,256,33.9
7615,7716,256,31.11
7733,7833,256,13.66
6856,6957,256,17.68
7514,7614,256,10.99
4944,4945,256,8.4
4544,4645,256,24.32
7350,7351,256,47.47
5310,5210,256,3.64
6759,6760,257,40.17
5760,5761,257,26.15
7154,7255,257,13.17
7236,7337,257,12.72
7339,7440,257,12.73
5757,5758,257,11.82
4943,4844,257,9.65
4234,4235,257,53.39
8021,8122,257,34.39
5857,5758,257,7.97
6808,6908,257,3.55
6060,6161,257,34.23
4334,4235,257,9.83
4341,4342,258,53.42
4545,4646,258,27.38
7722,7823,258,12.81
8022,8023,258,46.37
7312,7411,258,8.59
7723,7823,258,3.87
5505,5406,258,7.9
5604,5504,258,4.27
7249,7250,258,10.45
7350,7451,258,34.28
7351,7352,259,48.14
6759,6860,259,33.5
7834,7835,259,19.84
7342,7343,259,20.18
7056,7057,259,11.2
7241,7242,259,11.15
7824,7925,259,12.68
8021,8121,259,14.72
7349,7449,259,12.49
5960,5961,259,11.42
6760,6761,260,42.24
6957,6958,260,30.84
6559,6660,260,34.44
7922,7923,260,20.14
5861,5862,260,19.6
6261,6262,260,19.26
7435,7436,260,19.91
6758,6659,260,15.97
7155,7256,260,17.59
7734,7735,260,11.25
6857,6958,260,17.43
4342,4343,260,53.7
6658,6659,260,11.61
7341,7442,260,12.63
4226,4127,260,10.88
5045,4946,260,10.07
8022,8123,260,34.43
8122,8123,260,45.19
7451,7452,261,47.26
5761,5762,261,25.51
7351,7452,261,34.14
6361,6362,261,19.53
5759,5660,261,20.71
6460,6561,261,17.44
7150,7251,261,12.88
7152,7253,261,13.07
7338,7439,261,12.74
6061,6062,261,19.03
6707,6807,261,5.39
4343,4344,262,53.63
4127,4128,262,52.35
6958,6959,262,50.14
6860,6861,262,38.29
6760,6861,262,34.08
7535,7536,262,11.14
7825,7826,262,10.89
7153,7254,262,13.27
4227,4128,262,9.08
5047,5048,262,8.26
8122,8223,262,34.46
4424,4323,262,2.24
5862,5863,263,42.57
6262,6263,263,43.27
7352,7353,263,27.48
7057,7058,263,30.02
8023,8024,263,20.44
7451,7552,263,34.32
5759,5659,263,11.53
6161,6162,263,18.85
7615,7715,263,8.93
5046,4947,263,9.17
4344,4345,264,53.74
7452,7453,264,48.94
6062,6063,264,42.62
6860,6961,264,32.79
7716,7817,264,17.68
4128,4129,264,53.41
7513,7613,264,11.22
7635,7636,264,11.13
7343,7344,264,20.12
7449,7550,264,34.37
7346,7447,264,12.71
7347,7448,264,12.71
5660,5661,264,44.59
6406,6405,264,6.16
7210,7310,264,4.69
4228,4129,264,7.23
7819,7918,264,6.58
8223,8224,265,44.46
5862,5963,265,34.15
6761,6762,265,22.1
6958,7059,265,33.34
6262,6363,265,34.28
5961,5962,265,19.4
6860,6960,265,17.5
7835,7836,265,19.9
6760,6661,265,19.96
7351,7252,265,16.53
7156,7157,265,11.02
7923,7924,265,20.81
7251,7252,265,28.75
7834,7935,265,12.61
7334,7335,265,8.86
6205,6305,265,4.06
8122,8222,265,14.11
5755,5656,265,5.06
5863,5864,266,41.67
6263,6264,266,43.09
7353,7354,266,49.53
7452,7553,266,33.89
6062,6163,266,34.16
7451,7551,266,12.88
4546,4547,266,8.73
4744,4745,266,8.19
6162,6163,266,42.04
7342,7443,266,12.69
4129,4130,266,53.58
6406,6505,266,7.79
7245,7345,266,3.9
5604,5603,266,2.9
6063,6064,267,39.19
7453,7454,267,49.43
6861,6862,267,23.87
7826,7827,267,20.64
8223,8324,267,34.42
7411,7512,267,17.44
6361,6462,267,12.54
7441,7542,267,12.63
7449,7549,267,13.11
5661,5662,267,43.76
7920,8019,267,7.16
5704,5803,267,2.34
5704,5703,267,1.84
7059,7060,268,38.81
6961,6962,268,26.91
5863,5964,268,33.95
6263,6364,268,34.25
8024,8025,268,20.73
7058,7159,268,33.65
5862,5763,268,19.81
7057,7158,268,17.67
7833,7934,268,12.5
4130,4131,268,52.1
4226,4126,268,4.74
5505,5405,268,3.69
6004,6104,268,3.58
7454,7455,269,51.19
6063,6164,269,33.15
7453,7554,269,33.69
8223,8323,269,14.51
7735,7736,269,11.27
7925,7926,269,10.77
7337,7438,269,12.73
5660,5561,269,18.77
8021,8120,269,8.58
6962,6963,270,50.36
8324,8325,270,43.9
7354,7355,270,27.91
7935,7936,270,20.2
7335,7336,270,20.4
7059,7160,270,33
6960,7061,270,32.93
6661,6662,270,22.71
6762,6763,270,20.1
5863,5764,270,20.22
8223,8124,270,18.84
7256,7257,270,10.11
7436,7437,270,10.88
8023,8124,270,12.74
4844,4845,270,8.3
4646,4647,270,8.88
5758,5658,270,8.31
5756,5657,270,5.29
5407,5308,270,7.68
4131,4132,270,52.48
7455,7456,271,53.5
6862,6863,271,28.16
8224,8225,271,19.58
7836,7837,271,19.47
7536,7537,271,11.13
7343,7444,271,12.67
6264,6265,271,23.59
7109,7209,271,4.02
7257,7258,272,53.34
7355,7356,272,50.67
6064,6065,272,22.32
7454,7555,272,32.63
8324,8425,272,34.37
7448,7548,272,12.82
7715,7816,272,17.66
5662,5663,272,22.84
4127,4028,272,12.78
7549,7650,272,34.16
5661,5562,272,19.22
5660,5560,272,9.66
7829,7930,272,4.69
4132,4133,272,53.43
6863,6864,273,50.66
7456,7457,273,52.3
6963,6964,273,42.03
7061,7062,273,49.4
7160,7161,273,44.28
7060,7161,273,34.43
7159,7260,273,34.03
7158,7259,273,33.44
6962,7063,273,33.21
6364,6365,273,23.72
7542,7543,273,19.97
6462,6463,273,19.32
8222,8322,273,13.2
6961,7062,273,17.59
7613,7714,273,17.67
6362,6463,273,12.4
4233,4134,273,7.12
4235,4136,273,9.36
4234,4135,273,8.03
5804,5903,273,2.17
7555,7556,274,53.84
7356,7357,274,52.88
7455,7556,274,29.31
6164,6165,274,23.33
8324,8424,274,14.82
6363,6464,274,17.18
7636,7637,274,11.04
5048,5049,274,8.53
7826,7927,274,12.78
7926,7927,274,21.05
6561,6562,274,7.78
6606,6706,274,4.75
7828,7929,274,4.52
4136,4137,275,53.82
6963,7064,275,34.04
8124,8125,275,20.43
7061,7162,275,33.7
7160,7261,275,34.41
7257,7358,275,29.74
5764,5765,275,21.69
5864,5865,275,11.36
8024,8125,275,12.8
7552,7653,275,12.83
4128,4029,275,11.2
6265,6266,275,26.98
5309,5209,275,3.5
5212,5113,275,4.93
8122,8221,275,8.12
7556,7557,276,50.23
6964,6965,276,36.08
7457,7458,276,45.27
6864,6865,276,38.41
7456,7557,276,31.52
8225,8226,276,20.27
8325,8326,276,19.87
7936,7937,276,19.71
4947,4948,276,8.27
7344,7445,276,12.63
7549,7649,276,12.39
5211,5112,276,5.56
7830,7931,276,4.59
7550,7651,276,12.69
4137,4138,277,53.77
7258,7359,277,34.18
4029,4030,277,53.05
7837,7838,277,19.53
7537,7538,277,19.75
5658,5559,277,21.48
6364,6465,277,17.11
5964,5965,277,11.87
7553,7654,277,12.87
7935,8036,277,12.69
6365,6366,277,30.51
5210,5111,277,6.87
7831,7932,277,4.49
5406,5307,277,7.8
7064,7065,278,42.4
6165,6166,278,25.28
6964,7065,278,31.75
7457,7558,278,34.46
7063,7164,278,31.4
7161,7262,278,34.08
8425,8426,278,19.04
7555,7656,278,26.31
5658,5558,278,12.53
7736,7737,278,11.17
8025,8026,278,10.69
4547,4548,278,8.59
7551,7652,278,12.74
7345,7446,278,12.68
4127,4027,278,5.73
7346,7446,278,3.89
6266,6267,278,34.34
6807,6907,278,6.17
4745,4746,278,8.59
7556,7657,279,33.29
7063,7163,279,18.6
6662,6663,279,11.27
7542,7643,279,12.64
6462,6563,279,12.49
7827,7928,279,12.76
4030,4031,279,53.78
7513,7612,279,6.13
4548,4549,280,53.86
7359,7360,280,34.06
7358,7459,280,34.1
8125,8126,280,20.54
7064,7165,280,34.12
5765,5766,280,23.44
6864,6765,280,21.44
7934,8035,280,12.68
6366,6367,280,34.74
7926,8027,280,12.86
5604,5503,280,3.04
7065,7066,281,45.89
6465,6466,281,33.15
8326,8327,281,20.53
8226,8227,281,20.26
7816,7917,281,17.68
5562,5563,281,11.33
6863,6764,281,14.51
5663,5664,281,11.21
6305,6304,281,6.58
7411,7511,281,4.52
7441,7541,281,3.92
4031,4032,281,53.78
6065,6066,281,11.42
6267,6268,281,33.62
4325,4224,281,2.23
5755,5655,281,2.21
8036,8037,282,20.17
7654,7655,282,23.07
7359,7460,282,30.64
6865,6866,282,18.43
7937,7938,282,19.73
7714,7815,282,17.68
8322,8423,282,17.65
4647,4648,282,8.59
5657,5557,282,8.43
7936,8037,282,12.58
7833,7933,282,3.97
4225,4125,282,3.55
5965,5966,282,24.36
6166,6167,282,29.97
4845,4846,282,8.59
6563,6564,283,26.21
6663,6664,283,30.58
7065,7166,283,34.45
8426,8427,283,20.26
7656,7757,283,34.29
7538,7539,283,19.9
7838,7839,283,19.62
6464,6565,283,17.52
7537,7638,283,12.59
6305,6404,283,8.29
7543,7544,283,11.1
4032,4033,283,53.83
4648,4649,284,53.85
7066,7067,284,47.29
6765,6766,284,31.38
7643,7644,284,20.42
7558,7559,284,17.28
4548,4649,284,27.44
5865,5866,284,11.32
5765,5866,284,17.05
8425,8526,284,12.43
8222,8321,284,7.46
7613,7713,284,5.07
6907,7008,284,27.35
7448,7547,284,7.19
5504,5404,284,3.91
7650,7751,284,12.69
7918,8018,284,5.18
6066,6067,285,27.23
8126,8127,285,20.28
7459,7560,285,31.51
6965,6966,285,12.33
6466,6467,285,29.26
7209,7309,285,7.5
4033,4034,285,53.19
4523,4422,285,1.92
5966,5967,286,26.07
8227,8228,286,20.28
8327,8328,286,20.26
7066,7167,286,34.32
7657,7658,286,16.61
5558,5459,286,20.1
7656,7756,286,12.76
6465,6566,286,17.41
8424,8525,286,12.36
5563,5564,286,22.63
5764,5665,286,8.91
6305,6204,286,6.89
7310,7410,286,4.75
6367,6368,286,19.31
5406,5306,286,3.63
7067,7068,287,48.86
6664,6665,287,31.65
6268,6269,287,19.15
6765,6665,287,15.53
6765,6666,287,22.6
7262,7263,287,11.98
7653,7754,287,12.84
4034,4035,287,53.61
8019,8119,287,5.11
8427,8428,288,20.28
7638,7639,288,20.25
7938,7939,288,19.64
4648,4749,288,27.47
8037,8038,288,19.95
7360,7361,288,12.68
5558,5458,288,10.88
7737,7738,288,11.07
7654,7755,288,13.22
7445,7546,288,12.64
7649,7750,288,12.77
7937,8038,288,12.59
4948,4949,288,8.4
6706,6806,288,7.28
6467,6468,288,35.33
7549,7648,288,6.9
7651,7752,288,12.78
7068,7069,289,50.73
4035,4036,289,53.86
6566,6567,289,36.31
6368,6369,289,46.84
6067,6068,289,30.75
7644,7645,289,20.2
7559,7660,289,33.91
7067,7168,289,33.91
7839,7840,289,19.62
7932,8033,289,12.58
8036,8137,289,12.68
4137,4038,289,10.27
4136,4037,289,9
6466,6567,289,17.68
5766,5767,289,11.18
8120,8220,289,5.25
6505,6605,289,4.47
8526,8527,289,20.05
6666,6667,290,35.69
8127,8128,290,20.28
7757,7758,290,16.53
6866,6867,290,12.54
7066,6967,290,17.11
8027,8028,290,10.68
7558,7659,290,11.97
4746,4747,290,8.89
7652,7753,290,12.85
6467,6568,290,31.36
6269,6270,290,48.69
5210,5110,290,3.03
6468,6469,290,51.72
7069,7070,291,52.11
8228,8229,291,20.28
8328,8329,291,20.02
6766,6767,291,16.33
7460,7461,291,11.58
8423,8524,291,17.57
7643,7744,291,12.74
6369,6370,291,53.87
7815,7916,291,17.67
6068,6069,292,36.14
7660,7661,292,46.8
7068,7169,292,32.97
7544,7545,292,11.12
8035,8136,292,12.71
5765,5666,292,8.53
8322,8422,292,5.46
7070,7071,293,52.97
6370,6371,293,53.33
7639,7640,293,20.33
8428,8429,293,20.04
7067,6968,293,15.99
7713,7814,293,17.68
7539,7540,293,11.01
6469,6470,293,45.55
7541,7642,293,12.59
4548,4449,293,9.81
7714,7814,293,5.12
7542,7642,293,3.92
4030,3931,293,8.86
6907,7007,293,6.85
7439,7540,293,4.5
6468,6569,293,32.16
5557,5457,293,9.88
6767,6768,294,37.58
7645,7646,294,20.2
7069,7170,294,31.74
8033,8034,294,20.14
8137,8138,294,20.13
7660,7761,294,34.39
7840,7841,294,20.02
7755,7856,294,27.84
7939,7940,294,19.66
8038,8039,294,19.61
6067,6168,294,17.64
7560,7561,294,11.19
5866,5867,294,10.99
7938,8039,294,12.57
7933,8034,294,12.57
8037,8138,294,12.64
4846,4847,294,8.73
8527,8528,294,20.63
4029,3930,294,7.61
6270,6271,294,28.34
5657,5556,294,5.99
7934,8034,294,3.9
5307,5208,294,8.57
6371,6372,295,50.16
7661,7662,295,47.02
7659,7760,295,34.46
5459,5460,295,11.92
7638,7739,295,12.7
6469,6570,295,34.46
7071,7072,295,52.58
7261,7362,295,7.24
4031,3932,295,8.85
5904,6003,295,1.92
7070,7171,296,30.52
7744,7745,296,20.07
6767,6868,296,32.48
7758,7759,296,18.48
6370,6471,296,29.76
7263,7264,296,11.22
7644,7745,296,12.69
7757,7858,296,11.75
4033,3934,296,11.61
5405,5305,296,3.65
8526,8627,296,12.66
4127,4026,296,3.98
6269,6170,296,16.12
8229,8230,296,20.04
7751,7852,296,12.75
5564,5565,296,11.08
4032,3933,296,9.99
7761,7762,297,47.11
6168,6169,297,35.26
7561,7562,297,46.9
7661,7762,297,34.36
5666,5667,297,23.64
6667,6668,297,15.66
7068,6969,297,14.45
5967,5968,297,9.73
6768,6769,297,42.62
4648,4748,297,6.91
8329,8330,297,20
7072,7073,297,51.37
5460,5461,298,39.93
7662,7663,298,46.46
5867,5868,298,25.89
6371,6472,298,33.33
8429,8430,298,20.04
6806,6906,298,10.02
8525,8626,298,12.39
6271,6272,298,30.24
7071,7172,298,31.14
7754,7855,298,13.27
5563,5464,298,8.71
6405,6504,298,4.21
4323,4223,298,2.82
3934,3935,298,53.47
7073,7074,299,50.29
7761,7862,299,34.34
8528,8529,299,20.45
7646,7647,299,20.33
7841,7842,299,20.08
7640,7641,299,19.94
6768,6869,299,34.16
7612,7712,299,5.03
5767,5768,299,10.41
3935,3936,300,52.17
7562,7563,300,46.07
7762,7763,300,47.03
7760,7861,300,34.35
7662,7763,300,34.42
8138,8139,300,19.38
8039,8040,300,19.55
7940,7941,300,20
7916,8017,300,17.68
7069,6970,300,13.05
7639,7740,300,12.72
7939,8040,300,12.57
8038,8139,300,12.56
7752,7853,300,12.75
7648,7749,300,12.83
8423,8523,300,5.7
6668,6669,300,39.59
7750,7851,300,12.68
8128,8129,300,10.94
7072,7173,300,32.48
8028,8029,300,10.91
6570,6571,300,20.59
6472,6473,301,35.14
7663,7664,301,40.79
5968,5969,301,23.69
7073,7174,301,41.84
7762,7863,301,41.95
5565,5566,301,21.73
7461,7462,301,5.91
7753,7854,301,18.24
7645,7746,301,18.02
8033,8134,301,18.01
8137,8238,301,18.02
7511,7611,301,5.47
7814,7915,301,24.08
8527,8628,301,18.19
7007,7108,301,24.42
6170,6171,301,20.05
5307,5207,301,3.35
4622,4621,301,1.4
5457,5358,301,14.96
7074,7075,302,40.61
6272,6273,302,21.56
7663,7764,302,41.92
5667,5668,302,21.7
7858,7859,302,16.7
8230,8231,302,17.16
4748,4849,302,36.89
8524,8625,302,17.89
7744,7845,302,17.95
7758,7859,302,17.14
6372,6373,302,13.81
7262,7363,302,7.46
5603,5602,302,2.44
6569,6670,302,19.74
3936,3937,303,40.13
7563,7564,303,40.79
7074,7175,303,41.91
7855,7956,303,39.4
6472,6573,303,35.49
8330,8331,303,17.17
7760,7860,303,12.75
5460,5361,303,15.9
7642,7743,303,18.02
7640,7741,303,17.91
8136,8237,303,18.09
8429,8530,303,17.84
8321,8421,303,5.69
8018,8118,303,5.86
7713,7813,303,5.66
4548,4448,303,3.35
7932,8032,303,4.38
6571,6572,303,39.38
6570,6671,303,21.14
5209,5109,303,2.94
5457,5357,303,7.96
5557,5456,303,5.55
7462,7463,304,40.79
7664,7665,304,40.78
7763,7864,304,41.94
8138,8239,304,17.71
8034,8135,304,18.1
8528,8629,304,18.1
8039,8140,304,17.75
7940,8041,304,17.88
7646,7747,304,18.08
7841,7942,304,17.93
7070,6971,304,8.92
4038,3939,304,8.53
7309,7409,304,5.56
5768,5769,304,22.87
6571,6672,304,40.08
7929,8030,304,6.16
7173,7274,304,41.94
7930,8031,304,6.04
8430,8431,304,17.28
6669,6770,304,40.37
5358,5359,304,40.46
7075,7076,305,40.28
7764,7765,305,40.75
6473,6474,305,27.38
7664,7765,305,41.96
7174,7275,305,41.6
8627,8728,305,18.18
5460,5360,305,8.65
7856,7857,305,6.37
4037,3938,305,8.36
8119,8219,305,5.92
7209,7208,305,2.65
7175,7176,306,37.26
7564,7565,306,40.78
6573,6574,306,38.06
6670,6771,306,39.72
7075,7176,306,41.68
7764,7865,306,41.96
5969,5970,306,23.53
5566,5567,306,21.72
8523,8624,306,24.07
7858,7959,306,17.3
7852,7953,306,18.09
6605,6705,306,6.48
7410,7510,306,5.54
7071,6972,306,9.44
7164,7265,306,6.51
5768,5869,306,23.73
5563,5463,306,3.36
5603,5702,306,3.31
6672,6673,307,40.3
5769,5770,307,34.83
7463,7464,307,40.79
7665,7666,307,40.76
7175,7276,307,39.03
6671,6772,307,40.16
6573,6674,307,38.62
6273,6274,307,22.31
5969,6070,307,24.98
8626,8727,307,17.93
8220,8320,307,5.84
5503,5403,307,3.07
6171,6172,307,18.81
6572,6673,307,39.72
3939,3940,307,39.71
7072,6973,307,10.41
7915,8016,307,24.3
8430,8531,307,17.96
6474,6475,308,37.7
7076,7077,308,39.6
6672,6773,308,41.18
5769,5870,308,36.72
7665,7766,308,41.96
7845,7846,308,17.25
8231,8232,308,17.25
6373,6374,308,19.44
6473,6374,308,21.26
8040,8141,308,17.82
7941,8042,308,17.84
7749,7850,308,17.94
7853,7954,308,18.41
7861,7962,308,17.93
7862,7963,308,17.92
7647,7748,308,18.08
8529,8630,308,18.02
6906,7006,308,10.05
7165,7266,308,6.29
4027,3928,308,3.77
3939,4040,308,41.23
7274,7375,308,41.22
7209,7308,308,3.65
6204,6203,308,4.12
7851,7952,308,18.06
6574,6575,309,34.86
7565,7566,309,40.75
6474,6575,309,38.22
7076,7177,309,41.13
8421,8522,309,23.62
8331,8332,309,17.28
7854,7955,309,19.46
8628,8729,309,18.12
8238,8339,309,17.79
7863,7964,309,17.95
7746,7847,309,17.91
8139,8240,309,17.57
7073,6974,309,11.22
7813,7914,309,24.09
7176,7177,309,34.32
7173,7273,309,11.97
7275,7376,309,38.31
4029,3929,309,2.53
7666,7667,310,40.74
7464,7465,310,40.78
6674,6675,310,40.56
7942,7943,310,17.1
8431,8432,310,17.39
7845,7946,310,17.92
7859,7960,310,17.93
6771,6872,310,41.67
7176,7277,310,36.22
7166,7267,310,6.32
3940,3941,310,40.02
6204,6303,310,5.61
7276,7277,310,35.63
6475,6476,311,33.74
7077,7078,311,35.82
6374,6375,311,35.08
7666,7767,311,41.96
5770,5771,311,28.92
6674,6775,311,41.51
6673,6774,311,41.67
5567,5568,311,21.5
8237,8338,311,18.14
7860,7961,311,17.93
7743,7844,311,18.07
7766,7767,311,40.75
6772,6873,311,41.92
5970,5971,311,22.85
7074,6975,311,11.53
6773,6774,311,40.54
5461,5462,311,7.34
3940,4041,311,41.48
7276,7377,311,37.49
8530,8631,311,17.99
5358,5259,311,14.35
7566,7567,312,40.73
6475,6576,312,35.65
7077,7178,312,37.67
6274,6275,312,23.76
5770,5871,312,30.85
6172,6173,312,22.14
6070,6071,312,23.72
7865,7866,312,17.29
8140,8241,312,17.71
8041,8142,312,17.78
7747,7848,312,18.01
7942,8043,312,17.75
7006,7107,312,41.14
8629,8730,312,17.96
8431,8532,312,18.08
7864,7965,312,18.01
7766,7867,312,41.96
5970,6071,312,24.43
6773,6874,312,41.86
3935,3836,312,9.81
7177,7178,312,33.71
4748,4848,312,6.95
4847,4848,312,4.18
7263,7364,312,6.53
7167,7268,312,6.4
5306,5206,312,3.34
6706,6805,312,3.78
7007,7107,312,5.45
6675,6676,313,39.45
7465,7466,313,40.73
7955,8056,313,41.13
7376,7477,313,40.8
8016,8117,313,24.31
8728,8829,313,17.73
8239,8340,313,17.64
5464,5465,313,6.25
7177,7278,313,35.63
7667,7668,313,40.71
7277,7278,313,38.32
4225,4124,313,2.12
3934,3835,313,7.95
6975,6976,314,40.1
7377,7378,314,36.63
6675,6776,314,40.16
8232,8233,314,17.28
8624,8725,314,18.07
7865,7966,314,17.96
7959,8060,314,17.89
7953,8054,314,18.58
6775,6776,314,40.42
7857,7958,314,16.24
3936,3837,314,10.49
6771,6871,314,13.99
8033,8133,314,4.35
7168,7269,314,6.43
5404,5304,314,2.98
7667,7768,314,41.95
7274,7374,314,10.13
7767,7768,314,40.78
7277,7378,314,40.01
4423,4322,314,1.64
6576,6577,315,40.37
7364,7365,315,40.78
7377,7478,315,38.44
7078,7079,315,28.85
8332,8333,315,17.38
8522,8623,315,23.85
8531,8632,315,17.96
8727,8828,315,17.84
7567,7568,315,40.7
6775,6876,315,41.79
6874,6875,315,38.75
7842,7843,315,6.03
6774,6875,315,41.41
6869,6870,315,5.98
7767,7868,315,41.96
7914,8015,315,23.98
5358,5258,315,7.53
7178,7179,315,34.2
5457,5356,315,6
7466,7467,316,40.74
6676,6677,316,36.9
7268,7369,316,41.78
6576,6677,316,41.75
5771,5772,316,23.28
6375,6376,316,23.73
7946,7947,316,17.18
8432,8433,316,17.39
8056,8057,316,39.62
7952,8053,316,18.18
7954,8055,316,19.46
8042,8143,316,17.78
8141,8242,316,17.78
7748,7849,316,18.14
7963,8064,316,17.95
7846,7947,316,17.82
7962,8063,316,17.95
8136,8236,316,4.34
6806,6905,316,4.89
7850,7951,316,17.98
8630,8731,316,17.92
7668,7669,316,40.79
6004,6103,316,1.92
7178,7279,316,36.11
7278,7279,316,40.58
7269,7270,317,40.36
7378,7379,317,36.99
3837,3838,317,40.35
6976,6977,317,40.28
6676,6777,317,37.36
5871,5872,317,22.45
6275,6276,317,21.99
6173,6174,317,23.08
6476,6477,317,19.89
5771,5872,317,24.79
8056,8157,317,40.37
8729,8830,317,17.75
8240,8341,317,17.76
7964,8065,317,17.9
7847,7948,317,17.97
6071,6072,317,22.92
8129,8130,317,5.94
6776,6777,317,40.05
5565,5466,317,6.48
7712,7812,317,5.69
7856,7957,317,6.76
7642,7742,317,4.35
7477,7578,317,36.42
5603,5502,317,2.43
7668,7769,317,41.89
3933,3834,317,6.24
7278,7379,317,41.89
7365,7366,318,40.66
7269,7370,318,41.25
7378,7479,318,38.78
6876,6877,318,39.66
5871,5972,318,24.05
8043,8044,318,17.26
8532,8533,318,17.35
7960,8061,318,17.96
7946,8047,318,17.83
8432,8533,318,18.08
7006,7106,318,10.02
6504,6604,318,5.08
6776,6877,318,41.5
7568,7569,318,40.79
7179,7180,318,33.52
5361,5362,318,7.12
6677,6678,319,34.76
8057,8058,319,39.98
7467,7468,319,40.79
6577,6578,319,26.6
8117,8218,319,23.97
7961,8062,319,17.93
7844,7945,319,17.92
7611,7711,319,5.61
3939,3840,319,9.92
7279,7280,319,39.57
8631,8732,319,17.83
7179,7280,319,35.43
6977,6978,320,39.08
6276,6277,320,40.53
8157,8158,320,39.8
7379,7380,320,36.63
6777,6778,320,38.31
7270,7271,320,40.76
8055,8156,320,41.81
8057,8158,320,40.78
7369,7470,320,41.17
8233,8234,320,17.2
7965,8066,320,17.93
8043,8144,320,17.93
7268,7368,320,13.65
7848,7949,320,18.03
8142,8243,320,17.87
8241,8342,320,17.94
8532,8633,320,18.03
8730,8831,320,17.74
7376,7476,320,9.59
8056,8156,320,16.13
7866,7967,320,18
8421,8521,320,5.98
7079,7080,320,24.61
3838,3839,320,40.61
3938,3839,320,9.55
7867,7968,320,17.95
7279,7380,320,41.1
7966,7967,320,17.32
7366,7367,321,40.67
6276,6377,321,41.86
8157,8258,321,40.57
7379,7480,321,38.44
6777,6878,321,40
7270,7371,321,41.83
5772,5773,321,22.12
8015,8116,321,24.29
8333,8334,321,17.19
8623,8724,321,24.09
8340,8441,321,17.98
7370,7371,321,40.45
6877,6878,321,38.47
7813,7913,321,5.69
7578,7579,321,29.03
5207,5108,321,7.09
3940,3841,321,10.33
5208,5108,321,3.55
7868,7869,321,17.18
6678,6679,322,38.9
7280,7281,322,34.35
5466,5467,322,21.81
8433,8434,322,17.28
5772,5873,322,23.73
8060,8161,322,17.91
8829,8930,322,17.67
7370,7471,322,41.37
6174,6175,322,21.95
8054,8155,322,19.45
8219,8319,322,6.01
7409,7509,322,5.63
5456,5455,322,5.33
8626,8726,322,4.36
6072,6073,322,20.38
7578,7679,322,30.95
5110,5011,322,4.08
7966,8067,322,18
7180,7181,322,31.8
6778,6779,323,39.44
8158,8159,323,40.55
6678,6779,323,39.54
7280,7381,323,36.25
7479,7580,323,30.94
7769,7770,323,16.89
7369,7469,323,15.01
8632,8733,323,17.95
6978,6979,323,33.71
7958,8059,323,17.45
5456,5555,323,7.17
5668,5669,323,4.97
5972,5973,323,23.71
7868,7969,323,17.84
6778,6879,324,40.99
8158,8259,324,41.51
6277,6278,324,25.72
8156,8257,324,40
8533,8534,324,17.26
8047,8048,324,17.26
7106,7207,324,24.28
8157,8257,324,15.88
6477,6478,324,15.57
8242,8343,324,18.08
8433,8534,324,17.95
8143,8244,324,17.9
8053,8154,324,18.48
7947,8048,324,18.02
8828,8929,324,17.63
6878,6879,324,35.42
7849,7950,324,17.94
8320,8420,324,5.93
8134,8235,324,6.31
7476,7577,324,41.68
3841,3842,324,40.58
7510,7610,324,5.61
7951,8052,324,18.02
7470,7571,324,41.64
8731,8832,324,17.69
7173,7272,324,5.93
8063,8164,324,17.97
3932,3833,324,4.66
8064,8165,324,17.86
6679,6680,325,40
7471,7472,325,40.73
7480,7481,325,27.94
7380,7481,325,33.32
6578,6579,325,17.11
8341,8442,325,18.16
7948,8049,325,18.1
5356,5257,325,14.25
3841,3942,325,41.89
7080,7081,325,24.34
8065,8166,325,17.91
6779,6780,326,40.43
6679,6780,326,41.46
7181,7182,326,29.69
7471,7572,326,41.96
8155,8256,326,41.96
7281,7282,326,30.49
7480,7581,326,29.84
5773,5774,326,20.7
8144,8145,326,17.23
6277,6378,326,27.57
8633,8634,326,17.24
8533,8634,326,17.93
8047,8148,326,17.93
7769,7870,326,17.51
8830,8931,326,17.68
8061,8162,326,17.88
5259,5260,326,7.13
5769,5670,326,6.71
6879,6880,327,33.67
7381,7382,327,26.65
6779,6880,327,41.79
5467,5468,327,21.66
7281,7382,327,32.42
8116,8217,327,24.25
8334,8335,327,17.15
8521,8622,327,23.49
8732,8833,327,17.76
7945,8046,327,17.91
6979,6980,327,28.97
3837,3738,327,10.89
7943,7944,327,6.08
8522,8622,327,5.84
7308,7408,327,5.5
8031,8132,327,6.26
8030,8131,327,6.21
8237,8337,327,4.33
8062,8163,327,17.96
7914,8014,327,5.76
7381,7482,328,28.53
5973,5974,328,22.86
8434,8435,328,17.17
5773,5874,328,22.32
8342,8443,328,18.22
7968,8069,328,17.99
8144,8245,328,17.9
7949,8050,328,18.03
8243,8344,328,17.98
8633,8734,328,17.9
8257,8358,328,40.4
6175,6176,328,19.08
6073,6074,328,19.6
6906,7005,328,4.84
5305,5205,328,3.04
7470,7570,328,14.06
8067,8068,328,17.24
7967,8068,328,17.96
8066,8167,328,17.93
5670,5671,329,33.37
6780,6781,329,40.78
5260,5261,329,39.86
6378,6379,329,36.46
6680,6681,329,31.92
8159,8160,329,17.12
7969,7970,329,17.29
7869,7970,329,17.77
8724,8825,329,18.08
5356,5256,329,7.46
3836,3737,329,8.57
5702,5802,329,4.44
8831,8932,329,17.68
5207,5107,329,3.7
5703,5802,329,2.27
4622,4521,329,1.4
7182,7183,330,30.64
7282,7283,330,30.58
6780,6881,330,41.95
6378,6479,330,36.89
6478,6479,330,19.67
8534,8535,330,17.11
8434,8535,330,17.83
6604,6704,330,8.45
6276,6177,330,11.28
8727,8827,330,4.38
8161,8262,330,17.83
5456,5355,330,5.31
7476,7576,330,10.98
3838,3739,330,11.53
8258,8359,330,17.68
8259,8260,330,17.15
8067,8168,330,17.91
7081,7082,330,23.95
3738,3739,330,39.43
7282,7383,331,32.52
7581,7582,331,23.7
7481,7582,331,25.83
8733,8834,331,17.94
7969,8070,331,17.96
8155,8255,331,12.26
8930,9031,331,17.57
5568,5569,331,5.06
8257,8357,331,16.09
6980,6981,331,25.46
5109,5010,331,5.13
4027,3927,331,1.73
3840,3741,331,12.07
6781,6782,332,40.06
6379,6380,332,35.36
5468,5469,332,21.09
5774,5775,332,19.17
8634,8635,332,17.11
7581,7682,332,25.48
8148,8149,332,17.17
8832,8933,332,17.78
8048,8149,332,17.92
8343,8444,332,17.89
8929,9030,332,17.7
8244,8345,332,17.78
8534,8635,332,17.76
7669,7670,332,6.36
8165,8266,332,17.97
8164,8265,332,17.89
7950,8051,332,18.04
3930,3831,332,3.57
8259,8360,332,17.8
3931,3832,332,3.47
8052,8153,332,18
6304,6403,332,2.79
6681,6682,333,27.27
6781,6882,333,40.88
6379,6480,333,35.72
7482,7483,333,23.7
8622,8723,333,23.94
8335,8336,333,17.26
8014,8115,333,24.05
8217,8318,333,24.11
5774,5875,333,20.63
8049,8150,333,17.9
8442,8543,333,18.05
8623,8723,333,5.68
4041,4042,333,4.57
8339,8440,333,6.07
6881,6882,333,35.78
8166,8267,333,17.94
3839,3740,333,11.61
3739,3740,333,40.67
5569,5570,334,39.64
7183,7184,334,30.17
5671,5672,334,23.74
8435,8436,334,17.11
3741,3742,334,40.79
8245,8246,334,17.06
8734,8735,334,17.18
7482,7583,334,25.48
5974,5975,334,18.87
8634,8735,334,17.76
6378,6279,334,18.69
8148,8249,334,17.82
7471,7372,334,12.02
7082,7083,334,26.75
8338,8439,334,6.42
8931,9032,334,17.74
6881,6982,334,37.63
4448,4348,334,3.32
3841,3742,334,11.43
5362,5363,334,6.49
7274,7373,334,4.88
7374,7475,334,7.42
8162,8263,334,17.92
6782,6783,335,40.58
8255,8356,335,41.93
7183,7284,335,32.11
6074,6075,335,15.53
8046,8147,335,17.85
7944,8045,335,17.96
8833,8934,335,17.95
8044,8045,335,5.97
7812,7912,335,5.61
5465,5366,335,6.45
8337,8438,335,18
6705,6804,335,4.96
8163,8264,335,17.9
6782,6883,336,41.54
6380,6381,336,27.47
8535,8536,336,17.04
8435,8536,336,17.76
8068,8169,336,18.02
8069,8170,336,18.04
8245,8346,336,17.7
8734,8835,336,17.84
5260,5161,336,15.51
6679,6580,336,10.3
8050,8151,336,17.86
6882,6883,336,37.93
8167,8268,336,17.92
8358,8459,336,17.76
8168,8169,336,17.29
8260,8261,336,17.11
5803,5902,336,2.07
5469,5470,337,21.13
7682,7683,337,24.71
5775,5776,337,20.54
7383,7384,337,17.86
7582,7683,337,26.26
3742,3743,337,40.64
8932,9033,337,17.86
6379,6280,337,19.32
8344,8445,337,17.56
8521,8621,337,6.05
7106,7206,337,5.55
3836,3736,337,4.11
6882,6983,337,39.65
7711,7811,337,5.68
8725,8826,337,6.39
5875,5876,338,22.23
8635,8636,338,17.05
7682,7783,338,26.53
6380,6481,338,27.57
3742,3843,338,41.92
7005,7105,338,10.88
5260,5160,338,8.35
8828,8928,338,4.41
7083,7084,338,28.5
6805,6904,338,5.58
7006,7105,338,4.82
4223,4123,338,2.53
7578,7678,338,4.9
5503,5402,338,2.27
4040,4141,338,4.85
8359,8460,338,17.76
8168,8269,338,17.96
8260,8361,338,17.76
8360,8361,338,17.14
8262,8363,338,17.84
6381,6382,339,38.51
6783,6784,339,32.31
5570,5571,339,23.02
5672,5673,339,23.14
8318,8419,339,24.13
8115,8216,339,24.42
7483,7484,339,18.39
8723,8824,339,23.86
6682,6683,339,19.5
6380,6281,339,21.26
7383,7484,339,18.61
8834,8935,339,17.96
8255,8355,339,12.95
6883,6884,339,40.78
8319,8419,339,5.91
8116,8216,339,5.57
5466,5367,339,6.44
5161,5162,339,40.51
7679,7680,339,6.13
7912,8013,339,41.41
8356,8457,339,36.57
5470,5471,340,40.5
6381,6482,340,39.11
3743,3744,340,39.1
5975,5976,340,19.88
8436,8437,340,17.12
8735,8736,340,17.17
7583,7584,340,17.5
8249,8250,340,17.33
8246,8247,340,17.12
5875,5976,340,22.95
8635,8736,340,17.69
8345,8446,340,17.71
8266,8367,340,17.92
8933,9034,340,17.94
8153,8254,340,18.47
8149,8250,340,17.83
7572,7573,340,7.35
6883,6984,340,41.96
7770,7771,340,6.23
7509,7609,340,5.68
9031,9132,340,17.62
4041,4142,340,4.92
5403,5303,340,3.11
5161,5262,340,41.45
8051,8152,340,17.96
8357,8458,340,17.29
4126,4025,340,1.84
4323,4222,340,1.76
8360,8461,340,17.79
3743,3844,341,40.7
5975,6076,341,20.3
8150,8251,341,17.82
8444,8545,341,17.66
7184,7185,341,15.38
9030,9131,341,17.11
5256,5157,341,12.78
8420,8520,341,5.98
5356,5255,341,5.6
5206,5106,341,3.54
6175,6076,341,7.67
8267,8368,341,17.96
8356,8456,341,19.14
5571,5572,342,35.29
5367,5368,342,40.63
5776,5777,342,23.11
8835,8836,342,17.27
8536,8537,342,17.07
8346,8347,342,17.23
7284,7285,342,16.57
8439,8540,342,17.81
8436,8537,342,17.78
8735,8836,342,17.83
7583,7684,342,18.2
8249,8350,342,18.01
8263,8364,342,17.76
8246,8347,342,17.78
7610,7710,342,5.68
9032,9133,342,17.76
3738,3639,342,9.6
4142,4143,343,37.1
5471,5472,343,39.47
7680,7681,343,27.27
5776,5877,343,24.03
7384,7385,343,17.6
8621,8722,343,23.73
8147,8248,343,17.83
8264,8365,343,17.84
8934,9035,343,17.94
8045,8146,343,17.83
8438,8539,343,17.76
7475,7575,343,11.44
3741,3642,343,12.69
8145,8146,343,6.13
7870,7871,343,6.1
7207,7307,343,5.53
7206,7307,343,24.42
3739,3640,343,11.74
6103,6202,343,5.25
6103,6102,343,3.84
6884,6885,343,32.93
6984,6985,343,38.79
5673,5674,344,20.51
7680,7781,344,29.16
8636,8637,344,17.03
7783,7784,344,17.89
8361,8362,344,17.27
8269,8270,344,17.34
8459,8560,344,17.76
8835,8936,344,17.94
8536,8637,344,17.72
8346,8447,344,17.9
8151,8252,344,17.96
5465,5365,344,3.25
8169,8270,344,18.08
7679,7780,344,6.5
5109,5009,344,2.45
5162,5163,344,21.02
5014,4915,344,0.83
8261,8362,344,17.84
6984,7085,344,40.43
5976,5977,345,23.09
7584,7585,345,23.79
6482,6483,345,21.19
8216,8317,345,24.26
6683,6684,345,19.78
7484,7485,345,19.22
8445,8546,345,17.87
9033,9134,345,17.77
7384,7485,345,18.31
6381,6282,345,17.1
5256,5156,345,6.52
3740,3641,345,12.34
8014,8114,345,5.71
8217,8317,345,5.67
7572,7673,345,7.58
8013,8114,345,23.78
7408,7508,345,5.61
8441,8542,345,5.97
7912,8012,345,10.44
8456,8557,345,39.32
5472,5473,346,35.99
4143,4144,346,35.74
5572,5573,346,29.6
7684,7685,346,32.55
8736,8737,346,17.13
5976,6077,346,24.01
7584,7685,346,25.58
7783,7884,346,18.64
8363,8464,346,17.8
8361,8462,346,17.94
8928,9029,346,17.84
8269,8370,346,18.02
8460,8561,346,17.76
3642,3643,346,40.79
7970,7971,346,6
6784,6785,346,15.09
5161,5062,346,14.23
8355,8455,346,15.49
6985,6986,346,38.42
5903,6002,346,1.97
5162,5263,346,21.56
6884,6785,346,20.35
5368,5369,347,20.64
7684,7785,347,34.49
6482,6583,347,22.85
8935,9036,347,17.96
8824,8925,347,18.2
6382,6383,347,12.85
7570,7671,347,7.55
7472,7473,347,4.58
3942,3943,347,4.73
7085,7086,347,40.71
6985,7086,347,40.09
7185,7186,347,17.21
8456,8556,347,17.2
3737,3638,347,8.18
5877,5878,348,23.22
8836,8837,348,17.32
8540,8541,348,17.13
8350,8351,348,17.78
8347,8348,348,17.26
8537,8538,348,17.12
8437,8538,348,17.78
8736,8837,348,17.78
8446,8547,348,17.89
9034,9135,348,17.76
8458,8559,348,17.76
8250,8351,348,17.89
8247,8348,348,17.89
5160,5061,348,14.89
7571,7672,348,6.08
9132,9233,348,17.72
5502,5501,348,3.25
5304,5204,348,2.96
7285,7286,348,17.54
5258,5159,348,4.35
8152,8253,348,17.88
8457,8558,348,17.67
7884,7885,349,40.79
4144,4145,349,36.2
3643,3644,349,40.34
6483,6484,349,28.71
5163,5164,349,20.96
7780,7881,349,33.32
5877,5978,349,24.18
8722,8823,349,23.73
8365,8366,349,17.18
7681,7782,349,25.58
5777,5778,349,15.32
8251,8352,349,17.9
8545,8646,349,17.84
8070,8071,349,5.87
5062,5063,349,39.5
5502,5601,349,4.47
7576,7677,349,7.58
7385,7386,349,18.1
6885,6886,349,17
7884,7985,350,41.94
5473,5474,350,29.63
6483,6584,350,30.63
7585,7586,350,20.48
5674,5675,350,19.71
8447,8448,350,17
8936,8937,350,17.28
8637,8638,350,17.13
8836,8937,350,18
8364,8465,350,17.76
8540,8641,350,17.79
8350,8451,350,18.52
9133,9234,350,17.71
8347,8448,350,17.93
8537,8638,350,17.77
9131,9232,350,17.46
5367,5268,350,13.86
5470,5371,350,11.21
8543,8544,350,6.06
5363,5364,350,6.54
7685,7686,351,22.74
5573,5574,351,23.37
5473,5574,351,31.56
5977,6078,351,24.71
8012,8113,351,23.82
8317,8418,351,24.29
5163,5264,351,21.5
8248,8349,351,17.98
9035,9136,351,17.83
8365,8466,351,17.84
8539,8640,351,17.92
6282,6283,351,19.57
8114,8215,351,24.2
5160,5060,351,7.91
8318,8418,351,5.66
7485,7486,351,19.96
6986,6987,351,20.56
6680,6581,351,5.63
5107,5008,351,6.55
7385,7486,351,18.89
6684,6685,351,19.04
4145,4146,352,37.28
7885,7886,352,37.53
7785,7786,352,22.71
5369,5370,352,20.32
7685,7786,352,24.48
8561,8562,352,17.35
8737,8738,352,17.32
8560,8661,352,17.8
8362,8463,352,17.94
8936,9037,352,17.95
8637,8738,352,17.78
7186,7187,352,20.55
8825,8926,352,6.35
8252,8353,352,17.94
8455,8555,352,19.47
5063,5064,352,39.24
7086,7087,352,20.57
5371,5372,353,40.36
5268,5269,353,40.55
7885,7986,353,39.28
7881,7882,353,26.17
5878,5879,353,23.62
9134,9235,353,17.76
8447,8548,353,17.64
5367,5267,353,7.21
8557,8658,353,17.7
6403,6503,353,4.81
8255,8354,353,6.52
8451,8452,353,35.76
3942,4043,353,5.09
6604,6603,353,2.9
7286,7287,353,20.57
5978,5979,354,23.5
5778,5779,354,22.72
7386,7387,354,20.56
5164,5165,354,20.96
5878,5979,354,24.73
8837,8838,354,17.5
7884,7984,354,12.83
8464,8565,354,17.69
8561,8662,354,18.03
6077,6178,354,19.33
8737,8838,354,18
6886,6887,354,20.26
7573,7574,354,7.31
8546,8647,354,17.6
8621,8721,354,5.91
8070,8171,354,6.26
7005,7004,354,3.88
8451,8552,354,37.61
6604,6703,354,3.99
8170,8171,354,5.85
7373,7474,354,7.4
4146,4147,355,37.22
5474,5475,355,22.24
5978,6079,355,24.56
8823,8924,355,23.74
7881,7982,355,28.03
9036,9137,355,17.88
9029,9130,355,17.57
7811,7911,355,5.68
9030,9130,355,4.48
8543,8644,355,6.46
5062,4963,355,16.01
7005,7104,355,5.3
7586,7587,355,20.57
3930,3830,355,1.64
6785,6786,355,12.06
3835,3735,355,2.42
3737,3637,355,3.9
5269,5270,356,40.78
5372,5373,356,37.79
5574,5575,356,21.17
8937,8938,356,17.39
8638,8639,356,17.37
8641,8642,356,17.12
5675,5676,356,18.51
5474,5575,356,23.86
8448,8449,356,17.15
7386,7487,356,21.93
5164,5265,356,21.5
8348,8449,356,17.85
8538,8639,356,17.86
8837,8938,356,18.2
9135,9236,356,17.76
8556,8657,356,17.48
6383,6384,356,12.04
7105,7205,356,5.64
7886,7887,356,31.78
9233,9334,356,17.74
6584,6585,356,18.45
7206,7306,356,5.44
8452,8453,356,37.75
7486,7487,356,20.55
8552,8553,357,40.01
7882,7883,357,25.1
5064,5065,357,20.67
6581,6582,357,19.89
8466,8467,357,17.25
8113,8214,357,23.74
8418,8519,357,24.22
8215,8316,357,24.29
8558,8659,357,17.59
8559,8660,357,17.64
8547,8648,357,17.61
5156,5057,357,11.9
3640,3541,357,10.55
7771,7772,357,5.94
8419,8519,357,5.71
8216,8316,357,5.57
7187,7188,357,20.05
6484,6485,357,13.16
8366,8467,357,17.89
7886,7987,357,33.72
6685,6686,357,17.21
7686,7687,357,18.93
8452,8553,357,39.49
7586,7687,357,21.93
8355,8454,357,8.21
8455,8454,357,9.18
4147,4148,358,35.99
8552,8653,358,40.82
7984,8085,358,41.69
5879,5880,358,23.22
8562,8563,358,17.33
9037,9038,358,17.44
8738,8739,358,17.49
8937,9038,358,18.07
8638,8739,358,18.05
8465,8566,358,17.76
8641,8742,358,17.77
9234,9335,358,17.8
8448,8549,358,17.81
6283,6284,358,16.63
5157,5158,358,6.15
5255,5155,358,5.95
8646,8747,358,17.49
9232,9333,358,17.69
7609,7709,358,5.68
7786,7787,358,19.18
5062,4962,358,8.73
7686,7787,358,20.47
5061,4962,358,15.52
8368,8369,358,5.95
4963,4964,358,38.62
5063,4964,358,16.33
5270,5271,359,40.76
5373,5374,359,34.17
7982,7983,359,26.31
5979,5980,359,23.58
6178,6179,359,23.04
5779,5780,359,22.38
5165,5166,359,21.03
7882,7983,359,26.93
5879,5980,359,24.18
6078,6179,359,19.32
8640,8741,359,17.83
8466,8567,359,17.92
8349,8450,359,18.1
9136,9237,359,17.84
7673,7674,359,7.34
5777,5678,359,8.81
8520,8620,359,5.86
7573,7674,359,7.57
7187,7288,359,21.51
7678,7779,359,7.01
8170,8271,359,6.24
8455,8554,359,11.77
7887,7888,360,32.21
7587,7588,360,20.16
5979,6080,360,24.67
8721,8822,360,23.98
8838,8839,360,17.34
8662,8663,360,17.41
8661,8762,360,18.14
8562,8663,360,18.01
9037,9138,360,18.14
8738,8839,360,18.19
6887,6888,360,19.22
7871,7872,360,6.11
8722,8822,360,5.91
7710,7810,360,5.68
7387,7388,360,19.6
8826,8927,360,6.39
6704,6803,360,4.85
5107,5007,360,3.32
5061,4961,360,8.36
4422,4421,360,1.34
7887,7988,361,11.25
7982,8083,361,0.87
5268,5169,361,2.28
6002,6001,361,44.38
5156,5056,361,12.47
3640,3540,361,14.78
5777,5677,361,3.71
5255,5254,361,47.58
5060,5059,361,45.78
5160,5059,361,28.94
5205,5105,361,5.06
5502,5401,361,26.91
5206,5105,361,19.67
6303,6302,361,46.7
7308,7407,361,7.45
5403,5302,361,19.65
5702,5701,361,27.57
4448,4347,361,32.96
4223,4122,361,27.27
4322,4321,361,47.73
7912,8011,361,17.94
4027,3926,361,35.7
3639,3540,361,13.6
5155,5154,362,47.07
8552,8652,362,5.82
8552,8551,362,47.48
7004,7003,362,42.46
6603,6602,362,42.71
6503,6502,362,44.02
4143,4044,362,11.61
5255,5154,362,35.14
5367,5266,362,27.67
8928,9028,362,2.21
6202,6201,362,47.57
6804,6903,362,18.5
6403,6402,362,47.6
6102,6101,362,47.51
4222,4221,362,34.55
7911,7910,362,42.63
5455,5454,362,22.49
3639,3539,362,19.9
5802,5801,362,27.49
5655,5554,362,14.24
3736,3636,362,20.76
3737,3636,362,33.61
6803,6802,363,37.26
3830,3829,363,32.32
6703,6702,363,39.91
5204,5203,363,29.42
6002,5901,363,36.83
5156,5055,363,36.71
5255,5354,363,12.1
7508,7507,363,24.44
5060,4959,363,28.78
7609,7608,363,24.79
4123,4022,363,36.81
4025,4024,363,38.29
4961,4960,363,45.3
4222,4121,363,32.18
5304,5203,363,19.62
4124,4023,363,32.17
5061,4960,363,27.85
3834,3733,363,35.42
4720,4719,363,7.8
3835,3734,363,29.5
5902,5901,363,23.76
6302,6301,364,45.06
5254,5253,364,47.05
5169,5168,364,39.68
7810,7809,364,25.16
8620,8619,364,24.89
7709,7708,364,24.48
5007,5006,364,32.33
5155,5054,364,36.02
8519,8518,364,24.74
8316,8315,364,24.22
7982,7981,364,28.28
7104,7103,364,24.16
3637,3536,364,36
5475,5476,364,1.48
8721,8720,364,25.15
5302,5301,364,45.08
4146,4046,364,18.79
4146,4045,364,33.13
8113,8112,364,25.7
8418,8417,364,24.38
5268,5167,364,23.99
4145,4045,364,18.61
7881,7880,364,28.35
3541,3440,364,34.63
4144,4045,364,12.12
8012,8112,364,3.36
8214,8213,364,24.62
8646,8645,364,21.6
5205,5104,364,19.77
7306,7305,364,24.19
5107,5006,364,18.51
7205,7204,364,24.16
4321,4320,364,43.93
4026,3925,364,25.73
4963,4862,364,29.67
3639,3538,364,30.78
3638,3538,364,18.32
3638,3537,364,33.86
3736,3635,364,25.54
6602,6601,365,42.15
6502,6501,365,42.04
5154,5153,365,46.92
8551,8550,365,46.28
5374,5273,365,29.14
8741,8740,365,20.58
4964,4863,365,28.9
6402,6401,365,41.78
4148,4048,365,19.61
4148,4047,365,31.51
7003,7002,365,39.36
4962,4861,365,29.56
9130,9129,365,22.11
4147,4047,365,19.57
8924,8923,365,19.61
8644,8643,365,20.8
8011,8010,365,25.14
8565,8564,365,20.55
8548,8649,365,1.67
6903,6902,365,38.06
3541,3441,365,17.7
4122,4021,365,35.59
9333,9332,365,20.48
4221,4220,365,46.64
5106,5005,365,19.53
9232,9231,365,20.69
7910,7909,365,43.36
8657,8656,365,20.55
3833,3732,365,24.55
6702,6701,366,40.58
6802,6801,366,39.53
5554,5453,366,36.6
7888,7788,366,18.99
8762,8761,366,19.73
5203,5202,366,44.8
5373,5272,366,24.62
3540,3439,366,32.46
5204,5103,366,19.74
8747,8746,366,19.04
4221,4120,366,36.39
5303,5202,366,19.6
7407,7406,366,24.05
4961,4860,366,28.06
3832,3731,366,19.52
3929,3828,366,20.49
7103,7102,367,40.49
9028,9027,367,20.21
8652,8651,367,22.76
5154,5053,367,30.86
5271,5170,367,21.93
8112,8111,367,44.71
5302,5201,367,27.76
3536,3535,367,47.73
3831,3730,367,18.49
3927,3826,367,17.57
4025,3924,367,20.8
3539,3438,367,35.33
5014,5013,367,7.56
7002,7001,368,37
4021,4020,368,40.01
7880,7879,368,32.65
3538,3437,368,35.84
7981,7980,368,30.31
7608,7607,368,24.05
5055,4954,368,34.87
4044,3944,368,18.35
8010,8009,368,43.33
5169,5068,368,21.98
7507,7506,368,23.71
5678,5577,368,18.82
3830,3729,368,18.25
6902,6901,368,38.08
8213,8212,368,25.49
5159,5058,368,15.35
6283,6182,368,15.91
6282,6181,368,15.93
5008,4907,368,17.15
4024,3923,368,33.12
5009,4908,368,16.7
4621,4620,368,11.93
5103,5102,369,46.83
4021,3920,369,35.46
4046,3945,369,33.84
7708,7707,369,24.08
7204,7203,369,23.48
3537,3436,369,31.32
8315,8314,369,24.67
8518,8517,369,24.6
8417,8416,369,24
7809,7808,369,24.45
5105,5004,369,19.75
5780,5679,369,16.97
5007,4906,369,17.44
5203,5102,369,27.38
8619,8618,369,24.9
7984,8084,369,1.87
7087,7088,369,0.78
8720,8719,369,24.43
6284,6183,369,16.27
3536,3435,369,33.65
5005,5004,369,29.41
7387,7488,369,1.71
4141,4140,369,11.09
7305,7304,369,24.19
6888,6787,369,16.27
4862,4761,369,29.31
3440,3339,369,34.83
7102,7101,370,39.45
8651,8650,370,47.01
4047,3946,370,32.18
9129,9128,370,20.87
4048,3947,370,32.74
4863,4762,370,29.46
4046,3946,370,18.32
3635,3634,370,19.38
9231,9230,370,21.64
9332,9331,370,20.86
4964,4965,370,2.35
9235,9336,370,1.59
3441,3341,370,20.14
3441,3340,370,30.05
7909,7908,370,24.43
8656,8655,370,20.63
3440,3340,370,17.52
3735,3634,370,13.79
5103,5002,371,30.66
4021,3921,371,16.87
4048,3948,371,19.02
5168,5067,371,23.3
3829,3728,371,18.97
3734,3633,371,18.91
8746,8745,371,20.72
3733,3632,371,19.73
8111,8110,371,25.49
7888,7889,371,9.93
4954,4953,371,47.73
3541,3442,371,10.79
7406,7405,371,24.09
3926,3825,371,14.18
3439,3338,371,33.77
5102,5101,372,45.6
8212,8211,372,25.4
7103,7202,372,19.14
5104,5003,372,19.77
5677,5576,372,14.1
7888,7789,372,12.23
8822,8821,372,8.94
5273,5172,372,22.79
5202,5101,372,27.97
7677,7676,372,8.47
5454,5353,372,14.48
8658,8759,372,1.55
5006,4905,372,18.87
8761,8760,372,19.69
8314,8313,373,25.13
7607,7606,373,24.07
7506,7505,373,24.05
3732,3631,373,19.61
3635,3534,373,16.9
5272,5171,373,20.35
7779,7778,373,7.71
4954,4853,373,34.38
4964,4864,373,6.31
7987,8086,373,11.22
6887,6988,373,1.36
5005,4904,373,19.74
4817,4816,373,6.07
7908,7907,374,25.23
8618,8617,374,24.83
8719,8718,374,24.78
5002,5001,374,46.29
7707,7706,374,24.6
3435,3434,374,23.04
5102,5001,374,28.51
8416,8415,374,24.19
5170,5069,374,21.46
3438,3337,374,20.57
7808,7807,374,24.51
3731,3630,374,19.64
5055,4955,374,9.69
8010,8109,374,17.3
7888,7989,374,10.16
7304,7303,374,23.53
8517,8516,374,24.18
5476,5375,374,14.62
3744,3745,374,0.64
4521,4520,374,6.97
8649,8748,374,16
4915,4914,374,7.34
4621,4520,374,9.51
3340,3239,374,36.81
4819,4718,374,4.96
3947,3846,375,34.1
8655,8654,375,21.17
7102,7201,375,19.68
3921,3820,375,36.83
5067,5066,375,30.49
4853,4852,376,44.72
7789,7688,376,36.68
8745,8744,376,20.8
3948,3847,376,34.55
3947,3847,376,18.13
8211,8210,376,25.53
5002,4901,376,29.62
5068,4967,376,19.17
3729,3628,376,18.62
3437,3336,376,19.85
4953,4852,376,30.18
7405,7404,376,24.8
8923,8922,376,9.2
3436,3335,376,21.15
5374,5274,376,6.4
3339,3238,376,23.46
3441,3342,376,14.06
8823,8922,376,7.01
3948,3848,377,17.77
3435,3334,377,18.64
5353,5352,377,20.05
5003,4902,377,33.24
5004,4903,377,19.76
8313,8312,377,25.14
8821,8820,377,24.85
3826,3725,377,15.13
5453,5352,377,13.97
3825,3824,377,18.13
7706,7705,378,25.33
4816,4815,378,22.91
7606,7605,378,24.78
7505,7504,378,24.92
3634,3533,378,19.1
4906,4805,378,17.55
6183,6082,378,16.28
3920,3919,378,11.21
4020,4019,378,10.99
3730,3629,378,13.6
4864,4763,378,28.74
3630,3629,378,26.3
5253,5252,378,7.34
4959,4958,378,6.82
4955,4854,378,35.79
7987,8087,378,5.16
4421,4420,378,5.69
4908,4807,378,15.24
4907,4806,378,15.48
7907,7906,378,25.49
5679,5578,378,16.36
8649,8749,378,8.05
3340,3240,378,13.01
8718,8717,379,24.79
8516,8515,379,24.52
8617,8616,379,24.15
4853,4752,379,27.28
7789,7689,379,14.67
7807,7806,379,24.93
9027,9026,379,8.81
8009,8008,379,9.77
3630,3530,379,20.76
3921,3821,379,13.82
4620,4619,379,9.13
8415,8414,379,24.8
3728,3727,379,14.23
5067,4966,379,19.55
7987,8088,379,3.66
7303,7302,379,23.39
4967,4966,379,43.9
8922,8921,380,26.33
5274,5173,380,35.9
4905,4804,380,18.95
5172,5071,380,18.75
7404,7403,380,25.14
4021,3922,380,10
3630,3529,380,25.66
5171,5070,380,20.96
4120,4119,380,7.52
3923,3922,380,8.85
5252,5251,381,39.91
3533,3532,381,47.34
3847,3746,381,33.65
8744,8743,381,20.68
3338,3237,381,14.28
7879,7878,381,7.95
5352,5251,381,36.82
5153,5152,381,6.67
5069,4968,381,21.28
3434,3433,381,15.45
8938,8939,381,1.53
8662,8763,381,1.6
7705,7704,382,25.56
7605,7604,382,25.06
5252,5151,382,35.41
7504,7503,382,25.28
3848,3747,382,34.55
8820,8819,382,24.06
3847,3747,382,18.46
8312,8311,382,24.99
3335,3234,382,25.17
9128,9127,382,8.84
4902,4801,382,32.58
9230,9229,382,8.7
7980,7979,382,7.31
5053,5052,382,6.77
9331,9330,382,8.74
4903,4802,382,34.71
3825,3724,382,13.81
5577,5477,382,7.39
4967,4866,382,26.25
3337,3236,382,19.4
4860,4859,382,6.45
3239,3138,382,18.63
5014,4913,382,4.1
3529,3528,383,36.8
8414,8413,383,25.14
8515,8514,383,25.15
3533,3432,383,31.89
4854,4753,383,35.06
4816,4715,383,15.46
3824,3823,383,19.26
7806,7805,383,25.46
5013,5012,383,6.62
8651,8750,383,8.95
4763,4662,383,29.41
3240,3139,383,32.23
3630,3531,383,16.61
3821,3720,383,36.63
3336,3235,383,21.83
3728,3627,383,11.96
8565,8666,383,1.57
4220,4219,383,5.72
7906,7905,383,24.99
8008,8007,383,25.74
4320,4319,383,5.35
8616,8615,384,24.18
8717,8716,384,24.09
3334,3333,384,15.94
7676,7675,384,8.52
3820,3819,384,11.23
4966,4865,384,28.36
3530,3429,384,34.64
4955,4855,384,10.67
5251,5250,384,45.77
3434,3333,384,14.35
8759,8758,384,8.38
7302,7301,384,24.45
3927,3827,384,3.09
5152,5051,385,36.66
3529,3428,385,33.67
3846,3845,385,10.54
3530,3430,385,17.69
8109,8108,385,9.26
8083,8082,385,4.23
5052,5051,385,45.45
7403,7402,385,24.46
3138,3137,385,35.48
4761,4760,385,6.33
3237,3136,385,35.84
5009,4909,385,2.97
4818,4717,385,3.76
3823,3822,386,46.16
3234,3233,386,26.16
5173,5072,386,23.76
4805,4704,386,18.09
5274,5174,386,10.83
7778,7777,386,8.16
3432,3431,386,45.61
3433,3332,386,33.86
7503,7502,386,25.11
3727,3726,386,15.11
7188,7189,386,1.57
3823,3722,387,36.62
5250,5249,387,41.68
7905,7904,387,25.13
8819,8818,387,24.43
7704,7703,387,24.88
7604,7603,387,24.95
5071,4970,387,20.72
5070,4969,387,21.34
3919,3918,387,11.97
9229,9228,387,20.44
3824,3723,387,14.26
4019,4018,387,11.44
9330,9329,387,21.2
7805,7804,387,25.37
3432,3331,387,36.78
4802,4701,387,34.51
8924,9023,387,4.9
8565,8664,387,4.81
8007,8006,387,25.74
8658,8757,387,4.78
3136,3135,388,44.28
4855,4754,388,36.79
3235,3134,388,31.78
8666,8665,388,20.61
8514,8513,388,24.81
8615,8614,388,25.45
4807,4706,388,15.29
3725,3624,388,13.87
7789,7790,388,6.38
3821,3721,388,12.22
4903,4803,388,9.55
8413,8412,388,24.58
3429,3328,388,35.92
8210,8209,388,8.83
4866,4765,388,27.51
8747,8846,388,4.96
8657,8756,388,4.81
9334,9433,388,4.83
4704,4703,389,36.06
8082,8081,389,27.2
3136,3035,389,36.82
8716,8715,389,24.06
4753,4652,389,27.22
4852,4851,389,7.97
4520,4519,389,6.98
8762,8861,389,4.89
8741,8840,389,4.81
8742,8841,389,4.8
9335,9434,389,4.85
6284,6184,389,3.24
4968,4867,389,19.15
9333,9432,389,4.82
8108,8107,389,25.72
3431,3330,390,36.26
3430,3329,390,35.2
3137,3036,390,34.91
3234,3133,390,19.54
7789,7690,390,8.21
4864,4764,390,6.24
4865,4764,390,28.06
3331,3330,390,35.98
3341,3241,390,5.07
8653,8752,390,4.61
3628,3527,390,10.4
5057,4956,390,4.69
7402,7401,390,24.12
3138,3037,390,18.61
5476,5376,390,3.97
3233,3232,391,21.23
7502,7501,391,24.05
8006,8005,391,25.11
3627,3626,391,13.41
3722,3621,391,36.62
3723,3622,391,36.83
4806,4705,391,11.05
5174,5073,391,34.65
3240,3140,391,7.85
9026,9025,391,8.78
3332,3231,391,34.76
8924,9025,391,1.62
3727,3626,391,12.42
4652,4651,392,47.74
3134,3033,392,35.74
3135,3034,392,36.11
3721,3620,392,36.03
8818,8817,392,24.48
4855,4755,392,12.84
4619,4618,392,7.85
8614,8613,392,25.11
9329,9328,392,20.12
3919,3818,392,10.33
4958,4957,392,7.22
7804,7803,392,24.79
5174,5074,392,17.68
7703,7702,392,24.57
5780,5680,392,3.05
3331,3230,392,33.15
7603,7602,392,24.92
8821,8920,392,7.27
6585,6586,392,0.59
9137,9238,392,1.61
4119,4118,392,8.47
3139,3038,392,16.75
7904,7903,392,24.81
6888,6788,392,3.22
8467,8468,392,1.55
8209,8208,392,26.02
8715,8714,393,25.12
4703,4702,393,30.31
4754,4653,393,33.81
4752,4751,393,7.68
4815,4814,393,6.76
8211,8310,393,7.07
3820,3719,393,8.01
8651,8751,393,3.99
8652,8751,393,4.61
8311,8310,393,9.18
4802,4702,393,9.37
8756,8755,393,20.83
6787,6687,393,4.32
8513,8512,393,24.44
8412,8411,393,24.84
8107,8106,393,25.45
6485,6385,393,2.87
3329,3228,394,36.38
8861,8860,394,20.05
8846,8845,394,19.72
4765,4664,394,27.22
3233,3132,394,17.86
4704,4603,394,19.04
4970,4869,394,21.17
7878,7877,394,8.19
9127,9126,394,8.65
7789,7890,394,6.56
4763,4663,394,6.51
8749,8848,394,9.22
3037,2936,394,35.49
3230,3229,395,38.34
8005,8004,395,25.11
3330,3229,395,33.91
7690,7589,395,34.51
3621,3520,395,35.8
3622,3521,395,36.83
5072,4971,395,17.4
4913,4912,395,8.27
5477,5377,395,8.02
3723,3623,395,13.17
7979,7978,395,7.98
4867,4766,395,26.12
9332,9431,395,4.78
8924,9024,395,2.28
4969,4868,395,18.97
8310,8309,396,46.15
4755,4654,396,36.82
5074,4973,396,36.79
4701,4601,396,11.2
3232,3131,396,34.09
3627,3526,396,11.5
6082,6081,396,5.61
3231,3130,396,31.05
8820,8919,396,7.5
3241,3141,396,19.25
8208,8207,396,25.42
3037,2937,396,16.82
7903,7902,396,25.03
3034,2933,396,36.81
4603,4602,397,41.47
7803,7802,397,24.79
7602,7601,397,24.49
3230,3129,397,34.58
8817,8816,397,24.44
4703,4602,397,19.6
4706,4605,397,15.95
3428,3427,397,8.91
4219,4218,397,7.62
4859,4858,397,6.94
8922,9021,397,6.82
5073,4972,397,25.51
4420,4419,397,5.53
3140,3039,397,27.35
7702,7701,397,24.58
8512,8511,397,25.25
8106,8105,397,25.49
3033,3032,397,24.66
3228,3227,398,33.15
3328,3327,398,10.54
9023,9022,398,9.24
7777,7776,398,8.4
5174,5175,398,8.58
8755,8754,398,20.84
8370,8371,398,0.34
3229,3128,399,35.67
8004,8003,399,25.51
3228,3127,399,31.17
8845,8844,399,20.41
4653,4552,399,28.18
6184,6083,399,15.49
5376,5275,399,15.95
9228,9227,399,8.81
3622,3522,399,13.83
3747,3646,399,8.51
4662,4661,399,6.36
2936,2935,399,24.32
4319,4318,399,6.62
9336,9435,399,4.89
4817,4716,399,3.05
4603,4502,400,23.64
4755,4655,400,13.1
3626,3625,400,11.62
4519,4518,400,9.9
5074,4974,400,14.15
4760,4759,400,6.68
4715,4714,400,6.19
8207,8206,400,25.15
5174,5075,400,10.77
3241,3242,400,10.27
4955,4856,400,5.56
8747,8847,400,2.33
3034,2934,400,12.97
8511,8510,400,45.31
3033,2932,400,19.18
8309,8308,400,25.99
9021,9020,401,25.82
4605,4604,401,27.38
8919,8918,401,23.67
4654,4553,401,33.06
4766,4665,401,26.66
4869,4768,401,21.03
5680,5579,401,15.99
3141,3040,401,34.76
7690,7590,401,9.38
7790,7791,401,7.9
3130,3030,401,20.12
3130,3029,401,30.11
8105,8104,401,25.43
2937,2836,401,29.99
7802,7801,401,25.23
8511,8410,401,36.82
7902,7901,401,24.81
3127,3126,402,40.53
3032,3031,402,23.36
3129,3028,402,34.12
8816,8815,402,24.45
3527,3426,402,12.29
3141,3041,402,17.58
3746,3645,402,6.81
4868,4767,402,23.07
2936,2835,402,19.08
4018,4017,402,6.82
3241,3142,402,12.59
8742,8842,402,2.21
5577,5478,402,4.23
4973,4872,402,24.72
8760,8859,402,4.82
4502,4501,403,42.36
8510,8509,403,44.38
8003,8002,403,25.57
3127,3026,403,35.7
7890,7990,403,11.17
8310,8409,403,14.64
7790,7691,403,10
5377,5276,403,18.58
3918,3917,403,6.32
4971,4870,403,20.02
9237,9337,403,2.26
9038,9039,403,1.54
8749,8849,403,4.13
8754,8753,403,20.56
8613,8612,403,9.92
8308,8307,404,25.17
8844,8843,404,20.71
4552,4451,404,33.1
3128,3027,404,33.94
4655,4554,404,35.99
8714,8713,404,9.22
8081,8080,404,7.08
9328,9327,404,8.71
8206,8205,404,25.43
4974,4873,404,36.38
2932,2931,405,20.01
3032,2931,405,18.75
8104,8103,405,26.04
3526,3525,405,11.26
4618,4617,405,8.21
3620,3619,405,7.81
3029,2928,405,35.6
4855,4756,405,6.93
3719,3718,405,8.36
8762,8862,405,2.27
4908,4808,405,2.73
3037,2938,405,9.96
8409,8408,406,44.66
4872,4871,406,32.33
3028,2927,406,35.95
8918,8917,406,24.12
9020,9019,406,24.8
4553,4452,406,28.84
4502,4401,406,24.54
2835,2834,406,30.99
3030,2929,406,33.19
4814,4813,406,7.72
7790,7891,406,8.11
4017,4016,406,27.32
2933,2832,406,14.64
9126,9125,406,8.78
6079,6180,406,1.24
4972,4871,406,16.76
8612,8611,406,44.46
8713,8712,407,44.38
8509,8508,407,25.42
8815,8814,407,24.88
4665,4564,407,26.44
3127,3226,407,19.12
3227,3226,407,11.23
3327,3326,407,11.28
3917,3916,407,27.47
7589,7489,407,8.46
3041,2940,407,34.48
7877,7876,407,8.23
3040,2939,407,27.86
3030,2930,407,18.76
8859,8858,407,20.83
4118,4117,407,6.92
8511,8610,407,15.58
3027,2926,408,36.34
8205,8204,408,25.8
8002,8001,408,24.55
4767,4666,408,26
4768,4667,408,23.07
2934,2833,408,19.46
4716,4615,408,16.01
4605,4504,408,13.36
7978,7977,408,8.11
3041,2941,408,17.83
8307,8306,408,25.43
7189,7089,408,4.73
8103,8102,409,26.07
2928,2827,409,36.1
4554,4453,409,34.18
8510,8609,409,16.45
4016,4015,409,35.49
4604,4503,409,18.62
3520,3519,409,7.15
9431,9430,409,7.27
2836,2735,409,18.87
7188,7289,409,1.61
4974,4874,409,11.6
2927,2826,410,36.14
8408,8407,410,25.44
2832,2831,410,28.29
4872,4771,410,18.24
3625,3524,410,14.34
2932,2831,410,14.54
2929,2828,410,36.21
7776,7775,410,8.38
4655,4555,410,10.95
2835,2734,410,19.39
4912,4911,410,6.96
3141,3042,410,10.67
3818,3817,410,5.83
3622,3523,410,7.61
8712,8711,410,44.26
2926,2925,411,42.02
8508,8507,411,25.86
4451,4351,411,15.54
4870,4769,411,19.92
3426,3425,411,11.29
9227,9226,411,8.73
7890,7991,411,8.4
5074,4975,411,7.83
5377,5277,411,6.58
2937,2837,411,6.76
3916,3915,411,26.72
2926,2825,412,36.29
8917,8916,412,19.39
4873,4772,412,19.14
8858,8857,412,20.56
4858,4857,412,7.05
3917,3816,412,16.27
4755,4656,412,7.1
8817,8916,412,7.39
2940,2839,412,32.16
8306,8305,412,25.96
4519,4418,412,6.23
5477,5378,412,4.88
8204,8203,412,26.05
9330,9429,412,4.75
7971,7972,412,0.3
4771,4770,413,34.64
2827,2726,413,36.83
8609,8608,413,25.77
4874,4773,413,36.67
4015,4014,413,25.22
8713,8812,413,16.45
3126,3125,413,9.75
8102,8101,413,25.12
4714,4713,413,7.7
2929,2829,413,15.79
4218,4217,413,6.53
4518,4517,413,8.25
2941,2840,413,34.76
8666,8765,413,4.81
4913,4812,413,4.67
7388,7389,413,1.9
5880,5881,413,1.03
8407,8406,414,25.93
2826,2725,414,36.77
4453,4352,414,29.42
4667,4566,414,26
4666,4565,414,25.82
2832,2731,414,19.77
4808,4707,414,15.93
2828,2727,414,36.63
3026,3025,414,9.28
2941,2841,414,17.59
8711,8710,414,25.11
2734,2733,414,32.39
4761,4660,414,3.22
2839,2838,415,37.77
8507,8506,415,26.19
2831,2830,415,20.65
2931,2830,415,14.24
4554,4454,415,9.11
3042,2942,415,20.07
4555,4454,415,34.96
8919,9018,415,7.62
3041,2942,415,10.92
4759,4758,415,6.83
3816,3815,415,41.14
9336,9436,415,2.27
8368,8469,415,0.39
8916,8915,416,25.42
4874,4774,416,14.72
4504,4403,416,18.88
2833,2732,416,19.75
3226,3225,416,11.19
3326,3325,416,11.57
8713,8813,416,8.37
9327,9326,416,8.84
6184,6084,416,3.72
8305,8304,416,25.99
8203,8202,416,26.16
7989,8089,416,2.4
8712,8811,416,16.56
8467,8568,416,1.59
2725,2724,417,45.21
8608,8607,417,26.26
8857,8856,417,20.76
4503,4402,417,19.34
2829,2728,417,36.68
4014,4013,417,30.39
8846,8945,417,4.89
8757,8856,417,4.8
4318,4317,417,5.84
9329,9428,417,4.85
8406,8405,418,26.31
2725,2624,418,36.83
2731,2730,418,30.44
2841,2740,418,36.46
8710,8709,418,25.73
2840,2739,418,34.5
2726,2625,418,34.23
8765,8764,418,20.94
4771,4670,418,18
4015,3914,418,16
9125,9124,418,8.82
3817,3716,418,18.27
9021,9120,418,6.98
8665,8764,418,4.79
9433,9532,418,4.83
2734,2633,418,17.86
8756,8855,418,4.79
8506,8505,419,26.44
2839,2738,419,20.37
4769,4668,419,19.97
5277,5176,419,19.64
7876,7875,419,8.49
4401,4301,419,8.28
3619,3618,419,7.22
3042,3043,419,11.6
9022,9121,419,6.93
6788,6688,419,3.8
8861,8960,419,4.86
9434,9533,419,4.84
8841,8940,419,4.81
3816,3715,419,23.32
5009,4910,419,1.43
8202,8201,420,25.68
9018,9017,420,23.29
2727,2626,420,25.72
4773,4672,420,20.96
4656,4556,420,13.41
3425,3424,420,11.35
8918,9017,420,7.49
8849,8948,420,8.82
4566,4465,420,25.28
8304,8303,420,25.73
7690,7591,420,4.8
8752,8851,420,4.79
7089,6989,420,8.47
6485,6486,420,1.04
8811,8810,421,5.32
2841,2741,421,60.07
4772,4671,421,7.86
4453,4353,421,45.76
7977,7976,421,1.3
4667,4567,421,52.62
2829,2729,421,60.79
5579,5479,421,28.31
3042,2943,421,31.25
9020,9119,421,3.51
4856,4757,421,30.9
4014,3913,421,8.81
4555,4455,421,36.88
4605,4505,421,59.43
6687,6587,421,19.56
5680,5580,421,52.12
2942,2842,421,55.12
2941,2842,421,25.66
4706,4606,421,48.62
3747,3647,421,12.76
2836,2736,421,49.98
6385,6285,421,42.07
4974,4875,421,22.65
4672,4572,422,62.91
2626,2526,422,62.6
4668,4568,422,58.32
5176,5076,422,54.97
2740,2640,422,62.85
4670,4570,422,63.04
2625,2525,422,61.02
2739,2639,422,61.19
4403,4303,422,52.98
2732,2632,422,45.89
4352,4252,422,49.12
2727,2627,422,61.86
2731,2631,422,42.45
4707,4607,422,49.28
4773,4673,422,60.39
4770,4669,422,8.7
5881,5781,422,51.83
4769,4669,422,61.51
5277,5177,422,48.79
4874,4775,422,31.88
4504,4404,422,28.04
7489,7390,422,22.4
4808,4708,422,49.37
4756,4657,422,26.63
7590,7490,422,13.06
3817,3717,422,62.88
4716,4616,422,14.58
4566,4466,422,53.88
7589,7490,422,19.4
6080,5981,422,16.06
9138,9139,422,4.31
2734,2634,422,52.53
4671,4571,423,63.03
5580,5480,423,56.09
2741,2641,423,60.71
2842,2742,423,57.61
7591,7491,423,47.59
6486,6386,423,42.29
4403,4302,423,16.31
6084,5984,423,35.27
4567,4467,423,54.81
2729,2629,423,62.19
4401,4302,423,31.23
3715,3615,423,39.47
4013,4012,423,3.93
8815,8914,423,3.77
7791,7692,423,31.51
4555,4456,423,30.81
3522,3421,423,3.41
2942,2843,423,29.62
4301,4201,423,36.77
6587,6487,423,54.4
8749,8850,423,7.8
6284,6185,423,11.83
6989,6889,423,36.29
8071,8072,423,7.27
4404,4304,424,58.53
4775,4675,424,58.45
4572,4472,424,62.63
4673,4573,424,59.58
2631,2531,424,50.74
4568,4468,424,59.15
2640,2540,424,61.58
5076,4976,424,54.56
4570,4470,424,62.95
4466,4366,424,56.97
4669,4569,424,62.41
2639,2539,424,62.95
4505,4405,424,38.83
2627,2527,424,57.42
2525,2425,424,61.41
4353,4253,424,42.92
8607,8606,424,5.89
2526,2426,424,63
4352,4253,424,32.02
2731,2630,424,6.14
3717,3617,424,60.9
4656,4557,424,27.45
7991,7892,424,32.32
4606,4506,424,47.11
4453,4354,424,32.43
7891,7792,424,31.92
7691,7592,424,28.45
3042,3143,424,6.35
3521,3420,424,8.16
5377,5278,424,14.37
5780,5681,424,13.84
7673,7774,424,1.16
2742,2642,425,60.71
2641,2541,425,60.86
4571,4471,425,63.03
7390,7290,425,44.61
4607,4507,425,39.54
5177,5077,425,48.49
7591,7492,425,32.29
4556,4457,425,29.07
3715,3616,425,31.65
3715,3614,425,22.33
3715,3714,425,12.73
4301,4202,425,30.77
7189,7090,425,12.13
4467,4367,425,57.2
6888,6789,425,11.3
2426,2326,426,62.76
5681,5581,426,53.78
4675,4575,426,62.77
4472,4372,426,62.57
2539,2439,426,59.23
4569,4469,426,62.73
2540,2440,426,57.92
4573,4473,426,60.39
2630,2530,426,50.74
4470,4370,426,62.79
6487,6387,426,40.3
3615,3515,426,39.66
6386,6286,426,41.96
7491,7391,426,36.15
4757,4658,426,30.99
2629,2529,426,49.7
4353,4254,426,32.31
4774,4674,426,14.05
4773,4674,426,25.06
7991,7992,426,15.24
4456,4356,426,34.23
2527,2427,426,57.89
2425,2325,426,61.71
8849,8949,426,6.09
3522,3422,426,13.7
3523,3423,426,13.53
4976,4876,426,53.06
4662,4562,426,13.41
8755,8854,426,2.37
4468,4368,426,61.28
7089,6990,426,16.24
4471,4371,427,63.05
5077,4977,427,53.21
2642,2542,427,60.75
7492,7392,427,63.05
2541,2441,427,59.13
4405,4305,427,34.96
4253,4153,427,40.46
7390,7291,427,32.43
4303,4203,427,23.37
2842,2743,427,27.86
4506,4406,427,41.65
2625,2524,427,10.67
8089,8090,427,12.66
4713,4613,427,13.3
3519,3419,427,13.61
4714,4614,427,13.27
4663,4563,427,13.39
4759,4659,427,13.72
6082,5982,427,11.6
4202,4102,427,54.54
6688,6588,427,14.55
4367,4267,427,60.39
4908,4809,427,12.05
4661,4561,427,13.5
4469,4369,428,63.03
2325,2225,428,63.03
2427,2327,428,57.47
4473,4373,428,60.97
2326,2226,428,62.41
4575,4475,428,58.99
6789,6689,428,46.86
4304,4204,428,26.5
4012,3912,428,20.15
3615,3516,428,31.7
4201,4101,428,23.7
4657,4558,428,25.44
4673,4574,428,25.99
3424,3324,428,13.21
3618,3518,428,12.81
3914,3814,428,13.43
4660,4560,428,13.62
4812,4712,428,13.1
4370,4270,428,62.98
4615,4515,428,12.15
4456,4357,428,29.68
5478,5379,428,12.89
2440,2340,428,54.43
3614,3514,428,34.97
8845,8944,428,2.21
2439,2339,428,53.41
6788,6689,428,12.11
6184,6085,428,10.61
4564,4464,428,12.94
4368,4268,428,62.65
7392,7292,429,62.87
2441,2341,429,50.62
4305,4205,429,62.74
4406,4306,429,62.5
5581,5481,429,48.18
4876,4776,429,42.23
6387,6287,429,40.96
2743,2643,429,59.53
4253,4154,429,31.9
7892,7793,429,30.88
2742,2643,429,24.65
7291,7191,429,55.54
4465,4365,429,11.91
8948,8947,429,11.61
8405,8404,429,5.85
4455,4355,429,13.53
8709,8708,429,5.71
2727,2628,429,15.06
4356,4256,429,34.03
5277,5178,429,13.41
7991,8091,429,7.64
3913,3813,429,13.57
4267,4167,429,63.04
4203,4103,429,55.01
9022,9122,429,3.38
4371,4271,429,63.02
4517,4417,429,10.97
6286,6186,429,46.23
2836,2737,429,13.13
8071,8172,429,5.89
2225,2125,430,55.48
2327,2227,430,53.71
4373,4273,430,61.6
4268,4168,430,63.05
2542,2442,430,49.67
7090,6991,430,30.13
4573,4474,430,25.06
4977,4877,430,46.07
9124,9123,430,5.01
4204,4104,430,57.2
4911,4811,430,10.56
4808,4709,430,13.28
4557,4458,430,25.96
4153,4053,430,37.85
7289,7190,430,12.13
4369,4269,430,62.99
8666,8766,430,2.03
6083,5983,430,10.19
4457,4458,430,20.02
7189,7190,430,3.13
5481,5381,431,59.32
4306,4206,431,62.44
6689,6589,431,38.79
4475,4375,431,47.65
2226,2126,431,47.64
3516,3416,431,42.98
4102,4002,431,30.52
4205,4105,431,63
7992,7893,431,32.36
2340,2240,431,49.98
2642,2543,431,24.6
7090,7091,431,18.23
7792,7693,431,22.72
2339,2239,431,46.46
4167,4067,431,62.31
3617,3517,431,15.38
4616,4516,431,11.13
5984,5884,431,14.26
2738,2638,431,9.87
2628,2528,431,52.76
7292,7192,431,60.89
4707,4608,431,13.3
4356,4257,431,29.58
5881,5782,431,12.66
7191,7091,431,63.05
4658,4559,431,32.41
8666,8667,431,4.27
4457,4358,431,25.63
9237,9338,431,2.61
2734,2635,431,12.46
4877,4777,432,53.98
6991,6891,432,62.85
4273,4173,432,61.75
4168,4068,432,62.45
2125,2025,432,54.96
4474,4374,432,53.66
5983,5883,432,59.6
4776,4676,432,44.83
4101,4001,432,27.78
6085,5985,432,29.34
2441,2342,432,31.64
2524,2424,432,20.77
2542,2443,432,31.9
4372,4272,432,19.53
4473,4374,432,24.29
4575,4476,432,26.61
3420,3320,432,13.73
7592,7493,432,19.09
4607,4508,432,15.09
2341,2241,432,38.16
3714,3613,432,22.84
8089,8189,432,5.92
6084,5985,432,12.13
3813,3713,432,40.82
4256,4156,432,34.04
4153,4054,432,31.16
3614,3513,432,23.13
3614,3613,432,14.57
6287,6187,432,45.01
6186,6086,432,37.9
3342,3243,432,4.22
5379,5279,432,30.52
4269,4169,432,62.92
6989,6890,432,12.12
7693,7593,433,62.11
2638,2538,433,62.22
4067,3967,433,55.34
4206,4106,433,58.06
4002,3902,433,61.89
7192,7092,433,50.3
2227,2127,433,35.21
4053,3953,433,34.51
4104,4004,433,35.12
4103,4003,433,32.02
4355,4255,433,32.44
4475,4376,433,32.28
3516,3417,433,32.32
7492,7393,433,18.96
4675,4576,433,16.88
2743,2644,433,26.05
4366,4266,433,11.29
4105,4005,433,62.31
5480,5380,433,10.4
5781,5682,433,13.35
4270,4170,433,21.79
5177,5078,433,13.47
8948,9048,433,7.9
5782,5682,433,51.27
2632,2532,433,9.12
8089,8188,433,6.32
4356,4255,433,23.2
7991,8092,433,9.34
4515,4415,433,24.24
8849,8950,433,7.55
9238,9239,433,4.32
8846,8946,433,2.22
4558,4459,433,30.5
6891,6791,434,53.11
4272,4172,434,62.68
4173,4073,434,61.62
4068,3968,434,59.66
4374,4274,434,55.31
4001,3901,434,59.89
4169,4069,434,62.56
4375,4275,434,38.38
2240,2140,434,37.03
2239,2139,434,41.8
2643,2544,434,32.17
7992,7993,434,13.48
3422,3322,434,13.68
5278,5179,434,14.89
2341,2242,434,31.26
3423,3323,434,13.28
2025,1925,434,57.31
4506,4407,434,14.76
8505,8504,434,5.55
4271,4171,434,20.5
6890,6790,434,52.91
4256,4157,434,29.59
4153,4052,434,22.7
4562,4462,434,13.61
9434,9534,434,2.35
6588,6488,434,16.49
4357,4258,434,27.79
4257,4157,434,33.53
2538,2438,435,61.9
4004,3904,435,63.05
2127,2027,435,52.12
3902,3802,435,61.55
4003,3903,435,62.51
4777,4677,435,41.45
5883,5783,435,34.53
4106,4006,435,54.09
2442,2343,435,28.51
4053,3954,435,29.81
5481,5382,435,26.28
5682,5582,435,55.05
3516,3415,435,21.22
3419,3319,435,13.44
4614,4514,435,13.42
4613,4513,435,13.47
3515,3415,435,11.22
6487,6388,435,11.99
3421,3321,435,8.87
8948,9049,435,9.63
2725,2824,435,3.22
2633,2533,435,6.64
4170,4070,435,63.01
5981,5882,435,11.06
2439,2338,435,16.06
4561,4461,435,12.99
4563,4463,435,13.48
8861,8961,435,2.07
6187,6087,435,45.81
2531,2431,435,9.85
5381,5281,435,27.45
9226,9225,435,1.4
4274,4174,436,57.04
3901,3801,436,60.01
4069,3969,436,60.45
2532,2432,436,48.35
7092,6992,436,35.77
4005,3905,436,38.44
5985,5885,436,32.11
2241,2141,436,30.11
3513,3413,436,31.7
4375,4276,436,31.33
5884,5784,436,24.02
2240,2141,436,30.87
4171,4071,436,62.8
4712,4612,436,13.22
4464,4364,436,12.68
3518,3418,436,13.17
7392,7293,436,17.23
3324,3224,436,12.68
4406,4307,436,16.18
4073,3973,436,62.49
2339,2238,436,19.78
9139,9040,436,10.13
4407,4307,436,60.77
3813,3712,436,21.95
4172,4072,436,62.12
4256,4155,436,23.2
4358,4259,436,28.64
4458,4359,436,25.05
8841,8941,436,2.03
4459,4359,436,34.38
4560,4460,436,12.53
4257,4158,436,29.34
8754,8853,436,2.3
3904,3804,437,58.33
3903,3803,437,61.23
3802,3702,437,56.36
4052,3952,437,44.57
4157,4057,437,33.79
5179,5079,437,34.42
6891,6792,437,30.69
2431,2331,437,60.04
3513,3414,437,28.37
4053,3952,437,23.16
3912,3812,437,11.49
3514,3414,437,11.63
5077,4978,437,12.24
2139,2039,437,36.49
8948,9047,437,8.38
4415,4315,437,27.3
8089,8190,437,7.35
2543,2444,437,24.47
2424,2324,437,22.66
1925,1825,437,48.42
2527,2428,437,11.74
2530,2430,437,9.69
2529,2429,437,9.97
2027,1927,437,60.35
9532,9531,437,3.41
4070,3970,437,62.39
5379,5280,437,16.02
6790,6690,437,46.59
5380,5280,437,30.84
3442,3343,437,4.86
3801,3701,438,56.47
4460,4360,438,52.67
5281,5181,438,40.18
3954,3854,438,35.44
5783,5683,438,41.07
5582,5482,438,49.4
6388,6288,438,39.74
4677,4577,438,42.65
6791,6691,438,27.35
2533,2433,438,46.51
2241,2142,438,27.44
6086,5986,438,16.68
7693,7594,438,22.41
2239,2138,438,21.64
4006,3906,438,38.51
4306,4207,438,16.05
4072,3972,438,62.82
6387,6288,438,11.95
4365,4265,438,11.46
4811,4711,438,13.65
6589,6489,438,16.31
3973,3873,438,58.36
8862,8863,438,4.27
8371,8272,438,7.53
4459,4360,438,29.75
8752,8852,438,2
7872,7773,438,5.61
2634,2534,438,6.64
3803,3703,439,52.39
3970,3870,439,50.09
4259,4159,439,38.38
3969,3869,439,46.41
6992,6892,439,37.7
2331,2231,439,54.65
3413,3313,439,49.46
4157,4058,439,29.47
4274,4175,439,28.31
3968,3868,439,24.97
4155,4055,439,35.28
5784,5684,439,49.34
3967,3867,439,16.72
4173,4074,439,23.31
3513,3412,439,23.22
3513,3512,439,15.86
3416,3316,439,14.13
6991,6892,439,17.14
4709,4609,439,11.67
2427,2328,439,11.5
3712,3612,439,36.19
2139,2040,439,30.66
8810,8809,439,5.82
4258,4159,439,29.97
7293,7193,439,36.4
2644,2545,439,25.86
2644,2645,439,19.98
8303,8302,439,5.56
8844,8943,439,2.16
3613,3512,439,23.24
3613,3612,439,15.51
5382,5282,439,29.2
3804,3704,440,47.31
3952,3852,440,41.04
3905,3805,440,26.36
3954,3855,440,30.23
3320,3220,440,13.7
2430,2330,440,34.34
6087,5987,440,24.32
2432,2332,440,30.98
6689,6590,440,12.05
1927,1827,440,42.8
4977,4878,440,11.46
4407,4308,440,24.57
4978,4878,440,41.9
1825,1725,440,38.86
6690,6590,440,46.75
3703,3603,441,50.43
5683,5583,441,47.05
5986,5886,441,41.61
3313,3213,441,60.29
2231,2131,441,51.99
4577,4477,441,40.36
5280,5180,441,26.36
5079,4979,441,29.52
4259,4160,441,31.33
4460,4361,441,30.88
3413,3314,441,31.95
3954,3955,441,18.16
4052,3951,441,20.6
2534,2434,441,45.85
4157,4056,441,23.21
6288,6188,441,41.95
4155,4056,441,30.16
3412,3312,441,52.19
3953,3853,441,12.93
4156,4056,441,12.25
4508,4408,441,12.16
2142,2042,441,35.36
4073,3974,441,21.52
3417,3317,441,13.34
2743,2744,441,7.36
2139,2038,441,22.94
9017,9016,441,4.99
3873,3773,441,46.88
4071,3971,441,23.37
6691,6591,441,45.45
9436,9437,441,4.59
4207,4107,441,37.44
7972,7873,441,6.69
2644,2744,441,14
4515,4416,441,11.75
4516,4416,441,10.35
2027,1928,441,25.12
4359,4260,441,31.86
3972,3872,441,35.83
5382,5283,441,26.87
5382,5383,441,19.75
3805,3705,442,53.09
5282,5182,442,44.25
3870,3770,442,49.23
4159,4059,442,40.2
3869,3769,442,49.4
3867,3767,442,37.43
3316,3216,442,45.94
2328,2228,442,47.63
2433,2333,442,32.32
2332,2232,442,53.76
4315,4215,442,24.87
3804,3705,442,32.32
4276,4176,442,17.26
3415,3315,442,14.57
5684,5584,442,46.23
2331,2232,442,29.9
2330,2230,442,57.83
3319,3219,442,14.61
3323,3223,442,12.96
2126,2026,442,9.44
3322,3222,442,13.71
2444,2344,442,23.03
2444,2445,442,20.18
4877,4778,442,11.94
8606,8605,442,5.71
2338,2237,442,20.55
8072,7973,442,7.79
8914,8913,442,5.45
1927,1828,442,32.3
7593,7494,442,16.28
8607,8707,442,4.13
2635,2535,442,9.4
8088,8187,442,0.74
8084,8183,442,0.95
3603,3503,443,50.58
3314,3214,443,56.05
3855,3755,443,38.88
3852,3752,443,39.97
6590,6490,443,39.6
5181,5081,443,22.51
6792,6692,443,19.21
5987,5887,443,35.67
3418,3318,443,14.58
4463,4363,443,13.11
4266,4166,443,10.67
2142,2043,443,30.2
4462,4362,443,12.2
3712,3611,443,22.98
2343,2243,443,13.65
2644,2745,443,15.72
9435,9535,443,2.3
3213,3113,443,60.38
8370,8471,443,1.24
3773,3673,444,48.79
4160,4060,444,39.13
5180,5080,444,40.03
3971,3871,444,37.43
6591,6491,444,46.97
4477,4377,444,33.59
3317,3217,444,47.7
3872,3772,444,47.83
2230,2130,444,55.34
3853,3753,444,35.74
1725,1625,444,27.72
4159,4060,444,31.84
3703,3604,444,31.69
3316,3217,444,32.43
2231,2132,444,31.16
4056,3956,444,35.28
3952,3851,444,21.88
2434,2334,444,33.93
3702,3602,444,16.44
5885,5785,444,13.83
2333,2233,444,53.78
4052,4051,444,10.66
2238,2137,444,19.11
4476,4377,444,11.97
4777,4678,444,11.92
5884,5785,444,11.73
2444,2345,444,22.46
3321,3221,444,12.15
7993,7894,444,14.9
2545,2446,444,28.63
2142,2143,444,18.18
4055,3956,444,30.86
5583,5483,444,49.41
7992,8093,444,7.95
8091,8191,444,6.85
3712,3711,444,14.07
1927,1826,444,21.29
4361,4261,444,44.72
4612,4512,444,13.38
7493,7394,444,11.91
8811,8911,444,3.61
4107,4007,444,39.69
8916,9015,444,3.66
2026,1926,444,61.4
4514,4414,444,12.05
4910,4810,444,4.28
1828,1728,444,52.42
6188,6088,444,44.6
8859,8958,444,2.32
4513,4413,444,12.26
2131,2031,444,43.99
1827,1727,444,32.19
3113,3013,445,61.65
4362,4262,445,60.16
5182,5082,445,43.42
3770,3670,445,48.79
3315,3215,445,49.22
3769,3669,445,45.85
3312,3212,445,32.51
3855,3756,445,31.48
3805,3706,445,30.7
3868,3768,445,16.68
3701,3601,445,15.54
7193,7093,445,16.98
4057,3957,445,13.56
3905,3806,445,16.01
2535,2435,445,45.2
4364,4264,445,11.92
7092,6993,445,12.12
3906,3806,445,16.11
2545,2546,445,19.11
4006,3907,445,15.24
2142,2041,445,23.09
3224,3124,445,12.43
7393,7294,445,12.1
2325,2224,445,7.83
5584,5484,445,48.39
2338,2337,445,10.6
9139,9140,445,4.43
4415,4316,445,11.96
9018,9118,445,3.33
3974,3874,445,30.72
3214,3114,445,57.14
3216,3116,445,45.79
5080,4980,446,50.9
1728,1628,446,61.35
1625,1525,446,55.85
4260,4161,446,31.55
4160,4061,446,31.56
3603,3504,446,31.65
3317,3218,446,32.27
3853,3754,446,30.36
3855,3856,446,16.93
4308,4208,446,19.06
3318,3218,446,49.92
3854,3754,446,12.84
3955,3856,446,31.19
2039,1939,446,12.42
1928,1829,446,32.24
4376,4277,446,11.33
6489,6389,446,14.15
7893,7794,446,9.94
3512,3411,446,22.9
7793,7694,446,8.63
8091,8192,446,8.43
8810,8910,446,4.06
3752,3652,446,37.85
4711,4611,446,13.14
2736,2636,446,4.06
1826,1726,446,56.3
2131,2032,446,32.41
6488,6389,446,12.12
3755,3655,446,40.42
3670,3570,447,61.62
3114,3014,447,57.69
3768,3668,447,62.19
2224,2124,447,59.35
3871,3771,447,48.54
3772,3672,447,48.83
2334,2234,447,48.92
2345,2245,447,35.45
1727,1627,447,45.9
4678,4578,447,33.54
6491,6391,447,41.77
4060,3960,447,41.29
5785,5685,447,48.7
2031,1931,447,38.28
3611,3511,447,29.27
5081,4981,447,29.44
4264,4164,447,62.94
5887,5787,447,25.55
4215,4115,447,21.86
2233,2133,447,40.33
2232,2133,447,32.36
3852,3751,447,22.19
2445,2346,447,29.7
4058,3958,447,13.72
2333,2234,447,30.36
6388,6289,447,12.01
4677,4578,447,11.84
2429,2329,447,10.25
5784,5685,447,13.28
3512,3511,447,13.84
4979,4879,447,17.63
8172,8073,447,8.32
8201,8301,447,3.71
3706,3606,447,62.98
4978,4879,447,14.71
8404,8403,447,5.62
8303,8403,447,3.82
8304,8403,447,4.23
3753,3653,447,37.4
2130,2030,447,41.8
1828,1729,447,30.99
3217,3117,447,47.13
3215,3115,447,51.04
3216,3117,447,32.43
3411,3311,448,54.03
1628,1528,448,55.85
6993,6893,448,34.58
6088,5988,448,28.34
2243,2144,448,29.97
3705,3605,448,17.26
5886,5786,448,15.26
4609,4509,448,12.31
2435,2335,448,33.56
4175,4075,448,11.13
4265,4165,448,10.77
3220,3120,448,13.67
6992,6893,448,12.09
3412,3311,448,16.78
2538,2437,448,9.79
5484,5384,448,46.35
6087,5988,448,11.76
4012,3911,448,5.89
9124,9224,448,3.35
8607,8706,448,4.37
3874,3774,448,44.76
7293,7194,448,12.11
8859,8959,448,2.18
3756,3656,448,39.77
3755,3656,448,31.89
1627,1527,449,62.73
4164,4064,449,63.03
3115,3015,449,51.35
1729,1629,449,61.26
2329,2229,449,61.4
1525,1425,449,39.95
1726,1626,449,40.62
4980,4880,449,41.03
2124,2024,449,57.83
2041,1941,449,32.57
3655,3555,449,43.18
5082,4982,449,27.06
2334,2235,449,32.07
2345,2246,449,30.23
1625,1526,449,29.16
4060,3961,449,32.07
2031,1932,449,31.3
2243,2244,449,18.35
3611,3610,449,16.79
4362,4263,449,25.35
6490,6390,449,18.99
2233,2134,449,31.87
2038,1938,449,13.16
3603,3502,449,17.69
2040,1940,449,10.98
3812,3811,449,8.92
4315,4216,449,11.8
1928,1929,449,13
2127,2028,449,9.28
2042,1942,449,13.41
3606,3506,449,62.58
3907,3807,449,26.09
3212,3112,449,31.37
3753,3654,449,31
3754,3654,449,37.25
3217,3118,449,32.34
2132,2033,449,31.41
2745,2646,449,27.26
2745,2746,449,19.64
3311,3211,450,59.44
4165,4065,450,60.54
3751,3651,450,48.85
2245,2145,450,35.24
3771,3671,450,49.06
3653,3553,450,37.95
2030,1930,450,35.76
4981,4881,450,47.97
5685,5585,450,47.59
4208,4108,450,33.26
1939,1839,450,25.67
1931,1831,450,45.21
3673,3573,450,16.7
3605,3505,450,59.57
3611,3510,450,23.02
4277,4177,450,30.8
3503,3403,450,14.8
4059,3959,450,13.66
5283,5183,450,11.24
4577,4478,450,11.98
6792,6693,450,11.19
4276,4177,450,10.86
6288,6189,450,11.89
4176,4076,450,13.9
2237,2136,450,19.37
3223,3123,450,12.69
3222,3122,450,13.67
8914,9014,450,3.72
6692,6592,450,15.49
8811,8912,450,4.41
2143,2044,450,27.99
9018,9117,450,3.54
4207,4108,450,12.09
6289,6189,450,39.76
3752,3651,450,22.7
8842,8942,450,2.03
3219,3119,450,13.07
3756,3657,450,31.73
8911,8912,450,19.4
4263,4163,451,61.68
1629,1529,451,60.63
1526,1426,451,54.06
1527,1427,451,55.44
2229,2129,451,62.89
5786,5686,451,35.73
2024,1924,451,55.45
6893,6793,451,42.34
5787,5687,451,26.21
3656,3556,451,40.85
3668,3568,451,29.53
3112,3012,451,57.8
1525,1426,451,31.78
3655,3556,451,32.34
2032,1933,451,28.94
3669,3569,451,19.1
3856,3757,451,31.19
3767,3667,451,11.67
6892,6793,451,12.13
7594,7495,451,11.09
3774,3674,451,47.77
4262,4162,451,19.3
4061,3962,451,28.69
4161,4062,451,31.22
8709,8808,451,4.19
2043,1943,451,12.73
3506,3406,451,62.45
3343,3244,451,10.33
2130,2029,451,21.64
2745,2845,451,12.87
4065,3965,452,60.14
1831,1731,452,61.07
4881,4781,452,54.88
1941,1841,452,35.22
1938,1838,452,45.47
2246,2146,452,46.74
1425,1325,452,40.02
2235,2135,452,43.22
1940,1840,452,33.38
5988,5888,452,29.51
7194,7094,452,28.86
1932,1832,452,35.98
2245,2146,452,30.14
3115,3016,452,31.4
3653,3554,452,31.19
2346,2247,452,32.44
2234,2135,452,31.48
1939,1840,452,24.46
1931,1832,452,32.44
3013,2913,452,15.06
3601,3501,452,14.79
3654,3554,452,40.64
3856,3857,452,17.28
4878,4779,452,12.13
4074,3975,452,11.26
3807,3707,452,37.51
5987,5888,452,12.12
2337,2236,452,20.62
2524,2423,452,5.84
3961,3861,452,37.66
3504,3404,452,18.67
3221,3121,452,13.6
3505,3405,452,61.32
3211,3111,452,62.43
4014,4114,452,2.65
2137,2037,452,12.68
2133,2034,452,29.76
2134,2034,452,38.88
1426,1326,453,62.37
3568,3468,453,51.49
5183,5083,453,44.39
4478,4378,453,34.87
3573,3473,453,36.35
5585,5485,453,45.32
3671,3571,453,44.36
4108,4008,453,45.84
3553,3453,453,39.34
1930,1830,453,47.92
4982,4882,453,25.6
3656,3557,453,31.98
3672,3572,453,16.69
3570,3470,453,17.9
1525,1424,453,22.2
3657,3557,453,35.81
4166,4066,453,10.21
4512,4412,453,11.95
4477,4378,453,12.13
4413,4313,453,11.83
4308,4209,453,11.16
3510,3410,453,47.25
3406,3306,453,62.55
2535,2436,453,14.13
4880,4780,453,28.58
3124,3024,453,12.52
4167,4066,453,6.14
4414,4314,453,11.54
3706,3607,453,17.77
3974,3875,453,12.09
1829,1730,453,21.62
8862,8962,453,2.02
6189,6089,453,44.34
5383,5284,453,11.99
2745,2846,453,14.73
8911,9011,453,12.31
2247,2147,454,62.43
1325,1225,454,61.99
3405,3305,454,61.6
5686,5586,454,48.79
3569,3469,454,42.81
2913,2813,454,50.05
3962,3862,454,39.8
1839,1739,454,26.1
6592,6492,454,32.56
1941,1842,454,30.13
3556,3456,454,37.66
1933,1833,454,37.46
4216,4116,454,24.45
2246,2147,454,32.38
5687,5587,454,43.44
1528,1428,454,17.01
1932,1833,454,30.46
2033,1934,454,29.76
6391,6291,454,16.48
3653,3552,454,22.68
1525,1524,454,12.53
4611,4511,454,13.28
3667,3567,454,48.44
5082,4983,454,16.04
7495,7395,454,38.39
4810,4710,454,10.94
1625,1524,454,14.53
3611,3710,454,13.68
3674,3574,454,42.75
4778,4679,454,12.13
2228,2128,454,8.69
6591,6492,454,11.3
2144,2045,454,25.98
2435,2336,454,15.82
4408,4309,454,10.91
8504,8503,454,5.25
8190,8290,454,5.89
9338,9339,454,4.45
8766,8767,454,4.24
2737,2637,454,4.07
3961,3862,454,31.09
8810,8909,454,4.3
1924,1824,454,47.38
4177,4077,454,28.84
8505,8604,454,4.04
1731,1631,454,61.52
3907,3808,454,15.99
4007,3908,454,14.94
6693,6593,454,31.9
8666,8767,454,2.51
3111,3011,454,55.91
2745,2844,454,13.41
2134,2035,454,31.48
8911,9012,454,14.21
3572,3472,455,55
1326,1226,455,55.7
3571,3471,455,54.03
1424,1324,455,59.55
1840,1740,455,35.04
1838,1738,455,45.59
1832,1732,455,41.46
1427,1327,455,26.89
3553,3454,455,31.61
4064,3964,455,19.4
3958,3858,455,13.69
3555,3455,455,18.26
3751,3650,455,18.61
3117,3017,455,13.63
2346,2347,455,14.27
3554,3454,455,43.18
3657,3558,455,30.39
3306,3206,455,63.05
5887,5788,455,11.85
5284,5184,455,61.93
3410,3310,455,53.32
3861,3761,455,39.77
8667,8668,455,4.24
2638,2537,455,6.06
3960,3860,455,13.66
3607,3507,455,54.5
4781,4681,455,36.57
3473,3373,455,59.33
8303,8402,455,4.05
8858,8957,455,2.3
1730,1630,455,59.98
8911,9010,455,12.87
1225,1125,456,61.6
2147,2047,456,62.75
3469,3369,456,53.29
3470,3370,456,49.55
3875,3775,456,42.95
4882,4782,456,40.46
4066,3966,456,48.53
3962,3863,456,31.74
3567,3467,456,50.09
1938,1837,456,20.22
3556,3457,456,31.09
1933,1834,456,31.02
3610,3509,456,23.18
3610,3609,456,14.85
4378,4278,456,37.03
3014,2914,456,12.11
3657,3658,456,18.03
4377,4278,456,12.12
6088,5989,456,12.01
4678,4579,456,12.13
6491,6392,456,11.9
3120,3020,456,13.73
3767,3766,456,7.58
8950,8951,456,4.47
5485,5385,456,46.32
2813,2713,456,50.54
9124,9223,456,3.56
7694,7595,456,15.05
9239,9240,456,4.38
9430,9530,456,2.16
3757,3658,456,31.17
5587,5487,457,41.73
1833,1733,457,35.24
1631,1531,457,33.93
3808,3708,457,40.94
5586,5486,457,47.15
7094,6994,457,22.56
3965,3865,457,21.84
1840,1741,457,30.05
1832,1733,457,32.1
1529,1429,457,19.56
2913,2814,457,31.8
3012,2912,457,16.88
3015,2915,457,13.7
6390,6290,457,14.13
4163,4063,457,19.1
2035,1935,457,48.07
4209,4109,457,27.85
3574,3474,457,48.61
4062,3963,457,25.04
2636,2536,457,9.86
3206,3106,457,57.92
6993,6894,457,12.13
3507,3407,457,52.02
7294,7195,457,12.04
2034,1935,457,32.32
7093,6994,457,12.11
4509,4409,457,12.13
4162,4063,457,27.44
3310,3210,457,58.95
3767,3666,457,9.75
3118,3018,457,13.87
9049,9050,457,4.66
3861,3762,457,31.73
8190,8291,457,7.31
7394,7295,457,11.68
2423,2323,457,21.16
2424,2323,457,5.73
1824,1724,457,36.16
4013,4113,457,2.52
4014,4113,457,2.83
3502,3402,457,13.04
8082,8181,457,1.19
2135,2036,457,32.43
3757,3758,457,17.3
2047,1947,458,62.88
1125,1025,458,50.88
3966,3866,458,51.52
1740,1640,458,37.66
1226,1126,458,45.34
1324,1224,458,42.29
1738,1638,458,46.98
3558,3458,458,44.17
4983,4883,458,33.03
2713,2613,458,52.23
1739,1639,458,28.14
4313,4213,458,21.85
4314,4214,458,22.1
1837,1737,458,56.9
3404,3304,458,16.94
3244,3144,458,16.38
3454,3354,458,42.79
3123,3023,458,12.56
3122,3022,458,13.03
3959,3859,458,13.69
4982,4883,458,15.96
3370,3270,458,51.37
4277,4178,458,12.09
3119,3019,458,13.31
3761,3661,458,43.97
3510,3409,458,19.41
2846,2747,458,32.25
8606,8705,458,4.19
3403,3303,458,13.17
8272,8173,458,7.44
1732,1632,458,48.22
7794,7695,458,12.33
8371,8372,458,2.49
3474,3374,459,55
5989,5889,459,33.47
6392,6292,459,39.87
1834,1734,459,45.46
3775,3675,459,46.06
4579,4479,459,37.03
4782,4682,459,49.02
1630,1530,459,30.73
3964,3864,459,26.36
1833,1734,459,30.14
6291,6191,459,21.14
3468,3368,459,17.01
3467,3367,459,45.89
1934,1835,459,32.42
2247,2148,459,21.7
1938,1937,459,10.3
3011,2911,459,22.82
3407,3307,459,51.62
3106,3006,459,51.47
3210,3110,459,62.73
3751,3750,459,8.97
5787,5688,459,11.89
2035,1936,459,32.22
4578,4479,459,12.12
3861,3760,459,22.25
3863,3763,459,49.48
9040,9041,459,4.52
3471,3371,459,30.6
8914,9013,459,3.95
2813,2714,459,31.66
4077,3977,459,23.94
9436,9536,459,2.29
2814,2714,459,54.56
2043,1944,459,9.4
6289,6190,459,12.01
9435,9536,459,2.81
9430,9529,459,2.3
3501,3401,459,15.32
1947,1847,460,62.95
3409,3309,460,61.09
1632,1532,460,51.7
2613,2513,460,54.82
1531,1431,460,40.81
4109,4009,460,40.18
3762,3662,460,39.38
1740,1641,460,31.09
3558,3459,460,32.42
1428,1328,460,17
1737,1637,460,53.7
3305,3205,460,19.36
1224,1124,460,50.9
1724,1624,460,41.8
6593,6493,460,16.68
2146,2046,460,13.03
3016,2916,460,13.13
3121,3021,460,13.72
3454,3355,460,32.3
2913,2812,460,17.98
3270,3170,460,50.07
7194,7095,460,12.03
6893,6794,460,11.86
5487,5387,460,42.16
3708,3608,460,39.15
1625,1624,460,6.36
3661,3561,460,51.24
3761,3662,460,32.4
5486,5386,460,42.97
8190,8289,460,6.28
2846,2847,460,15.5
9122,9222,460,3.24
9017,9116,460,3.55
1943,1843,460,12.5
1732,1633,460,32.2
3666,3566,460,49.2
2747,2647,460,53.7
3043,2944,460,3.55
2148,2048,461,58.34
3374,3274,461,61.64
1638,1538,461,49.12
1639,1539,461,36.15
2714,2614,461,55.78
1835,1735,461,55.49
3458,3358,461,49.12
1640,1540,461,38.91
3865,3765,461,28.76
1834,1735,461,32.44
1327,1227,461,17
3373,3273,461,17.58
2347,2248,461,25.23
3456,3356,461,16.19
2713,2614,461,31.07
2147,2048,461,20.76
3307,3207,461,53.36
2914,2815,461,30.48
2323,2223,461,25.78
3658,3559,461,31.98
3864,3764,461,62.82
3206,3107,461,27.59
3306,3207,461,18.89
3453,3353,461,13.66
3863,3764,461,31.94
8708,8807,461,4.53
3143,3044,461,3.86
4012,4011,461,2.64
4076,3976,461,9.77
3472,3372,461,19.74
3343,3344,461,4.34
4780,4680,461,12.85
1328,1228,462,56.47
2647,2547,462,55.66
3459,3359,462,55.66
2513,2413,462,56.4
3309,3209,462,63
1847,1747,462,62.5
3675,3575,462,45.59
4479,4379,462,37.43
1530,1430,462,43.7
5889,5789,462,34.5
5688,5588,462,40.55
3368,3268,462,47.78
4883,4783,462,25.58
3762,3663,462,31.63
5385,5285,462,16.74
3369,3269,462,16.99
1324,1223,462,21.47
1842,1742,462,13.53
3367,3267,462,40.12
3608,3508,462,59.78
1734,1634,462,43.01
4412,4312,462,11.67
3662,3562,462,51.3
4478,4379,462,12.13
3610,3709,462,11.41
3106,3007,462,31.36
2045,1945,462,13.36
4710,4610,462,13
6191,6091,462,42.35
3761,3660,462,20.85
3024,2924,462,12.1
3371,3271,462,48.35
4177,4078,462,12.03
2813,2712,462,17.72
4178,4078,462,30.73
6190,6090,462,44.67
4682,4582,462,41.77
2814,2715,462,29.95
6693,6594,462,12.11
9533,9633,462,2.34
9532,9632,462,2.31
4681,4581,462,14.6
3111,3010,462,14.49
3442,3443,462,1.25
9337,9438,462,2.75
1538,1438,463,50.7
2048,1948,463,63
1735,1635,463,57.25
3358,3258,463,53.69
2614,2514,463,57.04
1431,1331,463,41.96
5386,5286,463,43.01
1637,1537,463,47.55
1632,1533,463,31.27
1640,1541,463,31.49
2613,2514,463,29.8
2047,1948,463,20.24
3457,3357,463,16.31
3017,2917,463,13.58
4983,4884,463,15.87
4511,4411,463,12.06
4008,3909,463,14.63
5183,5084,463,11.68
5184,5084,463,13
3658,3659,463,16.14
7495,7396,463,12.07
5284,5185,463,15.17
3764,3664,463,60.09
5387,5287,463,36.77
3711,3810,463,7.67
3566,3466,463,42.17
3355,3255,463,43.18
8765,8865,463,2.02
2747,2648,463,30.41
6794,6694,463,37.43
3650,3649,463,13.83
3402,3302,463,18.7
3575,3475,464,53.48
3663,3563,464,56.43
3268,3168,464,55.59
1539,1439,464,38.91
1540,1440,464,36.69
7095,6995,464,27.06
6493,6393,464,31.18
1126,1026,464,17.03
2714,2615,464,29.2
1835,1736,464,29.39
1429,1329,464,15.82
3508,3408,464,57.8
1324,1323,464,11.58
3020,2920,464,13.73
1747,1647,464,61.78
2346,2447,464,8.55
3010,2910,464,58.23
7993,7994,464,3.37
1223,1123,464,53.43
3765,3665,464,40.13
3303,3203,464,19.38
3007,2907,464,63.05
2547,2447,464,53.11
3975,3876,464,11.97
2514,2414,465,56.83
5287,5187,465,60.86
1948,1848,465,62.42
3660,3560,465,47.11
1430,1330,465,48.95
3269,3169,465,46.92
4783,4683,465,41.67
5588,5488,465,45.84
2712,2612,465,44.57
4680,4580,465,31.17
3372,3272,465,26.84
5185,5085,465,62.61
2647,2548,465,29.28
3459,3360,465,29.28
2513,2414,465,28.78
3271,3171,465,49.34
2148,2049,465,27.23
3977,3877,465,17.7
3209,3109,465,34.13
3304,3204,465,14.38
3018,2918,465,13.28
6090,5990,465,35.53
2713,2612,465,16.76
2223,2123,465,32.13
2847,2748,465,32.41
3875,3776,465,11.81
3244,3145,465,10.68
3258,3158,465,55.9
1635,1535,465,59.11
3561,3461,465,22.37
4378,4279,465,12.1
4209,4110,465,11.98
1438,1338,465,50.32
4379,4279,465,34.7
1634,1534,465,45.86
6089,5990,465,12.1
3006,2906,465,17.97
8855,8955,465,2.14
3355,3256,465,32.34
6091,5991,465,41.47
2910,2810,466,51.89
5084,4984,466,46.91
7396,7296,466,48.53
1533,1433,466,34.74
1736,1636,466,58.53
3359,3259,466,25.93
1537,1437,466,42.59
1331,1231,466,36.34
5286,5186,466,44.44
6594,6494,466,29
1540,1441,466,30.74
3358,3259,466,30.41
2614,2515,466,28.31
1532,1432,466,17.14
3374,3275,466,23.27
3022,2922,466,12.71
4884,4784,466,36.81
3255,3155,466,41.46
3023,2923,466,12.78
3559,3460,466,31.56
3408,3308,466,55.56
3267,3167,466,32.99
2248,2149,466,32.16
5083,4984,466,11.46
3019,2919,466,13.71
1647,1547,466,53.28
3106,3005,466,17.19
3206,3105,466,13.12
3859,3759,466,13.72
2846,2946,466,7.84
4078,3978,466,27.51
2524,2523,466,2.6
3168,3068,466,62.87
3107,3008,466,30.48
3354,3254,466,13.53
1943,1844,466,9.58
3466,3366,466,36.02
8857,8956,466,2.29
8945,9045,466,2.05
1123,1023,467,41.88
3664,3564,467,25.95
5789,5689,467,20.56
3663,3564,467,28.76
1227,1127,467,17.01
8289,8288,467,16.18
3562,3462,467,21.36
3401,3301,467,13.61
1439,1339,467,41.88
4312,4212,467,22.91
6393,6293,467,42.33
3908,3809,467,11.04
6291,6192,467,11.45
9140,9141,467,4.56
4309,4210,467,11.19
1440,1340,467,35.82
3665,3565,467,37.1
3171,3071,467,51.4
1848,1748,467,63
1535,1435,467,57.4
7894,7795,467,6.3
4013,4112,467,2.7
2547,2448,467,30.69
3109,3009,467,61.87
2812,2711,467,22.14
2845,2945,467,6.45
1636,1536,468,55.53
5991,5891,468,42.5
4580,4480,468,36.5
5990,5890,468,39.99
3776,3676,468,45.38
1534,1434,468,48.5
3145,3045,468,48.02
5488,5388,468,40.79
3475,3375,468,31.28
1329,1229,468,25.71
2514,2415,468,28.47
1533,1434,468,29.92
3302,3202,468,22.08
3308,3208,468,52.1
2046,1946,468,13.1
3256,3156,468,34.16
3021,2921,468,13.21
3563,3463,468,25.14
1637,1536,468,19.26
2049,1949,468,41.35
3255,3156,468,32.1
5187,5087,468,46.41
1936,1836,468,12.41
2613,2512,468,15.19
5989,5890,468,12.13
2916,2816,468,12.8
4579,4480,468,12.1
4581,4481,468,17.34
2847,2848,468,13.75
4683,4583,468,48.98
3258,3159,468,29.12
2846,2947,468,9.57
4278,4179,468,12.13
1547,1447,468,55.54
9428,9427,468,1.57
9436,9537,468,2.8
8862,8963,468,2.5
1338,1238,468,48.3
9326,9325,468,1.35
1748,1648,469,60.9
7296,7196,469,48.75
4110,4010,469,32.44
3877,3777,469,26.78
3203,3103,469,22.73
1123,1024,469,32.17
6995,6895,469,20.77
2712,2611,469,20.6
8289,8389,469,12.36
3750,3850,469,10.24
5186,5086,469,47.67
7195,7096,469,11.85
4109,4010,469,11.99
3272,3172,469,31.96
3360,3260,469,25.6
2248,2249,469,12.78
1437,1337,469,42.02
8668,8569,469,10.55
1647,1548,469,30.61
3273,3173,469,12.99
1747,1648,469,23.03
2447,2348,469,29.87
2648,2549,469,27.1
2648,2649,469,19.69
1440,1341,469,30.39
8809,8908,469,4.72
8191,8292,469,5.81
6894,6795,469,12.06
3009,2909,469,62.1
3169,3069,469,31.25
3158,3058,469,27.1
1843,1743,469,12.44
2906,2806,469,30.1
2911,2811,469,11.06
1435,1335,469,51.37
3353,3253,469,13.61
2812,2811,469,12.45
4582,4482,469,14.54
3565,3465,470,33.6
5689,5589,470,45.95
1231,1131,470,29.8
3145,3046,470,32.23
3208,3108,470,53.7
3461,3361,470,22.94
1228,1128,470,13.17
1537,1436,470,21.37
2413,2313,470,13.72
3358,3257,470,15.89
8289,8390,470,14.25
3256,3157,470,29.65
2513,2412,470,14.17
2049,1950,470,32.08
3255,3154,470,21.75
4409,4310,470,11.14
1945,1845,470,13.35
3357,3257,470,15.55
3167,3067,470,25.17
1339,1239,470,41.88
8092,8193,470,3.93
1742,1642,470,12.63
4178,4079,470,12.09
3366,3266,470,30.75
3007,2908,470,19
1338,1239,470,32.18
9533,9634,470,2.85
2909,2809,471,59.01
1238,1138,471,43.22
5890,5790,471,33.88
1229,1129,471,40.85
3676,3576,471,46.74
1434,1334,471,46.12
1949,1849,471,38.73
5891,5791,471,33.65
1340,1240,471,30.61
3071,2971,471,26.3
1023,923,471,27.27
6494,6394,471,22.72
3978,3878,471,20.83
5087,4987,471,43.07
5086,4986,471,56.85
5085,4985,471,17.72
1123,1022,471,21.61
3156,3056,471,37.26
6192,6092,471,28.39
8289,8388,471,12.91
4479,4380,471,12.09
5889,5790,471,12.13
2549,2449,471,60.46
3564,3464,471,29.82
2917,2817,471,13.21
1524,1423,471,8.69
2149,2050,471,30.82
6293,6193,471,30.02
3204,3104,471,17.83
4610,4510,471,12.25
6191,6092,471,11.86
1223,1122,471,16.05
2548,2449,471,27.56
9122,9221,471,3.45
1547,1448,471,29.36
8469,8470,471,1.94
8765,8864,471,2.15
4583,4483,471,37.74
1950,1850,472,59.27
3777,3677,472,42.28
3172,3072,472,35.76
2611,2511,472,43.44
7096,6996,472,48.68
3159,3059,472,32.72
3202,3102,472,26.64
2448,2349,472,30.82
3005,2905,472,17.06
3463,3363,472,27.54
3462,3362,472,21.5
2920,2820,472,13.71
4784,4684,472,19.46
4009,3910,472,12.03
7095,6996,472,11.94
1431,1332,472,11.89
1335,1235,472,46.94
2806,2706,472,37.48
3067,2967,472,54.97
4411,4311,472,11.56
8471,8472,472,3.53
4481,4381,472,29.89
3274,3174,472,9.33
8504,8603,472,3.78
5387,5288,472,12.11
5388,5288,472,33.11
6794,6695,472,12.09
1435,1336,472,31.39
3275,3175,472,17.76
2809,2709,473,59.59
3576,3476,473,57.35
5589,5489,473,46.73
3069,2969,473,28.25
3103,3003,473,26.9
3260,3160,473,29.58
1238,1139,473,32.35
1447,1347,473,24.81
2848,2749,473,29.94
1340,1241,473,27.74
1748,1649,473,24.39
3145,3146,473,12.96
2414,2314,473,12.57
3068,2968,473,16.56
3156,3057,473,30.95
2918,2818,473,13.45
4884,4785,473,15.46
1647,1546,473,16.13
2648,2749,473,14.84
9015,9115,473,3.48
7973,7874,473,4.66
1848,1749,473,17.93
9010,9009,473,5.84
8765,8866,473,2.5
1338,1237,473,18.89
8851,8952,473,2.7
3058,2958,473,29.36
4986,4886,474,34.3
2971,2871,474,47.76
4985,4885,474,46.48
3266,3166,474,26.87
4482,4382,474,24.05
1334,1234,474,45.19
3173,3073,474,21.96
2848,2849,474,18.37
1448,1348,474,41.33
2923,2823,474,12.85
1433,1333,474,13.07
2922,2822,474,13.22
3361,3261,474,25.22
5287,5188,474,13.9
6594,6495,474,12.03
3155,3055,474,13.64
3465,3365,474,28.68
3360,3261,474,15.96
1335,1236,474,32.36
2919,2819,474,13.46
8706,8806,474,3.86
8073,7974,474,5.27
4379,4280,474,12.13
5288,5188,474,54.68
6092,5992,474,40.89
4078,3979,474,11.97
9532,9631,474,2.45
8082,8182,474,1.1
8854,8954,474,2.09
6091,5992,474,11.92
3677,3577,475,44.4
2511,2411,475,43.16
3102,3002,475,33.88
6996,6896,475,48.38
3072,2972,475,45.28
5790,5690,475,26.53
6394,6294,475,28.08
1240,1140,475,26.41
5791,5691,475,32.22
1024,924,475,17.05
1238,1137,475,21.14
2711,2610,475,19.2
3301,3201,475,13.21
2810,2710,475,11.14
3105,3004,475,16.94
3464,3364,475,28.92
2649,2550,475,27.7
6694,6595,475,12.07
5789,5690,475,11.37
1331,1232,475,12.12
3344,3245,475,10.15
2123,2023,475,10.05
2706,2606,475,35.15
2549,2450,475,24.97
1131,1031,475,24.87
8503,8502,475,5
1844,1744,475,11.42
4684,4584,475,47.89
1235,1135,475,44.06
3059,2959,475,34.36
1843,1744,475,9.62
8945,9046,475,2.53
3073,2973,476,53.83
5489,5389,476,40.17
3160,3060,476,35.13
2709,2609,476,44.29
3363,3263,476,32.22
1849,1750,476,31.52
2611,2510,476,21.05
1946,1846,476,13.27
2921,2821,476,13.18
3475,3376,476,12.1
1329,1230,476,11.86
7396,7297,476,10.89
1947,1846,476,8.15
1649,1549,476,37.22
2415,2315,476,13.57
2816,2716,476,12.51
2149,2150,476,10.69
8290,8391,476,6.59
8372,8273,476,8.15
8402,8401,476,4.91
1223,1222,476,7.25
2815,2716,476,9.86
1547,1446,476,14.73
1546,1446,476,46.19
8084,8184,476,0.89
3577,3477,477,55.17
4886,4786,477,45.9
4382,4282,477,41.13
3003,2903,477,27.64
4381,4281,477,24.73
4311,4211,477,24.38
3175,3075,477,24.4
1348,1248,477,44.11
1240,1141,477,25
3362,3262,477,23.52
1236,1136,477,41.7
5991,5892,477,11.85
4279,4180,477,12.11
3877,3778,477,11.93
5992,5892,477,40.69
1138,1038,477,19.16
3253,3153,477,13.59
2715,2616,477,9.95
8705,8704,477,5.35
1333,1233,477,41.29
2958,2858,477,27.44
9339,9340,477,4.43
1234,1134,477,45.07
2450,2350,477,55.49
1747,1646,477,9.92
1031,931,477,62.53
1235,1136,477,32.41
2969,2869,477,27.51
1742,1643,477,9.49
8944,9044,477,2.07
3169,3070,477,12.1
2905,2805,477,23.5
2423,2322,477,5.82
1743,1643,477,12.96
2906,2807,477,12.07
8080,8079,477,0.3
1549,1449,478,51.44
2973,2873,478,56.37
3002,2902,478,39.86
2972,2872,478,49.28
4584,4484,478,49.04
5690,5590,478,47.54
924,824,478,42.62
5691,5591,478,45.63
6495,6395,478,29.08
1749,1650,478,29.81
1135,1035,478,43.34
3174,3074,478,18.71
4483,4383,478,15.75
1128,1028,478,13.15
3154,3054,478,13.49
3260,3161,478,16.05
2848,2948,478,10.64
1127,1027,478,9.71
1137,1037,478,42.71
1231,1132,478,12.06
1845,1745,478,13.7
3261,3161,478,31.98
2749,2650,478,29.13
9240,9241,478,4.59
1649,1550,478,30.94
2847,2948,478,8.15
8767,8768,478,4.2
3060,2960,478,62.18
9049,9149,478,2.36
3365,3265,478,27.1
6896,6796,478,48.57
4211,4111,479,62.98
2350,2250,479,62.28
1230,1130,479,49.17
2510,2410,479,40.46
2609,2509,479,34.22
5389,5289,479,44.63
931,831,479,53.09
2959,2859,479,32.1
6294,6194,479,33.23
5188,5088,479,24.99
3263,3163,479,35.98
3073,2974,479,30.34
4785,4685,479,19.27
2511,2410,479,21.16
3364,3264,479,32.42
2817,2717,479,13.11
3850,3950,479,10.51
3057,2957,479,19.97
2313,2213,479,12.36
3978,3879,479,11.41
3056,2956,479,13.39
2412,2312,479,11.82
1541,1442,479,8.85
6192,6093,479,12.01
4784,4685,479,11.22
4210,4111,479,11.94
1140,1040,479,31.42
9050,9051,479,4.73
6193,6093,479,12.82
2606,2506,479,26.35
9011,9111,479,3.99
6293,6194,479,12.07
8668,8669,479,4.22
9014,9114,479,3.55
3166,3066,479,24.73
7297,7197,479,48.68
9048,9148,479,2.19
1139,1039,479,17.5
3376,3276,479,41.77
3275,3176,479,10.95
