1683,1682,5,18.95
1682,1681,11,18.11
1683,1782,12,11.53
1681,1680,14,34.65
1782,1781,15,42.06
1680,1679,17,41.19
1781,1780,18,44.58
1679,1678,20,36.95
1780,1779,21,44.72
1678,1677,23,33.46
1779,1778,24,42.52
1782,1881,24,12.18
1683,1582,24,5.81
1683,1783,25,3.94
1677,1676,26,40.32
1778,1777,27,33.58
1881,1880,27,43.28
1676,1675,29,44.59
1582,1581,29,23.19
1880,1879,30,44.7
1777,1776,31,29.07
1675,1674,32,43.77
1879,1878,33,40.53
1779,1878,33,12.1
1581,1580,34,20.06
1674,1673,35,39.81
1776,1775,35,32.14
1878,1877,36,35.73
1778,1877,36,12.7
1580,1579,37,34.17
1783,1882,37,12.47
1683,1583,37,2.67
1673,1672,38,34.01
1775,1774,38,34.24
1877,1876,39,35.5
1777,1876,39,12.59
1881,1980,39,9.67
1579,1578,40,39.44
1880,1979,41,10.64
1672,1671,42,28.58
1774,1773,42,29.43
1879,1978,42,12.38
1578,1577,43,44.1
1876,1875,43,29.14
1776,1875,43,12.69
1978,1977,45,36.32
1878,1977,45,12.67
1577,1576,46,43.88
1671,1670,46,29.57
1875,1874,47,29.78
1773,1772,47,22.86
1673,1772,47,12.7
1775,1874,47,12.69
1977,1976,48,38.32
1877,1976,48,12.68
1576,1575,49,43.77
1670,1669,49,36.87
1672,1771,50,12.57
1774,1873,50,12.61
1582,1481,50,5.52
1876,1975,51,12.6
1980,2079,51,12.24
1575,1574,52,44.76
1669,1668,52,39.72
1882,1981,52,9.91
1979,2078,53,12.66
1771,1770,54,31.21
1873,1872,54,29.97
1671,1770,54,12.61
1773,1872,54,12.1
1978,2077,54,12.66
1581,1480,54,5.73
1574,1573,55,42.7
1668,1667,55,40
1975,1974,55,29.79
1875,1974,55,12.62
1783,1883,55,3.42
1770,1769,57,37.07
2077,2076,57,34.59
1480,1479,57,41.93
1977,2076,57,12.57
1683,1684,57,1.74
1573,1572,58,40.6
1667,1666,58,40.95
1974,1973,58,38.24
1872,1871,58,30.42
1769,1768,60,38.96
1479,1478,60,44.8
2076,2075,60,33.48
1976,2075,60,12.7
1770,1869,61,70.06
1872,1971,61,67.14
2077,2176,61,71.72
2078,2177,61,76.48
1668,1767,61,70.08
1981,2080,61,73.6
1975,2074,61,66.57
2079,2178,61,74.33
1771,1870,61,62.72
1873,1972,61,65.65
1768,1867,62,73.17
1871,1970,62,70.52
1666,1765,62,74.95
1666,1665,62,8.18
1973,2072,62,72.96
1769,1868,62,72.11
2076,2175,62,66.58
1667,1766,62,71.98
1974,2073,62,73.83
1883,1982,62,75.45
1869,1968,63,74.12
1971,2070,63,72.16
1767,1866,63,74.15
2080,2179,63,74.56
2074,2173,63,76.74
1870,1969,63,73.14
1972,2071,63,73.11
2075,2174,63,70.49
1683,1784,63,3.11
1867,1966,64,75.44
1970,2069,64,72.25
1665,1764,64,76.53
1765,1864,64,76.58
2072,2171,64,74.31
1868,1967,64,74.99
2175,2274,64,75.24
1766,1865,64,75.59
2073,2172,64,75.66
1982,2081,64,72.49
2176,2275,64,61.74
2177,2276,64,57.11
2178,2277,64,67.85
1572,1571,64,10.19
1968,2067,65,75.04
1866,1965,65,75.79
2179,2278,65,76.33
2173,2272,65,77.02
1969,2068,65,74.17
2071,2170,65,71.99
2174,2273,65,76.29
1865,1964,66,76.11
2274,2373,66,74.72
1967,2066,66,75.29
1764,1863,66,76.93
2275,2374,66,76.97
2171,2270,66,72.03
1864,1963,66,76.47
2069,2168,66,74.2
1966,2065,66,75.96
2172,2271,66,75.13
2081,2180,66,76.42
2070,2169,66,70.66
1582,1482,66,2.56
2067,2166,67,75.32
1965,2064,67,76.11
2272,2371,67,75.41
2068,2167,67,75.09
2170,2269,67,70.93
2273,2372,67,76.97
2277,2376,67,58.59
2276,2375,67,67.92
1964,2063,68,75.98
2373,2472,68,77.02
2066,2165,68,75.78
1863,1962,68,76.61
2374,2473,68,74.75
2270,2369,68,71.85
1963,2062,68,75.93
2168,2267,68,75.12
2065,2164,68,76.17
2169,2268,68,72.91
2271,2370,68,73.24
2180,2279,68,77.01
2278,2377,68,62.84
2166,2265,69,75.81
2064,2163,69,75.96
2376,2475,69,72.51
2371,2470,69,74.08
2167,2266,69,75.09
2375,2474,69,76.98
2269,2368,69,71.48
2372,2471,69,75.13
2063,2162,70,76.17
2165,2264,70,76.21
1962,2061,70,75.71
2473,2572,70,76.71
2062,2161,70,76.34
2267,2366,70,75.1
2164,2263,70,76.58
2268,2367,70,74.53
2370,2469,70,72.44
2279,2378,70,74.57
2377,2476,70,72.16
2265,2364,71,76.39
2163,2262,71,76.99
2475,2574,71,77
2470,2569,71,71.27
2266,2365,71,75.57
2474,2573,71,75.11
2368,2467,71,73.23
2471,2570,71,75.04
2369,2468,71,69.71
2162,2261,72,76.93
2264,2363,72,76.9
2061,2160,72,75.87
2572,2671,72,73.87
2161,2260,72,74.47
2366,2465,72,75.32
2263,2362,72,76.88
2367,2466,72,74.83
2378,2477,72,74.57
2476,2575,72,72.35
2364,2463,73,76.83
2468,2567,73,71.36
2262,2361,73,75.97
2574,2673,73,75.53
2365,2464,73,76.17
2573,2672,73,76.46
2467,2566,73,74.53
2469,2568,73,67.1
2261,2360,74,75.04
2363,2462,74,75.62
2160,2259,74,74.89
2465,2564,74,75.49
2362,2461,74,76.52
2466,2565,74,75.09
2477,2576,74,71.79
2575,2674,74,77.02
2569,2668,74,63.75
2570,2669,74,63.98
1571,1570,74,10.28
1478,1477,74,7.39
2463,2562,75,78.94
2567,2666,75,73.84
2673,2772,75,74.79
2464,2563,75,83.33
2566,2665,75,74.52
2671,2770,75,59.62
2260,2359,75,62.01
1665,1664,75,7.74
2360,2459,76,74.43
2462,2561,76,89.72
2461,2560,76,72.11
2565,2664,76,75.03
2576,2675,76,72.68
2674,2773,76,76.01
2361,2460,76,65.83
2568,2667,76,69.51
2564,2663,76,84.34
1683,1584,76,1.93
2666,2765,77,74.53
2772,2871,77,87.81
2359,2458,77,81.89
1664,1763,77,76.7
2668,2767,77,68.78
2669,2768,77,62.85
2259,2358,77,60.25
2562,2661,77,87.64
2563,2662,77,82.15
2665,2764,77,75.12
2459,2558,78,88.06
2667,2766,78,73.62
2675,2774,78,76.92
2773,2872,78,88.16
2460,2559,78,80.98
2663,2762,78,84.34
2560,2659,78,87.71
2561,2660,78,88.32
2664,2763,78,85.18
2765,2864,79,86.75
2661,2760,79,86.98
2767,2866,79,73.32
2458,2557,79,88.32
1763,1862,79,76.71
2764,2863,79,88.14
2358,2457,79,85.18
2662,2761,79,86.5
1863,1862,79,7.7
2558,2657,80,79.95
2774,2873,80,76.41
2872,2971,80,85.19
2762,2861,80,86.48
2763,2862,80,84.62
2660,2759,80,87.42
2768,2867,80,68.37
2559,2658,80,83.32
1784,1884,80,6
2766,2865,80,74.43
2659,2758,80,87.11
1583,1483,80,2.67
2864,2963,81,88.17
2760,2859,81,89.2
2557,2656,81,77.67
2457,2556,81,87.72
2761,2860,81,88.35
2863,2962,81,84.49
1862,1961,81,75.99
2672,2771,81,18.48
1962,1961,81,8.01
2866,2965,81,87.47
2873,2972,82,88.24
2971,3070,82,83.51
2867,2966,82,72.76
2861,2960,82,83.38
2862,2961,82,85.52
2758,2857,82,88.12
2759,2858,82,89.41
1884,1983,82,72.14
2572,2571,82,8.38
2657,2756,82,81.9
2658,2757,82,85.36
2865,2964,82,86.78
2963,3062,83,85.01
2859,2958,83,88.61
2556,2655,83,79.74
2860,2959,83,82.8
2962,3061,83,87.82
1961,2060,83,74.8
2770,2869,83,18.31
2671,2670,83,9.6
2061,2060,83,7.97
2965,3064,83,86.46
2656,2755,83,82.81
2972,3071,84,84.72
2960,3059,84,89.22
2858,2957,84,86.4
1983,2082,84,74
2961,3060,84,83.96
2857,2956,84,82.53
2756,2855,84,88.27
2757,2856,84,83.7
2966,3065,84,74.64
2964,3063,84,88.16
3062,3161,85,88.49
2958,3057,85,87.04
2959,3058,85,88.72
3061,3160,85,89.64
2060,2159,85,87.42
2755,2854,85,88.31
2871,2970,85,17.85
1570,1569,85,9.38
3064,3163,85,88.1
2655,2754,85,82.53
3059,3158,86,89.64
2957,3056,86,83.7
2082,2181,86,74.76
3060,3159,86,80.25
2956,3055,86,88.37
2856,2955,86,82.56
2869,2968,86,64
2670,2769,86,59.62
3065,3164,86,87.64
3063,3162,86,88.48
3161,3260,87,89.93
3057,3156,87,83.93
3058,3157,87,88.47
3160,3259,87,89.77
2754,2853,87,88.16
3071,3170,87,53.41
3163,3262,87,89.58
3158,3257,88,87.45
2181,2280,88,77.01
3159,3258,88,89.27
2159,2258,88,67.2
3162,3261,88,89.39
3260,3359,89,88.17
3156,3255,89,87.77
3157,3256,89,79.57
3259,3358,89,87.4
2769,2868,89,63.3
2968,3067,89,67.55
2771,2870,89,18.48
2457,2456,89,10.2
1664,1663,89,7.66
3262,3361,89,88.82
3257,3356,90,76.03
2280,2379,90,75.97
3258,3357,90,88.04
2258,2357,90,74.45
1477,1476,90,6.64
3261,3360,90,89.26
3359,3458,91,85.63
3255,3354,91,88
3256,3355,91,87.32
3358,3457,91,88.28
2456,2555,91,87.82
1663,1762,91,76.51
3067,3166,91,88.2
1763,1762,91,7.65
3361,3460,91,86.62
1481,1380,91,2.8
3356,3455,92,76.27
2379,2478,92,73.42
3357,3456,92,75.49
2868,2967,92,67.94
2855,2954,92,18.23
3070,3169,92,14.45
1862,1861,92,7.93
3360,3459,92,86.2
3458,3557,93,88.36
3355,3454,93,88.15
3457,3556,93,74.98
2555,2654,93,79.45
3166,3265,93,86.81
2854,2953,93,18.06
2970,3069,93,18.48
3460,3559,93,84.76
3455,3554,94,79.6
2478,2577,94,72.51
3456,3555,94,77
1861,1960,94,84.61
2967,3066,94,72.33
3056,3155,94,18.19
3055,3154,94,18.11
2955,3054,94,18.19
3164,3263,94,18.32
1961,1960,94,8.21
2477,2577,94,4.55
3459,3558,94,88.03
3557,3656,95,75.7
3454,3553,95,88.14
3556,3655,95,87.62
3169,3268,95,68.52
2853,2952,95,18
3559,3658,95,88.33
2654,2753,95,88.21
3554,3653,96,88.15
3555,3654,96,80.21
1960,2059,96,86.03
3066,3165,96,86.64
2577,2676,96,74.73
3069,3168,96,64.08
3263,3362,96,89.92
3558,3657,96,88.14
3656,3755,97,88
3553,3652,97,87.83
3655,3754,97,88.15
3268,3367,97,81.36
2753,2852,97,87.51
2870,2969,97,18.43
1569,1568,97,8.56
3658,3757,97,87.83
3653,3752,98,87.39
3654,3753,98,87.83
2059,2158,98,87.48
3165,3264,98,87.2
2676,2775,98,73.97
3168,3267,98,87.88
3362,3461,98,86.04
3657,3756,98,87.37
3755,3854,99,87.83
3754,3853,99,87.12
3367,3466,99,88.4
2852,2951,99,87.67
3354,3453,99,18.11
2456,2455,99,10.08
3757,3856,99,87.62
1572,1471,99,3.38
1573,1472,99,3.09
1574,1473,99,2.76
3752,3851,100,86.79
3753,3852,100,86.8
2158,2257,100,72.62
3264,3363,100,89.61
2775,2874,100,76.3
3267,3366,100,87.14
3652,3751,100,67.97
2969,3068,100,63.8
2954,3053,100,18.11
3461,3560,100,85.23
3255,3254,100,9.84
3756,3855,100,87.83
3853,3952,101,86.14
3466,3565,101,87.79
2455,2554,101,88.13
3265,3364,101,18.46
2953,3052,101,18.11
3856,3955,101,87.39
2257,2356,102,82.65
3363,3462,102,89.27
2874,2973,102,76.58
3366,3465,102,87.3
3751,3850,102,88.18
3852,3951,102,87.05
3854,3953,102,67.5
3154,3253,102,18.11
3054,3153,102,18.11
3560,3659,102,88.03
1663,1662,102,7.75
3855,3954,102,87.38
3952,4051,103,87.6
3565,3664,103,88.32
3364,3463,103,89.43
3068,3167,103,67.59
2554,2653,103,87.94
3170,3269,103,8.99
3955,4054,103,87.11
1884,1984,103,4.53
1684,1785,103,3.2
3462,3561,104,84.64
2973,3072,104,88.23
3465,3564,104,87.59
1662,1761,104,76.38
3659,3758,104,88.14
1762,1761,104,7.96
3954,4053,104,86.5
1575,1474,104,2.27
3664,3763,105,86.12
3463,3562,105,87.8
3269,3368,105,75.29
3167,3266,105,85.07
3953,4052,105,66.58
3553,3552,105,10.08
2753,2752,105,10.42
1984,2083,105,75
1380,1379,105,7.39
1476,1475,105,7.15
2653,2752,105,87.48
1684,1685,105,2.18
3561,3660,106,85.17
3072,3171,106,77.96
3564,3663,106,88.6
1761,1860,106,85.09
4054,4153,106,67.05
3562,3661,107,84.92
3266,3365,107,87.19
2752,2851,107,87.98
3368,3467,107,89.3
3763,3862,107,79.21
2852,2851,107,10.25
2083,2182,107,75.96
3660,3759,108,88.36
3171,3270,108,79.88
3663,3762,108,87.81
1860,1959,108,82.61
3552,3651,108,68.34
3851,3950,108,18.13
3254,3353,108,18.11
3053,3152,108,18.11
4153,4252,108,86.79
1668,1567,108,2.21
3661,3760,109,88.27
3365,3464,109,87.68
3467,3566,109,89.28
3862,3961,109,87.1
2851,2950,109,87.74
1471,1470,109,10.28
2182,2281,109,76.09
1481,1381,109,1.54
3762,3861,110,88.04
1959,2058,110,85.93
3651,3750,110,88.35
3270,3369,110,84.22
3253,3352,110,18.06
3153,3252,110,18.11
3951,4050,110,18.14
2455,2454,110,9.65
2059,2058,110,7.65
1583,1484,110,2.23
3464,3563,111,88.56
3566,3665,111,88.6
3961,4060,111,87.62
2950,3049,111,86.72
4051,4150,111,18.02
2281,2380,111,77.02
3861,3960,112,87.83
2058,2157,112,88.11
2554,2553,112,9.93
3758,3857,112,18.02
3563,3662,113,87.05
3665,3764,113,87.85
4060,4159,113,87.83
2380,2479,113,70.96
2379,2479,113,4.43
2653,2652,113,10.45
2157,2256,114,83.17
3764,3863,115,88.29
4159,4258,115,87.83
3662,3761,115,88.25
3369,3468,115,34.61
1662,1661,115,7.8
2478,2578,115,4.5
2652,2751,115,88.12
2256,2355,116,83.09
3759,3858,116,18.02
4252,4351,116,18.25
1667,1566,116,2.15
3863,3962,117,87.31
4258,4357,117,87.34
1661,1760,117,76.45
3761,3860,117,88.25
2751,2850,117,87.58
3760,3859,117,18.06
2851,2850,117,10.18
2578,2677,117,71.49
1584,1585,117,2.46
1379,1378,118,8.04
1785,1885,118,6.89
3856,3956,118,5.54
3962,4061,119,86.86
4357,4456,119,86.41
1760,1859,119,81.39
2850,2949,119,88.35
3049,3148,119,18.22
2677,2776,119,75.96
2676,2776,119,4.38
3955,4055,119,5.69
3468,3567,120,34.45
3960,4059,120,18.02
1470,1469,120,9.21
3651,3650,120,9.08
4061,4160,122,41.31
4456,4555,122,43.05
2949,3048,122,33.75
4159,4158,122,18.02
2058,2057,122,14.45
1959,1958,122,11.48
4055,4154,122,40.93
2553,2552,122,17.5
2652,2651,122,17.17
3148,3247,123,29.46
2776,2875,123,31.54
4258,4257,123,19.02
2751,2750,123,17.97
4357,4356,124,20.38
4153,4253,124,4.96
3048,3147,125,48.76
3567,3666,125,33.32
3650,3649,125,20.1
4456,4455,125,21.02
2850,2849,125,15.16
1566,1565,125,14.6
1661,1660,125,13.5
2157,2156,125,11.43
3072,3172,125,4.33
1482,1382,125,2.11
1666,1565,125,2.53
4160,4259,126,39.05
4555,4654,126,43.55
3048,3047,126,28.23
2256,2255,126,11.39
2973,3073,126,3.7
4555,4554,127,21.48
2949,2948,127,14.46
1378,1377,127,12.59
3247,3346,128,29.46
2875,2974,128,31.46
1760,1759,128,10.4
2552,2551,128,16.87
4253,4352,128,40.35
3171,3271,128,4.21
4356,4355,129,20.16
4257,4256,129,19.79
2750,2749,129,17.47
2057,2056,129,15.71
1469,1468,129,11.98
2651,2650,129,16.53
4259,4358,130,39.56
4654,4753,130,41.47
3147,3246,130,29.48
3666,3765,130,33.24
3247,3246,130,15.44
1958,1957,130,12.69
3346,3445,131,48.7
4554,4653,131,42.52
2948,2947,131,25.1
2255,2354,131,29.7
3047,3146,131,29.52
1859,1858,131,9.44
3270,3370,131,3.94
4351,4451,131,6.66
3346,3345,132,28.1
4554,4553,132,20.56
4455,4454,132,15.19
3858,3957,132,5.83
3047,3046,133,15.43
1660,1659,133,13
1565,1564,133,14.12
4358,4457,134,41.52
4753,4852,134,37.16
4355,4354,134,21.11
2749,2848,134,35.01
2056,2155,134,33.66
2156,2155,134,11.74
2182,2282,134,3.35
3445,3444,135,26.78
4653,4752,135,37.63
3765,3864,135,34.69
4256,4255,135,19.76
2255,2254,135,12.27
2551,2550,135,16.31
3859,3958,135,5.87
3860,3959,135,5.83
3863,3963,135,5.03
4553,4652,136,38.21
3146,3245,136,29.82
3370,3469,136,34.09
2749,2748,136,15.2
2056,2055,136,14.41
3962,4062,136,5.19
2380,2480,136,3.74
2650,2649,136,16.13
1957,1956,137,16.57
1468,1467,137,13.88
1377,1376,137,10.75
2479,2579,137,3.95
1984,2084,137,2.7
4457,4556,138,43.88
3046,3145,138,29.74
4553,4552,138,17.25
3146,3145,138,15.42
2947,2946,138,15.43
4456,4556,138,5.42
2083,2183,138,2.83
3444,3443,139,27.68
4354,4453,139,31.07
2848,2847,139,22.4
2282,2381,139,31.21
1659,1758,139,27.68
3345,3344,139,15.39
4454,4453,139,15.16
2281,2381,139,3.07
4652,4751,140,41.98
4062,4161,140,40.78
3046,3045,140,15.42
4555,4655,140,5.57
4061,4161,140,4.93
1885,1985,140,4.55
4055,4155,140,4.83
1472,1371,140,3.6
1483,1383,140,1.91
3145,3244,141,49.38
4652,4651,141,20.1
3469,3568,141,32.52
2055,2154,141,31.04
4354,4353,141,15.18
1564,1563,141,13.82
1858,1857,141,10.84
3346,3446,141,8.31
2578,2678,141,3.8
1471,1370,141,3.67
3145,3144,142,29.9
4255,4254,142,15.11
1659,1658,142,11.63
2550,2549,142,15.07
2847,2846,143,28.88
1956,1955,143,18.64
3148,3248,143,4.19
1473,1372,143,3.44
3045,3044,144,30.23
4655,4754,144,43.84
4161,4260,144,39.86
1467,1466,144,15.22
2055,2054,144,12.96
2649,2648,144,14.12
1584,1485,144,1.8
4453,4452,145,17.18
2946,2945,145,15.43
4353,4452,145,38.67
1785,1786,145,2.04
3244,3343,146,29.66
3568,3667,146,33.01
2154,2253,146,29.11
2678,2777,146,31.43
3443,3442,146,15.42
3344,3343,146,15.38
1376,1375,146,11.54
2677,2777,146,3.47
1785,1886,146,2.83
2846,2845,147,27.16
3247,3347,147,4.19
2776,2876,147,3.65
4754,4853,148,41.99
4260,4359,148,38.12
3244,3243,148,15.43
1370,1369,148,15.14
3172,3272,148,4.55
2648,2747,148,42.44
2945,2944,149,32.08
2054,2153,149,29.02
1563,1562,149,13.6
4751,4851,149,11.64
2648,2647,149,20.48
1955,1954,150,16.43
1758,1757,150,9.22
2549,2548,150,13.25
2554,2453,150,3.27
2845,2844,151,29.22
3667,3766,151,33.42
1466,1465,151,15.31
4358,4458,151,4.98
2747,2746,152,28.82
2876,2975,152,31.31
4457,4557,152,5.68
3271,3371,152,4.28
2647,2746,152,49.48
2875,2975,152,3.53
1474,1373,152,3.11
1375,1374,153,14.39
3343,3342,153,15.4
2054,2053,153,11.92
2647,2646,153,30.3
2153,2252,154,32.08
1757,1856,155,33.54
2548,2547,155,20.06
4556,4656,155,6.01
3073,3173,155,3.55
1685,1686,155,1.94
3766,3865,156,34.77
3957,4056,156,5.91
4258,4157,156,3.6
3371,3470,157,34.86
2975,3074,157,31.53
1954,1953,157,14.53
1757,1756,157,14.34
1562,1561,157,13.61
2153,2152,157,13.52
1369,1368,157,11.71
3347,3447,157,10.24
4062,4162,157,4.79
4159,4058,157,3.37
1465,1464,158,15.12
4655,4755,158,5.67
3963,4063,158,4.4
1381,1280,158,3.05
2553,2452,158,3.25
2746,2745,159,15.34
2547,2546,159,29.56
3958,4057,160,5.83
1756,1855,161,39.87
4162,4261,161,43.23
3865,3964,161,34.99
1658,1657,161,5.46
2254,2353,161,5.47
4257,4156,161,3.79
3048,3149,161,3.65
1484,1384,161,2.06
4755,4854,162,44.97
3470,3569,162,33.75
1953,2052,162,30.61
2152,2251,162,34.26
2053,2052,162,12.18
1380,1279,162,2.16
1756,1755,163,18.43
1886,1986,163,6.12
3044,3143,163,7.56
2579,2679,163,3.95
2745,2744,164,22.77
2152,2151,164,14.75
2282,2382,164,3.41
1464,1463,165,14.85
1953,1952,165,12.74
1368,1367,165,13.76
1561,1560,165,13.42
2480,2580,165,3.47
1382,1281,165,3.58
4854,4953,166,42.65
4261,4360,166,34.99
2744,2843,167,49.29
1755,1854,167,37.05
3569,3668,167,34.48
2251,2350,167,33.5
2944,3043,167,7.98
3442,3541,167,6.96
3248,3348,167,4.22
1585,1586,167,2.02
2744,2743,168,29.6
2679,2778,168,31.25
2844,2943,168,8.67
2678,2778,168,3.78
1985,2085,168,3.66
2552,2451,168,3.1
1379,1278,168,2.34
2151,2250,169,29.65
2382,2481,169,29.29
2251,2250,169,14.32
4458,4558,169,5.78
4953,5052,170,38.66
1952,2051,170,28.29
1755,1754,170,16.48
2052,2051,170,12.82
4557,4657,170,5.88
4359,4459,170,4.73
2183,2283,170,3.22
3541,3640,170,48.11
2743,2842,171,47.76
2743,2742,171,35.53
3272,3372,171,4.38
3541,3540,171,26.98
3668,3767,172,34.96
2350,2449,172,31.78
1367,1366,172,15.26
1463,1462,172,14.47
4656,4756,172,5.96
2253,2352,172,5.61
3640,3739,173,48.39
2778,2877,173,30.64
2085,2184,173,29.29
2151,2150,173,12.24
3342,3441,173,7.14
2842,2941,174,48.43
2842,2841,174,35.06
5052,5151,174,46.34
3640,3639,174,27.5
1952,1951,174,11.57
2451,2450,174,16.79
3540,3639,174,47.59
2742,2741,174,36.06
5052,5051,175,24.45
1754,1853,175,34.42
2250,2349,175,27.53
1854,1853,175,12.62
2350,2349,175,13.36
1560,1559,175,10.75
4755,4855,175,6.08
3540,3539,175,26.15
3739,3838,176,48.7
3372,3471,176,34.99
3348,3448,176,11.18
1657,1656,176,7.01
4162,4262,176,5.47
2547,2446,176,7.01
1278,1277,176,13.25
2841,2840,177,35.99
2941,3040,177,47.95
2941,2940,177,35.41
3639,3738,177,48.7
3739,3738,177,28.1
3441,3440,177,27.57
3767,3866,177,34.98
1754,1753,177,14.85
2876,2976,177,3.45
2741,2740,177,36.06
5151,5250,178,47.01
3639,3638,178,28.11
2250,2249,178,11.2
3539,3638,178,47.41
1485,1385,178,2.98
1371,1270,178,3.78
3838,3937,179,49
4855,4954,179,45.62
1366,1365,179,15.42
2842,2942,179,13.71
2252,2351,179,5.71
3539,3538,179,25.88
2940,2939,180,35.92
3040,3139,180,49.65
3738,3837,180,48.85
3838,3837,180,28.8
2349,2448,180,31.26
1462,1461,180,14.21
2051,2050,180,10.43
2449,2448,180,13.3
2546,2645,180,6.94
3865,3965,180,4.2
1951,2050,180,23.64
2975,3075,180,3.68
3243,3242,180,3.16
2740,2739,180,34.61
3541,3641,180,7.77
3937,3936,181,72.8
3638,3637,181,71.41
2840,2839,181,51.63
2940,3039,181,29.46
3040,3039,181,40.92
3738,3737,181,72.06
3440,3439,181,70.46
3471,3570,181,11.08
4262,4361,181,10.79
2349,2348,181,63.05
5151,5251,181,9
2150,2149,181,53.2
1277,1276,181,53.27
1853,1852,181,56.91
2743,2642,181,10.13
5250,5249,181,60.84
1951,1950,181,50.08
1753,1752,181,62.12
2740,2839,181,25.14
1382,1282,181,2.24
1461,1460,182,60.83
3837,3836,182,72.31
3139,3138,182,70.39
2645,2644,182,59.14
2939,2938,182,63.37
1365,1364,182,60.19
1656,1655,182,55.78
1559,1558,182,52.81
2941,3041,182,7.49
2448,2447,182,72.69
1270,1269,182,57.79
2739,2738,182,62.22
2050,2049,182,50.98
4063,4163,182,2.71
3538,3537,182,71.37
3342,3341,182,13.72
1886,1887,182,1.68
2742,2641,182,11.43
1372,1271,182,5.05
1950,1949,183,54.27
2839,2838,183,56.68
2348,2347,183,72.76
3439,3438,183,71.49
1752,1751,183,63.46
3637,3636,183,72.4
3936,3935,183,72.71
3039,3038,183,68.83
3737,3736,183,71.7
1276,1275,183,55.09
2149,2148,183,69.81
2546,2545,183,13.61
1852,1851,183,54.38
3173,3273,183,2.24
1460,1459,184,60.62
3836,3835,184,71.12
1558,1557,184,57.53
1269,1268,184,56
2049,2048,184,72.28
2938,2937,184,70.7
3138,3137,184,68.53
2644,2643,184,72.62
2641,2640,184,66.54
1364,1363,184,60.25
3043,3042,184,13.86
1655,1654,184,63.52
2744,2643,184,7.49
3143,3142,184,13.79
3537,3536,184,72.6
1851,1850,185,55.32
3736,3735,185,69.54
3038,3037,185,62.72
3935,3934,185,71.77
3636,3635,185,58.29
1751,1750,185,66.32
3438,3437,185,72.52
1949,1948,185,72.81
2148,2147,185,65.57
1275,1274,185,60.61
3040,3140,185,15.98
2347,2346,185,65.22
2545,2544,185,72.82
2937,2936,186,51.09
2048,2047,186,58.18
1268,1267,186,53.31
3137,3136,186,67.23
1459,1458,186,60.34
3835,3834,186,67.98
1363,1362,186,60.77
2640,2639,186,67
1557,1556,186,57.39
3640,3740,186,3.69
1986,2086,186,2.83
3964,4064,186,2.77
1654,1653,186,67.68
3536,3535,186,72.73
3735,3734,187,50.88
3037,3036,187,62.24
3934,3933,187,70.86
3437,3436,187,69.89
2147,2146,187,61.96
1274,1273,187,58.46
2346,2345,187,72.48
2446,2445,187,13.56
2544,2543,187,59.52
1485,1486,187,1.75
3136,3135,188,72.82
1653,1652,188,67.92
1362,1361,188,61.07
2936,2935,188,57.36
3834,3833,188,71
2047,2046,188,63.94
3635,3634,188,47.93
1948,1947,188,46.24
1458,1457,188,59.8
3242,3241,188,13.68
3139,3238,188,18.18
3937,4036,188,12.95
2249,2248,188,13.27
2639,2638,188,67.22
1267,1266,188,61.05
1556,1555,188,58.21
1886,1987,188,2.08
3535,3534,188,51.44
3734,3733,189,50.61
3933,3932,189,70.91
2345,2344,189,72.8
3436,3435,189,67.36
1273,1272,189,51.07
2445,2444,189,72.8
2543,2542,189,72.57
4954,5053,189,11.12
3135,3134,190,72.57
1652,1651,190,68.03
1555,1554,190,55.47
3241,3240,190,65.32
1361,1360,190,60.98
3833,3832,190,72.35
4036,4035,190,72.47
3140,3239,190,29.33
2148,2247,190,22.7
3341,3340,190,14
3138,3237,190,20.13
1947,1946,190,55.12
1266,1265,190,60.28
2738,2737,190,13.46
2935,2934,190,60.48
2248,2247,190,70.87
2638,2637,190,69.51
1457,1456,190,59.62
3733,3732,191,57.03
3932,3931,191,70.53
3534,3533,191,38.28
3634,3633,191,44.52
2444,2443,191,72.64
2147,2246,191,25.33
3137,3236,191,21.32
2542,2541,191,71.13
3435,3434,191,62.51
5052,5152,191,3.22
3832,3831,192,64.99
4035,4034,192,72.66
1360,1359,192,60.81
3134,3133,192,72.53
1554,1553,192,61.03
1651,1650,192,67.85
1456,1455,192,68.93
3340,3339,192,65.74
2637,2636,192,72.13
1948,1847,192,21.14
2937,2836,192,19.06
3142,3141,192,13.75
3042,3141,192,19.12
3935,4034,192,16.34
3739,3839,192,3.58
1265,1264,192,59.84
2934,2933,192,62.78
3732,3731,193,61.92
3931,3930,193,71.66
2246,2245,193,72.05
2443,2442,193,59.93
1850,1849,193,13.04
1750,1749,193,13.35
2541,2540,193,66.92
3339,3338,194,71.98
2933,2932,194,57.79
1455,1454,194,69.56
1553,1552,194,69.58
3831,3830,194,67.65
4034,4033,194,72.74
3533,3532,194,48.7
3633,3632,194,43.74
1359,1358,194,60.69
3934,4033,194,17.62
1650,1649,194,68.91
4361,4460,194,10.89
1264,1263,194,59.99
3434,3433,194,46.93
3133,3132,194,63.33
2836,2835,194,56.71
3569,3669,194,2.44
1384,1283,194,5.8
3731,3730,195,62.56
3930,3929,195,59.21
2245,2244,195,72.79
1849,1848,195,72.82
2442,2441,195,72.81
3036,3035,195,13.55
2146,2145,195,13.67
1948,1848,195,10.65
2540,2539,195,69.28
3075,3174,195,10.01
1749,1748,195,72.82
4558,4658,195,2.75
1847,1846,195,43.8
1454,1453,196,69.5
2932,2931,196,57.4
3532,3531,196,50.08
4033,4032,196,71.82
3830,3829,196,68.39
1552,1551,196,69.57
2046,2045,196,13.63
3933,4032,196,17.55
1263,1262,196,60.78
2937,2837,196,8.91
4459,4559,196,2.84
2679,2779,196,2.25
3132,3131,196,60.51
1358,1357,196,59.93
2835,2834,196,58.41
1649,1648,196,72.67
3730,3729,197,55.56
3929,3928,197,71.15
2244,2243,197,72.35
3338,3337,197,48.48
3632,3631,197,46.62
3932,4031,197,18.01
2344,2343,197,13.41
3136,3235,197,13.17
2441,2440,197,70.7
3433,3432,197,40.87
4657,4757,197,2.81
2539,2538,197,70.18
1748,1747,197,62.06
1648,1647,198,52.66
3829,3828,198,67.33
3531,3530,198,62.21
2931,2930,198,56.15
1357,1356,198,54.58
1453,1452,198,69.44
3131,3130,198,58.13
2834,2833,198,55.25
1551,1550,198,69.58
1262,1261,198,61.04
4756,4856,198,3.05
1946,1945,198,13.7
3729,3728,199,60.2
3235,3234,199,71.01
3337,3336,199,70.32
4031,4030,199,67
1747,1746,199,58.06
2538,2537,199,70.43
3237,3336,199,16.95
2637,2736,199,15.73
3432,3431,199,56.56
2243,2242,199,71.83
2440,2439,199,70.17
1847,1746,199,22.01
1647,1646,200,71.79
1356,1355,200,54.77
3130,3129,200,65.75
3530,3529,200,67.55
2833,2832,200,62.03
3631,3630,200,49.38
1261,1260,200,60.73
2636,2635,200,13.38
4036,4135,200,11.84
1452,1451,200,62.18
2930,2929,200,54.46
3838,3938,200,3.44
5151,5252,200,5.06
3668,3768,200,2.51
3728,3727,201,52.4
3234,3233,201,65.49
4030,4029,201,67.72
3336,3335,201,67.12
2439,2438,201,71.81
2537,2536,201,71.18
3433,3332,201,22.85
3431,3430,201,63.68
2935,3034,201,11.54
2778,2878,201,2.51
2242,2241,201,60.16
4135,4134,202,72.18
2832,2831,202,61.75
3129,3128,202,62.76
3630,3629,202,68.96
1355,1354,202,59.85
1646,1645,202,71.63
1846,1845,202,14.31
4035,4134,202,12.29
2086,2185,202,9.23
3433,3333,202,12.69
1260,1259,202,60.88
3529,3528,202,63.84
4855,4955,202,3.13
2929,2928,202,67.06
1451,1450,202,59.94
3727,3726,203,53.21
4029,4028,203,68.12
3335,3334,203,68.58
3332,3331,203,61.15
2241,2240,203,72.34
2438,2437,203,71.84
3233,3232,203,60.87
2145,2144,203,13.45
2536,2535,203,59.66
4033,4132,203,16.26
4034,4133,203,14.1
3430,3429,203,64.64
1385,1284,203,6.03
3034,3033,203,72.77
2934,3033,203,11.18
1354,1353,204,63
3629,3628,204,67.18
4031,4130,204,21.52
4032,4131,204,19.28
2928,2927,204,67
3128,3127,204,68.33
2831,2830,204,55.57
3372,3472,204,2.61
2045,2044,204,13.45
3348,3349,204,2.32
1259,1258,204,60.97
2240,2239,205,72.72
3033,3032,205,63.97
2437,2436,205,60.22
3130,3229,205,22.56
3928,3927,205,13.33
2343,2342,205,13.39
2535,2534,205,59.52
3331,3330,205,64.04
3232,3231,205,69.66
2144,2143,205,72.45
3429,3428,205,58.88
5251,5352,205,6.03
3148,3249,205,1.32
4130,4129,206,70.29
1258,1257,206,60.72
2927,2926,206,70.41
3129,3228,206,24.78
4030,4129,206,20.89
1746,1745,206,14.49
1945,1944,206,13.46
1353,1352,206,63.58
3127,3126,206,69.78
2830,2829,206,53.66
1886,1787,206,1.82
1550,1549,206,13.37
2239,2238,207,72.48
3032,3031,207,62.29
3927,3926,207,68.75
3231,3230,207,67.47
2436,2435,207,72.05
2534,2533,207,59.16
3767,3867,207,2.48
3348,3449,207,2.91
3330,3329,207,62.36
3628,3627,207,47.28
2929,3028,207,21.46
2143,2142,207,72.12
3228,3227,208,66.27
1257,1256,208,69.08
2926,2925,208,69.99
2829,2828,208,66.14
4129,4128,208,70.91
1549,1548,208,70.16
4029,4128,208,20.52
2635,2634,208,13.3
1352,1351,208,62.37
3031,3030,209,60.29
3926,3925,209,66.33
3627,3626,209,50.16
3329,3328,209,58.31
2142,2141,209,71.69
3528,3527,209,14.8
2238,2237,209,70.98
2928,3027,209,21.52
1282,1181,209,5.16
2435,2434,209,58.97
3028,3027,209,67.81
2533,2532,209,59.57
1256,1255,210,57.77
2828,2827,210,66.34
4128,4127,210,71.4
1351,1350,210,64.92
1845,1844,210,13.55
1645,1644,210,14.11
1450,1449,210,13.39
1271,1170,210,5.16
3641,3741,210,3.41
3937,4037,210,3.08
2877,2977,210,2.53
1281,1180,210,3.44
1485,1386,210,1.89
3030,3029,211,69.08
2141,2140,211,59.82
3527,3526,211,50.67
1548,1547,211,47.93
3726,3725,211,13.48
4028,4027,211,13.72
2532,2531,211,59.33
3130,3029,211,11.43
3027,3026,211,70.91
1270,1169,211,4.44
2237,2236,211,71.51
2434,2433,211,57.17
4127,4126,212,71.59
1449,1448,212,51.67
1350,1349,212,72.81
1180,1179,212,50.8
2827,2826,212,69.28
4130,4229,212,18.29
2044,2043,212,13.41
4132,4231,212,15.82
1255,1254,212,59.22
2441,2340,212,8.45
3471,3571,212,2.63
3428,3427,212,14.75
3127,3226,212,18.86
1279,1178,212,3.09
4131,4230,212,18.55
2140,2139,213,58.9
1169,1168,213,61.01
3725,3724,213,57.64
4027,4026,213,72.37
1547,1546,213,72.66
2236,2235,213,72.35
2433,2432,213,57.45
3228,3327,213,22.14
3126,3125,213,14.29
2240,2339,213,14.19
4135,4234,213,11.37
3728,3827,213,10.51
2342,2341,213,13.39
4262,4362,213,2.54
2382,2482,213,1.64
1686,1687,213,1.53
2826,2825,214,69.92
4229,4228,214,72.76
1178,1177,214,60.19
4126,4125,214,68.48
2926,3025,214,18.64
1745,1744,214,13.98
1944,1943,214,13.41
4133,4232,214,13
4955,5054,214,12.2
3427,3426,214,51.66
1254,1253,214,69.46
2235,2234,215,72.39
1546,1545,215,72.25
2139,2138,215,72.77
3827,3826,215,58.37
4026,4025,215,72.81
4234,4233,215,72.38
1349,1348,215,44.24
1448,1447,215,45.49
2432,2431,215,58.43
2925,2924,215,14.47
2339,2338,215,72.36
2239,2338,215,14.95
4134,4233,215,11.37
3727,3826,215,10.44
2736,2735,215,6.34
2976,3076,215,2.62
4228,4227,216,72.68
1177,1176,216,58.17
1253,1252,216,64.45
1168,1167,216,45.65
2238,2337,216,17.46
3740,3840,216,3.38
3866,3966,216,2.44
2580,2680,216,1.59
1447,1446,217,59.49
3826,3825,217,57.38
2234,2233,217,72.62
4025,4024,217,72.75
2431,2430,217,70.15
3925,3924,217,13.36
3626,3625,217,13.68
1272,1171,217,5.13
1545,1544,217,72.63
1273,1172,217,4.88
1586,1587,217,1.58
1176,1175,218,57.99
1252,1251,218,64.48
4227,4226,218,72.74
1348,1347,218,41.7
2634,2633,218,10.39
1844,1843,218,13.44
1644,1643,218,13.91
2337,2336,218,71.94
1283,1182,218,6.09
1274,1173,218,4.38
2534,2633,218,11.74
1385,1285,218,2.56
1167,1166,218,58.36
2237,2336,218,16.74
3825,3824,219,57.29
2233,2232,219,72.49
4024,4023,219,72.34
3625,3624,219,57.51
2430,2429,219,55.76
3526,3525,219,13.77
2531,2530,219,13.38
2829,2728,219,11.21
1446,1445,219,65.94
2283,2383,219,1.74
4226,4225,220,72.26
1251,1250,220,61.01
1175,1174,220,60.7
1166,1165,220,59.2
2043,2042,220,13.4
4126,4225,220,20.18
2336,2335,220,72.34
3226,3225,220,14.15
2533,2632,220,11.68
3824,3823,221,58.74
2232,2231,221,71.79
3025,3024,221,14.48
3724,3723,221,13.42
3327,3326,221,14.15
3125,3124,221,14.23
4230,4329,221,16.15
4037,4136,221,13.11
2828,2727,221,11.1
3570,3670,221,2.56
4361,4461,221,2.53
2481,2581,221,1.65
1445,1444,221,65.37
2835,2734,221,5.43
1250,1249,222,71.98
4225,4224,222,66.02
1165,1164,222,58.73
2924,2923,222,14.39
2825,2824,222,14.19
4125,4124,222,13.79
1943,1942,222,13.4
2335,2334,222,71.95
1744,1743,222,13.55
2532,2631,222,11.71
3426,3425,222,13.82
4163,4263,222,2.55
3965,4065,222,2.43
4231,4330,222,15.57
4329,4328,223,72.79
2734,2733,223,63.3
3823,3822,223,72.71
3723,3722,223,72.8
2231,2230,223,70.23
1444,1443,223,72.82
2727,2726,223,69.25
4229,4328,223,14.02
3839,3939,223,3.28
3075,3175,223,2.38
2138,2137,223,13.91
2631,2630,224,70.69
4124,4123,224,71.08
1164,1163,224,59.77
4224,4223,224,61.05
2334,2333,224,70.83
2185,2284,224,6.54
4328,4327,225,72.63
3822,3821,225,72.71
2230,2229,225,69.54
2733,2732,225,62.97
1249,1248,225,39.66
3722,3721,225,72.71
3924,3923,225,13.42
4232,4331,225,13.19
2726,2725,225,65.91
1987,2087,225,2.75
1544,1543,225,13.73
2630,2629,226,70.9
4123,4122,226,72.42
1163,1162,226,60.91
4223,4222,226,67.76
2429,2428,226,14.3
1347,1346,226,13.74
2333,2332,226,69.84
4234,4333,226,11.67
1843,1842,226,13.41
1643,1642,226,13.63
4327,4326,227,72.27
2229,2228,227,61.96
4225,4324,227,22.34
3525,3524,227,13.57
4023,4022,227,13.47
3624,3623,227,13.49
2530,2529,227,13.37
3821,3820,227,72.68
4064,4164,227,2.49
2732,2731,227,60.97
3721,3720,227,72.42
2725,2724,227,66.56
2629,2628,228,70.15
4122,4121,228,72.56
4222,4221,228,68.47
4333,4332,228,72.81
1248,1247,228,38.96
4224,4323,228,25.92
2332,2331,228,70.89
2042,2041,228,13.39
2232,2331,228,16.3
4226,4325,228,15.45
4233,4332,228,11.58
1162,1161,228,60.77
1284,1183,228,5.76
2237,2136,228,7.84
3225,3224,228,13.92
3541,3642,228,2.08
3024,3023,229,14.04
2231,2330,229,18.36
3124,3123,229,13.94
3326,3325,229,13.94
2829,2729,229,4.47
2824,2823,229,14.57
2731,2730,229,59.3
4323,4322,230,63.1
1247,1246,230,58.23
4221,4220,230,55.51
2041,2040,230,71.91
4121,4120,230,69.07
2628,2627,230,72.69
1942,1941,230,13.39
1743,1742,230,13.45
3425,3424,230,13.71
1161,1160,230,60.36
2923,2922,230,13.76
2229,2328,231,25.33
2330,2329,231,67.06
1443,1442,231,13.68
2230,2329,231,19.12
3273,3373,231,2.13
4322,4321,232,60.52
1160,1159,232,60.41
4330,4429,232,14.82
4329,4428,232,13.8
4136,4235,232,13.59
2040,2039,232,59.43
1941,1940,232,71.73
2236,2135,232,7.04
3938,4038,232,3.22
2627,2626,232,64.69
4221,4320,233,28.89
3923,3922,233,13.44
1543,1542,233,13.87
3823,3922,233,12.45
2328,2327,233,68.83
4856,4956,233,2.93
2086,2186,233,2.15
1159,1158,234,60.79
2135,2134,234,71.91
4323,4422,234,24.55
2724,2723,234,14.47
1642,1641,234,13.43
4428,4427,234,72.82
1842,1841,234,13.39
2235,2134,234,6.99
3669,3769,234,2.51
2428,2427,234,13.49
1346,1345,234,13.41
1940,1939,234,71.89
2626,2625,234,52.9
2039,2038,234,58.55
2327,2326,235,60.4
4022,4021,235,13.44
3623,3622,235,13.51
2529,2528,235,13.44
3720,3719,235,13.45
3822,3921,235,12.45
3524,3523,235,13.6
2228,2227,235,13.38
3820,3819,235,13.6
2625,2624,236,63.5
2134,2133,236,72.69
1939,1938,236,72.47
1158,1157,236,61.03
4322,4421,236,26.25
2229,2128,236,13.5
4422,4421,236,60.46
4427,4426,236,72.79
3224,3223,236,14.04
4331,4430,236,14.04
4757,4857,236,2.63
2326,2325,237,61.83
4021,4020,237,72.57
2227,2226,237,66.08
3921,3920,237,72.82
2427,2426,237,43.78
4321,4420,237,29.4
4220,4219,237,14.76
4120,4119,237,14.67
2823,2822,237,14.1
3123,3122,237,13.86
4333,4432,237,13.01
3821,3920,237,12.35
3023,3022,237,13.74
4955,5055,237,2.88
4460,4560,237,2.33
3622,3621,237,72.82
3325,3324,237,13.8
1157,1156,238,60.94
2133,2132,238,72.81
1938,1937,238,71.86
2922,2921,238,13.63
4325,4424,238,14.22
2231,2130,238,8.77
2232,2131,238,7.6
2233,2132,238,6.86
2128,2127,238,63.36
4426,4425,238,72.74
3175,3274,238,10.02
1246,1245,238,13.4
4658,4758,238,2.35
3424,3423,238,13.74
1742,1741,238,13.4
4432,4431,239,71.43
2226,2225,239,72.11
2325,2324,239,65.33
3621,3620,239,72.32
2426,2425,239,54.51
2427,2526,239,31.31
1442,1441,239,13.76
4332,4431,239,13.18
2230,2129,239,9.21
1170,1069,239,4.88
1586,1487,239,1.72
4320,4319,240,14.47
1250,1149,240,7.43
4422,4521,240,26.28
4424,4423,240,71.53
1156,1155,240,69.48
2626,2525,240,18.2
2127,2126,240,71.79
3769,3869,241,182.21
2427,2527,241,142.46
4038,4137,241,23.79
4164,4264,241,84.72
4333,4433,241,70.55
4065,4165,241,114.31
4263,4363,241,64.9
3670,3770,241,94.15
4422,4522,241,88.09
3840,3940,241,34.61
3076,3176,241,51.74
4362,4462,241,61.91
4234,4334,241,73.03
3571,3671,241,46.79
3741,3841,241,32.03
4037,4137,241,59.63
5352,5453,241,23.14
5352,5353,241,8.91
2185,2285,241,58.36
2878,2978,241,23.87
3966,4066,241,161.31
2779,2879,241,25.46
3472,3572,241,25.54
3768,3868,241,66.81
5052,5153,241,27.28
4066,4166,242,182.27
3572,3672,242,137.4
3671,3771,242,189.23
4165,4265,242,117.31
4432,4532,242,72.99
5055,5155,242,46.4
4430,4530,242,78.11
2186,2286,242,49.02
4235,4335,242,60.01
4038,4138,242,51.36
4429,4529,242,65.77
4429,4528,242,18.77
2087,2187,242,44
3868,3968,242,186.2
2581,2681,242,43.26
4428,4528,242,57.25
4428,4527,242,21.82
2383,2483,242,51.41
2284,2384,242,46
4423,4523,242,76.12
2482,2582,242,41.73
2680,2780,242,64.73
4424,4524,242,64.71
4425,4525,242,57.25
4426,4526,242,56.9
4427,4527,242,56.96
3175,3275,242,56.9
3867,3967,242,32.94
4431,4531,242,84.85
2977,3077,242,24.14
3641,3742,242,26.15
5152,5253,242,27.21
4558,4659,242,26.85
3967,4067,243,186.07
3672,3772,243,186.19
3968,4068,243,208
2285,2385,243,52.32
4264,4364,243,89.59
3770,3870,243,69.99
4433,4533,243,53.69
4334,4434,243,55.63
3373,3473,243,33.36
3869,3969,243,84.52
4420,4520,243,40.09
4856,4957,243,27.39
4067,4167,244,150.07
3473,3573,244,117.15
4068,4168,244,128.5
3969,4069,244,184.92
4523,4623,244,70.4
2681,2781,244,55.34
2483,2583,244,52.69
2384,2484,244,53.84
4335,4435,244,50.64
3771,3871,244,72.74
4532,4632,244,67.35
2286,2386,244,67.99
4524,4624,244,57.87
2879,2979,244,49.57
3940,4040,244,37.82
2978,3078,244,49.22
4521,4621,244,30.71
4319,4419,244,26.29
2324,2424,244,25.92
3274,3374,244,31.76
1937,2037,244,27.52
2780,2880,244,69.51
1938,2037,244,19.71
3939,4040,244,27.35
3840,3941,244,26.88
3741,3842,244,26.21
4531,4631,244,61.83
3449,3450,244,13.2
3249,3350,244,26.65
3349,3450,244,27.01
4955,5056,244,27.18
4658,4759,244,24.46
4460,4561,244,26.26
4757,4858,244,26.36
4167,4267,245,116.74
3573,3673,245,214.21
4069,4169,245,125.29
4168,4268,245,118.46
3772,3872,245,69.46
2385,2485,245,55.9
4533,4633,245,64.51
4434,4534,245,51.53
4527,4627,245,36.73
4166,4266,245,41.41
5155,5255,245,48.59
4526,4626,245,40.57
4525,4625,245,45.97
4528,4628,245,36.37
4522,4622,245,27.56
1441,1541,245,20.64
4560,4660,245,21.38
5055,5154,245,25.12
3223,3323,245,21.6
2582,2682,245,39.2
3642,3743,245,24.68
3642,3643,245,18.86
3870,3970,245,76.47
4362,4463,245,22.51
3249,3250,245,12.28
4529,4629,245,37.33
1887,1988,245,7.48
1887,1888,245,2.24
4530,4630,245,46.55
5054,5154,245,20.18
4169,4269,246,119.82
4268,4368,246,110.05
3970,4070,246,165.3
4267,4367,246,104.32
3673,3773,246,186.15
3078,3178,246,90.07
4435,4535,246,61.48
2979,3079,246,82.36
4623,4723,246,52.03
2386,2486,246,75.71
3374,3474,246,70.79
2880,2980,246,59.64
2484,2584,246,59.06
4520,4620,246,33.78
3077,3177,246,27.67
4265,4365,246,31.05
4462,4562,246,21.14
2921,3021,246,17.13
5055,5156,246,27.05
3819,3919,246,19.04
2781,2881,246,54.58
4235,4336,246,23.18
1249,1148,246,1.6
3122,3222,246,17.24
3871,3971,246,66.35
4632,4732,246,67.71
3474,3574,247,137.4
4269,4369,247,118.3
4368,4468,247,105.33
4070,4170,247,109.86
1988,2088,247,87.71
2485,2585,247,65.09
4633,4733,247,75.15
4534,4634,247,60.62
5154,5254,247,56.31
5255,5355,247,59.74
2583,2683,247,43.35
3176,3276,247,19.94
3940,4041,247,27.39
3841,3942,247,26.58
2425,2524,247,18.5
1444,1343,247,4.64
4631,4731,247,47.71
3872,3972,247,60.58
4369,4469,248,120.17
3574,3674,248,169.8
4170,4270,248,113.31
4535,4635,248,56.59
3773,3873,248,69.99
2584,2684,248,50.63
2980,3080,248,59.25
4367,4467,248,87.87
4336,4436,248,59.76
2881,2981,248,58.89
2486,2586,248,87.82
4266,4366,248,33.95
4626,4726,248,36.14
4625,4725,248,47.05
3743,3843,248,43.45
4629,4729,248,35.84
4628,4728,248,36.23
4630,4730,248,37.34
4621,4721,248,25.31
4364,4464,248,23.92
4335,4436,248,26.15
5155,5256,248,26.63
3742,3843,248,26.41
3079,3179,248,92.06
2682,2782,248,45.7
3178,3278,248,83.33
1250,1150,248,5.77
4419,4519,248,27.26
4732,4832,248,56.03
3674,3774,249,197.12
4469,4569,249,112.23
4468,4568,249,95.75
5254,5354,249,67.87
2683,2783,249,54.02
2585,2685,249,59.65
2088,2188,249,93.01
4634,4734,249,56.68
3177,3277,249,47.01
4627,4727,249,32.72
4858,4958,249,20.28
4759,4859,249,21.45
3275,3375,249,15.65
4733,4833,249,68.47
4561,4661,249,22.09
4957,5057,249,18.7
4569,4669,250,104.43
2981,3081,250,58.27
2684,2784,250,66.68
2586,2686,250,85.73
4436,4536,250,58.03
4467,4567,250,81.12
3276,3376,250,46.16
4731,4831,250,45.74
3971,4071,250,32.94
4365,4465,250,27.53
4620,4720,250,31.98
4463,4563,250,20.42
4040,4140,250,18.95
4623,4724,250,25.78
4623,4722,250,23.59
4660,4760,250,21.64
3080,3180,250,65.87
3278,3378,250,59.73
3179,3279,250,97.64
3873,3973,250,55.88
3973,4073,251,119.59
4669,4769,251,101.15
4734,4834,251,59.92
3277,3377,251,56.91
4568,4668,251,86.48
2188,2288,251,95.9
2685,2785,251,78.6
4635,4735,251,49.11
5256,5356,251,49.35
4270,4370,251,36.31
4729,4829,251,41.23
4730,4830,251,41.85
4728,4828,251,41.69
5355,5455,251,25.32
3972,4072,251,30.93
3919,4019,251,22.48
4723,4823,251,20.25
4562,4662,251,20.71
3743,3844,251,27.42
3643,3744,251,27.26
2782,2882,251,48.43
2783,2883,251,66.88
4833,4933,251,51.19
3774,3874,251,61.1
4832,4932,251,43.08
4370,4470,252,119.87
2686,2786,252,76.2
3180,3280,252,69.51
3279,3379,252,82.9
4567,4667,252,76.35
4536,4636,252,53.43
4727,4827,252,39.63
3375,3475,252,35.56
4519,4619,252,26.25
4721,4821,252,28.34
4366,4466,252,29.82
5156,5257,252,26.33
4535,4636,252,24.36
3643,3644,252,16.31
3374,3475,252,19.36
3222,3322,252,18.1
2187,2287,252,10.56
2225,2224,252,2.4
3081,3181,252,55.84
2784,2884,252,84.44
4470,4570,253,123.39
4668,4768,253,83.49
5356,5456,253,55.49
2288,2388,253,89.51
2883,2983,253,73.93
4072,4172,253,90.14
4073,4173,253,87.81
4769,4869,253,94.6
3376,3476,253,49.63
4720,4820,253,34.11
4464,4564,253,23.26
4041,4141,253,19.03
3942,4042,253,18.28
3378,3478,253,45.79
4336,4437,253,23.27
4831,4931,253,41.02
4834,4934,253,59.95
2129,2029,253,8.06
2130,2030,253,7.46
2882,2982,253,59.26
3021,3121,253,15.85
1587,1688,253,7.72
1687,1788,253,7.6
2785,2885,253,86.11
3249,3150,253,7.9
1069,1068,253,3.27
4570,4670,254,118.93
3280,3380,254,73.64
4667,4767,254,71.13
3379,3479,254,57.76
4636,4736,254,55.36
4466,4566,254,76.71
2884,2984,254,88.37
4735,4835,254,48.25
4830,4930,254,41.57
4829,4929,254,41.74
4932,5032,254,41.4
4828,4928,254,44.15
3377,3477,254,42.86
4465,4565,254,26.79
4071,4171,254,26.34
5354,5454,254,23.15
4859,4959,254,20.85
4635,4736,254,26.52
5256,5357,254,26.46
3843,3943,254,19.27
4436,4537,254,23.88
4661,4761,254,22.95
4958,5058,254,20.76
4933,5033,254,44.79
3874,3974,254,46.88
4171,4271,255,103.51
4670,4770,255,111.61
5456,5556,255,70.17
4869,4969,255,87.87
4173,4273,255,94.01
2983,3083,255,80.64
4172,4272,255,97.08
2885,2985,255,62.75
4934,5034,255,56.65
4768,4868,255,80.32
3181,3281,255,48.88
4827,4927,255,44.31
4619,4719,255,34.71
4823,4923,255,25.39
4722,4822,255,24.23
4563,4663,255,20.98
4727,4826,255,26.04
5057,5157,255,19.06
5156,5157,255,11.83
4725,4825,255,15.34
2129,2028,255,9.05
4760,4860,255,21.88
2786,2886,255,39.38
1444,1344,255,4.06
2982,3082,255,71.39
1284,1184,255,0.93
4272,4372,256,105.03
4770,4870,256,104.73
3380,3480,256,61.96
4767,4867,256,71.13
2984,3084,256,61.63
4736,4836,256,58.96
4566,4666,256,73.45
4537,4637,256,56.65
2388,2488,256,37.88
3476,3576,256,36.7
3475,3575,256,27.92
4821,4921,256,28.96
3844,3944,256,20.15
4662,4762,256,22.63
3478,3578,256,45.31
5455,5555,256,22.72
4536,4637,256,25.37
4835,4935,256,56.31
4931,5031,256,41.4
2135,2034,256,5.2
1250,1151,256,6.73
5033,5133,256,50.78
1254,1153,256,2.07
3575,3675,257,138.9
3576,3676,257,122.32
3281,3381,257,50.83
4273,4373,257,99.41
3083,3183,257,64.49
4868,4968,257,80.32
3479,3579,257,45.72
4928,5028,257,43.72
3477,3577,257,44.72
4820,4920,257,29.7
4929,5029,257,41.03
5356,5457,257,24.73
4724,4824,257,16.37
4930,5030,257,41.22
5032,5132,257,46.53
2130,2031,257,8.61
2135,2035,257,4.55
5034,5134,257,60.2
3082,3182,257,65.87
3577,3677,258,149.05
3675,3775,258,181.02
3676,3776,258,173.29
4666,4766,258,70.39
4637,4737,258,65.94
4870,4970,258,94.3
4867,4967,258,71.62
5133,5233,258,62.33
4719,4819,258,36.2
4271,4371,258,34.35
4565,4665,258,25.93
4564,4664,258,23.06
4636,4737,258,24.77
4827,4926,258,25.53
4373,4473,258,100.25
4935,5035,258,66.07
4336,4337,258,9
5453,5554,258,8.35
4836,4936,258,64.91
3578,3678,258,60.04
3322,3422,258,19.62
4969,5069,258,41.23
3677,3777,259,189.4
5457,5557,259,51.06
5031,5131,259,43.52
3480,3580,259,44.99
2985,3085,259,25.07
2886,2986,259,26.2
4822,4922,259,27.93
5556,5656,259,25.8
4761,4861,259,22.46
3943,4043,259,20.29
4372,4472,259,33.93
5058,5158,259,20.44
4437,4538,259,24.83
4042,4142,259,19.61
2287,2387,259,15.09
5134,5234,259,68.72
3974,4074,259,24.42
4371,4471,259,112.53
1487,1588,259,7.65
5132,5232,259,55.46
1939,1839,259,4.9
1182,1081,259,1.89
4959,5059,259,21.4
4471,4571,260,116.14
3775,3875,260,50.22
4472,4572,260,106.2
5069,5169,260,89.29
4665,4765,260,67.66
4766,4866,260,68.65
4737,4837,260,77.6
3579,3679,260,48.43
3182,3282,260,44.99
3381,3481,260,46.33
3183,3283,260,35.18
4921,5021,260,28.67
3084,3184,260,30.09
4473,4573,260,97.13
4663,4763,260,21.56
4923,5023,260,24.65
4928,5027,260,25.63
4537,4638,260,24.35
3121,3221,260,16.43
4936,5036,260,69.51
4860,4960,260,21.9
5029,5129,260,44.31
1343,1342,260,7.87
3678,3778,260,62.85
1939,1838,260,5.59
4970,5070,260,88.73
5035,5135,260,68.84
1173,1072,260,1.86
1172,1071,260,1.28
4967,5067,260,72.09
4968,5068,260,39.22
4571,4671,261,112.23
4572,4672,261,105.62
5557,5657,261,66.04
5158,5258,261,50.8
2986,3086,261,74.58
3776,3876,261,44.3
4920,5020,261,29.03
4762,4862,261,22.79
3944,4044,261,20.36
4825,4925,261,17.42
4073,4174,261,14.44
2134,2033,261,5.11
1248,1147,261,1.45
1171,1070,261,1.21
1941,1840,261,4.48
1940,1840,261,4.16
4672,4772,262,108.42
4671,4771,262,112.23
3086,3186,262,123.85
4573,4673,262,93.57
4763,4863,262,59.75
5169,5269,262,86.75
4638,4738,262,75.01
4866,4966,262,66.95
5036,5136,262,75.33
5070,5170,262,89.56
4765,4865,262,65.76
5135,5235,262,76.5
2387,2487,262,40.31
3085,3185,262,43.23
4819,4919,262,30.79
4824,4924,262,22.04
5031,5130,262,25.66
5555,5655,262,17.56
5131,5231,262,49.58
3777,3877,262,35.94
4837,4937,262,82.14
2132,2032,262,4.46
1174,1073,262,2.63
4771,4871,263,109.02
4772,4872,263,112.23
3186,3286,263,119.96
4044,4144,263,53.17
4862,4962,263,59.29
5657,5757,263,76.5
5068,5168,263,39.63
5067,5167,263,33.75
3282,3382,263,37.75
4922,5022,263,27.89
3422,3522,263,20.83
4664,4764,263,22.54
5457,5558,263,26.04
2488,2588,263,15.45
3679,3779,263,33.84
4437,4438,263,10.23
3580,3680,263,26.83
1888,1989,263,7.89
2424,2523,263,7.69
5029,5128,263,25.53
1938,1837,263,4.85
1253,1152,263,2.54
3875,3975,263,41.2
3286,3386,264,116.35
4863,4963,264,59.97
5269,5369,264,86.75
3185,3285,264,81.54
5170,5270,264,90.11
2487,2587,264,90.47
4865,4965,264,64.16
5136,5236,264,88.59
4673,4773,264,90.65
4738,4838,264,82.14
3283,3383,264,26.91
3481,3581,264,28.47
5021,5121,264,30.31
4861,4961,264,22.61
5059,5159,264,22.16
4043,4143,264,20.75
4173,4274,264,13.09
4937,5037,264,85.87
3778,3878,264,25.09
2135,2036,264,5.34
4966,5066,264,65.3
1386,1387,264,2.36
3386,3486,265,113.22
3285,3385,265,105.68
2587,2687,265,102.31
5168,5268,265,81.38
4764,4864,265,61.68
5022,5122,265,78.13
4872,4972,265,53.71
1989,2089,265,87.12
5020,5120,265,29.44
5023,5123,265,24.77
3184,3284,265,23.23
5158,5259,265,26.11
5656,5756,265,19.32
5131,5230,265,24.32
4926,5026,265,16.02
1988,2089,265,7.21
3621,3521,265,3.8
4960,5060,265,22.57
4962,5062,265,60.42
3876,3976,265,27.9
1386,1286,265,1.17
3385,3485,266,110.79
3486,3586,266,119.96
4972,5072,266,114.27
5037,5137,266,88.65
4838,4938,266,88.45
5270,5370,266,85.07
5121,5221,266,79.79
4773,4873,266,93.57
4274,4374,266,86.56
5558,5658,266,47.28
4871,4971,266,47.74
4919,5019,266,29.37
3221,3321,266,17.77
5027,5127,266,17.13
4538,4639,266,21.05
5557,5658,266,21.02
5457,5458,266,11.46
5129,5229,266,19.21
2028,2027,266,9.53
2524,2623,266,7.69
4961,5061,266,64.16
4963,5063,266,60.85
4965,5065,266,62.59
3485,3585,267,123.28
3586,3686,267,124.86
4864,4964,267,61.91
5062,5162,267,63.89
2089,2189,267,97.17
5268,5368,267,78.83
5122,5222,267,66.86
5230,5330,267,64.24
3383,3483,267,34.25
5369,5469,267,39.63
3382,3482,267,28.1
2588,2688,267,31.8
5231,5331,267,21.8
4924,5024,267,23.78
4044,4145,267,25.45
5258,5358,267,18.16
4925,5025,267,19.46
5232,5331,267,18.15
5060,5160,267,66.59
2088,2189,267,7.08
1178,1077,267,1.72
5072,5172,267,111.92
5172,5272,268,106.78
3585,3685,268,123.47
5137,5237,268,96.86
5221,5321,268,71.39
5061,5161,268,68.09
5063,5163,268,61.69
4374,4474,268,85.02
5658,5758,268,59.16
4639,4739,268,82.45
2687,2787,268,46.33
5066,5166,268,31.22
3975,4075,268,22.3
5757,5857,268,23.54
5167,5267,268,24.44
3680,3780,268,20.22
4638,4739,268,17.97
3779,3879,268,20.14
4938,5038,268,92.08
4971,5071,268,94.89
2224,2323,268,9.41
4970,5071,268,14.23
1181,1080,268,1.55
1155,1154,268,3.59
5272,5372,269,102.1
3685,3785,269,120.23
2189,2289,269,93.82
5222,5322,269,55.04
5330,5430,269,69.58
4873,4973,269,41.91
5370,5470,269,38.64
5120,5220,269,25.42
3284,3384,269,28.32
3581,3681,269,24.77
5558,5659,269,26.9
5128,5228,269,19.68
5655,5755,269,15.28
5160,5260,269,67
3719,3718,269,1.15
4964,5064,269,62.59
5161,5261,270,71.39
5038,5138,270,91.59
4474,4574,270,83.02
5758,5858,270,79.83
5321,5421,270,67.18
5162,5262,270,34.39
5469,5569,270,41.04
3483,3583,270,49.77
5368,5468,270,39.05
3686,3786,270,46.74
2688,2788,270,42.25
5019,5119,270,27.33
5065,5165,270,30.94
5123,5223,270,24.97
4438,4539,270,22.71
4739,4839,270,86.18
4473,4574,270,12.49
2030,1930,270,6.06
3621,3520,270,4.34
2723,2722,270,0.47
2786,2887,270,8.26
1174,1074,270,2.34
3878,3978,270,17.33
5071,5171,270,92.47
4973,5073,271,81.27
5430,5530,271,67.62
5322,5422,271,52.42
2289,2389,271,88.77
3384,3484,271,55.62
3785,3885,271,84.73
3482,3582,271,26.78
5259,5359,271,19.95
5558,5559,271,12.69
4044,4045,271,10.81
4573,4674,271,13.18
4337,4338,271,8.29
5260,5360,271,62.69
2388,2489,271,8.29
5470,5570,271,80.66
2288,2389,271,7.17
5372,5472,271,97.77
1343,1243,271,4.34
5229,5329,271,23.77
3879,3979,271,34.71
1166,1065,271,1.54
3484,3584,272,105.32
4839,4939,272,89.08
5421,5521,272,76.65
5171,5271,272,93.57
5138,5238,272,99.13
5858,5958,272,91.44
2887,2987,272,58.43
3583,3683,272,62.47
3681,3781,272,37.3
5163,5263,272,31.22
5569,5669,272,88.61
3780,3880,272,31.37
5331,5431,272,23.89
5024,5124,272,23.87
5127,5227,272,19.36
5756,5856,272,15.24
5026,5126,272,16.6
2886,2987,272,8.45
5267,5367,272,32.82
3321,3421,272,19.47
1788,1889,272,7.5
2788,2888,272,72.66
3877,3977,272,10.47
1179,1078,272,1.61
2987,3087,273,115.4
3584,3684,273,122.43
2489,2589,273,85.11
5422,5522,273,65.6
5468,5568,273,42.11
5064,5164,273,31.64
5857,5957,273,24.05
2323,2423,273,20.29
5166,5266,273,23.49
4075,4175,273,22.53
5025,5125,273,19.28
5222,5323,273,24.87
5358,5459,273,27.22
5063,5164,273,22.58
5658,5759,273,23.48
3976,4076,273,14.22
4674,4774,273,70.46
5073,5173,273,78.96
1837,1936,273,14.58
4673,4774,273,13.8
2488,2589,273,8.34
1688,1789,273,7.11
2029,1929,273,5.1
3978,4078,273,37.42
5472,5572,273,97.44
5572,5672,274,112.74
3087,3187,274,126.47
3684,3784,274,120.49
5271,5371,274,91.95
3781,3881,274,52.38
5124,5224,274,73.45
3683,3783,274,84.96
5856,5956,274,58.04
2888,2988,274,97.36
3979,4079,274,44.42
3582,3682,274,44.06
5262,5362,274,26.08
5165,5265,274,32.37
3718,3818,274,24.17
5220,5320,274,23.53
5227,5327,274,69.23
5270,5371,274,15.11
4274,4375,274,14.74
4939,5039,274,89.4
2030,1931,274,7.05
5367,5467,274,71.81
5228,5328,274,23.61
5570,5670,274,44.2
2028,1928,274,5.38
3885,3985,274,42.67
3187,3287,275,125.91
3784,3884,275,120.23
5521,5621,275,43.26
5329,5429,275,26.71
5119,5219,275,24.58
5261,5361,275,24.85
5322,5423,275,25.67
4639,4740,275,15.79
4773,4874,275,13.18
5669,5769,275,45.58
4438,4439,275,8.62
3786,3886,275,20.21
4078,4178,275,53.13
1343,1244,275,5.09
3880,3980,275,47.74
5173,5273,275,87.73
4375,4475,276,71.45
5224,5324,276,74.33
2988,3088,276,96.45
5320,5420,276,59.31
3682,3782,276,60.81
5371,5471,276,85.02
5956,6056,276,69.8
5039,5139,276,90.97
5327,5427,276,75.72
5759,5859,276,49.8
3783,3883,276,98.19
5958,6058,276,27.46
5530,5630,276,24.56
5430,5531,276,20.46
5321,5420,276,18.28
4374,4475,276,15.12
5755,5855,276,14.9
5360,5460,276,21.17
5672,5772,276,81.99
5670,5770,276,99.45
1343,1242,276,4.96
1247,1146,276,2.14
1182,1082,276,1.66
3881,3981,276,58.65
3088,3188,277,122.8
5772,5872,277,101.91
3287,3387,277,86.32
5423,5523,277,78.73
3980,4080,277,50.87
3985,4085,277,33.44
4079,4179,277,47.57
4874,4974,277,79.51
5568,5668,277,30.85
5522,5622,277,29.77
5957,6057,277,25.44
5164,5264,277,31.22
3977,4077,277,21.49
5263,5363,277,24.68
5430,5529,277,18.13
4145,4146,277,10.76
5273,5373,277,98.82
4045,4146,277,26.24
5126,5226,277,20.93
4740,4840,277,78.64
4178,4278,277,63.19
5467,5567,277,37.71
1150,1050,277,3.46
5769,5869,277,93.53
1641,1640,277,0.55
3021,3120,277,4.69
5770,5870,277,110.05
3883,3983,277,184.9
3884,3984,277,97.45
3983,4083,278,184.96
3188,3288,278,101.27
4475,4575,278,80.67
4974,5074,278,105.13
5324,5424,278,75.1
5139,5239,278,92.19
5859,5959,278,66.22
3981,4081,278,57.01
5855,5955,278,50.67
5362,5462,278,25.96
4175,4275,278,24.82
5125,5225,278,22.53
4076,4176,278,24.45
5266,5366,278,23.99
5427,5527,278,88.19
5621,5721,278,38.68
4539,4640,278,18.26
4973,5074,278,16.11
4474,4575,278,15.64
3782,3882,278,74.08
5460,5560,278,51.26
4174,4275,278,8.44
5470,5571,278,16.28
5328,5428,278,25.19
5471,5571,278,84.77
2921,3020,278,3.64
3886,3986,278,33.71
5373,5473,278,101.43
4083,4183,279,185.1
5473,5573,279,109.77
5872,5972,279,60.06
3387,3487,279,62.76
4080,4180,279,50.48
4179,4279,279,57.53
4840,4940,279,80.97
3984,4084,279,74.98
6056,6156,279,34.31
5265,5365,279,23.49
3818,3918,279,23.6
5759,5860,279,26.36
5870,5970,279,61.67
1640,1740,279,66.71
4574,4675,279,17.3
4674,4775,279,19.47
4278,4378,279,70.48
2031,1932,279,6.45
2028,1927,279,6.12
5527,5627,279,102.54
1165,1064,279,1.41
1177,1076,279,1.54
4084,4184,280,147.9
4775,4875,280,157.57
5225,5325,280,74.68
5424,5524,280,74
5074,5174,280,96.03
3288,3388,280,53.35
4081,4181,280,54.49
4077,4177,280,45.59
5361,5461,280,23.44
5219,5319,280,24.44
4183,4283,280,185.11
2589,2689,280,15.9
5571,5671,280,95.64
5420,5520,280,25.39
5421,5520,280,15.28
4045,4046,280,11.71
5073,5174,280,16.77
2588,2689,280,8.39
1588,1689,280,6.99
5567,5667,280,37.4
5869,5969,280,49.41
1839,1739,280,4.92
3882,3982,280,81.66
3487,3587,281,80.64
4180,4280,281,51.72
5972,6072,281,52.37
3986,4086,281,41.4
5366,5466,281,34.01
5955,6055,281,45.97
5529,5629,281,26.59
5523,5623,281,27.54
4085,4185,281,27.71
6057,6157,281,27.91
5226,5326,281,27.32
5363,5463,281,25.4
6058,6158,281,22.54
4279,4379,281,71.43
5970,6070,281,81.59
5320,5419,281,21.08
5659,5760,281,12.64
5227,5326,281,17.59
5721,5821,281,44.17
5668,5768,281,29.8
4378,4478,281,69.62
2034,1934,281,4.05
4940,5040,281,83.69
5367,5466,281,16.75
5573,5673,281,72.26
4875,4975,282,65.8
5524,5624,282,70.77
4177,4277,282,56.82
3982,4082,282,79.53
5671,5771,282,61.4
5325,5425,282,75.82
4184,4284,282,72.3
3388,3488,282,57.01
4283,4383,282,64.53
4176,4276,282,31.84
5959,6059,282,27.03
6156,6256,282,35.68
5622,5722,282,23.15
5264,5364,282,23.54
5855,5954,282,24
4375,4476,282,19.13
4439,4540,282,21.05
4338,4339,282,9.22
2027,2026,282,6.55
5174,5274,282,85.83
1387,1488,282,8.13
5460,5561,282,25.99
4044,3945,282,6.79
5969,6069,282,63.59
5428,5528,282,26.71
5627,5727,282,37.22
5623,5723,283,55.11
6157,6257,283,56.93
5326,5426,283,80.41
6055,6155,283,51.58
5040,5140,283,84.6
5673,5773,283,72.5
4379,4479,283,70.48
5462,5562,283,24.8
6070,6170,283,52.56
3120,3220,283,19.4
5859,5960,283,20.95
4280,4380,283,57.77
4181,4281,283,48.5
4478,4578,283,66.37
1837,1836,283,5.13
5520,5620,283,49.4
1989,2090,283,7.23
5667,5767,283,36.77
1150,1051,283,4.08
5274,5374,283,106.32
1167,1066,283,1.53
5374,5474,284,132.48
5620,5720,284,207.12
5773,5873,284,130.03
4975,5075,284,86.02
3488,3588,284,53.23
5425,5525,284,78.6
4476,4576,284,55.68
6059,6159,284,71.38
5528,5628,284,86.29
4082,4182,284,69.41
4277,4377,284,56.74
5771,5871,284,74.57
5466,5566,284,35.98
3587,3687,284,49.23
2689,2789,284,32.15
3918,4018,284,20.69
5365,5465,284,24.38
5955,6054,284,25.21
5768,5868,284,42.63
5560,5660,284,18.45
5624,5724,284,56.57
4740,4841,284,16.86
2035,1935,284,3.76
5821,5921,284,49.09
1150,1049,284,3.97
1164,1063,284,1.52
1176,1075,284,1.54
5140,5240,285,82.39
2090,2190,285,66.25
6069,6169,285,43.18
4479,4579,285,68.68
5727,5827,285,33.34
4086,4186,285,33.06
5419,5519,285,30.37
5463,5563,285,25.57
4380,4480,285,56.25
6257,6357,285,52.03
4578,4678,285,71.23
3686,3787,285,8.13
5019,5118,285,7.49
6256,6356,285,37.93
2033,1933,285,4.31
2224,2223,285,3.08
4185,4285,285,30.22
1839,1738,285,5.61
2789,2889,285,122.8
2889,2989,286,126.47
5519,5619,286,156.09
4377,4477,286,57.8
4841,4941,286,65.07
4576,4676,286,80.09
5525,5625,286,91.26
5873,5973,286,55.69
5724,5824,286,56.87
6159,6259,286,66.69
4182,4282,286,66.37
5871,5971,286,89.35
5720,5820,286,50.13
3588,3688,286,71.13
4276,4376,286,33.24
4383,4483,286,30.02
5075,5175,286,91.04
6158,6258,286,22.46
5722,5822,286,28.1
4640,4741,286,18.61
4281,4381,286,49.04
4840,4941,286,16.2
3787,3887,286,178.77
5474,5574,286,83.75
5855,5854,286,10.97
5723,5823,286,35.04
4046,4147,286,25.65
4676,4776,287,101.66
3688,3788,287,116.84
5619,5719,287,184.76
5827,5927,287,83.64
4579,4679,287,73.74
2190,2290,287,72.07
4186,4286,287,62.48
5566,5666,287,33.84
5628,5728,287,34.62
6054,6154,287,43.85
5921,6021,287,37.48
5767,5867,287,26.3
5426,5526,287,31.46
4480,4580,287,53.88
5465,5565,287,33.97
6357,6457,287,50.05
5561,5661,287,21.06
5364,5464,287,23.75
6055,6154,287,23.73
6072,6172,287,18.34
4284,4384,287,20.03
4678,4778,287,79.89
2323,2422,287,7.65
6155,6255,287,27.29
4285,4385,287,70.6
5574,5674,287,108.92
5674,5774,288,140.44
5820,5920,288,66.32
5824,5924,288,66.79
5971,6071,288,50.47
4477,4577,288,68.77
2989,3089,288,92.43
5563,5663,288,36.32
5868,5968,288,28.65
5562,5662,288,24.48
3220,3320,288,21.07
5954,6053,288,25.91
4282,4382,288,85.92
5960,6060,288,20.2
4381,4481,288,61.64
6259,6359,288,62.48
5175,5275,288,97.67
4941,5041,288,68.92
5624,5725,288,24.37
5625,5725,288,83.87
5822,5922,288,60.55
6356,6456,288,41.33
3887,3987,288,55.51
1179,1079,288,1.4
2290,2390,289,83.68
4286,4386,289,92.21
4679,4779,289,96.72
5927,6027,289,65.78
4580,4680,289,74.87
4776,4876,289,96.2
5823,5923,289,49.64
5661,5761,289,50.8
4339,4440,289,22.94
6170,6270,289,19.95
4778,4878,289,74.98
4540,4641,289,21.01
6257,6358,289,25.78
4439,4440,289,7.61
5119,5218,289,7.55
2289,2390,289,7.18
6457,6557,289,50.38
4385,4485,289,82.9
5922,6022,290,58.04
5774,5874,290,99.53
6359,6459,290,61.48
5924,6024,290,66.17
3089,3189,290,92.52
3987,4087,290,55.96
5041,5141,290,71.8
5728,5828,290,36.65
5867,5967,290,35.78
6172,6272,290,44.25
4382,4482,290,91.52
5973,6073,290,30.17
4481,4581,290,73.98
4577,4677,290,93.32
5724,5825,290,24.27
6169,6269,290,21.79
4018,4118,290,17.1
6054,6153,290,25.61
5920,6020,290,74
6059,6160,290,19.16
5275,5375,290,92.96
5954,5953,290,14.01
4384,4484,290,49.74
5526,5626,290,36.77
5719,5819,290,47.61
5725,5825,290,72.42
2589,2690,290,8.36
1889,1990,290,8.11
4045,3946,290,7.46
4046,4047,290,11.02
1163,1062,290,1.59
4876,4976,291,83.37
4386,4486,291,82.05
4779,4879,291,63.01
2390,2490,291,83.42
4680,4780,291,62.5
3788,3888,291,31.85
5666,5766,291,33.25
5565,5665,291,32.9
4483,4583,291,20.52
4841,4942,291,21.37
6159,6260,291,20.79
6456,6556,291,45.16
6357,6458,291,26.3
4878,4978,291,69.13
1789,1890,291,8.06
2489,2590,291,7.28
2389,2490,291,7.24
5968,6068,291,45.11
6021,6121,291,32.59
5375,5475,291,139.96
4485,4585,291,85.73
6027,6127,291,67.41
6255,6355,291,27.34
1156,1056,291,1.95
4976,5076,292,133.03
5819,5919,292,52.07
3189,3289,292,55.4
5828,5928,292,94.04
4482,4582,292,52.38
5141,5241,292,78.95
4677,4777,292,97.72
6270,6370,292,39.88
5663,5763,292,25.52
6071,6171,292,29.44
6269,6369,292,64.52
5464,5564,292,24.58
5662,5762,292,31.66
4484,4584,292,68.51
6459,6559,292,69.74
3588,3689,292,19.24
5140,5241,292,15.81
5825,5925,292,76.06
1640,1639,292,7
2422,2522,292,24.22
2423,2522,292,7.69
1838,1737,292,4.46
6020,6120,292,78.08
3644,3745,292,3.6
5626,5726,292,88.96
6154,6254,292,23.71
6024,6124,292,59.16
1155,1055,292,1.94
5076,5176,293,143.37
6121,6221,293,79.12
6127,6227,293,85.81
5874,5974,293,35.36
6272,6372,293,45.62
5218,5318,293,26.76
4581,4681,293,42.21
4741,4842,293,22.66
4978,5078,293,75.1
4486,4586,293,89.12
6072,6173,293,12.39
5760,5861,293,12.63
6259,6360,293,22.3
4585,4685,293,93.82
6457,6558,293,26.22
5475,5575,293,86.95
6557,6657,293,25.92
6068,6168,293,53.92
1927,1926,293,7.36
3320,3420,293,21.26
4942,5042,293,59.52
5575,5675,294,136.3
6370,6470,294,85.56
5928,6028,294,80.67
4777,4877,294,85.71
6120,6220,294,96.82
4583,4683,294,38.69
4087,4187,294,32.34
6369,6469,294,96.56
5967,6067,294,25.21
5922,6023,294,23.87
5927,6028,294,21.11
4584,4684,294,88.36
5854,5853,294,14.25
6060,6161,294,26.67
5923,6023,294,20.11
5925,6025,294,74.19
4339,4340,294,8.77
5919,6019,294,83.23
6556,6656,294,40.59
5176,5276,294,165.54
6022,6122,294,26.12
6559,6659,294,63.98
2822,2821,294,1.11
5726,5826,294,73.12
3888,3988,294,43.15
1069,969,294,1.85
4877,4977,295,133.16
5276,5376,295,110.18
5675,5775,295,103.48
6221,6321,295,88.74
6227,6327,295,86.81
3289,3389,295,43.63
5042,5142,295,64.78
2690,2790,295,24.45
6359,6460,295,22.66
5927,6026,295,18.76
6170,6271,295,12.55
4641,4742,295,24.18
6355,6455,295,29.23
4586,4686,295,51.49
1184,1185,295,2.54
1167,1067,295,1.33
6153,6253,295,23.58
4977,5077,296,102.99
5376,5476,296,104.63
5826,5926,296,77.17
4683,4783,296,81.62
4187,4287,296,80.2
3988,4088,296,56.37
6659,6759,296,56.41
6019,6119,296,95.56
6173,6273,296,36.43
6469,6569,296,75.76
3689,3789,296,29.06
4684,4784,296,72.71
5766,5866,296,23.66
4780,4880,296,20.46
5665,5765,296,23.35
4879,4979,296,24.14
5564,5664,296,25.18
5953,6052,296,25.8
4440,4541,296,22.94
5827,5926,296,13.46
4685,4785,296,44.97
5860,5961,296,8.45
4540,4541,296,7.58
4047,4148,296,24.46
2921,2920,296,1.31
6027,6128,296,20.53
6028,6128,296,73.67
6168,6268,296,46.96
6025,6125,296,66.39
5077,5177,297,131.95
5775,5875,297,60.28
5142,5242,297,75.33
3389,3489,297,84.5
6220,6320,297,41.49
6122,6222,297,49.23
6657,6757,297,28.48
6372,6472,297,29.5
6254,6354,297,23.1
5318,5418,297,32.23
5763,5863,297,24.68
2522,2622,297,24.91
6124,6224,297,21.65
4118,4218,297,15.7
5762,5862,297,20.33
5078,5178,297,26.47
6060,6061,297,12.31
6067,6167,297,37.48
6260,6361,297,27.07
6026,6126,297,70.03
6027,6126,297,18.2
2790,2890,297,68.01
6024,6123,297,21.13
2890,2990,298,125.43
3489,3589,298,101.6
4287,4387,298,87.18
6119,6219,298,92.76
6128,6228,298,81.05
6271,6371,298,44.91
6321,6421,298,43.35
6470,6570,298,28.72
6125,6225,298,56.9
5974,6074,298,22.18
4582,4682,298,19.47
6759,6859,298,55.13
5953,5952,298,13.67
3745,3845,298,18.39
6269,6368,298,19.21
4785,4885,298,53.01
5973,6074,298,12.25
6459,6560,298,19.72
2026,2125,298,9.12
3744,3845,298,3.02
5476,5576,298,81.34
6558,6658,298,22.12
6656,6756,298,32.24
4942,5043,298,23.36
6421,6521,299,120.28
2990,3090,299,125.3
6228,6328,299,104.65
6126,6226,299,67.79
5863,5963,299,64.51
6320,6420,299,99.98
6222,6322,299,91.9
4783,4883,299,49.96
6455,6555,299,31.04
6327,6427,299,32.38
4681,4781,299,18.94
4686,4786,299,31.44
6472,6572,299,68.08
4885,4985,299,126.02
6260,6261,299,13.02
5177,5277,299,89.75
6559,6660,299,21.76
1073,973,299,2.71
6322,6422,300,100.59
6219,6319,300,98.9
6368,6468,300,71.57
6371,6471,300,74.92
5418,5518,300,36.71
4786,4886,300,126.78
6123,6223,300,37.3
4088,4188,300,28.94
6273,6373,300,28.22
4880,4980,300,26.56
6253,6353,300,23.5
6224,6324,300,48.61
5765,5865,300,31.24
4340,4441,300,24.55
6659,6760,300,24.43
5043,5143,300,62.37
5042,5143,300,21.47
5862,5962,300,49.82
3789,3889,300,28.67
4387,4487,300,58.2
4985,5085,300,125.01
5576,5676,300,73.04
4641,4642,300,9.68
1243,1143,300,3.56
2323,2322,300,3.18
1153,1053,300,2.28
1689,1790,300,7.23
1157,1057,300,1.61
6569,6669,300,30
1182,1083,300,1.95
1162,1061,300,1.53
6468,6467,301,108.07
5518,5517,301,152.12
3090,3190,301,2.09
2125,2124,301,141.84
4682,4782,301,2.21
6368,6367,301,90.71
6324,6323,301,100.94
6119,6118,301,96.8
6659,6758,301,24.04
6019,6018,301,109.1
6757,6857,301,6.58
1926,1925,301,79.67
5664,5764,301,0.49
5853,5852,301,28.85
4885,4884,301,102.09
1639,1638,301,51.39
1055,1054,301,97.06
5867,5966,301,11.65
5854,5753,301,26.14
5619,5618,301,260.16
1049,1048,301,81.85
2026,2025,301,101.02
1836,1835,301,64.25
4985,4984,301,99.77
5919,5918,301,102.11
1243,1142,301,23.54
5019,5018,301,14.78
4046,3947,301,11.94
6053,6152,301,11.92
4047,4048,301,9.25
1158,1058,301,2.45
1155,1054,301,9.19
5618,5617,302,223.66
2124,2123,302,124.03
5517,5516,302,108.73
6319,6318,302,66.89
2025,2024,302,132.11
1061,1060,302,95.29
6427,6426,302,72.23
6521,6520,302,76.93
6219,6218,302,93.56
6669,6668,302,65.27
1925,1924,302,191.31
969,968,302,53.67
1737,1736,302,55.5
5819,5818,302,63.28
5719,5718,302,49.88
1932,1832,302,11.02
1640,1540,302,8.6
1640,1539,302,21.85
1837,1736,302,22.27
1160,1059,302,7.15
1927,1827,302,13.02
1927,1826,302,26.26
6572,6571,302,83.5
1069,968,302,7.83
1161,1060,302,7.1
1835,1834,303,60.79
1638,1637,303,56.46
1053,1052,303,41.72
6467,6466,303,74.91
2024,2023,303,149.03
4883,4882,303,39.43
6420,6419,303,47
6226,6326,303,11.25
6427,6527,303,2.22
6521,6621,303,5.66
5418,5417,303,35.07
1924,1923,303,199.83
1048,1047,303,69.54
4742,4843,303,9.72
6118,6117,303,64.5
5928,6029,303,4.31
6759,6858,303,23.87
2223,2222,303,23.7
4984,4983,303,98.65
5918,5917,303,51.26
1932,1831,303,24.82
1931,1831,303,9.51
1931,1830,303,23.13
1929,1828,303,21.5
1930,1830,303,8.28
1930,1829,303,21.36
1934,1833,303,24.6
1153,1052,303,10.44
4719,4718,303,31.71
4619,4618,303,30.05
6018,6017,303,67.45
4319,4318,303,28.14
1441,1440,303,17.91
3620,3619,303,19.8
6569,6568,303,33.55
4419,4418,303,29.02
6153,6252,303,11.94
4942,4943,303,7.98
968,967,304,56.49
6520,6519,304,88.41
6668,6667,304,72.89
5617,5616,304,55.36
6426,6425,304,95.86
1736,1735,304,61.22
4979,5079,304,2.98
5318,5317,304,29.19
5853,5752,304,24.75
6218,6217,304,57.82
5828,5929,304,3.09
4018,4017,304,20.36
1488,1589,304,1.4
6067,6066,304,25.1
3918,3917,304,23.12
1146,1145,304,23.53
3818,3817,304,26.81
5718,5717,304,64.14
1243,1144,304,6.22
3520,3519,304,21.08
3718,3717,304,27.63
6355,6454,304,11.63
4919,4918,304,24.6
4819,4818,304,25.93
1142,1141,304,48.04
4519,4518,304,23.46
1073,972,304,8.02
6167,6166,304,26.37
1826,1825,304,50.78
6656,6655,304,20.24
6425,6424,305,103.59
3817,3816,305,109.02
4882,4881,305,71.56
6621,6620,305,98.34
6527,6526,305,74.55
1539,1538,305,48.78
5966,5965,305,25.96
1637,1636,305,50.9
6226,6325,305,25.03
5818,5817,305,35.49
2622,2621,305,24.08
4218,4217,305,21.66
5865,5864,305,22.53
2123,2122,305,47.29
3420,3419,305,21.42
4983,4982,305,51.24
1737,1636,305,23.6
1440,1439,305,57.47
2522,2521,305,23.76
6318,6317,305,45.87
4118,4117,305,19.97
1639,1538,305,24.87
5218,5217,305,22.9
5118,5117,305,19.26
3220,3219,305,21.67
2322,2321,305,24.42
3020,3019,305,16.5
3120,3119,305,19.97
2722,2721,305,18.42
2422,2421,305,22
1387,1388,305,1.54
1342,1341,305,17.47
1242,1241,305,17.99
5085,5084,305,24.39
6572,6672,305,4.9
3320,3319,305,21.61
5717,5716,306,50.65
6519,6518,306,71.13
6568,6567,306,42.21
1923,1922,306,34.72
6419,6418,306,42.2
5417,5416,306,36.46
5516,5515,306,27.77
5018,5017,306,20.63
3717,3716,306,95.4
6756,6856,306,7.04
6756,6755,306,16.31
5875,5975,306,6.21
6268,6267,306,14.53
5917,5916,306,33.43
2023,2022,306,43.61
967,966,306,92.16
1735,1734,306,59.04
6117,6116,306,34.7
1147,1046,306,11.83
6424,6423,306,154.48
6028,6129,306,5.99
6672,6671,307,86.14
6526,6525,307,74.55
3917,3916,307,34.84
6667,6666,307,35.84
1825,1824,307,37.16
4017,4016,307,33.5
4718,4717,307,30.88
1636,1635,307,54
4418,4417,307,29.73
5616,5615,307,37.42
4441,4341,307,15.01
5277,5377,307,2.91
3816,3815,307,83.52
5084,5083,307,97.58
2920,2919,307,13.85
1538,1537,307,58.54
6253,6352,307,12.01
4742,4743,307,8.59
4340,4341,307,6.48
6152,6151,307,17.91
5817,5816,307,60.71
6759,6860,307,6.42
6073,6174,307,2.62
2222,2221,307,31.27
5952,5951,307,14.96
1141,1140,307,42.27
4541,4542,307,9.14
1050,949,307,15.25
6217,6216,307,36.86
1142,1041,307,25.74
4318,4317,307,26.83
6017,6016,307,29.89
1143,1042,307,23.14
3947,3846,307,26.71
6052,6051,307,14.93
1069,970,307,1.67
4016,4015,308,104.95
966,965,308,53.49
4117,4116,308,36.39
6620,6619,308,36.09
4217,4216,308,36.31
5716,5715,308,58.37
1439,1438,308,49.38
4818,4817,308,27.44
5752,5751,308,29.08
4918,4917,308,25.12
4618,4617,308,24.37
6317,6316,308,33.35
1539,1438,308,25.56
5852,5851,308,14.5
6367,6366,308,14.4
4982,4981,308,40.63
6555,6554,308,12.97
6669,6768,308,20.18
6455,6554,308,11.82
1824,1823,308,244.46
2122,2121,308,36.08
1832,1731,308,24.31
2090,2191,308,1.36
5816,5815,308,108.23
2821,2820,308,11.97
1827,1726,308,24.47
1081,980,308,7.79
4047,3948,308,10.42
3947,3847,308,15.7
1386,1287,308,1.51
1826,1725,308,25.05
4116,4115,309,104.95
1731,1730,309,120.87
6671,6670,309,80.62
6525,6524,309,56.69
5083,5082,309,94.23
6567,6566,309,41.96
2421,2420,309,25.23
5317,5316,309,23.71
1834,1733,309,24.43
5615,5614,309,51.94
1734,1733,309,45.21
5965,5964,309,26.27
1637,1536,309,25.01
949,948,309,93.66
3619,3618,309,19.83
972,971,309,20.99
1537,1536,309,52.13
6166,6165,309,21.24
3519,3518,309,22.84
1635,1634,309,60.76
1833,1732,309,25.56
6666,6665,309,75.54
3219,3218,309,25.16
6066,6065,309,23.17
6418,6417,309,33.79
6354,6453,309,12.03
5143,5243,309,11.74
5916,5915,309,49.94
6570,6670,309,4.58
1730,1729,310,146.57
6524,6523,310,187.84
5815,5814,310,75.89
1438,1437,310,55.24
6768,6767,310,64.94
6619,6618,310,58.55
4417,4416,310,47.57
4717,4716,310,34.25
6116,6115,310,27.29
1046,1045,310,25.68
5515,5514,310,32.02
3419,3418,310,23.62
3319,3318,310,21.43
2321,2320,310,23.54
5117,5116,310,20.38
2521,2520,310,22.82
5752,5652,310,18.37
5752,5651,310,24.84
3019,3018,310,21.58
3119,3118,310,24.34
1440,1339,310,22.93
1140,1139,310,43.45
1141,1040,310,26.66
1141,1240,310,26.66
6518,6517,310,27.15
6466,6465,310,16.39
5715,5714,310,76.21
1081,981,310,2.7
4317,4316,310,40.73
6655,6654,310,18.8
948,947,311,73.18
965,964,311,39.33
980,979,311,35.98
6016,6015,311,27.66
5915,5914,311,53.17
6856,6855,311,21.15
5416,5415,311,22.97
6755,6754,311,23.3
6267,6266,311,23.97
5017,5016,311,20.47
5217,5216,311,18.73
1439,1338,311,25.42
4518,4517,311,15.97
1636,1535,311,24.08
3916,3915,311,30.56
2621,2620,311,18.75
1729,1728,311,149.29
4441,4442,311,9.26
6756,6855,311,11.77
3716,3715,311,24.02
6252,6251,311,12.65
6216,6215,311,30.37
5043,5144,311,8.96
5043,5044,311,7.88
5178,5278,311,3.66
5951,5950,311,31
5614,5613,311,84.04
1143,1043,311,9.52
6566,6565,311,51.5
5514,5513,312,95.78
5714,5713,312,66.64
6767,6766,312,63.44
1437,1436,312,52.71
3318,3317,312,68.16
5814,5813,312,54.69
6523,6522,312,97.14
5851,5850,312,29.68
4817,4816,312,30.75
4617,4616,312,28.71
4216,4215,312,33.24
1823,1822,312,25.49
2221,2220,312,23.53
1728,1727,312,105.7
2022,2021,312,17.93
1341,1340,312,15.54
1828,1727,312,16.87
3815,3814,312,22.91
1734,1633,312,26.29
4642,4643,312,8.59
6361,6461,312,3.84
1634,1633,312,42.8
6316,6315,312,28.21
4742,4643,312,9.72
2721,2720,312,14.75
6618,6617,312,50.56
5082,5081,312,42.36
1050,950,312,5.16
1827,1727,312,10.67
1535,1534,313,55.82
3715,3714,313,60.89
964,963,313,70.06
4416,4415,313,49.43
4316,4315,313,42.15
3518,3517,313,25.07
1338,1337,313,50.23
3618,3617,313,25.98
6417,6416,313,27.15
4115,4114,313,25.55
4015,4014,313,24.16
4917,4916,313,24.62
1042,941,313,25.65
6860,6959,313,24.89
6366,6365,313,22.31
2919,2918,313,18.62
6554,6553,313,23.18
6857,6956,313,11.87
1140,1039,313,26.54
1140,1239,313,26.54
1040,1039,313,44.72
1240,1239,313,44.21
5951,6050,313,25.49
1078,977,313,7.66
1077,976,313,7.47
2121,2120,313,24.35
1073,974,313,1.94
1436,1435,314,52.88
3317,3316,314,63.67
6015,6014,314,38.34
979,978,314,39.84
4517,4516,314,33.93
5914,5913,314,44.49
1045,1044,314,25.96
4716,4715,314,29.65
6115,6114,314,30.51
5316,5315,314,22.36
6453,6452,314,20.76
5851,5750,314,25.06
6151,6150,314,16.67
6165,6164,314,23.5
1052,951,314,13.57
3218,3217,314,22.79
1053,952,314,10.49
4441,4342,314,10.43
6669,6769,314,7.57
5513,5512,314,62.21
1726,1626,314,17.07
1726,1625,314,26.14
6065,6064,314,20.56
947,946,314,40.82
1725,1724,314,18.39
3847,3746,314,26.7
3947,3848,314,11.12
5613,5612,314,43.18
976,975,315,74.34
3714,3713,315,58.98
5813,5812,315,47.3
5081,5080,315,48.07
5713,5712,315,41.04
4616,4615,315,36.45
5415,5414,315,32.11
6517,6516,315,24
5116,5115,315,21.29
3118,3117,315,22.53
3418,3417,315,22.06
2320,2319,315,20.63
3018,3017,315,22.33
6654,6653,315,24.54
2420,2419,315,18.54
1732,1631,315,24.17
6768,6867,315,20.29
6619,6718,315,22.55
1922,1921,315,11.89
6665,6664,315,17.06
3915,3914,315,25.25
963,962,315,93.99
4642,4543,315,9.73
6352,6351,315,12.94
6215,6214,315,27
6760,6761,315,6.81
1733,1632,315,26.16
6128,6229,315,5.36
1634,1533,315,26.61
5043,4944,315,8.96
1633,1632,315,41.95
6465,6464,315,21.41
1076,975,315,7.39
6766,6765,315,35.86
3847,3747,315,15.73
4943,4944,315,8.58
1435,1434,316,50.86
3316,3315,316,59.43
6754,6753,316,23
6266,6265,316,23.81
6855,6854,316,21.92
6565,6564,316,21.56
5016,5015,316,20.69
1437,1336,316,24.49
5652,5551,316,25.12
1042,942,316,12.02
1139,1138,316,19.03
6315,6314,316,25.01
6672,6771,316,14.02
1339,1238,316,25.42
3814,3813,316,27.71
6858,6957,316,11.52
6621,6720,316,11.63
3717,3616,316,12.14
3217,3216,316,65.58
6166,6265,316,12.17
6857,6957,316,6.89
4215,4214,316,26.03
962,961,316,113.42
6618,6717,316,25.1
1040,939,316,26.37
2021,2020,316,25.32
961,960,317,113.97
5414,5413,317,61.89
6765,6764,317,68.28
6114,6113,317,33.44
5913,5912,317,42.34
4516,4515,317,43.89
4415,4414,317,32.79
4114,4113,317,31.01
4014,4013,317,30.99
4315,4314,317,28.87
4816,4815,317,23.08
1822,1821,317,24.87
6617,6616,317,22.95
5216,5215,317,19.43
6767,6866,317,20.82
1338,1237,317,25.2
2520,2519,317,15.84
6671,6770,317,15.39
6860,6960,317,11.1
6858,6958,317,7.32
1054,953,317,8.98
6014,6013,317,38.45
1625,1624,317,46.38
5512,5511,317,34.92
1184,1084,317,2.64
1724,1723,317,42.34
1723,1722,318,186.82
960,959,318,113.69
6717,6716,318,50.24
3315,3314,318,61.5
5812,5811,318,46.7
1533,1532,318,36.1
5712,5711,318,37.17
1631,1630,318,36.19
5315,5314,318,29.84
4715,4714,318,25.54
946,945,318,31.92
3517,3516,318,24.96
4916,4915,318,22.74
2220,2219,318,19.88
1436,1335,318,24.43
3715,3614,318,21.73
5144,5244,318,15.33
6856,6955,318,12.17
6620,6719,318,11.04
5612,5611,318,30.85
3216,3215,318,63.36
6251,6250,318,16.27
6064,6063,318,28.01
6416,6415,318,24.46
969,868,318,7.43
1633,1532,318,26.68
1055,954,318,7.52
1040,940,318,13.25
3813,3812,318,63.41
6164,6163,318,25.35
2918,2917,318,24.15
5950,5949,318,15.18
6553,6552,318,22.3
5085,5184,318,8
973,872,318,8.05
4943,4844,318,9.71
1434,1433,319,39.62
4615,4614,319,28.49
5413,5412,319,94.36
2120,2119,319,19.23
6365,6364,319,18.53
1534,1433,319,26.73
3317,3416,319,20.74
2620,2619,319,13.3
5850,5849,319,16.12
6214,6213,319,28.45
6760,6661,319,7.79
6760,6861,319,7.79
5974,6075,319,2.9
5728,5829,319,1.84
3713,3712,319,26.46
1039,1038,319,18.85
939,938,319,44.56
3516,3515,320,64.11
6063,6062,320,51.18
3812,3811,320,73.81
6764,6763,320,37.62
6653,6652,320,21.6
1921,1920,320,23.66
3017,3016,320,23.08
3117,3116,320,22.45
1237,1236,320,40.37
1435,1334,320,25.02
1626,1525,320,26.26
868,867,320,59
6050,6049,320,15.07
3714,3613,320,22.4
6664,6663,320,23.48
5912,5911,320,41.97
3914,3913,320,22.45
6452,6451,320,18.47
3614,3613,320,56.65
6516,6515,320,21.82
6464,6463,320,24.15
5811,5810,320,50.31
6328,6428,320,3.32
951,850,320,26.45
2920,2819,320,7.17
1726,1627,320,12.68
3314,3313,320,69.82
959,958,320,87.75
1625,1524,320,26.09
2820,2819,320,8.94
1056,955,320,6.74
3215,3214,320,70.49
5314,5313,321,48.8
872,871,321,49.83
1630,1629,321,38.98
4515,4514,321,30.7
6013,6012,321,33.08
4414,4413,321,26.16
3712,3711,321,57
6113,6112,321,32.82
5215,5214,321,25.48
938,937,321,50.23
2020,2019,321,20.12
6564,6563,321,23.95
3616,3615,321,22.53
5015,5014,321,20.28
6265,6264,321,20.48
5115,5114,321,17.22
1632,1531,321,25.1
1533,1432,321,26.57
952,851,321,21.24
3316,3415,321,22.24
1722,1721,321,41.29
6314,6313,321,24.84
5651,5650,321,9.16
6165,6264,321,12.13
4214,4213,321,20.27
951,851,321,16.52
5711,5710,321,34.87
5611,5610,321,33.9
4113,4112,321,31.46
4013,4012,321,31.74
6718,6817,321,24.12
5511,5510,321,31.77
1629,1628,322,155.55
958,957,322,64.76
3313,3312,322,75.22
1524,1523,322,73.7
945,944,322,31.63
4815,4814,322,23.45
1821,1820,322,24.61
6616,6615,322,20.7
4314,4313,322,20.89
6717,6816,322,25.19
1336,1235,322,26.38
1434,1333,322,26.77
1626,1526,322,13.02
1038,1037,322,46.45
1138,1137,322,18.7
6150,6149,322,13.08
5144,5145,322,9.56
6523,6622,322,11.83
1238,1137,322,26.32
6866,6865,322,23.04
1043,943,322,9.31
6768,6868,322,7.63
4542,4443,322,9.7
6373,6473,322,4.66
942,841,322,23.87
867,866,322,72.22
3613,3612,322,54.11
5412,5411,322,48.01
1083,982,322,6.47
2190,2291,322,1.27
850,849,322,78.26
3214,3213,322,80.83
939,838,322,26.39
1523,1522,323,161.66
5313,5312,323,74.55
4112,4111,323,82.93
6716,6715,323,21.97
4915,4914,323,21.67
6364,6363,323,25.16
6764,6863,323,26.71
6958,7058,323,18.02
6958,7057,323,25.28
5551,5550,323,14.8
3315,3414,323,21.51
6765,6864,323,19.14
1237,1136,323,26.76
2319,2318,323,13.85
6415,6414,323,23.4
6960,7059,323,24.91
2720,2719,323,9.41
6163,6162,323,23.15
2917,2916,323,22.95
6213,6212,323,32.03
6754,6853,323,12.14
6855,6954,323,12.16
5911,5910,323,42.09
3811,3810,323,38.29
5044,5045,323,8.48
3216,3115,323,20.85
1057,956,323,6.41
5875,5876,323,3.68
5810,5809,323,45.29
2690,2791,323,2.52
1624,1623,323,19.3
3813,3912,323,20.83
5082,5181,323,10.43
849,848,324,83.2
866,865,324,71.85
5214,5213,324,34.76
1531,1530,324,47.88
6012,6011,324,34.98
838,837,324,50.9
4714,4713,324,18.51
872,771,324,25.3
940,839,324,26.62
1335,1234,324,25.72
2219,2218,324,16.7
5949,5948,324,17.78
5510,5509,324,35.76
6753,6752,324,13.6
6112,6111,324,34.34
5184,5183,324,16.79
5710,5709,324,49.23
6251,6350,324,11.76
6351,6350,324,12.16
3213,3212,324,86.06
6460,6561,324,3.39
939,839,324,13.3
1136,1135,325,50.44
1333,1332,325,46.69
4111,4110,325,93.66
5610,5609,325,33.09
1920,1919,325,20.72
6515,6514,325,21.53
1721,1720,325,29.35
3016,3015,325,21.65
4614,4613,325,19.87
2119,2118,325,18.09
5709,5708,325,101.05
6313,6312,325,27.43
953,852,325,19.77
5750,5749,325,9.19
6719,6818,325,22.66
5144,5245,325,10.74
1522,1521,325,74.54
5849,5848,325,17.23
3614,3513,325,23.21
6615,6614,325,42.77
3115,3114,325,74.72
3711,3710,325,25.94
5875,5976,325,4.18
5910,5909,325,73.43
941,840,325,12.06
5312,5311,325,78.52
6472,6573,325,3.32
6718,6818,325,10.34
5411,5410,325,34.71
3745,3645,325,3.87
947,846,325,10.57
3312,3311,325,33.46
848,847,326,79.65
5183,5182,326,86.99
837,836,326,50.23
1530,1529,326,63.62
5213,5212,326,65.96
6863,6862,326,36.19
865,864,326,52.16
5014,5013,326,20.94
6264,6263,326,24.57
6563,6562,326,22.03
5114,5113,326,24.41
4514,4513,326,24.3
3810,3809,326,49.04
6663,6662,326,19.88
6763,6762,326,18.28
6111,6110,326,74.97
1334,1233,326,26.07
6250,6249,326,13.87
6552,6551,326,13.11
3712,3611,326,23.09
4012,4011,326,21.9
6771,6870,326,14.8
3515,3514,326,18.32
5181,5180,326,39.61
2419,2418,326,9.36
948,847,326,8.4
6452,6551,326,12.05
5044,4945,326,9.6
6463,6462,326,16.96
942,842,326,10.11
3314,3413,326,18.62
1525,1425,326,17.56
1525,1424,326,25.76
3613,3512,326,24.05
6164,6263,326,12.03
4413,4412,326,22.74
3311,3310,327,68.7
771,770,327,49.72
6816,6815,327,22.45
1820,1819,327,23.64
871,870,327,18.62
6817,6916,327,25.05
2019,2018,327,18.24
937,936,327,19.86
6049,6048,327,14.81
1037,1036,327,20.83
872,772,327,11.56
5809,5808,327,29.84
3812,3911,327,17.34
6011,6010,327,35.56
6212,6211,327,32.81
6960,7060,327,11.11
980,879,327,7.79
6860,6961,327,7.14
6672,6772,327,4.64
4342,4343,327,7.95
5212,5211,327,107.75
3212,3211,327,34.98
2819,2818,327,15.65
4442,4343,327,9.37
4213,4212,327,19.06
3114,3113,327,88.49
5909,5908,327,54.94
1623,1622,327,31.62
770,769,328,104.73
1424,1423,328,60.49
1135,1134,328,48.07
3809,3808,328,65.92
6614,6613,328,49.55
5708,5707,328,35.25
4914,4913,328,20.36
1333,1232,328,26.02
4814,4813,328,19.91
1235,1134,328,26.43
838,737,328,25.01
5311,5310,328,48.66
5180,5179,328,72.4
6414,6413,328,22.55
2519,2518,328,9.74
6263,6262,328,50.03
6363,6362,328,24.99
2916,2915,328,22.15
5509,5508,328,33
5609,5608,328,48.28
4643,4644,328,6.36
6314,6413,328,12.06
981,880,328,8.01
6715,6714,328,21.24
3113,3112,328,104.44
6615,6714,328,26.61
3413,3412,328,54
4313,4312,328,17.8
6110,6109,328,59.39
846,845,328,41.32
5808,5807,329,61.92
3310,3309,329,69.91
936,935,329,50.26
5211,5210,329,80.52
5113,5112,329,41.27
1529,1528,329,36.53
864,863,329,41.07
4110,4109,329,31.98
1720,1719,329,25.39
6211,6210,329,73.27
1136,1035,329,25.14
6863,6962,329,26.58
6312,6311,329,28.89
6864,6963,329,25.86
6652,6651,329,12.45
7058,7158,329,18
7058,7157,329,25.31
6720,6819,329,11.57
3710,3709,329,27.91
6719,6819,329,9.16
970,869,329,6.61
6174,6274,329,4.66
6957,7056,329,11.34
6451,6450,329,12.27
3746,3646,329,6.77
3611,3610,329,48.3
7059,7158,329,24.38
5410,5409,329,31.13
3512,3511,329,49.06
3211,3210,329,80.32
3210,3209,330,102.92
1528,1527,330,260.17
3309,3308,330,106.84
6613,6612,330,54.78
3808,3807,330,84.95
3112,3111,330,88.56
6916,6915,330,44.15
879,878,330,42.57
5013,5012,330,25.79
6870,6869,330,28.92
6815,6814,330,45.79
6514,6513,330,23.21
6752,6751,330,16.74
5948,5947,330,17.14
839,738,330,26.29
837,736,330,25.2
1234,1133,330,26.54
771,670,330,25.33
1432,1431,330,11.13
6817,6917,330,11.28
2619,2618,330,9.74
4011,4010,330,32.34
6149,6148,330,13.02
979,878,330,7.71
6621,6721,330,3.72
1287,1186,330,6.46
3015,3014,330,23.12
3412,3411,330,57.64
973,873,330,3.31
3308,3307,331,197.17
1035,1034,331,51.19
6311,6310,331,67.96
3610,3609,331,50.03
935,934,331,51.38
845,844,331,45.77
1423,1422,331,38.44
1622,1621,331,29.88
4212,4211,331,27.85
4412,4411,331,23.01
2118,2117,331,16.68
1135,1034,331,25.73
6614,6713,331,25.37
1919,1918,331,18.01
6853,6852,331,12.61
5550,5549,331,13.17
4112,4211,331,14.79
5508,5507,331,47.59
3709,3708,331,87.31
6350,6349,331,15.1
840,739,331,26.74
6250,6349,331,11.18
5608,5607,331,43.27
769,768,331,43.15
953,853,331,7.33
5848,5847,331,17.83
1521,1520,331,16.68
2719,2718,331,13.69
4713,4712,331,15.65
4513,4512,331,20.58
5112,5111,331,74.15
863,862,331,56.42
4109,4108,331,50.52
3511,3510,331,51.46
6714,6713,331,45.08
1525,1426,331,13.32
5278,5378,331,5.03
5909,6008,331,23.78
6010,6009,331,27.26
3307,3306,332,191.09
3807,3806,332,72.85
3411,3410,332,62.19
5210,5209,332,49.23
5908,5907,332,23.33
5409,5408,332,34.34
2818,2817,332,21.42
836,835,332,18.99
1233,1132,332,26.75
5749,5748,332,16.55
6864,6964,332,12.32
6954,6953,332,11.37
5310,5309,332,31.77
5650,5649,332,9.5
5707,5706,332,26.69
840,740,332,14.51
3911,3910,332,22.04
977,876,332,7.55
4643,4544,332,7.29
4643,4744,332,7.29
670,669,332,68.95
4613,4612,332,15.81
5875,5776,332,4.18
2690,2691,332,2.21
3111,3110,332,75.54
3306,3305,333,108.37
934,933,333,52.14
1034,1033,333,54.45
6713,6712,333,51.28
5111,5110,333,74.55
3510,3509,333,52.67
4108,4107,333,74.78
862,861,333,51.35
1431,1430,333,49.88
6915,6914,333,41.75
3209,3208,333,45.4
6210,6209,333,28.38
1819,1818,333,19.15
4211,4210,333,83.72
6916,7015,333,26.45
2018,2017,333,18.75
1424,1323,333,21.87
6815,6914,333,26.19
771,671,333,11.6
3708,3707,333,74.2
6413,6412,333,24.24
6313,6412,333,11.88
1422,1421,333,74.54
978,877,333,7.81
768,767,333,72.27
7060,7159,333,25.85
1425,1324,333,21.62
6814,6813,333,41.16
5012,5011,333,45.1
2915,2914,333,22.95
7059,7159,333,10.58
6109,6108,333,22.86
6110,6209,333,22.26
5085,5185,333,3.05
3208,3207,334,183.58
1323,1322,334,113.05
4107,4106,334,242.26
3410,3409,334,59.71
876,875,334,60.78
3707,3706,334,179.28
3806,3805,334,50.84
3609,3608,334,36.91
844,843,334,42.4
5607,5606,334,35.25
1719,1718,334,22.82
5807,5806,334,21.97
6613,6512,334,23.83
4312,4311,334,18.73
4913,4912,334,19.68
737,636,334,25.96
2418,2417,334,13.64
1332,1331,334,11.71
5507,5506,334,45.87
6249,6248,334,13.82
5045,5046,334,9.16
2318,2317,334,9.82
976,875,334,7
4813,4812,334,18.45
1185,1085,334,2.79
767,766,334,104.9
3014,3013,334,30.87
3608,3607,335,157.25
4106,4105,335,165.01
3207,3206,335,127.88
3706,3705,335,124.37
875,874,335,258.66
7015,7014,335,51.39
6712,6711,335,72.54
5011,5010,335,74.55
1033,1032,335,57.2
5110,5109,335,89.49
1430,1429,335,90.06
2914,2913,335,79.68
1132,1131,335,48.44
835,834,335,43.04
669,668,335,33.74
5408,5407,335,45
6310,6309,335,29.18
6612,6611,335,20.74
6962,7061,335,26.76
7158,7258,335,17.49
7158,7257,335,25.82
935,834,335,24.88
6963,7062,335,26.23
2518,2517,335,14.39
6916,7016,335,13.44
6048,6047,335,12.64
975,874,335,7.28
6229,6329,335,5.08
4010,4009,335,24.96
842,741,335,16.31
6818,6918,335,10.29
6551,6550,335,12.11
851,750,335,10.23
6209,6208,335,60.17
6711,6710,336,101.02
4105,4104,336,104.26
6611,6610,336,109.09
766,765,336,96.04
1322,1321,336,74.54
3409,3408,336,85.37
3805,3804,336,75.32
3509,3508,336,38.09
3110,3109,336,31.37
2817,2816,336,26.27
6008,6007,336,23.14
4411,4410,336,24.41
4512,4511,336,21.36
736,735,336,17.53
738,637,336,26.69
6752,6851,336,11.84
2218,2217,336,8.99
3607,3606,336,191.9
7056,7055,336,15.39
6955,7054,336,7.87
5209,5208,336,29.97
2917,2816,336,8.02
5184,5283,336,8.04
5309,5308,336,27.71
6524,6623,336,5.28
5145,5246,336,10.18
7060,7160,336,12.3
6914,6913,336,45.62
3910,3909,336,27.36
4543,4444,336,6.75
6814,6913,336,26.73
3109,3108,337,121.64
3508,3507,337,168.02
3408,3407,337,179.16
1032,1031,337,59.64
2913,2912,337,74.08
5109,5108,337,53.15
1331,1330,337,35.28
861,860,337,32.91
750,749,337,57.87
6412,6411,337,26.29
5907,5906,337,23.1
934,833,337,24.65
6713,6812,337,24.91
2718,2717,337,17.98
2618,2617,337,15.48
6148,6147,337,14.53
5947,5946,337,15.39
6751,6750,337,15.09
5506,5505,337,38.92
3606,3605,337,128.74
6311,6410,337,19.25
6963,7063,337,12.95
1232,1231,337,11.24
6772,6871,337,14.15
1918,1917,337,18.67
1421,1420,337,26.02
5706,5705,337,24.07
5045,4946,337,10.33
7014,7013,337,51.93
872,773,337,7.49
6350,6449,337,11.52
739,638,337,26.49
7157,7156,337,13.82
5010,5009,337,74.55
6771,6871,337,4.96
5181,5280,337,10.69
5847,5846,337,17.33
3206,3205,337,80.78
7057,7156,337,10.7
6309,6308,337,76.4
3305,3304,337,25.96
3507,3506,338,204.83
3407,3406,338,204.57
6007,6006,338,67.43
6610,6609,338,94.3
6913,6912,338,53.51
6710,6709,338,59.89
765,764,338,56.05
7257,7256,338,40.03
933,932,338,21.41
835,734,338,26.59
740,639,338,25.73
5549,5548,338,16.47
4712,4711,338,15.76
1621,1620,338,15.69
6512,6511,338,25.77
4210,4209,338,22.83
5606,5605,338,28.29
6349,6348,338,14.81
5748,5747,338,18.46
5407,5406,338,42.55
5009,5008,338,109.45
3013,3012,338,29.26
668,667,338,49.97
739,639,338,16.42
6720,6820,338,4.61
955,854,338,7.98
1520,1519,338,16.15
670,569,338,18.91
1425,1325,338,8.44
5377,5477,338,3.26
3804,3803,338,57.25
6651,6650,338,11.45
4487,4587,338,2.67
6006,6005,339,104.01
3406,3405,339,124.09
3506,3505,339,128.65
7013,7012,339,65.04
1031,1030,339,81.25
1330,1329,339,74.54
3108,3107,339,97.71
3909,3908,339,34.16
4104,4103,339,35.89
4009,4008,339,32.82
6410,6409,339,83.28
3705,3704,339,26.86
6208,6207,339,26.08
749,748,339,59.68
5806,5805,339,23.88
4311,4310,339,21.15
7015,7114,339,24.87
6108,6107,339,18.98
6812,6811,339,80.83
4612,4611,339,15.4
1321,1320,339,41.44
5649,5648,339,16.47
6953,6952,339,15.4
1324,1223,339,25.51
3605,3604,339,86.37
3112,3011,339,13.48
6917,7017,339,11.25
5208,5207,339,38.89
853,752,339,18.42
5308,5307,339,41.86
4912,4911,339,24.67
3111,3010,339,16.82
846,745,339,10.53
6207,6206,340,123.83
7012,7011,340,113.14
1030,1029,340,229.7
932,931,340,54.27
6912,6911,340,90.5
6308,6307,340,35.87
5280,5279,340,49.33
569,568,340,61.57
1131,1130,340,21.11
1429,1428,340,21.04
6811,6810,340,105.43
1718,1717,340,17.21
5108,5107,340,48.26
5008,5007,340,93.35
1818,1817,340,16.54
7158,7259,340,13.23
2017,2016,340,15.35
958,857,340,7.2
5551,5450,340,6.14
6373,6374,340,2.53
6409,6408,340,101.96
3746,3647,340,5.53
4812,4811,340,18.73
959,858,340,6.71
1084,983,340,6.4
3803,3802,340,57.46
667,666,340,52.4
2290,2391,340,1.17
3010,3009,340,176.96
6408,6407,341,123.27
1428,1427,341,260.17
4008,4007,341,57.38
3107,3106,341,75.42
6609,6608,341,46.9
6709,6708,341,35.4
748,747,341,66.5
2912,2911,341,25.79
4511,4510,341,22.92
2816,2815,341,23.3
4410,4409,341,24.96
7257,7356,341,26.77
7258,7357,341,26.47
7016,7115,341,24.69
2317,2316,341,14.54
2417,2416,341,15.28
5505,5504,341,31.96
636,635,341,16.31
740,640,341,12.13
5406,5405,341,39.7
3505,3504,341,92.18
3009,3008,341,110.1
772,672,341,7.42
5705,5704,341,25.53
7114,7113,341,51.84
6864,6965,341,8.09
957,856,341,7.47
7014,7113,341,24.72
6248,6247,341,14.96
6911,6910,341,123.41
960,859,341,6.11
2916,2815,341,8.03
6819,6919,341,8.9
5283,5282,341,21.35
847,746,341,9.96
1790,1690,341,2.46
3189,3290,341,1.54
3405,3404,341,91.98
3889,3989,341,2.49
1029,1028,342,74.54
1130,1129,342,89.94
931,930,342,52.69
6005,6004,342,44.56
3908,3907,342,36.61
4911,4910,342,45.22
5107,5106,342,54.52
5007,5006,342,82.56
5906,5905,342,20.67
1231,1230,342,24.12
2717,2716,342,22.59
735,634,342,26.77
7061,7161,342,14.83
6810,6809,342,56.19
6550,6549,342,15.34
2517,2516,342,16.65
7258,7358,342,16.47
6511,6510,342,26.14
6964,7064,342,11.05
1324,1224,342,11.83
5605,5604,342,26.09
637,536,342,26.31
6047,6046,342,14.88
845,744,342,10.13
4103,4102,342,34.21
3802,3801,342,62.81
5207,5206,342,49.57
5550,5449,342,7.82
6954,7053,342,7.69
6622,6722,342,5.16
1223,1222,342,44
752,751,342,47.28
5307,5306,342,44.2
956,855,342,7.74
568,567,342,61.19
4209,4208,342,25.71
3205,3204,342,22.92
7011,7010,342,93.23
3604,3603,342,35.76
745,744,342,39.77
6407,6406,343,79.07
4007,4006,343,51.38
6307,6306,343,39.83
6206,6205,343,40.02
1320,1319,343,28.15
6107,6106,343,29.65
7063,7162,343,24.88
833,832,343,18.46
2617,2616,343,19.59
3304,3303,343,16.86
6510,6509,343,110.56
3805,3904,343,16.88
2914,2813,343,15.64
1917,1916,343,18.7
6751,6850,343,11.52
2117,2116,343,8.5
638,537,343,26.76
1620,1619,343,21.96
5282,5281,343,87.54
1519,1518,343,20.52
981,881,343,3.1
764,763,343,23.65
3106,3105,343,76.63
3804,3703,343,23
3804,3903,343,23
6708,6707,343,64.25
6572,6673,343,2.95
4910,4909,344,74.55
3603,3602,344,63.65
1129,1128,344,74.54
5006,5005,344,52.58
1230,1229,344,89.94
2911,2910,344,38.96
5805,5804,344,21.49
1329,1328,344,20.74
932,831,344,24
4711,4710,344,17.94
6609,6508,344,25.98
6709,6808,344,26.47
5548,5547,344,17.77
6449,6448,344,14.96
5846,5845,344,15.46
7013,7112,344,20.26
5405,5404,344,35.56
5946,5945,344,15.83
2217,2216,344,13.64
6809,6808,344,56.1
2913,2812,344,17.26
4310,4309,344,20.22
5747,5746,344,18.51
6852,6951,344,11.61
666,665,344,27.71
5185,5284,344,13.3
6147,6146,344,15.98
6349,6448,344,11.45
4343,4344,344,6.16
7356,7355,344,39.8
638,538,344,14.72
7160,7260,344,13.34
639,538,344,26.77
7156,7155,344,15.4
842,742,344,5.62
6910,6909,344,46.24
4443,4344,344,6.68
6608,6607,344,36.91
6509,6508,344,101.76
6750,6749,344,15.43
7112,7111,345,100.47
1328,1327,345,188.86
6707,6706,345,63.85
3907,3906,345,44.34
4208,4207,345,39.1
744,743,345,44.05
5106,5105,345,35.18
7010,7009,345,34.13
4510,4509,345,26.35
5504,5503,345,31.56
3703,3702,345,63.67
4811,4810,345,23.65
5648,5647,345,18.41
4611,4610,345,19.59
6348,6347,345,16.31
734,733,345,16.53
536,535,345,34.61
6004,6003,345,44.7
569,468,345,21.49
7016,7116,345,10.88
6953,7052,345,11.59
3008,3007,345,33.1
844,743,345,10.43
7114,7213,345,24.74
639,539,345,14.88
2791,2891,345,4.56
1223,1122,345,26.47
5306,5305,345,33.65
4102,4101,345,34.02
7256,7255,345,15.71
670,570,345,6.88
2910,2909,345,215.95
3105,3104,345,76.89
3803,3702,345,22.93
3803,3902,345,22.93
6650,6649,345,15.21
3903,3902,345,71.48
6029,6030,345,2.39
1327,1326,346,260.17
6909,6908,346,71.16
2812,2811,346,58.29
4909,4908,346,74.55
6406,6405,346,39.05
6106,6105,346,40.02
4006,4005,346,43.05
930,929,346,29.75
5905,5904,346,32.19
2815,2814,346,24.27
931,830,346,24.49
5604,5603,346,30.41
1817,1816,346,17.31
3007,3006,346,124.38
5704,5703,346,22.85
5206,5205,346,30.99
6808,6807,346,76.67
879,778,346,7.66
880,779,346,8.01
4409,4408,346,20.87
1222,1221,346,30.45
1388,1288,346,2.47
2915,2814,346,8.02
6918,7018,346,9.98
6508,6507,346,71.25
6607,6606,346,70.85
3404,3403,346,21.52
3504,3503,346,24.34
2909,2908,346,171.62
6706,6705,347,50.39
4207,4206,347,51.11
7009,7008,347,94.38
1229,1228,347,45.66
5404,5403,347,34.8
6205,6204,347,27.95
6306,6305,347,29.74
1319,1318,347,30.56
2716,2715,347,22.53
2516,2515,347,20.84
7357,7456,347,26.48
2416,2415,347,18.62
2316,2315,347,17.3
1717,1716,347,15.18
7063,7163,347,11.08
6871,6970,347,14.26
7258,7359,347,11.95
5046,5047,347,7.92
3806,3905,347,9.72
3802,3701,347,21.05
3802,3901,347,21.05
7356,7455,347,26.77
854,753,347,17.44
1223,1123,347,13.5
853,753,347,6.62
6174,6175,347,2.53
568,467,347,21.62
3204,3203,347,20.41
567,566,347,20.96
3902,3901,347,75.34
929,928,348,74.66
6606,6605,348,76.15
733,732,348,41.24
4810,4809,348,40.2
4710,4709,348,25.2
5005,5004,348,30.79
5804,5803,348,29.73
1122,1121,348,39.79
2616,2615,348,24
2908,2907,348,71.34
4908,4907,348,90.32
7010,7110,348,16.87
7010,7109,348,26.26
7358,7457,348,26.62
5503,5502,348,36.42
634,633,348,17.94
1028,1027,348,17.95
7357,7457,348,16.44
6247,6246,348,16.2
2016,2015,348,12.7
1518,1517,348,22.15
536,436,348,16.72
536,435,348,26.35
7115,7214,348,22.19
878,777,348,7.92
1619,1618,348,24.53
1420,1419,348,9.14
7055,7154,348,11.95
6908,6907,348,77.01
4206,4205,348,147.64
7355,7354,348,31.51
5929,5930,348,2.28
4544,4545,348,6.34
7111,7110,348,40.53
6105,6104,349,39.55
4005,4004,349,39.6
5904,5903,349,42.04
6405,6404,349,46.45
4610,4609,349,25.81
6406,6505,349,26.77
4509,4508,349,25.65
832,731,349,26.5
5449,5448,349,16.47
3603,3502,349,20.75
3303,3302,349,17.11
6549,6548,349,14.96
5603,5602,349,39.66
5305,5304,349,31.56
4104,4003,349,11.06
4104,4203,349,11.06
4105,4004,349,10.73
4105,4204,349,10.73
6046,6045,349,15.28
1221,1220,349,36.39
6851,6950,349,11.2
7054,7153,349,10.97
6772,6872,349,4.7
6807,6806,349,46.18
7008,7007,349,56.85
6373,6474,349,2.92
5246,5247,349,7.71
3006,3005,349,37.62
863,762,349,7.37
2690,2591,349,2.52
928,927,350,55.49
6605,6604,350,65
4809,4808,350,63.93
4907,4906,350,82.06
5502,5501,350,79.94
5403,5402,350,34.11
6305,6304,350,45.7
2811,2810,350,25.18
5105,5104,350,23.35
3104,3103,350,20.61
3602,3601,350,18.27
6003,6002,350,23.78
6448,6447,350,17.27
538,437,350,26.69
6146,6145,350,16.87
5845,5844,350,17.48
5945,5944,350,18.16
6749,6748,350,18.1
6406,6506,350,15.21
2116,2115,350,15.04
1121,1120,350,70.23
7358,7458,350,13.95
5547,5546,350,17.18
6407,6506,350,15.81
2907,2906,350,74.55
7017,7117,350,9.31
5846,5745,350,11.6
569,469,350,8.36
5703,5702,350,31.65
5046,4947,350,9
5205,5204,350,25.42
740,641,350,7.94
7161,7261,350,13.95
862,761,350,7.48
6507,6506,350,32.03
7109,7108,350,71.48
4309,4308,350,17.71
665,664,350,17.37
7064,7164,350,13.47
7213,7212,350,21.24
7455,7454,350,36.26
7355,7254,350,25.64
7355,7454,350,25.64
3289,3390,350,1.53
6850,6849,350,15.42
467,466,350,39.49
1488,1489,350,1.2
6750,6849,350,11.59
4808,4807,351,120.94
6404,6403,351,89.02
6505,6504,351,78.67
633,632,351,42.8
6204,6203,351,32.27
6705,6704,351,33.31
2515,2514,351,26.4
2715,2714,351,25.05
1228,1227,351,28.48
6970,6969,351,29.74
830,829,351,20.43
733,632,351,26.73
1318,1317,351,31.54
6347,6346,351,17.48
6706,6805,351,25.15
2216,2215,351,16.18
6907,6906,351,41.84
2812,2711,351,22.65
538,438,351,15.8
1122,1021,351,26.77
5647,5646,351,17.77
5803,5802,351,40.35
6820,6920,351,8.26
877,776,351,7.87
750,649,351,9.22
4203,4202,351,67.48
566,565,351,31.53
3689,3790,351,1.49
3903,4002,351,18.08
4003,4002,351,79.44
7111,7210,351,26.76
4408,4407,351,20.67
1227,1226,352,260.17
4807,4806,352,135.27
4906,4905,352,81.86
6304,6303,352,56.85
7212,7211,352,70.12
3005,3004,352,33.41
1027,1026,352,26.59
4709,4708,352,33.02
2615,2614,352,28.86
2415,2414,352,23.43
2315,2314,352,20.66
6649,6648,352,16.67
7116,7215,352,21.82
1128,1127,352,12.74
5304,5303,352,35.96
1122,1022,352,14.96
535,534,352,16.01
5903,5902,352,43.89
2813,2712,352,17.18
6919,7019,352,9.61
5280,5379,352,9.83
6952,7051,352,11.44
861,760,352,7.85
876,775,352,7.28
6964,7065,352,7.1
1324,1225,352,7.7
639,540,352,10.31
466,465,352,69.46
3105,3004,352,16.42
2906,2905,352,64.51
2090,2091,352,1.17
4886,4986,352,1.95
4544,4645,352,7.28
7111,7211,352,14.7
2711,2710,353,69.47
829,828,353,78.14
2714,2713,353,85.03
4002,4001,353,78.76
6504,6503,353,73.98
6203,6202,353,75.25
6403,6402,353,72.75
7210,7209,353,63.94
2514,2513,353,87.82
5702,5701,353,41.04
2810,2809,353,37.37
6604,6603,353,45.44
4609,4608,353,25.88
5004,5003,353,23.47
6204,6103,353,25.85
6705,6804,353,26.09
4806,4805,353,209.16
5602,5601,353,32.6
4202,4201,353,67.72
4407,4406,353,89.13
1220,1219,353,32.06
1816,1815,353,15.71
3203,3202,353,19.38
1618,1617,353,20.72
749,648,353,9.11
1085,984,353,7.53
7456,7556,353,16.81
7456,7555,353,26.3
565,564,353,81.41
4508,4507,353,25.69
7455,7554,353,26.58
1890,1991,353,1.39
2390,2491,353,1.17
745,644,353,10.68
564,563,354,104.8
760,759,354,71.34
465,464,354,78.54
1127,1126,354,70.12
775,774,354,76.82
4905,4904,354,50.84
6303,6302,354,94.49
2614,2613,354,88.01
6002,6001,354,29.92
664,663,354,29.83
5402,5401,354,31.73
632,631,354,47.67
3302,3301,354,22.41
4708,4707,354,51.35
5802,5801,354,40.85
6246,6245,354,17.34
633,532,354,26.61
3403,3402,354,13.67
6907,7006,354,26.69
1517,1516,354,18.87
7454,7453,354,25.84
1716,1715,354,15.46
634,533,354,11.99
747,646,354,10.92
436,335,354,26.77
1916,1915,354,9.98
5204,5203,354,31.48
7108,7107,354,31.26
752,651,354,10
6229,6230,354,2.62
5283,5382,354,8.03
746,645,354,11.74
1026,1025,354,74.55
7008,7107,354,23.14
4188,4288,354,1.86
4406,4405,354,128.7
6029,6130,354,2.78
563,562,355,104.49
828,827,355,74.54
5003,5002,355,54.08
2513,2512,355,87.42
6202,6201,355,79.35
2710,2709,355,72.59
4308,4307,355,21.65
5303,5302,355,37.06
3103,3102,355,21.29
1317,1316,355,25.03
5104,5103,355,24.75
6748,6747,355,20.22
3502,3501,355,17.28
6548,6547,355,17.93
731,730,355,17.19
2015,2014,355,15.14
7457,7557,355,15.28
6704,6703,355,28.33
1126,1125,355,260.17
436,336,355,14.99
4707,4706,355,118.62
2905,2904,355,46.93
7354,7353,355,16.06
1419,1418,355,16.52
2809,2808,355,96.09
6721,6821,355,4.02
854,754,355,6.14
4805,4804,355,67.36
6969,6968,355,27.64
1223,1124,355,9.06
6906,6905,355,25.57
4686,4787,355,1.82
4686,4687,355,1.57
464,463,356,84.17
759,758,356,74.55
1025,1024,356,74.55
2613,2612,356,82.4
663,662,356,56.82
6302,6301,356,57.08
6402,6401,356,41.24
6503,6502,356,48.42
6603,6602,356,37.83
7209,7208,356,37.53
2314,2313,356,25.28
2414,2413,356,28.83
6002,5901,356,25.14
6002,6102,356,18.14
6002,6101,356,25.14
5844,5843,356,17.62
6145,6144,356,16.96
6849,6848,356,17.76
6447,6446,356,18.6
4507,4506,356,36.5
5448,5447,356,16.48
5944,5943,356,19.59
648,647,356,45.39
435,434,356,13.54
5845,5744,356,11.94
5945,6044,356,12.02
6749,6848,356,12.01
744,643,356,10.28
1121,1020,356,18.49
6045,6044,356,16.67
4405,4404,356,57.16
748,647,356,8.72
6623,6723,356,5.03
5203,5202,356,77.55
7053,7152,356,10.64
5185,5285,356,4.36
4706,4705,356,114.71
7109,7208,356,18.08
7108,7208,356,17.76
7108,7207,356,25.57
6174,6275,356,2.92
6672,6773,356,2.78
6950,6949,356,15.48
6850,6949,356,11.59
4444,4345,356,7.21
1024,1023,357,260.17
562,561,357,76.3
5002,5001,357,66.63
2512,2511,357,75.34
2709,2708,357,62.94
5302,5301,357,77.14
5382,5381,357,40.44
631,630,357,39.49
5103,5102,357,64.01
3004,3003,357,24.38
438,337,357,25.53
6346,6345,357,18.82
2215,2214,357,18.96
7117,7216,357,22.99
2115,2114,357,16.55
632,531,357,25.82
4204,4303,357,18.94
6704,6803,357,24.54
7116,7216,357,8.57
3104,3003,357,12.16
5546,5545,357,16.57
3202,3201,357,27.34
6951,7050,357,11.2
538,439,357,11.22
7454,7553,357,23.43
7358,7459,357,9.45
1219,1218,357,26.54
5746,5645,357,10.95
335,334,357,35.44
7161,7262,357,9.45
4608,4607,357,29.37
4203,4302,357,19.41
6805,6904,357,24.7
6804,6803,357,25.57
437,337,357,15.73
7359,7459,357,10.63
5202,5201,358,75.09
463,462,358,83.19
3102,3101,358,34.14
7006,7005,358,26.9
7215,7314,358,25.82
6648,6647,358,19.76
7210,7309,358,20.65
927,926,358,13.77
7212,7311,358,18.52
662,661,358,74.54
758,757,358,78.92
534,433,358,26.61
7453,7452,358,30.18
858,757,358,8.05
857,756,358,8.04
4404,4403,358,88.97
2791,2792,358,2.94
6703,6702,358,33.73
6906,7005,358,23.3
7064,7165,358,9.04
4506,4505,358,77.51
4705,4704,358,56.54
4804,4803,358,34.55
5929,5830,358,2.64
2511,2510,359,66.38
561,560,359,70.53
1020,1019,359,38.33
6502,6501,359,39.35
2904,2903,359,31.8
7353,7352,359,28.41
5102,5101,359,71.05
6602,6601,359,37.38
651,650,359,23.66
4607,4606,359,74.43
6402,6501,359,26.73
5003,4902,359,24.06
7209,7308,359,26.7
2712,2611,359,20.35
2711,2610,359,18.74
7254,7253,359,11.27
7556,7656,359,18.43
7556,7655,359,24.75
6872,6971,359,14.28
4307,4306,359,31.14
753,652,359,12.12
4202,4301,359,19.33
6871,6971,359,4.74
672,571,359,8.29
2708,2707,359,55.54
7019,7118,359,22.3
772,673,359,4.56
7555,7654,359,26.42
4704,4703,359,113.86
856,755,359,7.99
4904,4903,359,24.63
1287,1187,359,1.99
6968,6967,359,25.75
2808,2807,359,31.47
7018,7118,359,8.32
643,642,359,39.52
4306,4305,360,123.83
462,461,360,71.66
6803,6802,360,33.45
5381,5380,360,43.81
2413,2412,360,27.15
2313,2312,360,25.11
6747,6746,360,20.66
6245,6244,360,18.1
7006,7106,360,18.9
7006,7105,360,23.93
5382,5481,360,26.76
631,530,360,26.77
3402,3401,360,19.95
438,338,360,11.85
4505,4504,360,71.99
533,432,360,26.54
661,660,360,74.54
4205,4304,360,12.12
1120,1119,360,10.49
4545,4546,360,8.58
7453,7552,360,25.23
1617,1616,360,16.06
7214,7313,360,12.08
334,333,360,37.1
1418,1417,360,20.01
5776,5777,360,3.65
335,234,360,26.48
6473,6574,360,3.81
6428,6528,360,2.53
6804,6903,360,23.3
4403,4402,360,77.41
4606,4605,360,104.5
2610,2609,361,37.48
2510,2509,361,37.6
5002,4901,361,46.2
7353,7252,361,33.27
2709,2608,361,44.86
5382,5482,361,11.9
6547,6546,361,16.22
2710,2609,361,46.11
1316,1315,361,5.99
7215,7315,361,11.02
1516,1515,361,7.8
7117,7217,361,8.52
1815,1814,361,8.51
881,780,361,24.8
983,882,361,26.86
336,235,361,36.57
335,235,361,21.42
880,780,361,4.79
3689,3690,361,1.27
337,236,362,34.76
2511,2410,362,46.05
6446,6445,362,15.9
6848,6847,362,16.91
2512,2411,362,45.88
730,729,362,10.73
7005,7004,362,29.92
6602,6701,362,18.11
5943,5942,362,13.09
5844,5743,362,12.62
1915,1914,362,8.44
3103,3002,362,15.32
7457,7558,362,8.46
830,729,362,14.56
1218,1217,362,15
649,548,362,23.87
778,677,362,20.88
779,678,362,23.52
2708,2607,362,42.32
336,236,362,20.56
560,559,362,17.14
5378,5478,362,2.34
7452,7451,362,33.38
6229,6330,362,3.32
926,925,362,15.79
6950,7049,362,8.29
6702,6701,362,31.86
5085,5086,362,1.94
2510,2409,363,45.48
4803,4802,363,19.31
337,237,363,21.15
6345,6344,363,15.95
7207,7206,363,15.17
6144,6143,363,13.33
433,332,363,35.72
5843,5842,363,11.5
2014,2013,363,7.8
234,233,363,34.94
829,728,363,26.57
6920,7020,363,8.03
6849,6948,363,7.96
1715,1714,363,8.94
4545,4646,363,8.97
5944,6043,363,8.87
777,676,363,19.47
5284,5383,363,3.42
648,547,363,27.41
6044,6043,363,12.25
334,233,363,28.71
7313,7312,363,36
466,365,363,25.44
7452,7351,363,35.53
4902,4801,363,45.1
4903,4802,363,42.66
644,543,363,22.22
2906,2805,363,25.92
467,366,363,20.38
6802,6801,364,27.4
5481,5480,364,32.63
755,654,364,36.88
642,541,364,40.08
6647,6646,364,16.78
6803,6902,364,20.66
647,546,364,25.3
2904,2803,364,24.23
3102,3001,364,22.37
464,363,364,26.55
651,550,364,17.65
465,364,364,26.19
234,133,364,37.78
775,674,364,26.82
469,368,364,19.85
776,675,364,22.67
7556,7657,364,12.04
753,653,364,8.09
5477,5577,364,3.27
6903,6902,364,25.6
2905,2804,364,24
7019,7119,364,8.06
645,544,364,17.96
4704,4603,364,37.62
4703,4702,364,20.28
7311,7310,364,16.93
6328,6429,364,2.03
984,883,364,26.62
2807,2806,364,16.79
643,542,364,25.63
6847,6846,365,33.63
7451,7450,365,34.1
2609,2508,365,42.93
2608,2507,365,39.77
462,361,365,25.78
1023,922,365,24.65
561,460,365,25.64
7152,7151,365,10.8
5447,5446,365,8.15
463,362,365,26.54
4402,4401,365,20.44
7005,7104,365,20.48
4504,4503,365,20.65
234,134,365,20.06
646,545,365,16.93
235,134,365,37.23
5545,5544,365,15.29
758,657,365,26.35
1219,1118,365,20.71
569,470,365,5.77
570,470,365,7.41
2791,2692,365,4.29
7452,7551,365,19.17
7065,7066,365,7.79
7359,7360,365,5.15
2707,2706,365,15.62
757,656,365,26.27
6948,6947,366,33.85
7451,7350,366,36.54
5842,5841,366,37.68
461,360,366,24.86
652,551,366,23.62
7308,7307,366,14.95
756,655,366,24.11
7004,7003,366,28.61
630,629,366,5.05
827,826,366,7.99
7051,7150,366,7.93
927,826,366,11.59
1187,1086,366,23.38
235,135,366,20.3
5645,5644,366,9.73
1021,920,366,12.91
6820,6921,366,5.48
6903,7003,366,16.83
4946,4845,366,10.58
5776,5677,366,4.97
560,459,366,25.46
7655,7754,366,19.43
2791,2892,366,3.47
4703,4602,366,25.55
926,825,366,21.02
3988,4089,366,1.28
133,132,367,37.61
4802,4701,367,43.28
548,447,367,30.23
882,781,367,27.01
4605,4604,367,16.21
2312,2311,367,14.51
5842,5741,367,43.34
6802,6901,367,20.88
6244,6243,367,14.62
7656,7756,367,12.02
7656,7755,367,19
7216,7316,367,10.06
2114,2113,367,6.54
673,572,367,20.35
3003,2902,367,15.29
2214,2213,367,4.98
2313,2212,367,18.18
5545,5444,367,16.39
236,136,367,21.92
1218,1117,367,19.17
237,136,367,45.62
1716,1615,367,10.93
6903,7002,367,20.92
5744,5643,367,15.22
5776,5877,367,3.67
7655,7755,367,12.58
4702,4701,367,37.8
7065,6966,367,10.4
1890,1891,367,1.26
543,442,367,41.72
2707,2606,367,20.6
550,449,368,39.84
550,549,368,26.06
542,441,368,45.87
133,32,368,45.45
541,440,368,43.47
7351,7251,368,21
7351,7250,368,35.27
3002,2901,368,24.87
729,628,368,26.56
925,824,368,25.94
925,924,368,17.2
6546,6545,368,16.17
7315,7415,368,15.89
7315,7414,368,20.88
2312,2211,368,18.13
5446,5445,368,34.86
7352,7251,368,18.33
4603,4502,368,43.33
650,549,368,17.71
5843,5742,368,11.76
7252,7251,368,15.65
540,440,368,8.12
559,458,368,24.89
559,558,368,17.04
438,339,368,10.18
4702,4601,368,44.01
6947,6946,369,34.02
134,33,369,41.75
546,445,369,29.4
547,446,369,25.58
6445,6444,369,16.23
7654,7653,369,10.16
337,238,369,13.3
7004,7103,369,20.73
5382,5483,369,9.55
5942,5941,369,14.94
2805,2704,369,25.86
1715,1614,369,11.23
678,577,369,21.95
7350,7349,369,33.68
1085,985,369,4.08
3589,3590,369,1.41
543,443,369,17.8
470,369,370,34.55
656,555,370,28.92
363,262,370,24.86
675,574,370,24.32
883,782,370,26.92
364,263,370,24.07
365,264,370,21.97
7206,7205,370,14.76
6344,6343,370,15.67
7451,7550,370,18.75
7217,7317,370,11.79
7118,7218,370,9.21
2806,2705,370,26.96
7459,7559,370,7.09
677,576,370,19.74
7350,7249,370,35.94
366,265,370,22.23
5976,6076,370,1.59
7065,7166,370,7.64
449,448,371,35.74
362,261,371,24.61
657,556,371,24.27
7414,7413,371,37.37
460,359,371,23.77
6902,7001,371,20.88
134,34,371,17.78
2706,2605,371,26.75
654,553,371,23.57
2409,2408,371,12.94
6948,7047,371,18.9
2411,2310,371,16.35
2509,2408,371,15.13
780,679,371,15.13
531,430,371,11.76
368,267,371,21.35
368,367,371,15.92
7002,7001,371,25.92
5943,6042,371,8.89
1516,1415,371,10.45
135,35,371,21.75
676,575,371,19.94
236,137,371,16.06
136,35,371,41.87
237,137,371,13.64
442,341,371,41.34
5444,5443,371,30.79
7359,7460,371,5.03
6946,6945,372,33.77
449,348,372,46.19
441,340,372,45.68
551,450,372,25.66
655,554,372,26.72
5841,5840,372,17.35
4602,4501,372,24.5
629,528,372,26.36
361,260,372,22.2
545,444,372,23.5
5544,5543,372,14.88
2803,2802,372,14.02
6948,7048,372,11.9
2410,2309,372,15.59
7315,7416,372,13.72
530,529,372,8.62
2903,2802,372,11.53
5941,5940,372,34.61
4502,4501,372,31.4
7207,7306,372,8.42
7312,7411,372,16.97
2014,1913,372,10.46
1517,1416,372,9.05
6623,6624,372,3.25
4947,4846,372,9.9
6946,6845,373,36.08
5741,5740,373,16.94
2902,2801,373,25.59
447,346,373,25.84
781,680,373,27.04
7103,7102,373,25.4
5480,5479,373,11.41
674,573,373,15.87
6646,6645,373,11.53
2409,2308,373,15.19
7003,7102,373,20.75
6746,6745,373,7.98
5743,5642,373,13.78
827,727,373,6.05
827,726,373,8.25
1515,1514,373,8.87
532,431,373,10.24
1021,921,373,5.59
136,36,373,17.69
459,358,373,21.7
442,342,373,18.07
2606,2505,373,24.91
7349,7348,373,33.17
4088,4189,373,1.3
443,342,373,41.97
3789,3890,373,1.28
4487,4488,373,1.41
369,268,374,41.97
924,823,374,27.02
924,923,374,16.72
825,724,374,18.04
360,259,374,19.34
6947,7046,374,18.8
7450,7449,374,12.04
653,552,374,14.4
2803,2702,374,14.75
1814,1813,374,8.19
652,552,374,7.33
7656,7757,374,9.66
7309,7408,374,8.44
1515,1414,374,11.19
7312,7412,374,9.93
7002,7101,374,20.93
7413,7412,374,37.74
7350,7449,374,19
7349,7248,374,35.24
7119,7219,374,10.51
5443,5442,374,33.93
7050,7149,374,8.11
348,347,375,37.35
2704,2603,375,23.59
2704,2703,375,16.7
445,344,375,26.26
446,345,375,26.39
2211,2210,375,14.32
6545,6544,375,16.59
339,239,375,14.35
5741,5640,375,18.74
2212,2111,375,18.24
7103,7203,375,16.93
2803,2703,375,9.42
1714,1713,375,8.67
341,240,375,44.95
985,884,375,26.3
1814,1713,375,10.74
233,232,375,8.34
1316,1215,375,8.85
6920,7021,375,6.19
1489,1389,375,4.84
6872,6972,375,3.29
7755,7855,375,13.61
7755,7854,375,20.09
238,138,375,17.41
458,357,375,22.7
458,457,375,16.42
443,343,375,17.61
558,457,375,22.71
558,557,375,16.42
5642,5641,376,37.81
6745,6744,376,34.69
6945,6944,376,33.2
348,247,376,42.29
5840,5739,376,44.52
5840,5839,376,31.77
264,163,376,24.16
782,681,376,27.04
2705,2604,376,26.84
2211,2110,376,17.75
7103,7202,376,20.92
1714,1613,376,11.07
7217,7318,376,9.45
432,331,376,9.34
5940,5839,376,41.28
5940,5939,376,27.58
530,429,376,9.01
577,476,376,20.33
7308,7407,376,8.49
1119,1018,376,8.96
1315,1214,376,9.86
1315,1314,376,7.07
7019,7120,376,6.21
7119,7120,376,8.45
7311,7410,376,7.8
574,473,376,23.96
826,725,376,15.26
5085,5186,376,1.89
5642,5541,377,44.09
6845,6844,377,33.26
6745,6644,377,37.41
554,453,377,29.26
450,350,377,21.77
450,349,377,31.67
6945,6844,377,35.28
7205,7204,377,14.82
263,162,377,22.73
265,164,377,23.14
262,161,377,22.42
6946,7045,377,18.95
2605,2504,377,26.95
7754,7753,377,9.91
342,241,377,44.81
7105,7204,377,8.34
7309,7409,377,5.31
5643,5542,377,15.36
137,37,377,17.49
7349,7448,377,19.28
6573,6674,377,2.36
7449,7448,377,34.15
5442,5441,377,37.18
267,166,377,23.9
267,266,377,16.79
367,266,377,23.77
7248,7247,378,33.02
346,245,378,31.86
529,428,378,26.81
2802,2701,378,25.04
348,248,378,17.37
679,578,378,21.26
7317,7417,378,13.43
7414,7513,378,15.32
132,131,378,9.43
7653,7652,378,11.49
5640,5639,378,36.61
6722,6822,378,2.44
32,31,378,10.41
576,475,378,19.23
6944,6943,379,33.85
6744,6743,379,34.25
347,246,379,43.22
7248,7148,379,21.07
7248,7147,379,35.04
358,257,379,24.41
2408,2407,379,13.47
261,160,379,20.18
7559,7658,379,15.8
7416,7516,379,14.41
7416,7515,379,20.47
7306,7305,379,14.88
240,139,379,45.43
7550,7549,379,11.91
6042,6041,379,13.15
2505,2404,379,26.72
5481,5580,379,7.46
359,258,379,19.57
5942,6041,379,8.49
6043,6142,379,8.97
5640,5539,379,46.16
1690,1590,379,3.32
573,472,379,26.86
575,474,379,20.1
343,242,379,36.16
6844,6843,380,33.51
6944,6843,380,36.19
6744,6643,380,36.76
823,722,380,25.07
823,822,380,17.07
2702,2601,380,24.24
552,451,380,24.37
7102,7201,380,20.58
260,159,380,18.92
453,452,380,37.41
6945,7044,380,19.26
553,452,380,16.76
2408,2307,380,16.12
2310,2209,380,15.95
138,38,380,21.82
268,167,380,24.66
5839,5738,380,45.11
5839,5838,380,32.77
7414,7514,380,8.58
2013,1912,380,8.49
1317,1216,380,6.61
7448,7447,380,33.74
7755,7856,380,11.21
7066,7067,380,7.02
3190,3191,380,1.32
1790,1791,380,1.29
247,146,381,30.81
357,256,381,27.02
357,356,381,16.69
6544,6543,381,16.87
2603,2602,381,19.39
453,352,381,42.44
556,455,381,15.46
241,140,381,44.51
344,243,381,26.26
2013,2012,381,5.64
332,231,381,8.23
6344,6443,381,8.26
557,456,381,28.28
7448,7347,381,36.02
1288,1188,381,3.52
259,158,381,22.35
6772,6873,381,2.39
884,783,381,26.94
3589,3490,381,1.99
6943,6942,382,34.66
6743,6742,382,33.78
350,249,382,29.46
681,580,382,27.03
2604,2503,382,25.61
7513,7512,382,30.81
2603,2502,382,23.12
345,244,382,22.87
724,723,382,12.83
5939,5938,382,19.78
450,351,382,14.8
2309,2208,382,15.07
430,329,382,13.6
7559,7659,382,8.95
429,328,382,26.91
7855,7955,382,16.62
7855,7954,382,20.93
1614,1513,382,11.65
2308,2207,382,16.18
6474,6475,382,2.88
5830,5831,382,4.26
7219,7319,382,12.61
6623,6724,382,3.18
7449,7548,382,18.72
7119,7220,382,8.29
5539,5538,382,37.45
7549,7548,382,33.44
5738,5737,383,37.64
6843,6842,383,33.41
6643,6642,383,35.97
6943,6842,383,37.36
242,141,383,36.43
6743,6642,383,36.08
246,145,383,39.55
248,147,383,30.19
166,65,383,25.47
166,165,383,17.14
7407,7406,383,14.9
2110,2109,383,14.5
473,372,383,21.22
2111,2010,383,18.24
680,579,383,14.38
453,353,383,17.25
2504,2403,383,26.58
7317,7418,383,11.02
7307,7406,383,8.53
7459,7560,383,5.42
5739,5638,383,20.81
1187,1087,383,4.33
5541,5540,383,17.13
4587,4588,383,2.37
5539,5438,383,45.7
4487,4388,383,1.99
5738,5637,384,43.18
6643,6542,384,39.45
164,63,384,23.14
163,62,384,18.65
2110,2009,384,18.11
6944,7043,384,18.9
724,623,384,15.01
139,39,384,21.93
7416,7517,384,12.04
6243,6242,384,6.1
571,471,384,4.1
758,658,384,3.9
6374,6375,384,2.2
5441,5440,384,15.92
476,375,384,19.84
2507,2406,384,7.59
726,625,384,13.82
2607,2506,384,6.7
5538,5537,385,37.52
472,371,385,25.7
258,157,385,26.76
257,156,385,26.59
162,61,385,19.45
161,60,385,19.27
578,477,385,22.91
7513,7612,385,20.23
369,269,385,6.77
2404,2303,385,26.7
5938,5937,385,33.65
1414,1413,385,9.14
1514,1413,385,11.79
7855,7956,385,14.62
7448,7547,385,18.97
5438,5437,386,34.59
145,144,386,34.97
5538,5437,386,45.6
352,251,386,29.22
7305,7304,386,14.88
140,40,386,21.93
7513,7613,386,13.88
5580,5579,386,16.28
160,59,386,20.75
6921,6922,386,5.26
4846,4745,386,10.62
5938,5837,386,45.55
725,624,386,14.73
475,374,386,19.1
5941,6040,386,8.61
822,721,386,26.52
822,821,386,17.2
5737,5736,386,37.57
7753,7752,386,11.57
7854,7853,386,9.64
7066,7167,386,6.88
243,142,386,30.73
167,66,386,25.85
159,58,386,26.01
145,44,387,46.04
249,148,387,30.23
158,57,387,26.28
351,250,387,29.65
6943,7042,387,18.37
6142,6141,387,14.19
783,682,387,26.61
7247,7246,387,11.76
6842,6841,387,33.04
1713,1712,387,8.8
1813,1812,387,7.77
1913,1812,387,9.56
6343,6342,387,6.23
1414,1313,387,11.35
474,373,387,18.65
6042,6141,387,8.88
5440,5439,387,36.72
1613,1612,387,9.21
1020,919,387,5.23
5737,5636,387,42.92
5540,5439,387,45.55
5539,5439,387,13.48
7549,7648,387,19.13
2307,2306,387,14.43
7652,7651,387,11.49
147,46,388,30.15
146,45,388,23.26
7201,7301,388,12.59
6842,6741,388,35.06
2212,2112,388,4.88
431,330,388,9.97
470,370,388,4.45
1086,986,388,4.75
5481,5581,388,3.68
7120,7121,388,8.67
329,228,388,26.91
7219,7320,388,10.23
5537,5536,388,37.79
31,30,388,10.04
7549,7649,388,12.19
2307,2206,388,17.97
5736,5735,389,37.58
141,41,389,19.63
372,271,389,25.29
165,64,389,25.38
353,252,389,25.02
244,143,389,22.39
2602,2501,389,19.99
2209,2108,389,15.88
7247,7146,389,13.27
7306,7405,389,8.51
7955,8055,389,16.02
7955,8054,389,20.9
1215,1114,389,10.66
1613,1512,389,11.39
7512,7511,389,14.69
1217,1116,389,5.4
5837,5836,389,35.62
7411,7510,389,8.67
5537,5436,389,44.93
7447,7446,389,11.9
5437,5436,389,37.82
5736,5635,390,45.51
2403,2302,390,23.01
2403,2402,390,16.52
7319,7419,390,12.64
2207,2106,390,17.73
7659,7758,390,17.84
7347,7346,390,11.84
6841,6840,390,33.54
1314,1213,390,10.53
5478,5578,390,3.64
1214,1213,390,7.25
5930,5931,390,2.47
1019,918,390,4.75
727,626,390,8.62
44,43,390,36.32
131,130,390,9.09
3190,3091,390,1.87
1790,1691,390,1.83
5536,5535,391,37.83
157,56,391,25.79
269,168,391,24.2
371,270,391,25.45
2009,2008,391,14.3
2010,1909,391,18.35
580,479,391,15.92
579,478,391,19.06
2406,2405,391,15.01
6841,6740,391,35.75
6842,6941,391,19.35
7513,7614,391,11.49
375,274,391,20.32
7408,7507,391,8.4
2303,2202,391,25.47
7559,7660,391,6.95
555,454,391,6.95
2506,2405,391,22.09
1214,1113,391,10.01
2208,2107,391,15.79
5937,5936,391,17.13
1388,1289,391,2
7418,7518,391,12.99
5735,5734,392,37.82
7146,7145,392,34.22
5436,5435,392,36.21
5836,5835,392,34.89
5536,5435,392,44.56
148,47,392,34.26
251,150,392,25.98
2009,1908,392,17.71
250,149,392,29.4
7659,7759,392,10.75
7612,7611,392,15.53
2406,2305,392,19.18
7203,7302,392,8.63
331,230,392,9
821,720,392,26.16
821,820,392,17.21
477,376,392,20.38
2302,2301,393,37.59
6840,6839,393,34.23
5735,5634,393,44.62
143,42,393,46.07
142,42,393,14.68
7517,7616,393,16.84
682,581,393,27.03
2502,2401,393,13.16
43,42,393,36.71
6543,6442,393,12.84
7410,7509,393,8.51
374,273,393,20.24
7407,7506,393,8.5
7203,7303,393,5.63
453,354,393,9.11
7955,8056,393,13.87
623,622,393,12.44
7120,7221,393,8.5
7954,7953,393,9.63
2302,2201,394,45.49
6840,6739,394,36.73
252,151,394,29.45
986,885,394,26.36
373,272,394,21.39
625,524,394,14.49
6740,6739,394,34.33
7409,7508,394,8.35
7408,7508,394,5.26
5936,5935,394,37.72
5535,5534,394,37.74
6921,7022,394,5.15
7551,7650,394,4.9
2692,2592,394,3.47
2892,2991,394,5.17
1118,1017,394,5.04
623,522,394,14.36
7547,7546,394,11.86
760,659,394,4.03
5086,4987,394,4.43
5086,5087,394,3.15
7549,7650,394,9.82
7145,7144,395,34.43
2306,2205,395,18.01
7517,7617,395,9.81
6742,6641,395,10.89
2202,2101,395,43.44
6740,6639,395,36.87
6841,6940,395,19.08
5535,5434,395,43.61
1413,1412,395,10.58
1513,1412,395,11.77
5734,5733,395,34.69
6275,6276,395,2.53
7853,7852,395,11.34
5435,5434,395,35.47
7752,7751,395,11.74
6839,6838,396,34.72
149,48,396,46.09
2112,2011,396,18.13
30,29,396,14.12
7648,7647,396,11.56
7246,7245,396,11.74
7405,7404,396,15.72
7319,7420,396,10.25
6142,6241,396,8.68
7305,7404,396,8.51
6740,6640,396,20.44
6972,7071,396,6.76
2111,2011,396,4.88
7301,7401,396,12.92
5734,5633,396,37.41
6474,6575,396,2.82
1117,1016,396,5.04
6739,6738,397,36.03
5935,5934,397,35.79
6839,6738,397,37.45
271,170,397,19.31
8055,8155,397,13.67
8055,8154,397,20.12
1216,1115,397,8.76
168,67,397,25.27
330,229,397,16.22
2405,2304,397,25.68
6275,6176,397,3.51
5284,5384,397,1.63
5185,5286,397,1.96
1313,1312,397,10.44
5534,5533,397,37.82
7067,7068,397,6.06
7418,7519,397,10.59
5434,5433,398,35.48
6739,6638,398,39.57
5935,5834,398,39.15
274,173,398,22.82
56,55,398,15.95
6840,6939,398,18.66
7446,7445,398,11.94
7320,7321,398,10.24
353,253,398,6.87
478,377,398,22.57
130,129,398,13.07
5534,5433,398,44.62
4886,4887,398,1.09
5733,5732,399,31.63
273,172,399,23.89
7611,7610,399,15.37
581,480,399,26.97
7346,7345,399,11.85
2305,2204,399,22.9
1909,1808,399,17.98
7659,7760,399,8.5
1912,1811,399,7.85
5939,6038,399,6.22
2892,2992,399,3.06
5940,6039,399,5.44
479,378,399,18.41
4587,4688,399,2.33
1313,1212,399,11.81
2191,2192,399,1.11
2108,2007,399,15.6
2008,2007,399,13.4
6738,6737,400,36.78
7506,7505,400,14.87
7145,7244,400,18.53
7616,7615,400,14.85
6542,6541,400,6.41
7406,7505,400,8.46
1912,1911,400,5.06
7071,7070,400,28.73
272,171,400,25.47
376,275,400,19.69
8054,8053,400,9.75
885,784,400,26.89
5938,6037,400,8
1612,1611,400,8
5734,5833,400,18.35
2008,1907,400,16
1908,1907,400,13.83
6738,6637,401,40.96
6839,6938,401,18.33
149,49,401,12.4
270,169,401,15.25
1712,1711,401,7.49
5936,6035,401,14.3
1612,1511,401,10.6
7518,7618,401,10.97
1908,1807,401,16.79
3889,3990,401,1.3
29,28,402,17.21
6838,6837,402,17.08
151,50,402,19.3
7660,7661,402,9.43
256,155,402,6.95
356,255,402,6.95
456,355,402,6.96
8055,8156,402,11.27
1590,1490,402,4.55
7301,7402,402,10.53
624,523,402,9.1
6773,6774,402,2.2
7953,7952,402,11.12
6330,6430,402,2.55
6541,6540,403,37.22
253,152,403,29.27
7404,7403,403,15.94
5733,5832,403,19.96
2205,2104,403,18.91
7546,7545,403,11.91
5935,6034,403,17.44
7660,7561,403,12.27
7320,7421,403,10.06
6342,6341,403,6.65
7304,7403,403,8.7
1188,1088,403,4.62
7612,7711,403,8.31
625,525,403,5.36
2304,2203,403,26.38
6141,6140,403,6.6
1512,1411,403,10.78
1213,1112,403,11.35
229,128,403,26.94
3190,3291,403,1.29
6541,6440,404,41.94
173,72,404,24.38
55,54,404,17.13
7852,7851,404,11.75
7751,7750,404,11.75
7070,7069,404,29.03
7042,7041,404,6.21
6542,6441,404,7.08
1087,987,404,5
7420,7520,404,13.06
2010,1910,404,4.87
7613,7712,404,7.91
5934,5933,404,16.08
524,423,404,14.37
170,69,404,23.19
5936,6036,404,7.82
722,621,404,5.98
5937,6036,404,7.71
1114,1013,404,9.77
7067,7168,404,5.93
1113,1012,405,10.65
2204,2103,405,27.42
8155,8254,405,19.35
2202,2102,405,7.55
6922,6823,405,7.63
6922,6923,405,5.56
7647,7646,405,11.83
6872,6973,405,2.46
5876,5977,405,1.56
1116,1015,405,9.37
784,683,406,26.57
6737,6736,406,17
172,71,406,21.03
151,51,406,8.58
8155,8255,406,12.47
377,276,406,19.87
6972,7072,406,3.31
7610,7609,406,15.62
5930,6031,406,2.42
378,277,406,21.02
7510,7609,406,8.4
6140,6139,407,32.23
2104,2003,407,37.84
6637,6636,407,18.32
275,174,407,21.11
7505,7504,407,15.67
2007,2006,407,13.35
7445,7444,407,12.03
7660,7761,407,9.26
7405,7504,407,8.25
169,68,407,23.72
2892,2893,407,2.46
2101,2001,407,8.74
7760,7859,407,18.8
1312,1311,407,10.42
7164,7263,407,2.05
155,154,408,17.11
6637,6536,408,20.99
1907,1906,408,13.33
7345,7344,408,11.94
2007,1906,408,15.92
7321,7322,408,10.77
7144,7143,408,7.7
7615,7715,408,13.3
7615,7714,408,19.91
622,521,408,9.48
7507,7606,408,8.56
8154,8153,408,9.68
7613,7713,408,4.65
8056,8057,408,6.73
7561,7461,408,20.52
7760,7860,408,11.78
1018,917,408,4.55
2191,2092,408,1.58
7518,7619,408,8.7
1808,1707,408,17.61
5677,5678,408,2.39
1907,1806,409,15.88
7321,7222,409,13.67
7611,7710,409,8.36
8056,7957,409,9.11
480,379,409,15.26
1807,1806,409,14.07
8053,8052,409,11.25
5086,5187,409,3.08
1312,1211,409,11.81
4947,4847,409,1.89
128,127,410,15.43
5933,5932,410,17
987,886,410,26.51
7506,7605,410,8.51
354,254,410,6.16
7507,7607,410,5.51
7420,7521,410,10.66
2892,2793,410,3.26
1807,1706,410,17.25
1016,915,410,10.51
1115,1014,410,11.73
54,53,411,16.51
128,27,411,20.15
6837,6836,411,11.77
28,27,411,12.49
6241,6240,411,6.73
2206,2105,411,6.42
721,620,411,5.84
7952,7951,411,11.66
7509,7608,411,8.28
523,422,412,14.56
423,422,412,12.83
7321,7422,412,10.58
522,421,412,7.99
8155,8256,412,10.09
7616,7716,412,5.43
1909,1809,412,4.91
6736,6735,412,17.19
1707,1606,412,45.2
5481,5582,412,2.75
6275,6376,412,2.48
7618,7717,412,13.97
683,582,413,23.4
277,176,413,21.63
7851,7850,413,11.79
7750,7749,413,11.93
7244,7243,413,8.07
525,424,413,14.46
524,424,413,5.38
2106,2005,413,6.3
2103,2002,413,19.04
6922,7023,413,5.44
7661,7662,413,9.57
6636,6635,413,18.19
720,619,413,6.99
6429,6529,413,2.06
6536,6535,413,20.02
6330,6331,413,2
154,153,414,17.33
6240,6239,414,35.84
174,73,414,23.37
2003,1902,414,22.97
276,175,414,19.82
7504,7503,414,16.01
1112,1111,414,9.28
6637,6537,414,8.13
423,322,414,15.01
7404,7503,414,8.17
6639,6538,414,7.73
171,70,414,10.81
8255,8354,414,18.68
7561,7562,414,9.49
7646,7645,414,11.89
7661,7562,414,12.42
7760,7861,414,9.44
6536,6435,414,24.71
6330,6231,414,2.74
1212,1111,414,9.54
2006,1905,415,17.75
1012,1011,415,10.45
6838,6937,415,7.74
7121,7122,415,3.75
5934,6033,415,8.12
8056,8157,415,6.59
8255,8355,415,11.64
4846,4746,415,2.35
7561,7462,415,12.33
1489,1390,415,2.29
7618,7718,415,7.59
379,278,415,24.52
53,52,416,20.42
7710,7709,416,15.61
8254,8253,416,9.4
7545,7544,416,8.25
886,785,416,26.44
6640,6539,416,7.12
7648,7747,416,4.96
1606,1505,416,44.14
1606,1605,416,31.19
720,719,416,4.33
127,26,416,25.64
127,126,416,17.17
7859,7858,416,11.93
7344,7343,417,12.05
1012,911,417,11.81
1013,912,417,11.05
7421,7522,417,10.75
7605,7604,417,15.87
1015,914,417,11.81
7649,7748,417,4.91
8153,8152,417,11.27
918,817,417,5.31
6836,6835,417,16.98
1706,1705,417,15.02
7401,7501,417,4.86
8354,8353,418,27.4
7521,7621,418,13.27
7521,7620,418,19.89
7322,7323,418,10.77
7041,7040,418,7.7
1411,1310,418,9.78
1411,1410,418,6.97
6341,6340,418,6.75
1511,1410,418,8.81
1511,1510,418,5.95
6735,6734,418,17.13
6239,6138,418,44.4
6239,6238,418,31.58
6535,6534,418,20.61
7757,7857,418,2.33
1611,1510,418,8.2
7761,7762,418,9.63
1691,1591,418,3.64
6033,6032,418,37.46
6574,6675,418,2.46
7661,7762,418,9.4
1902,1801,418,35.58
8052,8051,418,11.84
421,420,419,14.81
6635,6634,419,18.15
7322,7223,419,13.67
621,520,419,9.77
6440,6439,419,6.76
7462,7361,419,37.75
6535,6434,419,27.18
582,481,419,25.81
1811,1710,419,7.12
1711,1610,419,7.95
480,380,419,5.25
1611,1610,419,5.37
1902,1901,419,22.12
919,818,419,4.44
5777,5778,419,1.72
322,221,420,26.83
322,321,420,17.12
421,320,420,18.76
7444,7443,420,8.06
176,75,420,23.08
7403,7502,420,8.43
1605,1504,420,44.48
1605,1604,420,31.7
7462,7362,420,20.08
1289,1189,420,3.54
1707,1607,420,8.97
7951,7950,420,11.84
1705,1704,420,34.19
1809,1708,420,18.54
1017,916,420,5.46
1808,1708,420,4.95
126,125,421,48.44
278,177,421,12.08
8354,8454,421,15.68
8354,8453,421,23.29
175,74,421,12
6340,6339,421,57.28
1211,1210,421,13.46
7143,7142,421,13.73
26,25,421,35.44
7712,7811,421,10.17
7711,7810,421,10.18
6537,6436,421,16.1
1811,1810,421,12.41
7071,7170,421,8.58
8255,8356,421,11.23
1311,1210,421,6.63
1704,1703,422,63.2
7243,7242,422,12.96
7422,7423,422,10.37
7322,7423,422,10.37
7850,7849,422,12.69
8057,8058,422,7.91
5579,5679,422,3.58
1905,1904,422,21.61
7761,7862,422,11.23
6773,6874,422,2.37
320,319,423,48.32
221,220,423,47.86
7521,7622,423,11.27
1211,1110,423,8.12
6923,6924,423,4.99
7709,7708,423,14.4
7712,7812,423,6.65
2104,2004,423,3.9
525,425,423,4.3
7070,7169,423,8.67
8057,7958,423,9.65
7645,7644,423,13.19
7609,7708,423,10.18
726,627,423,2.66
8453,8452,424,40.23
1604,1603,424,25.52
7604,7603,424,17.46
7023,7123,424,10.16
6634,6633,424,26.04
6923,6824,424,6.24
7504,7603,424,10.18
1703,1702,424,63.13
423,323,424,4.27
8156,8257,424,7.49
7662,7663,424,9.92
424,323,424,10.64
785,684,424,11.2
2592,2492,424,2.54
125,124,424,49.27
7647,7746,424,6.44
7165,7264,424,3.2
2291,2292,424,0.99
25,24,424,34.42
619,618,424,13.43
6835,6834,425,13.08
7343,7342,425,12.94
7544,7543,425,13.71
8355,8455,425,12.09
8354,8455,425,12.31
1011,1010,425,12.99
7710,7809,425,10.19
7662,7563,425,11.83
7715,7814,425,10.08
7714,7813,425,10.16
1905,1804,425,11.51
1806,1805,425,12.05
7562,7563,425,9.71
7606,7705,425,10.19
8452,8451,426,51.94
1603,1602,426,59.36
220,219,426,46.01
319,318,426,47.55
8453,8352,426,31.9
914,913,426,13.61
7422,7523,426,10.93
817,816,426,13.67
8253,8252,426,10.61
7462,7463,426,9.61
1014,913,426,5.62
8152,8151,426,12.71
7605,7704,426,10.14
7715,7815,426,7.01
7072,7171,426,9.52
1606,1506,426,6.05
2892,2993,426,2.26
6033,6132,426,14.66
1702,1701,426,53.2
7618,7719,426,6.03
7606,7706,426,6.39
7607,7706,426,10.09
719,718,426,13.15
124,123,427,48.79
24,23,427,33.91
520,519,427,13.6
8051,8050,427,12.59
7023,7024,427,6.75
915,814,427,5.11
1088,988,427,3.48
1410,1409,427,12.92
8057,8158,427,8.4
6575,6576,427,3.51
1904,1903,427,24.06
1310,1309,427,13.54
7607,7707,427,7.01
7608,7707,427,10.07
8451,8450,428,53.55
8454,8553,428,22.86
8453,8552,428,22.2
7443,7442,428,13.65
1602,1601,428,58.25
6534,6533,428,12.09
7717,7816,428,10.18
7950,7949,428,12.72
6634,6533,428,16.02
911,910,428,9.87
7462,7363,428,11.5
7762,7763,428,10.27
7662,7763,428,10.46
6238,6237,428,11.99
1510,1509,428,12.43
6836,6935,428,9.93
6575,6476,428,4.43
1610,1609,428,12.26
6624,6625,428,1.65
820,819,428,7.07
3790,3791,428,1.3
23,22,429,63
219,218,429,41.55
1804,1803,429,25.96
8452,8351,429,31.31
7142,7141,429,13.71
8454,8554,429,13.66
420,419,429,11.06
6439,6438,429,10.45
1210,1209,429,13.72
6837,6936,429,6.42
6037,6136,429,5.91
318,317,429,43.68
1710,1709,429,12
123,122,430,45.41
1603,1502,430,26.44
7242,7241,430,13.62
7849,7848,430,12.81
7503,7602,430,10.18
1504,1503,430,10.41
7717,7817,430,6.14
380,279,430,11.88
6434,6433,430,9.84
6138,6137,430,10
22,21,431,61.41
1803,1802,431,58.62
8552,8551,431,41.08
8451,8350,431,30.62
7644,7643,431,13.19
6339,6338,431,10.58
7522,7623,431,11
7709,7808,431,10.16
6537,6437,431,5.42
1110,1109,431,13.73
6734,6733,431,8.38
7646,7745,431,6.42
6033,6133,431,6.43
3790,3691,431,1.66
1502,1501,432,58.84
618,617,432,13.55
7423,7424,432,10.05
1602,1501,432,27.5
7040,7039,432,7.42
7604,7703,432,10.12
912,812,432,7.29
911,810,432,9.27
7762,7863,432,10.82
6972,7073,432,2.71
218,217,432,38.12
21,20,433,59.64
122,121,433,40.06
6433,6432,433,46.72
6834,6833,433,13.01
7342,7341,433,12.87
7543,7542,433,13.65
177,76,433,12.14
8356,8456,433,8.88
221,120,433,11.12
912,811,433,8.53
8355,8456,433,8.79
8157,8258,433,8.34
7023,7124,433,7.18
1010,1009,433,13.71
8257,8357,433,11.54
683,583,433,3.14
911,811,433,7.25
7860,7959,433,6.45
5581,5680,433,4.26
528,527,433,4.26
8551,8550,434,35.36
7423,7324,434,11.97
816,815,434,13.6
718,717,434,13.67
7502,7601,434,10.19
128,227,434,5.58
8252,8251,434,12.66
1506,1405,434,18.88
6633,6632,434,10.95
428,427,434,4.26
8151,8150,434,12.61
20,19,435,55.91
120,119,435,61.72
217,216,435,41.67
8552,8651,435,21.95
8050,8049,435,12.88
814,813,435,13.3
7719,7818,435,17.34
6132,6131,435,11.38
8454,8555,435,10.21
7810,7909,435,10.19
7811,7910,435,10.19
7663,7664,435,9.95
519,518,435,13.73
7072,7172,435,3.86
328,327,435,4.26
3390,3391,435,1.16
1309,1308,435,12.76
6330,6431,435,1.91
1502,1401,436,26.96
1503,1402,436,27.45
910,909,436,13.52
6935,6934,436,13.27
7442,7441,436,13.66
7523,7524,436,10.49
7563,7564,436,9.89
323,222,436,12.12
7423,7524,436,10.6
7949,7948,436,12.74
7663,7564,436,11.86
424,324,436,4.18
4488,4489,436,1.5
2792,2693,436,1.64
1409,1408,436,11.9
5976,6077,436,1.31
8651,8650,437,53.61
7141,7140,437,13.73
8450,8449,437,12.36
1509,1508,437,11.55
1609,1608,437,11.68
8552,8652,437,12.14
7463,7464,437,9.92
7563,7464,437,11.8
7811,7911,437,6.56
7812,7911,437,10.15
6533,6532,437,11.92
6237,6236,437,11.94
625,526,437,2.54
1209,1208,437,13.26
216,215,438,41.2
7808,7807,438,14.56
7623,7723,438,14.86
7623,7722,438,23.23
7241,7240,438,13.67
7848,7847,438,12.56
6438,6337,438,16.09
8554,8653,438,17.61
7763,7764,438,10.12
8158,8159,438,9.24
219,118,438,11.92
7463,7364,438,11.83
1405,1404,438,25.58
7812,7912,438,6.77
7663,7764,438,10.49
7603,7702,438,10.18
1607,1507,438,5.66
7861,7960,438,6.45
7708,7807,438,10.1
4089,4090,438,1.4
7645,7744,438,6.41
7643,7642,439,12.94
1109,1108,439,13.44
419,418,439,10.82
7719,7819,439,8.06
7523,7624,439,11.04
7809,7908,439,10.15
7814,7913,439,10.17
7747,7846,439,6.44
4189,4289,439,1.76
4488,4389,439,1.89
6575,6676,439,3.76
5483,5583,439,1.68
7705,7804,439,10.13
617,616,440,13.64
8158,8059,440,11.11
7704,7803,440,10.19
8350,8349,440,12.34
6924,6925,440,6.12
810,809,440,13.18
7815,7914,440,10.13
817,716,440,5.47
7039,7038,440,13.2
6939,7038,440,3.84
6873,6974,440,2.55
7706,7805,440,10.16
6674,6775,440,2.45
6136,6135,440,9.64
1402,1301,441,28.87
7910,8010,441,17.27
7815,7915,441,6.86
7542,7541,441,13
7621,7720,441,6.5
7341,7340,441,13.16
987,887,441,2.4
6938,7037,441,3.89
988,887,441,10.86
4987,4988,441,2.09
3590,3591,441,1.4
7707,7806,441,10.18
218,117,441,12.08
1009,1008,441,13.48
7910,8009,442,22.88
8550,8549,442,13.33
8554,8654,442,8.25
7763,7864,442,10.67
8158,8259,442,9.77
6924,6825,442,7.59
8251,8250,442,12.92
8257,8358,442,8.32
227,226,442,13.55
127,226,442,5.05
8150,8149,442,12.99
5777,5878,442,1.92
7911,8011,443,17.43
8049,8048,443,12.9
19,18,443,13.28
8456,8556,443,10.58
7424,7425,443,9.95
1503,1403,443,8.09
6433,6332,443,11.36
427,426,443,11.83
6733,6732,443,8.44
3590,3491,443,1.77
518,517,443,13.46
7166,7265,443,2.55
279,178,443,10.89
2391,2392,443,0.98
117,116,444,33.64
7912,8012,444,18.18
7948,7947,444,12.76
1308,1307,444,11.77
8651,8750,444,16.06
6632,6631,444,10.93
7424,7325,444,11.86
217,116,444,11.92
7623,7724,444,11.42
8356,8457,444,6.18
1591,1491,444,3.91
7441,7440,444,13.16
7817,7916,444,10.18
7602,7701,444,10.19
7862,7961,444,6.44
7816,7916,444,6.46
6936,7035,444,9.96
327,326,444,12.28
909,908,444,13.6
1991,1992,444,1.09
2091,1992,444,1.43
317,316,444,7.04
8650,8649,445,13.23
1408,1407,445,11.27
7808,7907,445,10.17
7664,7665,445,10.43
6924,7025,445,6.53
7140,7139,445,13.72
583,482,445,12.14
4987,4888,445,2.58
6430,6530,445,2.44
7564,7565,446,10.43
7703,7802,446,10.18
7424,7525,446,10.49
8350,8249,446,9.55
1405,1304,446,11.86
7644,7743,446,6.41
1208,1207,446,12.32
7621,7721,446,3.66
1507,1406,446,19.65
7817,7917,446,6.63
7240,7239,446,13.6
6532,6531,446,12.07
7744,7743,446,13.15
116,115,447,41.88
8010,8110,447,17.8
7819,7918,447,19.43
7912,8013,447,15.77
7464,7465,447,10.43
8449,8448,447,10.45
216,115,447,11.95
7846,7845,447,13.44
6833,6832,447,7.64
1189,1089,447,3.76
7746,7845,447,6.41
6276,6277,447,1.94
6337,6336,447,12.15
3890,3891,447,1.34
7642,7641,447,13.19
1991,1892,447,1.38
8649,8648,448,35.1
1403,1302,448,29.67
8010,8109,448,22.56
616,615,448,13.61
716,715,448,13.34
7364,7365,448,10.43
1402,1302,448,8.99
1304,1303,448,61.99
811,710,448,9.45
6834,6933,448,6.43
7664,7765,448,10.98
7764,7765,448,10.25
418,417,448,11.14
425,325,448,4.16
1108,1107,448,12.4
809,808,448,13.68
6936,7036,448,5.43
6033,6134,448,4.37
4787,4788,448,1.03
7624,7625,449,11.03
215,214,449,9.94
324,223,449,11.6
8651,8751,449,7.25
8349,8348,449,12.31
7909,8008,449,10.14
810,709,449,8.8
886,786,449,2.39
7541,7540,449,13.34
7340,7339,449,12.84
115,114,450,41.12
8649,8548,450,30.12
8750,8749,450,17.87
1301,1201,450,12.44
7819,7919,450,9.6
18,17,450,15.52
118,17,450,11.93
6276,6177,450,2.47
8149,8148,450,12.96
1008,1007,450,12.29
8048,8047,451,12.86
8010,8111,451,15.12
6935,7034,451,6.41
7862,7962,451,3.47
8749,8748,452,50.58
8649,8748,452,23.18
7947,7946,452,12.97
7440,7439,452,13.72
517,516,452,12.48
7907,7906,452,16.53
7624,7725,452,11.59
7807,7906,452,10.19
226,225,452,10.51
8456,8557,452,7.52
7719,7820,452,5.57
7764,7865,452,10.8
126,225,452,4.16
7702,7801,452,10.18
5582,5681,452,3.87
2993,3092,452,5.53
6624,6725,452,1.77
1303,1202,453,28.41
908,907,453,12.36
117,16,453,12.14
7804,7903,453,10.18
7908,8007,453,10.19
1304,1203,453,22.98
812,711,453,6.92
1307,1306,453,11.2
7139,7138,453,12.66
7239,7238,454,12.63
7743,7742,454,13.08
316,315,454,10.24
7425,7426,454,9.71
7803,7902,454,10.18
6631,6630,454,10.99
7643,7742,454,6.43
8554,8655,454,5.71
177,77,454,3.12
1390,1290,454,2.45
481,381,454,2.83
8249,8248,454,12.79
5284,5385,454,1.37
7805,7904,454,10.18
7641,7640,455,13.73
8448,8447,455,12.92
6925,6926,455,6.84
7665,7666,455,10.7
7845,7844,455,13.04
380,280,455,2.8
225,224,455,41.23
785,685,455,2.52
7806,7905,455,10.16
1207,1206,455,11.54
808,807,456,13.1
615,614,456,13.54
715,714,456,13.24
8648,8647,456,12.94
116,15,456,11.9
6732,6731,456,8.09
7425,7326,456,11.61
7324,7224,456,4.62
7915,8015,456,7.1
7915,8014,456,10.05
7565,7566,456,10.8
7914,8014,456,6.46
7540,7539,457,13.73
7339,7338,457,12.76
1107,1106,457,11.62
7465,7466,457,11.05
7525,7526,457,9.88
7425,7526,457,10.25
6925,6826,457,8.42
8348,8347,457,12.91
8109,8108,457,12.33
684,584,457,3.13
7073,7173,457,4.07
417,416,457,12.34
709,708,457,13.27
1202,1101,458,32.51
1306,1305,458,23.79
8749,8848,458,17.8
214,213,458,11.23
7465,7366,458,12.99
1201,1101,458,14.25
7665,7766,458,11.25
7365,7366,458,10.94
8148,8147,458,12.87
8047,8046,459,12.85
7034,7033,459,13.22
1007,1006,459,11.39
115,14,459,11.95
7907,8006,459,10.17
8548,8547,459,11.8
7916,8016,459,7.09
7365,7266,459,12.88
6973,7074,459,2.73
4987,5088,459,2.22
1202,1102,460,14.5
7946,7945,460,13.23
516,515,460,13.65
7439,7438,460,13.73
7525,7626,460,10.43
7802,7901,460,10.19
6925,7026,460,7.28
6676,6776,460,4.9
7819,7920,460,6.74
7723,7822,460,6.47
7722,7821,460,6.49
6832,6831,460,7.76
7326,7225,461,31.1
7138,7137,461,12.61
8748,8747,461,12.23
114,113,461,9.76
8012,8112,461,6.25
8653,8752,461,6.17
7863,7963,461,3.46
8013,8112,461,10.18
814,713,461,4.26
7744,7843,461,6.42
1891,1792,461,1.39
7918,8017,461,10.19
6236,6235,461,4.23
7326,7226,462,17.49
7238,7237,462,12.81
8749,8849,462,8.38
6933,6932,462,7.47
7742,7741,462,13.32
4488,4589,462,1.6
8248,8247,462,12.71
7642,7741,462,6.41
14,13,463,28.54
7640,7639,463,13.47
315,314,463,11.77
907,906,463,11.07
8008,8107,463,10.17
1304,1204,463,5.98
813,712,463,5.08
5680,5779,463,4.84
8447,8446,463,13.5
6630,6629,463,12.18
3191,3192,463,1.21
7918,8018,463,6.41
5383,5484,463,1.51
1006,1005,464,20.85
8013,8113,464,6.19
7037,7136,464,6.43
8647,8646,464,13.85
614,613,464,13.73
7766,7866,465,14.74
7338,7337,465,13.15
708,707,465,13.73
7539,7538,465,13.68
807,806,465,11.54
7426,7427,465,9.49
7666,7667,465,10.94
710,609,465,8.52
8654,8753,465,6.31
8111,8210,465,10.19
1206,1205,465,11.03
583,483,465,3.15
8347,8346,465,12.85
416,415,465,13.21
8006,8005,466,15.32
213,212,466,13.54
8848,8847,466,13.48
8147,8146,466,12.85
1106,1105,466,11.35
7666,7567,466,12.88
7566,7567,466,11.01
7961,8060,466,6.45
7906,8005,466,10.19
7919,8019,466,6.43
6276,6377,466,2.09
709,608,466,8.61
4189,4190,466,1.09
4089,4190,466,1.5
2692,2593,466,1.3
7226,7125,467,32.1
7033,7032,467,12.67
8547,8546,467,14.28
8046,8045,467,13.03
6826,6726,467,10.7
7026,7125,467,21.55
7326,7327,467,9.6
7426,7327,467,11.38
7903,8002,467,10.19
7566,7467,467,12.95
7035,7134,467,6.39
6775,6875,467,3.81
7466,7467,467,10.94
8007,8106,467,10.17
7723,7823,467,3.56
7945,7944,468,13.06
7438,7437,468,13.73
7766,7767,468,10.73
7526,7527,468,9.49
6731,6730,468,8.74
7904,8003,468,10.18
7666,7767,468,11.5
7366,7367,468,10.14
7466,7367,468,12.88
8112,8212,468,16.23
8112,8211,468,23.23
8111,8211,468,6.25
8110,8209,468,6.76
515,514,468,13.72
7902,8001,468,10.19
1791,1692,468,1.51
7226,7126,469,16.09
7026,7126,469,11.64
7326,7227,469,11.49
7905,8004,469,10.19
7743,7842,469,6.42
6433,6333,469,2.57
7843,7842,469,13.71
280,179,469,10.78
2993,3093,469,2.34
988,888,469,2.41
7237,7236,470,12.84
8247,8246,470,12.82
7741,7740,470,13.73
1202,1103,470,8.73
7366,7267,470,12.07
7920,8020,470,10.5
8109,8208,470,6.66
8747,8746,470,12.08
8646,8645,471,15.31
314,313,471,13.7
7639,7638,471,13.05
8849,8948,471,17.08
113,112,471,10.74
7766,7867,471,11.29
8108,8207,471,10.18
8446,8445,471,13.5
7036,7135,471,6.41
8015,8115,471,7.1
8015,8114,471,10.05
6336,6335,471,4.23
4847,4747,471,1.49
1490,1391,471,1.96
7864,7964,471,3.46
1105,1104,472,19.73
613,612,472,13.63
13,12,472,11.42
1006,905,472,11.42
7526,7627,472,10.03
7173,7272,472,9.91
8751,8850,472,6.35
6676,6677,472,3.07
8112,8213,472,12.96
8358,8458,472,3.44
8259,8359,472,3.45
707,706,473,12.99
415,414,473,13.68
8346,8345,473,12.92
7337,7336,473,13.19
7538,7537,473,13.07
1005,1004,473,11.98
6831,6830,473,8.04
8006,8105,473,10.19
7026,7027,473,7.91
7962,8061,473,6.45
7961,8061,473,3.48
8556,8656,473,3.34
6576,6577,473,2.21
8546,8545,474,14.83
8146,8145,474,13.08
212,211,474,13.72
806,805,474,11.15
8948,8947,474,47.89
7034,7133,474,6.41
7667,7668,474,11.23
608,607,474,13.49
8654,8754,474,3.18
8016,8116,474,7.09
711,610,474,6.97
8045,8044,475,13.09
8849,8949,475,7.89
7026,6927,475,9.65
8847,8846,475,12.49
7920,7921,475,7.01
1591,1592,475,1.76
3890,3991,475,1.44
7227,7127,476,16.02
514,513,476,13.61
7437,7436,476,13.73
7944,7943,476,12.92
7427,7428,476,9.18
7567,7568,476,10.63
7667,7568,476,13.17
6932,6931,476,7.53
6435,6334,476,1.97
5583,5682,476,3.9
12,11,477,23.92
7842,7841,477,13.71
8018,8117,477,10.19
8017,8117,477,6.42
7667,7768,477,11.79
8107,8206,477,10.19
1088,989,477,1.89
7742,7841,477,6.4
483,382,477,11.91
8445,8444,478,14.36
8246,8245,478,13.08
8746,8745,478,13.75
6730,6729,478,10.17
7327,7328,478,9.44
7740,7739,478,13.72
7427,7328,478,11.05
6826,6827,478,4.81
7567,7468,478,12.57
7640,7739,478,6.39
7467,7468,478,9.7
6629,6628,478,7.04
7236,7235,478,13.01
6576,6477,478,2.81
7638,7637,479,13.36
8645,8644,479,13.64
8948,9047,479,19.2
7920,8021,479,7.46
