6692,6691,4,20.96
6691,6690,7,37.55
6690,6689,10,39.49
6689,6688,14,32.99
6692,6791,16,8.5
6791,6790,20,25.43
6691,6790,20,9.01
6688,6687,21,16.18
6790,6789,23,39.88
6690,6789,23,8.98
6789,6788,26,39.23
6689,6788,26,9
6687,6686,27,17.8
6686,6685,29,55.14
6788,6787,30,28
6685,6684,31,50.33
6791,6890,33,8.77
6684,6683,34,38.36
6692,6591,34,4.14
6890,6889,35,55.57
6683,6682,37,33.44
6591,6590,37,38.98
6889,6888,38,38.33
6787,6786,38,13.33
6682,6681,39,55.47
6681,6680,41,57.65
6888,6887,41,38.98
6590,6589,41,31.75
6692,6792,41,2.44
6680,6679,43,58.46
6686,6785,44,8.43
6679,6678,45,59.58
6887,6886,45,32.53
6689,6588,46,3.94
6678,6677,47,58.64
6684,6783,47,9
6688,6587,48,4.26
6677,6676,49,57.35
6783,6782,49,59.24
6785,6784,49,21.81
6587,6586,50,54.98
6890,6989,50,8.62
6676,6675,51,55.78
6782,6781,51,58.58
6886,6885,51,16.86
6889,6988,51,9
6675,6674,53,57.04
6781,6780,53,59.33
6586,6585,53,47.29
6678,6777,54,16.3
6679,6778,54,13.63
6888,6987,54,8.99
6674,6673,55,58.44
6780,6779,55,59.59
6585,6584,55,52.58
6677,6776,55,18.12
6680,6779,55,10.55
6987,6986,56,50.25
6673,6672,57,58.44
6776,6775,57,58.68
6584,6583,57,50.98
6676,6775,57,19.82
6782,6881,58,16.39
6792,6891,58,8.74
6692,6592,58,1.71
6672,6671,59,58.04
6583,6582,59,55.92
6775,6774,59,58.33
6675,6774,59,18.49
6885,6884,59,12.88
6881,6880,60,59.45
6783,6882,60,11.66
6890,6990,61,53.89
6880,6980,62,59.55
6882,6982,62,59.13
6671,6771,62,52.56
6774,6874,62,57.6
6884,6984,62,48.27
6881,6981,62,59.51
6891,6991,62,55.67
6672,6772,62,54.43
6775,6875,62,55.83
6673,6773,62,55.32
6776,6876,62,56.55
6779,6879,62,58.57
6777,6877,62,58.87
6778,6878,62,58.76
6987,7087,62,47.72
6674,6773,62,20.33
6783,6883,62,59.59
6988,7088,63,37.66
6989,7089,63,33.04
6886,6985,63,8.4
6792,6892,63,19.11
6874,6974,64,57.78
6771,6871,64,53.9
6876,6976,64,57.17
6772,6872,64,54.83
6980,7080,64,58.36
6982,7082,64,58.41
6878,6978,64,59.58
6883,6983,64,57.24
6773,6873,64,56.39
6981,7081,64,58
6877,6977,64,58.86
7087,7187,64,52.02
6879,6979,64,59.56
6875,6975,64,57.28
6991,7091,64,59.6
6984,7084,64,58.18
7088,7188,65,56.68
7089,7189,65,59.57
6986,7086,65,22.31
6978,7078,66,59.59
7082,7182,66,58.16
7080,7180,66,57.99
6872,6972,66,55.07
6976,7076,66,57.03
6871,6971,66,55.04
6975,7075,66,57.08
7091,7191,66,58.53
6974,7074,66,56.55
6977,7077,66,58.15
6979,7079,66,59.22
6983,7083,66,58.77
6873,6973,66,55.86
7081,7181,66,57.26
6985,7085,66,41.29
6671,6770,66,22.53
6892,6992,67,27.75
6671,6670,67,6.65
7076,7176,68,56.65
6972,7072,68,55.1
7180,7280,68,59.32
7182,7282,68,58.93
7078,7178,68,59.49
6973,7073,68,55.17
7077,7177,68,58.42
7181,7281,68,58.65
7079,7179,68,58.32
7083,7183,68,58.56
7075,7175,68,57.03
7191,7291,68,59.59
7074,7174,68,55.74
7187,7287,68,27.69
6990,7090,68,15.35
7188,7288,69,28.72
6771,6870,69,21.5
7179,7279,70,59.59
7177,7277,70,58.84
7281,7381,70,58.92
7073,7173,70,55.14
7178,7278,70,59.29
7282,7382,70,59.11
7280,7380,70,59.51
7072,7172,70,55.94
7176,7276,70,58.49
7183,7283,70,58.9
7287,7387,70,53.09
7174,7274,70,55.92
7291,7391,70,55.14
7175,7275,70,57.93
7085,7185,70,31.69
7189,7289,70,21.47
7086,7186,70,20.64
7084,7184,70,19.25
6676,6575,70,4.23
6677,6576,70,3.73
7288,7388,71,53.13
7090,7190,71,45.82
6992,7092,71,31.09
6871,6970,71,20.52
6678,6577,71,3.12
7381,7481,72,58.43
7277,7377,72,58.23
7278,7378,72,57.4
7276,7376,72,58.04
7275,7375,72,57.01
7274,7374,72,54.67
7173,7273,72,55.04
7380,7480,72,59.43
7279,7379,72,58.99
7391,7491,73,47.46
6670,6769,73,25.46
6972,7071,73,20.46
7481,7581,74,57.62
7377,7477,74,59.37
7378,7478,74,59.36
7376,7476,74,56.72
7480,7580,74,59.18
7379,7479,74,59.37
7387,7487,74,31.42
7382,7482,74,25.31
7071,7171,75,57.24
7388,7488,75,27.96
7092,7192,75,33.15
7184,7284,75,21.45
7283,7383,75,24.18
7289,7389,75,24.56
7291,7390,75,20.43
6692,6793,75,4.15
7581,7681,76,57.23
7477,7577,76,59.43
7476,7576,76,55.22
7479,7579,76,59.37
7482,7582,76,57.23
7491,7591,76,45.67
7186,7286,76,18.88
7391,7490,76,25.51
7192,7292,77,52.44
7389,7489,77,59.6
7274,7373,77,20.85
7173,7272,77,20.52
7191,7290,77,12.97
7681,7781,78,56.87
7582,7682,78,57.31
7591,7691,78,53.34
6793,6893,78,36.98
7487,7587,78,31.02
7292,7392,79,58.49
7489,7589,79,57.65
7488,7588,79,26.42
7383,7483,79,26.43
7491,7590,79,26.22
6670,6669,79,8.65
6675,6574,79,3.64
7682,7782,80,57.33
7691,7791,80,57.6
7284,7384,80,23.56
7376,7475,80,18.85
6970,7070,80,11.23
7185,7285,80,10.71
6679,6578,80,2.26
7392,7492,81,59.55
7589,7689,81,59.5
6893,6993,81,34.5
7286,7386,81,21.52
7476,7575,81,20.35
7071,7170,81,18.26
7391,7492,81,14.03
6692,6693,81,1.71
7791,7891,82,52.65
7587,7687,82,28.84
6769,6869,82,11.71
7492,7592,83,59.59
7483,7583,83,27.29
7588,7688,83,27.68
7591,7690,83,21.94
7478,7578,83,11.5
7491,7592,83,14.96
7374,7474,83,9.91
7384,7484,84,25.72
7580,7680,84,10.67
7690,7790,85,56.95
7592,7692,85,59.59
7578,7678,85,59.49
7891,7991,85,47.11
6993,7093,85,29.23
6669,6768,85,25.84
7579,7679,85,11.62
7171,7271,85,10.87
7680,7780,86,58.73
7687,7787,86,27.62
7386,7486,86,22.38
7577,7677,86,10.36
7387,7486,86,8.97
7688,7788,87,26.63
7689,7789,87,19.78
7791,7890,87,22.46
7475,7574,87,22.34
7373,7473,87,10.48
7272,7372,87,10.41
7576,7676,87,9.29
7780,7880,88,59.43
7991,8091,88,47.41
6768,6868,88,46.94
7093,7193,88,33.89
7484,7584,88,28.34
7583,7683,88,23.43
7891,7990,88,25.66
7070,7169,88,18.16
7285,7385,88,13.04
7781,7881,88,10.7
7789,7889,89,57.09
7880,7980,90,59.53
8091,8191,90,52.47
7584,7684,90,58.58
7881,7981,90,58.11
7692,7792,90,21
7782,7882,90,10.71
7487,7586,90,8.96
6674,6573,90,3.02
7787,7887,91,24.96
7991,8090,91,25.52
6768,6867,91,25.73
6869,6969,91,11.7
7170,7270,91,10.99
6669,6668,91,9.02
6582,6581,91,2.36
8191,8291,92,55.64
7684,7784,92,57.69
7981,8081,92,59.04
7792,7892,92,58.92
7882,7982,92,57.71
7788,7888,92,20.32
7891,7992,92,14.21
7575,7675,92,9.62
6575,6475,92,4.57
7270,7370,93,52.38
7683,7783,93,21.13
7890,7989,93,27.12
6670,6570,93,3.91
7982,8082,94,58.12
7992,8092,94,52.23
7887,7987,94,49.42
8291,8391,94,59.6
7586,7686,94,26.39
7193,7293,94,19.3
7679,7779,94,11.39
7587,7686,94,8.91
6671,6571,94,2.9
7888,7988,95,48.65
8091,8190,95,22.59
7385,7485,95,15.45
7678,7778,95,10.89
7271,7371,95,10.11
6575,6474,95,5.67
6673,6572,95,3
6679,6579,95,1.79
8082,8182,96,57.26
7987,8087,96,58.62
7686,7786,96,57.89
8092,8192,96,58.91
7370,7470,96,48.21
7677,7777,96,10.09
8391,8491,96,52.72
8190,8290,97,50.55
7293,7393,97,34
7887,7986,97,24.53
6668,6767,97,24.53
6868,6968,97,11.89
7169,7269,97,11.69
7372,7472,97,10.8
7473,7573,97,10.85
6768,6767,97,8.9
6670,6569,97,4.87
7786,7886,98,58.29
8192,8292,98,58.3
7783,7883,98,22.51
7784,7884,98,17.27
7270,7369,98,22.66
7574,7674,98,9.99
7676,7776,98,9.92
7780,7879,98,12.15
7470,7570,99,46.19
7370,7469,99,25.16
7980,8080,99,11.13
6575,6476,99,4.92
8290,8390,100,49.93
7485,7585,100,23.78
6969,7069,100,11.39
6867,6967,100,12.08
7880,7979,100,12.53
8292,8392,100,56.25
6591,6490,100,1.07
7884,7984,101,44.26
7393,7493,101,28.68
8190,8289,101,23.87
8081,8181,101,11.38
8392,8492,102,59.44
8390,8490,102,59.15
7470,7569,102,26.03
7675,7775,102,10.97
7984,8084,103,57.42
7883,7983,103,21.04
8290,8389,103,24.24
7269,7368,103,26.51
6767,6866,103,26.46
7987,8086,103,16.33
7585,7685,104,28.28
7886,7985,104,25.15
7369,7468,104,26.85
7370,7471,104,13.63
6668,6667,104,7.9
6681,6580,104,1.33
8084,8184,105,55.34
7983,8083,105,58.83
8389,8489,105,50.45
8492,8592,105,43.71
7493,7593,105,25.52
8182,8282,105,11.66
8087,8187,105,11.69
7778,7878,105,10.17
7992,8093,105,11.4
7892,7993,105,11.41
6590,6489,105,1.15
7471,7571,106,50.82
7685,7785,106,59.46
6968,7068,106,11.56
7470,7571,106,14.69
7777,7877,106,10.07
6474,6473,106,9.44
7989,8089,106,7.93
8491,8591,106,10.61
6589,6488,106,1.35
7593,7693,107,59.22
8489,8589,107,59.58
8289,8388,107,26.89
7069,7168,107,20.77
7472,7572,107,10.98
8592,8692,107,50.39
6669,6568,107,5.11
7785,7885,108,59.6
8089,8189,108,51.94
8093,8193,108,45.59
7776,7876,108,10.41
7269,7268,108,9.8
7573,7673,108,9.84
6767,6766,108,9.72
7988,8088,108,7.75
7674,7774,108,10.16
7693,7793,109,59.49
8389,8488,109,23.93
6967,7067,109,11.85
8080,8180,109,10.68
8591,8691,109,42.11
7979,8079,110,10.47
8488,8588,111,54.93
8691,8791,111,59
8492,8593,111,15.93
7569,7669,111,12.06
8289,8288,111,10.37
8181,8281,111,10.65
7792,7893,111,6.88
7067,7167,112,44.57
7068,7167,112,24.06
6866,6966,112,12.15
7570,7670,112,8.09
8591,8690,112,27.15
8490,8590,112,10.44
7775,7875,112,10.39
6793,6894,112,3.86
8588,8688,113,57.41
8593,8693,113,57.96
8089,8188,113,22.97
7985,8085,113,11.89
7468,7568,113,12.38
8086,8186,113,10.68
8692,8792,113,17.16
7268,7367,114,27.42
8282,8382,114,11.45
8193,8293,114,19.31
8688,8788,115,59.43
8690,8790,115,42.05
7067,7166,115,26.58
8083,8183,115,10.71
8187,8287,115,10.68
7571,7671,115,11.77
6893,6994,115,3.91
6588,6487,115,1.54
8293,8393,116,58.93
7568,7668,116,38.14
8488,8587,116,20.62
7878,7978,116,9.98
8492,8493,116,7.49
8183,8283,117,50.71
7367,7467,117,37.01
8790,8890,117,55.35
7268,7267,117,12.15
8589,8689,117,10.7
8791,8891,117,17.72
7877,7977,117,10
6693,6794,117,4.04
6993,7094,117,4
6576,6477,117,3.02
8587,8687,118,52.3
8690,8789,118,27.16
6473,6472,118,8.74
7572,7672,118,9.48
7774,7874,118,10.05
8890,8990,119,52.62
8792,8892,119,17.71
7568,7667,119,27.4
8180,8280,119,10.76
7876,7976,119,9.71
8891,8991,119,50.38
6474,6374,119,4.34
7673,7773,119,9.65
7367,7466,120,27.33
8693,8793,120,15.82
8079,8179,120,10.59
7067,7066,120,9.89
6766,6865,120,11.95
7668,7768,120,33.25
7669,7769,120,12.28
7467,7567,121,12.07
7367,7366,121,24.96
7568,7567,121,25.36
6767,6666,121,43.38
6474,6373,121,51.24
6572,6471,121,55.88
6571,6470,121,52.8
6668,6567,121,49.67
6583,6482,121,80.18
6584,6483,121,79.62
6585,6484,121,80.21
6586,6485,121,77.62
6587,6486,121,79.96
6477,6376,122,79.13
8588,8487,122,61.8
8488,8387,122,55.88
8488,8487,122,20.7
6473,6372,122,49.67
6476,6375,122,80.18
6579,6478,122,74.57
6582,6481,122,33.14
6592,6491,122,34.18
6692,6593,122,1.9
6482,6381,123,80.31
6483,6382,123,78.86
6374,6273,123,63.21
6472,6371,123,52.8
8587,8486,123,51.24
8990,8889,123,58.89
7367,7266,123,31.06
6486,6385,123,78.48
6581,6480,123,40.92
7668,7767,123,16.18
6481,6380,124,74.57
6666,6565,124,51.24
7066,6965,124,35.61
7066,7065,124,25.86
7467,7566,124,16.18
8587,8586,124,22.8
6487,6386,124,34.18
7667,7666,124,22.44
6480,6379,125,74.57
7466,7465,125,22.44
8990,8989,125,19.22
6568,6467,125,22.82
6580,6479,125,34.29
6766,6765,125,11.02
6488,6387,125,24.92
6569,6468,125,17.93
6570,6469,125,16.67
7093,7194,125,0.95
6381,6280,126,54.35
6371,6270,126,63.21
6375,6274,126,38.66
6478,6377,126,37.44
6491,6390,126,44.6
7366,7365,126,23.88
6666,6665,126,22.8
6485,6384,126,28.33
7466,7365,126,25.05
6766,6665,126,19.24
6667,6566,126,19.24
6479,6378,127,77.62
8586,8485,127,57.4
7366,7265,127,28.06
6484,6383,127,27.44
6385,6284,127,36.33
8587,8686,127,7.84
6490,6389,127,18.55
7667,7766,127,16.51
6468,6367,128,67.21
6467,6366,128,51.24
6469,6368,128,60.36
6380,6279,128,46.53
6386,6285,128,36.33
6273,6172,128,29.52
8889,8888,128,22.8
6372,6271,128,23.59
8989,8888,128,65.92
6567,6466,128,22.82
7670,7770,128,0.47
6379,6278,129,38.7
6765,6664,129,46.53
7666,7665,129,22.44
6371,6370,129,17.04
6471,6370,129,18.58
7566,7565,129,22.44
7466,7565,129,16.51
7065,6964,129,31.06
7065,7064,129,24.96
6865,6764,129,16.07
6470,6369,129,18.58
7465,7464,130,22.44
6387,6286,130,34.18
8586,8585,130,19.96
6593,6492,130,17.95
6373,6272,130,17.29
6270,6169,130,35.42
6865,6864,130,10.72
6592,6492,130,4.38
6369,6268,131,71.89
6368,6267,131,60.36
6378,6277,131,40.25
6566,6465,131,34.09
6274,6173,131,29.52
7365,7364,131,23.21
7465,7364,131,25.05
6381,6281,131,13.21
7767,7867,131,13.45
8387,8286,131,15.82
6384,6283,131,28.33
7066,7165,131,13.31
6172,6071,132,38.66
6271,6170,132,38.66
7766,7765,132,22.44
8686,8685,132,24.55
7365,7264,132,26.56
7767,7866,132,16.79
6376,6275,132,15.7
8989,8988,132,15.67
8179,8078,132,11.86
6285,6184,132,36.33
8281,8381,132,0.21
6370,6269,132,68.46
6277,6176,133,77.13
8585,8484,133,57.4
6492,6391,133,52.43
6964,6963,133,25.66
6565,6464,133,16.07
6489,6388,133,9.3
6272,6171,134,38.66
7665,7664,134,22.44
7565,7564,134,22.44
6964,6863,134,34.09
6383,6282,134,23.35
7465,7564,134,16.51
6565,6564,134,10.72
8486,8385,134,12.92
6764,6763,134,23.21
6286,6185,134,42.12
7064,7063,134,23.88
7065,7164,134,14.89
8484,8383,135,73.88
6269,6168,135,58.89
6173,6072,135,35.42
6389,6288,135,19.82
6280,6179,135,17.52
7464,7463,135,22.44
7767,7868,135,12.18
6764,6663,135,26.56
8990,9090,135,3.25
7364,7363,136,22.44
8585,8584,136,19.96
6366,6265,136,19.92
7766,7865,136,16.51
7464,7363,136,25.05
8487,8386,136,10.76
6284,6183,136,17.36
8793,8893,136,6.29
6176,6075,137,38.66
7364,7263,137,25.05
6279,6178,137,17.52
8793,8694,137,8.37
8991,9091,137,2.69
6963,6862,138,29.56
6963,6962,138,24.47
6388,6287,138,32.13
7665,7764,138,16.51
6278,6177,138,17.05
6366,6365,138,11.04
8485,8384,138,13.89
8888,8787,138,14.62
7063,7062,138,25.66
8793,8794,138,5.69
7064,7163,138,15.79
6664,6563,138,17.29
7664,7663,139,22.44
7564,7563,139,22.44
6267,6166,139,19.24
6465,6364,139,17.93
7464,7563,139,16.51
6863,6762,139,31.06
6288,6187,140,34.18
7463,7462,140,22.44
9090,9089,140,22.8
6171,6070,140,27.72
6281,6180,140,16.93
8286,8185,140,17.46
6183,6082,140,37.44
6184,6083,140,18.55
8393,8394,140,4.06
7463,7362,141,25.05
6391,6290,141,17.95
6275,6174,141,16.67
6267,6266,141,11.02
6277,6276,141,10.01
8393,8294,141,6.14
6287,6186,142,39.73
6178,6077,142,32.37
6168,6067,142,22.82
8484,8483,142,11.7
6282,6181,142,19.82
6962,6961,142,25.36
6283,6182,142,13.25
8892,8992,142,1.91
6170,6069,142,14.89
7764,7763,143,23.21
7664,7763,143,16.51
6564,6463,143,16.67
8385,8284,143,16.93
6464,6463,143,10.25
6962,6861,143,32.57
8686,8785,143,9.35
8988,8887,143,12.92
6794,6694,143,4.39
6276,6175,144,63.21
7663,7662,144,22.44
7563,7562,144,22.44
6179,6078,144,16.68
7463,7562,144,16.51
6763,6662,144,14.29
6176,6175,144,9.97
6464,6363,144,13.76
6071,5970,144,12.67
6390,6289,144,8.3
6593,6493,144,4.58
6187,6086,144,40.92
7462,7461,145,23.21
6168,6167,145,11.04
6072,5971,145,14.89
8386,8285,145,16.68
6071,5971,145,8.12
6267,6167,145,7.66
6663,6562,145,14.89
7063,7162,145,13.86
7773,7772,145,4.08
8393,8494,145,3.69
7976,7975,145,4.08
6077,5976,146,37.56
7462,7361,146,26.56
9089,9088,146,18.48
6075,5974,146,15.91
6185,6084,146,12.81
8686,8786,146,5.52
6070,5969,146,25.18
6177,6076,147,16.21
7764,7864,147,12.07
7764,7863,147,16.18
6265,6264,147,9.54
6186,6085,147,29.24
6078,5977,148,37.56
7763,7762,148,22.44
6290,6189,148,23.35
7663,7762,148,16.51
6072,5972,148,8.08
6173,6073,148,5.91
6962,7061,148,14.39
8793,8894,148,5.21
5970,5869,148,38.66
9088,8987,149,55.88
7662,7661,149,22.44
7562,7561,149,22.44
6289,6188,149,30.18
6493,6392,149,34.18
6266,6165,149,19.92
7462,7561,149,16.18
6180,6079,149,17.53
6166,6065,149,14.89
6166,6165,149,10.52
6265,6165,149,8.07
6265,6164,149,11.6
6168,6068,149,7.21
7363,7262,149,11.64
6169,6068,149,7.66
6083,5982,149,16.68
5976,5875,150,46.94
6084,5983,150,38.57
6364,6263,150,13.21
6082,5981,150,15.38
6862,6761,150,12.67
6563,6462,150,12.13
5977,5876,151,53.39
6076,5975,151,35.42
9088,9087,151,20.7
5969,5868,151,30.45
6175,6074,151,22.07
6069,5968,151,15.91
6067,5966,151,17.29
5981,5880,152,78.35
8987,8886,152,51.24
6189,6088,152,36.33
6085,5984,152,32.13
6086,5985,152,17.95
7763,7862,152,16.51
6067,6066,152,10.88
6166,6066,152,8.08
7768,7869,152,4.51
5983,5882,153,60.36
6392,6291,153,43.35
7762,7761,153,22.44
7061,6960,153,31.06
7061,7060,153,24.96
7662,7761,153,16.51
8294,8194,153,8.36
6961,6960,153,9.31
6188,6087,153,37.44
8585,8684,153,6.16
6263,6262,154,25.66
7561,7560,154,21.56
6079,5978,154,33.37
7661,7660,154,21.56
8987,8986,154,22.8
5972,5871,154,25.18
5869,5768,154,23.59
5971,5870,154,16.56
6363,6362,154,10.1
9090,9189,154,7.84
6861,6860,154,9.74
7362,7261,154,11.64
8179,8178,154,3.03
5882,5781,155,80.37
9087,9086,155,25.86
6263,6163,155,20.46
6263,6162,155,34.09
6068,5967,155,26.01
5974,5873,155,16.67
6662,6561,155,12.92
6067,5967,155,7.88
6861,6760,155,12.13
5880,5779,155,48.2
5975,5874,156,34.38
5876,5775,156,29.52
7561,7460,156,23.5
5974,5973,156,10.81
5978,5877,157,52.07
7060,7059,157,25.36
6960,6959,157,25.66
5985,5884,157,35.24
7762,7861,157,16.51
5871,5770,158,42.09
6262,6261,158,25.66
7761,7760,158,21.56
6960,6859,158,34.09
5968,5867,158,21.34
7661,7760,158,16.79
7061,7161,158,10.25
7061,7160,158,14.89
7461,7360,158,11.64
6860,6859,158,25.66
9090,9190,158,4.51
5781,5680,159,45.7
9086,8985,159,46.53
7660,7659,159,21.56
6262,6161,159,34.09
9189,9188,159,20.7
5982,5881,159,15.58
6860,6759,159,34.09
6182,6081,159,8.65
6181,6080,159,8.65
8694,8594,159,4.61
6760,6759,159,25.36
6762,6661,159,7.35
5779,5678,159,45.7
7693,7794,159,1.63
7693,7694,159,1.8
5870,5769,159,29.52
5877,5776,160,49.48
9086,9085,160,24.55
6162,6062,160,20.77
6162,6061,160,31.06
8194,8094,160,15.2
6088,5987,160,19.82
5983,5883,160,10.79
6761,6660,160,15.47
6065,5964,160,13.83
6164,6063,160,13.21
7361,7260,160,10.81
6760,6660,160,20.66
6760,6659,160,32.57
7660,7559,161,23.5
5768,5667,161,21.34
6087,5986,161,19.18
5868,5767,161,14.93
5966,5865,161,14.89
5966,5965,161,10.52
5981,5980,161,9.3
6165,6064,161,12.67
7059,6958,161,35.61
7059,7058,161,25.86
8381,8380,161,3.56
5770,5669,161,65.92
5881,5780,162,50.77
5769,5668,162,58.89
5775,5674,162,25.73
7761,7860,162,16.79
9087,9186,162,13.31
5680,5579,162,50.77
8078,8077,162,3.34
7760,7759,163,21.56
7660,7759,163,16.79
7060,7159,163,14.39
9087,9187,163,8.62
5972,5872,163,6.93
7160,7159,163,24.47
5880,5879,163,9.3
6759,6658,163,37.15
6759,6758,163,25.96
7293,7394,163,0.95
5986,5885,164,47.15
6659,6558,164,37.15
5987,5886,164,39.73
7659,7658,164,20.54
5873,5772,164,17.05
6291,6190,164,13.25
5966,5866,164,8.08
6290,6190,164,4.5
7693,7594,164,2.81
5674,5573,165,61.51
6062,5962,165,20.72
6063,5963,165,20.46
6063,5962,165,34.09
6262,6361,165,13.86
5678,5577,165,24.38
5780,5679,166,40.93
7559,7459,166,20.72
7559,7558,166,23.88
7058,7057,166,23.21
6659,6559,166,19.83
6062,5961,166,28.06
5883,5782,166,25.73
7659,7558,166,21.86
5884,5783,166,16.24
5874,5773,166,14.19
6958,6858,166,20.72
6958,6957,166,23.88
5875,5774,166,8.9
6079,5979,166,6.08
6080,5979,166,22.82
6694,6594,166,4.39
5879,5778,166,48.2
5779,5778,166,9.47
7867,7967,166,2.87
9091,9191,166,3.47
7874,7873,166,2.18
7159,7158,167,25.66
7559,7458,167,28.06
5867,5766,167,17.29
7760,7859,167,16.79
6958,6857,167,28.06
6493,6393,167,4.38
7866,7966,167,2.87
5772,5671,168,46.94
6190,6089,168,37.44
5669,5568,168,22.82
6661,6560,168,16.07
7659,7758,168,17
7975,7974,168,4.39
7160,7259,168,15.36
8785,8784,168,4.08
6758,6757,168,22.44
5782,5681,169,50.77
5773,5672,169,57.42
5667,5566,169,19.24
5979,5878,169,52.07
7772,7771,169,4.33
5678,5677,169,10.98
6758,6657,169,25.05
6393,6292,170,47.15
5774,5673,170,42.12
5679,5578,170,46.94
6559,6458,170,41.82
5573,5472,170,34.38
7058,7157,170,16.18
5577,5476,170,29.52
5964,5863,170,14.52
5579,5478,170,18.58
7460,7359,170,10.81
6462,6461,170,5.13
6562,6461,170,5.82
7868,7968,170,2.87
9091,9092,170,3.11
5770,5670,170,8.79
7393,7494,170,0.99
5783,5682,171,33.14
7459,7358,171,34.09
5767,5666,171,14.79
5965,5864,171,14.32
5865,5764,171,14.29
5667,5666,171,11.02
9086,9185,171,9.35
8684,8583,171,8.23
7865,7965,171,2.87
7866,7965,171,3.69
5681,5580,172,56.06
5878,5777,172,53.39
6559,6459,172,18.37
5872,5771,172,17.52
5668,5567,172,15.1
5776,5675,172,12.67
8794,8695,172,4.21
5472,5371,173,61.8
5672,5571,173,38.66
5671,5570,173,29.52
5886,5785,173,17.36
5776,5676,173,8.12
8986,8885,173,7.68
5670,5569,173,61.8
5580,5479,174,78.35
5682,5581,174,62.88
7359,7258,174,35.61
5863,5762,174,44.96
5476,5375,174,38.57
6558,6457,174,14.15
5866,5765,174,14.29
9187,9286,174,13.31
7159,7258,174,13.86
8380,8279,174,11.59
6088,5988,174,4.55
5863,5862,175,25
5673,5572,175,30.18
5573,5572,175,10.3
9187,9287,175,8.62
5577,5576,175,10.67
6291,6191,175,4.7
8194,8095,175,6.54
8794,8795,175,2.73
7865,7964,175,3.69
5569,5468,176,58.89
6459,6358,176,46.53
7358,7357,176,23.21
5472,5471,176,17.75
5863,5763,176,17.17
7158,7257,176,15.79
5675,5574,176,44.6
6757,6656,176,19.24
6857,6756,176,16.67
9189,9288,176,6.54
6957,6956,176,10.25
5571,5470,176,60.36
5371,5270,176,57.4
5375,5274,177,64.25
5785,5684,177,42.09
5766,5665,177,14.41
7057,7056,177,9.93
5962,5861,177,12.18
6658,6557,177,10.81
6261,6260,177,5.29
9190,9289,177,7.84
6857,6856,177,10.81
6561,6460,177,6.6
8194,8195,177,4.34
6957,6856,177,13.76
8684,8683,177,4.33
8483,8482,177,2.93
6657,6556,177,19.24
5581,5480,178,44.6
9286,9285,178,25.66
5566,5465,178,17.29
5568,5467,178,15.21
5478,5377,178,19.24
5885,5784,178,10.75
6161,6160,178,5.43
7893,7894,178,1.44
7993,7994,178,1.27
7293,7294,178,1.05
5470,5369,179,54.35
6457,6357,179,20.77
6457,6356,179,31.06
6457,6456,179,24.96
5574,5473,179,50.77
5988,5887,179,32.13
6459,6359,179,16.53
5764,5663,179,17.93
5566,5565,179,10.88
6061,6060,179,5.29
8985,8884,179,7.13
5270,5169,179,58.89
5676,5575,179,27.44
5471,5370,179,55.88
5371,5370,179,19.96
5274,5173,180,65.92
7257,7156,180,38.7
7257,7256,180,25.96
5862,5761,180,31.06
6191,6090,180,35.24
5567,5466,180,19.92
7358,7457,180,16.18
5472,5372,180,10.25
7157,7156,180,10.25
5478,5477,180,11.02
5576,5475,180,33.14
5570,5469,180,22.07
5784,5683,181,66.64
5684,5583,181,59.67
7357,7356,181,21.21
8095,7995,181,21.72
9190,9290,181,3.19
6359,6258,182,51.72
6260,6259,182,24.1
5468,5367,182,30.17
5377,5276,182,35.45
5372,5271,182,73.67
9085,8984,182,6.78
6061,5960,182,10.98
8985,8984,182,4.16
5270,5269,182,14.66
7769,7870,182,1.47
5575,5474,182,64.35
5169,5068,182,73.02
5371,5271,182,12.13
5583,5482,183,82.82
5173,5072,183,68.35
6060,5959,183,37.64
6260,6159,183,32.69
5765,5664,183,20.12
5478,5378,183,8.48
7658,7657,183,6.21
9085,9084,183,4.21
6556,6455,183,23.55
5683,5582,184,66.18
5887,5786,184,29
6060,6059,184,24.29
6357,6257,184,20.05
5369,5268,184,29.98
5274,5273,184,16.85
8095,8096,184,10.06
6090,5989,184,44.18
5762,5661,184,16.46
9286,9386,184,13.45
9286,9385,184,16.49
6656,6555,184,17.55
5269,5168,184,73.02
7558,7557,184,6.25
6361,6360,184,6.06
7658,7557,184,12.23
8178,8177,184,2.82
7863,7963,184,1.81
5271,5170,184,73.69
5072,4971,185,91.63
5367,5266,185,57.34
6259,6158,185,56.8
5475,5374,185,33.71
7457,7456,185,24.23
5469,5368,185,29.13
6456,6355,185,22.76
6357,6256,185,22.88
5467,5366,185,24.87
5465,5364,185,21.83
7357,7456,185,16.39
5763,5662,185,19.52
5276,5175,185,54.4
8095,7996,185,13.6
5582,5481,186,83.28
5170,5069,186,74.87
5273,5172,186,72.68
5482,5381,186,50.11
6159,6058,186,63.26
7356,7355,186,22.28
5477,5376,186,25.39
5565,5464,186,21.33
6356,6255,186,20.2
5274,5174,186,12.98
5665,5564,186,18
6656,6655,186,10.02
7758,7757,186,6.16
5961,5860,186,10.65
8194,8295,186,6.07
6059,5958,187,64.17
5268,5167,187,66.75
7356,7255,187,26.02
5466,5365,187,23.11
5663,5562,187,19.84
8884,8783,187,18.33
7859,7858,187,6.01
4971,4870,187,79.99
5168,5067,187,68.8
7863,7962,187,2.82
5474,5373,187,34.71
5068,4967,187,29.98
5172,5071,188,85.71
5069,4968,188,75.35
5786,5685,188,39.25
5175,5074,188,48.76
5661,5560,188,37.68
6856,6755,188,12.74
6856,6855,188,9.44
6956,6855,188,12.68
9286,9387,188,12.37
6594,6494,188,5.01
6756,6755,188,8.13
5989,5888,188,43.2
5481,5380,189,65.44
5174,5073,189,53.15
6257,6157,189,20.75
5661,5561,189,21.22
5661,5660,189,24.29
6258,6157,189,20.47
5367,5267,189,14.9
5173,5073,189,11.58
5761,5660,189,16.09
7056,6955,189,13.72
8095,8196,189,9.21
4870,4769,189,80.3
4967,4866,190,60.59
5376,5275,190,46.23
7456,7455,190,20.06
7996,7896,190,21.76
7996,7895,190,30.95
6257,6156,190,24.92
5959,5858,190,20.62
7356,7455,190,15.86
8683,8582,190,11.85
6393,6293,190,4.93
5372,5272,190,10.31
5071,4970,190,77.41
5373,5272,190,69.62
9091,9192,190,2.18
5685,5584,191,65.44
5074,4973,191,62.24
7355,7354,191,21.28
5664,5563,191,19.39
8984,8883,191,16.04
5761,5760,191,9.94
7457,7556,191,13.45
7156,7055,191,13.21
6292,6192,191,5.17
4769,4668,191,80.15
4970,4869,192,75.66
5858,5757,192,74.04
5073,4972,192,63
5888,5787,192,38.07
7896,7795,192,123.31
7355,7254,192,23.82
5366,5265,192,23.19
9386,9486,192,12.63
5960,5859,192,15.05
9285,9284,192,7.72
5272,5171,192,79.72
5271,5171,192,10.3
4866,4765,193,57.33
4968,4867,193,30.21
4967,4966,193,17.79
5381,5280,193,22.53
5364,5263,193,18.52
6256,6155,193,17.91
6158,6057,193,19.77
5266,5165,193,19.14
9386,9485,193,16.12
9084,8983,193,14.62
5377,5277,193,6.93
8695,8595,193,5.09
4668,4567,193,71.19
5067,4966,193,24.7
4869,4768,194,76.1
4972,4871,194,94.77
5584,5483,194,69.3
4973,4872,194,65.15
5380,5279,194,28.85
6157,6056,194,32.32
5660,5559,194,34.9
5660,5659,194,24.3
5958,5857,194,21.23
5464,5363,194,18.78
5564,5463,194,19.22
6058,5957,194,19.13
7456,7555,194,16.75
5170,5070,194,10.05
7256,7155,194,10.25
9285,9184,194,8.57
7862,7961,194,2.81
7869,7969,194,1.77
6455,6354,194,13.9
6455,6454,194,9.68
6994,6895,194,1.86
5171,5070,194,76.76
5859,5758,195,51.3
5267,5166,195,23.98
5365,5264,195,18.92
5562,5461,195,18.85
5167,5066,195,19.64
7355,7454,195,16.36
7455,7454,195,23.65
6355,6254,195,14.27
5480,5379,195,8.35
5479,5379,195,5.15
5070,4969,196,75.19
4966,4865,196,55.28
4867,4766,196,60.89
4765,4664,196,58
6192,6091,196,32.9
4866,4865,196,18.95
5074,4974,196,13.31
7996,7897,196,13.35
7996,7997,196,9.78
4567,4466,196,64.75
6555,6554,196,9.07
7094,6995,196,1.85
5483,5382,197,67.72
4768,4667,197,69.39
5279,5178,197,61.8
5277,5176,197,44.85
5563,5462,197,24.37
7757,7656,197,13.46
6655,6654,197,9.44
9386,9487,197,11.47
6255,6154,197,13.23
9191,9291,197,2.79
8380,8379,197,2.52
6894,6795,197,1.77
5758,5657,198,66.13
4872,4771,198,41.33
5280,5179,198,30.8
5787,5686,198,27.41
5859,5759,198,17.04
5561,5460,198,16.62
5560,5459,198,15.34
4871,4770,198,36.15
8177,8076,198,10.21
9485,9384,198,29.91
9485,9484,198,23.57
5176,5075,199,94.58
4865,4764,199,55.95
4766,4665,199,59.44
6091,5990,199,57.45
5379,5278,199,37.35
4974,4873,199,63.23
4966,4965,199,19.7
4765,4764,199,18.71
6855,6754,199,13.51
6855,6854,199,9.61
6755,6754,199,9.77
7255,7154,199,12.57
7555,7554,199,24.31
4466,4365,199,67.9
5686,5585,200,76.7
4771,4670,200,88.82
4667,4566,200,61.17
7454,7353,200,30.98
7454,7453,200,23.81
4869,4868,200,13.08
5757,5656,200,18.65
5265,5164,200,18.68
7556,7655,200,15.74
6156,6055,200,15.4
8783,8682,200,10.95
5165,5064,200,23.02
4770,4669,200,86.89
4567,4566,200,16.37
7861,7960,200,2.81
5657,5556,201,61.07
4768,4767,201,14.92
4867,4767,201,13.73
7055,6954,201,14.66
7354,7253,201,14.18
7996,8097,201,8.93
5263,5162,201,19.52
4567,4467,201,12.56
4668,4568,201,10.87
7094,7095,201,1.16
4665,4564,202,59.97
4965,4864,202,53.94
5179,5078,202,43.25
5460,5359,202,42.48
5759,5658,202,41.15
5382,5282,202,21.67
5382,5281,202,29.56
4865,4864,202,19.45
5363,5262,202,19.9
5463,5362,202,19.8
9284,9183,202,14.44
9486,9586,202,10.54
9486,9585,202,14.73
7055,7054,202,9.8
8582,8481,202,12.11
4670,4569,202,91.79
7757,7756,202,6.28
5990,5889,202,55.63
4764,4663,202,54.45
9484,9383,202,39.17
8794,8895,202,1.8
5585,5484,203,60.52
5460,5360,203,20.04
4667,4666,203,17.59
8379,8278,203,24.63
5461,5360,203,17.95
5166,5065,203,18.68
5659,5558,203,17.47
5264,5163,203,18.65
6056,5955,203,16.24
9484,9483,203,24.17
9485,9584,203,14.75
4566,4465,203,63.09
4466,4465,203,15.37
4873,4772,204,30.3
4965,4964,204,20.18
5559,5458,204,14.99
9184,9083,204,14.31
5857,5756,204,15.68
4974,4874,204,13.01
4569,4468,204,87.05
7858,7857,204,6.13
4467,4366,204,68.95
6454,6353,204,15.09
4664,4563,204,19.13
6354,6253,204,15.49
6794,6695,204,1.69
5658,5557,205,50.34
7353,7252,205,29.4
7353,7352,205,23.43
7453,7352,205,33.04
7453,7452,205,24.15
5462,5361,205,19.46
6254,6153,205,14.88
7454,7553,205,14.41
5857,5856,205,9.91
5957,5956,205,9.4
6057,5956,205,12.73
6055,5954,205,28.66
6055,6054,205,23.22
4864,4763,205,54.33
6155,6054,205,11.96
7655,7654,205,24.32
6554,6453,205,15.82
4764,4763,205,20
6454,6453,205,9.85
4772,4671,206,91.46
5484,5383,206,64.29
4666,4565,206,61.59
5281,5180,206,39.81
5282,5181,206,46.23
5278,5177,206,20.46
6654,6553,206,16.32
4468,4367,206,79.51
4365,4264,206,23.43
5889,5788,206,43.84
4566,4565,206,16.93
4964,4863,207,53.94
5558,5457,207,38.6
5162,5061,207,24.3
5064,4963,207,23.47
7656,7755,207,14.33
6154,6053,207,14.34
8883,8782,207,8.92
4864,4863,207,20.04
7860,7959,207,2.81
5164,5063,207,22.54
4671,4570,208,91.46
5856,5755,208,49.69
5557,5456,208,51.46
4763,4662,208,52.74
5956,5855,208,51.64
4874,4773,208,43.19
5955,5855,208,21.69
5955,5854,208,34.29
5459,5358,208,14.99
9384,9283,208,14.78
5382,5283,208,13.82
6654,6653,208,9.96
8595,8495,208,6.96
9486,9587,208,9.3
6494,6394,208,5.06
4264,4163,208,91.7
4367,4266,208,76.1
5180,5079,209,51.64
5362,5261,209,20.39
5556,5455,209,19.67
5262,5161,209,20.32
4570,4469,210,96.84
4773,4672,210,76.76
5061,4960,210,56.62
5063,4962,210,51.58
5177,5076,210,45.03
7452,7351,210,32.41
7452,7451,210,24.06
4763,4762,210,20.61
6054,5953,210,29.26
4874,4774,210,19.83
5163,5062,210,22.54
4465,4364,210,22.26
4663,4562,210,18.3
6754,6753,210,9.85
4963,4862,210,52.12
5954,5853,210,31.08
5954,5953,210,23.83
7254,7153,210,8.22
6293,6193,210,5.06
9289,9388,210,4.22
4863,4762,210,52.62
4366,4265,210,24.23
4564,4463,210,19.56
5456,5355,211,55.06
5457,5356,211,40.15
7453,7552,211,13.73
5178,5077,211,10.54
7897,7796,211,9.44
6192,6092,211,5.03
7655,7754,211,12.88
9484,9583,211,11.62
5076,4975,212,72.93
4672,4571,212,89.15
4469,4368,212,91.46
5161,5060,212,57.66
5358,5257,212,36.26
5457,5357,212,20.68
5181,5080,212,23.61
5854,5753,212,36.38
4563,4462,212,17.95
5360,5259,212,17.24
9383,9282,212,15.44
5359,5258,212,15.52
8682,8581,212,12.3
8983,8882,212,7.45
5787,5687,212,5.06
7967,8066,212,2.82
9483,9382,212,15.81
7796,7695,213,98.41
5062,4961,213,53.13
4862,4761,213,52.97
5361,5260,213,18.72
7054,6953,213,12.95
7054,7053,213,9.49
5656,5555,213,11.55
9586,9686,213,9.69
9586,9685,213,13.99
4962,4861,213,52.37
7974,7973,213,2.08
4565,4464,213,21.15
4368,4267,214,86.56
4571,4470,214,91.46
5080,4979,214,79.7
5077,4976,214,64.6
6092,5991,214,56.67
5079,4978,214,34.23
9083,8982,214,14.67
8177,8176,214,3.42
7859,7958,214,2.81
7966,8065,214,2.83
7967,8067,214,1.81
4266,4165,214,27.01
6253,6152,214,15.07
5687,5586,215,55.24
5356,5255,215,41.52
7351,7251,215,21.76
7351,7250,215,30.95
7351,7350,215,23.81
5060,4959,215,54.41
7451,7350,215,32.39
7451,7450,215,24.06
5161,5160,215,18.83
7352,7251,215,14.7
5853,5752,215,30.79
5853,5852,215,23.77
5953,5852,215,30.7
5953,5952,215,23.75
6153,6052,215,14.69
8892,8993,215,1.23
6453,6352,215,15.18
6253,6252,215,9.85
4470,4369,216,99.09
5356,5256,216,20.32
4662,4561,216,18.45
4165,4064,216,109.01
7452,7551,216,13.94
7897,7797,216,5.15
4267,4166,216,91.1
4265,4164,216,26.13
9290,9389,216,4.12
4961,4860,216,55.95
5260,5159,216,50.88
6553,6452,216,14.87
6453,6452,216,9.86
4976,4875,217,64.46
5991,5890,217,61.43
4364,4263,217,21.73
5060,5059,217,20.01
7252,7152,217,8.44
5656,5655,217,6.15
6854,6853,217,5.82
4163,4062,217,15.81
4264,4263,217,9.95
7194,7195,217,1.1
6553,6552,217,9.82
4369,4268,218,96.18
5586,5485,218,70.04
4762,4661,218,19.03
4463,4362,218,18.68
9283,9182,218,14.87
7755,7855,218,9.4
7755,7854,218,13.71
7252,7151,218,11.77
4164,4063,218,86.75
4960,4859,218,18.47
7873,7872,218,1.81
4263,4162,219,73.63
4978,4877,219,33.37
4462,4361,219,20.56
5355,5254,219,18.14
4562,4461,219,17.48
4773,4673,219,9.66
5181,5081,219,7.99
5255,5154,219,39.05
4163,4162,219,9.92
9586,9687,219,8.47
7965,8064,219,2.82
6653,6652,219,9.72
4268,4167,220,92.57
4062,3961,220,61.61
7350,7249,220,31.26
7350,7349,220,23.87
8782,8681,220,11.07
4874,4775,220,9.23
7857,7856,220,6.27
5255,5155,220,20.94
9583,9482,220,15.9
5752,5652,220,21.5
5752,5751,220,23.1
7968,8068,220,1.82
4673,4572,221,74.54
5485,5384,221,67.72
4362,4261,221,69.35
4861,4760,221,19.11
4761,4660,221,18.53
4464,4363,221,20.12
9282,9181,221,16.8
9382,9281,221,15.9
7451,7550,221,13.95
5455,5354,221,12.47
5256,5156,221,21.76
5890,5789,221,44.13
5752,5651,221,28.26
5259,5158,221,16.07
4166,4065,221,31.31
4775,4674,222,100.98
5154,5053,222,49.33
4877,4776,222,67.79
4162,4061,222,54.74
4979,4878,222,18.43
8982,8881,222,18.28
9686,9786,222,11.59
4774,4674,222,8.6
4167,4066,222,101.95
5283,5182,222,10.8
5254,5153,222,49.61
9191,9292,222,2.33
4572,4471,223,86.39
4065,3964,223,109.42
4361,4260,223,46.63
9686,9785,223,15.51
7654,7653,223,5.63
7694,7595,223,2.42
4066,3965,223,142.27
8176,8075,223,17.59
3961,3860,224,45.26
4361,4360,224,22.61
5081,4980,224,34.59
4561,4460,224,19.3
4860,4759,224,18.15
4959,4858,224,17.09
6152,6051,224,15.1
8581,8480,224,12.5
5254,5253,224,21.68
6695,6595,224,5.12
9290,9390,224,2.37
7964,8063,224,2.8
7053,6952,224,13.73
7053,7052,224,9.65
6953,6852,224,13.85
6953,6952,224,9.67
4471,4370,225,93.8
5158,5057,225,37.68
3961,3960,225,22.99
7349,7248,225,30.01
7349,7348,225,23.59
5154,5054,225,17.75
4162,4161,225,19.89
4263,4262,225,13.72
4062,3962,225,13.5
7350,7449,225,14.32
6152,6151,225,9.85
4978,4977,225,9.18
4064,3963,225,17.63
5652,5551,225,32.72
5752,5851,225,15.25
5258,5157,225,11.14
5155,5055,225,21.65
5155,5054,225,34.75
4260,4159,226,53.19
4776,4675,226,40.39
4674,4573,226,45.48
5158,5058,226,21.22
5156,5056,226,21.74
3961,3861,226,19.16
4661,4560,226,18.26
7797,7696,226,15.12
6052,5951,226,13.6
5455,5454,226,6.22
5788,5688,226,5.11
9183,9082,226,6.1
5059,4958,226,17.29
4370,4269,227,96.35
4980,4879,227,54.16
4460,4359,227,55.72
4061,4060,227,24.12
9182,9081,227,16.8
7855,7955,227,11.59
4859,4758,227,16.77
6452,6351,227,13.4
6452,6451,227,9.59
7250,7149,227,12.37
7251,7150,227,12.42
9686,9787,227,10.36
9685,9684,227,7.42
8882,8781,227,9.99
6753,6752,227,5.9
4675,4574,228,80.62
4260,4259,228,20.45
4878,4777,228,25.14
4674,4574,228,19.09
7855,7954,228,15.51
4573,4472,228,76.76
5283,5183,228,5.17
6394,6294,228,5.05
4269,4168,229,97.16
4159,4058,229,47.59
4977,4876,229,43.89
5055,4954,229,39.19
8495,8395,229,4.79
3861,3760,229,47.27
9487,9488,229,3.15
7869,7970,229,1.51
4472,4371,230,86.05
4060,3959,230,48.37
5851,5850,230,22.29
4161,4160,230,21.15
7449,7448,230,23.94
5055,4955,230,20.91
7248,7148,230,21.59
7248,7147,230,28.85
7248,7247,230,23.28
4460,4459,230,19.53
4260,4160,230,16.36
3965,3864,230,20.61
8881,8780,230,18.85
9281,9180,230,16.22
9181,9080,230,17.03
4660,4559,230,17.63
4760,4659,230,17.48
4261,4160,230,16.75
5688,5587,230,43.28
7349,7448,230,14.72
9482,9381,230,15.44
5555,5554,230,6.07
6193,6093,230,5.14
3962,3862,230,20.9
7754,7753,230,5.54
6352,6251,230,9.77
4574,4473,231,56.36
4359,4258,231,43.13
4168,4067,231,101.32
5951,5950,231,23.33
4159,4158,231,22.33
5851,5750,231,26.05
3964,3863,231,18.17
7958,7957,231,6.1
9192,9093,231,3.47
5153,5052,231,17.48
3864,3763,232,84.09
4371,4270,232,91.29
5183,5082,232,46.04
4060,4059,232,22.08
4359,4358,232,23.51
4159,4059,232,18.37
8681,8580,232,11.92
7855,7956,232,10.36
6092,5992,232,4.83
3861,3761,232,18.48
4473,4372,233,78.68
4777,4676,233,33.88
3860,3759,233,17.56
4759,4658,233,17.06
4858,4757,233,16.49
5587,5486,233,48.49
4067,3966,233,127.3
5253,5152,233,15.84
4954,4853,233,40.63
5651,5550,233,12.21
4955,4854,234,36.05
5554,5453,234,44.88
3960,3859,234,17.66
6952,6851,234,14.31
5081,4981,234,7
7151,7050,234,8.86
4954,4854,234,20.56
4954,4953,234,23.98
5054,4953,234,17.14
9587,9588,234,3.99
4258,4157,235,42.83
3863,3762,235,46.47
4459,4458,235,24.33
3966,3865,235,135.45
4955,4855,235,21.49
7448,7347,235,30.66
7448,7447,235,23.74
4574,4474,235,15.24
4758,4657,235,17.82
7955,8055,235,13.3
9082,8981,235,16.97
4958,4857,235,16.13
7449,7548,235,14.2
6151,6050,235,14.6
7248,7347,235,15.07
6952,6951,235,9.74
3761,3660,235,51.8
3862,3762,235,20.77
7152,7051,235,8.07
6552,6551,235,5.76
5992,5891,235,57.25
5991,5891,235,4.79
5551,5450,235,14.55
7963,8062,235,2.82
7594,7495,235,2.08
4658,4557,236,49.33
4358,4257,236,39.01
4258,4257,236,23.58
5486,5385,236,55.22
5052,5051,236,23.61
9081,8980,236,17.51
7955,8054,236,16.43
5058,4957,236,15.65
7449,7549,236,9.92
6151,6150,236,9.79
5057,4956,236,13.89
6852,6751,236,12.28
9785,9784,236,7.73
4853,4752,236,57.87
7797,7697,236,5.15
5254,5353,236,8.38
7975,8074,236,1.48
4981,4880,237,67.56
4676,4575,237,41.73
4757,4656,237,41.15
4358,4357,237,24.18
4953,4852,237,51.02
5751,5650,237,8.46
6652,6651,237,5.7
7854,7853,237,5.45
3760,3659,237,17.93
5651,5650,237,6.55
9192,9193,237,2.15
7697,7596,238,98.41
5385,5284,238,96.9
4474,4373,238,63.74
4854,4753,238,38.38
5152,5151,238,22.9
4757,4756,238,23.9
4270,4169,238,25.77
8780,8679,238,18
4659,4558,238,17.92
4058,3957,238,17.16
7149,7048,238,13.29
3761,3661,238,16.86
3660,3559,238,55.29
5890,5790,238,4.95
7962,8061,238,2.82
4157,4056,239,40.93
4854,4754,239,21.09
3959,3858,239,17.52
7955,8056,239,12.21
4373,4272,240,80.98
3659,3558,240,50.64
4257,4156,240,40.78
4458,4457,240,23.89
4157,4057,240,20.48
4157,4156,240,23.93
4657,4556,240,35.23
4855,4755,240,21.66
4169,4068,240,100.78
4158,4057,240,16.87
9080,8979,240,15.27
9180,9079,240,14.54
7448,7547,240,14.51
4372,4271,240,23.02
7653,7652,240,5.9
9381,9280,240,15.7
5450,5449,240,24.29
4753,4652,241,25.79
3659,3658,241,45.08
4656,4655,241,32.33
4357,4256,241,28.28
4357,4356,241,36.6
4557,4456,241,26.79
4257,4256,241,38.26
3762,3662,241,9.84
4059,3958,241,3.32
6251,6250,241,10.39
3661,3560,241,23.94
8781,8680,241,4.65
3559,3458,241,24.38
3763,3662,241,12.39
7394,7295,241,1.3
7772,7871,241,2.34
4056,4055,242,38.66
4656,4555,242,27.09
5152,5252,242,16.62
5152,5251,242,17.63
7147,7046,242,5.69
7148,7047,242,5.73
5850,5749,242,6.03
9583,9582,242,11.3
5789,5689,242,2.68
3558,3557,243,45.34
3865,3764,243,12.82
4955,4856,243,9.84
8055,8155,243,15.05
7961,8060,243,4.47
4456,4455,244,35.3
4356,4355,244,37.4
4256,4255,244,38.38
3658,3657,244,43.24
4056,3955,244,28.49
4754,4653,244,28.46
4652,4651,244,37.98
7050,7049,244,10.9
5950,5849,244,6.6
6451,6450,244,7.07
7150,7049,244,6.47
4878,4778,244,2.47
9482,9481,244,11.43
3458,3457,244,48.06
8055,8154,244,19.27
5450,5549,244,19.35
6351,6350,244,7.05
7494,7395,244,1.39
4555,4554,245,34.78
4055,4054,245,39.95
4655,4654,245,32.97
7549,7649,245,13.21
7549,7648,245,19.76
5251,5250,245,49.69
5950,5949,245,11.64
7147,7146,245,11.62
9684,9683,245,11.57
9787,9886,245,12.13
9687,9688,245,3.69
7973,7972,245,10.15
8176,8175,245,10.42
4256,4155,246,28.48
4880,4779,246,9.27
6951,6950,246,9.04
4474,4374,246,6.24
6851,6850,246,8.85
7753,7752,246,7.39
7247,7246,246,7.72
9180,9179,246,11.64
8278,8277,246,8.91
8379,8378,246,8.56
3955,3954,247,40.14
4355,4354,247,34.82
3657,3656,247,40.54
4055,3954,247,28.49
3662,3561,247,23.75
4056,3956,247,12.41
6150,6149,247,11.37
6751,6750,247,9.67
6050,6049,247,11.65
7050,6949,247,9.71
8480,8479,247,9.74
9381,9380,247,11.4
8881,8880,247,10.09
3763,3663,247,4.83
3458,3357,247,25.5
7954,7953,247,5.32
7960,8059,247,4.47
7969,8069,247,2.52
6895,6796,247,1.82
6895,6896,247,1.46
4554,4553,248,37.01
4555,4454,248,27.89
9784,9783,248,11.36
3759,3758,248,10.59
4752,4751,248,11.57
8780,8779,248,10.42
4852,4851,248,11.65
3560,3459,248,22.48
5250,5249,248,46.21
6595,6495,248,2.46
8055,8156,248,12.75
9291,9391,248,2.75
4155,4154,249,38.66
7146,7145,249,31.93
3955,3854,249,28.49
3657,3556,249,28.46
4272,4171,249,16.39
9280,9279,249,11.65
8679,8678,249,10.9
4575,4475,249,6.53
4652,4552,249,12.72
8580,8579,249,9.64
8074,8073,249,10.48
8979,8978,249,11.65
9079,9078,249,11.54
5449,5448,249,11.6
3954,3953,250,37.7
3656,3655,250,43.94
4554,4453,250,28.34
4355,4254,250,27.9
3858,3857,250,10.59
7549,7650,250,10.38
5082,4982,250,3.8
7347,7346,250,7.75
9787,9887,250,5.36
7447,7446,250,7.77
8695,8596,250,1.34
7146,7045,251,26.94
3457,3456,251,15.06
5749,5748,251,11.6
7046,7045,251,11.66
3658,3757,251,14.81
5353,5352,251,7.44
6551,6550,251,6.9
5252,5352,251,12.09
5453,5352,251,6.7
4171,4170,251,51.9
8155,8255,251,14.25
8155,8254,251,19.63
9582,9581,251,11.43
7897,7898,251,1.94
3556,3555,252,41.77
3954,3853,252,28.43
4068,3967,252,11.84
6751,6650,252,8.94
7959,8058,252,4.47
7897,7798,252,2.33
7853,7852,252,7.09
3655,3654,253,45.13
4453,4452,253,45.62
7146,7245,253,19.33
3955,3855,253,11.72
5849,5848,253,11.52
3657,3756,253,16.26
9481,9480,253,11.51
7547,7546,253,7.79
4374,4273,253,22.17
7145,7144,253,30.66
5688,5588,253,2.4
7552,7651,253,4.48
5549,5548,253,11.59
6250,6249,253,8.35
3556,3455,254,28.3
3663,3562,254,21.18
4552,4451,254,28.51
5949,5948,254,11.4
9683,9682,254,11.38
8056,8057,254,7.11
3357,3356,254,15.31
9390,9489,254,6.58
3853,3852,255,36.73
8175,8174,255,10.71
9886,9885,255,11.04
7972,7971,255,10.83
5650,5649,255,5.62
7145,7044,255,26.39
3459,3358,255,22.09
9787,9788,255,3.45
3458,3358,255,7.69
6350,6349,255,9.47
8066,8165,255,4.47
9179,9178,255,11.61
3756,3755,256,43
3654,3653,256,43.19
3655,3554,256,27.28
4453,4352,256,27.05
3954,4053,256,17.55
6049,6048,256,12.09
9380,9379,256,11.61
4054,4053,256,9.76
3865,3765,256,3.92
8277,8276,256,10.05
8067,8166,256,4.47
8065,8164,256,4.47
8155,8256,256,11.63
3853,3752,257,28.3
6149,6148,257,10.24
8880,8879,257,11.06
6949,6948,257,10.59
6850,6849,257,9.61
8378,8377,257,9.27
9783,9782,257,11.54
8779,8778,257,11.52
7145,7244,257,19.54
4777,4677,257,2.38
6294,6194,257,2.37
3852,3851,258,40.5
3855,3754,258,28.39
9279,9278,258,11.62
8978,8977,258,11.51
5448,5447,258,11.59
9078,9077,258,11.56
6750,6749,258,9.73
8678,8677,258,11.58
7048,6947,258,6.61
3560,3460,258,6
9292,9392,258,3.45
4171,4070,258,16.32
6795,6696,258,1.97
8054,8053,258,4.42
8795,8696,258,1.38
8695,8696,258,1.05
3554,3553,259,45.13
4352,4351,259,47.48
4053,4052,259,37.5
3653,3652,259,41.02
3654,3553,259,27.98
4354,4353,259,8.99
8479,8478,259,8.73
7648,7647,259,7.64
8073,8072,259,10.45
8255,8355,259,13.43
8255,8354,259,19.76
5183,5083,259,2.26
8056,8157,259,7.5
8068,8167,259,4.47
8064,8163,259,4.47
3752,3751,260,39.17
3852,3751,260,28.46
3455,3454,260,18.82
4070,4069,260,50.61
3853,3753,260,13.28
3853,3952,260,17.94
5748,5747,260,11.26
3857,3856,260,10.76
8579,8578,260,9.54
4475,4375,260,9.35
4154,4153,260,9.21
9588,9589,260,3.89
3357,3256,260,11.69
7752,7751,260,7.59
9581,9580,260,11.61
8595,8496,260,1.59
3653,3552,261,28.41
3356,3355,261,15.96
6450,6449,261,6.1
4273,4172,261,17.69
9785,9884,261,3.34
6093,5993,261,2.48
4052,4051,262,45.41
6947,6946,262,27.48
3752,3651,262,28.51
3554,3453,262,27.28
5848,5847,262,11.4
5548,5547,262,11.37
9480,9479,262,11.64
6550,6549,262,9.84
9887,9986,262,12.51
4254,4253,262,8.86
7798,7698,262,10.2
4779,4678,262,9.23
4982,4881,262,12.82
3358,3257,262,23.42
7144,7143,262,11.64
5587,5487,262,2.36
8063,8162,262,4.47
8979,8878,262,6.52
9192,9293,262,2.18
7953,7952,262,6.79
3952,3951,263,42.47
3751,3750,263,46.78
6948,6847,263,24.55
5948,5947,263,11.51
6650,6649,263,9.76
7446,7445,263,7.83
6750,6649,263,8.98
9682,9681,263,11.48
3256,3255,263,40.11
7346,7345,263,7.78
3764,3664,263,5.08
8354,8353,263,28.36
8895,8994,263,3.45
3355,3354,264,45.13
6947,6846,264,24.73
6948,6848,264,16.64
6949,6848,264,8.59
7044,7043,264,11.58
4374,4274,264,5.85
6249,6248,264,9.28
9178,9177,264,11.65
8154,8153,264,5.02
5649,5648,264,11.6
3651,3650,265,48.3
4253,4252,265,41.5
4353,4252,265,27.59
9379,9378,265,11.51
8174,8173,265,10.66
7046,6945,265,6.25
8255,8356,265,10.62
3256,3155,265,28.49
8068,8168,265,2.6
8354,8253,265,25.23
3255,3254,266,44.09
9986,9985,266,27.34
3454,3353,266,27.32
7244,7243,266,11.61
9782,9781,266,11.64
8276,8275,266,11.08
3562,3461,266,12.82
7546,7545,266,7.87
3663,3563,266,5.43
6349,6348,266,9.79
3459,3359,266,5.82
8778,8777,266,11.56
7852,7851,266,7.6
8795,8796,266,1.07
6995,6996,266,1.24
8355,8454,267,19.11
8977,8976,267,11.64
9077,9076,267,11.62
5447,5446,267,11.57
6749,6748,267,11.61
6048,6047,267,9.6
8377,8376,267,10.86
9787,9888,267,3.67
9390,9490,267,2.65
3965,3866,267,3
8677,8676,267,11.29
9278,9277,267,11.64
8354,8454,267,13.02
8354,8453,267,19.74
6946,6845,268,24.84
8072,8071,268,11.12
8355,8455,268,11.16
3851,3850,268,10.01
6148,6147,268,9.64
9887,9987,268,5.57
3650,3649,268,37.98
8156,8257,268,7.09
5992,5892,268,2.25
6945,6944,269,27.53
3255,3154,269,27.7
6847,6746,269,25.54
8578,8577,269,11.41
8478,8477,269,10.19
4070,3969,269,14.01
8978,8877,269,7.4
8678,8577,269,7.1
9588,9689,269,4.14
4676,4576,269,2.31
5486,5386,269,2.3
9580,9579,269,11.36
5284,5184,269,3.08
3256,3156,269,11.73
5747,5746,269,11.26
9688,9689,269,4.19
8062,8161,269,4.47
5446,5445,270,35.1
6847,6747,270,16.18
9884,9883,270,11.39
8453,8452,270,33.62
9985,9984,270,31.41
4375,4275,270,10.77
4172,4071,270,17.56
6945,6844,271,24.76
5547,5546,271,11.48
9479,9478,271,11.32
7143,7142,271,11.65
3358,3258,271,6.46
5847,5846,271,11.52
4274,4173,271,21.31
8061,8160,271,4.47
4051,4050,272,10.55
4069,3968,272,12.23
6449,6448,272,9.58
7647,7646,272,7.94
6749,6648,272,10.12
3969,3968,272,40.54
8057,8158,272,7.94
7547,7646,272,4.47
5947,5946,272,11.64
9681,9680,272,11.61
9984,9983,273,36.49
6944,6943,273,29.21
9177,9176,273,11.66
3951,3950,273,10.03
6549,6548,273,9.58
8053,8052,273,6.75
8453,8352,273,27.55
7043,7042,273,11.57
5891,5791,273,2.33
8452,8451,273,43.36
5648,5647,273,11.25
5445,5444,274,33.32
6845,6744,274,24.81
9378,9377,274,11.52
9392,9491,274,9.2
4475,4476,274,4.13
7798,7799,274,4.59
4880,4780,274,2.51
7751,7750,274,7.6
6844,6843,275,27.24
6944,6843,275,25.68
6845,6745,275,16.53
5446,5545,275,18.51
8454,8554,275,12.54
8454,8553,275,19.67
8777,8776,275,11.64
9781,9780,275,11.65
7545,7544,275,11.58
8275,8274,275,11.13
8173,8172,275,10.92
6248,6247,275,9.58
8453,8552,275,18.94
3156,3055,275,28.19
8060,8159,275,4.47
9478,9477,275,26.02
7897,7998,275,2.04
6494,6395,275,1.3
8451,8450,276,44.9
8976,8975,276,11.5
9076,9075,276,11.63
8676,8675,276,11.64
8376,8375,276,11.62
3353,3352,276,10.43
3254,3253,276,10.27
7445,7444,276,7.98
7345,7344,276,7.91
7952,7951,276,7.55
6348,6347,276,10.51
4982,4882,276,3.93
8677,8576,276,7.96
8452,8351,276,27.94
5790,5690,276,2.53
9277,9276,276,11.39
6844,6743,277,24.59
8071,8070,277,11.62
4678,4577,277,9.64
8157,8258,277,7.89
8355,8456,277,8.31
4475,4376,277,5.21
7798,7699,277,5.77
6943,6942,277,30.93
7648,7747,277,4.47
7649,7748,277,4.47
9688,9789,277,4.45
5444,5443,278,31.41
5445,5544,278,19.02
8877,8876,278,11.65
6147,6146,278,10.15
3563,3462,278,12.76
3461,3360,278,12.82
6047,6046,278,9.28
3258,3157,278,22.03
8477,8476,278,11.6
8257,8357,278,10.67
9377,9376,278,26.3
6843,6842,279,28.64
4050,4150,279,15.81
4173,4072,279,18.21
9883,9882,279,11.54
8451,8350,279,27.39
5746,5745,279,10.24
3154,3153,279,10.26
9579,9578,279,10.41
7243,7242,279,8.01
8153,8152,279,6.72
9780,9779,279,29.37
6943,6842,279,26.51
3156,3056,279,10.65
9478,9578,279,13.95
9478,9577,279,19.7
8552,8551,279,32.85
9477,9476,279,31.69
6744,6643,280,27.25
6648,6647,280,12.69
7142,7141,280,11.64
9888,9988,280,7.99
9276,9275,280,25.66
7851,7850,280,7.67
5443,5442,281,35.84
6743,6742,281,32.33
6745,6644,281,27.4
6843,6742,281,25.38
6744,6644,281,14.91
5946,5945,281,11.63
5846,5845,281,10.77
8455,8555,281,7.93
7698,7597,281,7.86
9780,9679,281,25.77
8253,8252,281,6.36
7596,7496,281,2.23
9376,9375,281,35.31
7095,7096,281,1.16
6745,6645,282,14.75
5444,5543,282,19.42
9983,9982,282,11.47
9176,9175,282,11.37
6548,6547,282,11.46
5647,5646,282,11.38
6448,6447,282,11.06
9276,9175,282,23.61
7798,7899,282,4.88
7650,7749,282,4.46
9779,9778,282,33.79
9577,9576,282,39.62
9476,9475,282,44.16
6643,6642,283,37.4
6743,6642,283,27.09
7699,7598,283,23.68
8551,8550,283,27.78
6747,6646,283,10.92
6842,6841,283,29.05
9780,9880,283,12.62
9780,9879,283,19.68
9275,9274,283,35.96
8552,8651,283,19.13
4274,4174,283,5.48
4375,4276,283,6.16
5442,5441,284,41.43
8776,8775,284,11.51
8172,8171,284,11.44
8554,8653,284,15.72
7544,7543,284,11.61
5386,5285,284,9.87
8552,8652,284,11.19
9375,9374,284,44.47
9576,9575,285,47.11
6643,6542,285,28.39
8375,8374,285,11.54
9075,9074,285,11.17
8975,8974,285,11.59
8576,8575,285,11.53
7444,7443,285,11.58
6247,6246,285,10.3
8274,8273,285,11.07
7646,7645,285,8.12
5746,5645,285,9.31
9679,9678,285,29.02
6842,6741,285,25.6
3055,3054,285,10.29
9392,9492,285,3.85
7546,7645,285,4.47
6347,6346,285,11.28
9475,9474,285,49.73
9779,9678,285,27.61
9778,9777,285,37.77
9879,9878,286,39.46
5443,5542,286,18.26
3253,3252,286,10.42
8675,8674,286,11.09
8651,8650,286,44.32
4071,3970,286,8.99
9888,9889,286,5.32
9175,9174,286,27.22
8069,8169,286,2.58
4779,4679,286,2.52
9275,9174,286,28.17
9274,9273,286,40.53
8257,8358,286,7.87
5689,5589,286,2.3
8876,8875,287,11.45
8476,8475,287,11.5
8052,8051,287,7.67
3866,3766,287,5.23
6842,6941,287,19.71
6841,6840,287,30.45
3969,3868,287,8.29
8165,8264,287,4.47
9578,9677,287,19.56
9374,9373,287,46.18
6046,6045,287,11.43
9292,9393,287,2.32
9778,9677,287,28.43
6695,6596,287,1.5
8895,8995,287,1.36
9777,9776,288,41.64
6643,6543,288,12.98
7242,7241,288,11.46
4072,3971,288,17.37
8456,8556,288,9.8
5745,5744,288,11.65
8450,8449,288,8.35
9474,9473,288,47.94
8158,8259,288,9.23
9575,9574,288,49.47
6146,6145,288,10.72
8166,8265,288,4.47
9274,9173,288,28.46
8164,8263,288,4.47
9577,9676,288,16.7
5542,5541,289,43.89
7141,7140,289,11.65
3153,3152,289,10.26
9882,9881,289,10.39
7951,7950,289,7.75
7344,7343,289,8.16
8554,8654,289,7.65
9878,9877,289,44.28
9074,9073,289,26.61
6841,6740,289,26.29
3258,3158,289,5.79
9273,9272,289,43.4
6547,6546,290,12.51
5945,5944,290,12.25
5845,5844,290,12.18
3462,3361,290,12.82
3360,3259,290,12.79
7747,7746,290,7.91
9373,9372,290,44.76
8356,8457,290,5.87
3765,3665,290,3.03
9676,9675,291,45.85
9776,9775,291,46.97
6840,6839,291,31.17
9473,9472,291,43.13
6447,6446,291,11.99
9574,9573,291,43.57
4882,4781,291,9.9
7042,7041,291,5.81
9173,9172,291,37.11
9074,8973,291,24.22
3664,3564,291,3.65
8163,8262,291,4.47
8167,8266,291,4.47
6841,6940,291,19.57
9880,9979,291,19.43
9272,9271,292,40.79
5441,5440,292,14.2
9879,9978,292,16.78
8550,8549,292,11.48
8152,8151,292,7.83
8350,8349,292,7.71
6740,6739,292,33.62
9880,9980,292,11.79
9877,9876,292,48.29
8775,8774,293,11.22
7543,7542,293,11.52
8171,8170,293,11.66
9372,9371,293,40.3
7850,7849,293,7.83
7699,7599,293,6.59
8651,8750,293,14.17
9173,9072,293,28.36
9888,9989,293,5.64
3968,3867,293,6.95
9073,9072,293,30.75
3156,3057,293,6.07
6193,6094,293,1.49
9876,9875,294,50.38
9472,9471,294,38.96
9272,9171,294,28.43
9573,9572,294,35.6
7443,7442,294,11.52
8374,8373,294,11.26
6346,6345,294,12.13
8273,8272,294,11.53
8575,8574,294,11.52
9775,9774,294,45.95
5645,5644,294,11.6
5545,5644,294,7.52
9675,9674,294,46.63
8352,8251,294,6.78
3563,3463,294,3.63
8252,8251,294,7.8
9172,9171,294,37.78
8162,8261,294,4.47
9271,9270,295,38.04
5440,5439,295,38.28
9978,9977,295,44.65
6739,6738,295,36.75
6839,6838,295,32.44
6840,6939,295,19.46
8674,8673,295,11.23
6246,6245,295,11.05
8650,8649,295,11.14
4173,4073,295,4.33
6740,6639,295,27.55
3054,3053,295,10.26
9073,8972,295,26.43
5541,5540,296,16.03
8875,8874,296,11.54
8475,8474,296,11.63
5542,5641,296,14.43
9072,9071,296,33.41
9982,9981,296,7.4
9371,9370,296,36.64
6740,6640,296,14.58
9172,9071,296,28.43
9471,9470,297,36.54
9171,9170,297,36.94
9271,9170,297,28.46
9774,9773,297,33.49
6739,6638,297,28.31
7241,7240,297,11.55
6045,6044,297,10.74
8456,8557,297,7.1
8351,8250,297,6.9
8168,8267,297,4.47
9875,9874,297,44.66
5082,4983,297,2.06
5588,5488,297,2.32
9270,9269,298,34.1
5439,5438,298,37.38
6738,6737,298,38.33
5944,5943,298,13.53
7140,7139,298,11.65
6145,6144,298,10.84
6546,6545,298,13.1
7645,7644,298,8.21
5544,5643,298,7.42
9574,9673,298,14.61
7243,7342,298,4.46
9977,9976,298,46.84
5540,5539,299,45.71
8972,8971,299,28.28
9171,9070,299,28.33
6839,6938,299,19.22
8649,8648,299,28.62
5844,5843,299,12.24
9573,9672,299,18.34
9072,8971,299,27.48
7598,7497,299,9.16
6643,6544,299,7.83
9370,9369,299,35.59
8651,8751,299,6.58
6642,6641,299,6.47
6446,6445,299,12.84
7195,7196,299,1.17
9470,9469,300,35.44
9170,9169,300,33.67
6738,6637,300,28.48
9472,9571,300,17.01
7041,7040,300,11.59
8051,8050,300,7.75
8496,8396,300,2.52
9976,9975,301,42.34
9773,9772,301,49.27
8972,8871,301,24.84
9874,9873,301,43.23
8649,8548,301,24.44
7746,7745,301,18
7950,7949,301,17.46
5744,5743,301,18.49
8750,8749,301,23.1
5542,5642,301,12.27
5543,5642,301,8.37
4679,4578,301,7.19
9269,9268,301,47.45
6542,6541,301,8.63
8161,8260,301,4.85
9469,9468,302,51.07
9070,9069,302,41.85
9672,9671,302,51.24
5539,5538,302,45.49
5438,5437,302,24.99
6838,6837,302,24.52
8972,8872,302,11.22
7442,7441,302,15.68
8574,8573,302,17.24
8272,8271,302,16.31
6345,6344,302,22.51
8373,8372,302,16.37
8774,8773,302,16.37
9369,9368,302,49.63
3361,3260,302,9.02
8449,8448,302,14.92
8350,8249,302,6.83
6245,6244,302,21.73
9491,9590,302,5.04
8971,8970,302,40.56
5184,5084,302,2.48
9071,8970,302,24.79
9772,9771,303,58.1
6737,6736,303,24.47
9873,9872,303,51.29
8749,8748,303,59.43
8673,8672,303,15.99
9471,9570,303,16.08
7542,7541,303,17.77
8151,8150,303,17.35
8349,8348,303,17.05
7849,7848,303,17.57
8649,8748,303,18.86
3053,3052,303,18.34
3970,3869,303,5.66
4276,4175,303,6.52
8554,8655,303,3.29
9689,9690,303,1.89
9671,9670,304,54.28
6541,6540,304,49.94
9975,9974,304,37.65
6637,6636,304,26.93
6445,6444,304,23.02
6044,6043,304,17.73
8874,8873,304,15.71
8474,8473,304,17.05
5641,5640,304,10.11
3971,3870,304,7.18
9268,9267,304,47.06
9269,9168,304,23.32
4780,4680,304,2.43
9875,9974,304,18.06
5993,5893,304,1.94
9771,9770,305,56.76
5538,5537,305,48.04
9468,9467,305,47.7
5437,5436,305,37.07
9069,9068,305,44.19
9368,9367,305,47.65
9070,8969,305,24.7
7644,7643,305,17.91
5943,5942,305,17.75
7139,7138,305,17.37
6144,6143,305,18.96
7342,7341,305,17.62
7240,7239,305,15.61
5540,5639,305,19.63
9874,9973,305,18.86
3462,3362,305,2.78
8168,8268,305,1.99
8971,8870,305,24.89
5487,5387,305,2
8970,8969,305,41.42
9670,9669,306,52.87
5843,5842,306,16.88
8050,8049,306,17.65
9470,9569,306,15.83
4073,3972,306,9.93
3057,2956,306,9.47
4072,3972,306,2.56
9789,9790,306,2.27
8097,8197,306,1.08
9770,9769,307,51.3
9973,9972,307,56.1
6344,6343,307,22.07
9267,9266,307,45.9
8648,8647,307,15.2
7949,7948,307,17.49
6244,6243,307,20.49
6394,6295,307,1.15
9367,9366,308,46.33
5537,5536,308,41.96
5436,5435,308,48.36
9467,9466,308,47.54
6736,6735,308,24.81
8249,8248,308,17.54
7441,7440,308,17.93
9069,8968,308,24.22
6837,6836,308,17.66
7745,7744,308,15.84
5642,5741,308,21.1
6541,6440,308,22.49
8448,8447,308,17.67
5743,5742,308,16.09
8548,8547,308,15.92
5539,5638,308,18.06
2956,2955,308,70.24
9268,9167,308,23.44
9492,9591,308,5.97
6636,6635,308,26.51
7748,7847,308,4.86
8970,8869,308,24.77
9669,9668,309,49.42
5842,5841,309,37.71
7541,7540,309,18.14
8748,8747,309,16.93
8372,8371,309,15.9
8271,8270,309,16.21
8573,8572,309,16.43
8773,8772,309,15.62
9469,9568,309,15.93
8348,8347,309,17.67
8150,8149,309,17.76
9972,9971,309,57.37
7747,7846,309,4.85
6543,6442,309,6.85
8795,8896,309,1.03
9266,9265,310,46.14
8672,8671,310,15.48
6043,6042,310,17.85
9267,9166,310,23.78
5435,5434,310,51.82
9193,9194,310,1.06
5536,5535,311,36.44
9366,9365,311,47.27
9068,9067,311,17.83
7643,7642,311,17.63
7138,7137,311,17.27
7341,7340,311,17.93
7239,7238,311,17.38
8473,8472,311,16.59
5538,5637,311,17.1
9468,9567,311,17.23
9889,9890,311,2.81
8049,8048,312,17.67
5942,5941,312,16.55
5640,5739,312,18.93
9772,9871,312,13.29
7040,7039,312,8.63
6938,6937,312,8.34
9393,9493,312,3.33
5434,5433,312,51.55
6635,6634,312,26.05
7948,7947,313,17.47
6836,6835,313,24.44
5537,5636,313,19.28
9266,9165,313,23.71
8647,8646,313,18.03
8749,8848,313,12.82
7599,7498,313,7
9166,9165,313,46.11
5892,5792,313,1.93
9293,9294,313,1.44
6544,6443,313,10.39
6735,6734,313,24.59
5941,5940,314,54.59
9567,9566,314,49.16
8447,8446,314,18.31
8968,8967,314,17.35
8248,8247,314,17.46
9466,9465,314,19.16
8547,8546,314,19.13
7744,7743,314,17.9
9770,9869,314,15.84
9467,9566,314,17.29
9771,9870,314,13.77
6541,6441,314,8.33
2955,2954,314,18.77
6637,6536,314,10.23
8347,8346,315,17.61
5536,5635,315,20.72
7440,7439,315,15.87
8869,8868,315,16.32
9669,9768,315,16.57
8149,8148,315,17.73
7846,7845,315,18.23
5641,5740,315,7.98
5535,5534,315,32.72
5386,5286,315,1.93
9566,9565,316,50.36
5940,5939,316,67.88
9265,9264,316,18.35
8270,8269,316,15.67
8371,8370,316,16.11
7540,7539,316,16.01
6042,6041,316,17.21
8747,8746,316,16.2
9668,9667,316,16.29
8572,8571,316,15.83
8772,8771,316,15.31
2956,2855,316,14.69
8653,8752,316,4.81
9166,9065,316,23.72
6540,6539,316,8.61
6634,6633,316,26.39
9365,9364,317,18.81
9067,9066,317,17.99
7238,7237,317,17.57
7340,7339,317,17.59
7642,7641,317,17.91
8671,8670,317,15.48
5841,5840,317,12.95
7137,7136,317,17.31
5534,5533,318,35.78
6536,6535,318,31.38
8048,8047,318,17.63
8646,8645,318,20.19
7039,7038,318,17.57
8472,8471,318,15.93
8264,8363,318,4.85
6636,6535,318,10.26
5535,5634,318,21.21
5791,5691,318,1.97
5840,5839,319,57.14
7947,7946,319,17.71
8848,8847,319,16.95
3260,3159,319,8.68
7497,7396,319,7.21
9971,9970,319,10.58
9165,9164,319,18.5
6440,6439,319,9.33
4276,4176,319,2.66
8263,8362,319,4.85
9193,9094,319,1.29
6835,6834,319,17.43
9869,9868,320,16.76
9465,9464,320,19.49
8247,8246,320,17.57
9567,9666,320,16.67
8546,8545,320,19.67
7743,7742,320,17.79
8446,8445,320,18.26
6343,6342,320,7.99
8654,8753,320,4.83
2954,2953,320,18.37
5839,5838,321,55.03
6535,6534,321,36.63
5939,5938,321,20.08
8148,8147,321,17.62
8868,8867,321,16.99
7845,7844,321,17.8
8967,8966,321,15.65
6243,6242,321,7.35
6143,6142,321,6.61
3362,3261,321,9.17
8346,8345,321,17.69
9989,9990,321,3
8262,8361,321,4.85
8266,8365,321,4.86
3866,3767,321,1.91
8746,8745,322,18.49
9065,9064,322,18.7
9565,9564,322,19.59
9264,9263,322,19.17
7439,7438,322,15.88
9768,9767,322,16.52
5534,5633,322,20.85
5941,6040,322,14.58
5739,5738,322,10.9
4578,4477,322,7.05
8749,8849,322,4.98
3766,3666,322,2.82
7699,7700,322,1.71
4577,4477,322,2.14
2855,2854,322,19.04
8871,8770,322,6.81
7295,7296,322,1.29
5938,5937,323,57.39
9364,9363,323,19.13
9066,8965,323,23.58
7339,7338,323,17.47
7539,7538,323,15.76
8370,8369,323,15.76
8571,8570,323,15.6
9566,9665,323,16.2
7237,7236,323,17.59
7136,7135,323,17.55
8047,8046,324,17.61
7038,7037,324,17.29
7641,7640,324,16.11
6937,6936,324,8.35
4175,4074,324,7.05
8670,8669,324,15.2
8261,8360,324,4.85
4882,4782,324,1.89
4982,4883,324,1.51
5738,5737,325,33.97
9868,9867,325,20.12
7946,7945,325,18.01
8847,8846,325,17.23
8471,8470,325,15.95
6633,6632,325,11.54
8645,8644,325,16.55
9164,9163,325,19.39
3869,3768,325,6.6
4680,4579,325,6.87
3057,2957,325,2.87
6834,6833,325,17.02
3158,3058,325,2.53
6734,6733,325,8.72
9464,9463,326,19.01
8445,8444,326,19.08
8545,8544,326,19.76
8246,8245,326,17.86
7742,7741,326,17.99
3972,3871,326,7.19
3870,3769,326,6.71
2953,2952,326,18.28
8870,8769,326,6.79
5690,5590,326,1.82
6634,6533,326,10.26
7844,7843,327,17.8
8147,8146,327,17.6
8867,8866,327,17.57
8345,8344,327,18.5
6142,6141,327,19.06
6539,6538,327,9.46
6836,6935,327,7.46
8365,8364,327,17.31
8557,8656,327,4.85
3665,3565,327,2.63
8267,8366,327,4.86
5737,5736,328,38.77
9665,9664,328,20.37
9767,9766,328,16.79
9564,9563,328,19.82
9064,9063,328,19.36
8745,8744,328,18.18
6040,6039,328,19.6
2952,2951,328,60.99
5940,6039,328,10.18
2854,2853,328,18.29
3564,3464,328,2.53
5937,5936,329,16.92
9363,9362,329,19.16
7538,7537,329,17.85
7135,7134,329,17.94
7338,7337,329,17.81
7236,7235,329,17.71
9263,9262,329,16.58
7438,7437,329,15.95
5738,5837,329,21.1
5938,5837,329,19.61
6536,6435,329,9.91
7498,7397,329,9.34
9970,9969,329,10.04
8869,8768,329,6.8
6637,6537,329,3.51
8751,8850,329,4.84
7899,7999,329,2.01
7997,8098,329,1.06
9867,9866,330,21.14
8046,8045,330,17.81
7037,7036,330,17.46
8360,8359,330,17.6
8570,8569,330,15.48
8369,8368,330,15.4
8965,8964,330,16.24
7640,7639,330,18.22
2951,2950,330,67.16
4073,3973,330,2.66
2956,2856,330,4.26
6596,6496,330,2.19
9492,9592,330,2.08
7699,7600,330,2.09
8669,8668,330,16.73
6439,6438,330,9.95
5736,5735,331,43.93
8444,8443,331,20.15
7945,7944,331,17.83
8644,8643,331,18.44
9163,9162,331,16.86
5936,5935,332,41.58
8544,8543,332,16.77
6533,6532,332,19.11
9463,9462,332,19.2
8470,8469,332,15.6
8846,8845,332,16.63
2950,2949,332,87.68
5938,6037,332,13.54
8245,8244,332,18.03
6342,6341,332,8.88
3463,3363,332,2.52
9393,9394,332,1.88
5837,5836,333,28.39
9766,9765,333,20.41
9664,9663,333,20.16
6039,6038,333,20.95
8146,8145,333,17.86
8866,8865,333,18.08
6935,6934,333,17.77
8344,8343,333,19.48
5737,5836,333,20.2
6535,6434,333,9.52
7741,7740,333,15.98
8655,8754,333,4.84
5635,5734,333,7.99
8358,8458,333,1.98
6037,6036,334,77.43
2949,2948,334,78.53
6438,6437,334,29.07
9563,9562,334,19.57
9063,9062,334,19.12
8744,8743,334,17.85
7843,7842,334,15.89
8849,8948,334,12.29
6242,6241,334,8.2
2952,2851,334,18.16
2853,2852,334,18.19
6632,6631,334,11.94
5935,5934,335,41.11
7134,7133,335,17.8
5936,5835,335,24.74
9262,9261,335,18.51
8768,8767,335,16.77
9362,9361,335,18.42
7599,7499,335,2.28
7537,7536,335,18.14
7337,7336,335,17.85
8948,8947,336,56.72
2851,2850,336,68.68
5734,5733,336,37.78
8668,8667,336,16.83
8045,8044,336,17.87
7639,7638,336,17.75
5634,5733,336,8.22
7036,7035,336,17.87
7437,7436,336,15.97
8443,8442,337,16.83
7944,7943,337,17.67
8964,8963,337,16.2
8368,8367,337,15.4
5936,6035,337,19.4
6733,6732,337,8.84
3768,3667,337,11.93
8569,8568,337,15.18
9162,9161,337,18.78
2948,2947,337,42.08
5589,5489,337,1.88
5284,5185,337,1.17
2850,2849,338,77.92
9765,9764,338,21.38
5935,5834,338,24.81
9462,9461,338,18.98
8845,8844,338,17.41
8244,8243,338,18.14
6833,6832,338,8.29
8643,8642,338,15.98
3261,3160,338,8.51
6434,6433,338,24.16
6532,6531,338,18.69
5733,5732,339,39.55
8343,8342,339,19.02
9663,9662,339,19.24
8543,8542,339,16.57
8469,8468,339,15.32
7699,7800,339,1.92
9562,9561,340,19.14
5734,5833,340,20.44
7740,7739,340,15.89
8145,8144,340,15.84
8743,8742,340,18.13
8865,8864,340,16.13
5935,6034,340,19.55
9866,9865,340,10.53
9969,9968,340,9.49
5934,5933,340,22.62
6141,6140,340,7.78
6094,5994,340,2.09
6433,6432,340,54.74
2948,2847,340,24.66
6093,5994,340,1.13
7133,7132,341,17.52
9261,9260,341,17.98
8767,8766,341,17.4
7336,7335,341,18.13
9062,9061,341,15.85
7842,7841,341,15.86
7235,7234,341,8.37
4176,4075,341,6.73
4781,4681,341,1.95
6294,6195,341,1.15
8667,8666,342,17.28
7035,7034,342,18.09
7536,7535,342,16.16
7638,7637,342,18.04
6437,6436,342,13.58
6140,6139,342,63.09
2948,3047,342,19.24
6432,6431,342,54.94
2849,2848,343,20.29
8442,8441,343,18.92
8947,8946,343,16.05
8044,8043,343,15.67
7436,7435,343,16.12
6631,6630,343,11.18
2852,2751,343,16.39
6341,6340,343,9.31
9161,9160,343,17.49
3362,3262,343,2.69
9461,9460,344,19.23
8642,8641,344,18.19
8844,8843,344,17.8
7943,7942,344,15.79
8963,8962,344,15.86
2947,2946,344,14.42
5733,5832,344,20
2851,2750,344,15.24
8243,8242,344,18.27
8849,8949,344,4.72
8568,8567,344,15.25
2847,2846,344,29.23
8342,8341,345,18.45
8948,9047,345,13.79
7499,7398,345,15.09
6438,6337,345,10.08
6340,6339,345,55.23
9662,9661,345,19.01
6934,6933,345,8.39
6440,6339,345,3.84
2856,2755,345,9.45
2948,3048,345,9.2
5933,5932,345,24.47
2750,2749,346,66.98
9968,9967,346,17.04
8144,8143,346,17.69
8542,8541,346,16.27
6531,6530,346,14.16
6241,6240,346,8.81
8742,8741,346,17.83
9561,9560,346,19.11
8468,8467,346,15.33
6034,6033,346,17.08
4578,4478,346,2.24
4579,4478,346,6.97
8752,8851,346,4.85
2847,2746,346,23.86
2755,2754,347,75.46
2846,2845,347,33.48
5832,5831,347,49.18
8766,8765,347,17.73
7335,7334,347,18.32
9061,9060,347,17.12
7841,7840,347,17.75
7234,7233,347,18.08
8864,8863,347,16.18
7739,7738,347,15.91
5732,5831,347,18.95
6139,6138,347,21.04
9361,9360,347,8.64
3871,3770,347,6.84
8557,8657,347,1.97
5488,5388,347,2.01
4680,4580,347,2.38
9393,9494,347,2.1
9260,9259,347,18.05
2847,2747,347,15.21
6240,6239,348,58.48
2749,2748,348,75.95
8666,8665,348,17.62
7034,7033,348,17.71
6431,6430,348,19.1
9764,9763,348,10.29
6033,6032,348,58.35
8363,8462,348,4.85
2754,2753,349,70.12
8043,8042,349,17.61
7435,7434,349,18.66
7535,7534,349,16.34
5932,5931,349,28.52
8362,8461,349,4.86
6732,6731,349,8.79
8995,9095,349,1.63
7637,7636,349,16.2
9160,9159,349,17.52
6530,6529,350,25.52
8641,8640,350,17.66
8843,8842,350,18.62
7942,7941,350,17.91
2846,2745,350,24.86
8441,8440,350,16.63
6630,6629,350,15.54
6239,6238,350,66.84
8242,8241,350,18.25
9865,9864,350,10.81
6832,6831,350,8.49
8946,8945,350,16.14
6037,6136,350,7.89
3973,3872,350,7.17
9460,9459,350,19.01
8753,8852,350,4.85
3047,3046,350,13.65
2846,2945,351,21.15
2946,2945,351,14.57
8962,8961,351,15.5
8567,8566,351,15.29
8341,8340,351,19.34
5831,5830,351,29.01
8361,8460,351,4.86
5931,5930,351,63.89
8365,8464,351,4.86
9661,9660,351,19.04
2845,2844,351,33.23
2753,2752,351,67.13
7534,7533,352,48.93
8143,8142,352,17.67
9967,9966,352,17.58
9047,9046,352,16.04
6337,6336,352,14.87
6138,6137,352,23.17
2751,2650,352,15.79
8741,8740,352,17.63
9560,9559,352,18.91
8197,8296,352,3.13
8467,8466,352,16.89
4376,4377,352,1.38
6696,6697,352,1.1
3048,3147,352,21.24
8765,8764,353,18.17
9259,9258,353,18.23
7840,7839,353,17.71
8541,8540,353,15.85
2750,2649,353,15.85
7132,7131,353,8.51
8948,9048,353,5.47
5830,5829,353,63.43
5893,5793,353,2.08
9360,9359,353,19.1
2845,2744,353,24.82
5084,4984,353,2
2747,2646,353,24.75
9060,9059,353,17.44
3048,3148,353,12.57
2745,2744,353,45.41
3769,3668,353,5.3
5930,5929,354,34.05
6629,6628,354,25.6
8665,8664,354,17.95
8863,8862,354,15.68
3667,3566,354,8.38
7738,7737,354,16
7033,7032,354,17.1
2950,3049,354,6.09
8360,8459,354,4.85
5387,5287,354,2.06
9763,9762,354,19.19
2845,2944,354,21.17
6032,6031,354,18.33
7533,7532,355,47.85
8042,8041,355,17.84
7434,7433,355,18.66
2649,2648,355,79.71
9159,9158,355,18.13
6136,6135,355,24.41
8655,8755,355,1.94
2747,2647,355,14.06
6896,6897,355,0.97
6796,6797,355,0.96
2744,2743,356,36.16
6336,6335,356,25.8
8640,8639,356,17.5
7941,7940,356,17.7
9459,9458,356,18.81
8241,8240,356,18.61
6430,6429,356,14.24
7636,7635,356,16.45
2755,2654,356,12.99
3160,3059,356,8.28
8842,8841,356,17.81
6339,6338,356,9.85
8340,8339,356,20.17
2745,2644,356,23.91
8961,8960,357,16.88
9660,9659,357,18.91
8464,8463,357,17.95
8945,8944,357,16.49
6529,6528,357,14.32
5929,5928,357,34.08
2754,2653,357,14.73
3046,3045,357,14.46
6033,6132,357,13.2
8366,8465,357,4.86
5829,5828,357,32.39
4276,4277,357,1.35
8440,8439,357,16.32
8364,8463,357,4.85
8596,8597,357,0.91
7433,7432,358,48.56
9966,9965,358,17.52
9559,9558,358,19.31
8142,8141,358,18.1
8566,8565,358,15.49
7534,7633,358,16.76
7499,7399,358,4.42
9592,9691,358,5.19
6238,6237,358,13.14
2945,3044,358,21.27
6933,6932,358,8.28
6433,6332,358,7.12
2753,2652,358,15.8
5184,5085,358,1.47
5828,5827,359,69.76
9359,9358,359,18.36
7839,7838,359,18.17
9059,9058,359,18.4
2744,2643,359,25.1
9258,9257,359,18.78
9046,9045,359,16.29
7233,7232,359,8.58
7334,7333,359,8.88
2743,2742,359,41.56
2644,2643,359,48.66
2844,2843,359,13.84
8540,8539,359,17.62
8740,8739,359,15.63
5928,5927,359,61.78
2652,2651,360,65.56
6135,6134,360,20.27
9762,9761,360,18.85
6031,6030,360,19.33
8664,8663,360,18.08
8764,8763,360,16.02
9864,9863,360,10.87
3262,3161,360,8.73
7131,7130,360,16.41
4176,4076,360,2.49
3147,3146,360,13.17
6332,6331,360,54.41
6731,6730,360,9.13
6331,6330,361,215.71
6528,6527,361,65.95
8240,8239,361,22.68
6335,6334,361,66.08
8041,8040,361,20.55
6628,6627,361,65.95
8862,8861,361,18.73
7533,7632,361,18.4
9158,9157,361,21.42
4075,3974,361,5.97
2957,2857,361,2.47
5827,5826,361,66.87
2647,2546,361,23.23
7737,7736,361,19.44
2646,2645,361,14.73
3048,3149,361,8.53
2745,2645,361,8.23
5927,5926,362,45.3
9659,9658,362,22.3
9458,9457,362,21.71
7940,7939,362,20.26
8339,8338,362,21.57
7532,7531,362,19.12
7433,7332,362,19.12
7635,7634,362,20.41
6132,6131,362,28.99
2742,2741,362,40.24
2643,2642,362,37.31
2743,2642,362,22.75
2650,2549,362,11.95
8754,8853,362,5.58
2648,2547,362,17.67
8639,8638,362,19.15
8841,8840,362,19.88
4883,4783,362,2.4
6831,6830,362,9.89
6527,6526,363,65.93
9558,9557,363,21.96
8960,8959,363,18.4
8439,8438,363,20.28
6429,6428,363,17.53
6334,6333,363,66.03
2549,2548,363,105.44
2743,2842,363,21.92
2644,2543,363,19.11
8944,8943,363,20.02
5792,5692,363,1.85
6237,6236,363,23.52
2944,2943,363,11.12
6627,6626,364,33.54
6134,6133,364,25.41
9058,9057,364,20.96
7838,7837,364,20.76
9358,9357,364,21.4
8565,8564,364,20.1
7432,7431,364,20.65
3045,3144,364,22.58
6030,6029,364,32.05
8141,8140,364,21
5826,5825,364,43.18
8696,8697,364,0.91
8895,8996,364,0.92
6526,6525,365,65.92
6236,6235,365,66.12
5926,5925,365,33.72
2543,2542,365,53.81
9761,9760,365,22.54
2741,2740,365,40.24
9863,9862,365,23.3
2642,2641,365,40.7
3045,3145,365,13.49
9045,9044,365,19.09
8739,8738,365,19.46
8539,8538,365,19.45
6696,6597,365,1.26
6131,6130,365,40.53
8239,8238,366,23.83
6330,6329,366,20.88
7736,7735,366,20.02
8663,8662,366,18.21
8763,8762,366,18.15
5927,6026,366,20.61
2742,2841,366,21.91
9157,9156,366,20.95
8040,8039,366,20.9
7032,7031,366,9.1
6029,6028,366,87.48
7899,7900,366,1.1
2856,2756,366,2.52
6235,6234,367,61.26
6626,6625,367,33.72
5825,5824,367,36.21
6428,6427,367,31.37
9457,9456,367,21.71
9658,9657,367,22.68
7632,7631,367,19.04
9965,9964,367,11.52
8840,8839,367,20.26
8861,8860,367,19.09
7939,7938,367,21.07
3565,3465,367,2.3
3058,2958,367,2.17
9990,9991,367,2.06
3044,3043,367,12.29
2653,2552,367,13.5
6028,6027,368,55.59
6525,6524,368,48.07
6329,6328,368,77.3
9557,9556,368,21.6
8959,8958,368,21
8438,8437,368,20.02
2641,2640,368,42.09
8338,8337,368,19.21
7531,7530,368,18.56
2740,2739,368,49.62
7398,7297,368,5.81
8943,8942,368,20.57
2546,2545,368,14.52
9493,9593,368,1.9
5826,5725,368,22.13
6130,6129,368,44.31
8638,8637,368,19.08
6524,6523,369,168.4
6427,6426,369,55.09
6625,6624,369,61.89
5925,5924,369,32.95
2542,2541,369,32.92
2552,2551,369,72.18
9057,9056,369,20.62
9357,9356,369,22.06
8564,8563,369,20.49
7431,7430,369,20.15
5926,6025,369,22.64
6730,6729,369,11.75
2652,2551,369,12.88
2741,2840,369,21.91
2654,2553,369,10.76
2642,2541,369,22.67
2841,2840,369,34.52
5828,5727,369,11.52
3668,3567,369,8.17
2547,2446,369,23.13
2644,2544,369,7.35
7837,7836,369,21.04
4580,4479,369,5.94
5827,5726,369,14.69
8140,8139,369,21.77
5829,5728,369,8.08
8796,8797,369,0.95
6129,6128,370,89.26
6234,6233,370,37.3
9760,9759,370,22.73
9044,9043,370,20.12
2739,2738,370,73.25
9862,9861,370,22.75
9257,9256,370,9.99
7232,7231,370,9.76
6932,6931,370,9.21
2547,2447,370,13.74
2842,2941,370,22.5
3770,3669,370,5.46
3464,3364,370,2.21
8849,8950,370,2.93
4276,4177,370,1.47
2551,2550,371,76.05
6523,6522,371,94.72
6426,6425,371,72.13
5725,5724,371,36.04
7530,7529,371,49.06
2640,2639,371,45.78
5824,5823,371,31.67
8039,8038,371,21.97
8238,8237,371,22.61
8538,8537,371,19.56
5825,5724,371,23.23
2840,2839,371,53.21
2543,2442,371,18.83
2842,2942,371,13.79
7130,7129,371,9.66
8738,8737,371,18.97
9890,9891,371,1.59
6495,6396,371,1.04
6624,6623,372,47.61
2541,2540,372,36.51
9456,9455,372,21.82
9657,9656,372,21.91
9964,9963,372,24.42
8662,8661,372,18.78
7735,7734,372,19.43
8762,8761,372,18.33
5925,6024,372,22.64
2542,2441,372,23.22
2641,2540,372,22.38
6830,6829,372,10.42
3145,3244,372,22.56
7938,7937,372,21.58
6425,6424,373,84.17
6522,6521,373,67.86
6128,6127,373,43
5924,5923,373,30.22
2639,2638,373,55.65
8942,8941,373,20.23
9556,9555,373,22.09
8958,8957,373,20.22
7631,7630,373,18.52
8860,8859,373,18.53
6026,6125,373,22.34
2738,2737,373,42.49
2839,2838,373,97.61
7332,7331,373,9.68
8839,8838,373,18.45
3145,3245,373,13.57
2841,2940,373,22.63
3144,3143,373,12.25
6996,6997,373,0.96
8596,8497,373,1.05
6424,6423,374,137.43
6623,6622,374,74.25
5823,5822,374,42.4
7836,7835,374,21.31
7430,7429,374,20.15
9056,9055,374,20.62
8337,8336,374,19.85
8437,8436,374,19.87
5824,5723,374,23.11
6026,6126,374,14.19
6233,6232,374,29.36
8139,8138,374,22.76
3872,3771,374,5.57
8637,8636,374,19.88
5691,5591,374,1.67
2940,2939,375,62.75
6521,6520,375,78.42
2540,2539,375,39
2638,2637,375,72.62
9759,9758,375,23.16
7231,7230,375,20.17
9043,9042,375,20.18
8563,8562,375,18.21
2737,2736,375,60.85
5725,5624,375,23.24
2640,2539,375,21.43
2838,2837,375,62.4
9861,9860,375,24.03
9256,9255,375,21.53
5287,5186,375,6.4
2755,2655,375,3.15
8657,8756,375,5.58
8948,9049,375,3.37
2545,2444,375,21.12
2939,2938,376,121.91
6622,6621,376,80.1
5723,5722,376,52.58
5822,5821,376,80.09
6829,6828,376,29.49
6024,6023,376,28.9
2441,2440,376,31.15
8038,8037,376,22.54
8237,8236,376,20.48
6025,6124,376,21.3
5924,6023,376,22.43
2541,2440,376,23.21
7530,7629,376,19.42
2446,2445,376,15.97
6194,6095,376,1.11
2938,2937,377,141.66
6520,6519,377,88.4
2444,2443,377,52.93
6423,6422,377,35.27
2637,2636,377,95.98
7937,7936,377,21.74
9963,9962,377,24.09
9656,9655,377,23.21
7529,7528,377,19.12
2941,3040,377,22.6
6128,6227,377,21.26
2837,2836,377,57.18
6729,6728,377,14.04
2736,2735,377,67.99
5725,5625,377,12.31
2447,2346,377,23.08
7031,7030,377,9.5
9156,9155,377,9.63
2543,2443,377,7.17
8537,8536,377,19.78
2547,2448,377,9.73
8852,8951,377,5.58
5726,5625,377,19.69
3363,3263,377,2.09
6232,6231,377,39.66
8737,8736,377,19.85
5821,5820,378,76.17
6621,6620,378,97.5
2539,2538,378,44.69
5624,5623,378,46.38
7331,7330,378,20.72
8859,8858,378,20.92
8941,8940,378,20.02
8957,8956,378,20.84
7734,7733,378,19.1
8661,8660,378,18.52
5724,5623,378,23.23
2442,2341,378,20.73
5823,5922,378,21.42
2941,3041,378,13.37
2942,3042,378,16.45
2447,2347,378,13.88
8761,8760,378,18.31
6329,6228,378,12.16
2552,2451,378,13.31
8460,8559,378,5.58
7600,7500,378,1.98
2937,2936,379,64.98
3040,3039,379,76.95
6519,6518,379,72.72
6422,6421,379,54.63
2440,2439,379,34.83
5722,5721,379,36.43
6231,6230,379,60.94
9055,9054,379,20.02
7835,7834,379,20.56
8636,8635,379,20.28
6024,6123,379,22.22
2540,2439,379,22.95
2441,2340,379,23.05
2735,2734,379,65.43
3244,3243,379,15.32
8838,8837,379,19.78
8138,8137,379,22.82
9046,9145,379,5.57
3147,3246,379,5.56
3039,3038,380,131.78
5623,5622,380,71.42
5922,5921,380,65.33
5820,5819,380,96.71
2538,2537,380,53.31
6230,6229,380,139.01
6227,6226,380,44.86
6828,6827,380,28.45
8336,8335,380,19.76
2636,2635,380,45.44
6125,6225,380,15.79
6125,6224,380,20.89
6127,6226,380,21.41
2836,2835,380,44.71
9042,9041,380,20.78
9860,9859,380,24.86
7733,7732,380,51.13
9356,9355,380,9.88
8436,8435,380,19.88
7429,7428,380,18.83
2346,2345,380,43.87
9048,9147,380,5.58
3148,3247,380,5.56
2451,2450,380,75.41
2553,2452,380,14.02
9790,9791,380,1.31
3038,3037,381,114.53
5721,5720,381,66.77
6421,6420,381,99.48
6620,6619,381,39.04
8037,8036,381,21.76
8562,8561,381,19.11
2734,2733,381,60.66
6931,6930,381,9.71
7230,7229,381,19.84
8459,8558,381,5.58
2537,2536,382,65.05
5921,5920,382,53.07
5819,5818,382,73.22
2439,2438,382,41.89
6518,6517,382,33.35
9155,9154,382,20.44
9962,9961,382,21.63
7936,7935,382,21.48
2635,2634,382,53.52
8736,8735,382,20.36
8236,8235,382,18.34
6023,6022,382,19.94
7629,7628,382,19.41
2539,2438,382,21.73
5624,5523,382,21.25
2340,2339,382,33.49
9455,9454,382,10.56
7129,7128,382,9.84
2450,2449,382,89.42
3161,3060,382,6.53
7399,7298,382,5.96
2345,2344,382,50.7
8755,8854,382,5.58
5726,5626,382,7.75
8536,8535,382,20.05
3143,3142,382,11.52
5920,5919,383,100.99
5720,5719,383,58.63
6619,6618,383,58.94
6224,6223,383,40.84
6123,6122,383,31.36
8858,8857,383,20.33
7528,7527,383,19.12
8940,8939,383,20.38
2733,2732,383,52.67
2444,2343,383,19.13
2835,2834,383,36.83
9555,9554,383,10.86
2442,2342,383,8.56
9593,9692,383,9.45
4983,4884,383,1.55
5919,5918,384,110.24
3037,3036,384,41.82
6420,6419,384,49.21
5622,5621,384,26.56
2634,2633,384,60.47
7834,7833,384,20.65
8635,8634,384,20.26
8956,8955,384,19.13
6827,6826,384,29.21
9859,9858,384,25.01
6227,6326,384,20.74
9758,9757,384,11.17
6623,6722,384,11.95
6728,6727,384,15.15
6328,6327,384,6.4
8137,8136,384,21.21
2346,2245,384,21.95
4076,3975,384,5.93
7330,7329,384,19.02
8660,8659,384,19.49
8760,8759,384,19.92
9145,9144,384,20.09
6722,6721,385,102.6
6618,6617,385,56.01
6223,6222,385,66.8
2339,2338,385,40.33
5818,5817,385,40.54
2536,2535,385,33.53
2438,2437,385,46.7
2936,2935,385,19.12
9054,9053,385,19.78
3041,3140,385,22.52
9147,9146,385,20.04
3042,3141,385,21.12
2341,2240,385,22.08
2447,2348,385,9.89
2347,2246,385,22.51
8435,8434,385,20.02
8837,8836,385,19.64
9041,9040,385,20.59
3974,3873,385,5.92
7428,7427,385,20.29
5625,5524,385,19.8
5918,5917,386,60.41
5719,5718,386,46.73
6122,6121,386,38.83
6022,6021,386,26.87
6517,6516,386,30.84
5523,5522,386,29.33
2633,2632,386,60.61
8036,8035,386,21.15
8335,8334,386,19.91
7732,7731,386,19.01
6826,6825,386,59.91
9655,9654,386,11.12
2732,2731,386,41.21
2340,2239,386,23.25
7733,7832,386,18.72
9255,9254,386,9.73
2654,2554,386,3.38
4782,4682,386,1.54
7096,7097,386,0.97
2245,2244,386,51.01
7427,7426,387,50.33
3140,3139,387,80.94
6222,6221,387,65.09
6721,6720,387,91.93
5621,5620,387,35.77
6419,6418,387,46.65
8535,8534,387,20.21
9154,9153,387,20.43
9961,9960,387,22.54
7935,7934,387,20.57
8561,8560,387,18.92
6226,6325,387,21.69
3669,3568,387,8.64
7229,7228,387,19.71
3262,3162,387,2.19
8735,8734,387,20.05
3243,3242,387,13.55
5590,5490,387,1.56
3139,3138,388,126.44
5620,5619,388,187.58
5718,5717,388,56.72
6121,6120,388,69.36
5817,5816,388,45.44
2535,2534,388,38.21
2338,2337,388,38.32
2632,2631,388,55.75
9554,9553,388,20.93
8857,8856,388,20.67
9858,9857,388,26.61
8235,8234,388,18.66
7628,7627,388,18.97
3037,3136,388,21.56
6825,6824,388,60.91
2244,2243,388,57.47
2834,2833,388,21.93
8939,8938,388,21.53
2347,2247,388,10.49
8853,8952,388,5.58
7030,7029,388,9.4
5993,5894,388,1.03
3138,3137,389,115.64
5619,5618,389,231.99
6221,6220,389,65.45
6021,6020,389,37
5917,5916,389,35.29
2239,2238,389,39.62
6617,6616,389,29.81
9144,9143,389,20.41
8955,8954,389,20.21
8659,8658,389,20.34
9757,9756,389,23.72
2339,2238,389,22.74
2731,2730,389,33.96
2631,2630,389,141.63
8136,8135,389,20.34
2341,2241,389,9.92
7527,7526,389,19.13
8634,8633,389,20.02
4681,4581,389,2.03
5618,5617,390,193.81
5816,5815,390,76.02
6120,6119,390,98.28
6325,6324,390,46.39
6516,6515,390,28.7
9053,9052,390,20.94
9040,9039,390,21.04
2935,2934,390,21.22
8759,8758,390,18.79
6824,6823,390,69.15
6619,6718,390,16.1
2537,2436,390,15.21
2437,2436,390,24.4
9355,9354,390,10.11
6418,6417,390,39.68
7426,7425,390,49.32
6829,6928,390,8.16
6624,6723,390,6.99
2243,2242,390,62.29
2630,2629,390,140.92
2451,2350,390,12.56
7329,7328,390,18.83
7899,8000,390,1.28
5625,5525,390,7.83
2629,2628,391,146.94
6119,6118,391,102.62
6020,6019,391,93.37
2337,2336,391,35.12
2534,2533,391,38.83
3136,3135,391,49.88
6720,6719,391,33.06
5522,5521,391,24.26
8035,8034,391,20.7
3036,3035,391,16.56
6727,6726,391,15.74
3567,3466,391,6.66
9254,9253,391,22.47
2350,2349,391,110.58
8434,8433,391,19.86
2553,2453,391,4.68
4478,4378,391,2.18
8836,8835,391,19.85
6019,6018,392,115.97
2628,2627,392,125.45
6718,6717,392,55.32
5916,5915,392,38.04
7526,7525,392,49.32
6220,6219,392,39.7
9857,9856,392,27.52
5717,5716,392,30.62
7934,7933,392,20.61
9153,9152,392,22.88
8534,8533,392,20.02
7731,7730,392,18.7
2240,2139,392,22.28
3141,3240,392,22.09
2338,2237,392,23.04
6823,6822,392,83.74
6618,6717,392,17.07
2436,2435,392,52.42
6324,6323,392,90.48
2833,2832,392,30.31
7832,7831,392,19.3
8334,8333,392,19.97
5815,5814,392,63.73
6930,6929,392,9.68
2246,2145,392,22.69
2245,2144,392,19.78
3135,3134,393,59.77
6726,6725,393,91.08
6118,6117,393,73.12
5617,5616,393,43.75
6616,6615,393,27.66
9553,9552,393,20.56
2239,2138,393,22.86
7427,7326,393,20
2730,2729,393,26.98
7128,7127,393,9.79
9454,9453,393,9.98
6826,6725,393,16.79
6826,6925,393,15.79
5728,5627,393,5.96
8938,8937,393,20.26
7425,7424,393,48.63
7228,7227,393,19.71
5489,5389,393,1.73
6417,6416,393,33.35
8734,8733,393,19.78
6018,6017,394,76.96
2627,2626,394,92.13
5814,5813,394,56.64
6219,6218,394,95.14
2144,2143,394,55.84
6717,6716,394,55.49
3240,3239,394,69.37
2336,2335,394,37.91
5521,5520,394,34.29
2533,2532,394,40.45
6822,6821,394,84.08
6515,6514,394,28.99
9143,9142,394,20.1
9756,9755,394,24.56
8234,8233,394,18.7
8856,8855,394,19.65
7029,7028,394,19.37
6928,6927,394,27.2
6323,6322,394,54.53
7627,7626,394,18.52
6828,6927,394,8.25
7426,7325,394,20.33
4580,4480,394,2.08
8496,8397,394,0.93
3239,3238,395,117.58
3134,3133,395,62.12
6615,6614,395,51.79
7227,7226,395,51.12
6725,6724,395,90.49
2237,2236,395,36.01
7525,7524,395,48.11
5716,5715,395,36.66
8758,8757,395,20.66
8135,8134,395,19.08
8954,8953,395,19.96
2337,2236,395,23.27
6925,6924,395,52.57
3242,3241,395,13.66
9354,9353,395,22.73
2729,2728,395,74.24
2240,2140,395,10.17
5524,5423,395,15.42
3141,3241,395,10.93
2934,2933,395,24.25
6825,6724,395,16.47
7328,7327,395,20.15
5915,5914,395,42.16
9052,9051,395,21.61
8633,8632,395,19.48
2246,2146,395,10.8
6218,6217,396,63.49
6821,6820,396,73.2
2626,2625,396,59.96
5813,5812,396,51.86
6117,6116,396,42.48
2143,2142,396,59.38
2832,2831,396,27.57
8034,8033,396,20.97
3137,3236,396,21.09
2238,2137,396,22.97
3136,3235,396,19.15
2348,2248,396,9.76
6322,6321,396,70.79
6421,6320,396,8.8
9253,9252,396,23.75
9039,9038,396,19.83
7424,7423,396,48.61
7499,7400,396,2.21
5423,5422,397,82.47
7226,7225,397,50.88
5520,5519,397,43.74
2335,2334,397,35.11
2532,2531,397,43.72
6017,6016,397,37.25
5616,5615,397,28.46
9152,9151,397,23.92
7933,7932,397,21.32
3035,3034,397,18.6
8835,8834,397,19.63
6416,6415,397,31
7526,7625,397,19.33
6924,6923,397,53.64
9960,9959,397,10.85
9654,9653,397,9.23
2435,2434,397,24.14
6614,6613,397,58.93
8433,8432,397,19.57
2756,2656,397,3.23
7425,7324,397,20.56
5715,5714,397,72.8
8796,8897,397,1.1
5519,5518,398,134.66
6820,6819,398,59.91
3235,3234,398,73.98
5812,5811,398,50.59
5914,5913,398,43.91
2236,2235,398,40.89
6716,6715,398,28.02
6514,6513,398,30.57
9453,9452,398,21.54
7730,7729,398,18.8
2336,2235,398,23.09
6320,6319,398,82.24
6927,6926,398,27.15
9552,9551,398,21.35
7831,7830,398,18.55
6827,6926,398,8.18
3244,3343,398,5.56
8533,8532,398,19.44
3148,3248,398,2.28
2142,2141,398,63.27
8333,8332,398,19.78
8197,8297,398,1.15
5518,5517,399,140.25
5714,5713,399,72.06
2625,2624,399,38.55
6217,6216,399,43.21
3133,3132,399,25.44
3034,3033,399,53.27
9142,9141,399,20.93
2237,2136,399,23.24
2139,2038,399,22.01
6718,6817,399,17.3
2728,2727,399,30.06
8733,8732,399,19.44
6923,6922,399,57.46
6613,6612,399,62.96
5525,5424,399,15.74
7423,7422,399,48.32
5615,5614,399,57.67
3245,3344,399,5.56
8937,8936,399,19.21
6819,6818,400,54.09
5811,5810,400,54.16
5422,5421,400,44.58
2531,2530,400,46.21
6116,6115,400,32.83
7028,7027,400,19.3
6319,6318,400,69.53
7525,7624,400,19.73
9353,9352,400,22.56
2144,2043,400,18.14
6719,6818,400,17.31
3137,3237,400,9.56
8233,8232,400,19.96
9856,9855,400,13.54
7424,7323,400,20.56
6922,6921,401,60.32
5614,5613,401,90.65
5517,5516,401,94.08
6817,6816,401,54.36
2235,2234,401,41.26
5913,5912,401,46.94
2334,2333,401,29.73
6016,6015,401,28.55
8033,8032,401,20.91
8134,8133,401,19.4
8632,8631,401,19.44
2335,2234,401,23.27
2727,2726,401,74.62
6615,6714,401,18.5
7227,7126,401,19.74
6717,6816,401,17.24
6415,6414,401,30.43
6925,7024,401,18.23
2247,2147,401,8.12
2933,2932,401,19.31
9252,9251,401,23.58
7524,7523,401,18.15
9049,9148,401,5.58
3771,3670,401,5.44
9593,9693,401,3.07
5388,5288,401,1.83
7424,7523,401,19.57
6596,6497,401,1.18
2857,2757,401,2.51
5713,5712,402,47.46
3234,3233,402,32.39
6513,6512,402,31.75
7932,7931,402,21.04
2434,2433,402,21.98
7225,7224,402,20.39
6318,6317,402,50.75
2831,2830,402,17.9
2236,2135,402,22.63
3241,3340,402,22.5
6216,6215,402,36.42
9151,9150,402,23.4
9653,9652,402,20.81
7422,7421,402,46.7
9038,9037,402,19.63
6395,6296,402,1.06
5613,5612,403,50.31
7126,7125,403,52.79
6714,6713,403,54.76
5421,5420,403,41.78
5810,5809,403,49.54
9452,9451,403,21.4
2726,2725,403,51.48
8834,8833,403,19.47
2625,2524,403,23.01
2625,2724,403,22.22
3033,3032,403,25.72
7226,7125,403,19.82
2626,2525,403,16.77
2626,2725,403,15.77
6921,6920,403,62.68
2143,2042,403,16.96
2139,2039,403,9.82
3240,3339,403,13.1
6924,7023,403,17.87
6612,6611,403,26.62
9755,9754,403,11.52
8951,9050,403,5.58
8432,8431,403,19.15
3669,3569,403,3.12
2530,2529,403,49.5
9551,9550,403,21.37
7423,7322,403,20.66
7624,7623,403,46.46
2451,2351,403,4.08
7196,7197,403,0.98
5912,5911,404,47.81
2234,2233,404,41.87
6115,6114,404,31.17
8732,8731,404,20.02
9141,9140,404,21.04
3132,3131,404,20.53
7729,7728,404,18.8
2334,2233,404,22.81
5422,5321,404,21.76
3241,3341,404,11.88
7830,7829,404,18.44
8332,8331,404,19.08
6611,6610,404,112.28
7523,7522,404,47.71
7423,7522,404,19.67
2248,2148,404,13.99
8532,8531,404,19.09
7125,7124,405,52.51
2135,2134,405,36.5
5712,5711,405,42.54
7421,7420,405,46.02
2333,2332,405,31.8
3339,3338,405,98.86
6816,6815,405,28.15
8936,8935,405,19.46
2235,2134,405,22.56
9352,9351,405,21.74
6713,6712,405,61.56
6820,6919,405,15.79
7023,7022,405,53.23
6920,6919,405,56.09
6414,6413,405,29.26
6015,6014,405,33.13
2729,2828,405,11.96
5626,5526,405,4.49
5085,4985,405,2.15
6317,6316,405,38.85
3059,2959,405,2.04
5793,5693,405,1.94
2142,2041,405,15.74
9494,9594,405,1.75
3246,3345,405,5.56
3343,3342,405,15.38
9145,9244,405,5.58
5612,5611,406,37.29
6512,6511,406,31.81
5516,5515,406,22.48
6819,6918,406,17.72
8631,8630,406,20.04
2624,2623,406,15.37
9251,9250,406,21.8
9859,9958,406,5.58
9147,9246,406,5.58
6610,6609,406,97.42
6215,6214,406,31.52
7322,7321,406,46.15
7623,7622,406,46.84
3247,3346,406,5.56
2529,2528,406,40.57
8232,8231,406,19.45
8098,8198,406,1.35
7422,7321,406,21.16
5911,5910,407,48.05
2233,2232,407,39.37
6815,6814,407,50.33
5809,5808,407,30.28
3233,3232,407,23.42
7224,7223,407,20.47
2433,2432,407,20.91
2932,2931,407,18.64
8133,8132,407,18.8
5421,5320,407,22.45
2038,2037,407,13.23
2627,2526,407,9.68
2144,2044,407,6.75
6712,6711,407,81.37
6925,7025,407,7.23
8032,8031,407,19.04
9150,9149,407,22.71
2041,2040,407,61.08
5287,5187,407,1.9
7624,7723,407,20.26
9652,9651,407,22.61
7422,7521,407,20.19
7522,7521,407,47.27
7420,7419,408,46.23
2332,2331,408,37.2
5711,5710,408,34.51
2828,2827,408,41.63
6014,6013,408,35.37
2134,2133,408,43.48
6114,6113,408,30.71
5420,5419,408,21.36
9451,9450,408,20.59
7931,7930,408,18.58
9037,9036,408,18.72
2234,2133,408,22.43
6818,6917,408,18.12
6817,6916,408,17.62
3032,3031,408,22.5
5422,5322,408,9.55
3235,3334,408,12.01
5423,5322,408,11.17
6918,6917,408,52.07
3162,3061,408,6.83
2348,2249,408,6.24
3975,3874,408,5.94
6711,6710,408,108.22
7399,7299,408,2
4076,3976,408,2.12
9095,9195,408,1.72
6316,6315,408,34.36
6609,6608,408,53.65
2248,2249,408,8.92
9550,9549,408,23.21
5910,5909,409,77.51
5808,5807,409,67.89
2528,2527,409,34.57
5611,5610,409,39.89
8731,8730,409,20.44
2724,2723,409,17.89
8833,8832,409,19.54
2135,2034,409,23.21
2830,2829,409,15.4
7421,7320,409,21.36
7421,7520,409,20.4
6922,7021,409,15.66
2726,2825,409,18.61
7022,7021,409,28.02
6413,6412,409,30.1
9140,9139,409,21.37
3568,3467,409,6.55
5525,5425,409,5.47
2554,2454,409,4.35
7321,7320,409,46.15
8431,8430,409,19.12
9855,9854,409,12.25
2147,2046,409,19.53
5710,5709,410,53.96
5320,5319,410,42.74
3232,3231,410,43.15
2232,2231,410,35.34
6214,6213,410,28.7
9244,9243,410,20.1
7124,7123,410,20.43
9351,9350,410,20.58
7728,7727,410,19.85
6511,6510,410,31.76
2525,2424,410,23.01
8531,8530,410,19.48
3338,3337,410,23.85
2725,2824,410,22.15
6714,6813,410,17.49
3237,3336,410,14.94
7829,7828,410,18.37
3340,3439,410,17.79
3131,3130,410,17.06
6814,6813,410,48.65
9144,9243,410,5.58
9858,9957,410,5.58
3465,3365,410,2.35
5515,5514,410,32.5
8331,8330,410,19.44
7322,7221,410,21.32
3872,3772,410,1.67
6710,6709,410,68.3
5424,5323,410,13.37
3336,3335,411,109.55
5709,5708,411,103.71
5514,5513,411,100.25
6510,6509,411,110.41
5909,5908,411,61.5
2331,2330,411,35.97
6113,6112,411,34.12
2827,2826,411,39
2133,2132,411,49.33
6013,6012,411,37.19
8935,8934,411,19.47
6608,6607,411,42.46
5321,5221,411,14.83
5321,5220,411,22.53
2233,2132,411,22.9
2524,2523,411,13.33
2135,2035,411,12.15
7023,7122,411,18.01
2727,2826,411,11.87
6921,7020,411,14.94
8630,8629,411,20.14
7027,7026,411,9.19
6927,7026,411,8.36
9250,9249,411,20.56
2148,2047,411,23.27
9146,9245,411,5.57
7623,7722,411,20.14
2248,2149,411,10.01
6916,6915,411,49.67
3439,3438,412,69.62
2034,2033,412,41.63
5610,5609,412,33.51
9549,9548,412,25.87
5419,5418,412,27.6
2432,2431,412,21.24
6315,6314,412,31.26
7622,7621,412,17.71
7420,7319,412,21.3
7420,7519,412,20.33
2332,2431,412,22.42
8231,8230,412,19.45
2828,2927,412,21.61
2134,2033,412,22.05
2525,2425,412,11.46
2623,2622,412,17.93
6920,7019,412,17.04
6509,6508,412,100.46
2148,2048,412,13
2958,2858,412,2.24
7624,7724,412,8.75
7320,7319,412,47.65
9651,9650,412,24.03
7522,7621,412,20.01
3438,3437,413,112.96
5513,5512,413,67.96
3231,3230,413,36.9
6412,6411,413,31.19
7223,7222,413,19.58
2931,2930,413,16.81
3346,3445,413,22.5
5807,5806,413,28.9
6815,6914,413,19
6919,7018,413,18.57
6713,6812,413,15.28
8031,8030,413,18.52
8132,8131,413,18.11
6607,6606,413,56.77
9754,9753,413,10.56
7321,7220,413,21.32
3437,3436,414,118.86
5609,5608,414,53.94
6012,6011,414,41.94
5708,5707,414,41.3
6112,6111,414,39.57
2132,2131,414,43.79
6213,6212,414,32.64
2231,2230,414,30.32
8832,8831,414,20.2
8730,8729,414,20.32
9036,9035,414,19.51
7930,7929,414,18.29
5320,5219,414,22.23
3232,3331,414,21.22
2232,2131,414,23.27
9854,9853,414,24.29
3031,3030,414,19.57
6709,6708,414,29.73
6918,7017,414,18.4
9857,9956,414,5.58
7521,7620,414,20.46
9957,9956,414,25.59
2041,1940,414,16.42
6508,6507,414,75.98
6609,6708,414,17.86
3130,3129,414,31.26
9139,9138,414,20.49
7998,8099,414,1.04
3436,3435,415,113.04
6914,6913,415,50.06
6606,6605,415,60
6411,6410,415,74.13
6812,6811,415,90.1
2431,2430,415,46.62
7319,7318,415,47.23
2033,2032,415,49.33
5908,5907,415,30.73
2330,2329,415,32.3
7122,7121,415,26.86
5319,5318,415,21.92
9243,9242,415,20.38
8430,8429,415,19.49
2723,2722,415,18.23
2331,2430,415,22.54
3334,3333,415,16.51
2827,2926,415,22.15
2133,2032,415,20.33
2037,2036,415,14.1
3346,3446,415,11.88
6608,6707,415,21.4
2828,2928,415,10.18
5517,5416,415,9.43
2137,2036,415,7.65
9143,9242,415,5.58
6814,6913,415,19.56
9350,9349,415,20.02
4479,4379,415,2.2
6811,6810,416,113.76
6111,6110,416,80.72
5512,5511,416,40.67
5418,5417,416,33.33
3445,3444,416,41.01
8330,8329,416,19.78
6314,6313,416,28.91
2034,1933,416,22.48
9650,9649,416,25.73
7828,7827,416,17.98
8530,8529,416,19.67
8629,8628,416,20.22
2824,2823,416,18.26
7017,7016,416,54.07
3230,3229,416,40.3
7727,7726,416,17.86
1940,1939,416,61.5
2046,2045,416,16.37
4177,4077,416,2.21
2351,2250,416,10.92
6917,7016,416,18.35
7320,7219,416,20.87
6094,5995,416,1.12
6916,7015,416,19.22
2329,2328,417,66.71
6605,6604,417,51.51
2230,2229,417,33.94
2131,2130,417,35.93
5608,5607,417,48.86
6011,6010,417,43.06
6212,6211,417,36.7
7722,7721,417,18.97
8934,8933,417,19.6
9548,9547,417,23.02
3231,3330,417,22.45
2231,2130,417,22.92
6913,6912,417,59.06
5321,5222,417,11.01
6410,6409,417,84.98
3340,3440,417,6.94
6709,6808,417,22.36
2656,2555,417,7.39
5806,5805,417,31.12
3130,3029,417,23.06
6507,6506,417,45.05
6110,6109,418,65.4
1933,1932,418,50.9
2032,2031,418,47.41
2330,2429,418,22.61
2132,2031,418,21.97
2035,1934,418,23.13
2826,2925,418,22.5
2523,2522,418,14.31
6707,6706,418,48.2
2424,2423,418,13.18
5221,5120,418,23.26
3232,3332,418,9.71
2328,2327,418,134.85
6709,6809,418,14.16
6409,6408,418,100.92
2622,2621,418,17.93
3364,3264,418,2.09
6810,6809,418,65.33
8230,8229,418,19.79
5707,5706,418,33.27
1939,1938,418,55.37
9753,9752,418,23.39
5425,5324,418,16.28
3129,3128,418,31.8
7015,7014,418,53.23
2327,2326,419,106.18
2229,2228,419,59.97
5511,5510,419,38
5907,5906,419,30.02
5318,5317,419,27.52
8729,8728,419,20.43
8831,8830,419,20.62
3444,3443,419,38.02
2927,3026,419,22.64
7319,7218,419,21
2425,2324,419,22.44
6211,6210,419,77.19
2829,2929,419,10.33
5909,6008,419,15.3
3435,3434,419,26.37
7121,7120,419,26.85
5221,5121,419,13.1
6912,6911,419,97.08
6408,6407,419,122.68
9450,9449,419,9.25
5692,5592,419,1.82
8030,8029,419,18.05
9853,9852,419,23.61
8131,8130,419,17.94
7219,7218,419,47.24
3229,3228,419,41.01
9956,9955,419,22.35
2047,1946,419,18.36
7014,7013,420,54.2
1932,1931,420,53.55
6604,6603,420,38.86
3330,3329,420,33.96
2130,2129,420,39.62
6010,6009,420,34.2
9242,9241,420,21.32
5416,5415,420,23.13
9035,9034,420,19.77
5219,5218,420,18.19
2927,3027,420,13.03
7319,7418,420,20.02
2035,1935,420,11.79
7620,7619,420,18.66
5910,6009,420,11.28
6313,6312,420,30.38
7019,7118,420,17.72
3346,3347,420,7.19
6911,6910,420,129
9142,9241,420,5.58
7929,7928,420,18.26
3230,3329,420,21.9
2148,2049,420,8.98
5728,5628,420,2
6808,6807,420,46.99
5607,5606,420,41.3
2048,1947,420,19.13
6506,6505,420,47.96
9349,9348,420,22
9138,9137,420,18.7
2031,2030,421,19.16
3029,3028,421,24.71
6706,6705,421,24.04
8429,8428,421,6.87
3436,3535,421,112.14
2131,2030,421,6.92
6606,6705,421,35.29
3437,3536,421,114.1
3438,3537,421,110.07
7018,7117,421,75.58
3439,3538,421,85.79
6913,7012,421,73.06
2526,2426,421,4.82
9649,9648,421,6.93
9141,9240,421,29.67
2926,3025,421,37.68
9693,9792,421,44.12
7017,7116,421,73.38
8996,9096,421,4.75
5185,5086,421,1.62
3331,3431,421,18.65
3331,3430,421,45.29
3229,3328,421,55.7
7016,7115,421,70.2
3343,3442,421,25.73
3129,3028,421,9.68
7015,7114,421,70.5
7013,7112,422,81.73
2326,2325,422,23.92
7014,7113,422,71.12
1938,1937,422,19.05
3440,3539,422,66.48
3330,3429,422,48.99
6110,6209,422,77.48
2329,2428,422,58.54
6605,6704,422,27.49
6212,6311,422,52.6
2425,2325,422,10.77
5908,6007,422,41.08
6707,6806,422,23.25
6211,6310,422,87.45
8833,8932,422,27.12
7020,7119,422,42.1
9037,9136,422,25.94
6911,7010,422,110.87
2328,2427,422,100.44
6912,7011,422,96.79
9148,9247,422,30.4
9140,9239,422,29.82
6810,6909,422,73.45
6809,6908,422,54.9
3128,3127,422,24.41
6407,6406,422,9.73
9652,9751,422,32.56
4783,4683,422,1.05
6808,6907,422,56.29
7118,7217,422,70.88
9651,9750,422,35.16
6507,6406,422,7.22
4883,4784,422,1.1
3537,3636,423,93.56
3538,3637,423,81
7418,7517,423,60.12
6210,6309,423,47.72
6109,6208,423,41.64
6604,6703,423,34.25
7117,7216,423,72.79
5805,5804,423,6.93
8628,8627,423,6.89
5907,6006,423,41.37
6605,6504,423,15.58
9548,9647,423,32.73
9243,9342,423,28.91
8832,8931,423,27.86
8730,8829,423,27.92
9036,9135,423,26.62
9650,9749,423,37.53
3435,3534,423,46.23
3334,3433,423,32.67
9149,9248,423,30.64
7723,7822,423,27.59
7116,7215,423,75.93
3329,3428,423,55.22
9244,9343,423,28.68
9854,9953,423,38.18
3536,3635,423,88.78
7012,7111,423,108.33
5806,5905,423,41.88
3128,3227,423,40.76
6910,7009,423,66.01
9853,9952,423,37.68
9246,9345,423,27.8
9139,9238,423,28.33
7115,7214,423,76.06
3228,3327,423,45.53
6007,6106,424,83.09
6209,6308,424,77.76
7114,7213,424,69.96
5606,5705,424,46.89
6009,6108,424,38.87
6603,6702,424,40.15
6008,6107,424,40.99
6807,6906,424,44.34
5805,5904,424,38.84
6706,6805,424,30.79
8329,8328,424,6.86
9242,9341,424,30.21
9035,9134,424,27.02
8729,8828,424,28.3
8831,8930,424,28.38
9852,9951,424,35.38
7722,7821,424,26.99
8934,9033,424,27.23
3333,3432,424,30.12
8529,8528,424,6.88
3346,3447,424,7.25
9245,9344,424,29.92
7621,7720,424,27.09
9649,9748,424,36.11
5906,6005,424,38.42
3027,3126,424,40.55
7827,7826,424,6.87
7011,7110,424,98.54
7112,7211,424,101.66
9752,9851,424,38.27
9349,9448,424,29.88
6006,6105,425,104.71
3539,3638,425,67.28
3429,3528,425,48.61
7217,7316,425,65.29
3430,3529,425,38.84
6705,6804,425,44.36
2129,2128,425,24.56
6603,6602,425,24.49
3431,3530,425,36.13
8830,8929,425,28.82
8728,8827,425,29.73
8933,9032,425,27.85
7721,7820,425,26.7
8628,8727,425,29.47
9241,9340,425,30.45
6806,6905,425,50.31
9547,9646,425,28.47
7620,7719,425,26.92
3342,3441,425,17.5
7626,7725,425,18.88
3434,3533,425,26.8
7827,7926,425,27.64
3535,3634,425,36.78
9348,9447,425,34.28
9138,9237,425,26.24
7111,7210,426,60.67
5804,5903,426,48.21
7009,7108,426,50.64
7010,7109,426,43.56
6908,7007,426,46.35
6704,6803,426,47.14
7216,7315,426,69.41
9648,9747,426,31.36
9137,9236,426,26.11
9034,9133,426,27.28
9751,9850,426,38.7
7418,7417,426,18.27
3431,3531,426,21.13
6604,6503,426,13.44
3637,3736,426,69.23
3127,3226,426,39.12
6907,7006,426,43.21
7215,7314,426,67.07
7517,7616,426,69.53
2722,2721,426,4.9
5905,6004,426,51.24
7113,7212,426,38.74
2041,1941,426,2.35
3433,3532,426,54.65
6909,7008,426,43.88
6506,6405,426,14.66
7820,7919,427,78.71
6106,6205,427,58.37
6107,6206,427,48.2
5904,6003,427,60.62
6208,6307,427,45.17
3635,3734,427,38.71
6703,6802,427,44.34
7719,7818,427,77.02
8932,9031,427,28.55
9750,9849,427,35
6805,6904,427,53.45
8428,8527,427,27.15
6005,6104,427,62.94
2030,2029,427,18.99
3440,3540,427,11.37
9547,9546,427,6.88
6906,7005,427,51.45
7828,7927,427,18.54
7929,8028,427,18.8
8030,8129,427,18.58
3636,3735,427,36.69
7214,7313,427,36.72
9247,9346,427,29.86
9855,9954,427,15.27
3533,3632,427,72.64
7724,7823,427,18.38
7212,7311,428,82.44
3638,3737,428,64.75
6105,6204,428,58.25
7110,7209,428,37.19
6108,6207,428,36.48
6702,6801,428,45.41
9343,9442,428,29.76
8627,8726,428,30.56
8931,9030,428,29.22
9342,9441,428,29.77
9647,9746,428,29.3
8829,8928,428,29.8
9239,9338,428,27.39
9136,9235,428,27.09
1931,1930,428,14.16
6804,6903,428,51.45
7418,7518,428,13.31
9345,9444,428,29.8
5510,5509,428,8.2
7316,7415,428,60.74
9248,9347,428,32.73
7928,8027,428,18.71
8029,8128,428,18.4
7726,7825,428,18.31
7213,7312,428,38.07
7313,7412,429,83.31
7006,7105,429,52.21
7417,7516,429,61.69
7108,7207,429,48.89
5903,6002,429,62.02
6602,6701,429,40.55
3530,3629,429,38.97
3634,3733,429,44.76
8930,9029,429,30.96
8828,8927,429,30.91
9851,9950,429,32.2
9748,9847,429,28.4
6702,6701,429,23.43
7822,7921,429,26.86
9135,9234,429,27.28
6803,6902,429,48.61
9344,9443,429,29.09
8229,8228,429,6.87
2723,2822,429,13.43
3529,3628,429,44.18
3569,3468,429,2.03
2824,2923,429,14.41
2825,2924,429,12.44
6004,6103,429,63.02
2128,2227,429,41.23
2823,2822,429,5.06
9238,9337,429,26.1
7315,7414,429,56.65
3736,3835,429,55.06
9240,9339,429,19.2
6207,6306,430,112.65
3540,3639,430,60.14
6206,6305,430,58.37
3734,3833,430,48.19
7314,7413,430,35.63
7109,7208,430,40.98
6602,6601,430,24.44
3530,3630,430,20.56
9340,9439,430,28.4
8727,8826,430,30.66
8929,9028,430,32.03
9033,9132,430,27.87
9134,9233,430,27.28
7211,7310,430,24.29
7616,7715,430,38
8328,8427,430,27.01
3442,3541,430,17.66
7005,7104,430,54.49
6802,6901,430,50.1
3531,3630,430,40.09
6905,7004,430,32.79
9646,9745,430,30.03
3248,3348,430,4.94
2925,3024,430,13.9
2621,2720,430,13.92
2722,2821,430,13.62
2128,2127,430,24.34
2823,2922,430,13.49
3534,3633,430,22.07
7826,7925,430,27.37
5893,5794,430,0.93
3328,3427,430,17.09
7414,7513,431,72.55
7312,7411,431,61.93
6903,7002,431,51.47
7518,7617,431,64.18
7008,7107,431,30.04
7108,7107,431,22.39
7007,7106,431,28.91
7210,7309,431,33.58
9032,9131,431,27.89
9237,9336,431,26.96
6503,6502,431,24.25
7217,7317,431,11.71
5317,5316,431,6.93
5120,5119,431,6.87
9850,9949,431,29.03
3531,3631,431,20.27
7926,8025,431,27.74
6205,6304,431,46.19
3428,3527,431,17.98
6003,6102,431,42.07
7519,7618,431,10.48
8000,8100,431,4.83
3737,3836,431,52.07
6104,6203,431,41.33
1940,1839,431,4
3026,3125,431,12.89
6204,6303,431,56.38
6405,6404,431,24.63
3833,3932,432,104.7
2127,2226,432,82.74
7413,7512,432,77.71
3835,3934,432,56.92
6902,7001,432,52.2
3733,3832,432,60.46
7209,7308,432,46.22
9031,9130,432,28.86
3735,3834,432,34.79
9133,9232,432,27.57
9236,9335,432,27.39
7417,7416,432,17.69
9747,9846,432,27.62
3025,3124,432,14.04
5606,5605,432,8.6
9546,9645,432,29.08
2423,2422,432,6.67
6904,7003,432,32.04
8527,8626,432,28.61
7919,8018,432,31.91
9341,9440,432,19.29
6002,6101,432,48.72
3629,3728,432,49.53
7818,7917,432,32.94
6103,6202,432,47.53
3639,3738,433,54.31
7207,7306,433,35.52
9442,9541,433,28.91
9030,9129,433,31.61
9746,9845,433,28.48
8928,9027,433,29.57
2029,2028,433,18.4
7823,7922,433,26.99
3630,3729,433,50.58
8827,8926,433,19.02
9444,9543,433,30.7
3541,3640,433,54.14
7004,7103,433,53.93
3227,3326,433,15.22
7719,7718,433,12.81
2325,2225,433,9.64
2325,2224,433,14.04
3327,3426,433,15.48
2129,2028,433,11.6
2326,2225,433,10.29
7618,7717,433,75.14
7619,7718,433,11.4
8100,8199,433,106.02
3632,3731,433,25.82
9346,9445,433,27.35
3263,3163,433,1.09
3528,3627,433,18.48
9441,9540,433,28.87
7415,7514,433,34.73
7725,7824,433,18.31
9347,9446,433,28.85
3834,3933,434,81.71
7513,7612,434,57.14
7002,7101,434,53.69
7412,7511,434,30.58
9029,9128,434,29.87
7105,7204,434,34.37
9235,9334,434,27.73
9443,9542,434,29.8
7820,7819,434,12.37
6504,6403,434,14.1
1933,1832,434,4.6
3832,3931,434,76.72
6303,6402,434,50.32
3126,3225,434,14.15
9594,9694,434,5.15
8897,8997,434,4.66
9693,9793,434,4.77
9338,9437,434,27.45
6002,6001,434,22.44
7516,7615,434,30.27
8199,8298,435,124.82
7514,7613,435,75.14
3731,3830,435,72.83
7003,7102,435,52.83
7208,7307,435,34.6
3633,3732,435,28.95
9234,9333,435,27.81
9339,9438,435,27.2
9847,9946,435,27.2
9337,9436,435,28.13
7311,7410,435,21.99
7104,7203,435,33.13
8228,8327,435,26.85
9749,9848,435,12.53
3932,4031,435,68.25
1938,1837,435,6.39
9745,9844,435,28.79
3737,3837,435,16.17
7715,7814,435,28.68
7416,7515,435,59.2
3836,3935,435,44.55
2721,2820,435,15.79
1939,1838,435,4.63
2048,1948,435,2.93
7927,8026,435,18.53
6203,6302,435,37.57
8028,8127,435,18.36
7617,7716,435,42.68
9793,9892,436,105.17
2224,2323,436,58.2
5605,5704,436,44.03
7107,7206,436,33.42
9131,9230,436,28.83
7309,7408,436,34.43
7106,7205,436,33.93
9028,9127,436,27.58
9439,9538,436,27.69
7310,7409,436,28.01
9132,9231,436,27.58
9233,9332,436,27.92
7103,7202,436,53.05
8726,8825,436,19.21
1930,1929,436,13.11
7819,7918,436,72.3
3630,3730,436,16.72
3226,3325,436,15.37
6502,6501,436,24.6
5705,5704,436,8.81
3640,3739,436,49.86
8128,8227,436,18.08
8427,8526,436,26.97
6202,6301,436,37
7825,7924,436,18.32
2522,2521,436,4.43
3934,4033,436,47.02
3348,3448,436,19.07
8027,8126,436,18.26
2621,2620,436,4.55
3931,4030,436,83.23
3729,3828,436,49.78
6102,6201,436,34.52
3732,3831,437,73.24
7917,8016,437,30.4
7308,7407,437,34.96
9130,9229,437,31.3
8626,8725,437,33.03
9336,9435,437,27.87
7411,7510,437,26.71
8927,9026,437,18.33
7820,7920,437,8.53
7821,7920,437,11.72
3541,3641,437,15.4
3933,4032,437,58.2
9645,9744,437,30.76
7298,7198,437,1.16
7718,7817,437,42.89
7615,7714,437,62.08
3836,3936,437,18.91
3830,3929,437,96.06
3628,3727,437,19.67
8018,8117,437,32.25
3728,3827,437,35.34
1837,1936,438,60.41
7102,7201,438,53.48
7717,7816,438,34.8
9129,9228,438,28.39
7306,7405,438,33.33
7922,8021,438,28.79
9543,9642,438,28.48
9846,9945,438,27.56
9440,9539,438,28.07
9232,9331,438,27.96
9335,9434,438,27.9
7512,7611,438,26.91
8826,8925,438,18.29
2822,2921,438,16.1
9445,9544,438,30.26
5804,5803,438,6.9
3934,4034,438,18.04
7925,8024,438,18.43
2128,2027,438,11.02
3427,3526,438,19.57
2028,2027,438,20.79
9541,9640,438,29.11
3827,3926,439,127.06
7511,7610,439,30.49
7204,7303,439,33.33
9334,9433,439,28.42
2224,2223,439,18.99
9845,9944,439,27.57
9540,9639,439,28.09
3527,3626,439,19.06
6402,6401,439,24.68
8025,8124,439,18.27
2127,2126,439,11.41
3929,4028,439,112.2
7612,7711,439,28.47
9446,9545,439,26.97
7824,7923,439,27.85
3640,3740,439,16.99
2923,3022,439,15.13
3831,3930,439,92.74
5221,5122,439,3.31
9195,9295,439,4.33
2821,2920,439,16.47
9542,9641,439,28.77
2922,3021,439,15.94
3738,3838,439,17.47
2720,2819,439,16.73
5425,5325,439,2.01
9437,9536,439,28.89
9194,9295,439,1.51
7206,7305,440,35.36
3935,4035,440,20.37
9333,9432,440,28.53
7410,7509,440,33.33
7307,7406,440,34.5
9436,9535,440,28.29
7920,8019,440,69.59
4030,4129,440,43.44
7203,7302,440,32.81
7921,8020,440,14.09
3627,3726,440,20.57
7716,7815,440,30.88
4033,4132,440,36.4
9438,9537,440,28.86
3730,3829,440,43.16
2924,3023,440,13.59
7615,7614,440,17.54
5591,5491,440,1.08
4031,4131,440,21.33
4031,4130,440,34.76
7814,7913,440,32.04
7515,7614,440,32
3926,4025,441,123.85
8526,8625,441,31.58
7409,7508,441,34.19
7202,7301,441,34.53
9231,9330,441,31.01
9332,9431,441,29.77
7205,7304,441,34.62
7408,7507,441,33
9844,9943,441,27.83
7613,7712,441,26.9
8327,8426,441,26.73
8127,8226,441,26.9
1837,1836,441,18.16
9538,9637,441,28.91
1832,1831,441,14.7
3727,3826,441,37.27
8926,9025,441,18.19
9027,9126,441,18.16
4030,4029,441,23.91
8021,8120,441,70.41
3024,3123,441,13.79
5803,5902,441,58.4
5903,5902,441,6.76
9848,9947,441,27.33
4033,4133,441,21.09
9849,9948,441,10.83
1934,1833,441,4.9
3125,3224,441,14.61
9991,9992,441,1.35
3828,3927,441,30.98
3837,3937,441,19.56
7918,8017,441,28.44
3829,3928,442,86.64
9435,9534,442,28.67
7714,7813,442,28.85
7510,7609,442,32.35
7407,7506,442,31.74
8016,8115,442,31.65
8126,8225,442,26.88
8227,8326,442,26.83
9128,9227,442,18.05
7817,7916,442,29.47
3739,3839,442,18.21
9744,9843,442,28.61
7924,8023,442,27.55
3124,3223,442,15.07
8117,8216,442,32.36
4277,4278,442,1.1
4035,4134,443,55.82
9434,9533,443,29.58
7611,7710,443,31.6
2027,2026,443,24.56
7405,7504,443,31.92
3641,3741,443,17.37
4025,4124,443,108.91
3936,4036,443,19.13
9229,9328,443,28.07
3927,4026,443,118.28
8026,8125,443,18.32
7816,7915,443,29.21
9544,9643,443,30.2
5322,5223,443,2.99
3225,3324,443,16.2
3326,3425,443,15.64
9642,9741,443,30.35
9640,9739,443,30.2
3426,3525,443,15.71
9433,9532,444,29.66
7610,7709,444,32.55
9536,9635,444,28.97
8024,8123,444,27.1
4129,4228,444,35.43
9539,9638,444,27.94
7302,7401,444,35.52
9639,9738,444,29.98
1929,1928,444,13.28
9127,9226,444,18.2
8825,8924,444,18.2
3826,3925,444,55.01
7711,7810,444,32.48
7303,7402,444,34.44
9545,9644,444,31.61
4133,4232,444,53.62
4130,4229,444,39.89
5605,5604,444,8.76
4029,4128,444,55.08
9096,9196,444,4.38
1947,1846,444,5.96
4132,4231,444,42.55
2820,2919,444,16.94
3148,3249,444,1.88
4131,4230,444,37.71
9641,9740,444,30.45
4124,4223,445,87.96
4026,4125,445,100.93
7406,7505,445,31.14
9535,9634,445,29.9
7509,7608,445,32.42
7305,7404,445,33.33
8020,8119,445,32.39
3740,3840,445,18.43
9026,9125,445,18.22
7614,7713,445,33.34
8124,8223,445,27.3
8725,8824,445,18.29
7923,8022,445,26.68
7815,7914,445,28.4
3771,3671,445,1.04
3838,3938,445,18.97
2620,2719,445,16.34
2351,2251,445,1.7
9537,9636,445,28.77
3325,3424,445,16.36
5121,5020,445,4.9
4036,4135,446,59.27
2026,2125,446,58.54
7508,7607,446,31.74
9330,9429,446,30.97
7507,7606,446,30.76
7304,7403,446,33.58
7712,7811,446,31.86
8925,9024,446,18.21
9228,9327,446,18.16
5316,5315,446,6.93
4134,4233,446,63.07
5119,5118,446,6.88
9637,9736,446,29.49
8120,8219,446,29.14
4028,4127,446,20.42
8019,8118,446,27.72
6002,5901,446,8.66
8017,8116,446,33.11
2451,2352,446,1.55
4228,4327,447,58.91
5604,5703,447,48.14
7609,7708,447,32.82
9534,9633,447,30.09
7813,7912,447,33.38
7506,7605,447,31.91
8115,8214,447,28.91
3937,4037,447,16.68
1836,1835,447,17.51
2819,2918,447,18.47
7916,8015,447,31.06
3526,3625,447,15.98
4229,4328,447,56.23
2920,3019,447,17.68
3726,3825,447,23.16
8226,8325,447,26.74
8426,8525,447,27.69
8216,8315,447,28.85
3348,3449,447,8.79
4232,4331,447,58.44
3928,4027,447,30
9843,9942,447,28.48
2921,3020,447,15.85
4230,4329,447,53.77
4231,4330,447,54.69
8223,8322,448,70.38
4223,4322,448,54.1
9533,9632,448,29.26
9741,9840,448,30.81
9739,9838,448,30.32
7710,7809,448,33.24
8326,8425,448,26.47
8225,8324,448,26.76
9431,9530,448,20.62
9643,9742,448,29.1
3626,3725,448,17.09
7504,7603,448,35.21
9230,9329,448,12.35
7915,8014,448,31.39
8021,8121,448,10.33
8022,8121,448,70.01
8023,8122,448,27.85
3348,3349,448,5.85
3839,3939,448,18.19
3162,3062,448,1.13
3021,3120,448,16.09
4027,4126,449,82.72
4135,4234,449,63.07
9532,9631,449,31.05
9638,9737,449,30.09
9635,9734,449,29.04
7709,7808,449,33
8125,8224,449,26.71
2026,2025,449,18.86
3741,3841,449,18.09
9738,9837,449,29.68
9126,9225,449,18.23
8625,8724,449,19.54
7402,7501,449,34.5
9025,9124,449,18.23
3925,4024,449,29.96
4233,4332,449,63
7810,7909,449,33.52
7913,8012,449,17.67
9331,9430,449,13.22
4128,4227,449,34.4
9644,9743,449,29.56
1947,1847,449,3.46
9740,9839,449,30.88
3466,3366,449,1.16
3975,3875,449,1.15
3022,3121,449,14.74
1940,1840,449,2.27
5626,5527,449,1.38
5525,5426,449,1.52
6295,6196,449,0.8
5703,5802,450,49.09
7404,7503,450,33.28
7608,7707,450,31.91
9636,9735,450,29.49
7505,7604,450,33.81
9634,9733,450,28.96
4223,4222,450,20.54
4327,4426,450,62.47
4331,4430,450,62.57
4329,4428,450,56.78
9227,9326,450,18.29
4328,4427,450,58.45
8924,9023,450,26.44
7912,8011,450,53.66
7713,7812,450,30.55
4037,4136,450,50.99
1934,1834,450,2.81
4330,4429,450,59.43
3023,3122,450,14.89
4581,4481,450,1.15
3224,3323,450,16.31
4127,4226,450,43.52
7914,8013,450,32.57
8119,8218,450,32.85
2025,2124,451,79.71
8122,8221,451,70.29
3825,3924,451,42.38
7403,7502,451,34.53
4024,4123,451,88.27
7811,7910,451,33.16
3840,3940,451,18.59
8824,8923,451,26.51
8118,8217,451,34.12
8116,8215,451,30.32
9328,9427,451,18.32
3223,3322,451,16.04
4125,4224,451,24.04
2027,1926,451,11.62
7605,7704,451,37.05
7606,7705,451,34.54
7607,7706,451,32.28
1831,1830,451,10.48
8324,8423,451,70.42
8100,8200,451,5.03
8219,8318,451,34.75
2756,2657,451,1.28
3123,3222,451,14.55
3938,4038,451,17.62
8525,8624,452,34.86
8315,8414,452,30.55
8223,8222,452,14.72
4223,4323,452,15.42
7603,7702,452,35.91
9226,9325,452,18.11
8015,8114,452,31.14
3525,3624,452,17.24
3425,3524,452,16.48
3324,3423,452,16.77
7912,7911,452,20.7
9432,9531,452,12.59
5315,5414,452,24.61
4126,4225,452,56.06
2027,1927,452,7.41
7708,7807,452,32.46
2323,2322,452,6.47
2919,3018,452,19.85
4234,4333,452,60.83
8214,8313,452,30.71
4227,4326,452,54.63
3061,2960,452,1.99
2049,2150,452,4.56
2554,2455,452,1.71
1928,1927,452,13.11
4332,4431,452,59.81
4322,4422,453,21.27
4322,4421,453,35.22
4322,4321,453,24.68
3725,3824,453,31.7
8322,8421,453,32.91
3625,3724,453,26.94
2719,2818,453,17.86
9125,9224,453,18.14
8325,8424,453,27.84
7809,7908,453,32.67
4426,4525,453,52.82
4427,4526,453,51.67
3541,3642,453,6.22
8014,8113,453,31.32
4136,4235,453,49.77
8425,8524,453,32.18
4429,4528,453,47.44
8121,8220,453,34.06
4430,4529,453,49.82
4428,4527,453,48.76
2049,1949,453,3.09
9742,9841,453,29.86
5121,5021,453,2.81
7910,8009,454,54.94
7503,7602,454,35.58
9124,9223,454,32.93
8224,8323,454,28.81
9329,9428,454,27.3
9530,9629,454,27.07
3019,3118,454,21.12
9429,9528,454,18.07
9327,9426,454,18.37
3424,3523,454,17.19
4226,4325,454,39.4
9024,9123,454,17.97
7909,8008,454,32.43
9737,9836,454,29.49
1846,1945,454,14.55
8012,8111,454,32.28
5118,5217,454,20.16
7604,7703,454,37.57
7808,7907,454,33.25
2918,3017,454,22.27
9793,9893,454,5.1
4037,4137,454,16.57
9743,9842,454,29.49
9294,9395,454,1.39
8222,8321,455,61.11
7707,7806,455,33.76
9430,9529,455,28.09
8724,8823,455,26.74
3120,3219,455,20.23
7706,7805,455,36.16
4222,4221,455,23.87
3020,3119,455,18.57
7502,7601,455,35.36
8013,8112,455,31.98
8011,8110,455,32.22
7705,7804,455,36.72
7911,8010,455,55.04
4426,4425,455,21.01
3841,3941,455,19.17
4431,4530,455,52.17
8218,8317,455,32.83
4326,4425,455,63.59
4333,4432,455,54.5
7400,7300,455,1.23
2656,2556,455,1.33
2049,2050,455,2.88
4321,4420,456,55.9
3018,3117,456,38.74
8221,8320,456,30.88
1926,1925,456,20.02
9632,9731,456,19.7
8318,8417,456,30.55
7704,7803,456,34.89
5604,5603,456,8.53
2223,2222,456,6.04
3641,3742,456,7.45
8997,9097,456,4.75
9694,9794,456,4.75
2224,2123,456,6.36
8423,8522,456,34.29
4235,4334,456,48.01
4038,4138,456,20.24
8216,8316,456,7.24
4526,4625,456,47.48
8217,8316,456,30.4
8215,8314,456,29.07
3940,4040,456,20.27
3669,3570,456,1.35
8200,8299,456,34.79
4422,4521,457,43.48
3824,3923,457,36.94
4529,4628,457,41.14
8414,8513,457,32.17
7702,7801,457,33.68
3924,4023,457,23.73
4323,4423,457,21.4
4325,4424,457,49.44
7807,7906,457,35.06
3121,3220,457,17.86
9631,9730,457,18.69
9225,9324,457,17.75
4528,4627,457,42.41
8114,8213,457,29.72
4225,4324,457,34.66
9837,9936,457,18.31
8313,8412,457,32.17
5512,5411,457,2.35
4527,4626,457,45.11
8797,8798,457,1.36
6897,6898,457,1.02
4525,4624,457,42.98
1925,2024,458,105.14
4425,4524,458,48.76
3017,3116,458,39.54
3118,3217,458,38.56
8524,8623,458,29.48
8424,8523,458,33.53
9325,9424,458,25.81
8624,8723,458,27.03
7908,8007,458,33.94
9733,9832,458,19.18
8112,8211,458,51.61
9326,9425,458,17.97
2025,2024,458,12.12
8010,8109,458,52.56
8421,8520,458,33.49
9841,9940,458,28.57
3874,3773,458,1.93
8113,8212,458,31.86
9023,9122,458,17.99
8220,8319,458,32.79
9494,9495,458,0.92
4525,4524,458,24.01
5603,5702,459,57.6
8299,8398,459,58.34
4530,4629,459,35.69
9123,9222,459,31.96
4422,4522,459,19.26
4321,4320,459,19.86
4529,4629,459,19.98
9427,9526,459,18.28
3322,3421,459,18.23
4123,4122,459,13.45
8923,9022,459,18.1
7703,7802,459,33.59
3323,3422,459,17.33
4221,4320,459,39.86
8008,8107,459,33.83
7602,7701,459,34.63
8111,8210,459,31.22
7907,8006,459,34.98
7806,7905,459,35.72
8323,8422,459,31.59
1837,1736,459,5.93
4235,4335,459,17.67
4431,4531,459,16.13
4432,4531,459,44.18
9842,9941,459,28.66
9736,9835,459,11.09
4333,4433,459,15.27
8797,8898,459,2.18
3217,3316,460,79
3117,3216,460,38.64
8823,8922,460,33.31
8317,8416,460,29.07
4530,4630,460,21.2
8321,8420,460,31.86
7805,7904,460,34.55
9426,9525,460,26.64
3724,3823,460,20.74
2818,2917,460,21.15
3423,3522,460,18.06
3524,3623,460,17.82
3624,3723,460,18.89
9531,9630,460,19.36
3222,3321,460,17.29
7804,7903,460,32.82
3122,3221,460,15.5
4221,4220,460,24.52
9633,9732,460,11.57
1838,1737,460,5.87
2422,2421,460,3.67
5609,5508,460,2.14
4177,4178,460,1.08
6797,6798,460,0.98
4625,4724,460,39.36
4480,4380,460,1.14
5020,5019,460,6.9
4424,4523,461,40.17
4628,4727,461,44.53
4626,4725,461,42.73
8522,8621,461,32.75
8417,8516,461,29.52
7803,7902,461,32.82
4421,4520,461,19.43
8316,8415,461,29.07
4627,4726,461,44.74
3741,3842,461,7.98
8314,8413,461,32.31
5513,5412,461,2.01
4432,4532,461,19.03
4682,4582,461,1.05
8320,8419,461,34.54
4625,4725,461,20.46
3723,3822,462,72.3
3823,3922,462,74.77
3316,3415,462,72.81
3216,3315,462,77.39
5702,5801,462,58.25
4629,4728,462,47.38
3116,3215,462,37.87
8513,8612,462,31.67
4334,4434,462,19.37
3219,3318,462,22.38
3119,3218,462,22.18
7906,8005,462,34.18
9428,9527,462,18.38
9629,9728,462,18.26
9528,9627,462,18.25
3523,3622,462,18.54
9224,9323,462,17.28
9734,9833,462,11.03
8213,8312,462,32.35
9836,9935,462,18.08
2521,2520,462,3.87
9840,9939,462,10.84
9838,9937,462,10.43
1839,1738,462,4.6
6697,6698,462,0.93
8412,8511,462,31.64
9122,9221,463,32.4
8623,8722,463,32.68
8523,8622,463,31.69
8723,8822,463,33.12
8007,8106,463,33.79
8211,8310,463,31.18
9324,9423,463,26.46
4420,4519,463,20.43
8212,8311,463,31.35
9529,9628,463,18.21
9223,9322,463,17.33
8009,8108,463,17.58
8319,8418,463,33.72
4524,4623,463,35.2
9839,9938,463,10.55
5086,4986,463,2.42
8520,8619,463,32.25
6897,6998,463,1.63
3315,3414,464,72.44
3215,3314,464,81.49
3318,3417,464,79.75
3822,3921,464,74.77
9022,9121,464,33.39
4335,4435,464,21.43
7802,7901,464,33.94
9425,9524,464,27.16
3923,4022,464,21.12
3220,3319,464,21.07
9424,9523,464,28.13
8107,8206,464,32.56
4630,4729,464,45.74
8006,8105,464,32.78
7905,8004,464,33.17
9731,9830,464,18.27
8110,8209,464,17.32
9735,9834,464,10.65
4222,4121,464,10.22
4531,4631,464,21.52
2917,3016,464,39.63
8422,8521,464,30.62
5608,5507,464,2.21
4433,4533,464,21.47
3622,3721,465,68.48
4727,4826,465,44.18
7904,8003,465,33.02
8416,8515,465,30.53
7903,8002,465,34.33
4624,4723,465,18.29
9730,9829,465,18.25
2222,2321,465,17.55
8511,8610,465,59.11
1736,1735,465,18.92
1830,1829,465,7.64
8612,8711,465,58.48
3841,3942,465,8.88
5514,5413,465,1.82
8922,9021,465,34.59
8420,8519,465,33.99
9494,9595,465,1.49
3314,3413,466,74.22
4728,4827,466,46.15
3218,3317,466,38.06
8621,8720,466,33.94
7902,8001,466,34.63
8109,8208,466,17.75
8516,8615,466,31.06
8415,8514,466,31.92
4320,4419,466,21.35
8413,8512,466,30.82
4521,4620,466,16.78
4630,4730,466,18.49
9832,9931,466,18.03
8419,8518,466,31.42
4532,4632,466,21.27
8310,8409,466,56.98
4523,4622,466,34.46
5511,5410,466,2.42
5086,5087,466,2.25
3940,4041,466,10.03
2041,1942,466,1.94
3721,3820,467,74.93
3921,4020,467,69.45
3415,3514,467,32.1
8005,8104,467,32.89
4434,4534,467,21.51
9222,9321,467,17.79
3422,3521,467,18.75
9526,9625,467,17.87
3421,3520,467,19.9
4729,4828,467,49.08
4220,4319,467,20.26
8210,8309,467,17.94
9835,9934,467,18.08
1847,1746,467,7.97
1832,1731,467,4.41
8312,8411,467,31.05
3317,3416,468,76.34
3319,3418,468,36.48
3016,3115,468,37.93
8722,8821,468,34.12
4623,4722,468,28.57
9423,9522,468,28.47
8106,8205,468,32.35
8622,8721,468,34.31
8619,8718,468,31.32
9323,9422,468,27.17
3723,3722,468,14.13
9525,9624,468,18.3
3522,3621,468,19.33
3321,3420,468,19.52
3221,3320,468,18.68
3623,3722,468,19.62
9732,9831,468,18.72
9630,9729,468,18.12
4726,4825,468,21.28
8511,8510,468,18.65
8108,8207,468,33.51
8418,8517,468,29.94
4221,4120,468,11.49
8612,8611,468,18.88
5222,5123,468,2.64
8409,8508,469,54.03
3413,3512,469,63.2
3414,3513,469,30.81
4435,4535,469,21.03
8206,8305,469,32.79
9322,9421,469,27.7
9221,9320,469,27.08
3922,4021,469,20.91
8004,8103,469,34.01
8105,8204,469,32.75
4520,4619,469,18.59
4335,4336,469,10.33
2024,2023,469,9.34
8521,8620,469,34.36
5603,5602,469,8.09
5217,5216,469,6.93
9523,9622,469,28.54
4724,4823,469,17.44
8209,8308,469,34.09
4631,4731,469,21.05
4730,4829,469,50.71
4522,4621,469,15.11
4533,4633,469,21.44
6496,6397,469,0.88
2857,2758,469,1.11
3722,3821,470,74.77
3621,3720,470,73.43
3115,3214,470,86.17
4827,4926,470,43.64
8003,8102,470,35.22
9021,9120,470,32.64
8610,8709,470,32.83
8519,8618,470,30.4
8002,8101,470,34.83
9524,9623,470,28.18
9834,9933,470,28
8515,8614,470,32.13
3822,3821,470,13.42
9527,9626,470,18
4335,4436,470,13.77
9833,9932,470,18.43
1925,1924,470,7.64
9196,9296,470,3.9
1846,1845,470,3.9
8612,8712,470,13.86
8711,8810,470,32.62
8310,8410,470,14.38
1947,1848,470,2.88
1839,1739,470,2.63
4884,4885,470,1.11
8208,8307,471,32.99
8409,8408,471,20.57
8518,8617,471,30.77
8510,8609,471,56.66
4723,4822,471,27.05
1735,1734,471,18.73
3921,3920,471,15.01
3417,3516,471,21.81
8822,8921,471,18.24
9628,9727,471,17.96
9627,9726,471,17.45
9728,9827,471,17.6
8514,8613,471,31.8
4828,4927,471,45.44
8615,8714,471,32.56
4632,4732,471,21.52
1847,1747,471,4.75
8922,8921,471,9.38
2520,2619,471,15.86
4725,4824,471,15.65
8611,8710,471,57.21
8720,8819,471,31.89
5490,5390,471,0.95
5607,5506,471,2.34
3214,3313,472,86.5
3418,3517,472,37.35
8104,8203,472,34.25
3514,3613,472,33.5
3413,3412,472,17.14
4826,4925,472,23.51
9121,9220,472,17.71
3314,3313,472,13.57
4519,4618,472,16.12
4534,4634,472,21.27
5602,5701,472,51.38
9830,9929,472,18.24
3642,3743,472,7.85
4829,4928,472,49.26
1926,1825,472,6.94
3513,3612,472,67.38
4730,4830,472,16.68
3449,3450,472,4.11
1833,1732,472,4.67
3512,3611,472,67.18
1941,1841,472,2.18
8200,8300,472,4.85
8597,8598,472,0.89
3516,3615,473,79.98
8410,8509,473,57.35
8305,8404,473,36.3
8205,8304,473,34.2
8721,8820,473,33.4
3416,3515,473,33.71
8718,8817,473,31.98
9422,9521,473,28.67
9321,9420,473,28.14
8409,8509,473,15.44
9829,9928,473,18.28
4620,4719,473,20.45
8712,8811,473,56.19
8207,8306,473,32.13
3642,3643,473,5.15
8517,8616,473,30.6
8821,8920,473,33.38
1929,1828,473,3.88
9522,9621,473,28.77
3742,3843,473,8.58
5994,5895,473,0.93
3613,3712,474,73.51
8709,8808,474,36.61
8508,8607,474,34.46
8103,8202,474,35.16
8204,8303,474,35.13
3521,3620,474,20.27
3520,3619,474,21.14
4622,4721,474,19.83
8308,8407,474,31.99
9624,9723,474,27.57
9421,9520,474,28.67
4535,4635,474,21.32
8810,8909,474,36.91
4825,4924,474,27.77
3569,3469,474,1.14
8620,8719,474,31.37
4633,4733,474,21.22
5324,5224,474,1.73
3615,3714,475,79.32
3412,3511,475,64.12
4830,4929,475,49.19
8102,8201,475,34.7
8618,8717,475,31.69
3420,3519,475,21.15
3320,3419,475,21.1
4020,4119,475,18.09
3820,3919,475,19.32
9320,9419,475,27.7
4436,4536,475,21.33
8614,8713,475,32.89
4731,4831,475,18.95
3611,3710,475,68.49
2321,2420,475,15.31
9625,9724,475,18.14
5019,5018,475,6.9
4829,4929,475,17.22
2917,2916,475,6.93
9623,9722,475,28.4
8697,8698,475,0.93
9622,9721,475,28.18
3712,3811,476,75.67
8300,8399,476,38.76
3612,3711,476,43.13
8609,8708,476,34.05
4822,4921,476,32.89
4732,4832,476,21.52
8710,8809,476,33.68
8819,8918,476,31.96
8617,8716,476,30.75
4926,5025,476,25.74
4722,4821,476,19.65
4120,4219,476,17.96
9831,9930,476,18.09
9021,9020,476,9.52
4823,4922,476,21.3
4419,4518,476,15.14
9729,9828,476,18.23
2023,2122,476,23.23
8307,8406,476,32.83
9893,9993,476,4.67
4619,4718,476,22.3
1926,1826,476,4.08
8203,8302,476,35.41
8408,8507,476,32.71
3249,3350,476,4.44
4928,5027,476,41.46
4041,4140,476,15.35
2049,1950,476,2.56
6997,7098,476,1.61
6597,6598,476,0.91
3714,3813,477,77.21
1734,1733,477,17.61
9726,9825,477,27
9827,9926,477,26.84
9727,9826,477,25.67
4319,4418,477,14.7
4925,5024,477,32.22
8712,8812,477,14.66
9794,9894,477,4.79
4634,4734,477,20.41
5606,5505,477,2.53
8304,8403,477,36.4
8404,8503,477,35.65
8920,9019,478,31.82
8817,8916,478,31.67
3515,3614,478,34.9
9220,9319,478,27.39
3412,3411,478,16.81
4830,4930,478,17.24
3720,3819,478,19.51
9120,9219,478,17.87
4831,4930,478,47.53
8509,8608,478,33.21
3115,3114,478,10.68
5410,5409,478,8.43
8306,8405,478,34.84
4927,5026,478,21.3
8811,8910,478,33.96
8616,8715,478,30.6
4621,4720,478,17.26
4928,5028,478,19.89
5510,5409,478,2.34
8820,8919,478,32.19
4824,4923,478,20.72
8607,8706,478,37.64
8303,8402,478,35.52
3511,3610,478,66.1
8909,9008,478,38.8
5122,5022,478,2.61
8808,8907,478,38.06
3813,3912,479,80.53
3811,3910,479,58.08
8399,8498,479,49.93
4635,4735,479,21.39
8719,8818,479,32.23
4733,4833,479,21.27
3517,3616,479,22.53
3313,3312,479,14.43
3920,4019,479,19.5
3710,3809,479,47.08
1731,1730,479,8.89
9626,9725,479,17.66
3016,3015,479,6.93
8407,8506,479,34.72
9097,9197,479,4.44
8714,8813,479,18.05
2916,3015,479,38.84
9420,9519,479,27.59
1845,1944,479,17.57
9521,9620,479,28.22
9723,9822,479,28.8
8202,8301,479,34.75
4618,4717,479,21.93
5389,5289,479,0.97
9621,9720,479,27.29
