8552,8452,4,23.98
8452,8352,7,43.72
8552,8453,7,19.61
8552,8451,7,19.61
8552,8553,7,13.62
8552,8551,7,13.62
8451,8351,10,47.23
8552,8652,10,9.51
8453,8353,11,32.55
8552,8653,13,10.43
8552,8651,13,10.43
8551,8550,14,15.2
8453,8354,14,20.46
8451,8350,16,16.61
8551,8450,17,15.2
8551,8650,17,15.2
8453,8454,17,10.78
8354,8254,18,31.08
8352,8252,18,9.63
8354,8255,21,20.54
8354,8253,21,20.54
8353,8253,21,10.03
8351,8251,21,9.63
8354,8355,23,11.29
8454,8455,24,14.7
8454,8554,26,11.74
8255,8155,27,19.65
8255,8256,28,14.7
8254,8154,28,10.03
8255,8156,29,17.89
8454,8555,29,12.47
8350,8250,29,8.12
8455,8356,31,20.29
8355,8356,31,13.62
8155,8055,32,21.15
8156,8056,33,28.19
8455,8456,34,10.27
8253,8153,34,7.76
8155,8054,35,18.58
8252,8152,35,5.93
8156,8057,36,20.43
8056,7956,37,26.78
8055,7955,37,23.98
8251,8151,37,6.31
8651,8751,37,4.29
8356,8257,38,20.46
8156,8157,38,12.28
8057,7957,40,25.38
8056,7957,40,20.25
8055,7954,40,19.61
8450,8349,40,6.33
8350,8249,40,5.93
7955,7855,41,28.19
8456,8357,41,20.43
8356,8357,41,10.78
8651,8752,42,4.94
8651,8750,42,4.94
8456,8457,43,12.28
8653,8654,43,3.37
7855,7755,44,34.06
7955,7856,44,20.43
7955,7854,44,20.43
8057,7958,44,19.97
8057,8058,44,13.19
8250,8150,44,6.68
8455,8556,45,6.88
8257,8158,46,19.97
8257,8258,46,13.19
8157,8158,46,13.19
7755,7655,47,38.74
7855,7756,48,20.29
7855,7754,48,20.29
8554,8655,48,6.45
8550,8449,48,4.18
8153,8053,49,7.04
7655,7555,50,40.36
8456,8557,51,8.78
7755,7656,52,19.33
7755,7654,52,19.33
7555,7455,53,42.02
8158,8159,53,14.37
7957,7857,53,8.12
8257,8358,53,9.85
8158,8059,54,18.58
8151,8051,54,5.93
8152,8052,54,5.53
7655,7556,55,18.87
7655,7554,55,18.87
8249,8149,55,6.68
8250,8149,55,5.53
7455,7355,56,35.59
7555,7456,58,18.37
7555,7454,58,18.37
8054,7953,58,6.17
7656,7657,59,14.7
8158,8259,59,11.72
7958,7858,59,6.68
8650,8549,59,3.41
7355,7255,60,26.78
7656,7557,60,17.89
7455,7356,61,20.04
7455,7354,61,20.04
8150,8050,61,5.93
7856,7757,62,8.13
8653,8753,62,2.06
7355,7256,63,20.25
7355,7254,63,20.25
7556,7457,63,19.97
7954,7853,63,6.17
7454,7353,65,20.43
7456,7357,65,20.54
8750,8649,65,6.21
8349,8348,66,3.99
8249,8148,66,5.53
8249,8248,66,3.91
7454,7453,67,12.28
7854,7753,67,6.17
8457,8458,67,4.23
7356,7257,68,20.29
7255,7155,69,11.83
7353,7253,70,23.98
7256,7156,70,14.85
7457,7458,70,14.37
7958,7859,70,5.53
7958,7959,70,3.91
7257,7157,71,35.59
7457,7358,71,18.58
8051,7951,71,5.93
8052,7952,71,5.93
7357,7258,72,20.43
8649,8548,72,20.25
8149,8049,72,5.93
7754,7653,72,6.12
8150,8049,72,5.23
7353,7252,73,19.61
7353,7352,73,13.62
8649,8648,73,12.75
8750,8749,73,3.24
7858,7758,74,7.04
8655,8656,74,3.99
8751,8851,74,2.76
8653,8754,74,2.33
7453,7452,75,13.19
7454,7553,75,8.78
8557,8558,75,4.23
8752,8852,75,3.1
7257,7158,76,20.04
7254,7154,76,8.12
7457,7558,76,11.72
8358,8359,77,4.28
8159,8160,77,4.23
8050,7950,78,5.93
8449,8448,78,3.44
7157,7057,79,13.86
7358,7259,79,19.61
7358,7359,79,13.62
8059,8060,79,4.15
8557,8657,79,3.62
7158,7058,80,25.38
7258,7159,80,19.15
7252,7152,81,13.28
7156,7056,81,9.21
7155,7055,81,8.84
8649,8748,81,9.3
7253,7153,82,8.86
7453,7552,82,9.85
7452,7351,83,19.61
7452,7451,83,13.62
8259,8260,83,4.23
7953,7852,83,5.75
8149,8048,83,5.23
8059,7960,83,5.04
8655,8755,83,2.92
7159,7059,84,31.08
7158,7059,84,19.97
8751,8850,84,3.02
7058,6958,85,23.98
7358,7459,85,10.43
7858,7759,85,5.65
8752,8853,85,3.33
7359,7260,86,20.46
7757,7658,86,6.12
7159,7060,87,20.54
7057,6957,87,12.71
7951,7851,87,6.31
8358,8459,87,4.28
7059,6959,88,32.55
7351,7251,88,21.15
7058,6959,88,19.61
7154,7054,88,8.49
8049,7949,88,6.31
7155,7054,88,7.79
6958,6858,89,25.38
7159,7160,89,11.29
7359,7360,89,10.78
7452,7551,89,10.43
7252,7151,89,8.97
7853,7752,89,5.65
8557,8658,89,3.78
7451,7450,90,14.7
7351,7350,90,14.37
8749,8849,90,6.05
7060,6960,91,29.62
7059,6960,91,20.46
7351,7250,91,18.58
8348,8347,91,4.07
8148,8147,91,4.15
8248,8247,92,3.99
6958,6859,93,19.97
6958,6857,93,19.97
7153,7053,93,9.24
7152,7052,93,8.49
7055,6955,93,8.84
7950,7850,93,6.68
7753,7652,93,5.53
8655,8756,93,3.17
7060,6961,94,20.53
7459,7460,94,11.29
7056,6956,94,7.87
8749,8848,94,6.88
6960,6860,95,31.08
7451,7550,95,12.47
7859,7860,95,4.07
8148,8047,95,5.04
7160,7061,96,20.25
7060,7061,96,11.79
8648,8547,96,6.35
8548,8447,96,6.12
7350,7349,97,14.7
7160,7161,97,12.75
7054,6954,97,12.15
8259,8360,97,3.78
6960,6861,98,20.54
7250,7150,98,14.85
7350,7249,98,17.89
6858,6758,98,11.6
7859,7760,98,5.23
6860,6760,99,31.08
6857,6757,99,16.97
8048,7948,99,6.31
8049,7948,99,5.39
6859,6759,100,16.49
7459,7559,100,6.9
8558,8559,100,4.15
7758,7659,100,5.65
8753,8854,100,3.78
7053,6953,101,12.71
8160,8161,101,4.23
6860,6761,102,20.54
6956,6856,102,14.27
7350,7449,102,12.47
7151,7051,102,8.12
6759,6659,103,34.06
6760,6660,103,29.62
6758,6658,103,22.58
7760,7660,103,21.15
7061,6962,103,20.43
7949,7849,103,6.68
7851,7751,103,6.31
8657,8757,103,4.28
7349,7348,104,14.37
7459,7560,104,7.79
8060,8061,104,4.15
6757,6657,105,19.8
7760,7761,105,14.37
7349,7248,105,18.58
7161,7062,105,19.61
7161,7162,105,13.62
7061,7062,105,12.28
7160,7261,105,9.3
6659,6559,106,34.06
6760,6661,106,20.53
7249,7149,106,14.27
7760,7661,106,18.58
6962,6862,107,29.62
7052,6952,107,7.4
6955,6855,107,7.4
8260,8261,107,4.28
8748,8647,107,5.65
8648,8647,107,2.95
8849,8949,108,5.66
7960,7961,108,4.07
8748,8747,108,3.83
8060,7961,108,5.04
8852,8952,108,3.1
6559,6459,109,38.74
6856,6756,109,14.45
7449,7448,109,14.7
6857,6756,109,9.12
7850,7750,109,6.31
8851,8951,109,2.92
7248,7148,110,23.98
6659,6560,110,20.29
6659,6558,110,20.29
6962,6863,110,20.53
6954,6854,110,7.76
8048,7947,110,5.39
7661,7561,111,21.15
6657,6557,111,19.8
7660,7561,111,18.58
7449,7549,111,11.74
6953,6853,111,10.51
7150,7050,111,8.12
7760,7861,111,11.72
7161,7262,111,10.43
8459,8460,111,4.23
7960,7861,111,5.23
8359,8460,111,4.28
6459,6359,112,43.72
7761,7762,112,14.37
6962,6963,112,11.79
8849,8950,112,6.45
8849,8948,112,6.45
6661,6561,113,16.31
7149,7049,113,15.95
7661,7662,113,14.37
7761,7662,113,18.58
7248,7147,113,19.61
7248,7247,113,13.62
7051,6951,113,9.41
7460,7361,113,7.66
8657,8758,113,4.28
6863,6763,114,28.19
6855,6755,114,14.45
6559,6460,114,19.33
6559,6458,114,19.33
7661,7562,114,18.58
7449,7548,114,12.47
7948,7848,114,7.04
8658,8659,114,4.15
7949,7848,114,5.53
6359,6259,115,40.36
6862,6762,115,12.71
6757,6656,115,9
6861,6762,115,8.8
7561,7461,116,21.15
7448,7447,116,14.37
8147,8146,116,4.15
7752,7651,116,5.39
8853,8953,116,3.32
7148,7048,117,15.95
6863,6764,117,20.43
6459,6360,117,17.81
6459,6358,117,17.81
7448,7347,117,18.58
6952,6852,117,11.05
8247,8246,117,4.07
8347,8346,117,3.99
8260,8361,117,4.28
8754,8855,117,3.33
6259,6159,118,43.72
6557,6457,118,14.45
7761,7862,118,11.72
6761,6662,118,9.12
7562,7462,119,22.58
6963,6864,119,20.25
8948,8847,119,20.54
7561,7462,119,18.58
6863,6864,119,12.28
7849,7749,119,6.31
6656,6556,120,21.35
6763,6663,120,18.73
7147,7047,120,15.95
6359,6260,120,18.87
6359,6258,120,18.87
7762,7663,120,19.15
7762,7763,120,14.01
6963,6964,120,12.75
7051,6950,120,8.03
8147,8046,120,5.04
6159,6059,121,49.06
6755,6655,121,15.05
7662,7563,121,19.15
7049,6949,121,14.27
8948,8947,121,11.29
6962,7063,121,8.27
8547,8446,121,5.85
6457,6357,122,28.19
6764,6664,122,23.98
7562,7463,122,19.15
6951,6851,122,11.6
7549,7649,122,9.51
6854,6754,122,8.49
7448,7547,122,11.72
6661,6562,122,9.13
8047,7946,122,5.39
6059,5959,123,50.93
6259,6160,123,17.81
6259,6158,123,17.81
6556,6456,124,28.74
7462,7362,124,23.98
7048,6948,124,14.85
8547,8546,124,3.67
6457,6356,125,20.43
6764,6665,125,19.61
6764,6765,125,13.62
7762,7863,125,11.05
6853,6753,125,7.4
7549,7650,125,10.43
7549,7648,125,10.43
7947,7847,125,7.04
7750,7650,125,6.31
8161,8162,125,4.23
8559,8560,125,4.07
7948,7847,125,5.65
8459,8560,125,3.78
6357,6257,126,28.19
6852,6752,126,11.6
8853,8954,126,3.53
7463,7363,127,22.58
7047,6947,127,14.85
6663,6563,127,15.05
6964,6865,127,20.54
7462,7363,127,19.61
6159,6060,127,15.98
6159,6058,127,15.98
8948,9048,127,6.9
5959,5859,128,23.39
6664,6564,128,17.65
6260,6161,128,19.15
6260,6261,128,14.01
7763,7664,128,19.15
7763,7764,128,14.01
7663,7564,128,19.15
7663,7664,128,14.01
6561,6461,128,6.96
6963,7064,128,9.3
8756,8856,128,2.92
6356,6256,129,26.69
6948,6848,129,21.15
6357,6256,129,20.43
7563,7464,129,19.15
6964,6965,129,11.29
8061,8062,129,4.15
6257,6157,130,31.08
7463,7364,130,19.15
6851,6751,130,13.28
6754,6654,130,13.86
6655,6555,130,12.15
6949,6849,130,11.83
6950,6850,130,11.05
6460,6361,130,9.07
6755,6654,130,9.11
7848,7748,130,6.31
6951,6850,130,8.69
7849,7748,130,5.39
8658,8759,130,3.53
5859,5759,131,42.02
6060,5960,131,26.78
6059,5960,131,15.34
6059,5958,131,15.34
8948,9049,131,7.79
8948,9047,131,7.79
8261,8262,131,4.23
6947,6847,132,21.15
6948,6847,132,18.58
7262,7163,132,6.78
8747,8646,132,6.12
6157,6057,133,37.15
6257,6156,133,20.54
6765,6666,133,17.81
7763,7864,133,11.05
7961,7962,133,4.07
8061,7962,133,5.04
6564,6464,134,16.97
6947,6946,134,14.37
6060,5961,134,20.25
6752,6652,134,12.71
8757,8857,134,3.32
5759,5659,135,29.62
6947,6846,135,18.58
7363,7263,135,12.87
6060,6061,135,12.75
7364,7264,135,22.58
8460,8461,135,4.28
8360,8461,135,3.78
6847,6747,136,25.38
5958,5858,136,24.16
6666,6566,136,49.06
5859,5760,136,18.37
5859,5758,136,18.37
7764,7665,136,19.61
7764,7765,136,13.62
7664,7565,136,19.15
7664,7665,136,14.01
7564,7465,136,19.15
7564,7565,136,14.01
6563,6463,136,12.15
7064,7065,136,13.19
7947,7846,136,5.65
8952,9052,136,3.62
6555,6455,137,14.45
6654,6554,137,14.45
6665,6565,137,8.86
7464,7365,137,19.15
6562,6462,137,6.68
8947,8946,137,6.33
5758,5658,138,54.84
6156,6056,138,21.35
5759,5660,138,20.53
5759,5658,138,20.53
5960,5860,138,15.4
6157,6056,138,19.72
6751,6651,138,13.28
6753,6653,138,7.76
6851,6750,138,8.97
6754,6653,138,9.03
7364,7265,138,19.15
8747,8746,138,3.37
8854,8955,138,3.78
6765,6766,139,7.33
8947,8846,139,8.13
8659,8660,139,4.15
7247,7146,139,5.53
7247,7246,139,3.91
6057,5957,140,15.68
6847,6748,140,19.97
6847,6746,140,19.97
6848,6748,140,9.96
6947,7046,140,11.72
6566,6466,140,31.08
7847,7747,140,6.68
7063,7164,140,7.79
7064,7164,140,8.92
5658,5558,141,38.74
6849,6749,141,9.96
7447,7446,141,4.07
8146,8145,141,4.07
6464,6364,142,13.86
6946,6845,142,19.15
6946,6945,142,14.01
6666,6567,142,15.98
7764,7865,142,10.43
6356,6255,142,8.41
6456,6355,142,8.13
8246,8245,142,4.07
8361,8362,142,4.15
8951,9051,142,3.1
5660,5560,143,21.15
6056,5956,143,21.35
7065,6966,143,20.43
6566,6467,143,20.54
6566,6465,143,20.54
7347,7346,143,3.99
8346,8345,143,3.99
7064,7165,143,9.85
6747,6647,144,12.71
7465,7366,144,19.15
7465,7466,144,14.01
8146,8045,144,5.23
8953,9053,144,3.62
7665,7566,144,19.15
7665,7666,144,14.01
7565,7466,144,19.15
7565,7566,144,14.01
8757,8858,144,3.53
5956,5856,145,52.86
5558,5458,145,26.78
5660,5661,145,14.37
6554,6454,145,13.28
7365,7266,145,19.61
7065,7066,145,12.28
8460,8561,145,4.28
6467,6367,146,49.06
7146,7045,146,20.53
5660,5561,146,18.58
5660,5559,146,18.58
5658,5559,146,19.33
5658,5557,146,19.33
6750,6650,146,12.71
6653,6553,146,13.28
5659,5559,146,9.96
6652,6552,146,8.49
8759,8760,146,6.33
6751,6650,146,8.97
6654,6553,146,9.07
6256,6155,146,8.67
6845,6745,147,23.98
6746,6646,147,15.95
5758,5657,147,14.05
9047,9046,147,6.33
8046,7945,147,5.39
5856,5756,148,47.23
5558,5459,148,20.25
5558,5457,148,20.25
5957,5857,148,12.71
6748,6648,148,12.71
7146,7145,148,11.79
6463,6363,148,8.49
8546,8445,148,6
7547,7546,148,3.99
8446,8445,148,3.75
7946,7845,148,5.53
6966,6866,149,17.58
6749,6649,149,12.71
5858,5757,149,11.63
5961,5861,149,6.68
6156,6055,149,8.89
6465,6365,149,18.34
6466,6366,149,12.15
7665,7766,149,11.05
6845,6744,150,19.61
6845,6844,150,13.62
6945,6844,150,19.61
6945,6944,150,13.62
6364,6264,150,13.28
6651,6551,150,8.49
6666,6667,150,6.08
8162,8163,150,4.15
6745,6645,151,31.08
5560,5460,151,14.27
5660,5761,151,11.72
7846,7746,151,7.04
8461,8462,151,6.45
8759,8859,151,4.83
7847,7746,151,5.53
5561,5461,152,17.03
5661,5562,152,20.43
7066,6967,152,20.46
7366,7267,152,19.97
7366,7367,152,13.19
7666,7567,152,19.15
7666,7667,152,14.01
7566,7467,152,19.15
7566,7567,152,14.01
6647,6547,152,13.28
7466,7367,152,19.15
7466,7467,152,14.01
6467,6368,152,15.98
6462,6362,152,6.68
9047,9147,152,4.83
7648,7647,152,3.75
5457,5357,152,29.62
8950,9050,152,2.51
8951,9050,152,3.33
6055,5955,153,32.55
7266,7166,153,14.27
5956,5855,153,14.69
6554,6453,153,8.97
6455,6354,153,9.08
7065,7166,153,8.78
6161,6062,153,5.75
8546,8545,153,3.52
6368,6268,154,61.16
6744,6644,154,31.08
6366,6266,154,20.56
6745,6644,154,20.54
6650,6550,154,13.28
5458,5358,154,11.83
5661,5662,154,12.28
5856,5755,154,16.61
5557,5456,154,18.37
8062,8063,154,4.07
6261,6162,154,5.65
8954,9054,154,3.62
8162,8063,154,5.04
8953,9054,154,3.78
5460,5360,155,31.08
7145,7044,155,20.25
7066,7067,155,10.78
8262,8263,155,4.23
6261,6262,155,3.83
5457,5356,155,20.53
6365,6265,156,14.45
5459,5359,156,13.63
6648,6548,156,12.71
6363,6263,156,13.28
7145,7144,156,12.75
6055,5954,156,20.46
6062,5962,157,25.38
5562,5462,157,20.59
6744,6643,157,20.54
6649,6549,157,13.28
7766,7767,157,14.01
7666,7767,157,11.05
5657,5556,157,15.34
7146,7245,157,8.27
8062,7963,157,5.23
6967,6867,158,19.95
5461,5361,158,18.73
5460,5361,158,20.54
6944,6843,158,19.97
6944,6943,158,13.19
6844,6743,158,19.15
6844,6843,158,14.01
6646,6546,158,9.24
6552,6452,158,8.49
6264,6164,158,12.71
6255,6154,158,9.12
6355,6254,158,9.11
8759,8860,158,5.19
5356,5256,159,32.55
6266,6166,159,20.56
5358,5258,159,23.98
7367,7268,159,20.43
7267,7167,159,15.95
7766,7866,159,10.16
6055,6054,159,10.78
6567,6468,159,8.67
9047,9148,159,5.19
9047,9146,159,5.19
6263,6163,160,31.08
7667,7568,160,19.15
7667,7668,160,14.01
7467,7368,160,19.61
7467,7468,160,13.62
7567,7468,160,19.61
7567,7568,160,13.62
6547,6447,160,12.71
6643,6543,160,37.15
8145,8044,160,7.66
5955,5854,160,20.46
5961,5862,160,5.53
5357,5257,160,12.87
8855,8956,160,3.33
6162,6063,161,20.43
6062,5963,161,19.97
6062,6063,161,13.19
5360,5260,161,17.58
6645,6545,161,10.03
5756,5656,161,7.76
8461,8562,161,5.49
5462,5362,162,21.25
5356,5255,162,20.46
5755,5655,162,12.66
6550,6450,162,13.28
5358,5259,162,19.61
6551,6451,162,8.49
7766,7867,162,11.05
6367,6267,162,6.31
5661,5762,162,8.78
7846,7745,162,5.65
8646,8645,162,3.44
5256,5156,163,25.38
7268,7168,163,31.08
7067,6968,163,19.72
5456,5355,163,17.23
6453,6353,163,11.05
6454,6353,163,8.24
8946,8845,163,5.53
8946,8945,163,3.91
5260,5160,164,40.36
6867,6767,164,18.73
5361,5261,164,19.95
7767,7768,164,14.37
5954,5853,164,19.15
5954,5953,164,14.01
6368,6269,164,12.2
6644,6544,164,10.03
7145,7244,164,9.3
8660,8661,164,4.07
8954,9055,164,3.78
5255,5155,165,34.06
6549,6449,165,13.28
6265,6165,165,11.6
6548,6448,165,11.6
6944,7043,165,9.85
6943,6842,165,20.25
6643,6542,165,19.72
6743,6642,165,20.54
8846,8745,165,5.65
6269,6169,166,58.99
6166,6066,166,15.05
7268,7169,166,20.54
6546,6446,166,13.86
7067,7068,166,9.25
6843,6742,166,19.97
7746,7646,166,7.04
6667,6568,166,9
6943,6942,166,12.75
7446,7445,166,4.07
8145,8144,166,4.14
7747,7646,166,5.53
6164,6064,166,13.28
5156,5056,167,25.38
5362,5262,167,22.65
5963,5863,167,17.58
7568,7469,167,20.53
5854,5753,167,20.54
5256,5157,167,19.97
6054,6053,167,14.01
5862,5763,167,20.43
8462,8463,167,6.33
8245,8244,167,4.07
8362,8363,167,4.15
8857,8957,167,3.1
5160,5060,167,43.72
6968,6868,168,21.94
6267,6167,168,19.8
6545,6445,168,14.45
7668,7569,168,19.61
7668,7669,168,13.62
6447,6347,168,13.28
7268,7269,168,11.29
6452,6352,168,11.05
6063,5964,168,20.54
5155,5055,169,25.38
5255,5154,169,20.29
5260,5161,169,18.87
5260,5159,169,18.87
8044,7944,169,11.83
5456,5455,169,6.9
5259,5159,169,15.95
7346,7345,169,3.99
7446,7345,169,5.23
5261,5161,169,21.25
5060,4960,170,43.72
7745,7645,170,13.63
7767,7868,170,11.72
6268,6168,170,6.31
6543,6443,170,10.44
5662,5563,170,9.13
8760,8761,170,4.23
8345,8344,170,3.83
7864,7964,170,2.76
7863,7964,170,3.17
7169,7069,171,21.25
5953,5952,171,14.37
5156,5057,171,19.97
6544,6444,171,15.05
5154,5054,172,37.15
6167,6067,172,25.79
5763,5663,172,21.25
6842,6741,172,20.25
5953,5852,172,18.58
5853,5752,172,19.61
5853,5852,172,13.62
6767,6668,172,18.87
5255,5254,172,10.27
5161,5061,172,47.23
6054,6153,172,11.05
5262,5162,172,22.65
5160,5061,172,17.81
5160,5059,172,17.81
7069,6969,173,54.84
5055,4955,173,26.78
6449,6349,173,13.28
6448,6348,173,12.71
6842,6841,173,12.75
6165,6065,173,12.71
6354,6253,173,7.13
9046,9045,173,3.91
7945,7844,173,5.53
6868,6768,174,19.95
5964,5864,174,19.95
6446,6346,174,13.86
6066,5966,174,13.86
6450,6350,174,8.49
5655,5555,174,8.86
7668,7769,174,10.43
6468,6369,174,9.56
5258,5158,174,7.04
6943,7042,174,9.3
7845,7744,174,5.53
8860,8861,174,6.45
7546,7545,174,3.99
5061,4961,175,45.45
6168,6068,175,23.89
5863,5764,175,18.37
5060,4961,175,17.81
5060,4959,175,17.81
6452,6351,175,8.56
8163,8164,175,4.15
9052,9152,175,2.63
9049,9149,175,2.31
4960,4860,176,19.33
5563,5463,176,19.8
5055,4956,176,20.25
5055,4954,176,20.25
7269,7170,176,19.33
6445,6345,176,13.86
5056,4956,176,11.83
6269,6170,176,12.8
8955,9056,176,3.78
6347,6247,176,13.28
5752,5652,177,23.98
5154,5053,177,19.72
5953,6052,177,11.72
8545,8444,177,6.12
8445,8444,177,3.52
8858,8958,177,3.1
9053,9153,177,3.1
8857,8958,177,3.33
7865,7965,177,2.92
4961,4861,178,43.72
6969,6869,178,23.39
4955,4855,178,23.98
6067,5967,178,17.65
6169,6069,178,8.86
5162,5062,178,19.06
7268,7369,178,7.79
5161,5062,178,16.61
8860,8960,178,5.17
5158,5058,178,28.19
6068,5968,179,27.7
6065,5965,179,17.03
6741,6641,179,15.4
5057,4957,179,13.63
6542,6442,179,7.57
8044,7943,179,7.66
8263,8264,179,4.28
8063,8064,179,4.07
8462,8563,179,5.19
8163,8064,179,5.04
4954,4854,180,32.55
7170,7070,180,27.54
6841,6740,180,20.43
5752,5651,180,19.61
5752,5751,180,13.62
5254,5153,180,18.37
5154,5153,180,9.25
7269,7270,180,8.75
6069,5969,181,38.71
5062,4962,181,42.02
5463,5363,181,21.94
5764,5664,181,18.34
4959,4859,181,17.58
5966,5866,181,15.05
4955,4856,181,19.61
6668,6569,181,16.61
5061,4962,181,17.23
6842,6941,181,9.3
6349,6249,181,13.86
6348,6248,181,13.28
7070,6970,182,63.4
4860,4760,182,18.73
6768,6669,182,18.37
6841,6840,182,12.28
7069,6970,182,14.05
6350,6250,182,12.71
9054,9154,182,3.62
6346,6246,182,13.28
4855,4755,183,23.98
6869,6769,183,21.25
5053,4953,183,17.58
4954,4853,183,20.46
6170,6070,183,15.05
4961,4862,183,17.81
8463,8464,183,6.45
6568,6469,183,8.67
5255,5354,183,6.88
6443,6343,183,7.88
8545,8544,183,3.37
4854,4754,184,29.62
5968,5868,184,22.17
4861,4761,184,19.95
5967,5867,184,19.95
5652,5551,184,20.54
6247,6147,184,12.71
6352,6252,184,6.31
6445,6344,184,9.03
6740,6640,184,32.55
6345,6245,184,13.28
8860,8961,184,5.49
8860,8959,184,5.49
5969,5869,185,33.31
5254,5253,185,7.79
7244,7143,185,6.78
5058,4958,185,15.95
8044,8043,185,4.14
9146,9145,185,3.91
9147,9247,185,3.1
9052,9151,185,2.89
4853,4753,186,45.45
4862,4762,186,40.36
4856,4756,186,22.58
5664,5564,186,21.25
5965,5865,186,14.45
4855,4756,186,19.61
5062,4963,186,18.37
5752,5851,186,10.43
5563,5464,186,9
5363,5263,186,21.94
8463,8364,186,7.83
7745,7644,186,5.96
5655,5554,186,6.06
4755,4655,187,28.19
6070,5970,187,26.69
6970,6870,187,24.96
4859,4759,187,17.03
5866,5766,187,18.73
4957,4857,187,13.63
5952,5951,187,6.57
6740,6639,187,20.46
6269,6270,187,4.43
8845,8844,187,4.23
9049,9150,187,2.58
7865,7966,187,3.17
4754,4654,188,31.08
4760,4660,188,18.15
7943,7843,188,11.83
9055,9155,188,4.28
5162,5063,188,9.04
8956,9057,188,5.19
4753,4653,189,45.45
5554,5454,189,42.02
4963,4863,189,40.36
5868,5768,189,23.39
4856,4757,189,19.15
6249,6149,189,13.86
4962,4863,189,18.87
6248,6148,189,13.28
7369,7370,189,9.25
6840,6739,189,20.43
6153,6152,189,6.06
8945,8944,189,3.99
5970,5870,190,44.82
4756,4656,190,28.19
5869,5769,190,24.79
4761,4661,190,19.33
5867,5767,190,17.65
4755,4656,190,20.43
6669,6570,190,18.37
6250,6150,190,12.71
7270,7171,190,15.34
6351,6251,190,7.04
6841,6940,190,8.78
8745,8744,190,4.07
8661,8662,190,3.91
6350,6251,190,8.89
8561,8662,190,3.17
4655,4555,191,26.78
5464,5364,191,20.59
4953,4852,191,18.87
4862,4763,191,18.87
6246,6146,191,12.15
5764,5665,191,9.08
6840,6839,191,12.28
7445,7444,191,4.07
5263,5163,191,21.25
6442,6342,191,8.54
6344,6244,191,14.45
5769,5669,192,58.99
4653,4553,192,43.72
4654,4554,192,32.55
6870,6770,192,24.16
5865,5765,192,18.73
4762,4662,192,19.95
6147,6047,192,12.71
4853,4752,192,17.23
6170,6071,192,9.11
6245,6145,192,12.71
8144,8143,192,3.99
4958,4858,192,16.49
7768,7869,192,5.19
4759,4659,193,17.58
5766,5666,193,19.33
4756,4657,193,20.43
4757,4657,193,29.62
7070,6971,193,11.63
6641,6541,193,7.26
6052,6051,193,6.57
8463,8564,193,5.49
8244,8243,193,3.91
8745,8644,193,5.23
4763,4663,194,40.36
4656,4556,194,31.08
7171,7071,194,29.44
5870,5770,194,32.11
5768,5668,194,22.17
4660,4560,194,18.15
4655,4556,194,20.25
5554,5453,194,18.37
5851,5750,194,19.97
5851,5850,194,13.19
4963,4864,194,18.87
7445,7344,194,5.23
4553,4453,195,42.02
4555,4455,195,26.78
5767,5667,195,21.94
5951,5950,195,14.01
4753,4652,195,17.23
6469,6370,195,12.2
6669,6670,195,7.79
8563,8663,195,6.66
7645,7544,195,5.75
9147,9248,195,3.33
9147,9246,195,3.33
5770,5670,196,70.6
4554,4454,196,29.62
6570,6470,196,16.97
4661,4561,196,19.33
6149,6049,196,15.05
7843,7743,196,12.87
6343,6243,196,7.88
4757,4658,196,20.53
8960,9060,196,5.63
6541,6441,196,42.02
8761,8762,196,3.91
7244,7243,196,3.16
5063,4964,196,18.87
6971,6871,197,26.65
5669,5569,197,23.89
5665,5565,197,19.33
4656,4557,197,20.54
6150,6050,197,15.95
4863,4764,197,18.87
4653,4552,197,17.81
6148,6048,197,13.86
7370,7271,197,17.81
6739,6638,197,20.04
5364,5264,197,19.95
4657,4557,197,29.62
4864,4764,197,42.02
7867,7967,197,2.92
6640,6540,197,8.21
5670,5570,198,63.4
4453,4353,198,42.02
5668,5568,198,25.79
4662,4562,198,19.33
4555,4456,198,20.25
6839,6738,198,20.53
6639,6539,198,9.23
4757,4758,198,11.79
6250,6151,198,8.89
7943,7842,198,7.66
6170,6171,198,4.66
8344,8343,198,3.59
9055,9156,198,4.28
6244,6144,198,15.05
9045,9044,198,4.07
5569,5469,199,58.99
6871,6771,199,56.88
4658,4558,199,37.15
4560,4460,199,20.59
4659,4559,199,18.15
5666,5566,199,16.97
4763,4664,199,18.87
8861,8862,199,4.07
6840,6939,199,8.78
4663,4563,200,18.73
4553,4452,200,18.37
6047,5947,200,12.71
6071,5971,200,12.71
6839,6838,200,11.79
6147,6046,200,8.89
6070,5971,200,8.41
8164,8165,200,4.15
6146,6046,200,12.15
7769,7670,200,5.65
7744,7643,200,5.65
6145,6045,200,12.71
6771,6671,201,54.84
4353,4253,201,40.36
5667,5567,201,19.8
8563,8664,201,6.66
6541,6440,201,18.37
7769,7770,201,3.83
5254,5353,201,4.94
4557,4457,201,28.19
5063,5064,201,8.26
4460,4360,202,40.36
5568,5468,202,27.54
6049,5949,202,16.97
4561,4461,202,19.95
4456,4356,202,28.19
7369,7470,202,6.04
6342,6242,202,9.23
4864,4765,202,18.37
6671,6571,203,52.86
5971,5871,203,47.89
4558,4458,203,26.78
5570,5470,203,23.01
5264,5164,203,19.95
5565,5465,203,16.97
4453,4354,203,18.37
4453,4352,203,18.37
6670,6571,203,17.81
7370,7371,203,7.33
8264,8265,203,4.23
8960,9061,203,5.88
8960,9059,203,5.88
4253,4153,204,35.59
5469,5369,204,23.89
4562,4462,204,17.58
6048,5948,204,14.45
4552,4451,204,20.46
4652,4651,204,11.29
7943,7942,204,4.14
8164,8065,204,5.04
4964,4865,204,18.37
8064,8065,204,4.15
5871,5771,205,50.15
6571,6471,205,50.93
5470,5370,205,52.86
4765,4665,205,45.45
4457,4357,205,28.19
5566,5466,205,17.65
4559,4459,205,17.58
6144,6044,205,15.05
5750,5650,205,9.24
4456,4357,205,20.43
4456,4355,205,20.43
4664,4564,205,19.95
8958,9058,205,3.62
7868,7968,205,2.92
4764,4665,205,18.37
4352,4252,206,45.45
5567,5467,206,20.56
5947,5847,206,17.03
4563,4463,206,18.15
7842,7742,206,12.87
6738,6637,206,19.72
4353,4254,206,18.87
4353,4252,206,18.87
4356,4256,206,31.08
7670,7570,206,18.73
9146,9245,206,3.02
4458,4358,207,29.62
5468,5368,207,24.79
4461,4361,207,24.16
4460,4361,207,18.87
4460,4359,207,18.87
7071,6972,207,11.63
8444,8443,207,3.37
6046,5946,207,15.4
6244,6143,207,9.11
6441,6341,207,9.23
5771,5671,208,40.09
4153,4053,208,32.55
4451,4351,208,28.19
5949,5849,208,19.33
6539,6439,208,10.33
6638,6538,208,9.95
6871,6772,208,13.42
6071,5972,208,8.89
4665,4565,208,47.23
6045,5945,208,13.28
8464,8465,208,4.15
6972,6872,209,56.88
4355,4255,209,28.19
4357,4257,209,31.08
4462,4362,209,21.25
5465,5365,209,17.65
4360,4260,209,14.45
4253,4154,209,20.04
6738,6737,209,9.25
5369,5269,209,23.89
5670,5571,209,11.63
4356,4257,209,20.54
4356,4255,209,20.54
6839,6938,209,8.27
8961,8962,209,4.07
4964,4965,209,7.79
6772,6672,210,56.88
4358,4258,210,37.15
4359,4259,210,43.72
4564,4464,210,20.59
5370,5270,210,22.17
5948,5848,210,18.73
6771,6672,210,14.05
7444,7343,210,7.66
8364,8365,210,4.28
4256,4156,210,32.55
9145,9144,210,4.07
4953,5052,210,5.29
4260,4160,211,54.84
4362,4262,211,52.86
5571,5471,211,61.16
4361,4261,211,32.55
5467,5367,211,20.56
5466,5366,211,19.06
6471,6371,211,19.06
4153,4054,211,20.46
4153,4052,211,20.46
4765,4666,211,17.23
6671,6572,211,14.69
6370,6271,211,9.11
8663,8763,211,6.66
7644,7543,211,5.75
8043,8042,211,3.99
6440,6340,211,10.72
5651,5550,211,4.68
5269,5169,211,61.16
9148,9249,211,2.78
4053,3953,212,31.08
5972,5872,212,26.69
4463,4363,212,18.73
6637,6537,212,19.8
6044,5944,212,16.31
5847,5747,212,18.73
4865,4766,212,17.81
6071,6072,212,5.16
4852,4751,212,6.78
5368,5268,212,23.01
8844,8843,212,4.15
5270,5170,212,58.99
6572,6472,213,54.84
6340,6240,213,56.88
5169,5069,213,61.16
5471,5371,213,54.84
4258,4158,213,35.59
4259,4159,213,42.02
4257,4157,213,32.55
4565,4465,213,23.39
6571,6472,213,15.34
5470,5371,213,14.69
6242,6142,213,9.23
8944,8943,213,4.28
4256,4157,213,20.46
4256,4155,213,20.46
5872,5772,214,66.59
5170,5070,214,63.4
5268,5168,214,54.84
4160,4060,214,42.02
4052,3952,214,42.02
5849,5749,214,18.73
4666,4566,214,49.06
6144,6043,214,9.11
4665,4566,214,16.61
5367,5267,214,47.23
8744,8743,214,4.23
5365,5265,214,20.59
5946,5846,214,16.49
6240,6140,215,63.4
6472,6372,215,50.93
5371,5271,215,56.88
5069,4969,215,63.4
4464,4364,215,21.25
4053,3954,215,20.54
5945,5845,215,15.68
7470,7471,215,8.26
7868,7969,215,3.17
5772,5672,216,58.31
5070,4970,216,63.4
5168,5068,216,56.88
4159,4059,216,38.74
4261,4161,216,21.35
5848,5748,216,19.33
4566,4466,216,50.93
7544,7443,216,6.78
7444,7443,216,4.14
6140,6040,217,75.83
3952,3852,217,37.15
4060,3960,217,38.74
4157,4057,217,32.55
6537,6437,217,24.79
4363,4263,217,24.96
5052,5051,217,14.37
6439,6339,217,11.97
6538,6438,217,11.13
6341,6241,217,10.33
5271,5171,217,63.4
4155,4055,217,32.55
8663,8764,217,6.66
5453,5352,217,6.33
4965,4866,217,18.37
5366,5266,217,18.34
9056,9157,217,3.53
4970,4870,218,63.4
4161,4061,218,54.84
4465,4365,218,24.96
5944,5844,218,17.65
5550,5450,218,15.95
6972,6873,218,13.42
5750,5649,218,6.12
8243,8142,218,5.85
8143,8142,218,3.99
4466,4366,218,54.84
5747,5647,218,19.95
7869,7870,218,3.91
8564,8565,218,4.15
5171,5071,219,65.72
4263,4163,219,56.88
5672,5572,219,44.82
4969,4869,219,25.72
3954,3854,219,31.08
4158,4058,219,17.58
6142,6042,219,17.65
4052,3951,219,18.37
6772,6673,219,13.42
7742,7642,219,7.76
8265,8266,219,6.57
6838,6837,219,5.29
7842,7741,219,6.78
8644,8543,219,5.65
5164,5065,219,9.12
7042,7041,219,2.28
4870,4770,220,68.12
6873,6773,220,58.99
5352,5252,220,49.06
6040,5940,220,40.09
3852,3752,220,34.06
6372,6272,220,24.79
4364,4264,220,23.39
5265,5165,220,19.95
5267,5167,220,18.34
4157,4056,220,20.46
5052,5152,220,10.88
6872,6773,220,13.42
4155,4056,220,20.46
4666,4567,220,15.98
4055,3955,220,34.06
7071,7072,220,3.92
8644,8643,220,3.83
8744,8643,220,4.79
6673,6573,221,58.99
5071,4971,221,65.72
5572,5472,221,73.17
4869,4769,221,63.4
4061,3961,221,37.15
6438,6338,221,26.69
5068,4968,221,23.89
6043,5943,221,16.31
5846,5746,221,15.05
6672,6573,221,13.42
4766,4667,221,16.61
5571,5472,221,12.2
6044,5943,221,9.13
8243,8242,221,3.67
4264,4164,222,75.83
5940,5840,222,90.72
4770,4670,222,75.83
4365,4265,222,26.65
4567,4467,222,52.86
5266,5166,222,20.59
4059,3959,222,18.73
3954,3855,222,20.54
3954,3853,222,20.54
5845,5745,222,16.31
3952,3853,222,19.72
3952,3851,222,19.72
4060,3959,222,19.33
4262,4162,222,9.41
6572,6473,222,14.05
6340,6239,222,13.42
5471,5372,222,14.05
6637,6536,222,9
5748,5648,222,19.95
7243,7242,222,3.99
4366,4266,222,28.47
4965,4966,222,7.79
7966,8066,222,2.92
9154,9254,222,2.51
7965,8066,222,3.17
4769,4669,223,68.12
4971,4871,223,68.12
6272,6172,223,44.82
3960,3860,223,18.73
6472,6373,223,15.34
5052,5151,223,11.72
8265,8166,223,7.44
9044,9043,223,4.15
7243,7142,223,5.39
4852,4851,223,3.16
8944,9043,223,4.28
9155,9255,223,2.92
4162,4062,224,61.16
5372,5272,224,65.72
5840,5740,224,78.59
4467,4367,224,56.88
4670,4570,224,81.46
4164,4064,224,70.6
3961,3861,224,37.15
3752,3652,224,32.55
4056,3956,224,32.55
5647,5547,224,19.33
5649,5549,224,18.15
6437,6337,224,15.98
4057,3957,224,16.49
3852,3753,224,20.29
3852,3751,224,20.29
5371,5272,224,13.42
4052,4051,224,7.79
7471,7372,224,16.61
4055,3956,224,20.29
9060,9160,224,3.62
6239,6139,224,75.83
4669,4569,225,73.17
4266,4166,225,33.71
5167,5067,225,21.25
4058,3958,225,18.15
3855,3755,225,35.59
6042,5942,225,18.34
5844,5744,225,16.31
5168,5067,225,13.42
6737,6636,225,9.11
8962,8963,225,6.57
5972,5873,225,8.41
7643,7542,225,5.75
8862,8863,225,3.99
4062,3962,226,68.12
4570,4470,226,87.52
4265,4165,226,31.49
6536,6436,226,29.82
4968,4868,226,23.89
4367,4267,226,63.4
4061,3962,226,19.72
4866,4767,226,17.23
5352,5251,226,15.98
6240,6141,226,11.63
5272,5172,226,70.6
8664,8665,226,4.15
9153,9253,226,2.06
4569,4469,227,75.83
5873,5773,227,55.36
3751,3651,227,43.72
6139,6039,227,44.58
3861,3761,227,38.74
4871,4771,227,29.82
5943,5843,227,17.65
3752,3653,227,20.46
3752,3651,227,20.46
7741,7641,227,14.27
8962,9062,227,5.63
3955,3856,227,20.29
8343,8342,227,3.52
8961,9062,227,3.33
4470,4370,228,90.72
5172,5072,228,75.83
4868,4768,228,56.88
4165,4065,228,97.51
4166,4066,228,43.03
3755,3655,228,38.74
5740,5640,228,28.74
5745,5645,228,17.58
5166,5066,228,19.95
3959,3859,228,18.73
5746,5646,228,15.05
7372,7272,228,30.45
6072,5973,228,9.11
4267,4167,228,78.59
8265,8366,228,5.88
5648,5548,228,19.95
9145,9244,228,3.33
4066,3966,229,157.48
4469,4369,229,81.46
4771,4671,229,78.59
5773,5673,229,79.19
3962,3862,229,42.02
6373,6273,229,17.65
3860,3760,229,18.73
3853,3754,229,20.53
6338,6238,229,13.83
3961,3862,229,19.72
5450,5449,229,9.76
6142,6041,229,9.11
6972,6973,229,4.72
7942,7941,229,4.07
7470,7571,229,5.29
9152,9252,229,1.87
9057,9158,229,3.53
9149,9250,229,2.67
3966,3866,230,140.75
4370,4270,230,87.52
4065,3965,230,97.51
5072,4972,230,81.46
4768,4668,230,56.88
5640,5540,230,61.16
6039,5939,230,46.2
3856,3756,230,35.59
3761,3661,230,43.72
3653,3553,230,35.59
5942,5842,230,21.35
5547,5447,230,18.73
3957,3857,230,17.58
6337,6237,230,19.85
4966,4867,230,17.81
4163,4063,230,9.41
3855,3756,230,20.04
6873,6774,230,12.8
4567,4468,230,14.69
4667,4568,230,15.98
7543,7442,230,7.66
4167,4067,230,90.72
7842,7841,230,3.16
4067,3967,231,125.93
4369,4269,231,87.52
4671,4571,231,81.46
3655,3555,231,42.02
6436,6336,231,24.74
3958,3858,231,18.73
5067,4967,231,19.06
3753,3654,231,20.46
6473,6374,231,16.61
6673,6574,231,12.8
7471,7472,231,6.48
6737,6736,231,4.66
3967,3867,232,213.34
5842,5742,232,52.86
4972,4872,232,84.43
5540,5440,232,52.86
3661,3561,232,52.86
4468,4368,232,68.12
5673,5573,232,40.29
3862,3762,232,35.59
3751,3650,232,17.81
3861,3762,232,19.33
6774,6674,232,65.72
6573,6474,232,14.05
6773,6674,232,12.2
8465,8466,232,4.28
7967,8067,232,2.92
7966,8067,232,3.17
9247,9347,232,2.14
4269,4169,233,87.52
6336,6236,233,74.15
4571,4471,233,81.46
6374,6274,233,65.72
5939,5839,233,35.87
6273,6173,233,32.11
5843,5743,233,16.97
5744,5644,233,13.28
3553,3453,233,38.74
3755,3656,233,19.33
8764,8765,233,6.33
3756,3656,233,38.74
9155,9256,233,3.17
4368,4268,234,75.83
3654,3554,234,38.74
4063,3963,234,27.7
6237,6137,234,28.72
5646,5546,234,18.15
3859,3759,234,18.15
3962,3863,234,18.37
4064,3964,234,11.05
5472,5373,234,11.63
5572,5473,234,9.56
6072,6073,234,4.66
8962,9063,234,5.88
9061,9161,234,3.32
9060,9161,234,3.78
9060,9159,234,3.78
5548,5448,234,19.33
6236,6136,235,74.15
4471,4371,235,84.43
5839,5739,235,75.83
3762,3662,235,42.02
4872,4772,235,34.57
3867,3767,235,34.6
4270,4170,235,22.91
3760,3660,235,19.33
5645,5545,235,16.49
3856,3757,235,20.04
3761,3662,235,17.81
3761,3660,235,17.81
3653,3552,235,20.04
4169,4069,235,90.72
3652,3552,235,9.24
5372,5273,235,11.07
6042,5941,235,9.08
7641,7541,235,14.27
7443,7342,235,7.66
6238,6138,235,17.8
6137,6037,236,71.77
3863,3763,236,50.93
4268,4168,236,81.46
3655,3556,236,18.37
4069,3969,236,101.11
7272,7172,236,12.87
3656,3556,236,40.36
8763,8864,236,5.88
8042,8041,236,4.07
9144,9143,236,3.91
6037,5937,237,101.11
3662,3562,237,54.84
4371,4271,237,81.46
5941,5841,237,70.6
6136,6036,237,64.15
4772,4672,237,81.46
4170,4070,237,84.43
3554,3454,237,42.02
6274,6174,237,32.11
3561,3461,237,24.79
5742,5642,237,20.56
3969,3869,237,163.53
3555,3455,237,17.65
3858,3758,237,18.73
6138,6038,237,55.36
5273,5173,237,65.72
3757,3657,238,37.15
3660,3560,238,47.23
3964,3864,238,26.69
3866,3766,238,12.71
3965,3865,238,13.28
3751,3750,238,7.33
4168,4068,238,90.72
8943,8942,238,4.15
8843,8842,238,3.99
3756,3657,238,19.33
6838,6937,238,3.78
4672,4572,239,78.59
5642,5542,239,52.86
4070,3970,239,87.52
5173,5073,239,58.99
3556,3456,239,37.15
5739,5639,239,26.69
3869,3769,239,84.73
3453,3353,239,19.33
5840,5741,239,8.68
8643,8542,239,7.66
4068,3968,239,104.85
8743,8742,239,4.15
8843,8742,239,5.39
9151,9251,239,1.87
7869,7970,239,3.02
3968,3868,240,197.82
3970,3870,240,146.1
3864,3764,240,94.05
3560,3460,240,56.88
3454,3354,240,42.02
3759,3659,240,18.73
5546,5446,240,18.15
5743,5643,240,15.68
3762,3663,240,18.37
3769,3669,240,163.53
5540,5441,240,14.69
5540,5439,240,14.69
6973,6874,240,13.42
5640,5541,240,12.2
5640,5539,240,12.2
6536,6435,240,8.13
6038,5938,240,44.58
3868,3768,241,213.34
5073,4973,241,52.86
5542,5442,241,50.93
3657,3557,241,35.59
3766,3666,241,48.3
5937,5837,241,25.72
6036,5936,241,31.49
3767,3667,241,16.97
5644,5544,241,13.28
6474,6375,241,15.98
6574,6475,241,14.69
4572,4472,241,75.83
6636,6535,241,9
8963,8964,241,6.33
7242,7141,241,7.66
3656,3557,241,18.87
3650,3649,241,11.29
9246,9346,241,2.22
3663,3563,242,63.4
3870,3770,242,78.24
3764,3664,242,70.6
3865,3765,242,32.11
4271,4171,242,21.28
3562,3462,242,24.79
3461,3361,242,24.79
6174,6074,242,20.56
5740,5641,242,8.23
5938,5838,242,73.17
8465,8566,242,4.28
7968,8068,242,2.76
7967,8068,242,3.17
9248,9348,242,2.14
8565,8566,242,4.23
3666,3566,243,79.19
3768,3668,243,58.99
4973,4873,243,54.84
5936,5836,243,52.86
3667,3567,243,76.2
3659,3559,243,42.02
6435,6335,243,38.89
3758,3658,243,18.73
3757,3658,243,19.72
5545,5445,243,13.28
4472,4372,243,75.83
6774,6675,243,11.07
3455,3355,243,16.97
7072,7073,243,4.43
8743,8642,243,5.04
7770,7671,243,3.41
3765,3665,244,52.07
4171,4071,244,75.83
6375,6275,244,44.82
3770,3670,244,72.27
5837,5737,244,45.45
3556,3457,244,19.72
6674,6575,244,12.8
6374,6275,244,11.07
5973,5874,244,8.97
8266,8267,244,4.15
9061,9162,244,3.53
3567,3467,245,82.32
3566,3466,245,58.31
3559,3459,245,50.93
6335,6235,245,74.15
3460,3360,245,23.89
3353,3253,245,19.33
8242,8141,245,5.93
8142,8141,245,3.83
8764,8865,245,5.19
3668,3568,246,34.57
3658,3558,246,38.74
5836,5736,246,43.72
3361,3261,246,27.7
3664,3564,246,32.11
3563,3463,246,29.82
3670,3570,246,84.43
5643,5543,246,16.97
3456,3356,246,14.45
3657,3558,246,20.04
3355,3255,246,42.02
3354,3254,246,19.95
7741,7640,246,5.26
9245,9345,246,2.51
3467,3367,247,67.9
3459,3359,247,56.88
6235,6135,247,71.77
5737,5637,247,42.02
3665,3565,247,48.3
6074,5974,247,23.89
3462,3362,247,23.89
8542,8442,247,14.27
6736,6635,247,9.12
5373,5274,247,11.07
7242,7241,247,4.14
5838,5738,247,23.01
6837,6836,247,3.59
3568,3468,248,88.96
3466,3366,248,46.53
4873,4773,248,24.79
4372,4272,248,20.51
9043,9042,248,4.15
8266,8167,248,5.04
5273,5174,248,11.07
8166,8167,248,4.07
3468,3368,249,213.34
3367,3267,249,54.07
3564,3464,249,37.22
5736,5636,249,49.06
3558,3458,249,42.02
3261,3161,249,37.22
3360,3260,249,26.69
5544,5444,249,13.28
5539,5438,249,15.98
5073,4974,249,14.69
5542,5443,249,15.34
5173,5074,249,12.8
5473,5374,249,10.04
8242,8241,249,3.59
7870,7771,249,4.68
3255,3155,249,40.36
4272,4172,250,75.83
6135,6035,250,38.71
3565,3465,250,43.18
3463,3363,250,30.94
4071,3971,250,19.76
6275,6175,250,16.97
5874,5774,250,17.05
4773,4673,250,65.72
7541,7441,250,6.68
3669,3569,250,10.51
3750,3850,250,8.37
9157,9257,250,3.1
5738,5638,250,47.23
3368,3268,251,73.32
4974,4874,251,70.6
3366,3266,251,38.63
3362,3262,251,26.69
3359,3259,251,25.72
3253,3153,251,19.33
3570,3470,251,20.56
5836,5735,251,17.81
5936,5835,251,14.69
6973,6974,251,4.72
7442,7341,251,6.78
3355,3256,251,18.37
7471,7572,251,4.03
8665,8666,251,4.15
3268,3168,252,140.75
4172,4072,252,70.6
5774,5674,252,61.72
3161,3061,252,44.82
3458,3358,252,47.23
3464,3364,252,34.57
3267,3167,252,41.6
3457,3357,252,12.71
3569,3469,252,58.31
5573,5474,252,7.44
5673,5574,252,6.25
5637,5537,252,22.17
5773,5674,252,5.81
5251,5250,252,3.92
9160,9260,252,3.62
4673,4573,252,63.4
7968,8069,252,3.02
3254,3154,252,19.95
3465,3365,253,35.87
3363,3263,253,37.22
3470,3370,253,79.19
3260,3160,253,32.11
3971,3871,253,34.6
6575,6476,253,17.23
6675,6576,253,14.69
3469,3369,253,100.03
6174,6075,253,8.95
8366,8367,253,4.15
6874,6775,253,11.07
8963,9064,253,5.19
9062,9163,253,5.49
6476,6376,254,135.61
4072,3972,254,70.6
3358,3258,254,52.86
4573,4473,254,65.72
3168,3068,254,94.05
5735,5635,254,45.45
3262,3162,254,35.87
4874,4774,254,49.06
3256,3156,254,35.59
5636,5536,254,23.01
3369,3269,254,213.34
6736,6735,254,4.54
7941,7940,254,4.07
9244,9243,254,3.91
7641,7540,254,5.26
9248,9349,254,2.4
3255,3156,254,18.87
3370,3270,255,85.57
3364,3264,255,38.63
3061,2961,255,40.09
3259,3159,255,29.82
3266,3166,255,33.31
3871,3771,255,69.46
6035,5935,255,20.59
5638,5538,255,20.56
3269,3169,255,176.4
5537,5437,255,47.23
3155,3055,255,19.33
4473,4373,256,68.12
3258,3158,256,56.88
3263,3163,256,44.82
3160,3060,256,41.6
6075,5975,256,38.71
3167,3067,256,30.94
5536,5436,256,50.93
7841,7740,256,5.53
7841,7840,256,3.91
3060,2960,257,101.11
3270,3170,257,76.2
2961,2861,257,84.43
3162,3062,257,38.63
3771,3671,257,75.19
3365,3265,257,33.31
3156,3056,257,38.74
8466,8467,257,4.15
8342,8341,257,3.44
3153,3053,257,19.95
3067,2967,258,61.16
4373,4273,258,70.6
3264,3164,258,40.09
3159,3059,258,37.22
3972,3872,258,32.08
3671,3571,258,169.83
3169,3069,258,38.78
8566,8567,258,6.57
8765,8766,258,4.07
9245,9344,258,2.78
3154,3054,258,19.95
3170,3070,259,74.15
2861,2761,259,87.52
3163,3063,259,40.09
5975,5875,259,38.63
3166,3066,259,29.82
5635,5535,259,22.17
3256,3157,259,20.04
4273,4173,260,70.6
3872,3772,260,64.19
2960,2860,260,37.22
3265,3165,260,33.71
3158,3058,260,29.82
3068,2968,260,19.04
3357,3257,260,13.28
5735,5634,260,17.23
6376,6276,260,19.04
4874,4775,260,15.98
5174,5075,260,12.8
6275,6176,260,9.12
3850,3950,260,10.16
9157,9258,260,3.33
3070,2970,261,69.12
5535,5435,261,50.93
3066,2966,261,70.6
3164,3064,261,37.39
3059,2959,261,40.09
3062,2962,261,33.31
3055,2955,261,19.95
3571,3471,261,40.36
4773,4674,261,11.07
6535,6434,261,7.44
7541,7440,261,5.53
4774,4674,261,15.05
4775,4675,261,116.99
5075,4975,262,66.77
3772,3672,262,72.27
2860,2760,262,90.72
3069,2969,262,32.08
4173,4073,262,68.12
5274,5175,262,10.04
3156,3057,262,19.33
6675,6676,262,5.36
8942,8941,262,4.23
9143,9142,262,3.91
8041,8040,262,3.99
3056,2956,262,21.25
9160,9261,262,3.78
9160,9259,262,3.78
3672,3572,263,213.34
2970,2870,263,57.43
4675,4575,263,90.72
6434,6334,263,51.02
3063,2963,263,33.31
3053,2953,263,19.95
6176,6076,263,44.82
5935,5834,263,17.81
6974,6875,263,12.2
6635,6534,263,8.95
8842,8841,263,4.15
8742,8741,263,4.23
2761,2661,263,33.31
4673,4574,263,11.63
3572,3472,264,121.37
4975,4875,264,57.06
2959,2859,264,34.57
3058,2958,264,33.31
3165,3065,264,29.82
3054,2954,264,19.95
3471,3371,264,34.57
4974,4875,264,10.04
4073,3973,264,68.12
7969,8070,264,2.89
3973,3873,265,104.85
4575,4475,265,63.4
2963,2863,265,78.59
2870,2770,265,51.47
6334,6234,265,74.15
2956,2856,265,49.06
3064,2964,265,32.11
2962,2862,265,30.94
2967,2867,265,15.26
4573,4474,265,11.07
7073,7074,265,4.72
2760,2660,265,37.22
2955,2855,266,21.25
2968,2868,266,18.35
3371,3271,266,70.56
6076,5976,266,40.09
5735,5734,266,6.9
6576,6477,266,11.63
5634,5534,266,18.34
7970,7871,266,5.26
8542,8441,266,5.26
7241,7140,266,7.66
2969,2869,266,30.89
6940,7040,266,1.32
2863,2763,267,81.46
4474,4374,267,54.84
2862,2762,267,75.83
2859,2759,267,34.57
2661,2561,267,30.94
2966,2866,267,17.69
6477,6377,267,176.4
3057,2957,267,23.01
5874,5775,267,6.43
8566,8667,267,5.88
6836,6835,267,5.03
3873,3773,267,59.34
2770,2670,268,47.89
2958,2858,268,28.74
3065,2965,268,30.94
3271,3171,268,70.56
5976,5876,268,58.31
4475,4375,268,49.06
5534,5434,268,54.84
6234,6134,268,43.03
8642,8641,268,4.07
9250,9350,268,2.63
9254,9354,268,2.22
2866,2766,269,63.4
2964,2864,269,32.11
2660,2560,269,33.31
2953,2853,269,19.95
4374,4274,269,56.88
8367,8368,269,6.45
5935,5934,269,7.33
8267,8268,269,4.07
3773,3673,269,72.27
7440,7340,269,13.63
5374,5275,269,7.21
2763,2663,269,81.46
2762,2662,269,70.6
2965,2865,270,70.6
2561,2461,270,43.18
2954,2854,270,19.95
3171,3071,270,79.19
3950,4050,270,10.16
6735,6634,270,9.13
2759,2659,270,38.63
3673,3573,270,205.62
8865,8866,270,4.14
2856,2756,270,20.56
2869,2769,270,29.75
2663,2563,271,84.43
2461,2361,271,146.1
2956,2857,271,15.98
5775,5675,271,33.31
3071,2971,271,197.82
6676,6577,271,15.98
7640,7539,271,5.75
3573,3473,271,190.38
8642,8541,271,5.23
4274,4174,271,58.99
2855,2755,271,21.94
4375,4275,271,42.02
3473,3373,272,101.11
2865,2765,272,68.12
2756,2656,272,52.86
2858,2758,272,27.7
2867,2767,272,15.26
5876,5776,272,32.11
2868,2768,272,17.69
2971,2871,272,169.83
5250,5249,272,5.03
3472,3372,272,12.71
2361,2261,272,151.67
8141,8140,272,3.83
2670,2570,272,29.75
8267,8168,272,5.23
2560,2460,272,48.3
6134,6034,272,25.79
7241,7240,272,4.14
9256,9356,272,2.63
2563,2463,273,97.51
2755,2655,273,52.86
2864,2764,273,32.11
2662,2562,273,28.74
5734,5633,273,20.54
5675,5575,273,66.77
6276,6177,273,11.07
9042,9041,273,4.07
7640,7639,273,3.75
8964,8965,273,3.16
5474,5375,273,6.87
7072,7173,273,2.68
2460,2360,273,116.99
2463,2363,274,112.78
2360,2260,274,121.37
8567,8568,274,6.33
4475,4376,274,15.98
2871,2771,274,66.59
2659,2559,274,32.11
2765,2665,274,68.12
4173,4074,274,10.54
2769,2669,274,28.66
2363,2263,275,121.37
2260,2160,275,163.53
2570,2470,275,35.94
5734,5733,275,11.29
5575,5475,275,88.96
2766,2666,275,17.05
2853,2753,275,18.73
2261,2161,275,45.21
9244,9343,275,3.02
6837,6936,275,2.58
5574,5475,275,6.19
6939,7039,275,1.32
2160,2060,276,121.37
2562,2462,276,34.57
4575,4476,276,11.63
6875,6776,276,11.63
8567,8468,276,8.13
6775,6776,276,4.43
6974,6975,276,4.16
5634,5533,276,9.08
6177,6077,276,43.03
3372,3272,276,29.82
2771,2671,276,59.58
2857,2757,276,20.56
2854,2754,276,19.33
4073,3974,276,10.54
2758,2658,276,32.11
4375,4276,276,18.37
2161,2061,276,121.37
2559,2459,277,38.63
2656,2556,277,23.01
6377,6277,277,10.44
6735,6734,277,4.43
5534,5433,277,14.05
6376,6277,277,6.42
8241,8240,277,3.59
2764,2664,277,32.11
9253,9353,277,2
9161,9262,277,3.33
2060,1960,278,65.72
2753,2653,278,42.02
2655,2555,278,23.89
3373,3273,278,16.97
2470,2370,278,41.87
7540,7439,278,5.96
9347,9447,278,2.22
9250,9351,278,2.89
2669,2569,278,28.66
1960,1860,279,101.11
2459,2359,279,70.6
2664,2564,279,78.59
2462,2362,279,48.3
2754,2654,279,45.45
2263,2163,279,33.31
2767,2667,279,15.83
6077,5977,279,43.18
6676,6677,279,6.08
3272,3172,279,34.57
2768,2668,279,16.43
9254,9355,279,2.49
1860,1760,280,112.78
2665,2565,280,18.35
2756,2657,280,14.69
5776,5676,280,12.71
7940,7939,280,3.99
9243,9242,280,3.91
2671,2571,280,33.31
2658,2558,280,26.69
9252,9352,280,2
1760,1660,281,101.11
2359,2259,281,94.05
2564,2464,281,84.43
2556,2456,281,25.72
3974,3874,281,24.68
2653,2553,281,38.74
2061,1961,281,21.28
2666,2566,281,17.05
4275,4175,281,10.85
4675,4576,281,7.21
2370,2270,281,37.33
7940,7839,281,5.39
9064,9065,281,3.67
5977,5877,281,70.56
4274,4175,281,12.8
6938,7038,281,1.4
2259,2159,282,169.83
2362,2262,282,38.78
2654,2554,282,49.06
3172,3072,282,38.63
2569,2469,282,28.66
4276,4176,282,17.05
4050,4150,282,8.37
5834,5833,282,5.55
9256,9357,282,2.89
2159,2059,283,146.1
3874,3774,283,50.77
2464,2364,283,90.72
2163,2063,283,27.6
5877,5777,283,62.92
2555,2455,283,20.56
5733,5732,283,13.62
2753,2652,283,18.37
5676,5576,283,35.94
7840,7739,283,5.39
8766,8767,283,4.07
9260,9360,283,3.32
2571,2471,283,34.6
9063,9164,283,2.89
3072,2972,284,58.31
2456,2356,284,40.36
2553,2453,284,42.02
2558,2458,284,30.94
3273,3173,284,19.04
5075,4976,284,5.9
2972,2872,285,163.53
3774,3674,285,64.19
2059,1959,285,65.72
2262,2162,285,40.29
2554,2454,285,40.36
1961,1861,285,25.62
1660,1560,285,27.6
2657,2557,285,20.56
8268,8269,285,6.33
8368,8369,285,6.45
2270,2170,285,30.89
7440,7339,285,5.96
2872,2772,286,163.53
3674,3574,286,176.4
1959,1859,286,116.99
1861,1761,286,101.11
2356,2256,286,78.59
2458,2358,286,56.88
2455,2355,286,42.02
2652,2552,286,42.02
2469,2369,286,27.6
2565,2465,286,18.35
2668,2568,286,15.26
2667,2567,286,15.83
2653,2552,286,19.33
2471,2371,286,41.87
4975,4876,286,6.03
8567,8668,286,5.19
5576,5476,286,45.21
8941,8940,286,4.28
9345,9445,286,2.51
4976,4876,286,88.96
1859,1759,287,135.61
3574,3474,287,151.67
2772,2672,287,146.1
1560,1460,287,94.05
2364,2264,287,26.59
5777,5677,287,27.7
2566,2466,287,17.05
6634,6533,287,8.75
8268,8169,287,8.13
4875,4776,287,6.23
5175,5076,287,5.77
8741,8740,287,4.23
8068,8169,287,3.17
7970,7971,287,2.09
4775,4676,287,5.38
3474,3374,288,121.37
1759,1659,288,140.75
2358,2258,288,78.59
1761,1661,288,84.43
2256,2156,288,94.05
3173,3073,288,26.69
2063,1963,288,22.08
2753,2752,288,7.79
3373,3274,288,9.12
7074,7075,288,4.43
8841,8840,288,4.15
8341,8340,288,3.3
5476,5376,288,54.88
9346,9446,288,2.14
6836,6935,288,3.5
2258,2158,289,125.93
2557,2457,289,25.72
2453,2353,289,20.59
2672,2572,289,57.43
2456,2357,289,18.87
4176,4076,289,15.26
2553,2452,289,18.37
2552,2452,289,45.45
5733,5832,289,10.43
6875,6876,289,3.92
8040,8039,289,3.83
6975,6876,289,11.63
9142,9141,289,3.83
2162,2062,289,32.08
9347,9448,289,2.49
2371,2271,289,35.94
2158,2058,290,130.67
3073,2973,290,58.99
2156,2056,290,84.43
2355,2255,290,30.45
2454,2354,290,21.25
4175,4075,290,11.73
8568,8569,290,6.33
2170,2070,290,22.91
8541,8440,290,7.66
6377,6278,290,6.25
6677,6578,290,14.05
5376,5276,290,75.19
6578,6478,291,169.83
2357,2257,291,73.17
1659,1559,291,41.87
2264,2164,291,26.59
2369,2269,291,22.08
2652,2551,291,18.37
6533,6433,291,27.66
9162,9263,291,3.02
7240,7139,291,7.66
2257,2157,292,101.11
1559,1459,292,116.99
2058,1958,292,56.88
2973,2873,292,63.4
2255,2155,292,78.59
2056,1956,292,56.88
6278,6178,292,55.36
1460,1360,292,20.51
2465,2365,292,19.76
8468,8469,292,6.45
8568,8469,292,8.13
5934,5933,292,4.54
9350,9450,292,4.28
8641,8640,292,4.23
2572,2472,292,45.21
7539,7438,292,6.78
5276,5176,292,84.73
1958,1858,293,116.99
6478,6378,293,52.78
6433,6333,293,75.19
1661,1561,293,22.91
1963,1863,293,23.78
2466,2366,293,18.35
2567,2467,293,15.83
9349,9449,293,2.63
7073,7174,293,2.87
2271,2171,293,33.31
9260,9361,293,3.53
9260,9359,293,3.53
9261,9361,293,3.32
1858,1758,294,130.67
2873,2773,294,68.12
2155,2055,294,84.43
2472,2372,294,74.15
2157,2057,294,94.05
1956,1856,294,65.72
2551,2451,294,47.23
2353,2253,294,21.25
2568,2468,294,14.16
2062,1962,294,22.91
1758,1658,295,121.37
1856,1756,295,157.48
6333,6233,295,52.78
6178,6078,295,35.87
2354,2254,295,24.16
2452,2352,295,19.95
3274,3174,295,14.7
7340,7239,295,5.53
8865,8966,295,2.84
1658,1558,296,190.38
2773,2673,296,68.12
2055,1955,296,68.12
2164,2064,296,23.78
2652,2651,296,7.79
8866,8867,296,3.99
8541,8540,296,4.14
8941,9040,296,4.28
7572,7473,296,3.19
6077,5978,296,7.15
1756,1656,297,61.16
2057,1957,297,49.06
2372,2272,297,43.5
1863,1763,297,33.31
1360,1260,297,22.08
1459,1359,297,22.08
2365,2265,297,22.08
2269,2169,297,17.05
2070,1970,297,15.83
5677,5577,297,10.44
2451,2351,297,43.72
4074,3975,297,6.42
4376,4277,297,6.42
6835,6834,297,3.44
9258,9358,297,2.76
2171,2071,297,29.75
3453,3352,297,2.24
1656,1556,298,112.78
5978,5878,298,67.9
1955,1855,298,58.99
1561,1461,298,23.78
5832,5831,298,11.29
5732,5831,298,9.85
7639,7538,298,5.75
9344,9444,298,2.51
9345,9444,298,2.78
1962,1862,298,25.62
1855,1755,299,146.1
1957,1857,299,90.72
1558,1458,299,37.33
6233,6133,299,30.45
2254,2154,299,29.44
3174,3074,299,26.59
2253,2153,299,24.16
2366,2266,299,19.04
2467,2367,299,17.05
4076,3976,299,10.44
7438,7338,299,14.85
3974,3875,299,6.39
4276,4177,299,6.43
6634,6633,299,3.51
6677,6678,299,5.03
8069,8170,299,3.02
4476,4377,299,6.33
6938,7037,299,1.58
2272,2172,300,37.33
2551,2450,300,16.61
3073,2974,300,12.8
3374,3275,300,12.8
5878,5778,300,70.56
7473,7373,300,29.44
2351,2251,300,49.06
7639,7638,300,3.75
8140,8139,300,3.67
6676,6777,300,3.76
2974,2874,301,116.99
1755,1655,301,87.52
2153,2053,301,63.4
1857,1757,301,61.82
2154,2054,301,78.59
1556,1456,301,35.94
1260,1160,301,30.89
5577,5477,301,32.11
2673,2573,301,22.91
2064,1964,301,21.28
2352,2252,301,19.95
6378,6279,301,19.72
8369,8370,301,6.45
5777,5678,301,8.32
1763,1663,301,32.08
7075,6976,301,11.63
9243,9342,301,3.02
7671,7672,301,1.74
2071,1971,301,26.59
2450,2350,302,52.86
3875,3775,302,45.21
1359,1259,302,22.08
2265,2165,302,22.91
2468,2368,302,14.16
2251,2151,302,58.99
8568,8669,302,5.19
2451,2350,302,17.81
9350,9451,302,4.28
1862,1762,302,30.89
2053,1953,303,75.83
1757,1657,303,63.4
2054,1954,303,78.59
1655,1555,303,75.83
4177,4077,303,33.31
8740,8739,303,6.57
6279,6179,303,66.59
3352,3252,303,17.58
3353,3252,303,2.24
9261,9362,303,3.53
1657,1557,304,163.53
1555,1455,304,112.78
3775,3675,304,54.88
2874,2774,304,35.94
1456,1356,304,37.22
1160,1060,304,46.99
5477,5377,304,35.87
2172,2072,304,29.75
6133,6033,304,23.39
2350,2250,304,68.12
1458,1358,304,24.68
1461,1361,304,19.04
6378,6379,304,9.25
5832,5932,304,6.9
2752,2751,304,6.48
1761,1662,304,7.9
8369,8270,304,7.83
2151,2051,304,78.59
2169,2069,304,15.26
2753,2852,304,4.94
1356,1256,305,108.74
3675,3575,305,163.53
1954,1854,305,63.4
1953,1853,305,75.83
2367,2267,305,17.69
2266,2166,305,19.76
1970,1870,305,14.16
2651,2550,305,17.23
5678,5578,305,25.72
2051,1951,305,104.85
2573,2473,305,32.08
6936,7036,305,3.38
4576,4477,305,6.12
1854,1754,306,125.93
3575,3475,306,125.93
1853,1753,306,125.93
1060,960,306,78.24
1259,1159,306,25.62
1964,1864,306,22.08
1663,1563,306,24.68
2252,2152,306,21.25
8569,8570,306,6.33
2250,2150,306,94.05
6179,6079,306,49.64
1951,1851,306,125.93
7939,7838,306,5.65
1971,1871,306,20.51
1753,1653,307,104.85
1754,1654,307,101.11
1256,1156,307,94.05
1557,1457,307,38.78
2774,2674,307,37.33
4077,3977,307,25.62
2165,2065,307,22.08
2150,2050,307,112.78
1851,1751,307,112.78
8740,8639,307,7.44
5377,5277,307,48.3
9242,9241,307,3.75
7939,7938,307,3.83
8240,8239,307,3.44
9064,9165,307,2.67
960,860,308,84.73
1455,1355,308,29.82
2072,1972,308,25.62
1358,1258,308,25.62
2152,2052,308,54.84
2050,1950,308,121.37
8469,8470,308,6.45
8569,8470,308,8.13
5832,5931,308,7.79
3976,3876,308,11.29
7373,7273,308,12.87
9065,9066,308,3.75
2473,2373,308,35.94
7839,7738,308,5.39
1950,1850,309,108.74
1654,1554,309,54.84
1653,1553,309,52.86
1159,1059,309,43.5
1662,1562,309,22.91
1361,1261,309,21.28
2368,2268,309,15.26
1751,1651,309,63.4
6079,5979,309,37.22
2369,2268,309,6.41
8767,8768,309,3.99
3252,3152,309,18.15
5277,5177,309,58.31
3253,3152,309,2.24
1355,1255,310,90.72
1156,1056,310,37.22
2674,2574,310,40.29
3475,3375,310,26.59
1864,1764,310,28.66
2166,2066,310,20.51
2052,1952,310,70.6
3275,3175,310,10.44
2450,2349,310,14.69
9354,9454,310,2.4
9344,9443,310,2.78
4876,4777,310,6.03
4976,4877,310,5.6
5177,5077,311,60.57
1554,1454,311,90.72
1059,959,311,84.73
2373,2273,311,43.5
1457,1357,311,25.62
1563,1463,311,22.08
2267,2167,311,18.35
2069,1969,311,16.43
2651,2650,311,6.9
5979,5879,311,67.9
1651,1551,311,52.86
8940,8939,311,4.15
7339,7238,311,5.65
4776,4677,311,5.9
1357,1257,312,108.74
1255,1155,312,87.52
1056,956,312,88.96
1261,1161,312,35.94
1850,1750,312,33.71
3876,3776,312,33.31
2065,1965,312,22.08
1952,1852,312,90.72
6678,6579,312,11.63
1870,1770,312,14.7
8740,8839,312,5.88
6379,6280,312,20.04
7871,7772,312,3.1
8070,8071,312,2.09
4676,4577,312,5.86
2349,2249,312,73.17
6579,6479,313,205.62
959,859,313,64.19
1553,1453,313,30.94
2574,2474,313,43.5
1258,1158,313,23.78
1972,1872,313,24.68
1852,1752,313,125.93
5879,5779,313,60.57
5077,4977,313,88.96
1764,1664,313,35.94
6936,7035,313,3.78
3776,3676,314,50.77
2273,2173,314,43.5
3175,3075,314,30.89
1562,1462,314,22.08
6280,6180,314,66.59
6976,6877,314,11.63
2269,2168,314,6.43
7075,7076,314,3.92
1871,1771,314,13.14
3676,3576,315,157.48
1161,1061,315,48.84
1257,1157,315,37.22
1155,1055,315,34.57
1454,1354,315,25.72
1752,1652,315,87.52
2550,2449,315,14.69
5779,5679,315,56.15
5577,5478,315,7.93
1551,1451,315,27.7
3152,3052,315,18.15
2066,1966,315,20.51
6379,6380,315,9.76
9447,9547,315,2.76
8866,8967,315,3.17
3576,3476,316,108.74
1158,1058,316,34.6
2249,2149,316,27.54
956,856,316,26.59
9066,9067,316,13.62
3977,3877,316,11.73
6180,6080,316,69.12
2474,2374,316,46.99
7174,7175,316,4.43
6433,6332,316,5.77
9141,9140,316,3.83
9041,9140,316,3.33
1055,955,317,65.36
1061,961,317,69.46
1354,1254,317,81.46
2173,2073,317,37.33
3075,2975,317,43.5
1453,1353,317,25.72
1750,1650,317,23.39
860,760,317,11.29
5931,5830,317,16.61
1653,1552,317,14.69
2167,2067,317,18.35
2751,2750,317,7.79
8370,8371,317,6.45
5679,5579,317,58.31
1652,1552,317,52.86
1451,1351,317,90.72
1965,1865,317,22.08
6333,6232,317,6.09
8039,8038,317,3.59
6935,6934,317,3.52
9352,9452,317,2.76
9353,9453,317,2.51
1664,1564,317,28.66
2852,2851,317,8.26
1058,958,318,84.73
2374,2274,318,50.77
1969,1869,318,16.43
1463,1363,318,15.26
8569,8670,318,5.19
7139,7138,318,3.83
1353,1253,319,81.46
760,660,319,66.59
961,861,319,84.73
2149,2049,319,43.72
1157,1057,319,27.6
9066,9166,319,9.51
1351,1251,319,68.12
1651,1550,319,14.69
8340,8339,319,3.24
2274,2174,320,52.78
6232,6132,320,37.39
3476,3376,320,29.75
1462,1362,320,17.05
2650,2549,320,16.61
8370,8271,320,7.83
5477,5378,320,7.63
2168,2068,320,18.35
4277,4178,320,6.31
6834,6733,320,6.17
8540,8539,320,4.23
1872,1772,320,15.83
2169,2068,320,6.42
8270,8271,320,6.45
1966,1866,320,21.28
1770,1670,320,12.66
1253,1153,321,65.72
660,560,321,74.15
1057,957,321,75.19
958,858,321,46.99
2975,2875,321,26.59
1254,1154,321,30.94
6080,5980,321,23.89
1552,1452,321,27.7
3052,2952,321,18.73
7971,7872,321,4.18
2073,1973,322,23.78
856,756,322,17.05
9066,9167,322,10.43
8570,8571,322,6.57
6033,6032,322,5.71
4377,4278,322,6.29
4177,4078,322,6.32
8867,8868,322,3.91
1564,1464,322,20.51
9040,9039,322,3.91
9360,9460,322,2.63
9357,9457,322,2.51
1865,1765,322,23.78
9354,9455,322,2.67
9262,9363,322,3.17
560,460,323,54.88
2174,2074,323,43.5
3376,3276,323,46.99
2049,1949,323,28.19
1363,1263,323,20.51
2067,1967,323,19.04
3877,3777,323,16.43
1452,1352,323,81.46
6380,6281,323,17.81
5579,5479,323,19.06
5980,5880,323,65.36
3275,3176,323,6.25
9164,9264,323,2.51
8270,8171,323,7.83
7438,7337,323,4.68
7173,7274,323,2.87
957,857,324,37.33
861,761,324,21.28
1550,1450,324,21.25
955,855,324,15.83
2149,2048,324,17.81
8470,8471,324,6.45
5931,5930,324,6.48
2874,2775,324,6.29
7538,7537,324,3.99
7338,7237,324,5.85
756,656,325,38.78
1154,1054,325,28.74
1866,1766,325,21.28
1352,1252,325,84.43
6281,6181,325,53.38
5880,5780,325,60.57
1869,1769,325,16.43
6678,6679,325,3.92
7538,7437,325,5.39
5377,5278,325,6.87
2750,2649,325,18.37
9447,9548,325,3.02
9447,9546,325,3.02
2349,2248,325,9.56
656,556,326,112.78
460,360,326,43.5
3777,3677,326,41.87
4078,3978,326,30.89
1153,1053,326,23.89
1263,1163,326,35.94
2068,1968,326,18.35
1362,1262,326,19.76
1670,1570,326,19.04
2049,1948,326,20.43
1650,1549,326,16.61
7076,6977,326,12.2
4077,3978,326,6.39
2048,1948,326,73.17
8540,8439,326,4.79
6379,6480,326,6.45
1765,1665,326,30.89
6677,6778,326,3.06
556,456,327,190.38
3677,3577,327,169.83
2074,1974,327,26.59
1252,1152,327,65.72
6181,6081,327,74.15
859,759,327,7.4
2774,2675,327,6.28
1251,1151,327,13.64
9343,9442,327,2.78
1771,1671,327,7.76
3577,3477,328,125.93
1054,954,328,40.09
2248,2148,328,38.74
761,661,328,25.62
456,356,328,213.34
1973,1873,328,18.35
5780,5680,328,48.3
8839,8838,328,6.57
1772,1672,328,13.64
4477,4378,328,6.23
9342,9341,328,3.83
6834,6833,328,3.3
1948,1848,328,84.43
8739,8738,328,4.15
9445,9545,328,2.4
7638,7637,328,3.67
759,659,329,74.15
1549,1449,329,43.72
1262,1162,329,35.94
356,256,329,213.34
1152,1052,329,65.72
1967,1867,329,19.04
1949,1849,329,17.98
1163,1063,329,45.21
5479,5379,329,19.04
6380,6381,329,7.33
2449,2348,329,10.54
8139,8138,329,3.52
661,561,330,74.15
1848,1748,330,73.17
1570,1470,330,33.31
1053,953,330,25.72
1766,1666,330,23.78
5680,5580,330,65.36
256,156,330,213.34
3977,3878,330,6.33
2674,2575,330,6.25
9359,9459,330,2.76
1464,1364,330,13.64
2750,2749,330,7.79
1665,1565,330,30.89
5277,5178,330,6.43
659,559,331,66.77
3477,3377,331,35.94
360,260,331,24.68
1450,1350,331,16.49
855,755,331,15.83
1052,952,331,58.99
858,758,331,10.44
5580,5480,331,112.78
156,56,331,213.34
8967,8968,331,6.33
9166,9266,331,8.92
8570,8671,331,5.88
1063,963,331,61.72
1351,1250,331,10.54
1672,1572,331,40.29
8668,8769,331,3.17
2851,2850,331,7.33
9356,9456,331,1.72
2852,2951,331,5.29
1748,1648,332,58.99
561,461,332,57.06
1162,1062,332,48.84
1671,1571,332,22.08
1968,1868,332,18.35
857,757,332,14.16
6081,5981,332,21.25
5177,5078,332,6.35
8639,8638,332,4.07
7938,7837,332,5.85
5379,5279,332,35.87
7838,7837,332,3.99
9360,9461,332,2.89
1769,1669,332,15.26
8739,8638,332,5.04
758,658,333,61.72
755,655,333,81.46
963,863,333,72.27
1572,1472,333,64.19
1470,1370,333,37.33
953,853,333,43.72
1449,1349,333,26.69
2248,2147,333,19.33
5981,5881,333,112.78
1650,1649,333,6.48
5830,5829,333,6.48
3175,3076,333,6.34
2574,2475,333,6.21
7838,7737,333,5.39
9451,9551,333,3.32
2549,2448,333,11.07
757,657,334,59.34
461,361,334,50.77
559,459,334,48.84
3377,3277,334,41.87
1364,1264,334,26.59
1549,1448,334,17.81
1974,1874,334,16.43
952,852,334,40.36
1666,1566,334,26.59
5279,5179,334,54.07
1062,962,334,64.19
9166,9267,334,9.85
9166,9265,334,9.85
4777,4678,334,6.03
9357,9458,334,2.78
1472,1372,335,84.73
658,558,335,59.34
1571,1471,335,35.94
1250,1150,335,32.55
1867,1767,335,19.76
1849,1749,335,17.98
5881,5781,335,65.36
4677,4578,335,5.94
9241,9240,335,3.67
2147,2047,335,70.6
8639,8538,335,5.23
7938,7937,335,3.67
1151,1051,335,13.14
7572,7573,335,1.2
3277,3177,336,57.06
962,862,336,84.73
863,763,336,41.87
655,555,336,43.5
1349,1249,336,37.22
1648,1548,336,30.94
853,753,336,45.45
1565,1465,336,19.76
8371,8272,336,7.66
4877,4778,336,5.53
2474,2375,336,6.17
1872,1773,336,6.42
4577,4478,336,6
9362,9462,336,3.1
1471,1371,337,50.77
1372,1272,337,84.73
1448,1348,337,43.18
361,261,337,35.94
657,557,337,38.78
1370,1270,337,28.66
5781,5681,337,56.15
3076,2976,337,28.66
1669,1569,337,21.28
2348,2247,337,19.15
2348,2347,337,14.01
1264,1164,337,41.87
2248,2247,337,8.75
260,160,337,18.35
2047,1947,337,73.17
555,455,337,213.34
3075,2976,337,6.21
8839,8938,337,5.88
8939,8938,337,3.91
5931,6031,337,3.48
5179,5079,337,38.78
5077,4978,337,5.6
2649,2548,337,12.8
455,355,338,213.34
557,457,338,116.99
459,359,338,30.89
1150,1050,338,45.45
1250,1149,338,20.46
953,854,338,17.81
954,854,338,10.85
1868,1768,338,18.35
8571,8572,338,6.57
7238,7137,338,5.39
8239,8238,338,3.3
4977,4878,338,5.82
355,255,339,213.34
457,357,339,169.83
1272,1172,339,84.73
1371,1271,339,78.24
5681,5581,339,76.2
2976,2876,339,72.27
1569,1469,339,52.78
862,762,339,35.94
3177,3077,339,40.29
2375,2275,339,35.94
558,458,339,33.31
6381,6282,339,14.69
1164,1064,339,50.77
1947,1847,339,70.6
8271,8172,339,7.66
8670,8770,339,4.83
952,851,339,18.87
3877,3778,339,6.42
7076,7077,339,4.16
1566,1466,339,21.28
9449,9549,339,2.22
1050,950,340,70.6
1348,1248,340,48.3
5480,5380,340,12.18
1149,1049,340,60.57
6332,6231,340,6.03
2749,2648,340,14.69
255,155,340,213.34
6977,6878,340,10.54
9445,9544,340,2.67
1271,1171,341,84.73
1469,1369,341,81.43
357,257,341,59.34
5581,5481,341,66.77
2876,2776,341,84.73
854,754,341,49.06
1270,1170,341,32.08
261,161,341,25.62
2448,2447,341,14.01
1064,964,341,69.46
1767,1667,341,19.04
1052,951,341,12.8
1847,1747,341,78.59
1172,1072,341,75.19
5079,4979,341,28.66
7035,7034,341,3.59
9266,9366,341,10.16
6231,6131,342,61.82
1049,949,342,73.32
2275,2175,342,34.6
1773,1673,342,17.69
853,752,342,17.23
1748,1647,342,12.8
6679,6580,342,8.68
9267,9168,342,19.61
9267,9268,342,13.62
1248,1148,342,56.15
8571,8472,342,7.44
1465,1365,342,17.05
2274,2175,342,6.09
8371,8372,342,4.14
9067,9068,342,3.91
851,751,342,38.63
9450,9550,342,2.01
1171,1071,343,84.73
1369,1269,343,64.19
1170,1070,343,59.34
2776,2676,343,54.88
950,850,343,48.3
155,55,343,45.21
3778,3678,343,25.62
458,358,343,26.59
160,60,343,18.35
964,864,343,54.88
5380,5280,343,45.21
4178,4079,343,6.28
2174,2075,343,6.21
8071,7972,343,4.68
257,157,343,69.46
7274,7275,343,5.03
9140,9139,343,3.83
1466,1366,343,28.66
9040,9139,343,3.02
9451,9552,343,3.53
1647,1547,344,50.93
949,849,344,82.32
5481,5381,344,49.06
359,259,344,19.04
1673,1573,344,54.88
6282,6182,344,24.68
1072,972,344,38.78
753,653,344,12.71
751,651,344,62.92
5931,6030,344,4.03
9266,9367,344,11.05
9266,9365,344,11.05
1768,1668,344,17.05
7175,7176,344,3.68
1148,1048,344,62.92
1071,971,345,84.73
850,750,345,67.9
3678,3578,345,59.34
3077,2977,345,19.76
157,57,345,81.43
752,652,345,40.09
1366,1266,345,57.06
1070,970,345,84.73
4078,3979,345,6.34
4278,4179,345,6.21
1365,1265,345,38.78
2951,2950,345,7.33
849,749,346,73.32
1547,1447,346,56.88
1048,948,346,62.92
2676,2576,346,41.87
8172,8072,346,15.4
2448,2547,346,11.05
6182,6082,346,74.15
1269,1169,346,46.99
2074,1975,346,6.38
1573,1473,346,84.73
8670,8771,346,5.19
1667,1567,346,22.08
6380,6481,346,4.62
2750,2849,346,4.94
9362,9463,346,3.33
750,650,347,50.15
3578,3478,347,50.77
1266,1166,347,75.19
358,258,347,28.66
864,764,347,28.66
5381,5281,347,37.33
754,654,347,19.04
161,61,347,18.35
8671,8672,347,6.57
761,662,347,6.39
8571,8672,347,5.88
8038,8037,347,3.44
5280,5180,347,32.11
1265,1165,347,57.06
970,870,347,81.43
6433,6432,347,1.79
1874,1774,347,7.76
749,649,348,54.07
948,848,348,65.36
652,552,348,34.57
971,871,348,43.5
6381,6382,348,5.36
9267,9368,348,10.43
7337,7236,348,5.85
9363,9364,348,3.91
1473,1373,348,84.73
2147,2046,348,10.04
662,562,349,74.15
5281,5181,349,64.19
1165,1065,349,61.72
259,159,349,21.28
3978,3879,349,6.42
8868,8869,349,3.83
8539,8438,349,5.04
651,551,349,23.89
4979,4879,349,14.16
2347,2246,349,12.8
2749,2748,349,5.36
7036,7136,349,2.31
2648,2647,349,11.29
1668,1568,349,21.28
848,748,350,70.56
1373,1273,350,84.73
1166,1066,350,48.84
3478,3378,350,38.78
870,770,350,38.78
2576,2476,350,32.08
9268,9169,350,19.61
9268,9269,350,13.62
5481,5382,350,15.98
5829,5728,350,8.82
6082,5982,350,30.45
972,872,350,17.05
1974,1875,350,6.42
7537,7436,350,5.53
7537,7536,350,3.91
258,158,350,43.5
2047,1946,350,9.56
5180,5080,350,43.18
2447,2346,350,16.61
9342,9441,350,2.89
1567,1467,350,29.75
562,462,351,61.72
1447,1347,351,23.01
9366,9466,351,10.88
2247,2146,351,10.54
4378,4279,351,6.19
7337,7336,351,3.67
5930,5929,351,3.79
1169,1069,351,23.78
653,553,351,15.05
1065,965,351,57.06
748,648,352,60.57
1273,1173,352,52.78
770,670,352,84.43
158,58,352,75.19
1568,1468,352,46.99
159,59,352,35.94
649,549,352,33.31
1647,1546,352,15.34
552,452,352,29.82
650,550,352,23.01
5080,4980,352,70.56
654,554,352,22.91
1947,1846,352,10.04
7772,7673,352,3.61
1467,1367,352,52.78
549,449,353,108.74
462,362,353,57.06
3378,3278,353,45.21
551,451,353,27.7
1774,1674,353,19.04
5982,5882,353,33.71
5181,5081,353,27.7
1747,1646,353,12.8
7077,6978,353,10.54
6633,6532,353,2.65
1367,1267,354,61.72
670,570,354,50.93
5382,5282,354,28.19
9367,9467,354,10.16
9366,9467,354,11.72
9366,9465,354,11.72
1468,1368,354,75.19
550,450,354,81.46
5882,5782,354,146.1
2476,2376,354,30.89
8838,8837,354,3.99
8738,8737,354,3.99
872,772,354,32.55
8439,8338,354,5.23
9453,9553,354,2.76
871,771,354,17.69
9443,9543,354,2.31
449,349,355,52.86
3278,3178,355,54.88
1674,1574,355,61.72
648,548,355,43.18
1069,969,355,25.62
1066,966,355,24.68
764,664,355,13.64
2977,2877,355,10.44
1547,1446,355,13.42
4980,4880,355,48.84
1347,1247,355,25.79
8738,8637,355,5.39
2547,2446,355,17.23
965,865,355,26.59
1546,1446,355,49.06
9547,9647,355,2.51
570,470,356,61.16
5282,5182,356,75.19
362,262,356,46.99
451,351,356,43.72
554,454,356,30.94
5728,5628,356,17.69
3879,3779,356,16.43
9268,9369,356,10.43
5782,5682,356,65.36
9368,9369,356,13.19
1173,1073,356,29.75
8671,8772,356,5.88
1368,1268,356,52.78
1847,1746,356,8.68
2877,2777,357,52.78
3178,3078,357,69.46
548,448,357,65.36
1267,1167,357,48.84
771,671,357,38.74
553,453,357,17.65
1574,1474,357,81.43
5382,5283,357,20.43
9367,9468,357,11.05
8572,8473,357,7.66
8272,8173,357,6.78
8968,8969,357,3.91
772,672,357,42.02
2246,2145,357,18.37
872,773,357,20.46
5081,4981,357,27.7
4678,4579,357,6.17
349,249,357,84.43
7035,7135,357,2.31
448,348,358,104.85
5182,5082,358,72.27
470,370,358,87.52
969,869,358,45.21
9269,9170,358,19.97
9269,9270,358,13.19
5682,5582,358,92.5
2647,2546,358,15.98
452,352,358,17.69
5481,5482,358,6.08
6878,6779,358,7.9
450,350,358,32.55
4578,4479,358,6.23
2346,2245,358,18.37
351,251,358,56.15
2376,2276,358,33.31
7837,7736,358,5.53
7837,7836,358,3.91
8939,9038,358,3.02
6733,6632,358,3.79
1268,1168,358,59.34
3078,2978,359,78.24
4981,4881,359,56.15
249,149,359,67.9
453,353,359,50.93
966,866,359,32.08
865,765,359,32.08
2777,2677,359,84.73
5382,5383,359,12.28
4879,4779,359,10.44
773,673,359,90.72
1474,1374,359,81.43
4478,4379,359,6.23
4778,4679,359,6.19
672,572,359,87.52
262,162,359,34.6
8138,8137,359,3.44
7872,7773,359,3.79
2648,2747,359,7.79
1874,1775,359,5.85
1168,1068,360,81.43
370,270,360,50.93
1167,1067,360,41.87
1247,1147,360,23.89
673,573,360,169.83
4880,4780,360,23.78
352,252,360,58.31
664,564,360,22.91
763,663,360,4.28
8538,8537,360,4.15
572,472,360,213.34
7737,7636,360,5.26
8638,8537,360,5.23
1646,1545,360,20.29
872,873,360,10.78
350,250,360,50.15
6834,6933,360,2.26
4881,4781,361,92.5
149,49,361,56.88
869,769,361,43.5
1446,1346,361,19.06
2677,2577,361,84.73
1374,1274,361,52.78
5829,5828,361,3.6
348,248,361,43.72
9460,9560,361,2.63
1546,1445,361,15.98
8372,8273,361,7.66
9241,9340,361,2.67
7274,7374,361,2.64
251,151,361,37.22
1067,967,362,66.77
1068,968,362,64.19
250,150,362,50.15
2978,2878,362,43.5
765,665,362,35.94
866,766,362,45.21
9170,9070,362,31.08
2276,2176,362,33.31
454,354,362,18.35
573,473,362,54.88
670,571,362,15.34
670,569,362,15.34
252,152,362,62.92
5082,4982,362,32.11
353,253,362,38.63
1073,973,362,17.05
3778,3679,362,6.39
2275,2176,362,6.31
8938,8937,362,4.07
564,464,362,84.73
6282,6183,362,6.39
6679,6680,362,2.76
9457,9557,362,2.51
248,148,363,76.2
663,563,363,46.99
8173,8073,363,17.58
5628,5528,363,16.43
2145,2045,363,17.03
2577,2477,363,81.43
8672,8673,363,6.45
155,54,363,6.19
8472,8373,363,6.78
9368,9469,363,9.85
8572,8573,363,4.14
472,372,363,37.33
7937,7936,363,3.59
1646,1645,363,10.27
2346,2345,363,7.79
148,48,364,104.85
967,867,364,59.34
253,153,364,60.57
766,666,364,66.77
769,669,364,34.6
1147,1047,364,25.72
152,52,364,54.07
1775,1675,364,21.28
162,62,364,22.08
5283,5183,364,15.83
4781,4681,364,35.94
9369,9370,364,12.75
9467,9567,364,10.88
9169,9069,364,7.4
6183,6083,364,52.78
161,62,364,6.42
8538,8437,364,5.04
6833,6732,364,3.99
9442,9542,364,2.76
464,364,364,69.46
9453,9554,364,3.02
5528,5428,365,52.86
571,471,365,37.33
569,469,365,38.74
968,868,365,35.94
2176,2076,365,46.99
563,463,365,84.73
9270,9171,365,20.53
9170,9071,365,20.54
2477,2377,365,69.46
1274,1174,365,27.6
2175,2076,365,6.36
9140,9239,365,2.89
471,371,366,146.1
1675,1575,366,64.19
5183,5083,366,75.19
153,53,366,54.07
3679,3579,366,29.75
9070,8970,366,31.08
364,264,366,50.77
270,170,366,19.76
2245,2144,366,19.72
151,51,366,23.89
2647,2646,366,6.08
2075,1976,366,6.41
4079,3980,366,6.39
348,247,366,17.81
247,147,367,116.99
867,767,367,46.99
9270,9271,367,11.79
9467,9568,367,11.72
9467,9566,367,11.72
6083,5983,367,49.64
5382,5483,367,8.78
2377,2277,367,66.77
463,363,367,66.77
8771,8871,367,4.83
1048,947,367,6.27
372,272,367,29.75
9468,9568,367,10.16
1445,1345,367,19.06
354,254,367,22.17
4982,4882,367,23.01
9547,9648,367,2.78
9547,9646,367,2.78
1346,1246,367,18.73
1575,1475,368,78.24
5083,4983,368,81.43
868,768,368,41.87
370,271,368,15.34
370,269,368,15.34
473,373,368,19.04
1545,1444,368,19.33
3979,3880,368,6.41
4179,4080,368,6.33
9139,9138,368,4.07
7275,7276,368,4.16
1976,1876,368,52.78
8238,8237,368,3.44
7077,7078,368,3.47
264,164,368,52.78
767,667,369,75.19
147,47,369,76.2
3579,3479,369,41.87
170,70,369,48.84
2144,2044,369,34.06
9071,8971,369,32.55
8073,7973,369,19.33
150,50,369,15.05
9070,8971,369,20.54
2245,2244,369,9.25
5983,5883,369,61.16
948,847,369,6.19
3578,3479,369,6.12
363,263,369,50.77
9459,9559,369,2.63
9363,9464,369,3.02
6332,6331,369,1.91
7035,7134,369,2.58
1475,1375,370,69.46
768,668,370,52.78
4882,4782,370,45.21
5428,5328,370,21.25
8970,8870,370,31.08
569,468,370,19.33
2045,1945,370,16.49
3478,3379,370,6.26
7034,7033,370,3.52
9468,9569,370,11.05
2277,2177,370,48.84
7274,7375,370,3.06
164,64,371,46.99
469,369,371,17.69
666,566,371,16.43
2878,2778,371,12.18
1444,1344,371,37.15
6978,6879,371,7.9
269,169,371,45.21
1174,1074,371,18.35
873,774,371,14.05
272,172,371,30.89
9469,9470,371,12.75
4983,4883,371,40.09
9456,9556,371,2.51
6382,6283,371,6.42
9460,9561,371,2.89
7076,7177,371,2.51
4782,4682,372,81.43
3379,3279,372,52.78
847,747,372,41.6
667,567,372,34.6
774,674,372,169.83
9071,8972,372,20.46
8772,8773,372,6.45
1247,1146,372,8.67
648,547,372,7.15
3879,3780,372,6.42
848,747,372,6.04
1545,1544,372,8.75
9551,9651,372,2.63
348,347,372,7.33
263,163,372,40.29
668,568,373,34.6
674,574,373,190.38
1375,1275,373,46.99
2177,2077,373,45.21
2144,2043,373,20.29
9171,9072,373,20.04
5528,5429,373,14.69
5528,5427,373,14.69
9370,9371,373,11.79
1876,1776,373,21.28
665,565,373,9.24
5828,5727,373,12.8
5883,5783,373,33.31
748,647,373,6.35
5728,5629,373,6.43
5728,5627,373,6.43
4780,4680,373,8.12
6381,6482,373,3.28
1345,1245,373,18.73
3279,3179,374,69.46
169,69,374,45.21
468,368,374,27.54
7973,7873,374,20.59
254,154,374,15.05
373,273,374,17.05
2345,2344,374,9.25
4279,4180,374,6.23
8771,8872,374,5.19
9458,9558,374,2.51
1344,1244,374,40.36
1646,1745,374,6.88
9442,9541,374,3.02
9457,9558,374,2.78
2749,2848,374,3.28
565,465,375,66.77
547,447,375,48.84
566,466,375,25.62
9271,9172,375,20.04
9566,9565,375,13.19
5427,5327,375,54.84
2747,2746,375,6.48
9567,9667,375,9.51
7236,7235,375,3.75
4681,4581,375,9.63
9462,9562,375,2.63
4682,4582,375,46.99
9545,9645,375,2.14
3179,3079,376,81.43
163,63,376,26.59
4883,4783,376,22.17
2077,1977,376,46.99
5328,5228,376,19.95
2044,1944,376,16.49
2144,2143,376,10.27
2778,2678,376,22.91
5783,5683,376,45.21
1444,1343,376,19.72
9441,9440,376,3.99
8037,8036,376,3.52
4680,4580,376,37.33
271,171,376,13.14
2950,2949,376,3.27
466,366,377,59.34
465,365,377,66.77
574,474,377,28.66
1146,1046,377,21.25
1275,1175,377,32.08
9568,9668,377,10.16
1945,1845,377,15.95
1147,1046,377,8.5
7536,7435,377,5.26
3079,2979,378,81.43
368,268,378,33.31
5629,5529,378,24.16
5429,5329,378,21.25
567,467,378,17.58
9271,9272,378,9.76
5327,5227,378,45.45
5683,5583,378,61.72
2678,2578,378,75.19
9567,9666,378,10.43
1074,974,378,15.26
172,72,378,16.43
4783,4683,379,46.99
4580,4480,379,46.99
1343,1243,379,35.59
2043,1943,379,17.03
5627,5527,379,18.35
3780,3680,379,14.7
8972,8873,379,20.25
1245,1145,379,19.33
273,173,379,23.78
3779,3680,379,6.28
5628,5527,379,6.42
8637,8636,379,4.23
1444,1443,379,9.25
5983,5884,379,12.2
7336,7335,379,3.67
5929,5928,379,3.69
9469,9570,379,9.3
1977,1877,379,45.21
1344,1243,379,18.87
2346,2445,379,4.94
2979,2879,380,75.19
366,266,380,41.87
365,265,380,41.87
9072,8973,380,20.46
8972,8973,380,12.75
9568,9669,380,11.05
4581,4481,380,21.28
9470,9471,380,12.28
1244,1144,380,19.33
2578,2478,380,84.73
5283,5184,380,6.42
8737,8736,380,3.99
8837,8736,380,5.65
873,874,380,5.03
9552,9652,380,2.76
2244,2243,380,9.25
8938,9037,380,3.33
1175,1075,381,25.62
5227,5127,381,40.36
8837,8836,381,3.83
268,168,381,48.84
4479,4380,381,6.19
347,246,381,17.23
4683,4583,381,78.24
6833,6832,381,1.91
1243,1143,382,40.36
467,367,382,33.31
1046,946,382,23.39
1877,1777,382,35.94
5228,5128,382,18.73
9566,9665,382,9.85
1047,946,382,8.13
2478,2378,382,84.73
1776,1676,382,11.73
1775,1676,382,6.41
5383,5284,382,6.41
4379,4280,382,6.21
2848,2847,382,13.62
9551,9650,382,2.89
168,68,383,52.78
1944,1844,383,16.49
9172,9073,383,19.72
9072,9073,383,10.78
2879,2779,383,43.5
9371,9372,383,10.78
4481,4381,383,41.87
173,73,383,25.62
8438,8337,383,4.28
266,166,383,40.29
265,165,383,46.99
7573,7474,383,2.97
9456,9555,383,2.78
5930,6029,383,2.4
1676,1576,384,59.34
246,146,384,40.36
4583,4483,384,37.33
171,71,384,13.64
1343,1242,384,20.04
2378,2278,384,84.73
5427,5326,384,14.05
8673,8574,384,6.78
5327,5226,384,17.23
5828,5827,384,4.43
8473,8374,384,5.26
9544,9644,384,2.31
7836,7735,384,5.65
9548,9649,384,2.4
2143,2042,384,20.04
146,46,385,157.48
165,65,385,59.34
166,66,385,57.06
367,267,385,48.84
1143,1043,385,40.36
1943,1843,385,17.03
1145,1045,385,19.95
4582,4482,385,10.03
5884,5784,385,19.76
474,374,385,12.66
3679,3580,385,6.35
8537,8536,385,4.15
8637,8536,385,4.79
473,374,385,6.42
2848,2948,385,9.51
9463,9563,385,2.63
9462,9563,385,2.89
7836,7835,385,3.83
1576,1476,386,84.73
946,846,386,29.44
5329,5229,386,12.66
9272,9173,386,18.87
9172,9173,386,9.25
1075,975,386,23.78
947,846,386,7.63
6680,6581,386,6.07
1144,1044,386,19.33
5227,5126,386,18.87
6183,6084,386,6.09
1545,1644,386,5.66
9139,9238,386,3.33
4381,4281,387,33.31
1243,1142,387,18.87
5784,5684,387,54.07
1343,1342,387,9.76
8137,8136,387,3.59
2345,2444,387,6.04
9340,9339,387,3.91
347,346,387,6.9
2278,2178,387,48.84
8373,8274,387,5.96
8937,8936,387,4.07
2143,2142,387,9.76
1476,1376,388,84.73
1043,943,388,40.36
9669,9670,388,13.62
5184,5084,388,14.16
8773,8774,388,6.57
4883,4784,388,8.82
6084,5984,388,54.88
267,167,388,48.84
7078,6979,388,7.21
8437,8436,388,4.23
9470,9571,388,8.78
2848,2947,388,10.43
4983,4884,388,7.34
4482,4382,389,28.66
246,145,389,18.87
975,875,389,37.33
5684,5584,389,54.88
9471,9472,389,11.29
847,746,389,7.24
2779,2679,389,18.35
3579,3480,389,6.23
3980,3881,389,6.38
7736,7635,389,4.68
5128,5028,389,16.49
6382,6383,389,2.44
5127,5027,389,14.27
5084,4984,390,84.73
1376,1276,390,75.19
167,67,390,61.72
1142,1042,390,37.15
875,775,390,197.82
1045,945,390,23.39
2042,1942,390,17.58
9073,8974,390,20.53
1844,1744,390,14.85
1143,1042,390,18.87
2178,2078,390,34.6
8573,8474,390,5.26
9552,9653,390,3.02
4382,4282,391,59.34
145,45,391,56.88
1843,1743,391,17.03
4281,4181,391,25.62
9372,9273,391,19.33
9669,9769,391,9.51
9272,9273,391,8.26
943,843,391,49.06
5584,5484,391,66.77
747,646,391,7.73
6879,6780,391,7.21
4080,3981,391,6.38
3880,3781,391,6.39
5483,5384,391,5.94
6779,6780,391,3.09
373,274,391,6.43
7936,7935,391,3.67
1044,944,391,20.59
1276,1176,392,54.88
3480,3380,392,40.29
9073,9074,392,11.79
2847,2846,392,10.27
2078,1978,392,50.77
647,546,392,7.83
5527,5426,392,11.07
8773,8674,392,7.44
3479,3380,392,6.23
8273,8174,392,4.68
1444,1543,392,6.04
2243,2242,392,8.75
4282,4182,393,54.88
1042,942,393,35.59
775,675,393,48.84
5126,5026,393,15.95
1043,942,393,18.87
5326,5225,393,15.98
4483,4383,393,11.73
1777,1677,393,9.24
843,743,393,68.12
2244,2343,393,6.04
3380,3280,394,52.78
945,845,394,28.47
5827,5726,394,15.34
246,245,394,8.26
9669,9770,394,10.43
9669,9768,394,10.43
3379,3280,394,6.09
7033,6932,394,6
9138,9137,394,3.99
8437,8336,394,4.79
7636,7535,394,4.18
6283,6184,394,6.42
2445,2545,394,6.9
546,446,395,46.53
3781,3681,395,28.66
1176,1076,395,38.78
4784,4684,395,15.83
1142,1041,395,19.72
4181,4081,395,25.62
9372,9373,395,8.75
8873,8874,395,6.57
3780,3681,395,6.41
2948,3048,395,10.88
5229,5129,395,11.29
2142,2041,395,19.33
9441,9540,395,3.17
1978,1878,395,41.87
9463,9564,395,2.89
3280,3180,396,59.34
4182,4082,396,40.29
942,842,396,38.74
1942,1842,396,18.15
5928,5927,396,6.08
274,174,396,20.51
5727,5626,396,6.42
5627,5526,396,6.42
574,475,396,6.36
7134,7133,396,3.83
7276,7277,396,3.68
8237,8236,396,3.67
5027,4927,396,15.95
5225,5125,396,45.45
9543,9643,396,2.4
944,844,396,24.96
9544,9643,396,2.58
2444,2443,396,11.29
675,575,397,28.66
1677,1577,397,26.59
9173,9174,397,9.25
743,643,397,32.11
9670,9671,397,12.28
4684,4584,397,69.46
842,742,398,54.84
3180,3080,398,59.34
845,745,398,30.94
8174,8074,398,18.73
1743,1643,398,14.85
1042,941,398,20.04
1142,1141,398,9.25
1878,1778,398,45.21
1343,1442,398,6.45
2746,2645,398,6.28
2948,3049,398,11.72
2948,3047,398,11.72
2041,1941,398,35.59
7673,7574,398,3.08
2445,2544,398,7.79
4082,3982,399,43.5
4584,4484,399,81.43
2846,2745,399,20.54
1577,1477,399,75.19
1076,976,399,33.31
2679,2579,399,10.03
9471,9572,399,7.79
7033,7032,399,3.52
2142,2141,399,8.75
9647,9747,399,2.31
3080,2980,400,61.72
742,642,400,78.59
844,744,400,28.74
145,44,400,13.42
9472,9473,400,9.76
5028,4928,400,9.63
474,375,400,6.37
6732,6631,400,3.93
9074,8975,400,19.97
9074,9075,400,13.19
7275,7376,400,2.51
9560,9660,400,2.63
4484,4384,401,57.06
3982,3882,401,50.77
3681,3581,401,18.35
1477,1377,401,84.73
942,841,401,19.33
4383,4283,401,14.16
2846,2845,401,11.29
1941,1841,401,38.74
5326,5325,401,6.08
5284,5185,401,7.55
5329,5230,401,6.37
7435,7334,401,5.93
174,74,401,22.08
643,543,401,25.72
9553,9654,401,3.02
745,645,402,26.69
5125,5025,402,18.73
976,876,402,46.99
5726,5625,402,17.81
9770,9771,402,13.19
2980,2880,402,57.06
1778,1678,402,28.66
5827,5826,402,5.71
5884,5785,402,6.42
1842,1742,402,18.15
642,542,402,75.83
9440,9439,402,3.99
9557,9657,402,2.51
7773,7674,402,3.3
5225,5124,402,17.23
7177,7178,402,3.27
3882,3782,403,50.77
1377,1277,403,84.73
5185,5085,403,61.16
4928,4828,403,34.06
2847,2946,403,6.88
5184,5085,403,6.4
7335,7234,403,6
2879,2780,403,6.21
8636,8635,403,4.23
2041,1940,403,20.04
542,442,404,52.86
4283,4183,404,38.78
4384,4284,404,38.78
543,443,404,34.06
744,644,404,29.82
5785,5685,404,50.15
9373,9274,404,16.61
8074,7974,404,19.33
5625,5525,404,52.86
2579,2479,404,21.28
5124,5024,404,50.93
5230,5130,404,38.74
8036,8035,404,3.59
9542,9642,404,2.51
2578,2479,404,5.62
4183,4083,405,205.62
2780,2680,405,59.34
876,776,405,37.33
1277,1177,405,66.77
5026,4926,405,8.58
7435,7434,405,3.59
8736,8735,405,4.07
8937,9036,405,3.33
4083,3983,406,205.62
3782,3682,406,43.5
1940,1840,406,37.15
9770,9870,406,8.92
1141,1040,406,20.04
6780,6681,406,9.56
5525,5425,406,56.88
1941,1840,406,19.33
5685,5585,406,61.72
5129,5029,406,9.63
9671,9672,406,11.79
2478,2379,406,5.62
2041,2040,406,9.76
9239,9338,406,3.53
2745,2644,406,20.25
2243,2342,406,5.66
2444,2543,406,7.79
3983,3883,407,205.62
2680,2580,407,50.77
443,343,407,35.59
375,275,407,15.26
842,741,407,14.05
1841,1741,407,18.73
4828,4728,407,31.08
4928,4829,407,20.29
4928,4827,407,20.29
646,545,407,9.11
9174,9175,407,10.27
9074,9175,407,9.85
4927,4827,407,9.63
2745,2744,407,12.75
8836,8835,407,3.99
3883,3783,408,205.62
442,342,408,25.38
5585,5485,408,54.88
543,444,408,20.29
1177,1077,408,38.78
9473,9374,408,17.81
6631,6531,408,12.87
5085,4985,408,21.28
5726,5725,408,7.33
2379,2279,408,84.73
5927,5926,408,8.75
3580,3481,408,6.41
6029,6028,408,4.16
246,345,408,5.29
7735,7634,408,5.96
1742,1642,408,17.03
2378,2279,408,5.62
5225,5224,408,6.9
2278,2179,408,6.14
1840,1740,409,37.15
1040,940,409,34.06
343,243,409,90.72
9770,9871,409,9.85
9770,9869,409,9.85
1141,1140,409,9.76
8974,8875,409,7.83
4884,4785,409,6.96
8536,8535,409,4.23
5024,4924,409,20.59
5230,5131,409,19.33
8636,8535,409,4.79
9559,9659,409,2.51
6283,6284,409,2.64
3783,3683,410,61.72
444,344,410,75.83
4985,4885,410,84.73
3682,3582,410,33.31
776,676,410,22.08
644,544,410,19.8
5485,5385,410,64.19
2580,2480,410,34.6
7974,7874,410,19.95
4828,4729,410,20.54
4828,4727,410,20.54
3048,3148,410,6.9
4928,4929,410,10.27
6979,6880,410,6.61
2179,2079,410,69.46
5029,4929,410,32.55
2178,2079,410,6.31
6084,5985,410,6.06
342,242,410,56.88
243,143,410,112.78
2845,2844,410,11.29
9560,9661,410,2.89
44,43,410,10.78
5385,5285,411,213.34
1940,1839,411,19.72
4728,4628,411,29.62
2846,2945,411,7.79
145,144,411,4.72
9472,9573,411,6.45
4784,4685,411,6.42
1142,1241,411,6.04
7835,7734,411,5.53
7835,7834,411,3.91
344,244,411,140.75
9541,9641,411,2.76
9771,9772,411,11.29
5984,5885,411,6.42
9665,9664,411,3.52
9646,9746,411,2.31
9647,9748,411,2.58
9647,9746,411,2.58
3683,3583,412,50.77
1740,1640,412,38.74
545,445,412,23.01
741,641,412,22.17
442,341,412,19.97
442,441,412,13.19
1077,977,412,30.89
542,441,412,14.69
5025,4925,412,10.03
5026,4925,412,7.83
3480,3381,412,6.25
5625,5524,412,14.69
2079,1979,412,57.06
8774,8675,412,5.96
8436,8435,412,4.23
5124,5023,412,15.34
9238,9237,412,3.91
6331,6230,412,3.37
242,142,412,87.52
8936,8935,412,4.15
5131,5031,413,28.19
2543,2442,413,20.53
1040,939,413,20.29
4284,4184,413,12.18
6230,6130,413,112.78
5185,5086,413,12.2
1741,1641,413,18.15
5029,4930,413,20.46
5329,5330,413,2.9
5230,5231,413,8.75
9556,9656,413,2.4
940,840,413,32.55
7078,7079,413,2.24
2142,2241,413,5.66
6531,6431,414,17.8
2744,2643,414,20.54
4829,4730,414,20.25
1840,1739,414,19.72
4827,4726,414,20.46
4729,4629,414,26.78
1940,1939,414,9.25
9473,9474,414,7.33
4728,4629,414,20.53
4728,4627,414,20.53
9672,9673,414,13.19
641,541,414,70.6
8874,8775,414,7.83
3048,3149,414,7.79
3048,3147,414,7.79
1678,1578,414,8.49
275,175,414,16.43
8136,8135,414,3.75
142,42,414,54.84
274,175,414,6.42
9558,9658,414,2.51
4727,4627,414,31.08
4685,4585,414,38.78
9557,9658,414,2.78
1979,1879,414,54.88
9175,9076,414,20.25
5524,5424,415,42.02
1640,1540,415,40.36
3583,3483,415,34.6
3381,3281,415,37.33
3582,3482,415,22.08
4829,4830,415,12.75
2543,2542,415,11.79
4628,4528,415,31.08
7874,7774,415,22.65
4924,4824,415,19.33
5525,5424,415,13.42
5425,5324,415,16.61
7634,7534,415,14.85
9562,9662,415,2.51
1642,1542,415,14.85
9175,9176,415,12.75
341,241,415,35.59
4585,4485,416,84.73
939,839,416,35.59
4184,4084,416,45.45
5131,5032,416,20.43
5131,5030,416,20.43
2744,2743,416,11.29
5086,4986,416,45.45
977,877,416,28.66
1040,1039,416,10.27
1879,1779,416,54.88
2480,2380,416,17.05
675,576,416,6.36
8975,8976,416,6.33
5029,5030,416,10.78
5130,5030,416,8.49
940,839,416,20.46
9554,9655,416,2.78
1140,1039,416,20.46
4084,3984,417,104.85
1578,1478,417,40.29
5031,4931,417,26.78
1740,1639,417,19.33
1739,1639,417,34.06
4827,4826,417,10.78
4729,4630,417,20.25
9274,9275,417,7.79
241,141,417,61.16
841,740,417,9.11
6184,6085,417,6.41
5927,6027,417,4.93
5725,5624,417,16.61
5928,6027,417,3.76
840,740,417,32.55
4727,4626,417,20.54
2041,2140,417,6.45
5224,5123,417,15.98
6832,6731,417,3.99
4485,4385,418,72.27
3281,3181,418,40.29
1540,1440,418,38.74
5023,4923,418,19.95
4986,4886,418,50.77
5131,5132,418,12.28
4528,4428,418,38.74
5926,5825,418,15.34
4628,4529,418,20.54
4628,4527,418,20.54
1779,1679,418,50.77
4629,4529,418,28.19
1839,1738,418,20.46
3280,3181,418,6
8975,8876,418,8.13
8436,8335,418,4.79
4627,4527,418,32.55
7935,7934,418,3.75
8675,8575,418,17.03
7134,7233,418,2.89
1478,1378,419,69.46
839,739,419,37.15
3483,3383,419,25.62
175,75,419,21.28
475,376,419,6.38
1641,1541,419,18.15
174,75,419,6.41
1140,1139,419,10.78
740,640,420,35.59
3984,3884,420,45.21
4626,4526,420,38.74
5032,4932,420,28.19
5031,4932,420,20.25
5524,5423,420,18.37
4886,4786,420,84.73
1640,1539,420,18.87
1639,1539,420,38.74
4385,4285,420,69.46
3180,3081,420,6
4428,4328,420,56.88
9540,9539,420,4.07
575,476,420,6.42
141,41,420,45.45
1141,1240,420,6.45
4930,4831,420,20.43
441,340,420,18.87
2845,2944,420,7.79
9137,9136,420,3.99
341,240,420,20.04
1378,1278,421,66.77
1440,1340,421,38.74
4527,4427,421,40.36
4630,4530,421,29.62
9673,9674,421,14.37
4824,4724,421,17.03
939,838,421,20.04
2442,2341,421,19.97
2442,2441,421,13.19
9573,9574,421,10.78
1739,1638,421,20.29
4529,4429,421,38.74
4629,4530,421,20.43
9672,9773,421,9.85
1839,1838,421,10.78
1939,1838,421,20.46
9772,9773,421,10.78
1738,1638,421,43.72
9541,9640,421,3.02
9771,9872,421,7.79
9645,9745,421,2.22
3884,3784,422,64.19
5423,5323,422,50.93
4285,4185,422,64.19
877,777,422,17.69
4786,4686,422,84.73
4184,4085,422,17.23
3081,2981,422,54.88
7534,7433,422,20.43
5086,4987,422,17.23
3080,2981,422,5.97
8336,8235,422,5.23
4830,4731,422,20.25
5927,6026,422,5.66
4730,4631,422,19.97
4730,4731,422,13.19
4328,4228,422,70.6
8374,8275,422,3.76
1278,1178,423,59.34
4429,4329,423,63.4
4427,4327,423,56.88
640,540,423,47.23
4526,4426,423,43.72
739,639,423,31.08
5032,4933,423,20.43
1540,1441,423,19.33
1540,1439,423,19.33
2643,2642,423,11.29
5785,5686,423,6.78
375,276,423,6.42
2380,2280,423,14.7
1539,1439,423,38.74
240,140,423,43.72
9175,9276,423,9.3
2981,2881,424,54.88
3784,3684,424,84.73
4530,4430,424,45.45
4932,4832,424,26.78
4923,4823,424,19.33
4931,4832,424,20.25
4630,4531,424,20.53
5624,5523,424,20.54
838,738,424,43.72
839,738,424,19.72
3482,3382,424,12.18
939,938,424,9.76
7534,7533,424,12.28
2241,2240,424,9.76
1679,1579,424,18.35
4925,4825,424,8.49
7133,7132,424,3.67
1939,1938,424,10.78
6780,6781,424,3.09
2980,2881,424,6.03
1638,1538,424,47.23
5725,5724,424,6.48
5324,5223,424,16.61
8474,8375,424,4.18
4228,4128,424,73.17
9648,9749,424,2.49
4426,4326,425,56.88
4329,4229,425,78.59
5686,5586,425,75.19
5132,5033,425,20.29
8876,8776,425,15.4
4626,4525,425,19.33
5032,5033,425,12.28
2542,2541,425,10.27
9474,9375,425,14.05
7376,7377,425,4.16
8575,8475,425,14.85
441,440,425,8.26
7277,7278,425,3.47
540,440,425,61.16
4327,4227,425,73.17
4531,4431,426,56.88
4430,4330,426,73.17
2881,2781,426,50.77
3684,3584,426,84.73
2280,2180,426,41.87
140,40,426,35.59
739,638,426,20.54
3383,3283,426,16.43
1440,1341,426,19.33
1440,1339,426,19.33
5624,5623,426,11.29
5131,5232,426,8.78
2744,2843,426,7.79
5926,5925,426,5.71
2880,2781,426,6.09
7433,7333,426,29.62
5185,5186,426,4.16
141,40,426,17.23
5330,5331,426,7.79
1738,1637,426,17.81
9651,9751,426,1.87
1439,1339,426,40.36
4326,4226,427,75.83
5586,5486,427,66.77
4832,4732,427,35.59
1178,1078,427,28.66
639,539,427,29.62
4933,4833,427,32.55
4831,4732,427,20.43
4932,4833,427,20.25
9673,9774,427,11.72
4229,4129,427,78.59
2780,2681,427,6
1940,2039,427,6.04
8635,8634,427,4.23
1538,1438,427,49.06
9563,9663,427,2.4
9652,9752,427,2.14
9562,9663,427,2.78
4128,4028,427,43.72
340,339,427,14.7
4227,4127,427,63.4
4431,4331,428,78.59
3584,3484,428,84.73
4330,4230,428,87.52
2180,2080,428,66.77
4526,4425,428,17.81
5132,5133,428,10.27
4525,4425,428,47.23
5086,5087,428,6.9
776,677,428,6.41
8275,8175,428,17.03
9644,9744,428,2.31
3047,3046,428,3.37
9665,9765,428,2.22
240,139,428,17.81
8936,9035,428,3.53
340,239,428,17.89
1637,1537,429,43.72
4731,4632,429,20.46
1340,1239,429,20.04
1240,1239,429,11.29
638,538,429,38.74
4686,4586,429,15.83
838,737,429,17.81
4626,4625,429,8.75
1339,1239,429,40.36
2441,2340,429,20.04
2341,2340,429,13.62
2680,2581,429,6.12
7433,7332,429,20.53
1838,1737,429,18.87
4129,4029,429,56.88
1140,1239,429,7.32
9439,9438,429,3.75
4331,4231,430,90.72
3484,3384,430,66.77
4226,4126,430,49.06
4833,4733,430,45.45
539,439,430,43.72
4823,4723,430,19.95
3382,3282,430,17.69
1579,1479,430,19.04
4933,4834,430,20.46
4987,4887,430,12.66
4631,4532,430,19.33
9574,9475,430,16.61
4425,4325,430,56.88
5423,5322,430,15.34
4724,4624,430,11.83
5486,5386,430,48.84
4085,3985,430,13.14
4230,4130,430,81.46
2580,2481,430,6.31
275,176,430,6.42
6029,6129,430,2.16
2945,3045,430,5.28
1438,1338,430,47.23
8735,8734,430,4.15
6932,6831,430,4.03
140,39,431,20.04
2240,2139,431,20.25
1077,978,431,6.34
9176,9177,431,6.57
7433,7432,431,11.79
7533,7432,431,20.43
9772,9873,431,7.32
2080,1980,431,40.29
9276,9177,431,19.97
9276,9277,431,13.19
4127,4027,431,32.55
4532,4432,432,58.99
4733,4633,432,58.99
4834,4734,432,52.86
4887,4787,432,84.73
5033,4934,432,20.54
1479,1379,432,57.06
938,837,432,17.81
8776,8676,432,15.4
4325,4225,432,65.72
538,438,432,34.06
737,637,432,42.02
4586,4486,432,45.21
2240,2239,432,12.75
738,637,432,19.33
2743,2742,432,6.48
2441,2440,432,9.76
6284,6185,432,6.41
4231,4131,432,81.46
7534,7633,432,8.78
4028,3928,432,24.96
4130,4030,432,65.72
8835,8834,432,4.15
9338,9337,432,3.91
8035,8034,432,3.67
9653,9753,432,2.4
7734,7633,432,6.78
1938,1837,432,19.33
1537,1437,432,42.02
4029,3929,432,49.06
3929,3829,433,121.37
4126,4026,433,49.06
3283,3183,433,16.43
676,577,433,6.42
8535,8534,433,4.23
6681,6582,433,5.38
8635,8534,433,4.79
1338,1238,433,43.72
7533,7532,433,12.28
2480,2381,433,6.43
5386,5286,433,45.21
4027,3927,433,70.6
4734,4634,434,54.84
4486,4386,434,75.19
3927,3827,434,135.61
4432,4332,434,68.12
4633,4533,434,61.16
1980,1880,434,45.21
3282,3182,434,28.66
9774,9675,434,20.29
5623,5522,434,19.33
1637,1536,434,17.81
3384,3284,434,29.75
5033,5034,434,11.29
638,537,434,19.33
4525,4424,434,16.61
4026,3926,434,104.85
1379,1279,434,69.46
6028,6128,434,4
9747,9847,434,2.92
5885,5786,434,6.37
1939,2038,434,7.32
5985,5886,434,6.14
9768,9767,434,2.53
3928,3828,434,55.36
8175,8075,434,18.73
5322,5222,434,28.19
4131,4031,434,63.4
4787,4687,434,84.73
7032,6931,434,4.08
3829,3729,435,76.2
4030,3930,435,43.72
1437,1337,435,42.02
339,238,435,18.87
176,76,435,23.78
5724,5723,435,9.76
4225,4125,435,47.23
438,338,435,34.06
939,1038,435,6.45
977,878,435,6.36
1139,1038,435,9.07
9176,9077,435,7.44
3926,3826,435,163.53
139,38,435,20.54
6383,6384,435,2.19
2945,3044,435,6.04
3827,3727,435,183.24
9276,9376,435,8.92
4687,4587,436,59.34
3828,3728,436,74.15
4332,4232,436,81.46
4386,4286,436,69.46
1880,1780,436,75.19
4533,4433,436,52.86
5925,5824,436,15.34
4424,4324,436,61.16
9675,9575,436,54.84
538,437,436,20.29
5825,5824,436,5.71
1279,1179,436,57.06
239,138,436,19.97
9773,9874,436,9.85
2542,2641,436,6.88
8435,8434,436,4.28
2381,2281,436,43.5
1238,1138,436,38.74
1938,1937,436,8.75
4634,4534,437,49.06
3985,3885,437,15.83
9774,9775,437,10.27
3183,3083,437,28.66
737,636,437,18.37
3182,3082,437,40.29
8935,8934,437,4.15
5330,5430,437,4.29
7178,7179,437,2.92
7834,7733,437,5.53
7834,7833,437,3.91
5322,5221,437,20.43
1537,1436,437,18.37
1536,1436,437,43.72
4031,3931,437,45.45
4433,4333,438,50.93
3930,3830,438,41.6
3729,3629,438,34.57
5222,5122,438,29.62
4286,4186,438,84.73
1737,1636,438,15.98
5623,5622,438,8.75
4125,4025,438,40.09
6781,6682,438,10.54
938,937,438,7.33
5423,5422,438,5.71
4624,4524,438,12.66
4625,4524,438,16.61
1780,1680,438,69.46
7079,6980,438,5.83
9076,8977,438,5.96
3826,3726,438,43.5
4232,4132,438,78.59
1338,1237,438,17.81
9540,9639,438,3.33
6979,6980,438,2.04
9237,9236,438,3.99
9276,9377,438,9.85
3931,3831,439,75.83
437,337,439,37.15
4025,3925,439,125.93
5232,5233,439,7.79
2340,2339,439,10.27
438,337,439,20.29
3082,2982,439,61.72
5132,5233,439,6.88
877,778,439,6.43
576,477,439,6.39
3083,2983,439,57.06
2139,2138,439,13.19
6028,6127,439,4.62
2239,2138,439,20.25
5322,5321,439,12.28
9651,9750,439,2.13
9665,9766,439,2.49
9665,9764,439,2.49
3727,3627,439,26.59
4132,4032,440,61.16
3830,3730,440,92.5
4333,4233,440,68.12
4534,4434,440,47.23
5221,5121,440,47.23
2281,2181,440,28.66
3728,3628,440,25.62
8075,7975,440,19.95
4934,4835,440,17.81
1437,1336,440,18.37
4186,4086,440,59.34
4834,4735,440,14.69
5133,5134,440,8.75
4324,4224,440,27.54
1436,1336,440,43.72
637,536,440,18.37
1179,1079,440,32.08
837,736,440,17.81
4724,4623,440,7.66
6085,5986,440,6.21
2239,2238,440,12.75
6026,6025,440,5.71
9660,9760,440,2.51
8676,8576,440,14.27
9643,9743,440,2.31
9644,9743,440,2.58
3831,3731,441,88.96
3629,3529,441,47.23
1237,1137,441,34.06
5122,5022,441,38.74
2983,2883,441,72.27
3925,3825,441,57.43
4225,4124,441,16.61
2541,2540,441,6.48
4826,4725,441,5.93
2982,2882,441,64.19
1679,1580,441,6.42
1238,1137,441,19.33
7533,7632,441,8.78
5121,5021,442,50.93
3885,3785,442,23.78
5034,4935,442,18.87
238,137,442,20.29
537,436,442,17.81
1837,1736,442,14.69
3284,3184,442,13.14
376,277,442,6.4
3726,3626,442,30.45
4233,4133,442,75.83
5330,5431,442,4.94
1536,1435,442,17.81
6382,6483,442,1.51
3731,3631,443,65.36
3529,3429,443,50.93
2181,2081,443,35.94
4434,4334,443,43.72
4623,4523,443,45.45
4735,4635,443,45.45
4124,4024,443,87.52
337,237,443,29.62
5723,5722,443,13.19
4634,4535,443,15.98
2882,2782,443,52.78
4734,4635,443,14.05
2883,2783,443,66.77
4032,3932,443,43.72
8335,8334,443,4.07
1336,1236,443,37.15
476,377,443,6.41
9873,9973,443,8.92
4031,3932,443,17.23
3785,3685,444,57.06
4133,4033,444,65.72
5022,4922,444,47.23
1137,1037,444,40.36
3730,3630,444,29.75
437,336,444,19.72
138,37,444,19.97
5925,5924,444,5.71
2440,2439,444,8.75
1079,979,444,26.59
38,37,444,12.28
9136,9135,444,4.23
9747,9848,444,3.17
9747,9846,444,3.17
9653,9754,444,2.67
9657,9757,444,2.4
3429,3329,445,58.99
1435,1335,445,45.45
4523,4423,445,63.4
4024,3924,445,81.46
778,678,445,17.05
1237,1136,445,20.29
9377,9378,445,14.37
7733,7732,445,13.62
4587,4487,445,11.73
4086,3986,445,23.78
7332,7232,445,6.37
4334,4234,445,54.84
1436,1335,445,17.81
9874,9875,445,12.28
9675,9576,445,14.05
4987,4888,445,6.37
4085,3986,445,6.38
2081,1981,445,50.77
777,678,445,6.4
3147,3146,445,3.3
3932,3832,445,56.88
2783,2683,445,57.06
7934,7933,445,3.75
7032,7031,445,2.19
4535,4435,446,47.23
2782,2682,446,41.87
3628,3528,446,18.35
3627,3527,446,15.26
8977,8877,446,13.63
9377,9278,446,18.58
4534,4435,446,16.61
5221,5120,446,16.61
337,236,446,20.53
3685,3585,446,84.73
5724,5823,446,6.45
4424,4323,446,12.2
276,177,446,6.4
8235,8134,446,5.96
837,836,446,7.33
8335,8234,446,5.23
3825,3725,446,24.68
9873,9974,446,9.85
9873,9972,446,9.85
5086,5187,446,4.31
9539,9538,446,3.91
3329,3229,447,63.4
1981,1881,447,64.19
3832,3732,447,65.36
4234,4134,447,70.6
3630,3530,447,43.72
4033,3933,447,43.72
536,435,447,20.29
3629,3530,447,16.61
5034,5035,447,8.26
9576,9476,447,54.84
9775,9676,447,14.69
1579,1480,447,6.42
1636,1535,447,15.98
7376,7476,447,2.16
5322,5421,447,8.78
4888,4788,447,72.27
3045,3145,447,6.05
1335,1235,448,42.02
4434,4335,448,17.81
2238,2137,448,19.72
4323,4223,448,58.99
2339,2338,448,12.28
9377,9477,448,10.88
2683,2583,448,45.21
3585,3485,448,84.73
5686,5587,448,5.77
1136,1036,448,42.02
1336,1235,448,19.72
2239,2338,448,9.3
5321,5220,448,17.23
7574,7475,448,2.86
3626,3526,448,17.03
1881,1781,449,84.73
3229,3129,449,61.16
4134,4034,449,73.17
3732,3632,449,67.9
2682,2582,449,35.94
3631,3531,449,17.69
5021,4921,449,14.7
3924,3824,449,30.45
137,36,449,20.29
4835,4736,449,16.61
4623,4522,449,17.23
4735,4636,449,17.23
177,77,449,34.6
5586,5487,449,5.9
979,879,449,22.91
4788,4688,449,84.73
8575,8476,449,4.68
8475,8376,449,5.96
3530,3430,450,43.72
3528,3428,450,30.45
236,136,450,31.08
3986,3886,450,24.68
436,335,450,19.33
5121,5020,450,15.34
536,535,450,10.27
3933,3833,450,43.72
4487,4387,450,21.28
5723,5822,450,9.85
2742,2741,450,5.71
6027,6126,450,4.31
3485,3385,450,84.73
9661,9761,450,2.51
1938,2037,450,5.66
3129,3029,451,52.86
4034,3934,451,52.86
3531,3431,451,52.86
4636,4536,451,50.93
1480,1380,451,33.31
678,578,451,19.76
4223,4123,451,49.06
1435,1334,451,17.23
1235,1135,451,38.74
2238,2237,451,9.25
9377,9478,451,11.72
7733,7832,451,10.43
2583,2483,451,37.33
1781,1681,451,69.46
9277,9178,451,7.44
5087,4988,451,6.19
8634,8633,451,4.28
677,578,451,6.41
4335,4235,451,45.45
5486,5387,451,6.14
1837,1836,451,5.36
3833,3733,451,104.85
1236,1135,451,19.72
6284,6285,451,2.39
9642,9742,451,2.14
9659,9759,451,2.4
4688,4588,451,84.73
3045,3144,451,6.88
336,235,452,19.33
4922,4822,452,12.66
4535,4436,452,16.61
4935,4836,452,15.34
3184,3084,452,10.44
7975,7875,452,8.54
9035,9034,452,4.23
8876,8777,452,4.18
2743,2842,452,4.03
3385,3285,452,78.24
2581,2482,452,6.32
1380,1280,453,69.46
4235,4135,453,58.99
3431,3331,453,50.93
4387,4287,453,48.84
3430,3330,453,49.06
4522,4422,453,29.44
236,135,453,20.54
9974,9975,453,14.37
1335,1234,453,18.37
4123,4023,453,56.88
1736,1635,453,14.05
7278,7279,453,3.68
6781,6782,453,3.47
9874,9975,453,8.78
1136,1035,453,18.37
2481,2382,453,6.34
9338,9437,453,3.02
3733,3633,453,56.15
4588,4488,453,78.24
5386,5287,453,6.19
3029,2929,454,47.23
3934,3834,454,35.59
3428,3328,454,28.47
879,779,454,24.68
3632,3532,454,23.78
3527,3427,454,14.16
9875,9776,454,15.98
5134,5135,454,7.33
2483,2383,454,37.33
4723,4622,454,6
5133,5234,454,5.66
1036,936,454,16.97
2641,2640,454,5.71
3285,3185,454,75.19
7674,7575,454,2.75
5321,5320,454,6.9
8734,8733,454,4.23
3526,3426,454,17.58
1280,1180,455,84.73
3331,3231,455,50.93
4422,4322,455,75.83
4135,4035,455,73.17
4287,4187,455,81.43
3330,3230,455,54.84
4435,4336,455,16.61
2439,2438,455,9.76
4436,4336,455,45.45
3725,3625,455,11.73
7179,7080,455,7.9
6185,6086,455,6.42
9177,9078,455,5.96
3886,3786,455,21.28
9662,9762,455,2.51
2540,2539,455,7.33
6880,6881,455,2.24
8375,8276,455,4.68
3834,3734,456,75.83
135,35,456,34.06
1035,935,456,42.02
5035,4936,456,15.98
1234,1134,456,38.74
1235,1134,456,19.33
6025,6024,456,6.48
736,635,456,9.11
9972,9971,456,10.78
7432,7331,456,5.85
577,478,456,6.42
578,478,456,22.08
3824,3724,456,14.7
6731,6630,456,3.7
9748,9849,456,3.17
9746,9845,456,3.17
2381,2282,456,6.21
3185,3085,456,52.78
6631,6530,456,2.54
8576,8577,456,6.33
9657,9758,456,2.67
9657,9756,456,2.67
4035,3935,457,63.4
3231,3131,457,52.86
3230,3130,457,58.99
4187,4087,457,78.24
2929,2829,457,45.45
3633,3533,457,30.89
4322,4222,457,65.72
4921,4821,457,13.64
2338,2337,457,12.28
4223,4122,457,15.98
9676,9577,457,14.69
1435,1434,457,6.9
1180,1080,457,64.19
1681,1581,457,17.69
8534,8533,457,4.28
3084,2984,457,22.08
8834,8833,457,4.15
5886,5787,457,6.41
5786,5687,457,6.33
9641,9741,457,2.22
7376,7477,457,2.51
4488,4388,457,27.6
1535,1434,457,15.34
2383,2283,457,34.6
9237,9336,457,3.17
3532,3432,458,25.72
335,234,458,20.04
5020,4920,458,14.16
4736,4637,458,15.98
9478,9479,458,14.7
4023,3923,458,23.39
5823,5923,458,8.37
3329,3228,458,11.63
5924,5923,458,7.33
6530,6430,458,71.77
9136,9235,458,3.78
8576,8477,458,8.13
3130,3030,459,50.93
3533,3433,459,90.72
2829,2729,459,50.93
935,835,459,42.02
779,679,459,23.78
2237,2136,459,18.87
1334,1233,459,18.87
3934,3835,459,20.04
5822,5721,459,17.23
3129,3030,459,14.69
3129,3028,459,14.69
1134,1034,459,40.36
4636,4537,459,15.34
3229,3128,459,12.2
9478,9379,459,17.89
1135,1034,459,18.87
3734,3634,459,48.3
2281,2182,459,6.36
7432,7431,459,3.67
4723,4722,459,3.52
8776,8677,459,4.18
5430,5530,459,4.6
2984,2884,459,54.88
3432,3332,460,61.16
3426,3326,460,18.15
135,34,460,20.29
235,134,460,18.37
4536,4437,460,15.98
3029,2930,460,16.61
3029,2928,460,16.61
4122,4022,460,42.02
9478,9578,460,11.74
1080,980,460,34.6
9975,9876,460,20.29
8434,8433,460,4.23
9769,9868,460,2.07
8034,8033,460,3.59
3433,3333,461,78.59
3835,3735,461,50.93
478,378,461,20.51
2729,2629,461,75.83
8276,8176,461,17.58
5320,5219,461,20.29
1035,934,461,18.37
335,334,461,9.76
4436,4337,461,17.23
1234,1133,461,19.33
3634,3534,461,52.07
4087,3987,461,26.59
2884,2784,461,78.24
2283,2183,461,27.6
3085,2985,461,22.91
3332,3232,462,56.88
3724,3624,462,18.73
835,735,462,35.59
4836,4737,462,15.34
7875,7775,462,10.33
1836,1735,462,13.42
5823,5922,462,9.3
3427,3327,462,13.14
1736,1735,462,5.03
6430,6330,462,29.75
836,735,462,9.13
736,735,462,4.66
8977,8878,462,5.96
9077,8978,462,5.26
9847,9947,462,3.62
8934,8933,462,4.15
2629,2529,462,140.75
3148,3248,462,1.93
7377,7378,462,2.76
2784,2684,463,72.27
2928,2828,463,45.45
5721,5621,463,33.31
4920,4820,463,24.16
3923,3823,463,21.25
3131,3031,463,19.06
2929,2830,463,17.23
2929,2828,463,17.23
4235,4136,463,12.8
9478,9579,463,12.47
2181,2082,463,6.29
9975,9976,463,10.27
6026,6125,463,3.51
3232,3132,464,54.84
934,834,464,43.72
1133,1033,464,37.15
2337,2236,464,20.54
935,834,464,18.37
5320,5319,464,10.27
5135,5036,464,15.34
2237,2236,464,8.26
1334,1333,464,8.26
1134,1033,464,18.87
3145,3245,464,6.05
5035,5036,464,6.08
9378,9279,464,7.83
1635,1534,464,14.05
5422,5521,464,5.66
1581,1481,464,15.26
7332,7231,464,4.08
5421,5420,464,6.08
1580,1481,464,6.17
3987,3887,464,34.6
5430,5531,464,5.29
3786,3686,464,11.29
2684,2584,465,59.34
2828,2728,465,50.93
4136,4036,465,61.16
3333,3233,465,25.72
3735,3635,465,32.11
3534,3434,465,30.89
8477,8377,465,14.85
2136,2036,465,17.58
3935,3836,465,20.04
4821,4721,465,13.64
2529,2429,465,49.64
4122,4021,465,18.37
5822,5821,465,6.9
2338,2437,465,8.78
4222,4121,465,18.37
9278,9179,465,7.66
277,178,465,6.42
5986,5887,465,5.82
980,880,465,20.51
679,579,465,17.69
9776,9677,465,14.05
7774,7675,465,2.86
3147,3247,465,2
9640,9740,465,2.31
4388,4288,465,14.16
8234,8133,465,7.66
2082,1982,465,59.34
3326,3226,466,19.33
2337,2336,466,11.29
4936,4837,466,14.69
6782,6683,466,11.07
4022,3922,466,19.95
435,434,466,5.29
2439,2538,466,6.45
8434,8333,466,4.79
234,133,466,17.81
9035,9134,466,3.78
6831,6730,466,3.99
3823,3723,466,45.45
377,278,466,6.4
9639,9638,466,3.59
2183,2083,466,23.78
4036,3936,467,68.12
1033,933,467,47.23
8176,8076,467,19.95
5219,5119,467,19.33
3028,2927,467,17.81
3030,2931,467,18.87
3128,3027,467,18.37
3228,3127,467,16.61
2829,2730,467,15.34
835,734,467,20.04
1233,1132,467,20.04
3327,3227,467,21.25
2842,2841,467,6.9
1982,1882,467,72.27
9744,9844,467,2.63
178,78,467,84.73
9662,9763,467,2.78
3887,3787,467,38.78
3787,3687,468,151.67
6683,6583,468,52.78
3836,3736,468,34.06
2584,2484,468,43.5
4820,4720,468,24.96
1434,1433,468,9.25
3635,3535,468,40.09
6024,6023,468,8.75
2728,2628,468,36.11
4322,4221,468,11.07
3145,3246,468,6.88
3145,3244,468,6.88
2429,2329,468,38.71
7632,7531,468,5.26
4288,4188,468,48.84
4021,3921,468,38.74
2741,2740,468,5.71
133,33,468,56.88
2628,2528,469,125.93
3434,3334,469,30.94
934,833,469,17.81
2928,2827,469,17.23
4537,4438,469,15.34
1133,1032,469,19.72
4637,4538,469,14.05
4422,4321,469,9.11
7279,7180,469,9.11
334,233,469,20.04
535,534,469,5.29
735,634,469,20.46
3686,3586,469,23.78
5120,5019,469,6.35
1882,1782,469,84.73
4437,4338,469,16.61
7732,7631,469,5.96
3723,3623,469,43.72
7132,7131,469,2.28
3624,3524,469,15.95
2083,1983,469,45.21
2985,2885,469,13.64
2329,2229,470,87.52
3233,3133,470,24.79
3132,3032,470,19.06
4721,4621,470,23.39
1233,1232,470,9.76
1480,1381,470,6.32
8877,8778,470,5.96
4188,4088,470,81.43
6128,6228,470,2.82
6185,6186,470,2.68
1481,1381,470,17.69
3625,3525,470,7.04
6931,6830,470,4.03
4888,4789,470,5.82
3687,3587,470,58.99
3586,3486,471,84.73
3736,3636,471,45.45
2484,2384,471,41.87
2730,2630,471,32.58
3226,3126,471,21.25
2036,1936,471,19.33
8377,8277,471,18.15
2885,2785,471,52.78
5134,5235,471,4.62
5587,5488,471,6.23
3921,3821,471,40.36
6230,6229,471,1.7
8234,8233,471,4.14
1983,1883,471,64.19
2630,2530,472,135.61
2229,2129,472,70.6
4789,4689,472,75.19
1782,1682,472,40.29
2528,2428,472,47.89
2827,2727,472,43.72
1032,932,472,49.06
4720,4620,472,29.44
8076,7976,472,21.94
3836,3737,472,20.29
2236,2135,472,19.33
5135,5136,472,5.71
3922,3822,472,19.95
334,333,472,9.76
879,780,472,6.39
5487,5388,472,6.25
9848,9948,472,3.62
9846,9946,472,3.62
7933,7932,472,3.75
1735,1634,472,14.69
9847,9948,472,3.78
9847,9946,472,3.78
3823,3722,472,17.23
3535,3435,472,33.31
2540,2639,472,4.62
8577,8578,472,6.33
9656,9755,472,2.4
2336,2235,473,20.53
5922,5921,473,9.76
2785,2685,473,75.19
9976,9877,473,14.69
5287,5188,473,7.21
3486,3386,473,84.73
4121,4020,473,17.81
1836,1835,473,4.72
5020,4919,473,6.4
4021,3920,473,19.33
9876,9777,473,11.63
579,479,473,13.64
1883,1783,473,64.19
9538,9537,473,3.83
5188,5088,474,197.82
4689,4589,474,75.19
2428,2328,474,64.15
3821,3721,474,42.02
2384,2284,474,38.78
2530,2430,474,57.43
4737,4638,474,12.2
9479,9480,474,6.33
9179,9079,474,11.83
4088,3988,474,25.62
5387,5288,474,6.35
2727,2627,474,78.59
1681,1582,474,6.43
3723,3622,474,17.81
4988,4889,474,6.37
8577,8478,474,8.13
3587,3487,474,25.62
2328,2228,475,157.48
932,832,475,45.45
2627,2527,475,104.85
2129,2029,475,35.59
833,733,475,19.33
3737,3637,475,34.06
1132,1031,475,18.87
2685,2585,475,72.27
2336,2335,475,11.79
434,433,475,11.79
3836,3837,475,10.27
4621,4521,475,22.65
5036,4937,475,14.05
4136,4037,475,12.2
3027,2926,475,20.04
2135,2035,475,37.15
2927,2826,475,19.72
9578,9678,475,6.9
4936,4937,475,5.36
3127,3026,475,19.33
5320,5419,475,6.88
9379,9380,475,6.33
7832,7731,475,5.96
3386,3286,475,84.73
3623,3523,475,18.73
3148,3249,475,2.19
3385,3286,475,5.73
1534,1533,475,9.25
4589,4489,476,84.73
3487,3387,476,50.77
1582,1482,476,64.19
2527,2427,476,108.74
3435,3335,476,25.72
3636,3536,476,23.01
8277,8177,476,21.25
3133,3033,476,19.8
4620,4520,476,28.47
3334,3234,476,16.43
2337,2436,476,7.79
9078,8979,476,6.78
8777,8678,476,5.96
1380,1281,476,5.86
8633,8632,476,4.15
6125,6124,476,8.26
1333,1332,476,8.75
6025,6124,476,4.03
3524,3424,476,16.49
3921,3820,476,18.87
9034,9033,476,4.28
4588,4489,476,5.73
4488,4389,476,6.37
2427,2327,477,112.78
3286,3186,477,84.73
2228,2128,477,66.59
3622,3522,477,38.74
3721,3621,477,42.02
2585,2485,477,50.77
3032,2932,477,14.45
2827,2726,477,17.81
1031,931,477,70.6
4037,3937,477,58.99
779,680,477,6.4
9379,9280,477,8.13
9744,9843,477,2.89
2284,2184,477,37.33
3285,3186,477,5.77
9640,9739,477,2.58
3525,3425,477,14.85
133,32,477,13.42
2327,2227,478,125.93
1482,1382,478,64.19
3335,3235,478,78.59
832,732,478,38.74
733,633,478,38.74
2035,1935,478,42.02
3637,3537,478,49.06
534,533,478,11.29
4919,4819,478,24.16
3988,3888,478,33.31
5721,5620,478,7.83
3536,3436,478,70.6
6086,5987,478,6.41
9135,9234,478,4.28
6128,6227,478,3.28
3185,3086,478,6.09
1783,1683,478,24.68
2227,2127,479,190.38
2128,2028,479,73.17
3387,3287,479,38.78
2029,1929,479,32.55
4520,4420,479,33.71
8478,8378,479,20.59
3821,3720,479,18.37
5620,5520,479,163.53
3737,3638,479,20.29
4521,4421,479,31.49
2931,2831,479,8.49
4837,4738,479,11.63
9579,9580,479,6.33
9578,9679,479,7.79
478,379,479,6.42
2430,2330,479,22.17
1280,1181,479,5.62
4121,4120,479,7.33
8733,8732,479,4.15
4438,4339,479,14.69
2842,2942,479,3.73
2726,2626,479,58.99
7975,7876,479,3.7
3436,3336,479,101.11
1180,1081,479,5.94
9765,9865,479,2
3085,2986,479,6.41
