2682,2681,2,33.44
2681,2680,5,36.8
2680,2679,8,39.46
2682,2781,15,9
2679,2678,16,13.95
2781,2780,18,37.61
2681,2780,18,9.01
2678,2677,19,34.11
2780,2779,21,41.58
2680,2779,21,8.98
2677,2676,22,37.7
2676,2675,26,25.84
2779,2778,26,22.6
2675,2674,30,27.23
2781,2880,31,9.01
2678,2777,32,9.01
2674,2673,33,34.53
2880,2879,34,39.37
2780,2879,34,8.92
2777,2776,35,37.7
2677,2776,35,9.01
2682,2581,36,3.93
2879,2878,37,36.11
2673,2672,38,21.46
2776,2775,39,29.54
2676,2775,39,8.79
2681,2580,39,3.86
2679,2578,41,4.33
2675,2774,42,8.85
2580,2579,43,33.05
2878,2877,43,17.39
2680,2579,43,3.8
2578,2577,44,36.25
2774,2773,45,33.45
2682,2782,45,2.22
2773,2772,47,58.06
2577,2576,47,36.43
2877,2876,47,28.29
2880,2979,47,8.98
2672,2671,48,10.67
2772,2771,49,57.08
2876,2875,50,37.82
2979,2978,50,44.53
2879,2978,50,9.01
2576,2575,52,22.04
2978,2977,53,36.05
2671,2670,54,17.78
2773,2872,54,17.19
2875,2874,55,21.08
2872,2871,56,55.07
2575,2574,56,29.29
2774,2873,58,9
2574,2573,59,35.59
2771,2770,59,10.69
2877,2976,59,8.89
2670,2669,61,2.39
2782,2881,61,8.85
2781,2881,61,29.55
2873,2973,62,58.54
2872,2972,62,52.81
2979,3079,62,38.34
2880,2980,62,31.56
2976,3076,63,40.25
2978,3078,63,27.76
2876,2975,63,8.85
2782,2882,63,27.26
2973,3073,64,57.69
2972,3072,64,52.78
2874,2974,64,28.06
3079,3179,65,40.33
2881,2981,65,31.08
3073,3173,66,56.49
2974,3074,66,57.67
3078,3178,66,39.78
2980,3080,66,32.12
2669,2769,66,23
2978,3077,66,8.87
3072,3172,67,41.72
2882,2982,67,31.48
2682,2582,67,1
3074,3174,68,59.48
3179,3279,68,41.09
3076,3176,68,23.61
2975,3075,68,23.31
3178,3278,69,37.9
3080,3180,69,34.03
2981,3081,69,31.6
3172,3272,70,33.6
2982,3082,70,35.34
3173,3273,70,27.92
2770,2870,70,10.64
2871,2971,70,10.68
3279,3379,71,37.84
2769,2869,71,23.06
2971,3071,72,51.96
3180,3280,72,34.37
3075,3175,72,31.49
3082,3182,73,34.03
3278,3378,73,31.9
3081,3181,73,31.1
3174,3274,73,23.75
3077,3177,73,16.45
3272,3372,74,31.84
3071,3171,75,47.74
3280,3380,75,35.08
3379,3479,75,31.18
3175,3275,76,25.44
2869,2969,76,23.74
3273,3373,76,18.75
3182,3282,77,26.17
3378,3478,77,27.3
3181,3281,77,27.69
3177,3277,77,26.63
3171,3271,78,47.19
3372,3472,78,29.5
3176,3276,78,10.4
2669,2768,78,8.64
2682,2783,78,4.07
3380,3480,79,32
3479,3579,79,26.65
3274,3374,80,15.47
2870,2970,80,10.67
3271,3371,81,45.19
2783,2883,81,33.58
3478,3578,81,25.92
3281,3381,81,27.45
3277,3377,81,31.63
2969,3069,81,24.31
3374,3474,82,53.3
3276,3376,82,27.69
3282,3382,82,21.7
3373,3473,82,19.78
3480,3580,83,26.17
3579,3679,83,27.26
2769,2868,83,8.64
2673,2572,83,1.32
3474,3574,84,58.4
3473,3573,84,59.52
3371,3471,84,45.69
2883,2983,84,36.08
3377,3477,85,25.98
3578,3678,85,31.3
3381,3481,85,25.84
3472,3572,85,15.36
3574,3674,86,55.49
3573,3673,86,50.31
3376,3476,86,28.49
3069,3169,86,24.95
3572,3672,87,58.4
2983,3083,87,37.78
3275,3375,87,9.19
2682,2683,87,1.64
3674,3774,88,52.47
3471,3571,88,32.26
3679,3779,88,21.01
2869,2968,88,8.68
3673,3773,89,47.58
3477,3577,89,25.16
3678,3778,89,33.14
3580,3680,89,16.7
3382,3482,89,15.87
3672,3772,90,44.35
3169,3269,90,28.68
2970,3070,90,10.72
3171,3270,90,9.97
2971,3070,90,7.34
3577,3677,91,57.69
3571,3671,91,40.48
3774,3874,91,33.35
3083,3183,91,33.14
3476,3576,91,21.73
3481,3581,91,17.15
3269,3369,92,50.74
3773,3873,92,35.92
3375,3475,92,22.63
3271,3370,92,10.19
3677,3777,93,53.38
3671,3771,93,53.4
3576,3676,93,59.29
3772,3872,93,35.81
2969,3068,93,8.72
3571,3670,94,27.35
3676,3776,95,55.08
3369,3469,95,41.76
3370,3470,95,49.2
3874,3974,95,28.44
3778,3878,95,17.49
3371,3470,95,10.13
3071,3170,95,6.34
3670,3770,96,59.01
3771,3871,96,36.67
3873,3973,96,31.68
3183,3283,96,21.06
2768,2867,96,8.07
3469,3569,97,51.68
3872,3972,97,33.24
3482,3582,97,13.41
3571,3570,97,11.61
3471,3570,97,11.49
2581,2480,97,1.28
3973,4073,98,59.42
3777,3877,98,24.11
3475,3575,98,18.57
3779,3879,98,11.04
3069,3168,98,8.75
3770,3870,99,35.92
3871,3971,99,34.95
3776,3876,99,27.73
3581,3681,99,12.57
3680,3780,99,10.49
4073,4173,100,57.3
3575,3675,100,58.2
3168,3268,100,59.37
3569,3669,100,42.73
3974,4074,101,17.03
2868,2967,101,8.15
4173,4273,102,57.86
3675,3775,102,54.29
3268,3368,102,55.04
3870,3970,102,37.59
3972,4072,102,20.8
3582,3682,102,20.52
3283,3383,103,15.1
2669,2668,103,2.4
4273,4373,104,58.47
3970,4070,104,55.99
4072,4172,104,57.79
3971,4071,104,21.92
3876,3976,104,20.14
3670,3769,104,15.59
3368,3468,105,46.95
3681,3781,105,17.68
3879,3979,105,16.62
4373,4473,106,58.52
4070,4170,106,59.55
4172,4272,106,58.32
3769,3869,106,54.18
3775,3875,106,29.8
3682,3782,106,26.83
3780,3880,106,15.09
2968,3067,106,8.19
2580,2479,107,1.26
4473,4573,108,58.09
4170,4270,108,59.55
4272,4372,108,59.09
3067,3167,108,57.15
3468,3568,108,41.67
3877,3977,108,10.07
3878,3978,108,8.32
3869,3969,109,39.4
3383,3483,109,16.8
4074,4174,109,13.81
4573,4673,110,57.55
3568,3668,110,50.05
3875,3975,110,26.14
3782,3882,110,31.3
3781,3881,110,23.81
3979,4079,110,20.65
3168,3267,110,11.98
3969,4069,111,53.94
3880,3980,111,21.96
4071,4171,111,16.08
4072,4171,111,17.57
2579,2478,111,1.36
4673,4773,112,56.97
4069,4169,113,59.37
4171,4271,113,59.03
3882,3982,113,33.73
3267,3367,113,36.55
4373,4472,113,16.5
4172,4271,113,16.81
3669,3768,113,10.9
4773,4873,114,57.55
3881,3981,114,26.17
3483,3583,114,22.77
4270,4370,114,19.67
3978,4078,114,17.96
3067,3166,114,18.36
2867,2966,114,8
4169,4269,115,59.59
4472,4572,115,59.13
3768,3868,115,52.5
4079,4179,115,21.96
4473,4572,115,17.15
2783,2884,115,3.93
4370,4470,116,59.6
3367,3467,116,41.56
3980,4080,116,23.18
4174,4274,116,14.96
4573,4672,116,17.88
4272,4371,116,15.43
3976,4076,116,8.99
4269,4369,117,59.6
3982,4082,117,33.25
3975,4075,117,15.39
2768,2767,117,2.58
4470,4570,118,59.57
4274,4374,118,55.8
4672,4772,118,59.32
4371,4471,118,59.49
2884,2984,118,39.53
4873,4973,118,25.21
3981,4081,118,25.57
3583,3683,118,27.42
3166,3266,118,29.97
4673,4772,118,18.57
3977,4077,118,10.68
2883,2984,118,3.88
4369,4469,119,59.6
3467,3567,119,45.69
4179,4279,119,25.72
4078,4178,119,24.31
2967,3066,119,8.01
4374,4474,120,55.2
4570,4670,120,59.6
4973,5073,120,54.21
4471,4571,120,59.58
4772,4872,120,59.48
3768,3867,120,22.58
4773,4872,120,17.88
2671,2570,121,25.73
2576,2475,121,24.92
2577,2476,121,51.1
2578,2477,121,52.43
2581,2481,121,4.47
4670,4569,122,70.8
4469,4368,122,70.8
4772,4671,122,70.8
4369,4268,122,72.91
4269,4168,122,72.91
4169,4068,122,73.88
3768,3667,122,58.89
4069,3968,122,76.41
2574,2473,122,32.13
2670,2569,122,23.35
2575,2474,122,24.92
5073,4972,123,54.35
3567,3466,123,58.77
3066,2965,123,65.92
3467,3366,123,52.07
3768,3767,123,19.22
2478,2377,123,52.43
2572,2471,123,33.14
2572,2571,123,7.83
2669,2568,123,22.6
2573,2472,123,24.92
4268,4167,124,70.8
4168,4067,124,73.88
4068,3967,124,77.13
2479,2378,124,34.18
2983,3084,124,0.89
4972,4871,125,71.89
4569,4468,125,68.46
4368,4267,125,68.46
3667,3566,125,56.06
2477,2376,125,45.87
5073,5072,125,21.42
4872,4771,125,31.4
3266,3165,125,30.45
3166,3065,125,27.72
4167,4066,126,73.88
4067,3966,126,79.66
2965,2864,126,65.92
3867,3766,126,26.57
4080,4180,126,1.32
2867,2866,126,6.93
2768,2667,126,13.71
5072,4971,127,70.8
2378,2277,127,52.43
3466,3365,127,39.79
2377,2276,127,44.6
2474,2373,127,34.18
2570,2469,127,27.44
2475,2374,127,25.73
2476,2375,127,24.12
2481,2380,127,24.12
4468,4367,128,64.59
4267,4166,128,69.66
2471,2370,128,31.14
3366,3265,128,34.38
2473,2372,128,27.44
4670,4669,128,13.23
4066,3965,128,80.21
4082,4182,128,1.2
3966,3865,128,80.31
2480,2379,128,14.19
2866,2765,129,61.8
3566,3465,129,46.94
3967,3866,129,34.29
2571,2470,129,26.57
4569,4568,129,14.4
2569,2468,129,22.6
2867,2766,129,12.81
2682,2583,129,1.72
4971,4870,130,64.59
3766,3665,130,40.93
3065,2964,130,28.61
2965,2964,130,15.67
2966,2865,130,14.68
2668,2567,130,12.81
2683,2784,130,0.97
4367,4266,131,61.8
2379,2278,131,52.43
2374,2273,131,36.33
2864,2763,131,29.52
4871,4770,131,27.72
2376,2275,131,25.73
3165,3064,131,27.72
2767,2666,131,13.25
2582,2482,131,4.47
2765,2664,132,64.59
4568,4467,132,60.36
2277,2176,132,35.24
3365,3264,132,30.45
2373,2272,132,32.13
4468,4467,132,16.34
3767,3666,132,16.67
2763,2662,133,70.8
4870,4769,133,64.59
2865,2764,133,64.59
2372,2271,133,32.13
2370,2269,133,28.33
2276,2175,133,25.73
2375,2274,133,27.44
5072,5071,133,13.23
2472,2371,133,15.39
4178,4177,133,7.76
4279,4278,133,7.81
3083,3184,133,0.93
3865,3764,133,29.52
3465,3364,134,32.37
3665,3564,134,40.93
2470,2369,134,31.14
4367,4366,134,17.75
4971,4970,134,16.34
2469,2368,134,21.88
2664,2563,135,69.66
3666,3565,135,57.42
2964,2863,135,29.52
4568,4567,135,18.48
4669,4668,135,15.02
3165,3164,135,10.8
2568,2467,135,11.95
3764,3663,136,65.92
3264,3163,136,35.42
2278,2177,136,35.24
2273,2172,136,32.13
3064,2963,136,29.52
2563,2462,137,75.63
2863,2762,137,70.8
4970,4869,137,61.8
2274,2173,137,37.44
2176,2075,137,34.18
2272,2171,137,28.33
2275,2174,137,26.57
4870,4869,137,16.34
3766,3765,137,9.8
2667,2566,137,13.25
4166,4065,137,16.21
4473,4574,137,2.05
4567,4466,138,54.35
2764,2663,138,29.52
4467,4466,138,19.96
2482,2381,138,22.6
3965,3964,138,10.1
3865,3864,138,10.67
3663,3562,139,61.8
2963,2862,139,69.66
3565,3464,139,37.56
3364,3263,139,34.38
2662,2561,139,26.86
2271,2170,139,25.73
2371,2270,139,27.44
5071,5070,139,17.04
3564,3463,139,33.37
3465,3464,139,10.46
2766,2665,139,14.19
2380,2279,139,12.37
3864,3763,140,74.79
2663,2562,140,71.89
2762,2661,140,65.92
4869,4768,140,61.8
3163,3062,140,35.42
4567,4566,140,21.42
4970,4969,140,17.75
4769,4768,140,16.34
3764,3763,140,15.67
2175,2074,140,22.6
4466,4365,141,55.88
2462,2361,141,40.93
2177,2076,141,33.14
4668,4667,141,19.22
4266,4165,141,15.58
3064,3063,141,10.67
2666,2565,141,14.19
2567,2466,141,13.25
3665,3664,141,9.8
2468,2367,141,11.95
4182,4181,141,7.79
5073,5172,141,6.95
4573,4674,141,2.18
3183,3284,141,1.06
3765,3664,141,43.28
2862,2761,142,68.46
2279,2178,142,52.43
2173,2072,142,28.33
2174,2073,142,32.13
3663,3662,142,17.75
2369,2268,142,17.95
4165,4064,143,75.63
2361,2260,143,80.34
4566,4465,143,52.8
3263,3162,143,38.66
2561,2460,143,37.56
4466,4465,143,20.7
2381,2280,143,32.13
4869,4868,143,17.75
2172,2071,143,23.35
2269,2168,143,14.19
3464,3363,144,31.4
3463,3362,144,28.61
3964,3863,144,25.18
2171,2070,144,23.35
2963,2962,144,13.8
3364,3363,144,10.3
4366,4265,144,15.27
3564,3563,144,10.38
2260,2159,145,79.98
2460,2359,145,78.86
3662,3561,145,55.88
2076,1975,145,44.6
2562,2461,145,31.4
2661,2560,145,28.61
4566,4565,145,22.13
3062,2961,145,30.45
2270,2169,145,24.12
3562,3461,145,23.59
5070,5069,145,17.75
2075,1974,145,18.55
2467,2366,145,14.19
4673,4774,145,2.32
4868,4767,146,57.4
4667,4666,146,22.8
4768,4767,146,19.96
2862,2861,146,14.4
4278,4277,146,7.82
2664,2564,146,7.57
2368,2267,146,12.81
5073,5173,146,3.95
2961,2860,147,71.89
2461,2360,147,80.37
3863,3762,147,52.8
2761,2660,147,30.45
3662,3661,147,20.7
2074,1973,147,21.17
2170,2069,147,18.55
2566,2465,147,14.19
4177,4176,147,7.69
5073,4974,147,5.41
4973,4874,147,5.08
3683,3783,147,1.17
4076,4176,147,1.98
2359,2258,147,74.79
2159,2058,147,80.37
2861,2760,148,72.91
2564,2463,148,71.89
5069,4968,148,61.8
3162,3061,148,34.38
2280,2179,148,31.14
2178,2077,148,26.57
3964,3963,148,10.95
5172,5171,148,14.4
4474,4375,148,5.08
2360,2259,149,79.3
2860,2759,149,73.88
2258,2157,149,79.66
2560,2459,149,40.93
3863,3862,149,22.13
3363,3262,149,33.37
4868,4867,149,19.96
2072,1971,149,20.49
3463,3462,149,10.74
5073,5074,149,3.55
4374,4275,149,4.77
2463,2362,150,78.35
2058,1957,150,57.4
3661,3560,150,54.35
3362,3261,150,25.18
2071,1970,150,21.17
2073,1972,150,19.18
4274,4175,150,4.48
2157,2056,151,74.79
4767,4766,151,22.8
4666,4665,151,22.8
5069,5068,151,17.75
3561,3460,151,23.59
3461,3360,151,23.59
4165,4164,151,10.8
2466,2365,151,15.18
2565,2464,151,15.18
2367,2266,151,14.68
4474,4475,151,3.32
2259,2158,151,79.62
4365,4264,151,15.16
3283,3384,151,1.27
1957,1856,152,73.88
3061,2960,152,35.42
2179,2078,152,45.87
3762,3761,152,25
2660,2559,152,30.45
3661,3660,152,21.42
2583,2483,152,4.44
2268,2167,152,14.19
2459,2358,152,65.92
2464,2363,153,73.88
2158,2057,153,79.96
3560,3459,153,57.4
3862,3861,153,25.96
2760,2659,153,33.37
2077,1976,153,34.18
2058,2057,153,19.96
3162,3161,153,10.3
2168,2067,153,15.18
4465,4364,153,15.05
1856,1755,154,80.21
2056,1955,154,57.4
4164,4063,154,65.92
4264,4163,154,68.46
2759,2658,154,34.38
4867,4866,154,22.8
4064,4063,154,9.31
3362,3361,154,10.95
5171,5170,154,17.04
2482,2382,154,4.51
2784,2684,154,4.21
4665,4564,154,49.67
3660,3559,155,49.67
2358,2257,155,69.66
2363,2262,155,79.3
2362,2261,155,29.24
3261,3160,155,33.37
2070,1969,155,13.25
2366,2265,155,15.7
4565,4464,155,14.93
1755,1654,156,72.91
3459,3358,156,57.4
2057,1956,156,51.24
2078,1977,156,36.33
4766,4765,156,23.44
2465,2364,156,16.24
2860,2859,156,11.7
2058,1958,156,11.95
2267,2166,156,15.18
1974,1873,156,13.71
1975,1874,156,13.71
2459,2458,156,15.67
4665,4664,156,23.44
2257,2156,157,76.41
1955,1854,157,58.89
3861,3760,157,41.82
3861,3860,157,25.66
1976,1875,157,37.44
3161,3060,157,38.66
3660,3659,157,23.44
3761,3760,157,24.55
3360,3259,157,25.18
2056,2055,157,19.96
1973,1872,157,15.18
2169,2068,157,12.81
1958,1857,158,78.86
3559,3458,158,52.8
2659,2558,158,29.52
3460,3359,158,22.82
5068,4967,158,22.82
4264,4263,158,14.4
1972,1871,158,19.82
1971,1870,158,16.79
4968,4967,158,11.04
3963,3962,158,10.8
2069,1968,158,13.71
1854,1753,159,79.66
3060,2959,159,76.41
1654,1553,159,55.88
3358,3257,159,54.35
1956,1855,159,63.21
2458,2357,159,57.4
4866,4865,159,24.02
3160,3059,159,36.48
2759,2758,159,10.3
4277,4276,159,7.72
4674,4575,159,7.88
2365,2264,159,17.95
2055,1954,160,64.59
3559,3558,160,22.13
2262,2161,160,30.18
2261,2160,160,33.14
1955,1954,160,19.22
2658,2557,160,25.18
2382,2281,160,24.92
2266,2165,160,16.24
3261,3260,160,10.38
5170,5169,160,17.75
4674,4675,160,5.32
3361,3260,160,26.01
1753,1652,161,77.13
1855,1754,161,80.37
3458,3357,161,49.67
4263,4162,161,57.4
1654,1653,161,20.7
3358,3357,161,21.42
1977,1876,161,33.14
5068,5067,161,11.04
3862,3961,161,12.17
4765,4764,161,24.02
2357,2256,162,67.21
3659,3658,162,25
2458,2457,162,19.96
2161,2060,162,79.3
2167,2066,162,15.18
1970,1869,162,11.95
2160,2059,162,79.3
1954,1853,163,61.8
3458,3457,163,23.44
3259,3158,163,27.72
3059,2958,163,35.42
4967,4966,163,22.8
2265,2164,163,18.55
2067,1966,163,15.7
2364,2263,163,21.17
2256,2155,164,74.79
1652,1551,164,54.35
4162,4061,164,60.36
1653,1552,164,54.35
2959,2858,164,31.4
1553,1452,164,28.61
2758,2657,164,29.52
3359,3258,164,24.38
4263,4262,164,19.96
2055,2054,164,16.34
1654,1554,164,12.57
3358,3258,164,13.21
2658,2657,164,10.95
4063,4062,164,10.9
4564,4463,164,14.62
4865,4864,164,24.55
5073,5174,164,3.22
1853,1752,165,79.66
2457,2356,165,48.1
3961,3960,165,25.86
4764,4663,165,44.96
3558,3557,165,25
2166,2065,165,16.79
4464,4363,165,14.71
3160,3159,165,10.14
3260,3159,165,29.52
2060,1959,165,63.21
1452,1351,166,70.8
1554,1453,166,73.88
3658,3657,166,25.66
1652,1651,166,21.42
4764,4763,166,25
1954,1953,166,17.75
5169,5168,166,18.48
2264,2163,166,21.17
4664,4563,166,14.52
2280,2180,166,4.41
1969,1868,166,13.71
2557,2456,166,24.38
3258,3157,167,57.4
4162,4161,167,18.48
1857,1756,167,17.38
3860,3759,167,14.29
2068,1967,167,15.18
1959,1858,167,78.86
4375,4376,167,5.32
2356,2255,168,69.66
4061,4060,168,25.86
2165,2064,168,17.95
1968,1867,168,15.18
1872,1771,168,13.25
4966,4965,168,24.55
1351,1250,169,64.59
1953,1852,169,68.46
1651,1550,169,54.35
1858,1757,169,79.96
3158,3057,169,27.72
2263,2162,169,25.73
2958,2857,169,26.86
3257,3256,169,10.25
2758,2757,169,10.67
3059,3058,169,10.22
4864,4863,169,25
1756,1655,170,60.36
2456,2355,170,43.38
2456,2455,170,25.37
3657,3556,170,38.7
3657,3656,170,25.96
2180,2079,170,44.6
4763,4662,170,43.38
4763,4762,170,25.37
1552,1451,170,26.01
1551,1450,170,26.01
1876,1775,170,17.36
3257,3156,170,13.76
1870,1769,170,12.37
1873,1772,170,10.38
1755,1655,170,6.57
2557,2556,170,10.98
1852,1751,171,79.66
2255,2154,171,69.66
1651,1650,171,21.42
2164,2063,171,19.18
2066,1965,171,16.79
3357,3356,171,10.1
1871,1770,171,11.14
5067,5066,171,10.98
5173,5272,171,5.79
4874,4775,171,6.14
4674,4775,171,4.86
1451,1350,172,73.88
1757,1656,172,61.8
4060,3959,172,41.82
4060,4059,172,25.66
4161,4160,172,20.7
1453,1352,172,24.38
5168,5167,172,19.96
2054,2053,172,13.8
1966,1865,172,17.36
3659,3758,172,9.89
4874,4875,172,4.06
1250,1149,173,35.61
1250,1249,173,25.86
3256,3155,173,38.7
3256,3255,173,25.96
4863,4862,173,25.37
4965,4964,173,25
1953,1952,173,14.4
2163,2062,173,21.88
2065,1964,173,17.95
1869,1768,173,13.71
2958,2957,173,10.85
2060,1960,173,9.74
1656,1555,174,78.35
1352,1251,174,71.89
1650,1549,174,49.67
3656,3555,174,43.38
3656,3655,174,25.37
3556,3455,174,40.25
3556,3555,174,25.86
2079,1978,174,39.73
3156,3055,174,41.82
2455,2354,174,44.96
1250,1150,174,20.18
2657,2656,174,11.04
4463,4362,174,14.29
3457,3456,174,9.93
1952,1851,175,73.88
2455,2454,175,25
2162,2061,175,24.92
3960,3859,175,14.29
3658,3757,175,11.02
4663,4562,175,14.29
2483,2383,175,4.44
1960,1859,175,76.41
3383,3484,175,1.27
1555,1454,176,78.35
1149,1048,176,48.2
1650,1649,176,23.44
3156,3056,176,18.37
3057,2956,176,22.07
2255,2254,176,13.8
3157,3056,176,17.29
1868,1767,176,15.18
4563,4462,176,14.15
4262,4261,176,8.51
4475,4476,176,4.06
1851,1750,177,78.35
1859,1758,177,80.18
1150,1049,177,48.1
3255,3154,177,43.38
3255,3254,177,25.37
1249,1148,177,39.79
4862,4761,177,43.38
4862,4861,177,25.37
1350,1349,177,20.54
4160,4159,177,25
1751,1750,177,17.75
2857,2756,177,19.92
1867,1766,177,16.24
2064,1963,177,17.36
1967,1866,177,15.7
1873,1773,177,4.78
2382,2282,177,4.48
5173,5273,177,3.25
1549,1448,178,46.53
3655,3554,178,44.96
5272,5271,178,15.67
3657,3756,178,12.17
1874,1774,178,4.72
2684,2584,178,4.3
5171,5270,178,4.85
5172,5271,178,3.88
4279,4379,178,1.21
4964,4963,178,25
1758,1657,179,79.3
1048,947,179,49.48
1549,1548,179,24.55
1978,1877,179,31.14
3655,3654,179,25
4362,4361,179,21.42
2053,2052,179,14.4
1965,1864,179,17.95
2154,2153,179,13.8
2063,1962,179,17.95
1757,1657,179,10.25
1775,1674,179,17.36
2857,2856,179,11.04
1550,1449,179,14.71
2956,2855,179,51.24
1977,1877,179,4.39
4966,5065,179,9.35
1049,948,180,54.72
1148,1047,180,49.48
2756,2655,180,54.35
1649,1648,180,25.66
1865,1764,180,19.18
4662,4561,180,14.41
4762,4661,180,14.52
2456,2555,180,10.45
2556,2555,180,10.98
2052,1951,181,83.07
4159,4058,181,47.59
1150,1050,181,20.96
1657,1556,181,138.76
2062,1961,181,25.53
1964,1863,181,25.54
3356,3355,181,10.02
1769,1668,181,19.86
3256,3355,181,10.57
1453,1353,181,6.93
2956,2955,181,18.72
4279,4378,181,2.16
3554,3453,182,50.81
1349,1248,182,27.7
1674,1573,182,59.34
4159,4158,182,22.33
3455,3354,182,21.23
3555,3454,182,21.72
1768,1667,182,21.75
4059,3958,182,17.66
3959,3858,182,17.52
1772,1671,182,13.88
1250,1151,182,14.9
2281,2181,182,5.05
5170,5269,182,4.04
1951,1850,183,126.71
1353,1252,183,96.8
948,847,183,47.44
3654,3553,183,47.91
3756,3755,183,22.42
1448,1347,183,31.39
3554,3553,183,21.28
4963,4962,183,20.83
1766,1665,183,29
2756,2755,183,16.9
1963,1862,183,28.47
3055,2954,183,18.25
2354,2253,183,19.98
3155,3054,183,17.83
4361,4260,183,46.63
1876,1776,183,5.17
1770,1669,183,17.23
1050,949,184,63.73
1764,1663,184,41.86
1962,1861,184,31.3
1548,1447,184,28.8
3654,3653,184,22.23
1864,1763,184,34.14
1866,1765,184,24.65
1767,1666,184,23.85
2454,2353,184,18.09
4361,4360,184,22.61
4965,5064,184,7.3
4874,4975,184,5.48
1573,1472,184,72.47
3454,3353,185,50.48
1863,1762,185,39.54
947,846,185,25.04
1774,1673,185,22.27
1649,1749,185,13.69
1771,1670,185,12.69
4562,4461,185,17.48
2655,2554,185,32.31
1248,1147,186,41.7
1961,1860,186,31.95
2755,2654,186,64.9
2153,2152,186,13.85
4761,4660,186,18.53
4861,4760,186,19.11
3254,3153,186,18.32
1773,1672,186,17.84
3154,3053,186,18.39
1649,1748,186,16.58
1556,1455,186,33.08
1861,1760,186,111.5
1472,1371,187,70.6
1862,1761,187,37.39
1665,1564,187,36.82
1667,1566,187,28.58
1668,1567,187,27.81
1648,1547,187,21.54
1047,946,187,20.33
949,848,187,60.04
1449,1348,187,19.12
2855,2754,187,19.77
4160,4259,187,9.27
4475,4576,187,5.13
1760,1659,188,108.52
1763,1662,188,37.91
1765,1664,188,36.73
2554,2453,188,51.72
3553,3552,188,22.52
4962,4961,188,20.74
847,746,188,29.42
2181,2080,188,25.81
3755,3754,188,22.28
1673,1572,188,51.01
3653,3552,188,44.89
4561,4460,188,19.3
4661,4560,188,18.26
2052,2051,188,11.51
1671,1570,188,24.98
5169,5268,188,4.23
1860,1759,188,119.42
1748,1647,189,54.35
1666,1565,189,33.03
1669,1568,189,27.81
1050,950,189,12.86
2955,2854,189,19.18
3653,3652,189,23.09
3757,3856,189,9.58
1761,1660,189,96.34
2654,2553,189,64.02
1759,1658,190,132.47
2051,1950,190,112.78
1371,1270,190,65.21
1547,1446,190,50.79
2754,2653,190,59.17
1672,1571,190,38.47
1762,1661,190,29.84
1663,1562,190,28.19
848,747,190,51.22
3453,3352,190,17.76
3354,3253,190,18.28
4058,3957,190,17.16
1047,1046,190,10.03
1150,1051,190,10.57
1455,1354,190,39.47
5074,5075,190,3.14
3184,3085,190,2.35
4964,5063,190,7.3
1658,1557,191,148.89
4961,4860,191,55.95
4460,4359,191,55.72
1567,1466,191,36.24
1348,1247,191,35.65
1748,1747,191,20.03
1670,1569,191,25.04
1347,1246,191,18.56
3054,2953,191,18.39
2954,2853,191,18.35
3958,3857,191,17.52
3757,3857,191,5.93
1775,1675,191,5.07
4158,4057,191,16.87
846,745,191,24.41
5174,5274,191,4.48
1572,1471,191,56.51
3184,3185,191,1.55
1950,1849,192,115.84
1354,1253,192,96.69
2553,2452,192,48.35
1568,1467,192,52.33
1659,1558,192,40.4
1570,1469,192,39.3
1547,1546,192,21.29
4259,4258,192,23.09
2353,2252,192,18.85
2079,1979,192,5.02
5168,5267,192,4.72
1664,1563,193,33.55
1566,1465,193,27.8
1564,1463,193,23.79
2152,2151,193,15.77
2754,2753,193,18.29
3353,3252,193,17.93
3754,3753,193,23.38
5174,5175,193,4.25
2653,2552,193,52.14
4182,4281,193,2.18
1253,1152,194,79.17
1469,1368,194,80.89
1675,1574,194,65.03
1569,1468,194,58.1
1747,1646,194,56.81
1647,1646,194,23.24
1660,1559,194,28.44
950,849,194,34.61
4961,4960,194,19.45
1662,1561,194,25.28
4460,4459,194,19.53
946,845,194,21.55
3053,2952,194,18.28
3153,3052,194,18.39
1447,1346,194,14.91
1252,1152,194,9.13
3856,3855,194,23.09
3756,3855,194,9.03
1571,1470,194,36.29
2151,2050,195,91.62
1467,1366,195,54.91
1557,1456,195,35.8
1270,1169,195,34.94
5063,5062,195,21.01
1565,1464,195,24.95
1471,1370,195,47.04
4760,4659,195,17.48
4660,4559,195,17.63
1749,1848,195,15.25
1978,1878,195,5.08
2653,2652,195,20.82
1468,1367,196,74.59
1559,1458,196,115.43
2552,2451,196,50.92
1546,1445,196,47.02
4258,4157,196,42.83
1466,1365,196,33.86
4359,4358,196,23.51
747,646,196,24.16
2453,2352,196,17.9
1147,1146,196,10.01
2383,2283,196,5
5067,5166,196,3.64
1661,1560,196,24.51
1574,1473,196,73.38
2050,1949,197,123.82
1368,1267,197,58.23
849,748,197,53.19
1546,1545,197,22.5
1558,1457,197,35.21
4258,4257,197,23.58
745,644,197,24.2
1747,1746,197,19.14
1562,1461,197,22.96
4378,4377,197,6.61
2952,2851,197,47.27
746,645,197,16.63
1560,1459,198,99.04
1473,1372,198,72.21
1366,1265,198,56.65
2652,2551,198,52.69
3753,3752,198,23.54
1470,1369,198,43.45
2552,2551,198,21.24
1046,945,198,18.4
3253,3152,198,18
2282,2182,198,5.07
3284,3285,198,2.23
1367,1266,199,61.35
2451,2350,199,53.64
1456,1355,199,46.9
1646,1645,199,23.16
4459,4458,199,24.33
3855,3854,199,22.94
1563,1462,199,23.88
4860,4759,199,18.15
1446,1345,199,16.34
2953,2852,199,18.17
3755,3854,199,8.9
1877,1777,199,5.1
2584,2484,199,4.9
2853,2752,199,18.09
2753,2752,199,19.15
2952,2951,199,22.42
3583,3584,199,1.25
1267,1166,200,52.97
2851,2750,200,58.52
1365,1264,200,42.58
4157,4056,200,40.93
1169,1068,200,30.54
5062,5061,200,20.47
2652,2651,200,20.62
845,744,200,27.88
1465,1364,200,22.88
1370,1269,200,34.56
2452,2351,200,17.95
1246,1145,200,16.36
4057,3956,200,16
1561,1460,200,24.32
3084,2985,200,1.86
3882,3883,200,1.14
1355,1254,201,103.77
2350,2249,201,82.33
1372,1271,201,69.77
1265,1164,201,56.65
748,647,201,44.41
4257,4156,201,40.78
4358,4357,201,24.18
1458,1357,201,28.42
4157,4156,201,23.93
1369,1268,201,68.15
2451,2450,201,20.29
1463,1362,201,19.48
2551,2450,201,54
4181,4280,201,2.45
4180,4280,201,1.44
4082,3983,201,1.89
2852,2751,202,53.93
1266,1165,202,69.8
2951,2850,202,54.56
3752,3651,202,43.27
1949,1948,202,24.23
1545,1444,202,31.94
1545,1544,202,23.99
1457,1356,202,30.11
4257,4256,202,23.96
1848,1847,202,14.51
4960,4859,202,18.47
2181,2081,202,5.07
3754,3853,202,10.11
1357,1256,203,116.19
2651,2550,203,53.52
1166,1065,203,49.83
1269,1168,203,53.26
2351,2250,203,60.89
2750,2649,203,55.37
1068,967,203,66.76
3752,3751,203,23.48
1464,1363,203,18.96
4659,4558,203,17.92
1253,1153,203,9.2
2551,2550,203,20.16
5267,5266,203,9.86
1776,1676,203,5.13
1356,1255,204,116.36
1164,1063,204,51.83
1271,1170,204,68.94
1264,1163,204,44.94
4056,3955,204,41.81
4458,4457,204,23.89
1268,1167,204,64.05
1459,1358,204,25.54
2450,2349,204,65.48
1646,1745,204,15.19
1346,1245,204,15.37
2151,2150,204,9.97
2352,2251,204,18.39
950,850,204,7
3856,3955,204,9.75
1461,1360,204,22.17
2250,2149,205,105.09
1168,1067,205,79.34
1256,1155,205,104.54
2751,2650,205,56.64
1165,1064,205,59.12
2850,2749,205,69.24
1364,1263,205,31.87
2651,2650,205,20.33
4056,4055,205,23.78
2951,2950,205,19.96
644,543,205,18.21
1146,1045,205,17.21
845,844,205,9.59
1152,1052,205,9.15
945,844,205,21.52
1255,1154,206,98.62
967,866,206,62
2649,2548,206,70.41
2550,2449,206,62.13
1065,964,206,56.25
1676,1575,206,63.24
4256,4155,206,41.08
4357,4356,206,24.24
744,643,206,26.78
5061,5060,206,19.21
1460,1359,206,23.79
2150,2049,206,118.5
2349,2248,206,87.88
646,545,206,15.12
1445,1344,206,15.54
1462,1361,206,20.42
3751,3650,206,55.82
647,546,206,29.51
5066,5165,206,3.86
2950,2849,207,82.61
1052,951,207,75.52
1163,1062,207,48.96
1063,962,207,62.42
850,749,207,48.96
1444,1343,207,33.04
1444,1443,207,24.15
2081,1980,207,35.15
4256,4255,207,23.91
3853,3852,207,24.03
1167,1066,207,48.83
2249,2148,207,23.94
1362,1261,207,26.13
3753,3852,207,10.34
1170,1069,207,53.55
5174,5275,207,3.77
2984,2885,207,1.63
4082,4083,207,1.19
2449,2348,208,82.09
2749,2648,208,65.88
2650,2549,208,55.82
1064,963,208,66.17
1067,966,208,68.33
2149,2048,208,58.37
4558,4557,208,24.24
1575,1474,208,75.97
4759,4658,208,17.06
1949,2048,208,13.48
1545,1644,208,14.09
645,544,208,13.02
5063,5162,208,7.87
962,861,209,81.39
5060,4959,209,54.41
964,863,209,55.44
543,442,209,37.57
1263,1162,209,40.94
1155,1054,209,45.51
4055,3954,209,43.6
4457,4456,209,24.18
1358,1257,209,31.52
1360,1259,209,28.44
3955,3954,209,23.28
1363,1262,209,26.57
866,765,209,51.29
1145,1044,209,16.19
1345,1244,209,15.06
3855,3954,209,9.57
3751,3750,209,19.5
5270,5369,209,4.54
5272,5371,209,3.61
4575,4676,209,3.3
2549,2448,210,76.92
1474,1373,210,73.61
1062,961,210,66.17
2148,2047,210,48
1344,1243,210,39.54
1154,1053,210,38.6
2548,2447,210,38.87
546,445,210,46.84
4155,4054,210,41.81
543,443,210,21.25
543,542,210,24.29
4055,4054,210,23.41
1948,1947,210,12.57
1847,1846,210,12.84
5273,5372,210,4.27
4182,4282,210,1.28
963,862,211,70.42
749,648,211,39.04
5060,5059,211,20.01
2548,2547,211,24.2
4155,4154,211,23.78
4356,4355,211,24.04
844,743,211,25.72
4859,4758,211,16.77
744,743,211,9.67
2248,2147,211,32.67
2248,2247,211,24.1
3650,3649,211,23.78
3683,3684,211,1.14
1261,1160,211,42.7
2884,2785,211,1.53
445,344,212,127.42
1373,1272,212,72.21
1257,1156,212,47.78
1054,953,212,51.66
1162,1061,212,53.67
966,865,212,38.08
3852,3851,212,22.98
1980,1879,212,28.85
1069,968,212,29.33
1066,965,212,30.91
1343,1242,212,31.02
1343,1342,212,23.82
545,444,212,24.75
1359,1258,212,28.19
2749,2748,212,16
3752,3851,212,10.26
1979,1879,212,5.03
5063,5163,212,4.73
5271,5370,212,4.16
961,860,212,81.64
1361,1260,212,27.72
542,441,213,58.55
2047,1946,213,66.27
863,762,213,45.95
442,341,213,37.88
2348,2347,213,23.42
2648,2647,213,24.29
4658,4657,213,21.77
4557,4556,213,23.81
1262,1161,213,42.19
951,851,213,19.34
1045,944,213,18.59
1444,1543,213,13.73
765,664,213,43.1
444,343,214,80.66
344,243,214,127.42
2247,2146,214,61.94
1160,1059,214,52.6
443,342,214,43.49
2447,2346,214,41.74
1243,1142,214,40.33
1053,952,214,35.71
3954,3953,214,23.91
1259,1158,214,32.49
442,342,214,21.19
4456,4455,214,24.24
2950,2949,214,11.6
1245,1144,214,15.46
2147,2046,214,64.3
5062,5161,214,7.49
1061,960,214,70.77
1156,1055,215,48.91
953,852,215,59.69
2547,2446,215,39.58
1272,1171,215,69.22
648,547,215,35.96
4355,4254,215,37.31
862,761,215,41.77
2447,2446,215,23.79
1243,1143,215,20.63
3853,3952,215,11.25
861,760,215,27.37
1878,1778,215,5.07
647,547,215,7.42
1059,958,216,81.64
343,242,216,96.22
960,859,216,81.52
243,142,216,112.46
441,340,216,48
2347,2246,216,53.34
341,240,216,48.77
1260,1159,216,37.83
968,867,216,43.12
2547,2546,216,24.12
743,642,216,29.73
4355,4354,216,24.31
542,541,216,18.51
865,764,216,39.1
844,843,216,9.75
2283,2183,216,5.02
5269,5368,216,4.23
5065,5164,216,3.84
1161,1060,216,54.16
1055,954,217,76.61
2949,2848,217,68.95
342,241,217,69.25
1258,1157,217,30.4
965,864,217,32.67
1343,1442,217,14.4
5268,5367,217,4.99
5274,5373,217,5.49
4182,4183,217,1.21
1060,959,218,77.31
242,141,218,95.13
1171,1070,218,69.49
1158,1057,218,41.02
441,440,218,22.2
2647,2646,218,23.43
4657,4656,218,24.32
4556,4555,218,24.14
1044,943,218,16.51
4959,4858,218,17.09
4557,4656,218,14.41
2182,2082,218,5.11
241,140,219,71.18
843,742,219,70.17
867,766,219,53.57
142,41,219,52.31
958,857,219,51.46
240,139,219,52.49
1159,1058,219,49.26
1143,1042,219,41.73
2346,2245,219,35.25
2346,2345,219,24.32
1142,1042,219,21.76
1142,1041,219,33.23
1142,1141,219,24.17
851,750,219,27.22
1777,1677,219,5.02
760,659,219,37.01
547,446,219,42.73
1057,956,220,74.32
1143,1043,220,20.26
3952,3951,220,22.34
5161,5160,220,18.83
953,853,220,14.12
5059,4958,220,17.29
2648,2747,220,12.12
2484,2384,220,4.95
742,641,221,80.56
1058,957,221,80.99
959,858,221,66.3
1070,969,221,69.22
440,339,221,57.96
943,842,221,52.26
240,239,221,20.69
2246,2145,221,34.88
340,239,221,34.5
340,339,221,24.28
2949,2948,221,15.05
860,759,221,16.47
766,665,222,70.04
446,345,222,49.07
141,40,222,39.38
4555,4454,222,38.86
2082,1981,222,42.13
2848,2847,222,24.31
1157,1056,222,34.54
142,42,222,16.67
864,763,222,34.32
1342,1241,222,14.17
3954,4053,222,10.99
749,649,222,6.69
3750,3850,222,7.77
2081,1981,222,5.01
2784,2685,222,1.56
641,540,223,74.31
853,752,223,58
659,558,223,44.45
4555,4554,223,24.2
943,942,223,20.78
4656,4655,223,23.45
5367,5366,223,18.95
541,540,223,15.07
664,563,223,15.16
5274,5374,223,3.21
3284,3385,223,2.04
1056,955,224,96.11
345,244,224,138.26
842,741,224,57.86
1677,1576,224,33.33
2245,2144,224,34
2245,2244,224,24.24
1141,1140,224,23.09
139,39,224,21.61
139,38,224,29.03
139,138,224,23.33
2345,2244,224,33.8
2345,2344,224,24.23
440,439,224,18.73
761,660,224,17.29
2146,2045,224,15.31
4657,4756,224,12.98
1946,1845,224,14.01
1042,941,224,34.22
764,663,224,19.2
2046,1945,224,15.31
1676,1576,224,4.77
957,856,225,42.38
969,868,225,44.01
339,238,225,45.83
956,855,225,32.3
2747,2746,225,23.91
1141,1040,225,28.25
2346,2445,225,12.97
4657,4757,225,8.69
5160,5159,225,20.12
4658,4757,225,8.46
1981,1880,226,45.96
339,338,226,22.84
2948,2947,226,23.65
648,548,226,6.9
563,462,226,54.93
1576,1475,226,82.89
942,841,227,40.04
4554,4453,227,41.04
4053,4052,227,24
842,841,227,18.76
759,658,227,25.85
853,753,227,14.68
2847,2846,227,23.5
851,751,227,7.64
752,651,228,28.55
868,767,228,47.27
4655,4654,228,24.3
4554,4553,228,23.91
2144,2043,228,36.41
4656,4755,228,14.89
1442,1341,228,14
859,758,228,11.8
4154,4153,228,6.13
2244,2143,228,38.41
1880,1779,229,51.2
548,447,229,63.71
1475,1374,229,70.15
38,37,229,23.27
1140,1039,229,29.96
1140,1139,229,23.58
558,457,229,24.65
2144,2044,229,21.44
641,640,229,13.54
1141,1240,229,15.25
4958,4857,229,16.13
244,143,229,29.18
2244,2243,229,24.24
663,562,229,29.47
238,137,229,38.5
138,137,229,22.58
457,356,230,144.31
4453,4352,230,52.84
2445,2444,230,22.22
540,539,230,15.91
5366,5265,230,23.19
767,666,230,75.95
2345,2444,230,13.47
2646,2545,230,12.82
4354,4253,230,10.79
1040,940,230,21.75
1040,939,230,30.68
762,661,230,8.73
462,361,230,37.54
660,559,230,25.88
238,237,230,24.23
751,650,231,45.63
658,557,231,40.22
955,854,231,21.31
4553,4452,231,54.07
3952,4051,231,8.96
2948,3048,231,10.43
2948,3047,231,14.64
356,255,232,97.09
758,657,232,41.63
2846,2845,232,21.8
857,756,232,11.37
2847,2946,232,14.83
1374,1273,232,52.35
1373,1273,232,4.66
2143,2042,232,39.6
557,456,233,115.07
237,136,233,47.69
2243,2142,233,42.41
137,36,233,38.32
2846,2745,233,24.92
3850,3950,233,9.11
4553,4552,233,20.13
4654,4653,233,23.32
4354,4353,233,6.09
762,662,233,5.12
4755,4754,233,23.33
562,461,233,39.96
664,564,233,5.15
447,346,233,44.47
2143,2142,233,24.12
255,154,234,97.01
539,438,234,46.3
1240,1239,234,23.99
1779,1678,234,32.38
2243,2242,234,23.66
640,639,234,21.18
2445,2544,234,15.89
1140,1239,234,14.73
5366,5365,234,9.9
4756,4856,234,10.56
4756,4855,234,14.74
1272,1172,234,4.7
346,245,235,109.23
456,355,235,97.12
940,840,235,21.62
940,839,235,29.1
539,538,235,22.71
939,839,235,21.71
939,838,235,30.09
939,938,235,23.61
237,236,235,22.3
4253,4252,235,22.67
741,740,235,9.99
2045,1944,235,12.94
649,549,235,7.73
858,757,235,10.8
2444,2343,235,33.49
2444,2443,235,24.2
559,458,235,32.72
564,463,236,55.12
4352,4351,236,19.16
661,560,236,25.9
143,43,236,14.67
753,652,236,17.05
2846,2945,236,16.12
855,754,236,13
856,755,236,12.96
1945,1844,236,12.19
2646,2645,236,5.86
2183,2083,236,5.07
5161,5260,236,6.5
361,260,236,23.73
549,448,237,107.79
355,254,237,97.08
2142,2041,237,43.18
4552,4451,237,43.87
136,35,237,38.01
657,556,237,29.67
2845,2744,237,31.94
2845,2844,237,23.99
756,655,237,29.09
651,550,237,16.93
666,565,237,22.37
1171,1071,237,4.7
2948,3049,237,9.19
1172,1071,237,63.3
5159,5058,237,12.59
238,337,237,11.85
556,455,238,150.3
755,654,238,87.78
4754,4753,238,23.74
2142,2141,238,23.5
2745,2644,238,30.18
136,135,238,24.27
1845,1744,238,10.25
461,360,238,32.84
4755,4854,238,15.02
5371,5470,238,5.05
2043,1942,238,15.31
448,347,239,106.17
550,449,239,86.37
938,837,239,36.71
757,656,239,40.83
838,737,239,36.81
639,638,239,22.93
662,561,239,25.91
4653,4652,239,19.55
2044,1943,239,14.55
753,653,239,8.57
1677,1577,239,5.03
2082,1982,239,4.96
5367,5466,239,6.56
438,437,239,24.33
455,354,240,97.09
655,554,240,47.29
463,362,240,43.69
839,739,240,21.75
839,738,240,30.72
938,937,240,24.33
236,235,240,20.17
740,739,240,24.23
838,738,240,21.38
538,537,240,22.17
3048,3148,240,11.25
939,1038,240,14.69
1240,1340,240,9.81
1240,1339,240,14.1
651,551,240,8.57
1070,970,240,4.7
1071,970,240,69.49
1442,1441,240,4.51
560,459,240,35.74
5160,5259,240,7.26
2041,1940,241,28.5
2041,2040,241,39.64
2945,2944,241,33.89
3048,3147,241,19.73
1139,1138,241,12.42
2384,2284,241,2.37
5161,5261,241,5.09
1543,1542,241,11.49
2444,2543,241,18.74
5159,5158,241,10.59
2744,2743,241,29.43
4753,4752,242,47.68
5470,5469,242,49.91
4854,4853,242,35.96
135,134,242,30.01
337,336,242,30.64
3950,4050,242,13.89
565,464,242,9.93
2243,2342,242,15.86
461,460,242,26.83
1644,1643,242,11.27
837,836,242,39.42
5165,5264,242,6.62
2744,2643,242,25.8
2644,2643,242,33.08
3783,3784,242,0.95
235,234,243,37.19
4652,4651,243,37.98
638,637,243,34.26
656,555,243,11.37
556,555,243,36.95
236,335,243,19.73
4855,4955,243,13.21
4855,4954,243,19.76
1339,1338,243,38.1
1038,1037,243,36.87
969,869,243,2.39
5367,5467,243,5.12
5372,5471,243,7.56
5371,5471,243,3.82
458,357,243,9.27
737,736,243,37.71
4379,4478,243,3.86
537,536,243,38.54
437,436,243,32.88
1940,1939,244,40.42
2543,2542,244,34.1
5158,5157,244,34.99
2743,2742,244,43.09
554,553,244,28.51
449,348,244,25.96
135,34,244,26.09
2041,1941,244,11.95
254,253,244,17.82
1239,1238,244,12.8
2042,1941,244,4.03
4958,4957,244,11.19
154,153,244,12.43
737,636,244,28.43
2684,2585,244,1.16
347,246,244,28.39
134,133,245,41.4
4853,4852,245,47.66
354,353,245,23.2
5466,5465,245,20.35
2945,3044,245,18.87
2142,2241,245,15.7
3048,3149,245,10.98
1981,1881,245,2.28
260,259,245,15.27
4856,4956,245,11.78
5373,5472,245,7.93
154,53,245,10.54
5274,5375,245,2.43
4378,4477,245,3.86
436,435,246,34.62
234,233,246,38.5
4954,4953,246,38.2
2643,2642,246,29.21
1940,1839,246,28.47
360,359,246,17.26
1338,1337,246,39.42
5163,5262,246,6.7
2744,2843,246,19.68
2742,2741,247,45.01
1939,1938,247,36.13
34,33,247,40.21
335,334,247,31.7
536,535,247,29.78
5469,5468,247,23.99
134,33,247,28.36
2543,2442,247,27.7
5158,5057,247,27.94
455,454,247,14.11
2041,2140,247,16.7
2945,3045,247,10.77
1844,1843,247,11.65
2443,2442,247,10.34
1238,1237,247,35.72
1577,1476,247,9.87
4281,4380,247,4.03
2241,2240,248,38.3
133,132,248,46.99
253,252,248,33.14
2542,2541,248,30.9
153,152,248,31.28
4652,4751,248,17.44
5260,5359,248,14.01
1038,1137,248,17.88
937,936,248,13.64
244,144,248,2.53
837,936,248,16.8
347,247,248,11.21
5164,5263,248,6.7
2642,2641,249,45.07
1839,1838,249,36.31
353,352,249,25.56
53,52,249,25.66
1941,1840,249,28.34
246,145,249,28.5
4050,4150,249,15.81
5158,5257,249,18.54
1340,1439,249,17.08
5259,5258,249,11.27
1441,1440,249,11.62
5365,5364,249,10.08
3047,3046,249,5.77
1339,1438,249,17.39
260,159,249,8.55
154,54,249,6.02
4675,4776,249,1.61
1938,1937,250,34.98
33,32,250,48.81
2741,2740,250,45.01
2542,2441,250,26.5
1940,2039,250,16.32
2944,2943,250,11.48
836,835,250,12.84
252,251,251,33.85
2541,2540,251,42.58
334,333,251,31.41
335,434,251,19.37
536,635,251,19.65
4955,5054,251,19.27
2342,2341,251,11.18
2743,2842,251,14.89
1643,1642,251,11.37
449,349,251,8.03
1542,1541,251,10.58
1137,1136,251,37.77
5465,5464,251,19.33
1037,1036,251,14.06
1744,1743,251,8.27
259,258,251,18.63
1237,1236,251,31.97
936,935,251,38.92
2641,2640,252,45.23
1838,1837,252,36.74
152,151,252,31.38
1839,1738,252,28.23
553,552,252,13.17
1939,2038,252,18.16
4955,5055,252,11.45
4954,5053,252,17.34
736,735,252,11.74
554,453,252,12.59
551,450,252,12.79
1438,1437,252,42.17
868,768,252,2.37
1338,1437,252,16.8
5373,5473,252,3.25
2740,2739,253,49.57
835,834,253,33.79
352,351,253,33.12
159,158,253,26.04
2240,2239,253,24.73
52,51,253,29.77
246,146,253,12.31
5157,5156,253,11.66
359,358,253,15.92
5470,5569,253,10.22
5260,5360,253,6.47
2540,2539,254,40.78
2842,2841,254,40.77
2441,2440,254,32.19
1838,1737,254,28.3
1840,1739,254,28.41
2541,2440,254,28.14
935,934,254,39.38
1839,1739,254,13.46
2241,2340,254,17.3
3044,3043,254,11.65
4852,4851,254,11.65
1941,1841,254,11.04
1136,1135,254,38.99
348,248,254,10.91
1236,1235,254,34.43
2739,2738,255,52.1
2640,2639,255,46.52
453,452,255,43.95
1837,1836,255,44.92
251,250,255,26.31
434,433,255,25.28
5569,5568,255,51.35
145,44,255,23.82
2240,2139,255,23
1938,2037,255,18.55
334,433,255,19.42
3045,3144,255,19.59
258,257,255,28.88
362,261,255,9.74
1437,1436,255,39.95
1337,1336,255,12.13
1880,1780,255,2.23
1237,1336,255,19.32
4379,4479,255,1.61
158,157,256,36.03
351,350,256,33.79
735,734,256,31.16
2540,2439,256,28.44
835,734,256,27.61
2240,2339,256,19.56
5057,5056,256,11.66
3045,3145,256,12.25
1475,1375,256,2.21
1136,1035,256,28.5
1843,1842,256,11.37
2841,2840,257,44.36
1235,1234,257,35.43
1737,1736,257,42.8
1135,1134,257,37.53
2539,2538,257,42.8
5156,5155,257,29.57
1738,1637,257,28.5
5359,5358,257,11.48
535,534,257,10.08
4953,5052,257,13.99
133,232,257,12.45
464,363,257,9.94
934,933,257,40.12
1836,1835,258,46.97
433,432,258,37.34
1436,1435,258,40.41
2639,2638,258,50
2239,2238,258,21.16
151,150,258,17.41
735,634,258,26.61
5257,5256,258,11.66
1840,1740,258,11.28
5471,5570,258,9.89
1336,1335,258,35.04
257,256,258,35.14
1439,1538,258,17.39
357,256,258,9.95
4281,4381,258,1.78
3085,2986,258,1.53
51,50,258,22.92
2840,2839,259,51.43
2439,2438,259,35.57
250,249,259,32.54
157,156,259,36.87
1135,1034,259,28.41
434,533,259,19.63
1438,1537,259,15.4
1779,1679,259,2.38
666,566,259,2.68
934,833,259,28.49
1440,1539,259,15.59
5364,5363,259,10.24
1035,1034,259,39.3
2943,2942,259,11.37
2638,2637,260,52.17
1736,1735,260,45.9
2538,2537,260,47.39
1234,1233,260,35.1
1637,1636,260,39.66
2339,2338,260,27.55
433,332,260,28.39
2139,2138,260,24.49
1739,1638,260,28.26
1737,1636,260,28.09
2239,2138,260,20.42
5055,5154,260,18.57
2842,2941,260,16.14
1937,1936,260,10.22
1134,1133,260,36.94
3147,3146,260,5.32
1743,1742,260,11.6
1541,1540,260,11.21
1642,1641,260,11.66
1374,1274,260,2.33
4875,4876,260,1.03
1435,1434,261,40.25
1835,1834,261,45.23
1335,1334,261,38.09
5052,5051,261,25.88
5358,5357,261,32.32
5156,5255,261,19.67
132,131,261,8.28
1437,1536,261,16.55
767,667,261,2.17
5464,5463,261,10.1
3085,3086,261,1.21
2537,2536,262,50.99
2637,2636,262,50.77
533,532,262,35.1
1034,1033,262,41.44
2438,2437,262,40.19
2839,2838,262,48.9
2238,2237,262,32.78
1739,1639,262,13.38
32,31,262,8.8
1134,1033,262,28.33
5466,5565,262,6.51
5154,5153,263,42.94
1735,1734,263,44.87
2941,2940,263,44.99
1636,1635,263,42.48
1736,1635,263,26.91
450,451,263,9.61
5472,5571,263,8.21
1678,1578,263,3.11
3043,3042,263,11.51
1133,1132,263,34.6
1834,1833,264,40.41
1334,1333,264,36.87
1536,1535,264,39.15
5255,5254,264,38.19
2438,2337,264,28.48
2238,2137,264,27.26
3145,3244,264,19.62
3144,3143,264,11.65
1436,1535,264,16.32
1233,1232,264,32.72
159,58,264,9.75
246,147,264,7.29
933,932,264,14.5
2940,2939,265,52.19
2237,2236,265,36.22
1033,1032,265,42.83
50,49,265,15.11
5052,5152,265,14
5052,5151,265,19.69
5358,5457,265,19.25
534,633,265,19.72
3145,3245,265,12.36
2037,2036,265,10.59
1434,1433,265,33.04
145,45,265,6.67
154,155,265,3.3
4182,4283,265,1.1
1635,1634,266,45.86
1734,1733,266,35.8
3042,3041,266,35.74
2536,2535,266,25.11
1834,1733,266,28.47
1735,1634,266,27.4
1132,1131,266,37.69
5256,5355,266,19.44
5358,5458,266,11.41
734,733,266,10.54
1273,1173,266,2.35
5467,5566,266,6.31
1833,1832,267,37.11
5254,5253,267,44.8
1333,1332,267,36.45
1535,1534,267,43.63
2537,2436,267,22.21
533,632,267,18.51
1435,1534,267,16.4
5256,5356,267,11.82
250,149,267,12.18
1836,1935,267,12.46
5568,5567,267,8.87
58,57,267,37.21
150,149,267,11.53
932,931,267,41.37
5465,5564,267,6.69
5457,5456,268,36.69
2939,2938,268,45.17
2236,2235,268,35.65
2337,2336,268,26.57
2237,2136,268,28.22
432,431,268,10.71
1740,1640,268,10.59
1132,1031,268,28.43
2738,2737,268,8.15
1032,1031,268,44.04
5260,5361,268,4.48
5374,5474,268,2.37
833,832,268,11.36
1733,1732,269,35.04
1634,1633,269,34.86
3041,3040,269,46.9
1833,1732,269,28.36
1734,1633,269,28.13
733,732,269,34.4
1835,1934,269,13.61
1434,1533,269,19.09
932,831,269,28.36
154,55,269,3.96
1742,1741,269,11.29
2436,2435,270,44.14
1832,1831,270,40.2
931,930,270,41.43
2535,2534,270,28.1
632,631,270,38.66
1834,1933,270,16.32
5255,5354,270,17.35
332,331,270,10.19
232,231,270,8.33
5569,5668,270,8.76
1031,1030,270,51.21
149,148,270,48.69
3148,3248,270,3.35
57,56,270,36.84
260,160,270,2.7
5363,5362,270,9.75
3040,3039,271,51.12
5456,5455,271,47.15
2938,2937,271,42.8
2235,2234,271,35.72
2236,2135,271,28.1
3042,3141,271,18.3
3145,3246,271,9.47
5473,5572,271,7.52
2584,2485,271,1.21
1831,1830,272,51.58
1732,1731,272,41.18
2336,2335,272,25.16
1832,1731,272,28.48
931,830,272,28.36
1733,1632,272,27.96
632,531,272,28.49
5152,5252,272,16.62
1833,1932,272,17.79
1333,1432,272,18.04
532,531,272,11.08
1132,1231,272,17.56
363,262,272,9.79
5463,5462,272,9.76
3147,3247,272,3.28
1172,1072,272,2.24
2937,2936,273,52.2
1533,1532,273,27.31
5457,5556,273,17.95
49,48,273,13.21
3042,3142,273,10.01
1030,1029,273,40.36
149,48,273,24.97
3143,3142,273,11.6
1830,1829,274,51.63
1731,1730,274,51.04
3039,3038,274,43.79
2135,2134,274,33.43
3141,3140,274,47.8
2534,2533,274,28.64
1732,1631,274,28.39
832,731,274,28
2235,2134,274,28.12
1131,1130,274,13.21
5152,5251,274,17.63
2036,2035,274,11.38
5358,5459,274,8.54
2083,1983,274,2.37
631,630,274,32.19
3484,3485,274,0.93
1932,1931,275,38.81
2234,2233,275,31.88
5254,5353,275,13.87
2636,2635,275,8.15
2838,2837,275,7.75
3140,3139,276,50.74
2335,2334,276,28.28
930,929,276,17.57
2435,2434,276,18.15
2235,2334,276,18.3
48,47,276,39.2
5457,5557,276,9.62
566,465,276,8.79
631,530,276,27.04
1829,1828,276,52.13
2134,2133,277,33.7
3038,3037,277,46.02
5251,5250,277,49.69
2035,2034,277,37.76
1730,1729,277,48.72
1632,1531,277,28.48
2135,2034,277,27.49
2234,2133,277,26.92
147,46,277,11.25
1931,1930,278,42.36
2533,2532,278,29.3
1934,2033,278,16.43
431,430,278,11.07
1130,1129,278,33.05
1578,1477,278,9.82
31,30,278,6.3
631,730,278,19.28
2985,2886,278,1.55
5564,5563,278,9.94
1828,1827,279,49.3
3139,3138,279,44.6
2937,2836,279,18.19
2234,2333,279,19.34
1933,2032,279,17.4
131,130,279,5.78
1231,1230,279,15.02
3037,3036,280,48.65
2133,2132,280,35.57
929,928,280,30.55
2233,2232,280,23.66
1631,1630,280,19.69
830,829,280,13.19
331,330,280,10.61
2936,2935,280,15.12
5456,5555,280,12.34
5571,5670,280,8.84
5250,5249,280,46.21
4478,4577,280,3.88
1071,971,280,2.2
1729,1728,280,48.6
4975,4976,280,0.97
1930,1929,281,44.79
1932,2031,281,17.08
5252,5352,281,12.09
2737,2736,281,7.95
5455,5454,281,10.87
5570,5669,281,6.18
5569,5669,281,3.64
5668,5667,281,9.13
1728,1727,282,52.16
1827,1826,282,39.22
3138,3137,282,46.06
2333,2332,282,35.65
2532,2531,282,31.03
1531,1530,282,23.86
2434,2433,282,18.09
1828,1727,282,24.38
2534,2433,282,12.58
1332,1331,282,7.06
4282,4382,282,1.54
2132,2131,283,33.79
5563,5562,283,21.06
3141,3240,283,11.88
5565,5664,283,6.77
2836,2835,283,32.48
5462,5461,283,9.9
1982,1882,283,2.24
1230,1229,283,33.12
829,828,284,31.14
2232,2231,284,27.69
1827,1726,284,28.51
630,629,284,10.05
3244,3243,284,5.04
2284,2184,284,2.37
1929,1928,284,44.66
3240,3239,285,51.99
1826,1825,285,41.21
3137,3136,285,47.89
2332,2331,285,35.49
2031,2030,285,28.57
30,29,285,16
1931,2030,285,15.3
231,230,285,7.13
1630,1629,285,20.22
5473,5573,285,3.07
869,769,285,2.4
430,429,286,13
2533,2432,286,12.53
1432,1431,286,7.15
5457,5558,286,6.95
464,364,286,2.28
970,870,286,2.22
1530,1529,286,27.81
5667,5666,286,20.95
3185,3186,286,0.98
2231,2230,287,33.75
1928,1927,287,44.79
2131,2130,287,31.81
1826,1725,287,28.39
330,329,287,15.64
2835,2834,287,27.92
130,129,287,14.07
5557,5656,287,13.57
160,59,287,8.76
3136,3135,288,37.8
2331,2330,288,36.54
1629,1628,288,47.95
3239,3238,288,46.04
629,628,288,30.47
1727,1626,288,26.05
1331,1330,288,19.71
1827,1926,288,16.89
730,729,288,10.74
2635,2634,288,8.12
262,161,288,9.42
1229,1228,288,23.3
5566,5665,288,6.68
530,529,288,8.97
29,28,289,29.82
2030,2029,289,26.92
1728,1627,289,17.5
2935,2934,289,11.86
1930,2029,289,13.88
3036,3035,289,11.41
1926,1925,290,51.2
2230,2229,290,37.45
1825,1824,290,20.65
1726,1625,290,24.71
2332,2431,290,18.38
2532,2431,290,12.35
3148,3249,290,2.84
429,428,290,33.02
5075,5076,290,0.94
2330,2329,291,40.94
129,128,291,33.08
329,328,291,33.01
1431,1430,291,24.53
3135,3134,291,45.31
3141,3241,291,5.22
5571,5671,291,3.68
2836,2735,291,12.18
2229,2228,292,51.66
729,728,292,31.12
529,528,292,32.37
2230,2129,292,28.4
2130,2129,292,21.16
1529,1528,292,18.51
230,229,292,14.51
4479,4578,292,3.86
1881,1781,292,2.17
1929,2028,292,13.96
2329,2328,293,52.09
1925,1924,293,43.77
1824,1823,293,39.15
2431,2430,293,44.06
3238,3237,293,22.07
2331,2430,293,18.01
5562,5561,293,10.09
928,927,293,8.15
5555,5554,293,8.25
1477,1376,293,9.77
1625,1624,293,39.01
5557,5657,293,6.2
3243,3242,293,11.64
5461,5460,293,10.52
1626,1525,294,27.75
3136,3235,294,17.51
5664,5663,294,9.91
3137,3236,294,11.81
3135,3034,294,27.2
3244,3344,294,3.38
3134,3133,294,47.12
3783,3884,294,1.01
1626,1526,295,14.32
1927,2026,295,18.25
2834,2833,295,14.22
1928,2027,295,13.88
2531,2530,295,8.15
5454,5453,295,7.21
2835,2734,295,12.64
1625,1524,295,28.51
4381,4480,295,3.92
1228,1227,295,15.11
2129,2128,295,34.18
1430,1429,295,33.02
2328,2327,296,43.61
1924,1923,296,43.01
1528,1527,296,31.77
229,228,296,33.02
1725,1724,296,12.49
768,668,296,2.3
1679,1579,296,2.76
5175,5176,296,0.92
5558,5658,296,10.44
2026,2025,297,52.09
1524,1523,297,50.15
128,127,297,17.84
2330,2429,297,16.06
3034,3033,297,40.62
3245,3345,297,3.18
3134,3033,297,26.19
2128,2127,297,51.95
3235,3234,297,49.55
5670,5769,297,8.56
2734,2733,298,35.86
2934,2933,298,11.33
3249,3348,298,18.77
5656,5655,298,9.52
2534,2633,298,5.22
3244,3343,298,4.26
1229,1128,298,9.55
566,466,298,2.63
2327,2326,299,47.69
828,827,299,6.92
5769,5768,299,50.68
2484,2385,299,1.22
1523,1522,300,46.73
2127,2126,300,46.67
2025,2024,300,49.71
1525,1425,300,16.92
1525,1424,300,23.75
1823,1822,300,16
2833,2832,300,20.49
28,27,300,9.17
3249,3349,300,10.62
1274,1174,300,2.53
363,263,300,2.37
1780,1680,300,2.25
1375,1275,300,2.33
5558,5559,300,7.27
127,126,301,43.42
1724,1723,301,20.81
3133,3132,301,22.28
2733,2732,301,48.42
1227,1226,301,54.42
5563,5662,301,6.32
1029,1028,301,14.69
1624,1623,301,9.9
2326,2325,301,63.76
3285,3286,301,0.99
1226,1225,302,106.64
2024,2023,302,85.01
3348,3347,302,23.68
3234,3233,302,28.22
1524,1423,302,23.72
3241,3340,302,20.68
2533,2632,302,6.19
2228,2227,302,24.82
5561,5560,302,17.49
1723,1722,303,99.17
27,26,303,47.02
5768,5767,303,36.67
1429,1428,303,15.84
2530,2529,303,24.19
927,926,303,15.63
1529,1428,303,7.14
2325,2324,303,55.88
126,125,303,70.96
2227,2226,303,106.97
3033,3032,303,22.62
2226,2225,304,101.58
1225,1224,304,99.25
3340,3339,304,52.31
2732,2731,304,39.15
2429,2428,304,19.06
2832,2831,304,26.13
1923,1922,304,18.19
628,627,304,14.71
3240,3339,304,10.82
667,567,304,1.99
5667,5766,304,6.35
1330,1329,304,14.7
1428,1427,305,94.56
5662,5661,305,32.66
2126,2125,305,24.24
1522,1521,305,24.94
528,527,305,14.7
728,727,305,14.71
3241,3341,305,11.02
428,427,305,14.69
2933,2932,305,17.07
3247,3346,305,4.93
3246,3346,305,2.13
328,327,305,14.68
125,124,305,76.3
3584,3585,305,0.93
1427,1426,306,102.64
2225,2224,306,89.08
1224,1223,306,69.32
3339,3338,306,83.1
26,25,306,45.39
2632,2631,306,25.16
1424,1323,306,25.09
3348,3448,306,15.48
3348,3447,306,20.14
1128,1127,306,14.32
228,227,306,14.71
2532,2631,306,6.01
161,60,306,7.16
1228,1127,306,7.15
124,123,307,72.93
2125,2124,307,87.71
5661,5660,307,51.8
926,925,307,32.93
3132,3131,307,17.96
1822,1821,307,16.36
3343,3342,307,13.38
3237,3336,307,13.11
3233,3232,307,20.64
3249,3250,307,3.9
5572,5672,307,2.64
1173,1073,307,2.19
1578,1478,307,1.94
2631,2630,308,99.92
1323,1322,308,70.63
2224,2223,308,77.42
2731,2730,308,32.91
2529,2528,308,22.46
2023,2022,308,19.98
1424,1324,308,12.98
1425,1324,308,19.47
827,826,308,12.14
1722,1721,308,20.2
5657,5756,308,8.94
5666,5765,308,6.63
5375,5475,308,1.95
3235,3334,308,10.93
5658,5757,308,11.57
123,122,309,60.86
2124,2123,309,78.5
925,924,309,51.3
2428,2427,309,23.81
3032,3031,309,19.89
3347,3446,309,20.95
1423,1422,309,14.49
1623,1622,309,13.46
25,24,309,44.74
2324,2323,309,17.17
3336,3335,309,86.19
5275,5276,309,1.03
5558,5659,309,4.23
1127,1126,310,25.76
3232,3231,310,41.35
2630,2629,310,99.76
5670,5770,310,3.07
122,121,311,50.02
924,923,311,65.93
1223,1222,311,21.5
627,626,311,15.82
427,426,311,16.77
2427,2426,311,78.74
3338,3337,311,21.8
3348,3449,311,12.77
3249,3150,311,4.69
2629,2628,311,101.2
2831,2830,311,16.54
1126,1125,312,54.51
3446,3445,312,37.63
24,23,312,44.45
5765,5764,312,31.6
1223,1123,312,16.9
727,726,312,14.49
327,326,312,16.51
3340,3439,312,15.45
3346,3445,312,21.11
2326,2425,312,11.4
2325,2424,312,14.1
2932,2931,312,16.53
4676,4677,312,0.99
1125,1124,313,107.42
3231,3230,313,36.22
826,825,313,21.01
2528,2527,313,21.15
227,226,313,15.31
2628,2627,313,95.39
5769,5868,313,9.26
1123,1122,314,59.04
23,22,314,88.19
121,120,314,42.29
2123,2122,314,20.83
3131,3130,314,14.82
1821,1820,314,15.98
1223,1122,314,20.16
3439,3438,314,64.19
1721,1720,314,17.4
5474,5574,314,2.54
2730,2729,314,19.18
2183,2084,314,1.15
2627,2626,315,81.49
5764,5763,315,35.57
3031,3030,315,17.49
1322,1321,315,14.63
3232,3331,315,19.47
527,526,315,10.07
5661,5760,315,15.65
1922,1921,315,9.24
5756,5755,315,15.94
3445,3444,315,38.33
3249,3350,315,4.33
1072,972,315,2.16
262,162,315,2.1
2527,2526,315,77.2
4479,4579,315,1.98
22,21,316,74.04
2729,2728,316,69.96
3230,3229,316,40.56
1422,1421,316,14.69
2223,2222,316,13.14
3334,3333,316,14.07
1425,1325,316,6.39
1429,1328,316,6.78
5660,5759,316,17.33
4382,4481,316,4.74
1229,1328,316,4.86
3438,3437,316,89.14
120,119,316,91.21
1328,1327,317,105.83
2626,2625,317,59.93
2526,2525,317,53.74
825,824,317,25.98
3231,3330,317,20.77
426,425,317,19.26
1521,1520,317,8.54
466,365,317,7.22
2885,2786,317,1.02
5658,5758,317,4.38
21,20,318,70.92
3437,3436,318,90.91
3130,3129,318,32.08
726,725,318,18.61
226,225,318,21.56
1222,1221,318,15.94
626,625,318,16.41
2323,2322,318,11.59
326,325,318,17.11
1622,1621,318,11.42
3444,3443,318,35.43
3232,3332,318,9.44
3340,3440,318,6.4
1122,1121,318,26.79
2830,2829,318,14.4
3684,3685,318,0.94
1327,1326,319,54.37
3229,3228,319,41.91
3030,3029,319,25.47
5868,5867,319,18.61
2931,2930,319,15.06
923,922,319,13.94
225,224,320,53.43
3436,3435,320,87.88
2525,2524,320,41.01
3330,3329,320,35.81
2122,2121,320,18.63
2625,2624,320,40.84
1123,1022,320,18.94
1128,1027,320,6.68
20,19,320,65.02
1321,1320,320,20.3
2425,2524,320,18.65
1121,1120,320,50.19
3129,3128,321,34.29
119,118,321,23.24
5763,5762,321,18.91
1820,1819,321,15.41
526,525,321,16.68
2829,2828,321,42.86
5661,5761,321,6.52
1122,1021,321,22.95
1720,1719,321,16.12
2424,2423,321,12.41
224,223,322,73.13
824,823,322,22.71
2728,2727,322,19.99
2222,2221,322,17.65
1921,1920,322,15.46
3030,2929,322,22.35
3331,3430,322,21.24
1983,1883,322,1.94
4283,4383,322,1.96
3329,3328,323,43.83
3029,3028,323,33.19
3228,3227,323,28
5867,5866,323,31.82
725,724,323,20.1
425,424,323,19.98
3331,3431,323,12.61
2022,2021,323,7.03
1421,1420,323,15.87
927,1026,323,4.88
1221,1220,323,23.54
2727,2726,324,70.38
223,222,324,75.31
625,624,324,19.65
3330,3429,324,20.84
325,324,324,17.54
2828,2827,324,43.25
971,871,324,2.16
823,822,325,45.06
3128,3127,325,27.58
2929,2928,325,34.43
3435,3434,325,23.19
3029,2928,325,24.81
2625,2724,325,19.63
3439,3538,325,11.26
2322,2321,325,15.62
1121,1020,325,22.4
2726,2725,326,52.24
222,221,326,73.82
118,117,326,20.86
1320,1319,326,18.62
3228,3327,326,21.09
3440,3539,326,19.02
3443,3442,326,13.92
5759,5858,326,14.6
1122,1023,326,11.89
1520,1519,326,12.11
3538,3537,327,58.6
3429,3428,327,40.06
3028,3027,327,33.08
1220,1219,327,26.85
525,524,327,19.66
19,18,327,16.06
2121,2120,327,15.47
3449,3450,327,6.57
2827,2826,327,39.95
3349,3450,327,5.43
5770,5869,327,8.33
922,921,327,14.01
822,821,327,53.06
5769,5869,327,3.37
2624,2623,327,14.82
724,723,328,20.59
2928,2927,328,34.02
324,323,328,27.99
424,423,328,20.37
3332,3432,328,10.63
221,220,328,67.22
5858,5857,328,82.32
1478,1377,328,6.78
1719,1718,328,15.06
3537,3536,329,69.01
3127,3126,329,31.45
5866,5865,329,17.77
1920,1919,329,14.48
1120,1119,329,12.18
3430,3529,329,21.18
5765,5864,329,6.74
2221,2220,329,15.15
2524,2523,329,12.26
3385,3386,329,0.97
1819,1818,329,12.97
821,820,330,47.16
3027,3026,330,33.95
1420,1419,330,14.42
3431,3530,330,20.72
2021,2020,330,16
624,623,330,16.85
3440,3540,330,8.99
2826,2825,330,37.02
870,770,330,2.22
5573,5673,330,2.29
2423,2422,330,11.93
220,219,330,59.82
3536,3535,331,63.97
117,116,331,24.91
1020,1019,331,19.26
323,322,331,38.77
1026,1025,331,13.75
769,669,331,2.11
2384,2285,331,1.07
1219,1218,332,22.45
1319,1318,332,18.94
3127,3226,332,21.27
2927,2926,332,33.03
3227,3226,332,12.34
3429,3528,332,19.85
2724,2723,332,16.16
2827,2926,332,19.89
364,264,332,2.13
5672,5771,332,5.81
161,61,332,2.16
2321,2320,332,15.19
219,218,333,46.11
423,422,333,20.3
5857,5856,333,24.69
524,523,333,19.54
322,321,333,54.09
3434,3433,333,12.82
3431,3531,333,11.1
1621,1620,333,6.73
5759,5859,333,5.91
2785,2686,333,0.95
3342,3441,333,5.47
116,115,334,33.99
820,819,334,25.5
2623,2622,334,16.16
723,722,334,18.33
3428,3427,334,16.13
1519,1518,334,13.79
3327,3326,334,12.94
2826,2925,334,20.61
2725,2824,334,19.65
3539,3638,334,18.58
5864,5863,335,18.86
921,920,335,14.22
5764,5863,335,6.42
2120,2119,335,13.45
1882,1782,335,1.86
321,320,335,64.79
218,217,336,35.23
5856,5855,336,37.96
1019,1018,336,21.24
3529,3628,336,21.22
18,17,336,12.3
3538,3637,336,13.11
623,622,336,19.41
3126,3125,336,14.51
5863,5862,337,65.56
320,319,337,66.29
3535,3534,337,17.26
3530,3629,337,21.24
2020,2019,337,14.43
1119,1118,337,13.78
1718,1717,337,12.18
3540,3639,337,20.93
3026,3025,337,14.75
2422,2421,337,14.59
2523,2522,337,14.13
2220,2219,337,13.67
1919,1918,337,13.29
115,114,338,33.15
422,421,338,21.81
1318,1317,338,18.62
3530,3630,338,13.51
1818,1817,338,11.93
3528,3527,338,16.76
319,318,339,60.92
5862,5861,339,52.53
217,216,339,35.93
5855,5854,339,40.72
3637,3636,339,44.32
920,919,339,25.59
819,818,339,20.43
523,522,339,19.85
1218,1217,339,15.32
1025,1024,339,13.78
1419,1418,339,11.76
2723,2722,339,16.31
1125,1024,339,5.4
925,1024,339,4.52
3540,3640,339,11.53
5856,5955,340,20.4
2320,2319,340,14.2
722,721,340,19.3
1620,1619,340,14.44
3226,3225,340,13.02
1018,1017,341,22.6
2824,2823,341,16.34
1518,1517,341,14.98
3441,3541,341,12.7
3432,3532,341,8.29
5761,5860,341,7.37
5867,5966,341,6.72
2622,2621,341,16.16
4382,4482,341,1.78
2925,2924,341,15.7
5854,5853,342,37.36
318,317,342,47.16
216,215,342,33.53
3638,3737,342,19.88
3531,3631,342,11.18
3536,3635,342,11.33
3434,3533,342,8.34
114,113,343,24.1
1118,1117,343,19.44
5856,5956,343,10.57
622,621,343,16.59
1579,1479,343,2.1
2119,2118,343,13.57
5375,5376,343,1.1
421,420,343,24.74
5955,5954,344,33.11
919,918,344,23.61
2522,2521,344,15.65
3639,3738,344,21.23
2421,2420,344,15.82
5855,5954,344,19.66
3125,3124,344,13.93
3637,3736,344,18.48
3025,3024,344,15.65
3326,3325,344,11.08
3629,3728,344,21.09
1781,1681,344,1.9
3427,3426,344,10.25
5770,5870,344,2.99
5853,5852,345,39.88
5966,5965,345,28.72
5854,5753,345,25.11
1217,1216,345,18.25
1317,1316,345,16.55
1717,1716,345,12.68
3639,3739,345,13.56
17,16,345,11.99
1918,1917,345,13.57
522,521,345,17.43
2219,2218,345,12.94
3629,3729,345,14.09
3630,3730,345,14.96
3630,3729,345,20.61
4579,4678,345,4.82
668,568,345,2.02
2019,2018,345,14
317,316,346,25.44
721,720,346,19.33
5854,5953,346,20.54
818,817,346,16.33
2722,2721,346,14.37
5859,5958,346,11.16
1817,1816,346,12.85
4481,4580,346,4.73
215,214,347,23.28
3635,3634,347,20.38
1017,1016,347,18.72
1619,1618,347,15.84
5955,6054,347,21.18
1418,1417,347,14.14
5862,5961,347,15.37
1174,1074,347,2.16
466,366,347,2.07
5858,5957,347,6.96
3736,3735,348,30.34
5853,5752,348,24.97
2924,2923,348,15.42
2319,2318,348,13.67
1680,1580,348,2.12
263,163,348,2.13
3540,3641,348,8.17
4676,4777,348,1.11
5953,5952,349,42
5965,5964,349,29.7
113,112,349,19.3
1117,1116,349,19.42
3737,3836,349,21.26
2823,2822,349,14.29
1517,1516,349,14.16
5955,6055,349,12.29
3640,3740,349,10.78
420,419,349,19.77
5863,5962,349,10.85
5869,5968,349,6.68
2621,2620,349,13.84
1376,1276,349,1.75
3527,3526,349,9.48
2685,2586,349,0.97
6054,6053,350,40.88
918,917,350,19.27
3737,3837,350,13.26
621,620,350,16.38
3630,3731,350,11.96
1718,1617,350,6.73
5752,5751,351,39.62
3634,3633,351,27.01
316,315,351,20.86
3736,3835,351,21.26
2521,2520,351,15.06
2118,2117,351,12.84
116,15,351,7.21
1275,1175,351,2
521,520,351,16.99
720,719,352,17.86
5852,5851,352,15.33
3728,3727,352,14.17
2420,2419,352,12.97
5956,6056,352,11.28
3024,3023,352,13.97
3531,3632,352,7.86
3628,3627,352,6.35
1073,973,352,2.25
3784,3785,352,0.94
214,213,353,17.77
5961,5960,353,18.52
817,816,353,14.46
1316,1315,353,14.13
3739,3838,353,19.01
1216,1215,353,13.52
1716,1715,353,13.32
3124,3123,353,12.47
3738,3838,353,11.9
3426,3425,353,11.58
3225,3224,353,8.07
5968,5967,353,29.27
3884,3984,353,1.76
1917,1916,353,13.66
2218,2217,353,13.85
2018,2017,353,13.84
3835,3834,354,34.49
112,111,354,20.68
5752,5651,354,24.99
1417,1416,354,14.64
5953,6052,354,19.27
568,467,354,17.01
2721,2720,354,13.5
419,418,354,20.05
115,14,354,7.2
1816,1815,354,13.72
5851,5850,355,38.89
5964,5963,355,18.51
3735,3734,355,15.95
6054,6153,355,19.62
1016,1015,355,14.24
2318,2317,355,14.68
5672,5772,355,2.12
2083,1984,355,1.11
3834,3833,356,59.93
3836,3935,356,21.27
6055,6154,356,21.27
5952,5951,356,15.49
2923,2922,356,13.43
3325,3324,356,8.34
917,916,357,15.61
1516,1515,357,13.96
3836,3936,357,13.12
6055,6155,357,13.11
1116,1115,357,13.4
2822,2821,357,13.63
5752,5652,357,11.67
3739,3839,357,8.98
620,619,357,16.35
5859,5959,357,4.19
3541,3642,357,8.88
2620,2619,357,13.33
4283,4284,357,1.14
3833,3832,358,81.76
5851,5750,358,25.05
315,314,358,16.6
3835,3934,358,21.04
1617,1616,358,13.02
3526,3525,358,11.75
520,519,358,16.34
3640,3741,358,7.51
4876,4877,358,1.06
5951,5950,359,40.97
3734,3733,359,26.76
111,110,359,24.7
719,718,359,16.39
2419,2418,359,14.51
2117,2116,359,14.13
770,670,359,3.5
972,872,359,2.31
3727,3726,359,15.27
6153,6152,360,22.94
816,815,360,14.45
418,417,360,19.07
2217,2216,360,14.88
2520,2519,360,12
3023,3022,360,13.94
1715,1714,360,14.74
5474,5575,360,1.62
2986,2987,360,0.99
110,109,361,68.39
3832,3831,361,52.45
6052,6051,361,17.96
1416,1415,361,15
1815,1814,361,17.29
3123,3122,361,13.65
213,212,361,14.6
1315,1314,361,12.7
1916,1915,361,15.46
14,13,361,15.19
5956,6057,361,9.18
2017,2016,361,13.76
3733,3732,362,37.74
3934,3933,362,29.76
5651,5650,362,15.2
3838,3937,362,17.76
3837,3937,362,9.24
3425,3424,362,13.02
2720,2719,362,15.28
5966,6065,362,7.9
2317,2316,362,17.63
5574,5674,362,2.25
162,62,362,1.95
109,108,363,97.72
3831,3830,363,72.06
5652,5551,363,23.26
3935,4034,363,21.62
619,618,363,20.09
2922,2921,363,14.97
5850,5849,363,13.46
1015,1014,363,14.92
1215,1214,363,10.49
3224,3223,363,8.57
365,265,363,2
3385,3486,363,1.12
6152,6151,364,25.97
3726,3725,364,24.29
2821,2820,364,14.88
916,915,364,16.23
2619,2618,364,16.49
1515,1514,364,14.86
5951,6050,364,20.98
519,518,364,18.77
6055,6156,364,8.98
3740,3840,364,7.23
3729,3828,364,8.3
3627,3626,364,9.84
1478,1378,364,1.62
3830,3829,365,76.52
108,107,365,99.93
4034,4033,365,63.91
3933,3932,365,35.85
718,717,365,18.11
2418,2417,365,17.27
3525,3524,365,15.25
3934,4033,365,22.36
5750,5749,365,15.53
568,468,365,4.52
5965,6064,365,7.82
2116,2115,365,17.8
2284,2185,365,1.03
5870,5969,365,7.47
3828,3827,366,64.6
815,814,366,16.93
417,416,366,19.55
1714,1713,366,17.64
1616,1615,366,14.06
2216,2215,366,18.55
3936,4035,366,16.51
1115,1114,366,12.5
13,12,366,22.27
871,771,366,2.29
1814,1813,367,18.21
212,211,367,17.85
1915,1914,367,17.96
2016,2015,367,16.92
2519,2518,367,16.5
5950,5949,367,13.26
314,313,367,12.26
3839,3938,367,16.22
3324,3323,367,10.18
3022,3021,367,15.4
3827,3826,367,184.48
107,106,367,79.11
3932,3931,368,47.01
4033,4032,368,49.66
3122,3121,368,15.21
2719,2718,368,17.29
6064,6063,368,36.07
4579,4679,368,2.04
2316,2315,368,19.6
6151,6150,369,24.8
618,617,369,18.89
5650,5649,369,16.18
1415,1414,369,13.98
106,105,369,66.01
670,569,369,14.14
4482,4581,369,5.58
5968,6067,369,7.82
5375,5476,369,1.28
3931,3930,370,65.52
3725,3724,370,18.46
2618,2617,370,18.3
2921,2920,370,15.25
518,517,370,17.53
5551,5550,370,14.4
1314,1313,370,11.39
12,11,370,32.13
3424,3423,370,12.76
6063,6062,370,61.41
4383,4483,370,2.15
4283,4184,370,1.3
3642,3742,370,7.91
4083,4084,370,0.64
4032,4031,371,39.44
3826,3825,371,30.54
2115,2114,371,18.73
2417,2416,371,18.19
717,716,371,16.96
2820,2819,371,15.71
915,914,371,16.28
1014,1013,371,12.51
2215,2214,371,20.69
105,104,371,66.05
1514,1513,371,15.22
211,210,372,22.58
814,813,372,17.6
1713,1712,372,17.97
3524,3523,372,14.86
3626,3625,372,13.49
6050,6049,372,13.02
3840,3939,372,17.9
6062,6061,372,54.93
5849,5848,372,11.63
2886,2887,372,1
4976,4977,372,1.13
3086,3087,372,0.91
104,103,373,66.94
1813,1812,373,18.91
1914,1913,373,18.41
2315,2314,373,22.62
2015,2014,373,18.06
2518,2517,373,17.64
4033,4132,373,19.22
4034,4133,373,14.57
3937,4036,373,13.11
3741,3841,373,7.03
6067,6066,373,28.45
6154,6253,373,8.55
6153,6252,373,8.5
11,10,373,45.11
2718,2717,373,20.26
1615,1614,373,15.4
3930,3929,374,30.87
313,312,374,14.81
3121,3120,374,17.85
416,415,374,14.23
6155,6254,374,8.99
3021,3020,374,16.33
5749,5748,374,11.93
3929,3928,375,114.99
4132,4131,375,66.09
103,102,375,64.94
4031,4030,375,31.83
3724,3723,375,20.16
2617,2616,375,21.7
617,616,375,16.88
4032,4131,375,22.07
3323,3322,375,12.51
872,772,375,6.26
10,9,375,52.05
5961,6060,375,5.58
2585,2486,375,0.98
1883,1783,375,1.78
210,209,376,30.04
3825,3824,376,21.84
2114,2113,376,20.89
2214,2213,376,23.99
2920,2919,376,17.35
1214,1213,376,8.27
2416,2415,376,20.9
5771,5871,376,2.36
102,101,377,65.97
3723,3722,377,53.26
4131,4130,377,62.51
716,715,377,16.99
517,516,377,15.67
6150,6149,377,14.21
1414,1413,377,13.37
3223,3222,377,7.42
2314,2313,377,26.79
2819,2818,377,18.43
6060,6059,377,55.78
6152,6251,377,8.46
9,8,377,62.59
1812,1811,378,21.13
1913,1912,378,20.27
2717,2716,378,24.44
813,812,378,18.51
1712,1711,378,19.52
3625,3624,378,18.4
914,913,378,16.04
1313,1312,378,13.66
3423,3422,378,14.29
3938,4037,378,13.95
1114,1113,378,8.53
3928,3927,378,45.47
6063,6162,378,15.32
5550,5549,378,14.27
1513,1512,378,16.62
3722,3721,379,56.09
4130,4129,379,65.06
209,208,379,44.16
2616,2615,379,25.81
3120,3119,379,22.34
2014,2013,379,19.01
2517,2516,379,19.19
6049,6048,379,16.56
3523,3522,379,15.4
4035,4134,379,11.14
771,671,379,7.84
3840,3940,379,7.01
6059,6058,379,87.21
8,7,379,51.84
6062,6161,379,17.43
3927,3926,379,131.9
5649,5648,379,11.07
3926,3925,380,157.11
2113,2112,380,26.05
2213,2212,380,28.57
4030,4029,380,21.35
312,311,380,17.24
6156,6255,380,8.94
5949,5948,380,8
3020,3019,380,19.15
2415,2414,380,25.4
1614,1613,380,16.5
3642,3643,380,4.37
208,207,381,59.99
3721,3720,381,58.28
4129,4128,381,58.44
3824,3823,381,21.32
2919,2918,381,20.9
6151,6250,381,8.56
670,570,381,4.73
2313,2312,381,31.37
264,164,381,1.95
3939,4038,381,17.17
2716,2715,382,29.22
1811,1810,382,25.75
616,615,382,16.04
5848,5847,382,10.48
3322,3321,382,16.34
2818,2817,382,23.46
3742,3842,382,8.84
4283,4384,382,1.29
3784,3885,382,1.09
3823,3822,383,56.09
3925,3924,383,45.86
2615,2614,383,30.46
3119,3118,383,26.5
1711,1710,383,23.54
1912,1911,383,23.72
715,714,383,16.67
6149,6148,383,18.77
3723,3622,383,19.02
3723,3822,383,18
1013,1012,383,8.51
314,413,383,5.93
207,206,383,65.9
7,6,383,29.28
4128,4127,384,47.6
4029,4028,384,33.08
2112,2111,384,31.16
2212,2211,384,31.51
2013,2012,384,22.38
2516,2515,384,22.94
3422,3421,384,16.74
812,811,384,17.57
3624,3623,384,17.02
1512,1511,384,18.61
2414,2413,384,30.4
5748,5747,384,10.18
4132,4231,384,13.96
6161,6160,384,22.22
3222,3221,384,15.66
1312,1311,384,16.7
5969,6068,384,7.46
6156,6256,384,5.06
6060,6159,384,17.14
1413,1412,384,15.26
6064,6163,384,7.65
5076,5077,384,1.09
5870,5970,384,2.59
2614,2613,385,95.36
3822,3821,385,56.09
3622,3621,385,50.22
2918,2917,385,26.1
2312,2311,385,31.23
3522,3521,385,17.43
913,912,385,14.95
3722,3621,385,18.06
516,515,385,13.85
1213,1212,385,11.13
4131,4230,385,14.99
3841,3941,385,8.67
6057,6157,385,4.21
3019,3018,385,23.75
6048,6047,385,19.43
206,205,386,48.71
1810,1809,386,31.1
2715,2714,386,31.99
6250,6249,386,21.57
311,310,386,19.4
1613,1612,386,17.42
6159,6158,386,84.99
4133,4232,386,11.27
2817,2816,386,27.94
1782,1682,386,1.89
5674,5773,386,6.13
5673,5773,386,1.85
3642,3743,386,5.01
3821,3820,387,55.1
3621,3620,387,58.18
4230,4229,387,82.32
4127,4126,387,36.05
3924,3923,387,25.52
3118,3117,387,29.76
1710,1709,387,27.81
1911,1910,387,27.54
3720,3719,387,18.11
5549,5548,387,11.13
4130,4229,387,14.25
2413,2412,387,33.7
4036,4135,387,10.2
6162,6261,387,16.57
6067,6166,387,8.25
4184,4185,387,6.11
2613,2612,387,90.15
2714,2713,388,92.42
2012,2011,388,26.69
2211,2210,388,30.17
2111,2110,388,31.41
6,5,388,21.3
4128,4027,388,20.88
4129,4228,388,16.26
3321,3320,388,19.69
415,414,388,7.42
2515,2514,388,28.23
6148,6147,388,20.83
2886,2787,388,1.18
2311,2310,389,28.08
2917,2916,389,29.98
1511,1510,389,21.77
615,614,389,15.64
4128,4227,389,19.9
3018,3017,389,29.41
205,204,389,37.36
1809,1808,390,32.1
2816,2815,390,30.03
6047,6046,390,22.05
3521,3520,390,20.24
811,810,390,16.67
3421,3420,390,19.98
1311,1310,390,18.83
1412,1411,390,17.89
413,412,390,16.33
714,713,390,16.61
5847,5846,390,12.61
3823,3922,390,17.04
4037,4136,390,12.48
3221,3220,390,18.72
6253,6352,390,8.45
1013,1112,390,7.51
4027,4026,390,63.79
872,873,390,3.26
2713,2712,390,85.07
2514,2513,390,94.95
1377,1277,390,1.54
4038,4137,390,16.18
4126,4125,390,33.97
1378,1277,390,5.5
4227,4226,391,77.25
1709,1708,391,32.46
1910,1909,391,29.77
2612,2611,391,27.39
6166,6165,391,25.94
3117,3116,391,29.63
6249,6248,391,20.49
310,309,391,21.39
4127,4226,391,22.54
1012,1011,391,14.2
6254,6353,391,8.51
2412,2411,391,30.78
6066,6165,391,8.15
1681,1581,391,2.06
4184,4085,391,7.02
4184,4285,391,6.94
4482,4582,391,2.08
3940,4040,391,8.93
2712,2711,392,73.3
204,203,392,43.05
2011,2010,392,29.71
2210,2209,392,27.8
2110,2109,392,30.99
3620,3619,392,21.13
6261,6260,392,21.56
1612,1611,392,18.72
912,911,392,15.21
3822,3921,392,17.04
1212,1211,392,15.43
5848,5947,392,7.37
569,469,392,4.46
2513,2512,392,94.06
4026,4025,392,93.18
5948,5947,392,8.6
2611,2610,393,72.84
2310,2309,393,25.78
1510,1509,393,25.64
6147,6146,393,22.74
5,4,393,21.27
3719,3718,393,18.81
515,514,393,13.78
5747,5746,393,11.44
6157,6257,393,14.23
3320,3319,393,23.81
4025,4024,393,111.34
5648,5647,393,7.54
3017,3016,393,30.22
5748,5647,393,7.65
2916,2915,393,29.09
4226,4225,393,56.76
3921,3920,394,50.77
2711,2710,394,77.74
6260,6259,394,50.21
2815,2814,394,31.2
1808,1807,394,29.41
3820,3819,394,16.49
2512,2511,394,81.5
3821,3920,394,17.37
6251,6350,394,8.62
4125,4124,394,28.39
4679,4778,394,5.55
3186,3187,394,0.94
2610,2609,395,68.36
4024,4023,395,72.03
1909,1908,395,30.54
1708,1707,395,31.94
6165,6164,395,30.98
2411,2410,395,26.91
3116,3115,395,28.84
3420,3419,395,23.46
5846,5845,395,20.01
1310,1309,395,20.84
1411,1410,395,20.27
3520,3519,395,22.85
3220,3219,395,23.93
4134,4233,395,9.33
6162,6262,395,6.23
4581,4680,395,5.58
3743,3843,395,11.76
3742,3843,395,5.68
2710,2709,396,78.72
6259,6258,396,77.69
2814,2813,396,89.78
2209,2208,396,25.21
2010,2009,396,31.5
203,202,396,26.31
2109,2108,396,27.74
309,308,396,22.48
6352,6351,396,19.49
810,809,396,17.45
713,712,396,18.35
614,613,396,15.61
412,411,396,17.99
4124,4123,396,73.72
6255,6354,396,9.06
2511,2510,396,71.64
104,3,396,5.77
6248,6247,396,21.62
771,672,396,4.86
3115,3114,397,83.11
1707,1706,397,84.97
1509,1508,397,29.59
3718,3717,397,29.91
4225,4224,397,32.31
3619,3618,397,22.1
1611,1610,397,22.82
1011,1010,397,17.35
1112,1111,397,14.88
6046,6045,397,16.38
3319,3318,397,28.79
2609,2608,397,59.05
3016,3015,397,28.7
2915,2914,397,29.98
872,773,397,3.8
1580,1480,397,2.04
1074,974,397,1.96
366,266,397,1.98
163,63,397,2.02
1807,1806,398,28.01
2709,2708,398,61.9
4123,4122,398,53.6
2309,2308,398,23.7
6146,6145,398,23.79
4231,4330,398,10.21
3717,3716,398,104.12
6250,6349,398,8.83
5549,5448,398,7.19
2510,2509,398,67.21
103,2,398,5.79
2813,2812,398,82.32
1211,1210,398,17.95
3643,3644,398,5.75
4038,4138,398,6.02
3114,3113,399,96.43
2914,2913,399,87.57
3318,3317,399,77.6
1908,1907,399,27.51
2410,2409,399,25.22
5746,5745,399,18.82
3219,3218,399,27.38
911,910,399,16.5
4230,4329,399,10.4
2608,2607,399,53.92
3419,3418,399,25.79
3841,3942,399,5.55
5551,5450,399,4
5176,5177,399,1
3113,3112,400,111.44
2812,2811,400,67.28
1508,1507,400,33.76
2009,2008,400,29.8
2708,2707,400,55.82
4023,4022,400,20.35
3519,3518,400,24.93
1309,1308,400,24.23
5845,5844,400,20.02
1410,1409,400,23.22
3920,3919,400,16.83
514,513,400,15.21
4225,4324,400,22.61
6257,6356,400,22.48
3921,4020,400,18.85
5947,5946,400,13.69
6260,6359,400,19.04
4224,4223,400,41.19
5548,5547,400,8.19
5648,5547,400,7.07
4226,4325,400,16.82
1507,1506,401,102.1
3317,3316,401,73.33
4329,4328,401,85.31
4122,4121,401,44.69
3618,3617,401,28.25
1610,1609,401,26.65
1706,1705,401,32.23
2108,2107,401,24.56
2208,2207,401,24.87
3819,3818,401,16.34
308,307,401,23.57
3015,3014,401,30.3
4232,4331,401,9.66
6256,6355,401,8.49
2913,2912,401,81.79
1479,1379,401,1.69
3743,3744,401,7.1
6247,6246,401,22.89
1506,1505,402,105.15
6359,6358,402,72.45
2308,2307,402,26.07
1806,1805,402,27.6
2,1,402,28.51
6045,6044,402,22.79
202,201,402,19.38
712,711,402,19.21
613,612,402,17.46
809,808,402,18.39
6257,6357,402,11.81
3716,3715,402,31.37
411,410,402,19.78
4227,4326,402,11.33
6249,6348,402,8.91
6068,6167,402,8.01
6067,6167,402,3.11
4136,4235,402,12.44
3112,3111,402,96.58
4328,4327,403,84.01
3316,3315,403,69.35
3218,3217,403,30.25
1907,1906,403,25.21
2707,2706,403,38.66
2509,2508,403,24.28
1010,1009,403,18.98
3418,3417,403,29.45
4228,4327,403,9.88
1705,1704,403,80.06
4135,4234,403,9.33
2607,2606,403,27.17
1111,1110,403,17.76
5772,5872,403,2.12
6145,6144,403,23.47
5450,5449,403,30.16
3111,3110,404,84.92
2811,2810,404,27.43
1409,1408,404,27.59
3518,3517,404,27.2
1308,1307,404,28.75
2008,2007,404,25.57
2409,2408,404,24.34
1210,1209,404,19.68
4123,4222,404,17.88
3715,3714,404,68.14
4223,4222,404,32.22
6166,6265,404,8.46
4224,4323,404,21.71
6262,6361,404,15.91
5969,6069,404,2.58
467,367,404,2
1704,1703,404,107.36
3940,4041,404,5.75
3743,3844,404,8
1703,1702,405,113.2
3315,3314,405,71.32
2606,2605,405,59.19
3217,3216,405,74.83
1505,1504,405,39.58
2107,2106,405,25.96
3818,3817,405,29.11
3617,3616,405,33.25
1609,1608,405,29.5
4121,4120,405,27.74
2207,2206,405,29.63
5844,5843,405,20.16
910,909,405,18.13
2706,2705,405,79.73
4122,4021,405,21.73
4122,4221,405,20.79
3014,3013,405,32.53
6260,6360,405,7.78
5747,5646,405,6.96
2608,2507,405,18.79
1175,1075,405,1.85
307,306,405,26.66
2912,2911,405,26.96
2485,2386,405,0.99
3817,3816,406,117.24
2307,2306,406,30.3
513,512,406,17.1
2709,2808,406,15.17
5846,5945,406,8.94
1805,1804,406,31.43
3714,3713,406,64.64
6246,6245,406,24.18
3286,3287,406,0.96
1983,1884,406,1.03
1702,1701,407,63.33
3314,3313,407,78.71
2605,2604,407,85.32
3216,3215,407,72.72
2810,2809,407,38.56
1906,1905,407,26.56
808,807,407,21.98
2705,2704,407,81.96
4020,4019,407,15.77
4323,4322,407,47.81
3110,3109,407,38.59
5448,5447,407,11.4
5745,5744,407,12.9
2708,2807,407,17.13
3417,3416,407,25.98
2710,2809,407,11.05
4223,4322,407,22.61
5548,5447,407,7.42
6044,6043,407,20.16
6348,6347,407,22.51
1408,1407,408,31.31
6265,6264,408,27.71
2408,2407,408,26.22
1307,1306,408,32.22
3517,3516,408,26.97
2007,2006,408,25.44
711,710,408,18.25
3109,3108,408,125.52
4121,4220,408,21.97
4221,4220,408,45.8
3919,3918,408,13.78
612,611,408,19.02
410,409,408,19.98
3013,3012,408,36.06
2911,2910,408,38.76
3816,3815,408,92.62
1009,1008,408,21.47
1504,1503,408,41.07
1276,1176,408,1.67
6144,6143,408,21.47
2604,2603,409,64.76
2807,2806,409,52.16
3313,3312,409,81.75
3215,3214,409,79.82
4322,4321,409,53.51
1804,1803,409,39.99
3616,3615,409,29.22
2206,2205,409,28.28
2106,2105,409,28.81
306,305,409,26.47
1608,1607,409,32.94
1209,1208,409,22.41
2704,2703,409,51.17
6357,6456,409,21.95
5547,5546,409,11.39
3108,3107,409,105.44
3115,3214,409,10.27
1707,1606,409,10.74
5746,5645,409,9.41
206,305,409,5.48
1110,1109,409,19.19
2910,2909,409,202.87
5575,5675,409,2.09
1803,1802,410,151.9
1503,1502,410,73.21
2306,2305,410,30.38
909,908,410,20.59
4120,4119,410,20.38
2507,2506,410,24.44
2909,2908,410,160.24
3516,3515,410,72
670,571,410,2.83
3713,3712,410,32.22
3214,3213,411,90.09
3615,3614,411,67.89
1606,1605,411,92.02
2806,2805,411,85.66
1306,1305,411,36.15
1407,1406,411,33.98
6245,6244,411,24.49
5945,5944,411,21.59
4321,4320,411,74.9
3416,3415,411,26.08
5843,5842,411,19.24
807,806,411,28.85
5845,5944,411,8.94
6350,6449,411,8.79
4233,4332,411,9.18
3107,3106,411,84.59
1905,1904,411,32.79
3012,3011,411,40.3
1802,1801,412,85.11
1502,1501,412,65.63
3712,3711,412,61.04
2006,2005,412,29.89
6264,6263,412,32.53
2407,2406,412,26.06
6043,6042,412,20.3
6347,6346,412,23.47
512,511,412,18.73
6357,6457,412,10.68
5744,5743,412,20.51
4323,4422,412,19.83
4325,4424,412,12.03
6359,6458,412,12.36
4220,4219,412,28.68
3918,3917,412,25.5
2908,2907,412,60.08
3815,3814,412,25.07
3312,3311,412,39.48
205,304,412,5.55
1008,1007,412,26.5
2603,2602,412,36
3485,3586,412,1.06
3614,3613,413,62.54
3213,3212,413,94.88
1605,1604,413,90.32
2805,2804,413,67.27
2305,2304,413,47.62
2506,2505,413,44.01
1208,1207,413,26.32
2205,2204,413,33.27
3011,3010,413,51.4
4235,4334,413,13.05
6354,6453,413,8.43
2105,2104,413,27.11
3106,3105,413,84.18
6262,6362,413,5.88
2703,2702,413,27.21
5276,5277,413,0.98
2104,2103,414,117.29
4424,4423,414,64.08
1406,1405,414,35.41
1904,1903,414,36.78
1305,1304,414,36.3
3010,3009,414,173.1
1109,1108,414,21.68
710,709,414,17.47
1702,1601,414,15.72
908,907,414,25.63
611,610,414,19.26
4329,4428,414,9.92
4330,4429,414,9.26
409,408,414,18.41
4422,4421,414,64.13
2907,2906,414,66.03
6349,6448,414,8.88
3714,3813,414,14.36
265,165,414,1.97
5842,5841,414,38.98
5674,5774,414,1.96
3311,3310,414,74.19
2204,2203,414,168.61
1903,1902,415,169.87
2103,2102,415,221.92
2505,2504,415,79.06
4334,4333,415,63.38
2406,2405,415,33.72
3009,3008,415,114.6
3613,3612,415,60.06
3315,3414,415,12.62
4328,4427,415,10.12
4019,4018,415,12.61
3105,3104,415,84.73
3515,3514,415,24.76
3917,3916,415,43.31
806,805,415,31.29
4320,4319,415,33.32
2304,2303,415,73.39
2102,2101,416,121.02
1902,1901,416,126.4
3310,3309,416,76.54
3813,3812,416,68.36
2203,2202,416,81.96
2804,2803,416,35.82
3711,3710,416,31.39
6244,6243,416,23.23
1007,1006,416,31.17
5447,5446,416,12.49
5944,5943,416,20.43
1304,1303,416,90.84
2906,2905,416,67.39
5844,5943,416,8.93
469,368,416,5.96
6352,6451,416,5.58
4119,4118,416,17.17
2005,2004,416,28.52
3212,3211,416,42.28
1604,1603,416,39.31
2184,2085,416,1.03
2405,2404,417,65.35
2303,2302,417,63.63
1405,1404,417,39.13
4427,4426,417,71.28
6453,6452,417,28.3
1207,1206,417,30.22
6346,6345,417,24.76
2504,2503,417,76.46
5645,5644,417,13.77
3111,3210,417,9.98
6355,6454,417,9.08
3309,3308,417,112.67
6353,6452,417,5.58
4582,4681,417,5.58
570,470,417,2.82
3308,3307,418,191.89
2202,2201,418,95
1603,1602,418,80.98
2905,2904,418,53.45
3812,3811,418,75.13
3916,3915,418,38.79
1108,1107,418,26.06
511,510,418,19.68
6042,6041,418,19.68
5546,5545,418,12.35
3210,3209,418,104
5743,5742,418,17.94
3314,3413,418,11.05
6356,6455,418,8.06
4331,4430,418,8.71
6166,6266,418,3.29
4326,4425,418,9.11
4219,4218,418,18.81
5842,5741,418,22.95
5842,5941,418,22.15
907,906,418,32.5
4421,4420,418,28.5
1303,1302,418,67.42
3307,3306,419,187.63
2302,2301,419,67.64
3710,3709,419,33.86
2004,2003,419,34.02
3008,3007,419,32.04
304,303,419,15.94
6457,6556,419,21.87
3712,3611,419,16.43
1503,1402,419,13.06
3104,3103,419,27.87
6068,6168,419,2.93
1783,1683,419,2.31
5476,5576,419,2.02
2404,2403,419,78.59
3612,3611,419,31.13
6348,6447,419,8.76
805,804,419,30.1
6448,6447,419,23.74
2003,2002,420,198.65
3007,3006,420,118.91
3306,3305,420,115.94
3413,3412,420,63.47
1302,1301,420,58.29
5941,5940,420,57.33
3209,3208,420,50.71
1206,1205,420,33.83
5446,5445,420,28.9
4319,4318,420,21.85
709,708,420,16.89
1006,1005,420,31.4
3614,3513,420,15.96
1502,1401,420,15.04
610,609,420,17.98
3514,3513,420,23.76
1682,1582,420,3.01
1404,1403,420,36.82
4018,4017,420,22.63
5871,5971,420,2.32
2503,2502,420,34.76
3709,3708,421,9.06
3813,3912,421,80.53
4334,4433,421,43.14
4424,4523,421,40.17
4332,4431,421,59.81
6043,6142,421,34.24
6347,6446,421,35.62
6245,6344,421,36.3
6265,6364,421,38.35
2702,2701,421,10.07
408,407,421,2.45
5843,5942,421,33.33
6360,6459,421,37.89
4422,4521,421,43.48
3105,3204,421,88.14
6351,6450,421,27.25
3108,3207,421,90.1
4680,4779,421,40.15
6350,6450,421,6.86
3107,3206,421,84.77
3106,3205,421,88.26
4483,4583,421,4.83
4679,4779,421,4.59
5842,5942,421,13.21
3311,3410,421,64.08
3884,3985,421,1.61
5940,6039,422,86.19
3709,3808,422,95.14
3306,3405,422,96.72
3307,3406,422,122.54
3413,3512,422,63.2
5941,6040,422,75.69
3308,3407,422,123.04
2302,2401,422,79.25
2905,3004,422,63.25
3812,3911,422,87.67
2303,2402,422,71.1
4333,4432,422,54.5
1902,2001,422,108.83
3310,3409,422,67.64
5841,5840,422,9.58
4423,4522,422,38.11
5774,5873,422,70.23
4427,4526,422,51.67
3711,3810,422,45.05
6346,6445,422,37.1
6042,6141,422,35.04
6457,6557,422,14.98
6244,6343,422,36.89
4428,4527,422,48.76
3814,3913,422,45.98
6456,6555,422,25.77
4429,4528,422,47.44
6264,6363,422,41.21
4235,4335,422,17.67
2906,3005,422,76.88
3309,3408,422,91.27
6361,6460,422,29.29
4426,4525,422,52.82
2803,2802,422,9.48
3312,3411,422,35.9
2703,2802,422,38.45
6449,6548,422,32.95
6459,6558,423,81.62
6168,6267,423,45.28
3412,3511,423,64.12
2904,3003,423,50.37
2904,2903,423,8.42
4430,4529,423,49.82
3611,3610,423,15.32
3811,3910,423,58.08
3710,3809,423,47.08
3916,4015,423,42.06
6453,6552,423,38.25
1006,1105,423,41.39
4424,4524,423,20.25
3708,3807,423,83.83
3104,3203,423,38.47
5970,6070,423,5.16
3917,4016,423,45.75
6448,6547,423,35.41
4425,4524,423,48.76
5840,5939,424,71.28
3407,3506,424,125.28
3408,3507,424,120.98
3405,3504,424,89.46
4431,4530,424,52.17
4583,4682,424,54.43
4017,4116,424,42.96
5445,5544,424,43.48
6447,6546,424,36.86
6266,6365,424,39.06
6452,6551,424,36.27
5644,5643,424,9.81
6454,6553,424,36.83
4681,4780,424,33.4
6345,6444,424,37.8
4334,4434,424,19.37
2602,2601,424,10.12
3844,3943,424,15.08
2702,2801,424,24.99
6362,6461,424,31.03
3305,3404,424,37.74
3406,3505,424,104.58
2803,2902,424,33.2
3808,3907,424,94.11
3410,3509,424,65.11
3409,3508,424,82.91
3809,3908,425,82.13
4016,4115,425,95.61
3810,3909,425,68.09
4526,4625,425,47.48
6142,6241,425,37.1
4779,4878,425,45.75
6446,6545,425,38.27
6364,6463,425,42.17
6344,6443,425,38.34
5445,5444,425,23.91
3807,3906,425,85.16
6455,6554,425,27.33
3205,3304,425,37.51
6451,6550,425,27.64
3912,4011,425,38.05
3204,3303,425,37.63
4041,4140,425,15.35
3103,3202,425,31.07
3411,3510,425,67.31
3685,3686,425,0.96
4116,4215,426,95.61
3508,3607,426,119.89
3505,3604,426,90.76
6070,6169,426,52.86
6445,6544,426,38.89
6363,6462,426,42.21
4525,4624,426,42.98
6460,6559,426,43.77
4432,4531,426,44.18
2402,2501,426,37.13
4433,4533,426,21.47
4433,4532,426,33.13
804,903,426,24.9
4527,4626,426,45.11
3911,4010,426,40.12
4528,4627,426,42.41
1007,1106,426,23.97
3507,3606,426,125.82
410,509,426,19.75
4523,4623,426,21.36
4523,4622,426,34.46
6548,6647,426,35.91
3815,3914,426,21.64
806,905,426,25.23
805,904,426,24.84
4383,4484,426,1.77
3506,3605,426,108.1
4682,4781,427,62.92
3907,4006,427,61.23
6267,6366,427,40.44
4335,4435,427,21.43
1105,1204,427,38.52
3910,4009,427,46.48
5873,5972,427,30.68
3509,3608,427,48.89
3915,4014,427,21.87
1005,1104,427,23.34
4118,4117,427,1.73
6556,6655,427,21.12
4420,4519,427,20.43
4529,4628,427,41.14
409,508,427,18.46
6555,6654,427,30.49
202,301,427,15.65
203,302,427,16.96
6450,6549,427,26.4
4018,4117,427,19.44
4320,4419,427,21.35
4421,4520,427,19.43
6547,6646,427,37.77
6557,6656,427,28.47
307,406,427,17.48
6559,6658,428,76.62
3605,3704,428,88.6
3606,3705,428,109.1
3909,4008,428,53.36
6365,6464,428,36.56
6553,6652,428,40.7
5939,6038,428,41.16
3504,3603,428,36.25
6546,6645,428,38.77
4015,4114,428,35.12
6039,6138,428,26.88
6040,6139,428,24.83
2903,3002,428,30.2
6552,6651,428,29.16
4318,4417,428,19.65
5741,5740,428,9.95
4118,4217,428,18.8
303,402,428,19.41
4218,4317,428,19.11
304,403,428,16.77
306,405,428,17.05
408,507,428,16.66
4530,4629,428,35.69
3203,3302,428,34.06
3510,3609,428,64.05
3607,3706,428,124.75
3908,4007,428,54.83
3286,3387,428,1.61
2802,2901,428,27.13
1378,1278,428,1.04
3604,3703,429,47.79
3608,3707,429,118.58
4011,4110,429,37.88
5444,5543,429,47.02
6545,6644,429,40.09
6554,6653,429,41.42
3404,3503,429,34.34
4434,4534,429,21.51
4780,4879,429,28.63
3906,4005,429,37.15
5840,5839,429,14.44
3913,4012,429,21.64
6143,6242,429,11.34
4530,4630,429,21.2
3103,3102,429,9.64
3003,3102,429,28.22
4625,4724,429,39.36
3202,3301,429,38.69
3603,3702,430,73.68
3706,3805,430,109.33
4781,4880,430,55.14
6544,6643,430,41.13
903,1002,430,41.51
4627,4726,430,44.74
5444,5443,430,22.98
6463,6562,430,32.25
6550,6649,430,33.33
3304,3403,430,31.07
4115,4214,430,35.35
2902,3001,430,26.62
4521,4620,430,16.78
4319,4418,430,14.7
305,404,430,13.39
3303,3402,430,34.86
4626,4725,430,42.73
6551,6650,430,27.96
6647,6746,430,39.4
4625,4725,430,20.46
6558,6657,430,21.42
5972,6071,430,51.58
407,506,430,16.09
3703,3802,431,73.86
4629,4728,431,47.38
4014,4113,431,42.1
6654,6753,431,43.13
4628,4727,431,44.53
6366,6465,431,35.9
6169,6268,431,30.11
6462,6561,431,29.36
4533,4633,431,21.44
4533,4632,431,29.51
4532,4632,431,21.27
4215,4314,431,34.43
4006,4105,431,37.95
6041,6140,431,12.98
6243,6342,431,12.04
4010,4109,431,28.84
4531,4631,431,21.52
4623,4723,431,21.35
4623,4722,431,28.57
3707,3806,431,123.92
4008,4107,431,50.8
6655,6754,431,36.95
3805,3904,432,85.15
5839,5938,432,69.5
4114,4213,432,39.11
3704,3803,432,36.43
6464,6563,432,42.49
3705,3804,432,41.51
1104,1203,432,34.77
4435,4535,432,21.03
4335,4336,432,10.33
4007,4106,432,46.49
905,1004,432,24.72
4009,4108,432,32.89
6549,6648,432,32.95
5277,5377,432,6.58
904,1003,432,24.19
3302,3401,432,37.5
6646,6745,432,31.09
4522,4621,432,15.11
5276,5377,432,1.68
4107,4206,433,124.74
6140,6239,433,86.62
4105,4204,433,75.81
6643,6742,433,69.01
6653,6752,433,40.05
6645,6744,433,32.09
6138,6237,433,30.05
4117,4216,433,25.05
4630,4729,433,45.74
3914,4013,433,21.11
4335,4436,433,13.77
6652,6751,433,28.37
3002,3101,433,29.08
4285,4385,433,4.37
3102,3201,433,37.13
5938,6037,434,78.95
4106,4205,434,103.51
3802,3901,434,63.69
3806,3905,434,66.73
4880,4979,434,45.16
5443,5542,434,45.49
4534,4634,434,21.27
4012,4111,434,30.91
4879,4978,434,30.59
6644,6743,434,32.19
3503,3602,434,31.31
6651,6750,434,27.13
6139,6238,434,27.38
6038,6137,434,27.08
302,401,434,21.45
4005,4104,434,32.28
4622,4721,434,19.83
3402,3501,434,37.42
3943,4042,434,15.22
6071,6170,434,39.76
4217,4316,434,24.84
6343,6442,434,12.51
509,608,434,18.21
6141,6240,434,12.75
4417,4516,434,26.43
4317,4416,434,25.15
6656,6755,434,23.44
6239,6338,435,91.41
4206,4305,435,104.3
3804,3903,435,69.2
3904,4003,435,57.38
3803,3902,435,63.59
4728,4827,435,46.15
4631,4730,435,36.64
6754,6853,435,41.55
4633,4732,435,35.6
6465,6564,435,37.72
4113,4212,435,35.56
4727,4826,435,44.18
6562,6661,435,29.32
3702,3801,435,30.74
6649,6748,435,34.73
3403,3502,435,29.01
5443,5442,435,23.41
5543,5642,435,26.13
403,502,435,22.7
402,501,435,23.23
406,505,435,17.81
4630,4730,435,18.49
6650,6749,435,33.2
5643,5642,435,9.98
4520,4619,435,18.59
6745,6844,435,65.2
4205,4304,436,82.55
6037,6136,436,99.01
6240,6339,436,83.4
4729,4828,436,49.08
6744,6843,436,64.63
4204,4303,436,70.62
6563,6662,436,39.87
4108,4207,436,46.19
4631,4731,436,21.05
4633,4733,436,21.22
4632,4731,436,32.04
6268,6367,436,28.83
4214,4313,436,27.91
5839,5838,436,14.99
4110,4209,436,23.34
405,504,436,19.65
6443,6542,436,12.96
6241,6340,436,13.84
6444,6543,436,12.45
6648,6747,436,38.06
4519,4618,436,16.12
508,607,436,17.66
6658,6757,436,18.91
6461,6560,436,11.81
6753,6852,436,29.38
1003,1102,436,37.22
4109,4208,436,31.73
507,606,436,18.81
4305,4404,437,94.48
4111,4210,437,69.71
6743,6842,437,64.03
4013,4112,437,41.63
4535,4635,437,21.32
4314,4413,437,26.7
4723,4822,437,27.05
404,503,437,21.45
506,605,437,20.54
6643,6642,437,15.15
4216,4315,437,41.41
4419,4518,437,15.14
4620,4719,437,20.45
4726,4825,437,21.28
6657,6756,437,22.34
1002,1101,437,20.9
6340,6439,438,80.17
6844,6943,438,58.71
4003,4102,438,64.26
3902,4001,438,65.25
3903,4002,438,60.35
4979,5078,438,39.96
5542,5641,438,42.5
6751,6850,438,33.08
4213,4312,438,24.19
4724,4823,438,17.44
4730,4829,438,50.71
5740,5739,438,10.03
6559,6659,438,8.94
6170,6269,438,37.71
6755,6854,438,42.12
4418,4517,438,19.57
3905,4004,438,38.3
1581,1481,438,1.44
6746,6845,438,19.75
4436,4536,438,21.33
5675,5775,438,4.53
6752,6851,438,34.84
4404,4503,439,93.67
6843,6942,439,60.56
4304,4403,439,48.34
6564,6663,439,42.63
5442,5541,439,42.46
6661,6760,439,47.01
6748,6847,439,38.53
6750,6849,439,33.48
5542,5541,439,24.11
4634,4734,439,20.41
6137,6236,439,31.77
6237,6336,439,23.68
4104,4203,439,34.34
4722,4821,439,19.65
6749,6848,439,36.3
1004,1103,439,23.52
4827,4926,439,43.64
4112,4211,440,67.61
6842,6941,440,61.04
4207,4306,440,41.85
4303,4402,440,47.05
5442,5441,440,24.12
4416,4515,440,27.26
6269,6368,440,75.68
4732,4832,440,21.52
4732,4831,440,31.7
6242,6341,440,13.08
4516,4615,440,26.71
4731,4830,440,44.43
4316,4415,440,25.65
6747,6846,440,38.97
6659,6758,440,71.91
4828,4927,440,45.44
5774,5874,440,4.47
772,673,440,1.75
4725,4824,440,15.65
4403,4502,441,87.71
6943,7042,441,62.85
4002,4101,441,68.82
6136,6235,441,31.12
4208,4307,441,33.2
4203,4302,441,72.84
6367,6466,441,28.87
6852,6951,441,33.33
4829,4928,441,49.26
502,601,441,24.52
4721,4820,441,20.86
6742,6841,441,19.58
4621,4720,441,17.26
5938,5937,441,12.31
4733,4833,441,21.27
903,902,441,6.93
5838,5937,441,30.68
4004,4103,441,62.8
5576,5676,441,4.77
6845,6944,441,59.43
6853,6952,441,28.06
3685,3786,441,1.55
2385,2286,441,0.83
4306,4405,442,103.49
6847,6946,442,60.82
6760,6859,442,67.4
4503,4602,442,58.98
4102,4201,442,40.18
4822,4921,442,32.89
4635,4735,442,21.39
505,604,442,21.85
3602,3701,442,19.58
6238,6337,442,18.61
6368,6467,442,84.06
4315,4414,442,33.95
6342,6441,442,13.71
6561,6660,442,13.52
4619,4718,442,22.3
608,707,442,18.71
6757,6856,442,25.24
4826,4925,442,23.51
6756,6855,442,33.93
164,64,442,1.08
4502,4601,443,93.42
4211,4310,443,63.11
4402,4501,443,54.94
6663,6762,443,38.03
6851,6950,443,31.97
6850,6949,443,33.25
4825,4924,443,27.77
4831,4930,443,47.53
503,602,443,24.05
606,705,443,22.09
4313,4412,443,23.07
504,603,443,22.8
4212,4311,443,19.01
3502,3601,443,19.42
4830,4929,443,49.19
6848,6947,443,36.07
4535,4636,443,14.1
6854,6953,443,29.83
4618,4717,443,21.93
4042,4141,443,15.81
4583,4683,443,4.67
6758,6857,443,54.51
4536,4636,443,21.36
607,706,443,20.47
4209,4308,443,23.51
6841,6940,444,62.42
5874,5973,444,36.93
4515,4614,444,37.82
6336,6435,444,31.01
4734,4834,444,21.44
4821,4920,444,31.4
6849,6948,444,35.04
4517,4616,444,23.79
4210,4309,444,20.96
605,704,444,22.87
6662,6761,444,19.79
6467,6566,444,77.96
4832,4931,444,39.45
6338,6437,444,16.71
4719,4818,444,23.48
4415,4514,444,35.77
6944,7043,444,61.07
1102,1201,444,19.61
4336,4437,444,12.26
4336,4337,444,8.77
4405,4504,445,67.62
6946,7045,445,59.05
4602,4701,445,50.4
4103,4202,445,37.92
4302,4401,445,46.81
4307,4406,445,39.9
4683,4782,445,78.14
4312,4411,445,22.55
4823,4922,445,21.3
4832,4932,445,20.44
6442,6541,445,13.56
5937,6036,445,37.7
4926,5025,445,25.74
3844,3944,445,2.43
4928,5027,445,41.46
5972,6072,445,5.77
4436,4537,445,11.86
3386,3487,445,1.65
4930,5029,446,47.59
6947,7046,446,58.35
6235,6334,446,31.57
6466,6565,446,34.43
6952,7051,446,30.93
6951,7050,446,31.19
5441,5540,446,23.86
6760,6759,446,15.68
4518,4617,446,17.32
4413,4512,446,17.25
6339,6438,446,15.05
4833,4933,446,21.39
6071,6171,446,6.38
6845,6945,446,13.54
6856,6955,446,39.7
5541,5640,446,21.7
6855,6954,446,40.58
1103,1202,446,20.38
4406,4505,447,108.52
6541,6640,447,72.74
4202,4301,447,73.88
6948,7047,447,58.11
4931,5030,447,49.13
4782,4881,447,84.63
4735,4835,447,21.5
4921,5020,447,30.55
6841,6840,447,17.42
4824,4923,447,20.72
4927,5026,447,21.3
6566,6665,447,66.78
6236,6335,447,18.5
6542,6641,447,12.93
4615,4714,447,23.17
5838,5837,447,9.67
4929,5028,447,45.97
6758,6858,447,15.27
4928,5028,447,19.89
4925,5024,447,32.22
4504,4603,448,65.61
6761,6860,448,45.79
6950,7049,448,33.02
4308,4407,448,32.01
6762,6861,448,31.54
4720,4819,448,22.55
4820,4919,448,21.01
4718,4817,448,24.23
5739,5738,448,10.18
6857,6956,448,32.06
6439,6538,448,15.16
5377,5477,448,6.36
4932,5031,448,49.13
604,703,448,23.81
4636,4736,448,21.37
902,1001,448,22.89
6953,7052,448,32.17
4505,4604,449,81.47
6438,6537,449,53.48
4881,4980,449,100.16
603,702,449,24.82
602,701,449,25.3
4310,4409,449,24.04
6337,6436,449,20.62
6642,6741,449,12.76
4717,4816,449,26.09
6340,6440,449,8.26
6269,6369,449,9.13
6945,7044,449,59.35
6944,7044,449,13
6859,6958,449,20.5
4536,4637,449,13.99
4603,4702,450,96.87
4407,4506,450,88.85
5837,5936,450,52.81
6840,6939,450,63.21
4922,5021,450,32.71
6565,6664,450,39.68
4834,4934,450,19.63
4616,4715,450,26.11
704,803,450,24.84
6435,6534,450,28.06
4311,4410,450,23.31
4924,5023,450,21.99
5441,5440,450,10.13
4933,5032,450,43.88
4414,4513,450,19.67
5025,5124,450,34.04
4484,4584,450,4.33
6170,6270,450,6.52
6171,6270,450,44.37
2787,2687,450,1.17
5029,5128,450,43.64
4309,4408,450,26.71
4980,5079,451,70.83
6369,6468,451,96.68
4604,4703,451,108.21
5031,5130,451,50.12
5640,5639,451,23.39
7051,7150,451,33.04
7050,7149,451,34.55
4920,5019,451,20.97
6949,7048,451,18.3
4818,4917,451,23.3
6955,7054,451,28.42
6860,6959,451,67.94
5540,5639,451,31.47
5540,5539,451,24.19
4702,4801,452,73.29
4506,4605,452,82.94
6958,7057,452,55.17
6537,6636,452,53.26
6861,6960,452,40.36
5837,5836,452,21.01
5020,5119,452,30.66
6665,6764,452,32.91
4617,4716,452,24.13
6437,6536,452,19.19
4614,4713,452,19.42
4412,4511,452,16.64
6941,7040,452,11.92
6942,7041,452,11.75
6036,6135,452,22.28
4933,5033,452,19.13
4514,4613,452,19.74
7043,7142,452,19.94
5124,5223,452,87.15
6954,7053,452,26.67
5029,5129,452,19.21
6858,6957,452,32.92
4835,4935,452,21.27
6468,6567,453,95.49
5936,6035,453,65.72
5738,5737,453,24.7
6840,6839,453,17.14
702,801,453,43.5
7045,7144,453,19.59
4411,4510,453,17.91
6541,6540,453,14
5032,5131,453,50.73
6441,6540,453,13.83
7042,7141,453,12.07
6566,6666,453,11.28
4816,4915,453,41.58
4437,4438,453,11.39
4736,4836,453,21.21
4605,4704,454,122.66
5079,5178,454,56.1
4703,4802,454,55.13
6664,6763,454,41.63
4637,4737,454,21.3
703,802,454,25.19
4817,4916,454,24.91
5028,5127,454,21.36
4923,5022,454,21.53
6334,6433,454,18.25
7046,7145,454,19.42
5027,5126,454,15.85
4537,4538,454,11.97
7052,7151,454,24.6
4437,4538,454,14.63
4636,4737,454,13.96
5024,5123,454,22.47
4409,4508,454,31.17
6666,6765,455,81.88
4716,4815,455,48.2
6536,6635,455,57.23
5836,5935,455,50.58
6764,6863,455,60.14
4408,4507,455,32.5
4934,5034,455,21.09
5021,5120,455,30.99
4919,5018,455,21.62
4819,4918,455,21.77
6335,6434,455,18.37
7047,7146,455,19.37
4512,4611,455,16.02
5026,5125,455,18.32
3944,4043,455,15.29
4714,4813,455,19.85
4537,4638,455,15.04
5440,5439,455,24.72
6960,7059,455,68.08
5033,5132,455,51.34
5022,5121,456,74.77
4802,4901,456,71.66
4704,4803,456,108.34
6839,6938,456,64.55
6636,6735,456,47.01
7150,7249,456,29.68
5539,5538,456,21.83
5019,5118,456,30.71
6534,6633,456,23.63
5131,5230,456,54.14
6958,7058,456,15.03
6436,6535,456,23.15
7049,7148,456,18.91
6940,7039,456,12.27
4337,4338,456,8.34
6956,7055,456,19.1
6433,6532,456,87.95
7054,7153,456,30.9
3785,3886,456,1.69
6765,6864,457,77.76
7145,7244,457,62.6
6957,7056,457,32.2
5119,5218,457,28.4
7053,7152,457,29.45
7057,7156,457,30.58
5836,5835,457,21.81
5539,5638,457,24.68
5023,5122,457,22.21
4715,4814,457,22.88
6538,6637,457,15.98
7044,7143,457,19.92
5130,5229,457,25.16
4385,4485,457,4.19
4935,5035,457,20.92
4835,4936,457,14.24
5132,5231,458,53.15
5935,6034,458,65.75
6863,6962,458,59.29
7059,7158,458,69.79
7146,7245,458,63.94
5737,5736,458,24.4
4917,5016,458,22.67
6640,6739,458,13
6135,6234,458,26.52
5223,5322,458,23.7
802,901,458,41.84
4736,4837,458,14.37
873,874,458,1.48
4410,4509,458,19.81
5034,5133,458,48.97
6535,6634,459,65.63
5121,5220,459,66.76
7058,7157,459,54.99
6635,6734,459,47.07
7151,7250,459,29.37
7149,7248,459,19.65
7048,7147,459,19.23
5128,5227,459,16.91
4637,4738,459,14.17
5738,5637,459,12.94
6440,6539,459,14.42
6641,6740,459,12.73
4513,4612,459,16.73
5230,5329,459,60.65
5129,5228,459,23.5
5122,5221,460,69.18
6864,6963,460,62.18
6637,6736,460,47.41
4803,4902,460,46.99
6735,6834,460,42.55
6434,6533,460,29.45
6839,6838,460,16.66
4511,4610,460,18.48
4713,4812,460,18.72
7041,7140,460,19.86
5539,5438,460,16.28
4915,5014,460,21.49
5973,6073,460,6.31
5775,5875,460,4.74
7142,7241,460,19.23
5439,5438,460,24.71
4510,4609,460,21.15
5227,5326,461,74.05
7158,7257,461,56.45
5133,5232,461,56.37
7039,7138,461,30.95
5538,5537,461,24.45
5120,5219,461,27.52
6863,6862,461,18.58
4507,4606,461,25.47
4508,4607,461,21.16
4916,5015,461,21.94
5126,5225,461,20.24
6035,6134,461,20.2
7141,7240,461,19.32
7144,7243,461,19.6
7055,7154,461,34.04
5874,5974,461,4.83
4613,4712,461,17.25
4438,4439,461,14.22
5322,5421,461,59.14
5035,5134,461,46.95
6962,7061,461,62.59
5123,5222,461,22.85
1783,1784,461,1.1
5034,5134,461,17.32
2084,1985,461,0.8
6072,6172,461,6.64
4902,5001,462,75.11
7248,7347,462,59.11
6634,6733,462,48.84
5835,5934,462,31.49
6532,6631,462,24.7
4918,5017,462,22.56
5935,5934,462,16.24
5127,5226,462,18.42
5125,5224,462,21.68
6939,7038,462,12.22
4936,5036,462,20.27
5018,5117,462,20.76
4815,4914,462,22.21
4438,4539,462,16.26
7153,7252,462,26.09
469,369,462,1.11
6960,7060,462,10.93
4606,4705,463,101.88
4607,4706,463,83.35
5326,5425,463,84.21
5225,5324,463,82.16
5221,5320,463,56.22
6963,7062,463,64.37
7245,7344,463,28.71
5231,5330,463,28.34
5736,5735,463,21.59
5229,5328,463,26.67
7152,7251,463,28.12
4611,4710,463,18.92
4813,4912,463,20.01
5035,5135,463,18.06
6171,6271,463,6.11
5676,5776,463,4.74
7257,7356,464,58.16
5222,5321,464,62.88
5232,5331,464,60.14
7061,7160,464,62.53
6838,6937,464,38.8
6736,6835,464,42.24
7157,7256,464,31.67
5329,5428,464,29
4837,4937,464,18.73
4814,4913,464,20.69
7148,7247,464,19.65
7249,7348,464,18.93
6234,6333,464,27.97
7146,7246,464,12.1
5737,5636,464,14
7040,7139,464,12.35
4538,4639,464,14.17
6540,6639,464,13.47
4043,4142,464,15.73
5118,5217,464,20.16
5477,5577,464,6.49
6861,6961,464,6.35
5218,5317,464,21.74
5224,5323,464,86.5
4438,4339,464,13.64
5421,5520,464,63.88
5322,5321,464,18.64
6962,6961,464,17.36
5134,5233,464,58.6
5324,5423,465,84.85
4706,4805,465,108.15
5425,5524,465,78.76
7060,7159,465,67.38
5438,5437,465,23.96
6834,6933,465,31.16
4738,4838,465,18.73
5016,5115,465,21.05
6034,6133,465,21.78
7158,7258,465,14.57
4509,4608,465,21.07
6739,6738,465,15.2
7056,7155,465,18.3
7156,7255,465,18.5
7244,7343,465,19.01
6864,6964,465,12.65
7059,7159,465,10.49
7143,7242,465,19.32
6633,6732,465,16.8
6271,6370,466,54.9
5320,5419,466,60.91
5330,5429,466,65.36
5934,6033,466,39.99
7138,7237,466,29.09
5537,5536,466,22.75
6666,6766,466,7.96
7243,7342,466,28.49
6369,6469,466,5.93
5322,5422,466,13.64
7252,7351,466,37.22
6533,6632,466,25.32
5135,5234,466,58.9
6333,6432,466,74.11
4805,4904,467,81.9
5423,5522,467,88.37
6738,6837,467,70.87
5524,5623,467,78.03
5321,5420,467,51.44
7356,7455,467,59.7
7251,7350,467,37.36
7038,7137,467,30.66
7160,7259,467,64.6
4609,4708,467,21.62
7250,7349,467,19.15
5220,5319,467,18.55
5228,5327,467,19.47
5736,5635,467,16.38
5014,5113,467,21.17
6765,6865,467,8.71
3487,3587,467,4.73
4683,4783,467,4.35
5421,5420,467,16.89
4610,4709,467,21.45
7154,7253,467,25.61
6469,6568,468,88.61
6432,6531,468,71
6964,7063,468,66.56
7258,7357,468,58.28
5217,5316,468,36.59
5317,5416,468,42.26
7344,7443,468,29.01
4705,4804,468,31
5735,5834,468,28.55
5735,5734,468,23.41
7347,7446,468,28.07
5036,5136,468,17.74
5015,5114,468,20.87
6134,6233,468,23.49
7241,7340,468,18.81
4812,4911,468,20.1
7140,7239,468,19.29
5835,5834,468,9.61
6938,7037,468,11.99
6468,6568,468,6.06
4612,4711,468,16.82
5177,5278,468,2.19
6033,6132,468,81.87
2887,2888,468,1.04
5327,5426,469,80.51
7139,7238,469,28.84
7247,7346,469,28.33
6835,6934,469,30.81
5623,5722,469,73.88
5226,5325,469,22.75
7240,7339,469,18.69
5219,5318,469,20.05
4712,4811,469,18.81
7061,7161,469,12.53
5117,5216,469,20.89
4638,4739,469,10.41
6539,6638,469,14.48
4914,5013,469,20.9
5017,5116,469,20.94
5422,5521,469,64.26
4782,4882,469,4.23
5520,5619,469,29.66
7351,7450,469,54.46
5331,5430,469,29.69
3885,3986,469,1.78
7349,7448,470,56.79
7350,7449,470,55.93
5115,5214,470,34.41
4937,5037,470,17.59
7348,7447,470,27.58
7356,7355,470,18.43
7246,7345,470,28.27
4912,5011,470,22.7
5328,5427,470,20.51
5537,5436,470,15.78
6734,6833,470,13.25
7343,7442,470,28.81
4881,4981,470,4.52
7155,7254,470,34.54
4710,4809,470,22.31
2887,2988,470,1.67
7455,7554,470,50.83
5325,5424,471,80.19
6568,6667,471,53.13
5136,5235,471,62.56
7357,7456,471,58.68
7237,7336,471,28.71
5536,5535,471,24.71
4838,4938,471,17.24
5428,5527,471,21.45
4913,5012,471,20.57
6631,6730,471,16.51
4902,5002,471,9.25
6567,6667,471,5.79
4439,4540,471,14.17
4439,4440,471,10.81
7342,7441,471,28.74
5619,5718,471,112.16
7063,7162,471,65.47
5135,5235,471,13.72
1277,1177,471,1.02
1480,1380,471,1.15
5427,5526,472,89.34
5430,5529,472,64.96
7161,7260,472,60.58
5416,5515,472,40.64
5734,5833,472,44.24
5316,5415,472,40.83
6837,6936,472,30.26
7137,7236,472,29.14
4981,5080,472,83.22
4708,4807,472,30.16
5419,5518,472,24
6738,6737,472,14.56
4608,4707,472,23.54
4980,5080,472,4.46
266,166,472,1.07
6133,6232,472,22.73
7455,7454,472,21.73
5527,5626,473,98.2
5718,5817,473,78.36
5424,5523,473,82.68
5002,5101,473,81.6
7449,7548,473,57.48
7448,7547,473,57.93
5216,5315,473,37.45
5426,5525,473,41.03
7037,7136,473,30.45
5834,5933,473,34.99
4911,5010,473,29.06
7340,7439,473,28.71
5734,5733,473,23.73
4709,4808,473,25.29
5429,5528,473,20.3
7258,7358,473,13.93
5524,5523,473,12.54
5735,5634,473,15.29
5113,5212,473,28.12
4803,4903,473,5.98
5079,5179,473,4.65
6733,6832,473,13.35
7242,7341,473,18.72
5001,5101,473,9.35
7351,7451,473,15.29
7253,7352,473,27.91
7255,7354,473,18.43
5277,5378,473,2.44
2586,2587,473,0.87
5518,5617,474,120.18
4707,4806,474,109.96
4807,4906,474,116.93
7456,7555,474,56.07
7339,7438,474,28.94
7238,7337,474,28.34
6132,6231,474,24.61
7446,7545,474,27.9
7239,7338,474,27.8
4904,5003,474,22.59
5522,5621,474,22.94
5319,5418,474,21.67
5420,5519,474,21.37
6964,7064,474,11.34
4584,4684,474,4.24
6233,6332,474,25.15
2987,3088,474,1.47
7455,7555,474,16.63
5525,5624,475,82.26
5528,5627,475,84.42
4808,4907,475,111.91
5626,5725,475,86.51
7454,7553,475,48.74
7450,7549,475,27.33
4739,4839,475,17.37
5318,5417,475,24.23
7346,7445,475,28.12
7345,7444,475,28.34
5722,5821,475,24.05
5114,5213,475,22.64
4809,4908,475,31.76
6632,6731,475,17.04
5212,5311,475,106.5
5623,5622,475,13.67
5875,5975,475,6.7
4539,4640,475,11.03
5521,5620,475,27.02
4339,4340,475,9.72
672,572,475,1
6033,6032,475,11.61
5003,5102,476,71.93
4806,4905,476,127.14
4906,5005,476,92.3
5519,5618,476,118.71
5817,5916,476,69.86
5526,5625,476,44.62
6936,7035,476,38.87
5833,5932,476,36.72
5012,5111,476,29.03
5535,5534,476,23.87
7336,7435,476,30.3
7447,7546,476,27.78
5011,5110,476,27.19
4811,4910,476,22.33
6531,6630,476,19.87
6737,6836,476,41.39
5136,5236,476,12.53
7357,7457,476,13.79
5214,5313,476,26.29
6332,6431,476,84.82
6937,7036,476,11.84
5733,5832,476,52.92
7358,7457,476,60.81
7254,7353,476,26.75
7443,7542,476,18.77
5116,5215,476,21.31
5013,5112,476,23.17
7451,7550,476,54.92
4711,4810,476,19.6
6073,6173,476,6.6
7441,7540,476,29.01
6732,6831,476,13.05
4907,5006,477,86.63
7555,7654,477,49.47
7064,7163,477,62.93
7236,7335,477,29.55
7454,7453,477,22.44
5037,5137,477,15.59
5436,5435,477,15.61
7161,7261,477,13.16
4908,5007,477,90.57
6933,7032,477,12.38
5974,6074,477,6.33
5620,5719,477,127.12
7063,7163,477,11.65
5618,5717,478,126.77
5102,5201,478,84.99
5625,5724,478,72.25
5624,5723,478,62.39
7549,7648,478,59.65
5627,5726,478,47.43
5725,5824,478,58.49
7136,7235,478,29.39
5415,5514,478,25.41
6232,6331,478,28.23
5515,5614,478,25.39
7456,7556,478,14.71
7341,7440,478,29.01
4938,5038,478,16.21
5430,5530,478,11.8
5821,5920,478,67.47
5311,5410,478,67.41
7442,7541,478,18.89
5733,5732,478,20.98
5623,5723,478,9.52
5110,5209,478,97.26
2185,2186,478,0.94
1074,975,478,0.98
5007,5106,479,92.36
4905,5004,479,69.02
5534,5633,479,50.13
5916,6015,479,61.69
5005,5104,479,49.25
5617,5716,479,29.61
7337,7436,479,30.06
6231,6330,479,31.7
7338,7437,479,30.01
7547,7646,479,28.14
7548,7647,479,27.98
5315,5414,479,24.61
5529,5628,479,21.07
7353,7452,479,52.85
6172,6272,479,5.71
5832,5931,479,67.09
5776,5876,479,6.46
