3875,3874,2,33.78
3874,3873,5,35.88
3873,3872,8,38.69
3872,3871,11,39.87
3871,3870,14,41.24
3875,3974,15,9.01
3870,3869,17,43.31
3874,3973,18,9.02
3973,3972,20,58.18
3869,3868,20,44.68
3972,3971,24,29.09
3872,3971,24,8.97
3868,3867,26,19.26
3871,3970,27,8.93
3970,3969,29,53.78
3867,3866,30,30.18
3969,3968,31,51.55
3973,4072,32,10.27
3974,4073,32,8.76
4072,4071,34,59.53
3968,3967,34,46.15
3866,3865,35,21.22
3875,3774,36,3.92
3774,3773,39,40.08
3865,3864,39,27.09
4071,4070,39,23.58
3874,3773,39,3.88
3967,3966,40,19.21
4070,4069,41,59.14
3864,3863,41,59.58
3966,3965,42,54.2
3773,3772,42,42.1
4073,4172,42,14.52
3866,3965,42,12.01
4069,4068,43,58.03
3863,3862,43,50.36
4072,4171,43,14.05
4068,4067,45,57.69
4171,4170,45,59.59
3772,3771,45,41.91
3875,3975,45,2.22
3862,3861,46,46.41
4067,4066,47,55.52
4170,4169,47,59.27
3965,3964,47,21.58
3863,3962,47,23.99
3865,3964,47,11.89
3861,3860,48,50.16
3771,3770,48,42.57
4169,4168,49,58.84
4066,4065,49,51.87
3862,3961,49,25.95
3864,3963,50,13.67
4168,4167,51,58.85
4065,4064,51,58.62
3770,3769,51,42.1
3866,3765,51,6.79
3961,3960,52,49.02
3861,3960,52,24.11
4167,4166,53,58.87
3769,3768,53,52.05
3962,4061,53,25.86
3862,3761,53,14.58
4172,4271,53,13.91
3863,3762,53,12.46
3765,3764,54,36.77
4171,4270,54,12.98
3768,3767,55,57.54
3761,3760,55,52.86
3961,4060,55,24.74
3764,3763,56,58.06
4060,4059,57,50.43
4064,4063,57,19.74
3860,3859,57,11.68
4270,4269,58,26.14
4170,4269,58,11.74
3974,4074,58,2.35
4061,4160,59,25.84
3962,4062,59,9.03
4269,4268,60,59.08
3767,3766,60,21.74
4169,4268,60,11.01
4060,4159,61,26.53
4061,4161,61,44.68
4172,4272,61,58.32
4073,4173,61,57.3
4268,4368,62,59.44
4160,4260,62,48.11
4062,4162,62,58.28
4269,4369,62,59.6
4167,4267,62,59.6
4168,4267,62,13.05
4065,4165,62,59.58
4065,4164,62,12.87
4173,4273,63,57.86
4161,4261,63,54.9
4272,4372,63,59.09
4368,4468,64,59.1
4260,4360,64,55.05
4162,4262,64,56.55
4369,4469,64,59.6
4267,4367,64,59.19
4164,4264,64,57.27
4165,4265,64,59.55
4159,4259,64,44.98
4063,4163,64,27.79
4167,4266,64,13.16
4064,4163,64,10.95
4273,4373,65,58.47
4270,4370,65,19.67
4271,4371,65,18.67
3975,4075,65,15.39
4468,4568,66,57.99
4469,4569,66,59.48
4367,4467,66,56.68
4264,4364,66,58.22
4373,4473,67,58.52
4370,4470,67,59.6
4371,4471,67,59.49
4259,4359,67,48.22
4159,4258,67,26.45
4074,4174,67,13.81
4568,4668,68,56.17
4569,4669,68,59.06
4467,4567,68,54.64
4261,4361,68,23.85
3875,3775,68,1
4473,4573,69,58.09
4470,4570,69,59.57
4471,4571,69,59.58
4372,4472,69,18.32
3859,3959,69,12.16
4668,4768,70,55.4
4669,4769,70,58.76
4567,4667,70,52.9
4359,4459,70,49.35
4258,4358,70,42.95
4360,4460,70,18.19
4259,4358,70,25.15
4164,4263,70,18.22
4573,4673,71,57.55
4570,4670,71,59.6
4571,4671,71,59.48
4472,4572,71,59.13
4361,4461,71,36.63
4768,4868,72,54.51
4769,4869,72,57.9
4667,4767,72,50.79
4263,4363,72,51.57
4262,4362,72,13.68
4367,4466,72,18.89
4267,4366,72,15.19
4159,4158,72,9.72
3762,3661,72,4.74
4673,4773,73,56.97
4670,4770,73,59.47
4671,4771,73,59.48
4572,4672,73,59.11
4459,4559,73,33.78
4460,4560,73,41.64
4358,4458,73,44.7
4359,4458,73,24.57
4258,4357,73,26.99
4467,4566,73,20.88
4075,4175,73,12.65
4868,4968,74,54.51
4767,4867,74,50.79
4869,4969,74,56.68
4174,4274,74,14.96
4265,4365,74,10.87
4771,4871,75,59.33
4770,4870,75,59.08
4672,4772,75,59.32
4773,4873,75,57.55
4566,4666,75,51.82
4362,4462,75,49.74
4567,4666,75,22.28
4364,4464,75,11.65
3761,3660,75,4.58
4867,4967,76,50.9
4274,4374,76,55.8
4458,4558,76,38.34
4357,4457,76,39.28
4667,4766,76,23.72
4459,4558,76,26.76
4358,4457,76,26.54
4870,4970,77,57.88
4772,4872,77,59.48
4258,4257,77,10.57
3762,3662,77,3.8
4967,5067,78,51
4374,4474,78,55.2
4969,5069,78,25.38
4767,4866,78,23.72
3875,3976,78,4.05
4970,5070,79,56.77
4558,4658,79,34.36
4457,4557,79,37.09
4871,4971,79,28.34
4873,4973,79,25.21
4968,5068,79,24.19
4458,4557,79,27.41
4357,4456,79,27.41
4466,4565,79,21.86
4460,4561,79,16.88
4474,4574,80,54.48
5069,5169,80,56.83
4867,4966,80,23.65
4566,4665,80,23.05
5070,5170,81,56.86
4971,5071,81,57.93
4973,5073,81,54.21
4872,4972,81,31.1
4666,4765,81,23.82
3660,3759,81,23.68
4175,4275,81,12.77
4363,4463,81,11.52
5169,5269,82,56.2
4574,4674,82,52
4658,4758,82,42.34
4456,4556,82,36.12
4557,4657,82,37.08
4967,5066,82,23.59
4766,4865,82,24.4
4558,4657,82,26.9
4457,4556,82,27.33
4559,4659,82,12.4
4560,4660,82,12.05
4357,4356,82,12.11
5170,5270,83,56.92
5071,5171,83,57.45
5073,5173,83,53.36
4972,5072,83,59.56
5067,5167,83,20.77
4365,4465,83,11.21
5269,5369,84,56.2
5068,5168,84,24.3
4866,4965,84,24.93
4462,4562,84,12.02
4464,4564,84,11.85
3768,3667,84,3.65
5270,5370,85,55.61
5171,5271,85,57.55
5173,5273,85,55.94
5072,5172,85,59.48
4674,4774,85,48.18
4657,4757,85,38.29
4658,4757,85,27.11
4456,4555,85,27.22
4557,4656,85,27.33
5168,5268,86,54.68
4966,5065,86,25.43
4665,4764,86,24.53
4257,4256,86,11.69
5271,5371,87,57.1
5273,5373,87,57.95
5172,5272,87,59.15
4765,4864,87,25.09
4456,4455,87,13.4
4159,4058,87,5.58
3768,3668,87,2.91
3875,3876,87,1.62
5268,5368,88,53.82
4555,4655,88,34.08
4656,4756,88,39.39
4757,4857,88,36.6
4556,4655,88,26.61
4865,4964,88,25.57
4657,4756,88,27.41
5066,5166,88,19.14
4658,4759,88,16.57
4561,4661,88,12.04
5373,5473,89,58.11
5272,5372,89,58.62
5371,5471,89,55.2
5369,5469,89,24.3
3660,3659,89,7.32
3762,3663,89,4.1
3975,4076,89,4.28
5370,5470,90,23.38
4965,5064,90,26.01
4275,4375,90,12.35
4463,4563,90,12.25
4274,4375,90,9.25
4258,4157,90,6.17
5473,5573,91,58.92
5372,5472,91,57.88
5471,5571,91,54.72
4756,4856,91,37.01
4655,4755,91,35.59
4555,4654,91,26.83
4774,4874,91,18.62
4656,4755,91,27.41
4757,4856,91,27.28
5168,5267,91,20.84
4758,4858,91,12.23
4660,4760,91,12.2
4356,4355,91,12.31
4374,4475,91,9.63
4773,4874,91,8.06
5470,5570,92,53.64
5065,5165,92,19.05
4764,4863,92,26.11
5571,5671,93,57.08
4475,4575,93,52.14
5472,5572,93,57.56
4874,4974,93,51.7
5368,5468,93,23.81
4864,4963,93,26.08
5268,5367,93,21.56
4555,4554,93,14.2
4562,4662,93,12.3
4564,4664,93,11.92
4674,4775,93,13.65
4574,4675,93,11.53
4665,4664,93,7.9
4973,5074,93,10.23
4474,4575,93,10.08
4654,4754,94,39.04
4755,4855,94,36.92
5573,5673,94,35.08
5469,5569,94,24.65
4964,5063,94,26.01
4756,4855,94,27.33
4655,4754,94,27.14
5572,5672,95,59.18
5367,5467,95,50.38
4775,4875,95,58.03
5074,5174,95,57.33
3659,3758,95,25.52
4256,4255,95,11.73
5073,5174,95,10.74
4856,4956,95,30.78
5569,5669,96,56.05
5570,5670,96,25.03
5064,5164,96,19.55
5174,5274,97,54.68
5063,5163,97,45.35
4754,4854,97,38.09
5671,5771,97,31.55
5468,5568,97,25.26
4355,4454,97,27.27
4654,4753,97,27.42
4755,4854,97,27.32
5166,5266,97,11.94
4759,4859,97,12.25
4661,4761,97,12.02
4764,4763,97,9.3
4857,4957,97,12.4
4856,4955,97,25.79
5670,5770,98,57.68
5672,5772,98,38.1
5673,5773,98,30.8
5165,5265,98,19.77
4863,4962,98,26.5
4076,4176,98,12
4257,4156,98,6.99
4075,4176,98,4.39
5274,5374,99,58.52
4875,4975,99,29.1
4963,5062,99,26.42
5367,5466,99,23.97
4554,4653,99,27.29
4355,4354,99,13.26
4563,4663,99,12.25
5770,5870,100,58.92
5771,5871,100,35.81
4753,4853,100,48.35
5669,5769,100,25.69
5467,5567,100,22.49
5063,5162,100,26.33
4754,4853,100,27.4
4760,4860,100,12.19
4858,4958,100,12.37
4854,4954,100,37.75
4855,4954,100,26.59
5374,5474,101,59.54
5772,5872,101,43.05
5773,5873,101,48.4
4955,5055,101,32.26
4554,4553,101,13.19
4375,4476,101,13.62
3659,3658,101,8.71
3768,3669,101,3.14
5769,5869,102,56.51
4975,5075,102,35.23
5164,5264,102,19.14
5569,5668,102,19.56
4662,4762,102,12.05
5871,5971,103,39.97
4954,5054,103,40.32
4763,4862,103,26.52
4753,4852,103,25.09
5163,5263,103,19.14
4955,5054,103,26.32
4863,4862,103,9.78
5267,5366,103,11.96
3859,3958,103,3.14
3767,3666,103,2.52
4853,4953,103,48.41
4854,4953,103,27.38
5474,5574,104,38.54
5055,5155,104,33.83
5870,5970,104,31.38
5466,5566,104,21.4
4962,5061,104,26.46
3758,3858,104,12.07
4956,5056,104,12.13
4475,4576,104,11.45
3774,3673,104,1.18
5075,5175,105,37.11
5567,5667,105,22.41
5162,5262,105,20.96
5062,5161,105,25.86
4653,4752,105,25.52
4176,4276,105,15.29
4953,5053,106,45.58
5869,5969,106,26.65
4954,5053,106,27.37
4761,4861,106,12.06
4859,4959,106,12.32
4957,5057,106,12.37
5161,5261,107,50.29
5574,5674,107,44.58
5970,6070,107,37.85
4576,4676,107,33.38
5155,5255,107,34.23
5055,5154,107,26.77
3658,3757,107,26.5
4553,4652,107,26.03
5265,5365,107,11.94
4375,4376,107,5.99
4256,4155,107,7.02
3660,3560,107,3.23
5175,5275,108,38.98
5769,5868,108,19.08
5669,5768,108,11.96
4157,4057,108,5.71
5566,5666,109,20.21
4862,4961,109,26.56
4953,5052,109,26.25
5055,5156,109,19.55
4860,4960,109,12.14
4962,4961,109,9.72
4355,4254,109,8.27
4958,5058,109,12.35
3976,4077,109,4.57
4676,4776,110,39.18
5255,5355,110,42.06
5674,5774,110,49.96
5154,5254,110,42.34
3757,3857,110,43.93
5969,6069,110,32.06
5667,5767,110,21.92
5061,5160,110,24.79
5155,5254,110,26.87
3661,3561,110,2.66
3764,3664,110,1.65
5275,5375,111,37.44
6070,6170,111,27.76
5161,5260,111,24.03
5264,5364,111,11.93
5872,5972,111,10.65
5873,5973,111,10.72
5466,5565,111,12.01
4554,4453,111,8.21
4157,4056,111,7
3660,3559,111,4.04
5156,5256,112,34.54
5155,5256,112,19.46
5263,5363,112,11.75
3658,3657,112,9.78
4553,4552,112,9.22
5375,5475,113,50.18
4776,4876,113,38.01
5774,5874,113,38.38
5254,5354,113,47.65
5052,5152,113,30.3
5255,5354,113,27.16
4652,4751,113,27.41
5154,5253,113,27.11
3757,3856,113,26.76
5971,6071,113,10.65
5260,5360,114,45.64
4077,4177,114,21.34
5262,5362,114,11.54
5869,5968,114,11.91
5256,5356,115,34.5
5972,6072,115,27.66
5666,5766,115,19.75
5052,5151,115,25.59
4961,5060,115,25.57
4652,4651,115,12.56
5053,5153,115,12.27
4959,5059,115,12.26
5057,5157,115,12.39
5366,5465,115,11.98
3773,3672,115,1.16
5475,5575,116,35.41
4876,4976,116,34.7
3856,3956,116,42.41
5254,5353,116,25.42
5160,5259,116,25.23
5052,5051,116,15.51
5261,5361,116,11.73
4155,4154,116,11.82
5566,5665,116,11.96
4751,4851,116,45.87
5151,5251,117,53.36
5152,5252,117,30.87
5973,6073,117,17.14
5260,5359,117,26.23
5156,5257,117,19.39
3757,3756,117,10.16
5356,5456,118,40.07
4177,4277,118,25.66
3659,3558,118,4.91
5058,5158,118,12.38
3662,3562,118,2.45
5575,5675,119,49.48
4976,5076,119,49.13
5968,6068,119,24.64
5874,5974,119,16.85
3856,3955,119,27.1
6170,6270,119,14.03
3857,3957,119,12.16
5767,5867,119,11.58
5355,5455,119,11.76
6070,6169,119,11.85
5969,6068,119,11.5
5252,5352,120,35.45
6071,6171,120,16.64
5256,5357,120,19.4
4056,4055,120,11.82
5364,5464,120,11.92
3976,3977,120,2.44
5456,5556,121,5.16
3856,3855,121,25.96
3657,3656,121,25.96
4453,4452,121,25
5160,5159,121,24.55
3658,3557,121,41.82
4553,4452,121,44.96
3771,3670,121,48.46
3772,3671,121,47.15
3672,3571,122,70.24
3560,3459,122,57.4
4155,4054,122,35.61
3673,3572,122,74.57
3667,3566,122,56.06
3766,3665,122,40.93
3670,3569,123,71.89
3671,3570,123,79.62
3558,3457,123,44.96
3756,3655,123,41.82
3756,3755,123,25.66
3856,3755,123,38.7
3657,3556,123,38.7
4552,4451,123,35.61
4453,4352,123,44.96
3559,3458,123,52.8
5666,5765,123,4.89
3666,3565,123,57.42
5158,5258,123,10.25
3668,3567,123,31.4
3775,3674,123,38.57
3774,3674,123,4.26
3572,3471,124,79.3
4055,3954,124,37.15
3955,3854,124,37.15
3955,3954,124,25.96
4453,4353,124,17.17
3663,3563,124,10.25
3674,3573,125,79.13
3459,3358,125,57.4
3855,3754,125,38.7
3656,3555,125,43.38
5251,5250,125,17.75
3458,3357,126,49.67
3567,3466,126,58.77
3571,3470,126,43.38
3566,3465,126,46.94
3665,3564,126,40.93
6068,5967,126,26.01
3562,3461,126,23.59
5565,5564,126,10.81
3561,3460,126,23.59
3560,3460,126,11.95
3573,3472,127,77.62
3569,3468,127,46.94
3755,3654,127,41.82
3655,3554,127,44.96
3556,3455,127,40.25
3565,3464,127,37.56
5565,5664,127,4.89
3358,3257,128,54.35
3954,3953,128,25.66
4353,4252,128,43.38
4352,4351,128,24.02
4451,4351,128,20.77
5356,5457,128,7.27
3669,3568,128,10.54
3470,3369,129,57.42
3754,3653,129,37.15
3754,3753,129,25.96
3471,3370,129,31.4
3954,3853,129,34.09
3556,3456,129,18.91
5867,5866,129,10.88
6068,6067,129,10.9
6170,6269,129,5.23
3468,3367,130,70.24
5250,5249,130,20.7
3563,3462,130,27.72
4353,4253,130,17.79
3466,3365,130,39.79
3875,3776,130,1.66
3568,3467,131,61.51
3654,3553,131,41.82
3554,3453,131,44.96
3564,3463,131,33.37
3570,3469,131,19.92
3459,3359,131,11.95
5456,5555,131,8.82
6072,6172,131,3.34
3465,3364,131,32.37
3369,3268,132,70.24
3370,3269,132,60.14
3461,3360,132,23.59
6269,6168,132,58.89
3464,3363,132,31.4
3775,3675,132,4.33
3653,3552,133,38.7
3653,3652,133,25.96
3753,3652,133,35.61
3753,3752,133,25.86
3853,3852,133,25.36
3554,3454,133,17.17
3358,3258,133,13.21
5765,5764,133,10.63
3675,3574,134,79.98
3469,3368,134,65.61
3467,3366,134,52.07
3269,3168,134,79.13
3367,3266,134,44.48
3268,3167,134,80.31
3365,3264,135,30.45
6269,6268,135,19.22
3954,4053,135,13.86
3457,3356,135,12.67
3574,3473,136,80.34
3168,3067,136,74.79
3258,3157,136,57.4
3463,3362,136,28.61
4253,4153,136,19.4
3455,3354,136,16.67
5564,5463,136,14.71
5455,5454,136,6.28
4154,4153,136,5.56
3364,3263,136,34.38
3454,3353,137,44.96
3462,3361,137,22.82
5664,5563,137,14.71
3357,3256,137,13.21
3363,3262,137,33.37
3368,3267,137,54.72
3852,3751,137,37.15
3852,3851,137,25.96
3752,3651,137,35.61
3752,3751,137,25.86
3473,3372,138,76.41
3360,3259,138,25.18
6067,5966,138,17.29
5359,5358,138,5.59
3067,2966,139,60.36
3264,3163,139,35.42
4053,4052,139,25.66
3366,3265,139,34.38
3266,3165,139,30.45
3167,3066,139,28.61
6067,6066,139,10.88
3853,3952,139,14.39
3456,3355,139,14.32
3257,3156,139,13.76
5457,5557,139,9.69
3472,3371,139,12.67
3263,3162,140,38.66
5457,5458,140,8.91
6073,6173,140,2.52
3256,3155,141,38.7
3256,3255,141,25.96
3267,3166,141,36.48
3751,3650,141,46.53
5764,5663,141,17.93
3453,3352,141,14.41
3977,3877,141,4.79
3371,3270,142,53.39
3066,2965,142,65.92
3751,3750,142,24.55
3258,3158,142,11.95
6168,6167,142,11.04
3362,3261,142,25.18
3262,3161,142,32.37
3163,3062,143,35.42
3355,3254,143,44.96
3156,3055,143,41.82
3361,3260,143,26.01
5764,5763,143,10.94
4052,3951,143,44.96
3952,3951,143,25.86
5353,5453,143,3.01
3372,3271,144,27.72
4052,4051,144,25
5973,6074,144,3.16
3270,3169,145,56.06
2965,2864,145,65.92
3255,3154,145,43.38
3650,3649,145,25.66
3162,3061,145,34.38
3165,3064,145,27.72
3156,3056,145,18.37
5563,5462,145,19.24
3157,3056,145,17.29
3066,3065,146,15.67
3067,2967,146,10.79
3354,3253,146,14.52
3161,3060,146,38.66
5457,5558,146,8.27
6170,6271,146,2.81
3271,3170,147,53.39
3261,3160,147,33.37
5563,5562,147,11.02
3353,3252,147,14.41
3062,2961,148,30.45
3260,3159,148,29.52
3158,3057,148,27.72
5966,5865,148,14.89
5966,5965,148,10.52
3060,2959,148,76.41
2965,2964,149,15.67
2966,2865,149,14.68
3265,3164,149,15.58
3165,3164,149,10.8
6066,6065,149,10.25
3061,2960,149,35.42
2961,2860,150,71.89
2864,2763,150,29.52
3064,2963,150,29.52
3169,3068,150,29.24
3160,3059,151,36.48
3155,3054,151,14.41
5765,5864,151,5.12
2860,2759,152,73.88
2763,2662,152,70.8
2865,2764,152,64.59
3750,3850,152,10.83
5555,5554,152,4.77
5358,5459,152,10.65
2963,2862,153,69.66
3159,3058,153,33.37
2959,2858,153,31.4
3055,2954,153,14.52
3254,3153,153,14.52
5763,5662,153,14.71
3776,3676,153,4.35
2964,2863,154,29.52
2960,2859,154,33.37
5557,5656,154,9.89
3372,3272,154,6.64
6269,6368,154,5.79
4051,3950,154,14.29
3676,3575,155,80.21
3057,2956,155,22.07
3154,3053,155,14.52
3064,3063,155,10.67
3056,2955,155,14.71
3473,3373,155,5.51
3059,2958,155,35.42
5974,5875,155,3.97
5974,5975,155,2.75
2863,2762,156,70.8
2862,2761,156,68.46
5557,5657,156,5.89
6268,6267,156,4.96
3253,3152,156,14.41
5558,5658,156,10.83
5558,5657,156,15.36
5558,5559,156,10.05
3575,3474,157,79.66
2764,2663,157,29.52
2759,2658,157,34.38
3170,3069,157,15.39
5562,5461,157,14.62
2956,2855,158,51.24
2662,2561,158,26.86
2963,2962,158,13.8
2967,2866,158,12.81
5965,5964,158,10.39
3058,2957,158,30.45
2663,2562,159,71.89
2762,2661,159,65.92
2859,2758,159,31.4
3272,3171,159,31.4
2858,2757,159,26.01
6067,6166,159,4.78
4277,4377,159,1.25
6368,6367,160,18.48
2862,2861,160,14.4
2865,2765,160,9.25
6269,6369,160,3.25
2761,2660,161,30.45
3054,2953,161,14.52
2958,2857,161,26.86
2861,2760,162,72.91
3171,3070,162,57.42
2561,2460,162,37.56
2956,2856,162,14.53
3950,4050,162,12.74
5662,5561,162,16.07
5558,5659,162,9.38
2765,2664,163,64.59
2658,2557,163,25.18
2954,2853,163,14.52
5662,5661,163,10.72
3877,3777,163,4.68
6270,6370,163,1.65
3153,3052,163,14.52
3069,2968,163,24.92
2460,2359,164,78.86
2562,2461,164,31.4
2758,2657,164,29.52
2661,2560,164,28.61
5764,5863,164,4.67
5076,5176,164,1.13
2955,2854,165,14.71
6066,6165,165,5.46
5555,5655,165,3.01
3053,2952,165,14.52
2359,2258,166,74.79
2461,2360,166,80.37
2664,2563,166,69.66
2660,2559,166,30.45
6267,6266,166,11.02
2757,2656,166,21.34
2760,2659,167,33.37
5360,5460,167,0.57
2258,2157,168,79.66
2360,2259,168,79.3
2563,2462,168,75.63
2560,2459,168,40.93
5863,5762,168,44.96
5661,5560,168,31.06
5661,5660,168,24.96
2855,2754,168,14.79
2866,2766,168,10.25
3373,3273,168,7.94
2967,2867,168,4.71
5863,5862,169,25
2557,2456,169,24.38
2952,2851,169,41.82
2952,2951,169,25.66
5875,5775,169,7.56
2857,2756,169,19.92
2757,2756,169,11.06
5658,5757,169,11.02
2157,2056,170,74.79
2259,2158,170,79.62
2856,2755,170,19.92
3272,3172,170,6.26
2459,2358,171,65.92
2559,2458,171,34.38
3070,2969,171,17.53
2765,2665,171,9.25
2952,2852,171,18.37
2754,2653,171,48.1
2953,2852,171,14.52
5658,5758,171,6.72
2158,2057,172,79.96
2756,2655,172,54.35
2462,2361,172,40.93
2659,2558,172,29.52
2657,2556,172,19.92
4050,4150,172,10.83
2658,2558,172,6.93
2056,1955,173,57.4
2755,2654,173,54.35
2456,2355,173,43.38
2456,2455,173,25.37
2851,2750,173,46.53
5661,5761,173,10.25
5661,5760,173,14.89
2951,2850,173,46.53
2754,2753,173,24.02
2656,2555,173,22.07
2853,2752,173,14.29
2361,2260,174,80.34
2458,2357,174,57.4
2358,2257,174,69.66
5862,5861,174,24.96
2951,2950,174,24.55
5974,6075,174,2.53
2057,1956,175,51.24
2653,2552,175,41.82
2653,2652,175,25.66
2852,2751,175,43.38
3172,3071,175,34.38
2456,2356,175,17.79
6065,6064,175,3.92
5965,6064,175,5.35
2257,2156,176,76.41
2260,2159,176,79.98
1955,1854,176,58.89
2752,2651,176,49.67
2850,2749,176,55.88
2056,2055,176,19.96
6266,6265,176,11.04
6165,6164,176,9.93
5657,5756,176,7.38
5875,5876,176,4.9
2654,2553,176,51.24
3071,2970,177,76.51
2357,2256,177,67.21
2455,2354,177,44.96
2750,2649,177,44.96
2558,2457,177,28.61
2458,2457,177,19.96
5660,5759,177,16.79
2950,2849,177,65.92
2664,2564,177,7.57
2969,2868,177,24.12
1854,1753,178,79.66
2159,2058,178,80.37
2552,2451,178,48.1
2356,2255,178,69.66
1956,1855,178,63.21
2455,2454,178,25
3575,3475,178,4.36
6073,6174,178,2.08
2256,2155,179,74.79
2564,2463,179,71.89
2749,2648,179,54.35
2055,1954,179,64.59
2651,2550,179,48.1
2652,2551,179,44.96
2751,2650,179,44.96
1955,1954,179,19.22
2750,2650,179,17.17
2057,1957,179,14.53
2655,2554,179,22.82
5862,5962,179,10.25
5862,5961,179,14.89
5863,5962,179,9.89
3977,3878,179,2.4
1753,1652,180,77.13
1855,1754,180,80.37
2649,2548,180,58.89
2553,2452,180,44.96
3474,3374,180,4.52
6368,6467,180,5.46
5875,5776,180,5.87
2155,2054,181,89.29
2463,2362,181,116.97
1957,1856,181,103.26
2451,2350,181,53.64
2255,2154,181,82.24
2749,2748,181,16
2950,2949,181,11.6
6367,6366,181,6.09
3977,3978,181,2.07
4476,4477,181,1.3
1754,1653,182,111.37
2550,2449,182,62.13
2551,2450,182,54
1954,1853,182,79.23
2650,2549,182,55.82
2553,2453,182,18.1
2355,2254,182,22.92
5863,5963,182,4.55
3676,3576,182,3.76
2554,2453,182,51.72
1856,1755,183,141.12
2350,2249,183,82.33
2054,1953,183,87.6
1652,1551,183,62.31
2648,2547,183,37.71
2154,2053,183,85.71
2970,2869,183,32.95
4476,4577,183,1.15
2449,2348,184,82.09
1853,1752,184,127.81
2549,2448,184,76.92
2949,2848,184,68.95
2548,2447,184,38.87
2648,2647,184,24.29
1755,1654,185,100.93
1653,1552,185,62.83
2450,2349,185,65.48
1953,1852,185,90.09
2362,2261,185,41.05
2451,2351,185,16.2
6164,6063,185,18.79
6064,6063,185,10.02
2053,1952,185,85.88
2354,2253,185,19.98
1752,1651,186,101.86
1652,1651,186,17.19
6164,6163,186,10.04
3172,3072,186,7.65
3777,3677,186,4.92
2349,2248,187,87.88
2547,2446,187,39.58
6467,6466,187,16.3
2058,1958,187,11.46
1852,1751,187,127.91
6265,6264,187,9.77
1952,1851,187,102.9
2454,2353,187,18.09
4077,4078,187,1.44
1654,1553,188,63.92
2351,2250,188,60.89
2448,2347,188,35.61
2447,2346,188,41.74
2647,2546,188,43.49
1551,1450,188,35.18
2547,2546,188,24.12
2949,2948,188,15.05
1958,1857,189,122.32
1651,1550,189,63.17
2261,2160,189,41.23
2848,2747,189,35.18
2848,2847,189,24.31
2348,2247,189,29.36
2647,2646,189,23.43
2249,2148,189,23.94
1751,1650,189,79.84
5759,5858,189,10.95
2766,2666,189,5.13
3273,3173,189,5.15
2867,2767,189,5.16
1851,1750,189,119.77
2254,2153,189,23.36
2250,2149,190,105.09
3072,2971,190,41.86
1552,1451,190,31.67
6063,6062,190,23.56
2453,2352,190,17.9
6368,6468,190,2.16
5875,5976,190,2.56
6173,6272,190,2.43
2160,2059,191,115.15
2153,2052,191,73.16
2347,2246,191,53.34
3374,3274,191,9.92
5759,5859,191,6.96
1451,1350,192,103.83
2971,2870,192,133.32
2247,2146,192,61.94
2148,2047,192,48
2248,2147,192,32.67
2253,2152,192,20.81
2869,2768,192,16.45
6366,6365,192,9.45
2564,2464,192,6.98
5776,5676,192,8.59
5861,5860,192,6.07
2665,2565,192,5.11
1650,1549,192,59.02
2052,1951,193,83.07
2149,2048,193,58.37
1857,1756,193,37.76
1553,1452,193,32.44
2346,2245,193,35.25
2346,2345,193,24.32
2948,2947,193,23.65
1654,1554,193,12.8
2351,2251,193,13.73
5756,5755,193,6.07
2464,2363,194,100.2
2847,2746,194,29.65
2847,2846,194,23.5
2747,2746,194,23.91
1951,1850,195,126.71
1756,1655,195,77.7
2251,2150,195,72.46
1452,1351,195,96.35
1554,1453,195,93.21
2047,1946,195,66.27
2147,2046,195,64.3
2152,2051,195,66.6
6062,6061,195,24.3
2353,2252,195,18.85
1650,1649,195,18.35
2363,2262,196,121.48
2048,1947,196,67.15
2246,2145,196,34.88
6163,6162,196,10.03
5961,5960,196,6.07
1549,1448,196,37.47
2150,2049,197,118.5
1351,1250,197,84.13
2051,1950,197,112.78
1350,1250,197,21.79
1350,1249,197,31.88
1350,1349,197,23.98
2149,2049,197,14.55
1550,1449,197,20.2
1450,1349,197,17.38
6264,6263,197,10.04
1549,1449,197,21.26
1549,1548,197,24.3
2870,2769,197,30.52
5858,5857,197,13.61
5758,5857,197,5.07
2345,2244,198,33.8
2345,2344,198,24.23
2245,2144,198,34
2245,2244,198,24.24
2948,3048,198,10.43
2948,3047,198,14.64
6466,6465,198,9.16
4177,4178,198,1.28
1950,1849,199,115.84
1947,1846,199,65.58
1453,1352,199,35.46
2846,2845,199,21.8
2152,2151,199,15.77
2847,2946,199,14.83
2346,2445,199,12.97
3878,3778,199,5.17
3475,3375,199,5.02
2262,2161,200,39.08
1649,1648,200,20.69
2846,2745,200,24.92
1352,1251,201,99.19
2151,2050,201,91.62
2049,1948,201,42.02
6162,6161,201,24.17
1850,1749,201,27.16
2646,2545,201,12.82
1448,1347,201,31.39
5575,5476,201,1.9
4976,4877,201,1.9
5375,5276,201,1.84
4676,4677,201,1.07
2161,2060,202,116.64
2244,2143,202,38.41
2144,2043,202,36.41
1250,1150,202,21.12
2049,1949,202,20.18
6263,6262,202,24.02
1249,1148,202,34.86
2146,2045,202,15.31
2059,1959,202,9.27
3173,3073,202,7.76
3072,2972,202,6.51
3576,3476,202,5.06
1548,1447,202,28.8
5475,5376,202,1.79
4876,4777,202,1.79
1948,1847,203,78.24
2244,2243,203,24.24
2144,2044,203,21.44
1250,1149,203,26.28
1349,1248,203,27.7
2846,2945,203,16.12
1959,1858,204,122.7
1849,1748,204,32.48
1849,1848,204,24.07
2845,2744,204,31.94
2845,2844,204,23.99
2445,2444,204,22.22
2972,2871,204,129.99
1649,1748,204,16.58
1756,1656,204,9.48
2345,2444,204,13.47
6365,6364,204,8.65
2948,3049,204,9.19
6265,6364,204,5.1
4277,4278,204,1.26
1847,1746,205,77.08
2745,2645,205,21.72
2745,2644,205,30.18
2046,1945,205,15.31
1449,1348,205,19.12
6173,6273,205,1.4
1858,1757,206,130.45
1848,1747,206,70.79
1656,1555,206,110.01
1150,1049,206,38.97
2143,2042,206,39.6
1148,1047,206,46.46
2545,2544,206,22.84
2769,2668,206,15.78
1946,1845,206,14.01
5076,4977,206,1.81
1748,1647,207,54.35
2243,2142,207,42.41
1149,1048,207,44.81
1248,1147,207,41.7
6262,6261,207,24.04
1150,1050,207,20.96
2143,2142,207,24.12
3048,3148,207,11.25
1250,1151,207,14.9
2768,2667,207,9.54
1648,1547,207,21.54
1846,1745,207,18.08
6370,6469,207,2.82
5575,5576,207,1.18
1555,1454,208,110.4
2243,2242,208,23.66
2945,2944,208,24.27
2871,2770,208,36.48
3048,3147,208,15.27
5857,5856,208,9.91
1554,1454,208,7.13
2464,2364,208,6.39
6467,6566,208,5.24
1049,948,209,53.87
2444,2343,209,33.49
2444,2443,209,24.2
2744,2643,209,35.33
2744,2743,209,24.32
5859,5958,209,7.94
1348,1247,209,35.65
2666,2566,209,5.12
5776,5677,209,4.89
5776,5777,209,3.48
1747,1646,209,56.81
1347,1246,209,18.56
1547,1446,210,50.79
1050,949,210,63.73
2644,2543,210,33.77
3073,2973,210,13.37
6465,6464,210,8.99
6263,6362,210,11.21
1453,1353,210,6.93
2142,2041,211,43.18
1048,947,211,45.98
6263,6363,211,7.16
3274,3174,211,5.17
1647,1546,211,44.31
1353,1252,212,96.8
2743,2642,212,51.48
2142,2141,212,23.5
2043,1942,212,15.31
1447,1346,212,14.91
948,847,212,47.44
6061,6060,212,6.11
2565,2465,212,5.1
5859,5959,212,4.78
6466,6565,212,5.69
1746,1645,212,20.34
949,848,213,60.04
2973,2872,213,62.24
5856,5855,213,21.66
2364,2263,213,29.52
1047,946,213,20.33
2044,1943,213,14.55
2045,1944,213,12.94
2060,1960,213,9.33
3048,3149,213,10.01
6467,6567,213,3.05
2770,2669,213,29.01
2743,2742,214,21.05
2643,2542,214,34.97
1646,1545,214,28.44
2872,2771,215,130.02
1960,1859,215,112.03
2642,2541,215,54.28
1546,1445,215,47.02
2543,2442,215,34.4
1050,950,215,12.86
2744,2843,215,12.94
2945,3044,215,12.02
6262,6361,215,11.25
3677,3577,215,3.51
2042,1941,215,15.9
2041,1940,215,41.08
5076,5077,215,1.12
1745,1644,216,17.48
1047,1046,216,10.03
2945,3045,216,7.83
1150,1051,216,10.57
3047,3046,216,5.87
848,747,216,51.22
2041,2040,216,23.91
1147,1046,216,17.1
1859,1758,217,132.71
2742,2641,217,54.08
2642,2641,217,20.06
847,746,217,29.42
6060,6059,217,24.29
947,846,217,25.04
1757,1657,217,9.25
1945,1844,217,12.19
2243,2342,217,10.54
2262,2162,217,4.99
6271,6371,217,1.31
1147,1146,217,10.01
2541,2440,218,49.89
5855,5854,218,21.99
2973,2873,218,13.31
1246,1145,218,16.36
6161,6160,218,6.12
1657,1556,219,138.76
1941,1840,219,42.99
1940,1839,219,41.54
2742,2741,219,20.13
2542,2441,219,35.02
1545,1444,219,31.94
1545,1544,219,23.99
1446,1345,219,16.34
3778,3678,219,5.03
2641,2540,220,54.88
950,849,220,34.61
2541,2540,220,21.59
2442,2341,220,29.27
1940,1939,220,23.83
946,845,220,21.55
2771,2670,220,33.84
2161,2061,220,5.11
3375,3275,220,4.97
6370,6470,220,1.61
1845,1744,220,10.25
2873,2772,221,65
1941,1841,221,19.89
6464,6463,221,9.97
2142,2241,221,10.29
2668,2567,221,9.46
1942,1841,221,16.08
2741,2640,222,54.08
2440,2339,222,42.02
747,646,222,24.16
5854,5753,222,36.38
2669,2568,222,15.79
1346,1245,222,15.37
3476,3376,222,5.01
2772,2671,223,120.12
849,748,223,53.19
2540,2439,223,48.27
1840,1739,223,43.2
1839,1738,223,36.21
2441,2340,223,35.86
2440,2340,223,20.18
2440,2439,223,23.74
846,745,223,24.41
5854,5853,223,24.33
1252,1152,223,9.13
6565,6564,223,9.19
1454,1354,223,6.96
6566,6665,223,9.87
6465,6564,223,5.81
1944,1843,223,14.4
1943,1842,223,15.09
1939,1838,224,35.83
1556,1455,224,33.08
1839,1838,224,24.33
2741,2740,224,20.13
1444,1344,224,21.77
1444,1343,224,33.04
1444,1443,224,24.15
1046,945,224,18.4
6060,6159,224,12.14
6261,6260,224,6.08
6059,6058,224,16.56
2041,2140,224,10.97
5858,5957,224,4.13
1354,1253,225,96.69
2640,2539,225,57.76
2540,2539,225,22.11
1939,1938,225,24.33
1840,1740,225,19.82
1644,1543,225,16.46
3044,2943,225,14.34
1353,1253,225,6.73
5856,5955,225,8.36
6566,6666,225,6.13
5776,5877,225,3.16
2241,2240,226,24.28
2341,2240,226,27.32
845,744,226,27.88
746,645,226,16.63
3147,3146,226,5.79
1146,1045,226,17.21
2740,2639,227,64.52
2340,2239,227,35.62
2439,2338,227,42.83
1738,1637,227,36.95
2339,2239,227,21.7
2339,2238,227,34.23
2339,2338,227,24.26
2873,2773,227,12.49
1145,1044,227,16.19
3045,3145,227,9.37
3045,3144,227,13.68
2743,2842,227,7.89
5857,5956,227,4.87
748,647,227,44.41
2539,2438,228,52.06
1344,1243,228,39.54
2439,2438,228,23.58
1739,1639,228,21.6
1739,1638,228,35.22
1738,1638,228,21.36
1738,1737,228,24.32
1844,1743,228,12.92
2364,2264,228,5.05
5853,5752,228,30.79
5853,5852,228,23.77
6174,6274,228,1.99
1343,1242,229,31.02
1343,1342,229,23.82
1838,1837,229,24.15
1344,1244,229,20.83
6260,6259,229,24.1
745,644,229,24.2
2670,2569,229,16.63
1345,1244,229,15.06
1940,2039,229,10.82
2566,2466,229,5.12
5677,5577,229,5.06
2639,2538,230,67.17
2773,2672,230,65.52
2539,2538,230,20.85
1938,1937,230,23.87
5955,5954,230,24.27
950,850,230,7
6159,6158,230,16.87
5855,5954,230,8.64
5854,5953,230,12.58
6074,6175,230,1.47
2438,2337,231,49.01
1637,1536,231,36.81
1740,1640,231,19.06
2740,2739,231,16.45
945,844,231,21.52
845,844,231,9.59
3174,3074,231,5.12
3073,2974,231,5.01
2671,2570,231,18.88
1638,1537,232,40.9
1639,1538,232,36.25
1243,1142,232,40.33
1737,1636,232,42.47
2842,2841,232,22.74
1637,1537,232,21.38
1637,1636,232,24.32
647,546,232,29.51
2240,2139,232,23.79
744,643,232,26.78
2338,2237,232,30.81
1842,1741,232,15.95
1245,1144,232,15.46
646,545,232,15.12
1939,2038,232,12.77
1744,1643,232,12.56
6361,6360,232,6.06
2239,2139,232,21.4
1960,1860,232,5.41
2465,2365,232,5.09
2238,2138,232,21.78
2238,2137,232,31.63
2238,2237,232,23.94
2538,2437,233,60.86
1837,1736,233,46.72
2438,2437,233,21.88
1639,1539,233,21.46
2264,2163,233,28.56
5752,5652,233,21.5
5752,5751,233,23.1
1243,1143,233,20.63
1737,1736,233,23.65
850,749,233,48.96
1843,1742,233,14.72
2739,2638,233,86.8
2263,2163,233,5.02
5853,5952,233,14.47
1860,1759,234,119.42
1837,1836,234,22.59
5752,5651,234,28.26
1343,1442,234,14.4
1152,1052,234,9.15
6564,6563,234,9.66
1045,944,234,18.59
1536,1435,235,36.72
2672,2571,235,32.95
1938,2037,235,14.32
6260,6359,235,13.85
6259,6258,235,19.14
2638,2537,235,82.3
3878,3779,235,2.53
1052,951,236,75.52
1736,1635,236,49.19
1759,1658,236,132.47
1538,1437,236,42.73
1537,1436,236,36.62
1636,1535,236,43.39
1536,1436,236,21.39
1536,1535,236,24.33
2773,2673,236,12.34
1044,943,236,16.51
546,445,236,46.84
1253,1153,236,9.2
5955,6054,236,13.3
2337,2336,236,23.07
1051,951,236,5.16
6566,6667,236,5.21
6467,6568,236,2.55
1836,1735,237,50.79
1143,1042,237,41.73
2841,2840,237,21.05
1142,1042,237,21.76
1142,1041,237,33.23
1142,1141,237,24.17
1640,1540,237,18.66
844,743,237,25.72
644,543,237,18.21
645,544,237,13.02
744,743,237,9.67
5955,6055,237,9
2537,2436,237,72.24
1658,1557,237,148.89
2337,2236,237,28.16
2568,2467,237,9.92
2162,2062,237,5.04
749,648,237,39.04
2237,2136,237,33.19
2237,2236,237,24.17
6565,6664,237,5.67
445,344,238,127.42
1539,1439,238,21.73
1539,1438,238,33.72
5652,5551,238,32.72
1143,1043,238,20.26
643,542,238,24.5
1538,1438,238,19.97
2570,2469,238,20.31
2569,2468,238,15.77
5752,5851,238,15.25
3144,3043,238,14.14
3145,3245,238,9.74
3145,3244,238,14.03
545,444,238,24.75
1354,1254,238,6.74
6463,6462,238,6.18
3577,3477,238,4.48
3878,3879,238,1.7
6158,6057,238,19.77
1635,1534,239,49.83
1435,1334,239,38.74
1836,1835,239,21.29
1342,1241,239,14.17
1556,1456,239,5.03
2973,2874,239,4.98
943,842,239,52.26
1535,1434,240,46.08
1436,1335,240,37.56
1437,1336,240,37.05
1435,1335,240,21.01
1435,1434,240,24.21
6359,6358,240,20.96
5953,6053,240,10.26
5953,6052,240,14.5
5954,6053,240,14.38
1743,1642,240,11.95
1455,1355,240,6.66
2436,2335,240,55.23
2061,1961,240,5.08
3275,3175,240,5.14
444,343,240,80.66
344,243,240,127.42
1735,1634,241,27.4
1735,1734,241,44.87
1141,1140,241,33.42
1635,1634,241,45.86
643,642,241,23.12
844,843,241,24.37
647,547,241,3.95
2537,2536,241,50.99
2436,2435,241,44.14
2236,2235,241,35.65
2638,2637,241,52.17
3678,3578,241,2.24
2739,2738,241,52.1
943,942,241,47.35
343,342,242,51.45
1835,1834,242,45.23
1042,941,242,28.29
1437,1337,242,11.8
542,441,242,24.26
542,541,242,49.42
543,442,242,28.41
2842,2941,242,16.14
2236,2135,242,28.1
2840,2839,242,51.43
951,851,242,16.54
444,443,242,52.14
842,841,242,49.6
2637,2636,243,50.77
642,641,243,52.14
243,242,243,48.77
1334,1333,243,36.87
1534,1533,243,32.76
1439,1338,243,28.46
743,742,243,26.54
1141,1040,243,27.49
6563,6562,243,14.15
1837,1936,243,13.8
5577,5477,243,4.06
5851,5850,243,21.72
1740,1641,243,6.03
5955,6056,243,9.61
3978,3979,243,1.3
4377,4378,243,1.07
342,341,244,50.04
541,540,244,51.76
1734,1733,244,35.8
1634,1633,244,34.86
1434,1433,244,33.04
1334,1233,244,28.32
1540,1440,244,10.74
2235,2234,244,35.72
6054,6154,244,15.05
2842,2942,244,7.97
3144,3143,244,11.65
3145,3246,244,9.47
2335,2334,244,28.28
842,741,244,24.07
242,241,245,51.63
1834,1833,245,40.41
2839,2838,245,48.9
1140,1139,245,33.3
2536,2535,245,25.11
1335,1234,245,28.46
1439,1339,245,12.66
6664,6663,245,15.3
5751,5750,245,10.17
1643,1542,245,7.8
2137,2036,245,4.37
1342,1341,245,11.51
6054,6153,245,19.27
641,640,245,52.18
441,440,245,43.79
5851,5750,245,20.85
5851,5951,245,15.53
1543,1542,245,11.49
2135,2134,245,33.43
2941,2940,245,44.99
951,952,245,10.07
2571,2470,245,9.15
1333,1332,246,36.45
1040,1039,246,34.32
1336,1235,246,27.96
1141,1240,246,18.99
540,539,246,51.4
6055,6155,246,13.11
5851,5950,246,18.93
6666,6765,246,10.69
3376,3276,246,2.31
2940,2939,247,52.19
1733,1732,247,35.04
1533,1532,247,27.31
2435,2434,247,18.15
241,240,247,50.68
5651,5650,247,9.83
1442,1441,247,11.6
341,340,247,39.57
951,852,247,11.78
1833,1832,248,37.11
1633,1632,248,31.93
1233,1232,248,32.72
2334,2333,248,31.44
1338,1237,248,28.51
1336,1236,248,14
5551,5550,248,11.65
6359,6458,248,13.89
1836,1935,248,12.46
5651,5550,248,8.62
2134,2133,248,33.7
440,439,248,49.32
2234,2233,248,31.88
2135,2034,248,27.49
640,639,248,46.64
1240,1239,249,33.57
2535,2534,249,28.1
1040,939,249,27.76
1533,1432,249,24.63
1140,1239,249,19.02
6052,6051,249,11.15
3043,3042,249,11.51
6765,6764,249,47.07
2135,2035,249,14.65
539,538,249,44.28
741,740,249,20.85
6469,6569,249,3.23
2673,2572,249,8.74
6158,6157,249,9.96
2939,2938,250,45.17
1732,1731,250,41.18
240,239,250,42.59
1339,1238,250,28.46
1233,1132,250,27.24
1040,940,250,14.3
841,840,250,14.23
1835,1934,250,13.61
3148,3248,250,3.35
3148,3247,250,4.28
6273,6372,250,5.36
6258,6257,250,9.68
2133,2132,251,35.57
1832,1831,251,40.2
1632,1631,251,40.18
1234,1133,251,27.97
340,339,251,29.51
1233,1133,251,14.92
1834,1933,251,16.32
2333,2332,251,35.65
2134,2033,251,27.58
6462,6461,251,8.56
2467,2366,251,8.59
440,339,251,24.37
6055,6156,251,10.26
2034,2033,251,35.8
6358,6357,251,9.69
939,938,252,34.57
740,739,252,36.46
639,638,252,30.64
1235,1134,252,28.05
2334,2433,252,19.42
243,142,252,12.25
6359,6459,252,6.4
241,140,252,22.7
1640,1541,252,5.71
5850,5849,252,11.65
6666,6766,252,4.59
539,438,252,27.63
3042,3041,252,35.74
1731,1730,252,51.04
2938,2937,253,42.8
538,537,253,30.6
2534,2533,253,28.64
2233,2232,253,23.66
1632,1531,253,28.48
240,139,253,28.14
1833,1932,253,17.79
1132,1131,253,37.69
242,141,253,15.63
5951,6050,253,19.3
2469,2368,253,8.72
6663,6662,253,13.01
6764,6763,253,28.49
3143,3142,253,11.6
2941,3040,253,13.76
1831,1830,253,51.58
339,338,254,43.1
239,238,254,26.26
840,839,254,31.91
2133,2032,254,28.08
1236,1135,254,27.8
1237,1136,254,26.96
1235,1135,254,13.84
6153,6152,254,11.45
6257,6256,254,26.78
1341,1340,254,11.43
1139,1138,254,12.42
1440,1340,254,10.9
851,750,254,12.75
2738,2737,254,8.15
850,750,254,2.77
2332,2331,254,35.49
2033,2032,254,35.57
2132,2131,254,33.79
2937,2936,255,52.2
3040,3039,255,51.12
938,937,255,39.42
638,637,255,34.26
538,437,255,26.36
939,838,255,27.84
1237,1137,255,15.2
1039,1038,255,12.22
1132,1031,255,28.43
2468,2367,255,7.87
5950,5949,255,11.64
1730,1729,255,48.72
6562,6561,255,8.47
438,437,255,36.77
2873,2774,255,2.78
1830,1829,255,51.63
537,536,256,38.54
739,738,256,28.36
239,138,256,24
639,738,256,19.54
2636,2635,256,8.15
2333,2432,256,18.33
6357,6356,256,24.29
2264,2164,256,2.49
546,446,256,3.15
1932,1931,256,38.81
547,446,256,9.75
1031,1030,257,51.21
1829,1828,257,52.13
238,237,257,37.96
1134,1033,257,28.33
938,837,257,28.51
1133,1032,257,27.84
5550,5549,257,11.45
2533,2532,257,29.3
2331,2330,257,36.54
2232,2231,257,27.69
6764,6864,257,12.97
6764,6863,257,19.74
438,337,257,28.31
2332,2231,257,28.07
6361,6460,257,4.44
3042,3141,257,18.3
2132,2031,257,27.61
1631,1630,257,19.69
637,636,258,37.19
3039,3038,258,43.79
1038,1037,258,36.87
537,436,258,28.49
142,41,258,26.85
140,39,258,26.91
2838,2837,258,7.75
141,40,258,28.49
5551,5450,258,6.58
6357,6457,258,14.61
2131,2130,258,31.81
1729,1728,258,48.6
3244,3243,258,5.04
749,649,258,3.08
6458,6457,258,10.05
1531,1530,258,23.86
6174,6275,258,2.09
738,737,259,34.58
1931,1930,259,42.36
1135,1034,259,28.41
238,137,259,28.45
1136,1035,259,28.5
139,38,259,24.26
1132,1231,259,17.56
1153,1053,259,3.81
6357,6456,259,19.5
6274,6373,259,5.68
2332,2431,259,18.38
6371,6471,259,2.94
1728,1727,260,52.16
3141,3140,260,47.8
2330,2329,260,40.94
1030,1029,260,40.36
837,836,260,39.42
536,535,260,29.78
1137,1036,260,28.43
1828,1827,260,49.3
2470,2369,260,9.46
2231,2230,260,33.75
6256,6255,260,17.23
237,236,260,44.73
2131,2030,260,26.89
2331,2230,260,28.27
3038,3037,261,46.02
436,435,261,34.62
2532,2531,261,31.03
437,336,261,27.3
2937,2836,261,18.19
1332,1331,261,7.06
6863,6862,261,27.8
5849,5848,261,11.52
337,336,261,30.64
6470,6570,261,2.9
1131,1130,261,13.21
2329,2328,262,52.09
3140,3139,262,50.74
137,136,262,37.88
737,736,262,37.71
1530,1529,262,27.81
5450,5449,262,31.81
2330,2229,262,28.42
1630,1629,262,20.22
837,736,262,28.51
6356,6355,262,19.05
1031,930,262,21.82
6763,6762,262,11.44
6662,6661,262,11.59
2936,2935,262,15.12
2331,2430,262,18.01
6050,6049,262,11.65
2431,2430,262,44.06
5677,5678,262,1.73
1930,1929,262,44.79
1727,1726,263,47.32
1033,932,263,28.08
937,936,263,13.64
1432,1431,263,7.15
1827,1826,263,39.22
6154,6253,263,7.63
6152,6151,263,11.82
6459,6558,263,13.21
6764,6865,263,10.11
1032,931,263,27.72
2130,2129,263,21.16
2229,2228,264,51.66
336,335,264,34.76
1034,933,264,28.35
137,36,264,28.44
38,37,264,23.66
1035,934,264,28.51
6456,6455,264,20.92
436,335,264,27.85
536,635,264,19.65
138,37,264,19.58
142,42,264,8.79
6153,6252,264,7.64
6154,6254,264,5.01
3037,3036,264,48.65
2572,2471,264,9.58
2365,2265,264,2.55
648,548,264,3.44
5949,5948,264,11.4
236,235,264,28.68
2030,2029,264,26.92
5076,5177,264,1.03
2328,2327,265,43.61
3139,3138,265,44.6
2836,2835,265,32.48
1130,1129,265,33.05
6457,6557,265,14.47
6864,6963,265,18.04
5650,5649,265,5.62
1929,1928,265,44.66
6863,6963,265,13.25
6863,6962,265,19.76
136,135,265,38.96
1629,1628,265,47.95
5677,5578,265,2.11
5976,6076,265,1.68
936,935,266,38.92
1727,1626,266,26.05
2129,2128,266,34.18
6457,6556,266,19.55
2330,2429,266,16.06
5549,5548,266,11.59
1826,1825,266,41.21
1254,1154,266,3.37
3779,3679,266,2.93
1860,1760,266,2.34
1231,1230,266,15.02
235,234,267,37.19
36,35,267,35.46
1726,1725,267,27.43
1728,1627,267,17.5
3243,3242,267,11.64
2737,2736,267,7.95
5750,5749,267,4.74
2163,2063,267,2.48
136,35,267,28.5
5850,5749,267,6.03
1331,1330,267,19.71
2327,2326,268,47.69
3138,3137,268,46.06
335,334,268,31.7
936,835,268,28.5
931,830,268,28.36
1529,1528,268,18.51
930,929,268,17.57
836,835,268,12.84
2128,2127,268,51.95
6864,6964,268,9.71
6661,6660,268,18.5
1928,1927,268,44.79
2029,2028,268,30.63
1431,1430,268,24.53
932,831,268,28.36
1531,1430,268,9.6
4078,4079,268,1.11
1626,1625,269,34.27
235,134,269,28.37
934,833,269,28.49
1726,1625,269,24.71
3141,3240,269,11.88
2635,2634,269,8.12
6862,6861,269,12.98
852,751,269,6.64
1827,1926,269,16.89
5477,5377,269,3.86
6962,6961,269,30.86
6459,6559,269,5.98
2835,2834,269,27.92
135,134,269,30.01
3244,3344,269,3.38
3148,3249,269,2.84
2431,2530,269,14.33
4477,4478,269,1.03
2326,2325,270,52.1
234,233,270,38.5
1230,1229,270,33.12
6355,6354,270,12.75
535,534,270,10.08
6561,6560,270,7.08
5848,5847,270,11.4
952,953,270,4.08
835,834,271,33.79
935,834,271,28.51
2127,2126,271,46.67
1926,1925,271,51.2
6556,6555,271,20.54
736,735,271,11.74
6049,6048,271,12.09
5449,5448,271,11.6
3240,3239,271,51.99
446,345,271,9.87
6569,6668,271,6.46
2368,2267,271,8.24
1825,1824,271,20.65
3245,3345,271,3.18
1456,1356,271,3.09
6051,6150,271,6.49
2773,2674,271,2.75
3137,3136,271,47.89
135,34,271,26.09
2673,2573,271,2.65
2935,2934,271,11.86
2325,2324,272,50.46
134,133,272,41.4
334,333,272,31.41
1430,1429,272,33.02
2028,2027,272,29.97
929,928,272,30.55
234,133,272,28.49
1626,1525,272,27.75
6455,6454,272,13.19
335,434,272,19.37
1528,1527,272,31.77
1625,1624,272,39.01
2367,2266,272,8.68
3244,3343,272,4.26
932,832,272,11.12
1626,1526,273,14.32
635,634,273,11.5
2836,2735,273,12.18
5948,5947,273,11.51
6963,7062,273,18.65
6962,7061,273,19.51
6667,6767,273,2.83
6152,6251,273,7.63
6274,6374,273,2.45
6666,6767,273,3.12
3036,3035,273,11.41
952,853,273,5.15
3136,3135,274,37.8
3239,3238,274,46.04
534,533,274,28.89
134,33,274,28.36
835,734,274,27.61
5649,5648,274,11.6
1925,1924,274,43.77
6762,6761,274,8.84
1625,1524,274,28.51
1824,1823,274,39.15
2062,1962,274,2.54
34,33,274,40.21
133,132,275,46.99
1229,1228,275,23.3
5548,5547,275,11.37
2027,2026,275,45.19
6963,7063,275,10.45
1355,1255,275,2.94
1524,1523,276,50.15
534,433,276,25.52
830,829,276,13.19
334,433,276,19.42
2326,2225,276,19.3
3242,3241,276,11.65
1725,1724,276,12.49
5749,5748,276,11.6
434,433,276,25.28
3246,3346,276,3.15
6861,6860,276,15.37
1557,1457,276,2.39
5777,5778,276,1.5
3135,3134,277,45.31
33,32,277,48.81
7061,7060,277,30.55
2325,2224,277,23.01
2026,2025,277,52.09
2834,2833,277,14.22
3249,3348,277,18.77
548,447,277,11.72
1924,1923,277,43.01
2228,2227,277,8.09
2369,2268,277,8.36
2534,2633,277,5.22
852,752,277,3.38
533,532,277,35.1
2835,2734,277,12.64
6961,6960,277,12.85
1525,1425,278,16.92
1525,1424,278,23.75
534,633,278,19.72
2429,2428,278,8.42
1760,1659,278,12.31
2327,2226,278,11.5
1529,1428,278,9.04
6864,6965,278,7.03
3477,3377,278,2.39
832,731,278,28
2224,2223,279,51.35
1523,1522,279,46.73
6354,6353,279,12.14
3249,3349,279,10.62
433,432,279,37.34
6860,6859,279,38.49
5847,5846,279,11.52
142,143,279,3.83
6559,6658,279,15.15
3175,3075,279,2.58
243,143,279,2.61
3238,3237,279,22.07
4577,4578,279,0.96
2471,2370,279,9.52
2025,2024,280,49.71
6960,6959,280,38.44
3134,3133,280,47.12
7060,7059,280,35.78
829,828,280,31.14
3135,3034,280,27.2
3136,3235,280,17.51
6454,6453,280,12.81
5448,5447,280,11.59
6150,6149,280,11.37
2934,2933,280,11.33
3348,3347,280,37.34
1624,1623,280,12.97
6964,7064,280,8.77
6761,6760,280,18.18
2734,2733,280,35.86
3137,3236,280,11.81
832,732,280,13.92
1424,1423,281,45.87
1524,1423,281,23.42
7061,7160,281,19.56
751,650,281,11.93
433,332,281,28.39
1724,1723,281,22.61
6049,6148,281,7.63
6373,6472,281,6.61
6860,6759,281,28.49
633,632,281,34.86
1961,1861,281,2.49
2533,2632,281,5.13
1823,1822,281,16
5876,5977,281,1.48
1428,1427,282,31.66
2833,2832,282,20.49
1228,1227,282,15.11
7061,7161,282,12.14
6555,6554,282,9.62
6048,6047,282,9.6
233,232,282,8.6
2530,2529,282,8.14
5947,5946,282,11.64
6253,6352,282,7.63
142,43,282,4.85
6151,6250,282,7.63
3034,3033,283,40.62
2024,2023,283,48.05
7059,7058,283,39.47
3235,3234,283,49.55
3134,3033,283,26.19
5648,5647,283,11.25
2324,2323,283,9.36
1430,1329,283,9.95
3249,3250,283,7.42
6660,6659,283,6.86
6570,6669,283,6.68
6569,6669,283,2.98
6559,6659,283,7.24
649,549,283,4.04
632,631,284,38.66
6759,6758,284,40.35
7160,7159,284,33.7
1424,1323,284,26.93
734,733,284,10.54
2733,2732,284,33.19
6767,6866,284,13.8
1525,1426,284,12.55
2126,2125,284,8.13
5547,5546,284,11.48
6557,6657,284,5.33
6557,6656,284,7.55
7063,7162,284,17.06
1425,1324,284,27.78
6765,6866,284,3.78
1723,1722,284,44.04
3346,3446,284,14.28
3346,3445,284,19.62
344,244,284,2.11
7059,6958,285,28.51
928,927,285,8.15
2325,2424,285,9.71
1229,1128,285,9.55
3348,3447,285,17.7
3249,3150,285,9.03
3578,3478,285,2.29
5748,5747,285,11.26
1323,1322,286,51.42
632,531,286,28.49
1423,1422,286,20.99
2223,2222,286,15.17
853,753,286,7.9
830,729,286,8.14
2532,2631,286,4.91
1623,1622,286,18.56
7159,7158,287,37.75
3133,3132,287,16.46
2125,2124,287,48.62
731,730,287,11.62
2224,2123,287,15.09
3241,3340,287,13.2
2573,2472,287,9.29
3349,3449,287,12.84
3349,3448,287,19.72
2326,2425,287,7.46
7063,7163,287,8.74
5577,5478,287,2.23
4178,4179,287,1.05
631,630,288,32.19
3234,3233,288,21.56
2832,2831,288,18.16
6453,6452,288,13.39
2732,2731,288,28.93
132,131,288,8.28
2267,2166,288,8.76
2266,2165,288,8.91
3249,3350,288,7.82
6556,6655,288,6.48
1029,1028,288,3.6
6275,6375,288,3.42
7058,7057,288,22.27
3340,3339,289,51.2
6758,6757,289,23.08
1324,1223,289,28.45
7160,7259,289,18.92
5447,5446,289,11.57
5846,5845,289,10.77
6554,6553,289,14.83
32,31,289,8.8
752,651,289,12.7
1923,1922,289,8.58
6767,6867,289,6.34
3445,3444,289,21.9
1425,1325,289,9.89
2631,2630,289,45.45
432,431,289,10.71
6859,6858,289,11.1
729,728,290,31.12
6958,6957,290,22.41
631,530,290,27.04
1227,1226,290,14.15
7064,7164,290,10.87
7161,7260,290,19.12
1429,1328,290,7.91
6555,6654,290,7.5
3343,3342,290,5.88
6048,6147,290,7.5
3276,3176,290,2.32
6175,6176,290,1.68
7058,6957,290,21.26
3033,3032,291,14.03
2428,2427,291,8.13
7161,7261,291,11.17
5946,5945,291,11.63
6374,6473,291,8.27
6964,7065,291,6.25
332,331,291,10.19
7058,7157,291,19.08
1223,1222,292,37.23
3339,3338,292,49.16
2630,2629,292,45.47
6958,6857,292,21.36
6758,6857,292,19.27
1324,1224,292,12.74
2731,2730,292,25.64
5446,5445,292,35.1
1228,1127,292,8.52
6251,6350,292,7.59
6668,6768,292,4.95
1822,1821,292,9.7
447,346,292,9.78
1622,1621,292,17.75
5647,5646,292,11.38
1328,1327,293,44.47
1226,1225,293,38.45
7159,7258,293,17.53
2323,2322,293,11.12
6047,6046,293,9.28
1659,1558,293,9.82
3241,3341,293,5.98
6251,6351,293,5.21
6570,6670,293,3.16
5546,5545,293,11.57
2427,2426,294,49.74
1223,1122,294,28.37
3233,3232,294,18.98
3132,3131,294,14.67
3449,3450,294,15.14
5747,5746,294,11.26
6250,6249,294,8.35
2933,2932,294,7.68
3444,3443,294,23.66
3235,3334,294,10.53
5846,5745,294,9.64
2268,2167,294,8.58
3349,3450,294,9.97
6471,6571,294,2.9
1522,1521,294,6.93
6470,6571,294,2
549,448,294,12.89
2629,2628,295,44.76
232,231,295,8.33
2529,2528,295,8.16
828,827,295,6.92
2370,2269,295,9.32
1154,1054,295,3.47
7158,7257,295,19.46
4877,4778,295,1.27
2424,2423,296,9.27
2023,2022,296,8.25
2223,2122,296,8.53
6757,6756,296,14.46
2164,2064,296,2.53
5445,5444,296,33.32
3232,3231,297,46.13
1122,1121,297,34.76
6553,6552,297,14.29
1223,1123,297,13.06
6452,6451,297,11.85
1028,1027,297,11.94
3237,3336,297,8.28
6654,6653,297,15.62
3338,3337,297,23.65
1722,1721,297,8.29
4278,4279,297,1.02
4877,4878,297,0.99
2628,2627,298,46.97
1222,1221,298,18.17
5845,5844,298,12.18
630,629,298,10.05
2222,2221,298,8.83
927,926,298,7.96
7064,7165,298,8.05
953,954,298,3.61
3336,3335,299,51.1
431,430,299,11.07
2425,2524,299,12.53
753,652,299,11.66
2831,2830,299,9.78
6149,6248,299,7.58
7257,7256,299,32.41
2627,2626,300,50.24
3231,3230,300,44.84
1121,1120,300,49.5
5444,5443,300,31.41
1122,1021,300,27.89
3032,3031,300,11.62
6147,6146,300,10.15
3132,3031,300,11.48
6669,6769,300,6.06
6148,6247,300,7.5
7161,7262,300,8.31
5945,5944,300,12.25
5377,5277,300,3.28
5445,5544,300,19.02
4777,4678,300,1.24
1122,1022,301,15.89
1327,1326,301,54.37
5646,5645,301,10.9
331,330,301,15.63
7157,7156,301,18.29
6957,6956,301,18.49
7258,7358,301,8.77
7258,7357,301,18.78
651,550,301,9.04
7057,7056,301,19.07
729,628,301,7.17
1922,1921,301,9.24
6857,6856,301,16.17
650,550,301,6.28
7257,7156,301,25.04
2626,2625,302,59.93
926,925,302,32.93
3131,3130,302,14.82
6046,6045,302,14.48
1127,1126,302,25.76
1621,1620,302,6.73
6350,6349,302,19.79
3340,3439,302,15.45
6250,6349,302,8.02
1821,1820,302,15.98
530,529,302,9.24
953,854,302,2.67
2730,2729,302,19.18
3230,3229,303,40.56
1221,1220,303,23.54
1027,1026,303,25.98
6653,6652,303,24.74
2528,2527,303,21.15
3334,3333,303,14.07
5745,5744,303,11.22
2322,2321,303,15.62
5845,5744,303,10.45
2832,2931,303,7.28
31,30,303,12.11
6756,6755,303,18.91
131,130,303,12.03
6374,6474,303,3.49
6275,6276,303,1.63
7257,7356,303,20.94
2729,2728,304,69.96
925,924,304,51.3
1126,1125,304,54.51
3439,3438,304,64.19
1121,1020,304,22.4
2122,2121,304,18.63
5444,5543,304,20.98
3232,3331,304,19.47
1223,1124,304,14.36
2425,2525,304,8.65
1322,1321,304,14.63
1422,1421,304,14.69
3343,3442,304,4.92
5777,5878,304,1.31
2527,2526,305,77.2
2625,2624,305,40.84
6247,6246,305,20.37
5443,5442,305,21.86
6146,6145,305,21.18
5844,5843,305,17.73
3231,3330,305,20.77
6552,6551,305,16.39
1721,1720,305,17.4
6451,6450,305,16.23
6473,6572,305,9.21
728,727,305,14.71
2166,2065,305,7.21
346,245,305,10.07
1521,1520,305,8.54
924,923,306,65.93
3229,3228,306,41.91
7356,7355,306,37.65
3130,3129,306,32.08
5944,5943,306,17.9
3031,3030,306,17.49
3230,3129,306,24.89
7256,7255,306,15
2221,2220,306,15.15
2423,2422,306,11.93
6856,6855,306,23.3
827,826,306,12.14
529,528,306,33.15
143,144,306,5.36
1760,1660,306,1.86
3438,3437,306,89.14
231,230,306,12.52
2471,2371,306,2.17
1220,1219,307,26.85
3232,3332,307,9.44
448,347,307,10.13
6755,6754,307,25.27
6045,6044,307,20.23
6655,6754,307,7.66
2830,2829,307,14.4
3437,3436,308,90.91
3330,3329,308,35.81
3130,3029,308,24.61
6349,6348,308,18.67
7056,7055,308,15.63
628,627,308,14.71
7156,7155,308,15.55
5443,5542,308,19.49
3230,3329,308,19.71
2524,2523,308,12.26
6956,6955,308,15.59
1921,1920,308,15.46
1122,1023,308,11.89
2022,2021,308,7.03
7065,7066,308,4.09
651,551,308,5.98
753,653,308,3.45
143,44,308,6.38
2063,1963,308,2.06
7355,7354,309,38.62
1321,1320,309,20.3
5744,5743,309,18.49
3229,3128,309,24.69
1620,1619,309,14.44
5645,5644,309,12.88
1120,1119,309,12.18
430,429,309,10.46
5442,5441,309,29.34
3129,3128,309,34.29
3340,3440,309,6.4
1820,1819,309,15.41
6767,6868,309,2.64
3679,3579,309,1.99
7357,7456,309,19.83
5477,5378,309,2.75
4977,4978,309,0.99
3436,3435,310,87.88
2829,2828,310,42.86
6145,6144,310,20.86
6246,6245,310,21.51
1020,1019,310,19.26
6652,6651,310,15.84
7356,7455,310,20.47
3228,3227,310,28
2321,2320,310,15.19
2625,2724,310,19.63
2728,2727,310,19.99
330,329,310,11.44
7358,7457,310,16.33
2931,2930,310,15.06
6654,6753,310,7.15
5077,5078,310,1.14
3329,3328,311,43.83
6855,6854,311,24.17
826,825,311,21.01
2121,2120,311,15.47
3331,3430,311,21.24
1026,1025,311,13.75
3229,3328,311,19.29
550,449,311,14.36
6350,6449,311,7.98
1255,1155,311,2.09
853,754,311,2.45
1421,1420,311,15.87
5843,5842,311,16.88
429,428,312,35.53
2727,2726,312,70.38
7355,7254,312,25.07
727,726,312,14.49
6551,6550,312,15.59
3330,3429,312,20.84
2624,2623,312,14.82
1720,1719,312,16.12
3331,3431,312,12.61
2626,2725,312,12.65
5542,5541,312,33.16
5442,5541,312,21.21
3442,3441,312,12.9
7258,7359,312,5.89
3129,3028,312,24.96
1219,1218,312,22.45
3029,3028,312,33.19
5943,5942,312,17.75
329,328,313,35.4
2828,2827,313,43.25
7155,7154,313,23.27
7055,7054,313,23.01
347,246,313,25.1
7355,7454,313,20.24
2422,2421,313,14.59
3228,3127,313,23.43
3228,3327,313,21.09
3030,2929,313,22.35
2167,2066,313,7.2
7065,6966,313,4.92
6044,6043,313,17.73
528,527,313,14.7
3128,3127,313,27.58
2573,2473,313,2.13
3779,3780,313,1.05
5842,5841,314,37.71
7354,7353,314,21.85
6348,6347,314,20
923,922,314,13.94
2220,2219,314,13.67
1520,1519,314,12.11
6955,6954,314,16.74
3029,2928,314,24.81
3429,3428,315,40.06
825,824,315,25.98
6245,6244,315,21.73
1019,1018,315,21.24
3435,3434,315,23.19
5644,5643,315,18.75
627,626,315,15.82
347,247,315,12.93
3439,3538,315,11.26
2021,2020,315,16
1920,1919,315,14.48
5542,5641,315,21.18
2269,2168,315,6.98
1320,1319,315,18.62
30,29,315,8.88
7454,7453,316,36.08
3028,3027,316,33.08
6753,6752,316,17.2
5743,5742,316,16.09
1619,1618,316,15.84
2827,2826,316,39.95
2523,2522,316,14.13
6144,6143,316,18.96
7358,7458,316,6.94
7065,7166,316,4.55
7456,7555,316,20.85
3128,3027,316,23.27
2674,2574,316,1.96
3879,3880,316,1.13
7353,7352,317,39.56
2928,2927,317,34.02
6854,6853,317,16.92
5842,5741,317,25.11
6651,6650,317,15.14
2724,2723,317,16.16
3127,3126,317,31.45
7455,7554,317,21.11
5441,5440,317,13.98
3332,3432,317,10.63
1119,1118,317,13.78
3440,3539,317,19.02
6449,6448,317,19.26
5542,5642,317,12.27
6670,6770,317,3.78
6473,6573,317,3.35
1819,1818,317,12.97
3538,3537,317,58.6
726,725,318,18.61
6550,6549,318,19.44
449,348,318,21.18
3430,3529,318,21.18
5842,5941,318,20.46
2320,2319,318,14.2
6247,6346,318,7.91
7456,7556,318,11.34
1962,1862,318,2.02
1356,1256,318,1.75
1420,1419,318,14.42
130,129,318,6.88
3537,3536,319,69.01
7453,7452,319,40.02
3027,3026,319,33.95
29,28,319,27.41
246,145,319,23.81
2826,2825,319,37.02
7254,7253,319,15.23
3441,3540,319,21.25
7054,7053,319,19.64
1218,1217,319,15.32
428,427,319,14.69
3431,3530,319,20.72
2623,2622,319,16.16
1025,1024,319,13.78
2120,2119,319,13.45
3127,3026,319,24.48
230,229,319,8.05
3227,3226,319,12.34
1719,1718,319,15.06
6043,6042,319,17.85
3074,2975,319,1.25
5941,5940,320,54.59
824,823,320,22.71
1018,1017,320,22.6
6244,6243,320,20.49
7353,7252,320,25
2421,2420,320,15.82
328,327,320,14.68
7154,7153,320,14.52
7454,7553,320,20.79
3441,3541,320,12.7
2725,2824,320,19.65
3429,3528,320,19.85
652,552,320,4.96
5541,5540,320,13.54
3536,3535,321,63.97
2927,2926,321,33.03
6752,6751,321,20.72
6954,6953,321,15.47
3327,3326,321,12.94
2827,2926,321,19.89
129,128,321,34.81
1457,1357,321,2.02
5440,5439,321,32.38
1319,1318,321,18.94
5940,5939,322,67.88
7452,7451,322,40.7
7352,7351,322,22.39
3428,3427,322,16.13
5841,5840,322,12.95
922,921,322,14.01
2219,2218,322,12.94
1519,1518,322,13.79
3431,3531,322,11.1
6448,6447,322,21.09
2020,2019,322,14.43
551,450,322,10.38
626,625,322,16.41
229,228,322,34.62
1021,920,322,6.67
2370,2270,322,2.25
823,822,323,45.06
6346,6345,323,21.93
6650,6649,323,19.38
2522,2521,323,15.65
1618,1617,323,14.48
3434,3433,323,12.82
527,526,323,10.07
2826,2925,323,20.61
725,724,323,20.1
3333,3433,323,5.21
1919,1918,323,13.29
7555,7655,323,15.64
7457,7557,323,7.78
1118,1117,323,19.44
6275,6376,323,1.82
5540,5539,323,40.84
5840,5839,324,57.14
6549,6548,324,19.26
6853,6852,324,16.49
2723,2722,324,16.31
7453,7552,324,19.87
5439,5438,324,34.34
246,146,324,9.58
3126,3125,324,14.51
347,248,324,8.46
6572,6671,324,7.84
6571,6671,324,3.1
7555,7654,324,19.96
5976,6077,324,1.05
822,821,325,53.06
7451,7450,325,43.34
7351,7350,325,42.02
7252,7251,325,22.02
6042,6041,325,17.21
1217,1216,325,18.25
427,426,325,16.77
3529,3628,325,21.22
3539,3638,325,18.58
7053,7052,325,19.21
449,349,325,7.39
2065,1964,325,7.22
5641,5640,325,10.11
3779,3680,325,1.27
5839,5838,326,55.03
920,919,326,25.59
6953,6952,326,21.32
3528,3527,326,16.76
28,27,326,14.47
2622,2621,326,16.16
2319,2318,326,13.67
1818,1817,326,11.93
3530,3629,326,21.24
3540,3639,326,20.93
3026,3025,326,14.75
1660,1559,326,7.21
1017,1016,326,18.72
5539,5538,326,45.49
1659,1559,326,1.93
3377,3277,326,1.92
3538,3637,326,13.11
5939,5938,327,20.08
3535,3534,327,17.26
6751,6750,327,19.32
1318,1317,327,18.62
327,326,327,16.51
2824,2823,327,16.34
7452,7551,327,19.67
6447,6446,327,21.73
2119,2118,327,13.57
1419,1418,327,11.76
3530,3630,327,13.51
3541,3640,327,21.18
7555,7656,327,13.05
3226,3225,327,13.02
821,820,328,47.16
7350,7349,328,43.22
5640,5639,328,43.01
6649,6648,328,20.23
6345,6344,328,22.51
724,723,328,20.59
7351,7250,328,24.67
625,624,328,19.65
2420,2419,328,12.97
1718,1717,328,12.18
7153,7152,328,14.1
5941,6040,328,14.58
1861,1761,328,1.85
3979,3980,328,1.16
5540,5639,328,19.63
5938,5937,329,57.39
3637,3636,329,44.32
27,26,329,47.02
6548,6547,329,22.28
6852,6851,329,20.73
526,525,329,16.68
1518,1517,329,14.98
5538,5537,329,48.04
128,127,329,14.21
5438,5437,329,24.99
5741,5740,329,8.56
5841,5740,329,9.75
653,553,329,4.79
3541,3641,329,12.29
450,350,329,14.62
228,227,329,14.71
1117,1116,329,19.42
2521,2520,330,15.06
7451,7550,330,18.82
2218,2217,330,13.85
5840,5739,330,19.71
2925,2924,330,15.7
3432,3532,330,8.29
2019,2018,330,14
7655,7755,330,15.54
7349,7348,331,42.94
919,918,331,23.61
6952,6951,331,20.92
426,425,331,19.26
7450,7449,331,17.5
7350,7249,331,24.44
2722,2721,331,14.37
5839,5738,331,20.56
1617,1616,331,13.02
3531,3631,331,11.18
7655,7754,331,20.08
1918,1917,331,13.57
3326,3325,331,11.08
6474,6574,331,3.58
3176,3076,331,2.27
5539,5638,331,18.06
6043,6142,331,8.17
127,126,332,43.42
5537,5536,332,41.96
820,819,332,25.5
6446,6445,332,22.46
5437,5436,332,37.07
3427,3426,332,10.25
3536,3635,332,11.33
3125,3124,332,13.93
3434,3533,332,8.34
7359,7459,332,5.26
7052,7051,332,15.59
7654,7653,332,14.2
26,25,332,45.39
4278,4379,332,1.23
6750,6749,333,19.95
3025,3024,333,15.65
6344,6343,333,22.07
3639,3738,333,21.23
3629,3728,333,21.09
2318,2317,333,14.68
1216,1215,333,13.52
6244,6343,333,7.9
2066,1965,333,7.21
2473,2372,333,7.19
326,325,333,17.11
6648,6647,333,23.22
44,45,333,4.15
3638,3737,333,19.88
7449,7448,334,44.38
5738,5737,334,33.97
6547,6546,334,22.95
624,623,334,16.85
7349,7248,334,24.49
6040,6039,334,19.6
723,722,334,18.33
1317,1316,334,16.55
3630,3730,334,14.96
3630,3729,334,20.61
1817,1816,334,12.85
3637,3736,334,18.48
3639,3739,334,13.56
3629,3729,334,14.09
2621,2620,334,13.84
126,125,334,70.96
3640,3739,334,20.54
7252,7151,334,10.49
5940,6039,334,10.18
552,451,334,10.48
7655,7756,334,12.87
450,451,334,8.84
3478,3378,334,1.92
6243,6242,334,7.35
1016,1015,334,14.24
25,24,335,44.74
525,524,335,19.66
6851,6850,335,18.86
5937,5936,335,16.92
2419,2418,335,14.51
5938,5837,335,19.61
2118,2117,335,12.84
1418,1417,335,14.14
2823,2822,335,14.29
5838,5837,335,12.25
5536,5535,335,36.44
5538,5637,335,17.1
2168,2067,335,7.19
7066,7067,335,3.72
5436,5435,335,48.36
5678,5679,335,1.19
6951,6950,336,20.21
7550,7549,336,17.62
1717,1716,336,12.68
6573,6672,336,7.8
3541,3642,336,8.88
450,351,336,10.17
227,226,336,15.31
125,124,336,76.3
7248,7247,337,43.45
7448,7447,337,44
5435,5434,337,51.82
3635,3634,337,20.38
6445,6444,337,23.02
7348,7347,337,17.22
918,917,337,19.27
6142,6141,337,19.06
2217,2216,337,14.88
1517,1516,337,14.16
5537,5636,337,19.28
1116,1115,337,13.4
3527,3526,337,9.48
3640,3740,337,10.78
7755,7855,337,14.63
7755,7854,337,20.83
2924,2923,337,15.42
5737,5736,337,38.77
6042,6141,337,8.22
3641,3740,337,18.41
819,818,337,20.43
7051,7050,337,22.37
425,424,337,19.98
6375,6475,337,2.12
6374,6475,337,2.21
124,123,338,72.93
5936,5935,338,41.58
24,23,338,44.45
3736,3735,338,30.34
6749,6748,338,21.73
5938,6037,338,13.54
6647,6646,338,24.03
2018,2017,338,13.84
246,147,338,5.8
7556,7657,338,7.15
2269,2169,338,2.3
7653,7652,338,16.72
7457,7558,338,5.16
5177,5178,338,1.53
7549,7548,339,44.09
5434,5433,339,51.55
5837,5836,339,28.39
6039,6038,339,20.95
2721,2720,339,13.5
7754,7753,339,13.91
1917,1916,339,13.66
7449,7548,339,18.46
2520,2519,339,12
3630,3731,339,11.96
7251,7150,339,10.47
5536,5635,339,20.72
6546,6545,339,22.91
325,324,339,17.54
1616,1615,339,13.23
5535,5534,339,32.72
6037,6036,340,77.43
23,22,340,88.19
123,122,340,60.86
6850,6849,340,20.69
7248,7147,340,24.39
2317,2316,340,15.28
3737,3836,340,21.26
623,622,340,19.41
722,721,340,19.3
3225,3224,340,8.07
5736,5735,340,43.93
7066,6967,340,4.48
3738,3837,340,21.08
5377,5278,340,2.22
5935,5934,341,41.11
3634,3633,341,27.01
6950,6949,341,21.03
5936,5835,341,24.74
3736,3835,341,21.26
3024,3023,341,13.97
3728,3727,341,14.17
3124,3123,341,12.47
3426,3425,341,11.58
3628,3627,341,6.35
524,523,341,19.54
3531,3632,341,7.86
3641,3741,341,8.45
226,225,341,21.56
22,21,342,74.04
122,121,342,50.02
5534,5533,342,35.78
2418,2417,342,15.13
1417,1416,342,14.64
3739,3838,342,19.01
2620,2619,342,13.33
1316,1315,342,14.13
7448,7547,342,18.59
1816,1815,342,13.72
7050,7049,342,22.16
1015,1014,342,13.43
1215,1214,342,11.13
3738,3838,342,11.9
6768,6869,342,2.61
424,423,342,20.37
5578,5579,342,1.12
5535,5634,342,21.21
324,323,343,27.99
7247,7246,343,17.25
7447,7446,343,17.36
7347,7346,343,17.33
5936,6035,343,19.4
2822,2821,343,13.63
2117,2116,343,14.13
553,452,343,10.19
7755,7856,343,11.49
6748,6747,343,23.67
552,452,343,4.54
5735,5734,343,42.06
7066,7167,343,4.14
3325,3324,343,8.34
1558,1458,343,1.97
225,224,343,53.43
21,20,344,70.92
3835,3834,344,34.49
5935,5834,344,24.81
7652,7651,344,16.85
2216,2215,344,15.71
7549,7648,344,18.56
7248,7148,344,10.35
6545,6544,344,23.68
6646,6645,344,17.32
7855,7954,344,21.27
917,916,344,15.61
818,817,344,16.33
1716,1715,344,13.32
224,223,345,73.13
121,120,345,42.29
6849,6848,345,22.86
3735,3734,345,15.95
7150,7149,345,17.12
7854,7853,345,13.62
821,720,345,7.19
2923,2922,345,13.43
1964,1863,345,7.22
1516,1515,345,13.96
7753,7752,345,16.77
7855,7955,345,12.97
2874,2875,345,0.91
20,19,346,65.02
3834,3833,346,59.93
323,322,346,38.77
5734,5733,346,37.78
2519,2518,346,14.69
5935,6034,346,19.55
5534,5633,346,20.85
3739,3839,346,8.98
3740,3839,346,16.11
3526,3525,346,11.75
2017,2016,346,13.11
5934,5933,346,22.62
7359,7360,346,3.03
350,249,346,8.71
5478,5479,346,1.58
6343,6342,346,7.99
120,119,347,91.21
223,222,347,75.31
423,422,347,20.3
2316,2315,347,16.2
7147,7146,347,15.81
3836,3935,347,21.27
2720,2719,347,13.97
1615,1614,347,14.09
1916,1915,347,14.13
6242,6241,347,8.2
6344,6443,347,7.73
622,621,347,16.59
523,522,347,19.85
1115,1114,347,10.71
322,321,348,54.09
3833,3832,348,81.76
7547,7546,348,17.38
3835,3934,348,21.04
6949,6948,348,15.2
3727,3726,348,15.27
3836,3936,348,13.12
7549,7649,348,8.58
6747,6746,348,24.12
653,654,348,2.55
6670,6771,348,2.4
753,654,348,2
3837,3936,348,18.75
222,221,349,73.82
3734,3733,349,26.76
5733,5732,349,39.55
1416,1415,349,14.32
2417,2416,349,15.59
2619,2618,349,14.68
3123,3122,349,13.46
3023,3022,349,13.94
6544,6543,349,24.2
7049,7048,349,15.36
553,453,349,5.09
6574,6673,349,8.1
3224,3223,349,11.48
7246,7245,349,17.2
7346,7345,349,17.37
7446,7445,349,17.46
5834,5833,349,22.04
1815,1814,349,15.18
321,320,350,64.79
7146,7145,350,45.54
6848,6847,350,23.71
7651,7650,350,17.15
7648,7647,350,17
1315,1314,350,12.97
3741,3840,350,15.83
6141,6140,350,7.78
3642,3742,350,7.56
2116,2115,350,15.35
6645,6644,350,17.5
3425,3424,350,11.91
221,220,351,67.22
6948,6947,351,44.19
1715,1714,351,14.74
817,816,351,14.46
2821,2820,351,13.72
3832,3831,351,45.19
2215,2214,351,16.62
7656,7757,351,5.94
7459,7559,351,5.46
720,719,351,17.86
5933,5932,351,24.47
1214,1213,351,11.5
7752,7751,351,17.08
916,915,351,14.39
320,319,352,66.29
6140,6139,352,63.09
3733,3732,352,34.35
422,421,352,21.81
119,118,352,23.24
7954,7953,352,13.47
1014,1013,352,11.08
7955,8054,352,20.71
3934,3933,352,27.24
3838,3937,352,15.53
6034,6033,352,17.08
7853,7852,352,16.32
7855,7956,352,9.56
2371,2271,352,2.22
3837,3937,352,8.75
3831,3830,353,59.08
220,219,353,59.82
6847,6846,353,44.56
7146,7045,353,23.88
2315,2314,353,17.34
522,521,353,17.43
2518,2517,353,15.31
19,18,353,16.06
3627,3626,353,8.47
351,250,353,8.76
1965,1864,353,7.22
2922,2921,353,13.92
2016,2015,353,14.91
7145,7144,353,45.94
854,855,353,2
4079,4080,353,1.2
1515,1514,353,13.83
319,318,354,60.92
5833,5832,354,22.94
3726,3725,354,18.02
1614,1613,354,14.69
2719,2718,354,15.12
5733,5832,354,20
6947,6946,354,44.49
3729,3828,354,7.41
451,352,354,7.28
3525,3524,354,13.83
6033,6032,354,58.35
7359,7460,354,3.38
621,620,354,16.38
7546,7545,354,17.51
1915,1914,354,15.48
3830,3829,355,61.87
2416,2415,355,16.73
7445,7444,355,17.69
7245,7244,355,17.59
7345,7344,355,17.57
3935,4034,355,19.61
5932,5931,355,28.52
7955,8055,355,11.07
3934,4034,355,14.35
3934,4033,355,20.98
3324,3323,355,8.69
6746,6745,355,15.9
2067,1966,355,7.2
6543,6542,355,17.28
1155,1055,355,2.32
653,554,355,3.02
219,218,356,46.11
1814,1813,356,15.61
2618,2617,356,15.63
3022,3021,356,14.44
6948,7047,356,18.53
1114,1113,356,11.75
6644,6643,356,17.59
7048,7047,356,15.58
6037,6136,356,7.89
3933,3932,356,33.08
7647,7646,356,17.54
7145,7044,356,23.77
1660,1560,356,2.02
5478,5379,356,1.91
5832,5831,357,49.18
318,317,357,47.16
5931,5930,357,63.89
421,420,357,24.74
118,117,357,20.86
6139,6138,357,21.04
7751,7750,357,17.1
3122,3121,357,14.18
6946,6945,357,44.37
5732,5831,357,18.95
3741,3841,357,6.62
147,46,357,7.75
3839,3938,357,14.01
1415,1414,357,13.58
2115,2114,357,15.79
2214,2213,357,17.77
4033,4032,358,49.04
3828,3827,358,25.8
915,914,358,14.45
1714,1713,358,15.33
453,353,358,12.16
3936,4035,358,14.19
7146,7046,358,9.66
3935,4035,358,9.59
6342,6341,358,8.88
6745,6744,358,46.21
2169,2068,358,7.09
816,815,358,14.45
7852,7851,358,17.1
719,718,358,16.39
3827,3826,359,106.4
218,217,359,35.23
521,520,359,16.99
7953,7952,359,15.89
6241,6240,359,8.81
6643,6642,359,47.46
2820,2819,359,14.24
3642,3643,359,4.5
3840,3939,359,15.73
3932,3931,359,44.72
6443,6442,359,8.51
1314,1313,359,11.83
2314,2313,359,18.61
2874,2775,359,1.1
5930,5929,360,34.05
2517,2516,360,16.04
7144,7143,360,16.08
7559,7658,360,15.87
6945,6944,360,43.73
6946,6845,360,24.18
8054,8053,360,13.23
6846,6845,360,15.52
6032,6031,360,18.33
3424,3423,360,10.9
2015,2014,360,15.51
4478,4479,360,1.15
5678,5779,360,1.33
6240,6239,361,64.03
3931,3930,361,65.52
4032,4031,361,39.44
6138,6137,361,45.65
6136,6135,361,52.03
7344,7343,361,20.53
2415,2414,361,25.4
2718,2717,361,20.26
1613,1612,361,17.42
3725,3724,361,18.46
7545,7544,361,18.7
620,619,361,20.1
1514,1513,361,15.22
2921,2920,361,15.25
5831,5830,361,33.13
6744,6743,361,49.55
317,316,361,57.92
1014,913,361,5.92
1914,1913,361,18.41
2473,2373,361,1.91
854,755,361,2.17
5877,5978,361,1.05
217,216,362,36.74
420,419,362,30.05
2213,2212,362,28.57
117,116,362,24.32
7044,7043,362,19.55
7646,7645,362,20.38
7244,7243,362,18.86
7444,7443,362,18.78
18,17,362,12.57
3742,3842,362,8.84
2617,2616,362,21.7
3626,3625,362,13.49
1813,1812,362,18.91
3223,3222,362,7.42
3526,3625,362,5.74
3524,3523,362,14.86
3579,3479,362,1.73
7164,7263,362,1.85
6239,6238,363,74.78
5929,5928,363,39.57
6944,6943,363,48.71
3826,3825,363,30.54
5830,5829,363,71.51
7750,7749,363,20.04
2114,2113,363,20.89
3021,3020,363,16.33
6845,6844,363,47.44
2313,2312,363,31.37
6745,6844,363,18.96
8055,8154,363,21.1
6033,6132,363,14.32
1213,1212,363,11.13
6031,6030,364,29.52
1713,1712,364,17.97
3121,3120,364,17.85
316,315,364,33.36
4033,4132,364,19.22
6743,6742,364,48.66
718,717,364,18.11
6643,6742,364,18.45
3323,3322,364,12.51
7955,8056,364,7.19
7851,7850,364,19.65
6943,6942,365,50.35
116,115,365,34.13
6135,6134,365,32.84
3930,3929,365,30.87
4031,4030,365,31.83
2819,2818,365,18.43
7952,7951,365,19.43
4032,4131,365,22.07
520,519,365,20.04
3841,3940,365,20.17
2516,2515,365,22.94
216,215,365,33.69
1013,1012,365,8.51
453,454,365,6.21
249,148,365,6.47
3642,3743,365,5.01
3840,3940,365,7.01
6771,6870,365,9.08
5928,5927,365,69.32
4978,4979,365,1.78
2414,2413,365,30.4
3937,4036,365,13.11
815,814,365,16.93
1414,1413,365,13.37
3929,3928,366,114.99
2212,2211,366,31.51
5829,5828,366,37.53
419,418,366,30.92
619,618,366,20.09
7343,7342,366,20.25
7143,7142,366,18.95
2616,2615,366,25.81
3724,3723,366,20.16
6844,6843,366,47.49
8053,8052,366,18.05
6744,6843,366,19.26
1913,1912,366,20.27
2014,2013,366,19.01
1863,1762,366,5.8
8055,8155,366,9.58
2717,2716,366,24.44
6574,6674,366,2.99
4034,4133,366,14.57
6474,6575,366,2.28
854,955,366,2.14
6542,6541,366,9.51
4131,4130,367,62.51
2113,2112,367,26.05
7645,7644,367,20.57
7243,7242,367,20.26
1812,1811,367,21.13
2920,2919,367,17.35
1612,1611,367,18.72
7544,7543,367,18.86
1313,1312,367,13.66
7559,7659,367,6.63
6132,6131,367,28.99
2312,2311,367,31.23
7067,7068,367,2.96
2270,2170,367,2.07
5828,5827,368,80.53
7749,7748,368,20.07
3825,3824,368,21.84
7043,7042,368,19.62
5927,5926,368,45.3
913,912,368,14.95
215,214,368,44.4
1513,1512,368,16.62
6341,6340,368,10.25
6541,6540,368,54.74
6030,6029,368,32.05
3625,3624,368,18.4
3423,3422,368,14.29
453,354,368,7.13
6673,6772,368,8.35
3938,4037,368,13.95
2413,2412,368,33.7
3939,4038,368,17.17
7443,7442,368,18.55
3723,3722,368,53.26
3928,3927,369,45.47
3120,3119,369,22.34
3020,3019,369,19.15
3222,3221,369,15.66
6240,6339,369,14.54
3841,3941,369,8.67
4130,4129,369,65.06
6743,6842,369,19.55
6134,6133,369,25.41
115,114,369,33.21
6843,6842,369,47.96
2515,2514,369,28.23
2574,2474,369,1.76
3523,3522,369,15.4
3927,3926,370,131.9
2716,2715,370,29.22
418,417,370,26.96
2211,2210,370,30.17
4030,4029,370,21.35
1712,1711,370,19.52
315,314,370,18.87
2615,2614,370,30.46
6238,6237,370,15
6029,6028,370,87.48
8154,8153,370,14.5
717,716,370,16.96
6442,6441,370,9.88
5827,5826,370,66.87
2818,2817,370,23.46
7850,7849,370,19.92
6131,6130,370,40.53
1113,1112,370,7.59
3722,3721,370,56.09
6742,6741,370,18.59
6642,6641,370,9.46
1212,1211,370,15.43
5926,5925,371,33.72
2112,2111,371,31.16
1811,1810,371,25.75
3926,3925,371,157.11
814,813,371,17.6
3322,3321,371,16.34
519,518,371,18.77
1912,1911,371,23.72
2013,2012,371,22.38
352,251,371,7.79
2311,2310,371,28.08
4129,4128,371,58.44
7951,7950,371,19.78
3680,3580,371,2.05
1256,1156,371,1.74
7342,7341,371,20.16
2514,2513,371,94.95
1611,1610,372,22.82
1413,1412,372,15.26
5927,6026,372,20.61
17,16,372,11.07
2919,2918,372,20.9
114,113,372,48.73
7644,7643,372,20.57
8052,8051,372,19.61
6028,6027,372,55.59
618,617,372,18.89
7648,7747,372,5.58
2412,2411,372,30.78
4035,4134,372,11.14
7142,7141,372,18.7
6842,6841,372,47.57
2614,2613,372,95.36
250,149,372,7.04
3721,3720,372,58.28
2513,2512,373,94.06
6130,6129,373,44.31
3119,3118,373,26.5
1312,1311,373,16.7
214,213,373,22.06
6239,6338,373,11.84
8155,8254,373,20.46
5826,5825,373,43.18
7067,6968,373,3.46
7459,7560,373,3.38
7242,7241,373,18.39
3824,3823,373,21.32
1012,1011,373,14.2
7543,7542,373,18.55
2613,2612,374,90.15
2817,2816,374,27.94
2715,2714,374,31.99
4029,4028,374,33.08
1512,1511,374,18.61
3743,3843,374,11.76
3624,3623,374,17.02
3422,3421,374,16.74
2210,2209,374,27.8
6541,6440,374,18.51
3019,3018,374,23.75
353,252,374,9.25
3076,2976,374,2.18
3925,3924,374,45.86
4128,4127,374,47.6
3723,3622,374,19.02
3723,3822,374,18
7442,7441,374,18.5
3276,3177,374,1.01
2512,2511,375,81.5
6129,6128,375,89.26
1810,1809,375,31.1
2111,2110,375,31.41
5925,5924,375,32.95
6841,6840,375,48.46
1711,1710,375,23.54
6237,6236,375,23.52
3221,3220,375,18.72
5926,6025,375,22.64
2012,2011,375,26.69
7659,7758,375,19.15
4131,4230,375,14.99
4132,4231,375,13.96
1911,1910,375,27.54
6541,6640,375,17.5
3522,3521,375,17.43
912,911,375,15.21
7067,7168,375,3.42
2310,2309,375,25.78
7849,7848,375,20.07
4578,4579,375,1.04
1610,1609,376,26.65
7341,7340,376,20.53
1211,1210,376,17.95
3822,3821,376,56.09
5825,5824,376,36.21
716,715,376,16.99
8153,8152,376,17.97
1864,1763,376,5.85
417,416,376,19.55
113,112,376,27.36
6741,6740,376,18.55
2411,2410,376,26.91
2918,2917,376,26.1
3622,3621,376,50.22
4978,4879,376,2.07
2714,2713,376,92.42
3722,3621,376,18.06
6236,6235,377,66.12
4127,4126,377,36.05
3118,3117,377,29.76
7747,7746,377,20.07
2511,2510,377,71.64
813,812,377,18.51
3321,3320,377,19.69
3940,4040,377,8.93
3643,3644,377,5.75
5826,5725,377,22.13
4130,4229,377,14.25
4038,4137,377,16.18
1761,1661,377,1.91
518,517,377,17.53
4230,4229,377,82.32
7647,7746,377,5.58
7950,7949,377,19.98
6842,6941,377,19.91
6942,6941,377,9.01
7643,7642,377,20.24
1112,1111,377,14.88
3821,3820,378,55.1
2713,2712,378,85.07
6128,6127,378,43
3018,3017,378,29.41
2612,2611,378,27.39
2209,2208,378,25.21
2816,2815,378,30.03
6840,6839,378,49.66
3720,3719,378,18.11
1412,1411,378,17.89
7141,7140,378,18.95
5925,6024,378,22.64
6340,6439,378,15.64
617,616,378,16.88
8155,8255,378,8.93
1560,1459,378,6.15
1966,1865,378,5.93
5827,5726,378,14.69
8055,8156,378,6.23
4129,4228,378,16.26
4128,4027,378,20.88
6376,6476,378,1.95
8051,8050,378,19.76
4179,4180,378,1.09
3621,3620,378,58.18
4079,4180,378,1.32
3924,3923,378,25.52
7542,7541,378,20.3
6235,6234,379,61.26
1710,1709,379,27.81
2110,2109,379,30.99
7441,7440,379,20.53
1511,1510,379,21.77
1011,1010,379,17.35
6026,6125,379,22.34
112,111,379,33.55
2011,2010,379,29.71
2510,2509,379,67.21
4133,4232,379,11.27
5828,5727,379,11.52
6027,6126,379,22.22
1910,1909,379,29.77
6540,6539,379,9.46
1809,1808,379,32.1
314,313,379,12.26
4036,4135,379,10.2
5924,5923,379,30.22
4128,4227,379,19.9
6740,6739,379,49.42
1311,1310,379,18.83
4137,4136,379,53.67
7042,7041,379,9.26
2774,2675,379,1.05
7241,7240,379,18.66
2712,2711,380,73.3
2611,2610,380,72.84
4126,4125,380,33.97
2410,2409,380,25.22
2917,2916,380,29.98
2309,2308,380,23.7
1609,1608,380,29.5
6839,6838,380,50.6
16,15,380,13.63
3220,3219,380,23.93
6841,6940,380,19.62
7659,7759,380,7.86
8254,8253,380,14.78
5824,5823,380,31.67
3743,3744,380,7.1
5825,5724,380,23.23
5725,5724,380,36.04
3421,3420,380,19.98
4027,4026,380,63.79
6077,6177,380,1.9
3521,3520,380,20.24
213,212,380,14.6
4978,5079,380,2.04
7165,7264,380,1.81
4227,4226,381,77.25
3117,3116,381,29.63
7340,7339,381,20.13
4127,4226,381,22.54
111,110,381,53.31
6338,6337,381,12.65
5829,5728,381,8.08
1357,1257,381,1.56
6739,6738,381,52.79
7848,7847,381,19.76
4026,4025,382,93.18
2610,2609,382,68.36
6234,6233,382,37.3
3017,3016,382,30.22
7746,7745,382,20.64
7642,7641,382,20.57
1210,1209,382,19.68
911,910,382,16.5
6128,6227,382,21.26
3823,3922,382,17.04
149,48,382,15.31
2711,2710,382,77.74
2815,2814,382,31.2
2068,1967,382,5.95
7646,7745,382,5.58
3320,3319,382,23.81
6025,6124,382,21.3
5924,6023,382,22.43
715,714,382,16.67
6024,6023,382,28.9
8152,8151,382,19.87
6276,6277,382,1.23
7949,7948,382,20.01
2372,2272,382,1.96
4025,4024,383,111.34
4226,4225,383,56.76
6738,6737,383,54.94
2109,2108,383,27.74
1709,1708,383,32.46
1510,1509,383,25.64
1808,1807,383,29.41
3620,3619,383,21.13
1411,1410,383,20.27
2208,2207,383,24.87
7541,7540,383,20.76
1111,1110,383,17.76
812,811,383,17.57
6840,6939,383,19.22
2010,2009,383,31.5
5823,5822,383,42.4
1909,1908,383,30.54
3822,3921,383,17.04
5824,5723,383,23.11
3743,3844,383,8
110,109,383,68.39
3841,3942,383,5.55
6771,6871,383,2.93
6674,6773,383,8.33
6740,6639,383,20.3
8050,8049,383,20.13
2814,2813,384,89.78
4125,4124,384,28.39
2308,2307,384,26.07
2916,2915,384,29.09
3719,3718,384,18.81
517,516,384,15.67
6838,6837,384,27.66
2509,2508,384,24.28
5725,5624,384,23.24
2609,2608,384,59.05
416,415,384,14.23
7140,7139,384,18.87
1608,1607,384,32.94
3219,3218,384,27.38
2710,2709,384,78.72
1310,1309,384,20.84
4024,4023,385,72.03
6227,6226,385,44.86
109,108,385,97.72
3116,3115,385,28.84
2409,2408,385,24.34
7440,7439,385,18.91
1010,1009,385,18.98
5723,5722,385,52.58
5923,5922,385,18.03
3820,3819,385,16.49
5822,5821,385,80.09
3821,3920,385,17.37
7041,7040,385,19.37
616,615,385,16.04
48,47,385,39
6127,6226,385,21.41
4038,4138,385,6.02
353,253,385,3.78
7559,7660,385,4.13
3921,3920,385,50.77
3420,3419,385,23.46
6024,6123,385,22.22
7240,7239,385,18.32
3520,3519,385,22.85
4124,4123,386,73.72
3016,3015,386,28.7
7339,7338,386,20.03
313,312,386,14.81
1607,1606,386,95.55
212,211,386,17.85
6128,6228,386,9.76
2813,2812,386,82.32
6839,6938,386,18.91
8255,8354,386,19.8
7847,7846,386,20.19
5725,5625,386,12.31
6126,6225,386,22.51
5726,5625,386,19.69
6233,6232,386,29.36
2169,2069,386,2
2608,2607,386,53.92
8253,8252,386,17.49
6125,6225,386,15.79
6125,6224,386,20.89
2709,2708,386,61.9
3319,3318,386,28.79
5922,5921,387,65.33
2207,2206,387,29.63
4225,4224,387,32.31
1209,1208,387,22.41
2009,2008,387,29.8
6337,6336,387,17.82
5821,5820,387,76.17
15,14,387,16.14
6737,6736,387,27.81
7948,7947,387,20.03
1908,1907,387,27.51
108,107,387,99.93
1708,1707,387,31.94
5624,5623,387,46.38
1807,1806,387,28.01
1509,1508,387,29.59
5724,5623,387,23.23
3115,3114,387,83.11
6739,6638,387,19.18
2708,2707,388,55.82
4123,4122,388,53.6
5722,5721,388,36.43
2307,2306,388,30.3
8049,8048,388,20.19
3619,3618,388,22.1
1410,1409,388,23.22
2108,2107,388,24.56
7745,7744,388,18.84
7641,7640,388,19.44
2915,2914,388,29.98
3218,3217,388,30.25
3718,3717,388,29.91
8151,8150,388,19.78
4134,4233,388,9.33
6439,6438,388,10.93
7645,7744,388,5.58
910,909,388,18.13
3318,3317,388,77.6
6023,6022,388,19.94
2812,2811,388,67.28
1606,1605,388,92.02
1707,1706,389,84.97
6336,6335,389,64.51
8354,8353,389,40.46
2408,2407,389,26.22
6232,6231,389,39.66
1110,1109,389,19.19
7540,7539,389,19.21
2508,2507,389,22.57
6227,6326,389,20.74
6738,6637,389,18.44
6539,6538,389,10.42
5921,5920,389,53.07
6123,6122,389,31.36
3419,3418,389,25.79
714,713,389,16.61
6224,6223,389,40.84
6837,6836,389,20.34
251,150,389,8.25
107,106,389,79.11
4231,4330,389,10.21
811,810,389,16.67
5820,5819,389,96.71
4230,4329,389,10.4
5623,5622,389,71.42
1309,1308,389,24.23
3717,3716,389,104.12
3114,3113,389,96.43
3113,3112,390,111.44
1605,1604,390,90.32
5721,5720,390,66.77
4224,4223,390,41.19
1508,1507,390,33.76
4023,4022,390,20.35
3217,3216,390,74.83
4225,4324,390,22.61
4226,4325,390,16.82
8255,8355,390,8.36
3015,3014,390,30.3
3519,3518,390,24.93
3940,4041,390,5.75
3317,3316,390,73.33
7139,7138,390,19.91
2607,2606,390,27.17
2914,2913,390,87.57
1009,1008,390,21.47
3378,3278,390,1.73
5920,5919,390,100.99
6335,6334,391,66.08
4329,4328,391,85.31
4122,4121,391,44.69
2707,2706,391,38.66
6438,6437,391,33.44
2206,2205,391,28.28
2008,2007,391,25.57
7338,7337,391,20.48
6736,6735,391,28.25
7439,7438,391,18.95
7239,7238,391,19.81
211,210,391,22.58
1907,1906,391,25.21
6223,6222,391,66.8
7846,7845,391,20.9
4136,4235,391,12.44
6231,6230,391,60.94
5624,5523,391,21.25
8155,8256,391,5.74
5726,5626,391,7.75
1806,1805,391,27.6
3921,4020,391,18.85
1208,1207,391,26.32
106,105,391,66.01
1507,1506,391,102.1
3920,3919,391,16.83
4778,4779,391,1.04
5819,5818,391,73.22
5919,5918,391,110.24
1506,1505,392,105.15
3112,3111,392,96.58
3618,3617,392,28.25
2107,2106,392,25.96
2306,2305,392,30.38
8252,8251,392,19.84
3819,3818,392,16.34
312,311,392,17.24
516,515,392,13.85
7947,7946,392,20.3
6122,6121,392,38.83
4227,4326,392,11.33
3216,3215,392,72.72
2606,2605,392,59.19
252,151,392,8.17
149,49,392,5.26
5720,5719,392,58.63
6022,6021,392,26.87
3316,3315,392,69.35
1409,1408,392,27.59
615,614,392,15.64
6230,6229,392,139.01
2811,2810,392,27.43
6226,6325,392,21.69
2913,2912,392,81.79
4328,4327,393,84.01
6334,6333,393,66.03
5918,5917,393,60.41
1604,1603,393,39.31
105,104,393,66.05
2407,2406,393,26.06
3716,3715,393,31.37
6637,6636,393,30.87
2706,2705,393,79.73
7640,7639,393,20.93
8048,8047,393,20.14
8354,8453,393,21.87
6836,6835,393,27.67
6227,6327,393,9.2
1308,1307,393,28.75
4228,4327,393,9.88
3418,3417,393,29.45
5622,5621,393,26.56
4235,4234,393,69.53
6222,6221,393,65.09
8150,8149,393,20.26
7644,7743,393,5.58
7744,7743,393,20.53
1706,1705,393,32.23
6575,6675,393,3.78
4279,4280,393,1.04
909,908,393,20.59
1008,1007,394,26.5
4223,4222,394,32.22
5818,5817,394,40.54
4224,4323,394,21.71
14,13,394,15.19
5625,5524,394,19.8
4123,4222,394,17.88
3111,3110,394,84.92
2605,2604,394,85.32
3518,3517,394,27.2
8056,8057,394,3.41
1109,1108,394,21.68
4232,4331,394,9.66
2507,2506,394,24.44
314,413,394,5.93
6121,6120,394,69.36
2709,2808,394,15.17
3014,3013,394,32.53
7262,7361,394,1.63
3215,3214,394,79.82
3315,3314,394,71.32
1603,1602,395,80.98
3715,3714,395,68.14
104,103,395,66.94
1505,1504,395,39.58
2705,2704,395,81.96
1207,1206,395,30.22
2305,2304,395,47.62
2810,2809,395,38.56
8353,8352,395,17.53
6735,6734,395,28.02
2007,2006,395,25.44
7539,7538,395,18.64
4122,4021,395,21.73
4122,4221,395,20.79
2708,2807,395,17.13
210,209,395,30.04
1906,1905,395,26.56
6325,6324,395,46.39
2205,2204,395,33.27
713,712,395,18.35
4121,4120,395,27.74
6021,6020,395,37
6333,6332,395,50.97
5523,5522,395,29.33
2710,2809,395,11.05
1805,1804,395,31.43
1705,1704,395,80.06
6221,6220,395,65.45
5719,5718,395,46.73
810,809,395,17.45
2204,2203,396,168.61
1704,1703,396,107.36
2604,2603,396,64.76
8453,8452,396,49.42
2106,2105,396,28.81
2912,2911,396,26.96
7238,7237,396,20.07
7337,7336,396,20.54
7138,7137,396,19.82
8354,8454,396,10.55
5917,5916,396,35.29
1408,1407,396,31.31
5621,5620,396,35.77
2406,2405,396,33.72
7040,7039,396,9.48
3314,3313,396,78.71
7845,7844,396,20.38
7659,7760,396,4.97
3617,3616,396,33.25
3818,3817,396,29.11
1458,1358,396,1.84
6120,6119,396,98.28
3214,3213,396,90.09
3817,3816,397,117.24
6119,6118,397,102.62
1703,1702,397,113.2
1602,1601,397,66.15
6332,6331,397,70.14
2807,2806,397,52.16
103,102,397,64.94
5718,5717,397,56.72
3013,3012,397,36.06
4323,4322,397,47.81
6636,6635,397,30.38
2704,2703,397,51.17
908,907,397,25.63
1307,1306,397,32.22
8251,8250,397,20.21
3110,3109,397,38.59
7438,7437,397,19.12
4223,4322,397,22.61
5817,5816,397,45.44
7946,7945,397,20.62
6938,6937,397,9.15
6324,6323,397,90.48
3417,3416,397,25.98
5620,5619,397,187.58
2304,2303,397,73.39
2506,2505,397,44.01
3714,3713,397,64.64
6020,6019,397,93.37
6331,6330,398,215.71
3109,3108,398,125.52
2203,2202,398,81.96
8452,8451,398,61.77
1206,1205,398,33.83
1504,1503,398,41.07
1007,1006,398,31.17
7639,7638,398,20.38
8149,8148,398,20.23
8047,8046,398,20.11
6437,6436,398,15.89
3213,3212,398,94.88
6538,6537,398,12.26
311,310,398,19.4
415,414,398,7.42
3313,3312,398,81.75
6019,6018,398,115.97
3517,3516,398,26.97
4121,4220,398,21.97
4020,4019,398,15.77
6835,6834,398,20.15
2405,2404,398,65.35
1804,1803,398,39.99
4221,4220,398,45.8
5619,5618,398,231.99
209,208,398,44.16
3176,3077,398,1.23
1108,1107,398,26.06
7643,7742,398,5.58
7743,7742,398,20.43
6220,6219,398,39.7
1803,1802,399,151.9
3108,3107,399,105.44
2806,2805,399,85.66
2505,2504,399,79.06
6118,6117,399,73.12
4322,4321,399,53.51
3816,3815,399,92.62
1702,1701,399,63.33
2911,2910,399,38.76
2603,2602,399,36
102,101,399,65.97
2006,2005,399,29.89
5916,5915,399,38.04
6323,6322,399,54.53
5625,5525,399,7.83
5816,5815,399,76.02
6871,6970,399,8.91
2303,2302,399,63.63
13,12,399,22.27
1905,1904,399,32.79
614,613,399,15.61
1407,1406,399,33.98
3919,3918,399,13.78
2674,2575,399,1.04
5618,5617,399,193.81
2910,2909,400,202.87
8451,8450,400,61.9
1503,1502,400,73.21
3012,3011,400,40.3
1306,1305,400,36.15
3616,3615,400,29.22
8352,8351,400,20.32
7538,7537,400,20.4
6219,6218,400,95.14
515,514,400,13.78
6018,6017,400,76.96
5522,5521,400,24.26
2105,2104,400,27.11
8056,7957,400,3.98
2202,2201,400,95
2404,2403,400,78.59
3516,3515,400,72
4120,4119,400,20.38
3780,3781,400,1.13
4578,4679,400,1.21
208,207,400,59.99
2104,2103,401,117.29
2805,2804,401,67.27
1802,1801,401,85.11
3107,3106,401,84.59
2504,2503,401,76.46
6537,6536,401,34.33
1205,1204,401,34.79
5717,5716,401,30.62
907,906,401,32.5
6635,6634,401,29.85
7336,7335,401,20.86
2909,2908,401,160.24
7237,7236,401,20.13
809,808,401,18.39
413,412,401,16.33
8453,8552,401,19.3
2703,2702,401,27.21
5815,5814,401,63.73
3713,3712,401,32.22
3312,3311,401,39.48
6773,6872,401,8.2
3212,3211,401,42.28
712,711,401,19.21
1763,1662,401,5.81
7039,7038,401,20.31
8056,8157,401,3.93
7758,7857,401,5.58
3316,3415,401,13.1
2271,2171,401,2.03
3416,3415,401,26.08
6322,6321,401,70.79
2302,2301,401,67.64
7844,7843,401,20.38
4321,4320,401,74.9
2103,2102,402,221.92
6218,6217,402,63.49
1502,1501,402,65.63
3011,3010,402,51.4
1406,1405,402,35.41
6117,6116,402,42.48
4220,4219,402,28.68
1006,1005,402,31.4
1107,1106,402,29.88
5915,5914,402,42.16
4323,4422,402,19.83
7137,7136,402,19.87
6229,6328,402,14.96
207,206,402,65.9
5617,5616,402,43.75
4325,4424,402,12.03
6228,6328,402,6.4
1904,1903,402,36.78
1865,1764,402,5.9
253,152,402,8.49
8250,8249,402,20.47
4235,4334,402,13.05
3615,3614,402,67.89
7945,7944,402,20.41
6276,6377,402,1.43
3010,3009,403,173.1
2102,2101,403,121.02
8552,8551,403,53.44
3106,3105,403,84.18
2908,2907,403,60.08
1305,1304,403,36.3
3815,3814,403,25.07
12,11,403,32.13
6436,6435,403,22.13
8148,8147,403,20.07
7638,7637,403,20.75
5814,5813,403,56.64
7437,7436,403,19.17
7742,7741,403,20.7
3712,3711,403,61.04
3311,3310,403,74.19
3211,3210,403,82.95
6017,6016,403,37.25
2403,2402,403,48.25
6330,6329,403,20.88
7642,7741,403,5.58
8046,8045,403,20.35
5521,5520,403,34.29
310,309,403,21.39
1903,1902,403,169.87
6970,6969,403,31.23
2005,2004,403,28.52
3918,3917,403,25.5
5379,5279,403,2.15
4424,4423,404,64.08
4422,4421,404,64.13
6536,6535,404,36.23
2804,2803,404,35.82
6321,6320,404,37.47
5716,5715,404,36.66
7760,7859,404,19.78
2503,2502,404,34.76
8454,8553,404,19.09
3210,3209,404,104
3009,3008,404,114.6
4329,4428,404,9.92
4233,4332,404,9.18
4334,4333,404,63.38
5524,5423,404,15.42
6834,6833,404,19.73
1902,1901,404,126.4
6674,6774,404,2.66
3614,3613,404,62.54
3315,3414,404,12.62
1304,1303,405,90.84
3105,3104,405,84.73
2907,2906,405,66.03
1405,1404,405,39.13
6217,6216,405,43.21
906,905,405,33.2
4320,4319,405,33.32
1204,1203,405,25.56
6634,6633,405,30.25
8351,8350,405,21.01
5914,5913,405,43.91
7537,7536,405,20.76
613,612,405,17.46
5813,5812,405,51.86
3310,3309,405,76.54
206,205,405,48.71
4328,4427,405,10.12
4330,4429,405,9.26
5728,5627,405,5.96
8255,8356,405,5.33
8355,8455,405,6.94
5078,5179,405,1.46
3714,3813,405,14.36
3515,3514,405,24.76
5715,5714,406,72.8
3917,3916,406,43.31
11,10,406,45.11
6435,6434,406,34.92
8551,8550,406,48.13
3309,3308,406,112.67
1005,1004,406,26.87
1106,1105,406,31.52
6116,6115,406,32.83
7236,7235,406,20.34
7335,7334,406,21.15
8450,8449,406,17.36
808,807,406,21.98
4119,4118,406,17.17
3209,3208,406,50.71
5616,5615,406,28.46
2004,2003,406,34.02
3613,3612,406,60.06
1967,1866,406,5.95
7759,7858,406,5.58
6734,6733,406,9.61
5520,5519,406,43.74
110,9,406,5.76
6320,6319,406,82.24
5423,5422,406,82.47
7166,7265,406,1.65
4019,4018,406,12.61
3308,3307,407,191.89
2906,2905,407,67.39
1303,1302,407,67.42
3208,3207,407,179.9
6535,6534,407,42.65
2402,2401,407,25.73
412,411,407,17.99
4427,4426,407,71.28
7944,7943,407,20.22
5812,5811,407,50.59
3711,3710,407,31.39
2003,2002,407,198.65
7136,7135,407,20.15
6016,6015,407,28.55
7660,7661,407,4.56
6836,6935,407,8.31
5519,5518,407,134.66
3314,3413,407,11.05
711,710,407,18.25
8249,8248,407,20.07
514,513,407,15.21
7038,7037,407,19.98
3813,3812,407,68.36
7843,7842,407,18.92
3207,3206,408,133.8
3307,3306,408,187.63
9,8,408,62.59
5714,5713,408,72.06
6216,6215,408,36.42
5913,5912,408,46.94
5615,5614,408,57.67
205,204,408,37.36
1404,1403,408,36.82
8045,8044,408,20.42
4219,4218,408,18.81
5525,5424,408,15.74
7760,7860,408,8.34
3008,3007,408,32.04
4326,4425,408,9.11
8147,8146,408,20.04
3844,3943,408,5.74
5518,5517,408,140.25
6937,6936,408,9.14
309,308,408,22.48
4421,4420,408,28.5
3880,3881,408,1.08
6319,6318,408,69.53
3306,3305,409,115.94
2905,2904,409,53.45
3812,3811,409,75.13
1302,1301,409,58.29
5422,5421,409,44.58
3916,3915,409,38.79
905,904,409,29.49
3104,3103,409,27.87
2803,2802,409,21.77
3413,3412,409,63.47
7741,7740,409,19.16
7637,7636,409,19.68
8552,8651,409,17.94
5811,5810,409,54.16
3007,3006,409,118.91
7436,7435,409,19.5
1503,1402,409,13.06
8454,8554,409,7.82
6434,6433,409,46.46
2702,2701,409,13.88
755,655,409,2.1
151,50,409,8.53
3206,3205,410,90.02
5614,5613,410,90.65
8,7,410,51.84
1105,1104,410,29.83
6115,6114,410,31.17
1004,1003,410,26.86
4319,4318,410,21.85
1203,1202,410,20.92
3710,3709,410,33.86
807,806,410,28.85
1502,1401,410,15.04
3612,3611,410,31.13
3514,3513,410,23.76
3712,3611,410,16.43
6318,6317,410,50.75
2502,2501,410,17.43
2069,1968,410,5.96
2002,2001,410,48.56
354,254,410,2.4
5517,5516,410,94.08
151,51,410,5.82
5778,5879,410,1.07
6433,6432,411,69.92
3412,3411,411,66.46
8651,8650,411,62.22
204,203,411,43.05
5912,5911,411,47.81
4118,4117,411,21.99
8350,8349,411,19.4
7536,7535,411,19.55
612,611,411,19.02
8551,8650,411,19.73
6015,6014,411,33.13
5713,5712,411,47.46
4331,4430,411,8.71
4018,4017,411,22.63
1560,1460,411,1.82
6432,6431,412,231.24
1202,1201,412,54.43
5613,5612,412,50.31
5421,5420,412,41.78
3305,3304,412,33.83
2904,2903,412,39
3811,3810,412,40.34
6215,6214,412,31.52
4420,4419,412,30.55
6935,6934,412,20.51
3006,3005,412,42.22
3709,3708,412,93.82
7037,7036,412,20.15
5810,5809,412,49.54
4424,4523,412,14.53
4422,4521,412,14.51
6534,6533,412,23.06
3611,3610,412,57.07
3513,3512,412,57.14
2602,2601,412,8.25
7135,7134,412,20.56
7660,7561,412,5.29
8449,8448,412,17.14
4334,4433,412,14.73
7068,7069,412,2.25
3411,3410,413,70.84
904,903,413,28.53
3915,3914,413,27.59
308,307,413,23.57
4218,4217,413,23.44
513,512,413,17.1
8550,8549,413,16.56
5422,5321,413,21.76
411,410,413,19.78
6317,6316,413,38.85
7842,7841,413,18.86
3311,3410,413,11.97
6633,6632,413,13.04
7660,7761,413,5.22
7943,7942,413,18.68
107,6,413,5.65
8146,8145,413,20.37
8248,8247,413,19.95
710,709,413,17.47
4523,4522,414,59.01
5911,5910,414,48.05
4117,4116,414,38.01
6114,6113,414,30.71
4318,4317,414,27.38
3708,3707,414,82.84
1003,1002,414,25.1
3205,3204,414,30.49
8044,8043,414,18.44
7636,7635,414,20.27
806,805,414,31.29
3610,3609,414,59.64
4423,4522,414,14.96
6014,6013,414,35.37
3512,3511,414,59.33
5712,5711,414,42.54
7435,7434,414,21.51
5626,5526,414,4.49
4433,4432,414,53.25
7640,7739,414,5.58
4235,4335,414,4.51
4017,4016,414,41.73
4116,4115,415,112.86
3707,3706,415,178.57
3410,3409,415,68.3
3810,3809,415,49.22
3005,3004,415,40.21
1104,1103,415,24.35
203,202,415,26.31
6833,6832,415,9.13
5612,5611,415,37.29
4428,4527,415,13.2
2170,2070,415,2.1
5516,5515,415,22.48
2373,2273,415,1.87
4016,4015,415,112.86
6326,6425,415,5.58
3706,3705,416,131.27
4217,4216,416,37.86
6214,6213,416,28.7
6431,6430,416,26.92
5910,5909,416,77.51
5421,5320,416,22.45
2802,2801,416,15.65
3511,3510,416,61.89
5809,5808,416,30.28
8552,8652,416,7.04
6316,6315,416,34.36
8650,8649,416,21.76
4432,4431,416,69.83
6533,6532,416,26.81
8156,8257,416,3.74
3103,3102,416,15.3
6329,6428,416,11.32
3813,3912,416,13.35
6425,6424,417,84.17
4317,4316,417,41.16
6113,6112,417,34.12
307,306,417,26.66
903,902,417,28.18
4419,4418,417,22.26
3304,3303,417,23.84
8349,8348,417,19.45
3409,3408,417,93.5
3809,3808,417,67.34
3609,3608,417,45.73
4527,4526,417,54.64
7535,7534,417,19.98
6013,6012,417,37.19
5711,5710,417,34.51
7334,7333,417,9.76
5422,5322,417,9.55
7235,7234,417,9.16
4427,4526,417,12.63
6872,6971,417,8.94
7134,7133,417,20.41
4429,4528,417,12.65
7036,7035,417,20.6
5420,5419,417,21.36
611,610,417,19.26
5423,5322,417,11.17
6733,6732,417,9.75
6575,6576,417,1.97
4521,4520,417,21.28
8448,8447,417,20.12
3780,3681,417,1.32
4279,4380,417,1.2
6424,6423,418,137.43
5611,5610,418,39.89
5909,5908,418,61.5
3204,3203,418,28.1
3408,3407,418,178.57
3914,3913,418,24.81
3608,3607,418,160.74
2903,2902,418,17.41
1202,1101,418,18.62
3510,3509,418,62.64
805,804,418,30.1
7841,7840,418,20.32
5525,5425,418,5.47
104,3,418,5.77
5808,5807,418,67.89
6,5,418,21.3
8247,8246,418,20.04
3478,3379,418,1.02
7942,7941,418,20.43
3407,3406,419,198.65
3607,3606,419,189.28
5710,5709,419,53.96
4216,4215,419,41.23
3705,3704,419,34.77
3004,3003,419,31.39
3808,3807,419,88.68
1002,1001,419,21.55
8145,8144,419,18.78
512,511,419,18.73
4526,4525,419,59.3
7534,7533,419,53.28
8043,8042,419,20.11
8554,8653,419,14.75
8651,8750,419,15.08
5424,5323,419,13.37
4425,4524,419,13.2
7635,7634,419,20.41
4426,4525,419,12.42
7434,7433,419,21.51
709,708,419,16.89
4115,4114,419,33.1
7639,7738,419,5.58
5320,5319,419,42.74
5515,5514,419,32.5
253,153,419,3
410,409,419,19.98
6327,6426,419,5.56
8649,8648,419,46.96
4015,4014,419,31.75
5579,5580,419,1.3
3406,3405,420,130.85
3606,3605,420,135.57
4316,4315,420,42.48
6112,6111,420,39.57
3912,3911,420,27.51
6213,6212,420,32.64
6532,6531,420,25.93
5709,5708,420,103.71
1103,1102,420,20.68
5321,5221,420,14.83
5321,5220,420,22.53
3812,3911,420,11.76
6012,6011,420,41.94
6315,6314,420,31.26
103,2,420,5.79
5514,5513,420,100.25
4433,4532,420,18
5978,6078,420,1.72
1156,1056,420,2.07
8549,8548,420,15.94
6428,6427,420,31.37
3707,3806,421,123.92
3509,3508,421,8.49
4523,4622,421,34.46
5910,6009,421,87.54
6774,6873,421,99.7
4335,4434,421,29.34
7638,7737,421,30.22
4430,4529,421,49.82
6318,6417,421,65.37
4041,4140,421,15.35
6330,6429,421,38.76
6773,6873,421,5.97
4334,4434,421,19.37
6320,6419,421,95.1
6834,6933,421,31.16
6322,6421,421,86.26
6319,6418,421,82.78
6427,6526,422,77.45
3405,3504,422,89.46
6426,6525,422,89.02
6111,6210,422,88.23
3406,3505,422,104.58
3807,3906,422,85.16
6424,6523,422,122.98
3407,3506,422,125.28
4528,4627,422,42.41
3706,3805,422,109.33
6425,6524,422,94.15
3808,3907,422,94.11
5909,6008,422,74.08
3408,3507,422,120.98
4526,4625,422,47.48
3810,3909,422,68.09
6214,6313,422,46.52
7534,7633,422,65.16
5911,6010,422,61.49
3809,3908,422,82.13
7533,7632,422,64.6
4527,4626,422,45.11
3811,3910,422,58.08
2802,2901,422,27.13
8455,8555,422,12.26
7859,7958,422,27.87
7433,7532,422,65.87
202,201,422,3.01
6316,6415,422,47.32
6317,6416,422,52.99
206,305,422,22.62
4431,4530,422,52.17
4432,4531,422,44.18
5808,5907,422,79.32
3103,3202,422,31.07
7068,7169,422,2.73
7263,7362,422,18.84
8356,8456,422,11.66
7167,7266,422,20.01
3980,3981,422,1.05
8649,8748,422,60.59
6873,6972,423,94.99
6212,6311,423,52.6
4525,4624,423,42.98
6112,6211,423,54.08
3102,3201,423,37.13
3102,3101,423,9.2
3705,3804,423,41.51
6213,6312,423,50.88
7761,7861,423,13.92
2903,3002,423,30.2
4523,4623,423,21.36
3305,3404,423,37.74
8651,8751,423,15.91
7860,7959,423,27.87
6421,6520,423,104.66
6011,6110,423,53.93
6935,7034,423,30.76
6315,6414,423,43.81
7433,7432,423,16.2
4335,4435,423,21.43
7760,7861,423,5.41
8057,8058,423,3.01
4433,4533,423,21.47
3844,3944,423,2.43
6632,6631,423,1.95
6675,6775,423,6.97
8146,8245,423,28.26
6428,6527,423,55.59
8248,8347,423,28.23
3805,3904,424,85.15
3505,3604,424,90.76
3806,3905,424,66.73
6418,6517,424,53.31
3911,4010,424,40.12
4215,4314,424,34.43
3704,3803,424,36.43
4014,4113,424,42.1
4528,4628,424,19.6
6430,6529,424,35.12
5807,5906,424,40.16
3912,4011,424,38.05
3304,3403,424,31.07
8043,8142,424,28.38
6314,6413,424,43.78
8554,8654,424,13.06
205,304,424,16.21
7841,7940,424,28.86
7134,7233,424,29.26
4115,4214,424,35.35
6524,6623,424,125.75
3303,3402,424,34.86
3303,3302,424,9.36
5908,6007,424,41.08
3203,3302,424,34.06
7264,7363,424,18.69
7168,7267,424,20.84
4114,4213,424,39.11
6523,6622,424,101.1
8448,8547,424,27.81
6419,6518,424,62.04
8247,8346,424,28.02
7942,8041,424,28.3
6211,6310,425,87.45
6311,6410,425,83.82
6775,6874,425,94.94
6520,6619,425,96.66
3908,4007,425,54.83
3909,4008,425,53.36
6210,6309,425,47.72
3907,4006,425,61.23
6417,6516,425,46.16
8548,8647,425,29.34
6110,6209,425,77.48
8653,8752,425,27.31
8648,8747,425,31.26
8144,8243,425,28.46
2902,3001,425,26.62
8246,8345,425,28.26
8447,8546,425,28.85
5807,5806,425,9
4315,4414,425,33.95
6009,6108,425,38.87
6972,7071,425,93.29
4532,4632,425,21.27
3943,4042,425,15.22
7840,7939,425,28.48
8750,8849,425,30.71
6321,6420,425,28.58
7133,7232,425,29.74
7941,8040,425,28.14
6323,6422,425,27.88
6429,6528,425,37.13
8042,8141,425,28.25
8649,8749,425,13.15
6007,6106,426,83.09
3804,3903,426,69.2
6622,6721,426,92.05
6415,6514,426,41.58
3906,4005,426,37.15
6416,6515,426,43.07
4625,4724,426,39.36
3504,3603,426,36.25
5907,6006,426,41.37
3202,3301,426,38.69
3910,4009,426,46.48
4626,4725,426,42.73
6623,6722,426,90.28
4316,4415,426,25.65
6312,6411,426,48.35
7333,7332,426,6.92
8447,8446,426,6.89
8257,8357,426,13.05
6971,7070,426,25.07
4627,4726,426,44.74
4317,4416,426,25.15
6313,6412,426,46.5
6431,6530,426,25.23
6010,6109,426,45.79
4532,4631,426,27.96
204,303,426,23.44
7637,7736,426,19.67
4530,4629,426,35.69
7133,7132,426,6.9
6008,6107,426,40.99
6423,6522,426,27.75
6575,6676,426,3.62
4434,4534,426,21.51
6874,6973,427,100.15
6410,6509,427,93.79
6422,6521,427,73.96
3803,3902,427,63.59
3904,4003,427,57.38
6309,6408,427,89.34
3604,3703,427,47.79
6414,6513,427,40.92
6525,6624,427,29.3
6209,6308,427,77.76
5319,5418,427,21.67
4014,4013,427,8.88
6619,6718,427,75.98
3914,4013,427,21.11
8145,8244,427,18.84
7739,7838,427,19.18
4318,4417,427,19.65
4531,4630,427,31.74
7740,7839,427,19.17
8748,8847,427,28.29
4420,4519,427,20.43
8044,8143,427,18.73
7635,7734,427,20
7636,7735,427,19.97
4530,4630,427,21.2
4335,4336,427,10.33
411,510,427,19.85
7071,7170,427,98.47
3913,4012,427,21.64
410,509,427,19.75
309,408,427,19.27
7265,7364,427,18.82
6721,6820,428,99.43
3603,3702,428,73.68
6006,6105,428,104.71
6310,6409,428,48.64
4008,4107,428,50.8
8749,8848,428,66.58
6517,6616,428,42.38
3905,4004,428,38.3
6413,6512,428,43.09
3302,3401,428,37.5
6518,6617,428,46.16
4011,4110,428,37.88
4623,4723,428,21.35
4623,4722,428,28.57
5906,6005,428,38.42
3404,3503,428,34.34
7432,7531,428,30.14
8245,8344,428,28.36
7738,7837,428,19.39
409,508,428,18.46
4520,4619,428,18.59
4418,4517,428,19.57
4628,4727,428,44.53
6411,6510,428,85.48
4627,4727,428,18.84
307,406,428,17.48
6522,6621,428,82.11
6420,6519,428,66.56
203,302,428,16.96
308,407,428,17.96
3402,3501,428,37.42
7634,7733,428,19.68
4533,4633,428,21.44
6833,6932,428,12.53
4335,4436,428,13.77
6531,6630,428,19.87
8057,8158,428,4.75
4113,4212,428,35.56
3580,3480,428,1.12
6632,6731,428,17.04
6722,6821,428,106.29
4435,4535,428,21.03
8849,8948,428,68.33
4521,4620,428,16.78
6973,7072,429,93.36
6408,6507,429,112.49
3703,3802,429,73.86
4629,4728,429,47.38
6516,6615,429,40.03
4006,4105,429,37.95
4007,4106,429,46.49
4010,4109,429,28.84
8547,8646,429,30.93
7940,8039,429,28.49
6509,6608,429,103.58
8751,8850,429,27.2
5806,5905,429,41.88
6108,6207,429,36.48
3403,3502,429,29.01
7861,7960,429,27.87
7169,7268,429,22.89
4622,4721,429,19.83
8041,8140,429,28.69
6521,6620,429,89.78
306,405,429,17.05
3903,4002,429,60.35
4522,4621,429,15.11
7561,7461,429,3.66
4419,4518,429,15.14
7737,7836,429,19.46
6107,6206,429,48.2
202,301,429,15.65
6106,6205,429,58.37
6718,6817,429,72.48
8346,8445,429,28.46
8142,8241,429,29.5
6624,6723,429,70.87
6409,6508,430,103.7
6510,6609,430,107.62
4107,4206,430,124.74
6621,6720,430,101.94
7364,7463,430,59.37
6514,6613,430,41.02
6308,6407,430,55.28
6515,6614,430,39.15
4631,4730,430,36.64
7939,8038,430,29.69
8647,8746,430,32.22
8546,8645,430,32.12
8243,8342,430,30.41
8654,8753,430,28.25
8141,8240,430,29.66
4632,4732,430,21.52
4632,4731,430,32.04
6109,6208,430,41.64
6821,6920,430,87.58
6526,6625,430,18
8040,8139,430,29.6
7532,7631,430,19.51
6412,6511,430,45.49
6934,7033,430,12.33
8747,8846,430,29.73
7632,7731,430,19.34
7633,7732,430,19.39
4415,4514,430,35.77
6832,6931,430,12.69
8456,8556,430,13.29
4213,4312,430,24.19
3902,4001,430,65.25
6820,6919,430,77.79
5320,5219,430,5.84
4003,4102,430,64.26
4314,4413,430,26.7
7266,7365,430,19.37
8345,8444,430,29.76
6519,6618,430,85.86
4214,4313,430,27.91
151,52,430,1.93
6207,6306,431,112.65
4106,4205,431,103.51
7733,7832,431,61.58
8948,9047,431,66.78
6005,6104,431,62.94
6105,6204,431,58.25
6513,6612,431,43.44
4630,4729,431,45.74
4534,4634,431,21.27
8446,8545,431,30.01
4005,4104,431,32.28
4009,4108,431,32.89
8752,8851,431,26.74
7267,7366,431,20.24
6527,6626,431,18.01
4004,4103,431,62.8
7072,7171,431,95.09
4105,4204,431,75.81
4013,4112,431,41.63
2474,2374,431,0.98
6530,6629,431,31.74
6732,6831,431,13.05
5,4,431,5.72
4206,4305,432,104.3
6613,6712,432,73.39
6508,6607,432,86.02
6817,6916,432,70.53
5905,6004,432,51.24
7268,7367,432,68.8
4002,4101,432,68.82
6615,6714,432,64.44
6920,7019,432,74.77
6616,6715,432,38.8
6407,6506,432,91.17
6617,6716,432,41.25
6512,6611,432,44.72
8244,8343,432,29.16
4012,4111,432,30.91
4416,4515,432,27.26
6206,6305,432,58.37
6620,6719,432,55.97
7363,7462,432,18.98
4727,4826,432,44.18
8143,8242,432,28.44
6507,6606,432,54.26
3802,3901,432,63.69
7838,7937,432,28.8
7661,7662,432,3.44
7839,7938,432,28.8
2976,2876,432,1.06
6631,6730,432,16.51
6919,7018,432,71.58
6529,6628,432,18.27
5579,5680,432,2.23
4205,4304,433,82.55
6614,6713,433,68.9
6720,6819,433,50.15
7365,7464,433,59.11
4730,4829,433,50.71
7463,7562,433,60.1
6609,6708,433,67.86
4728,4827,433,46.15
3702,3801,433,30.74
4535,4635,433,21.32
3503,3602,433,31.31
7170,7269,433,25.44
4417,4516,433,26.43
8847,8946,433,27.95
8344,8443,433,31.55
4414,4513,433,19.67
304,403,433,16.77
3944,4043,433,15.29
4633,4733,433,21.22
305,404,433,13.39
6933,7032,433,12.38
5708,5707,433,8.21
6608,6707,433,44.47
7837,7936,433,29.29
6528,6627,433,18.07
6205,6304,433,46.19
4726,4825,433,21.28
4436,4536,433,21.33
6618,6717,433,70.71
4305,4404,434,94.48
7019,7118,434,73.86
6712,6811,434,84.1
6611,6710,434,106.72
7366,7465,434,60.99
4729,4828,434,49.08
6306,6405,434,48.88
4204,4303,434,70.62
7018,7117,434,75.58
4102,4201,434,40.18
6511,6610,434,44.86
4731,4830,434,44.43
6719,6818,434,74.22
4112,4211,434,67.61
8646,8745,434,32.83
4109,4208,434,31.73
8039,8138,434,31.36
7836,7935,434,29.8
4723,4822,434,27.05
4517,4616,434,23.79
6208,6307,434,45.17
7736,7835,434,19.75
303,402,434,19.41
4042,4141,434,15.81
8140,8239,434,30.84
8445,8544,434,31.82
8850,8949,434,30.58
7661,7762,434,5.39
6377,6477,434,4.88
8157,8258,434,4.84
5513,5512,434,7.36
6204,6303,434,56.38
5517,5416,434,2.12
8241,8340,434,31.07
7269,7368,435,76.65
6819,6918,435,73.86
4111,4210,435,69.71
6004,6103,435,63.02
6916,7015,435,65.43
6714,6813,435,65.7
6612,6711,435,38.47
4108,4207,435,46.19
4103,4202,435,37.92
8746,8845,435,30.58
8038,8137,435,32.52
4732,4832,435,21.52
4732,4831,435,31.7
8342,8441,435,31.79
8139,8238,435,32.14
7960,8059,435,27.77
4110,4209,435,23.34
8948,8947,435,15.89
4620,4719,435,20.45
8240,8339,435,32.59
4619,4718,435,22.3
6630,6729,435,21.34
7735,7834,435,19.3
509,608,435,18.21
7734,7833,435,19.07
302,401,435,21.45
4724,4823,435,17.44
8444,8543,435,33.35
6104,6203,435,41.33
6723,6822,435,27.51
7367,7466,435,65.33
6305,6404,435,65.91
6625,6724,435,31.44
510,609,435,19.46
4404,4503,436,93.67
6610,6709,436,99.89
6710,6809,436,76.71
7464,7563,436,59.37
4829,4928,436,49.26
4304,4403,436,48.34
6717,6816,436,70.44
6713,6812,436,68.08
4634,4734,436,20.41
8851,8950,436,28.78
8753,8852,436,27.45
7118,7217,436,70.88
8545,8644,436,33.15
8846,8945,436,27.87
6817,6816,436,14.67
6811,6910,436,100.44
4722,4821,436,19.65
406,505,436,17.81
6629,6728,436,31.53
408,507,436,16.66
4519,4618,436,16.12
6715,6814,436,39.69
6716,6815,436,40.56
8556,8655,436,27.2
7117,7216,436,72.79
2,1,436,6.52
4725,4824,436,15.65
4515,4614,436,37.82
5879,5979,436,5.16
1662,1561,436,1.91
6818,6917,436,71.5
7531,7630,436,19.31
4104,4203,436,34.34
4721,4820,436,20.86
4212,4311,436,19.01
5878,5979,436,1.68
6822,6921,437,96.29
6711,6810,437,101.29
4202,4301,437,73.88
4830,4929,437,49.19
7465,7564,437,58.35
6307,6406,437,58.94
4211,4310,437,63.11
7938,8037,437,30.74
6626,6725,437,27.73
4313,4412,437,23.07
8343,8442,437,31.78
3502,3601,437,19.42
405,504,437,19.65
8948,9048,437,11.28
407,506,437,16.09
508,607,437,17.66
7171,7270,437,26.11
7232,7331,437,12.51
5806,5805,437,8.89
6303,6402,437,50.32
4827,4926,437,43.64
5321,5222,437,3.95
8242,8341,437,30.79
7937,8036,437,31.24
6506,6605,437,30.61
6506,6505,437,24
6918,7017,437,71.46
6607,6706,437,32.47
4312,4411,437,22.55
6606,6706,437,21.26
6606,6705,437,35.29
6606,6605,437,24.68
5579,5480,437,1.24
4203,4302,438,72.84
4403,4502,438,87.71
6812,6911,438,86.31
7466,7565,438,58.53
7015,7114,438,70.5
4831,4930,438,47.53
4303,4402,438,47.05
4828,4927,438,45.44
4635,4735,438,21.39
6707,6807,438,20.1
4536,4636,438,21.36
5219,5318,438,20.05
8645,8744,438,19.83
4514,4613,438,19.74
4518,4617,438,17.32
4733,4833,438,21.27
7132,7231,438,12.11
7732,7831,438,19.19
7432,7431,438,6.9
7731,7830,438,19.23
6304,6403,438,30.04
7332,7431,438,12.47
7936,8035,438,30.69
6103,6202,438,47.53
6708,6808,438,21.52
6708,6807,438,31.74
7631,7730,438,19.17
1257,1157,438,1.21
4621,4720,438,17.26
3980,4081,438,1.67
6814,6913,439,63.29
6815,6914,439,66.58
4207,4306,439,41.85
4832,4931,439,39.45
6203,6302,439,37.57
7270,7369,439,88.1
8138,8237,439,32.65
8239,8338,439,34.05
8745,8844,439,28.4
4208,4307,439,33.2
4822,4921,439,32.89
7835,7934,439,29.03
4825,4924,439,27.77
4516,4615,439,26.71
8340,8439,439,34.37
8946,9045,439,25.99
6921,7020,439,79.45
6916,6915,439,16.35
6910,7009,439,66.01
7832,7931,439,19.27
6813,6912,439,39.55
9047,9146,439,18.47
4413,4512,439,17.25
6731,6830,439,13.71
4336,4437,439,12.26
4336,4337,439,8.77
7217,7316,439,65.29
6303,6302,439,21.91
7935,8034,439,29.73
6404,6503,439,43.55
6810,6909,439,73.45
4826,4925,439,23.51
6809,6908,439,54.9
7017,7116,439,73.38
6627,6726,439,27.68
6405,6504,439,34.49
4503,4602,439,58.98
6725,6824,439,101.22
7216,7315,439,69.41
4379,4480,439,1.69
6077,6178,439,1.8
6917,7016,439,69.86
7564,7663,440,59.37
4928,5027,440,41.46
7834,7933,440,29.09
4832,4932,440,20.44
8238,8337,440,32.56
8137,8236,440,30.92
7833,7932,440,29.85
4616,4715,440,26.11
6707,6806,440,23.25
6911,7010,440,110.87
404,503,440,21.45
403,502,440,22.7
6676,6776,440,7.62
6775,6875,440,6.13
6628,6727,440,18.07
6932,7031,440,12.45
902,901,440,1.21
7761,7862,440,5.41
6103,6102,440,22.82
8443,8542,440,20.51
5728,5628,440,1.12
4436,4537,440,11.86
4502,4601,440,93.42
6824,6923,441,87.1
4306,4405,441,103.49
7369,7468,441,75.05
7565,7664,441,58.77
7114,7213,441,69.96
4930,5029,441,47.59
6808,6907,441,56.29
7116,7215,441,75.93
5805,5904,441,38.84
6705,6804,441,44.36
4929,5028,441,45.97
8950,9049,441,30.34
6912,7011,441,96.79
6724,6823,441,27.03
4718,4817,441,24.23
6913,7012,441,73.06
8644,8743,441,29.73
3602,3701,441,19.58
8655,8754,441,28.68
8544,8643,441,20.48
402,501,441,23.23
4734,4834,441,21.44
8845,8944,441,27.11
6726,6825,441,101.23
5221,5120,441,6.78
4821,4920,441,31.4
6402,6501,441,37.9
1764,1663,441,1.87
7367,7467,441,11.69
1763,1663,441,1.07
6505,6604,441,36.4
4402,4501,441,54.94
1459,1359,441,1.09
6875,6974,442,98.52
4602,4701,442,50.4
4931,5030,442,49.13
6807,6906,442,44.34
8037,8136,442,31.67
8036,8135,442,30.88
8442,8541,442,32.15
6705,6704,442,23.7
9048,9147,442,30.32
8945,9044,442,26.16
7016,7115,442,70.2
8852,8951,442,28.12
6914,7013,442,66.4
4209,4308,442,23.51
6915,7014,442,63.56
4210,4309,442,20.96
7015,7014,442,14.68
7009,7108,442,50.64
4513,4612,442,16.73
6730,6829,442,15.54
6831,6930,442,13.04
4719,4818,442,23.48
4043,4142,442,15.73
4823,4922,442,21.3
8339,8438,442,20.75
7316,7415,442,60.74
4302,4401,442,46.81
7331,7430,442,30.56
6931,7030,442,12.79
7315,7414,442,56.65
6402,6502,442,20.8
6402,6401,442,24.68
8441,8540,442,20.4
8341,8440,442,33.35
1865,1765,442,1.09
6706,6805,442,30.79
6202,6301,442,37
8356,8457,442,4.33
3076,2977,442,0.95
6823,6922,443,97.2
6923,7022,443,76.2
4932,5031,443,49.13
6908,7007,443,46.35
6909,7008,443,43.88
7012,7111,443,108.33
4307,4406,443,39.9
7020,7119,443,42.1
7011,7110,443,98.54
4636,4736,443,21.37
4735,4835,443,21.5
4820,4919,443,21.01
4311,4410,443,23.31
4833,4933,443,21.39
505,604,443,21.85
608,707,443,18.71
7466,7566,443,13.84
4310,4409,443,24.04
4618,4717,443,21.93
7019,7119,443,9.52
6825,6924,443,79.47
8543,8642,443,20.03
8947,9046,443,18.61
6973,7073,443,6.31
4824,4923,443,20.72
8035,8134,443,30.18
4926,5025,443,25.74
7431,7530,443,29.39
6202,6201,443,24.71
6806,6905,443,50.31
3680,3581,443,0.98
7115,7214,444,76.06
7013,7112,444,81.73
7014,7113,444,71.12
7664,7763,444,59.37
4405,4504,444,67.62
7215,7314,444,67.07
6804,6903,444,51.45
7934,8033,444,29.76
6503,6603,444,21.52
6503,6602,444,31.78
6504,6603,444,32.32
8237,8336,444,30.01
5318,5417,444,24.23
607,706,444,20.47
506,605,444,20.54
507,606,444,18.81
4617,4716,444,24.13
4925,5024,444,32.22
7630,7729,444,19.44
504,603,444,22.8
6729,6828,444,17.63
5904,6003,444,60.62
6728,6827,444,18.58
4536,4637,444,13.99
7010,7109,444,43.56
7118,7218,444,10.22
8744,8843,444,27.47
7861,7961,444,4.9
7414,7513,444,72.55
4921,5020,444,30.55
8034,8133,444,30.75
4614,4713,444,19.42
2272,2172,444,1.08
6922,7021,445,78.04
4406,4505,445,108.52
6805,6904,445,53.45
7213,7312,445,38.07
7073,7172,445,93.33
5029,5128,445,43.64
6907,7006,445,43.21
7932,8031,445,29.67
7933,8032,445,30.21
9146,9245,445,26.35
9045,9144,445,26.58
4927,5026,445,21.3
7231,7330,445,20.25
4411,4510,445,17.91
4720,4819,445,22.55
8439,8538,445,28.2
7108,7207,445,48.89
6924,7023,445,72.01
8844,8943,445,26.98
5707,5706,445,8.68
7032,7131,445,12.1
7217,7317,445,11.71
6906,7005,445,51.45
6102,6101,445,24.63
7112,7211,446,101.66
7566,7665,446,58.41
7530,7629,446,62.06
7111,7210,446,60.67
5031,5130,446,50.12
6704,6803,446,47.14
6829,6928,446,44.24
6804,6803,446,21.51
6604,6703,446,34.25
4932,5032,446,17.26
8337,8436,446,28.14
502,601,446,24.52
4924,5023,446,21.99
7565,7665,446,13.76
7831,7930,446,19.04
503,602,446,24.05
7830,7929,446,18.87
4615,4714,446,23.17
5221,5121,446,3.97
4412,4511,446,16.64
8257,8358,446,4.98
5424,5324,446,1.83
7730,7829,446,19.13
1967,1867,446,1.1
9049,9148,446,31.64
6502,6601,446,39.11
4505,4604,447,81.47
4504,4603,447,65.61
7513,7612,447,57.14
7022,7121,447,42.55
8951,9050,447,28.36
8136,8235,447,29.55
4716,4815,447,48.2
4308,4407,447,32.01
4817,4916,447,24.91
8754,8853,447,28.23
7110,7209,447,37.19
8743,8842,447,27.74
5029,5129,447,19.21
4715,4814,447,22.88
7931,8030,447,18.92
8338,8437,447,19.25
4613,4712,447,17.25
4834,4934,447,19.63
7108,7107,447,22.39
8944,9043,447,27.28
4922,5021,447,32.71
7415,7514,447,34.73
7316,7416,447,13.11
7430,7529,447,29.39
6903,7002,447,51.47
5512,5511,447,8.22
554,555,447,1.15
7312,7411,448,61.93
7005,7104,448,54.49
7113,7212,448,38.74
7214,7313,448,36.72
6603,6702,448,40.15
7314,7413,448,35.63
4736,4836,448,21.21
6905,7004,448,32.79
8438,8537,448,27.28
9044,9143,448,27.81
8540,8639,448,27.49
9147,9246,448,28.02
4309,4408,448,26.71
5028,5127,448,21.36
4920,5019,448,20.97
8236,8335,448,19.1
6727,6826,448,19.02
8542,8641,448,19.54
6828,6927,448,43.91
4409,4508,448,31.17
7023,7122,448,70.5
4835,4935,448,21.27
7108,7208,448,17.35
6827,6926,448,45.54
7109,7208,448,40.98
8642,8741,448,28.4
4512,4611,448,16.02
7007,7106,448,28.91
7468,7567,448,20.35
5025,5124,448,34.04
4437,4438,448,11.39
6602,6701,448,40.55
7006,7105,448,52.21
7665,7764,449,58.94
5032,5131,449,50.73
6803,6902,449,48.61
7021,7120,449,43.62
8033,8132,449,30.34
4407,4506,449,88.85
4637,4737,449,21.3
5031,5131,449,16.89
4933,5033,449,19.13
7664,7764,449,13.56
604,703,449,23.81
5027,5126,449,15.85
4818,4917,449,23.3
8643,8742,449,18.9
4717,4816,449,26.09
4636,4737,449,13.96
9046,9145,449,25.41
7514,7613,449,75.14
6903,6902,449,21.5
4604,4703,449,108.21
4437,4538,449,14.63
5416,5415,449,6.93
5020,5119,449,30.66
4603,4702,449,96.87
7207,7306,449,35.52
4537,4538,449,11.97
7212,7311,450,82.44
7413,7512,450,77.71
7313,7412,450,83.31
6703,6802,450,44.34
6928,7027,450,39.4
9144,9243,450,28.93
9245,9344,450,29.92
6904,7003,450,32.04
7513,7512,450,19.39
8336,8435,450,27.75
8843,8942,450,27.59
4919,5018,450,21.62
4923,5022,450,21.53
8440,8539,450,19.74
8135,8234,450,19.36
7416,7515,450,59.2
7961,8060,450,27.87
6830,6929,450,13.5
603,702,450,24.82
7369,7469,450,9.26
7960,8060,450,4.9
5124,5223,450,87.15
8456,8557,450,5.1
8541,8640,450,18.85
6826,6925,450,77.79
855,856,450,1.06
4537,4638,450,15.04
7002,7101,450,53.69
5379,5380,450,1.07
5679,5780,450,1.75
4702,4801,451,73.29
7567,7666,451,59.65
7004,7103,451,53.93
7121,7220,451,39.59
9148,9247,451,30.4
4506,4605,451,82.94
7210,7310,451,21.44
7210,7309,451,33.58
8538,8637,451,26.6
606,705,451,22.09
5024,5123,451,22.47
7209,7308,451,46.22
7566,7666,451,13.89
8134,8233,451,19.45
605,704,451,22.87
4410,4509,451,19.81
4701,4801,451,11.73
4612,4711,451,16.82
4337,4338,451,8.34
8943,9042,451,27.57
8556,8656,451,4.91
5610,5609,451,1.1
6103,6002,451,9.01
2069,1969,451,1.12
354,355,451,1.24
6102,6001,451,13.35
4703,4802,452,55.13
7764,7863,452,60.27
5033,5132,452,51.34
5131,5230,452,54.14
4935,5034,452,37.31
9050,9149,452,32.22
5130,5229,452,25.16
8436,8535,452,26.99
602,701,452,25.3
4510,4609,452,21.15
4934,5034,452,21.09
7729,7828,452,19.13
7763,7863,452,13.4
8133,8232,452,19.13
4819,4918,452,21.77
7131,7230,452,20.4
7120,7219,452,67.58
7122,7221,452,40.09
5805,5804,452,6.93
7270,7370,452,6.99
7031,7130,452,12.51
4713,4812,452,18.72
6927,7026,452,40.34
6702,6801,452,45.41
7612,7711,452,28.47
7107,7206,452,33.42
6926,7025,452,40.86
6902,7001,452,52.2
7002,7001,452,20.69
6925,7024,453,70.08
7104,7203,453,33.13
7106,7205,453,33.93
4935,5035,453,20.92
7105,7204,453,34.37
4836,4936,453,21.3
8842,8941,453,27
9143,9242,453,28.68
8853,8952,453,27.57
8437,8536,453,26.99
5023,5122,453,22.21
7172,7271,453,18.61
4816,4915,453,41.58
8031,8130,453,18.9
8032,8131,453,19.34
5019,5118,453,30.71
4408,4507,453,32.5
4736,4837,453,14.37
4605,4704,453,122.66
7317,7417,453,13.05
9043,9142,453,27.85
4835,4936,453,14.24
7330,7429,453,19.48
5026,5125,453,18.32
7003,7102,453,52.83
6802,6901,453,50.1
7208,7307,453,34.6
4802,4901,454,71.66
7666,7765,454,58.53
702,801,454,43.5
5119,5218,454,28.4
8335,8434,454,27.9
8639,8738,454,26.81
9246,9345,454,27.8
8537,8636,454,26.66
4815,4914,454,22.21
5129,5228,454,23.5
4916,5015,454,21.94
4814,4913,454,20.69
4511,4610,454,18.48
7665,7765,454,13.7
7930,8029,454,18.95
5128,5227,454,16.91
4637,4738,454,14.17
7030,7129,454,12.3
6930,7029,454,12.47
7929,8028,454,18.8
7306,7405,454,33.33
7629,7728,454,19.74
8641,8740,454,27.52
8741,8840,454,27.07
4714,4813,454,19.85
7829,7928,454,18.71
7411,7510,454,26.71
7103,7202,454,53.05
4704,4803,455,108.34
5034,5133,455,48.97
7220,7319,455,37.25
9344,9443,455,29.09
9243,9342,455,28.91
7412,7511,455,30.58
7026,7125,455,67.27
8030,8129,455,18.58
7219,7318,455,62.3
4712,4811,455,18.81
8235,8334,455,19.08
7529,7628,455,19.51
5804,5903,455,48.21
8742,8841,455,27.39
703,802,455,25.19
7515,7614,455,32
9145,9244,455,28.07
4508,4607,455,21.16
7416,7516,455,13.62
7023,7123,455,10.31
8158,8259,455,5.3
6576,6677,455,3.97
5230,5329,455,60.65
5132,5231,455,53.15
7613,7712,455,26.9
354,455,455,1.98
4080,4181,455,1.68
5227,5326,456,74.05
7102,7201,456,53.48
7206,7305,456,35.36
8539,8638,456,26.69
8942,9041,456,27.34
8435,8534,456,27.28
5126,5225,456,20.24
5127,5226,456,18.42
7567,7667,456,13.46
8060,8159,456,27.44
4917,5016,456,22.67
9247,9346,456,29.86
5979,6079,456,5.02
7512,7611,456,26.91
8059,8159,456,4.9
9042,9141,456,28.4
4611,4710,456,18.92
804,803,456,1.12
7309,7408,456,34.43
8640,8739,456,27.34
4438,4439,456,14.22
4479,4580,456,1.75
7308,7407,456,34.96
4607,4706,457,83.35
5035,5134,457,46.95
7863,7962,457,28.32
8637,8736,457,26.99
8233,8332,457,27.67
8656,8755,457,27.57
5018,5117,457,20.76
7311,7410,457,21.99
8132,8231,457,18.74
7764,7864,457,13.26
5706,5705,457,8.88
7310,7409,457,28.01
6776,6876,457,5.93
7221,7320,457,29.1
8655,8755,457,4.89
7711,7810,457,32.48
9149,9248,457,30.64
4438,4539,457,16.26
855,956,457,1.69
5133,5232,458,56.37
7205,7304,458,34.62
9242,9341,458,30.21
7307,7406,458,34.5
4936,5036,458,20.27
8535,8634,458,27.31
8232,8331,458,26.88
4509,4608,458,21.07
7125,7224,458,68.69
8234,8333,458,18.82
7319,7418,458,61.54
9142,9241,458,29.62
6875,6975,458,5.74
5229,5328,458,26.67
7204,7303,458,33.33
7203,7302,458,32.81
7667,7766,459,58.02
7123,7222,459,40.99
4803,4902,459,46.99
7728,7827,459,28.46
9345,9444,459,29.8
7202,7301,459,34.53
7510,7609,459,32.35
5035,5135,459,18.06
4507,4606,459,25.47
8536,8635,459,27.11
8941,9040,459,27.28
4609,4708,459,21.62
4837,4937,459,18.73
7666,7766,459,13.84
4918,5017,459,22.56
5511,5510,459,8.38
8952,9051,459,27.49
4142,4143,459,6.12
6974,7074,459,5.93
7073,7173,459,6.31
4711,4810,459,19.6
6178,6278,459,5.04
6477,6577,459,4.05
6576,6577,459,2.5
7405,7504,459,31.92
4538,4639,459,14.17
4438,4339,459,13.64
4706,4805,459,108.15
5134,5233,460,58.6
9342,9441,460,29.77
7516,7615,460,30.27
5329,5428,460,29
9443,9542,460,29.8
8434,8533,460,27.3
8738,8837,460,26.99
8636,8735,460,27.49
4915,5014,460,21.49
7230,7329,460,20.15
9244,9343,460,28.68
7614,7713,460,33.34
5125,5224,460,21.68
7712,7811,460,31.86
8840,8939,460,27.08
7320,7419,460,62.59
4812,4911,460,20.1
5230,5330,460,13.14
5231,5330,460,28.34
7828,7927,460,18.54
755,756,460,0.98
7511,7610,460,30.49
4738,4838,460,18.73
2574,2475,460,0.81
4606,4705,461,101.88
4902,5001,461,75.11
5232,5331,461,60.14
7407,7506,461,31.74
7418,7517,461,60.12
9041,9140,461,28.37
7611,7710,461,31.6
8334,8433,461,27.42
5218,5317,461,21.74
5015,5114,461,20.87
4913,5012,461,20.57
4610,4709,461,21.45
4805,4904,461,81.9
5118,5217,461,20.16
4914,5013,461,20.9
8131,8230,461,18.39
7408,7507,461,33
7026,7126,461,11.15
7417,7517,461,12.8
7469,7568,461,14.13
8841,8940,461,26.72
7305,7404,461,33.33
9141,9240,461,29.67
7429,7528,461,19.27
8130,8229,461,18.25
7173,7272,461,93.19
5135,5234,462,58.9
7766,7865,462,58.89
7302,7401,462,35.52
7810,7909,462,33.52
7864,7963,462,28.66
8755,8854,462,29.3
8534,8633,462,27.28
8638,8737,462,26.42
8739,8838,462,26.92
4811,4910,462,22.33
5228,5327,462,19.47
7029,7128,462,19.86
7409,7508,462,34.19
9248,9347,462,32.73
7125,7124,462,15.26
6929,7028,462,12.11
9346,9445,462,27.35
6928,7028,462,6.41
8029,8128,462,18.4
8754,8854,462,4.9
4813,4912,462,20.01
8740,8839,462,18.11
7928,8027,462,18.71
8028,8127,462,18.36
2775,2776,462,1
7410,7509,462,33.33
5330,5429,463,65.36
7615,7714,463,62.08
7406,7505,463,31.14
8736,8835,463,28.25
7962,8061,463,27.8
5226,5325,463,22.75
7628,7727,463,19.46
9241,9340,463,30.45
7224,7323,463,31.09
5016,5115,463,21.05
4710,4809,463,22.31
8231,8330,463,26.68
8129,8228,463,18.16
8332,8431,463,26.53
7304,7403,463,33.58
7303,7402,463,34.44
5327,5426,464,80.51
9444,9543,464,30.7
7609,7708,464,32.82
7222,7321,464,29.7
7504,7603,464,35.21
4708,4807,464,30.16
5036,5136,464,17.74
8634,8733,464,27.28
5117,5216,464,20.89
7126,7225,464,68.86
7667,7767,464,14.02
5609,5608,464,7.72
9040,9139,464,29.29
6001,5901,464,8.27
8333,8432,464,27.14
7130,7229,464,12.76
7517,7616,464,69.53
8331,8430,464,26.8
4638,4739,464,10.41
4979,4980,464,1.07
5217,5316,465,36.59
8939,9038,465,29.37
7610,7709,465,32.55
8837,8936,465,28.57
4911,5010,465,29.06
8635,8734,465,27.56
4937,5037,465,17.59
4608,4707,465,23.54
5328,5427,465,20.51
7129,7228,465,13.01
9343,9442,465,29.76
7370,7470,465,8.03
9441,9540,465,28.87
7713,7812,465,30.55
4810,4909,465,27.82
7811,7910,465,33.16
7320,7420,465,12.52
9542,9641,465,28.77
7827,7926,465,27.64
4879,4880,465,1.13
5779,5880,465,1.75
7710,7809,466,33.24
5331,5430,466,29.69
7506,7605,466,31.91
7404,7503,466,33.28
8533,8632,466,26.71
8735,8834,466,27.75
4439,4540,466,14.17
4439,4440,466,10.81
7418,7518,466,13.31
9341,9440,466,19.29
5017,5116,466,20.94
7507,7606,466,30.76
4807,4906,466,116.93
5012,5111,466,29.03
9140,9239,466,29.82
4705,4804,466,31
4838,4938,466,17.24
4707,4806,467,109.96
7470,7569,467,78.33
7767,7866,467,58.06
5136,5235,467,62.56
7509,7608,467,32.42
9347,9446,467,28.85
7124,7223,467,32.19
4709,4808,467,25.29
5428,5527,467,21.45
5135,5235,467,13.72
7766,7866,467,13.72
9445,9544,467,30.26
5014,5113,467,21.17
7508,7607,467,31.74
5804,5803,467,6.9
8940,9039,467,27.95
7909,8008,467,32.43
3944,4044,467,2.3
8358,8458,467,4.9
8230,8329,467,27
5626,5527,467,1.38
8433,8532,467,27.17
4979,5080,467,1.71
8229,8328,467,27.05
4906,5005,468,92.3
7603,7702,468,35.91
5216,5315,468,37.45
4809,4908,468,31.76
8854,8953,468,27.42
8737,8836,468,28.14
8838,8937,468,28.07
7963,8062,468,27.8
8633,8732,468,26.64
8127,8226,468,26.9
7865,7964,468,28.28
5114,5213,468,22.64
7927,8026,468,18.53
7616,7715,468,38
4910,5009,468,27.2
7615,7715,468,12.67
4904,5003,468,22.59
7323,7422,468,29.22
5013,5112,468,23.17
5115,5214,468,34.41
7403,7502,468,34.53
8853,8953,468,4.9
9050,9150,468,4.87
7329,7428,468,19.27
7420,7519,468,61.53
7910,8009,468,54.94
9340,9439,468,28.4
7505,7604,468,33.81
7714,7813,468,28.85
7402,7501,468,34.5
4808,4907,469,111.91
5430,5529,469,64.96
7708,7807,469,32.46
8061,8160,469,27.59
8835,8934,469,27.27
8228,8327,469,26.85
8431,8530,469,26.73
7272,7371,469,18.99
7528,7627,469,19.51
4912,5011,469,22.7
9240,9339,469,19.2
8330,8429,469,27.01
7225,7324,469,31.02
9139,9238,469,28.33
9543,9642,469,28.48
6677,6777,469,7.4
5705,5704,469,8.81
7518,7617,469,64.18
4806,4905,469,127.14
7709,7808,470,33
9641,9740,470,30.45
7503,7602,470,35.58
8733,8832,470,26.74
5003,5102,470,71.93
8432,8531,470,26.79
5429,5528,470,20.3
7028,7127,470,19.84
8128,8227,470,18.08
8027,8126,470,18.26
8839,8938,470,18.3
9442,9541,470,28.91
4902,5002,470,9.25
4339,4340,470,9.72
4539,4640,470,11.03
7812,7911,470,32.75
8430,8529,470,27
4739,4839,470,17.37
7568,7668,470,11.21
4908,5007,470,90.57
5903,5902,470,6.76
254,154,470,1.48
3278,3178,470,1.02
5803,5902,470,58.4
5009,5108,470,107.51
7605,7704,470,37.05
5005,5104,471,49.25
7809,7908,471,32.67
9540,9639,471,28.09
7926,8025,471,27.74
9038,9137,471,27.27
8734,8833,471,27.12
7422,7521,471,61.15
8936,9035,471,26.92
7126,7226,471,10.73
8557,8657,471,4.91
7727,7826,471,18.49
7606,7705,471,34.54
4907,5006,471,86.63
4579,4680,471,1.7
5007,5106,472,92.36
4905,5004,472,69.02
7604,7703,472,37.57
8008,8107,472,33.83
7223,7322,472,30.27
7608,7707,472,31.91
8632,8731,472,26.82
8834,8933,472,26.93
7228,7327,472,20.23
5037,5137,472,15.59
7767,7867,472,14
9544,9643,472,30.2
5136,5236,472,12.53
7321,7421,472,12.63
4804,4903,472,26.13
9239,9338,472,27.39
7607,7706,472,32.28
5510,5509,472,8.2
4803,4903,472,5.98
8656,8756,472,4.9
7910,8010,472,15.11
7229,7328,472,20.1
7502,7601,472,35.36
9440,9539,472,28.07
1358,1258,472,1.1
5102,5201,472,84.99
5002,5101,472,81.6
5001,5101,472,9.35
9150,9249,473,33.51
7866,7965,473,28.17
4044,4144,473,18.97
8328,8427,473,27.01
8532,8631,473,26.34
9446,9545,473,26.97
4938,5038,473,16.21
7128,7227,473,12.98
5108,5207,473,65.97
7813,7912,473,33.38
7617,7716,473,42.68
5116,5215,473,21.31
7702,7801,473,33.68
5113,5212,473,28.12
7420,7520,473,12.85
7428,7527,473,29.51
5112,5211,473,30.81
9149,9249,473,4.88
7715,7814,473,28.68
5213,5312,473,31.77
4180,4281,473,1.69
8329,8428,473,26.99
5006,5105,474,70.55
9642,9741,474,30.35
7964,8063,474,27.98
8732,8831,474,27.28
8836,8935,474,28.14
7521,7620,474,60.46
8062,8161,474,27.77
8937,9036,474,26.95
7226,7325,474,66.22
7324,7423,474,29.79
8226,8325,474,26.74
8952,9052,474,4.9
4909,5008,474,17.68
8953,9052,474,27.24
5214,5313,474,26.29
5010,5109,474,17.68
5315,5414,474,24.61
9439,9538,474,27.69
7807,7906,474,35.06
5312,5411,475,90.4
7705,7804,475,36.72
7704,7803,475,34.89
9740,9839,475,30.88
8934,9033,475,27.23
8429,8528,475,27.14
5430,5530,475,11.8
5104,5203,475,42.2
8327,8426,475,26.73
5212,5311,475,106.5
9238,9337,475,26.1
8530,8629,475,27.64
6079,6179,475,5.29
6876,6976,475,5.75
8010,8109,475,52.56
5211,5310,475,91.9
9039,9138,475,19.36
7327,7426,475,63.1
7602,7701,475,34.63
7518,7618,475,12.03
5106,5205,475,52.32
7808,7907,475,33.25
52,53,475,2.28
5011,5110,475,27.19
9339,9438,475,27.2
2171,2071,475,1.12
9541,9640,475,29.11
5111,5210,475,17.68
7173,7273,475,6.33
5109,5208,476,71.71
5004,5103,476,40.45
8832,8931,476,27.86
4640,4740,476,19.37
8938,9037,476,28.19
8531,8630,476,26.97
8529,8628,476,28.07
5207,5306,476,64.46
7912,8011,476,53.66
8026,8125,476,18.32
8227,8326,476,26.83
7422,7522,476,12.97
7074,7174,476,6.14
8126,8225,476,26.88
6975,7075,476,5.77
8259,8359,476,4.9
9639,9738,476,29.98
5008,5107,476,99.28
7227,7326,476,66.37
4839,4939,476,16.81
7908,8007,476,33.94
7706,7805,476,36.16
5110,5209,477,97.26
7867,7966,477,28.32
7703,7802,477,33.59
8107,8206,477,32.56
9137,9236,477,26.11
8833,8932,477,27.12
9035,9134,477,27.02
7627,7726,477,19.17
4440,4541,477,13.21
4440,4441,477,9.72
7470,7570,477,8.6
5608,5607,477,7.88
8756,8855,477,28.85
7826,7925,477,27.37
7618,7717,477,75.14
7328,7427,477,29.39
8009,8108,477,17.58
9643,9742,477,29.1
5203,5302,477,89.93
7707,7806,477,33.76
5310,5409,478,51.05
5210,5309,478,68.41
5105,5204,478,40.45
7814,7913,478,32.04
7965,8064,478,28.38
9545,9644,478,31.61
9248,9348,478,4.86
5311,5410,478,67.41
9539,9638,478,27.94
8933,9032,478,27.85
8731,8830,478,27.96
5103,5202,478,79.98
7716,7815,478,30.88
7668,7768,478,12.85
9338,9437,478,27.45
7426,7525,478,62.99
5302,5401,479,89.79
5208,5307,479,55.9
9741,9840,479,30.81
9538,9637,479,28.91
9052,9151,479,29.89
7522,7621,479,60.81
8631,8730,479,27.74
8428,8527,479,27.15
7906,8005,479,34.18
7326,7425,479,62.77
8427,8526,479,26.97
7521,7621,479,13.2
7325,7424,479,29.64
4540,4641,479,10.97
5306,5405,479,51.45
5313,5412,479,29.38
7520,7619,479,27.74
5107,5206,479,69.51
8010,8110,479,15.99
5205,5304,479,43.11
8025,8124,479,18.27
8831,8930,479,28.38
