7763,7663,4,22.07
7763,7664,7,18.72
7763,7662,7,18.72
7763,7764,7,13.69
7763,7762,7,13.69
7663,7563,9,22.07
7763,7863,10,9.93
7662,7562,12,22.07
7664,7564,12,22.07
7663,7564,12,18.72
7663,7562,12,18.72
7763,7864,13,10.8
7763,7862,13,10.8
7563,7463,14,22.07
7762,7661,15,18.72
7762,7761,15,13.69
7764,7665,15,19.17
7764,7765,15,13.31
7662,7561,15,18.72
7662,7661,15,13.69
7664,7565,15,18.72
7664,7665,15,13.69
7562,7462,17,22.07
7564,7464,17,22.07
7563,7464,17,18.72
7563,7462,17,18.72
7463,7363,19,22.07
7561,7461,20,20.67
7565,7465,20,22.07
7562,7461,20,18.72
7564,7465,20,18.72
7762,7861,21,10.8
7764,7865,21,10.19
7462,7362,22,23.44
7464,7364,22,22.07
7463,7364,22,18.72
7463,7362,22,18.72
7761,7660,23,18.16
7761,7760,23,14.05
7661,7560,23,18.16
7661,7660,23,14.05
7561,7460,23,18.16
7561,7560,23,14.05
7665,7566,23,18.72
7665,7666,23,13.69
7565,7466,23,18.72
7565,7566,23,13.69
7465,7365,25,22.07
7462,7361,25,19.17
7464,7365,25,18.72
7364,7264,27,22.07
7363,7263,27,12.87
7466,7366,28,22.07
7465,7366,28,18.72
7761,7860,28,11.45
7665,7766,29,10.8
7365,7265,30,23.44
7362,7262,30,12.87
7364,7265,30,18.72
7760,7659,31,18.16
7760,7759,31,14.05
7660,7559,31,18.16
7660,7659,31,14.05
7666,7567,31,18.72
7666,7667,31,13.69
7566,7467,31,18.72
7566,7567,31,13.69
7466,7367,31,18.72
7466,7467,31,13.69
7460,7360,32,11.83
7366,7266,33,24.81
7365,7266,33,19.17
7361,7261,34,11.83
7367,7267,35,27.56
7559,7459,36,24.81
7264,7164,36,11.83
7263,7163,36,11.83
7760,7859,36,11.45
7766,7767,37,13.69
7666,7767,37,10.8
7659,7658,38,14.37
7262,7162,38,12.87
7265,7165,38,12.87
7360,7260,39,15.4
7559,7458,39,19.52
7559,7558,39,12.9
7667,7568,39,18.72
7667,7668,39,13.69
7567,7468,39,19.17
7567,7568,39,13.31
7467,7368,39,19.17
7467,7468,39,13.31
7367,7268,39,19.97
7459,7359,40,30.38
7766,7866,40,9.93
7261,7161,41,14.85
7266,7166,41,14.27
7267,7167,42,15.95
7268,7168,43,30.38
7659,7758,43,12.19
7766,7867,43,10.8
7359,7259,44,31.82
7459,7358,44,20.07
7163,7063,44,12.87
7162,7062,45,15.4
7767,7768,45,14.05
7164,7064,45,11.83
7667,7768,45,10.8
7863,7963,45,2.9
7161,7061,46,23.44
7260,7160,46,15.4
7165,7065,46,13.63
7862,7962,46,3.08
7668,7569,47,19.17
7668,7669,47,13.31
7568,7469,47,20.07
7268,7169,47,20.07
7063,6963,48,30.38
7166,7066,48,14.85
7359,7258,48,20
7168,7068,49,17.03
7167,7067,49,15.4
7161,7060,49,19.17
7268,7269,49,11.04
7061,6961,50,27.56
7065,6965,50,27.56
7064,6964,50,24.81
7767,7868,50,11.45
7864,7964,50,2.75
7259,7159,51,14.85
7068,6968,52,44.43
7067,6967,52,36.31
6963,6863,52,26.18
7066,6966,52,31.82
7169,7069,52,21.25
7358,7257,52,19.17
7358,7357,52,13.31
7063,6962,52,20.07
7060,6960,53,28.96
7258,7158,53,22.07
7668,7769,53,10.19
7069,6969,54,53.61
6964,6864,54,30.38
7160,7059,54,19.79
7861,7961,54,3.08
7257,7157,55,34.79
6863,6763,56,27.56
6962,6862,56,28.96
6963,6862,56,19.79
7865,7965,56,2.9
6960,6860,57,30.38
6968,6868,57,21.94
6965,6865,57,15.95
7060,6959,57,20.07
7269,7170,57,18.89
6864,6764,58,27.56
7158,7058,58,24.81
6966,6866,58,17.58
6967,6867,58,19.95
7358,7457,58,10.19
7268,7369,58,7.61
6969,6869,59,23.39
6863,6762,60,19.97
7357,7256,60,19.97
7257,7156,60,19.59
6962,6861,60,20.07
6961,6861,60,10.85
6860,6760,61,30.38
7170,7070,61,27.54
6960,6859,61,20.07
7158,7057,61,19.52
7357,7356,61,12
7269,7270,61,8.55
7859,7858,61,4.04
7860,7960,61,3.08
6763,6663,62,18.73
7059,6958,62,20
6864,6765,62,19.97
7070,6970,63,61.98
6764,6664,63,23.44
6868,6768,63,19.95
7069,6970,63,13.73
7658,7557,63,5.72
6869,6769,64,21.25
6866,6766,64,18.73
6867,6767,64,18.73
6765,6665,65,42.73
6760,6660,65,28.96
6860,6761,65,20.07
6860,6759,65,20.07
7658,7657,65,3.72
6768,6668,66,41.08
7457,7456,66,14.05
7058,6957,66,19.17
6767,6667,67,39.45
6958,6858,67,24.81
7865,7966,67,3.15
6970,6870,68,24.96
6668,6568,69,46.17
6759,6659,69,33.29
6769,6669,69,21.25
6664,6564,69,17.33
6663,6563,69,14.78
6760,6661,69,20.07
6760,6659,69,20.07
7356,7255,69,19.83
7859,7959,69,3.08
6766,6666,70,19.44
6958,6857,70,19.52
7369,7370,70,9.04
7758,7757,70,3.8
7356,7355,71,10.04
7270,7171,71,14.99
7156,7056,71,9.21
7457,7556,71,11.45
7157,7056,71,8.86
6669,6569,72,41.08
6762,6662,72,8.43
6666,6566,73,47.96
6659,6559,73,33.29
6870,6770,73,24.16
6667,6567,73,19.44
6759,6658,73,19.83
7768,7869,73,5.19
6568,6468,74,23.45
7070,6971,74,11.37
7171,7071,75,29.44
6759,6758,75,10.04
6468,6368,76,71.53
6559,6459,76,37.87
6564,6464,76,16.66
6661,6561,76,16.02
7456,7455,76,11.04
7156,7155,76,6.33
6566,6466,77,30.38
6857,6757,77,16.66
6669,6570,77,17.95
6659,6560,77,19.83
6659,6558,77,19.83
6665,6565,77,8.8
6368,6268,78,59.78
6971,6871,78,26.65
6770,6670,78,22.65
6567,6467,78,23.45
6569,6469,78,18.01
6563,6463,78,11.93
6663,6562,78,8.94
7057,6956,78,8.73
7156,7055,78,8.13
7963,8063,78,3.08
7867,7967,78,2.9
6459,6359,79,42.73
7556,7555,79,12.9
7355,7254,79,19.79
7370,7271,79,17.41
7270,7271,79,5.58
7769,7670,79,5.61
7962,8062,79,3.08
7859,7958,79,3.31
6871,6771,80,55.6
6469,6369,80,59.78
7355,7354,80,12.46
7769,7770,80,3.8
6467,6367,81,47.96
6566,6465,81,20.07
6559,6460,81,18.89
6559,6458,81,18.89
6771,6671,82,53.61
6369,6269,82,82.54
6359,6259,82,39.45
6957,6856,82,8.86
7369,7470,82,5.91
6757,6657,83,19.44
6758,6657,83,18.72
7556,7656,83,8.72
7964,8064,83,3.08
6671,6571,84,51.67
6269,6169,84,57.66
6570,6470,84,16.66
6464,6364,84,13.6
7370,7371,84,7.17
6259,6159,85,42.73
7670,7570,85,18.73
6459,6360,85,17.41
6459,6358,85,17.41
7868,7968,85,2.9
6466,6366,86,11.93
7556,7655,86,9.63
6857,6756,86,8.96
6563,6462,86,8.64
6571,6471,87,49.79
6465,6365,87,18.01
6359,6260,87,18.45
6359,6258,87,18.45
7555,7454,87,17.95
7455,7454,87,9.54
7355,7454,87,9.09
7961,8061,87,3.08
6159,6059,88,47.96
6368,6267,88,11.93
7071,6972,88,11.37
7255,7154,88,7.66
7858,7857,88,3.8
6657,6557,89,19.44
6871,6772,89,13.12
6972,6872,90,55.6
6470,6370,90,18.71
6463,6363,90,8.43
6469,6370,90,11.93
7055,6955,90,8.68
6772,6672,91,55.6
6059,5959,91,49.79
6366,6266,91,20.19
6259,6160,91,17.41
6259,6158,91,17.41
6771,6672,91,13.73
6561,6461,91,6.91
7965,8065,91,2.9
6370,6270,92,74.13
6364,6264,92,13.04
7656,7756,92,11.47
6671,6572,92,14.36
6471,6371,93,18.71
7555,7554,93,7.61
6572,6472,94,53.61
6267,6167,94,19.44
6756,6656,94,14.19
6571,6472,94,14.99
6269,6170,94,12.51
6269,6168,94,12.51
6268,6168,94,6.27
6757,6656,94,8.84
7960,8060,94,3.08
6371,6271,95,64.24
6365,6265,95,14.19
6260,6161,95,18.72
6260,6261,95,13.69
7454,7353,95,19.97
6159,6060,95,15.62
6159,6058,95,15.62
7656,7755,95,12.19
7470,7471,95,8.08
7055,7054,95,5.95
7155,7054,95,7.65
6266,6166,96,20.19
5959,5859,96,23.39
7454,7453,96,12
6169,6069,96,8.8
7868,7969,96,3.15
6472,6372,97,49.79
6557,6457,97,14.19
6460,6361,97,8.91
7055,6954,97,7.65
6271,6171,98,44.01
6167,6067,98,25.79
6363,6263,98,13.04
6059,5960,98,14.99
6059,5958,98,14.99
6856,6755,98,8.91
7354,7253,98,8.09
5859,5759,99,41.08
6069,5969,99,38.71
6168,6068,99,23.45
6656,6556,99,20.96
6972,6873,99,13.12
7655,7654,99,8.08
7869,7870,99,3.88
6772,6673,100,13.12
6873,6773,101,57.66
6457,6357,101,27.56
6170,6070,101,14.78
6264,6164,101,12.48
6872,6773,101,13.12
6263,6163,102,30.38
6171,6071,102,29.28
6673,6573,102,57.66
6672,6573,102,13.12
6372,6272,102,24.34
6756,6655,102,8.91
6462,6362,102,6.63
6463,6362,102,5.96
7071,7072,102,3.83
7959,8059,102,3.08
7966,8066,102,2.9
7965,8066,102,3.15
5759,5659,103,28.96
5969,5869,103,32.71
6068,5968,103,27.2
6556,6456,103,28.22
5958,5858,103,24.16
6166,6066,103,14.78
6060,5961,103,19.79
7353,7252,103,19.17
7353,7352,103,13.31
6572,6473,103,13.73
6067,5967,104,17.33
5859,5760,104,17.95
5859,5758,104,17.95
7471,7372,104,16.24
6265,6165,104,11.39
6060,6061,104,12.46
7453,7452,104,12.9
6472,6373,104,14.99
6955,6855,104,7.35
7454,7553,104,8.58
6856,6855,104,4.7
7254,7153,104,5.89
6272,6172,105,44.01
6070,5970,105,26.21
6357,6257,105,27.56
5960,5860,105,15.4
6457,6356,105,19.97
7958,7957,105,3.88
5758,5658,106,53.61
6263,6162,106,20.07
5759,5660,107,20.07
7755,7754,107,8.55
6363,6262,107,8.81
6172,6072,108,44.01
5970,5870,108,44.01
7372,7272,108,30.45
5869,5769,108,24.34
5968,5868,108,21.77
5658,5558,109,37.87
6257,6157,109,30.38
6356,6256,109,26.21
6357,6256,109,19.97
6164,6064,109,13.04
5769,5669,110,57.66
6162,6062,110,27.56
6373,6273,110,17.33
5967,5867,110,19.95
6954,6854,110,7.71
6972,6973,110,4.61
7470,7571,110,5.17
6066,5966,111,13.6
7252,7152,111,13.04
6163,6063,111,11.39
6655,6555,111,11.93
6071,5971,111,12.48
6873,6774,111,12.51
7471,7472,111,6.33
6656,6555,111,8.73
7453,7552,111,9.63
8063,8163,111,3.08
6157,6057,112,36.31
5870,5770,112,31.52
5660,5560,112,20.67
7452,7351,112,19.17
7452,7451,112,13.31
6473,6374,112,16.24
6166,6065,112,8.94
6673,6574,112,12.51
7054,6953,112,8.64
7756,7856,112,5.17
7154,7053,112,5.96
8062,8162,112,3.08
7959,8058,112,3.31
6774,6674,113,64.24
5558,5458,113,26.18
5868,5768,113,23.39
6257,6156,113,20.07
6773,6674,113,11.93
6573,6474,113,13.73
7967,8067,113,2.9
7966,8067,113,3.15
6374,6274,114,64.24
5770,5670,114,69.01
5971,5871,114,47.89
6273,6173,114,31.52
5658,5559,114,18.89
5658,5557,114,18.89
5659,5559,114,9.78
6755,6654,114,8.94
8064,8164,114,3.3
6063,5963,115,30.38
5669,5569,115,23.45
6062,5962,115,24.81
5660,5561,115,18.16
5660,5661,115,14.05
5758,5657,115,13.73
6072,5972,115,14.78
5670,5570,116,61.98
5867,5767,116,17.33
6064,5964,116,14.78
7272,7172,116,12.78
5858,5757,116,11.37
7755,7855,116,4.82
5569,5469,117,57.66
5557,5457,117,41.08
6173,6073,117,39.36
7351,7251,117,20.67
5871,5771,117,49.24
5558,5459,117,19.79
5558,5457,117,19.79
6157,6056,117,19.28
6556,6455,117,8.08
6274,6174,118,31.52
5768,5668,118,21.77
6065,5965,118,17.03
5966,5866,118,14.78
7452,7551,118,10.19
8061,8161,118,3.3
5972,5872,119,26.21
6057,5957,119,15.39
7451,7450,119,14.37
5961,5861,119,6.63
6655,6554,119,8.64
5771,5671,120,39.36
7351,7250,120,18.16
7351,7350,120,14.05
5560,5460,120,14.27
5660,5761,120,11.45
6855,6754,120,8.91
7252,7151,120,8.81
6755,6754,120,4.58
5570,5470,121,22.59
5767,5667,121,21.94
5963,5863,121,17.58
5561,5461,121,17.03
5457,5357,121,28.96
6973,6874,121,13.12
6456,6355,121,7.98
5872,5772,121,66.59
7755,7854,121,5.53
7869,7970,121,3
5668,5568,122,25.79
5469,5369,122,23.45
6073,5973,122,20.96
6056,5956,122,20.96
5964,5864,122,19.95
5557,5456,122,17.95
6574,6475,122,14.36
6953,6853,122,10.32
5458,5358,122,11.83
6954,6853,122,5.81
7968,8068,122,2.75
7770,7671,122,3.41
5470,5370,123,51.67
6174,6074,123,20.19
5661,5562,123,19.97
5962,5862,123,13.63
6474,6375,123,15.62
5772,5672,123,57.25
6356,6255,123,8.26
7152,7052,123,8.43
5956,5856,124,51.67
5863,5763,124,41.08
5671,5571,124,31.52
5460,5360,124,30.38
5866,5766,124,18.73
5661,5662,124,12
7451,7550,124,12.19
8065,8165,124,3.08
8064,8165,124,3.51
5456,5356,125,44.43
5657,5556,125,14.99
5459,5359,125,13.63
5457,5356,125,20.07
6774,6675,125,10.82
8060,8160,125,3.3
6674,6575,125,12.51
5571,5471,126,59.78
6375,6275,126,44.01
5568,5468,126,27.54
5672,5572,126,44.01
5965,5865,126,14.19
6374,6275,126,10.82
6256,6155,126,8.51
7072,7073,126,4.33
5856,5756,127,46.17
5862,5762,127,27.56
5369,5269,127,23.45
5864,5764,127,21.25
5358,5258,127,23.44
5667,5567,127,19.44
5461,5361,127,18.73
7350,7349,127,14.37
7250,7150,127,14.85
6554,6454,127,13.04
6555,6454,127,8.91
7958,8057,127,3
5471,5371,128,53.61
5370,5270,128,21.77
6074,5974,128,23.45
5562,5462,128,20.59
5957,5857,128,12.48
5572,5472,128,71.53
5269,5169,129,59.78
5763,5663,129,21.25
5357,5257,129,12.87
7350,7249,129,17.48
7053,6952,129,8.73
7654,7653,129,3.42
5356,5256,129,31.82
5371,5271,130,55.6
5270,5170,130,57.66
5766,5666,130,19.33
5973,5873,130,13.04
5358,5259,130,19.17
5472,5372,130,61.98
6654,6553,130,8.91
6156,6055,130,8.73
6953,6852,130,8.26
7870,7771,130,4.68
5360,5260,130,17.58
5169,5069,131,59.78
5468,5368,131,24.34
5456,5355,131,16.84
7471,7572,131,3.94
5271,5171,132,61.98
5170,5070,132,61.98
5873,5773,132,55.36
5567,5467,132,20.19
5372,5272,132,64.24
5865,5765,132,18.73
5956,5855,132,14.36
7350,7449,132,12.19
6973,6974,132,4.61
5069,4969,133,61.98
5260,5160,133,39.45
5462,5362,133,21.25
5764,5664,133,18.01
6275,6175,133,16.66
5856,5755,133,16.24
7151,7051,133,8.07
6455,6354,133,8.92
5657,5656,133,5.58
6274,6175,133,7.79
7856,7956,133,4.83
8059,8159,133,3.3
5361,5261,133,19.95
7855,7955,133,5.91
5356,5255,133,20
7968,8069,133,3
5171,5071,134,64.24
5773,5673,134,77.75
5272,5172,134,69.01
5070,4970,134,61.98
6055,5955,134,31.82
5663,5563,134,21.94
5256,5156,134,24.81
6575,6476,134,16.84
6056,5955,134,8.73
6854,6753,134,5.96
8065,8166,134,3.31
6476,6376,135,132.56
5974,5874,135,16.66
8057,8056,135,12.9
7349,7248,135,18.16
7349,7348,135,14.05
6675,6576,135,14.36
6874,6775,135,10.82
6174,6075,135,8.78
5172,5072,136,74.13
4970,4870,136,61.98
5071,4971,136,64.24
5160,5060,136,42.73
5368,5268,136,22.59
6754,6653,136,8.86
6554,6453,136,8.81
6654,6653,136,4.7
5673,5573,137,40.02
4969,4869,137,25.26
5255,5155,137,33.29
5467,5367,137,20.19
5259,5159,137,15.95
5666,5566,137,16.66
5257,5157,137,12.87
7249,7149,137,14.27
5256,5157,137,19.52
5256,5155,137,19.52
6355,6254,137,8.94
5456,5455,137,6.74
7754,7753,137,3.35
5072,4972,138,79.63
4870,4770,138,66.59
5268,5168,138,53.61
4971,4871,138,66.59
6075,5975,138,38.71
5664,5564,138,21.25
5261,5161,138,21.25
6055,5954,138,20
5260,5161,138,18.45
5362,5262,138,22.65
7855,7954,138,6.72
4869,4769,139,61.98
5060,4960,139,42.73
5156,5056,139,24.81
7449,7448,139,14.37
5765,5665,139,15.39
6852,6752,139,11.39
8057,8157,139,8.72
6255,6154,139,8.96
4972,4872,140,82.54
4770,4670,140,74.13
5168,5068,140,55.6
5367,5267,140,46.17
5573,5473,140,37.92
7248,7148,140,23.44
5563,5463,140,19.44
6055,6054,140,10.54
7150,7050,140,8.07
4769,4669,141,66.59
5975,5875,141,37.92
5161,5061,141,46.17
6376,6276,141,18.92
5874,5774,141,16.93
5755,5655,141,12.57
5255,5154,141,19.83
5855,5754,141,17.41
7449,7549,141,11.47
5472,5373,141,11.37
4670,4570,142,79.63
4871,4771,142,29.28
5155,5055,142,24.81
5156,5057,142,19.52
5156,5055,142,19.52
5955,5854,142,20
5160,5059,142,17.41
8057,8158,142,9.63
8057,8156,142,9.63
5258,5158,142,6.99
6275,6176,142,8.96
8163,8263,142,3.3
4669,4569,143,71.53
5774,5674,143,61.3
5373,5273,143,64.24
5564,5464,143,21.25
4872,4772,143,33.94
5262,5162,143,22.65
5566,5466,143,17.33
7248,7147,143,19.17
7248,7247,143,13.31
5255,5254,143,10.04
8162,8262,143,3.3
4771,4671,144,76.83
4570,4470,144,85.55
5154,5054,144,36.31
5754,5654,144,44.43
5061,4961,144,44.43
7149,7049,144,15.95
7051,6951,144,9.24
7449,7548,144,12.19
8056,8055,144,12.46
6974,6875,144,11.93
5069,4968,144,11.37
5273,5173,145,64.24
4569,4469,145,74.13
5674,5574,145,87.35
6176,6076,145,44.01
4772,4672,145,79.63
5463,5363,145,21.94
4960,4860,145,19.33
5665,5565,145,19.33
5060,4959,145,17.41
6454,6353,145,8.09
6675,6676,145,5.24
8164,8264,145,3.3
8066,8167,145,3.31
4671,4571,146,79.63
4470,4370,146,88.69
5055,4955,146,26.18
5158,5058,146,27.56
5267,5167,146,18.01
5954,5853,146,18.72
5954,5953,146,13.69
5367,5266,146,16.24
6952,6851,146,8.41
8161,8261,146,3.6
7969,8070,146,2.87
5173,5073,147,57.66
4469,4369,147,79.63
5574,5474,147,64.17
5654,5554,147,49.79
4961,4861,147,42.73
4672,4572,147,76.83
7148,7048,147,15.95
7448,7347,147,18.16
7448,7447,147,14.05
5161,5062,147,16.24
6852,6751,147,8.53
6553,6452,147,8.81
4571,4471,148,79.63
6076,5976,148,39.36
5464,5364,148,20.59
5056,4956,148,11.83
4370,4270,148,85.55
6752,6652,148,12.48
6054,6053,148,13.69
6576,6477,148,11.37
7073,7074,148,4.61
7970,7871,148,5.26
7552,7652,148,2.75
6477,6377,149,172.44
5073,4973,149,51.67
4572,4472,149,74.13
4968,4868,149,23.45
5466,5366,149,18.71
4369,4269,149,85.55
5154,5053,149,19.28
5168,5067,149,13.12
5467,5366,149,8.78
4471,4371,150,82.54
5976,5876,150,57.25
5554,5454,150,41.08
5474,5374,150,47.42
5062,4962,150,41.08
5054,4954,150,17.03
7147,7047,150,15.95
5055,4954,150,19.79
5057,4957,150,13.63
5854,5753,150,20.07
5754,5653,150,16.84
5061,4962,150,16.84
7050,6950,150,10.32
4869,4768,150,11.37
7955,8054,150,8.58
5363,5263,150,21.94
4973,4873,151,53.61
4472,4372,151,74.13
4955,4855,151,23.44
5266,5166,151,20.59
4959,4859,151,17.58
4860,4760,151,18.73
5254,5153,151,17.95
8156,8155,151,12
8157,8257,151,8.72
4269,4169,151,85.55
8056,8155,151,9.09
6553,6552,151,4.94
5374,5274,152,88.69
4768,4668,152,55.6
5565,5465,152,16.66
7049,6949,152,14.27
4371,4271,152,79.63
8158,8258,152,10.64
7549,7649,152,9.29
7448,7547,152,11.45
7854,7853,152,3.28
4962,4862,153,39.45
4270,4170,153,22.76
4861,4761,153,19.95
5058,4958,153,15.95
4961,4862,153,17.41
5875,5775,153,8.68
5655,5555,153,8.8
6453,6352,153,8.41
8160,8260,153,3.6
4169,4069,153,88.69
5274,5174,154,69.01
4668,4568,154,57.66
4954,4854,154,31.82
5876,5776,154,31.52
7048,6948,154,14.85
4955,4856,154,19.17
4955,4854,154,19.17
5953,5852,154,18.16
5953,5952,154,14.05
5853,5752,154,19.17
5853,5852,154,13.31
5654,5553,154,14.99
8157,8256,154,9.63
6054,6153,154,10.8
6254,6253,154,5.95
5364,5264,154,19.95
6354,6253,154,7
4069,3969,155,98.84
5263,5163,155,21.25
5067,4967,155,18.71
5554,5453,155,17.95
5062,4963,155,17.95
6751,6651,155,13.04
5053,4953,155,17.58
6676,6577,155,15.62
4170,4070,155,82.54
8158,8259,155,11.45
7549,7650,155,10.19
7549,7648,155,10.19
6276,6177,155,10.82
5255,5354,155,6.72
7551,7651,155,2.75
8164,8265,155,3.51
3969,3869,156,159.86
4568,4468,156,59.78
5174,5074,156,57.66
4862,4762,156,39.45
4873,4773,156,24.34
4855,4755,156,23.44
4372,4272,156,20.37
8067,8168,156,3.31
5775,5675,157,33.09
4271,4171,157,21.14
4859,4759,157,17.03
4760,4660,157,18.15
7047,6947,157,14.85
5166,5066,157,19.95
5073,4974,157,14.36
6875,6776,157,11.37
5254,5253,157,7.61
4070,3970,157,85.55
6974,6975,157,4.07
7072,7173,157,2.62
3869,3769,158,84.16
4468,4368,158,66.59
4773,4673,158,64.24
4272,4172,158,74.13
4963,4863,158,39.45
6177,6077,158,43.03
4967,4867,158,47.96
5465,5365,158,17.33
4957,4857,158,13.63
4954,4853,158,20
4962,4863,158,18.45
4854,4754,158,28.96
6376,6277,158,6.38
4953,4853,158,39.45
3970,3870,158,142.82
8055,8154,158,10.19
3769,3669,159,159.86
4974,4874,159,69.01
4171,4071,159,74.13
5675,5575,159,66.32
4856,4756,159,22.07
5752,5652,159,23.44
6948,6848,159,20.67
4761,4661,159,19.33
4855,4756,159,19.17
5953,6052,159,11.45
5162,5063,159,8.88
8156,8255,159,8.58
4673,4573,160,61.98
3870,3770,160,77.72
4755,4655,160,27.56
5264,5164,160,19.95
4958,4858,160,16.49
6950,6850,160,10.85
4868,4767,160,13.12
4172,4072,160,69.01
4368,4268,160,74.13
5575,5475,161,87.35
6077,5977,161,42.4
4863,4763,161,39.45
4853,4753,161,44.43
4862,4763,161,18.45
6949,6849,161,11.83
4768,4667,161,13.12
4573,4473,162,64.24
3770,3670,162,71.78
4072,3972,162,69.01
4268,4168,162,79.63
4874,4774,162,47.96
6947,6847,162,20.67
4762,4662,162,19.95
4856,4757,162,18.72
5752,5651,162,19.17
5752,5751,162,13.31
6948,6847,162,18.16
4754,4654,162,30.38
6676,6677,162,5.95
5475,5375,163,56.68
5977,5877,163,69.27
5652,5552,163,30.38
4756,4656,163,27.56
4660,4560,163,18.15
4759,4659,163,17.58
4963,4864,163,18.45
5776,5676,163,12.48
8257,8357,163,8.72
6851,6750,163,8.81
5365,5265,163,20.59
7753,7752,163,3.88
4953,4852,163,18.45
3670,3570,164,82.54
4168,4068,164,88.69
4753,4653,164,44.43
4763,4663,164,39.45
4655,4555,164,26.18
4473,4373,164,66.59
5553,5452,164,14.36
4668,4567,164,12.51
6751,6650,164,8.81
6452,6351,164,8.41
5453,5353,164,11.65
5066,4966,164,16.66
8155,8254,164,11.45
4667,4567,164,47.96
4068,3968,165,102.49
5375,5275,165,94.44
5877,5777,165,61.77
4661,4561,165,19.33
6947,6846,165,18.16
6947,6946,165,14.05
4967,4866,165,15.62
4071,3971,165,19.63
3968,3868,166,193.38
5452,5352,166,53.61
4373,4273,166,69.01
4864,4764,166,41.08
5676,5576,166,35.7
4757,4657,166,28.96
3972,3872,166,31.87
4863,4764,166,18.45
4654,4554,166,31.82
4568,4467,166,11.93
5174,5075,166,12.51
8257,8358,166,9.63
8257,8356,166,9.63
6452,6451,166,5.44
8263,8363,166,4.26
4567,4467,166,51.67
3868,3768,167,208.54
5275,5175,167,66.32
4653,4553,167,42.73
4656,4556,167,30.38
6847,6747,167,24.81
5164,5064,167,16.66
4858,4758,167,16.49
5652,5551,167,20.07
5063,4964,167,18.45
4853,4752,167,16.84
6651,6551,167,8.43
5274,5175,167,9.81
8166,8266,167,3.08
8165,8266,167,3.31
4273,4173,168,69.01
5075,4975,168,66.32
4555,4455,168,26.18
4560,4460,168,20.59
4662,4562,168,19.33
8255,8355,168,11.47
5752,5851,168,10.19
3872,3772,168,63.76
3971,3871,168,34.37
4953,4952,168,8.08
4867,4766,168,15.62
8068,8169,168,3.15
4467,4367,168,55.6
4866,4766,168,44.43
3768,3668,169,57.66
4764,4664,169,41.08
5576,5476,169,44.91
5777,5677,169,27.2
3570,3470,169,20.19
4659,4559,169,18.15
4774,4674,169,14.78
4763,4664,169,18.45
3669,3569,169,10.32
4874,4775,169,15.62
6352,6252,169,6.27
5352,5252,169,47.96
7247,7146,169,5.49
7247,7246,169,3.88
7954,7953,169,3.28
5265,5165,169,19.95
7970,7971,169,2.09
4775,4675,170,114.36
4173,4073,170,66.59
4975,4875,170,56.68
4553,4453,170,41.08
4657,4557,170,28.96
4663,4563,170,18.73
4757,4658,170,20.07
6847,6748,170,19.52
6847,6746,170,19.52
4753,4652,170,16.84
6848,6748,170,9.78
4367,4267,170,61.98
6947,7046,170,11.45
4554,4454,170,28.96
5952,5951,170,6.57
3772,3672,170,71.78
6975,6876,170,11.37
3871,3771,170,69
4767,4666,170,15.62
5476,5376,171,54.51
3569,3469,171,57.25
3470,3370,171,77.75
4460,4360,171,39.45
4561,4461,171,19.95
4864,4765,171,17.95
4673,4574,171,11.37
8255,8354,171,12.19
6153,6152,171,5.95
3672,3572,171,208.54
8262,8362,171,3.6
4667,4566,171,15.62
4675,4575,172,88.69
3771,3671,172,74.69
4073,3973,172,66.59
3668,3568,172,33.94
4556,4456,172,23.44
4555,4456,172,19.79
6650,6550,172,13.04
6849,6749,172,9.78
3572,3472,172,118.64
4267,4167,172,76.83
6377,6278,172,6.21
7447,7446,172,4.04
7074,7075,172,4.33
3671,3571,173,166.02
3973,3873,173,102.49
5376,5276,173,74.69
3469,3369,173,98.21
3370,3270,173,84.02
4453,4353,173,41.08
4658,4558,173,36.31
6946,6845,173,18.72
6946,6945,173,13.69
4653,4552,173,17.41
6677,6578,173,13.73
8265,8365,173,5.63
7347,7346,173,3.96
8264,8364,173,3.6
5252,5152,173,33.29
5066,4965,173,8.96
4966,4865,173,17.41
6578,6478,174,166.02
3369,3269,174,208.54
3568,3468,174,87.35
6278,6178,174,55.36
4765,4665,174,44.43
4574,4474,174,47.96
4575,4475,174,61.98
4566,4466,174,49.79
4557,4457,174,27.56
4562,4462,174,17.58
4764,4665,174,17.95
4573,4474,174,10.82
5551,5451,174,16.49
4167,4067,174,88.69
8261,8361,174,3.6
4567,4466,174,14.36
4067,3967,175,123.1
3468,3368,175,208.54
3269,3169,175,172.44
3270,3170,175,74.81
5276,5176,175,84.16
3873,3773,175,58.94
4664,4564,175,19.95
4559,4459,175,17.58
4553,4452,175,17.95
5452,5351,175,13.73
6052,6051,175,6.57
5165,5065,175,17.33
3967,3867,176,208.54
5176,5076,176,124.46
4466,4366,176,53.61
6478,6378,176,52.43
4353,4253,176,39.45
4456,4356,176,27.56
4461,4361,176,24.16
4563,4463,176,18.15
5851,5750,176,19.52
5851,5850,176,12.9
4460,4361,176,18.45
4460,4359,176,18.45
6747,6647,176,12.48
3571,3471,176,39.45
4952,4851,176,18.16
4952,4951,176,14.05
4473,4374,176,10.31
5352,5251,176,15.62
7572,7473,176,3.17
4474,4374,176,53.61
3368,3268,177,71.99
3170,3070,177,74.15
6178,6078,177,35.22
4665,4565,177,46.17
3773,3673,177,71.78
4558,4458,177,26.18
6746,6646,177,15.95
7146,7045,177,20.07
8260,8360,177,4.26
5252,5151,177,19.83
4475,4375,177,47.96
8166,8267,177,3.31
7073,7174,177,2.8
3268,3168,178,137.58
3673,3573,178,201
5076,4976,178,98.21
4374,4274,178,55.6
3169,3069,178,38.52
4457,4357,178,27.56
5152,5052,178,24.81
6845,6745,178,23.44
4453,4354,178,17.95
4453,4352,178,17.95
5951,5950,178,13.69
7146,7145,178,11.53
4652,4551,178,20.07
4952,5052,178,10.64
7547,7546,178,3.96
3070,2970,179,69.12
5151,5051,179,57.66
3867,3767,179,34.37
4851,4751,179,49.79
3471,3371,179,33.94
4253,4153,179,34.79
4359,4259,179,42.73
4462,4362,179,21.25
3573,3473,179,186.1
4360,4260,179,14.19
6748,6648,179,12.48
5677,5577,179,10.37
8355,8455,179,9.29
3768,3667,179,12.51
6351,6251,179,6.99
6077,5978,179,7.02
7853,7852,179,3.8
8354,8253,179,20.07
3168,3068,180,91.94
4976,4876,180,87.35
4274,4174,180,57.66
4375,4275,180,41.08
4361,4261,180,31.82
7473,7373,180,29.44
4366,4266,180,28.47
4356,4256,180,30.38
4564,4464,180,20.59
6550,6450,180,13.04
4456,4355,180,19.97
4652,4651,180,11.04
6750,6649,180,8.73
8265,8366,180,5.88
4362,4262,181,51.67
2970,2870,181,57.43
3667,3567,181,74.81
5978,5878,181,66.67
3371,3271,181,69.27
4260,4160,181,53.61
4551,4451,181,36.31
4458,4358,181,28.96
3473,3373,181,98.84
4352,4252,181,44.43
4353,4254,181,18.45
4353,4252,181,18.45
6945,6844,181,19.17
6945,6944,181,13.31
6845,6744,181,19.17
6845,6844,181,13.31
4566,4465,181,14.99
4552,4451,181,20
6650,6549,181,8.81
8154,8053,181,6.17
3472,3372,181,12.48
8054,8053,181,3.28
8069,8170,181,3
7671,7672,181,1.72
8354,8353,181,11.04
4876,4776,182,56.68
4259,4159,182,41.08
4357,4257,182,30.38
3069,2969,182,31.87
6745,6645,182,30.38
4463,4363,182,18.73
4173,4074,182,10.31
8355,8456,182,10.19
8355,8454,182,10.19
8356,8456,182,6.32
7648,7647,182,3.72
6776,6777,182,4.07
3567,3467,183,80.82
2870,2770,183,51.47
5878,5778,183,69.27
4266,4166,183,33.71
4153,4053,183,31.82
5577,5477,183,31.52
3271,3171,183,69.27
5777,5678,183,8.17
6677,6678,183,4.92
8259,8359,183,3.6
5451,5350,183,16.84
4776,4676,184,66.32
4160,4060,184,41.08
4358,4258,184,36.31
4256,4156,184,31.82
4355,4255,184,27.56
6378,6279,184,19.28
4253,4154,184,19.59
4253,4152,184,19.59
6647,6547,184,13.04
4356,4255,184,20.07
5951,6050,184,10.8
4073,3974,184,10.31
6052,6151,184,5.88
6975,6976,184,3.83
4475,4376,184,15.62
3467,3367,185,66.67
4159,4059,185,37.87
6744,6644,185,30.38
4451,4351,185,27.56
3372,3272,185,29.28
4261,4161,185,20.96
4464,4364,185,21.25
4375,4276,185,17.95
3171,3071,185,77.75
4466,4365,185,13.73
4575,4476,185,11.37
6279,6179,186,66.59
4676,4576,186,69
2770,2670,186,47.89
5477,5377,186,35.22
5350,5250,186,42.73
2969,2869,186,30.69
4257,4157,186,31.82
3068,2968,186,18.92
3071,2971,186,193.38
4551,4450,186,19.28
7145,7044,186,19.79
4851,4750,186,14.99
4166,4066,186,43.03
8356,8457,186,7.16
3367,3267,187,53.09
4161,4061,187,53.61
4258,4158,187,34.79
4060,3960,187,37.87
5678,5578,187,25.26
2971,2871,187,166.02
4053,3953,187,30.38
4363,4263,187,24.96
4153,4054,187,20
4153,4052,187,20
4259,4158,187,17.95
7145,7144,187,12.46
4152,4052,187,46.17
5750,5650,187,9.18
4951,4850,187,13.73
4352,4251,187,16.84
7146,7245,187,8.09
4066,3966,187,153.94
8254,8153,187,6.17
3966,3866,188,137.58
5250,5150,188,53.61
4750,4650,188,66.59
3272,3172,188,33.94
4256,4155,188,20
4651,4550,188,17.95
4751,4650,188,16.84
6648,6548,188,12.48
6646,6546,188,9.18
6378,6379,188,9.04
7373,7273,188,12.78
4450,4350,188,55.6
3373,3273,188,16.66
8167,8268,188,3.31
2871,2771,189,66.59
4263,4163,189,55.6
5377,5277,189,47.42
6179,6079,189,49.64
4365,4265,189,26.65
3974,3874,189,24.52
6744,6643,189,20.07
6549,6449,189,13.04
6944,6843,189,19.52
6944,6943,189,12.9
6844,6743,189,18.72
6844,6843,189,13.69
5151,5050,189,12.51
6550,6449,189,8.81
7752,7751,189,3.96
5451,5450,189,6.74
8454,8453,189,14.37
4061,3961,190,36.31
3267,3167,190,40.85
4157,4057,190,31.82
2670,2570,190,29.55
2869,2769,190,29.55
4364,4264,190,23.39
4159,4058,190,18.89
4275,4175,190,10.78
4052,3952,190,41.08
5051,4950,190,13.12
4274,4175,190,12.51
4350,4250,190,51.67
8358,8458,190,4.26
6351,6250,190,5.61
5277,5177,191,57.25
3874,3774,191,50.43
2771,2671,191,59.58
4059,3959,191,18.73
4276,4176,191,16.93
4053,3954,191,20.07
6451,6350,191,5.72
6351,6350,191,3.8
3172,3072,191,37.92
7649,7749,191,2.61
8454,8554,191,11.47
4264,4164,192,74.13
6079,5979,192,36.54
4251,4151,192,24.81
2968,2868,192,18.23
4155,4055,192,31.82
5350,5249,192,17.41
4262,4162,192,9.24
6643,6543,192,36.31
7650,7750,192,2.75
5177,5077,193,59.47
3774,3674,193,63.76
2570,2470,193,35.7
3961,3861,193,36.31
4265,4165,193,31.49
3960,3860,193,18.73
3072,2972,193,57.25
6645,6545,193,9.96
6547,6447,193,12.48
3952,3852,193,36.31
4250,4150,193,44.43
4152,4051,193,16.24
5651,5550,193,4.68
4164,4064,194,69.01
5979,5879,194,66.67
4162,4062,194,59.78
2769,2669,194,28.47
3167,3067,194,30.38
3674,3574,194,172.44
4157,4056,194,20
3273,3173,194,18.92
7145,7244,194,9.09
2972,2872,194,159.86
8363,8463,194,3.6
7871,7772,194,3.1
8070,8071,194,2.09
8454,8555,194,12.19
8454,8553,194,12.19
5077,4977,195,87.35
4165,4065,195,95.32
5249,5149,195,39.45
2671,2571,195,33.09
4061,3962,195,19.28
3574,3474,195,148.27
4052,3951,195,17.95
2872,2772,195,159.86
3954,3854,195,30.38
3767,3666,195,8.96
3067,2967,196,59.78
5879,5779,196,59.47
2470,2370,196,41.59
4058,3958,196,18.15
6379,6280,196,19.59
3474,3374,196,118.64
4055,3955,196,33.29
2772,2672,196,142.82
6944,7043,196,9.63
4150,4050,196,36.31
6644,6544,196,9.96
6678,6579,196,11.37
7953,7952,196,3.72
6546,6446,196,13.6
8456,8556,196,7.67
3861,3761,196,37.87
7648,7748,196,2.49
4977,4877,197,71.78
3666,3566,197,77.75
3959,3859,197,18.73
4057,3957,197,16.49
6843,6742,197,19.52
6843,6842,197,12.9
6579,6479,197,201
6943,6842,197,19.79
6449,6349,197,13.04
8453,8352,197,20
5450,5349,197,19.59
3866,3766,197,12.48
6548,6448,197,11.39
6976,6877,197,11.37
3852,3752,197,33.29
5350,5349,197,7.17
6743,6642,197,20.07
6251,6150,197,8.26
4065,3965,197,95.32
4450,4349,197,13.12
8364,8464,197,4.26
7446,7445,197,4.04
3373,3274,197,8.96
6643,6542,197,19.28
6876,6877,197,3.83
5779,5679,198,55.13
6280,6180,198,66.59
5149,5049,198,44.43
2571,2471,198,34.37
4056,3956,198,31.82
2669,2569,198,28.47
2868,2768,198,17.57
4176,4076,198,15.16
3962,3862,198,41.08
3961,3862,198,19.28
6943,6942,198,12.46
5578,5478,198,9.57
2672,2572,198,57.43
3952,3853,198,19.28
3952,3851,198,19.28
3173,3073,198,26.21
5577,5478,198,7.79
4350,4249,198,14.36
7547,7646,198,3.15
4877,4777,199,90.82
3566,3466,199,57.25
2370,2270,199,37.08
3761,3661,199,42.73
4175,4075,199,11.65
8453,8452,199,10.54
6379,6380,199,9.54
3860,3760,199,18.73
3954,3855,199,20.07
4250,4149,199,16.84
7346,7345,199,3.96
7075,7076,199,3.83
8456,8557,199,8.58
8168,8269,199,3.31
6180,6080,200,69.12
5679,5579,200,57.25
5249,5148,200,18.45
5450,5449,200,9.54
4163,4063,200,9.24
4550,4449,200,12.51
4050,3950,200,26.18
4750,4649,200,10.31
3073,2973,200,57.66
5678,5579,200,8.35
5750,5649,200,6.08
8358,8459,200,4.26
3661,3561,201,51.67
4777,4677,201,56.68
5049,4949,201,46.17
2471,2371,201,41.59
3862,3762,201,34.79
4149,4049,201,53.61
2572,2472,201,44.91
4650,4549,201,11.37
4850,4749,201,10.82
3752,3652,201,31.82
3852,3753,201,19.83
3852,3751,201,19.83
4150,4049,201,19.28
6545,6445,201,14.19
3861,3762,201,18.89
6447,6347,201,13.04
7174,7175,201,4.33
3466,3366,202,45.68
3855,3755,202,34.79
2569,2469,202,28.47
3958,3858,202,18.73
6543,6443,202,10.37
2973,2873,202,61.98
5477,5378,202,7.5
8362,8462,202,3.3
5148,5048,203,37.87
2270,2170,203,30.69
3859,3759,203,18.15
3957,3857,203,17.58
4677,4577,203,63.76
4049,3949,203,53.61
2967,2867,203,15.16
6544,6444,203,14.78
2472,2372,203,74.15
3962,3863,203,17.95
7971,7872,203,4.18
2371,2271,204,35.7
3762,3662,204,41.08
4063,3963,204,27.2
3956,3856,204,17.03
6446,6346,204,13.6
4064,3964,204,10.85
3751,3651,204,42.73
3274,3174,204,14.6
4950,4849,204,10.82
2873,2773,204,66.59
3955,3856,204,19.83
7546,7545,204,3.96
8253,8152,204,5.81
8365,8465,204,3.3
8353,8252,204,6.17
3949,3849,205,51.67
3755,3655,205,37.87
3366,3266,205,37.92
3753,3653,205,31.82
6080,5980,205,23.45
3760,3660,205,19.33
2768,2668,205,16.32
6842,6741,205,19.79
6349,6249,205,13.6
5349,5248,205,19.28
3761,3660,205,17.41
3950,3850,205,22.07
5249,5248,205,8.08
6943,7042,205,9.09
3866,3765,205,8.73
3752,3653,205,20
4074,3975,205,6.38
8366,8367,205,4.12
7852,7851,205,3.96
8360,8460,205,3.6
4577,4477,205,58.94
8361,8461,205,3.3
3965,3865,205,13.04
3662,3562,206,53.61
3863,3763,206,49.79
2469,2369,206,27.42
3561,3461,206,24.34
5649,5549,206,18.15
3853,3754,206,20.07
2773,2673,206,66.59
3862,3763,206,19.59
5579,5479,206,18.71
6842,6841,206,12.46
3067,2966,206,11.93
6448,6348,206,12.48
2372,2272,206,43.21
6449,6348,206,8.81
5750,5749,206,3.35
3765,3665,207,51.12
5980,5880,207,64.17
3856,3756,207,34.79
5049,4948,207,16.24
3855,3756,207,19.59
3651,3551,207,46.17
6250,6149,207,8.73
3267,3166,207,7.11
5377,5278,207,6.74
3974,3875,207,6.35
4376,4277,207,6.38
7648,7747,207,2.76
3849,3749,208,47.96
4477,4377,208,41.59
3660,3560,208,46.17
3653,3553,208,34.79
3655,3555,208,41.08
2271,2171,208,33.09
2170,2070,208,22.76
3858,3758,208,18.73
5148,5047,208,18.89
6380,6281,208,17.41
8452,8351,208,17.41
4076,3976,208,10.37
3174,3074,208,26.41
3167,3066,208,7.89
3374,3275,208,12.51
3964,3864,208,26.21
4349,4248,208,13.12
4476,4377,208,6.29
4276,4177,208,6.38
8053,8052,208,3.8
7173,7274,208,2.8
5880,5780,209,59.47
3857,3757,209,18.15
6445,6345,209,13.6
6347,6247,209,13.04
3762,3663,209,17.95
3753,3654,209,20
5349,5348,209,9.04
2272,2172,209,37.08
4249,4148,209,13.12
8453,8552,209,7.16
8268,8368,209,4.83
3759,3659,209,18.73
3864,3764,210,91.94
6281,6181,210,53.38
3560,3460,210,55.6
3665,3565,210,47.42
3756,3656,210,37.87
3875,3775,210,44.91
2867,2767,210,15.16
3755,3656,210,18.89
4649,4548,210,15.62
3850,3750,210,22.07
3074,2974,210,88.69
4149,4048,210,13.73
3751,3650,210,17.41
4449,4348,210,14.99
3073,2974,210,12.51
4549,4448,210,16.24
6678,6679,210,3.83
6677,6778,210,3
8554,8654,210,5.53
3663,3563,211,61.98
3749,3649,211,42.73
3553,3453,211,37.87
3562,3462,211,24.34
3461,3361,211,24.34
2369,2269,211,21.93
2673,2573,211,22.76
4749,4648,211,15.62
7076,6977,211,11.93
6542,6442,211,7.52
2974,2874,211,114.36
6379,6480,211,6.3
6976,6977,211,3.83
8366,8466,211,3.3
3764,3664,212,69.01
3775,3675,212,54.51
6181,6081,212,74.15
5780,5680,212,47.42
3757,3657,212,36.31
3659,3559,212,41.08
2171,2071,212,29.55
4177,4077,212,33.09
2966,2866,212,17.57
2668,2568,212,15.16
5479,5379,212,18.92
6346,6246,212,13.04
3551,3451,212,23.39
5148,5147,212,8.55
4049,3948,212,13.73
3652,3552,212,9.18
3654,3554,212,37.87
5277,5178,212,6.32
6741,6641,212,15.4
3656,3556,213,39.45
3565,3465,213,42.4
4948,4848,213,19.95
3655,3556,213,17.95
3949,3848,213,14.36
3675,3575,213,159.86
6380,6381,213,7.17
8452,8451,213,7.17
3651,3550,213,16.24
2172,2072,213,29.55
6842,6941,213,9.09
6349,6248,213,8.86
8170,8171,213,3.16
5047,4947,213,20.59
5680,5580,214,64.17
2866,2766,214,61.98
3649,3549,214,39.45
3555,3455,214,17.33
3758,3658,214,18.73
2874,2774,214,35.7
6841,6740,214,19.97
3575,3475,214,123.1
6149,6049,214,14.78
5177,5078,214,6.24
8458,8558,214,4.26
8463,8563,214,5.17
8169,8270,214,3.15
8554,8655,214,6.3
8554,8653,214,6.3
5580,5480,215,110.25
3848,3748,215,51.67
3657,3557,215,34.79
3559,3459,215,49.79
3361,3261,215,27.2
3563,3463,215,29.28
3460,3360,215,23.45
2070,1970,215,15.73
5379,5279,215,35.22
3451,3351,215,49.79
3849,3748,215,15.62
2573,2473,215,31.87
6443,6343,215,7.83
6841,6840,215,12
7244,7143,215,6.78
3554,3454,215,41.08
3550,3450,216,39.45
3465,3365,216,35.22
3556,3456,216,36.31
2071,1971,216,26.41
3664,3564,216,31.52
4077,3977,216,25.45
3462,3362,216,23.45
3553,3452,216,18.89
8268,8369,216,5.19
7572,7573,216,1.19
3459,3359,217,55.6
3748,3648,217,51.67
6081,5981,217,21.25
2269,2169,217,16.93
3453,3353,217,19.33
5279,5179,217,53.09
8552,8551,217,13.31
5348,5247,217,19.59
6345,6245,217,13.04
3659,3558,217,17.95
3749,3648,217,17.41
3976,3876,217,11.21
4248,4147,217,16.84
2767,2667,217,15.73
2774,2674,217,37.08
6444,6344,217,7.21
6445,6344,217,8.86
6080,5981,217,8.51
2072,1972,217,25.45
3658,3558,217,37.87
5248,5247,217,9.04
5981,5881,218,110.25
3261,3161,218,36.54
6740,6640,218,31.82
3549,3449,218,33.29
3475,3375,218,26.41
4947,4847,218,20.59
3351,3251,218,46.17
6247,6147,218,12.48
2473,2373,218,35.7
4148,4047,218,16.84
3275,3175,218,10.37
4448,4347,218,18.45
4749,4748,218,5.95
4548,4447,218,18.45
3454,3354,218,41.08
3564,3464,219,36.54
3452,3352,219,34.79
3360,3260,219,26.21
3463,3363,219,30.38
3649,3548,219,18.45
8351,8251,219,9.57
4348,4247,219,17.41
4648,4547,219,18.45
5077,4978,219,5.49
5881,5781,220,64.17
3365,3265,220,32.71
3362,3262,220,26.21
2766,2666,220,16.93
5179,5079,220,38.52
2568,2468,220,14.07
8552,8652,220,9.29
5348,5347,220,9.54
2674,2574,220,40.02
4048,3947,220,15.62
3558,3458,220,41.08
4977,4878,220,5.78
8463,8564,220,5.49
8463,8562,220,5.49
5147,5046,220,18.45
3161,3061,221,44.01
3251,3151,221,44.43
3876,3776,221,33.09
3359,3259,221,25.26
3450,3350,221,23.39
2373,2273,221,43.21
3455,3355,221,16.66
3556,3457,221,19.28
6246,6146,221,11.93
6249,6148,221,8.86
5349,5448,221,5.91
1971,1871,221,20.37
6049,5949,221,16.66
8366,8467,221,3.51
6248,6148,221,13.04
5781,5681,222,55.13
3464,3364,222,33.94
3363,3263,222,36.54
3548,3448,222,46.17
6740,6639,222,20
3549,3448,222,19.83
8451,8350,222,16.24
3948,3847,222,14.36
3175,3075,222,30.69
7445,7444,222,4.04
1972,1872,222,24.52
7952,7951,222,3.88
3776,3676,223,50.43
3262,3162,223,35.22
3260,3160,223,31.52
3449,3349,223,24.81
3265,3165,223,33.71
3353,3253,223,19.33
6381,6282,223,14.36
3848,3747,223,14.36
6442,6342,223,8.48
2574,2474,223,43.21
8552,8651,223,10.19
3066,2965,223,9.81
4878,4778,223,43.21
1970,1870,223,14.07
4777,4678,223,5.99
6841,6940,223,8.58
6149,6048,223,8.94
5046,4946,223,41.08
3458,3358,223,46.17
6840,6739,223,19.97
5681,5581,224,74.81
3151,3051,224,44.43
3061,2961,224,39.36
3355,3255,224,41.08
2273,2173,224,43.21
4847,4747,224,19.33
2169,2069,224,15.16
8551,8550,224,14.85
5079,4979,224,28.47
3456,3356,224,14.19
5480,5380,224,12.1
3676,3576,224,153.94
3351,3252,224,16.24
3351,3250,224,16.24
2667,2567,224,15.73
7076,7077,224,4.07
4648,4647,224,8.08
3354,3254,224,19.95
8458,8559,224,4.26
6840,6839,224,12
7546,7645,224,3.15
5950,5849,224,3.1
3358,3258,225,51.67
3263,3163,225,44.01
3364,3264,225,37.92
3448,3348,225,44.43
3259,3159,225,29.28
2965,2865,225,69.01
4147,4046,225,18.89
6344,6244,225,14.19
3977,3877,225,11.65
3748,3647,225,14.36
2866,2765,225,11.37
6977,6878,225,10.31
3075,2975,225,43.21
3576,3476,225,106.29
3166,3065,225,7.98
8461,8561,225,5.17
2469,2368,225,6.33
7345,7344,225,3.96
7445,7344,225,5.2
5247,5146,225,18.89
8071,7972,225,4.68
5147,5146,225,8.08
2961,2861,226,82.54
5581,5481,226,66.32
3162,3062,226,37.92
3160,3060,226,40.85
4047,3946,226,18.89
4347,4246,226,19.28
6245,6145,226,12.48
4447,4346,226,18.89
2666,2566,226,16.93
2474,2374,226,46.67
6641,6541,226,7.21
4678,4578,226,46.67
4677,4578,226,5.9
7244,7243,226,3.16
7749,7849,226,2.9
3258,3158,227,55.6
5380,5280,227,44.91
2765,2665,227,66.59
4247,4146,227,19.28
6147,6047,227,12.48
3648,3547,227,15.62
3251,3152,227,16.84
3251,3150,227,16.84
8551,8450,227,14.85
8551,8650,227,14.85
6679,6580,227,8.49
3255,3155,227,39.45
2173,2073,227,37.08
3051,2951,227,44.43
8557,8657,227,3.6
7750,7850,227,2.9
4577,4478,227,5.96
3060,2960,228,98.84
2861,2761,228,85.55
3163,3063,228,39.36
3348,3248,228,41.08
3264,3164,228,39.36
3159,3059,228,36.54
6282,6182,228,24.52
3349,3249,228,22.07
3947,3846,228,19.28
3548,3447,228,16.24
2374,2274,228,50.43
6343,6243,228,7.83
5347,5246,228,19.59
4477,4378,228,6.19
8465,8565,228,4.26
5046,4945,228,17.95
2975,2875,229,26.41
5481,5381,229,47.96
4946,4846,229,19.33
3253,3153,229,19.33
3355,3256,229,17.95
1871,1771,229,13.05
3476,3376,229,29.55
8368,8468,229,5.17
6541,6441,229,41.08
7274,7275,229,4.92
2369,2268,229,6.37
8460,8560,229,4.26
8152,8151,229,4.12
7175,7176,229,3.6
8556,8656,229,3.08
3458,3357,229,16.24
1872,1772,229,15.73
6182,6082,230,74.15
2951,2851,230,42.73
3062,2962,230,32.71
1870,1770,230,14.6
3847,3746,230,19.28
6146,6046,230,11.93
3151,3052,230,16.84
3151,3050,230,16.84
4447,4446,230,8.55
2274,2174,230,52.43
8270,8271,230,6.45
8563,8663,230,6.66
4277,4178,230,6.27
3254,3154,230,19.95
6049,5948,230,8.96
2960,2860,231,36.54
3447,3347,231,34.79
3059,2959,231,39.36
3158,3058,231,29.28
3164,3064,231,37.39
2567,2467,231,15.73
6739,6638,231,19.59
5280,5180,231,31.52
3448,3347,231,16.84
2069,1969,231,16.32
6640,6540,231,8.15
4377,4278,231,6.25
5347,5346,231,9.54
2070,1969,231,6.38
4177,4078,231,6.28
3275,3176,231,6.21
6380,6481,231,4.51
4378,4278,231,44.91
3050,2950,232,74.13
3063,2963,232,32.71
3249,3149,232,26.18
3877,3777,232,16.32
6244,6144,232,14.78
2566,2466,232,16.93
8369,8370,232,6.45
4979,4879,232,14.07
2761,2661,232,32.71
3376,3276,232,46.67
5348,5447,232,6.3
8351,8250,232,6.13
3255,3156,232,18.45
5381,5281,232,37.08
6839,6738,232,20.07
2073,1973,232,23.62
3256,3156,232,34.79
6840,6939,232,8.58
7647,7746,232,2.87
2851,2751,233,42.73
4046,3945,233,19.59
3348,3247,233,17.95
3358,3257,233,14.36
2665,2565,233,18.23
6639,6539,233,9.17
2860,2760,233,88.69
6381,6382,233,5.24
8052,8051,233,4.04
5146,5045,233,17.95
3051,2952,233,16.84
8152,8051,233,5
6839,6838,233,11.53
3155,3055,233,19.33
2174,2074,233,43.21
7748,7848,233,2.75
2963,2863,234,76.83
2950,2850,234,69.01
6082,5982,234,30.45
2962,2862,234,30.38
2875,2775,234,21.93
4945,4845,234,18.73
4246,4145,234,19.59
5180,5080,234,42.4
4346,4245,234,19.59
6342,6242,234,9.17
2959,2859,234,33.94
2269,2168,234,6.38
6541,6440,234,17.95
2874,2775,234,6.25
5281,5181,234,63.76
7772,7673,234,3.59
3156,3056,235,37.87
3777,3677,235,41.59
4078,3978,235,30.69
3058,2958,235,32.71
4846,4746,235,18.73
3064,2964,235,31.52
4146,4045,235,19.59
3547,3446,235,19.28
6145,6045,235,12.48
3153,3053,235,19.95
4077,3978,235,6.34
8368,8469,235,5.49
2862,2762,236,74.13
2850,2750,236,53.61
3677,3577,236,166.02
2863,2763,236,79.63
2751,2651,236,41.08
2760,2660,236,36.54
3447,3346,236,19.59
3249,3148,236,19.79
6047,5947,236,12.48
2951,2852,236,17.41
3258,3157,236,13.12
5481,5382,236,15.62
2952,2852,236,37.87
5246,5145,236,17.95
5948,5848,236,18.73
8563,8664,236,6.66
8563,8662,236,6.66
7545,7544,236,3.16
3154,3054,236,19.95
5080,4980,236,69.27
2661,2561,236,30.38
5982,5882,237,33.71
2859,2759,237,33.94
2074,1974,237,26.41
2467,2367,237,16.93
6046,5946,237,15.4
3746,3646,237,15.4
4346,4345,237,9.54
3577,3477,237,123.1
8171,8072,237,5.96
1772,1672,237,13.55
2774,2675,237,6.24
8557,8658,237,3.76
5882,5782,238,142.82
2762,2662,238,69.01
2763,2663,238,79.63
5181,5081,238,27.2
2466,2366,238,18.23
3149,3049,238,17.58
7077,6978,238,10.31
1770,1670,238,12.57
2965,2864,238,9.81
1969,1869,238,16.32
1970,1869,238,6.36
1973,1873,238,18.23
8465,8566,238,4.26
2750,2650,239,41.08
2651,2551,239,44.43
4980,4880,239,48.51
3945,3845,239,17.58
6144,6044,239,14.78
3347,3246,239,19.28
5346,5245,239,18.89
2851,2752,239,17.41
3547,3546,239,9.04
2565,2465,239,18.23
2765,2664,239,10.31
2852,2752,239,39.45
2865,2764,239,10.31
3977,3878,239,6.29
2958,2858,239,28.22
3055,2955,239,19.95
2561,2461,239,42.4
2461,2361,240,142.82
2663,2563,240,82.54
5782,5682,240,64.17
2759,2659,240,37.92
1672,1572,240,40.02
5382,5282,240,27.56
2660,2560,240,32.71
4845,4745,240,19.33
2168,2068,240,18.23
3156,3057,240,18.89
3477,3377,240,35.7
6738,6637,240,19.28
2169,2068,240,6.37
8270,8371,240,5.49
3056,2956,240,21.25
6441,6341,240,9.17
2674,2575,240,6.2
2361,2261,241,148.27
3053,2953,241,19.95
4746,4646,241,18.15
2751,2652,241,17.95
5045,4944,241,18.89
2664,2564,241,76.83
6243,6143,241,8.15
6244,6143,241,8.94
2952,2853,241,18.89
7444,7343,241,7.66
3175,3076,241,6.3
7872,7773,241,3.76
5682,5582,242,90.82
5282,5182,242,74.69
2563,2463,242,95.32
2551,2451,242,46.17
5081,4981,242,27.2
2650,2550,242,46.17
2662,2562,242,28.22
5848,5748,242,19.33
4245,4144,242,19.28
6638,6538,242,9.89
4446,4445,242,8.55
4145,4044,242,19.59
5947,5847,242,17.03
1771,1671,242,7.71
8369,8470,242,5.49
1572,1472,242,63.76
6839,6938,242,8.09
3054,2954,242,19.95
4879,4779,242,10.37
2463,2363,243,110.25
2956,2856,243,47.96
2560,2460,243,47.42
2858,2758,243,27.2
3049,2949,243,21.94
2564,2464,243,82.54
2367,2267,243,17.57
3446,3345,243,19.79
6045,5945,243,13.04
6539,6439,243,10.26
4045,3944,243,19.83
5346,5345,243,8.55
3377,3277,243,41.59
5481,5482,243,5.95
2574,2475,243,6.17
5347,5446,243,6.3
2460,2360,244,114.36
4981,4881,244,55.13
5182,5082,244,71.78
2652,2552,244,41.08
2261,2161,244,44.91
2363,2263,244,118.64
2659,2559,244,31.52
1472,1372,244,84.16
4880,4780,244,23.62
2366,2266,244,18.92
2750,2649,244,17.95
3346,3245,244,20.07
5382,5283,244,19.97
3446,3445,244,12.46
6440,6340,244,10.65
1670,1570,244,18.92
3247,3147,244,9.57
5145,5044,244,18.89
6738,6737,244,9.04
2955,2855,244,21.25
2550,2450,244,51.67
6878,6779,244,7.73
5946,5846,244,16.49
2852,2753,244,18.45
4447,4546,244,5.53
1974,1874,244,16.32
6778,6779,244,3.02
7747,7847,244,2.75
7748,7847,244,3
2360,2260,245,118.64
2949,2849,245,55.6
2451,2351,245,42.73
3076,2976,245,28.47
2464,2364,245,88.69
4345,4244,245,18.89
3845,3745,245,17.03
5382,5383,245,12
3277,3177,245,56.68
2850,2749,245,13.73
4779,4679,245,35.7
6242,6142,245,9.17
2465,2365,245,19.63
1869,1769,245,16.32
2562,2462,245,33.94
3057,2957,245,22.59
2161,2061,245,118.64
3075,2976,245,6.17
1872,1773,245,6.38
2260,2160,246,159.86
6340,6240,246,55.6
4881,4781,246,90.82
1372,1272,246,84.16
4745,4645,246,19.33
6044,5944,246,16.02
6637,6537,246,19.44
2068,1968,246,18.23
6282,6183,246,6.35
8663,8763,246,6.66
8251,8150,246,5.36
2649,2549,246,57.66
2450,2350,246,51.67
2976,2876,247,71.78
2559,2459,247,37.92
2552,2452,247,44.43
2758,2658,247,31.52
4944,4844,247,19.95
5245,5144,247,18.45
2753,2653,247,41.08
1671,1571,247,21.93
2475,2375,247,33.09
8651,8751,247,4.2
7444,7443,247,4.14
8350,8249,247,5.89
2160,2060,247,118.64
3148,3048,247,9.96
2474,2375,247,6.12
4679,4579,247,61.3
7274,7374,247,2.58
4678,4579,247,6.12
6240,6140,248,61.98
2350,2250,248,66.59
1272,1172,248,84.16
6183,6083,248,52.43
2549,2449,248,64.24
5082,4982,248,31.52
2856,2756,248,20.19
5748,5648,248,19.95
5847,5747,248,18.73
1570,1470,248,33.09
3546,3545,248,11.53
3177,3077,248,40.02
2263,2163,248,33.09
6144,6043,248,8.94
3877,3778,248,6.38
7951,7950,248,3.96
2351,2251,248,47.96
6679,6680,248,2.7
2462,2362,248,47.42
2954,2854,248,19.95
2459,2359,249,69.01
2876,2776,249,84.16
4781,4681,249,35.7
2267,2167,249,18.23
3944,3844,249,18.73
2060,1960,249,64.24
2652,2553,249,17.95
4345,4344,249,8.55
2364,2264,249,26.41
8468,8568,249,5.17
2855,2755,249,21.94
4578,4479,249,6.19
8271,8172,249,7.66
8655,8755,249,2.9
8654,8754,249,2.61
2250,2150,250,91.94
2756,2656,250,51.67
6140,6040,250,74.13
2449,2349,250,66.59
2375,2275,250,35.7
2957,2857,250,21.77
2365,2265,250,21.93
2266,2166,250,19.63
4144,4043,250,18.89
4044,3943,250,19.28
2956,2857,250,15.62
6341,6241,250,10.26
2061,1961,250,21.14
1571,1471,250,35.7
4478,4379,250,6.19
8450,8349,250,6.29
5945,5845,250,15.39
1172,1072,250,74.69
2374,2275,250,6.08
7042,7041,250,2.26
7646,7745,250,2.76
2251,2151,250,57.66
2150,2050,251,110.25
2359,2259,251,91.94
6083,5983,251,49.64
1960,1860,251,98.84
2658,2558,251,26.21
3048,2948,251,30.38
6537,6437,251,24.34
5283,5183,251,15.73
1470,1370,251,37.08
5846,5746,251,14.78
5345,5244,251,18.45
2451,2352,251,17.41
6142,6042,251,17.33
3246,3146,251,8.8
8657,8757,251,4.26
1773,1673,251,17.57
2776,2676,251,54.51
7645,7644,251,3.72
2755,2655,251,51.67
2362,2262,251,38.52
1860,1760,252,110.25
2050,1950,252,118.64
2151,2051,252,76.83
2349,2249,252,71.53
3778,3678,252,25.45
4844,4744,252,20.59
2259,2159,252,166.02
4645,4545,252,19.33
5944,5844,252,17.33
1968,1868,252,18.23
3745,3645,252,15.95
5044,4943,252,18.45
1471,1371,252,50.43
2553,2453,252,41.08
6538,6438,252,11.05
6439,6339,252,11.89
3445,3344,252,19.52
3445,3444,252,12.9
2753,2654,252,17.95
1769,1669,252,15.16
8663,8764,252,6.66
8663,8762,252,6.66
7243,7242,252,3.96
2274,2175,252,6.05
8466,8567,252,3.51
4378,4279,252,6.15
2163,2063,252,27.42
2051,1951,253,102.49
1950,1850,253,106.29
5983,5883,253,59.78
5183,5083,253,74.69
6040,5940,253,40.09
2264,2164,253,26.41
4982,4882,253,22.59
4244,4143,253,17.95
5382,5483,253,8.58
1072,972,253,38.52
4178,4079,253,6.24
2159,2059,253,142.82
8651,8752,253,4.83
8651,8750,253,4.83
7243,7142,253,5.36
6838,6837,253,5.19
1673,1573,253,54.51
2174,2075,253,6.17
1951,1851,254,123.1
3678,3578,254,58.94
1760,1660,254,98.84
2262,2162,254,40.02
5648,5548,254,19.95
5747,5647,254,19.95
1371,1271,254,77.72
2949,2848,254,13.12
1961,1861,254,25.45
3077,2977,254,19.63
4078,3979,254,6.3
7275,7276,254,4.07
7077,7078,254,3.39
4278,4179,254,6.17
2854,2754,254,19.33
2676,2576,254,41.59
1851,1751,255,110.25
5083,4983,255,80.88
4943,4843,255,39.45
2558,2458,255,30.38
2265,2165,255,22.76
2857,2757,255,20.19
2656,2556,255,22.59
2167,2067,255,18.23
3844,3744,255,18.73
6043,5943,255,16.02
1370,1270,255,28.47
3048,2947,255,20.07
3147,3047,255,9.57
2059,1959,255,64.24
6340,6239,255,13.12
4445,4444,255,8.08
6044,5943,255,8.96
2653,2554,255,18.89
5446,5445,255,8.55
8468,8569,255,5.49
2166,2066,255,20.37
8469,8569,255,5.17
8271,8272,255,4.14
5144,5043,255,19.28
2749,2648,255,14.36
5940,5840,255,88.69
8558,8659,255,3.51
1573,1473,255,84.16
2351,2252,255,15.62
2654,2554,255,47.96
7747,7846,255,3
3578,3478,256,50.43
4882,4782,256,44.91
1850,1750,256,33.71
6438,6338,256,26.21
2249,2149,256,27.54
1959,1859,256,114.36
1861,1761,256,98.84
1271,1171,256,84.16
5345,5344,256,8.08
6382,6283,256,6.38
8566,8666,256,5.63
2074,1975,256,6.34
3943,3843,256,18.73
2655,2555,256,23.45
2649,2548,256,12.51
7274,7375,256,3
8565,8665,256,3.6
3245,3145,256,8.8
1859,1759,257,132.56
1473,1373,257,84.16
1751,1651,257,61.98
2458,2358,257,55.6
5883,5783,257,33.09
4744,4644,257,21.25
6239,6139,257,74.13
2453,2353,257,20.59
4780,4680,257,8.07
2553,2454,257,17.95
1669,1569,257,21.14
1874,1774,257,7.71
6042,5942,257,18.01
6978,6879,257,7.73
6637,6536,257,8.84
8151,8050,257,5.2
8656,8756,257,3.6
5845,5745,257,16.02
5840,5740,257,76.83
7076,7177,257,2.46
2063,1963,257,21.93
1759,1659,258,137.58
4782,4682,258,80.88
4983,4883,258,39.36
2576,2476,258,31.87
1761,1661,258,82.54
5746,5646,258,14.78
1171,1071,258,84.16
4344,4243,258,16.84
2756,2657,258,14.36
8470,8471,258,6.45
3545,3544,258,11.04
6437,6337,258,15.87
3978,3879,258,6.38
1868,1768,258,18.23
8250,8149,258,5.49
2164,2064,258,23.62
8370,8471,258,5.49
8550,8449,258,4.18
6381,6482,258,3.2
1660,1560,258,27.42
2162,2062,258,31.87
1651,1551,259,51.67
2358,2258,259,76.83
2149,2049,259,42.73
2556,2456,259,25.26
5844,5744,259,16.02
1569,1469,259,52.43
5244,5143,259,19.28
2948,2847,259,18.16
1270,1170,259,31.87
6240,6141,259,11.37
3478,3378,259,38.52
972,872,259,16.93
1373,1273,259,84.16
2848,2748,259,23.44
5144,5143,259,9.04
1560,1460,260,91.94
5783,5683,260,44.91
2548,2448,260,31.82
4680,4580,260,37.08
2258,2158,260,123.1
4943,4842,260,18.45
5647,5547,260,19.33
6139,6039,260,44.58
2549,2448,260,10.82
6737,6636,260,8.94
4681,4581,260,9.57
2252,2152,260,21.25
2165,2065,260,21.93
1071,971,260,84.16
8561,8661,260,2.9
2066,1966,260,20.37
1974,1875,260,6.38
3444,3343,260,19.97
2251,2152,260,12.51
3145,3045,260,33.29
8654,8753,260,2.87
5740,5640,261,28.22
1469,1369,261,80.88
1750,1650,261,23.39
2555,2455,261,20.19
4843,4743,261,19.95
5943,5843,261,17.33
4143,4042,261,18.45
3744,3644,261,17.58
1273,1173,261,52.43
6142,6041,261,8.94
1659,1559,261,41.59
4682,4582,261,46.67
8469,8570,261,5.49
1170,1070,261,58.94
8657,8758,261,4.26
2158,2058,261,127.73
7849,7949,261,2.9
2067,1967,261,18.92
6536,6436,261,29.28
3444,3443,261,12
1559,1459,262,114.36
2476,2376,262,30.69
4644,4544,262,21.94
3843,3743,262,18.15
2456,2356,262,39.45
5942,5842,262,20.96
3378,3278,262,44.91
2353,2253,262,21.25
2449,2348,262,10.31
5683,5583,262,61.3
2454,2354,262,21.25
2848,2747,262,19.17
2152,2052,262,53.61
1963,1863,262,23.62
5640,5540,263,59.78
4580,4480,263,46.67
2049,1949,263,27.56
1551,1451,263,27.2
2062,1962,263,22.76
2657,2557,263,20.19
4883,4783,263,21.77
2648,2547,263,20.07
5043,4942,263,17.95
5983,5884,263,11.93
2064,1964,263,21.14
3146,3046,263,8.43
5244,5243,263,9.04
3344,3244,263,9.18
1774,1674,263,18.92
1369,1269,263,63.76
8566,8667,263,5.88
6039,5939,263,46.2
5745,5645,263,17.58
2058,1958,263,55.6
872,772,263,31.82
1661,1561,263,22.76
971,871,263,43.21
1070,970,263,84.16
2052,1952,264,69.01
1650,1550,264,46.17
2548,2447,264,20
5646,5546,264,18.15
6338,6238,264,13.74
4444,4343,264,16.24
2356,2256,264,76.83
5842,5742,264,51.67
3278,3178,264,54.51
4344,4343,264,6.74
8763,8863,264,5.63
2977,2877,264,10.37
1768,1668,264,16.93
2455,2355,264,41.08
5446,5546,264,4.82
1958,1858,264,114.36
8560,8660,264,2.9
6337,6237,264,19.72
3045,2945,264,33.29
3145,3044,264,19.83
5540,5440,265,51.67
1451,1351,265,88.69
1858,1758,265,127.73
2747,2647,265,46.17
970,870,265,80.88
1966,1866,265,21.14
1460,1360,265,20.37
4581,4481,265,21.14
3879,3779,265,16.32
2149,2048,265,17.41
2648,2647,265,11.04
1674,1574,265,61.3
2065,1965,265,21.93
8371,8372,265,4.14
1173,1073,265,29.55
7872,7873,265,1.64
7573,7474,265,2.95
1758,1658,266,118.64
1952,1852,266,88.69
772,672,266,41.08
3743,3643,266,33.29
2376,2276,266,33.09
1863,1763,266,33.09
6436,6336,266,24.58
4743,4643,266,20.59
4783,4683,266,46.67
2256,2156,266,91.94
2458,2357,266,13.12
3178,3078,266,69
4143,4142,266,8.08
2349,2248,266,9.35
7443,7342,266,7.66
4842,4742,266,19.33
6737,6736,266,4.58
2877,2777,266,52.43
5939,5839,266,35.22
1269,1169,266,46.67
3145,3144,266,10.04
1852,1752,267,123.1
2048,1948,267,71.53
1351,1251,267,66.59
2447,2347,267,46.17
4480,4380,267,29.55
1962,1862,267,25.45
2557,2457,267,25.26
2945,2845,267,36.31
1459,1359,267,21.93
2354,2254,267,24.16
1967,1867,267,18.92
4042,3942,267,17.58
2049,1948,267,19.97
2847,2746,267,19.83
5744,5644,267,13.04
1651,1552,267,14.36
2253,2153,267,24.16
1574,1474,267,80.88
1658,1558,267,186.1
5445,5444,267,9.04
5283,5184,267,6.38
6042,5941,267,8.92
872,773,267,20
872,771,267,20
2357,2257,268,71.53
2777,2677,268,84.16
672,572,268,85.55
6336,6236,268,74.15
5440,5340,268,41.08
4481,4381,268,41.59
2156,2056,268,82.54
6237,6137,268,28.52
870,770,268,38.52
1561,1461,268,23.62
5839,5739,268,74.13
5843,5743,268,16.66
3078,2978,268,77.72
5344,5343,268,9.04
1751,1652,268,11.37
5844,5743,268,8.96
8764,8765,268,6.33
1964,1864,268,21.93
5383,5284,268,6.37
4683,4583,268,77.72
8470,8571,268,5.49
7544,7543,268,3.16
2355,2255,268,30.45
5143,5042,268,16.84
7848,7948,268,2.9
3045,2946,268,19.83
3045,2944,268,19.83
572,472,269,208.54
1948,1848,269,82.54
2347,2247,269,57.66
2248,2148,269,37.87
4643,4543,269,46.17
1550,1450,269,21.25
5884,5784,269,19.63
1949,1849,269,17.58
2847,2846,269,10.04
5742,5642,269,20.19
1474,1374,269,80.88
1668,1568,269,21.14
773,673,269,88.69
4742,4642,269,39.45
1874,1775,269,5.81
5941,5841,269,69.01
5446,5545,269,5.53
8650,8549,269,3.41
872,873,269,10.54
2153,2053,269,61.98
3444,3543,269,8.58
6137,6037,270,71.77
2257,2157,270,98.84
2677,2577,270,84.16
6236,6136,270,74.15
1763,1663,270,31.87
770,670,270,82.54
2276,2176,270,33.09
1360,1260,270,21.93
3743,3642,270,19.83
771,671,270,37.87
2056,1956,270,55.6
1650,1549,270,16.24
1965,1865,270,21.93
1866,1766,270,21.14
673,573,270,166.02
8568,8668,270,4.83
6183,6084,270,6.05
1558,1458,270,37.08
6238,6138,270,17.68
2255,2155,270,76.83
1848,1748,271,71.53
2247,2147,271,66.59
5340,5240,271,44.43
4380,4280,271,29.55
1862,1762,271,30.69
1552,1452,271,27.2
1169,1069,271,23.62
2845,2745,271,30.38
5784,5684,271,53.09
4544,4443,271,16.24
2747,2646,271,16.24
4583,4483,271,37.08
3343,3243,271,9.96
4444,4443,271,6.33
4942,4841,271,17.95
1374,1274,271,52.43
7242,7141,271,7.66
1073,973,271,16.93
3778,3679,271,6.34
5642,5542,271,51.67
8763,8864,271,5.88
8763,8862,271,5.88
2978,2878,271,43.21
2254,2154,271,29.44
2053,1953,271,74.13
6136,6036,272,64.15
6084,5984,272,54.51
6037,5937,272,98.84
2157,2057,272,91.94
2577,2477,272,80.88
472,372,272,37.08
1864,1764,272,28.47
4381,4281,272,33.09
1956,1856,272,64.24
1359,1259,272,21.93
5739,5639,272,26.21
2547,2446,272,16.84
5243,5142,272,17.41
3743,3742,272,10.04
2945,2844,272,19.28
4582,4482,272,9.96
4243,4242,272,7.17
5842,5741,272,14.36
573,473,272,54.51
4642,4542,272,39.45
2155,2055,272,82.54
6680,6581,272,5.93
7443,7442,272,4.14
1568,1468,272,46.67
2058,1957,272,13.12
5840,5741,272,8.49
6138,6038,272,55.36
6838,6937,272,3.71
1856,1756,273,153.94
1452,1352,273,79.63
1748,1648,273,57.66
2147,2047,273,69.01
5240,5140,273,53.61
1549,1449,273,42.73
2176,2076,273,46.67
670,570,273,49.79
3942,3842,273,17.03
1867,1767,273,19.63
5440,5341,273,17.95
5440,5339,273,17.95
2447,2346,273,16.24
5540,5441,273,14.36
5540,5439,273,14.36
5640,5541,273,11.93
5640,5539,273,11.93
1953,1853,273,74.13
8249,8148,273,5.49
8249,8248,273,3.88
5684,5584,273,54.51
2154,2054,273,76.83
2477,2377,274,69
3642,3542,274,31.82
1260,1160,274,30.69
1775,1675,274,21.14
1461,1361,274,18.92
4841,4741,274,46.17
3643,3542,274,20.07
1853,1753,274,123.1
1957,1857,274,88.69
2055,1955,274,66.59
5542,5442,274,49.79
8150,8049,274,5.2
4742,4641,274,18.45
4142,4041,274,19.28
1468,1368,274,74.69
5140,5040,275,57.66
2047,1947,275,71.53
5584,5484,275,66.32
1352,1252,275,82.54
1764,1664,275,35.7
4280,4180,275,30.69
1069,969,275,25.45
1756,1656,275,59.78
2745,2645,275,26.18
1663,1563,275,24.52
1849,1749,275,17.58
570,470,275,59.78
5743,5643,275,15.39
5339,5239,275,51.67
1251,1151,275,13.55
6038,5938,275,44.58
5184,5084,275,14.07
2845,2744,275,20.07
2647,2546,275,15.62
1753,1653,275,102.49
3679,3579,275,29.55
4883,4784,275,8.66
5740,5641,275,8.08
4983,4884,275,7.21
1761,1662,275,7.73
1274,1174,275,27.42
4542,4442,275,39.45
5644,5544,275,13.04
4279,4180,275,6.19
2076,1976,275,66.32
7078,6979,275,7.05
1458,1358,275,24.52
2054,1954,275,76.83
6382,6383,275,2.43
1766,1666,275,23.62
1865,1765,275,23.62
6536,6435,275,7.98
1368,1268,276,52.43
1675,1575,276,63.76
2377,2277,276,66.32
2346,2246,276,41.08
1656,1556,276,110.25
5937,5837,276,25.26
372,272,276,29.55
1259,1159,276,25.45
6036,5936,276,31.49
4482,4382,276,28.47
4281,4181,276,25.45
1450,1350,276,16.49
5341,5241,276,49.79
5343,5242,276,18.89
8569,8669,276,4.83
1955,1855,276,57.66
8750,8649,276,6.17
4079,3980,276,6.34
1857,1757,276,61.82
8349,8348,276,3.96
8272,8173,276,6.78
7645,7744,276,2.76
1252,1152,277,64.24
1653,1553,277,51.67
1976,1876,277,52.43
1947,1847,277,69.01
5484,5384,277,58.94
1160,1060,277,46.67
1449,1349,277,26.21
1648,1548,277,30.38
4641,4541,277,39.45
5239,5139,277,69.01
5938,5838,277,71.53
3243,3143,277,17.03
3543,3442,277,20
5084,4984,277,84.16
470,370,277,85.55
5042,4941,277,16.84
1650,1649,277,6.33
4179,4080,277,6.29
3979,3880,277,6.36
4942,4941,277,7.61
7242,7241,277,4.14
5442,5342,277,46.17
4642,4541,277,18.45
5040,4940,277,61.98
1855,1755,277,142.82
6636,6535,277,8.84
1954,1854,277,61.98
1854,1754,278,123.1
5936,5836,278,51.67
4382,4282,278,58.94
1268,1168,278,58.94
969,869,278,44.91
6435,6335,278,38.63
5241,5141,278,55.6
1575,1475,278,77.72
3642,3541,278,20
3579,3479,278,41.59
5444,5443,278,9.54
6879,6780,278,7.05
4442,4342,278,39.45
3578,3479,278,6.08
473,373,278,18.92
8762,8761,278,3.88
1757,1657,278,61.98
6779,6780,278,3.02
4142,4141,278,9.04
7644,7643,278,3.72
8658,8759,278,3.51
4940,4840,279,61.98
1060,960,279,77.72
1847,1747,279,76.83
2277,2177,279,48.51
5837,5737,279,44.43
1159,1059,279,43.21
2246,2146,279,41.08
1765,1665,279,30.69
1666,1566,279,26.41
1358,1258,279,25.45
2744,2644,279,30.38
1361,1261,279,21.14
5139,5039,279,64.24
1549,1448,279,17.41
2745,2644,279,19.79
1664,1564,279,28.47
1351,1250,279,10.31
1556,1456,279,35.7
8570,8670,279,5.63
1657,1557,279,159.86
6283,6184,279,6.38
1755,1655,279,85.55
5642,5543,279,14.36
3478,3379,279,6.22
1767,1667,279,18.92
1152,1052,279,64.24
7848,7947,279,3.15
1168,1068,280,80.88
4282,4182,280,54.51
6335,6235,280,74.15
1349,1249,280,36.54
4181,4081,280,25.45
1563,1463,280,21.93
1475,1375,280,69
1662,1562,280,22.76
4541,4441,280,37.87
4041,3941,280,17.58
3742,3641,280,20
370,270,280,49.79
3642,3641,280,10.54
4841,4740,280,16.24
670,571,280,14.99
670,569,280,14.99
4483,4383,280,11.65
1754,1654,280,98.84
671,571,280,10.37
2878,2778,280,12.1
873,774,280,13.73
4542,4441,280,18.45
8764,8865,280,5.19
5141,5041,280,55.6
272,172,280,30.69
1059,959,281,84.16
1052,952,281,57.66
1747,1647,281,57.66
960,860,281,84.16
5836,5736,281,42.73
869,769,281,43.21
1553,1453,281,30.38
5039,4939,281,66.59
2346,2245,281,17.95
774,674,281,166.02
3379,3279,281,52.43
5439,5338,281,18.45
1174,1074,281,18.23
3879,3780,281,6.38
1655,1555,281,74.13
7673,7574,281,3.06
4740,4640,282,57.66
6235,6135,282,71.77
1068,968,282,63.76
1261,1161,282,35.7
5737,5637,282,41.08
1448,1348,282,42.4
3541,3441,282,31.82
1876,1776,282,21.14
2177,2077,282,44.91
8173,8073,282,17.58
5838,5738,282,22.59
3542,3441,282,19.52
4641,4540,282,18.45
3742,3741,282,10.54
674,574,282,186.1
1654,1554,282,53.61
6736,6635,282,8.96
1456,1356,282,36.54
5839,5738,282,8.91
4784,4684,282,15.73
1557,1457,282,38.52
1555,1455,282,110.25
7276,7277,282,3.6
8757,8857,282,3.3
8754,8854,282,3.08
6837,6836,282,3.57
7846,7845,282,3.8
7746,7845,282,2.87
959,859,283,63.76
5338,5238,283,71.53
4182,4082,283,40.02
1249,1149,283,45.68
569,469,283,37.87
1665,1565,283,30.69
2644,2544,283,27.56
1250,1150,283,31.82
3143,3043,283,18.15
3442,3342,283,17.03
1375,1275,283,46.67
4441,4341,283,36.31
571,471,283,37.08
1151,1051,283,13.05
2744,2643,283,20.07
3279,3179,283,69
5539,5438,283,15.62
5339,5238,283,14.36
3343,3242,283,6.17
4442,4341,283,18.45
8072,7973,283,3.1
4939,4839,283,66.59
1356,1256,283,106.29
5736,5636,284,47.96
1647,1547,284,49.79
952,852,284,39.45
2245,2145,284,36.31
769,669,284,34.37
4081,3981,284,29.55
2146,2046,284,20.59
1258,1158,284,23.62
471,371,284,142.82
8649,8548,284,19.79
2246,2145,284,17.95
1566,1466,284,21.14
1564,1464,284,20.37
1554,1454,284,88.69
8372,8273,284,7.66
8863,8963,284,5.17
4242,4241,284,8.55
8571,8572,284,6.57
373,273,284,16.93
4684,4584,284,69
8751,8851,284,2.75
1667,1567,284,21.93
1149,1049,285,59.47
5238,5138,285,82.54
1161,1061,285,48.51
1348,1248,285,47.42
3441,3341,285,41.08
2077,1977,285,46.67
4540,4440,285,49.79
6135,6035,285,38.71
1453,1353,285,25.26
4839,4739,285,66.59
1562,1462,285,21.93
5738,5638,285,46.17
8649,8648,285,12.46
968,868,285,35.7
2744,2743,285,11.04
4541,4440,285,18.89
1256,1156,285,91.94
3179,3079,285,80.88
8750,8749,285,3.22
2778,2678,285,22.76
7773,7674,285,3.28
1547,1447,286,55.6
1150,1050,286,44.43
4082,3982,286,43.21
3541,3440,286,20
5936,5835,286,14.36
270,170,286,19.63
574,474,286,28.47
3941,3841,286,17.03
5884,5785,286,6.38
8570,8671,286,5.88
8149,8048,286,5.2
8571,8671,286,5.63
1455,1355,286,29.28
8752,8852,286,3.08
1457,1357,286,25.45
4584,4484,286,80.88
8755,8855,286,2.75
1357,1257,287,106.29
1061,961,287,69
1248,1148,287,55.13
2678,2578,287,74.69
5138,5038,287,69.01
1049,949,287,71.99
1158,1058,287,34.37
5637,5537,287,21.77
1353,1253,287,79.63
4739,4639,287,64.24
1463,1363,287,15.16
2644,2545,287,19.97
2644,2543,287,19.97
5836,5735,287,17.41
1275,1175,287,31.87
2645,2545,287,8.8
2346,2345,287,7.61
370,271,287,14.99
370,269,287,14.99
2643,2543,287,30.38
3079,2979,287,80.88
8666,8766,287,3.3
172,72,287,16.32
7275,7376,287,2.46
1050,950,288,69.01
4484,4384,288,56.68
4440,4340,288,47.96
1567,1467,288,29.55
3440,3340,288,53.61
3981,3881,288,31.87
3982,3882,288,50.43
3641,3540,288,19.97
569,468,288,18.89
868,768,288,41.59
3541,3540,288,10.54
1977,1877,288,44.91
1466,1366,288,28.47
3780,3680,288,14.6
4441,4340,288,19.28
1156,1056,288,36.54
4383,4283,288,14.07
1454,1354,288,25.26
1074,974,288,15.16
3779,3680,288,6.24
5284,5185,288,7.38
8753,8853,288,3.6
8449,8448,288,3.42
8571,8472,288,7.44
1073,974,288,6.38
1355,1255,288,88.69
2578,2478,289,84.16
1148,1048,289,61.77
949,849,289,80.82
5038,4938,289,66.59
1058,958,289,84.16
961,861,289,84.16
5636,5536,289,22.59
4639,4539,289,61.98
2046,1946,289,20.59
3242,3142,289,17.58
1565,1465,289,19.63
3043,2943,289,18.73
469,369,289,17.57
952,853,289,18.45
952,851,289,18.45
2245,2144,289,19.28
3641,3640,289,12
170,70,289,48.51
1252,1153,289,10.82
2047,1946,289,9.35
6736,6735,289,4.46
5639,5538,289,8.66
5785,5685,289,49.24
1253,1153,289,64.24
7177,7178,289,3.2
273,173,289,23.62
2979,2879,289,74.69
5185,5085,290,59.78
1467,1367,290,52.43
1257,1157,290,36.54
5735,5635,290,44.43
5537,5437,290,46.17
6035,5935,290,20.59
269,169,290,44.91
2145,2045,290,17.03
768,668,290,52.43
860,760,290,11.21
1366,1266,290,56.68
1056,956,290,87.35
1947,1846,290,9.81
5184,5085,290,6.36
8372,8373,290,4.14
8863,8964,290,5.49
8863,8962,290,5.49
1255,1155,290,85.55
873,874,290,4.92
3340,3240,290,69.01
3882,3782,290,50.43
3341,3241,290,21.94
1354,1254,290,79.63
4539,4439,291,57.66
5685,5585,291,61.3
2478,2378,291,84.16
1048,948,291,61.77
849,749,291,71.99
4283,4183,291,38.52
4384,4284,291,38.52
1447,1347,291,22.59
1462,1362,291,16.93
1776,1676,291,11.65
1647,1546,291,14.99
2545,2445,291,26.18
5438,5337,291,18.45
1052,953,291,12.51
1052,951,291,12.51
1747,1646,291,12.51
1175,1075,291,25.45
4341,4240,291,18.89
4938,4838,291,69.01
1877,1777,291,35.7
950,850,291,47.42
4340,4240,291,44.43
2543,2443,291,28.96
1461,1362,291,6.38
2643,2542,291,20.07
1152,1053,291,10.82
4183,4083,292,201
760,660,292,66.59
3241,3141,292,53.61
3240,3140,292,88.69
1367,1267,292,61.3
5536,5436,292,49.79
958,858,292,46.67
851,751,292,37.92
468,368,292,27.54
1363,1263,292,20.37
4241,4140,292,19.28
853,753,292,44.43
1266,1166,292,74.69
569,568,292,8.55
8649,8748,292,9.09
1464,1364,292,13.55
2879,2779,292,43.21
7342,7341,292,3.88
8756,8856,292,2.9
3881,3781,292,33.09
8757,8858,292,3.51
8757,8856,292,3.51
7847,7946,292,3
4083,3983,293,201
3140,3040,293,102.49
1676,1576,293,58.94
2378,2278,293,84.16
948,848,293,64.17
5585,5485,293,54.51
4439,4339,293,53.61
3782,3682,293,43.21
2144,2044,293,33.29
5337,5237,293,85.55
169,69,293,44.91
2245,2244,293,9.04
749,649,293,53.09
4838,4738,293,66.59
7543,7542,293,4.14
850,750,293,66.67
2643,2642,293,11.04
173,73,293,25.45
8571,8672,293,5.88
1155,1055,293,33.94
5436,5336,294,64.24
660,560,294,74.15
751,651,294,61.77
3141,3041,294,57.66
1546,1446,294,47.96
1157,1057,294,27.42
861,761,294,21.14
3983,3883,294,201
2544,2444,294,9.57
6780,6681,294,9.35
8759,8760,294,6.33
3741,3740,294,9.04
1847,1746,294,8.49
3841,3740,294,19.83
2744,2843,294,7.61
6084,5985,294,6.02
474,374,294,12.57
956,856,294,26.41
3679,3580,294,6.31
1254,1154,294,30.38
3883,3783,295,201
3040,2940,295,98.84
1576,1476,295,84.16
1267,1167,295,48.51
5237,5137,295,85.55
2542,2442,295,33.29
1347,1247,295,25.79
5635,5535,295,21.77
5085,4985,295,21.14
5485,5385,295,63.76
1465,1365,295,16.93
3142,3042,295,18.15
1263,1163,295,35.7
1166,1066,295,48.51
1055,955,295,64.17
852,752,295,9.18
848,748,295,69.27
271,171,295,13.05
5984,5885,295,6.38
2543,2442,295,20.07
6283,6284,295,2.62
8751,8850,295,3
4738,4638,295,61.98
5336,5236,296,85.55
560,460,296,54.51
3041,2941,296,55.6
5385,5285,296,208.54
1057,957,296,74.69
2278,2178,296,48.51
368,268,296,33.09
1364,1264,296,26.41
3781,3681,296,28.47
3540,3439,296,17.95
5735,5634,296,16.84
1075,975,296,23.62
3841,3840,296,10.04
7241,7140,296,7.66
4884,4785,296,6.83
750,650,296,49.24
4339,4239,296,47.96
8667,8767,296,3.08
4985,4885,297,84.16
748,648,297,59.47
3783,3683,297,61.3
2940,2840,297,82.54
5137,5037,297,66.59
3682,3582,297,33.09
1362,1262,297,19.63
2045,1945,297,16.49
1476,1376,297,84.16
3640,3539,297,19.79
2144,2043,297,19.83
4638,4538,297,57.66
3440,3339,297,13.73
859,759,297,7.35
6979,6880,297,6.46
6535,6434,297,7.3
1361,1262,297,6.37
8862,8861,297,3.96
649,549,297,32.71
2941,2841,298,51.67
5236,5136,298,79.63
5535,5435,298,49.79
1167,1067,298,41.59
3042,2942,298,39.45
1365,1265,298,38.52
761,661,298,25.45
4140,4040,298,19.95
2444,2344,298,30.38
3640,3639,298,12.46
752,652,298,39.36
1154,1054,298,28.22
853,754,298,16.84
1163,1063,298,44.91
3339,3239,298,114.36
2779,2679,298,18.23
8148,8147,298,4.12
3579,3480,298,6.19
4784,4685,298,6.38
7141,7040,298,5.26
549,449,298,106.29
3683,3583,299,50.43
6434,6334,299,50.68
759,659,299,74.15
2840,2740,299,69.01
5037,4937,299,64.24
1264,1164,299,41.59
4239,4139,299,46.17
460,360,299,43.21
957,857,299,37.08
268,168,299,48.51
4538,4438,299,53.61
1646,1545,299,19.83
2542,2441,299,19.83
5935,5834,299,17.41
2144,2143,299,10.04
1376,1276,299,74.69
651,551,299,23.45
8759,8859,299,4.83
2178,2078,299,34.37
3239,3139,299,137.58
8248,8247,299,3.96
975,875,299,37.08
6635,6534,299,8.78
5435,5335,300,66.59
5136,5036,300,59.78
1067,967,300,66.32
661,561,300,74.15
1063,963,300,61.3
1265,1165,300,56.68
1262,1162,300,35.7
648,548,300,42.4
2442,2342,300,24.81
1247,1147,300,23.45
1446,1346,300,18.71
875,775,300,193.38
2044,1944,300,16.49
4284,4184,300,12.1
953,854,300,17.41
568,467,300,18.89
1066,966,300,24.52
5185,5086,300,11.93
8670,8770,300,4.83
3139,3039,300,148.27
856,756,300,16.93
7078,7079,300,2.19
449,349,300,51.67
1164,1064,301,50.77
659,559,301,66.77
2078,1978,301,50.77
6334,6234,301,74.15
2740,2640,301,61.16
4937,4837,301,65.72
1054,954,301,40.09
3480,3380,301,40.29
2841,2741,301,50.93
2942,2842,301,43.72
168,68,301,52.78
3039,2939,301,157.48
753,653,301,12.71
1546,1445,301,15.98
1646,1645,301,10.27
2542,2541,301,10.27
652,552,301,34.57
4685,4585,301,38.78
4438,4338,301,52.86
2743,2742,301,6.48
1276,1176,301,54.88
3479,3380,301,6.23
8348,8347,301,4.07
374,274,301,14.7
373,274,301,6.43
650,550,301,23.01
1165,1065,302,61.72
349,249,302,84.43
5335,5235,302,78.59
5036,4936,302,54.84
967,867,302,59.34
561,461,302,57.06
2441,2341,302,35.59
4139,4039,302,45.45
3583,3483,302,34.6
2939,2839,302,146.1
548,448,302,65.36
5634,5534,302,18.34
3582,3482,302,22.08
858,758,302,10.44
3681,3581,302,18.35
2444,2343,302,20.54
963,863,302,72.27
955,855,302,15.83
5735,5734,302,6.9
5835,5734,302,9.07
8749,8849,302,6.05
2443,2343,302,10.03
8148,8047,302,5.04
6184,6085,302,6.41
1777,1677,302,9.24
7241,7240,302,4.14
550,450,303,81.46
2640,2540,303,52.86
2741,2641,303,50.93
1064,964,303,69.46
2839,2739,303,116.99
3380,3280,303,52.78
4184,4084,303,45.45
756,656,303,38.78
5086,4986,303,45.45
551,451,303,27.7
775,675,303,48.84
1162,1062,303,48.84
4837,4737,303,63.4
2043,1943,303,17.03
8572,8473,303,7.66
6836,6835,303,5.03
7744,7743,303,3.83
3379,3280,303,6.09
4585,4485,303,84.73
4339,4238,303,15.98
171,71,303,13.64
7644,7743,303,2.78
172,71,303,6.42
448,348,303,104.85
4084,3984,304,104.85
656,556,304,112.78
1065,965,304,57.06
5534,5434,304,54.84
4936,4836,304,52.86
461,361,304,50.77
5235,5135,304,65.72
249,149,304,67.9
6234,6134,304,43.03
1978,1878,304,41.87
559,459,304,48.84
1147,1047,304,25.72
758,658,304,61.72
360,260,304,24.68
4040,3940,304,18.73
754,654,304,19.04
1945,1845,304,15.95
467,367,304,33.31
2244,2243,304,9.25
3840,3739,304,19.33
568,567,304,8.75
5935,5934,304,7.33
966,866,304,32.08
7442,7441,304,3.16
8671,8771,304,5.63
1176,1076,304,38.78
4485,4385,305,72.27
4986,4886,305,50.77
964,864,305,54.88
4039,3939,305,43.72
867,767,305,46.99
863,763,305,41.87
4239,4138,305,16.61
2739,2639,305,84.43
3280,3180,305,59.34
1062,962,305,64.19
8963,9063,305,4.83
7643,7642,305,3.75
574,475,305,6.36
4737,4637,305,61.16
8668,8768,305,2.92
556,456,305,190.38
8865,8866,305,4.14
552,452,305,29.82
6735,6634,305,9.13
7846,7945,305,2.89
456,356,306,213.34
149,49,306,56.88
5434,5334,306,68.12
4836,4736,306,50.93
5135,5035,306,50.93
451,351,306,43.72
658,558,306,59.34
348,248,306,43.72
2540,2440,306,43.72
3483,3383,306,25.62
2342,2242,306,17.03
1346,1246,306,18.73
3639,3538,306,19.33
8962,8961,306,6.57
8759,8860,306,5.19
8749,8848,306,6.88
1677,1577,306,26.59
274,174,306,20.51
356,256,307,213.34
962,862,307,84.73
767,667,307,75.19
4637,4537,307,54.84
4385,4285,307,69.46
4886,4786,307,84.73
1878,1778,307,45.21
361,261,307,35.94
866,766,307,45.21
450,350,307,32.55
2341,2241,307,23.98
1445,1345,307,19.06
675,575,307,28.66
1944,1844,307,16.49
2441,2340,307,20.04
1545,1444,307,19.33
367,267,307,48.84
2639,2539,307,61.16
3180,3080,307,59.34
4638,4537,307,12.8
3984,3884,307,45.21
857,757,307,14.16
2143,2042,307,20.04
8670,8769,307,5.19
256,156,308,213.34
3538,3438,308,73.17
5334,5234,308,63.4
1577,1477,308,75.19
248,148,308,76.2
3939,3839,308,45.45
351,251,308,56.15
4138,4038,308,43.72
6134,6034,308,25.79
459,359,308,30.89
1076,976,308,33.31
1047,947,308,29.82
653,553,308,15.05
965,865,308,26.59
4139,4038,308,17.23
2679,2579,308,10.03
4538,4437,308,14.05
3840,3839,308,8.75
8962,9062,308,5.63
7845,7844,308,3.91
3539,3438,308,13.42
8648,8547,308,6.35
8548,8447,308,6.12
5785,5686,308,6.78
156,56,309,213.34
148,48,309,104.85
3884,3784,309,64.19
350,250,309,50.15
766,666,309,66.77
4285,4185,309,64.19
4786,4686,309,84.73
5035,4935,309,49.06
3438,3338,309,125.93
864,764,309,28.66
654,554,309,22.91
4736,4636,309,49.06
5734,5633,309,20.54
854,755,309,15.98
4184,4085,309,17.23
5086,4987,309,17.23
8672,8673,309,6.45
757,657,309,59.34
1943,1843,309,17.03
855,755,309,15.83
4438,4337,309,14.69
8572,8573,309,4.14
474,375,309,6.37
3080,2980,309,61.72
6837,6936,309,2.58
6939,7039,309,1.32
4038,3938,310,50.93
5234,5134,310,54.84
1477,1377,310,84.73
2241,2141,310,35.59
1444,1344,310,37.15
2340,2240,310,34.06
267,167,310,48.84
5686,5586,310,75.19
558,458,310,33.31
260,160,310,18.35
2341,2240,310,19.61
4039,3938,310,17.81
862,762,310,35.94
4338,4237,310,16.61
3639,3638,310,8.75
2143,2142,310,9.76
8854,8954,310,3.62
2539,2439,310,45.45
250,150,311,50.15
4935,4835,311,50.93
3784,3684,311,84.73
976,876,311,46.99
251,151,311,37.22
947,847,311,35.87
1778,1678,311,28.66
261,161,311,25.62
1845,1745,311,14.85
451,352,311,17.81
348,247,311,17.81
5734,5733,311,11.29
3482,3382,311,12.18
3581,3481,311,11.29
1545,1544,311,8.75
452,352,311,17.69
755,655,311,81.46
2980,2880,311,57.06
4636,4536,311,50.93
6780,6781,311,3.09
174,74,311,22.08
8671,8772,311,5.88
247,147,312,116.99
167,67,312,61.72
3938,3838,312,52.86
1377,1277,312,84.73
657,557,312,38.78
5586,5486,312,66.77
1246,1146,312,19.95
4238,4137,312,17.23
865,765,312,32.08
5634,5533,312,9.08
1247,1146,312,8.67
3338,3238,312,46.99
7376,7377,312,4.16
8963,9064,312,5.19
2879,2780,312,6.21
7277,7278,312,3.47
6735,6734,312,4.43
352,252,313,58.31
3684,3584,313,84.73
5134,5034,313,43.72
1344,1244,313,40.36
554,454,313,30.94
2579,2479,313,21.28
1345,1245,313,18.73
2042,1942,313,17.58
3383,3283,313,16.43
4138,4037,313,17.81
3739,3738,313,11.79
5534,5433,313,14.05
557,457,313,116.99
2439,2339,313,35.59
5185,5186,313,4.16
2578,2479,313,5.62
457,357,314,169.83
147,47,314,76.2
4835,4735,314,47.23
2240,2140,314,26.78
553,453,314,17.65
359,259,314,19.04
2340,2239,314,20.29
1844,1744,314,14.85
458,358,314,26.59
4836,4735,314,15.34
876,776,314,37.33
655,555,314,43.5
847,747,314,41.6
8373,8274,314,5.96
2780,2680,314,59.34
1277,1177,314,66.77
4536,4436,314,49.06
6938,7038,314,1.4
4037,3937,315,58.99
3584,3484,315,84.73
252,152,315,62.92
5486,5386,315,48.84
1444,1343,315,19.72
5035,4934,315,15.98
149,50,315,13.42
4736,4635,315,15.98
5086,5087,315,6.9
765,665,315,35.94
1843,1743,315,17.03
8962,9061,315,5.88
2478,2379,315,5.62
8273,8174,315,4.68
8857,8957,315,3.1
555,455,315,213.34
3238,3138,315,43.5
453,353,316,50.93
3481,3381,316,21.28
151,51,316,23.89
160,60,316,18.35
666,566,316,16.43
4686,4586,316,15.83
455,355,316,213.34
2680,2580,316,50.77
357,257,316,59.34
3138,3038,316,140.75
375,275,316,15.26
2539,2438,316,17.23
152,52,317,54.07
2379,2279,317,84.73
3484,3384,317,66.77
1177,1077,317,38.78
4436,4336,317,45.45
747,647,317,34.57
1146,1046,317,21.25
3382,3282,317,17.69
161,61,317,18.35
3937,3837,317,54.84
2240,2139,317,20.25
4085,3985,317,13.14
4987,4887,317,12.66
4437,4336,317,16.61
348,347,317,7.33
355,255,317,213.34
1147,1046,317,8.5
648,547,317,7.15
2639,2538,317,12.2
761,662,317,6.39
2278,2179,317,6.14
2378,2279,317,5.62
764,664,317,13.64
3038,2938,317,140.75
4635,4535,318,47.23
5386,5286,318,45.21
5433,5333,318,23.89
5134,5033,318,17.81
2142,2041,318,19.33
1344,1243,318,18.87
4337,4236,318,15.98
1343,1243,318,35.59
1444,1443,318,9.25
5434,5333,318,10.54
255,155,318,213.34
358,258,318,28.66
4934,4834,318,43.72
5834,5833,318,5.55
5885,5786,318,6.37
5985,5886,318,6.14
8748,8647,318,5.65
2439,2338,318,20.04
7341,7340,318,3.91
2938,2838,318,163.53
6284,6185,318,6.41
257,157,318,69.46
4887,4787,319,84.73
2179,2079,319,69.46
353,253,319,38.63
3381,3281,319,37.33
662,562,319,74.15
259,159,319,21.28
1244,1144,319,19.33
1942,1842,319,18.15
454,354,319,18.35
1245,1145,319,19.33
776,676,319,22.08
3638,3537,319,15.98
4237,4136,319,16.61
5234,5133,319,14.05
5334,5233,319,11.63
5733,5632,319,19.61
5733,5732,319,13.62
2580,2480,319,34.6
8672,8773,319,5.49
7542,7541,319,3.99
8748,8747,319,3.83
4586,4486,319,45.21
8853,8953,319,3.32
8852,8952,319,3.1
8851,8951,319,2.92
2178,2079,319,6.31
8855,8955,319,3.1
3837,3737,320,34.06
566,466,320,25.62
3283,3183,320,16.43
3738,3637,320,20.53
3838,3737,320,18.87
4835,4734,320,16.61
547,447,320,48.84
4834,4734,320,52.86
157,57,320,81.43
2339,2238,320,20.43
8849,8949,320,5.66
4536,4435,320,15.98
2838,2738,320,74.15
8865,8965,320,2.51
4136,4036,321,61.16
3537,3437,321,78.59
2079,1979,321,57.06
253,153,321,60.57
4787,4687,321,84.73
562,462,321,61.72
2041,1941,321,35.59
3384,3284,321,29.75
3282,3182,321,28.66
1077,977,321,30.89
8174,8074,321,18.73
5034,4933,321,18.87
4137,4036,321,15.98
1243,1143,321,40.36
155,55,321,45.21
3538,3437,321,9.56
7240,7139,321,7.66
2739,2638,321,7.9
6681,6582,321,5.38
2139,2039,321,25.38
258,158,321,43.5
2239,2138,321,20.25
4486,4386,321,75.19
6383,6384,321,2.19
7773,7774,321,1.27
3437,3337,322,121.37
466,366,322,59.34
3281,3181,322,40.29
1046,946,322,23.39
159,59,322,35.94
1744,1644,322,14.27
664,564,322,22.91
4734,4634,322,54.84
6634,6533,322,8.75
1047,946,322,8.13
1743,1643,322,14.85
4036,3936,323,68.12
1979,1879,323,54.88
153,53,323,54.07
4687,4587,323,59.34
3337,3237,323,125.93
4436,4335,323,17.23
1678,1578,323,8.49
462,362,323,57.06
1343,1242,323,20.04
5632,5532,323,31.08
4934,4833,323,17.81
8147,8146,323,4.15
4435,4335,323,47.23
275,175,323,16.43
158,58,323,75.19
6836,6935,323,3.5
4386,4286,323,69.46
1941,1841,324,38.74
3182,3082,324,40.29
3183,3083,324,28.66
354,254,324,22.17
1143,1043,324,40.36
3837,3736,324,20.29
4635,4534,324,16.61
564,464,324,84.73
8247,8246,324,4.07
7178,7179,324,2.92
3985,3885,324,15.83
8849,8950,324,6.45
8849,8948,324,6.45
2438,2337,324,18.87
1879,1779,325,54.88
366,266,325,41.87
977,877,325,28.66
2480,2380,325,17.05
1842,1742,325,18.15
1144,1044,325,19.33
1145,1045,325,19.95
3237,3137,325,73.17
3181,3081,325,43.5
6781,6682,325,10.54
5033,4932,325,20.54
5733,5832,325,10.43
8771,8871,325,4.83
6085,5986,325,6.21
7079,6980,325,5.83
2139,2040,325,19.97
2139,2038,325,19.97
8858,8958,325,3.1
4286,4186,325,84.73
8857,8958,325,3.33
8857,8956,325,3.33
6979,6980,325,2.04
2338,2237,325,20.43
3083,2983,326,57.06
3082,2982,326,61.72
5532,5432,326,40.36
3936,3836,326,45.45
4335,4235,326,45.45
1578,1478,326,40.29
6533,6433,326,27.66
464,364,326,69.46
2041,1940,326,20.04
347,246,326,17.23
4336,4235,326,16.61
4833,4733,326,45.45
676,576,326,15.26
665,565,326,9.24
946,846,326,29.44
1243,1142,326,18.87
3937,3836,326,14.05
1343,1342,326,9.76
362,262,326,46.99
8860,8960,326,5.17
5632,5531,326,20.54
675,576,326,6.36
7744,7843,326,2.89
1779,1679,327,50.77
3736,3636,327,45.45
1043,943,327,40.36
8074,7974,327,19.33
3737,3636,327,20.29
5133,5032,327,19.33
5732,5631,327,19.97
5732,5731,327,13.19
3081,2981,327,54.88
2538,2437,327,14.69
4534,4434,327,47.23
5033,5032,327,11.29
5934,5933,327,4.54
8347,8346,327,3.99
8147,8046,327,5.04
4535,4434,327,16.61
7240,7239,327,4.14
4186,4086,327,59.34
3137,3037,327,58.99
565,465,328,66.77
2983,2883,328,72.27
6433,6333,328,75.19
2982,2882,328,64.19
1478,1378,328,69.46
4235,4135,328,58.99
2237,2137,328,40.36
266,166,328,40.29
364,264,328,50.77
5233,5132,328,15.98
4236,4135,328,15.34
4733,4633,328,58.99
4933,4832,328,20.46
9062,9162,328,5.17
475,376,328,6.38
175,75,328,21.28
2238,2137,328,19.72
6382,6483,328,1.51
5432,5332,329,43.72
1142,1042,329,37.15
246,146,329,40.36
262,162,329,34.6
3885,3785,329,23.78
1643,1543,329,15.95
1941,1840,329,19.33
3284,3184,329,13.14
3637,3536,329,15.98
5333,5232,329,14.05
1143,1042,329,18.87
1940,1840,329,37.15
2981,2881,329,54.88
763,663,329,4.28
4435,4334,329,16.61
7845,7944,329,3.02
3037,2937,329,61.16
4135,4035,330,73.17
166,66,330,57.06
2883,2783,330,66.77
465,365,330,66.77
2882,2782,330,52.78
6333,6233,330,52.78
943,843,330,49.06
1045,945,330,23.39
1044,944,330,20.59
146,46,330,157.48
264,164,330,52.78
1378,1278,330,66.77
1841,1741,330,18.73
4633,4533,330,61.16
846,746,330,29.82
8673,8574,330,6.78
7441,7440,330,3.91
8473,8374,330,5.26
7743,7742,330,3.75
575,476,330,6.42
8373,8374,330,2.53
8766,8867,330,3.33
7643,7742,330,2.78
8865,8966,330,2.84
3536,3436,331,70.6
3785,3685,331,57.06
2038,1938,331,18.73
4832,4732,331,35.59
877,777,331,17.69
1742,1642,331,17.03
254,154,331,15.05
8948,8847,331,20.54
2337,2236,331,20.54
5532,5431,331,18.87
4334,4234,331,54.84
8772,8872,331,5.17
2881,2781,331,50.77
2937,2837,331,81.46
7574,7475,331,2.86
2783,2683,332,57.06
1278,1178,332,59.34
4533,4433,332,52.86
4035,3935,332,63.4
1042,942,332,35.59
3436,3336,332,101.11
2380,2280,332,14.7
843,743,332,68.12
1043,942,332,18.87
663,563,332,46.99
3936,3835,332,17.23
4587,4487,332,11.73
4932,4831,332,20.25
347,346,332,6.9
4085,3986,332,6.38
4987,4888,332,6.37
8860,8959,332,5.49
8771,8870,332,5.19
1840,1740,332,37.15
7642,7641,332,3.75
4086,3986,332,23.78
375,276,332,6.42
2837,2737,333,69.12
3685,3585,333,84.73
164,64,333,46.99
365,265,333,41.87
2782,2682,333,41.87
7974,7874,333,19.95
1679,1579,333,18.35
3836,3735,333,20.29
2237,2136,333,18.87
3736,3635,333,17.23
8948,8947,333,11.29
2337,2336,333,11.29
4234,4134,333,70.6
4932,4931,333,12.75
747,646,333,7.73
5686,5587,333,5.77
5086,5187,333,4.31
6835,6834,333,3.44
8547,8446,333,5.85
6938,7037,333,1.58
4433,4333,334,50.93
1938,1838,334,38.74
4888,4788,334,72.27
4732,4632,334,45.45
945,845,334,28.47
6233,6133,334,30.45
162,62,334,22.08
2137,2037,334,19.95
563,463,334,84.73
5432,5331,334,17.81
1142,1041,334,19.72
246,145,334,18.87
5832,5831,334,11.29
3336,3236,334,94.05
5732,5831,334,9.85
1940,1839,334,19.72
161,62,334,6.42
2781,2681,334,46.99
9062,9163,334,5.49
9062,9161,334,5.49
5586,5487,334,5.9
6634,6633,334,3.51
2039,1939,334,7.76
7376,7476,334,2.16
2737,2637,335,71.77
3585,3485,335,84.73
2683,2583,335,45.21
942,842,335,38.74
944,844,335,24.96
5132,5031,335,20.29
1740,1640,335,38.74
8773,8774,335,6.57
4134,4034,335,73.17
2280,2180,335,41.87
5631,5530,335,20.04
4788,4688,336,84.73
2682,2582,336,35.94
3635,3535,336,40.09
265,165,336,46.99
4831,4731,336,28.19
1178,1078,336,28.66
463,363,336,66.77
4632,4532,336,54.84
4832,4731,336,20.04
647,546,336,7.83
2538,2537,336,5.36
4333,4233,336,68.12
5486,5387,336,6.14
1741,1641,336,18.15
8573,8474,336,5.26
743,643,336,32.11
145,45,336,56.88
8547,8546,336,3.67
3485,3385,337,84.73
2180,2080,337,66.77
4034,3934,337,52.86
1042,941,337,20.04
5232,5131,337,18.37
1142,1141,337,9.25
8773,8873,337,5.63
842,742,337,54.84
1838,1738,337,40.36
2681,2581,337,43.5
4487,4387,337,21.28
776,677,337,6.41
8772,8873,337,5.49
1343,1442,337,6.45
1840,1739,337,19.72
6284,6285,337,2.39
7674,7575,337,2.75
3137,3036,337,12.8
3986,3886,337,24.68
4233,4133,338,75.83
4532,4432,338,58.99
4688,4588,338,84.73
165,65,338,59.34
2583,2483,338,37.33
1642,1542,338,14.85
5332,5231,338,17.23
363,263,338,50.77
845,745,338,30.94
3237,3136,338,9.56
5087,4988,338,6.19
5386,5287,338,6.19
8954,9054,338,3.62
5631,5630,338,9.76
1640,1540,338,40.36
3385,3285,339,78.24
742,642,339,78.59
2037,1937,339,22.65
6133,6033,339,23.39
1579,1479,339,19.04
2136,2036,339,17.58
844,744,339,28.74
4831,4730,339,20.43
1938,1837,339,19.33
2236,2135,339,19.33
3184,3084,339,10.44
246,245,339,8.26
8948,9048,339,6.9
8773,8674,339,7.44
546,446,339,46.53
6936,7036,339,3.38
2580,2481,339,6.31
7946,8045,339,3.02
275,176,339,6.42
3037,2936,339,12.2
4432,4332,340,68.12
2080,1980,340,40.29
1738,1638,340,43.72
3934,3834,340,35.59
2582,2482,340,33.31
4731,4631,340,32.55
643,543,340,25.72
4931,4830,340,20.25
2336,2235,340,20.53
3935,3834,340,20.04
4133,4033,340,65.72
942,841,340,19.33
4732,4631,340,17.23
4588,4488,340,78.24
5832,5932,340,6.9
1740,1639,340,19.33
1077,978,340,6.34
4387,4287,340,48.84
9061,9060,340,4.15
7278,7279,340,3.68
3535,3435,340,33.31
6781,6782,340,3.47
1739,1639,340,34.06
9064,9065,340,3.67
3285,3185,341,75.19
642,542,341,75.83
1479,1379,341,57.06
2483,2383,341,37.33
4931,4930,341,12.75
1837,1737,341,52.86
263,163,341,40.29
5786,5687,341,6.33
5886,5787,341,6.41
155,54,341,6.19
1540,1440,341,38.74
6185,6086,341,6.42
8767,8868,341,3.17
3834,3734,342,75.83
2135,2035,342,37.15
3886,3786,342,21.28
745,645,342,26.69
2336,2335,342,11.79
4332,4232,342,81.46
3835,3734,342,15.34
7179,7080,342,7.9
4287,4187,342,81.43
2480,2381,342,6.43
1641,1541,342,18.15
676,577,342,6.42
6880,6881,342,2.24
3185,3085,343,52.78
543,443,343,34.06
1638,1538,343,47.23
1980,1880,343,45.21
4730,4630,343,25.38
744,644,343,29.82
542,442,343,52.86
4731,4630,343,20.46
1639,1539,343,38.74
4631,4531,343,38.74
5031,5030,343,12.75
4033,3933,343,43.72
8948,9049,343,7.79
8948,9047,343,7.79
2337,2436,343,7.79
8747,8646,343,6.12
1379,1279,343,69.46
1640,1539,343,18.87
4232,4132,344,78.59
2383,2283,344,34.6
1440,1340,344,38.74
3084,2984,344,22.08
2482,2382,344,28.66
4187,4087,344,78.24
5832,5931,344,7.79
4488,4388,344,27.6
977,878,344,6.36
8773,8874,344,5.88
7340,7339,344,3.91
176,76,344,23.78
3435,3335,344,25.72
1737,1637,344,49.06
7376,7477,344,2.51
1279,1179,345,57.06
1880,1780,345,75.19
2035,1935,345,42.02
163,63,345,26.59
4531,4431,345,56.88
2036,1936,345,19.33
3934,3833,345,20.04
5530,5430,345,10.85
2936,2836,345,18.34
3734,3634,345,48.3
7541,7540,345,3.91
1141,1040,345,20.04
2381,2281,345,43.5
8770,8869,345,3.17
145,44,345,13.42
3335,3235,346,78.59
4132,4032,346,61.16
2984,2884,346,54.88
1538,1438,346,49.06
1539,1439,346,38.74
3136,3035,346,19.33
5131,5130,346,12.28
8956,9056,346,4.83
443,343,346,35.59
842,741,346,14.05
1540,1441,346,19.33
1540,1439,346,19.33
3833,3733,346,104.85
1780,1680,347,69.46
1340,1240,347,35.59
1637,1537,347,43.72
4431,4331,347,78.59
543,444,347,20.29
4830,4729,347,20.25
4730,4629,347,19.97
4730,4729,347,13.19
2135,2034,347,19.72
442,342,347,25.38
4630,4530,347,29.62
2836,2736,347,50.15
8952,9052,347,3.62
8953,9053,347,3.62
6936,7035,347,3.78
3634,3534,347,52.07
8955,9055,347,3.62
3733,3633,348,56.15
3235,3135,348,56.88
2884,2784,348,78.24
5430,5330,348,40.36
1040,940,348,34.06
3085,2985,348,22.91
4930,4829,348,20.43
2235,2134,348,19.33
4830,4829,348,12.75
2283,2183,348,27.6
5731,5730,348,4.91
4033,3932,348,17.81
4087,3987,348,26.59
877,778,348,6.43
8146,8145,348,4.07
7139,7138,348,3.83
1141,1140,348,9.76
8957,9057,348,3.1
2382,2282,348,32.08
343,243,348,90.72
243,143,349,112.78
1438,1338,349,47.23
1179,1079,349,32.08
2281,2181,349,28.66
644,544,349,19.8
2335,2234,349,20.46
577,477,349,15.83
1440,1341,349,19.33
1440,1339,349,19.33
1439,1339,349,40.36
4331,4231,349,90.72
8947,8946,349,6.33
1837,1736,349,14.69
646,545,349,9.11
576,477,349,6.39
8246,8245,349,4.07
2736,2636,349,74.15
8747,8746,349,3.37
444,344,349,75.83
7377,7378,349,2.76
342,242,349,56.88
2784,2684,350,72.27
4530,4430,350,45.45
2034,1934,350,38.74
1537,1437,350,42.02
1935,1835,350,22.65
1936,1836,350,22.65
2035,1934,350,18.37
4930,4929,350,12.28
1679,1580,350,6.42
1142,1241,350,6.04
5986,5887,350,5.82
4630,4529,350,20.53
1737,1636,350,15.98
8866,8967,350,3.17
3932,3832,350,56.88
344,244,350,140.75
143,43,351,56.88
2636,2536,351,53.38
5330,5230,351,42.02
3534,3434,351,30.89
3786,3686,351,11.29
542,441,351,14.69
8947,8846,351,8.13
2336,2435,351,8.27
442,341,351,19.97
442,441,351,13.19
6433,6332,351,5.77
8960,9059,351,5.88
376,277,351,6.4
242,142,351,87.52
4231,4131,351,81.46
3987,3887,351,34.6
741,641,351,22.17
2684,2584,352,59.34
4430,4330,352,73.17
2181,2081,352,35.94
1338,1238,352,43.72
3633,3533,352,30.89
940,840,352,32.55
3035,2935,352,19.95
1040,939,352,20.29
1340,1239,352,20.04
1637,1536,352,17.81
1339,1239,352,40.36
2335,2334,352,10.78
1835,1735,352,52.86
3832,3732,352,65.36
6333,6232,352,6.09
4388,4288,352,14.16
6935,6934,352,3.52
7239,7238,352,4.07
8951,9051,352,3.1
7945,8044,352,3.02
1437,1337,353,42.02
1934,1834,353,43.72
1079,979,353,26.59
5430,5329,353,18.87
5931,5830,353,16.61
4529,4429,353,38.74
2183,2083,353,23.78
6782,6683,353,11.07
8346,8345,353,3.99
246,345,353,5.29
8958,9058,353,3.62
476,377,353,6.41
2282,2182,353,20.51
142,42,353,54.84
4131,4031,353,63.4
641,541,353,70.6
2081,1981,354,50.77
3533,3433,354,90.72
1735,1635,354,52.86
3732,3632,354,67.9
341,241,354,35.59
244,144,354,32.08
778,678,354,17.05
4729,4628,354,20.25
1240,1139,354,20.54
4330,4230,354,87.52
545,445,354,23.01
777,678,354,6.4
4629,4528,354,20.43
4032,3931,354,17.81
9064,9164,354,2.4
9063,9164,354,2.89
3887,3787,354,38.78
6683,6583,355,52.78
2584,2484,355,43.5
6232,6132,355,37.39
1238,1138,355,38.74
1536,1436,355,43.72
3434,3334,355,30.94
1140,1039,355,20.46
4288,4188,355,48.84
4829,4728,355,20.25
2034,1933,355,19.33
4729,4728,355,12.75
1537,1436,355,18.37
940,839,355,20.46
1040,1039,355,10.27
4429,4329,355,63.4
939,839,355,35.59
7944,7943,355,3.91
2936,2835,355,9.08
7844,7943,355,3.02
276,177,355,6.4
7743,7842,355,2.78
8873,8973,355,5.63
3787,3687,355,151.67
1635,1535,356,54.84
3433,3333,356,78.59
3931,3831,356,75.83
1981,1881,356,64.19
241,141,356,61.16
840,740,356,32.55
3686,3586,356,23.78
2234,2133,356,20.29
2134,2033,356,20.04
5330,5229,356,18.37
2985,2885,356,13.64
4829,4828,356,12.75
2083,1983,356,45.21
1579,1480,356,6.42
5587,5488,356,6.23
1834,1734,356,43.72
7279,7180,356,9.11
841,740,356,9.11
4230,4130,356,81.46
9061,9160,356,3.53
6185,6186,356,2.68
6834,6733,356,6.17
3687,3587,357,58.99
1338,1237,357,17.81
5730,5629,357,16.61
3135,3034,357,15.98
4188,4088,357,81.43
3235,3134,357,13.42
6033,6032,357,5.71
4329,4229,357,78.59
4888,4789,357,5.82
5487,5388,357,6.25
7642,7741,357,2.78
4528,4428,357,38.74
3831,3731,358,88.96
4130,4030,358,65.72
3586,3486,358,84.73
2885,2785,358,52.78
1881,1781,358,84.73
1535,1435,358,50.93
839,739,358,37.15
1436,1336,358,43.72
979,879,358,22.91
1437,1336,358,18.37
1934,1833,358,17.81
2835,2735,358,37.22
2484,2384,358,41.87
5430,5429,358,8.26
4930,5029,358,8.78
5287,5188,358,7.21
1983,1883,358,64.19
5530,5429,358,6.28
177,77,358,34.6
1933,1833,358,38.74
2182,2082,358,22.08
740,640,359,35.59
1734,1634,359,38.74
3632,3532,359,23.78
5230,5129,359,19.33
341,240,359,20.04
441,340,359,18.87
2234,2233,359,10.27
4789,4689,359,75.19
9047,9046,359,6.33
5188,5088,359,197.82
141,41,359,45.45
5387,5288,359,6.35
4229,4129,359,78.59
4929,4928,359,11.79
8774,8675,359,5.96
4428,4328,359,56.88
1781,1681,360,69.46
3731,3631,360,65.36
2785,2685,360,75.19
3486,3386,360,84.73
1237,1137,360,34.06
3034,2934,360,42.02
3333,3233,360,25.72
678,578,360,19.76
1238,1137,360,19.33
2735,2635,360,74.15
5931,5930,360,6.48
1480,1380,360,33.31
939,838,360,20.04
677,578,360,6.41
8546,8445,360,6
8446,8445,360,3.75
1883,1783,360,64.19
2082,1982,360,59.34
8874,8875,360,6.45
8274,8175,360,3.1
4030,3930,361,43.72
1435,1335,361,45.45
1336,1236,361,37.15
1833,1733,361,37.15
4088,3988,361,25.62
4689,4589,361,75.19
3587,3487,361,25.62
3335,3234,361,8.68
4988,4889,361,6.37
2384,2284,361,38.78
5630,5529,361,6.35
1834,1733,361,17.81
4628,4527,361,20.54
4328,4228,361,70.6
4129,4029,361,56.88
3386,3286,362,84.73
640,540,362,47.23
1634,1534,362,38.74
739,639,362,31.08
240,140,362,43.72
1138,1038,362,15.68
1380,1280,362,69.46
5830,5729,362,16.61
2685,2585,362,72.27
2335,2434,362,7.32
2635,2535,362,61.82
3385,3286,362,5.73
4728,4627,362,20.53
1982,1882,362,72.27
8951,9050,362,3.33
8873,8974,362,5.88
8873,8972,362,5.88
4528,4427,362,19.33
4589,4489,363,84.73
1137,1037,363,40.36
3532,3432,363,25.72
879,779,363,24.68
839,738,363,19.72
3487,3387,363,50.77
2334,2333,363,9.76
4228,4128,363,73.17
939,938,363,9.76
1933,1832,363,19.33
8966,9066,363,3.1
4588,4489,363,5.73
4488,4389,363,6.37
4828,4727,363,20.54
838,738,363,43.72
8874,8775,363,7.83
3286,3186,364,84.73
540,440,364,61.16
2585,2485,364,50.77
3930,3830,364,41.6
1236,1136,364,37.15
1733,1633,364,34.06
1335,1235,364,42.02
4427,4327,364,56.88
1280,1180,364,84.73
1237,1136,364,20.29
2033,1932,364,20.04
2133,2032,364,20.04
1734,1633,364,19.33
441,440,364,8.26
9047,9147,364,4.83
5787,5688,364,6.41
3285,3186,364,5.77
2284,2184,364,37.33
1882,1782,364,84.73
6086,5987,364,6.41
8871,8971,364,2.63
4029,3929,364,49.06
6834,6833,364,3.3
3929,3829,365,121.37
3432,3332,365,61.16
1534,1434,365,37.15
3988,3888,365,33.31
140,40,365,35.59
578,478,365,22.08
3233,3133,365,24.79
739,638,365,20.54
3034,2933,365,18.37
577,478,365,6.42
3185,3086,365,6.09
5687,5588,365,6.14
8546,8545,365,3.52
141,40,365,17.23
8675,8575,365,17.03
9162,9262,365,2.76
1783,1683,365,24.68
4828,4827,365,11.29
7340,7439,365,3.02
3830,3730,366,92.5
1832,1732,366,42.02
1180,1080,366,64.19
639,539,366,29.62
4327,4227,366,73.17
3631,3531,366,17.69
1681,1581,366,17.69
2233,2132,366,20.43
1833,1732,366,19.72
340,339,366,14.7
4128,4028,366,43.72
8967,8968,366,6.33
3085,2986,366,6.41
9054,9154,366,3.62
3387,3287,366,38.78
8175,8075,366,18.73
7541,7640,366,3.02
9064,9165,366,2.67
3332,3232,367,56.88
3829,3729,367,76.2
1235,1135,367,38.74
2485,2385,367,46.99
1136,1036,367,42.02
1634,1533,367,19.33
1435,1334,367,17.23
240,139,367,17.81
3134,3033,367,14.69
340,239,367,17.89
3687,3588,367,12.8
2184,2084,367,37.33
9161,9261,367,3.1
1683,1583,367,52.78
4388,4289,367,6.4
1782,1682,367,40.29
3531,3431,368,52.86
4227,4127,368,63.4
779,679,368,23.78
1733,1632,368,20.29
2233,2232,368,12.28
2935,2834,368,9.03
638,538,368,38.74
7080,6981,368,5.6
6782,6783,368,3.68
4929,5028,368,8.27
5029,5028,368,10.78
8374,8275,368,3.76
3287,3187,368,52.78
838,737,368,17.81
3232,3132,369,54.84
1080,980,369,34.6
539,439,369,43.72
3888,3788,369,26.59
1037,937,369,17.65
4627,4526,369,20.46
1335,1234,369,18.37
4527,4426,369,18.87
5830,5829,369,6.48
2986,2886,369,41.87
1583,1483,369,84.73
4928,4927,369,10.27
6384,6385,369,2.09
3431,3331,370,50.93
2385,2285,370,41.87
3729,3629,370,34.57
1135,1035,370,40.36
3730,3630,370,29.75
478,378,370,20.51
1534,1433,370,19.72
140,39,370,20.04
2084,1984,370,46.99
4727,4626,370,20.54
3187,3087,370,84.73
8474,8375,370,4.18
8874,8975,370,5.49
7239,7338,370,3.33
4029,3928,370,15.98
3588,3488,370,49.06
1632,1532,371,45.45
737,637,371,42.02
1633,1532,371,20.53
1832,1731,371,18.37
4426,4326,371,56.88
9066,9067,371,13.62
4128,4027,371,17.81
8967,9067,371,4.83
538,438,371,34.06
1483,1383,371,81.43
9055,9155,371,4.28
9047,9148,371,5.19
9047,9146,371,5.19
738,637,371,19.33
2032,1931,371,20.46
938,837,371,17.81
7774,7675,371,2.86
1731,1631,372,101.11
3331,3231,372,50.93
1234,1134,372,38.74
4289,4189,372,22.08
4827,4726,372,20.46
1235,1134,372,19.33
1932,1831,372,19.33
8075,7975,372,19.95
4727,4726,372,11.29
8575,8475,372,14.85
3928,3828,372,55.36
7475,7576,372,3.51
3087,2987,372,84.73
8574,8475,372,3.41
4027,3927,373,70.6
1035,935,373,42.02
2285,2185,373,41.87
3630,3530,373,43.72
3629,3529,373,47.23
1036,936,373,16.97
4326,4226,373,75.83
1581,1481,373,15.26
1434,1333,373,19.72
8971,8970,373,11.29
1383,1283,373,84.73
1984,1884,373,48.84
1580,1481,373,6.17
5887,5788,373,6.28
8145,8144,373,4.14
638,537,373,19.33
5931,6031,373,3.48
4988,4989,373,2.9
5729,5628,373,13.42
3788,3688,373,28.66
1682,1582,373,17.69
7038,7137,373,2.4
8646,8645,373,3.44
3927,3827,374,135.61
2987,2887,374,75.19
3231,3131,374,52.86
980,880,374,20.51
679,579,374,17.69
2834,2734,374,18.35
139,38,374,20.54
339,238,374,18.87
2132,2031,374,20.04
8972,9072,374,8.37
9066,9166,374,9.51
438,338,374,34.06
4189,4089,374,57.06
2334,2433,374,6.45
2835,2734,374,7.54
8245,8244,374,4.07
277,178,374,6.42
2032,2031,374,10.78
3828,3728,374,74.15
3488,3388,374,28.66
3827,3727,375,183.24
3529,3429,375,50.93
1582,1482,375,64.19
1631,1531,375,37.33
1134,1034,375,40.36
3132,3032,375,19.06
2232,2131,375,20.54
239,138,375,19.97
1533,1432,375,19.15
1135,1034,375,18.87
1334,1233,375,18.87
4827,4826,375,10.78
2333,2332,375,8.75
1283,1183,375,66.77
4127,4026,375,20.46
6332,6231,375,6.03
538,437,375,20.29
7035,7034,375,3.59
8946,8845,375,5.53
8946,8945,375,3.91
9162,9263,375,3.02
7279,7280,375,2.92
2734,2634,376,60.57
2185,2085,376,41.87
3530,3430,376,43.72
4226,4126,376,49.06
737,636,376,18.37
4026,3926,376,104.85
3531,3430,376,14.69
178,78,376,84.73
935,835,376,42.02
936,836,376,42.02
377,278,376,6.4
9054,9153,376,3.78
5329,5228,376,6.37
7944,8043,376,3.02
3588,3489,376,15.98
3926,3826,377,163.53
6231,6131,377,61.82
3429,3329,377,58.99
1234,1133,377,19.33
2232,2231,377,11.29
1183,1083,377,59.34
2934,2833,377,8.41
4526,4425,377,17.81
9066,9167,377,10.43
2886,2786,377,13.64
6683,6584,377,6.09
9161,9260,377,3.33
1482,1382,377,64.19
9056,9156,377,3.32
8846,8745,377,5.65
8746,8745,377,3.67
7278,7379,377,2.21
6584,6484,378,169.83
3489,3389,378,66.77
1034,934,378,45.45
1531,1431,378,48.84
437,337,378,37.15
2887,2787,378,32.08
3388,3288,378,32.08
1035,934,378,18.37
3431,3330,378,15.34
8972,9073,378,9.3
8972,9071,378,9.3
7180,7081,378,6.61
4626,4525,378,19.33
438,337,378,20.29
2634,2534,378,69.12
7238,7237,378,3.99
8967,9068,378,5.19
9060,9159,378,3.78
3728,3628,378,25.62
5029,5128,378,7.32
3329,3229,379,63.4
4425,4325,379,56.88
835,735,379,35.59
3727,3627,379,26.59
4089,3989,379,21.28
637,536,379,18.37
837,736,379,17.81
3629,3528,379,16.61
1884,1784,379,19.76
6186,6087,379,6.26
5488,5389,379,6.28
9057,9157,379,3.32
1481,1381,379,17.69
1480,1381,379,6.32
1083,983,379,84.73
1431,1331,380,50.77
3389,3289,380,54.88
3330,3230,380,54.84
3826,3726,380,43.5
1133,1033,380,37.15
2085,1985,380,32.08
3131,3031,380,19.06
5628,5528,380,16.43
1134,1033,380,18.87
1931,1830,380,17.23
3331,3230,380,15.34
2786,2686,380,34.6
5388,5289,380,6.36
7943,7942,380,4.14
8345,8344,380,3.83
5931,6030,380,4.03
1382,1282,380,40.29
4928,5027,380,6.88
6781,6882,380,2.08
3229,3129,381,61.16
4325,4225,381,65.72
2031,1930,381,20.54
1333,1232,381,19.33
537,436,381,17.81
238,137,381,20.29
935,834,381,18.37
879,780,381,6.39
934,834,381,43.72
983,883,381,84.73
7477,7478,381,2.76
5528,5428,382,52.86
2686,2586,382,69.46
3230,3130,382,58.99
1830,1730,382,90.72
3989,3889,382,38.78
3288,3188,382,28.66
337,237,382,29.62
2833,2733,382,22.17
3032,2932,382,14.45
579,479,382,13.64
8970,8969,382,11.29
3231,3130,382,14.69
4226,4125,382,15.98
8974,9074,382,5.17
4626,4625,382,8.75
5289,5189,382,54.88
4789,4690,382,5.77
6433,6432,382,1.79
1730,1630,383,116.99
3129,3029,383,52.86
1331,1231,383,37.33
735,635,383,32.55
1233,1132,383,20.04
437,336,383,19.72
2031,2030,383,11.29
38,37,383,12.28
3529,3428,383,15.34
3528,3428,383,30.45
1033,933,383,47.23
138,37,383,19.97
8971,9070,383,7.79
1784,1684,383,33.31
7036,7136,383,2.31
1783,1684,383,6.39
2131,2030,383,20.04
883,783,383,84.73
5189,5089,384,69.46
3130,3030,384,50.93
3188,3088,384,61.72
2733,2633,384,50.15
2586,2486,384,72.27
3726,3626,384,30.45
3289,3189,384,26.59
4690,4590,384,75.19
835,734,384,20.04
1432,1332,384,12.18
4689,4590,384,5.77
7975,7875,384,8.54
4889,4790,384,6.42
5729,5728,384,4.72
7742,7841,384,2.67
7476,7577,384,2.87
3588,3589,384,6.08
337,236,385,20.53
1133,1032,385,19.72
4126,4025,385,15.98
4827,4926,385,7.32
1684,1584,385,84.73
9046,9045,385,3.91
4125,4025,385,40.09
1380,1281,385,5.86
7540,7539,385,2.53
2231,2130,385,19.72
783,683,385,64.19
3088,2988,386,81.43
4590,4490,386,84.73
2486,2386,386,66.77
1630,1530,386,37.33
3029,2929,386,47.23
3889,3789,386,28.66
735,634,386,20.46
536,435,386,20.29
2633,2533,386,69.12
9166,9266,386,8.92
4389,4290,386,6.42
4025,3925,386,125.93
779,680,386,6.4
9058,9158,386,3.1
3627,3527,386,15.26
9052,9152,386,2.63
934,833,386,17.81
8975,8976,386,6.33
2332,2331,386,9.25
1282,1182,386,19.76
3030,2930,387,40.36
1231,1131,387,26.59
5428,5328,387,21.25
3031,2931,387,14.45
4525,4424,387,16.61
3429,3328,387,12.8
3428,3328,387,28.47
1584,1484,387,84.73
5688,5589,387,6.28
5930,5929,387,3.79
9049,9149,387,2.31
2386,2286,388,59.34
4490,4390,388,84.73
2988,2888,388,59.34
1530,1430,388,61.72
683,583,388,45.21
3189,3089,388,29.75
137,36,388,20.29
1985,1885,388,14.16
2787,2687,388,10.85
4425,4324,388,13.42
3925,3825,388,57.43
478,379,388,6.42
1032,932,388,49.06
4489,4390,388,5.73
1180,1081,388,5.94
8974,9075,388,5.49
1280,1181,388,5.62
5987,5888,388,6.03
8975,8876,388,8.13
6633,6532,388,2.65
2231,2230,388,9.25
5589,5489,389,57.06
2929,2829,389,45.45
236,136,389,31.08
436,335,389,19.33
536,535,389,10.27
9166,9267,389,9.85
9166,9265,389,9.85
1080,981,389,6.31
5588,5489,389,6.12
8545,8444,389,6.12
2333,2432,389,5.66
1484,1384,389,78.24
8445,8444,389,3.52
6285,6286,389,1.96
2286,2186,390,54.88
3089,2989,390,54.88
2888,2788,390,59.34
1430,1330,390,84.73
3626,3526,390,17.03
1930,1829,390,15.98
4225,4124,390,16.61
5528,5427,390,14.69
3329,3228,390,11.63
9072,9172,390,6.46
6783,6684,390,6.61
4289,4190,390,6.41
3789,3689,390,26.59
2030,1929,390,20.43
1182,1082,390,27.6
2829,2729,391,50.93
2687,2587,391,37.33
932,832,391,45.45
583,483,391,46.99
1132,1031,391,18.87
336,235,391,19.33
4625,4524,391,16.61
3129,3028,391,14.69
3229,3128,391,12.2
1384,1284,391,84.73
679,580,391,6.43
8875,8776,391,4.68
7035,7135,391,2.31
1829,1729,392,81.46
2989,2889,392,54.88
5427,5327,392,54.84
1082,982,392,69.46
1330,1230,392,74.15
4124,4024,392,87.52
379,279,392,32.08
4324,4224,392,27.54
833,733,392,19.33
236,135,392,20.54
9070,9069,392,11.29
3029,2928,392,16.61
4325,4224,392,11.07
9073,9173,392,7.36
8970,9069,392,7.79
980,881,392,6.42
2130,2029,392,20.25
2030,2029,392,12.28
1729,1629,393,112.78
2729,2629,393,75.83
483,383,393,66.77
2587,2487,393,84.73
4190,4090,393,48.84
2186,2086,393,37.33
1284,1184,393,84.73
2788,2688,393,40.29
3825,3725,393,24.68
1031,931,393,70.6
7640,7639,393,3.75
2933,2832,393,5.23
7339,7438,393,2.89
2130,2129,393,12.75
2629,2529,394,140.75
1629,1529,394,116.99
279,179,394,84.73
2889,2789,394,84.73
4024,3924,394,81.46
982,882,394,84.73
1230,1130,394,84.73
634,534,394,13.28
1885,1785,394,17.05
9074,9174,394,8.92
9071,9171,394,6.46
2833,2732,394,8.82
9072,9171,394,7.32
832,732,394,38.74
7875,7775,394,10.33
9160,9259,394,3.78
6733,6632,394,3.79
3527,3427,394,14.16
9164,9264,394,2.51
383,283,395,52.78
5327,5227,395,45.45
881,781,395,48.84
2928,2828,395,45.45
2487,2387,395,72.27
733,633,395,38.74
2929,2830,395,17.23
2929,2828,395,17.23
8545,8544,395,3.37
135,35,395,34.06
2789,2689,396,81.43
179,79,396,84.73
1785,1685,396,78.24
9266,9366,396,10.16
1184,1084,396,40.29
1130,1030,396,84.73
580,480,396,24.68
3526,3426,396,17.58
7280,7181,396,6.9
5628,5527,396,6.42
5788,5689,396,6.41
931,831,396,47.23
4626,4725,396,5.66
882,782,396,84.73
9052,9151,396,2.89
8475,8376,396,5.96
4989,4890,396,6.19
8575,8476,396,4.68
6834,6933,396,2.26
781,681,397,84.73
2828,2728,397,50.93
2529,2429,397,49.64
2732,2632,397,38.63
4090,3990,397,26.59
9267,9168,397,19.61
9267,9268,397,13.62
335,234,397,20.04
9074,9175,397,9.85
4089,3990,397,6.41
9146,9145,397,3.91
1030,930,397,183.24
9147,9247,397,3.1
5829,5828,397,3.6
7238,7337,397,3.17
5227,5127,398,40.36
3924,3824,398,30.45
534,434,398,31.08
1529,1429,398,27.6
2688,2588,398,24.68
2387,2287,398,34.6
1685,1585,398,84.73
9070,9170,398,6.9
4625,4624,398,6.48
9071,9170,398,7.32
633,533,398,38.74
9261,9361,398,3.32
2331,2330,398,8.75
782,682,398,84.73
1084,984,398,84.73
8975,9076,398,5.19
8776,8676,398,15.4
2632,2532,399,64.15
283,183,399,25.62
681,581,399,84.73
3028,2927,399,17.81
3128,3027,399,18.37
2829,2730,399,15.34
3228,3127,399,16.61
4424,4323,399,12.2
2931,2831,399,8.49
9266,9367,399,11.05
9266,9365,399,11.05
2085,1986,399,6.33
8845,8844,399,4.23
8144,8143,399,3.99
832,731,399,19.33
2029,1928,399,20.46
235,134,399,18.37
1929,1828,399,15.98
9049,9150,399,2.58
2332,2431,399,6.04
135,34,399,20.29
2728,2628,400,36.11
3990,3890,400,35.94
2429,2329,400,38.71
733,632,400,19.33
984,884,400,84.73
335,334,400,9.76
1585,1485,400,81.43
3489,3390,400,5.9
8244,8243,400,3.91
9262,9362,400,2.92
732,632,400,19.33
6833,6732,400,3.99
682,582,400,84.73
2628,2528,401,125.93
4323,4223,401,58.99
183,83,401,84.73
1828,1728,401,56.88
534,433,401,20.54
5327,5226,401,17.23
2928,2827,401,17.23
5427,5326,401,14.05
581,481,401,84.73
2129,2028,401,20.04
480,380,401,22.91
533,433,401,38.74
2230,2229,401,8.26
2130,2229,401,9.3
930,830,401,32.08
8375,8276,401,4.68
8945,8944,401,3.99
582,482,402,66.77
2588,2488,402,25.62
3427,3327,402,13.14
4524,4423,402,14.05
1485,1385,402,59.34
884,784,402,64.19
9070,9169,402,7.79
3725,3625,402,11.73
6087,5988,402,6.4
3389,3290,402,6.06
8745,8744,402,4.07
8043,8042,402,3.99
3426,3326,402,18.15
1728,1628,403,75.83
632,532,403,43.72
1986,1886,403,25.62
2730,2630,403,32.58
2689,2589,403,15.26
5227,5126,403,18.87
9267,9368,403,10.43
380,280,403,57.06
3289,3190,403,6.38
1985,1886,403,6.4
633,532,403,19.33
481,381,403,66.77
5389,5290,403,5.97
4826,4825,403,3.59
7035,7134,403,2.58
1628,1528,404,140.75
2630,2530,404,135.61
482,382,404,57.06
4223,4123,404,49.06
2528,2428,404,47.89
1429,1329,404,18.35
1385,1285,404,84.73
4224,4123,404,12.2
2827,2727,404,43.72
2129,2128,404,9.76
3890,3790,404,25.62
7237,7236,404,3.91
784,684,404,59.34
5289,5190,404,6.06
6332,6331,404,1.91
7034,7033,404,3.52
433,333,404,42.02
1528,1428,405,213.34
1886,1786,405,66.77
731,631,405,17.58
3824,3724,405,14.7
234,133,405,17.81
9268,9269,405,13.62
2287,2187,405,16.43
7942,7941,405,4.07
8745,8644,405,5.23
280,180,405,84.73
7741,7740,405,2.09
9175,9176,405,12.75
6186,6187,405,2.07
8675,8576,405,3.1
6782,6883,405,2.21
2428,2328,406,64.15
4123,4023,406,56.88
5190,5090,406,50.77
2530,2430,406,57.43
1285,1185,406,84.73
9366,9466,406,10.88
2727,2627,406,78.59
3228,3227,406,6.48
533,432,406,19.33
7081,6982,406,5.17
1428,1328,406,213.34
9155,9255,406,2.92
9154,9254,406,2.51
830,730,406,22.91
133,33,407,56.88
1786,1686,407,84.73
3190,3090,407,30.89
8276,8176,407,17.58
3027,2926,407,20.04
3127,3026,407,19.33
2927,2826,407,19.72
2328,2228,407,157.48
2627,2527,407,104.85
3589,3490,407,6.41
3189,3090,407,6.35
4690,4591,407,5.77
684,584,407,45.21
4790,4691,407,6.25
9147,9248,407,3.33
9147,9246,407,3.33
5728,5627,407,6.43
180,80,407,84.73
381,281,407,25.62
1328,1228,407,135.61
5090,4990,408,84.73
631,531,408,35.59
2488,2388,408,19.04
632,531,408,17.81
2831,2731,408,11.73
2527,2427,408,108.74
2028,1927,408,20.29
8344,8343,408,3.59
9260,9360,408,3.32
1928,1827,408,15.98
9261,9360,408,3.53
3326,3226,408,19.33
3790,3690,408,27.6
334,233,408,20.04
281,181,409,84.73
584,484,409,50.77
3090,2990,409,61.72
382,282,409,21.28
2589,2489,409,19.76
2427,2327,409,112.78
4591,4491,409,84.73
9367,9467,409,10.16
9366,9467,409,11.72
9366,9465,409,11.72
5527,5426,409,11.07
9172,9272,409,5.28
2827,2726,409,17.81
5828,5727,409,12.8
4290,4191,409,6.42
1686,1586,409,81.43
1329,1229,409,22.91
9175,9275,409,8.37
433,332,409,18.37
2327,2227,410,125.93
5126,5026,410,15.95
5326,5225,410,15.98
4223,4122,410,15.98
1828,1727,410,13.42
4024,3923,410,8.28
7841,7840,410,3.91
1185,1085,410,33.31
5788,5789,410,2.72
9262,9363,410,3.17
9045,9044,410,4.07
484,384,411,81.43
1586,1486,411,57.06
2990,2890,411,84.73
2489,2389,411,84.73
181,81,411,84.73
2388,2288,411,43.5
4491,4391,411,84.73
9368,9369,411,13.19
3127,3126,411,8.75
4323,4222,411,12.8
9268,9369,411,10.43
2726,2626,411,58.99
9174,9274,411,6.05
2028,2027,411,10.27
9173,9273,411,5.28
4524,4523,411,5.03
4390,4291,411,6.35
5589,5490,411,6.03
4926,4925,411,3.99
2227,2127,411,190.38
3724,3624,411,18.73
7975,7876,411,3.7
282,182,412,35.94
2731,2631,412,32.11
730,630,412,18.35
9367,9468,412,11.05
8476,8477,412,6.33
9171,9271,412,5.66
5489,5390,412,6.21
1229,1129,412,46.99
9157,9257,412,3.1
3690,3590,412,33.31
2631,2531,413,135.61
2890,2790,413,84.73
2288,2188,413,84.73
2389,2289,413,84.73
384,284,413,84.73
5225,5125,413,45.45
1727,1627,413,47.23
1486,1386,413,52.78
4191,4091,413,27.6
8176,8076,413,19.95
1228,1128,413,17.69
9269,9270,413,13.19
631,530,413,20.04
9170,9270,413,6.9
2187,2087,413,13.64
2186,2087,413,6.28
4122,4022,413,42.02
2626,2526,413,75.83
9175,9276,413,9.3
1085,985,413,40.29
182,82,414,84.73
1129,1029,414,74.15
332,232,414,24.16
531,431,414,17.03
8476,8377,414,8.13
6684,6585,414,6
7379,7380,414,2.76
6585,6485,415,157.48
2289,2189,415,84.73
1627,1527,415,81.46
2188,2088,415,84.73
284,184,415,52.78
2826,2725,415,18.87
2926,2825,415,19.33
2526,2426,415,73.17
3923,3823,415,21.25
5929,5928,415,3.69
985,885,415,84.73
1029,929,416,74.15
2087,1987,416,48.84
2790,2690,416,37.33
133,32,416,13.42
4423,4322,416,10.54
4091,3991,416,37.33
1386,1286,416,46.99
1927,1826,416,19.33
4090,3991,416,6.38
2086,1987,416,6.39
1527,1427,416,140.75
1827,1726,416,19.72
9155,9256,416,3.17
2189,2089,417,84.73
2088,1988,417,84.73
2426,2326,417,63.4
885,785,417,75.19
3625,3525,417,7.04
7539,7538,417,3.16
8976,8877,417,4.68
6833,6832,417,1.91
1427,1327,417,197.82
1327,1227,418,213.34
1987,1887,418,84.73
184,84,418,35.94
929,829,418,72.27
6883,6784,418,11.07
9368,9469,418,9.85
5326,5325,418,6.08
4122,4021,418,18.37
4625,4724,418,4.03
1286,1186,418,84.73
9260,9359,418,3.53
9146,9245,418,3.02
3624,3524,418,15.95
6783,6784,418,2.04
8076,7976,418,21.94
7640,7739,418,2.78
9154,9253,418,2.78
2725,2625,418,49.06
3823,3723,418,45.45
1227,1127,419,213.34
2089,1989,419,84.73
1988,1888,419,84.73
2326,2226,419,75.83
5125,5025,419,18.73
4222,4121,419,18.37
9369,9370,419,12.75
5225,5124,419,17.23
1727,1626,419,16.61
9467,9567,419,10.88
785,685,419,78.24
2926,2925,419,8.75
2689,2590,419,6.42
8444,8443,419,3.37
9159,9258,419,3.53
4022,3922,419,19.95
5930,6029,419,2.4
1887,1787,420,69.46
8377,8277,420,18.15
431,331,420,19.95
530,430,420,15.26
2625,2525,420,52.86
829,729,420,75.19
3990,3891,420,6.29
1927,1926,420,8.75
5689,5590,420,6.09
2226,2126,420,151.67
5828,5827,420,4.43
3991,3891,420,30.89
7639,7638,420,3.75
1888,1788,421,57.06
5124,5024,421,50.93
1127,1027,421,64.15
1989,1889,421,78.24
2590,2490,421,75.19
4021,3921,421,38.74
3723,3623,421,43.72
7876,7776,421,10.72
1186,1086,421,46.99
8576,8577,421,6.33
4890,4791,421,5.85
7181,7082,421,5.83
9276,9177,421,19.97
9276,9277,421,13.19
8043,8142,421,3.17
6385,6386,421,1.96
9176,9177,421,6.57
2126,2026,422,61.82
232,132,422,14.16
9468,9568,422,10.16
9467,9568,422,11.72
9467,9566,422,11.72
685,585,422,43.5
729,629,422,75.19
1787,1687,422,84.73
2525,2425,422,54.84
8876,8777,422,4.18
7280,7281,422,2.14
9145,9144,422,4.07
9076,8977,422,5.96
2490,2390,423,84.73
1128,1028,423,10.85
1788,1688,423,72.27
3390,3291,423,6.17
1726,1625,423,20.54
3890,3791,423,6.39
7942,8041,423,3.33
6087,6088,423,2.32
9148,9249,423,2.78
1626,1526,423,29.62
2425,2325,424,54.84
3921,3821,424,40.36
1687,1587,424,66.77
4523,4422,424,11.63
4222,4221,424,7.79
1889,1789,424,46.99
629,529,424,72.27
8844,8843,424,4.15
4890,4891,424,3.67
5527,5526,424,3.68
3525,3425,424,14.85
7338,7437,424,2.67
2725,2624,424,15.98
3823,3722,424,17.23
2390,2290,425,84.73
331,231,425,21.94
430,330,425,22.08
3922,3822,425,19.95
3524,3424,425,16.49
8277,8177,425,21.25
9468,9569,425,11.05
5225,5224,425,6.9
585,485,425,38.78
3290,3191,425,6.34
8944,8943,425,4.28
5988,5889,425,6.21
1826,1725,425,16.61
7337,7336,425,3.67
1726,1725,425,11.29
9276,9376,425,8.92
7237,7336,425,3.02
1688,1588,425,84.73
9176,9077,425,7.44
8776,8677,425,4.18
9365,9364,425,3.99
1526,1426,425,56.88
5024,4924,426,20.59
4021,3920,426,19.33
3723,3622,426,17.81
9469,9470,426,12.75
1587,1487,426,57.06
1086,986,426,20.51
1426,1326,426,101.11
529,429,426,81.43
485,385,426,213.34
3190,3091,426,6.34
5290,5191,426,6.32
8744,8743,426,4.23
2325,2225,426,63.4
1789,1689,426,52.78
1625,1525,426,43.72
1626,1525,426,20.53
1588,1488,427,84.73
2290,2190,427,84.73
3821,3721,427,42.02
1027,927,427,17.05
3623,3523,427,18.73
3791,3691,427,27.6
2225,2125,427,112.78
1326,1226,427,140.75
3790,3691,427,6.37
4121,4020,427,17.81
3091,2991,428,59.34
1689,1589,428,84.73
1028,928,428,20.51
9370,9371,428,11.79
9275,9375,428,5.28
385,285,428,57.06
2625,2524,428,14.69
5190,5091,428,6.12
7033,6932,428,6
8243,8242,428,3.67
1226,1126,428,183.24
429,329,428,84.73
1487,1387,428,61.72
986,886,428,84.73
9276,9377,428,9.85
9276,9375,428,9.85
4825,4824,428,4.15
2125,2025,428,116.99
1488,1388,429,59.34
2190,2090,429,72.27
3622,3522,429,38.74
330,230,429,27.6
3921,3820,429,18.87
5124,5023,429,15.34
2025,1925,429,112.78
1126,1026,429,213.34
1589,1489,430,78.24
928,828,430,55.36
2991,2891,430,84.73
5091,4991,430,72.27
3721,3621,430,42.02
1525,1425,430,29.62
9566,9565,430,13.19
7776,7676,430,12.41
5827,5726,430,15.34
9567,9667,430,9.51
1925,1825,430,157.48
7941,7940,430,4.07
329,229,430,84.73
3425,3325,430,17.03
7135,7235,430,2.63
3691,3591,430,40.29
7134,7133,430,3.83
886,786,430,84.73
3424,3324,431,18.15
2090,1990,431,61.72
285,185,431,45.21
9272,9372,431,4.6
3490,3391,431,5.94
8644,8543,431,5.65
1026,926,431,74.15
2525,2424,431,14.05
1625,1524,431,17.81
7477,7578,431,1.64
2891,2791,432,50.77
786,686,432,84.73
229,129,432,84.73
1388,1288,432,45.21
1387,1287,432,29.75
828,728,432,74.15
3821,3720,432,18.37
9568,9668,432,10.16
5928,5927,432,6.08
4191,4092,432,6.37
5727,5626,432,6.42
8644,8643,432,3.83
8744,8643,432,4.79
4691,4592,432,5.73
2725,2724,432,6.08
1524,1424,433,65.72
3621,3521,433,38.74
1425,1325,433,43.72
230,130,433,25.62
3523,3423,433,18.15
1525,1424,433,20.53
2425,2324,433,14.05
9567,9666,433,10.43
5325,5324,433,6.9
9275,9374,433,6.04
2926,3025,433,5.66
6883,6884,433,3.68
1990,1890,433,75.19
7033,7032,433,3.52
4591,4492,433,5.62
9362,9462,433,3.1
4624,4623,433,2.9
5789,5690,433,6.42
4121,4120,433,7.33
1287,1187,434,81.43
1288,1188,434,84.73
129,29,434,84.73
1489,1389,434,33.31
231,131,434,11.73
5224,5123,434,15.98
728,628,434,74.15
9469,9570,434,9.3
185,85,434,40.29
4391,4292,434,6.25
3591,3491,434,28.66
1325,1225,435,78.59
1424,1324,435,54.84
1890,1790,435,59.34
686,586,435,38.78
3522,3422,435,17.03
5023,4923,435,19.95
3721,3620,435,18.37
9470,9471,435,12.28
9568,9669,435,11.05
9044,9043,435,4.15
5390,5291,435,6.17
4491,4392,435,5.62
8944,9043,435,4.28
4492,4392,435,84.73
8177,8077,435,10.33
9377,9378,435,14.37
1225,1125,436,108.74
1389,1289,436,84.73
628,528,436,74.15
4292,4192,436,72.27
2790,2691,436,6.28
9272,9373,436,5.29
926,826,436,22.91
7840,7839,436,3.99
6732,6631,436,3.93
4091,3992,436,6.28
3325,3225,436,18.15
5490,5391,436,5.86
9377,9278,436,18.58
9465,9464,436,3.83
7378,7479,436,1.64
1125,1025,437,163.53
1187,1087,437,43.5
2324,2224,437,27.54
927,827,437,10.44
9566,9665,437,9.85
4523,4522,437,3.92
3324,3224,437,19.95
8343,8342,437,3.52
2325,2224,437,11.63
8577,8578,437,6.33
9153,9252,437,2.33
1625,1624,437,7.33
1289,1189,438,84.73
2691,2591,438,78.24
1324,1224,438,40.36
1188,1088,438,30.89
130,30,438,24.68
528,428,438,74.15
3621,3520,438,19.33
5726,5625,438,17.81
1790,1690,438,46.99
5827,5826,438,5.71
9377,9477,438,10.88
1025,925,439,74.15
3992,3892,439,35.94
8077,7977,439,25.79
3423,3323,439,18.73
5326,5425,439,3.76
9259,9358,439,3.17
3991,3892,439,6.34
8577,8478,439,8.13
2224,2124,439,94.05
2124,2024,440,104.85
2591,2491,440,84.73
5625,5525,440,52.86
1224,1124,440,54.84
1690,1590,440,84.73
3521,3421,440,16.49
428,328,440,74.15
4422,4321,440,9.11
586,486,440,24.68
4222,4321,440,4.94
7135,7234,440,2.89
9145,9244,440,3.33
2024,1924,441,125.93
4923,4823,441,19.33
486,386,441,183.24
6784,6685,441,6.34
8877,8778,441,5.96
9149,9250,441,2.67
9277,9178,441,7.44
9377,9478,441,11.72
9377,9476,441,11.72
1924,1824,442,163.53
2491,2391,442,75.19
925,825,442,46.99
1088,988,442,25.62
3225,3125,442,19.33
3422,3322,442,15.95
6884,6785,442,16.61
5324,5223,442,16.61
5224,5223,442,6.08
328,228,442,74.15
3224,3124,442,20.59
1124,1024,443,41.53
1824,1724,443,190.38
3892,3792,443,33.31
1189,1089,443,24.68
9669,9670,443,13.62
1324,1223,443,18.87
386,286,443,50.77
9470,9571,443,8.78
4724,4723,443,4.14
7538,7537,443,3.99
3891,3792,443,6.41
9362,9463,443,3.33
9362,9461,443,3.33
6286,6287,443,1.88
8477,8378,443,4.68
1024,924,444,213.34
988,888,444,84.73
1590,1490,444,28.66
1087,987,444,16.43
2391,2291,444,84.73
6631,6531,444,12.87
3520,3420,444,17.58
9471,9472,444,11.29
131,31,444,10.85
1424,1323,444,14.05
5927,5926,444,8.75
1524,1423,444,11.07
5726,5725,444,7.33
4791,4692,444,6.42
1086,987,444,6.42
6029,6028,444,4.16
228,128,444,74.15
9247,9347,444,2.14
1089,989,445,57.06
3323,3223,445,19.33
826,726,445,11.29
9177,9078,445,5.96
8042,8141,445,3.33
7639,7738,445,2.78
5590,5491,445,5.73
924,824,446,75.19
1223,1123,446,42.02
3792,3692,446,34.6
987,887,446,84.73
9669,9769,446,9.51
827,727,446,11.73
2291,2191,446,81.43
6088,5989,446,6.39
7281,7182,446,6.07
3291,3192,446,6.28
888,788,446,84.73
3791,3692,446,6.37
8777,8678,446,5.96
8977,8878,446,5.96
989,889,447,78.24
3421,3321,447,15.4
286,186,447,30.89
4891,4792,447,6.42
7082,6983,447,5.6
9360,9460,447,2.63
6331,6230,447,3.37
1490,1390,448,25.62
128,28,448,30.89
3124,3024,448,19.33
825,725,448,17.05
9478,9479,448,14.7
7977,7877,448,11.54
5625,5524,448,14.69
4623,4622,448,6.9
2191,2091,448,64.19
3191,3092,448,6.28
7638,7637,448,3.67
9144,9143,448,3.91
7941,8040,448,3.33
8378,8278,448,24.96
6230,6130,448,112.78
5789,5790,448,2.64
887,787,448,84.73
788,688,448,69.46
889,789,449,52.78
1123,1023,449,45.45
824,724,449,43.03
3322,3222,449,14.85
9478,9379,449,17.89
3692,3592,449,48.84
9669,9770,449,10.43
9669,9768,449,10.43
6884,6885,449,6.48
5324,5323,449,6.48
5191,5092,449,6.23
9376,9475,449,6.04
787,687,450,84.73
1390,1290,450,84.73
6531,6431,450,17.8
9478,9578,450,11.74
186,86,450,45.21
3092,2992,450,52.78
3420,3320,450,17.58
3091,2992,450,6
8943,8942,450,4.15
8843,8842,450,3.99
6585,6486,450,3.98
2091,1991,450,64.19
9151,9251,450,1.87
4221,4220,450,3.92
4121,4220,450,4.62
688,588,451,48.84
5524,5424,451,42.02
1223,1122,451,18.37
5525,5424,451,13.42
8643,8542,451,7.66
727,627,451,23.39
2524,2423,451,6.35
8743,8742,451,4.15
8843,8742,451,5.39
789,689,451,66.77
5325,5424,451,4.31
3223,3123,451,19.33
7337,7436,451,2.67
1290,1190,452,84.73
1023,923,452,40.29
5092,4992,452,43.5
9670,9671,452,12.28
588,488,452,112.78
1991,1891,452,75.19
8278,8178,452,27.54
9077,8978,452,5.26
9254,9354,452,2.22
3592,3492,452,35.94
7134,7233,452,2.89
4992,4892,453,197.82
687,587,453,41.87
3024,2924,453,20.59
5725,5624,453,16.61
9478,9579,453,12.47
9478,9577,453,12.47
5927,6027,453,4.93
2992,2892,453,46.99
7336,7335,453,3.67
6832,6731,453,3.99
5928,6027,453,3.76
9246,9346,453,2.22
689,589,453,57.06
2725,2824,453,3.76
923,823,454,74.15
3492,3392,454,78.24
1122,1022,454,38.74
5926,5825,454,15.34
9471,9572,454,7.79
9378,9279,454,7.83
2424,2323,454,6.39
2891,2792,454,6.12
488,388,454,70.6
9248,9348,454,2.14
1891,1791,454,78.24
587,487,455,84.43
3321,3221,455,14.27
4792,4693,455,19.33
9278,9179,455,7.66
9472,9473,455,9.76
627,527,455,26.65
2791,2692,455,6.37
3391,3292,455,6.03
4092,3993,455,6.42
8743,8642,455,5.04
9359,9459,455,2.76
9256,9356,455,2.63
7840,7939,455,3.17
388,288,456,61.72
1791,1691,456,61.72
3320,3220,456,17.58
5524,5423,456,18.37
487,387,456,140.75
1223,1222,456,7.79
8242,8241,456,3.59
726,626,456,9.24
589,489,456,38.78
1022,922,457,37.39
1190,1090,457,22.91
3123,3023,457,18.73
9770,9771,457,13.19
823,723,457,43.5
3222,3122,457,14.27
2692,2592,457,84.73
9565,9564,457,3.75
387,287,457,213.34
7877,7777,457,11.54
7876,7777,457,3.08
5690,5591,457,5.94
1691,1591,458,69.46
724,624,458,11.29
725,625,458,10.44
5291,5192,458,6.39
4592,4493,458,5.62
5927,6026,458,5.66
7133,7132,458,3.67
6187,6188,458,1.9
9245,9345,458,2.51
9477,9576,458,7.32
2224,2123,458,6.9
1090,990,459,81.43
489,389,459,43.72
3993,3893,459,25.62
1122,1021,459,19.33
4792,4793,459,8.75
8542,8442,459,14.27
5391,5292,459,6.41
3992,3893,459,6.29
2592,2492,459,84.73
1524,1523,459,3.68
4422,4421,459,2.92
4292,4193,459,5.82
4492,4393,459,5.62
4192,4093,459,6.43
922,822,459,74.15
4693,4593,460,20.51
2323,2223,460,17.05
5624,5523,460,20.54
5725,5724,460,6.48
8778,8679,460,7.66
9043,9042,460,4.15
990,890,461,57.06
4393,4293,461,84.73
822,722,461,59.34
2123,2023,461,47.89
288,188,461,20.51
9770,9870,461,8.92
8178,8078,461,12.41
527,427,461,17.05
9671,9672,461,11.79
287,187,461,27.6
4392,4293,461,5.62
7380,7381,461,2.14
389,289,462,41.87
3220,3120,462,17.58
626,526,462,17.03
5624,5623,462,11.29
723,623,462,22.65
5926,5925,462,5.71
3892,3793,462,6.32
6884,6984,462,3.48
7839,7838,462,3.99
2524,2523,462,2.95
2492,2392,462,48.84
3023,2923,463,17.58
1122,1121,463,8.75
1590,1491,463,6.36
9254,9355,463,2.49
9254,9353,463,2.49
890,790,464,35.94
188,88,464,34.6
2023,1923,464,44.58
624,524,464,17.03
3122,3022,464,16.49
489,390,464,17.81
9179,9079,464,11.83
187,87,464,38.78
9770,9871,464,9.85
9770,9869,464,9.85
9479,9480,464,6.33
6932,6831,464,4.03
7379,7480,464,1.64
3793,3693,465,41.87
722,622,465,27.54
1021,921,465,18.35
9379,9380,465,6.33
6785,6686,465,6.42
427,327,465,27.54
8878,8779,465,7.66
8678,8579,465,7.66
9359,9458,465,3.02
9256,9357,465,2.89
2392,2292,465,35.94
9578,9678,465,6.9
1491,1391,466,40.29
7777,7677,466,11.54
5423,5322,466,15.34
3221,3121,466,9.21
9244,9243,466,3.91
6686,6586,466,135.61
9078,8979,466,6.78
9472,9573,466,6.45
4623,4722,466,4.31
9771,9772,466,11.29
9375,9474,466,3.76
6029,6129,466,2.16
9248,9349,466,2.4
9665,9664,466,3.52
1724,1623,466,6.23
790,690,467,45.21
1923,1823,467,36.11
3693,3593,467,59.34
289,189,467,23.78
4793,4694,467,20.04
9379,9280,467,8.13
2292,2192,467,81.43
128,27,467,6.34
1423,1322,467,6.25
8342,8341,467,3.44
6088,6089,467,2.3
921,821,467,74.15
1391,1291,468,84.73
390,290,468,25.62
526,426,468,17.58
5491,5392,468,6.39
7032,6931,468,4.08
8041,8140,468,3.17
2923,2823,469,17.58
9672,9673,469,13.19
625,525,469,9.63
3120,3020,469,15.95
9579,9580,469,6.33
2192,2092,469,84.73
690,590,469,52.78
8078,7978,469,12.87
7537,7536,469,3.91
6884,6985,469,4.03
821,721,469,59.34
9578,9679,469,7.79
9578,9677,469,7.79
1291,1191,470,61.72
189,89,470,41.87
5322,5222,470,28.19
3022,2922,470,17.58
5623,5522,470,19.33
4793,4794,470,9.76
489,490,470,7.33
8579,8479,470,23.39
5989,5890,470,6.14
3192,3093,470,6.14
7182,7083,470,6.07
327,227,470,24.96
6028,6128,470,4
3593,3493,470,46.99
590,490,470,169.83
9245,9344,470,2.78
290,190,471,38.78
5724,5723,471,9.76
1823,1723,471,26.59
4622,4521,471,6.31
622,522,471,17.03
2092,1992,471,84.73
8878,8879,471,4.14
8978,8879,471,7.66
5790,5691,471,6.41
3493,3393,472,84.73
5925,5824,472,15.34
5825,5824,472,5.71
5092,4993,472,6.21
9462,9562,472,2.63
3092,2993,472,6.09
1992,1892,473,52.78
5322,5221,473,20.43
623,523,473,9.24
9279,9180,473,7.66
4792,4893,473,5.66
2992,2893,473,6.17
6386,6387,473,1.96
721,621,473,29.44
190,90,474,40.29
5222,5122,474,29.62
3393,3293,474,75.19
8479,8379,474,29.44
2823,2723,474,21.25
524,424,474,10.44
5623,5622,474,8.75
5423,5422,474,5.71
9179,9080,474,7.66
2423,2322,474,6.37
6885,6786,474,5.75
9143,9142,474,3.91
3720,3619,474,3.41
8942,8941,474,4.23
7638,7737,474,2.67
2893,2793,475,54.88
5322,5321,475,12.28
1190,1091,475,6.41
8040,8039,475,3.83
1121,1020,475,12.2
6028,6127,475,4.62
8742,8741,475,4.23
8842,8841,475,4.15
4694,4594,475,14.16
7940,8039,475,3.17
5221,5121,476,47.23
1892,1792,476,34.6
9673,9674,476,14.37
6985,6886,476,20.29
9772,9773,476,10.78
9573,9574,476,10.78
9672,9773,476,9.85
6026,6025,476,5.71
6885,6886,476,3.75
522,422,476,20.59
9771,9872,476,7.79
7281,7282,476,1.86
7578,7579,476,2.24
2793,2693,477,81.43
1091,991,477,84.73
5122,5022,477,38.74
2922,2822,477,15.95
426,326,477,11.29
2323,2222,477,6.43
1122,1221,477,5.66
2792,2693,477,6.19
5121,5021,478,50.93
2723,2623,478,25.79
9679,9680,478,11.79
3121,3021,478,8.58
3993,3894,478,6.39
1791,1692,478,5.97
3292,3193,478,6.19
3293,3193,478,27.6
8542,8441,478,5.26
227,127,478,12.87
8379,8279,478,31.49
1020,920,478,38.71
7978,7878,478,12.41
9576,9575,478,5.03
991,891,479,84.73
2693,2593,479,84.73
621,521,479,17.03
5723,5722,479,13.19
525,425,479,10.03
6985,6986,479,10.27
7032,7031,479,2.19
7336,7435,479,2.67
4594,4494,479,27.6
