4359,4259,4,22.9
4359,4260,5,24.35
4359,4360,8,12.3
4259,4159,9,21.69
4260,4160,10,24.92
4260,4161,11,28.06
4359,4258,12,11.42
4159,4059,14,21.4
4359,4358,14,6.8
4160,4060,15,21.66
4161,4061,16,24.96
4161,4062,16,28.4
4260,4261,16,9.51
4259,4158,16,12.16
4359,4459,18,5.41
4359,4460,19,7.1
4060,3960,20,21.8
4062,3962,21,23.03
4062,3963,21,28.61
4159,4058,21,12.3
4061,3961,22,19.38
4060,3961,22,22.88
4258,4157,23,13.08
4258,4257,23,9.19
4161,4162,23,9.06
4460,4361,25,27.83
3962,3862,26,23.02
4358,4357,26,8.89
4359,4458,26,5.34
3961,3861,27,20.32
3962,3863,27,24.51
4060,3959,27,12.1
4162,4063,28,28.98
4157,4057,29,18.24
4460,4461,30,9.77
4361,4262,31,24.75
3861,3761,32,21.25
3863,3763,32,24.89
3862,3762,32,18.15
4459,4559,32,7.54
3863,3764,33,27.92
4361,4362,34,12.1
4257,4156,34,13.23
4257,4256,34,9.69
4157,4056,34,13.21
4157,4156,34,9.62
3961,3860,34,12.73
3963,3864,34,11.19
4459,4560,34,9.31
4358,4457,34,7.34
4357,4356,36,10.58
3761,3661,37,22.95
3762,3662,37,21.69
4058,3958,37,6.37
4459,4558,37,7.45
3764,3664,38,23.4
3764,3665,38,28.78
4162,4163,38,6.85
4362,4263,39,28.98
3762,3663,39,22.74
3861,3760,39,12.37
4056,3956,40,19.02
3864,3765,40,25.23
3662,3562,42,24.82
3661,3561,42,24.74
4056,3957,42,19.55
4063,3964,42,10.72
4357,4456,42,9.29
3662,3563,43,27.68
4263,4164,44,28.63
3663,3564,44,28.89
3959,3859,44,6.04
4458,4557,44,8.25
4256,4155,45,13.19
4256,4255,45,9.54
4056,3955,45,13.08
4056,4055,45,9.19
3761,3660,45,11.38
4361,4462,46,6.89
4356,4355,47,9.53
3665,3565,48,10.49
4460,4561,48,4.99
4164,4064,49,20.97
3665,3566,49,12.87
4362,4363,49,6.87
3955,3855,50,20.31
3660,3560,50,23.9
4164,4065,50,27.26
4457,4556,50,9.02
3765,3666,51,13.54
4558,4658,51,7.21
3955,3856,52,21.05
4456,4455,53,9.3
4558,4659,53,9
3958,3858,54,6.04
3855,3755,55,20.74
3560,3460,55,24.95
3560,3461,55,28.31
3564,3464,55,9.5
3563,3463,55,8.59
3561,3461,55,7.84
4155,4054,56,13.08
4155,4154,56,9.19
4055,3954,56,12.87
3562,3462,56,7.66
3964,3865,56,10.75
4263,4264,56,6.05
3856,3756,57,20.34
3855,3756,57,21.57
4065,3965,57,16.51
4065,3966,57,23.09
3955,3854,57,12.73
4557,4657,57,8.27
3564,3465,57,10.9
3957,3857,57,6.72
4558,4657,57,7.13
4355,4254,58,13.24
4355,4354,58,9.78
3856,3757,59,21.08
3566,3466,59,10.86
3660,3559,59,10.53
3755,3655,60,21.48
3566,3467,60,13.83
3859,3759,60,6.37
4456,4555,61,4.74
4164,4165,62,21.19
4658,4759,63,30.47
4556,4656,63,9.52
4557,4656,63,3.68
4657,4758,64,35.74
3966,4067,64,39.84
4264,4265,64,21.07
4065,4166,64,37.41
4065,4066,64,18.05
4164,4265,64,29.13
4263,4364,64,21.53
4362,4463,64,17.82
3467,3568,65,30.32
3757,3758,65,19.96
4264,4365,65,31.16
3755,3656,65,6.67
3666,3567,65,1.58
3666,3767,65,31.45
3855,3754,65,3.17
3566,3667,65,29.05
3660,3659,65,2.54
3765,3866,65,28.57
3665,3766,65,27.23
4165,4266,66,37.66
4656,4757,67,37.64
4067,4168,68,39.94
4066,4167,68,39.24
3966,3967,68,12.08
4355,4454,68,4.51
3568,3669,70,32.32
3667,3768,70,31.2
3567,3668,70,31.81
3656,3657,71,19.7
3766,3867,71,27.94
4555,4655,71,10.83
4167,4268,72,38.2
4168,4269,72,38.66
4757,4858,72,32.32
4067,4068,72,13.46
3767,3868,73,18.34
3467,3468,74,7.53
4168,4169,75,16.63
4560,4661,75,9.13
4559,4660,75,9.17
4268,4369,76,38.26
4269,4370,76,39.22
4655,4756,76,34.85
3768,3769,76,19.75
3668,3769,76,24.98
4659,4760,76,8.8
4363,4464,76,9.14
4561,4662,76,9.01
4461,4562,76,8.9
3657,3658,77,19.88
3768,3869,77,23.18
4757,4857,77,11.01
3868,3969,78,30.69
4169,4270,79,38.99
3468,3569,79,29.9
4269,4270,79,15.75
4068,4069,79,16.1
3568,3569,79,7.47
4369,4470,80,39.58
4370,4471,80,39.53
3769,3870,80,38.72
3669,3770,80,15.26
4364,4465,80,9.19
4463,4564,80,9.13
4759,4860,80,8.41
3954,3953,80,3.34
4758,4859,81,8.71
4265,4366,81,8.41
4462,4563,81,6.74
3969,4070,82,38.95
4169,4170,82,16.13
4655,4755,82,9.55
4167,4267,82,7.23
3967,3968,82,7.5
4365,4466,82,8.79
4370,4371,83,15.1
3669,3670,83,7.92
3655,3556,83,6.36
4470,4571,84,39.66
4471,4572,84,39.31
4266,4367,84,7.88
3954,4053,84,4.82
3559,3459,85,3.04
4070,4171,86,36.67
4170,4271,86,38.55
4755,4856,86,36.89
4267,4368,86,36.84
4268,4368,86,7.18
4371,4472,87,39.04
4466,4567,87,31.89
4466,4467,87,20.94
4471,4472,87,15.58
4571,4672,88,38.96
4572,4673,88,38.39
3670,3771,88,35.13
4070,4071,88,18.69
3969,3970,88,10.25
3656,3557,88,6.22
3755,3654,88,2.92
4367,4468,89,34.62
3670,3671,89,19.72
4858,4959,89,8.5
4555,4654,89,5.07
3655,3555,89,3.49
3954,3853,89,3.14
4171,4272,90,37.5
4368,4469,90,38.27
4572,4573,90,16.99
4371,4372,90,16.05
4555,4554,90,3.53
4856,4957,91,33.46
4466,4566,91,11.23
4673,4774,92,36.56
4672,4773,92,38.53
4467,4568,92,34.1
4567,4668,92,33.38
4567,4568,92,20.52
4171,4172,92,17.96
4464,4565,92,8.98
4661,4762,92,8.41
4660,4761,92,8.55
3468,3469,92,5.73
4468,4569,93,36.99
3671,3772,93,38.39
4472,4473,93,16.71
3569,3570,93,7.56
4760,4861,93,8.44
4662,4763,93,8.56
4562,4663,93,8.72
4272,4373,94,38.15
4469,4570,94,38.96
4573,4674,94,37.01
4673,4674,94,18.78
4053,4153,94,10.22
3870,3971,94,10.46
4857,4958,94,8.62
3657,3558,94,6.38
4755,4855,95,8.21
3770,3871,95,9.64
4773,4874,96,37.01
4172,4273,96,36.49
4566,4667,96,32.48
4272,4273,96,17.27
4573,4574,96,18.41
4856,4956,96,10.37
4564,4665,96,8.84
3754,3753,96,3.32
4569,4670,97,37.91
4568,4669,97,35.13
4668,4769,97,34.39
4668,4669,97,20.1
4860,4961,97,8.66
4373,4474,98,38.11
4570,4671,98,39.35
4674,4775,98,37.99
4763,4864,98,30.17
4763,4764,98,21.17
4172,4173,98,18.83
4654,4754,98,11.24
4859,4960,98,8.46
4563,4664,98,8.82
4874,4975,100,39.96
4273,4374,100,37.73
4574,4675,100,37.22
4373,4374,100,17.32
4674,4675,100,17.46
4774,4875,100,18.23
3671,3672,100,9.61
4670,4771,101,38.78
4669,4770,101,37.46
4769,4870,101,36.32
4667,4768,101,32.09
4665,4766,101,30.52
4665,4666,101,21.15
4566,4666,101,10.92
4474,4575,102,37.09
4671,4772,102,38.96
4173,4274,102,35.95
4961,5062,102,30.79
4961,4962,102,21.12
4273,4274,102,17.74
4574,4575,102,18.23
4763,4863,102,12.09
3771,3872,102,10.24
4764,4865,103,30.21
4764,4765,103,21.17
4864,4965,103,30.43
4864,4865,103,21.15
4775,4876,103,35.27
3463,3364,103,2.13
4374,4475,104,37.04
4675,4776,104,37.09
4474,4475,104,18.34
4173,4174,104,19.22
3672,3773,104,36.07
4153,4253,104,10.87
3460,3361,104,2.29
4771,4872,105,38.73
4770,4871,105,38.03
4870,4971,105,36.14
4667,4767,105,11.13
4773,4873,105,8.13
3461,3362,105,2.23
4274,4375,106,36.67
4575,4676,106,39.35
4766,4867,106,31.51
4768,4869,106,33.41
4975,5076,106,26.82
4374,4375,106,18.39
4875,4976,106,24.37
4961,5061,106,11.79
3570,3571,106,7.86
3469,3470,106,7.44
4959,5060,106,8.43
3556,3457,106,6.39
3670,3571,106,6.24
3464,3365,106,1.98
4962,5063,107,30.79
4962,4963,107,21.12
5062,5163,107,32.3
5062,5063,107,20.85
4863,4964,107,30.38
4864,4964,107,11.97
4855,4955,107,8.87
4475,4576,108,39.93
4765,4866,108,30.51
4865,4966,108,30.79
4865,4866,108,21.12
4965,5066,108,31.08
4965,4966,108,21.08
4274,4275,108,18.69
4754,4854,108,10.88
3772,3873,108,9.9
4971,5072,109,36.49
4876,4977,109,26.76
4761,4862,109,8.64
4957,5058,109,8.26
4375,4476,110,38.99
4767,4868,110,32.09
4776,4877,110,27.93
3871,3972,110,9.57
3462,3363,110,2.2
3460,3360,110,1.23
3463,3363,110,1.13
5076,5177,111,33.42
4976,5077,111,32.83
5060,5161,111,33.11
5061,5162,111,32.78
4867,4968,111,32.56
4869,4970,111,34.62
4971,4972,111,18.83
3754,3653,111,3.13
4963,5064,112,31.18
5063,5164,112,31.95
5063,5064,112,20.93
4964,5065,112,31.08
4955,5056,112,33.55
3571,3572,112,19.29
4676,4777,112,28.23
4965,5065,112,11.65
4958,5059,112,8.3
3556,3456,112,3.51
3655,3554,112,2.76
5072,5173,113,38.87
4866,4967,113,31.7
4966,5067,113,31.9
4966,4967,113,20.94
4375,4376,113,16.13
3672,3673,113,7.91
4956,5057,113,8.38
4071,4072,113,4.05
4977,5078,114,28.48
4576,4677,114,25.9
4253,4353,114,11.04
4972,5073,115,38.84
4877,4978,115,33
4868,4969,115,33.41
4872,4973,115,14.19
4873,4974,115,14.16
4053,4152,115,4.68
4053,4052,115,3.24
5177,5278,116,30.25
5077,5178,116,32.83
5161,5262,116,34.1
4970,5071,116,35.25
5060,5160,116,10.57
4654,4753,116,5.36
4654,4653,116,3.74
3559,3458,116,2.39
5173,5274,117,37.41
3673,3774,117,36.59
4476,4577,117,22.05
4955,5055,117,10.32
4072,4073,118,20.92
4967,5068,118,33.01
4777,4878,118,26.82
5163,5264,118,14.05
3872,3973,118,8.95
4172,4073,118,5.56
4554,4553,118,3.59
3853,3952,118,4.94
5073,5174,119,35.61
4973,5074,119,35.84
4974,5075,119,38.69
5173,5174,119,18.05
5066,5167,119,14.05
3571,3471,119,7.95
3571,3472,119,11.73
3365,3366,119,7.84
3773,3874,119,9.64
4854,4954,119,9.9
3853,3852,119,3.43
3459,3359,119,2.97
5071,5172,120,36.34
4978,5079,120,28.43
4677,4778,120,27.62
3572,3573,120,14.11
3753,3752,122,10.15
4153,4252,122,5.18
4554,4453,122,27.35
3853,3752,122,27.01
3654,3553,122,27.97
3556,3455,122,27.26
5160,5261,123,2.85
3554,3454,123,24.95
3753,3652,123,27.47
3459,3358,123,28.77
4173,4074,124,3.92
3852,3751,125,28.03
4553,4452,125,28.96
3952,3851,125,28.17
4753,4652,125,29.01
3458,3357,125,28.98
4052,3951,125,28.62
4152,4051,125,29.02
3554,3453,125,28.31
3653,3552,125,27.5
4653,4552,125,29.01
3467,3367,125,10.58
4954,4853,126,26.33
4754,4853,126,5.3
4854,4853,126,11.27
4453,4352,127,28.8
4375,4276,127,12.19
3468,3368,127,11.68
3358,3258,128,23.77
3358,3257,128,28.92
3752,3651,128,27.57
3553,3452,128,27.59
3454,3354,128,24.94
3364,3264,128,10.51
3469,3369,128,11.13
4954,4953,129,11.1
5055,5054,129,10.38
3454,3353,129,28.2
3363,3263,129,10.57
3360,3260,129,10.16
3470,3370,129,10.85
3365,3265,129,9.58
3362,3262,129,9.73
3361,3261,129,10.02
4274,4175,129,5.26
3751,3650,130,29.01
3573,3473,130,10.23
3359,3259,130,10.25
5274,5375,130,2.79
3774,3674,130,10.07
3456,3356,130,9.02
4853,4752,131,29.02
4652,4551,131,27.31
3366,3266,131,9.22
5160,5159,131,8.21
4970,5070,131,1.58
4552,4451,131,27.81
3472,3372,131,9.47
4352,4251,132,29.01
5055,5156,132,3.95
4152,4151,132,7.42
3258,3158,133,23.24
3258,3157,133,28.71
3452,3352,133,24.29
3471,3371,133,7.98
3651,3551,133,24.26
3651,3550,133,29.02
5274,5273,133,8.08
3455,3355,133,9.36
5079,4979,133,8.06
5162,5263,133,1.11
3472,3371,133,10.84
4953,4852,134,28.63
3452,3351,134,26.5
4652,4651,135,10.3
3367,3267,135,10.04
4577,4477,135,6.59
3650,3549,136,27.31
4451,4351,136,23.97
4551,4450,137,26.17
4451,4350,137,25.95
3369,3269,137,11.68
3369,3268,137,17.36
3368,3268,137,10.72
5055,5155,137,4.01
4251,4150,138,25.72
4151,4050,138,26.64
3473,3373,138,13.88
3264,3164,138,10.57
4778,4678,138,5.73
3452,3451,138,10.98
3355,3255,138,24.95
3355,3254,138,28.31
3550,3450,138,24.9
3550,3449,138,28.72
3351,3251,139,24.42
3351,3250,139,29.02
5375,5275,139,11.21
3263,3163,139,10.72
3260,3160,139,10.46
3262,3162,139,10.16
3261,3161,139,10.53
3264,3163,139,13.05
3751,3750,139,7.52
3370,3270,139,10.97
4074,3974,139,6.73
5274,5175,139,7.27
5274,5275,139,3.71
4551,4550,140,11.22
3650,3649,140,10.3
3259,3159,140,10.44
3674,3574,140,10.54
3357,3256,140,9.76
4251,4250,141,11.53
4953,4952,141,8.68
5160,5260,141,2.89
4350,4249,142,29.01
3266,3166,142,9.29
4450,4349,142,28.95
3549,3448,142,26.37
4050,3950,143,23.32
3158,3058,143,10.21
3371,3271,143,10.71
3257,3156,143,9.67
4954,5053,143,5.99
3451,3350,143,29
3255,3155,143,24.92
3449,3349,143,23.34
3251,3151,144,24.72
3251,3150,144,28.93
4150,4049,144,25.96
4050,3949,144,24.95
3268,3168,144,15.78
3268,3167,144,22.3
5172,5171,144,4.2
3255,3154,144,28.03
5055,5154,144,5.42
4968,5069,144,0.98
3449,3348,144,24.98
4550,4449,145,28.99
3269,3169,145,13.26
4651,4650,145,10.85
3158,3057,145,12.23
3157,3057,145,8.64
3266,3165,145,10.55
5164,5165,145,1.51
3649,3548,146,26.65
3372,3272,146,7.03
3549,3548,146,11.08
5164,5265,146,1.14
4249,4149,147,24.16
4249,4148,147,29.01
4250,4149,147,27.93
4952,4851,147,25.93
4150,4149,147,11.37
4349,4248,147,28.95
5156,5157,147,6.95
3448,3347,147,28.56
5065,5166,147,1.13
3950,3850,148,23.19
3156,3056,148,24.42
3349,3249,148,23.47
3157,3056,148,9.54
4175,4075,148,5.28
3151,3051,149,24.84
3151,3050,149,28.81
3949,3849,149,24.8
3949,3848,149,28.87
4049,3948,149,29.01
3348,3248,149,24.79
3950,3849,149,24.76
3156,3055,149,26.75
3349,3248,149,25.17
3168,3068,149,21.83
3574,3474,149,11.25
3162,3062,149,10.43
3161,3061,149,10.82
3163,3063,149,10.51
3750,3749,149,10.74
3270,3170,149,10.86
3160,3060,149,10.76
3373,3273,149,9.28
4979,4879,149,6.4
5278,5277,149,3.31
4449,4348,150,28.96
4650,4549,150,28.89
3348,3247,150,27.59
3168,3067,150,27.88
4952,4951,150,11.39
3649,3648,150,10.86
3159,3059,150,10.64
3160,3059,150,13.55
5273,5272,150,5.91
3548,3447,151,28.7
5156,5256,151,5.55
5160,5259,151,3.99
4148,4048,152,24.92
4851,4751,152,24.91
4851,4750,152,28.68
4149,4048,152,29
4248,4147,152,28.56
4652,4751,152,5.37
5156,5255,152,7.26
5274,5374,152,2.84
3249,3149,153,24.28
4148,4047,153,28.07
3347,3246,153,27.1
3058,2958,153,10.35
3271,3171,153,10.81
3166,3066,153,9.5
4477,4377,153,5.69
3849,3748,154,28.58
3948,3847,154,28.94
3051,2951,154,24.88
3051,2950,154,28.75
3848,3748,154,24.71
3848,3747,154,28.94
3249,3148,154,26.5
4276,4176,154,3.71
4348,4247,155,28.42
4549,4448,155,28.62
3648,3547,155,28.63
4951,4850,155,28.95
3050,2949,155,25.69
3067,2967,155,24.95
3067,2966,155,28.52
3058,2957,155,12.54
3166,3065,155,10.89
3353,3253,155,3.87
3060,2960,156,16.64
3060,2959,156,23.24
5154,5153,156,8.59
4678,4578,156,5.65
3351,3252,156,6.65
3352,3252,156,4.39
3353,3252,156,5.26
5274,5373,156,3.92
5177,5176,156,2.66
4750,4649,157,28.43
4048,3947,157,28.58
3347,3346,157,10.49
3447,3346,157,27.57
4147,4046,158,26.45
3474,3374,158,12.5
3066,2965,158,28.53
3165,3064,158,11.49
5156,5257,158,5.48
2951,2851,159,24.75
2951,2850,159,28.91
3748,3647,159,28.94
4047,3946,159,26.75
3062,2962,159,10.42
3061,2961,159,10.76
3063,2963,159,10.37
3272,3172,159,8.18
3057,2956,159,10.55
3251,3152,159,7.16
2949,2849,160,22.51
2949,2848,160,28.32
4850,4749,160,28.68
3847,3746,160,26.93
2950,2849,160,26.19
5155,5254,160,6.4
4448,4347,161,27.55
3547,3446,161,27.74
4247,4146,161,27.55
3447,3446,161,10.05
4649,4548,162,28.71
4549,4548,162,8.7
5067,5168,162,1.09
3947,3846,163,27.18
3346,3245,163,25.53
2965,2865,163,22.26
2958,2858,163,10.33
3171,3071,163,10.98
3171,3070,163,14.21
4951,4950,163,7.88
3151,3052,163,7.46
4952,5052,163,4.67
4953,5052,163,4.28
2850,2750,164,21.81
2851,2751,164,23.56
2851,2750,164,28.85
2956,2856,164,24.68
2956,2855,164,28.95
4046,3945,164,26.41
3374,3274,164,19.72
2965,2864,164,28.17
3169,3069,164,5.32
4952,5051,164,6.23
2848,2748,165,24.08
4749,4648,165,28.67
2850,2749,165,27.87
2961,2861,165,18.39
2961,2860,165,25
2963,2863,165,19.79
2963,2862,165,26.28
4448,4447,165,10.07
2958,2857,165,12.48
4075,3975,165,6.15
4247,4246,165,10.08
5171,5170,165,4.93
5278,5179,165,2.99
5278,5279,165,1.55
2848,2747,166,26.13
3346,3345,166,11.64
2959,2859,166,10.67
3547,3546,166,9.88
3254,3153,166,5.13
4146,4045,167,25.71
4950,4849,168,28.71
3064,2964,168,10.19
2865,2765,168,22.38
3065,2964,168,11.75
3051,2952,168,7.59
3067,2968,168,8.01
2751,2651,169,23.89
2751,2650,169,28.96
2750,2650,169,24.34
2750,2649,169,29.02
2848,2847,169,11.25
2865,2764,169,28.24
2749,2648,170,28.51
2862,2762,170,20.1
4146,4145,170,11.53
3247,3147,170,5.22
3155,3054,170,5.35
2747,2647,171,23.9
4648,4547,171,27.84
2860,2760,171,17.16
2860,2759,171,23.78
2862,2761,171,26.55
2861,2761,171,17.79
2861,2760,171,24.42
4447,4346,171,27.2
2863,2763,171,19.08
3071,2970,171,17.88
4347,4346,171,10.14
5254,5253,171,9.71
3172,3072,171,9
5373,5372,171,6.78
4377,4277,171,5.67
5256,5356,171,5.12
3446,3445,171,11.02
5272,5271,171,4.83
2747,2646,172,25.84
3071,2971,172,12.08
4749,4748,172,8.6
2956,2955,172,7.87
3246,3146,172,5.29
5255,5355,172,5.18
5256,5355,172,6.76
4879,4779,172,4.42
3273,3173,172,4.42
3154,3053,172,5.07
2952,2852,173,24.83
2765,2665,173,22.06
2858,2758,173,10.46
4045,3944,173,26.45
2949,2948,173,5.67
5255,5354,173,6.83
5260,5360,173,3.14
2651,2551,174,24.95
2651,2550,174,28.52
2649,2549,174,22.38
2650,2550,174,24.85
2650,2549,174,28.8
2765,2664,174,28.04
3148,3048,174,5.1
2966,2866,174,5.4
3050,3049,174,4.06
5260,5359,174,4.32
2648,2548,175,23.53
2762,2662,175,20.41
2649,2548,175,28.24
2847,2746,175,24.97
2747,2746,175,11.44
4246,4245,175,10.51
4447,4446,175,10.4
2856,2756,175,9.76
2858,2757,175,12.78
4578,4478,175,5.4
2647,2547,176,24.55
2648,2547,176,25.26
2762,2661,176,26.81
4145,4044,176,26.02
4648,4647,176,9.77
5259,5158,176,5.76
2647,2546,177,27.01
2763,2663,177,18.56
3546,3545,177,9.9
2856,2755,177,11.36
2967,2867,177,4.61
3246,3145,177,6.04
3055,2954,177,5.18
3445,3344,177,25.85
2852,2752,178,24.45
2847,2846,178,11.98
5051,5050,178,7.47
3975,3875,178,7.79
2550,2450,179,24.2
2550,2449,179,29.01
2866,2766,179,23.67
4145,4144,179,11.32
2549,2449,179,21.1
3148,3047,179,5.78
2551,2451,179,24.96
2551,2450,179,28.37
2756,2656,180,23.88
2756,2655,180,28.95
3048,2947,180,25.08
2971,2871,180,13.36
2971,2870,180,19.49
2548,2448,180,23.59
4950,4949,180,6.18
2664,2564,180,18.94
2664,2563,180,25.53
2549,2448,180,27.35
3747,3646,180,5.65
5256,5357,180,5.05
3445,3444,180,11.44
5372,5471,181,146.67
5271,5370,181,142.1
5356,5455,181,99.67
2847,2946,181,73.18
4246,4345,181,67.02
4447,4546,181,66.11
5279,5378,181,141.52
5052,5151,181,82.46
5168,5267,181,131.24
4749,4848,181,60.47
5254,5353,181,113.32
5373,5472,181,145.11
5170,5269,181,140.38
5374,5473,181,123.03
5171,5270,181,143.91
5272,5371,181,152.03
5070,5169,181,139.78
5278,5377,181,76.41
5473,5572,182,145.18
5472,5571,182,143.08
3444,3543,182,74.35
2846,2945,182,77.21
2755,2854,182,125.55
3145,3244,182,70.02
4044,4143,182,66.88
4245,4344,182,66.08
4446,4545,182,64.37
2655,2754,182,89.05
4748,4847,182,63.03
4346,4445,182,65.36
4145,4244,182,70.12
3546,3645,182,69.37
4648,4747,182,63.49
5051,5150,182,59.47
4950,5049,182,57.99
3545,3644,182,67.73
5159,5258,182,67.3
5375,5474,182,81.67
3445,3544,182,76.02
5177,5276,182,51.79
5270,5369,183,135.11
5267,5366,183,85.6
5371,5470,183,134.22
2947,3046,183,49.35
5269,5368,183,136.88
5471,5570,183,131.9
4144,4243,183,66.42
5050,5149,183,57.99
5572,5671,183,150.35
3344,3443,183,55.67
2746,2845,183,59.15
5169,5268,183,136.88
5052,5152,183,5.86
5370,5469,183,94.79
5277,5376,183,40.06
5262,5361,183,41.65
5474,5573,184,90.34
4345,4444,184,62.41
5151,5250,184,56.99
5455,5554,184,69.63
5377,5476,184,52.99
2946,3045,184,49.14
5353,5452,184,55.75
5378,5477,184,69.54
2870,2969,184,44.55
2547,2447,184,1.27
5571,5670,184,138.71
5360,5459,184,35.43
2759,2659,184,0.7
5354,5453,184,36.17
5355,5454,184,39.54
5153,5252,184,35.04
2754,2853,184,111.21
5259,5358,184,33.58
5265,5364,184,38.43
5263,5362,184,39.96
5167,5266,184,39.73
5264,5363,184,38.48
5671,5770,185,108.78
5570,5669,185,97.66
5152,5251,185,77.64
3244,3343,185,51.02
4143,4242,185,63.8
4344,4443,185,57.36
4545,4644,185,64.43
4445,4544,185,62.06
4244,4343,185,61.4
5150,5249,185,56.02
5049,5148,185,63.19
2945,3044,185,63.99
5268,5367,185,128.5
5357,5456,185,30.65
5368,5467,185,95.91
5366,5465,185,86.55
2646,2745,185,27.75
5253,5352,185,33.7
2760,2660,185,0.7
5359,5458,185,32.29
5470,5569,185,128.91
5469,5568,185,98.52
5369,5468,185,97.09
3543,3642,185,66.05
3544,3643,185,61.08
5770,5869,186,142.72
5670,5769,186,139.78
5573,5672,186,110.71
5149,5248,186,63.95
5376,5475,186,54.37
4243,4342,186,58.36
2845,2944,186,70.52
3443,3542,186,51.78
3646,3745,186,24.84
2546,2645,186,27.01
3746,3845,186,25.46
2854,2953,186,37.75
5358,5457,186,88.18
5467,5566,187,92.09
2745,2844,187,89.05
5468,5567,187,100.26
5669,5768,187,99.6
5454,5553,187,55.31
5477,5576,187,58.3
5554,5653,187,57.35
4444,4543,187,57.55
5250,5349,187,54.33
5476,5575,187,53.74
3045,3144,187,68.87
4949,5048,187,22.45
5361,5460,187,38.39
5252,5351,187,67.63
4647,4746,187,22.39
5367,5466,187,120.05
3944,4043,187,22.6
5465,5564,187,85.37
4547,4646,187,22.5
4849,4948,187,22.1
5456,5555,187,117.83
5569,5668,187,137.51
5869,5968,188,94.62
3542,3641,188,74.64
5769,5868,188,134.03
5248,5347,188,71.87
3343,3442,188,54.4
4242,4341,188,60.89
4443,4542,188,56.02
5249,5348,188,66.47
4544,4643,188,60.42
5148,5247,188,68.73
5352,5451,188,51.5
4343,4442,188,54.81
3643,3742,188,67.68
5266,5365,188,39.11
5363,5462,188,40.82
5362,5461,188,41.53
5364,5463,188,38.62
5453,5552,188,42.76
5452,5551,188,45.42
4546,4645,188,22.97
4848,4947,188,23.1
3645,3744,188,24.59
5457,5556,188,95.36
5251,5350,188,49.21
5672,5771,188,121.81
3642,3741,188,69.27
5466,5565,189,88.75
5768,5867,189,95.93
5566,5665,189,85.32
2645,2744,189,64.47
5475,5574,189,64.97
4342,4441,189,58.62
4847,4946,189,23.04
4747,4846,189,22.6
3644,3743,189,23.03
5575,5674,189,103.88
5460,5559,189,96.63
5567,5666,189,91.92
3072,2972,189,0.74
5568,5667,189,47.04
5459,5558,189,31.13
5247,5346,190,73.58
5968,6067,190,88.04
5771,5870,190,111.96
4543,4642,190,59.51
5349,5448,190,68.62
5555,5654,190,58.5
5553,5652,190,47.17
5458,5557,190,30.14
5576,5675,190,66.47
3641,3740,190,72.06
5574,5673,191,108.21
5867,5966,191,85.21
5565,5664,191,83.69
5348,5447,191,70.12
5347,5446,191,70.41
4341,4440,191,59.79
4643,4742,191,62.71
5451,5550,191,55.14
4442,4541,191,60.15
4542,4641,191,64.11
5668,5767,191,45.6
5564,5663,191,40.31
5666,5765,191,83.8
5653,5752,191,43.24
5350,5449,191,60.55
3742,3841,191,67.19
3044,3143,191,24.14
5558,5657,191,91.31
5674,5773,191,131.15
3741,3840,191,66.88
5667,5766,191,90.38
5351,5450,191,46.83
6067,6166,192,77.33
5870,5969,192,99.62
2744,2843,192,68.32
4441,4540,192,62.14
5556,5655,192,41.11
5552,5651,192,43.03
5868,5967,192,42.17
4644,4743,192,21.85
5365,5464,192,39.41
3745,3844,192,24.85
3743,3842,192,64.86
5461,5560,192,36.89
5462,5561,192,40.05
5463,5562,192,40.96
5557,5656,192,112.94
5675,5774,192,91.78
5657,5756,193,125.34
5773,5872,193,141.4
5765,5864,193,80.59
5752,5851,193,78.71
5966,6065,193,78.6
5346,5445,193,69.44
4642,4741,193,66.47
5654,5753,193,49.1
5652,5751,193,69.91
5665,5764,193,37.95
4948,5047,193,23.77
5048,5147,193,23.88
3144,3243,193,24.51
2944,3043,193,22.87
3740,3839,193,66.08
5673,5772,193,100.79
5278,5379,193,1.23
6166,6265,194,71.15
5969,6068,194,100.02
5774,5873,194,103
4641,4740,194,65.43
4440,4539,194,52
4742,4841,194,67.2
4541,4640,194,63.84
5446,5545,194,63.34
5551,5650,194,23.81
3442,3541,194,27.01
4646,4745,194,23.26
4746,4845,194,23.17
2844,2943,194,20.73
4043,4142,194,23.17
5450,5549,194,67.49
4143,4142,194,8.39
4044,3943,194,2.48
3840,3939,194,64.93
3841,3940,194,65.83
5559,5658,194,30.31
5851,5950,195,79.7
5764,5863,195,86.24
5379,5478,195,123.95
5772,5871,195,127.92
5656,5755,195,63.45
5655,5754,195,48.81
4540,4639,195,54.49
5767,5866,195,41.28
5663,5762,195,40.91
5664,5763,195,40.14
4645,4744,195,22.82
4947,5046,195,23.4
5766,5865,195,38.04
3744,3843,195,23.08
2759,2658,195,1.2
6068,6167,196,86.85
5658,5757,196,106.44
3541,3640,196,78.22
5753,5852,196,50.07
5445,5544,196,66.08
5756,5855,196,51.2
5872,5971,196,62.57
4741,4840,196,64.34
5147,5246,196,69.89
5562,5661,196,39.47
5967,6066,196,37.88
5448,5547,196,23.62
4946,5045,196,23.51
4846,4945,196,22.97
3839,3938,196,63.13
5464,5563,196,39.52
5478,5577,197,86.21
5863,5962,197,112.07
5871,5970,197,112.46
4640,4739,197,56.49
6265,6364,197,69.24
4740,4839,197,56.34
3940,4039,197,62.01
5545,5644,197,54.55
5650,5749,197,51.99
5873,5972,197,59.16
4539,4638,197,47.76
4841,4940,197,61.77
5864,5963,197,40.14
3939,4038,197,58.01
5561,5660,197,34.99
4142,4241,197,65.57
5550,5649,197,24.96
3143,3242,197,24.74
5449,5548,197,24.1
4242,4241,197,8.87
5560,5659,197,31.62
6066,6165,198,74.36
5661,5760,198,93.76
3640,3739,198,74.06
5246,5345,198,73.81
4639,4738,198,51.81
5754,5853,198,53.33
5046,5145,198,68.86
5563,5662,198,90.15
6065,6164,198,35.08
5651,5750,198,26.32
5447,5546,198,22.93
2447,2446,198,7.23
2547,2446,198,2.16
4176,4076,198,0.68
5970,6069,199,110.5
5972,6071,199,86.74
5544,5643,199,55.42
5855,5954,199,54.52
5971,6070,199,53.42
4840,4939,199,55.1
5045,5144,199,70.52
5866,5965,199,37.25
5755,5854,199,40.82
5763,5862,199,39.96
5751,5850,199,27.5
3043,3142,199,23.8
6364,6463,199,74.7
3243,3342,199,26
5047,5146,199,23.86
2843,2942,199,20.88
3938,4037,199,58.36
4743,4842,199,22.69
5865,5964,199,37.27
3842,3941,199,23.29
5660,5759,199,85.07
5145,5244,200,72.8
6164,6263,200,74.49
5853,5952,200,76.5
6165,6264,200,73.4
4839,4938,200,52.98
5659,5758,200,65.89
4739,4838,200,53.39
5662,5761,200,81.95
4039,4138,200,54.58
5644,5743,200,54.44
5577,5676,200,70.05
4940,5039,200,54.58
4038,4137,200,53.28
5757,5856,200,38.48
6167,6266,200,36.92
5762,5861,200,34.18
4241,4340,200,62.56
4341,4340,200,9.06
5549,5648,200,23.9
4638,4737,200,49.27
5146,5245,201,71.06
5862,5961,201,93.57
6071,6170,201,71.39
5144,5243,201,74.72
5965,6064,201,77.71
5759,5858,201,94.77
6070,6169,201,88.98
5954,6053,201,77.73
5750,5849,201,52.61
5345,5444,201,69.49
3739,3838,201,69.71
5852,5951,201,28.3
5950,6049,201,25.52
3943,4042,201,22.51
2943,3042,201,22.93
4745,4844,201,22.39
4845,4944,201,22.5
4440,4439,201,10.7
4738,4837,201,51.14
5760,5859,201,63.62
5858,5957,202,141.67
6264,6363,202,73.18
6263,6362,202,97.6
5758,5857,202,129.5
5244,5343,202,74.72
6069,6168,202,48.19
2942,3041,202,63.53
5854,5953,202,67.91
5643,5742,202,50.61
4939,5038,202,53.76
5963,6062,202,35.36
5962,6061,202,31.24
4945,5044,202,23.69
6463,6562,202,64.33
3843,3942,202,22.37
4744,4843,202,21.7
2744,2743,202,7.75
5676,5775,202,77.42
4037,4136,202,56.34
5859,5958,203,113.01
6064,6163,203,78.45
5245,5344,203,74.07
5951,6050,203,79.87
5243,5342,203,72.6
6266,6365,203,68.47
4938,5037,203,52.65
4737,4836,203,48.29
5761,5860,203,66.38
4138,4237,203,54.4
5039,5138,203,57.8
5856,5955,203,52.98
5743,5842,203,54.21
2446,2545,203,29.29
5649,5748,203,24.1
3242,3341,203,26.48
5749,5848,203,25.07
5547,5646,203,22.78
4539,4538,203,11.81
4838,4937,203,51.45
5964,6063,203,38.43
5861,5960,203,58.49
2754,2753,203,4.88
4137,4236,203,52
6168,6267,204,77.28
6363,6462,204,74.81
5775,5874,204,79
5953,6052,204,79.64
6062,6161,204,89.65
6049,6148,204,52.24
6169,6268,204,61.38
6053,6152,204,61.87
5444,5543,204,69.84
6170,6269,204,65.9
3042,3141,204,68.71
5548,5647,204,22.93
4837,4936,204,51.14
3838,3937,204,63.19
2655,2654,204,4.22
5961,6060,204,60
2545,2644,205,86.76
5138,5237,205,73.37
5344,5443,205,71.19
5842,5941,205,78.18
6362,6461,205,62.59
5957,6056,205,57.47
5038,5137,205,59.47
5857,5956,205,65.34
5742,5841,205,50.87
2743,2842,205,51.49
5343,5442,205,70.16
5044,5143,205,70.7
3041,3140,205,63.48
5952,6051,205,28.44
4842,4941,205,23.63
3142,3241,205,25.65
3342,3441,205,26.38
5850,5949,205,26.26
4136,4235,205,53.12
6562,6661,205,59.98
5546,5645,205,23.01
6063,6162,205,96.22
6061,6160,205,60.84
6269,6368,206,92.64
6267,6366,206,71
6060,6159,206,91.76
6365,6464,206,66.28
5037,5136,206,59.58
4836,4935,206,52.9
5955,6054,206,68.12
6163,6262,206,70.61
5342,5441,206,68.22
4236,4335,206,48.73
3941,4040,206,22.73
4937,5036,206,52.66
4638,4637,206,11.4
4237,4336,206,52.19
5860,5959,206,59.74
5941,6040,207,91.29
3441,3540,207,79.1
5143,5242,207,72.9
3140,3239,207,75.7
5237,5336,207,106.38
5137,5236,207,75.66
6148,6247,207,59.88
6462,6561,207,60.02
5874,5973,207,70.2
3141,3240,207,67.68
6268,6367,207,59.12
6152,6251,207,62.51
5543,5642,207,50.08
5958,6057,207,43.29
6661,6760,207,81.88
4944,5043,207,23.64
5849,5948,207,25.11
4042,4141,207,23.65
5648,5747,207,23.1
6162,6261,207,93.4
4142,4141,207,8.13
4936,5035,207,55.26
3937,4036,207,59.4
6161,6260,207,61.69
6159,6258,208,114.52
6262,6361,208,97.62
6054,6153,208,79.48
6368,6467,208,107.82
5841,5940,208,54.32
5442,5541,208,60.86
2842,2941,208,56.75
3241,3340,208,70.61
6056,6155,208,48.52
5443,5542,208,66.83
5956,6055,208,55.75
4941,5040,208,59.15
5960,6059,208,33.05
4844,4943,208,22.15
4235,4334,208,53.21
4039,4139,208,9.43
4940,5040,208,9.43
6464,6563,208,75.51
5136,5235,208,75.9
2563,2562,208,3.64
3540,3639,209,83.05
3240,3339,209,79.47
3239,3338,209,109.25
5973,6072,209,73.26
4935,5034,209,54.49
6260,6359,209,86.57
6366,6465,209,63.44
4336,4435,209,54.52
6760,6859,209,95.45
6052,6151,209,28.38
5646,5745,209,23.62
5848,5947,209,24.67
6050,6149,209,24.73
4335,4434,209,52.74
3341,3440,209,25.53
5748,5847,209,24.34
4843,4942,209,22.97
3942,4041,209,23.23
4737,4736,209,11.67
5036,5135,209,61.25
4241,4240,209,8.59
5236,5335,209,101.52
5336,5435,209,107.6
6055,6154,210,73.63
5235,5334,210,95.48
6059,6158,210,120.22
5940,6039,210,97.02
3340,3439,210,82.24
4036,4135,210,58.63
6247,6346,210,62.95
6367,6466,210,59.23
6251,6350,210,62.03
5642,5741,210,61.77
5043,5142,210,70.17
6057,6156,210,53.77
5242,5341,210,70.61
5441,5540,210,46.61
5959,6058,210,42.69
6160,6259,210,30.2
6467,6566,210,104
4439,4438,210,12.23
4340,4339,210,10.13
6563,6662,210,71.51
5035,5134,210,64.05
6261,6360,210,60.83
5335,5434,211,104.27
6359,6458,211,108.99
3339,3438,211,114.77
5435,5534,211,87.18
3440,3539,211,86.01
3639,3738,211,76.82
4943,5042,211,67.57
4139,4238,211,55.64
5040,5139,211,56.76
5542,5641,211,58.64
6155,6254,211,56.03
6153,6252,211,62.24
6040,6139,211,38.39
5645,5744,211,24.51
6051,6150,211,27.72
5949,6048,211,24.01
2941,3040,211,58.36
4334,4433,211,52.32
4138,4238,211,9.47
5647,5746,211,23.16
5135,5234,211,77.2
6361,6460,211,59.94
3439,3538,212,103.81
6259,6358,212,110.58
5341,5440,212,73.27
5334,5433,212,92.41
3338,3437,212,67.16
6151,6250,212,60.81
4435,4534,212,56.45
4736,4835,212,50.64
6149,6248,212,55.89
4942,5041,212,65.21
6072,6171,212,63.27
6566,6665,212,93.66
6258,6357,212,39.25
5541,5640,212,43.09
4434,4533,212,54.74
2743,2742,212,10.83
6465,6564,212,67.13
5034,5133,212,70.29
5134,5233,212,80.33
4538,4537,212,12.23
3437,3536,213,157.33
5434,5533,213,86.21
3539,3638,213,86.05
3438,3537,213,137.13
6156,6255,213,51.15
4135,4234,213,59.48
6346,6445,213,67.26
6154,6253,213,61.57
6466,6565,213,63.22
5741,5840,213,48.09
5540,5639,213,49.49
5142,5241,213,67.34
5948,6047,213,24.26
5234,5333,213,91.23
5747,5846,213,24.78
6360,6459,213,68.4
6461,6560,213,18.09
6460,6559,213,77.41
6350,6449,213,61.23
3738,3837,213,72.5
3838,3837,213,8.49
6357,6456,214,79.61
3538,3637,214,99.84
5042,5141,214,65.8
5139,5238,214,69.74
6252,6351,214,57.03
5744,5843,214,56.71
6254,6353,214,61.54
6048,6147,214,56.62
5534,5633,214,63.8
6158,6257,214,37.2
3040,3139,214,61.87
6058,6157,214,37.44
6561,6660,214,20.59
4433,4532,214,49.54
6564,6663,214,75.41
5746,5845,214,56.11
5233,5332,214,84.59
5133,5232,214,79.33
6039,6138,214,43.78
4238,4337,214,57.36
6859,6958,214,33.89
4237,4337,214,9.96
6139,6238,214,47.46
3638,3737,215,86.5
6565,6664,215,70.84
5840,5939,215,76.52
3536,3635,215,118.3
3537,3636,215,124.22
5241,5340,215,73.65
4534,4633,215,55.44
5433,5532,215,60.01
2742,2841,215,49.1
5640,5739,215,53.77
6248,6347,215,60.88
4537,4636,215,47.83
5041,5140,215,59.47
6171,6270,215,66.7
5440,5539,215,58.95
6250,6349,215,59.42
6665,6764,215,65.44
5641,5740,215,45.48
4835,4934,215,51.88
6458,6557,215,39.21
4533,4632,215,48.58
5745,5844,215,25.61
5947,6046,215,26.2
5847,5946,215,25.76
4637,4636,215,12.23
5333,5432,215,84.52
6459,6558,215,115.81
6662,6761,215,32.34
6559,6658,215,108.5
3937,3936,215,9.13
3139,3238,216,98.34
6257,6356,216,77.21
5232,5331,216,83.05
3637,3736,216,93.43
5238,5337,216,104.48
5533,5632,216,55.55
6047,6146,216,60.89
6255,6354,216,52.94
4234,4333,216,58.56
5846,5945,216,59.92
6253,6352,216,63
6157,6256,216,72.22
6358,6457,216,39.84
6958,7057,216,80.25
4041,4140,216,23.02
5332,5431,216,86.85
6445,6544,216,69.99
6449,6548,216,60.88
5532,5631,217,86.33
5340,5439,217,80.63
4337,4436,217,54.15
6353,6452,217,57.64
6147,6246,217,62.61
5633,5732,217,54.04
6138,6237,217,55.07
6764,6863,217,86.39
5141,5240,217,63.48
5843,5942,217,60.73
5639,5738,217,39.73
6664,6763,217,73.63
6150,6249,217,25.52
6663,6762,217,68.47
5432,5531,217,88.26
4336,4436,217,9.44
5845,5944,217,61.69
6761,6860,217,79.91
6351,6450,217,56.88
3737,3836,217,75.53
6457,6556,218,80.2
5632,5731,218,82.34
5939,6038,218,63.34
5539,5638,218,49.42
6270,6369,218,70.48
6347,6446,218,64.97
4636,4735,218,48.27
2841,2940,218,52.9
5140,5239,218,65.42
6557,6656,218,54.04
4934,5033,218,58.08
3636,3735,218,63.61
5844,5943,218,62
6456,6555,218,43.88
4632,4731,218,48.14
6349,6448,218,60.3
4532,4631,218,41.24
4036,4035,218,9.28
6544,6643,218,73.37
5337,5436,218,107.6
3736,3835,218,75.06
3635,3734,218,56.44
3936,4035,218,59.8
5631,5730,219,91.83
5240,5339,219,83.03
6863,6962,219,85.15
5732,5831,219,85.61
6354,6453,219,62.63
6146,6245,219,63.99
6352,6451,219,57.61
3238,3337,219,50.57
5331,5430,219,60.59
6548,6647,219,65.52
4333,4432,219,52.21
5945,6044,219,64.25
5740,5839,219,44.33
5739,5838,219,42.15
6256,6355,219,47.67
4633,4732,219,44.29
7057,7156,219,57.34
4139,4239,219,9.21
6558,6657,219,36.41
6860,6959,219,95.63
5431,5530,219,60.74
2658,2657,219,4.19
3173,3073,219,0.72
4438,4437,219,12.19
3337,3436,220,155.53
6369,6468,220,119.46
5731,5830,220,73.47
5239,5338,220,95.31
5033,5132,220,75.29
5436,5535,220,80.61
6643,6742,220,97.28
4436,4535,220,56.17
6450,6549,220,55.57
5942,6041,220,63.17
6249,6348,220,58.87
6246,6345,220,64.75
5439,5538,220,59.21
6356,6455,220,45.75
6046,6145,220,28.97
5946,6045,220,28.44
6762,6861,220,63.53
4339,4338,220,10.7
5531,5630,220,59.75
5944,6043,220,63.88
2545,2544,220,6.03
3835,3934,220,74.57
6560,6659,220,21.56
5379,5479,220,3.79
6658,6757,220,30.16
6238,6337,220,26.3
6452,6551,220,66.06
3836,3935,220,67.83
5738,5837,220,55.76
3436,3535,221,163.91
6647,6746,221,70.84
5839,5938,221,75.7
5730,5829,221,113.77
5430,5529,221,90.39
5831,5930,221,79.91
5339,5438,221,85.97
6962,7061,221,89.34
4735,4834,221,53.46
6555,6654,221,57.03
3734,3833,221,66.67
2940,3039,221,48.5
4035,4134,221,58.25
4731,4830,221,67.97
5943,6042,221,63.52
2742,2741,221,11.45
4537,4536,221,11.79
4631,4730,221,60.08
4135,4134,221,9.12
5478,5578,221,3.91
6446,6545,221,69.02
6448,6547,221,64.7
3735,3834,221,55.52
6468,6567,222,125.86
5830,5929,222,118.94
5338,5437,222,97.77
5837,5936,222,72.36
6044,6143,222,62
6453,6552,222,69.02
6245,6344,222,66.07
4732,4831,222,54.48
6355,6454,222,50.57
6656,6755,222,45.24
6556,6655,222,38.78
6763,6862,222,29.35
6660,6759,222,20.15
6861,6960,222,71.91
4532,4531,222,13.78
5530,5629,222,60.96
6659,6758,222,101.55
6237,6336,222,34.04
5132,5231,222,76.76
6451,6550,222,57.52
5638,5737,222,40.65
5838,5937,222,54.43
6038,6137,222,46
5930,6029,223,91.71
6545,6644,223,71.81
3039,3138,223,81.94
5829,5928,223,92.32
4535,4634,223,52.03
6345,6444,223,68.36
5535,5634,223,59.67
6549,6648,223,60.88
6045,6144,223,63.6
3935,4034,223,62.74
2544,2643,223,66.74
3934,4033,223,69.84
6455,6554,223,51.54
6348,6447,223,63.01
6145,6244,223,64.18
6551,6650,223,58.03
4830,4929,223,73.3
4730,4829,223,75.02
4534,4634,223,9.25
5630,5729,223,66.36
6043,6142,223,62.3
2644,2643,223,5.67
5577,5677,223,3.98
6657,6756,223,44.43
3834,3933,223,99.32
6654,6753,223,76.51
6757,6856,223,48.18
3833,3932,223,136.06
7061,7160,223,89.38
5538,5637,223,53.6
5938,6037,223,95.69
6567,6666,224,83.52
5929,6028,224,92.98
5936,6035,224,85.97
4831,4930,224,71.43
4536,4635,224,49.77
2741,2840,224,49.1
6547,6646,224,68.34
4134,4233,224,59.48
6042,6141,224,62.93
4636,4635,224,11.67
4633,4733,224,12.08
7156,7255,224,29.29
4234,4233,224,9.29
3535,3634,224,57.88
6759,6858,224,100.96
6758,6857,224,79.48
6960,7059,224,95.88
6755,6854,224,74.94
5438,5537,224,64.76
6959,7058,224,33.04
5437,5536,224,72.02
3932,4031,225,87.62
3933,4032,225,79.8
6037,6136,225,121.66
6554,6653,225,73.9
3138,3237,225,96.04
5928,6027,225,118.43
7160,7259,225,91.93
6029,6128,225,138.25
5937,6036,225,63.85
6344,6443,225,69.06
6336,6435,225,62.9
6655,6754,225,67.1
6137,6236,225,59.77
6862,6961,225,69.52
6550,6649,225,61.46
5231,5330,225,58.59
6454,6553,225,66.82
5737,5836,225,56.37
4834,4933,225,46.12
6337,6436,225,30.41
5729,5828,225,125.36
6856,6955,225,71.2
2654,2653,225,4.88
6552,6651,225,59.92
6742,6841,225,31.76
4829,4928,225,73.37
6666,6765,226,111.98
6028,6127,226,103.16
6244,6343,226,66.68
6650,6749,226,61.27
6648,6747,226,68.79
4034,4133,226,55.75
6644,6743,226,64.54
6144,6243,226,63.27
6753,6852,226,60.24
4033,4132,226,56.19
4531,4630,226,43.87
6746,6845,226,32.21
5529,5628,226,34.72
7059,7158,226,98.22
4333,4332,226,10.65
6142,6241,226,66.38
7058,7157,226,80.06
5629,5728,226,39.78
5677,5776,226,62.78
6447,6546,226,66.89
6756,6855,226,62.21
4930,5029,226,71.5
4929,5028,226,69.71
6027,6126,227,71.31
6128,6227,227,84.55
6841,6940,227,89.22
5330,5429,227,90.41
3237,3336,227,99.84
5536,5635,227,53.67
6646,6745,227,62.88
6858,6957,227,60.93
3634,3733,227,57.89
4635,4734,227,52.77
5637,5736,227,39.15
5634,5733,227,44.42
5537,5636,227,51.39
6854,6953,227,60.96
4432,4431,227,14.08
5828,5927,227,132.07
2940,2939,227,11.61
6857,6956,227,58.81
6553,6652,227,72.83
6653,6752,227,71.84
6754,6853,227,74.12
6743,6842,228,91.14
6765,6864,228,107.04
6845,6944,228,85.5
5628,5727,228,79.83
6961,7060,228,68.13
4032,4131,228,54.58
6651,6750,228,56.73
4031,4130,228,56.17
4933,5032,228,67.43
6649,6748,228,63.6
5836,5935,228,70.64
6136,6235,228,56.45
4733,4832,228,41.61
3336,3435,228,162.18
6041,6140,228,17.85
7158,7257,228,81.79
4928,5027,228,64.95
6855,6954,228,72.58
5728,5827,228,83
6955,7054,228,58.75
6236,6335,228,65.23
6745,6844,229,92.75
5733,5832,229,77.6
4133,4232,229,53.39
6127,6226,229,59.78
6852,6951,229,61.57
5029,5128,229,67.19
6546,6645,229,69.8
6749,6848,229,66.07
6747,6846,229,70.19
4630,4729,229,69.24
6435,6534,229,45.9
5028,5127,229,47.36
6035,6134,229,32.33
5776,5875,229,69.52
5927,6026,229,90.69
7255,7354,229,29.14
7157,7256,229,58.87
3733,3832,229,83.52
3274,3174,229,0.68
6944,7043,230,87.57
3435,3534,230,77.98
6140,6239,230,109.9
5727,5826,230,80
5935,6034,230,90.35
5032,5131,230,74.96
6864,6963,230,87.55
2939,3038,230,58.04
6752,6851,230,63.83
6227,6326,230,54.89
6126,6225,230,57.17
6957,7056,230,59.68
5736,5835,230,49.59
6853,6952,230,58.19
6652,6751,230,58.68
4132,4231,230,46.17
7259,7358,230,31.41
6036,6135,230,33.64
6436,6535,230,35.03
6953,7052,230,59.76
7257,7356,230,82.48
4531,4530,230,12.96
2741,2740,230,11.45
4834,4833,230,12.28
5827,5926,230,116.79
7060,7159,230,95.65
6842,6941,230,87.49
6844,6943,231,84.6
4729,4828,231,73.16
5832,5931,231,95.37
3832,3931,231,109.55
6335,6434,231,65.9
6750,6849,231,61.74
4832,4931,231,62.85
6748,6847,231,69.52
5635,5734,231,38.26
5636,5735,231,37.21
6143,6242,231,16.9
6444,6543,231,18.91
6954,7053,231,55.99
7054,7153,231,57.85
6235,6334,231,62.55
5826,5925,232,87.14
3038,3137,232,77.37
6326,6425,232,79.4
6963,7062,232,91.37
6535,6634,232,105.58
7358,7457,232,86.63
7159,7258,232,97.4
6226,6325,232,66.71
6951,7050,232,58.29
6848,6947,232,65.71
6645,6744,232,64.39
4131,4230,232,40.21
4130,4229,232,39.19
5875,5974,232,64.14
7356,7455,232,84.81
5429,5528,232,32.37
2840,2839,232,13.85
6026,6125,232,61.26
6141,6240,232,18.48
7354,7453,232,60.38
6956,7055,232,30.68
5874,5974,232,3.6
5926,6025,232,71.98
5131,5230,232,78.83
6239,6338,232,120.91
6425,6524,233,141.78
4931,5030,233,73.23
3931,4030,233,102.53
5931,6030,233,119.3
6847,6946,233,87.25
6225,6324,233,61.35
4833,4932,233,52.72
6851,6950,233,59.4
5835,5934,233,58.52
4530,4629,233,54.69
6952,7051,233,57.84
6751,6850,233,61.07
6134,6233,233,41.27
6534,6633,233,36.69
4232,4331,233,46.83
7052,7151,233,52.6
6241,6340,233,20.27
2562,2561,233,4.16
5973,6073,233,3.96
6443,6542,233,19.6
6943,7042,233,89.84
6324,6423,234,144.67
6524,6623,234,202.86
7457,7556,234,85.39
5230,5329,234,84.86
6325,6424,234,110.3
7453,7552,234,74.19
6744,6843,234,91.97
6947,7046,234,84.11
5528,5627,234,118.67
6634,6733,234,83.71
3137,3236,234,78.73
7258,7357,234,84.07
6543,6642,234,64.61
6849,6948,234,64.15
6434,6533,234,50.26
5734,5833,234,67.81
6334,6433,234,65.04
4231,4330,234,37.29
6034,6133,234,37.03
6135,6234,234,47.03
5735,5834,234,52.82
6846,6945,234,29.9
7455,7554,234,73.79
5127,5226,234,29.06
4431,4430,234,15.06
6243,6342,234,18
6343,6442,234,18.86
5027,5126,234,24
7053,7152,234,55.63
7256,7355,234,29.77
6072,6172,234,4.02
7153,7252,234,55.03
6240,6339,234,111.27
4828,4927,234,69.12
3534,3633,234,39.24
6424,6523,235,195.5
4932,5031,235,73.23
5934,6033,235,71.46
4629,4728,235,70.93
6946,7045,235,85.02
7050,7149,235,63.43
5925,6024,235,70.71
7056,7155,235,28.8
5128,5227,235,25.68
4130,4129,235,14.43
6940,7039,235,18.77
6125,6224,235,65.09
6025,6124,235,64.16
7055,7154,235,62.56
6340,6439,235,108.6
7043,7142,235,32.71
6523,6622,236,147.69
6945,7044,236,85.4
6623,6722,236,125.82
7556,7655,236,79.03
5627,5726,236,86.3
6948,7047,236,83.81
6843,6942,236,86.92
6433,6532,236,130.46
7051,7150,236,61.03
6950,7049,236,61.1
6850,6949,236,61.44
6030,6129,236,47.77
4229,4328,236,43.44
4230,4329,236,35.72
7151,7250,236,60.23
7357,7456,236,84.37
2643,2642,236,7.73
7355,7454,236,81.02
5030,5129,236,51.19
6722,6821,237,156.41
6129,6228,237,142.72
6033,6132,237,114.58
6024,6123,237,72.41
7552,7651,237,57.18
4927,5026,237,47.23
6172,6271,237,69.58
5329,5428,237,59.02
6423,6522,237,47.83
5833,5932,237,66.76
5227,5326,237,104.4
5834,5933,237,64.12
7062,7161,237,30.06
2839,2938,237,34.73
6224,6323,237,100.05
7152,7251,237,58.29
7252,7351,237,67.45
6233,6332,237,45.52
6234,6333,237,51.32
5031,5130,237,74.36
3633,3732,237,49.88
3774,3775,237,0.67
7655,7754,238,71.11
5726,5825,238,98.28
6622,6721,238,131.71
7039,7138,238,62.67
6133,6232,238,39.5
4430,4529,238,40.81
4330,4429,238,37.33
3236,3335,238,38.65
6533,6632,238,41.02
7456,7555,238,80.77
7155,7254,238,63.33
5226,5325,238,40.01
2740,2739,238,13.91
6941,7040,238,18.25
6227,6327,238,9.37
7454,7553,238,72.78
6124,6223,238,60.34
7154,7253,238,54.31
4728,4827,238,69.92
6338,6437,238,24.26
3335,3434,239,149.34
6721,6820,239,144.67
3732,3831,239,100.33
6271,6370,239,72.76
5932,6031,239,81.47
6821,6920,239,124.1
6522,6621,239,116.31
6123,6222,239,86.11
7150,7249,239,60.71
5129,5228,239,50.89
5326,5425,239,119.59
4328,4427,239,55.13
4129,4228,239,45.44
5933,6032,239,73.78
5126,5225,239,33.49
7046,7145,239,31.46
6633,6732,239,25.24
2839,2838,239,15.78
6242,6341,239,19.36
7351,7450,239,79.37
6332,6431,239,132.01
6333,6432,239,114.98
7161,7260,239,86.3
6621,6720,240,149.72
6432,6531,240,217.43
5825,5924,240,75.88
7651,7750,240,58.95
2938,3037,240,59.54
5130,5229,240,53.6
4329,4428,240,44.27
6532,6631,240,40.95
7045,7144,240,31.84
7142,7241,240,31
7149,7248,240,31.96
5325,5424,240,113.4
6323,6422,240,52.56
7251,7350,240,67.72
6223,6322,240,128.67
2751,2652,240,0.76
3831,3930,241,113.04
5425,5524,241,98.22
6370,6469,241,93.36
7145,7244,241,80.77
6222,6321,241,108.81
5225,5324,241,102.26
7754,7853,241,47.06
4827,4926,241,62.02
6232,6331,241,41.28
7138,7237,241,51.43
6327,6426,241,52.71
4529,4628,241,56.18
7555,7654,241,65.9
6132,6231,241,35.08
7044,7143,241,26.81
7049,7148,241,25.13
7047,7146,241,25.88
7254,7353,241,48.51
7250,7349,241,25.53
6542,6641,241,17.55
7042,7141,241,16.51
6339,6438,241,19.46
7553,7652,241,48.24
7253,7352,241,50.15
6820,6919,241,97.01
6920,7019,241,93.53
3774,3675,241,0.58
7248,7347,242,77.13
4427,4526,242,52.38
4228,4327,242,47.06
4429,4528,242,43.08
5428,5527,242,29.29
6949,7048,242,24.12
5424,5523,242,102.72
6439,6538,242,19.76
6733,6832,242,18.03
6342,6441,242,18.37
6422,6521,242,103.48
7350,7449,242,73.6
6331,6430,242,158.17
6322,6421,242,112.33
7450,7549,242,48.75
6442,6541,242,18.27
6642,6741,242,17.36
6720,6819,242,75.41
6919,7018,243,89.6
6426,6525,243,112.99
6469,6568,243,101.07
7019,7118,243,92.07
5524,5623,243,97.65
7146,7245,243,82.32
3930,4029,243,73.81
5229,5328,243,48.61
4428,4527,243,49.69
3037,3136,243,66.93
7750,7849,243,50.22
5924,6023,243,69.09
6031,6130,243,35
5026,5125,243,23.97
7353,7452,243,70.75
7349,7448,243,74.6
5324,5423,243,104.93
6841,6840,243,5.26
6431,6530,243,33.73
6438,6537,243,78.99
3434,3533,243,41.42
5527,5626,244,121.48
6819,6918,244,92.07
7853,7952,244,49.11
4628,4727,244,61.95
7237,7336,244,50.78
6632,6731,244,22.6
6437,6536,244,25.03
6032,6131,244,32.75
4129,4128,244,12.3
6521,6620,244,111.24
7554,7653,244,13.62
7449,7548,244,75.16
7652,7751,244,50.79
6421,6520,244,129.28
7352,7451,244,52.86
7549,7648,244,77.65
6541,6640,244,91.56
6840,6939,245,81.49
7118,7217,245,89.09
5623,5722,245,89.98
6568,6667,245,73.51
3136,3235,245,86.68
7018,7117,245,93.85
4327,4426,245,51.78
4526,4625,245,57.46
7347,7446,245,49.92
4528,4627,245,56.84
6321,6420,245,37.65
4926,5025,245,46.56
6231,6330,245,45.83
7260,7359,245,25.11
7654,7753,245,46.94
7249,7348,245,25.17
5228,5327,245,25.86
2739,2738,245,16.32
7448,7547,245,75.73
5423,5522,245,108.72
6537,6636,245,79.04
6864,6964,245,6.89
6430,6529,245,55.02
6942,7041,245,16.15
6918,7017,246,89.79
7245,7344,246,50.78
6023,6122,246,53.1
7849,7948,246,50.24
4527,4626,246,57.62
7241,7340,246,24.88
6531,6630,246,25.64
7144,7243,246,26.23
6536,6635,246,83.31
2838,2937,246,22.58
7452,7551,246,69.06
5626,5725,246,107.06
2642,2641,246,10.73
6666,6766,246,5.54
7451,7550,246,72.45
3533,3632,246,67.63
6520,6619,246,119.57
6620,6719,246,82.49
7117,7216,247,91.1
3235,3334,247,109.54
6964,7063,247,82.92
5327,5426,247,100.47
7359,7458,247,79.94
7217,7316,247,83.65
7952,8051,247,49.92
7336,7435,247,52.96
4128,4227,247,50.57
6130,6229,247,43.41
6530,6629,247,45.05
6525,6624,247,38.15
7244,7343,247,25.22
7141,7240,247,25.77
7148,7247,247,26.37
5523,5622,247,33.44
6631,6730,247,21.57
6341,6440,247,19.02
6732,6831,247,17.7
7040,7139,247,16.85
7653,7752,247,49.98
7548,7647,247,49.8
6636,6735,247,71.52
7358,7458,247,6.94
6765,6865,247,5.74
7751,7850,247,49.54
6420,6519,247,95.04
2544,2543,247,3.32
5479,5579,247,4.25
7648,7747,247,51.03
4727,4826,247,62.15
7143,7242,247,25.77
7017,7116,248,91.82
6122,6221,248,84.53
5725,5824,248,73.68
7348,7447,248,49.22
4426,4525,248,53.5
4627,4726,248,61.21
6330,6429,248,63.67
5025,5124,248,56.54
4625,4724,248,50.1
7446,7545,248,49.62
5125,5224,248,29.55
7753,7852,248,49.48
6635,6734,248,71.54
7547,7646,248,50.01
6719,6818,248,92.86
7048,7147,248,25.67
6131,6230,248,41.51
7457,7557,248,7.01
6619,6718,248,95.24
5578,5678,248,4.21
7063,7162,249,81.43
7216,7315,249,88.02
6229,6328,249,96.52
6519,6618,249,106.62
6624,6723,249,98.2
7948,8047,249,51.16
4626,4725,249,57.02
7340,7439,249,50.78
7344,7443,249,51.12
5328,5427,249,27.62
6538,6637,249,21.19
6230,6329,249,150.79
7551,7650,249,50.4
6228,6328,249,9.27
7655,7755,249,8.31
7556,7656,249,7.55
7550,7649,249,50.81
7316,7415,249,78.98
2447,2346,249,2.14
7243,7342,249,50.42
5224,5323,250,105.88
5124,5223,250,105.4
7116,7215,250,94.67
6221,6320,250,108.59
7247,7346,250,50.33
7747,7846,250,50.72
4227,4326,250,50.34
5426,5525,250,66.74
7139,7238,250,51.03
7435,7534,250,53.98
8051,8150,250,49.43
3632,3731,250,44.45
6818,6917,250,90.09
5722,5821,250,30.87
5522,5621,250,31.96
7752,7851,250,49.51
7647,7746,250,51.24
6735,6834,250,65.94
7850,7949,250,50.09
6718,6817,250,91.43
5776,5876,250,4.71
6529,6628,250,33.24
5677,5777,250,4.2
3334,3433,250,56.02
6441,6540,250,18.53
7343,7442,250,50.9
6641,6740,250,17.31
4276,4177,250,0.58
6618,6717,251,89.59
6637,6736,251,72.02
5427,5526,251,110.71
2346,2445,251,82.1
4525,4624,251,52.16
7447,7546,251,49.47
5824,5923,251,70.41
6629,6728,251,45.83
7852,7951,251,49.54
4826,4925,251,43.76
2937,3036,251,34.55
7041,7140,251,26.71
6329,6428,251,72.02
7646,7745,251,52.02
6832,6931,251,17.26
6429,6528,251,55.19
7315,7414,251,74.76
3731,3830,252,91.66
6320,6419,252,127.04
5525,5624,252,100.82
6740,6839,252,83.75
5821,5920,252,84.1
7342,7441,252,50.81
7755,7854,252,68.61
8047,8146,252,50.29
7215,7314,252,85.5
6917,7016,252,88.54
6630,6729,252,27.16
6731,6830,252,18.46
5622,5721,252,30.18
7650,7749,252,50.81
6817,6916,252,89.39
5875,5975,252,4.76
7649,7748,252,50.9
4726,4825,252,40.28
7415,7514,252,55.89
2661,2560,252,1.16
7161,7261,252,6.96
3374,3375,252,0.91
7534,7633,252,83.34
5526,5625,253,71.01
6717,6816,253,89.29
7238,7337,253,50.24
7346,7445,253,49.98
7846,7945,253,51.89
3433,3532,253,48.6
7851,7950,253,49.74
4326,4425,253,51.02
6328,6427,253,36.89
6723,6822,253,39.16
7240,7339,253,24.72
7242,7341,253,24.75
6428,6527,253,79.66
2937,2936,253,14.37
6640,6739,253,17.59
2739,2639,253,6.82
2739,2638,253,9.54
7746,7845,253,51.72
6834,6933,253,54.43
8150,8249,253,49.96
7949,8048,253,50.65
7414,7513,253,91.59
4778,4679,253,0.58
7514,7613,254,94.38
6839,6938,254,82.93
3830,3929,254,117.13
6736,6835,254,65.53
4925,5024,254,54.92
7546,7645,254,50.17
5923,6022,254,49.78
6628,6727,254,45.47
7951,8050,254,49.92
7016,7115,254,88.77
7545,7644,254,25.15
6730,6829,254,20.64
5624,5723,254,80.71
5721,5820,254,83.83
6939,7038,254,16.7
5621,5720,254,39.34
7147,7246,254,26.41
6916,7015,254,83.93
5920,6019,254,108.84
6419,6518,254,89.52
5079,4980,254,0.58
5625,5724,255,88.54
6427,6526,255,102.54
7513,7612,255,75.23
6739,6838,255,87.59
6822,6921,255,118.38
7441,7540,255,51.12
5975,6074,255,62.58
8146,8245,255,50.03
7314,7413,255,57.05
5323,5422,255,33.8
5223,5322,255,32.91
7439,7538,255,25.77
4724,4823,255,22.75
6831,6930,255,17.69
7749,7848,255,50.24
4128,4127,255,9.51
2738,2837,255,14.45
6073,6173,255,4.8
5974,6074,255,4.72
7748,7847,255,50.13
4825,4924,255,49.36
7443,7542,255,24.83
6440,6539,255,19.03
3929,4028,256,129.86
6019,6118,256,127.87
7945,8044,256,51.03
7341,7440,256,51.12
7339,7438,256,51.16
8249,8348,256,50.72
7337,7436,256,52.68
4425,4524,256,49.69
7445,7544,256,49.89
6816,6915,256,64.08
7854,7953,256,47.08
4624,4723,256,35.32
5723,5822,256,72.42
7442,7541,256,25.05
7115,7214,256,95.12
2641,2640,256,10.92
6734,6833,256,17.91
7845,7944,256,51
7950,8049,256,50.62
7015,7114,256,89.27
8048,8147,256,50.31
6528,6627,256,32.83
5820,5919,256,97.16
5720,5819,256,93.53
5322,5421,257,77.33
5422,5521,257,82.16
6518,6617,257,70.14
6829,6928,257,68.07
7644,7743,257,52.18
7645,7744,257,52.18
6022,6121,257,63.31
7038,7137,257,53.68
6835,6934,257,53.86
8050,8149,257,49.85
3036,3135,257,25.4
7140,7239,257,25.73
6728,6827,257,24.33
2936,3035,257,38.68
7745,7844,257,25.46
7246,7345,257,50.25
6921,7020,257,99.07
6370,6470,257,5.74
6172,6272,257,4.74
4725,4824,257,20.13
7413,7512,257,97.06
3532,3631,257,39.87
6920,7020,257,5.73
6118,6217,258,104.37
6915,7014,258,81.95
5919,6018,258,115.69
7542,7641,258,50.46
8245,8344,258,50.11
7538,7637,258,50.53
5724,5823,258,70.25
6838,6937,258,60.89
7612,7711,258,47.59
7613,7712,258,45.3
5822,5921,258,93.53
7633,7732,258,25.88
6540,6639,258,18.04
5819,5918,258,93.48
4227,4226,258,9.57
7848,7947,258,49.89
4127,4226,258,61.9
7114,7213,258,88.49
6527,6626,258,32.72
7847,7946,258,50.84
3374,3475,258,1.59
2448,2347,258,1.81
7261,7360,258,24.61
3135,3234,259,97.26
5421,5520,259,79.33
6121,6220,259,114.64
4723,4822,259,48.97
8348,8447,259,49.88
7541,7640,259,51.27
5024,5123,259,30.77
6729,6828,259,23.2
7214,7313,259,58.52
7953,8052,259,48.72
7944,8043,259,50.87
8049,8148,259,50.36
7019,7119,259,5.82
6271,6371,259,4.72
8147,8246,259,49.33
2638,2737,259,28.13
2651,2552,259,0.71
5079,5080,259,0.69
7014,7113,260,89.98
5823,5922,260,74.56
6018,6117,260,102.34
6470,6569,260,68.38
7137,7236,260,51.49
7239,7338,260,49.49
6827,6926,260,69.69
6617,6716,260,63.92
7744,7843,260,51.63
6928,7027,260,61.81
5921,6020,260,79.37
4524,4623,260,42.56
6627,6726,260,36.66
5918,6017,260,90.72
4924,5023,260,30.28
6727,6826,260,24.92
6830,6929,260,18.25
6931,7030,260,17.38
3433,3432,260,10.02
7844,7943,260,51
7743,7842,260,52.06
7359,7459,260,6.73
7345,7444,260,50.24
7118,7218,260,6.01
6469,6569,260,5.33
8149,8248,260,49.93
6526,6625,260,32.7
2638,2637,260,15.99
4823,4922,260,29.16
6217,6316,260,82.13
3374,3275,260,0.76
7712,7811,261,51.94
8344,8443,261,54.36
7711,7810,261,52.78
3631,3730,261,42.51
7540,7639,261,25.61
5521,5620,261,38.28
7313,7412,261,102.72
4226,4325,261,48.86
4326,4325,261,9.4
7947,8046,261,51.43
6964,7064,261,6.47
7217,7317,261,6.41
7213,7312,261,62.27
3234,3333,261,77.74
7946,8045,261,51.18
7512,7611,261,45.73
6826,6925,262,97.01
7459,7558,262,82.12
6316,6415,262,71.56
6726,6825,262,123.66
8447,8546,262,50.76
6828,6927,262,67.66
6017,6116,262,72.04
7640,7739,262,52.46
7440,7539,262,25.49
7544,7643,262,25.22
7438,7537,262,26.1
7436,7535,262,26.27
8044,8143,262,24.78
6626,6725,262,36.73
7755,7855,262,8.01
5922,6021,262,91.48
8148,8247,262,49.36
6933,7032,262,16.9
8052,8151,262,49.2
8246,8345,262,50.03
8043,8142,262,50.29
6020,6119,262,117.92
4822,4921,262,56.77
7316,7416,262,6.82
6117,6216,262,77.07
2451,2350,262,1.37
5620,5719,262,159.38
3432,3531,263,47.2
6569,6668,263,70.02
6926,7025,263,63.78
7113,7212,263,63.41
4922,5021,263,56.55
7338,7437,263,52.63
7236,7335,263,51.98
4623,4722,263,48.91
8248,8347,263,50.11
6716,6815,263,63.28
6220,6319,263,37.83
6539,6638,263,19.21
6938,7037,263,16.43
3035,3134,263,27.25
7064,7163,263,80.21
7656,7756,263,7.37
7063,7163,263,6.6
7312,7411,263,79.45
4824,4923,263,28.15
5520,5619,263,43.22
5619,5718,264,156.36
6825,6924,264,98.48
6925,7024,264,88.79
7416,7515,264,77.39
7611,7710,264,51.67
3730,3829,264,66.15
7810,7909,264,54.08
7639,7738,264,52.02
7811,7910,264,53.69
6625,6724,264,45.83
5123,5222,264,31.58
7637,7736,264,26.34
7641,7740,264,25.97
7732,7831,264,25.54
6725,6824,264,122.8
6930,7029,264,16.98
6021,6120,264,73.9
4425,4424,264,9.73
7855,7954,264,70.96
7412,7511,264,50.44
8046,8145,264,50.49
8045,8144,264,50.54
6119,6218,264,128.49
6116,6215,264,70.74
6216,6315,264,74.43
6815,6914,265,85.14
7212,7311,265,100.47
6668,6767,265,100.6
6927,7026,265,63.08
6415,6514,265,64.26
7537,7636,265,51.27
8151,8250,265,49.45
7558,7657,265,51.43
8546,8645,265,55.14
4921,5020,265,53.64
5023,5122,265,30.76
4524,4523,265,11.78
8142,8241,265,51.8
8247,8346,265,49.76
6833,6932,265,17.07
3134,3233,265,99.71
8345,8444,265,52.05
7643,7742,265,51.89
6319,6418,265,113.3
8143,8242,265,50.36
6924,7023,266,90.69
7910,8009,266,72.99
5222,5321,266,81.22
5718,5817,266,107.6
3829,3928,266,108.74
5021,5120,266,54.08
7037,7136,266,53.34
7335,7434,266,54.29
5719,5818,266,44.17
6824,6923,266,105.87
7843,7942,266,25.24
6639,6738,266,18.91
6934,7033,266,16.84
7943,8042,266,24.88
7444,7543,266,24.92
2637,2736,266,27.23
7842,7941,266,25.22
6120,6219,266,130.66
8347,8446,266,50.29
2737,2836,266,21.68
6218,6317,266,104.15
3531,3630,266,53.11
7534,7634,266,6.44
7026,7125,267,85.88
6418,6517,267,78.87
5122,5221,267,87.76
6767,6866,267,94.55
6914,7013,267,84.95
7909,8008,267,52.79
7710,7809,267,53.78
6315,6414,267,67.25
7515,7614,267,55.61
6937,7036,267,16.24
2637,2636,267,16.12
7411,7510,267,45.45
7511,7610,267,50.32
8144,8243,267,50.38
6215,6314,267,70.58
2450,2349,267,1.29
2665,2565,267,0.66
8443,8542,267,27.76
6738,6837,268,89.77
5818,5917,268,81.45
7023,7122,268,89.27
5817,5916,268,94.86
6514,6613,268,63.41
5020,5119,268,53.71
8242,8341,268,53.64
8250,8349,268,51.08
4923,5022,268,29.62
7539,7638,268,25.12
6923,7022,268,95.02
3233,3332,268,64.78
8241,8340,268,53.94
8346,8445,268,50.38
6219,6318,268,131.07
6724,6823,268,37.93
2543,2542,268,5
8444,8543,268,56.78
6317,6416,268,78.59
7954,8053,268,46.49
7742,7841,268,52.82
7739,7838,268,25.52
7125,7224,269,87.4
5221,5320,269,71.18
7013,7112,269,101.82
7434,7533,269,53.98
5120,5219,269,49.71
7136,7235,269,51.79
7033,7132,269,52.85
3630,3729,269,66.49
5321,5420,269,66.78
7311,7410,269,39.19
4722,4821,269,26.09
7437,7536,269,26.12
7027,7126,269,16.64
7030,7129,269,16.79
6929,7028,269,16.56
7163,7262,269,24.82
8446,8545,269,52.49
4226,4225,269,9.95
2346,2345,269,5.16
6865,6965,269,4.69
5579,5679,269,4.7
4127,4126,269,7.28
7942,8041,269,50.06
8042,8141,269,50.02
7941,8040,269,49.9
5022,5121,270,93.21
5917,6016,270,78.77
6613,6712,270,91.99
7614,7713,270,53.53
6517,6616,270,65.31
6314,6413,270,67.5
7809,7908,270,53.11
6414,6513,270,63.57
7036,7135,270,53.27
8008,8107,270,54.31
3928,4027,270,41.89
4523,4622,270,34.82
7738,7837,270,25.88
7029,7128,270,26.71
7831,7930,270,25.32
6638,6737,270,20.26
5916,6015,270,86.2
7610,7709,270,52.87
3432,3431,270,10.4
4325,4324,270,11.67
2445,2444,270,5.35
6823,6922,270,117.77
5678,5778,270,4.68
8145,8244,270,24.92
7510,7609,270,52.68
7740,7839,270,25.51
7736,7835,270,26.45
6318,6417,270,93.3
8243,8342,270,53.08
7112,7211,271,124.09
3729,3828,271,71.28
7126,7225,271,87.59
7533,7632,271,82.84
6837,6936,271,53.02
8341,8440,271,57
8349,8448,271,49.44
7638,7737,271,52.87
7122,7221,271,62.78
7636,7735,271,26.84
7022,7121,271,65.94
8645,8744,271,26.53
7032,7131,271,16.57
8445,8544,271,54.88
8340,8439,271,58.23
2638,2538,271,5.61
2638,2537,271,8.22
6416,6515,271,66.26
8053,8152,271,47.58
7841,7940,271,50.95
7838,7937,271,50.72
5320,5419,271,79
5119,5218,271,50.93
5121,5220,272,82.21
6712,6811,272,102.3
7410,7509,272,54.03
7224,7323,272,54.2
6015,6114,272,79.5
8041,8140,272,50.63
4523,4522,272,14.29
4424,4423,272,12.77
7025,7124,272,16.99
6922,7021,272,97.32
8545,8644,272,56.6
8141,8240,272,51.95
2736,2835,272,25.05
8040,8139,272,51.89
5876,5976,272,4.71
2642,2541,272,4.01
4821,4920,272,54.76
5778,5877,272,80.16
7543,7642,272,24.83
2451,2351,272,0.83
5777,5877,272,4.7
7634,7733,272,26.36
7908,8007,273,54.63
6616,6715,273,60.89
6413,6512,273,66.46
6513,6612,273,66.62
7135,7234,273,51.66
6016,6115,273,70.05
7713,7812,273,50.2
7835,7934,273,51.14
6737,6836,273,64.43
8542,8641,273,26.08
7709,7808,273,53.54
7024,7123,273,17.22
8107,8206,273,52.68
8009,8108,273,23.07
3431,3530,273,51.25
6736,6836,273,4.68
6417,6516,273,70.14
8244,8343,273,51.27
8342,8441,273,55.01
7609,7708,273,53.23
7839,7938,273,50.72
7837,7936,273,51.39
6811,6910,274,118.87
7733,7832,274,79.4
8152,8251,274,49.13
6936,7035,274,60.97
8448,8547,274,49.41
6114,6213,274,75.3
7225,7324,274,54.12
4622,4721,274,38.9
7937,8036,274,54.11
2836,2935,274,17.87
8439,8538,274,49.97
5975,6075,274,4.7
6932,7031,274,16.99
6515,6614,274,61.08
7940,8039,274,50.42
7121,7220,274,62.11
8744,8843,274,48.85
2448,2348,274,1.1
5420,5519,274,29.3
8543,8642,274,26.91
7221,7320,274,51.6
5079,5180,274,1.2
5519,5618,275,148.87
6115,6214,275,74.07
7124,7223,275,55.76
7642,7741,275,52.18
7323,7422,275,51.68
7211,7310,275,42.14
3828,3927,275,45.75
7028,7127,275,26.68
7536,7635,275,26.01
8140,8239,275,53.5
7262,7361,275,24.91
8240,8339,275,55.84
7509,7608,275,52.69
8139,8238,275,55.16
7855,7955,275,7.7
8644,8743,275,52.02
7021,7120,275,67.3
5219,5318,275,26.85
5618,5717,276,159.36
6910,7009,276,83.84
7123,7222,276,63.94
7812,7911,276,53.21
8007,8106,276,54.26
7936,8035,276,53.37
7234,7333,276,52.91
7934,8033,276,52.22
8641,8740,276,48.98
6836,6935,276,62.26
6512,6611,276,68.42
6715,6814,276,62.15
6612,6711,276,63.25
8206,8305,276,53
5218,5317,276,29.89
5419,5518,276,34.01
7930,8029,276,25.17
7808,7907,276,53.87
8108,8207,276,53.89
7938,8037,276,53.42
7459,7559,276,6.54
7119,7219,276,6.18
6371,6471,276,5.89
6173,6273,276,4.93
7708,7807,276,52.9
6516,6615,276,62.42
7064,7164,276,6.71
2636,2735,276,16.69
6614,6713,276,86.97
7320,7419,276,80.92
3530,3629,276,56.47
7317,7417,276,6.8
6213,6312,276,76.19
8343,8442,276,54.85
5518,5617,277,151.24
7955,8054,277,72.41
3927,4026,277,139.75
7324,7423,277,52.36
8039,8138,277,54.22
8547,8646,277,53.57
8251,8350,277,50.38
7035,7134,277,53.49
8843,8942,277,48.73
7220,7319,277,58.94
7632,7731,277,25.81
7131,7230,277,27.64
8440,8539,277,26.43
7737,7836,277,25.97
8036,8135,277,53.73
7416,7516,277,6.97
8538,8637,277,47.73
6074,6174,277,4.71
2637,2536,277,8.52
8544,8643,277,27.72
8642,8741,277,50.12
7735,7834,277,25.68
6214,6313,277,70.74
7422,7521,277,79.4
7911,8010,278,73.14
6611,6710,278,131.87
6312,6411,278,73.17
6711,6810,278,122.97
5717,5816,278,76.55
6814,6913,278,81.65
7608,7707,278,52.16
7223,7322,278,53.2
7310,7409,278,47.17
2935,3034,278,45.3
7559,7658,278,79.31
4920,5019,278,27.73
8239,8338,278,57.66
7235,7334,278,16.06
7132,7231,278,16.56
7910,8010,278,7.45
7129,7228,278,17.66
8743,8842,278,49.14
7219,7318,278,80.62
2835,2934,278,24.03
6615,6714,278,82.69
8238,8337,278,55.81
5220,5319,278,24.16
6713,6812,278,85.17
7319,7418,279,79.81
4026,4125,279,112.44
7222,7321,279,52.48
8106,8205,279,52.38
5317,5416,279,68.24
8035,8134,279,52.82
7333,7432,279,55.89
8033,8132,279,53
6471,6570,279,69.94
6935,7034,279,53.72
8305,8404,279,57.6
6313,6412,279,70.9
7907,8006,279,55.97
4423,4422,279,15.23
7128,7227,279,17.61
8207,8306,279,52.19
8037,8136,279,54.73
3629,3728,279,64.26
8442,8541,279,55.41
6272,6372,279,4.7
6470,6570,279,4.66
7807,7906,279,56.21
7423,7522,279,79.76
8441,8540,279,27.6
7521,7620,279,78.69
6913,7012,280,92.12
6710,6809,280,95.26
6411,6510,280,106.11
6810,6909,280,91.48
5816,5915,280,120.25
3034,3133,280,90.4
8741,8840,280,48.32
8138,8237,280,55.89
8350,8449,280,51.93
7134,7233,280,51.54
8942,9041,280,48.65
8539,8638,280,47.9
7834,7933,280,51.2
8646,8745,280,56.01
7009,7108,280,36.94
5318,5417,280,34.32
7832,7931,280,25.64
4721,4820,280,27.68
7516,7615,280,53.39
8637,8736,280,48.23
4225,4224,280,9.13
6714,6813,280,83.76
2560,2559,280,3.6
2639,2539,280,3.78
6812,6911,280,102.33
7322,7421,280,80.53
7836,7935,280,52.08
3474,3575,280,1.31
7418,7517,281,78.3
7409,7508,281,55.1
8010,8109,281,70.56
7707,7806,281,54.54
5617,5716,281,41.25
8054,8153,281,45.07
7658,7757,281,50.85
7741,7840,281,25.86
7227,7326,281,84.93
8842,8941,281,48.13
3431,3430,281,9.35
8339,8438,281,28.19
2934,3033,281,50.45
8337,8436,281,50.01
2641,2540,281,4.11
7635,7734,281,26.88
2968,2868,281,0.66
5019,5118,281,53.93
7321,7420,281,80.53
7361,7460,281,24.93
7522,7621,281,79
6510,6609,282,133.58
5915,6014,282,91.64
6911,7010,282,135.58
7620,7719,282,48.48
5416,5515,282,66.18
8205,8304,282,54.79
7034,7133,282,53.64
6570,6669,282,70
8540,8639,282,48.94
2536,2635,282,28.31
8029,8128,282,24.25
6412,6511,282,69.57
8740,8839,282,23.69
7012,7111,282,133.92
8006,8105,282,53.09
7615,7714,282,80.25
8136,8235,282,51.98
8306,8405,282,55.61
7164,7263,282,24.91
3728,3827,282,56.93
6668,6768,282,5.35
6569,6669,282,4.65
7906,8005,282,55.02
3332,3331,282,7.57
7421,7520,282,79.66
2735,2834,282,24.84
8404,8503,282,56.88
7432,7531,282,52.78
7517,7616,283,88.32
5716,5815,283,83.72
7326,7425,283,81.05
6909,7008,283,49.05
8638,8737,283,47.6
8237,8336,283,52.63
8449,8548,283,49.29
7108,7207,283,66.98
4224,4323,283,64.81
7933,8032,283,52.69
8745,8844,283,50.12
6809,6908,283,68.35
9041,9140,283,50.12
5319,5418,283,29.81
7731,7830,283,25.64
7230,7329,283,27.2
7009,7109,283,15.86
7935,8034,283,52.18
7031,7130,283,17.05
8135,8234,283,25.83
3827,3926,283,157.36
6767,6867,283,5.67
8736,8835,283,50.02
6813,6912,283,61.08
8643,8742,283,24.98
8840,8939,283,48.23
7420,7519,283,79.82
4879,4880,283,0.69
3133,3232,283,65.65
7719,7818,284,96.45
6609,6708,284,86.48
6014,6113,284,81.97
7621,7720,284,48.72
8153,8252,284,47.24
8438,8537,284,48.63
7806,7905,284,56.97
5417,5516,284,37.93
7111,7210,284,78.14
6511,6610,284,70.79
7231,7330,284,27.36
4422,4521,284,29.48
7127,7226,284,17.27
8338,8437,284,25.61
4522,4621,284,12.86
3926,4025,284,146.71
7228,7327,284,27.35
8436,8535,284,48.23
7757,7856,284,54.86
3430,3529,284,54.18
7508,7607,284,51.87
8941,9040,284,48.63
7840,7939,284,50.4
3033,3132,284,62.7
5815,5914,285,114.58
7425,7524,285,80.81
7520,7619,285,49.77
8304,8403,285,57.82
8639,8738,285,48.18
7133,7232,285,52.31
8132,8231,285,24.82
8134,8233,285,25.96
8105,8204,285,52.95
7714,7813,285,47.99
8405,8504,285,58.72
8005,8104,285,53.24
8541,8640,285,24.93
8503,8602,285,52.43
6912,7011,285,118.36
4478,4378,285,0.66
6610,6709,286,123.34
7226,7325,286,84.77
8737,8836,286,50.01
7008,7107,286,47.64
8835,8934,286,48.74
8336,8435,286,49.43
8548,8647,286,52.08
7207,7306,286,56.91
6908,7007,286,47.57
8939,9038,286,51.35
7616,7715,286,60.13
5515,5614,286,36.41
9140,9239,286,52.09
7931,8030,286,25.09
8034,8133,286,53.59
7419,7518,286,15.09
4422,4421,286,15.74
4025,4124,286,119.23
7327,7426,286,81.38
8742,8841,286,48.72
4820,4919,286,27.6
6113,6212,286,77.68
8844,8943,286,48.11
5914,6013,287,91.4
8252,8351,287,49.54
8537,8636,287,47.75
7818,7917,287,53.31
7905,8004,287,53.61
7607,7706,287,52.65
7939,8038,287,51.99
3529,3628,287,57.65
7109,7208,287,45.95
5418,5517,287,37.98
3132,3231,287,57.99
5118,5217,287,27.17
7734,7833,287,25.29
7334,7433,287,17.03
8437,8536,287,48.23
7733,7833,287,6.78
9040,9139,287,51.39
8535,8634,287,48.61
7011,7110,287,120.77
2834,2933,287,29.77
6212,6311,288,78.38
5614,5713,288,121.22
7518,7617,288,82.45
8738,8837,288,48.51
8231,8330,288,47.88
8233,8332,288,49.24
6708,6807,288,44.14
8602,8701,288,53.54
7531,7630,288,25.79
8128,8227,288,23.74
7210,7309,288,45.38
8109,8208,288,23.29
8204,8303,288,55.97
6867,6966,288,29.69
7813,7912,288,53.97
4124,4223,288,96.84
7263,7362,288,24.92
7426,7525,288,81.27
8235,8334,288,25.38
8104,8203,288,54.77
8640,8739,288,48.76
8839,8938,288,24
8504,8603,288,54.39
8403,8502,288,54.47
6013,6112,289,78.7
5517,5616,289,125.36
9038,9137,289,48.74
8435,8534,289,48.63
7325,7424,289,52.19
8647,8746,289,55.73
7007,7106,289,48.22
7306,7405,289,54.03
6709,6808,289,64.69
8836,8935,289,50.01
8934,9033,289,48.68
7107,7206,289,54.09
7715,7814,289,47.9
5516,5615,289,30
9239,9338,289,48.9
7329,7428,289,25.7
7830,7929,289,25.02
8032,8131,289,25.81
7233,7332,289,16.41
8234,8333,289,24.89
7955,8055,289,7.52
3231,3330,289,70.87
7533,7532,289,5.11
8841,8940,289,47.81
7433,7532,289,84.23
8943,9042,289,48.9
6311,6410,290,104.17
5713,5812,290,86.86
7833,7932,290,52.11
7917,8016,290,49.98
8004,8103,290,54.63
7706,7805,290,57.6
7208,7307,290,55.76
8351,8450,290,55.82
8636,8735,290,48.86
5217,5316,290,61.39
8038,8137,290,55.78
7330,7429,290,26.05
2635,2734,290,20.19
7912,8011,290,71.74
8536,8635,290,48.36
7911,8011,290,7.44
9139,9238,290,50.09
8634,8733,290,48.63
2345,2344,290,4.87
7525,7624,290,80.45
2933,3032,290,47.16
7424,7523,291,79.96
5615,5714,291,98.76
8055,8154,291,73.63
8334,8433,291,48.86
8330,8429,291,48.29
6807,6906,291,60.75
8227,8326,291,48.12
7617,7716,291,65.98
3628,3727,291,37.88
8208,8307,291,53.28
8332,8431,291,47.76
4919,5018,291,29.12
8938,9037,291,49.96
4323,4322,291,12.57
7109,7209,291,12.98
7309,7408,291,55.45
4621,4720,291,21.24
4223,4322,291,68.24
8010,8110,291,7.75
7559,7659,291,6.79
5679,5779,291,4.61
8739,8838,291,48.26
7110,7209,291,42.01
2444,2443,291,4.96
8837,8936,291,50.71
8603,8702,291,52.58
8203,8302,291,56.31
6112,6211,291,79.96
7524,7623,291,25.53
5279,5380,291,1.24
8502,8601,291,51.87
8303,8402,291,56.64
5812,5911,292,94.56
9042,9141,292,50.11
7814,7913,292,52.18
8746,8845,292,53.25
8333,8432,292,48.49
7106,7205,292,54.81
7206,7305,292,56.74
8935,9034,292,48.29
6808,6907,292,60.26
9137,9236,292,47.24
8534,8633,292,48.63
8030,8129,292,24.55
9338,9437,292,49.2
7624,7723,292,77.53
7130,7229,292,17.35
8133,8232,292,25.45
7428,7527,292,51.93
7405,7504,292,52.02
6410,6509,292,116.04
3330,3429,292,60.23
9033,9132,292,49.48
5778,5878,292,4.6
8940,9039,292,49.54
6211,6310,293,108.37
5714,5813,293,111.54
7805,7904,293,55.42
8450,8549,293,53.59
8735,8834,293,49.34
5316,5415,293,66.57
8137,8236,293,53.78
7307,7406,293,55.6
7932,8031,293,51.97
8016,8115,293,51.81
6966,7065,293,28.79
6708,6707,293,11.28
7519,7618,293,14.67
7659,7758,293,75.74
8635,8734,293,48.98
9238,9337,293,47.33
8733,8832,293,47.99
3032,3131,293,56.93
8103,8202,293,56.02
7523,7622,293,78.48
7623,7722,293,77.83
8433,8532,294,48.6
8307,8406,294,53.06
7716,7815,294,50.68
6906,7005,294,69.56
8429,8528,294,48.49
8431,8530,294,48.06
5616,5715,294,32.46
3727,3826,294,59.24
7630,7729,294,26
7232,7331,294,17.03
7619,7718,294,15.73
7720,7819,294,15.53
4521,4620,294,15.05
7408,7507,294,53.54
8702,8801,294,55.44
6509,6608,294,128.31
7362,7461,294,25.23
8302,8401,294,54.19
5976,6076,294,4.65
5877,5977,294,4.61
7209,7308,294,64
8936,9035,294,48.26
8838,8937,294,49.92
8326,8425,294,47.68
8402,8501,294,51.78
5878,5977,294,82.23
5911,6010,294,88.48
7618,7717,295,94.38
6310,6409,295,73.4
5813,5912,295,94.94
8633,8732,295,47.82
7305,7404,295,54.03
9132,9231,295,49.02
6907,7006,295,60.75
7205,7304,295,55.75
8845,8944,295,48.45
8432,8531,295,48.16
9236,9335,295,48.98
8154,8253,295,43.91
7723,7822,295,49.3
7532,7631,295,26.1
9437,9536,295,51.26
8131,8230,295,24.24
7929,8028,295,24.91
9141,9240,295,51.97
7504,7603,295,56.34
8232,8331,295,48.19
9037,9136,295,46.97
3429,3528,295,57.39
9034,9133,295,48.63
7005,7104,296,72.53
5715,5814,296,120.2
7819,7918,296,91.18
6076,6175,296,81.95
8202,8301,296,55.58
8115,8214,296,48.22
8834,8933,296,48.28
7904,8003,296,53.5
8549,8648,296,51.65
7722,7821,296,48.51
3826,3925,296,77.1
4720,4819,296,29.8
8734,8833,296,48.47
9337,9436,296,50.14
8832,8931,296,49.47
3131,3230,296,51.89
7429,7528,296,25.7
7406,7505,296,51.13
7758,7857,296,51.47
2451,2452,296,0.87
5912,6011,297,88.45
6409,6508,297,128.47
8532,8631,297,47.48
6010,6109,297,69.42
8528,8627,297,50.37
7331,7430,297,53.38
7718,7817,297,66.23
8406,8505,297,58.34
7815,7914,297,47.5
5415,5514,297,36.5
8530,8629,297,49.29
5018,5117,297,28.18
6707,6806,297,41.33
7507,7606,297,50.69
4421,4520,297,13.36
6273,6373,297,4.92
5180,5280,297,4.5
7308,7407,297,56.18
8937,9036,297,48.38
2537,2436,297,5.59
9035,9134,297,48.31
2734,2833,297,20.71
2656,2555,297,1.18
2655,2554,297,1.18
8425,8524,297,55.18
5814,5913,298,102.81
6175,6274,298,78.5
7822,7921,298,48.32
9133,9232,298,49.01
7404,7503,298,53.77
9231,9330,298,53.42
7304,7403,298,54.44
7006,7105,298,70.32
9335,9434,298,49.71
8253,8352,298,47.83
8531,8630,298,48.32
8230,8329,298,48.27
7717,7816,298,55.73
8732,8831,298,48.63
8129,8228,298,23.86
7229,7328,298,27.13
9536,9635,298,51.43
7332,7431,298,16.98
8331,8430,298,48.08
8110,8209,298,22.64
9136,9235,298,48.42
6471,6571,298,4.65
4422,4321,298,7.79
6174,6274,298,4.91
9039,9138,298,25.73
7603,7702,298,57.35
7527,7626,298,26.35
4578,4579,298,0.69
8944,9043,298,48.63
5514,5613,299,129.99
8933,9032,299,49.56
7918,8017,299,47.32
3230,3329,299,68
7104,7203,299,53.78
8648,8747,299,54.68
8214,8313,299,50.43
8031,8130,299,25.06
7622,7721,299,24.54
8236,8335,299,25.43
7913,8012,299,23.18
6508,6607,299,106.61
7857,7956,299,55.12
8833,8932,299,48.54
9436,9535,299,50.5
8931,9030,299,51.33
2537,2437,299,3.58
7505,7604,299,54.54
8003,8102,299,56.27
6011,6110,299,78.81
6571,6670,300,104.7
5913,6012,300,89.62
8524,8623,300,51.77
6109,6208,300,64.74
7817,7916,300,48.76
7914,8013,300,52.8
9134,9233,300,48.63
8627,8726,300,53.38
9036,9135,300,47.77
6373,6472,300,54.36
8631,8730,300,49.33
8629,8728,300,50.87
3925,4024,300,40.98
4620,4719,300,25.19
7461,7560,300,25.11
7729,7828,300,25.45
7606,7705,300,55.55
2436,2535,300,50.48
6806,6905,300,68.42
7327,7427,300,6.6
7407,7506,300,51.93
8505,8604,300,56.97
7430,7529,300,51.79
7819,7919,301,65.37
7065,7165,301,61.94
5380,5480,301,62.72
8055,8155,301,58.97
7624,7724,301,60.64
6669,6769,301,64.71
6768,6868,301,65.29
7659,7759,301,58.06
7426,7526,301,62.21
7525,7625,301,62.11
3875,3976,301,2.7
6670,6770,302,64.59
6472,6572,302,62.57
6110,6210,302,67.07
6571,6671,302,65.88
6109,6209,302,46.18
7104,7204,302,40.64
6175,6275,302,45.27
8406,8506,302,41.31
6076,6176,302,39.29
7815,7915,302,37.01
8115,8215,302,37.68
8549,8649,302,39.41
5779,5879,302,34.58
8433,8533,302,33.38
8307,8407,302,38.88
9236,9336,302,33.76
8154,8254,302,33.63
7723,7823,302,34.12
8429,8529,302,33.13
8450,8550,302,39.83
8016,8116,302,39.5
9042,9142,302,33.74
9437,9537,302,35.85
8746,8846,302,36.03
9137,9237,302,32.93
8334,8434,302,33.31
8227,8327,302,33.09
8351,8451,302,38.56
9141,9241,302,35.11
8208,8308,302,39.03
9338,9438,302,34.32
9239,9339,302,33.52
8801,8901,302,41.57
8011,8111,302,38.73
8702,8802,302,41.12
8326,8426,302,33
8603,8703,302,39.62
7603,7703,302,42.23
5878,5978,302,32.9
6011,6111,302,48.83
8013,8113,303,37.92
9233,9333,303,33.6
8730,8830,303,33.6
8623,8723,303,39.56
8313,8413,303,38.69
8017,8117,303,39.51
7203,7303,303,40.79
8747,8847,303,37.51
9043,9143,303,33.63
9232,9332,303,33.52
8228,8328,303,33.11
9330,9430,303,35.69
8728,8828,303,35.07
9434,9534,303,35.65
8352,8452,303,38.48
8012,8112,303,38.32
9635,9735,303,36.24
8524,8624,303,35.18
7702,7802,303,40.64
7914,8014,303,39.06
9134,9234,303,33.07
8627,8727,303,36.57
6373,6473,303,32.65
8631,8731,303,33.64
7918,8018,303,36.11
8648,8748,303,40.55
8214,8314,303,38.1
7822,7922,303,33.66
9231,9331,303,35.03
8629,8729,303,34.78
9335,9435,303,34.26
8253,8353,303,34.37
8532,8632,303,32.83
8528,8628,303,34.71
5977,6077,303,33.55
9536,9636,303,36.21
8845,8945,303,33.11
7857,7957,303,34.65
8209,8309,303,39.19
8155,8255,303,58.44
9030,9130,303,35.34
8931,9031,303,34.68
6208,6308,303,45.95
8505,8605,303,40.67
7604,7704,303,43.69
7505,7605,303,40.37
7758,7858,303,33.81
7430,7530,303,35.63
8425,8525,303,36.52
8944,9044,303,33.07
8604,8704,303,39.66
6176,6276,304,59.27
6671,6771,304,66.05
6209,6309,304,68.77
8451,8551,304,69.89
6572,6672,304,65.63
7919,8019,304,38.41
5480,5580,304,41.4
6707,6706,304,4.3
8649,8749,304,61.34
7759,7859,304,33.64
2654,2553,304,1.28
8112,8212,305,56.31
6473,6573,305,58.5
8255,8355,305,58.47
6308,6408,305,50.93
8111,8211,305,37.46
7915,8015,305,39.27
8846,8946,305,34.81
9339,9439,305,34.16
9241,9341,305,36.07
8116,8216,305,38.21
8703,8803,305,40.53
9142,9242,305,35.14
8215,8315,305,37.24
6274,6374,305,20.37
7503,7602,305,5.73
9537,9637,305,35.48
8506,8606,305,41.32
8901,9001,305,41.55
8407,8507,305,39.87
9438,9538,305,35.51
8802,8902,305,41.57
8308,8408,305,38.5
7823,7923,305,33.5
8452,8552,305,68.76
8426,8526,305,33.9
8254,8354,305,34.64
7703,7803,305,40.58
2659,2558,305,0.8
6276,6376,306,70.2
9143,9243,306,34.77
8525,8625,306,38.31
8723,8823,306,39.14
6077,6177,306,38.93
9332,9432,306,35.03
8624,8724,306,33.53
7957,8057,306,34.14
8748,8848,306,35
9430,9530,306,34
8014,8114,306,38.27
8309,8409,306,38.94
8314,8414,306,38.83
8828,8928,306,35.79
8729,8829,306,33.95
8847,8947,306,34.28
8704,8804,306,39.98
9333,9433,306,34.38
7858,7958,306,34.32
8117,8217,306,38.87
8830,8930,306,34.23
8018,8118,306,38.28
9234,9334,306,33.64
8113,8213,306,37.71
8413,8513,306,38.23
8327,8427,306,32.97
5978,6078,306,33.17
6275,6375,306,29.65
9636,9736,306,36.39
5580,5680,306,51.36
7403,7502,306,5.73
7702,7801,306,5.74
2833,2932,306,6.16
8727,8827,306,35.99
6771,6871,306,68.03
9130,9230,306,34.53
6966,7066,306,15.32
7922,8022,306,34.78
8749,8849,306,56.88
6672,6772,306,67.26
9031,9131,306,34.15
6867,6967,306,15.39
8551,8651,306,57.57
9534,9634,306,36.53
7263,7363,306,14.57
8353,8453,306,37.87
7164,7264,306,14.57
9044,9144,306,33.64
7704,7804,306,41.36
5879,5979,306,29.24
8605,8705,306,40.32
7802,7902,306,40.1
8354,8454,307,61.6
6573,6673,307,64.6
8019,8119,307,35.76
7859,7959,307,33.96
8328,8428,307,32.98
7828,7928,307,14.56
7529,7629,307,14.94
8726,8826,307,14.74
7560,7660,307,14.49
7626,7726,307,14.73
9330,9429,307,4.92
7461,7561,307,14.66
7729,7829,307,14.75
8129,8229,307,14.38
8355,8455,307,57.54
7630,7730,307,14.94
9240,9340,307,14.74
7956,8056,307,14.43
7720,7820,307,11.66
8110,8210,307,14.2
8552,8652,307,56.65
7362,7462,307,14.65
8945,9045,307,33
7527,7627,307,15.04
7528,7628,307,14.94
7066,7166,308,63.97
8057,8157,308,58.65
8409,8509,308,57.68
8315,8415,308,37.91
8902,9002,308,40.91
9242,9342,308,35.51
9439,9539,308,35.01
8216,8316,308,36.91
7923,8023,308,33.51
8408,8508,308,38.77
8211,8311,308,37.37
8212,8312,308,37.67
9637,9737,308,36.03
9538,9638,308,35.18
9001,9101,308,41.5
7625,7725,308,14.64
6769,6869,308,15.76
8803,8903,308,40.25
7921,8021,308,12.8
9434,9533,308,4.92
9635,9734,308,4.93
8526,8626,308,36.98
7165,7265,308,14.75
8849,8949,308,57.41
8507,8607,308,41.28
8453,8553,308,64.05
6868,6968,308,15.64
8022,8122,308,63.76
2538,2438,308,2.51
4321,4420,308,10.95
7803,7903,308,39.66
6772,6872,308,68.85
6871,6971,308,69.65
8606,8706,308,41.28
7724,7824,308,14.47
7660,7760,309,59.08
8454,8554,309,57.57
9144,9244,309,34.78
8829,8929,309,35
9243,9343,309,34.78
6078,6178,309,40.39
8217,8317,309,37.71
8118,8218,309,39.53
7958,8058,309,34.23
8823,8923,309,38.92
8804,8904,309,39.33
7801,7901,309,40.45
8414,8514,309,38.69
9530,9630,309,33.55
7820,7920,309,67.84
8946,9046,309,33.16
6374,6474,309,27.8
8550,8650,309,14.84
6770,6870,309,15.81
7561,7661,309,59.07
8455,8555,309,54.51
8928,9028,309,35.15
8651,8751,309,44.35
8056,8156,309,58.77
6673,6773,309,68.13
7462,7562,309,60.27
8513,8613,309,39.1
8705,8805,309,40.32
7902,8002,309,41.21
6872,6972,310,69.77
8122,8222,310,63.46
8157,8257,310,58.06
7959,8059,310,33.99
8119,8219,310,38.47
9340,9440,310,34.72
8427,8527,310,33.22
8724,8824,310,33.29
5680,5780,310,30.95
5613,5712,310,5.58
8021,8121,310,63.13
2867,2767,310,0.58
5979,6079,310,30.63
8554,8654,311,52.02
6773,6873,311,70.19
8156,8256,311,59.1
9533,9633,311,35.61
7920,8020,311,64
9002,9102,311,41.55
8415,8515,311,38.89
8508,8608,311,39.73
9342,9442,311,35.03
8312,8412,311,37.93
9539,9639,311,34.56
8316,8416,311,37.24
8023,8123,311,34.24
9737,9837,311,36.03
9638,9738,311,36.53
6178,6278,311,58.21
8509,8609,311,39.22
8949,9049,311,34.37
9101,9201,311,39.58
8652,8752,311,26.79
3329,3428,311,7.89
8903,9003,311,40.05
7661,7761,311,59.06
8706,8806,311,41.04
4223,4222,311,2.11
7760,7860,311,59.05
7562,7662,311,59.59
8607,8707,311,41.88
4277,4278,311,1.02
7824,7924,311,33.96
9045,9145,311,33.13
6972,7072,312,69.89
8222,8322,312,60.29
9244,9344,312,34.77
8058,8158,312,33.83
9343,9443,312,35.64
8317,8417,312,37.24
8218,8318,312,38.88
6474,6574,312,47.48
6376,6476,312,19.19
6177,6277,312,18.26
9341,9441,312,14.73
9331,9431,312,12.2
9735,9835,312,11.71
8257,8357,312,57.33
8929,9029,312,36.73
8904,9004,312,38.77
8805,8905,312,39.33
9028,9128,312,33.86
7901,8001,312,40.29
8514,8614,312,38.78
4779,4780,312,1.02
6873,6973,313,70.43
9440,9540,313,34.32
8059,8159,313,33.64
8824,8924,313,33.36
8751,8851,313,31.85
8947,9047,313,14.34
8625,8725,313,14.81
6967,7067,313,15.85
8555,8655,313,30.9
8827,8927,313,14.65
5780,5880,313,35.69
6079,6179,313,40.91
8219,8319,313,39.56
7363,7463,313,14.66
7264,7364,313,14.57
8121,8221,313,38.85
7761,7861,313,59.04
9046,9146,313,32.36
7662,7762,313,59.66
6277,6377,314,78.1
6574,6674,314,62.06
8158,8258,314,57.87
7860,7960,314,33.96
9639,9739,314,36.51
9738,9838,314,36.44
9145,9245,314,33.99
8707,8807,314,41.86
8412,8512,314,38.61
7924,8024,314,33.84
9442,9542,314,34.78
8020,8120,314,37.78
9102,9202,314,40.56
8416,8516,314,38.43
9049,9149,314,35.87
7628,7728,314,14.94
7726,7826,314,14.46
9429,9529,314,14.4
9201,9301,314,40.43
7627,7727,314,14.84
8210,8310,314,14.29
6375,6475,314,13.77
8826,8926,314,14.41
9003,9103,314,41.32
8848,8948,314,14.22
7072,7172,314,70.77
3675,3776,314,4.93
8608,8708,314,40.75
8609,8709,314,39.48
8515,8615,314,38.64
8806,8906,314,40.36
2665,2666,314,1.02
7364,7464,315,59.67
7463,7563,315,59.66
7067,7167,315,65.93
8322,8422,315,38.96
8614,8714,315,39.33
9344,9444,315,35.57
9441,9541,315,34.08
9029,9129,315,34.87
9443,9543,315,36.47
8417,8517,315,37.84
6968,7068,315,16.19
7725,7825,315,14.46
6971,7071,315,16.52
7265,7365,315,14.66
9432,9532,315,12.11
8752,8852,315,32.2
8654,8754,315,32.29
9736,9836,315,11.75
8318,8418,315,37.91
8102,8201,315,5.74
7166,7266,315,14.92
6706,6805,315,13.22
6476,6576,315,39.56
2436,2435,315,5.01
6973,7073,315,70.12
9004,9104,315,39.72
8001,8101,315,41.23
8905,9005,315,38.21
6869,6969,315,15.82
4478,4479,315,1.02
7762,7862,315,59.68
8310,8410,316,57.96
8851,8951,316,34.28
8924,9024,316,33.6
8221,8321,316,38.3
9540,9640,316,34
8613,8713,316,14.6
9630,9730,316,14.36
8311,8411,316,14.25
8655,8755,316,33.49
8357,8457,316,32.87
7203,7302,316,5.74
8553,8653,316,13.94
6607,6606,316,5.48
8948,9048,316,58.98
8319,8419,316,39.25
8651,8750,316,14.57
6674,6774,316,67.79
6870,6970,316,16.19
8923,9023,316,14.46
2564,2463,316,0.82
7861,7961,316,33.96
9146,9246,316,33.51
7464,7564,317,59.67
7068,7168,317,68.76
7071,7171,317,71.8
7826,7926,317,34
7365,7465,317,60.12
8615,8715,317,38.62
7563,7663,317,59.65
8024,8124,317,33.83
7960,8060,317,33.93
9739,9839,317,36.97
9245,9345,317,35.62
9542,9642,317,35.48
8159,8259,317,33.32
8807,8907,317,41.7
8709,8809,317,41.27
9734,9834,317,11.64
8708,8808,317,42.46
5880,5980,317,30.42
9301,9401,317,43.13
9202,9302,317,41.22
8120,8220,317,36.46
9103,9203,317,41.88
7073,7173,317,70.01
8516,8616,317,38.5
6278,6378,317,19.48
8512,8612,317,40.17
9149,9249,317,36
8906,9006,317,39.06
8713,8813,318,59.39
8410,8510,318,58.42
9541,9641,318,34.74
8754,8854,318,33.98
9532,9632,318,35.39
9543,9643,318,35.69
8422,8522,318,37.29
9444,9544,318,37.03
9129,9229,318,33.66
9005,9105,318,38.51
8258,8358,318,33.08
8256,8356,318,14.43
9837,9937,318,14.46
8852,8952,318,34
8517,8617,318,38.51
8418,8518,318,37.75
6774,6874,318,71.23
3575,3676,318,6.41
9104,9204,318,41.86
6576,6676,318,37.89
6377,6477,318,30.34
3875,3876,318,1.01
7862,7962,318,33.97
7465,7565,319,59.5
7663,7763,319,59.66
8612,8712,319,60.39
7564,7664,319,59.67
8321,8421,319,38.84
7961,8061,319,33.96
9246,9346,319,35.95
7302,7402,319,42.42
8419,8519,319,38.38
8951,9051,319,33.55
9640,9740,319,36.55
6475,6575,319,24.5
9128,9228,319,14.34
9431,9531,319,15.05
9835,9935,319,14.45
8755,8855,319,34.6
7173,7273,319,69.65
8028,8127,319,1.1
9048,9148,319,34.37
6378,6478,319,60.82
2734,2733,319,2.89
6179,6279,319,19.47
8356,8456,320,56.85
7926,8026,320,34.75
9642,9742,320,37.36
9345,9445,320,35.64
8124,8224,320,33.71
8060,8160,320,33.54
8750,8850,320,31.29
8809,8909,320,43.06
8927,9027,320,14.46
8725,8825,320,14.41
8123,8223,320,11.9
9006,9106,320,37.92
8457,8557,320,33.01
8808,8908,320,42.45
9834,9934,320,34.29
8653,8753,320,29.61
8907,9007,320,40.56
8715,8815,320,39.47
6874,6974,320,72.3
9401,9501,320,45.32
8220,8320,320,38.85
9302,9402,320,43.04
8510,8610,320,59.39
9203,9303,320,42.86
9633,9733,320,11.95
6477,6577,320,55.05
6676,6776,320,63.77
8616,8716,320,38.51
7565,7665,321,59.59
8712,8812,321,59.21
7664,7764,321,59.67
8518,8618,321,38.17
9643,9743,321,36.26
8522,8622,321,38.81
9544,9644,321,36.55
9105,9205,321,40.47
9641,9741,321,37
8813,8913,321,34.3
9229,9329,321,33.99
8259,8359,321,33.31
7727,7827,321,14.55
9529,9629,321,14.39
9204,9304,321,44.28
8926,9026,321,14.38
6575,6675,321,53.86
9047,9147,321,14.27
8617,8717,321,38.66
7763,7863,321,59.68
7962,8062,321,33.94
5980,6080,321,27.9
2658,2557,321,0.81
2656,2556,321,0.67
8223,8323,322,63.25
8456,8556,322,55.48
6776,6876,322,70.95
8061,8161,322,33.61
8519,8619,322,37.71
9740,9840,322,37.48
8421,8521,322,38.7
8854,8954,322,33.31
8855,8955,322,33.77
8358,8458,322,33.07
8952,9052,322,33.09
9836,9936,322,14.4
6969,7069,322,16.34
7167,7267,322,15
8714,8814,322,14.44
7266,7366,322,14.84
7825,7925,322,14.46
2535,2634,322,6.47
9346,9446,322,35.99
7172,7272,322,14.16
6974,7074,322,70.95
9148,9248,322,35.29
7665,7765,323,59.62
7764,7864,323,60.3
8224,8324,323,34.24
8850,8950,323,34.03
8909,9009,323,43.05
6577,6677,323,40.55
8610,8710,323,39.29
9402,9502,323,44.47
8320,8420,323,39.78
9742,9842,323,36.49
6970,7070,323,16.39
9730,9830,323,14.4
8411,8511,323,14.44
9501,9601,323,46.83
8908,9008,323,41.76
9106,9206,323,38.82
9838,9938,323,11.19
9303,9403,323,43.51
8815,8915,323,40.23
9445,9545,323,36.1
7171,7271,323,17.01
2541,2440,323,1.88
4321,4320,323,3.05
9007,9107,323,39.29
6675,6775,323,66.05
9024,9124,323,14.42
2563,2462,323,0.79
9023,9123,323,14.42
8716,8816,323,39.5
7069,7169,324,70.97
7074,7174,324,69.93
6876,6976,324,71.46
8618,8718,324,38.67
8622,8722,324,40.32
9205,9305,324,44.28
9741,9841,324,37.47
8062,8162,324,33.93
8812,8912,324,34.25
8160,8260,324,33.24
7827,7927,324,34.15
8557,8657,324,32.86
7168,7268,324,15.25
8753,8853,324,33.05
9304,9404,324,44.92
7366,7466,324,60.91
5580,5681,324,7.19
9743,9843,324,36.03
9644,9744,324,36.41
8913,9013,324,40
6080,6180,324,41.89
7863,7963,324,34.37
8717,8817,324,39.05
9147,9247,324,33.99
6775,6875,325,70.31
9009,9109,325,60.89
7070,7170,325,72.21
8324,8424,325,63.08
8521,8621,325,39.05
9248,9348,325,37.09
8619,8719,325,38.27
8323,8423,325,36.04
8359,8459,325,33.07
6279,6379,325,18.8
6606,6705,325,16.32
9632,9732,325,14.93
4024,4123,325,5.68
6905,7004,325,5.78
9446,9546,325,35.45
6677,6777,325,61.19
8511,8611,325,60.12
9052,9152,325,34.81
7268,7368,326,62.85
7174,7274,326,70.65
6976,7076,326,70.71
8950,9050,326,34.4
8710,8810,326,39.23
9502,9602,326,45.18
8420,8520,326,39.12
7864,7964,326,34.77
8816,8916,326,39.93
9123,9223,326,37.88
8915,9015,326,34.26
7765,7865,326,34.73
8954,9054,326,32.83
8458,8558,326,33.07
8556,8656,326,32.4
8161,8261,326,33.25
9531,9631,326,14.6
9601,9701,326,44.9
9228,9328,326,14.38
9008,9108,326,40.43
9839,9939,326,11.32
9206,9306,326,42.42
9403,9503,326,43.2
8955,9055,326,32.92
7466,7566,326,59.54
9249,9349,326,11.65
9842,9942,326,34.77
9545,9645,326,37.55
2541,2441,326,1.54
2538,2439,326,2.77
4819,4918,326,0.99
9107,9207,326,38.56
9124,9224,326,38.55
9109,9209,327,60.24
6875,6975,327,72.01
6777,6877,327,72.72
8611,8711,327,59.59
6379,6479,327,59.08
8817,8917,327,39.1
8722,8822,327,39.53
9305,9405,327,46.25
9841,9941,327,34.76
8912,9012,327,40.85
8853,8953,327,33.6
8162,8262,327,33.53
8825,8925,327,14.39
9733,9833,327,14.75
9404,9504,327,44.07
8026,8126,327,14.57
8718,8818,327,38.95
9013,9113,327,39.25
9027,9127,327,14.38
7273,7373,327,13.95
9247,9347,327,37.22
9843,9943,327,34.38
9744,9844,327,35.11
7963,8063,327,33.94
7274,7374,328,70.66
7076,7176,328,71.39
8719,8819,328,39.17
9546,9646,328,36.58
8423,8523,328,39.01
9152,9252,328,39.31
8621,8721,328,39.41
8657,8757,328,33.07
8260,8360,328,33.07
9701,9801,328,60.9
9629,9729,328,14.4
7566,7666,328,59.52
5681,5781,328,32.37
9348,9448,328,36.95
9026,9126,328,14.39
9051,9151,328,11.86
6208,6307,328,5.06
6877,6977,329,72.59
6479,6579,329,62.02
6975,7075,329,70.98
9349,9449,329,34.41
7865,7965,329,34.36
9015,9115,329,39.12
8810,8910,329,41.78
9207,9307,329,40.74
8916,9016,329,39.22
9602,9702,329,44.19
8520,8620,329,38.28
8459,8559,329,32.84
7272,7372,329,14.31
7267,7367,329,15.11
9306,9406,329,45.86
6478,6578,329,10.45
9503,9603,329,43.61
9108,9208,329,39.9
9050,9150,329,36.41
8814,8914,329,14.57
9645,9745,329,37.04
7925,8025,329,14.54
7964,8064,329,33.98
5080,5181,329,3.16
7176,7276,330,74.4
9405,9505,330,44.9
6307,6407,330,52.68
9012,9112,330,39.69
9844,9944,330,33.64
8063,8163,330,33.92
8711,8811,330,39.11
8261,8361,330,33.09
8558,8658,330,32.65
8656,8756,330,33.24
9209,9309,330,41.18
9504,9604,330,42.7
6805,6904,330,9.68
7666,7766,330,59.54
9830,9930,330,14.35
9113,9213,330,39.24
6180,6280,330,18.61
9054,9154,330,32.98
9055,9155,330,33.07
8818,8918,330,38.77
9347,9447,330,36.48
7602,7701,330,5.73
7075,7175,331,70.71
6578,6678,331,57.48
9702,9802,331,61.53
6977,7077,331,72.12
5181,5281,331,58.18
7367,7467,331,62.09
6579,6679,331,65.59
9646,9746,331,36.52
9151,9251,331,39.45
8721,8821,331,39.73
8917,9017,331,33.08
8953,9053,331,32.89
8262,8362,331,33.11
9252,9352,331,38.13
7170,7270,331,16.79
7169,7269,331,15.87
7927,8027,331,14.67
9840,9940,331,11.49
8757,8857,331,33.56
8823,8922,331,5.78
9448,9548,331,35.86
5781,5881,331,38.65
8126,8226,331,33.14
7271,7371,331,14.02
8819,8919,331,39.36
4980,5081,331,2.87
3375,3476,331,2.79
7502,7601,331,5.71
4076,4077,331,1.02
2972,2973,331,0.87
7276,7376,332,73.77
6407,6507,332,71.48
9449,9549,332,35.71
9115,9215,332,33.53
8910,9010,332,43.65
9307,9407,332,43.54
9016,9116,332,38.64
8620,8720,332,38.33
9150,9250,332,38.42
9745,9845,332,34.78
8360,8460,332,33.32
9406,9506,332,44.79
9603,9703,332,42.86
8914,9014,332,40.63
7965,8065,332,34.38
7766,7866,332,59.61
9208,9308,332,40.35
9732,9832,332,14.65
8064,8164,332,33.62
7269,7369,333,64.68
7175,7275,333,73.14
7077,7177,333,73.92
9802,9902,333,57.05
8361,8461,333,33.45
9154,9254,333,35.65
8918,9018,333,38.82
8163,8263,333,33.57
8811,8911,333,40.46
9604,9704,333,41.17
8756,8856,333,34.17
9155,9255,333,34.36
9505,9605,333,42.98
9447,9547,333,34.25
5281,5381,333,66.32
9112,9212,333,39.69
8559,8659,333,32.17
9328,9428,333,14.41
7467,7567,333,60.29
9631,9731,333,14.47
7270,7370,333,68.03
9213,9313,333,41.09
9309,9409,333,41.44
6679,6779,333,51.68
6678,6778,333,56.02
3475,3576,333,2.8
7376,7476,334,71.7
9017,9117,334,39.42
9746,9846,334,34.38
8362,8462,334,33.45
9251,9351,334,36.41
8658,8758,334,32.97
9352,9452,334,33.87
7373,7473,334,14.69
9833,9933,334,14.42
8857,8957,334,33.83
9223,9323,334,14.21
9224,9324,334,14.18
8925,9025,334,14.39
6606,6605,334,5.58
5881,5981,334,34.71
9127,9227,334,14.34
9548,9648,334,37.09
9053,9153,334,33.48
3275,3376,334,2.82
3073,3074,334,1.19
8821,8921,334,40.08
8922,9022,334,39.18
8919,9019,334,39.57
7177,7277,335,74.79
8911,9011,335,62.63
6778,6878,335,71.58
7275,7375,335,72.98
9605,9705,335,60.24
9014,9114,335,39.73
9010,9110,335,41.82
9549,9649,335,39.09
9250,9350,335,35.2
9215,9315,335,41
9407,9507,335,43.24
8720,8820,335,39.29
7372,7472,335,17.27
7374,7474,335,14.34
5381,5481,335,58.74
7369,7469,335,64.13
9506,9606,335,42.44
9703,9803,335,41.86
9729,9829,335,14.39
8164,8264,335,33.58
7368,7468,335,12.2
9409,9509,335,60.39
9126,9226,335,14.39
7866,7966,335,34.34
7370,7470,335,66.06
7567,7667,335,60.22
9308,9408,335,41.46
6779,6879,335,69.59
8065,8165,335,33.98
5981,6081,336,59.09
7476,7576,336,70.34
9018,9118,336,40.65
9704,9804,336,41.31
9313,9413,336,43.96
9547,9647,336,35.38
9254,9354,336,36.73
8460,8560,336,33.07
9845,9945,336,33.28
9212,9312,336,41.85
9801,9901,336,14.26
5712,5811,336,5.58
2932,3031,336,4.84
6280,6380,336,18.79
2564,2464,336,0.66
8025,8125,336,14.5
9705,9805,337,60.24
6879,6979,337,75.08
6878,6978,337,74.33
7667,7767,337,59.42
7470,7570,337,65.61
7277,7377,337,72.69
9606,9706,337,60.95
8758,8858,337,33.84
9022,9122,337,38.6
8957,9057,337,33.67
9323,9423,337,34.14
9153,9253,337,37.77
9351,9451,337,33.34
8263,8363,337,33.07
9452,9552,337,33.43
8659,8759,337,32.63
9803,9903,337,58.15
5481,5581,337,51.38
9648,9748,337,37.03
6380,6480,338,54.9
9804,9904,338,59.67
9315,9415,338,43.09
9011,9111,338,41.32
9110,9210,338,40.19
9114,9214,338,39.15
9846,9946,338,33.3
9324,9424,338,33.32
8820,8920,338,39.94
9509,9609,338,40.08
6705,6804,338,11.02
9649,9749,338,39.58
3230,3229,338,1.96
8165,8265,338,33.92
7966,8066,338,34.34
9408,9508,338,41.7
9507,9607,338,41.73
9805,9905,339,60.23
6978,7078,339,75.3
6979,7079,339,77.14
9706,9806,339,60.9
7767,7867,339,59
7377,7477,339,73.79
9413,9513,339,43.89
9354,9454,339,35.18
9350,9450,339,33.07
9832,9932,339,14.33
7371,7471,339,13.75
9647,9747,339,36.33
2435,2534,339,6.07
9312,9412,339,43.04
8264,8364,339,33.17
9607,9707,340,60.24
6480,6580,340,66.81
9210,9310,340,60.94
9253,9353,340,38.06
9423,9523,340,35.38
8858,8958,340,33.98
9122,9222,340,37.81
8560,8660,340,31.86
9748,9848,340,34.38
8125,8225,340,33.26
9552,9652,340,34.41
7473,7573,340,17.32
8856,8956,340,14.56
8461,8561,340,14.34
9428,9528,340,14.42
9609,9709,340,60.22
2436,2336,340,2.36
9508,9608,340,60.64
9731,9831,340,14.4
2969,2869,340,0.58
7079,7179,341,78.35
9806,9906,341,60.19
7078,7178,341,77.12
7471,7571,341,68.17
9415,9515,341,44.02
9214,9314,341,40.43
8066,8166,341,33.96
9111,9211,341,40.2
9451,9551,341,33.31
7472,7572,341,16.94
9227,9327,341,14.41
8462,8562,341,14.42
9116,9216,341,11.18
7477,7577,341,74.91
7004,7103,341,9.33
9025,9125,341,14.39
7302,7401,341,5.71
9424,9524,341,34.93
8363,8463,341,33.31
9057,9157,341,33.09
2542,2442,341,1.29
8920,9020,341,39.65
2733,2832,341,6.54
6580,6680,342,71.22
9608,9708,342,60.19
9707,9807,342,60.91
9513,9613,342,42.39
7867,7967,342,34.37
9412,9512,342,42.9
7474,7574,342,14.39
9829,9929,342,14.4
9310,9410,342,61.59
9255,9355,342,11.82
9747,9847,342,34.13
7468,7568,342,15
3528,3627,342,1.03
9226,9326,342,14.36
2562,2461,342,0.8
7179,7279,343,75.39
7178,7278,343,74.96
9353,9453,343,34.48
9652,9752,343,37.27
9523,9623,343,35.08
7375,7475,343,14.07
9019,9119,343,11.44
6081,6181,343,15.84
9117,9217,343,11.64
9709,9809,343,41.75
3676,3777,343,5.72
8364,8464,343,33.07
4322,4221,343,2.09
7469,7569,343,12.51
8921,9021,343,11.16
9708,9808,344,60.87
6680,6780,344,53.32
9020,9120,344,38.89
9216,9316,344,35.55
9515,9615,344,43.53
9314,9414,344,43.2
9211,9311,344,41.3
9551,9651,344,34.97
8166,8266,344,33.95
8561,8661,344,32.27
9848,9948,344,33.27
8225,8325,344,33.01
8660,8760,344,32.28
8759,8859,344,14.47
6605,6704,344,15.12
7576,7676,344,13.63
7402,7501,344,5.72
8958,9058,344,33.25
6607,6506,344,3.17
5217,5216,344,1.3
4880,4981,344,2.81
7568,7668,344,62.54
9524,9624,344,34.65
7401,7501,344,40.59
9157,9257,344,33.46
7475,7575,345,69.3
7278,7378,345,70.04
7279,7379,345,71.07
9512,9612,345,41.55
9613,9713,345,41.36
7570,7670,345,12.87
9118,9218,345,11.79
9410,9510,345,41.22
7967,8067,345,34.36
8562,8662,345,32.74
8265,8365,345,14.33
9453,9553,346,34.21
9021,9121,346,38.21
8464,8564,346,33.52
9752,9852,346,42.26
7668,7768,346,60.19
9847,9947,346,33.19
3329,3328,346,2.05
9809,9909,346,42.7
2436,2335,346,2.87
9623,9723,346,34.38
6780,6880,346,66.76
7378,7478,347,73.54
7379,7479,347,73.79
9615,9715,347,35.04
9414,9514,347,44.49
9651,9751,347,39.27
9808,9908,347,41.75
9528,9628,347,14.35
8956,9056,347,14.37
9831,9931,347,14.35
9311,9411,347,42.46
8266,8366,347,33.51
8859,8959,347,34.17
9749,9849,347,12.3
9510,9610,348,39.96
8067,8167,348,33.98
9612,9712,348,40.43
9713,9813,348,40.43
9624,9724,348,33.28
7571,7671,348,15.84
9222,9322,348,14.29
7573,7673,348,14.04
9450,9550,348,11.3
9327,9427,348,14.47
7577,7677,348,14.69
8760,8860,348,33.29
8661,8761,348,32.13
9058,9158,348,32.92
8463,8563,348,14.42
9454,9554,348,11.94
6880,6980,348,75.3
9125,9225,348,14.37
7479,7579,349,77.12
8564,8664,349,33.47
8365,8465,349,32.63
9807,9907,349,14.74
7572,7672,349,13.75
9553,9653,349,34.76
9852,9952,349,40.71
4579,4680,349,2.89
8662,8762,349,32.5
9723,9823,349,34.26
9326,9426,349,14.36
6980,7080,350,78.17
9514,9614,350,43.01
9751,9851,350,42.09
9411,9511,350,36.06
9119,9219,350,14.65
7569,7669,350,15.46
3777,3877,350,15.49
7574,7674,350,14.1
6181,6281,350,15.52
3131,3130,350,1.49
8167,8267,351,33.98
9322,9422,351,34.45
9712,9812,351,41.57
9610,9710,351,40.04
9550,9650,351,36.99
9120,9220,351,14.38
7676,7776,351,14.39
9554,9654,351,35.61
8366,8466,351,32.76
9355,9455,351,11.89
8959,9059,351,33.19
2351,2352,351,1.51
9056,9156,351,33.1
5911,5910,351,1.42
7080,7180,352,78.42
9823,9923,352,35.04
7670,7770,352,15.54
9218,9318,352,14.68
9217,9317,352,11.76
9653,9753,352,36.1
9158,9258,352,33.23
5316,5315,352,1.3
8761,8861,352,32.72
9426,9526,352,33.76
3174,3175,352,1.02
9511,9611,353,40.43
9614,9714,353,41.05
9219,9319,353,34.05
8664,8764,353,32.84
8465,8565,353,33.07
8762,8862,353,32.61
7575,7675,353,13.72
9316,9416,353,11.93
7768,7868,353,14.49
9851,9951,353,37.46
6804,6903,353,9.57
2436,2337,353,2.61
2346,2245,353,1.06
9257,9357,353,11.71
7180,7280,354,75.78
9220,9320,354,33.76
9650,9750,354,40.72
9422,9522,354,35.45
9710,9810,354,42.24
8267,8367,354,33.93
7478,7578,354,16.23
9715,9815,354,14.48
9628,9728,354,14.3
9121,9221,354,14.24
6010,6009,354,1.47
2347,2246,354,1.05
6903,7003,355,59.57
9317,9417,355,35.11
9318,9418,355,34.2
9059,9159,355,32.75
3877,3977,355,21.34
8563,8663,355,14.3
9813,9913,355,14.88
9724,9824,355,14.45
7677,7777,355,14.56
6605,6604,355,4.86
9753,9853,355,41.85
9427,9527,355,14.45
6904,7003,355,5.77
5481,5582,355,7.19
7579,7679,355,16.87
3727,3726,355,1.3
8860,8960,355,14.41
8466,8566,355,32.88
9258,9358,355,34.3
7280,7380,356,74.17
7578,7678,356,77.07
9357,9457,356,35.1
9611,9711,356,40
9319,9419,356,33.92
7868,7968,356,34.37
8861,8961,356,33.16
7672,7772,356,16.01
7673,7773,356,13.87
7671,7771,356,12.88
6281,6381,356,19.5
6307,6406,356,5.1
9849,9949,356,11.34
2972,2872,356,0.49
9225,9325,356,14.27
9750,9850,357,39.37
9320,9420,357,34.17
9522,9622,357,35.48
8862,8962,357,32.67
8565,8665,357,33.32
7669,7769,357,15.18
7103,7202,357,9.2
2347,2247,357,0.85
9824,9924,358,35.17
9853,9953,358,43.02
9358,9458,358,34.95
9221,9321,358,33.32
7776,7876,358,14.91
9812,9912,358,15
7674,7774,358,14.28
7380,7480,358,76.19
3576,3677,358,5.72
6704,6803,358,10.31
2733,2732,358,2.6
8961,9061,359,33.43
9419,9519,359,33.91
9711,9811,359,41.95
9457,9557,359,35.34
9159,9259,359,33.18
7675,7775,359,17.01
7770,7870,359,15.13
6380,6481,359,6.32
6381,6481,359,47.19
7968,8068,359,34.78
9526,9626,359,14.33
2348,2248,359,1.18
9420,9520,360,34.95
7769,7869,360,34.77
9714,9814,360,14.57
9654,9754,360,12.17
9156,9256,360,11.46
9622,9722,360,34.65
9850,9950,360,34.76
5582,5682,360,22.15
5981,6082,360,5.45
6606,6505,360,3.23
2438,2338,360,1.95
9455,9555,360,12.16
9325,9425,360,32.96
7480,7580,360,77.47
4278,4379,360,2.89
8665,8765,361,7.54
8764,8864,361,3.94
2335,2434,361,27.22
2534,2633,361,5.83
6109,6108,361,2.5
3826,3825,362,1.84
6481,6581,363,14.15
9810,9910,363,3.27
6903,7002,363,27.26
2832,2931,363,9.48
4780,4881,363,1.73
9458,9558,364,8.01
9321,9421,364,7.81
7003,7102,364,27.23
9815,9915,364,3.56
8367,8467,364,3.96
9416,9516,364,4.62
6604,6703,364,24.65
9728,9828,364,3.99
6803,6902,365,27.3
2438,2339,365,6.2
5613,5612,365,2.27
5514,5513,365,2.04
4024,4023,366,2.83
4177,4178,366,0.82
4221,4220,367,7.56
6680,6781,367,3.35
5681,5782,367,2.2
4479,4580,367,1.77
7679,7779,367,3.21
8566,8666,368,3.97
8960,9060,368,3.87
8663,8763,368,3.93
6604,6603,368,11.5
9527,9627,368,3.94
7777,7877,368,3.71
4520,4619,368,3.25
7002,7101,369,27.08
6505,6504,369,11.3
9061,9161,369,7.56
9519,9619,369,7.58
9557,9657,369,8.01
8068,8168,369,7.77
6605,6504,369,7.91
9259,9359,369,7.81
9723,9822,369,8.16
6703,6802,370,27.06
7102,7201,370,27.2
9418,9518,370,4.71
9417,9517,370,4.68
2335,2334,370,7.12
2444,2343,370,2.58
6902,7001,371,27.23
7202,7301,371,12.07
9823,9922,371,8.31
3229,3228,371,5.16
2440,2340,371,4.26
5481,5482,371,3.24
6781,6881,372,21.52
7772,7872,372,4.11
7773,7873,372,3.95
9422,9521,372,8.3
6506,6405,372,8.75
4123,4122,372,3.76
7678,7778,372,3.43
9426,9525,372,7.97
7869,7969,373,7.88
9520,9620,373,7.74
7771,7871,373,2.93
9357,9456,373,8.36
3130,3129,373,6.04
5712,5711,373,2.29
9256,9356,373,7.93
6208,6207,373,1.8
2345,2244,373,2.29
2348,2249,373,2.78
6603,6702,374,26.23
9522,9621,374,8.31
2534,2533,374,4.19
5782,5882,375,12.82
8765,8865,375,7.51
8962,9062,375,3.97
9457,9556,375,8.38
6381,6482,375,7.26
2561,2460,375,1.04
3275,3276,375,0.83
2334,2433,376,27.29
6802,6901,376,27.3
3825,3924,376,10.68
9622,9721,376,8.17
3228,3327,377,27.22
9558,9658,377,8
6581,6681,377,7.41
9557,9656,377,8.39
2441,2341,377,3.4
6603,6602,378,10.12
9061,9160,378,7.89
9519,9618,378,7.9
9828,9928,378,7.68
8467,8567,378,7.49
9722,9821,378,8.15
6504,6503,379,10.28
4222,4121,379,3.94
7876,7976,379,3.82
5881,5982,379,2.22
6881,6981,379,16.59
6702,6801,380,27.08
7774,7874,380,3.72
2732,2831,380,6.48
2832,2831,380,3.46
2351,2251,380,1.33
2565,2566,380,0.82
6405,6404,381,11.99
6482,6582,381,18.57
9626,9726,381,4.17
5181,5282,381,2.17
6207,6306,382,16.67
9657,9757,382,8.09
8168,8268,382,7.71
8666,8766,382,7.5
9555,9655,382,4.61
9828,9927,382,8.02
5081,5182,382,2.25
2350,2250,382,1.08
9359,9459,382,7.87
2334,2333,383,7.98
9517,9617,383,7.72
9161,9261,383,7.43
9619,9719,383,7.48
2931,3030,383,7.35
6602,6701,384,26.41
9754,9854,384,4.34
7775,7875,384,3.6
2732,2731,384,4.14
5910,5909,385,3.48
6381,6382,385,3.6
3228,3227,386,7.13
9657,9756,386,8.47
7870,7970,386,3.32
7969,8069,386,7.94
6981,7081,387,13.95
9620,9720,387,7.61
8864,8964,387,3.96
9811,9911,387,3.2
2554,2454,387,1.6
3129,3128,388,6.83
9517,9616,388,8.06
9161,9260,388,7.75
9619,9718,388,7.8
2441,2342,388,3.39
4420,4519,388,3.1
3428,3527,388,3.36
2333,2432,389,26.53
6602,6601,389,9.9
9814,9914,389,3.57
6503,6502,389,10.89
5282,5382,390,12.02
9658,9758,390,8.14
9628,9727,390,4.24
4719,4818,390,2.81
5909,6008,391,24.67
2433,2532,391,9.68
6405,6305,391,5.41
4221,4120,391,3.72
2336,2236,391,2.59
5811,5810,391,2.17
2338,2238,392,3.18
8764,8863,392,4.21
9728,9827,392,4.26
9626,9725,392,4.45
3576,3577,392,1.4
9526,9625,392,4.23
2554,2453,392,2.21
6405,6304,393,7.01
2338,2237,393,4.3
2337,2237,393,2.82
2336,2235,393,3.54
2333,2332,394,9.75
9757,9857,394,8.65
6404,6403,394,8.02
9656,9755,394,8.71
2339,2239,394,3.55
4320,4419,394,3.01
2560,2459,394,1.06
7081,7181,395,13.67
9854,9954,395,9.12
9459,9559,395,7.93
9726,9826,395,7.56
2244,2243,395,4.69
8864,8963,395,4.23
7876,7975,395,4.07
7877,7977,395,3.76
3030,3029,396,8.29
8766,8866,396,7.45
7779,7879,396,3.54
3328,3427,396,3.61
7872,7972,396,4.21
2335,2234,396,3.47
9617,9717,397,7.67
9261,9361,397,7.54
9618,9717,397,7.79
2533,2632,397,6.29
4918,5017,397,2.92
9756,9856,398,8.72
9757,9856,398,9.09
8069,8169,399,7.85
9726,9825,399,7.89
6502,6501,399,10.02
3376,3477,399,1.76
2564,2465,399,0.82
2332,2431,400,25.54
3128,3127,400,8.57
8865,8965,400,4.02
7778,7878,400,3.7
2340,2240,400,3.55
6082,6182,400,2.55
6582,6682,400,5.42
7580,7680,400,2.56
9617,9716,401,8.01
9261,9360,401,7.87
9062,9162,401,3.96
9720,9820,401,7.49
7181,7281,402,14.86
9718,9818,402,7.47
9756,9855,402,9.18
4981,5082,402,2.13
6008,6107,403,12.44
2831,2930,403,6.4
2248,2148,403,2.32
8567,8667,403,4.15
6503,6402,403,6
2332,2331,404,10.8
6304,6303,404,9.96
3627,3626,404,1.77
7872,7971,404,4.45
2432,2531,404,9.92
9821,9921,404,3.99
9857,9957,405,9.4
9719,9819,405,4.71
7976,8076,405,3.95
6781,6882,405,3.78
2248,2147,405,3.17
5216,5215,405,1.79
3127,3226,406,26.66
2334,2233,406,3.97
6682,6782,406,18.83
7680,7780,407,14.49
9718,9817,407,7.79
5909,5908,407,4.65
5612,5611,407,2.4
3073,2974,407,0.99
2431,2530,407,21.51
3029,3028,408,8.86
9559,9659,408,7.98
9826,9926,408,7.77
2731,2730,408,4.19
5315,5414,408,2.81
2431,2430,408,13.02
9857,9956,409,9.93
2731,2830,409,5.76
8268,8368,409,3.75
7873,7973,409,2.74
7281,7381,409,15.03
2554,2455,409,1.59
2867,2768,409,0.6
8866,8966,410,7.42
2351,2252,410,1.33
3127,3126,411,9.57
2333,2232,411,5.13
2340,2241,411,3.54
2732,2631,411,2.73
3327,3426,411,4.27
6381,6282,411,2.66
6882,6982,411,17.33
2532,2631,411,7.27
8169,8269,412,7.75
8964,9064,412,4.14
9825,9925,412,7.88
9821,9920,412,4.26
7976,8075,413,4.2
6402,6401,413,10.02
5513,5512,413,2.13
7780,7880,414,15.38
9758,9858,414,4.34
4220,4319,414,3.07
2331,2330,414,10.73
2246,2146,414,1.77
9360,9460,414,7.9
9162,9262,415,7.47
5382,5483,415,5.87
9818,9918,415,7.83
2766,2667,415,0.6
3427,3526,416,7.4
2246,2145,416,2.44
7381,7481,416,14.31
2559,2458,416,1.16
7970,8070,416,3.39
6107,6206,417,10.3
6207,6206,417,2.29
3777,3878,417,1.73
7874,7974,417,2.71
8667,8767,417,7.44
5611,5710,418,13.18
2243,2242,418,4.48
2332,2231,418,5.93
3227,3326,418,4.51
3030,2929,418,4.16
4619,4718,418,2.86
3825,3824,418,1.81
3028,3027,419,9.63
5908,6007,419,12.43
6304,6204,419,3.95
6982,7082,419,14.25
9819,9919,419,7.59
2245,2144,419,2.29
9361,9461,419,4.69
9817,9917,420,8.09
8963,9063,420,4.09
6304,6203,420,5.28
8964,9063,420,4.41
9818,9917,420,8.19
2330,2429,420,26.58
6303,6302,421,19.42
2430,2529,422,21.2
9659,9759,422,2.37
9817,9916,422,24.3
4419,4518,422,8.97
2248,2149,422,1.37
7880,7979,422,33.69
4278,4279,422,0.63
8966,9065,423,23.19
4519,4618,423,7.98
4123,4022,423,2.44
2330,2329,423,18.21
6007,6106,424,37.72
9064,9163,424,23.18
4121,4021,424,1.94
4121,4020,424,3.7
7880,7980,424,2.26
5710,5809,424,32.47
4680,4781,424,0.94
4780,4781,424,0.63
3824,3923,425,25.29
2929,2928,425,18.21
2631,2630,425,13.31
6203,6202,425,21.27
7975,8074,425,7.58
3027,3026,426,15.77
9461,9560,426,24.22
2231,2230,426,15.91
4120,4219,426,8.45
6302,6301,427,19.68
9856,9955,427,7.71
7879,7978,427,7.5
3677,3778,427,0.86
9717,9816,428,6.87
2329,2328,428,21.19
2630,2729,429,40.1
6106,6205,429,29.76
5908,5907,429,7.62
4818,4917,429,6.88
4479,4480,429,0.63
2329,2428,429,28.13
9065,9164,430,22.98
2458,2457,430,8.74
5611,5610,430,7.56
7972,8071,430,6.85
5017,5116,430,6.84
2144,2143,430,10.42
3877,3978,430,0.93
6482,6583,430,1.09
6202,6201,430,21.17
2928,2927,431,18.17
6007,6006,431,8.93
8966,9066,431,2.36
2730,2829,431,8.28
3626,3725,431,7.11
3226,3325,431,7.65
7480,7581,431,0.86
2230,2229,432,17.05
5512,5511,432,7.55
7977,8077,432,0.57
2328,2427,432,38.68
2630,2629,433,13.55
4319,4418,433,8.81
3126,3225,433,8.02
5710,5709,433,7.49
2729,2828,434,33.83
2729,2728,434,20.48
3426,3525,434,7.34
2239,2138,434,3.09
2238,2137,434,3.41
2328,2327,434,16.87
9066,9165,435,40.08
3824,3823,435,6.76
5215,5314,435,6.89
5382,5383,435,1.08
8076,8175,435,6.92
6006,6105,436,35.2
2429,2528,436,9.04
2427,2526,436,37.47
7973,8072,436,6.89
5682,5783,436,0.97
6203,6102,436,9.09
9164,9263,437,23.38
3526,3625,437,7.28
2229,2228,437,21.08
8269,8369,437,2.36
2239,2139,437,1.61
2972,2873,437,0.66
2927,2926,438,16.14
2427,2426,438,18.2
8075,8174,438,6.88
3326,3425,438,7.43
5709,5808,438,35.35
3823,3922,439,39.07
9858,9958,439,2.38
6203,6103,439,5.37
2557,2456,439,1.63
2327,2326,439,21.19
2828,2827,440,19.71
2143,2142,440,10.08
6202,6101,440,9.65
4718,4817,440,6.9
7974,8073,440,6.88
2629,2628,441,12.9
2529,2628,441,7.58
7979,8078,441,7.5
2526,2625,441,31.96
2526,2525,441,21.04
2926,3025,442,38.89
9165,9264,442,23.01
2426,2425,443,20.77
5907,5906,443,7.62
4219,4318,443,8.8
2237,2136,443,3.06
7980,8079,443,7.46
4518,4617,443,6.98
2326,2325,444,20.63
3625,3724,444,22.95
3026,3125,444,8
4020,4119,444,7.38
5483,5583,444,2.39
5582,5683,444,0.93
4618,4717,444,6.84
2628,2727,445,38.88
2926,2925,445,16.59
3823,3822,445,10.25
6006,6005,445,7.43
2427,2527,445,7.93
2148,2047,445,4.01
2526,2626,445,11.31
2236,2135,445,2.79
3074,3075,445,0.59
2525,2624,446,34.62
2525,2524,446,20.14
2625,2724,446,34.96
2827,2826,446,17.93
5511,5510,446,7.57
8074,8173,446,6.87
4881,4982,446,0.96
3977,4078,446,0.93
2229,2128,447,9.9
9262,9362,447,2.36
2235,2134,447,2.77
5709,5708,447,7.5
5514,5413,447,1.49
2425,2424,448,20.43
2628,2627,448,16.6
9264,9363,448,23.69
2234,2133,448,2.75
3822,3921,449,39.07
2325,2324,449,21.16
2229,2129,449,6.03
5808,5807,449,9.31
5782,5883,449,0.98
2727,2726,450,21.06
2232,2131,450,3.48
6005,6104,450,30.19
4917,5016,450,6.88
5510,5609,451,30.8
2142,2141,451,9.69
8071,8170,451,6.85
2626,2725,451,24.11
2233,2132,451,3.01
2147,2046,451,3.7
3325,3424,451,7.26
2826,2825,452,17.08
2128,2127,452,21.06
2148,2048,452,2.11
2327,2226,452,8.26
2128,2227,453,27.25
2326,2225,453,10.66
3625,3624,453,6.58
9066,9166,453,4.6
3225,3324,453,7.35
2231,2130,453,4.04
8077,8176,453,7.02
6102,6001,453,8.77
2524,2623,454,19.5
8767,8867,454,2.36
4418,4517,454,6.9
9363,9462,454,23.83
3822,3821,455,10.25
2725,2824,455,36.08
2462,2361,455,1.53
2424,2523,456,18.68
8175,8274,456,6.86
2240,2140,456,1.47
6102,6002,456,5.13
9166,9265,457,40.11
4219,4218,457,3.23
8072,8171,457,6.84
2127,2126,458,19.83
3425,3524,458,7.19
8369,8468,458,6.92
5906,5905,458,6.81
3821,3920,459,39.14
2225,2224,459,19.57
3921,3920,459,10.85
3025,3124,459,8.45
8174,8273,459,6.86
9461,9561,459,2.37
2463,2362,459,1.3
5510,5509,460,7.55
8078,8177,460,7.5
6005,6004,460,6.95
5413,5412,461,7.29
4817,4916,461,6.99
8073,8172,461,6.87
2464,2363,461,1.4
3376,3377,461,0.62
5708,5707,461,7.55
2128,2027,462,9.94
8079,8178,462,7.49
2925,3024,462,8.47
7082,7182,462,2.1
5807,5806,463,7.63
2724,2823,463,8.65
3125,3224,463,7.86
9265,9364,464,23.35
2624,2723,464,8.01
4717,4816,464,7.08
2128,2028,464,6.06
2224,2223,464,21.16
4617,4716,464,6.98
4318,4417,464,6.86
9561,9660,465,24.2
3821,3820,465,10.34
5609,5608,465,7.5
2324,2423,465,8.86
2424,2423,465,6.19
2224,2323,465,27.85
9759,9859,465,2.38
2251,2150,466,1.67
8173,8272,467,6.85
2027,2026,468,19.11
6583,6683,468,2.69
8467,8568,469,0.94
4816,4915,470,26.87
4716,4815,470,28.27
2825,2924,470,8.13
9364,9463,470,23.85
2623,2722,471,8.53
3424,3523,471,7.14
5016,5115,471,6.84
4580,4681,471,0.94
6102,6003,471,4.12
2824,2923,472,8.76
2026,2025,473,21.19
2423,2522,473,19.26
5905,5904,473,6.93
3324,3423,473,7.3
2872,2771,473,1.69
2464,2364,473,0.71
6782,6883,473,1.26
2026,2125,474,28.13
2323,2422,474,17.03
2361,2360,474,5.55
3624,3723,474,6.9
8176,8275,474,6.87
2224,2123,474,9.68
5412,5411,475,7.5
2523,2622,475,7.78
4517,4616,475,6.95
9166,9266,475,4.73
2223,2322,475,14.04
5882,5983,475,0.83
5707,5706,475,7.59
9463,9562,476,24.07
2128,2029,476,4.93
6482,6483,476,0.73
5115,5214,477,25.14
5806,5805,477,7.61
8274,8373,477,6.84
2225,2124,477,6.07
2224,2124,477,5.84
2025,2124,477,36.44
3124,3223,478,7.51
8171,8270,478,6.86
4218,4317,478,6.86
9266,9365,479,40.06
4716,4715,479,6.92
5608,5607,479,7.52
3524,3623,479,7.01
2025,2024,479,19.05
8177,8276,479,7.55
