1787,1786,2,34.86
1786,1785,5,35.04
1785,1784,9,32.7
1787,1886,15,9.01
1784,1783,16,14.83
1786,1885,18,9.01
1785,1884,21,8.99
1783,1782,23,15.55
1782,1781,27,29.48
1884,1883,27,18.17
1784,1883,27,7.87
1781,1780,30,41.14
1883,1882,30,37.99
1886,1985,31,8.89
1780,1779,33,40.62
1882,1881,33,43.96
1881,1880,36,44.46
1787,1686,36,3.9
1779,1778,37,32.25
1985,1984,37,17.53
1880,1879,39,41.37
1686,1685,39,33.37
1884,1983,39,8.26
1786,1685,39,3.9
1785,1684,41,3.94
1983,1982,42,39.33
1778,1777,42,20.22
1784,1683,42,4.3
1879,1878,43,31.43
1982,1981,45,41.32
1787,1887,45,2.2
1878,1877,47,26.27
1683,1682,47,23.42
1981,1980,48,39.66
1985,2084,49,8.19
2084,2083,52,37.45
1980,1979,52,30.23
1877,1876,52,23.54
1777,1776,52,10.98
1880,1979,52,8.93
2083,2082,55,34.67
1879,1978,55,8.97
1983,2082,55,8.98
2082,2081,58,38.02
1982,2081,58,8.93
1978,1977,59,25.67
1876,1875,59,15.27
1782,1681,59,4
1886,1986,59,2.3
1776,1775,60,14.08
1981,2080,61,8.97
1887,1987,62,35.17
1985,2085,62,14.99
2081,2181,63,35.37
1978,2078,63,30.77
2082,2182,63,38.32
2083,2183,63,33.15
1979,2079,63,35.34
2084,2184,63,33.21
1977,2077,64,32.4
1877,1976,64,8.88
1987,2087,65,38.56
2080,2180,65,30.28
2078,2178,66,34.76
2079,2179,66,36.3
2085,2185,66,25.52
1986,2086,66,16.51
1976,2076,67,34.19
2181,2281,67,28.97
2184,2284,67,27.31
2180,2280,68,39.88
2077,2177,68,32.46
2182,2282,68,20.64
2183,2283,68,20.63
2179,2279,69,40.12
2087,2187,69,26.3
1787,1687,69,0.89
2076,2176,70,38.19
2178,2278,70,26.68
2185,2285,70,29.3
1876,1975,70,8.36
2284,2384,71,25.76
2279,2379,72,43.03
2280,2380,72,31.25
2177,2277,72,30.14
2281,2381,72,23.91
2283,2383,73,20.55
2176,2276,74,31.3
2278,2378,74,32.11
2285,2385,74,28.1
2282,2382,74,16.92
2379,2479,75,42.9
2384,2484,75,27.74
2277,2377,76,31.7
2381,2481,76,30.53
2086,2186,76,10.1
2378,2478,77,43.03
2383,2483,77,26.27
1975,2075,77,16.13
1781,1680,77,1.1
2276,2376,78,26.07
2385,2485,78,28.82
2382,2482,78,25.41
2377,2477,79,38.75
2479,2579,79,32
2484,2584,79,29.43
2380,2480,79,15.47
1775,1874,79,7.6
1787,1888,79,3.81
2478,2578,80,42.81
2186,2286,80,26.42
1875,1974,80,6.77
2483,2583,81,27.18
2481,2581,81,23.48
2477,2577,82,39.4
2376,2476,82,26.75
2485,2585,82,31.56
2075,2175,82,20.83
2187,2287,82,8.04
2578,2678,83,42.71
2286,2386,83,33.44
2584,2684,83,28.07
1888,1988,83,30.3
2482,2582,83,22.63
2577,2677,85,42.42
2583,2683,85,25.16
2579,2679,85,19.33
2678,2778,86,40.79
2386,2486,86,35.42
2684,2784,86,33.86
1988,2088,86,38.7
2476,2576,86,25.52
2585,2685,86,31.23
2581,2681,86,24.2
2480,2580,86,16.04
2176,2275,86,8.97
1974,2074,87,16.64
1780,1679,87,1.1
2677,2777,88,43.24
2582,2682,88,23.24
2486,2586,89,38.25
2784,2884,89,38.37
2088,2188,89,39.3
2685,2785,89,37.46
2683,2783,89,29.11
2681,2781,90,29.04
2576,2676,90,26.17
2580,2680,90,26.02
2275,2375,90,28.29
2777,2877,91,43.24
2778,2878,91,20.13
2287,2387,91,11.52
1779,1678,91,1.17
1787,1788,91,1.47
2586,2686,92,38.57
2884,2984,92,39.53
2188,2288,92,39.65
2785,2885,92,38.92
2783,2883,92,33.58
2682,2782,92,25.38
2074,2174,92,23.66
2877,2977,94,34.64
2781,2881,94,29.55
2676,2776,94,30.82
2680,2780,94,32.18
2375,2475,94,28.95
2679,2779,94,11.7
2686,2786,95,36.77
2288,2388,95,38.89
2883,2983,95,36.08
1777,1676,95,1.79
2984,3084,96,32.27
2782,2882,96,27.26
2885,2985,96,32.15
2174,2274,96,32.45
2387,2487,96,23.82
1778,1677,96,1.28
2776,2876,97,35.55
2780,2880,97,34.37
1775,1774,97,2.77
2983,3083,98,37.78
2881,2981,98,31.08
2475,2575,98,27.51
1974,2073,98,8.09
2274,2374,99,36.08
2487,2587,99,39.25
2878,2978,99,12.69
2876,2976,100,43.28
2882,2982,100,31.48
2786,2886,100,23.59
2388,2488,100,23.95
1874,1973,100,6.86
2880,2980,101,31.56
2779,2879,101,15.36
2374,2474,102,35.29
2587,2687,102,41.95
3083,3183,102,33.14
2981,3081,102,31.6
2575,2675,102,26.79
3084,3184,102,17.84
1686,1585,102,1.13
2976,3076,103,40.25
2982,3082,103,35.34
2978,3078,103,27.76
2073,2173,103,22
2977,3077,103,11.73
2985,3085,104,13.58
2474,2574,105,33.68
2980,3080,105,32.12
2879,2979,105,27.84
3082,3182,106,34.03
3078,3178,106,39.78
2687,2787,106,25.84
3081,3181,106,31.1
2676,2775,106,8.96
2173,2273,107,29.66
3183,3283,107,21.06
3080,3180,108,34.03
2979,3079,108,38.34
3076,3176,108,23.61
2488,2588,108,12.56
2886,2986,108,13.89
1776,1675,108,2.24
3178,3278,109,37.9
2574,2674,109,32.04
3085,3185,109,20.22
3182,3282,110,26.17
3181,3281,110,27.69
3077,3177,110,16.45
2776,2875,110,9.02
3180,3280,111,34.37
3079,3179,111,40.33
2273,2373,111,32.45
3184,3284,111,11.83
3185,3285,112,33.89
2986,3086,112,31.44
1874,1873,112,3.11
1682,1582,112,1.24
3278,3378,113,31.9
2674,2774,113,30.47
2876,2975,113,8.85
3280,3380,114,35.08
3179,3279,114,41.09
3281,3381,114,27.45
3177,3277,114,26.63
2588,2688,114,19.35
3283,3383,114,15.1
1682,1581,114,1.55
1685,1584,114,1.12
3086,3186,115,43.68
3285,3385,115,40.25
2373,2473,115,32.41
3282,3382,115,21.7
2787,2887,115,12.18
2374,2473,115,9.01
2073,2172,115,8.57
1888,1989,115,3.99
2976,3075,116,8.96
3279,3379,117,37.84
2774,2874,117,28.91
3378,3478,117,27.3
3385,3485,118,41.27
3186,3286,118,43.03
1989,2089,118,37.8
3380,3480,118,32
3381,3481,118,25.84
3277,3377,118,31.63
3176,3276,118,10.4
2474,2573,118,9.01
1973,2072,118,8.26
2887,2987,119,26
2172,2272,119,25.41
2688,2788,119,21.57
3284,3384,119,13.69
2173,2272,119,8.93
3075,3175,120,31.49
3383,3483,120,16.8
3076,3175,120,8.68
1684,1583,121,52.43
1687,1586,122,44.6
1584,1483,123,52.43
1675,1574,123,43.35
1585,1484,123,51.1
1676,1575,123,40.92
1775,1674,123,17.36
1583,1482,124,52.43
1582,1481,124,43.35
2574,2673,124,2.17
1680,1579,124,22.6
1681,1580,124,14.68
2272,2171,125,28.33
3075,2974,125,32.13
2473,2372,125,27.44
1774,1773,125,7.2
1483,1382,126,51.1
1574,1473,126,51.1
1484,1383,126,49.77
1575,1474,126,49.77
1586,1485,126,39.73
3175,3074,126,24.12
2573,2472,126,24.92
3379,3479,126,1.16
2874,2773,126,27.44
2172,2071,126,23.35
2073,1972,126,19.18
1677,1576,126,21.17
2974,2873,127,78.86
1674,1573,127,42.12
2072,1971,127,20.49
1774,1673,127,15.7
1679,1578,127,15.18
3074,2973,128,73.88
1482,1381,128,43.35
1973,1872,128,15.18
1473,1372,129,52.43
2773,2672,129,64.59
1383,1282,129,52.43
1474,1373,129,51.1
1576,1475,129,52.43
2873,2772,130,64.59
1573,1472,130,52.43
1485,1384,130,40.92
2372,2271,130,32.13
2973,2872,131,61.8
1673,1572,131,38.57
1382,1281,131,30.18
1581,1480,131,12.81
2772,2671,132,80.37
1372,1271,132,52.43
1373,1272,132,52.43
1578,1477,132,30.18
2171,2070,132,23.35
2673,2572,132,18.55
3478,3477,132,7.77
1678,1577,132,7.35
2872,2771,133,79.98
1472,1371,133,52.43
1384,1283,133,52.43
1475,1374,133,45.87
2071,1970,133,21.17
3485,3585,133,1.07
3485,3484,133,7.72
3377,3376,133,7.81
3276,3275,133,7.84
1873,1772,133,10.38
1687,1587,133,4.24
2973,2972,134,17.75
1972,1871,134,19.82
1481,1380,134,14.68
1579,1478,134,15.7
3483,3482,134,7.5
3175,3174,134,7.64
3382,3482,134,1.5
1271,1170,135,52.43
1272,1171,135,52.43
1477,1376,135,52.43
1577,1476,135,48.46
1572,1471,135,43.35
3074,3073,135,11.7
1773,1672,135,14.68
3286,3386,135,1.07
2088,2189,135,0.87
2972,2871,136,79.98
1371,1270,136,49.77
2271,2170,136,25.73
1971,1870,136,16.79
2472,2371,136,15.39
1787,1688,136,1.5
1283,1182,137,44.6
1374,1273,137,37.44
1587,1486,137,39.73
2572,2471,137,33.14
1281,1180,137,24.12
1480,1379,137,25.73
1171,1070,138,52.43
1376,1275,138,48.46
1476,1375,138,52.43
1478,1377,138,45.87
1380,1279,138,45.87
2671,2570,138,25.73
2672,2571,138,17.17
1282,1181,138,16.24
1170,1069,139,40.92
1471,1370,139,36.33
1872,1771,139,13.25
3478,3578,139,1.23
1672,1571,140,30.18
1070,969,141,52.43
1377,1276,141,52.43
1273,1172,141,37.44
1486,1385,141,37.44
1379,1278,141,45.87
1180,1079,141,43.35
3073,3072,141,19.22
1279,1178,142,39.73
2471,2370,142,31.14
1270,1169,142,24.92
2371,2270,142,27.44
2771,2670,142,17.28
1381,1280,142,10.38
1580,1479,142,8.3
1375,1274,143,34.18
1181,1080,143,30.18
2070,1969,143,13.25
1989,1889,143,4.16
1385,1284,144,52.43
1172,1071,144,48.46
1275,1174,144,24.92
2571,2470,144,26.57
2570,2469,144,27.44
1182,1081,144,21.88
2170,2069,144,18.55
1280,1179,145,52.43
1276,1175,145,38.57
1278,1177,145,40.92
3072,2971,145,46.94
2871,2770,145,17.52
1970,1869,145,11.95
3477,3476,145,7.74
1479,1378,146,39.73
969,868,146,33.14
1571,1470,146,27.44
1370,1269,146,22.6
1069,968,146,20.49
3585,3584,146,7.72
1772,1671,146,11.54
3376,3375,146,7.84
1284,1183,147,52.43
1071,970,147,52.43
2971,2870,147,79.62
2370,2269,147,28.33
1871,1770,147,11.14
2270,2169,148,24.12
1079,978,148,21.17
1870,1769,148,12.37
3174,3173,148,7.53
2188,2289,148,0.87
2470,2369,149,31.14
1080,979,149,26.57
1178,1077,149,22.6
2670,2569,149,23.35
3275,3274,149,6.28
970,869,150,51.1
1378,1277,150,44.6
1177,1076,150,29.24
1274,1173,150,21.88
1169,1068,150,19.18
1183,1082,151,40.92
868,767,151,31.14
1470,1369,151,28.33
1269,1168,151,34.18
1179,1078,151,24.92
2469,2368,151,21.88
968,867,152,27.44
1175,1074,152,20.49
1081,980,152,18.55
3072,3071,152,9.39
3578,3577,152,7.85
1571,1570,153,7.74
767,666,154,48.46
1168,1067,154,51.1
1277,1176,154,44.6
1068,967,154,43.35
1174,1073,154,15.18
1969,1868,154,13.71
2770,2669,154,16.56
3071,2970,154,76.51
1082,981,155,45.87
1369,1268,155,43.35
869,768,155,32.13
1077,976,155,24.12
2069,1968,155,13.71
1076,975,156,25.73
2569,2468,156,22.6
1869,1768,156,13.71
2870,2769,156,16.8
867,766,157,34.18
1173,1072,157,23.35
2369,2268,157,17.95
979,878,157,18.55
978,877,157,16.24
2269,2168,157,14.19
1587,1487,157,4.31
1067,966,158,44.6
967,866,158,40.92
3173,3172,158,10.95
1268,1167,159,40.92
768,667,159,37.44
1176,1075,159,29.24
1570,1469,159,25.73
1078,977,159,19.82
3584,3583,159,7.72
1470,1469,159,7.76
3375,3374,159,7.72
3476,3475,159,7.62
2069,2068,159,7.03
976,875,160,34.18
1769,1668,160,12.81
1671,1670,160,7.36
3480,3580,160,1.22
766,665,161,44.6
975,874,161,28.33
980,879,161,16.79
1487,1386,161,42.12
1770,1669,161,10.75
1486,1386,161,4.34
1688,1588,161,4.12
2669,2568,161,22.6
2388,2489,161,0.97
2288,2389,161,0.87
875,774,162,76.51
1469,1368,162,51.1
3374,3273,162,58.89
1072,971,162,29.24
874,773,163,77.77
866,765,163,33.14
2368,2267,163,12.81
2970,2869,163,17.17
2769,2668,163,22.6
1167,1066,164,31.14
966,865,164,24.92
981,880,164,16.24
1073,972,164,14.19
1868,1767,164,15.18
1074,973,164,12.81
3577,3576,164,8.37
774,673,164,79.62
3374,3373,165,19.22
667,566,165,26.57
1968,1867,165,15.18
666,565,165,13.71
773,672,165,73.88
673,572,166,79.62
1368,1267,166,37.44
977,876,166,22.6
1768,1667,166,14.19
1386,1285,166,34.18
2368,2367,166,6.93
1889,1789,166,4.38
1385,1285,166,4.12
2488,2589,166,1.19
672,571,167,72.91
971,870,167,32.13
1075,974,167,19.18
2268,2167,167,14.19
877,776,167,14.68
2168,2067,167,15.18
1570,1569,167,7.69
3481,3581,167,1.4
3172,3171,168,10.3
878,777,168,13.25
572,471,169,60.16
1285,1184,169,52.43
565,464,169,44.6
765,664,169,27.44
1668,1567,169,17.36
2068,1967,169,15.18
1968,1967,169,7.16
879,778,169,19.82
1284,1184,169,4.12
2869,2768,170,23.35
1669,1568,170,17.36
2787,2888,170,1.61
865,764,170,24.92
2769,2768,170,7.59
471,370,171,80.37
1569,1468,171,37.44
1267,1166,171,35.24
876,775,171,28.33
2468,2467,171,6.82
1183,1083,171,4.3
3171,3070,171,57.42
3071,3070,171,5.52
571,470,172,28.33
870,769,172,29.24
1066,965,172,19.82
874,873,172,9.64
966,965,172,7.67
3583,3582,172,7.72
566,465,172,20.49
773,772,172,11.7
464,363,173,45.87
2267,2166,173,15.18
3475,3474,173,7.53
470,369,174,72.91
370,269,174,52.8
1468,1367,174,48.46
1083,982,174,52.43
1667,1566,174,17.95
1867,1766,174,16.24
3373,3272,174,16.67
672,671,174,12.18
972,871,174,14.19
1767,1666,174,15.7
3580,3579,174,7.32
2987,3087,174,1.1
1568,1467,175,34.18
3373,3372,175,10.81
3576,3575,175,9.64
2668,2567,175,12.81
776,675,175,17.95
465,364,176,44.6
1166,1065,176,35.24
1567,1466,176,23.35
2367,2266,176,14.68
775,674,176,35.24
369,268,177,67.21
982,881,177,52.43
363,262,177,36.33
772,771,177,25
664,563,177,18.55
2067,1966,177,15.7
2167,2066,177,15.18
2869,2868,177,7.62
981,881,177,4.62
873,872,177,20.7
674,573,178,77.62
1367,1266,178,42.12
769,668,178,26.57
565,564,178,7.83
2668,2667,178,6.93
880,779,178,10.75
865,864,178,7.67
1467,1366,179,37.44
269,168,179,33.14
370,270,179,13.86
1967,1866,179,15.7
1867,1866,179,7.24
778,677,179,14.19
563,462,180,52.43
364,263,180,36.33
3070,2969,180,17.53
571,570,180,7.76
777,676,180,11.95
3171,3170,180,8.75
1065,964,180,39.73
1266,1165,181,69.8
564,463,181,55.12
771,670,181,49.54
881,780,181,38.53
675,574,181,30.3
369,368,181,13.64
1666,1565,181,33.03
1766,1665,181,29
470,469,181,9.52
2367,2366,181,6.49
3372,3271,181,21.56
1487,1387,181,4.93
2467,2366,181,18.21
1366,1265,182,56.65
573,472,182,48.14
771,770,182,21.71
268,167,182,31.87
1466,1365,182,33.86
1566,1465,182,27.8
2166,2065,182,22.67
764,663,182,19.2
667,567,182,4.97
964,863,183,55.44
168,67,183,34.67
864,763,183,34.32
262,161,183,24.05
670,569,184,64.89
462,361,184,37.54
779,678,184,27.86
1966,1865,184,23.87
2066,1965,184,22.91
3170,3069,184,38.26
2266,2165,184,21.98
770,669,184,91.27
1386,1286,184,5.05
1165,1064,184,59.12
463,362,185,43.69
1665,1564,185,36.82
2567,2466,185,16.56
1265,1164,185,56.65
1588,1488,185,4.78
3374,3473,185,3.99
3372,3371,185,9.98
472,371,186,36.95
167,66,186,38.58
1365,1264,186,42.58
574,473,186,28.74
263,162,186,25.48
1866,1765,186,24.65
2768,2767,186,5.94
569,468,187,52.42
1286,1185,187,51.53
1064,963,187,66.17
863,762,187,45.95
663,562,187,29.47
1565,1464,187,24.95
677,576,187,18.51
566,466,187,5.14
1164,1063,188,51.83
2065,1964,188,24.62
368,267,188,21.71
676,575,188,18.83
2667,2566,188,15.36
1789,1689,188,4.93
3371,3270,188,51.07
2366,2265,188,21.21
569,568,189,20.72
1465,1364,189,22.88
669,568,189,29.18
963,862,190,70.42
1765,1664,190,36.73
362,261,190,31.47
361,260,190,23.73
1965,1864,190,24.98
1865,1764,190,28.07
2165,2064,190,24.38
3575,3574,190,6.21
1264,1163,190,44.94
1063,962,191,62.42
3270,3169,191,55.08
562,461,191,39.96
1564,1463,191,23.79
678,577,191,23.17
270,169,191,11.72
1184,1084,191,5.06
466,365,191,36.41
568,467,192,53.7
2466,2365,192,20.25
161,60,192,17.02
3069,2968,192,17.9
962,861,193,81.39
1084,983,193,73.5
1163,1062,193,48.96
267,166,193,29.72
473,372,193,21.21
780,679,193,12.69
862,761,194,41.77
1764,1663,194,41.86
1964,1863,194,25.54
468,367,194,20.99
2667,2666,194,6.37
2868,2867,194,5.99
2265,2164,194,25.16
1364,1263,194,31.87
1664,1563,195,33.55
1864,1763,195,34.14
162,61,195,17.33
1464,1363,195,18.96
2688,2689,195,1.18
1062,961,196,66.17
169,68,196,28.57
461,360,196,32.84
575,474,196,19.07
2566,2465,196,18.65
576,475,196,17.65
983,882,196,70.32
2064,1963,196,23.87
372,271,197,36.4
763,662,197,10.57
364,264,197,5.04
365,264,197,24.5
166,65,197,36.08
3373,3472,197,4.05
961,860,198,81.64
1863,1762,198,39.54
1263,1162,198,40.94
2365,2264,198,24.62
261,160,198,18.8
881,781,198,4.99
3169,3068,198,22.08
3371,3370,198,8.12
367,266,199,29.42
861,760,199,27.37
577,476,199,19.64
260,159,199,16.39
270,170,199,5.17
1763,1662,199,37.91
1463,1362,199,19.48
2164,2063,200,25.7
679,578,200,21.66
467,366,200,20.16
263,163,200,5.07
1663,1562,200,28.19
3370,3269,201,62.41
1162,1061,201,53.67
1363,1262,201,26.57
781,680,201,61.4
3270,3269,201,7.95
1387,1287,201,5.13
1963,1862,201,28.47
780,680,201,5.17
1563,1462,201,23.88
2666,2565,202,17.88
2767,2766,202,6.33
1061,960,203,70.77
3269,3168,203,136.86
760,659,203,37.01
159,58,203,39.95
2264,2163,203,28.56
662,561,203,25.91
2465,2364,203,22.43
761,660,203,17.29
562,561,203,6.66
1762,1661,203,29.84
1287,1186,204,51.89
170,69,204,28.48
762,661,204,8.73
960,859,205,81.52
3168,3067,205,84.45
1262,1161,205,42.19
1662,1561,205,25.28
1362,1261,205,26.13
360,259,205,17.33
474,373,205,16.67
475,374,205,17.54
266,165,205,24.42
1862,1761,205,37.39
2063,1962,206,24.62
578,477,206,25.86
160,59,206,20.14
162,62,206,5.13
1488,1388,206,4.97
3585,3684,206,1.91
366,265,206,24.87
659,558,207,44.45
561,460,207,36.86
1562,1461,207,22.96
476,375,207,18.78
860,759,207,16.47
3472,3471,207,10.04
1761,1660,207,96.34
461,460,207,6.66
1185,1085,207,5.11
3067,2966,208,61.48
1161,1060,208,54.16
2364,2263,208,29.52
2163,2062,208,28.6
1462,1361,208,20.42
1261,1160,209,42.7
165,64,209,36.2
660,559,209,25.88
1661,1560,209,24.51
2565,2464,209,20.68
3574,3573,209,5.35
2968,2967,209,6.01
3578,3677,209,1.89
2788,2789,209,1.16
1989,1890,209,1.64
1060,959,210,77.31
661,560,210,25.9
2666,2665,210,6.45
1689,1589,210,4.71
2867,2866,210,6.29
1560,1459,211,99.04
2464,2363,211,100.2
1085,984,211,40.62
1561,1460,211,24.32
3067,3066,211,17.48
259,158,211,24.1
1962,1861,211,31.3
3286,3187,211,1.67
1160,1059,212,52.6
460,359,212,28.47
265,164,212,27.75
373,272,212,23.06
3168,3167,212,11.24
1660,1559,212,28.44
3370,3369,212,7.66
360,359,212,6.44
2089,1990,212,1.62
680,579,212,13.57
3369,3268,213,150.87
2363,2262,213,121.48
984,883,213,74.5
3066,2965,213,74.93
158,57,213,74.46
1861,1760,213,111.5
959,858,213,66.3
2866,2765,213,69.3
2263,2162,213,34.16
558,457,213,24.65
759,658,213,25.85
374,273,213,20.17
457,356,214,144.31
1059,958,214,81.64
560,459,214,35.74
559,458,214,32.72
2062,1961,214,25.53
1361,1260,214,27.72
1461,1360,214,22.17
1559,1458,214,115.43
477,376,214,19.79
1760,1659,215,108.52
2965,2864,215,76.59
2765,2664,215,75.9
375,274,215,19.86
356,255,216,97.09
883,782,216,68.66
272,171,216,37.97
2664,2563,217,88.31
958,857,217,51.46
2262,2161,217,39.08
658,557,217,40.22
1459,1358,217,25.54
1460,1359,217,23.79
2866,2865,217,14.94
2966,2865,217,16.88
859,758,217,11.8
255,154,218,97.01
1260,1159,218,37.83
273,172,218,30.47
2162,2061,218,31.35
164,63,218,27.75
2665,2564,218,19.8
2565,2564,218,6.52
3471,3470,218,9.8
2563,2462,219,105.87
2161,2060,219,116.64
557,456,219,115.07
2865,2764,219,75.12
782,681,219,62.48
1360,1259,219,28.44
1458,1357,219,28.42
3066,3065,219,13.38
2864,2763,219,35.79
170,70,219,5.06
781,681,219,4.79
1659,1558,219,40.4
1961,1860,219,31.95
2987,2988,219,1.05
2564,2463,220,94.46
458,357,220,24.55
578,478,220,5.07
3581,3680,220,2.61
3584,3683,220,1.91
3485,3486,220,1.03
3286,3287,220,1.03
456,355,221,97.12
1860,1759,221,119.42
2060,1959,221,78.48
1357,1256,221,116.19
1159,1058,221,49.26
758,657,221,41.63
274,173,221,26.39
459,358,221,22.14
2965,2964,221,12.96
359,258,221,17.54
259,258,221,6.58
2763,2662,221,90.6
2089,2090,221,1
680,580,221,5.16
2463,2362,222,116.97
2462,2361,222,58.09
1358,1257,222,31.52
376,275,222,18.6
1287,1187,222,4.88
1058,957,223,80.99
1256,1155,223,104.54
1759,1658,223,132.47
355,254,223,97.08
357,256,223,59.63
2764,2663,223,36.63
1359,1258,223,28.19
3167,3166,223,9.72
1959,1858,223,122.7
3583,3682,223,2.24
1658,1557,224,148.89
2361,2260,224,137
258,157,224,48.21
1259,1158,224,32.49
2061,1960,224,24.32
1186,1086,224,5.06
1558,1457,224,35.21
3580,3679,224,2.12
2663,2562,225,94.46
256,155,225,96.98
1858,1757,225,130.45
1257,1156,225,47.78
2662,2561,225,35.69
172,71,225,21.56
1960,1859,226,112.03
2260,2159,226,138
157,56,226,79.69
2362,2261,226,41.05
358,257,226,30.75
657,556,226,29.67
173,72,226,31.9
478,377,226,25.12
477,377,226,5.11
1388,1288,226,5.07
2964,2863,226,34.93
3585,3685,226,1.09
556,455,227,150.3
1757,1656,227,78.91
957,856,227,42.38
1155,1054,227,45.51
2060,2059,227,12.51
858,757,227,10.8
3581,3681,227,1.62
1889,1790,227,1.75
2159,2058,228,129.66
1859,1758,228,132.71
257,156,228,70.77
155,54,228,50.32
1156,1055,228,48.91
2561,2460,228,54.21
1557,1456,228,35.8
1158,1057,228,41.02
1258,1157,228,30.4
154,53,228,15.43
3268,3267,228,6.95
2863,2762,228,89.33
1085,985,228,4.97
455,354,229,97.09
1656,1555,229,110.01
2562,2461,229,43.49
2059,1958,229,78.76
275,174,229,21.97
154,153,229,9.89
1457,1356,229,30.11
3578,3678,229,1.08
1758,1657,230,122.12
2460,2359,230,121.73
156,55,230,96.96
1055,954,230,76.61
1057,956,230,74.32
985,884,230,78.28
1054,953,230,51.66
2261,2160,230,41.23
580,479,230,16.06
3065,3064,230,9.28
857,756,230,11.37
2762,2661,230,80.98
3677,3676,230,4.88
3577,3676,230,1.69
1555,1454,231,110.4
1958,1857,231,122.32
2461,2360,231,136.93
2058,1957,231,68.8
757,656,231,40.83
3470,3469,231,7.81
1356,1255,231,116.36
1589,1489,231,4.81
3472,3571,231,4.29
2359,2258,232,97.67
1657,1556,232,138.76
1456,1355,232,46.9
3573,3572,232,4.39
656,555,233,112.82
2360,2259,233,118.91
1957,1856,233,103.26
3469,3368,233,73.66
884,783,233,57.27
953,852,233,59.69
153,52,233,41.91
1157,1056,233,34.54
254,253,233,10.01
1255,1154,233,98.62
2964,2963,233,9.07
2258,2157,234,116.2
1355,1254,234,103.77
2661,2560,234,38.78
377,276,234,19.19
1757,1756,234,12.41
3166,3165,234,9.49
174,73,234,28.6
376,276,234,5.12
3576,3675,234,1.92
3585,3586,234,1.03
555,454,235,97.07
2259,2158,235,140.46
1856,1755,235,141.12
1056,955,235,96.11
2963,2862,235,86.29
756,655,235,29.09
956,855,235,32.3
2058,2057,235,15.09
2157,2056,236,92.32
1756,1655,236,77.7
783,682,236,51.53
1454,1353,236,35.15
953,952,236,18.11
3386,3387,236,1.03
1755,1654,237,100.93
2862,2761,237,84.25
2560,2459,237,60.46
253,152,237,44.81
1556,1455,237,33.08
1154,1053,237,38.6
2762,2761,237,11.95
3571,3570,237,19.42
1655,1554,238,82.1
1353,1252,238,96.8
655,554,238,47.29
953,853,238,14.12
856,755,238,12.96
2057,1956,238,59.18
1254,1153,238,38.78
2189,2190,238,0.99
2459,2358,239,86.41
952,851,239,56.02
682,581,239,59.32
479,378,239,16.62
3267,3266,239,9.2
2056,1955,239,67
2589,2490,239,1.96
1554,1453,240,93.21
1252,1151,240,79.56
755,654,240,87.78
1956,1855,240,81.89
1654,1553,240,63.92
354,353,240,9.53
853,752,241,25.79
1654,1653,241,50.51
152,51,241,12.31
952,951,241,45.09
2862,2861,241,52
2157,2156,241,50.68
2963,2962,241,51.82
2258,2257,241,46.25
1355,1354,241,50.19
3469,3468,241,40.87
2661,2660,241,28.4
3064,3063,241,27.77
2056,2055,241,51.08
580,480,241,2.76
2358,2357,242,51.94
1955,1954,242,51.64
1252,1251,242,52.17
755,754,242,51.63
2459,2458,242,52.14
1353,1352,242,51.38
1755,1754,242,51
2560,2559,242,35.08
3165,3164,242,26.29
3675,3674,242,40.8
253,252,242,33.14
3368,3367,242,37.17
1254,1253,242,28.4
2861,2860,243,50.84
1653,1652,243,50.07
2156,2155,243,51.51
1855,1854,243,43.25
554,553,243,28.51
152,151,243,31.38
2761,2760,243,29.17
1053,1052,243,25.08
276,175,243,8.33
2055,2054,243,52.19
2357,2356,244,52.2
1954,1953,244,52.09
1352,1351,244,51.03
2458,2457,244,51.38
2257,2256,244,49.98
3468,3467,244,33.56
1453,1452,244,25.71
1553,1552,244,27.06
353,352,244,25.56
851,850,244,26.17
3266,3265,244,26.9
1153,1152,244,24.59
3570,3569,244,17.69
454,453,244,17.04
1187,1087,244,2.43
2860,2859,245,50.4
2155,2154,245,51.4
1052,1051,245,51.67
1754,1753,245,49.22
252,251,245,33.85
3674,3673,245,38.99
3063,3062,245,28.56
2660,2659,245,29.61
951,950,245,27.6
2962,2961,245,27.69
752,751,245,27.03
955,854,245,8.45
2054,2053,245,51.77
1452,1451,246,51.33
2256,2255,246,50.66
1953,1952,246,51.85
2356,2355,246,52.09
1351,1350,246,52.19
1652,1651,246,50
1854,1853,246,45.74
3367,3366,246,33.07
2559,2558,246,31.74
51,50,246,22.92
654,653,246,19.99
3571,3670,246,13.71
2961,2960,247,51.21
2154,2153,247,51.84
850,849,247,35.27
3569,3568,247,33.76
3467,3466,247,36.24
453,452,247,43.95
2457,2456,247,47.93
2760,2759,247,30.81
2053,2052,247,51.95
1086,986,247,2.73
2589,2590,247,1.19
1451,1450,248,50.2
3670,3669,248,51.15
2255,2254,248,51.98
1952,1951,248,50.19
1651,1650,248,50.11
1753,1752,248,48.53
3673,3672,248,34.18
751,750,248,34.45
352,351,248,33.12
1552,1551,248,25.94
754,753,248,17.62
1151,1150,248,13.5
2153,2152,249,51.97
1853,1852,249,45.52
2859,2858,249,29.79
251,250,249,26.31
3062,3061,249,28.65
2659,2658,249,29.03
950,949,249,29.48
151,150,249,17.41
951,1050,249,19.76
2052,2051,249,52.16
1752,1751,250,50.75
849,848,250,36.25
3568,3567,250,39.61
2456,2455,250,45.07
1350,1349,250,26.01
3366,3365,250,28.47
2558,2557,250,28.32
1251,1250,250,13.98
2152,2151,251,50.78
1050,1049,251,51.2
1951,1950,251,45.26
1650,1649,251,48.34
1150,1149,251,40.11
351,350,251,33.79
2960,2959,251,30.78
3466,3465,251,30.93
2759,2758,251,31.37
553,552,251,13.17
377,277,251,2.74
3571,3671,251,6.29
1751,1750,252,52.09
1852,1851,252,45.39
949,948,252,37.86
750,749,252,30.53
1551,1550,252,26.67
1350,1249,252,23.84
2051,2050,252,48.23
2151,2150,253,51.63
848,847,253,35.66
3567,3566,253,38.68
2455,2454,253,44.75
3061,3060,253,31.64
2658,2657,253,26.09
2858,2857,253,26.37
250,249,253,32.54
50,49,253,15.11
752,651,253,12.7
2289,2290,253,0.89
1049,1048,254,36.15
1950,1949,254,47.66
2557,2556,254,25.48
3365,3364,254,27.29
1650,1549,254,25.27
1350,1449,254,19.7
1789,1690,254,1.23
1851,1850,255,47.11
350,349,255,32.64
2959,2958,255,29.61
1149,1148,255,33.14
3465,3464,255,27.85
2758,2757,255,28.44
2050,2049,255,45.89
3164,3163,255,8.3
1649,1648,255,29.1
948,947,255,34.47
1288,1188,255,2.19
1349,1348,255,24.72
2150,2149,256,47.08
3060,3059,256,49.17
3566,3565,256,34.1
249,248,256,37.18
749,748,256,31.37
552,551,256,21.86
2455,2354,256,27.45
3669,3668,256,14.19
653,652,256,10.37
3265,3264,256,8.48
1249,1248,256,28.64
349,348,257,51.89
452,451,257,10.79
751,650,257,11.93
1649,1548,257,25.63
1549,1548,257,38.66
1048,1047,257,33.8
847,846,257,27.37
2489,2390,257,1.13
2788,2889,257,1.06
2556,2555,258,25.64
3364,3363,258,30.65
2657,2656,258,22.13
2857,2856,258,21.67
150,149,258,11.53
2456,2555,258,13.71
2049,2048,258,36.46
1949,1948,258,28.56
479,379,258,2.86
174,74,258,2.54
1148,1147,258,33.76
2149,2148,259,47.1
248,247,259,38.76
3163,3162,259,31.09
2958,2957,259,26.62
3464,3463,259,28.56
1348,1347,259,29.3
1649,1749,259,12.73
1649,1748,259,19.71
1549,1448,259,28.49
1948,1947,260,52.19
348,347,260,41.8
451,450,260,39.79
3059,3058,260,31.57
3565,3564,260,30.27
748,747,260,33.16
3264,3263,260,31.22
3668,3667,260,25.46
1248,1247,260,31.87
2757,2756,260,22.53
1648,1647,260,21.67
2254,2253,260,8.74
750,649,260,12.4
1949,1848,260,25.34
947,946,260,24.77
2048,2047,260,51.56
149,148,261,48.69
1548,1547,261,26.1
551,550,261,22.08
49,48,261,13.21
2455,2554,261,13.91
1949,1849,261,16.28
1489,1389,261,2.59
985,885,261,2.16
3680,3779,261,4.32
1848,1847,262,51.65
1947,1946,262,51.17
2756,2755,262,50.11
247,246,262,47.93
1748,1747,262,47.8
3363,3362,262,30.32
846,845,262,24.08
1047,1046,262,21.47
2047,2046,262,51.58
3684,3783,262,3.6
2148,2147,262,44.78
550,549,263,52.16
1647,1646,263,44.41
347,346,263,41.18
3667,3666,263,37.76
3162,3161,263,30.48
3463,3462,263,27.33
1448,1447,263,27.37
2656,2655,263,23.95
2856,2855,263,21.6
2454,2453,263,10.15
884,784,263,2.29
1847,1846,264,52.12
2755,2754,264,50.31
2147,2146,264,51.17
148,147,264,49.78
1547,1546,264,47.87
48,47,264,39.2
2554,2553,264,44.78
3263,3262,264,32.86
450,449,264,28.65
3564,3563,264,29
3058,3057,264,28.52
2957,2956,264,22.46
1147,1146,264,18.92
749,648,264,12.31
246,245,265,38.87
1747,1746,265,47.98
2152,2251,265,9.4
747,746,265,23.67
847,746,265,12.68
549,548,266,49.53
346,345,266,49.14
3666,3665,266,38.27
845,844,266,25.66
3783,3782,266,28.74
1247,1246,266,17.78
2153,2252,266,7.81
276,176,266,2.76
3681,3780,266,4.19
2251,2250,267,51.64
449,448,267,47.45
2956,2955,267,48.6
2553,2552,267,44.43
47,46,267,48.08
1546,1545,267,45.77
147,146,267,38.99
2754,2753,267,47.84
1646,1645,267,29.76
3161,3160,267,33.13
246,145,267,28.5
3362,3361,267,24.76
1547,1446,267,25.65
348,447,267,15.6
2354,2353,267,9.5
3669,3768,267,7.47
3682,3781,267,3.93
2689,2690,267,1.26
3262,3261,268,29.09
3563,3562,268,26.08
648,647,268,27.71
2655,2654,268,24.59
3462,3461,268,23.17
2149,2248,268,12.37
748,647,268,12.1
46,45,269,50.67
3768,3767,269,51.61
548,547,269,35.97
345,344,269,42.34
3057,3056,269,22.33
347,446,269,15.93
846,745,269,12.82
783,683,269,2.31
3679,3778,269,3.84
2552,2551,270,46.15
145,144,270,49.82
2250,2249,270,49.75
2753,2752,270,46.23
1545,1544,270,36.28
3665,3664,270,31.43
2553,2452,270,27.57
1546,1445,270,26.98
2754,2653,270,25.67
1347,1346,270,9.81
2148,2247,270,13.89
45,44,271,51.64
3160,3159,271,32.09
3361,3360,271,25.65
844,843,271,24.37
1646,1745,271,19.65
1946,1945,271,11.5
2987,3088,271,0.97
2247,2246,272,50.69
3261,3260,272,30.25
344,343,272,45.26
946,945,272,8.95
2046,2045,272,11.02
3685,3784,272,3.6
747,646,272,12.82
843,842,273,52.02
2551,2550,273,47.37
2752,2751,273,48.69
2653,2652,273,44.2
547,546,273,26.04
446,445,273,28.5
3562,3561,273,23.39
3461,3460,273,23.95
2552,2451,273,26.77
2753,2652,273,26.73
1545,1444,273,28.23
1046,1045,273,9.88
379,278,273,9.44
3669,3769,273,4.14
3670,3769,273,5.28
44,43,274,35.69
3664,3663,274,25.89
745,744,274,23.27
3778,3777,274,21.14
245,244,274,11.36
2146,2145,274,11.04
1846,1845,274,10.5
1146,1145,274,10.36
2855,2854,274,9.77
845,744,274,12.78
343,342,274,51.45
3678,3777,274,3.61
2246,2245,275,38.16
3159,3158,275,30.48
3360,3359,275,25.4
1545,1644,275,18.1
342,341,276,50.04
3663,3662,276,51.52
842,841,276,49.6
2451,2450,276,46.34
2652,2651,276,45.59
2751,2750,276,46.23
2550,2549,276,49.98
1444,1443,276,36.63
3260,3259,276,28.26
2551,2450,276,26.02
2752,2651,276,24.97
3767,3766,276,16.47
1246,1245,276,10.7
2754,2853,276,11.85
445,444,276,45.26
2248,2347,276,18.75
43,42,277,49.42
746,645,277,12.43
2956,3055,277,11.28
546,545,277,30.62
480,380,277,2.81
682,582,277,2.23
2549,2548,278,52.14
2450,2449,278,50.36
2245,2244,278,37.11
744,743,278,25.01
3777,3776,278,27.27
3460,3459,278,23.56
3561,3560,278,23.77
2353,2352,278,10
2753,2852,278,12.96
2955,2954,278,9.95
844,743,278,12.82
444,443,278,52.14
3677,3776,278,2.69
2248,2348,278,10.59
42,41,279,52.13
341,340,279,39.57
2651,2650,279,46.81
2750,2749,279,46.1
3662,3661,279,49.88
3158,3157,279,26.88
3359,3358,279,25.08
842,741,279,24.07
2451,2350,279,26.67
2751,2650,279,26.73
1444,1343,279,28.29
44,143,279,18.31
843,742,279,19.72
1544,1543,279,11.65
1446,1345,279,12.27
1087,987,279,2.9
2347,2346,279,47.83
3560,3559,280,50.82
3459,3458,280,51.06
2449,2448,280,52.2
3259,3258,280,27.29
3766,3765,280,30.78
2245,2144,280,28.36
244,243,280,19.69
1945,1944,280,11.66
2350,2349,281,52.19
3358,3357,281,50.15
2548,2547,281,37.48
443,442,281,35.97
2852,2851,281,45.2
2244,2243,281,39.13
341,240,281,28.51
342,241,281,23.56
1444,1344,281,13.32
2246,2345,281,17.36
2749,2748,281,50.4
1745,1744,281,10.92
745,644,281,12.82
2045,2044,281,11.62
3258,3257,282,51.09
3661,3660,282,49.71
2650,2649,282,47.77
1343,1342,282,35.07
143,142,282,47.56
3776,3775,282,29.96
2750,2649,282,26.8
176,75,282,9.1
175,75,282,2.58
343,242,282,15.27
41,40,282,49.73
3559,3558,283,49.3
3458,3457,283,48.06
2548,2447,283,28.4
2244,2143,283,28.51
2245,2344,283,17.79
2144,2143,283,37.04
581,481,283,2.24
340,339,283,29.51
545,544,283,18.98
2649,2648,284,51.54
2851,2850,284,47.11
442,441,284,33.69
2243,2242,284,41.32
3765,3764,284,31.96
741,740,284,20.85
841,840,284,14.23
1644,1643,284,11.27
1145,1144,284,10.74
1045,1044,284,9.84
2751,2850,284,12.96
945,944,284,8.99
2547,2546,284,39.94
3768,3867,284,8.42
240,239,284,42.59
3660,3659,285,47.65
3157,3156,285,18.26
1343,1242,285,27.97
341,440,285,16.73
1443,1442,285,11.65
1845,1844,285,9.88
2451,2351,285,8.62
2144,2043,285,28.35
142,141,285,46.01
40,39,285,39.4
3764,3763,286,51.86
2850,2849,286,50.96
3558,3557,286,45.34
3775,3774,286,31.39
2243,2142,286,28.37
1344,1243,286,28.44
443,542,286,18.22
1245,1244,286,10.98
2143,2142,286,39.04
744,643,286,12.8
2547,2446,286,28.49
2447,2446,286,41.2
339,338,286,43.1
2648,2647,287,36.33
740,739,287,36.46
2548,2647,287,17.64
2244,2343,287,16.93
3055,3054,287,10.29
842,941,287,10.48
340,439,287,19.67
240,139,287,28.14
3659,3658,288,45.08
3156,3155,288,42.34
840,839,288,31.91
239,238,288,26.26
241,140,288,22.7
3357,3356,288,15.31
1543,1542,288,11.49
2346,2445,288,17.13
742,641,288,16.83
2954,2953,288,10.27
3867,3866,288,25.21
2143,2042,288,28.51
278,177,288,9.75
141,140,288,39.98
3774,3773,289,33.63
542,541,289,49.42
39,38,289,28.39
3257,3256,289,15.63
442,541,289,18.92
2345,2444,289,17.83
2142,2141,289,41.61
1944,1943,289,11.48
443,543,289,9.91
2852,2951,289,13.63
641,640,290,52.18
2647,2646,290,42.47
740,639,290,28.26
239,138,290,24
3457,3456,290,15.06
2243,2342,290,15.86
743,642,290,12.73
3662,3761,290,10.24
2748,2747,290,11.53
843,942,290,7.69
2547,2646,290,16.55
3585,3686,290,0.95
541,540,291,51.76
238,237,291,37.96
839,838,291,35.31
3658,3657,291,43.24
739,738,291,28.36
1243,1142,291,28.41
1342,1341,291,11.51
2142,2041,291,28.33
3663,3762,291,8.53
844,943,291,5.84
3386,3487,291,0.96
3773,3772,292,35.12
3256,3255,292,40.11
2444,2443,292,34.34
2951,2950,292,46.54
840,939,292,19.33
380,279,292,9.9
540,539,293,51.4
2747,2746,293,41.32
3761,3760,293,45.9
238,137,293,28.45
739,638,293,25.23
3557,3556,293,15.65
840,940,293,11.58
1643,1642,293,11.37
3661,3760,293,10.39
1689,1590,293,1.14
2546,2545,293,11.57
339,438,293,14.89
2950,2949,294,52.16
1142,1141,294,36.73
838,837,294,39.66
3657,3656,294,40.54
738,737,294,34.58
2041,2040,294,39.64
237,236,294,44.73
38,37,294,23.66
1242,1241,294,11.52
1442,1441,294,11.6
1844,1843,294,11.65
1044,1043,294,10.59
1144,1143,294,10.99
2242,2241,294,10.98
3660,3759,294,11.98
1744,1743,294,8.27
987,886,294,9.88
2749,2848,294,9.77
986,886,294,2.16
3670,3770,294,2.1
3255,3254,295,44.09
939,938,295,34.57
3356,3355,295,15.96
3866,3865,295,16.15
2852,2952,295,6.23
3779,3878,295,4.22
3772,3771,295,35.07
1188,1088,295,2.54
2949,2948,296,51.23
539,538,296,44.28
638,637,296,34.26
137,136,296,37.88
3556,3555,296,41.77
1142,1041,296,28.3
2041,1940,296,28.5
639,538,296,26.38
2445,2544,296,19.56
3659,3758,296,13.7
3768,3868,296,3.48
438,437,296,36.77
2241,2240,297,38.3
837,836,297,39.42
1141,1140,297,33.42
737,736,297,37.71
3656,3655,297,43.94
1043,1042,297,41.99
3456,3455,297,16.59
2444,2543,297,18.74
238,337,297,17.45
3054,3053,297,10.26
338,337,297,9.81
938,937,298,39.42
3355,3354,298,45.13
2848,2847,298,31.79
236,235,298,28.68
137,36,298,28.44
3255,3154,298,27.7
1943,1942,298,11.31
1542,1541,298,10.58
3155,3154,298,10.45
3658,3757,298,14.81
637,636,299,37.19
136,135,299,38.96
1940,1939,299,40.42
2241,2140,299,28.48
737,636,299,28.43
638,537,299,27.75
2342,2341,299,11.18
2747,2846,299,15.86
2141,2140,299,10.37
3780,3879,299,4.31
2646,2645,299,11.64
3655,3654,300,45.13
437,436,300,32.88
1141,1040,300,27.49
939,1038,300,18.67
3657,3756,300,16.26
1341,1340,300,11.43
2041,1941,300,11.95
3865,3864,300,23.77
2543,2542,300,34.1
3685,3785,300,1.43
36,35,301,51.75
2240,2239,301,39.17
1140,1139,301,44.57
337,336,301,43.34
3555,3554,301,33.72
2545,2644,301,18.91
940,1039,301,18.72
2443,2442,301,21.11
3762,3861,301,12.5
3761,3860,301,11.01
2951,3050,301,10.38
2948,2947,301,42.08
3783,3882,301,4.69
3654,3653,302,61.51
1340,1339,302,53.38
3756,3755,302,60.99
1939,1938,302,50.59
235,234,302,20.56
3455,3454,302,33.06
637,536,302,23.27
1940,1839,302,20.28
3864,3863,302,77.72
837,936,302,20.49
1743,1742,302,15.34
1141,1240,302,20.19
236,335,302,20.49
1441,1440,302,16.12
1843,1842,302,16.47
1642,1641,302,15.9
2341,2340,302,40.18
3764,3863,302,9.72
3781,3880,302,4.85
1388,1289,302,1.26
2689,2790,302,1.18
3554,3553,303,64.13
1038,1037,303,37.02
135,134,303,31.65
2240,2139,303,25.03
938,1037,303,20.49
3254,3253,303,18.35
2040,2039,303,19.62
3050,3049,303,90.13
3782,3881,303,4.77
2846,2845,303,33.48
3454,3453,304,63.85
1839,1838,304,50.95
1440,1439,304,57.73
3755,3754,304,61.39
436,435,304,25.63
2542,2541,304,31.65
3863,3862,304,52.81
836,835,304,19.06
736,735,304,19.18
3053,3052,304,18.34
3878,3877,304,17.3
177,76,304,7.21
2239,2238,304,36.83
2442,2441,304,44.33
2948,3047,304,19.24
2644,2643,304,48.66
3653,3652,304,58.72
2746,2745,304,14.41
1240,1239,305,46.99
1938,1937,305,33.71
1339,1338,305,42.78
936,935,305,41.4
636,635,305,18.91
135,34,305,24.52
3354,3353,305,18.34
1541,1540,305,17.02
3154,3153,305,18.39
2240,2339,305,20.1
1140,1239,305,18.39
2847,2946,305,21.21
2948,3048,305,9.2
3553,3552,305,60.72
335,334,306,28.22
1139,1138,306,21.12
235,334,306,18.93
2952,3051,306,12.29
3754,3753,306,57.58
2139,2138,306,40.29
536,535,306,30.2
2543,2642,306,16.61
2846,2945,306,21.15
1540,1539,307,58.65
2541,2540,307,38.36
1439,1438,307,42.78
1838,1837,307,36.27
835,834,307,40.01
735,734,307,39.81
134,133,307,29.06
2845,2844,307,33.23
234,233,307,24.98
3860,3859,307,17.98
2542,2641,307,21.26
1038,1137,307,20.61
2341,2440,307,19.82
784,684,307,2.07
2745,2744,307,45.41
2339,2338,308,38.36
1338,1337,308,37.58
935,934,308,43.57
1742,1741,308,16.78
1339,1238,308,24.53
1641,1640,308,17.44
1842,1841,308,17.12
2238,2237,308,27.09
1941,1840,308,19.79
1939,2038,308,16.12
1940,1840,308,6.84
2239,2338,308,20.65
3866,3965,308,6.94
885,785,308,1.91
3753,3752,308,56.7
34,33,309,28.39
3652,3651,309,21.14
3877,3876,309,24.38
134,33,309,23.8
3253,3252,309,18.2
1037,1036,309,19.4
1839,1738,309,22.12
1938,2037,309,21.13
234,333,309,20.51
335,434,309,21.11
3757,3856,309,12.85
279,178,309,7.06
3784,3883,309,4.64
2340,2439,309,21.23
1640,1639,310,60.52
3752,3751,310,56.86
2641,2640,310,43.64
1539,1538,310,44.37
133,132,310,38.19
2540,2539,310,39.95
1438,1437,310,41.17
2744,2743,310,36.16
1137,1136,310,41.39
1837,1836,310,37.71
3552,3551,310,21.01
1838,1737,310,25.1
735,634,310,24.97
2845,2944,310,21.17
635,634,310,21.08
3453,3452,310,18.08
936,1035,310,19.46
2644,2743,310,16.86
1890,1891,310,1.04
2945,2944,310,30.64
3856,3855,311,58.72
3651,3650,311,70.59
1238,1237,311,37.68
934,933,311,41.87
2338,2337,311,36
535,534,311,20.65
3153,3152,311,18.39
3353,3352,311,18.17
1338,1237,311,25.11
2643,2742,311,20.85
2238,2137,311,23.07
2238,2337,311,20.95
683,583,311,2.34
3751,3750,312,67.93
434,433,312,34.99
33,32,312,42.67
3876,3875,312,43.67
2439,2438,312,41.18
3965,3964,312,30.34
734,733,312,20.58
2339,2438,312,20.31
1937,1936,312,14.74
3047,3046,312,13.65
2237,2236,312,32.76
3863,3962,312,15.26
3048,3147,312,21.24
3452,3451,312,57.02
1890,1791,312,1.26
3855,3854,313,59.15
3650,3649,313,55.44
2640,2639,313,46.96
1538,1537,313,44.71
1639,1638,313,48.59
1737,1736,313,37.22
1035,1034,313,43.21
1136,1135,313,41.77
1836,1835,313,40.87
1437,1436,313,46.01
2539,2538,313,45.11
1337,1336,313,20.66
3859,3858,313,17.78
834,833,313,19.58
1837,1736,313,25.11
935,1034,313,18.74
3861,3960,313,12.29
3048,3148,313,12.57
2945,3044,313,21.27
3875,3874,314,55.46
3750,3749,314,51.71
3451,3450,314,72.94
534,533,314,37.99
1237,1236,314,38.47
2742,2741,314,42.07
1741,1740,314,17.42
133,232,314,20.35
2744,2843,314,20.78
2642,2741,314,19.11
3962,3961,314,50.25
2237,2136,314,24.74
3862,3961,314,14.75
2945,3045,314,13.17
2888,2989,314,1.06
2639,2638,315,55.72
2538,2537,315,53.07
2438,2437,315,46.12
2337,2336,315,32.33
1738,1637,315,24.92
2338,2437,315,20.81
2236,2235,315,37.33
2641,2740,315,18.72
634,633,315,21.17
1839,1739,315,8.05
2237,2336,315,21.21
3252,3251,315,17.75
3754,3853,315,13.48
3874,3873,316,59.44
1537,1536,316,44.98
1736,1735,316,37.75
1034,1033,316,43.22
1835,1834,316,41.58
1336,1335,316,40
1436,1435,316,43.37
1135,1134,316,40.32
733,732,316,28.76
433,432,316,30.25
1737,1636,316,25.12
3551,3550,316,19.47
1836,1735,316,24.85
333,332,316,14.59
934,1033,316,19.31
2537,2536,317,62.88
3853,3852,317,54
2638,2637,317,68.93
2740,2739,317,50.91
1236,1235,317,37.73
533,532,317,34.44
933,932,317,19.15
3152,3151,317,17.68
2037,2036,317,13.65
3964,3963,317,21.37
3352,3351,317,17.54
3251,3250,317,68.25
1489,1490,317,1.43
3753,3852,317,13.8
3550,3549,318,64.35
3873,3872,318,64.99
2336,2335,318,34.78
3649,3648,318,20.09
2235,2234,318,37.68
733,632,318,23.7
3650,3549,318,20.39
2337,2436,318,21.24
2743,2842,318,19.41
1836,1935,318,19.62
2236,2135,318,25.11
3757,3857,318,5
3867,3966,318,4.54
1990,1991,318,0.97
3351,3350,319,70.2
2739,2738,319,69.8
2637,2636,319,83.12
3852,3851,319,58.63
1134,1133,319,37.4
1435,1434,319,34.43
1335,1334,319,36.83
1834,1833,319,43.37
1536,1535,319,35.56
1735,1734,319,36.79
1033,1032,319,45.46
3749,3748,319,23.64
1736,1635,319,25.11
1835,1734,319,24.74
733,832,319,21.17
3960,3959,319,18.02
2742,2841,319,19.24
2944,2943,319,11.62
3752,3851,319,13.74
3151,3150,319,67.63
2436,2435,320,51.5
1235,1234,320,36.26
932,931,320,42.84
3450,3449,320,19.56
3147,3146,320,13.17
3856,3955,320,13.07
3872,3871,320,67.35
3287,3288,320,1.01
3187,3188,320,0.89
2234,2233,321,38.2
2536,2535,321,32.44
3749,3849,321,15.49
3649,3548,321,19.24
1835,1934,321,19.4
2235,2134,321,25.11
132,131,321,9.25
3962,4061,321,16.25
480,381,321,2.35
3045,3144,321,21.24
3048,3149,321,9.15
2841,2840,322,37.15
1734,1733,322,38.04
3748,3747,322,34.61
1833,1832,322,46.62
1032,1031,322,47.03
1635,1634,322,36.52
1334,1333,322,37.02
1133,1132,322,38.39
832,831,322,35.18
2335,2334,322,31.88
3648,3647,322,30.65
3250,3249,322,20.9
1834,1733,322,24.4
1735,1634,322,25.11
2741,2840,322,19.24
3749,3848,322,20.12
2235,2334,322,20.46
3044,3043,322,11.36
3955,3954,322,57.87
3855,3954,322,12.92
632,631,322,30.1
3045,3145,322,13.45
582,482,322,2.19
3871,3870,322,70.25
4061,4060,323,53.65
3449,3448,323,38.35
931,930,323,34.36
1234,1233,323,34.44
1434,1433,323,30.31
1535,1534,323,32.53
432,431,323,14.62
1134,1233,323,20.53
1435,1534,323,21.05
332,331,323,15.27
32,31,323,9.17
1031,1030,324,52.54
2840,2839,324,54.31
3870,3869,324,74.86
3249,3248,324,51.27
2535,2534,324,36.74
1934,1933,324,42.25
2134,2133,324,39.71
3350,3349,324,20.44
2738,2737,324,22.88
2636,2635,324,23.43
3648,3547,324,24.28
2234,2133,324,25.09
732,731,324,12.97
1834,1933,324,18.81
2740,2839,324,15.99
232,231,324,10.11
3751,3850,324,10.17
2233,2232,324,36.24
2135,2034,324,24.79
632,531,324,24.12
380,280,324,2.03
1489,1390,324,1.7
3954,3953,324,54.94
1030,1029,325,103.94
4060,4059,325,61.87
3848,3847,325,34.61
1832,1831,325,47.02
1132,1131,325,41.04
1333,1332,325,40.78
1733,1732,325,46.28
2435,2434,325,23.39
1734,1633,325,25.1
2335,2434,325,21.25
2842,2941,325,21.18
2234,2333,325,20.34
2036,2035,325,12.97
3853,3952,325,14.81
3959,3958,325,17.96
631,630,325,34.26
3878,3977,325,4.86
2090,2091,325,0.99
2839,2838,326,84.41
1233,1232,326,36.39
3449,3348,326,25.08
931,830,326,24.97
2841,2940,326,20.58
1434,1533,326,21.26
1133,1232,326,20.3
1831,1830,327,62.54
3952,3951,327,60.96
2034,2033,327,38.04
1933,1932,327,46.53
2133,2132,327,45.11
2534,2533,327,37.35
3448,3447,327,29.54
3548,3447,327,24.26
2134,2033,327,24.98
2842,2942,327,12.26
2232,2231,327,33.35
2233,2132,327,25.1
3962,4062,327,6.89
2940,2939,328,61.96
1732,1731,328,41.67
1633,1632,328,45.54
3547,3546,328,29.97
2737,2736,328,25.7
1733,1632,328,23.67
3849,3948,328,21.26
2233,2332,328,20.76
631,530,328,24.96
3387,3388,328,1.18
1533,1532,329,44.02
3847,3846,329,26.54
2635,2634,329,24.84
3448,3347,329,23.96
3848,3947,329,21.02
2334,2433,329,20.99
3849,3949,329,13.24
3856,3956,329,5.1
178,77,329,7.11
3965,4064,329,6.86
631,730,329,21.07
1830,1829,329,80.48
3879,3978,329,4.84
3145,3244,329,21.21
2939,2938,330,94.4
1731,1730,330,75.97
1932,1931,330,48.88
2533,2532,330,38.72
2033,2032,330,45.11
2132,2131,330,40.01
2838,2837,330,25.79
3547,3446,330,24.09
2133,2032,330,23.99
1433,1432,330,16.07
431,430,330,15.36
331,330,330,15.63
1132,1231,330,19.57
1333,1432,330,19.64
131,130,330,12.03
2232,2131,330,24.84
3785,3884,330,4.78
3145,3245,330,13.67
987,887,330,1.88
2690,2691,330,1.77
2938,2937,331,100.23
3546,3545,331,38.48
1632,1631,331,33.6
1732,1631,331,24.73
4059,4058,331,18.02
3547,3646,331,21.25
3647,3646,331,11.62
4061,4160,331,14.94
3958,3957,331,17.96
2332,2331,331,37.08
3955,4054,331,13.37
2232,2331,331,21.16
3882,3981,331,4.77
3964,4063,331,7.81
2231,2230,331,29.97
3144,3143,331,10.87
1829,1828,331,78.05
1730,1729,332,89.85
3847,3746,332,22.84
3847,3946,332,20.86
2941,3040,332,21
2333,2432,332,21.24
1029,1028,332,14.69
231,230,332,12.52
31,30,332,12.11
1031,1130,332,15.36
3747,3746,332,10.82
630,629,332,14.82
3880,3979,332,4.83
3954,4053,332,14.45
4160,4159,333,59.95
2937,2936,333,63.9
1828,1827,333,63.37
3446,3445,333,37.63
2032,2031,333,43.41
3347,3346,333,27.09
2634,2633,333,25.66
3951,3950,333,18.75
3447,3346,333,24.36
2132,2031,333,24.95
3348,3247,333,21.44
1332,1331,333,13.09
1931,1930,333,48.04
3248,3247,333,12.38
930,929,333,10.58
2736,2735,333,23.84
2532,2531,333,41.59
3881,3980,333,4.84
2231,2130,333,24.09
3040,3039,334,71.91
4053,4052,334,54.56
3545,3544,334,41.21
2230,2229,334,34.73
2837,2836,334,25.36
1632,1531,334,24.87
2942,3042,334,14.96
2942,3041,334,20.61
2941,3041,334,11.69
3977,3976,334,11.23
3877,3976,334,4.78
1729,1728,334,95.28
2231,2330,334,21.25
2331,2330,334,36.26
1827,1826,335,52.52
4159,4158,335,61.26
1130,1129,335,34.67
3546,3645,335,20.27
3948,4047,335,21.02
2332,2431,335,20.6
1930,1929,335,51.51
4052,4051,336,65.02
2229,2228,336,59.72
3039,3038,336,97.32
1728,1727,336,83.5
3445,3444,336,38.33
2130,2129,336,36.83
3346,3345,336,33.89
3446,3345,336,25.11
3347,3246,336,23.07
3949,4048,336,21.08
3947,4046,336,21
2031,2030,336,37.36
629,628,336,28.69
2131,2030,336,24.68
3145,3246,336,10.31
1087,988,336,1.42
1790,1691,336,1.24
1929,1928,337,50.78
3544,3543,337,41.27
2836,2835,337,42.76
2633,2632,337,25.67
929,928,337,29.13
2735,2734,337,25.6
4058,4057,337,17.78
3846,3845,337,13.26
2330,2329,337,34.43
3244,3243,337,13.54
3038,3037,338,91.39
1727,1726,338,66.59
2531,2530,338,23.57
2431,2430,338,46.97
3949,4049,338,11.92
4061,4161,338,6.1
2331,2430,338,20.76
1928,1927,339,51.51
2734,2733,339,54.59
2329,2328,339,65.15
2129,2128,339,37
3444,3443,339,35.43
2030,2029,339,39.69
1826,1825,339,27.71
2936,2935,339,18.43
3445,3344,339,25.09
2130,2029,339,25.11
1631,1630,339,13.79
3545,3644,339,19.52
1432,1431,339,11.7
330,329,339,11.44
3976,3975,339,24.18
530,529,339,9.24
3543,3542,340,40.78
4046,4045,340,27.55
1531,1530,340,17.84
3946,3945,340,12.9
3746,3745,340,13.55
430,429,340,10.46
2835,2834,340,35.68
3955,4055,340,5.26
2690,2591,340,2.07
2128,2127,341,62.58
3037,3036,341,42.27
1726,1725,341,35.04
2228,2227,341,24.82
4158,4157,341,17.63
3042,3142,341,16.38
3041,3140,341,20.44
1331,1330,341,12.75
2328,2327,341,98.45
2632,2631,341,25.16
2330,2429,341,21.05
2227,2226,342,106.97
329,328,342,35.4
2029,2028,342,38.59
2733,2732,342,48.42
1927,1926,342,38.39
3975,3974,342,36.91
928,927,342,22.09
2129,2028,342,25.12
3444,3343,342,25.06
4051,4050,342,18.08
1826,1925,342,21.05
1129,1128,342,14.7
4047,4147,342,15.52
3544,3643,342,19.5
3042,3141,342,18.8
4053,4152,342,14.59
2226,2225,343,101.58
2127,2126,343,93.95
4157,4156,343,55.16
3140,3139,343,74.05
3542,3541,343,39.21
429,428,343,35.53
529,528,343,33.15
2530,2529,343,24.19
3543,3442,343,24.86
4057,4056,343,17.18
4046,4145,343,21.03
4047,4146,343,20.1
2327,2326,343,88.4
4160,4259,343,12.64
1231,1230,343,7.87
628,627,343,14.71
2631,2630,343,99.92
1925,1924,344,97.39
4152,4151,344,70.2
4045,4044,344,29.58
1530,1529,344,25.09
1726,1625,344,25.03
4048,4148,344,13.24
30,29,344,8.88
730,729,344,6.73
830,829,344,5.87
279,179,344,1.9
3686,3786,344,1.9
3139,3138,345,95.37
2326,2325,345,63.76
2225,2224,345,89.08
4259,4258,345,58.17
2630,2629,345,99.76
3974,3973,345,40.09
2732,2731,345,39.15
3643,3642,345,40.77
2834,2833,345,20.83
1431,1430,345,18.67
1630,1629,345,18.46
3543,3642,345,19.65
3845,3844,345,12.9
1727,1626,345,16
4159,4258,345,12.2
2935,2934,345,19.63
230,229,345,8.05
130,129,345,6.88
3586,3587,345,0.91
2629,2628,346,101.2
3973,3972,346,100.58
4151,4150,346,55.39
1924,1923,346,99.06
1230,1229,346,35.06
2028,2027,346,31.42
3542,3441,346,25.03
4045,3944,346,23.97
1825,1824,346,15.04
1927,2026,346,20.3
3037,3136,346,19.18
1928,2027,346,15.76
3965,4065,346,2.69
3243,3242,346,12.17
1824,1823,347,105.85
3138,3137,347,91.46
2224,2223,347,77.42
4258,4257,347,57.02
2325,2324,347,55.88
4145,4144,347,27.18
3541,3540,347,33.11
4045,4144,347,21.23
2429,2428,347,19.06
1629,1628,347,97.24
886,786,347,1.87
3867,3967,347,1.61
2690,2791,347,1.94
1628,1627,348,105.85
2026,2025,348,65.15
2628,2627,348,95.39
1430,1429,348,34.62
3642,3641,348,47.64
229,228,348,34.62
4044,4043,348,26.81
1625,1624,348,28.38
829,828,348,30.14
4156,4155,348,21.09
2126,2125,348,24.24
2529,2528,348,22.46
1330,1329,348,14.7
3036,3035,348,14.59
3542,3641,348,20.09
3745,3744,348,13.29
129,128,348,34.81
729,728,348,30.09
4049,4149,348,11.02
29,28,348,27.41
1529,1528,348,27.87
1728,1627,348,10.76
4062,4162,348,4.82
2190,2191,348,0.93
4257,4256,349,55.04
3136,3135,349,45.62
3972,3971,349,47.02
2833,2832,349,28.8
3541,3440,349,24.8
927,926,349,15.63
4147,4247,349,15.68
328,327,349,14.68
1128,1127,349,14.32
4161,4260,349,13.41
4053,4153,349,5.9
4064,4163,349,7.16
2731,2730,349,32.91
1288,1189,349,1.06
2125,2124,350,87.71
2025,2024,350,78.97
2627,2626,350,81.49
3540,3539,350,35.24
2934,2933,350,22.05
528,527,350,14.7
4145,4245,350,14.37
4145,4244,350,20.97
4146,4246,350,14.38
4146,4245,350,20.96
3541,3640,350,21.18
428,427,350,14.69
4147,4246,350,19.91
3141,3240,350,19.85
3643,3742,350,19.65
3343,3342,350,13.38
4155,4154,350,55.84
627,626,350,15.82
1528,1527,350,95.1
1527,1526,351,106.39
3135,3134,351,54.32
4256,4255,351,55.28
4148,4248,351,14.62
4044,3943,351,22.95
4044,4143,351,20.91
1625,1525,351,15.46
1625,1524,351,23.57
1625,1724,351,21.13
684,584,351,2.3
2024,2023,352,85.01
2124,2123,352,78.5
2626,2625,352,59.93
3240,3239,352,65.66
2428,2427,352,23.81
3441,3340,352,24.59
1923,1922,352,18.19
1229,1228,352,17.05
3440,3439,352,42.76
3971,3970,352,48.97
3970,3969,353,107.05
3134,3133,353,56.34
3539,3538,353,44.03
3742,3741,353,44.57
3640,3639,353,37.36
1127,1126,353,25.76
2832,2831,353,26.13
926,925,353,32.93
828,827,353,24.95
2324,2323,353,17.17
3441,3341,353,14.35
4150,4250,353,15.02
4150,4249,353,20.56
3844,3843,353,12.6
2528,2527,353,21.15
3141,3241,353,9.86
3643,3743,353,9.63
583,483,353,2.39
2490,2491,353,0.89
3969,3968,354,107.4
3239,3238,354,91.92
2427,2426,354,78.74
1524,1523,354,46.11
4244,4243,354,28.49
4144,4243,354,20.48
3136,3235,354,18.01
4259,4358,354,13.27
3439,3438,354,64.19
1028,1027,354,4.62
3977,4076,354,4.96
3883,3982,354,3.21
3340,3339,354,52.31
3387,3488,354,1.31
1126,1125,355,54.51
3538,3537,355,58.6
3741,3740,355,51.34
925,924,355,51.3
2625,2624,355,40.84
4143,4142,355,26.4
2730,2729,355,19.18
228,227,355,14.71
1429,1428,355,15.84
3035,3034,355,15.7
1823,1822,355,13.31
3137,3236,355,19.04
2223,2222,355,13.14
2527,2526,355,77.2
728,727,355,14.71
28,27,355,14.47
3785,3885,355,1.84
3339,3338,356,83.1
3235,3234,356,65.28
4358,4357,356,52.98
1523,1522,356,89.26
1228,1227,356,28.16
1724,1723,356,20.81
1125,1124,356,107.42
4247,4346,356,21.19
327,326,356,16.51
2933,2932,356,17.07
128,127,356,14.21
4258,4357,356,13.68
2325,2424,356,14.1
2326,2425,356,11.4
427,426,356,16.77
3438,3437,356,89.14
4255,4254,356,20.24
3740,3739,357,50.6
3537,3536,357,69.01
2729,2728,357,69.96
2526,2525,357,53.74
3639,3638,357,29.53
2123,2122,357,20.83
1524,1423,357,23.72
1525,1424,357,25.09
4245,4344,357,21.05
4244,4343,357,21.14
3640,3739,357,20.54
4246,4345,357,21.2
4247,4347,357,13.76
4257,4356,357,14.41
4152,4251,357,9.56
4161,4261,357,5.27
1428,1427,357,94.56
626,625,357,16.41
924,923,357,65.93
2988,3089,357,1.08
1227,1226,358,54.42
1723,1722,358,99.17
3034,3033,358,48.66
1027,1026,358,25.98
4243,4242,358,31.81
3133,3132,358,22.28
2023,2022,358,19.98
2625,2524,358,24.85
4143,4042,358,22.78
4143,4242,358,20.83
3742,3841,358,18.39
4043,4042,358,10.82
27,26,358,47.02
3437,3436,358,90.91
3978,4077,358,4.97
1427,1426,358,102.64
1226,1225,359,106.64
4356,4355,359,54.36
3536,3535,359,63.97
4142,4141,359,28.32
4248,4348,359,13.56
1524,1623,359,17.83
1525,1425,359,12.99
127,126,359,43.42
4256,4355,359,14.32
1624,1623,359,9.9
3137,3237,359,9.01
3739,3738,360,42.78
4343,4342,360,35.15
3638,3637,360,39.97
3234,3233,360,28.22
4076,4075,360,18.07
3639,3738,360,21.23
3743,3842,360,20.8
2625,2724,360,19.63
3943,3942,360,12.33
4153,4252,360,13.74
4250,4350,360,14.77
4250,4349,360,20.74
527,526,360,10.07
3884,3983,360,4.72
3436,3435,360,87.88
785,685,360,1.94
2831,2830,360,16.54
3841,3840,361,46.74
4242,4241,361,33.31
923,922,361,65.79
3338,3337,361,23.85
1822,1821,361,18.35
2222,2221,361,21.66
2626,2725,361,15.77
4260,4359,361,13.11
4355,4354,361,56.13
3979,4078,361,5.58
3981,4080,361,5.58
1124,1123,361,45.18
1225,1224,361,147.41
1522,1521,361,67.07
126,125,361,92.76
26,25,361,53.88
3337,3336,362,120.81
125,124,362,103.36
1026,1025,362,65.67
1722,1721,362,30.65
2728,2727,362,30.06
2122,2121,362,24.85
426,425,362,22.48
4254,4253,362,21.86
4142,4041,362,22.67
2932,2931,362,18.64
227,226,362,17.45
827,826,362,14.07
2323,2322,362,11.74
2624,2623,362,15.37
1329,1328,362,7.99
727,726,362,15.66
178,78,362,1.78
2790,2890,362,1.8
326,325,362,22.02
625,624,362,22.8
3336,3335,363,109.55
1328,1327,363,181.99
1123,1122,363,65.77
3840,3839,363,53.55
3637,3636,363,47.79
4342,4341,363,35.18
3738,3737,363,36.55
3033,3032,363,25.72
1424,1323,363,23.28
4346,4445,363,22.6
1922,1921,363,10.21
25,24,363,53.45
3980,4079,363,5.58
922,921,363,65.84
381,281,363,2.28
1224,1223,363,79.9
124,123,364,96.59
1025,1024,364,65.69
4241,4240,364,33.44
4075,4074,364,32.09
2727,2726,364,74.62
4345,4444,364,22.44
4344,4443,364,22.38
4343,4442,364,22.63
4347,4446,364,22.28
2424,2423,364,13.18
4346,4446,364,13.39
4358,4457,364,16.32
1327,1326,364,230.96
3132,3131,364,20.53
3435,3434,364,26.37
4064,4164,364,2.97
3839,3838,365,58.58
3335,3334,365,95.62
526,525,365,20.89
3233,3232,365,23.42
3739,3838,365,20.82
1424,1324,365,12.71
4347,4447,365,14.31
4357,4456,365,16.46
24,23,365,53.34
3535,3534,365,18.32
4162,4262,365,6.21
4250,4351,365,13.42
1423,1422,365,13.19
1024,1023,365,237.15
1326,1325,365,184.4
1323,1322,365,74.55
921,920,365,65.97
226,225,365,37.9
123,122,366,75.27
4341,4340,366,36.73
3737,3736,366,33.69
4348,4448,366,15.26
3841,3940,366,20.17
2524,2523,366,13.33
2724,2723,366,17.89
23,22,366,111.85
1188,1089,366,1.17
4354,4353,366,22.09
3838,3837,367,53.95
1322,1321,367,66.28
225,224,367,64.51
4456,4455,367,56.97
920,919,367,60.72
4074,4073,367,36.86
1122,1121,367,27.04
826,825,367,24.53
425,424,367,23.39
325,324,367,23.03
624,623,367,21.32
1821,1820,367,17.46
4342,4441,367,22.6
2830,2829,367,15.4
3738,3837,367,22.49
4350,4449,367,22.64
4356,4455,367,15.91
1721,1720,367,20.91
726,725,367,21.55
1023,1022,367,54.14
2290,2291,367,0.9
1422,1421,367,66.31
2490,2391,367,1.06
4073,4072,368,110.49
122,121,368,59.11
4240,4239,368,28.75
1223,1222,368,21.44
2623,2622,368,17.93
2322,2321,368,16.73
4241,4140,368,23.25
2221,2220,368,15.84
3942,3941,368,14.21
22,21,368,84.27
4350,4450,368,13.02
4141,4140,368,12.21
2725,2824,368,22.15
1623,1622,368,12
2729,2828,368,11.96
3032,3031,368,22.5
4353,4352,368,71.13
4355,4454,368,17.03
3232,3231,368,43.15
482,382,368,2.04
2931,2930,368,16.81
4072,4071,369,113.67
224,223,369,96.57
4340,4339,369,35.14
3940,3939,369,45.81
3636,3635,369,18.96
2121,2120,369,16.44
3840,3939,369,17.9
3536,3635,369,12.69
223,222,370,100.55
1121,1120,370,48.75
919,918,370,47.63
4441,4440,370,34.44
3837,3836,370,44.75
3736,3735,370,32.3
525,524,370,22.85
1122,1021,370,22.14
1122,1221,370,21.8
4341,4440,370,22.47
1921,1920,370,16.41
4445,4545,370,14.7
4445,4544,370,22.04
3737,3836,370,22.64
4041,4040,370,13.46
21,20,370,79.93
3131,3130,370,17.06
1022,1021,370,36.75
3939,3938,371,55.69
3231,3230,371,36.9
121,120,371,48.99
324,323,371,31.79
1321,1320,371,31.08
2828,2827,371,41.63
4444,4543,371,22.25
4443,4542,371,22.51
4240,4139,371,22.6
4446,4546,371,14.84
4442,4541,371,22.55
1521,1520,371,10.21
4359,4458,371,15.54
2725,2825,371,11.03
4358,4458,371,6.09
4260,4360,371,4.54
825,824,371,30.86
222,221,372,97.63
4339,4338,372,36.23
4239,4238,372,29.11
623,622,372,22.48
424,423,372,23.78
120,119,372,117.4
2723,2722,372,18.23
3334,3333,372,16.51
4447,4547,372,15.26
2423,2422,372,12.91
4457,4556,372,18.24
20,19,372,71.64
3232,3331,372,21.22
4071,4070,372,43.27
725,724,372,23.4
4070,4069,373,135.29
3938,3937,373,66.12
4440,4439,373,36.23
1421,1420,373,17.36
3736,3835,373,22.61
4448,4548,373,15.72
4340,4439,373,22.6
3940,4039,373,20.46
2523,2522,373,14.31
3838,3937,373,17.76
2022,2021,373,6.67
3434,3433,373,11.98
1720,1719,373,17.76
4454,4453,373,22.63
4069,4068,374,151.64
4556,4555,374,51.05
221,220,374,85.48
3230,3229,374,40.3
824,823,374,44.15
323,322,374,44.55
3635,3634,374,20.97
3031,3030,374,19.57
2622,2621,374,17.93
1121,1020,374,20.52
4441,4540,374,22.63
1820,1819,374,16.32
3837,3936,374,20.78
2827,2826,374,39
2824,2823,374,18.26
4456,4555,374,16.75
918,917,374,28.46
2829,2928,374,21.71
3130,3129,374,31.26
2727,2826,374,11.87
3433,3432,375,57.65
4338,4337,375,34.64
4139,4138,375,32.78
1320,1319,375,25.37
524,523,375,22.74
1221,1220,375,23.41
4239,4138,375,22.69
2930,2929,375,14.85
2321,2320,375,15.91
3231,3330,375,22.45
1121,1220,375,19.52
4449,4549,375,13.66
4450,4549,375,22.37
2828,2927,375,21.61
4068,4067,375,155.69
4453,4452,375,74.1
3936,3935,376,57.68
322,321,376,64.99
823,822,376,56.38
3835,3834,376,35.35
4439,4438,376,42.71
220,219,376,72.69
4039,4038,376,44.65
4238,4237,376,29.9
3735,3734,376,16.86
4339,4438,376,22.52
2220,2219,376,13.4
3534,3533,376,9.48
4350,4451,376,9.18
4555,4554,376,56.51
3232,3332,376,9.71
4067,4066,376,177.97
423,422,377,23.46
622,621,377,20.66
4545,4645,377,15.63
4545,4644,377,21.12
3229,3228,377,41.01
4544,4644,377,15.22
4544,4643,377,21.6
1920,1919,377,14.75
4440,4539,377,22.52
2120,2119,377,13.13
4450,4550,377,11.52
119,118,377,24.46
3130,3029,377,23.06
724,723,377,24.04
3834,3833,378,64.13
321,320,378,81.13
4554,4553,378,59.46
4038,4037,378,58.7
3330,3329,378,33.96
4138,4137,378,41.2
3432,3431,378,42.86
1020,1019,378,28.19
3634,3633,378,27.74
219,218,378,51.75
3230,3329,378,21.9
4542,4642,378,15.53
4542,4641,378,21.24
4541,4641,378,14.64
4541,4640,378,22.08
4543,4642,378,22.09
1120,1119,378,13.25
3129,3128,378,31.8
2827,2926,378,22.15
3533,3532,378,67.8
4457,4557,378,7.23
822,821,378,67.98
19,18,378,17.63
3586,3687,378,1.04
4237,4236,379,37.91
3935,3934,379,41.58
4438,4437,379,44.85
4337,4336,379,33.08
1220,1219,379,28.37
1319,1318,379,26.32
2522,2521,379,16.8
2021,2020,379,17.5
2722,2721,379,14.97
4338,4437,379,22.62
2422,2421,379,14.85
1520,1519,379,13.56
4359,4459,379,5.68
1622,1621,379,9.98
1390,1290,379,1.71
3331,3430,379,22.34
4137,4136,380,53.67
3833,3832,380,98.24
4037,4036,380,71.93
320,319,380,82.89
4553,4552,380,75
4539,4538,380,41.84
3734,3733,380,28.27
523,522,380,23.2
1420,1419,380,16.1
4439,4538,380,21.34
4548,4648,380,15.43
4548,4647,380,21.36
4556,4655,380,18.75
917,916,380,18.1
821,820,380,58.92
280,180,380,1.72
1719,1718,380,15.67
4236,4235,381,51.4
3329,3328,381,42.75
1019,1018,381,36.36
4640,4639,381,34.47
723,722,381,25.87
3029,3028,381,30.46
3228,3227,381,25.27
4540,4639,381,22.64
2823,2822,381,14.49
218,217,381,36.82
3229,3328,381,21.75
2928,3027,381,22.59
2826,2925,381,22.5
3129,3028,381,23.13
4076,4175,381,5.58
3982,4081,381,5.58
3981,4081,381,2.07
3832,3831,382,52.45
319,318,382,73.3
4136,4135,382,72.08
4036,4035,382,83.57
4437,4436,382,40.69
422,421,382,24.89
621,620,382,20.16
3330,3429,382,22.64
4337,4436,382,22.64
4552,4551,382,62.87
3432,3531,382,21.3
2621,2620,382,13.94
118,117,382,20.69
3128,3127,382,25.61
4549,4649,382,15.12
4545,4646,382,12.45
2927,3026,382,22.64
3885,3984,382,5.55
4655,4654,382,53.63
4163,4263,382,3.14
820,819,382,60.02
4235,4234,383,69.53
3733,3732,383,37.74
4538,4537,383,42.71
3934,3933,383,29.76
4336,4335,383,33.24
3935,4034,383,21.62
4438,4537,383,20.75
2320,2319,383,14.25
4262,4361,383,8.26
1819,1818,383,12.22
318,317,384,52.37
4654,4653,384,62.94
3831,3830,384,72.06
4135,4134,384,89.35
4639,4638,384,43.32
1018,1017,384,42.41
1318,1317,384,24.91
1219,1218,384,23.37
4643,4743,384,15.52
4643,4742,384,21.26
4539,4638,384,21.56
2219,2218,384,13.15
3228,3327,384,21.26
217,216,384,36.74
4077,4176,384,5.56
1590,1591,384,1.13
4034,4033,385,63.91
3429,3428,385,38.09
4175,4174,385,27.2
722,721,385,29.39
522,521,385,22.97
2421,2420,385,17.13
3329,3428,385,21.33
4642,4741,385,20.66
1119,1118,385,14.4
4641,4741,385,15.86
4641,4740,385,20.79
4640,4739,385,22.63
1919,1918,385,13.21
2119,2118,385,13.66
2926,3025,385,22.64
4458,4558,385,7.64
3531,3530,385,33.41
819,818,385,33.42
3431,3530,385,22.64
4234,4233,385,86.14
4653,4652,386,77.1
4134,4133,386,89.35
3732,3731,386,49.65
3933,3932,386,35.85
4537,4536,386,47.68
4436,4435,386,31.83
421,420,386,27.83
2020,2019,386,14.76
4336,4435,386,22.64
2721,2720,386,14.34
4437,4536,386,21.82
2521,2520,386,15.67
4557,4656,386,18.99
3127,3126,386,31.05
317,316,386,57.92
4556,4656,386,7.58
4550,4650,386,11.28
18,17,386,12.57
4335,4334,386,43.81
3830,3829,386,76.52
887,787,386,1.73
3430,3529,386,22.42
216,215,387,33.69
4638,4637,387,40.88
620,619,387,20.1
117,116,387,24.32
4538,4637,387,21.34
1519,1518,387,13.53
3633,3632,387,12.45
4648,4748,387,15.32
4648,4747,387,21.49
2925,2924,387,16.9
4073,4172,387,7.19
3533,3632,387,13.5
1521,1620,387,5.47
4080,4179,387,5.58
4078,4177,387,5.57
916,915,387,16.23
4233,4232,387,90.49
4172,4171,388,112.98
4652,4651,388,60.72
4033,4032,388,49.66
4739,4738,388,45.07
1017,1016,388,26.22
2822,2821,388,14.62
4639,4738,388,21.18
4174,4173,388,36.13
4655,4754,388,17.87
4133,4132,388,77.54
3829,3828,388,63.7
4334,4333,388,63.38
4232,4231,389,87.05
3932,3931,389,47.01
3731,3730,389,48.9
1118,1117,389,28.36
3429,3528,389,22.3
2620,2619,389,14.34
4436,4535,389,22.59
721,720,389,29.45
1718,1717,389,11.86
1419,1418,389,11.93
4536,4535,389,48.25
3127,3226,389,22.52
4643,4744,389,12.25
316,315,389,33.36
4649,4749,389,14.7
3531,3630,389,22.64
4079,4178,389,5.57
4171,4170,389,119.79
2791,2891,389,2.43
4132,4131,390,66.09
3828,3827,390,64.6
4754,4753,390,60.88
4333,4332,390,79.39
4637,4636,390,42.71
215,214,390,44.4
116,115,390,34.13
420,419,390,30.05
521,520,390,21.72
1317,1316,390,18.84
2319,2318,390,14.67
3531,3631,390,12.93
4335,4434,390,21.05
4435,4434,390,30.46
4170,4169,390,130.97
3827,3826,391,184.48
4231,4230,391,83.47
4738,4737,391,43.5
4741,4841,391,16.7
3428,3427,391,18.01
1218,1217,391,14.75
4638,4737,391,21.78
4742,4842,391,15.9
4742,4841,391,20.72
2218,2217,391,15.19
4557,4657,391,7.75
3025,3024,391,16.8
3931,3930,391,65.52
4169,4168,391,139.08
4032,4031,391,39.44
818,817,391,19.81
4332,4331,392,89.31
4131,4130,392,62.51
4753,4752,392,79.68
4739,4838,392,20.68
4740,4839,392,22.26
619,618,392,20.09
1818,1817,392,12.07
988,888,392,1.74
4636,4635,392,50.01
4168,4167,392,139.37
3530,3629,392,21.84
4535,4534,392,38.37
4167,4166,393,139.53
4230,4229,393,82.32
4434,4433,393,38.56
1117,1116,393,28.22
2019,2018,393,14.34
2720,2719,393,15.28
4741,4840,393,18.82
2118,2117,393,13.02
1918,1917,393,13.5
4361,4460,393,14.66
3126,3125,393,14.73
3327,3326,393,12.05
3529,3628,393,22.37
4130,4129,394,65.06
4635,4634,394,51.06
4331,4330,394,94.27
4737,4736,394,42.86
115,114,394,33.21
3730,3729,394,21.58
1518,1517,394,15.55
4637,4736,394,21.34
915,914,394,16.28
1620,1619,394,14.59
2924,2923,394,16.38
419,418,394,30.92
4656,4755,394,19.55
4748,4848,394,15.84
4748,4847,394,20.81
2520,2519,394,12.57
2420,2419,394,12.45
4459,4559,394,6.89
4645,4745,394,5.92
720,719,394,24.2
4166,4165,395,50.12
4433,4432,395,53.25
4229,4228,395,84.74
4838,4837,395,47.58
3826,3825,395,30.54
520,519,395,20.04
214,213,395,22.06
4651,4751,395,15.71
4651,4750,395,21.01
4738,4837,395,21.13
2821,2820,395,14.88
4742,4843,395,12.94
315,314,395,18.87
4649,4750,395,11.07
3528,3527,395,19.44
1016,1015,395,15.88
4031,4030,395,31.83
3930,3929,395,30.87
4129,4128,396,58.44
4330,4329,396,89.91
4534,4533,396,31.84
1217,1216,396,23.5
2619,2618,396,16.49
4749,4849,396,14.76
17,16,396,11.07
3983,4082,396,3.95
3929,3928,396,114.99
4432,4431,397,69.83
114,113,397,48.73
4634,4633,397,42.71
2217,2216,397,16.94
2318,2317,397,16.51
1316,1315,397,14.31
1418,1417,397,14.23
1717,1716,397,13.37
4228,4227,397,85.54
584,484,397,2.19
3786,3886,397,1.94
4736,4735,397,39
4329,4328,398,85.31
418,417,398,26.96
618,617,398,18.89
817,816,398,16.34
4841,4941,398,15.44
4841,4940,398,21.35
4737,4836,398,21.3
4754,4853,398,15.49
3226,3225,398,12.2
4837,4836,398,43.5
4263,4362,398,9.1
4262,4362,398,3.12
3729,3728,398,27.82
4431,4430,399,80.16
4533,4532,399,39.85
3928,3927,399,45.47
2719,2718,399,17.29
4747,4746,399,8.75
4656,4756,399,8.16
3024,3023,399,14.04
3885,3985,399,2.31
4128,4127,399,47.6
179,79,399,1.78
719,718,399,20.17
4227,4226,399,77.25
3927,3926,400,131.9
4328,4327,400,84.01
4853,4852,400,79.61
4633,4632,400,45.53
4735,4734,400,47.75
3825,3824,400,21.84
4030,4029,400,21.35
1619,1618,400,17.17
2117,2116,400,15.65
4840,4939,400,21.84
4839,4938,400,19.99
4635,4734,400,18.75
4838,4937,400,19.91
3427,3426,400,11.44
1817,1816,400,12.78
1590,1491,400,1.32
3926,3925,401,157.11
4430,4429,401,76.69
4532,4531,401,51.48
4226,4225,401,56.76
113,112,401,27.36
2519,2518,401,16.5
519,518,401,18.77
1517,1516,401,14.49
2419,2418,401,16.15
914,913,401,16.04
4634,4733,401,21.34
1116,1115,401,14.01
2018,2017,401,13.94
3125,3124,401,13.76
4558,4658,401,6.46
1917,1916,401,13.65
4736,4835,401,22.15
4836,4835,401,34.52
4127,4126,402,36.05
2618,2617,402,18.3
213,212,402,14.6
4751,4851,402,16.13
4751,4850,402,20.31
2923,2922,402,13.95
2820,2819,402,15.71
4837,4936,402,21.13
4749,4850,402,11.15
1718,1617,402,6.6
1015,1014,402,14.92
4327,4326,402,88.81
4755,4854,402,19.62
4531,4530,403,55.53
4429,4428,403,71.2
4632,4631,403,40.15
2216,2215,403,18.55
2317,2316,403,17.63
4129,4028,403,17.27
4841,4942,403,12.13
4361,4461,403,5.25
4128,4027,403,20.88
4326,4325,404,91.04
4835,4834,404,38.84
3925,3924,404,45.86
4733,4732,404,49.62
112,111,404,33.55
2718,2717,404,20.26
617,616,404,16.88
4633,4732,404,20.55
1417,1416,404,15.24
1216,1215,404,13.08
16,15,404,13.63
314,313,404,12.26
417,416,404,19.55
382,282,404,2.85
786,686,404,1.74
483,383,404,1.97
1088,989,404,1.28
4530,4529,405,50.74
4027,4026,405,63.79
4428,4427,405,68.97
4936,4935,405,33.41
4126,4125,405,33.97
4225,4224,405,32.31
3824,3823,405,21.32
718,717,405,18.11
816,815,405,16.28
4941,5040,405,22.41
4940,5039,405,21.33
1315,1314,405,12.7
1716,1715,405,13.98
3326,3325,405,8.39
3527,3526,405,10.57
3728,3727,405,16.21
4836,4935,405,22.63
4325,4324,406,73.91
111,110,406,53.31
4631,4630,406,35.59
2116,2115,406,17.8
4941,5041,406,14.05
4657,4757,406,6.79
4747,4846,406,7.61
3023,3022,406,14.63
3628,3627,406,7.78
3686,3787,406,1.23
4026,4025,407,93.18
3823,3822,407,56.09
4834,4833,407,47.19
4732,4731,407,35.14
2617,2616,407,21.7
2518,2517,407,17.64
2418,2417,407,17.27
518,517,407,17.53
4632,4731,407,21.93
1816,1815,407,14.46
4756,4855,407,19.33
4427,4426,407,71.28
4175,4274,407,5.58
4081,4180,407,5.58
4755,4855,407,8.22
4937,5036,407,20.65
4025,4024,408,111.34
110,109,408,68.39
4224,4223,408,41.19
5039,5038,408,46.92
4529,4528,408,49.19
3924,3923,408,25.52
2215,2214,408,20.69
212,211,408,17.85
4225,4124,408,23.18
4835,4934,408,22.18
913,912,408,14.95
1516,1515,408,14.79
4939,5038,408,20.02
4938,5037,408,19.23
2819,2818,408,18.43
4173,4272,408,7.25
4172,4271,408,7.01
3984,4083,408,5.58
1916,1915,408,15.46
3822,3821,409,56.09
4274,4273,409,95.36
4630,4629,409,41.82
2717,2716,409,24.44
2316,2315,409,19.6
4851,4950,409,22.34
2922,2921,409,14.97
4936,5035,409,22.64
4850,4949,409,20.8
4733,4832,409,19.24
2017,2016,409,13.76
3426,3425,409,11.79
4164,4264,409,2.23
685,585,409,2.09
4426,4425,409,72.19
1791,1792,409,1.05
2889,2990,409,0.95
4528,4527,410,50.56
4124,4123,410,73.72
4024,4023,410,72.03
109,108,410,97.72
4731,4730,410,34.78
4631,4730,410,22.57
4942,5042,410,16.5
4851,4951,410,14.19
1014,1013,410,12.51
1617,1616,410,13.46
3124,3123,410,11.85
4176,4275,410,5.57
1115,1114,410,12.5
3488,3588,410,1.81
4171,4270,410,6.57
4425,4424,411,68.97
2616,2615,411,25.81
4324,4323,411,21.76
717,716,411,16.96
815,814,411,16.93
3727,3726,411,17.48
4732,4831,411,22.6
15,14,411,16.14
313,312,411,14.81
616,615,411,16.04
1416,1415,411,15
4942,4943,411,13.63
4854,4953,411,16.57
4847,4947,411,5.99
3821,3820,411,55.1
4848,4948,411,6.07
108,107,412,99.93
4527,4526,412,54.64
4123,4122,412,53.6
4629,4628,412,43.38
4934,4933,412,30.22
4223,4222,412,32.22
2115,2114,412,18.73
4935,5034,412,22.64
5040,5139,412,21.39
1715,1714,412,16.46
4834,4933,412,20.03
4756,4856,412,8
4853,4952,412,10.88
3225,3224,412,7.42
416,415,412,14.23
4459,4560,412,4.31
1891,1892,412,0.99
4424,4423,413,64.08
4730,4729,413,41.36
2716,2715,413,29.22
3923,3922,413,20.16
211,210,413,22.58
2214,2213,413,23.99
2417,2416,413,18.19
2517,2516,413,19.19
1815,1814,413,17.29
3022,3021,413,15.4
4630,4729,413,21.56
5041,5140,413,22.59
5039,5138,413,20.12
3823,3722,413,18.06
4942,5043,413,14.35
2818,2817,413,23.46
4179,4278,413,5.58
4177,4276,413,5.57
4270,4269,413,47.49
4170,4269,413,5.97
3088,3189,413,1.03
4269,4268,414,134.29
4323,4322,414,47.81
4831,4830,414,39.7
2315,2314,414,22.62
1915,1914,414,17.96
5036,5135,414,22.64
4833,4932,414,21.29
4731,4830,414,22.62
517,516,414,15.67
5041,5141,414,13.45
1314,1313,414,11.39
1215,1214,414,10.49
4526,4525,414,59.3
3325,3324,414,11.13
4847,4946,414,7.27
4745,4844,414,7.12
4743,4844,414,4.83
107,106,414,79.11
3526,3525,414,12.43
4423,4422,415,62.6
4628,4627,415,42.69
5138,5137,415,51.23
4122,4121,415,44.69
2615,2614,415,30.46
4023,4022,415,20.35
4934,5033,415,22.43
1515,1514,415,14.86
912,911,415,15.21
5036,5136,415,12.77
2016,2015,415,16.92
3822,3721,415,18.06
4268,4267,415,127.1
3826,3725,415,5.97
4178,4277,415,5.58
3722,3721,415,56.09
4855,4954,415,19.85
5037,5136,415,20.81
4322,4321,416,53.51
106,105,416,66.01
4729,4728,416,40.51
4267,4266,416,124.07
5035,5134,416,21.96
4832,4931,416,22.3
4629,4728,416,21.16
2921,2920,416,15.25
4950,5049,416,20.81
3822,3921,416,17.04
4846,4845,416,10.82
4525,4524,416,58.29
4422,4421,417,64.13
2614,2613,417,95.36
4830,4829,417,40.35
210,209,417,30.04
2715,2714,417,31.99
2213,2212,417,28.57
4222,4221,417,21.91
2114,2113,417,20.89
716,715,417,16.99
814,813,417,17.6
312,311,417,17.24
4951,5050,417,22.64
5042,5142,417,15.93
4730,4829,417,21.67
2817,2816,417,27.94
3821,3720,417,18.39
4263,4363,417,2.94
3721,3720,417,58.28
3627,3626,417,9.84
3425,3424,417,13.02
105,104,418,66.05
3921,3920,418,50.77
4627,4626,418,46.13
5033,5032,418,35.63
2314,2313,418,26.79
2516,2515,418,22.94
2416,2415,418,20.9
1714,1713,418,17.64
615,614,418,15.64
4831,4930,418,22.02
14,13,418,15.19
4321,4320,418,74.9
1616,1615,418,14.06
4951,5051,418,12.78
3123,3122,418,13.65
3821,3920,418,17.37
3820,3819,418,16.49
4524,4523,418,57.24
2613,2612,419,90.15
2714,2713,419,92.42
5134,5133,419,36.31
4728,4727,419,38.57
4266,4265,419,41.55
4121,4120,419,27.74
1814,1813,419,18.21
5034,5133,419,21.61
4628,4727,419,21.34
4122,4021,419,21.73
5139,5238,419,20.38
1415,1414,419,13.98
3825,3724,419,5.94
314,413,419,5.93
4855,4955,419,8.4
4626,4625,420,50.9
104,103,420,66.94
4523,4522,420,59.01
209,208,420,44.16
4829,4828,420,40.28
1914,1913,420,18.41
5140,5239,420,22.19
5043,5143,420,15.28
3021,3020,420,16.33
4729,4828,420,21.86
4943,4944,420,11.94
3823,3723,420,6.7
4221,4220,420,45.8
5049,5048,420,25.24
2791,2792,420,1.37
4930,4929,421,22.8
2212,2211,421,6.92
5134,5233,421,58.6
3921,4020,421,69.45
4627,4726,421,44.74
5033,5132,421,51.34
5136,5235,421,62.56
4954,5053,421,70.38
4830,4929,421,49.19
5135,5234,421,58.9
4932,5031,421,49.13
5141,5240,421,51.09
4269,4368,421,111.69
5138,5237,421,65.57
4953,5052,421,77.96
4273,4372,421,102.78
4272,4371,421,105.76
4083,4182,421,127.01
4274,4373,421,94.89
4268,4367,421,108.28
3985,4084,421,36.46
4558,4659,421,4.46
4082,4181,421,40.26
5137,5236,421,65.74
2713,2812,422,88.04
2713,2712,422,10.31
5238,5337,422,87.12
5032,5131,422,50.73
2613,2712,422,91.44
5050,5149,422,52.42
4829,4928,422,49.26
2714,2813,422,93.24
4931,5030,422,49.13
4728,4827,422,46.15
4422,4521,422,43.48
5239,5338,422,77.79
5141,5241,422,16.53
5142,5241,422,52.04
4267,4366,422,105.71
4321,4420,422,55.9
108,207,422,63.29
4180,4279,422,43.24
4757,4857,422,11.21
2816,2815,422,6.93
4658,4758,422,9.51
4271,4370,422,52.5
3124,3223,422,15.07
4525,4624,422,42.98
5049,5148,422,45.02
4270,4369,422,54.63
4955,5054,422,61.87
5236,5335,423,84.77
5235,5334,423,76.07
4368,4467,423,105.85
4373,4472,423,103.01
4367,4466,423,96.8
4084,4183,423,101.37
4727,4826,423,44.18
5133,5232,423,56.37
5051,5150,423,47.58
4626,4725,423,42.73
4930,5029,423,47.59
2212,2311,423,43.25
2715,2814,423,42.33
4278,4377,423,42.69
4275,4374,423,35.57
1314,1413,423,15.44
5143,5242,423,53.27
1014,1113,423,17.33
4846,4945,423,15.58
4524,4623,423,35.2
4371,4470,423,109.1
107,206,423,43.31
5237,5336,423,88.98
1991,1992,423,1.23
4369,4468,424,112.23
5338,5437,424,79.99
5132,5231,424,53.15
5234,5333,424,69.73
5031,5130,424,50.12
5052,5151,424,56.99
5233,5332,424,63.45
4625,4724,424,39.36
4828,4927,424,45.44
2313,2412,424,43.23
4523,4622,424,34.46
4277,4376,424,34.25
3525,3524,424,2.2
4276,4375,424,30.25
4856,4956,424,13.2
4943,5044,424,8.15
2813,2912,424,86.45
4372,4471,424,51.7
5240,5339,424,64.54
2816,2915,424,40.59
4362,4462,424,8.69
3722,3621,424,3.93
2712,2811,424,79.82
2812,2911,424,75
5337,5436,424,89.49
3526,3625,424,15.98
4370,4469,424,112.15
5334,5433,425,73.52
4467,4566,425,92.32
5335,5434,425,85
4374,4473,425,93.39
5336,5435,425,89.49
4466,4565,425,89.78
4183,4282,425,126.97
5131,5230,425,54.14
4929,5028,425,45.97
2211,2310,425,41.44
4181,4280,425,41.2
4182,4281,425,41.37
103,202,425,31.24
104,203,425,32.03
4947,5046,425,16.4
1114,1213,425,16.03
1013,1112,425,16.37
2814,2913,425,91.54
4279,4378,425,49.91
5241,5340,425,58.97
913,1012,425,18.05
4948,5047,425,16.44
3224,3323,425,16.31
2820,2919,425,16.94
208,307,425,29.67
281,181,425,1.11
4472,4571,425,106.11
4470,4569,425,113.54
4471,4570,426,110.64
4469,4568,426,109.02
4468,4567,426,100.94
5232,5331,426,60.14
5242,5341,426,55.7
4928,5027,426,41.46
4827,4926,426,43.64
4375,4474,426,75.7
4265,4364,426,25.48
2313,2312,426,6.92
209,308,426,25.33
4266,4365,426,26.67
2314,2413,426,22.88
5148,5247,426,46.86
2213,2312,426,23.78
3324,3423,426,16.77
2815,2914,426,41.43
313,412,426,17.17
2817,2916,426,23.19
2818,2917,426,21.15
2819,2918,426,18.47
416,515,426,13.76
2015,2014,426,1.85
415,514,426,16.2
315,414,426,14.83
5150,5249,426,49.24
5149,5248,426,44.83
3288,3289,426,0.98
5435,5534,427,72.46
4571,4670,427,109.02
5434,5533,427,71.92
4569,4668,427,105.55
4566,4665,427,87.15
5436,5535,427,67.62
5333,5432,427,65.51
5332,5431,427,63.85
5339,5438,427,65.72
2311,2410,427,39.58
5029,5128,427,43.64
2415,2514,427,21.99
4320,4419,427,21.35
4946,5045,427,16.12
5148,5147,427,23.02
210,309,427,21.01
615,714,427,18.88
312,411,427,18.28
2315,2414,427,20.89
4220,4319,427,20.26
1515,1614,427,15.98
211,310,427,18.68
912,1011,427,17.16
3022,3121,427,14.74
5143,5243,427,15.72
4473,4572,427,101.36
2612,2711,427,22.87
1313,1412,427,16.64
3123,3222,427,14.55
3820,3919,427,19.32
2913,3012,427,86.57
5437,5536,427,56.79
4567,4666,428,89.04
4568,4667,428,95.71
5230,5329,428,60.65
4282,4381,428,50.76
4474,4573,428,91.76
5340,5439,428,59.39
5046,5145,428,48.23
4280,4379,428,49.9
2412,2511,428,43.11
5030,5129,428,23.7
4366,4465,428,25.17
4726,4825,428,21.28
5053,5152,428,21.1
5052,5152,428,14.38
1913,2012,428,19.33
1813,1912,428,18.7
413,512,428,18.39
614,713,428,18.65
1713,1812,428,18.41
2914,3013,428,89.74
3424,3523,428,17.19
311,410,428,19.13
105,204,428,19.73
2920,3019,428,17.68
911,1010,428,17.53
1514,1613,428,16.82
1914,2013,428,18.32
3525,3624,428,17.24
106,205,428,19.66
2915,3014,428,39.63
3021,3120,428,16.09
4377,4476,428,33.34
4120,4219,428,17.96
3819,3918,428,18.04
3920,4019,428,19.5
4421,4520,428,19.43
1313,1312,428,2.46
4623,4723,428,21.35
4623,4722,428,28.57
3020,3119,428,18.57
5151,5250,428,46.81
4570,4669,428,111.89
4955,5055,428,12.74
1791,1692,428,1.12
4572,4671,429,105.94
4668,4767,429,93.91
4665,4764,429,83.25
2711,2810,429,83.09
5341,5440,429,55.91
5247,5346,429,51.49
4281,4380,429,43.2
2310,2409,429,36.38
4378,4477,429,36.92
5248,5347,429,49.45
5231,5330,429,28.34
4020,4119,429,18.09
1414,1513,429,15.89
3122,3221,429,15.5
4376,4475,429,30.79
911,910,429,2.09
5043,5144,429,7.29
4670,4769,429,108.83
4420,4519,429,20.43
5054,5153,429,20.71
2091,2092,429,1.28
4666,4765,430,85.15
4667,4766,430,85.48
5432,5531,430,64.33
5243,5342,430,52.33
5534,5633,430,50.13
2413,2512,430,45.21
5249,5348,430,45.11
2312,2411,430,43.21
2917,3016,430,39.63
5433,5532,430,34.66
3012,3111,430,54.5
5130,5229,430,25.16
5147,5246,430,48.59
4826,4925,430,23.51
5242,5342,430,14.84
2911,3010,430,27.48
206,305,430,22.62
4522,4621,430,15.11
3588,3688,430,7.37
2916,3015,430,38.84
2511,2610,430,82.61
5151,5251,430,18.11
4573,4672,430,99.54
4669,4768,430,103.93
1490,1391,430,0.93
207,306,430,19.42
4767,4866,431,85.48
4671,4770,431,109.02
4764,4863,431,78.5
5145,5244,431,50.78
4381,4480,431,52.89
5536,5635,431,36.13
5438,5537,431,43.21
5535,5634,431,43.62
5331,5430,431,29.69
5046,5146,431,17.6
4927,5026,431,21.3
4462,4561,431,21.31
4475,4574,431,76.5
4521,4620,431,16.78
2811,2910,431,22.35
3223,3322,431,16.04
5055,5154,431,64.06
2891,2991,431,4.31
2410,2509,431,37.29
4769,4868,431,100.52
5437,5537,431,14.45
3013,3112,431,47.18
2912,3011,431,23.14
3111,3210,432,81.88
4765,4864,432,81.73
2512,2611,432,88.32
4768,4867,432,91.98
2610,2709,432,80.53
4672,4771,432,107.35
3010,3109,432,124.67
4766,4865,432,83.71
5330,5429,432,65.36
4380,4479,432,50.12
4379,4478,432,42.69
5439,5538,432,36.04
5250,5349,432,40.74
5536,5636,432,21.13
5533,5632,432,30.71
5431,5530,432,29.83
4926,5025,432,25.74
4365,4464,432,24.23
5249,5349,432,18.71
4476,4575,432,38.5
4565,4664,432,23.52
5028,5127,432,21.36
4622,4721,432,19.83
3524,3623,432,17.82
3621,3620,432,13.8
1113,1212,432,16.28
1413,1512,432,17.27
5347,5446,432,47.59
5346,5445,432,47.57
3985,4085,432,4.84
2691,2692,432,1.21
4863,4962,433,77.02
2991,3090,433,99.09
4866,4965,433,82.26
3112,3211,433,94.4
4770,4869,433,105.66
5348,5447,433,47.31
5532,5631,433,62.1
5246,5345,433,52.76
5342,5441,433,51.78
4477,4576,433,42.91
5439,5539,433,21.15
5329,5428,433,29
5250,5350,433,20.1
2910,3009,433,126.93
2414,2513,433,24.12
4364,4463,433,22.65
2918,3017,433,22.27
5341,5441,433,14.76
5440,5539,433,36.56
2919,3018,433,19.85
4725,4824,433,15.65
4724,4823,433,17.44
5154,5253,433,73.91
3886,3986,433,4.69
4574,4673,433,86.6
1189,1190,433,1.1
2409,2508,433,35.81
4868,4967,433,91.98
3210,3309,434,79.99
4864,4963,434,78.61
2709,2808,434,78.99
4771,4870,434,107.54
4867,4966,434,85.68
4865,4964,434,80.33
3109,3208,434,96.68
5430,5529,434,64.96
4575,4674,434,80.08
2411,2510,434,39.18
3011,3110,434,65.61
3016,3115,434,37.93
4465,4564,434,23.94
5146,5245,434,50.3
4825,4924,434,27.77
3014,3113,434,24.72
5243,5343,434,16.07
3015,3114,434,39.51
412,511,434,19.08
514,613,434,18.2
5440,5540,434,21.06
1112,1211,434,17.27
1012,1111,434,16.65
3423,3522,434,18.06
203,302,434,16.96
307,406,434,17.48
5244,5343,434,52.07
4723,4822,434,27.05
3323,3422,434,17.33
2611,2710,434,81.59
308,407,434,17.96
4962,5061,435,77.21
4965,5064,435,78.91
3009,3108,435,106.76
5632,5731,435,57.34
4673,4772,435,97.86
2509,2608,435,36.28
4480,4579,435,41.31
5531,5630,435,29.16
5633,5732,435,28.47
4925,5024,435,32.22
5129,5228,435,23.5
5152,5252,435,15.84
2013,2112,435,20.62
204,303,435,23.44
3120,3219,435,20.23
3019,3118,435,21.12
2012,2111,435,22.57
1912,2011,435,21.13
3121,3220,435,17.86
309,408,435,19.27
310,409,435,19.64
411,510,435,19.85
3119,3218,435,22.18
414,513,435,17.46
5027,5126,435,15.85
202,301,435,15.65
3918,4017,435,21.16
1011,1110,435,17.96
103,102,435,6.91
2810,2909,435,26.71
4869,4968,435,96.8
1412,1511,435,18.64
3919,4018,435,17.81
4967,5066,435,85.86
2791,2892,435,1.89
4870,4969,436,100.4
3113,3212,436,102.94
3309,3408,436,91.27
4963,5062,436,77.39
2710,2809,436,86.57
3208,3307,436,119.01
4964,5063,436,78.91
4966,5065,436,80.8
5631,5730,436,65.07
3211,3310,436,66.78
4478,4577,436,37.56
5349,5448,436,46.22
4085,4184,436,40.17
5229,5328,436,26.67
5348,5448,436,17.93
4520,4619,436,18.59
512,611,436,19.5
4722,4821,436,19.65
713,812,436,19.72
3115,3214,436,86.17
410,509,436,19.75
3523,3622,436,18.54
1812,1911,436,20.1
1613,1712,436,18.04
1312,1411,436,18.1
3222,3321,436,17.29
5128,5227,436,16.91
5446,5545,436,40.83
1010,1109,436,18.89
2211,2210,436,6.93
13,12,436,3.64
5445,5544,436,43.48
3114,3213,436,94.49
5345,5444,436,48.2
5537,5637,436,21.06
5251,5351,436,19.32
2510,2609,436,80.11
4674,4773,436,78.5
3108,3207,437,90.1
4772,4871,437,109.02
5245,5344,437,52.43
5350,5449,437,39.86
3017,3116,437,39.54
3018,3117,437,38.74
5025,5124,437,34.04
5530,5629,437,29.97
4479,4578,437,35.09
5538,5638,437,21.48
5342,5442,437,16.27
1513,1612,437,17.78
3221,3320,437,18.68
5061,5160,437,82.68
2909,3008,437,124.09
205,304,437,16.21
4319,4418,437,14.7
5446,5546,437,20.07
4576,4675,437,47
2808,2907,437,48.73
910,1009,437,18.48
5343,5442,437,48.28
4419,4518,437,15.14
4019,4118,437,15.95
5055,5155,437,12.07
3388,3389,437,0.96
3307,3406,438,122.54
3213,3312,438,86.17
3408,3507,438,120.98
5062,5161,438,79.39
5227,5326,438,74.05
5063,5162,438,77.71
5730,5829,438,80.69
4773,4872,438,99.54
2609,2708,438,73.88
5064,5163,438,48.58
5732,5831,438,59.53
2608,2707,438,67.18
5066,5165,438,47.71
3110,3209,438,37.05
5539,5639,438,20.56
5350,5450,438,20.34
5634,5733,438,22.09
4561,4660,438,21.82
4620,4719,438,20.45
4519,4618,438,16.12
4764,4763,438,12.43
2809,2908,438,100.26
4968,5067,438,57.7
3214,3313,438,86.5
5124,5223,439,87.15
3207,3306,439,104.59
3310,3409,439,67.64
5160,5259,439,81.34
4184,4283,439,62.67
5065,5164,439,47.59
4577,4676,439,58.16
4969,5068,439,60.06
5731,5830,439,41.13
4579,4678,439,41.6
3218,3317,439,38.06
5540,5640,439,21.52
4721,4820,439,20.86
5429,5528,439,20.3
4464,4563,439,22.38
3322,3421,439,18.23
4863,4862,439,12.81
5635,5734,439,18.01
5026,5125,439,18.32
306,405,439,17.05
4621,4720,439,17.26
4017,4116,439,42.96
3620,3719,439,20.65
4822,4921,439,32.89
4119,4218,439,14.61
3118,3217,439,38.56
4219,4318,439,13.94
4675,4774,439,92.36
5326,5425,440,84.21
3507,3606,440,125.82
4872,4971,440,71.9
2708,2807,440,73.44
3406,3505,440,104.58
3313,3412,440,71.3
5344,5443,440,48.79
4578,4677,440,49.34
4871,4970,440,66.17
5444,5543,440,47.02
2210,2309,440,38.07
3212,3311,440,40.19
5630,5729,440,33.56
4463,4562,440,21.06
5428,5527,440,21.45
4824,4923,440,20.72
5127,5226,440,18.42
5155,5254,440,63.14
5161,5260,440,84.67
2508,2607,440,21.29
4823,4922,440,21.3
2310,2309,440,6.93
1512,1611,440,18.79
5343,5443,440,17.58
5253,5352,440,20.36
2091,2192,440,1.99
3409,3508,441,82.91
5830,5929,441,83.6
3317,3416,441,76.34
3306,3405,441,96.72
5528,5627,441,84.42
4862,4961,441,76.7
5829,5928,441,53.75
5165,5264,441,48.88
5163,5262,441,47.71
5733,5832,441,52.92
3116,3215,441,37.87
3117,3216,441,38.64
2707,2806,441,50.35
4116,4215,441,95.61
5351,5451,441,21.16
4821,4920,441,31.4
2011,2110,441,23.79
4924,5023,441,21.99
302,401,441,21.45
5529,5628,441,21.07
4564,4663,441,22.24
4962,4961,441,12.76
5545,5644,441,28.75
1212,1311,441,17.51
5636,5735,441,17.63
305,404,441,13.39
5162,5261,441,51.17
3217,3316,441,79
5544,5643,441,29.33
4856,4957,441,5.05
5442,5541,441,42.46
5067,5166,441,50.92
3505,3604,442,90.76
5729,5828,442,88.6
5527,5626,442,98.2
5425,5524,442,78.76
4970,5069,442,97.17
3606,3705,442,109.1
5164,5263,442,47.71
4676,4775,442,54.18
4678,4777,442,58.07
3209,3308,442,41.42
5450,5549,442,44.56
5831,5930,442,45.38
3312,3411,442,35.9
5260,5359,442,78.01
5024,5123,442,22.47
5126,5225,442,20.24
4971,5070,442,100.63
3220,3319,442,21.07
3422,3521,442,18.75
613,712,442,18.97
511,610,442,19.82
5254,5353,442,79.93
1211,1310,442,18.53
5068,5167,442,57.92
406,505,442,17.81
1111,1210,442,18.29
3219,3318,442,22.38
2907,3006,442,30.5
1511,1610,442,20.36
2591,2592,442,1.18
3508,3607,443,119.89
4961,5060,443,80.33
3405,3504,443,89.46
5928,6027,443,83.57
3412,3511,443,64.12
3311,3410,443,64.08
4677,4776,443,56.94
2806,2905,443,86.52
4774,4873,443,41.13
5734,5833,443,44.24
2908,3007,443,31.66
4619,4718,443,22.3
5328,5427,443,20.51
1911,2010,443,22.86
3316,3415,443,72.81
3008,3107,443,25.72
303,402,443,19.41
2807,2906,443,66.77
102,201,443,19.58
5228,5327,443,19.47
1110,1209,443,18.91
3215,3314,443,81.49
510,609,443,19.46
513,612,443,18.8
3216,3315,443,77.39
4283,4382,443,41.03
407,506,443,16.09
5640,5739,443,45.56
5442,5542,443,19.59
4757,4858,443,4.12
409,508,443,18.46
4018,4117,443,19.44
3308,3407,444,123.04
5225,5324,444,82.16
5070,5169,444,97.5
5828,5927,444,92.22
5069,5168,444,97.39
5626,5725,444,86.51
5524,5623,444,78.03
5832,5931,444,67.09
5627,5726,444,47.43
5929,6028,444,54.08
5450,5550,444,18.9
5629,5728,444,22.9
3320,3419,444,21.1
1712,1811,444,19.32
3321,3420,444,19.52
1411,1510,444,19.97
611,710,444,19.55
408,507,444,16.66
3318,3417,444,79.75
5636,5736,444,8.36
4921,5020,444,30.55
509,608,444,18.21
5637,5736,444,19.71
2409,2408,444,6.93
1109,1208,444,20.05
4775,4874,444,100.03
3607,3706,445,124.75
5060,5159,445,81.23
5427,5526,445,89.34
3107,3206,445,84.77
5327,5426,445,80.51
2906,3005,445,76.88
5930,6029,445,53.24
3411,3510,445,67.31
5628,5727,445,42.85
2110,2209,445,41.46
5734,5834,445,19.01
5223,5322,445,23.7
4719,4818,445,23.48
4618,4717,445,21.93
1612,1711,445,18.68
5638,5737,445,20.14
5448,5547,445,15.9
4184,4284,445,12.49
3604,3703,445,47.79
3006,3105,445,56.77
3007,3106,445,112.63
5540,5641,445,13.02
3315,3414,445,72.44
5640,5740,445,18.56
4922,5021,445,32.71
4118,4217,445,18.8
4660,4759,445,21.35
4418,4517,445,19.57
3787,3887,445,3.4
3314,3413,445,74.22
1009,1108,445,20.09
5352,5452,445,21.47
5169,5268,446,95.81
5931,6030,446,83.82
5726,5825,446,70.88
6028,6127,446,73.88
5168,5267,446,92.43
5623,5722,446,73.88
4874,4973,446,71.86
3407,3506,446,125.28
5324,5423,446,84.85
6027,6126,446,51.9
3511,3610,446,66.1
4873,4972,446,59.71
3410,3509,446,65.11
3319,3418,446,36.48
2905,3004,446,63.25
4777,4876,446,45.2
5451,5551,446,21.48
5735,5835,446,21.35
4215,4314,446,34.43
3416,3515,446,33.71
4382,4481,446,53.4
5644,5743,446,28.68
4563,4662,446,21.18
5259,5358,446,20.33
4720,4819,446,22.55
4820,4919,446,21.01
5125,5224,446,21.68
5639,5738,446,19.09
4763,4762,446,12.83
5449,5548,446,16.23
4518,4617,446,17.32
3705,3804,446,41.51
304,403,446,16.77
5155,5255,446,12.35
4776,4875,446,47.6
5543,5642,446,26.13
3706,3805,447,109.33
3206,3305,447,85.1
6029,6128,447,95.48
3105,3204,447,88.14
5927,6026,447,64.83
5725,5824,447,58.49
2010,2109,447,41.36
3504,3603,447,36.25
5833,5932,447,36.72
3106,3205,447,88.26
2607,2706,447,22.88
5226,5325,447,22.75
4923,5022,447,21.53
4562,4661,447,20.98
4318,4417,447,19.65
405,504,447,19.65
3421,3520,447,19.9
4218,4317,447,19.11
4862,4861,447,12.89
3703,3802,447,73.86
5546,5645,447,15.46
5643,5742,447,26.39
3719,3818,447,18.69
1611,1710,447,20.52
3506,3605,448,108.1
5255,5354,448,71.13
5268,5367,448,90.73
5423,5522,448,88.37
5224,5323,448,86.5
5322,5421,448,59.14
3510,3609,448,64.05
3413,3512,448,63.2
3005,3104,448,51.4
5728,5827,448,45.13
2408,2507,448,37.12
5264,5363,448,22.23
5023,5122,448,22.21
4920,5019,448,20.97
404,503,448,21.45
5262,5361,448,23.42
5261,5360,448,22.83
5166,5265,448,22.22
4972,5071,448,110.07
4973,5072,448,91.49
3415,3514,448,32.1
180,80,448,1.15
3805,3904,449,85.15
2706,2805,449,82.16
5325,5424,449,80.19
5825,5924,449,57.92
3509,3608,449,48.89
3804,3903,449,69.2
3610,3709,449,68.93
5022,5121,449,74.77
4481,4580,449,59.02
5267,5366,449,49.8
5358,5457,449,61.82
6127,6226,449,52.24
5526,5625,449,44.62
5426,5525,449,41.03
5727,5826,449,42.87
4284,4383,449,36.52
5736,5836,449,20.41
505,604,449,21.85
5263,5362,449,22.8
5123,5222,449,22.85
4957,5056,449,19.37
3603,3702,449,73.68
5425,5424,449,12.36
4718,4817,449,24.23
1311,1410,449,19.27
1310,1409,449,20.26
5167,5266,449,22.75
5020,5119,449,30.66
1610,1709,449,22.11
4117,4216,449,25.05
4955,5056,449,4.83
3388,3489,449,1.55
3605,3704,450,88.6
5072,5171,450,108.93
5827,5926,450,83.04
5367,5466,450,84.77
5824,5923,450,54.47
6128,6227,450,64.78
5738,5837,450,35.7
3418,3517,450,37.35
4875,4974,450,36.38
5452,5552,450,20.78
3414,3513,450,30.81
2209,2308,450,34.28
5834,5933,450,34.99
5725,5724,450,18.88
3004,3103,450,42.64
506,605,450,20.54
402,501,450,23.23
712,811,450,19.93
5359,5458,450,19.82
1210,1309,450,19.35
5524,5523,450,12.54
4961,4960,450,11.98
3802,3901,450,63.69
6126,6225,450,40.79
5159,5258,450,34.25
5739,5838,450,23
5021,5120,450,30.99
610,709,450,18.95
4017,4016,450,6.93
5071,5170,450,99.17
5642,5741,450,47.05
1209,1308,450,20.62
4876,4975,450,40.42
5737,5837,450,21.5
5525,5624,451,82.26
3709,3808,451,95.14
3608,3707,451,118.58
5122,5221,451,69.18
3609,3708,451,52.26
3512,3611,451,67.18
5421,5520,451,63.88
3204,3303,451,37.63
6026,6125,451,45.29
3205,3304,451,37.51
5932,6031,451,46.42
3305,3404,451,37.74
2109,2208,451,37.23
5743,5842,451,28.72
5835,5934,451,31.49
4717,4816,451,26.09
5322,5321,451,18.64
2805,2904,451,73.84
1208,1307,451,22.23
1811,1910,451,22.29
3419,3518,451,21.91
3420,3519,451,21.15
3417,3516,451,21.81
5549,5648,451,16.1
1510,1609,451,22.29
3405,3404,451,10.04
612,711,451,19.61
6126,6125,451,24.4
4116,4115,451,8.98
12,11,451,6.88
3688,3788,451,4.95
4517,4616,451,23.79
4217,4316,451,24.84
3515,3614,451,34.9
110,9,451,1.98
5740,5839,451,25.62
609,708,451,18.29
5352,5453,451,13.61
5171,5270,452,99.54
5170,5269,452,97.69
5836,5935,452,50.58
3904,4003,452,57.38
5826,5925,452,65.17
5457,5556,452,67.36
5924,6023,452,53.19
5121,5220,452,66.76
6226,6325,452,48.54
6026,6025,452,23.46
5824,5823,452,20.4
4617,4716,452,24.13
5722,5821,452,24.05
5358,5357,452,17.64
4314,4413,452,26.7
3104,3203,452,38.47
3903,4002,452,60.35
1108,1207,452,21.74
5366,5465,452,50.21
5623,5622,452,13.67
507,606,452,18.81
5060,5059,452,11.76
4818,4917,452,23.3
1711,1810,452,21.15
608,707,452,18.71
508,607,452,17.66
4974,5073,452,78.81
710,809,452,18.57
6030,6129,452,25.55
2491,2492,452,1.21
3707,3806,453,123.92
3708,3807,453,83.83
3614,3713,453,75.45
3808,3907,453,94.11
3516,3615,453,79.98
5466,5565,453,51.53
6227,6326,453,50.03
3513,3612,453,67.38
4580,4679,453,44.13
3514,3613,453,33.5
5019,5118,453,30.71
4417,4516,453,26.43
403,502,453,22.7
3804,3803,453,15.09
4819,4918,453,21.77
4919,5018,453,21.62
4662,4761,453,21.88
5322,5422,453,13.64
5550,5649,453,16.44
3802,3801,453,16.96
4317,4416,453,25.15
4085,4185,453,4.8
5742,5841,453,27.43
4216,4315,453,41.41
5837,5936,453,52.81
1709,1808,453,40.79
5269,5368,454,95.81
5073,5172,454,89.84
6129,6228,454,99.09
5221,5320,454,56.22
5624,5723,454,62.39
5321,5420,454,51.44
3611,3710,454,68.49
5842,5941,454,60.41
5933,6032,454,41.39
4383,4482,454,32.43
5421,5420,454,16.89
503,602,454,24.05
3818,3917,454,22.55
3520,3619,454,21.14
504,603,454,22.8
4661,4760,454,21.95
5270,5369,454,94.49
5119,5218,454,28.4
2904,3003,454,50.37
1710,1809,454,22.8
4975,5074,454,45.89
5839,5938,454,69.5
1089,1090,454,1.4
2308,2407,454,35.74
3613,3712,455,73.51
3807,3906,455,85.16
5935,6034,455,65.75
4002,4101,455,68.82
4716,4815,455,48.2
5925,6024,455,53.87
5821,5920,455,67.47
4003,4102,455,64.26
5823,5922,455,56.44
4816,4915,455,41.58
5934,6033,455,39.99
604,703,455,23.81
5465,5564,455,49.26
2507,2606,455,21.72
5363,5462,455,23.12
5361,5460,455,22.21
5265,5364,455,22.22
6225,6324,455,30.14
5360,5459,455,21.09
3103,3202,455,31.07
5548,5647,455,15.72
4817,4916,455,24.91
5551,5650,455,15.76
5547,5646,455,15.44
3903,3902,455,18.18
5452,5553,455,15.02
6125,6224,455,43.59
5838,5937,455,30.68
3603,3602,455,13.73
5644,5744,455,7.26
3986,4086,455,4.63
6325,6424,455,67.16
3615,3714,455,79.32
5522,5621,455,22.94
5172,5271,456,106.26
5941,6040,456,75.69
5936,6035,456,65.72
5565,5664,456,48.15
3907,4006,456,61.23
5422,5521,456,64.26
3806,3905,456,66.73
6025,6124,456,46.04
4679,4778,456,60.94
3304,3403,456,31.07
3303,3402,456,34.86
3404,3503,456,34.34
6227,6327,456,16.93
5923,6022,456,27.7
5362,5461,456,23.4
5457,5456,456,15.69
4115,4214,456,35.35
1410,1509,456,21.59
5255,5355,456,10.15
6125,6124,456,23.88
4215,4214,456,6.92
5266,5365,456,22.49
1810,1909,456,41.44
2892,2992,456,4.86
5120,5219,456,27.52
5741,5840,456,26.81
5938,6037,456,78.95
2208,2307,456,33.54
5520,5619,456,29.66
787,687,456,1.16
1409,1508,456,23.44
2191,2292,456,1.86
6033,6132,457,81.87
5922,6021,457,73.45
5920,6019,457,88.02
3712,3811,457,75.67
5723,5822,457,56.22
5074,5173,457,64
5369,5468,457,57.92
6324,6423,457,94.68
5368,5467,457,56.93
5320,5419,457,60.91
6326,6425,457,44.47
1808,1907,457,38.74
3612,3711,457,43.13
3713,3812,457,45.56
6023,6122,457,30.25
1910,2009,457,23.79
1307,1406,457,24.76
605,704,457,22.87
1308,1407,457,23.49
3904,4004,457,14.24
6031,6130,457,24.55
3203,3302,457,34.06
4616,4715,457,26.11
3517,3616,457,22.53
6424,6523,457,122.98
4316,4415,457,25.65
1309,1408,457,21.71
3714,3813,457,77.21
5271,5370,458,98.21
5619,5718,458,112.16
3902,4001,458,65.25
5456,5555,458,83.2
6024,6123,458,50.42
5460,5559,458,68.49
4482,4581,458,40.97
3710,3809,458,47.08
1207,1306,458,23.7
6224,6323,458,57.88
3519,3618,458,21.68
3518,3617,458,22.47
2992,3091,458,78.73
5552,5651,458,18.74
5458,5557,458,18.9
5457,5557,458,11.12
1609,1708,458,23.36
709,808,458,18.55
3901,4001,458,14.17
5841,5940,458,31.89
3090,3190,458,4.13
2991,3091,458,3.83
2606,2705,458,66.85
5840,5939,458,71.28
4315,4414,458,33.95
1809,1908,458,42.31
6037,6136,458,99.01
5173,5272,459,95.09
6425,6524,459,94.15
5822,5921,459,78.54
3812,3911,459,87.67
4778,4877,459,49.22
4102,4201,459,40.18
3906,4005,459,37.15
4516,4615,459,26.71
502,601,459,24.52
5622,5721,459,22.15
607,706,459,20.47
606,705,459,22.09
5059,5158,459,21.42
5556,5655,459,23.17
707,806,459,21.5
708,807,459,19.53
5842,5942,459,13.21
4917,5016,459,22.67
6523,6622,459,101.1
5937,6036,459,37.7
3813,3912,459,80.53
3202,3301,459,38.69
4416,4515,459,27.26
711,810,459,19.19
1591,1592,459,1.47
6019,6118,459,101.7
3809,3908,460,82.13
5557,5656,460,79.91
5468,5567,460,59.79
6021,6120,460,48.21
3811,3910,460,58.08
4004,4103,460,62.8
6122,6221,460,56.9
1508,1607,460,46.12
3402,3501,460,37.42
6022,6121,460,38.56
4006,4105,460,37.95
5744,5843,460,30.18
602,701,460,25.3
603,702,460,24.82
5320,5319,460,17.97
4918,5017,460,22.56
4761,4860,460,21.84
5018,5117,460,20.76
5220,5319,460,18.55
5467,5566,460,53.86
5648,5747,460,16.02
809,908,460,19.12
5743,5843,460,7.25
5940,6039,460,86.19
2307,2406,460,39.51
5553,5653,460,20.73
3003,3102,460,28.22
1909,2008,460,40.53
2705,2804,460,83.56
5055,5156,460,4.51
685,586,460,1.67
5718,5817,460,78.36
5272,5371,461,103.39
6123,6222,461,47.29
1406,1505,461,46.14
1407,1506,461,45.21
3711,3810,461,45.05
3403,3502,461,29.01
6327,6426,461,30.2
6124,6223,461,29.44
5621,5720,461,27.08
5650,5749,461,24.17
703,802,461,25.19
6032,6131,461,23.29
6622,6721,461,92.05
3619,3718,461,20.33
5420,5519,461,21.37
5118,5217,461,20.16
4413,4512,461,17.25
6118,6217,461,77.53
4760,4859,461,21.39
3302,3401,461,37.5
5370,5469,461,55.97
2407,2506,461,22.27
2009,2108,461,39.67
4314,4313,461,6.86
5218,5317,461,21.74
5553,5652,461,25.32
4415,4514,461,35.77
3616,3715,461,39.73
6524,6623,461,125.75
382,283,461,1.06
1607,1706,462,94.83
4105,4204,462,75.81
6221,6320,462,81.75
6121,6220,462,83.83
5721,5820,462,64.02
5158,5257,462,66.02
5921,6020,462,57.02
4581,4680,462,40.04
1306,1405,462,45.94
3617,3716,462,41.73
6130,6229,462,29.55
1907,2006,462,34.28
6040,6139,462,24.83
1509,1608,462,24.12
6034,6133,462,21.78
4915,5014,462,21.49
5462,5561,462,22.82
5364,5463,462,22.26
5564,5663,462,22.87
4877,4976,462,68.35
6228,6328,462,12.56
5649,5748,462,16.23
1708,1807,462,39.5
4016,4015,462,8.98
4916,5015,462,21.94
4815,4914,462,22.21
5939,6038,462,41.16
1908,2007,462,37.26
6120,6219,462,99.53
109,8,462,1.85
5521,5620,462,27.02
5371,5470,463,93.39
6222,6321,463,82.22
6223,6322,463,81.56
6426,6525,463,89.02
1506,1605,463,103.43
3908,4007,463,54.83
5817,5916,463,69.86
3911,4010,463,40.12
5942,6041,463,35.94
6423,6522,463,27.75
1408,1507,463,24.77
704,803,463,24.84
5461,5560,463,21.64
5567,5666,463,53.8
5664,5763,463,22.84
5566,5665,463,49.25
3602,3701,463,19.58
5074,5174,463,12.09
6136,6235,463,31.12
5459,5558,463,19.33
3912,4011,463,38.05
5419,5518,463,24
6721,6820,463,99.43
5355,5454,463,22.53
4515,4614,463,37.82
5365,5464,463,22.56
2904,2903,463,8.42
6132,6231,463,24.61
6623,6722,463,90.28
3715,3814,463,78.18
5519,5618,463,118.71
5555,5654,463,28.39
5620,5719,464,127.12
5820,5919,464,81.05
3810,3909,464,68.09
5469,5568,464,58.54
5720,5819,464,67.15
3910,4009,464,46.48
4103,4202,464,37.92
702,801,464,43.5
4005,4104,464,32.28
6217,6316,464,56.2
6323,6422,464,27.88
6035,6134,464,20.2
5646,5745,464,15.9
5647,5746,464,15.88
6219,6318,464,99.34
4715,4814,464,22.88
5219,5318,464,20.05
5553,5554,464,12.04
3102,3201,464,37.13
6020,6119,464,90.66
6320,6419,464,95.1
1892,1893,464,2.06
2506,2605,464,53.15
2406,2505,464,42.93
4976,5075,464,74.85
1605,1704,465,91.38
5470,5569,465,90.07
1507,1606,465,101.78
6522,6621,465,82.11
4204,4303,465,70.62
1405,1504,465,48.99
5217,5316,465,36.59
802,901,465,41.84
705,804,465,24.21
807,906,465,24.25
806,905,465,25.23
3618,3717,465,22.55
6322,6421,465,86.26
808,907,465,21.31
5456,5455,465,11.31
6820,6919,465,77.79
2008,2107,465,35
3003,3002,465,9.85
6722,6821,465,106.29
5518,5617,465,120.18
5317,5416,465,42.26
5656,5755,465,31.64
5618,5717,465,126.77
5652,5751,465,46.21
3488,3589,465,1.58
2605,2704,466,84.63
4202,4301,466,73.88
6422,6521,466,73.96
2505,2604,466,80.21
6119,6218,466,98.97
5174,5273,466,61.26
5916,6015,466,61.69
3716,3815,466,40.17
4680,4779,466,40.15
1608,1707,466,41.97
5666,5765,466,48.18
1807,1906,466,35.87
5558,5657,466,64.34
706,805,466,23.36
5158,5157,466,16.15
5655,5754,466,22.29
5016,5115,466,21.05
1706,1805,466,37.28
5559,5658,466,19.01
6036,6135,466,22.28
4615,4714,466,23.17
2108,2207,466,33.6
11,10,466,6.93
4115,4114,466,6.93
4284,4384,466,4.83
6039,6138,466,26.88
1892,1993,466,2.87
2208,2207,466,6.92
5819,5918,466,71.35
888,788,466,1.16
5919,6018,466,94.12
6131,6230,466,28.36
4414,4513,466,19.67
2006,2105,466,39.65
1606,1705,467,93.33
6621,6720,467,101.94
6821,6920,467,87.58
1704,1803,467,95.52
5569,5668,467,95.17
3909,4008,467,53.36
6316,6415,467,47.32
3717,3816,467,95.75
4007,4106,467,46.49
6421,6520,467,104.66
2007,2106,467,35
1505,1604,467,27.51
5017,5116,467,20.94
6318,6417,467,65.37
908,1007,467,22.54
5117,5216,467,20.89
4860,4959,467,21.56
4011,4110,467,37.88
5651,5750,467,17.13
5319,5418,467,21.67
6919,7018,467,71.58
4184,4285,467,4.71
6220,6319,467,28.75
810,909,467,18.41
5652,5752,467,18.33
3814,3913,467,45.98
6419,6518,467,62.04
6230,6329,468,119.96
5273,5372,468,100.18
6521,6620,468,89.78
6018,6117,468,77.39
5657,5756,468,88.14
5717,5816,468,55.11
6525,6624,468,29.3
4010,4109,468,28.84
6231,6330,468,31.7
6139,6238,468,27.38
4313,4412,468,23.07
5658,5757,468,75.89
6218,6317,468,75.21
3718,3817,468,22.81
6235,6334,468,31.57
1707,1806,468,83.4
4859,4958,468,20.85
5156,5256,468,12.9
3887,3987,468,4.45
5155,5256,468,4.64
6038,6137,468,27.08
6321,6420,468,28.58
3588,3689,468,2.56
108,7,468,1.86
4106,4205,469,103.51
6319,6418,469,82.78
1705,1804,469,78.33
2704,2803,469,60.56
3816,3915,469,89.03
5918,6017,469,65.9
4384,4483,469,67.32
6015,6114,469,54.45
2604,2703,469,70.7
4303,4402,469,47.05
5416,5515,469,40.64
4009,4108,469,32.89
4104,4203,469,34.34
5746,5845,469,29.94
5654,5753,469,26.81
803,902,469,24.55
6133,6232,469,22.73
4204,4203,469,14.64
5561,5660,469,20.88
5463,5562,469,23.14
7018,7117,469,75.58
3502,3601,469,19.42
4514,4613,469,19.74
5747,5846,469,17.01
5663,5762,469,23.14
3917,3916,469,6.91
5015,5114,469,20.87
4914,5013,469,20.9
6920,7019,469,74.77
6520,6619,469,96.66
5719,5818,469,30.01
5014,5113,469,21.17
1803,1902,469,116.03
107,6,469,1.99
5316,5415,469,40.83
5816,5915,470,96.12
6329,6428,470,79.69
5372,5471,470,100.24
6624,6723,470,70.87
4008,4107,470,50.8
4779,4878,470,45.75
5765,5864,470,46.06
5617,5716,470,29.61
3002,3101,470,29.08
5568,5667,470,25.38
5763,5862,470,22.8
5257,5356,470,19.14
1805,1904,470,37.22
6328,6427,470,19.81
6720,6819,470,50.15
4512,4611,470,16.02
5749,5848,470,16.81
5665,5764,470,21.99
5744,5844,470,7.12
5318,5417,470,24.23
5464,5563,470,22.58
5752,5851,470,53.85
2207,2306,470,38.64
584,485,470,1.01
4114,4213,470,39.11
4203,4302,471,72.84
4205,4304,471,82.55
6117,6216,471,52.65
6415,6514,471,41.58
1604,1703,471,47.02
6417,6516,471,46.16
1902,2001,471,108.83
5754,5854,471,21.43
5754,5853,471,29.34
804,903,471,24.9
1504,1603,471,27.85
905,1004,471,24.72
6317,6416,471,52.99
907,1006,471,25.39
6134,6233,471,23.49
906,1005,471,25.93
5174,5274,471,12.94
5560,5659,471,19.55
5748,5847,471,16.77
7117,7216,471,72.79
6620,6719,471,55.97
4814,4913,471,20.69
7019,7118,471,73.86
6518,6617,471,46.16
6138,6237,471,30.05
4614,4713,471,19.42
6420,6519,471,66.56
5216,5315,471,37.45
5115,5214,471,34.41
6619,6718,471,75.98
2391,2392,471,1.09
6427,6526,472,77.45
4107,4206,472,124.74
5471,5570,472,91.69
6114,6213,472,50.58
6418,6517,472,53.31
5660,5759,472,59.32
5818,5917,472,55.3
4402,4501,472,54.94
6017,6116,472,48.17
6330,6429,472,38.76
805,904,472,24.84
6135,6234,472,26.52
6919,6918,472,14.35
2107,2206,472,22.28
6819,6918,472,73.86
6718,6817,473,72.48
1603,1702,473,88.26
5274,5373,473,81.77
5667,5766,473,52.68
5862,5961,473,65.97
5716,5815,473,61.85
5764,5863,473,50.08
5915,6014,473,65.88
6428,6527,473,55.59
4108,4207,473,46.19
2703,2802,473,38.45
4483,4582,473,36.52
4109,4208,473,31.73
5668,5767,473,24.78
5750,5849,473,24.56
1007,1106,473,23.97
2105,2204,473,22.89
5851,5950,473,54.71
5751,5850,473,17.72
1906,2005,473,22.15
6137,6236,473,31.77
1306,1305,473,6.91
5418,5517,473,26.29
7118,7217,473,70.88
1703,1802,473,101.68
3788,3888,473,4.71
5563,5662,473,52.6
3815,3914,473,21.64
1804,1903,473,44.8
484,384,473,1.07
6719,6818,473,74.22
6519,6618,473,85.86
4206,4305,474,104.3
4304,4403,474,48.34
6216,6315,474,49.66
4878,4977,474,39.66
6918,7017,474,71.46
2306,2405,474,39.47
2803,2902,474,33.2
5845,5944,474,33.85
5846,5945,474,32.49
5756,5855,474,23.8
5853,5952,474,52
5116,5215,474,21.31
7216,7315,474,69.41
2903,2902,474,9.7
4959,5058,474,21.13
6041,6140,474,12.98
4110,4209,474,23.34
4714,4813,474,19.85
3913,4012,474,21.64
5752,5852,474,15.51
282,182,474,1.3
1904,2003,474,42.87
2106,2205,474,23.49
1802,1901,475,90.08
1702,1801,475,79.13
5373,5472,475,99.27
6818,6917,475,71.5
5863,5962,475,79.58
2204,2303,475,123.81
5570,5669,475,57.24
5917,6016,475,52.9
5759,5858,475,67.06
4302,4401,475,46.81
5659,5758,475,36.49
6516,6615,475,40.03
6514,6613,475,41.02
903,1002,475,41.51
5815,5914,475,85.36
5854,5953,475,44.32
1006,1105,475,41.39
6416,6515,475,43.07
5844,5943,475,34.05
5415,5514,475,25.41
909,1008,475,20.04
4301,4401,475,11.17
1806,1905,475,21.99
5113,5212,475,28.12
1903,2002,475,121.14
6213,6312,475,50.88
5942,6042,475,6.65
4958,5057,475,20.62
4513,4612,475,16.73
5843,5943,475,6.85
6617,6716,475,41.25
5515,5614,475,25.39
5757,5856,475,22.23
6232,6331,475,28.23
5517,5616,475,103.2
7017,7116,476,73.38
6140,6239,476,86.62
2003,2102,476,126.58
4305,4404,476,94.48
4403,4502,476,87.71
6817,6916,476,70.53
6014,6113,476,56.05
6116,6215,476,46.52
6429,6528,476,37.13
6517,6616,476,42.38
6723,6822,476,27.51
4213,4312,476,24.19
902,1001,476,22.89
5013,5112,476,23.17
5114,5213,476,22.64
5562,5661,476,22.57
3002,3001,476,9.79
5762,5861,476,20.58
4313,4312,476,6.8
7217,7316,476,65.29
3915,4014,476,21.87
6238,6337,476,18.61
6618,6717,476,70.71
2792,2893,476,2.54
5417,5516,476,26.41
6334,6433,476,18.25
6613,6712,477,73.39
5758,5857,477,91.09
5472,5571,477,98.09
2303,2402,477,71.1
5614,5713,477,91.98
2405,2504,477,70.38
6331,6430,477,122.95
4207,4306,477,41.85
5315,5414,477,24.61
5854,5954,477,18.98
5864,5963,477,22.84
5660,5760,477,13.57
5214,5313,477,26.29
5212,5311,477,106.5
5851,5951,477,15.19
1405,1404,477,6.9
4412,4511,477,16.64
5662,5761,477,47.04
4086,4186,477,4.69
6237,6336,477,23.68
5514,5613,477,99.43
4977,5076,477,51.27
5858,5957,477,98.09
7315,7414,477,56.65
6233,6332,477,25.15
988,889,477,0.98
2102,2201,478,107.97
4404,4503,478,93.67
6822,6921,478,96.29
4502,4601,478,93.42
7116,7215,478,75.93
6239,6338,478,91.41
5669,5768,478,58.54
6615,6714,478,64.44
6917,7016,478,69.86
5953,6052,478,54.68
2205,2304,478,44.24
6315,6414,478,43.81
5944,6043,478,35.5
5945,6044,478,35.41
4208,4307,478,33.2
5914,6013,478,63.55
5961,6060,478,29.34
4582,4681,478,34.16
904,1003,478,24.19
1004,1103,478,23.52
6312,6411,478,48.35
4613,4712,478,17.25
1005,1104,478,23.34
6433,6532,478,87.95
7216,7215,478,15.02
6234,6333,478,27.97
4611,4710,478,18.92
6920,7020,478,9.32
2792,2793,478,1.74
4913,5012,478,20.57
4114,4113,478,9.07
5076,5175,479,75.02
2504,2603,479,79.02
4306,4405,479,103.49
6712,6811,479,84.1
6332,6431,479,84.82
7414,7513,479,72.55
5571,5670,479,95.71
6916,7015,479,65.43
6113,6212,479,52.04
6515,6614,479,39.15
1105,1204,479,38.52
6016,6115,479,45.92
5855,5955,479,21.5
2802,2901,479,27.13
2206,2305,479,23.16
1106,1205,479,23.68
5848,5947,479,16.81
7316,7415,479,60.74
6716,6815,479,40.56
4011,4111,479,6.51
6717,6816,479,70.44
4012,4111,479,30.91
4713,4812,479,18.72
1905,2004,479,40.32
1390,1291,479,0.75
