7541,7540,10,9.82
7541,7440,12,11.04
7541,7441,16,6.05
7540,7439,22,12.11
7540,7539,22,8.86
7440,7339,24,12.18
7541,7640,27,5.2
7441,7340,30,10.87
7541,7641,30,3.23
7539,7538,33,9.61
7441,7341,33,6.07
7539,7438,34,12.23
7439,7338,34,12.13
7439,7438,34,8.94
7541,7542,37,2.68
7640,7639,38,9.83
7339,7238,38,10.44
7541,7442,39,3.54
7339,7239,41,6.1
7538,7537,44,9.69
7338,7337,45,9.62
7438,7437,46,8.55
7341,7240,47,10.87
7340,7240,47,6.09
7338,7237,48,10.73
7639,7638,49,9.58
7341,7241,50,6.07
7238,7137,52,10.61
7541,7642,54,2.61
7537,7536,55,9.82
7239,7138,55,10.53
7238,7138,55,6.09
7640,7739,55,5.19
7337,7336,56,9.64
7441,7342,56,3.59
7537,7436,57,11.04
7239,7139,58,6.1
7237,7236,59,9.52
7337,7236,59,10.76
7640,7740,59,3.23
7638,7637,60,9.74
7237,7136,63,6.21
7240,7140,63,13.71
7137,7037,64,15.1
7342,7242,65,15.72
7138,7038,65,15.12
7241,7141,65,13.71
7341,7242,65,10.53
7139,7039,66,15.43
7542,7443,66,10.61
7542,7543,69,4.19
7136,7036,70,15.03
7137,7036,70,6.26
7140,7040,71,13.27
7037,6937,72,13.97
7639,7738,72,2.2
7038,6938,73,13.68
7141,7041,73,13.26
7242,7142,73,13.71
7342,7243,73,10.53
7442,7343,73,7.32
7039,6939,74,13.57
7336,7235,76,6.3
7036,6936,78,14.23
7436,7335,78,5.99
7536,7435,78,4.81
7243,7143,80,16.04
7642,7643,80,4.32
7142,7042,81,13.31
7039,6940,81,9.96
7236,7135,81,6.27
7640,7741,82,2.55
6936,6836,84,18.73
7041,6941,84,9.77
7136,7035,86,6.27
7536,7535,86,2.28
7243,7144,87,10.61
7343,7244,87,10.53
7443,7344,87,6.83
7143,7043,88,13.26
6936,6837,88,14.61
7537,7636,88,2.12
7041,6942,89,9.19
6836,6736,90,17.63
7543,7444,90,6.83
6938,6838,92,5.43
6936,6835,93,9.98
7036,6935,93,6.33
6836,6737,94,14.21
7643,7544,94,10.36
6939,6839,94,5.18
7144,7044,95,12.75
6736,6636,97,15.48
6839,6739,98,30.82
6838,6738,98,18.75
7638,7737,98,2.24
7043,6943,99,9.45
6836,6735,99,10.09
7642,7742,99,2.07
6839,6740,100,27.87
6839,6840,100,19.43
6737,6637,101,16.12
6736,6637,101,13.25
7344,7245,101,10.53
7335,7234,101,6.36
7435,7334,101,6.33
6943,6843,102,33.71
6739,6639,102,29.57
6738,6638,102,29.52
7144,7045,103,9.38
6941,6841,103,5.52
6740,6640,104,31.45
6943,6844,104,29.43
6739,6640,104,27.11
6636,6536,104,14.7
6736,6635,104,10.17
7043,6944,104,8.96
7135,7034,104,6.24
7643,7644,104,4.32
6843,6743,105,36.02
6840,6741,105,28.87
6740,6641,106,28.23
6943,6842,106,23.21
6844,6744,107,38.66
6843,6744,107,30.48
7244,7145,107,7.34
6841,6742,108,29.32
7234,7134,108,14.59
6743,6643,109,32.16
6844,6745,109,31.42
6536,6436,109,23.09
6944,6845,109,30.32
6637,6537,109,14.23
6636,6537,109,12.85
7035,6934,109,6.33
6743,6644,110,28.62
6944,6945,110,18.09
7435,7434,110,3.22
7642,7743,110,2.55
6635,6535,111,16
6636,6535,111,10.16
7444,7345,111,6.8
7344,7345,111,4.23
7145,7046,112,29.49
6743,6642,112,23.24
6643,6543,113,32.73
6745,6645,113,30.16
6744,6645,113,28.05
7145,7146,113,18.66
6637,6538,113,12.59
6735,6634,113,10.17
6643,6544,114,28.93
6845,6746,114,31.04
6536,6437,114,15.67
7544,7445,114,7.34
6535,6435,115,29.5
6945,6846,115,31.06
6845,6846,115,17.44
6745,6646,115,27.47
6735,6734,115,6.4
6945,6946,116,17.42
6643,6542,116,23.24
6935,6834,116,6.36
6639,6539,117,7.12
7636,7635,117,3.48
7146,7047,118,28.32
6436,6336,118,12.17
7145,7246,118,12.98
6635,6534,118,10.17
7644,7545,118,10.35
7146,7147,119,19.25
6537,6438,119,14.45
6640,6540,120,6.61
6544,6444,121,5.84
7535,7534,121,13.96
6946,6847,122,8.63
7234,7133,122,10.91
6634,6633,123,28.6
7034,7033,123,19.45
7234,7233,123,19.87
7534,7533,124,49.54
6645,6545,124,3.84
6543,6443,124,3.86
7434,7433,124,20.46
7034,6933,124,10.86
7737,7736,124,14.04
6946,6947,125,7.06
6834,6833,125,18.71
6634,6533,125,15.6
6535,6434,125,14.8
7334,7333,125,9.03
7533,7532,127,48.51
7433,7432,127,49.2
7635,7634,127,13.89
7146,7247,127,7.23
7133,7132,128,19.29
7433,7332,129,31.4
7033,7032,129,18.82
7534,7633,129,18.99
6438,6337,129,15.5
6646,6546,129,3.85
6543,6442,129,10.8
6847,6747,130,14.19
6734,6733,130,8.99
6542,6541,131,8.86
6641,6541,131,2.23
7533,7632,132,19.47
7736,7735,132,13.95
6633,6632,132,11.37
7432,7431,133,19.73
6533,6532,133,13.21
6434,6433,134,11.51
7532,7531,135,14.09
7233,7232,135,8.75
6433,6432,136,50.41
6541,6440,136,30.89
6933,6932,136,8.49
6438,6338,136,4.97
7742,7841,136,6.08
6833,6832,137,8.53
6847,6848,137,7.03
6544,6445,138,3.37
7644,7645,138,1.73
7431,7430,139,19.34
6847,6748,139,8.6
7632,7631,140,14.09
7735,7734,140,14.03
6541,6441,140,11.62
6442,6441,140,9.22
7132,7131,140,8.68
7432,7331,140,10.89
6947,6948,140,7.01
6336,6335,140,5.04
7743,7842,140,6.09
6532,6531,141,13.24
6632,6631,141,11.55
7032,7031,141,8.47
6432,6431,142,19.73
7841,7840,142,19.59
6733,6732,142,9.09
7643,7744,142,1.88
7531,7530,143,14.15
7739,7839,143,0.76
6947,7048,144,7.5
7739,7838,144,1.93
7430,7429,145,19.34
7530,7529,146,45.86
7331,7330,146,19.75
6546,6446,146,6.08
6540,6439,146,5.55
7232,7231,147,9.03
6444,6343,147,5.62
7631,7630,148,14.15
7131,7130,148,13.92
7734,7733,148,14.08
6445,6344,148,15.46
6932,6931,148,8.58
6433,6332,148,10.82
6747,6647,148,5.85
7838,7837,149,20.06
6531,6530,149,12.7
6832,6831,149,8.71
7530,7629,150,20.63
6431,6430,150,13.22
6631,6630,150,11.21
6443,6342,150,5.59
7743,7843,150,2.74
7733,7732,151,47.99
6332,6331,151,48.74
7247,7346,151,6.12
7429,7428,153,14.12
7031,7030,153,8.82
7331,7230,153,10.9
7430,7329,153,10.85
6331,6330,154,47.04
7837,7836,154,20.26
7529,7528,154,14.09
6732,6731,154,9
6948,6949,155,7.1
6445,6345,155,6.06
6442,6341,155,5.51
6430,6429,156,19.56
7733,7832,156,19.71
6748,6648,156,5.93
6948,6849,157,8.67
6630,6629,158,13.06
7629,7628,158,14.05
6344,6243,158,15.36
6330,6329,159,20.21
7836,7835,159,20.45
7428,7427,159,19.46
7732,7731,159,14.09
7733,7833,159,9.64
6948,7049,159,7.59
6831,6830,160,9.14
7130,7129,160,8.95
6931,6930,160,8.99
6335,6334,160,5.03
7841,7940,160,6.09
6329,6328,161,67.06
6429,6428,161,22.71
7230,7229,161,13.98
7329,7328,161,14.12
6332,6231,161,11.01
7427,7426,162,46.95
7528,7527,162,14.09
6446,6346,163,6.17
6440,6339,163,5.34
6646,6547,163,2.19
7832,7831,164,14.05
7427,7326,164,31.74
7247,7347,164,2.78
7445,7446,164,1.74
6428,6427,165,31.28
7835,7834,165,19.81
6345,6244,165,15.41
6731,6730,165,9.37
7030,7029,165,8.73
7426,7425,165,46.04
6344,6244,165,6.24
7940,7939,166,19.6
6341,6340,166,9.72
7840,7939,166,6.09
6441,6340,166,5.48
7628,7627,166,14.11
7326,7325,167,45.72
7328,7327,167,19.34
6329,6228,167,17.7
7731,7730,167,14.13
7427,7327,167,13.48
7427,7526,167,20.18
6330,6229,167,10.95
7428,7327,167,10.86
7426,7325,167,31.8
7839,7938,167,6.06
6427,6426,168,44.48
7425,7424,168,45.4
7838,7937,168,6.06
6338,6237,168,4.55
6228,6227,169,61.84
7326,7225,169,31.82
7229,7228,169,14.01
6530,6529,169,5.06
7426,7525,169,20.56
6546,6447,169,3.55
6426,6425,170,50.81
6328,6327,170,11.25
7425,7324,170,31.83
6227,6226,171,55.14
6231,6230,171,11.02
6830,6829,171,9.55
7129,7128,171,9.1
6629,6628,171,8.31
6243,6242,171,7.74
7424,7423,171,45.45
6425,6424,172,52.89
7525,7524,172,44.92
7327,7226,172,31.8
6340,6239,172,28.26
7831,7830,172,14.15
7326,7226,172,14.01
6930,6929,172,8.96
6345,6245,172,6.16
7425,7524,172,20.82
7937,7936,173,20.67
6228,6127,173,24.78
6229,6128,173,26.1
7029,7028,173,14.06
6648,6548,173,6.02
7424,7323,173,31.83
7837,7936,173,6.05
7841,7941,173,2.74
6337,6236,173,3.26
6424,6423,174,61.73
6239,6238,174,64.6
6226,6225,174,36.99
6227,6126,174,29.33
7526,7625,174,20.56
7627,7626,174,14.15
6849,6749,174,6.06
7423,7422,174,45.18
6433,6333,174,2.53
6829,6828,175,27.5
7225,7224,175,19.36
7327,7227,175,13.8
6730,6729,175,10.62
6244,6143,175,15.12
7328,7227,175,10.85
7730,7729,175,14.12
7424,7523,175,20.8
7645,7745,175,2.73
7644,7745,175,1.86
6226,6125,176,30.44
7525,7624,176,21.01
7423,7322,176,31.83
6342,6241,176,5.5
7226,7125,177,31.69
6327,6326,177,14.32
7422,7421,177,43.58
7523,7522,178,44.71
6127,6026,178,30.31
6128,6027,178,31.77
7936,7935,178,20.48
6226,6325,178,23.18
6340,6240,178,9.08
7423,7522,178,20.91
7836,7935,178,6.04
7624,7623,179,43.54
7322,7321,179,43.03
6828,6827,179,26.67
6126,6025,179,31.78
6239,6138,179,21.94
7422,7321,179,31.79
6346,6246,179,6.27
7744,7844,179,2.73
7125,7124,180,48.89
6125,6124,180,31.56
7227,7126,180,31.66
6225,6224,180,17.5
7226,7126,180,13.29
6229,6129,180,7.75
7421,7420,180,42.89
6429,6528,180,5.9
7830,7829,180,14.15
6424,6525,181,144.34
6829,6728,181,2.58
6244,6144,181,3.13
6748,6649,181,5.63
7247,7248,181,8.29
7522,7521,182,8.59
7224,7223,182,2.24
6128,6028,182,3.17
6425,6526,182,105.51
6426,6527,182,104.6
7422,7521,182,12.11
7445,7546,182,13.86
7624,7724,183,25.56
7624,7725,183,43.66
7322,7221,183,6.3
7523,7622,183,13.36
7028,7027,183,0.54
6849,6850,183,12.59
7247,7348,183,14.74
6525,6626,184,50.9
7623,7723,184,25.58
7835,7934,184,3.75
7833,7932,184,3.81
6849,6950,184,21.22
6346,6347,184,12.54
6446,6347,184,5.32
7645,7646,184,8.31
6526,6627,185,50.45
7248,7349,185,41.94
7248,7249,185,27.44
7420,7520,185,24.44
7126,7127,185,24.79
6827,6928,185,32.97
7227,7127,185,7.18
6423,6524,185,34.7
7744,7845,185,14.63
7645,7746,185,15.01
7841,7942,185,14.4
6524,6625,186,177.54
7322,7222,186,7.32
6447,6448,186,12.54
7940,8040,186,7.66
7940,8039,186,3.77
7833,7933,186,7.65
7047,7148,186,18.26
6028,6029,187,20.87
7521,7621,187,24.87
6649,6750,187,25.74
6125,6024,187,4.52
6749,6750,187,12.57
7421,7320,187,6.7
7346,7447,187,14.37
6548,6549,187,12.61
7048,7149,187,18.4
6626,6727,188,39.71
6246,6247,188,12.59
7626,7727,188,17.49
7937,8038,188,15.1
7627,7728,188,17.83
7347,7448,188,14.39
7446,7547,188,14.03
7940,8041,188,14.11
7049,7150,188,18.05
6949,7050,188,16.83
7843,7944,188,16.56
7842,7943,188,16.6
6029,6130,189,83.45
6625,6726,189,58.08
7349,7449,189,25.99
7349,7450,189,39.43
7349,7350,189,27.44
6649,6650,189,12.53
6129,6130,189,12.14
7829,7930,189,16.48
6827,6927,189,10.71
7125,7024,189,5.44
7745,7846,189,17.15
7625,7726,189,17.13
7936,8037,189,14.8
7937,8037,189,7.68
7830,7931,189,16.89
6850,6951,190,23.34
7623,7722,190,13.25
7844,7945,190,14.36
7935,8036,190,15.01
7125,7025,190,6.35
7941,8042,190,13.85
6144,6145,190,12.36
6950,7051,191,22.56
6850,6851,191,12.61
7448,7548,192,26
7448,7549,192,39.03
6347,6348,192,12.53
7724,7825,192,16.32
7725,7826,192,16.37
7546,7647,192,14.28
7125,7026,192,10.19
7350,7451,193,37.96
7350,7351,193,27.34
7449,7550,193,37.7
7420,7519,193,11.49
7935,8035,193,7.68
6029,6030,194,15.44
6448,6449,194,12.57
7723,7824,194,14.55
7646,7747,194,15.12
7932,8033,194,14.23
7521,7620,194,12.03
6224,6324,194,7.27
7420,7419,194,7.59
6332,6232,194,1.29
6650,6751,195,25.7
7050,7151,195,21.96
6549,6550,195,12.53
7149,7250,195,19.34
7349,7250,195,15.33
7746,7847,195,14.55
7845,7946,195,14.36
6750,6751,195,12.57
7549,7649,196,25.83
7549,7650,196,41.64
6247,6248,196,12.57
8039,8140,196,14.92
8040,8141,196,14.35
7933,8034,196,14.44
7942,8043,196,13.65
6027,5927,196,4.17
7351,7452,197,38.7
7351,7352,197,27.4
7451,7551,197,25.97
7451,7552,197,36.87
7451,7452,197,27.22
6951,7052,197,22.73
6650,6651,197,12.53
7727,7828,197,16.73
7150,7251,197,16.32
7943,8044,197,16.24
6851,6952,197,25.53
6027,5928,197,6.95
7051,7152,198,20.37
6145,6146,198,12.57
7931,8032,198,16.8
7930,8031,198,17.43
7726,7827,198,16.37
8038,8139,198,15.62
7547,7648,198,14.36
7944,8045,198,14.47
7723,7823,198,7.67
7932,8032,198,7.66
7321,7220,198,6.3
6030,6131,199,30.23
7846,7947,199,14.35
8037,8138,199,15.63
8041,8142,199,13.87
6851,6852,199,12.54
6348,6349,200,12.53
7945,8046,200,14.34
8036,8137,200,15.53
6025,5926,200,6.74
6026,5926,200,3.58
7452,7553,201,39.47
7452,7453,201,27.44
7825,7926,201,16.36
8042,8143,201,13.72
6726,6826,201,8.87
7621,7721,201,7.68
6028,5929,201,7.52
6025,5925,201,4.03
7320,7319,201,7.68
6449,6450,202,12.53
7826,7927,202,14.59
7647,7748,202,14.9
6550,6551,203,12.53
6751,6752,203,12.53
7351,7252,203,15.58
8035,8136,203,15.36
7550,7651,203,14.5
6248,6249,204,12.53
6952,7053,204,21.54
7722,7822,204,7.67
8033,8134,204,15.22
7747,7848,204,14.56
7453,7554,205,40.39
7453,7454,205,27.46
7352,7353,205,12.54
6952,6953,205,12.6
7946,8047,205,14.18
7824,7925,205,14.06
6024,6123,205,8.3
7847,7948,205,14.48
7829,7929,205,4.13
6246,6147,205,5.63
6243,6142,205,0.76
8044,8145,206,16.43
8140,8241,206,14.54
8141,8242,206,14.26
8034,8135,206,15.65
8043,8144,206,14.2
6024,5924,206,5.39
7649,7750,206,15.06
7650,7751,206,14.5
6826,6926,207,17.12
6852,6853,207,12.61
7152,7253,207,17.28
8031,8132,207,16.84
8032,8133,207,17.57
7552,7653,207,14.99
7052,7153,207,14.95
7551,7652,207,14.71
7026,6926,207,6.73
6024,6023,207,5.25
6524,6624,207,4.76
7823,7924,208,14.21
7827,7928,208,14.54
8139,8240,208,14.79
7824,7924,208,7.66
7620,7720,208,7.68
7648,7749,208,15.57
7320,7219,208,6.8
7353,7354,209,27.46
7454,7555,209,45.18
7454,7455,209,27.15
6349,6350,209,12.49
8142,8243,209,14.47
8138,8239,209,15.39
8045,8146,209,13.99
6651,6652,209,8.41
7947,8048,209,14.78
6624,6725,210,68.57
7053,7154,210,23.62
7927,8028,210,17.71
8137,8238,210,15.49
5929,5930,210,12.01
6239,6139,210,1.82
6144,6045,210,5.02
6752,6753,211,12.57
7926,8027,211,15.38
8143,8244,211,14.16
7553,7654,211,14.99
8046,8147,211,14.04
7555,7656,212,64.34
7455,7556,212,56.28
7053,7054,212,12.6
7748,7849,212,14.81
7823,7923,212,7.66
6953,7054,212,21.51
6147,6148,213,12.57
6249,6250,213,12.5
8136,8237,213,15.15
7651,7752,213,15.13
8134,8235,213,17.34
6953,6954,213,12.6
5927,5828,213,8.67
6240,6141,213,4.07
7319,7418,213,12.16
7455,7456,214,24.37
7929,8030,214,16.99
7925,8026,214,16.77
7848,7949,214,14.4
6450,6451,214,8.41
6144,6044,214,3.11
7319,7318,214,8.12
7555,7655,215,19.17
7153,7254,215,18.38
8145,8246,215,16.14
7353,7254,215,14.61
7948,8049,215,14.94
8135,8236,215,17.55
6551,6552,215,8.41
7721,7821,215,7.67
5930,6031,215,30.93
5927,5827,215,5.29
8047,8148,215,14.2
7656,7756,216,26
7656,7757,216,37.99
7656,7657,216,27.35
7556,7657,216,43.89
7556,7557,216,27.3
8133,8234,216,17.17
8132,8233,216,17.06
8241,8342,216,15.32
8242,8343,216,15.61
7750,7851,216,14.25
7751,7852,216,14.51
7454,7355,216,13.33
7519,7619,216,4.44
6145,6046,216,5.5
6240,6140,216,2.38
6350,6351,217,12.57
7928,8029,217,17.08
8144,8245,217,14.14
7653,7754,217,15.32
7026,6925,217,5.78
7652,7753,217,15.64
7418,7518,217,25.27
7456,7457,218,25.9
8239,8340,218,15.91
7924,8025,218,14.17
8240,8341,218,15.51
7749,7850,218,14.23
7822,7922,218,7.67
5928,5829,218,6.76
6024,5923,218,4.6
7654,7755,219,17.75
7154,7255,219,17.22
8028,8129,219,16.34
8243,8344,219,15.15
8048,8149,219,14.19
6853,6854,219,8.35
6123,6223,219,7.47
7054,7155,219,23.49
5930,5931,219,12.15
7355,7356,220,27.05
8027,8128,220,16.84
8238,8339,220,15.57
8146,8247,220,13.7
7219,7120,220,12.2
6624,6724,220,7.95
7054,7055,220,12.61
7518,7618,221,25.33
6250,6251,221,12.57
6031,6132,221,27.73
6652,6653,221,8.41
7219,7119,221,7.84
7319,7218,221,7.2
7755,7856,222,60.46
5931,6032,222,65.71
7457,7558,222,36.05
7457,7458,222,27.1
6148,6149,222,12.49
7849,7950,222,14.23
7923,8024,222,14.55
8244,8345,222,14.06
6725,6825,222,8.4
7924,8024,222,7.66
8235,8336,222,17.25
8147,8248,222,13.69
7221,7122,222,3.68
8030,8131,223,16.66
8026,8127,223,17.29
7752,7853,223,14.51
8237,8338,223,15.49
6753,6754,223,8.36
8236,8337,223,17.9
7220,7121,223,5.84
7618,7719,224,56.06
7755,7855,224,20.56
5931,5932,224,21.03
7949,8050,224,14.6
6146,6047,224,5.62
7356,7357,225,24.77
8234,8335,225,16.22
8342,8443,225,16.45
8049,8150,225,14.16
6954,6955,225,8.38
7224,7123,225,1.98
6332,6233,225,2.22
7418,7517,225,12.64
7418,7417,225,8.51
7618,7718,226,22.14
8029,8130,226,16.3
7852,7953,226,14.51
7851,7952,226,14.45
8343,8444,226,15.48
7756,7857,226,15.69
8246,8347,226,13.7
8148,8249,226,13.67
6451,6452,226,8.36
7923,8023,226,7.67
5924,5825,226,7.33
5925,5826,226,5.81
7719,7820,227,57.62
8025,8126,227,16.84
8340,8441,227,16.94
5829,5830,227,11.76
7457,7358,227,16.48
8341,8442,227,16.95
7753,7854,227,14.95
8233,8334,227,13.74
7355,7256,227,13.1
6552,6553,227,8.4
7155,7256,227,20.05
7155,7156,227,12.53
7855,7956,227,54.71
6032,6133,228,26.03
6251,6352,228,21.94
8339,8440,228,19.39
7055,7056,228,12.53
8129,8230,228,15.97
7850,7951,228,14.32
8245,8346,228,13.52
7719,7819,229,21.59
6754,6855,229,24.42
6251,6252,229,12.61
6653,6654,229,12.59
8128,8229,229,15.96
8344,8445,229,14.47
7518,7617,229,12.75
7657,7658,229,7.79
7557,7658,229,11.48
7757,7858,229,11.78
7757,7758,229,7.97
7219,7118,229,6.77
5924,5824,229,4.41
7855,7955,229,22.61
7820,7921,230,59.52
5932,6033,230,27.98
8149,8250,230,13.82
8233,8333,230,7.65
7358,7359,231,26.18
6754,6755,231,12.58
6149,6150,231,12.41
8247,8348,231,13.95
6147,6048,231,5.49
6249,6150,231,5.29
6033,6134,232,74.74
7955,8056,232,47.43
7819,7920,232,51.96
7820,7920,232,20.9
5830,5831,232,20.91
7358,7459,232,32.05
8131,8232,232,16.31
8338,8439,232,16.89
7856,7957,232,15.37
7458,7559,232,14.71
7950,8051,232,14.61
8024,8125,232,14.6
8248,8349,232,14.3
7922,8022,232,7.67
7418,7317,232,7.56
8443,8544,233,18.82
5932,5933,233,12.39
7853,7954,233,15.42
8336,8437,233,14.11
8345,8446,233,14.08
8337,8438,233,14.36
7955,8055,234,24.8
7819,7919,234,23.51
6133,6234,234,26.61
6452,6453,234,12.61
8127,8228,234,13.81
7356,7257,234,10.2
7920,8021,235,47.99
6855,6956,235,26.27
7359,7360,235,26.38
8441,8542,235,19.14
6553,6554,235,12.6
7358,7258,235,13.31
7358,7259,235,17.73
7953,8054,235,15.88
8130,8231,235,15.95
7718,7818,235,11.41
8050,8151,235,13.9
7120,7021,235,10.04
6223,6323,235,6.56
6224,6323,235,2.59
6144,6043,235,2.67
8022,8123,236,47
7459,7460,236,26.7
8056,8156,236,25.6
8056,8057,236,26.57
7559,7659,236,25.52
7559,7560,236,26.45
6033,6034,236,17.96
7359,7460,236,32.73
8442,8543,236,16.11
7952,8053,236,14.87
8444,8545,236,15.61
8249,8350,236,14.56
8023,8124,236,14.48
8335,8436,236,14.03
8150,8251,236,13.8
7558,7659,236,10.74
8024,8124,236,7.67
8336,8436,236,7.66
8347,8448,236,14.2
6925,6924,236,5.36
8022,8122,237,24.9
7920,8020,237,24.66
8056,8157,237,33.45
6134,6235,237,29.04
7559,7660,237,33.01
6755,6856,237,26.66
6654,6655,237,12.59
8440,8541,237,17.59
8127,8227,237,7.65
7618,7717,237,9.36
7120,7020,237,6.24
6045,5946,237,5.37
8055,8155,238,25.73
7951,8052,238,14.39
7056,7157,238,15.4
8334,8435,238,13.51
7857,7958,238,12.02
5931,5832,238,7.6
7417,7516,238,11.51
8021,8121,239,25.33
8445,8546,239,15.43
6252,6353,239,14.59
8230,8331,239,13.42
8346,8447,239,14.14
5827,5728,239,6.13
6250,6151,239,5.53
7417,7416,239,7.6
8057,8058,240,26.54
8156,8256,240,25.75
6755,6756,240,12.48
6048,6049,240,12.47
8250,8351,240,14.3
7659,7759,240,25.83
7858,7959,240,12.96
8229,8330,240,13.49
7359,7260,240,17.53
7517,7616,240,9.75
7119,7019,240,5.4
6148,6049,240,5.27
6045,5945,240,3.38
6424,6523,240,1.82
5832,5833,241,48.63
8122,8223,241,34.46
8157,8158,241,41.18
8057,8158,241,33.93
8156,8257,241,33.25
6453,6454,241,26.3
5933,5934,241,29.15
8333,8434,241,12.66
6252,6253,241,20.64
7659,7760,241,34.46
7758,7859,241,12.29
7858,7859,241,18.76
8126,8226,241,3.89
8334,8434,241,3.92
7660,7761,241,34.39
7660,7661,241,46.8
5828,5729,241,9.02
6142,6042,241,2.79
8122,8222,242,14.11
8157,8258,242,33.81
6554,6555,242,26.45
7021,7022,242,30.14
8544,8645,242,4.55
8349,8450,242,12.76
8348,8449,242,12.64
5729,5730,243,53.73
7157,7158,243,30.88
6655,6656,243,28.43
6856,6857,243,29.37
8151,8152,243,20.22
8051,8152,243,12.7
7056,7057,243,11.2
8439,8540,243,12.62
5827,5727,243,4.18
8223,8224,244,44.46
7661,7662,244,47.02
6049,6050,244,33.01
6756,6757,244,31.06
6151,6152,244,27.51
8155,8255,244,12.4
6856,6957,244,17.68
8251,8252,244,20.03
8437,8538,244,12.63
8446,8547,244,12.63
8158,8159,244,44.28
7819,7918,244,6.58
5830,5731,244,13
6251,6152,244,7.45
8438,8539,244,12.62
7761,7762,244,47.11
6253,6254,245,26.72
5934,5935,245,30.46
6454,6455,245,26.33
5833,5834,245,28.04
7959,7960,245,20.06
8351,8352,245,21.27
6353,6354,245,19.89
8331,8332,245,20.27
7258,7159,245,16.65
8228,8329,245,12.71
8229,8329,245,3.91
7360,7361,245,12.68
6656,6657,246,35.26
6555,6556,246,31.34
7022,7023,246,29.96
8223,8324,246,34.42
8257,8358,246,33.75
7760,7861,246,34.35
8350,8451,246,12.91
7919,8019,246,5.39
8158,8259,246,34.41
7317,7217,246,6.56
8058,8059,246,19.17
7660,7561,246,17.44
5924,5823,246,2.54
7761,7862,246,34.34
7859,7860,246,20.15
5935,5936,247,53.86
6757,6758,247,34.58
7662,7663,247,46.46
6857,6858,247,32.97
7057,7058,247,30.02
8222,8323,247,34.39
8053,8154,247,12.94
8436,8537,247,12.63
8124,8225,247,12.74
8545,8646,247,12.57
7460,7461,247,11.58
8333,8433,247,3.91
5824,5725,247,8.76
8448,8549,247,12.63
7762,7763,247,47.03
8451,8452,248,53.75
6455,6456,248,33.86
7159,7160,248,42
6957,6958,248,30.84
6152,6153,248,26.78
8152,8153,248,20.08
8257,8357,248,16.31
7260,7261,248,12.67
5832,5733,248,16.17
8227,8328,248,12.71
5731,5732,248,27.77
6047,5948,248,7.07
5936,5937,249,52.5
5725,5726,249,53.39
6556,6557,249,38
8324,8325,249,43.9
6657,6658,249,34.19
6254,6255,249,27.14
6354,6355,249,26.47
8252,8253,249,20.18
5834,5835,249,28.29
8255,8356,249,34.38
7561,7562,249,46.9
5825,5726,249,7.29
6925,6824,249,3.73
6044,5944,249,2.84
7762,7863,249,34.36
7417,7316,249,4.68
8452,8453,250,52.96
6958,6959,250,50.14
7058,7059,250,49.53
7663,7664,250,46.51
6758,6759,250,48.89
7960,7961,250,20.22
8352,8353,250,21.69
8159,8160,250,19.86
8222,8322,250,13.2
5934,6035,250,17.65
8435,8536,250,12.62
5946,5947,250,9.38
8547,8548,250,19.29
8021,8120,250,8.58
7763,7764,250,46.8
7160,7161,251,44.28
5733,5734,251,49.53
6456,6457,251,38.48
6858,6859,251,29.12
8549,8550,251,25.4
8324,8425,251,34.37
5935,6036,251,26.61
8546,8647,251,12.46
8331,8432,251,12.71
8453,8454,252,51.13
6355,6356,252,33.37
6153,6154,252,27.14
8451,8552,252,28.29
8358,8359,252,19.86
8059,8060,252,19.88
8255,8355,252,13.15
7959,8060,252,12.66
8330,8431,252,12.65
7717,7817,252,5.45
5937,5938,252,37
7562,7563,252,46.07
8542,8643,252,5
6134,6135,252,8
7118,7018,252,4.3
8259,8260,252,19.93
7763,7864,252,34.39
6457,6458,253,51.32
5734,5735,253,51.46
7664,7665,253,47.24
7059,7060,253,38.81
6759,6760,253,40.17
6557,6558,253,31.23
6255,6256,253,32.12
8452,8553,253,30.53
8324,8424,253,14.82
7159,7060,253,20.07
5835,5836,253,31.31
8450,8551,253,13.44
8434,8535,253,12.65
8226,8327,253,12.7
8122,8221,253,8.12
7764,7765,253,47.6
7161,7162,254,42.21
8253,8254,254,22.01
8356,8457,254,30.47
5936,6037,254,22.18
7361,7362,254,11.63
5824,5724,254,3.71
6023,6122,254,2.03
6140,6041,254,4.83
5735,5736,255,53.87
6356,6357,255,37.57
8454,8455,255,45.02
8353,8354,255,23.34
8453,8554,255,32.68
6759,6860,255,33.5
7961,7962,255,20.15
8160,8161,255,20.01
8356,8456,255,19.12
8325,8326,255,19.87
6050,6051,255,9.16
8540,8641,255,12.62
7563,7564,255,46.42
5836,5837,255,53.75
5938,5939,255,47.1
7561,7462,255,17.38
8543,8644,255,4.92
6048,5949,255,6.76
7764,7865,255,34.26
6760,6761,256,42.24
7060,7061,256,44.55
6256,6257,256,36.56
6154,6155,256,27.53
7161,7262,256,34.08
7160,7061,256,18.94
7261,7262,256,12.51
6758,6659,256,15.97
8539,8640,256,12.7
8538,8639,256,12.67
5730,5631,256,10.99
7019,6920,256,9.18
8547,8648,256,12.49
8647,8648,256,21.33
7665,7666,256,47.57
6357,6358,257,51.36
5736,5737,257,53.76
6037,6038,257,40.54
8060,8061,257,20.15
8552,8653,257,34.09
8454,8555,257,34.45
8425,8426,257,19.04
7059,6960,257,21.31
6759,6660,257,20.83
7960,8061,257,12.69
8329,8430,257,12.65
7562,7463,257,17.9
7021,6922,257,7.02
5837,5838,257,53.58
5732,5633,257,15.87
6023,6022,257,1.58
6257,6258,258,52.45
5631,5632,258,52.66
6860,6861,258,38.29
6760,6861,258,34.08
8551,8652,258,34.43
8260,8261,258,19.86
5733,5634,258,15.47
8549,8650,258,13.55
7564,7565,258,47.24
7862,7963,258,12.67
8358,8459,258,12.62
5729,5630,258,8.68
6151,6052,258,7.62
6920,6921,258,53.82
8359,8360,258,19.86
5939,5940,258,39.66
8259,8360,258,12.63
7665,7766,258,34.27
7765,7766,258,20.39
5737,5738,259,53.75
6922,6923,259,53.82
7061,7062,259,49.4
7161,7062,259,19.97
8322,8423,259,17.65
8646,8747,259,12.4
8433,8534,259,12.7
8537,8638,259,12.64
8541,8642,259,4.93
7666,7667,259,47.83
7118,7117,259,2.81
6960,6961,260,38.64
7463,7464,260,46.46
6155,6156,260,31.33
7865,7866,260,20.18
8161,8162,260,20.01
8456,8557,260,33.18
8554,8655,260,32.73
6860,6961,260,32.79
8455,8556,260,31.08
8457,8458,260,19.68
8357,8458,260,12.39
8328,8429,260,12.65
7563,7464,260,17.69
6523,6623,260,5.03
5838,5839,260,36.22
7317,7216,260,4.58
5738,5739,261,53.59
7766,7767,261,47.61
6761,6762,261,22.1
8648,8649,261,24.76
8554,8654,261,17.56
6760,6661,261,19.96
8551,8651,261,13.46
8548,8649,261,13.12
7863,7964,261,12.68
5823,5723,261,6.75
8222,8321,261,7.46
5940,5941,261,42.39
5938,6039,261,16.49
7666,7767,261,34.21
7565,7566,261,47.68
5634,5635,262,32.82
8061,8062,262,20.06
8426,8427,262,20.26
7162,7163,262,12.66
6558,6559,262,11.87
6458,6459,262,11.71
5734,5635,262,13.75
8536,8637,262,12.6
7961,8062,262,12.68
5945,5846,262,6.68
7616,7716,262,4.76
7667,7668,262,48.09
8647,8748,262,12.92
6156,6157,263,35.49
7464,7465,263,47.24
7766,7867,263,34.26
8261,8262,263,20.04
6861,6862,263,23.87
7362,7363,263,11.14
8425,8526,263,12.43
6152,6053,263,7.78
8432,8533,263,12.76
6049,5950,263,6.39
5839,5840,263,45.98
6123,6222,263,1.92
7416,7415,263,4.21
7767,7768,264,47.28
6961,6962,264,26.91
8360,8361,264,19.91
6659,6560,264,20.02
7566,7567,264,47.9
5739,5740,264,37.46
8260,8361,264,12.62
7864,7965,264,12.7
8431,8532,264,12.76
5726,5627,264,9.99
5941,5942,264,47.72
8459,8460,264,19.9
7918,8018,264,5.18
8359,8460,264,12.62
7667,7768,264,34.15
6042,5943,264,6.27
5635,5636,265,34.05
6459,6460,265,47.17
7668,7669,265,46.1
6157,6158,265,53.69
8162,8163,265,20.16
7262,7263,265,11.98
8327,8428,265,12.7
8424,8525,265,12.36
8535,8636,265,12.58
5725,5626,265,8.04
5939,6040,265,15.61
7416,7515,265,5.4
6962,6963,266,50.36
5846,5847,266,31.66
6762,6763,266,20.1
6661,6662,266,22.71
7767,7868,266,34.32
8655,8656,266,19
8557,8558,266,19.75
6358,6359,266,12.05
5840,5841,266,45.23
7463,7364,266,17.66
8457,8558,266,12.58
8649,8750,266,33.7
8019,8119,266,5.11
8651,8752,266,34.16
7019,6919,266,3.91
7465,7466,266,47.93
6862,6863,267,28.16
5740,5741,267,38.18
6053,6054,267,27.15
8062,8063,267,20.22
7668,7769,267,34.45
6258,6259,267,12.31
8648,8749,267,13.47
7865,7966,267,12.69
7962,8063,267,12.69
5724,5625,267,11.06
7567,7568,267,48.05
6153,6054,267,7.7
8641,8742,267,12.62
6135,6136,267,7.04
8644,8745,267,12.56
8748,8749,267,20.8
5636,5637,268,33.82
8262,8263,268,20.04
8526,8527,268,20.05
8423,8524,268,17.57
7062,7063,268,11.7
8639,8740,268,12.76
5631,5532,268,12.39
8640,8741,268,12.64
5728,5629,268,5.08
6863,6864,269,50.66
7364,7365,269,47.24
6963,6964,269,42.03
7466,7467,269,47.83
6359,6360,269,39.38
6460,6461,269,25.57
5627,5628,269,23.31
8361,8362,269,20.21
5723,5624,269,19.55
5841,5842,269,37.59
7464,7365,269,17.15
5632,5533,269,12.97
8322,8422,269,5.46
8653,8754,269,11.98
8430,8531,269,12.71
5823,5822,269,4.5
6054,6055,270,48.89
5741,5742,270,36.93
8163,8164,270,20.11
7668,7569,270,17.88
6259,6260,270,35.87
8360,8461,270,12.63
7963,8064,270,12.69
8120,8220,270,5.25
8652,8753,270,12.3
8459,8560,270,12.62
8645,8746,270,5.24
7568,7569,270,45.95
8651,8751,270,12.39
8460,8461,270,19.86
8747,8848,270,13.09
7063,7064,271,35.41
6963,7064,271,34.04
7163,7164,271,12.01
5723,5623,271,10.35
8534,8635,271,12.62
8638,8739,271,12.76
5737,5638,271,10.35
5823,5922,271,5.77
8642,8743,271,12.54
5842,5843,271,52.32
6920,6821,271,10.05
7316,7315,271,4.64
7416,7315,271,4.42
6055,6056,272,52.88
7467,7468,272,46.74
5533,5534,272,35.08
7966,7967,272,20.27
8656,8657,272,19.74
7868,7869,272,19.92
8558,8559,272,19.55
8458,8559,272,12.62
8655,8756,272,12.42
8557,8658,272,12.59
8556,8657,272,12.5
7866,7967,272,12.7
6922,6823,272,10.06
8429,8530,272,12.66
5944,5845,272,6.38
7817,7917,272,5.2
7365,7366,272,48.36
7465,7366,272,16.67
6864,6865,272,38.41
6921,6822,272,10.5
8749,8850,272,29.38
6624,6723,272,1.72
6964,6965,272,36.08
8527,8528,273,20.63
6360,6361,273,25.75
7769,7770,273,19.15
7964,8065,273,12.66
8654,8755,273,12.26
6260,6261,273,46.07
6158,6159,273,12.73
5742,5743,273,35.09
8749,8849,273,19.6
5534,5535,274,51.83
8362,8363,274,20.21
8263,8264,274,19.86
6460,6561,274,17.44
7669,7670,274,11.5
7263,7264,274,11.22
8637,8738,274,12.63
5950,5951,274,9.13
6259,6160,274,22.1
7064,7065,274,42.4
7118,7017,274,2.95
6964,7065,274,31.75
7366,7367,275,48.18
5638,5639,275,32.24
8164,8165,275,20.1
6056,6057,275,35.44
7364,7265,275,17.15
6662,6663,275,11.27
5843,5844,275,32.86
7466,7367,275,16.75
7867,7968,275,12.68
8526,8627,275,12.66
8533,8634,275,12.7
5723,5722,275,7.19
5631,5531,275,5.52
8560,8561,275,20.1
7568,7469,275,17.97
5535,5536,276,52.8
6054,5955,276,15.97
8532,8633,276,12.75
7965,8066,276,12.67
8361,8462,276,12.69
7064,7165,276,34.12
6864,6765,276,21.44
7065,7066,277,45.89
5743,5744,277,32.18
6863,6764,277,14.51
5951,5952,277,48.88
8636,8737,277,12.58
8525,8626,277,12.39
6157,6058,277,10.54
8428,8529,277,12.66
8423,8523,277,5.7
8743,8744,277,19.45
5536,5537,278,53.04
7367,7368,278,46.57
5639,5640,278,34.93
8849,8949,278,20.04
8658,8659,278,19.44
7869,7870,278,19.73
6865,6866,278,18.43
5623,5523,278,15.53
5623,5524,278,22.6
7467,7368,278,17.48
5822,5821,278,11.87
8656,8757,278,12.59
5847,5848,278,8.66
7868,7969,278,12.63
8752,8853,278,12.56
8558,8659,278,12.55
5955,5956,278,52.56
8850,8851,278,17.88
6661,6562,278,8.69
8756,8757,278,19.49
6260,6161,278,17.9
7365,7266,278,16.36
8264,8265,279,20.04
7065,7166,279,34.45
6261,6262,279,19.26
8849,8950,279,27.95
7966,8067,279,12.7
8745,8846,279,12.54
6361,6362,279,19.53
7216,7116,279,5.28
8742,8843,279,12.58
6663,6664,279,30.58
7018,6918,279,3.74
7569,7570,279,11.32
7316,7215,279,4.87
5640,5641,280,50.42
5524,5525,280,51.4
5537,5538,280,53.83
7066,7067,280,47.29
6765,6766,280,31.38
8165,8166,280,20.24
8561,8562,280,20.54
8363,8364,280,19.93
6159,6060,280,21.8
5623,5622,280,12.03
8627,8628,280,20.47
5624,5525,280,13.94
8263,8364,280,12.62
5822,5921,280,13.98
8527,8628,280,12.78
8524,8625,280,12.63
8321,8421,280,5.3
5723,5622,280,7.52
5956,5957,280,52.52
6920,6820,280,4.33
8741,8842,280,12.61
5744,5745,281,30.45
6159,6059,281,13.04
7366,7267,281,16.49
6965,6966,281,12.33
8362,8463,281,12.69
8531,8632,281,12.71
8754,8855,281,12.61
5822,5721,281,12.27
6054,5954,281,7.62
5626,5527,281,8.95
5538,5539,282,53.65
5525,5526,282,52.86
6262,6263,282,43.27
7066,7167,282,34.32
7770,7771,282,11.38
8753,8854,282,12.58
8746,8847,282,12.62
6461,6462,282,8.05
8751,8852,282,12.4
7716,7816,282,5.23
8560,8661,282,12.67
5527,5528,283,53.52
7067,7068,283,48.86
6060,6061,283,42.98
6664,6665,283,31.65
7969,7970,283,20.1
6765,6665,283,15.53
6765,6666,283,22.6
8849,8948,283,14.8
5641,5642,283,36.11
8635,8736,283,12.58
8739,8840,283,12.71
5623,5522,283,12.42
5532,5433,283,10.06
5951,5852,283,15.98
8018,8118,283,5.47
8743,8844,283,12.52
5539,5540,284,53.81
5957,5958,284,30.02
6262,6363,284,34.28
8067,8068,284,20.1
6161,6162,284,18.85
6562,6563,284,19.47
8659,8660,284,19.56
7367,7268,284,17.59
8658,8759,284,12.52
7967,8068,284,12.69
8530,8631,284,12.71
8657,8758,284,12.62
6136,6137,284,5.98
7670,7671,284,10.99
8559,8660,284,12.58
8850,8951,284,12.13
5846,5747,284,6.68
8757,8758,284,19.71
8756,8857,284,12.53
5642,5643,285,52.33
7068,7069,285,50.73
5528,5529,285,53.85
8562,8563,285,20.46
7067,7168,285,33.91
8166,8167,285,20.18
8628,8629,285,20.42
6263,6264,285,43.09
8119,8219,285,5.55
8528,8629,285,12.74
8755,8856,285,12.54
5540,5541,286,52.91
6666,6667,286,35.69
5433,5434,286,36.44
8364,8365,286,19.86
6866,6867,286,12.54
7066,6967,286,17.11
8523,8624,286,17.68
8363,8464,286,12.63
8264,8365,286,12.66
8738,8839,286,12.81
5922,6021,286,9.47
7069,7070,287,52.11
6162,6163,287,42.04
7268,7269,287,44.97
6766,6767,287,16.33
6262,6163,287,19.47
7870,7871,287,11.24
8634,8735,287,12.62
7968,8069,287,12.69
8165,8266,287,12.7
8561,8662,287,12.76
6263,6364,287,34.25
5952,5953,287,11.09
8627,8728,287,12.75
6821,6722,287,9.33
8661,8662,287,20.81
8948,9049,288,31.86
7068,7169,288,32.97
6059,5960,288,20.4
6060,5961,288,19.61
6462,6463,288,19.32
8633,8734,288,12.69
5951,5851,288,7.62
5955,5856,288,12.52
8422,8522,288,5.36
6563,6564,288,26.21
7070,7071,289,52.97
5434,5435,289,48.32
5643,5644,289,32.9
7268,7369,289,34.45
8840,8841,289,19.61
8948,9048,289,18.28
6061,6062,289,19.03
8844,8845,289,19.67
7067,6968,289,15.99
5524,5425,289,13.81
8626,8727,289,12.61
8737,8838,289,12.7
8529,8630,289,12.71
8744,8845,289,12.58
8220,8320,289,5.46
7469,7470,289,7.68
5541,5542,289,35.04
5856,5857,290,53.72
7269,7270,290,42.95
6767,6768,290,37.58
7069,7170,290,31.74
6264,6265,290,23.59
8167,8168,290,20.11
8951,8952,290,19.34
8857,8858,290,19.57
6666,6567,290,22.13
6059,5959,290,11.19
5848,5849,290,8.52
7969,8070,290,12.67
8853,8954,290,12.66
5954,5855,290,16.13
8659,8760,290,12.55
8949,9050,290,12.07
6263,6164,290,19.55
8851,8952,290,12.57
8757,8858,290,12.58
5542,5543,291,52.83
7071,7072,291,52.58
5425,5426,291,53.77
8365,8366,291,20.08
6666,6566,291,13.68
8950,9051,291,12.28
8846,8947,291,12.85
6919,6819,291,4.04
8843,8944,291,12.42
6423,6422,291,0.2
7369,7370,292,42.54
5435,5436,292,48.34
6062,6063,292,42.62
6564,6565,292,30.63
7070,7171,292,30.52
8266,8267,292,20.18
7269,7370,292,34.23
6767,6868,292,32.48
6364,6365,292,23.72
8464,8465,292,19.66
6162,6063,292,20.05
7970,7971,292,11.13
8662,8663,292,20.66
8364,8465,292,12.62
8562,8663,292,12.74
8166,8267,292,12.68
8842,8943,292,12.57
8628,8729,292,12.74
7570,7571,292,8.28
7771,7772,292,11.04
5532,5432,292,4.33
7470,7471,292,44.59
7917,8017,292,5.25
6523,6522,292,1.96
7072,7073,293,51.37
6768,6769,293,42.62
7270,7271,293,46.95
5644,5645,293,30.22
6667,6668,293,15.66
6363,6464,293,17.18
7068,6969,293,14.45
5852,5853,293,10.93
8855,8956,293,12.54
8632,8733,293,12.71
5745,5746,293,8.97
7515,7615,293,3.68
7616,7615,293,1.93
5543,5544,294,33.34
6265,6266,294,26.98
7071,7172,294,31.14
5961,5962,294,19.4
8563,8564,294,11.2
8854,8955,294,12.63
5857,5858,294,25.94
5538,5439,294,10.66
5524,5424,294,6.3
5537,5438,294,9.08
5954,5854,294,7.73
8852,8953,294,12.64
5631,5530,294,3.82
8661,8762,294,12.82
7073,7074,295,50.29
5436,5437,295,48.9
6164,6165,295,23.33
6768,6869,295,34.16
7270,7371,295,34.37
8168,8169,295,20.23
7370,7371,295,43.97
8840,8941,295,12.56
8948,9047,295,11.93
6063,6064,295,39.19
8844,8945,295,12.57
8736,8837,295,12.61
6820,6721,295,9.99
7471,7472,295,48.18
5536,5437,295,7.61
5439,5440,296,53.75
6668,6669,296,39.59
6365,6366,296,30.51
5426,5427,296,22.57
8366,8367,296,20.18
7072,7173,296,32.48
8858,8859,296,19.85
7871,7872,296,11.26
6364,6465,296,17.11
7069,6970,296,13.05
5858,5859,296,51.62
8760,8761,296,19.97
8951,9052,296,12.5
8857,8958,296,12.55
8631,8732,296,12.64
5747,5748,296,8.38
8523,8623,296,5.3
7315,7314,296,4.05
8660,8761,296,12.67
8758,8859,296,12.55
6523,6622,296,2.55
6266,6267,297,34.34
7074,7075,297,50.21
8267,8268,297,20.22
6062,5963,297,19.78
8629,8730,297,12.68
8167,8268,297,12.67
7671,7672,297,8.32
7471,7572,297,34.13
7616,7715,297,2.49
5427,5428,298,53.79
5544,5545,298,30.36
7073,7174,298,33.25
5440,5441,298,53.86
8465,8466,298,19.86
6566,6467,298,22
5851,5752,298,14.93
8624,8725,298,12.75
8464,8565,298,12.57
8365,8466,298,12.66
8421,8521,298,5.62
7215,7115,298,5.37
7017,6917,298,4.19
6222,6322,298,2.89
6366,6367,299,34.74
6669,6670,299,41.01
6165,6166,299,25.28
5859,5860,299,44.4
8762,8763,299,21.01
6566,6466,299,13.41
8728,8829,299,12.56
8069,8170,299,12.71
8735,8836,299,12.64
7070,6971,299,11.95
6063,5964,299,21.19
5528,5429,299,9.23
8662,8763,299,12.79
7315,7414,299,5.21
7075,7076,299,51.48
6267,6268,300,33.62
7174,7175,300,51.21
8945,8946,300,20.8
6668,6569,300,21.05
7074,7175,300,33.3
6567,6568,300,10.65
8070,8071,300,10.98
8734,8835,300,12.66
9049,9150,300,12.37
6064,6065,300,22.32
5752,5753,301,40.45
7173,7274,301,41.94
6669,6770,301,40.37
8941,8942,301,17.11
8858,8959,301,17.79
8954,9055,301,17.75
8168,8269,301,17.96
8630,8731,301,17.92
8841,8942,301,17.74
7071,6972,301,9.44
9048,9149,301,17.13
8760,8861,301,17.82
5721,5621,301,5.17
8838,8939,301,18.02
7471,7372,301,12.02
8118,8218,301,5.91
8952,9053,301,17.68
5951,5850,301,4.26
8727,8828,301,17.84
6670,6671,302,39.06
7076,7077,302,39.6
5441,5442,302,23.75
5545,5546,302,23.39
7174,7275,302,41.6
8859,8860,302,17
7971,7972,302,6.06
8366,8467,302,17.89
7072,6973,302,10.41
8944,9045,302,17.76
9050,9151,302,17.45
8663,8664,302,6.2
6467,6468,302,27.76
7816,7916,302,5.68
7075,7176,302,41.68
6670,6771,303,39.72
7076,7177,303,41.13
6166,6167,303,23.44
8623,8724,303,24.09
8956,8957,303,6.58
8733,8834,303,17.94
8267,8368,303,17.96
8943,9044,303,17.56
8729,8830,303,17.75
8465,8566,303,17.76
5853,5754,303,11.37
8219,8319,303,6.01
6918,6818,303,3.28
8626,8726,303,4.36
6267,6368,304,25
6669,6570,304,15.84
8564,8665,304,17.66
8762,8863,304,18.26
8955,9056,304,17.68
7073,6974,304,11.22
5851,5751,304,5.25
8953,9054,304,17.69
7175,7276,304,39.03
7077,7078,305,35.82
6468,6469,305,40.74
7274,7375,305,41.22
6671,6672,305,39.45
5860,5861,305,17.14
8521,8622,305,23.49
5545,5646,305,24.41
7173,7273,305,11.97
8945,9046,305,18.18
8169,8270,305,18.08
8837,8938,305,18.2
8941,9042,305,17.76
5859,5760,305,13.99
5425,5326,305,7.08
7772,7773,305,7.35
6820,6720,305,3.24
5921,5920,305,3.48
7116,7016,305,3.09
8761,8862,305,18.27
6771,6772,306,40.66
7177,7178,306,33.71
5754,5755,306,35.61
7176,7277,306,36.22
7077,7178,306,37.67
5442,5443,306,32.75
6268,6269,306,16.84
6671,6772,306,40.16
8732,8833,306,17.76
8958,9059,306,17.72
8859,8960,306,17.64
5424,5325,306,10.26
7271,7272,306,7.34
7074,6975,306,11.53
8730,8831,306,17.74
5855,5756,306,7.6
5856,5757,306,6.49
5858,5759,306,10.6
9052,9153,306,17.53
7275,7376,306,38.31
7315,7214,306,3.37
5854,5755,306,10.08
6368,6369,307,37.97
6771,6872,307,41.67
7177,7278,307,35.63
8939,8940,307,16.84
8565,8666,307,17.77
8466,8567,307,17.92
8320,8420,307,5.93
5326,5327,308,37.41
6469,6470,308,37.66
7276,7377,308,37.49
8467,8468,308,17.32
9151,9152,308,17.48
8835,8936,308,17.94
9150,9251,308,18.07
8829,8930,308,17.67
6670,6571,308,16.54
6672,6673,308,40.3
8836,8937,308,18
6869,6870,308,5.98
5721,5720,308,4.05
6975,6976,309,40.1
7178,7179,309,34.2
6772,6773,309,40.79
5443,5444,309,35.4
6269,6270,309,39.51
7078,7079,309,28.85
8269,8370,309,18.02
9055,9156,309,17.76
9149,9250,309,17.85
7414,7514,309,10.24
6672,6773,309,41.18
8731,8832,309,17.69
8861,8962,309,18.07
5921,6020,309,4.57
6369,6370,310,39.29
6872,6873,310,40.62
7278,7279,310,40.58
7178,7279,310,36.11
6772,6873,310,41.92
7277,7378,310,40.01
6269,6370,310,40.24
5760,5761,310,22.52
9056,9057,310,16.94
8467,8568,310,18
9151,9252,310,18.18
9045,9146,310,18.07
8959,9060,310,17.46
8828,8929,310,17.63
8942,9043,310,17.67
8939,9040,310,17.45
5752,5653,310,11.1
9053,9154,310,17.52
8017,8117,310,5.76
7872,7873,310,7.34
6021,6121,310,4.51
7376,7477,310,40.8
5327,5328,311,38.09
6571,6572,311,39.38
7278,7379,311,41.89
8622,8723,311,23.94
9044,9145,311,17.81
5861,5862,311,17.03
6771,6871,311,13.99
8724,8825,311,18.08
8664,8765,311,17.56
7274,7374,311,10.13
6671,6572,311,16.08
8834,8935,311,17.96
6673,6674,311,40.67
5439,5340,311,7.67
5432,5333,311,6.42
5433,5334,311,4.26
5857,5758,311,6.05
5721,5820,311,5.21
5821,5820,311,3.53
7572,7573,311,7.35
5444,5445,312,37.31
7179,7180,312,33.52
6976,6977,312,40.28
8957,9058,312,17.58
8830,8931,312,17.68
7377,7478,312,38.44
9054,9155,312,17.83
6773,6774,312,40.54
6673,6774,312,41.67
5438,5339,312,7.06
5424,5324,312,5.02
7472,7473,312,4.58
6370,6371,313,40.55
7279,7280,313,39.57
7179,7280,313,35.43
9046,9147,313,18.2
9056,9157,313,17.57
6873,6874,313,40.35
5964,5965,313,7.04
7672,7673,313,5.61
6773,6874,313,41.86
9048,9148,313,4.48
8665,8766,313,17.59
8666,8667,313,17.06
8938,9039,313,17.82
8862,8963,313,18.13
8727,8827,313,4.38
6572,6573,314,39.06
6370,6471,314,41.87
7279,7380,314,41.1
7079,7080,314,24.61
6270,6271,314,21.03
6470,6471,314,18.2
5862,5863,314,40.32
7379,7380,314,36.63
7378,7479,314,38.78
8833,8934,314,17.95
9042,9143,314,17.61
9153,9254,314,17.84
6674,6675,314,40.56
5524,5423,314,3.41
7477,7578,314,36.42
7716,7815,314,2.7
5445,5446,315,37.02
6977,6978,315,39.08
5334,5335,315,26.5
5761,5762,315,22.36
8940,9041,315,17.71
7379,7480,315,38.44
8831,8932,315,17.68
9059,9160,315,17.43
6269,6170,315,15.99
8763,8764,315,6.21
8521,8621,315,6.05
5440,5341,315,7.14
5340,5341,315,32.95
8666,8767,315,17.71
6674,6775,315,41.51
6774,6775,315,39.93
6371,6372,316,40.09
6874,6875,316,38.75
7280,7281,316,34.35
7180,7181,316,31.8
5653,5654,316,18.73
9060,9061,316,17.16
9251,9352,316,17.82
8936,9037,316,17.95
5759,5660,316,15.66
9252,9253,316,17.1
8170,8171,316,5.85
5752,5652,316,5.5
8937,9038,316,18.07
7971,8072,316,6.46
9152,9253,316,17.99
8070,8171,316,6.26
7872,7973,316,7.55
6065,6066,316,6.27
6774,6875,316,41.41
6675,6676,317,39.45
6573,6574,317,38.06
6371,6472,317,40.91
7280,7381,317,36.25
8723,8824,317,23.86
5863,5864,317,39.87
8832,8933,317,17.78
9250,9351,317,17.94
8930,9031,317,17.57
6571,6472,317,16.16
5748,5749,317,4.06
7376,7476,317,9.59
6978,6979,318,33.71
5446,5447,318,36.67
6675,6776,318,40.16
7578,7579,318,29.03
8929,9030,318,17.7
9043,9144,318,17.79
9146,9247,318,18.34
9154,9255,318,18.07
9060,9161,318,17.81
6269,6169,318,8.72
5759,5659,318,8.47
6775,6776,318,40.42
9252,9353,318,17.74
5965,5966,318,22.12
5721,5620,318,4.04
5660,5661,319,40.62
7480,7481,319,27.94
5446,5547,319,38.47
5341,5342,319,30.61
7080,7081,319,24.34
6271,6272,319,21.86
7479,7580,319,30.94
7578,7679,319,30.95
6875,6876,319,39
9157,9158,319,16.89
9145,9246,319,17.87
9040,9141,319,17.68
9057,9158,319,17.57
7380,7481,319,33.32
7773,7774,319,7.34
8935,9036,319,17.96
7514,7614,319,10.65
6775,6876,319,41.79
8667,8668,319,17.16
5746,5647,319,5.04
8218,8318,319,5.84
6676,6677,320,36.9
6472,6473,320,35.14
7181,7182,320,29.69
7281,7282,320,30.49
5654,5655,320,33.25
7480,7581,320,29.84
5335,5336,320,22.76
6170,6171,320,20.05
8931,9032,320,17.74
9155,9256,320,17.82
6572,6473,320,16.54
8765,8866,320,17.48
8863,8864,320,6.33
8368,8369,320,5.95
8319,8419,320,5.91
6574,6575,320,34.86
5532,5431,320,2.41
6776,6777,321,40.05
6676,6777,321,37.36
7281,7382,321,32.42
6066,6067,321,22.92
8621,8722,321,23.73
8767,8768,321,17.09
9147,9248,321,17.89
9058,9159,321,17.43
7381,7382,321,26.65
5862,5763,321,14.67
8725,8826,321,6.39
7916,8016,321,5.54
8667,8768,321,17.82
7476,7577,321,41.68
5661,5662,322,40.57
6776,6877,322,41.5
9061,9062,322,17.28
9254,9355,322,17.7
8934,9035,322,17.94
6979,6980,322,28.97
9143,9244,322,18
8766,8867,322,17.64
9148,9249,322,17.58
9157,9258,322,17.51
7381,7482,322,28.53
6876,6877,322,39.66
8960,8961,322,6.26
8270,8271,322,6.15
6818,6719,322,7.47
8170,8271,322,6.24
6819,6719,322,2.97
5851,5750,322,3.87
7215,7114,322,2.92
6677,6678,323,34.76
5342,5343,323,30.71
5966,5967,323,22.64
8932,9033,323,17.86
8767,8868,323,17.74
9041,9142,323,17.69
9160,9261,323,17.78
6675,6576,323,16.08
6573,6474,323,17.51
5326,5227,323,8.02
8071,8172,323,6.3
6917,6817,323,3.97
5437,5338,323,4.8
5438,5338,323,3.32
5432,5332,323,3
6777,6778,324,38.31
7182,7183,324,30.64
6272,6273,324,21.56
7081,7082,324,23.95
9161,9162,324,17.08
7282,7283,324,30.58
6372,6373,324,13.81
9061,9162,324,17.95
9038,9139,324,17.94
5863,5764,324,15.49
8420,8520,324,5.98
5325,5226,324,8.31
7773,7874,324,7.58
7972,8073,324,6.44
8828,8928,324,4.41
5429,5430,324,3.97
9037,9138,324,18.14
6777,6878,325,40
7581,7582,325,23.7
5336,5337,325,21.02
7481,7582,325,25.83
8668,8669,325,17.31
7282,7383,325,32.52
9353,9354,325,16.58
6676,6577,325,18.4
8824,8925,325,18.2
8933,9034,325,17.94
9253,9354,325,17.68
6877,6878,325,38.47
5324,5225,325,11
7573,7574,325,7.31
5327,5228,325,8.46
8468,8469,325,5.96
7272,7373,325,7.56
9352,9453,325,17.32
7372,7373,325,4.32
6574,6475,325,19.57
5436,5337,325,3.94
5343,5344,326,35.9
6678,6679,326,38.9
6067,6068,326,23.56
6171,6172,326,18.81
7581,7682,326,25.48
5655,5656,326,17.91
9256,9257,326,16.94
6980,6981,326,25.46
9144,9245,326,17.91
9161,9262,326,17.73
9247,9348,326,18.77
9031,9132,326,17.62
5758,5658,326,6.86
8370,8371,326,6.25
8863,8964,326,6.73
9351,9452,326,17.61
7615,7714,326,4.19
6522,6521,326,2.84
6778,6779,327,39.44
6678,6779,327,39.54
7482,7483,327,23.7
5662,5663,327,21.59
8722,8823,327,23.73
6067,6168,327,24.64
6473,6374,327,21.26
8668,8769,327,17.98
9246,9347,327,18.92
9036,9137,327,17.88
9030,9131,327,17.11
9353,9454,327,17.17
5660,5561,327,13.89
7673,7674,327,7.34
9141,9242,327,17.77
8568,8569,327,5.93
5444,5345,327,7.95
7414,7413,327,3.61
6267,6168,327,4.69
7476,7576,327,10.98
8768,8769,327,17.31
6575,6476,327,21.15
6878,6879,328,35.42
7183,7184,328,30.17
6778,6879,328,40.99
7482,7583,328,25.48
9258,9259,328,16.86
9032,9133,328,17.76
6677,6578,328,19.62
7082,7083,328,26.75
9158,9259,328,17.32
8117,8217,328,5.76
7414,7513,328,4.94
6020,6120,328,5.46
7115,7015,328,3.37
6522,6621,328,3.92
6679,6680,329,40
7183,7284,329,32.11
6273,6274,329,22.31
5764,5765,329,21.12
9256,9357,329,17.57
8866,8967,329,17.48
8768,8869,329,17.98
8868,8869,329,17.21
6779,6780,330,40.43
6374,6375,330,35.08
6679,6780,330,41.46
5345,5346,330,35.21
9139,9140,330,17.08
9035,9136,330,17.83
9159,9260,330,17.58
9248,9349,330,17.63
5661,5562,330,14.06
5660,5560,330,7.23
9244,9345,330,18
7017,6916,330,2.31
6879,6880,331,33.67
6779,6880,331,41.79
6068,6069,331,23.67
6172,6173,331,22.14
7582,7683,331,26.26
7383,7384,331,17.86
5764,5865,331,21.68
9033,9134,331,17.77
9258,9359,331,17.48
9142,9243,331,17.81
9162,9163,331,16.62
7682,7683,331,24.71
5324,5224,331,5.45
6981,6982,331,24.61
8370,8471,331,6.65
7374,7475,331,7.42
8867,8968,331,17.66
8669,8670,331,17.35
5424,5323,331,3.7
8868,8969,331,17.87
8962,9063,331,6.51
9262,9263,332,16.73
9139,9240,332,17.73
8928,9029,332,17.84
9138,9239,332,18.19
9261,9362,332,17.58
6678,6579,332,16.71
7083,7084,332,28.5
8621,8721,332,5.91
7682,7783,332,26.53
9250,9350,332,4.36
6818,6718,332,3.53
5652,5553,332,9.4
6780,6781,333,40.78
6680,6681,333,31.92
5346,5347,333,35.94
7483,7484,333,18.39
8823,8924,333,23.74
5656,5657,333,16.6
9034,9135,333,17.76
7383,7484,333,18.61
7774,7775,333,7.17
6121,6221,333,4.43
7815,7915,333,5.48
8669,8770,333,18.03
5752,5651,333,4.07
8769,8770,333,17.47
6476,6477,333,19.89
6122,6221,333,1.83
6780,6881,334,41.95
6274,6275,334,23.76
5765,5766,334,21.81
7583,7584,334,17.5
9132,9233,334,17.72
9453,9554,334,17.44
9354,9455,334,17.26
9245,9346,334,17.94
7973,7974,334,5.85
8963,9064,334,6.94
8825,8926,334,6.35
8765,8865,334,4.43
6982,6983,335,26.2
6375,6376,335,23.73
9357,9358,335,16.83
8869,8870,335,17.44
9242,9343,335,17.77
5658,5559,335,16.87
7184,7185,335,15.38
9348,9449,335,16.94
9262,9363,335,17.34
9347,9448,335,18.78
6170,6071,335,7.28
7578,7678,335,4.9
5328,5329,335,4.22
9452,9553,335,17.36
9137,9238,335,18.17
5340,5241,335,5.98
8769,8870,335,18.16
6781,6782,336,40.06
5553,5554,336,32.72
6173,6174,336,23.08
5347,5348,336,37.26
5765,5866,336,22.47
9133,9234,336,17.71
7583,7684,336,18.2
9131,9232,336,17.46
9355,9356,336,7.55
7679,7680,336,6.13
7284,7285,336,16.57
7473,7474,336,4.23
5965,5866,336,6.27
6881,6882,337,35.78
6681,6682,337,27.27
6781,6882,337,40.88
9359,9360,337,17.05
7384,7385,337,17.6
5347,5448,337,39.03
8969,8970,337,17.29
8869,8970,337,18.13
9259,9360,337,17.68
5658,5558,337,9.42
8318,8418,337,5.66
8271,8272,337,6.76
7514,7613,337,5.17
7783,7784,338,17.89
9345,9446,338,18
9357,9458,338,17.45
9136,9237,338,17.84
8721,8822,338,23.98
8722,8822,338,5.91
7774,7875,338,7.47
8072,8173,338,6.63
8419,8519,338,5.71
5652,5552,338,4.55
6782,6783,339,40.58
5554,5555,339,36.37
6983,6984,339,28.07
5241,5242,339,28.38
6275,6276,339,21.99
7584,7585,339,23.79
5348,5349,339,37.28
7484,7485,339,19.22
8770,8771,339,17.36
7084,7085,339,14.96
8968,9069,339,17.74
9359,9460,339,17.69
9243,9344,339,17.92
7384,7485,339,18.31
9134,9235,339,17.76
8969,9070,339,17.96
9140,9241,339,17.64
9260,9361,339,17.63
9349,9450,339,17.33
7574,7575,339,7.31
6171,6072,339,7.77
7973,8074,339,6.24
7414,7313,339,3.6
5423,5422,339,4.12
6882,6883,340,37.93
8970,8971,340,40.43
6782,6883,340,41.54
7684,7685,340,32.55
7680,7681,340,27.27
7584,7685,340,25.58
5348,5449,340,39.05
6477,6478,340,15.57
9239,9340,340,17.92
7783,7884,340,18.64
9350,9451,340,17.76
9063,9164,340,17.06
6679,6580,340,10.3
5225,5126,340,9.61
9554,9555,340,17.24
5227,5128,340,8.72
8016,8116,340,5.53
8864,8965,340,7.32
5339,5240,340,5.06
9351,9451,340,4.41
6522,6421,340,2.83
8970,9071,341,41.79
6174,6175,341,21.95
7684,7785,341,34.49
7680,7781,341,29.16
5329,5330,341,19.28
8870,8871,341,17.51
9064,9065,341,16.36
9135,9236,341,17.76
8924,9025,341,18.34
8770,8871,341,18.05
9029,9130,341,17.57
9362,9463,341,17.49
7185,7186,341,17.21
7674,7675,341,7.27
9355,9456,341,7.74
7679,7780,341,6.5
9030,9130,341,4.48
5333,5234,341,4.83
6376,6377,341,16.87
7085,7086,342,40.71
6984,6985,342,38.79
9363,9364,342,16.63
9233,9334,342,17.74
9346,9447,342,19.1
5224,5125,342,13.27
5349,5350,342,36.72
8371,8372,342,6.52
9554,9655,342,17.91
8469,8470,342,5.93
6276,6277,342,40.53
7285,7286,342,17.54
5966,5867,342,5.94
8271,8372,342,7.16
8520,8620,342,5.86
6170,6070,342,3.85
6883,6884,343,40.78
8971,8972,343,40.31
9070,9171,343,41.82
9069,9170,343,41.93
6783,6784,343,32.31
7385,7386,343,18.1
6682,6683,343,19.5
9343,9444,343,18.01
9238,9339,343,18.33
9064,9165,343,16.92
5242,5243,343,29.15
5349,5450,343,38.52
5663,5664,343,6.39
9553,9654,343,17.86
5343,5244,343,7.19
6719,6620,343,6.85
5547,5548,343,4.31
5647,5648,343,4.18
8866,8966,343,4.43
7884,7885,343,40.79
9071,9072,344,40.23
5330,5331,344,35.11
8971,9072,344,41.71
6072,6073,344,20.38
7585,7586,344,20.48
9458,9459,344,16.97
9232,9333,344,17.69
9358,9459,344,17.63
9363,9464,344,17.22
8823,8923,344,5.91
7714,7814,344,5.57
5430,5331,344,7.18
5967,5968,344,4.86
9449,9550,344,17.05
5662,5563,344,6.56
9448,9549,344,16.67
9234,9335,344,17.8
8172,8273,344,7.03
8826,8927,344,6.39
7884,7985,344,41.94
6985,6986,345,38.42
5350,5351,345,34.51
9071,9172,345,41.65
5234,5235,345,29.5
7685,7686,345,22.74
9460,9461,345,16.84
5555,5556,345,17.02
7485,7486,345,19.96
7385,7486,345,18.89
5344,5245,345,7.52
5764,5665,345,6.79
8569,8570,345,5.87
8972,8973,346,40.63
5350,5451,346,36.41
7186,7187,346,20.55
7780,7881,346,33.32
6478,6479,346,19.67
7685,7786,346,24.48
7681,7782,346,25.58
9446,9547,346,18.99
9340,9341,346,17.4
5224,5124,346,6.83
7885,7886,346,37.53
8217,8317,346,5.67
5658,5557,346,7.19
8073,8174,346,6.68
6817,6717,346,4.42
9263,9264,346,7.48
5450,5451,346,37.57
9237,9338,346,18.19
7576,7677,346,7.58
6277,6278,346,25.72
7785,7786,346,22.71
9072,9073,347,40.27
6884,6885,347,32.93
8972,9073,347,41.92
9170,9271,347,41.96
9171,9272,347,41.74
5867,5868,347,22.6
7086,7087,347,20.57
6175,6176,347,19.08
8871,8872,347,17.42
9456,9457,347,16.93
9344,9445,347,18.24
9069,9169,347,12.97
9241,9342,347,17.96
9458,9559,347,17.61
9235,9336,347,17.97
5558,5459,347,15.05
7885,7986,347,39.28
7286,7287,347,20.57
8371,8472,347,6.92
8928,9028,347,4.38
5332,5233,347,6.08
5227,5127,347,4.18
5450,5551,347,39.31
6917,6816,347,2.9
9172,9173,348,39.96
5245,5246,348,35.07
9072,9173,348,41.67
9065,9066,348,16.59
6377,6378,348,14.87
9460,9561,348,17.46
7775,7776,348,6.86
9340,9441,348,18.09
5345,5246,348,6.87
8925,9026,348,6.35
5324,5223,348,4.03
7386,7387,348,20.56
7884,7984,348,12.83
6277,6378,348,27.57
8670,8671,348,5.89
5351,5352,349,29.39
9172,9273,349,41.44
5235,5236,349,25.88
5968,5969,349,23.69
6683,6684,349,19.78
9165,9166,349,16.68
5563,5564,349,21.48
9164,9265,349,16.93
7586,7587,349,20.57
9236,9337,349,18.03
5451,5452,349,34.75
9364,9365,349,16.65
5228,5229,349,4.3
9451,9552,349,17.61
9452,9552,349,4.45
5423,5322,349,4.11
9073,9074,350,40.49
7881,7882,350,26.17
6986,6987,350,20.56
7486,7487,350,20.55
6073,6074,350,19.6
9464,9465,350,16.74
6784,6785,350,15.09
6884,6785,350,20.35
9447,9548,350,18.28
9463,9564,350,17.35
9456,9557,350,17.56
6718,6619,350,8.26
7886,7887,350,31.78
5558,5458,350,8.02
5346,5247,350,7.21
9131,9231,350,4.43
8721,8821,350,5.76
9130,9231,350,16.8
9334,9435,350,17.91
7114,7014,350,3.68
9550,9551,350,16.92
7386,7487,350,21.93
9173,9174,351,39.55
6378,6379,351,36.46
9272,9373,351,41.39
9271,9372,351,41.96
9073,9174,351,41.83
7187,7188,351,20.05
9461,9462,351,16.83
7586,7687,351,21.93
9339,9440,351,18.3
9444,9545,351,18.36
7886,7987,351,33.72
5347,5248,351,7.92
5765,5666,351,6.44
8967,9068,351,6.71
5766,5767,351,6.12
7874,7975,351,5.43
6120,6220,351,4.38
9066,9067,351,40.6
5720,5719,351,2.35
5920,5919,351,2.19
7686,7687,351,18.93
5352,5353,352,33.59
9273,9274,352,37.87
9173,9274,352,41.09
7881,7982,352,28.03
6176,6177,352,23.05
9333,9434,352,17.87
9170,9270,352,12.21
9165,9266,352,17.28
9335,9436,352,18.06
7875,7876,352,7.2
6276,6177,352,11.28
7413,7412,352,4.12
9066,9167,352,41.57
7984,8085,352,41.69
9166,9167,352,40.68
7915,8015,352,5.54
7686,7787,352,20.47
7786,7787,352,19.18
9074,9075,353,40.64
5452,5453,353,32.09
5352,5453,353,35.51
9273,9374,353,39.6
9559,9560,353,16.79
6885,6886,353,17
7187,7288,353,21.51
9459,9560,353,17.56
9464,9565,353,17.34
9549,9650,353,17.4
9455,9556,353,7.75
8471,8572,353,6.52
7015,6915,353,4.04
7413,7512,353,5.62
5820,5819,353,2.43
9550,9651,353,17.54
5720,5819,353,3.19
9166,9267,353,41.69
5920,6019,353,2.99
6379,6380,354,35.36
5248,5249,354,36.51
9174,9175,354,39.71
9074,9175,354,41.92
7882,7883,354,25.1
5969,5970,354,23.53
5236,5237,354,22.08
7387,7388,354,19.6
9441,9442,354,16.95
9561,9562,354,16.89
9338,9439,354,18.27
9547,9648,354,18.38
6479,6480,354,13.44
9461,9562,354,17.45
5348,5249,354,7.94
7887,7888,354,32.21
7587,7588,354,20.16
9274,9275,355,38.15
9174,9275,355,41.23
9372,9473,355,41.86
9373,9474,355,39.55
6684,6685,355,19.04
5229,5230,355,19.04
9365,9366,355,16.72
7387,7488,355,21.07
9445,9546,355,18.05
9336,9437,355,18.34
7313,7213,355,6.47
9342,9443,355,17.69
8418,8518,355,5.59
9028,9129,355,18
9029,9129,355,4.41
7887,7988,355,34.15
6680,6581,355,5.63
7513,7612,355,5.4
5339,5239,355,2.34
9374,9375,356,35.53
9267,9268,356,40.68
9270,9371,356,41.78
9274,9375,356,39.85
7982,7983,356,26.31
7687,7688,356,20.43
7882,7983,356,26.93
9557,9558,356,17.02
6378,6279,356,18.69
7087,7088,356,11.71
9271,9371,356,12.23
9559,9660,356,17.4
9457,9558,356,17.61
8972,8873,356,11.58
9655,9656,356,7.58
8074,8075,356,6.01
8519,8619,356,5.67
7613,7713,356,5.55
5554,5455,356,7.43
7678,7779,356,7.01
8821,8922,356,24.09
5666,5667,356,21.89
5450,5550,356,8.3
7984,8084,356,13.91
5124,5025,356,15.55
7587,7688,356,21.62
9266,9367,356,41.63
9175,9176,357,40.51
9374,9475,357,37.39
9267,9368,357,41.69
7787,7788,357,20.57
7188,7189,357,19.92
6074,6075,357,15.53
9441,9542,357,17.58
9561,9662,357,17.51
7987,8088,357,24.91
8771,8772,357,5.84
7875,7976,357,7.49
8272,8373,357,7.13
9465,9466,357,16.56
8924,9024,357,4.3
8926,9027,357,6.34
5553,5454,357,5.9
9337,9438,357,18.3
5249,5250,357,35.43
9275,9276,358,38.79
5230,5231,358,36.1
9175,9276,358,41.85
6380,6381,358,27.47
7888,7889,358,33.11
6886,6887,358,20.26
5353,5354,358,17.39
9167,9168,358,16.85
7982,8083,358,28.18
7188,7289,358,21.38
9435,9536,358,18.34
8116,8216,358,5.57
7575,7676,358,7.58
6718,6618,358,3.94
9552,9653,358,17.54
9553,9653,358,4.37
5124,5024,358,8.38
9268,9269,359,40.53
9375,9376,359,34.89
9275,9376,359,40.43
9473,9574,359,40.97
9474,9575,359,35.93
5970,5971,359,22.85
7888,7989,359,35.03
5237,5238,359,21
6379,6280,359,19.32
9440,9541,359,18.02
9545,9646,359,18.29
9231,9332,359,17.19
6785,6786,359,12.06
9548,9649,359,17.63
9564,9665,359,17.24
9557,9658,359,17.66
9551,9652,359,17.64
7780,7880,359,5.59
6072,5973,359,7.14
8173,8274,359,6.93
9232,9332,359,4.4
9465,9566,359,17.15
7388,7389,359,20.14
5224,5123,359,5.09
5332,5232,359,2.84
9651,9652,359,17.28
9366,9467,359,41.47
7588,7589,359,20.22
6222,6321,359,1.51
9368,9369,360,40.46
9367,9468,360,41.6
9371,9472,360,41.76
9268,9369,360,41.47
9375,9476,360,36.77
6380,6481,360,27.57
9270,9370,360,13.66
9434,9535,360,18.08
9436,9537,360,18.56
9372,9472,360,11.54
9462,9563,360,17.47
9073,8974,360,11.18
8620,8720,360,5.71
6175,6076,360,7.67
9562,9563,360,16.88
5557,5457,360,7.4
7313,7312,360,4.83
6071,5972,360,5.75
7114,7113,360,2.7
7488,7489,360,20.29
6581,6582,361,0.97
6916,6815,361,36.83
6521,6520,361,46.32
6817,6716,361,36.53
6618,6617,362,46.99
5250,5251,362,7.16
6915,6914,362,44.64
7014,7013,362,46.17
5322,5321,362,43.44
5244,5145,362,13.12
9655,9756,362,0.72
7313,7212,362,29.21
5422,5421,362,41.05
6718,6617,362,36.53
6521,6420,362,29.68
7015,6914,362,36.74
7114,7013,362,36.84
6421,6420,362,41.8
6120,6119,362,32.09
5720,5619,362,18.81
9472,9471,363,47.72
5457,5456,363,47.72
7312,7311,363,47.19
5819,5818,363,32.39
6019,6018,363,31.18
9574,9573,363,46.71
6717,6616,363,36.22
5322,5221,363,36.69
5245,5146,363,14.87
7814,7914,363,3.5
7814,7813,363,24.79
5244,5144,363,19.61
5919,5918,363,31.33
5557,5456,363,30.12
8116,8115,363,24.25
8418,8417,363,24.38
5241,5141,363,18.54
5241,5142,363,11.69
5242,5142,363,19.25
5243,5143,363,20.73
5243,5144,363,17.26
5124,5023,363,25.28
7915,7914,363,24.07
7815,7914,363,7.53
6815,6814,364,45.23
6520,6519,364,44.17
7312,7211,364,35.88
7880,7879,364,32.65
6618,6517,364,36.11
9276,9277,364,5.79
5250,5149,364,36.17
9368,9469,364,4.37
7713,7712,364,24.67
8619,8618,364,24.9
8518,8517,364,24.6
5230,5129,364,34.25
6915,6814,364,36.84
8015,8014,364,24.09
7982,7981,364,28.28
7412,7411,364,23.73
5248,5148,364,19.52
5248,5147,364,31.72
9074,8975,364,7.26
7014,6913,364,36.62
9231,9230,364,21.64
6619,6518,364,35.99
5247,5147,364,20.1
5236,5135,364,33.99
5246,5147,364,15.89
5239,5138,364,36.49
5233,5133,364,18.85
5233,5132,364,33.04
8317,8316,364,24.22
5235,5134,364,36.81
5322,5222,364,14.64
5234,5134,364,16.25
5234,5133,364,35.93
8216,8215,364,24.37
8922,8921,364,26.33
5422,5521,364,18.82
7612,7611,364,23.92
5241,5140,364,33.53
7512,7511,364,22.19
8821,8820,364,24.85
5450,5549,364,20.23
5240,5140,364,18.14
5240,5139,364,34.09
7013,7012,365,47.54
5421,5420,365,36.26
6815,6714,365,36.83
6716,6715,365,26.15
5457,5356,365,34.47
8720,8719,365,24.43
7113,7112,365,22.91
9646,9645,365,20.01
9332,9331,365,20.86
9658,9657,365,21.43
9541,9540,365,20.62
9662,9661,365,21.11
9129,9128,365,20.87
5230,5130,365,18.02
6380,6281,365,2.8
9648,9647,365,20.57
5237,5136,365,31.94
5232,5131,365,32.46
9434,9433,365,20.32
9545,9544,365,20.39
5352,5252,365,13.93
5238,5137,365,32.95
9665,9664,365,21.79
9660,9659,365,21.05
6421,6320,365,23.96
9471,9470,366,47.7
5251,5150,366,36.74
6119,6118,366,31.88
6914,6813,366,36.84
6420,6419,366,30.74
5250,5150,366,15.86
9573,9572,366,47.24
5563,5462,366,19.58
9535,9534,366,19.66
7588,7689,366,1.96
6913,6912,367,47.48
6018,6017,367,32.38
5221,5220,367,27.83
5918,5917,367,32.11
7013,6912,367,32.56
5421,5320,367,33.32
5321,5320,367,24.56
6616,6615,367,26.3
5145,5045,367,20.09
5145,5044,367,30.21
5970,5869,367,19.71
5819,5718,367,17.84
5818,5817,367,29.55
9756,9755,367,21.77
5667,5566,367,19.6
5666,5565,367,19.74
7914,7913,367,25.11
5750,5650,367,4.22
5750,5649,367,13.65
5356,5355,368,47.74
6714,6713,368,47.25
7981,7980,368,30.31
6517,6516,368,27.4
6913,6812,368,35.4
5222,5121,368,36.84
6814,6713,368,36.83
5456,5355,368,28.65
5143,5043,368,20.44
5221,5121,368,20.71
7813,7812,368,24.85
5142,5041,368,31.48
5141,5040,368,34.48
8115,8114,368,23.69
5144,5043,368,31.51
5972,5871,368,19.44
5973,5872,368,19.65
7212,7111,368,27.64
7112,7111,368,38.31
7012,7011,368,36.58
7311,7310,368,21.02
5146,5046,368,20.67
8417,8416,368,24
5139,5038,368,36.57
5667,5668,368,1.66
5138,5037,368,36.83
6714,6613,369,35.81
5131,5030,369,36.15
5252,5151,369,35.41
8014,8013,369,24.9
5149,5048,369,31.15
5132,5031,369,33.71
7611,7610,369,24.45
5133,5032,369,31.8
8316,8315,369,24.22
7211,7210,369,23.63
7511,7510,369,23.74
8618,8617,369,24.83
5134,5034,369,20.04
5134,5033,369,30.37
8215,8214,369,24.22
8820,8819,369,24.06
6519,6418,369,31.66
5221,5120,369,26.96
5142,5042,369,19.63
5421,5520,369,20.97
6076,5975,369,17.54
5148,5047,369,31.61
5140,5039,369,35
8517,8516,369,24.18
5147,5047,369,20.26
5025,4924,369,15.57
7888,7789,369,12.23
7411,7410,369,21.04
6684,6583,369,14.71
5136,5035,369,35.49
7712,7711,369,24.81
6320,6319,369,32.39
5135,5035,369,20.04
5135,5034,369,30.36
5137,5036,369,36.8
6912,6911,370,40.88
6118,6117,370,32.38
5150,5049,370,36.78
5356,5255,370,34.03
8719,8718,370,24.78
9664,9663,370,21.65
9540,9539,370,20.45
9433,9432,370,20.37
9645,9644,370,20.15
9544,9543,370,20.11
5149,5049,370,19.76
9376,9377,370,6.28
9276,9377,370,5.95
9175,9076,370,7.43
5320,5319,370,41.14
6615,6614,370,46.48
5352,5253,370,7.68
9574,9673,370,13.89
5620,5519,370,11.93
6713,6712,371,47.7
6812,6811,371,41.63
7111,7110,371,47.03
5917,5916,371,27.79
5718,5717,371,31.26
6017,6016,371,29.27
9534,9533,371,20.04
5252,5152,371,16.92
5817,5816,371,29.36
5457,5357,371,9.34
9468,9567,371,13.12
6616,6515,371,19.56
7011,7010,371,40.45
5320,5219,371,35.96
9024,9023,371,9.25
5818,5717,371,19.72
6615,6514,371,36.48
9650,9751,371,1.49
6073,5974,371,2.08
5563,5463,371,4.4
9651,9752,371,1.52
6613,6612,372,47.73
7210,7209,372,45.67
5040,4939,372,36.75
5045,4944,372,30.78
5044,4944,372,20.36
5044,4943,372,29.2
6517,6416,372,19.72
5222,5122,372,13.45
6518,6417,372,19.76
5221,5122,372,15.88
5037,4936,372,36.81
5871,5870,372,29.99
9575,9674,372,12.46
8572,8571,372,8.46
7987,8086,372,11.22
5038,4937,372,36.83
5519,5518,373,33.63
9673,9672,373,46.7
5255,5254,373,47.58
5031,4930,373,36.62
8013,8012,373,25.62
5032,4931,373,36.19
5151,5050,373,36.21
5039,4938,373,36.81
7210,7109,373,36.77
5046,4946,373,20.46
5046,4945,373,28.74
5121,5020,373,34.82
5041,4940,373,34.34
8416,8415,373,24.19
7812,7811,373,24.45
8114,8113,373,24.49
5045,4945,373,19.9
9472,9571,373,11.37
9475,9576,373,3.63
7779,7778,373,7.71
7310,7309,373,22.32
6319,6318,373,32.24
6911,6910,373,33.4
8088,8087,373,7.72
6320,6219,373,17.88
6712,6711,374,44.44
7010,7009,374,40.62
6613,6512,374,33.72
7610,7609,374,24.78
7711,7710,374,24.78
8214,8213,374,24.62
8617,8616,374,24.15
8315,8314,374,24.67
6117,6116,374,30.33
5035,4934,374,31.14
8819,8818,374,24.43
7510,7509,374,24.43
5042,4942,374,20.26
5042,4941,374,29.59
6812,6711,374,23.8
5043,4942,374,27.82
5121,5021,374,17.53
5041,4941,374,17.94
5036,4935,374,34.28
6811,6810,374,35.92
5033,4932,374,35.12
6381,6382,374,1.77
9565,9666,374,1.52
8516,8515,374,24.52
7410,7409,374,24.19
5867,5768,374,2.44
5034,4934,374,20.31
5034,4933,374,29.39
5916,5915,375,27.47
6016,6015,375,25.17
7010,6909,375,35.74
5152,5051,375,36.66
8718,8717,375,24.79
5049,4948,375,31.53
5255,5154,375,35.14
5030,5029,375,18.97
5816,5815,375,32.3
5718,5617,375,19.28
7209,7208,375,35.62
5817,5716,375,19.74
5129,5028,375,13.54
5619,5618,375,7.82
6514,6513,375,27.49
5566,5465,375,19.7
5320,5419,375,18.77
5565,5464,375,19.73
6614,6513,375,34.71
4930,4929,376,43.68
9672,9671,376,47.59
7109,7108,376,46.37
4937,4836,376,36.79
4939,4838,376,36.68
4936,4835,376,35.8
9751,9750,376,22.06
9533,9532,376,20.12
9644,9643,376,19.75
5049,4949,376,19.61
9539,9538,376,19.96
5120,5119,376,16.19
6516,6415,376,19.62
9230,9229,376,8.7
9471,9570,376,11.6
9376,9477,376,6.46
5871,5770,376,19.66
9276,9177,376,7.49
6416,6415,376,27.36
6685,6584,376,8.76
8821,8920,376,7.27
7009,7008,377,46.79
6711,6710,377,37.81
4930,4829,377,36.74
8113,8112,377,25.7
6219,6218,377,32.2
7109,7008,377,36.53
4940,4839,377,36.82
4938,4837,377,36.31
8012,8011,377,25.51
5518,5517,377,32.52
4943,4842,377,31.01
6612,6611,377,22.5
6712,6611,377,26.91
6318,6317,377,31.11
4931,4830,377,36.76
8013,7912,377,19.42
5975,5874,377,17.83
5356,5256,377,9
6418,6317,377,19.73
9128,9127,377,8.84
9331,9330,377,8.74
7879,7878,377,7.95
9469,9568,377,11.75
6810,6809,377,47.54
9468,9568,377,6.23
6319,6218,377,18.43
9575,9675,377,5.85
5154,5153,378,46.92
6909,6908,378,45.6
6512,6511,378,27.49
8213,8212,378,25.49
8314,8313,378,25.13
8515,8514,378,25.15
4933,4832,378,36.3
8415,8414,378,24.8
5254,5153,378,31.15
7309,7308,378,24.44
7811,7810,378,24.82
4943,4843,378,19.81
4934,4833,378,35.68
5152,5052,378,14.76
5046,4947,378,14.85
4935,4834,378,36.01
4932,4831,378,36.76
5973,5873,378,5.46
7489,7490,378,5.85
5023,5022,378,6.76
5128,5027,378,8.04
6116,6115,378,27.69
5770,5769,379,44.41
4929,4928,379,43.69
5815,5814,379,31.79
5915,5914,379,28.69
6909,6808,379,36.78
5029,4928,379,36.4
7409,7408,379,24.69
7710,7709,379,24.83
7609,7608,379,24.79
4941,4840,379,34.16
6015,6014,379,26.16
4942,4841,379,31.6
7108,7107,379,38.57
6515,6414,379,19.67
5519,5418,379,17.3
7509,7508,379,24.78
8818,8817,379,24.48
5816,5715,379,18.32
9470,9569,379,11.56
6810,6709,379,32.57
6514,6413,379,19.73
7489,7390,379,7.57
8616,8615,379,24.18
7189,7190,379,2.06
9755,9754,379,8.98
9671,9670,379,47.73
5517,5516,380,43.59
6611,6610,380,37.57
7008,7007,380,44.63
8112,8111,380,44.71
4929,4828,380,36.74
4835,4734,380,36.83
4836,4735,380,36.46
5051,4950,380,35.33
5154,5053,380,30.86
7208,7207,380,23.8
8717,8716,380,24.09
6417,6316,380,19.76
5120,5019,380,12.96
6416,6315,380,19.71
4838,4737,380,36.54
4829,4828,380,43.71
8922,9021,380,6.82
5667,5567,380,4.43
5020,5019,380,16.21
7912,7911,380,42.44
6908,6907,381,46.92
5256,5155,381,36.33
8011,8010,381,25.14
7008,6907,381,36.84
8920,8919,381,24.05
9229,9228,381,20.44
9532,9531,381,21.44
9750,9749,381,21.42
5051,4951,381,17.01
5717,5616,381,15.15
6318,6217,381,19.35
9673,9772,381,13.9
5255,5155,381,9.94
6583,6482,381,12.02
4830,4729,381,36.75
4829,4728,381,36.74
7189,7089,381,4.73
9648,9749,381,1.57
4839,4738,381,36.64
6218,6217,381,32.09
4837,4736,381,36.83
6808,6807,382,44.92
6908,6807,382,36.18
4832,4731,382,36.81
4834,4733,382,35.49
8313,8312,382,25.14
8414,8413,382,25.14
7810,7809,382,25.16
4831,4730,382,36.75
8212,8211,382,25.4
5022,4921,382,36.75
6710,6609,382,31.75
9330,9329,382,21.2
5770,5669,382,26.87
9643,9642,382,19.53
5119,5118,382,17.11
4833,4732,382,36.44
6512,6411,382,19.73
5518,5417,382,16.55
5219,5218,382,9.87
9023,9022,382,9.24
9432,9431,382,8.65
7980,7979,382,7.31
6115,6114,382,26.19
6709,6708,382,36.73
9670,9669,382,47.67
6809,6708,382,29.17
4928,4927,382,43.16
6808,6707,383,36.84
6014,6013,383,27.21
5814,5813,383,31.53
5914,5913,383,29.67
7308,7307,383,24.26
8514,8513,383,24.81
6511,6510,383,24.05
5517,5416,383,25.89
5815,5714,383,18.96
4943,4844,383,13.45
4840,4739,383,36.67
5462,5461,383,6.1
7911,7910,383,42.63
6413,6412,383,26.87
5319,5318,383,7.86
5715,5714,383,32.27
6513,6412,383,19.74
5465,5364,383,19.71
4928,4827,383,36.63
4828,4827,383,42.21
8615,8614,383,25.45
8010,8009,384,43.33
8111,8110,384,25.49
4950,4849,384,36.83
6315,6314,384,27.36
9021,9020,384,25.82
9772,9771,384,47.43
7608,7607,384,24.05
8817,8816,384,24.44
7408,7407,384,24.48
4728,4727,384,43.4
7508,7507,384,24.44
4841,4740,384,32.52
7107,7106,384,24.54
6415,6314,384,19.71
4735,4634,384,35.41
6907,6906,384,35.71
7709,7708,384,24.48
5716,5615,384,15.72
7489,7590,384,6.02
6709,6608,384,33.62
4924,4923,384,6.69
4737,4636,384,36.78
8083,8082,384,4.23
9566,9667,384,4.21
4828,4727,384,36.36
5127,5026,384,5.98
5020,4919,384,12.96
4738,4637,385,36.83
8010,7909,385,36.67
5155,5054,385,36.02
7207,7206,385,24.45
7007,7006,385,23.69
6317,6216,385,19.75
8716,8715,385,24.06
4728,4627,385,36.68
4841,4741,385,19.14
9673,9773,385,6.69
7789,7790,385,6.38
4734,4633,385,33.64
9669,9668,385,47.29
6411,6410,385,46.89
6807,6806,385,33.49
5025,4925,385,3.69
4736,4635,385,36.83
4729,4628,385,36.77
6217,6216,385,30.22
5021,4920,385,12.89
7390,7290,385,18.84
4827,4826,386,42.33
6609,6508,386,36.4
8211,8210,386,25.53
4731,4630,386,36.08
7089,6988,386,33.28
4951,4850,386,34.47
8919,8918,386,23.67
6610,6509,386,23.58
4732,4631,386,36.69
5052,4952,386,12.94
5022,4922,386,12.67
5256,5156,386,11.52
9675,9774,386,16
7778,7777,386,8.16
6707,6706,386,47.55
6114,6113,386,25.48
4730,4629,386,36.79
6510,6509,386,38.43
6708,6607,386,36.61
5019,5018,386,17.18
9771,9770,387,47.62
6013,6012,387,28.65
4739,4638,387,36.81
8614,8613,387,25.11
4827,4726,387,36.4
5913,5912,387,30.6
8312,8311,387,24.99
8413,8412,387,24.58
9329,9328,387,20.12
5813,5812,387,31.21
4951,4851,387,17.84
5814,5713,387,19.13
4727,4726,387,44.43
5714,5713,387,32.33
4733,4632,387,34.89
7809,7808,387,24.45
7789,7690,387,8.21
6413,6312,387,19.65
6411,6310,387,30.79
5715,5614,387,18.37
9476,9577,387,5.27
6786,6686,387,3.69
6906,6905,387,41.59
9648,9747,387,4.81
9575,9676,387,4.16
6414,6313,387,19.65
6806,6805,388,41.86
4627,4626,388,46.8
4740,4639,388,36.3
8082,8081,388,27.2
7307,7306,388,24.12
8513,8512,388,24.44
4927,4926,388,18.81
9642,9641,388,19.62
6315,6214,388,19.72
6316,6215,388,19.77
5567,5466,388,19.53
4727,4626,388,36.83
4946,4845,388,9.52
6707,6606,388,35.22
5874,5773,388,13.74
4634,4533,388,36.46
6887,6787,388,3.53
6608,6507,388,36.78
9542,9641,388,4.88
6410,6409,388,44.83
6906,6805,388,36.14
7006,7005,388,41.51
9660,9759,388,4.77
9536,9635,388,4.92
6706,6705,389,46.28
4628,4527,389,36.76
6806,6705,389,36.24
4627,4526,389,36.27
4637,4536,389,36.54
8816,8815,389,24.45
7106,7105,389,24.31
4636,4535,389,34.65
7407,7406,389,24.05
7607,7606,389,24.07
5416,5415,389,19.75
9020,9019,389,24.8
9127,9126,389,8.65
7708,7707,389,24.08
4633,4532,389,36.26
9646,9745,389,4.87
4948,4847,389,10.21
9662,9761,389,4.76
8715,8714,389,25.12
7507,7506,389,23.71
9535,9634,389,4.9
4850,4749,390,36.84
6706,6605,390,36.58
4629,4528,390,36.77
4631,4530,390,36.67
5156,5055,390,36.71
4635,4534,390,34.4
4741,4640,390,31.42
7206,7205,390,24.05
5669,5568,390,19.58
8010,8109,390,17.3
9675,9775,390,8.05
7878,7877,390,8.19
9770,9769,390,47.61
7909,7908,390,24.43
9377,9378,390,5.24
6113,6112,390,27.34
5457,5358,390,4.78
9658,9757,390,4.73
9541,9640,390,4.81
9649,9748,390,4.68
4630,4529,390,36.83
9665,9764,390,4.7
7390,7391,390,9.76
9537,9636,390,4.88
6409,6408,391,40.97
6805,6804,391,44.02
6012,6011,391,30.09
4638,4537,391,36.84
5912,5911,391,30.83
6312,6311,391,27.39
8918,8917,391,24.12
5713,5712,391,30.84
6905,6904,391,25.43
4741,4641,391,19.65
4626,4625,391,47.66
5813,5712,391,19.3
6508,6407,391,29.95
9754,9753,391,8.76
6310,6309,391,28.05
4632,4531,391,36.82
5714,5613,391,18.21
7005,7004,391,43.3
4841,4742,391,12.43
5614,5613,391,32.24
9377,9278,391,6.82
7789,7890,391,6.56
6076,5976,391,3.23
6412,6311,391,19.67
5871,5771,391,4.54
5812,5811,391,31.02
6410,6309,391,27.43
6507,6506,391,45.3
6607,6506,391,32.23
5019,4918,391,13.41
7390,7291,391,12.05
6705,6704,392,43.76
4526,4525,392,47.33
8512,8511,392,25.25
4639,4538,392,36.84
6805,6704,392,36.79
4851,4750,392,32.87
8412,8411,392,24.84
9747,9746,392,20.04
4826,4825,392,19.14
5773,5772,392,32.27
6314,6213,392,19.5
4533,4432,392,36.81
5615,5514,392,18.97
7808,7807,392,24.51
6214,6213,392,25.11
6584,6483,392,9.17
6507,6406,392,36.82
8074,8175,392,0.23
6605,6604,393,47.74
4749,4748,393,36.26
4535,4434,393,36.84
6705,6604,393,36.75
9759,9758,393,21.31
6606,6505,393,31
7306,7305,393,24.19
4851,4751,393,18.94
5416,5315,393,14.45
4726,4725,393,19.69
5118,5117,393,9.2
7089,6989,393,8.47
9228,9227,393,8.81
5516,5515,393,8.01
4947,4846,393,10
4849,4848,393,11.36
9477,9478,393,6.05
4921,4820,393,13.09
9669,9768,393,12.87
4949,4848,393,8.5
9756,9855,393,4.7
6309,6308,394,46.59
6804,6803,394,41.59
4640,4539,394,35.65
5358,5257,394,35.74
7406,7405,394,24.09
7105,7104,394,24.74
4527,4426,394,33.61
4526,4425,394,31.86
4536,4435,394,35.2
4625,4624,394,47.63
9745,9744,394,20.38
7908,7907,394,25.23
9531,9530,394,7.83
4534,4433,394,36.03
4951,4852,394,10.93
6112,6111,394,29.37
7707,7706,394,24.6
5770,5670,394,5.57
7606,7605,394,24.78
4532,4431,394,34.23
7004,7003,394,42.46
9761,9760,394,21.16
8815,8814,394,24.88
7506,7505,394,24.05
7390,7491,394,9.99
8511,8510,395,45.31
6704,6703,395,42.32
6406,6405,395,46.56
6011,6010,395,30.37
5613,5612,395,31.24
7205,7204,395,24.16
5055,4954,395,34.87
9640,9639,395,20.11
6804,6703,395,36.14
4529,4428,395,35.29
6605,6504,395,34.15
4749,4648,395,33.32
4528,4427,395,34.93
9634,9633,395,19.96
6313,6212,395,19.57
6312,6211,395,19.72
9774,9873,395,16.13
5713,5612,395,19.45
5156,5056,395,12.47
8009,8008,395,9.77
5218,5217,395,7.97
4525,4524,395,47.37
4925,4824,395,15.2
6310,6209,395,19.77
7979,7978,395,7.98
7004,6903,395,36.44
9540,9639,395,4.82
8975,8874,395,4.69
5812,5711,395,19.38
5911,5910,395,30.87
5712,5711,395,29.97
5811,5810,395,31.4
4530,4429,395,34.56
5561,5460,395,3.68
6604,6603,396,45.01
4538,4437,396,36.54
8511,8410,396,36.82
4750,4649,396,36.77
6704,6603,396,36.39
5514,5513,396,32
6406,6305,396,36.43
4531,4430,396,32.7
4537,4436,396,35.34
6309,6208,396,30.17
4749,4649,396,18.68
4641,4540,396,32.5
4741,4642,396,13.18
5773,5672,396,18.39
9431,9430,396,7.27
5466,5365,396,19.65
9772,9871,396,9.64
6311,6210,396,31.42
5614,5513,396,17.2
4748,4747,396,36.13
9664,9763,396,4.71
4425,4424,397,45.14
6604,6503,397,36.84
7807,7806,397,24.93
8917,8916,397,19.39
6803,6802,397,37.26
4641,4541,397,19.15
9773,9872,397,12.4
6111,6110,397,45.32
4525,4424,397,31.98
4434,4333,397,36.84
4922,4821,397,13.83
6407,6306,397,27.7
7003,7002,397,39.36
6405,6404,398,45.9
5910,5909,398,46.24
4954,4953,398,47.73
4648,4647,398,37.07
6903,6902,398,38.06
7907,7906,398,25.49
4435,4334,398,35.6
6703,6702,398,39.91
4539,4438,398,36.79
4751,4650,398,30.79
7305,7304,398,24.19
4432,4331,398,27.3
4524,4523,398,47.4
8311,8310,398,9.18
8210,8209,398,8.83
8613,8612,398,9.92
9771,9870,398,10.15
7706,7705,398,25.33
7605,7604,398,25.06
6505,6404,398,30.64
4748,4647,398,33.24
8510,8509,398,44.38
7790,7791,398,7.9
5018,5017,398,8.75
6308,6307,398,25.89
6603,6602,399,42.71
6305,6304,399,47.41
6405,6304,399,36.71
8008,8007,399,25.74
5810,5809,399,30.92
9530,9529,399,20.07
7405,7404,399,24.8
7104,7103,399,24.16
7505,7504,399,24.92
6703,6602,399,35.41
4751,4651,399,19.9
4433,4332,399,33.58
4624,4623,399,20.63
5613,5512,399,19.29
8410,8409,399,45.94
4851,4752,399,12.18
9328,9327,399,8.71
9774,9874,399,8.14
9744,9743,399,20.03
9770,9869,399,12.01
9477,9578,399,6.22
7004,7103,399,17.93
9644,9743,399,4.89
5318,5317,399,6.44
8510,8409,399,36.83
5712,5611,399,19.66
5811,5710,399,19.21
5364,5363,399,6.36
5612,5611,399,29.07
6010,6009,399,28.42
6802,6801,400,39.53
6603,6502,400,36.51
6305,6204,400,35.55
4437,4336,400,36.71
4436,4335,400,36.1
5217,5216,400,20.46
7204,7203,400,23.48
4954,4853,400,34.38
4648,4547,400,33.84
4425,4324,400,27.85
4426,4325,400,26.84
4431,4330,400,23.96
4435,4335,400,16.7
5670,5569,400,26.74
4540,4439,400,36.01
5976,5875,400,16.47
7890,7990,400,11.17
5358,5258,400,10.62
8714,8713,400,9.22
8410,8309,400,36.7
9577,9677,400,7.91
5772,5671,400,19.17
4524,4423,400,32.08
6686,6585,400,11.52
9676,9776,400,7.73
5672,5671,400,30.95
5460,5359,400,33.64
4844,4743,400,8.48
4424,4423,400,46.18
6503,6502,400,44.02
8919,9018,400,7.62
6504,6403,400,33.55
9539,9638,400,4.87
9663,9762,400,4.75
5975,5875,400,3.33
6110,6109,400,47.7
9662,9762,400,2.18
7002,7001,400,37
7790,7691,400,10
6209,6108,400,35.06
6902,6901,401,38.08
4523,4522,401,47.16
7806,7805,401,25.46
4649,4548,401,33.59
4429,4328,401,26.9
4428,4327,401,27.85
4427,4326,401,27.12
4648,4548,401,18.33
8916,8915,401,25.42
6702,6701,401,40.58
9430,9429,401,20.45
8612,8611,401,44.46
5514,5413,401,16.79
5055,4955,401,9.69
8109,8108,401,9.26
9126,9125,401,8.78
5909,5908,401,47.71
6503,6402,401,36.79
9021,9120,401,6.98
5256,5157,401,6.08
9533,9632,401,4.85
5874,5774,401,4.2
6208,6207,401,23.56
7103,7102,402,40.49
6304,6303,402,44.63
8509,8508,402,25.42
4650,4549,402,36.65
6602,6601,402,42.15
4438,4337,402,36.08
8209,8208,402,26.02
4541,4440,402,34.58
4642,4542,402,19.51
4649,4549,402,18.5
4430,4329,402,25.01
6702,6601,402,35.72
8511,8610,402,15.58
4825,4724,402,14.71
4623,4622,402,46.16
7705,7704,402,25.56
4424,4323,402,29.43
9751,9850,402,4.67
7989,8089,402,2.4
8409,8408,402,44.66
4742,4643,402,13.28
7003,7102,402,19.73
9752,9851,402,4.71
6204,6203,403,44.31
8713,8712,403,44.38
5611,5610,403,29.55
5710,5709,403,31.42
8007,8006,403,25.74
6304,6203,403,36.84
7404,7403,403,25.14
7906,7905,403,24.99
6602,6501,403,36.34
7304,7303,403,23.53
4523,4422,403,31.4
4541,4441,403,17.74
5512,5511,403,29.67
5810,5709,403,19.42
7604,7603,403,24.95
6989,6888,403,14.79
6502,6501,403,42.04
6009,6008,403,26.34
4333,4232,403,24.32
8081,8080,403,7.08
4423,4422,403,46.53
4334,4233,403,29.84
5909,5808,403,34.55
9022,9121,403,6.93
7504,7503,403,25.28
8409,8308,403,36.84
7790,7891,403,8.11
5612,5511,403,19.76
6402,6401,404,41.78
6207,6206,404,35.19
6204,6103,404,36.82
5317,5316,404,21.07
4651,4551,404,20.46
4651,4550,404,28.74
4439,4338,404,36.54
5513,5412,404,18.42
4820,4819,404,9.43
4751,4652,404,13.59
6502,6401,404,36.3
9775,9875,404,7.46
5672,5571,404,19.41
4335,4234,404,36.29
9020,9119,404,7.29
4336,4235,404,36.37
5567,5467,404,4.34
7190,7090,404,4.09
8510,8609,404,16.45
7002,7101,404,20.72
6176,6077,404,1.56
4323,4322,405,47.44
6303,6302,405,46.7
4955,4854,405,35.79
7805,7804,405,25.37
6402,6301,405,36.21
8108,8107,405,25.72
5216,5215,405,21.05
7203,7202,405,23.76
9638,9637,405,20.04
6403,6302,405,35.08
4331,4230,405,20.45
5217,5116,405,14.7
9855,9854,405,8.75
9227,9226,405,8.73
4847,4746,405,8.91
9743,9742,405,19.98
9018,9017,405,23.29
8918,9017,405,7.49
4423,4322,405,30.06
5908,5907,405,27.56
6108,6107,405,21.72
9643,9742,405,4.91
6382,6282,405,3.34
4747,4746,405,11.42
4918,4917,405,7.48
8814,8813,405,9.27
9665,9765,405,2.13
9537,9637,405,2.26
6203,6202,406,47.63
5709,5708,406,39.81
5808,5807,406,47.53
4440,4339,406,36.77
4323,4222,406,35.48
8408,8407,406,25.44
8508,8507,406,25.86
4548,4447,406,33.63
8208,8207,406,25.42
4325,4224,406,25.98
4332,4231,406,21.6
4422,4421,406,46.39
6306,6205,406,15.93
6305,6205,406,10.38
9768,9767,406,7.74
4845,4744,406,8.19
4337,4236,406,36.25
4232,4231,406,39.88
8712,8711,406,44.26
9532,9631,406,4.73
9750,9849,406,4.73
5569,5468,406,24.13
8088,8187,406,3.06
6103,6102,407,43.76
5571,5570,407,44.01
8006,8005,407,25.11
7905,7904,407,25.13
5511,5510,407,29.19
4441,4340,407,36.44
4549,4448,407,33.68
4548,4448,407,18.47
4330,4229,407,21.42
6008,6007,407,27.45
5611,5510,407,19.72
7704,7703,407,24.88
5710,5609,407,19.19
4642,4543,407,12.95
5512,5411,407,19.71
9873,9972,407,11.92
5415,5414,407,5.86
7503,7502,407,25.11
5460,5360,407,8.72
8915,8914,407,19.46
4647,4646,407,11.26
8308,8307,407,25.17
4322,4321,408,47.73
6103,6002,408,36.75
4550,4449,408,36.21
7303,7302,408,23.39
7403,7402,408,24.46
5808,5707,408,32.55
7603,7602,408,24.92
4542,4442,408,18.62
4549,4449,408,18.44
4327,4226,408,21.88
4328,4227,408,23.06
4326,4225,408,21.33
6204,6104,408,13.96
8609,8608,408,25.77
4422,4321,408,29.8
4821,4720,408,13.28
7978,7977,408,8.11
7890,7991,408,8.4
4338,4237,408,36.61
5156,5057,408,6.69
4622,4621,408,17.41
6202,6201,409,47.57
4447,4446,409,35.99
6302,6201,409,36.84
6107,6106,409,25.26
8107,8106,409,25.45
4551,4450,409,32.48
4329,4228,409,22.58
6207,6106,409,18.4
4547,4546,409,11.34
8713,8812,409,16.45
9874,9973,409,14.49
4651,4552,409,14.85
5907,5906,409,27.15
4224,4223,409,40.35
4623,4722,409,14.63
4824,4823,409,7.67
4222,4221,409,34.55
9756,9856,409,2.14
6102,6101,410,47.51
9972,9971,410,47.64
8507,8506,410,26.19
5807,5806,410,26.75
8407,8406,410,25.93
4854,4753,410,35.06
7202,7201,410,24.46
9017,9016,410,24.42
7804,7803,410,24.79
4551,4451,410,19.16
5571,5470,410,26.38
5709,5608,410,22.09
4441,4341,410,15.35
7102,7201,410,19.68
5216,5115,410,14.9
4235,4134,410,27.58
5413,5312,410,17
4224,4123,410,35.62
8611,8710,410,16.3
4232,4131,410,22.16
4339,4238,410,36.77
6007,6006,410,46.71
5774,5673,410,16.15
8207,8206,410,25.15
4233,4132,410,21.45
5315,5314,410,6.16
4922,4822,410,4.17
9854,9853,410,21.16
8711,8710,410,25.11
4321,4320,411,43.93
5510,5509,411,30.09
8307,8306,411,25.43
4340,4239,411,36.69
4236,4135,411,34.2
4447,4346,411,33.15
6103,6003,411,14.4
4234,4133,411,22.56
5511,5410,411,19.76
5411,5410,411,29.96
4955,4855,411,10.67
9578,9678,411,8.41
9327,9326,411,8.84
9742,9741,411,19.91
9529,9528,411,8.79
5017,5016,411,7.96
4846,4745,411,8.26
4222,4121,411,32.18
6002,6001,411,44.38
9642,9741,411,4.9
5466,5366,411,4.52
8089,8188,411,15.88
8005,8004,411,25.11
8914,8913,411,25.45
4446,4445,412,37.76
4237,4136,412,36.84
5707,5706,412,28.07
7703,7702,412,24.57
4448,4347,412,32.96
4221,4220,412,46.64
4447,4347,412,18.78
4643,4644,412,10.56
5412,5311,412,19.2
8608,8607,412,26.26
4230,4129,412,23.36
4225,4124,412,36.16
6787,6687,412,4.32
4222,4122,412,19.31
6002,5901,412,36.83
9329,9428,412,4.85
8712,8811,412,16.56
7502,7501,412,24.05
7904,7903,412,24.81
4131,4130,413,46.5
6106,6105,413,27.11
4450,4349,413,36.56
7302,7301,413,24.45
4449,4348,413,35.22
7602,7601,413,24.49
4543,4443,413,18.32
4448,4348,413,18.89
4221,4120,413,36.39
6206,6105,413,16.26
4643,4544,413,12.88
7090,6990,413,11.83
9677,9777,413,7.85
9478,9479,413,5.25
8106,8105,413,25.49
5470,5469,413,43.91
4226,4125,413,32.42
4231,4130,413,23.04
9869,9868,413,7.59
9676,9777,413,5.59
4919,4818,413,5.03
9022,9122,413,3.26
9125,9124,413,8.82
5462,5361,413,3.07
4622,4521,413,13.51
6006,6005,413,39.44
7402,7401,413,24.12
7291,7191,413,4.76
8506,8505,414,26.44
8406,8405,414,26.31
4451,4350,414,36.35
4238,4137,414,35.54
4123,4022,414,36.81
9016,9015,414,25.73
5608,5607,414,30.94
4446,4345,414,34.25
4340,4240,414,14.64
5708,5607,414,19.68
5468,5367,414,19.16
4227,4126,414,25.07
9119,9118,414,10.19
6282,6181,414,15.93
9874,9974,414,7.05
4229,4128,414,22.72
9478,9379,414,6.83
5806,5805,414,27.62
4724,4723,414,8.97
4623,4723,414,7.14
5906,5905,414,22.44
4341,4240,414,36.77
8206,8205,414,25.43
4346,4345,414,40.34
8710,8709,414,25.73
8004,8003,415,25.51
5410,5409,415,29.23
4855,4754,415,36.79
8306,8305,415,25.96
4131,4030,415,30.01
7803,7802,415,24.79
4132,4031,415,28.7
5115,5114,415,20.91
4442,4342,415,16.25
5609,5508,415,19.16
5510,5409,415,19.64
5411,5310,415,19.67
6585,6484,415,10.07
9776,9876,415,6.99
4445,4444,415,38.7
7491,7591,415,4.85
8089,8189,415,7.97
4346,4245,415,35.61
9853,9852,415,20.8
8913,8912,415,25.58
6277,6178,415,1.28
4122,4021,416,35.59
4239,4138,416,35.06
4238,4138,416,16.77
4446,4545,416,20.43
5707,5606,416,19.77
4551,4452,416,12.46
4228,4127,416,22.62
5363,5362,416,6
9578,9579,416,5.95
8607,8606,416,26.36
5706,5705,416,27.74
5470,5369,416,26.26
5358,5259,416,5.53
6002,5902,416,13.9
4121,4021,416,20.76
4646,4645,416,11.22
7903,7902,416,25.03
4345,4344,417,40.01
4124,4023,417,32.17
7702,7701,417,24.58
4129,4028,417,31.6
4239,4139,417,17.29
4451,4351,417,15.54
8811,8810,417,24.95
4621,4620,417,11.93
4133,4032,417,24.91
9226,9225,417,8.83
4134,4033,417,21.77
9741,9740,417,19.87
4445,4344,417,34.78
4347,4246,417,34.68
4349,4248,417,36.56
9635,9734,417,4.92
9747,9846,417,4.86
4121,4020,417,25.22
8105,8104,417,25.43
8084,8183,417,2.39
4346,4246,417,16.67
6005,6004,417,27.34
9124,9123,417,25.74
4030,4029,418,34.39
4128,4027,418,35.5
9015,9014,418,26
8505,8504,418,26.08
8405,8404,418,26.09
4345,4244,418,35.46
8205,8204,418,25.8
4130,4029,418,29.04
4136,4035,418,26.69
4135,4034,418,21.77
5608,5507,418,19.41
9631,9630,418,8.39
9868,9867,418,21.7
9849,9848,418,8.59
4350,4249,418,35.65
4348,4247,418,34.21
4820,4719,418,5.73
4347,4247,418,17.66
5312,5211,418,17.75
9759,9858,418,4.74
4245,4244,418,37.76
8709,8708,418,26.14
4341,4241,418,14.28
5905,5904,418,25.56
8305,8304,419,25.99
8912,8911,419,25.1
7802,7801,419,25.23
8003,8002,419,25.57
4031,3930,419,36.1
5409,5408,419,29.37
4126,4026,419,20.61
4137,4036,419,33.49
5410,5309,419,19.75
4855,4755,419,12.84
5673,5572,419,15.84
4722,4721,419,10.51
5310,5309,419,29.19
5366,5265,419,19.64
6989,6889,419,3.92
9636,9735,419,4.89
5055,4956,419,4.98
9634,9733,419,4.87
9018,9117,419,7.72
9745,9844,419,4.83
9761,9860,419,4.76
5805,5804,419,23.13
5875,5775,419,5.36
4443,4343,419,16.75
5606,5605,420,28.69
5369,5368,420,31.48
4138,4037,420,36.68
4021,3920,420,35.46
4030,3929,420,32.06
4754,4653,420,33.81
4240,4140,420,17.14
4126,4025,420,27.81
5367,5266,420,27.67
5115,5014,420,14.85
4917,4916,420,6.99
5215,5214,420,6.79
9875,9975,420,6.43
8606,8605,420,26.16
9767,9766,420,7.55
5311,5210,420,19.11
5706,5605,420,19.75
9640,9739,420,4.86
9748,9847,420,4.83
4245,4144,420,34.25
5705,5704,420,28.34
8089,8090,420,5.62
4248,4148,421,56.85
4246,4146,421,50.17
4139,4039,421,57.9
4138,4038,421,58.16
4021,3921,421,42.15
4031,3931,421,57.76
4124,4024,421,62.9
5901,5801,421,40.19
5571,5471,421,55.39
5413,5313,421,43.6
4350,4250,421,60.22
6888,6788,421,46.97
6483,6383,421,55.56
5470,5370,421,52.16
5976,5876,421,50.76
4245,4145,421,51.22
7491,7392,421,30.53
7491,7492,421,17.92
6686,6586,421,52.04
5774,5674,421,39.52
7902,7901,421,5.46
8472,8473,421,3.56
4342,4242,421,55.56
4025,3925,422,57.34
3929,3829,422,58.86
4037,3937,422,62.9
5572,5472,422,60.48
4026,3926,422,61.21
4036,3936,422,62.9
4247,4147,422,51.67
4241,4141,422,52.93
4035,3935,422,63.05
4027,3927,422,61.6
4754,4654,422,37.22
4032,3932,422,57.97
4249,4149,422,61.31
5367,5267,422,49.12
4451,4352,422,32.41
4033,3933,422,58.79
4034,3934,422,62.04
6077,5977,422,43.87
4955,4856,422,30.42
5258,5158,422,13.76
6585,6485,422,47.45
7090,6991,422,30.13
7090,7091,422,18.23
9578,9679,422,7.16
5312,5212,422,38.75
7391,7292,422,32.3
6002,5903,422,32.44
4351,4251,422,38.3
4343,4243,422,58.63
7191,7091,422,63.05
4144,4044,422,51.77
5674,5574,423,51.68
5471,5371,423,52.57
4038,3938,423,61.57
3931,3831,423,62.68
4242,4142,423,54.12
4039,3939,423,58.48
4653,4553,423,48.67
4024,3924,423,63.01
3930,3830,423,36.78
4755,4655,423,29.79
6889,6789,423,47.24
6178,6078,423,32.12
5607,5506,423,10.02
5211,5111,423,39.35
6484,6384,423,37.34
4855,4756,423,29.27
5673,5573,423,28.1
4148,4048,423,55.94
4250,4150,423,55.72
5901,5802,423,31.83
4652,4553,423,30.78
7891,7792,423,31.92
6282,6182,423,17.32
9746,9845,423,2.34
8772,8672,423,13.73
7791,7692,423,31.51
8873,8773,423,13.73
8671,8672,423,1.92
7291,7192,423,29.36
3933,3833,424,50.27
3937,3837,424,62.4
3936,3836,424,59.72
5472,5372,424,57.1
3935,3835,424,53.37
3927,3827,424,56.31
3926,3826,424,50.08
4149,4049,424,60.52
6788,6688,424,36.52
6586,6486,424,36.85
6383,6283,424,34.23
3921,3821,424,39.66
5210,5110,424,26.28
3932,3832,424,57.66
6991,6891,424,62.85
5775,5675,424,26.16
5408,5308,424,24.2
8911,8910,424,16.14
5507,5407,424,24.48
5369,5269,424,25.79
4021,3922,424,32.21
4146,4046,424,48.22
5876,5776,424,39.99
5367,5268,424,32.03
8810,8809,424,5.82
6687,6587,424,19.56
4147,4047,424,50.86
4552,4453,424,31.5
7991,7892,424,32.32
7691,7592,424,28.45
4145,4045,424,48.64
5977,5877,424,52.89
4351,4252,424,31.3
8975,8875,424,13.64
4243,4143,424,56.57
4044,3944,424,50.86
3938,3838,425,62.03
4142,4042,425,51.45
3939,3839,425,59.71
3831,3731,425,51.78
4048,3948,425,57.99
3830,3730,425,52.28
5371,5271,425,55.31
3829,3729,425,48.87
5212,5112,425,46.72
4654,4554,425,39.16
4653,4554,425,32.12
4755,4656,425,27.24
8104,8103,425,5.21
4139,4040,425,27.61
3934,3834,425,48.78
7991,7992,425,15.24
6485,6385,425,36.83
5310,5209,425,10.16
9177,9077,425,12.9
9076,8976,425,13.5
7192,7092,425,50.3
3837,3737,426,52.64
4143,4043,426,53.49
3833,3733,426,61.53
4047,3947,426,51.26
5372,5272,426,59.13
4049,3949,426,60.58
5268,5168,426,55.98
6891,6791,426,53.11
5269,5169,426,59.06
6587,6487,426,54.4
4150,4050,426,49.39
6789,6689,426,46.86
6078,5978,426,43.55
5574,5474,426,46.13
3921,3822,426,31.7
5572,5473,426,24.95
4029,3928,426,14.65
4027,3928,426,23.34
5158,5058,426,33.05
5877,5777,426,51.49
6990,6890,426,13.63
6384,6284,426,37.41
9971,9970,426,2.13
3835,3735,426,56.47
4250,4151,426,29.24
8874,8774,426,13.67
9278,9178,426,13.56
8089,8190,426,7.35
4251,4151,426,32.89
8084,8185,426,1.13
5370,5270,426,23.37
5364,5264,426,13.44
3948,3848,427,59.81
3838,3738,427,57.17
3821,3721,427,39.8
4453,4353,427,45.76
3827,3727,427,45.03
6486,6386,427,42.29
3832,3732,427,46.05
5675,5575,427,42.41
9679,9580,427,32.25
4856,4757,427,30.9
5267,5167,427,21.23
4046,3946,427,49.18
4654,4555,427,31.57
4039,3940,427,27.1
3834,3734,427,62.75
5158,5059,427,29.09
5110,5010,427,42.1
5606,5505,427,10.17
9379,9279,427,13.58
5605,5505,427,16.06
9678,9778,427,4.24
5115,5015,427,9.39
4917,4817,427,13.44
5360,5260,427,13.69
9677,9778,427,4.23
5363,5263,427,12.94
5903,5803,427,21.2
9530,9629,427,2.24
9760,9859,427,2.84
5705,5604,427,10.15
9744,9843,427,2.41
4352,4253,427,32.02
3839,3739,427,58.91
4251,4152,427,29.01
5271,5171,427,59.16
3836,3736,427,49.23
4655,4555,427,30.96
8273,8374,427,1.83
4045,3945,427,48.4
4044,3945,427,31.56
5473,5373,428,59.59
5168,5068,428,57.08
3947,3847,428,51.1
5169,5069,428,59.06
4554,4454,428,37.17
3731,3631,428,46.57
4150,4051,428,31.96
5506,5406,428,20.59
4553,4454,428,32.3
4856,4857,428,17.58
6890,6790,428,52.91
5472,5373,428,28.27
3921,3820,428,22.28
4916,4816,428,13.72
5014,4914,428,13.52
3949,3849,428,59.59
8911,9011,428,12.31
5266,5166,428,13.21
5158,5159,428,18.88
5259,5159,428,13.69
4023,3923,428,12.78
3826,3726,428,31.9
5057,4957,428,12.72
7991,8091,428,7.64
5272,5172,428,61.23
6385,6285,428,42.07
5802,5702,428,20.59
5978,5878,428,52.45
4818,4718,428,12.48
5362,5262,428,12.74
9639,9738,428,2.6
5361,5261,428,13.35
5265,5165,428,13.37
8708,8707,428,6.06
5270,5170,428,57.69
7092,6992,428,35.77
5171,5071,429,60.39
5575,5475,429,52.55
3848,3748,429,59.81
5474,5374,429,39.75
3822,3722,429,43.81
3733,3633,429,44.27
3735,3635,429,34.61
4050,3950,429,41.21
6689,6589,429,38.79
5777,5677,429,36.39
3729,3629,429,32.1
3821,3722,429,31.74
4453,4354,429,32.43
6891,6792,429,30.69
3940,3840,429,54.91
3939,3840,429,25.86
9975,9976,429,11.27
4756,4657,429,26.63
5407,5307,429,23.13
6487,6387,429,40.3
8404,8403,429,5.62
8204,8203,429,5.39
7492,7393,429,18.96
4620,4520,429,11.3
6178,6079,429,15.93
4719,4619,429,11.19
9017,9116,429,3.55
3737,3637,429,45.01
3736,3636,429,52.96
5308,5208,429,23.38
5312,5213,429,15.2
7892,7793,429,30.88
6280,6180,429,9.45
4656,4556,429,30.13
6279,6179,429,9.45
4655,4556,429,27.94
5069,4969,430,60
5170,5070,430,59.75
5373,5273,430,57.91
5172,5072,430,62.51
3734,3634,430,42.33
3721,3621,430,38.7
3732,3632,430,47.52
6791,6691,430,27.35
7992,7893,430,32.36
4554,4455,430,30.92
3730,3630,430,24.34
5372,5273,430,26.47
4141,4041,430,12.84
9679,9680,430,13.04
3849,3749,430,57.99
4152,4052,430,49.97
8911,9012,430,14.21
8911,9010,430,12.87
4555,4455,430,36.88
7392,7293,430,17.23
4253,4153,430,40.46
5260,5160,430,43.96
5801,5701,430,12.09
8504,8503,430,5.25
3739,3639,430,49.03
7792,7693,430,22.72
6284,6184,430,25.18
3738,3638,430,45.14
3847,3747,430,50.74
9763,9862,430,2.88
9014,9013,430,5.24
6386,6286,430,41.96
5878,5778,430,52.93
5374,5274,431,62.91
3748,3648,431,59.81
5071,4971,431,60.68
6992,6892,431,37.7
6285,6185,431,42.84
3629,3529,431,55.84
6790,6690,431,46.59
3822,3723,431,32.39
4050,3951,431,32.05
5776,5676,431,15.89
3821,3720,431,22.24
6991,6892,431,17.14
8404,8303,431,10.03
6688,6588,431,14.55
3637,3537,431,50.86
6282,6183,431,10.87
8773,8673,431,13.71
3840,3740,431,56.18
3839,3740,431,26.69
4656,4557,431,27.45
4044,3943,431,17.54
7693,7593,432,62.11
3630,3530,432,53.1
5072,4972,432,63.03
5070,4970,432,59.92
5778,5678,432,50.25
3722,3622,432,43.81
6079,5979,432,40.11
5475,5375,432,41
3950,3850,432,35.59
5068,4968,432,25.79
3721,3622,432,31.43
5209,5109,432,15.55
8875,8775,432,13.18
3944,3844,432,12.69
3749,3649,432,54.54
3940,3841,432,29.75
4152,4053,432,31.82
3949,3850,432,25.99
4555,4456,432,30.81
4757,4658,432,30.99
4253,4154,432,31.9
3727,3627,432,23.41
5260,5161,432,32.4
7991,8092,432,9.34
5272,5173,432,23.92
3638,3538,432,52.62
3924,3824,432,11.41
3635,3535,432,39.36
3739,3640,432,32.04
6387,6287,432,40.96
5273,5173,432,58.78
4353,4254,432,32.31
9757,9857,432,3
7592,7493,432,19.09
3529,3429,433,58.94
4971,4871,433,61.45
6286,6186,433,46.23
3621,3521,433,34.3
7293,7193,433,36.4
3634,3534,433,44.94
3633,3533,433,29.62
3537,3437,433,62.51
5160,5060,433,46.6
3631,3531,433,21.25
5165,5065,433,20.32
6691,6591,433,45.45
5604,5504,433,18.38
3639,3539,433,47.53
5803,5703,433,19.95
3822,3823,433,14.87
7992,7993,433,13.48
9077,8977,433,13.06
8976,8876,433,13.57
4052,3952,433,44.57
5212,5113,433,13.84
7292,7193,433,13.93
4042,3942,433,13
5406,5306,433,21.5
5702,5602,433,20.86
4757,4758,433,17.49
3925,3825,433,9.96
3636,3536,433,25.76
9777,9877,433,3.38
9776,9877,433,3.2
5307,5207,433,25.78
5274,5174,433,61.7
9761,9861,433,2.59
3648,3548,433,58.08
8572,8573,433,3
3841,3741,434,52.8
3530,3430,434,56.13
4972,4872,434,63.03
4970,4870,434,60.16
5173,5073,434,56.5
6690,6590,434,46.75
3723,3623,434,42.75
4969,4869,434,27.82
3632,3532,434,25.05
3722,3623,434,32.39
4556,4457,434,29.07
5208,5108,434,23.53
3950,3851,434,30.3
3721,3620,434,22.51
9178,9078,434,12.67
8190,8191,434,12.61
5264,5164,434,13.38
6183,6083,434,33.9
5505,5405,434,16.53
3849,3750,434,27.54
8002,8001,434,5.5
5058,4958,434,13.42
5110,5011,434,14.68
3538,3438,434,62.37
8774,8674,434,13.41
3649,3549,434,51.89
5979,5879,434,52.62
9326,9325,434,1.35
5375,5275,434,54.13
9636,9736,434,2.41
9177,9078,434,9.22
3840,3741,434,28.94
3429,3329,435,61.54
3533,3433,435,61.74
3531,3431,435,60.28
3548,3448,435,57.7
3437,3337,435,59.1
5174,5074,435,60.09
3539,3439,435,57.88
5678,5578,435,34.08
6287,6187,435,45.01
3535,3435,435,34.96
3622,3522,435,37.86
4658,4558,435,44.01
4053,3953,435,34.51
5676,5576,435,28.25
3621,3522,435,29.71
4456,4356,435,34.23
5160,5061,435,32.39
3536,3436,435,60.86
9580,9480,435,13.67
5015,4915,435,13.19
9279,9179,435,13.48
5167,5067,435,13.01
3639,3540,435,32.29
5059,4959,435,13.71
3947,3846,435,17.4
6792,6692,435,19.21
4153,4054,435,31.16
3749,3650,435,29.96
4052,3953,435,32.43
3927,3828,435,10.92
5161,5061,435,49.46
3640,3540,435,43.76
5263,5163,435,13.08
4657,4558,435,25.44
3946,3846,435,13.08
3945,3845,435,12.93
3741,3641,436,55.12
3430,3330,436,58.83
5073,4973,436,53.27
6186,6086,436,37.9
5060,4960,436,46.98
6591,6491,436,46.97
4968,4868,436,26.11
5109,5009,436,28.33
3740,3641,436,29.61
3723,3624,436,32.29
3438,3338,436,57.5
6589,6489,436,16.31
4914,4814,436,13.22
4869,4769,436,60.39
3952,3852,436,41.04
5262,5162,436,12.77
4817,4717,436,12.19
5166,5066,436,13.37
4870,4770,436,61.56
9867,9866,436,3.54
9743,9842,436,2.53
5879,5779,436,51.23
3329,3229,437,62.16
3433,3333,437,62.64
5074,4974,437,62.53
3431,3331,437,59.95
3448,3348,437,56.85
3337,3237,437,58.1
6590,6490,437,39.6
3532,3432,437,33.38
5207,5107,437,29.73
3627,3527,437,20.68
3841,3742,437,30.83
3850,3751,437,30.08
3622,3523,437,31.16
4658,4559,437,32.41
4053,3954,437,29.81
6185,6085,437,18.03
3621,3520,437,23.18
7693,7594,437,22.41
4456,4357,437,29.68
3534,3434,437,31.77
4557,4458,437,25.96
3726,3626,437,11.33
3549,3449,437,48.28
3436,3336,437,62.56
5161,5062,437,31.95
4718,4618,437,11.69
9678,9779,437,5.33
6184,6084,437,16.04
3640,3541,437,32.39
3649,3550,437,31.2
9528,9527,437,1.41
4871,4771,437,30.19
4872,4772,437,33.7
3847,3746,437,17.61
5275,5175,437,45.59
9854,9954,437,4.16
9854,9953,437,4.29
3439,3339,437,63.04
7092,6993,437,12.12
4770,4670,438,62.7
4973,4873,438,54.69
3330,3230,438,60.03
4868,4768,438,57.54
5576,5476,438,35.39
6187,6087,438,45.81
5108,5008,438,27
3823,3724,438,32.39
5065,4965,438,20.52
5060,4961,438,32.36
3723,3724,438,15.33
5061,4961,438,48.94
5701,5601,438,14.17
4619,4519,438,11.21
5677,5577,438,11.22
4816,4716,438,10.02
3952,3853,438,32.02
4041,3941,438,12.9
3940,3941,438,9.69
4455,4355,438,13.53
6588,6488,438,16.49
3540,3440,438,47.7
6487,6388,438,11.99
4356,4256,438,34.03
4769,4669,438,61.51
9638,9737,438,2.6
9763,9863,438,2.72
9632,9732,438,5.35
3747,3647,438,12.76
4772,4672,439,63.03
3432,3332,439,62.54
3348,3248,439,53.92
3331,3231,439,58.77
3229,3129,439,61.55
3742,3642,439,51.61
3237,3137,439,62.37
4771,4671,439,62.88
5779,5679,439,49.54
5009,4909,439,47.06
3338,3238,439,36.23
6491,6391,439,41.77
3336,3236,439,63.02
5164,5064,439,20.23
3750,3651,439,30.37
3741,3642,439,29.62
5306,5206,439,19.96
5174,5075,439,25.42
5504,5404,439,17.18
5703,5603,439,16.77
4658,4659,439,14.78
3943,3843,439,12.67
6079,5980,439,15
4520,4420,439,10.5
3852,3752,439,39.97
3549,3450,439,32.19
3629,3528,439,14.53
4974,4874,439,61.98
7193,7093,439,16.98
5112,5012,439,7.26
9379,9280,439,7.66
9479,9380,439,7.63
3339,3239,439,58.61
8605,8604,439,5.42
3825,3725,439,19.95
3230,3130,440,60.56
4670,4570,440,63.04
4669,4569,440,62.41
3449,3349,440,40.16
3954,3854,440,35.44
5067,4967,440,21.72
3448,3349,440,28.46
3541,3441,440,42.52
3844,3744,440,12.65
8775,8675,440,13.54
5061,4962,440,32.06
5602,5502,440,15.91
6992,6893,440,12.09
3440,3340,440,56.73
8910,8909,440,6.39
5163,5063,440,20.23
3540,3441,440,32.27
5405,5305,440,18.84
3435,3335,440,24.41
4757,4858,440,11.51
4558,4459,440,30.5
9428,9427,440,1.57
3727,3628,440,11.68
9016,9115,440,3.58
3434,3334,440,36.19
4356,4257,440,29.58
4457,4358,440,25.63
4768,4668,440,57.54
9851,9950,440,2.78
3650,3551,440,30.78
8607,8706,440,4.37
6084,5984,440,35.27
6993,6893,440,34.58
5062,4962,440,46.16
4672,4572,441,62.91
4671,4571,441,63.03
5679,5579,441,50.31
3231,3131,441,57.48
3642,3542,441,51.74
3332,3232,441,60.72
3129,3029,441,59.66
3853,3753,441,35.74
5476,5376,441,41.24
5980,5880,441,52.34
3333,3233,441,30.99
6085,5985,441,29.34
4961,4861,441,49.03
5066,4966,441,20.23
3641,3542,441,32.23
8977,8877,441,13.45
6388,6288,441,39.74
8876,8776,441,13.28
3942,3842,441,12.98
5678,5579,441,15.77
5107,5007,441,31.33
3852,3753,441,31.78
5475,5376,441,11.95
3137,3037,441,59.76
9178,9079,441,9.46
9077,8978,441,9
8875,8776,441,8.79
8809,8808,441,6.25
4965,4865,441,47.32
9679,9780,441,7.62
5008,4908,441,43.22
7393,7294,441,12.1
3239,3139,441,53.29
6387,6288,441,11.95
8175,8076,441,6.44
7593,7494,441,16.28
4256,4156,441,34.04
4668,4568,442,58.32
3130,3030,442,57.72
4570,4470,442,62.95
4569,4469,442,62.73
4967,4867,442,51.99
4874,4774,442,49.73
5075,4975,442,45.98
3550,3451,442,32.44
3348,3249,442,30.29
3449,3350,442,31.83
5577,5477,442,31.78
3954,3855,442,30.23
3751,3652,442,32.08
3742,3643,442,31.31
3527,3427,442,20.91
6086,5986,442,16.68
5502,5402,442,52.13
6692,6592,442,15.49
5074,4975,442,21.44
3335,3235,442,61.88
3541,3442,442,32.26
8674,8574,442,13.52
3340,3240,442,62.56
7293,7194,442,12.11
5604,5503,442,10.02
6792,6693,442,11.19
3238,3138,442,36.64
4356,4255,442,23.2
4355,4255,442,32.44
3752,3652,442,37.85
4873,4773,442,25.69
9632,9731,442,5.52
3648,3547,442,13.01
5062,4963,442,32.42
3029,2929,443,58.28
3232,3132,443,57.21
5880,5780,443,51.13
4257,4157,443,33.53
3441,3341,443,49.17
6087,5987,443,24.32
3853,3754,443,30.36
4357,4258,443,27.79
3954,3955,443,18.16
4961,4862,443,32.04
4915,4815,443,13.68
4959,4859,443,13.72
3522,3422,443,13.7
3845,3745,443,13.08
6490,6390,443,18.99
7993,7894,443,14.9
4572,4472,443,62.63
5113,5013,443,10.84
6892,6793,443,12.13
3529,3428,443,12.37
6180,6080,443,7.3
3440,3341,443,28.54
8190,8290,443,5.89
7992,8093,443,7.95
4571,4471,443,63.03
4965,4866,443,32.32
3139,3039,443,50.45
4962,4862,443,46.18
4458,4359,443,25.05
3037,2937,443,61.32
4459,4359,443,34.38
4256,4157,443,29.59
6893,6793,443,42.34
9124,9224,443,3.35
3547,3447,444,51.99
4568,4468,444,59.15
3030,2930,444,53.27
4773,4673,444,60.39
3235,3135,444,52.18
4874,4775,444,31.88
3642,3543,444,31.26
5064,4964,444,21.08
6288,6188,444,41.95
5206,5106,444,20.23
3240,3140,444,62.09
4814,4714,444,12.79
3624,3524,444,13.63
3451,3351,444,52.23
4960,4860,444,13.4
8191,8192,444,10.38
4867,4767,444,52.31
3548,3447,444,13.27
3521,3421,444,9.7
7493,7394,444,11.91
8403,8302,444,9.85
8203,8102,444,9.94
4974,4875,444,22.65
4469,4369,444,63.03
8103,8102,444,5.39
3827,3728,444,7.36
4470,4370,444,62.79
6489,6389,444,14.15
4865,4765,444,49.03
5007,4907,444,40.32
6181,6081,444,4.29
9122,9222,444,3.24
4908,4808,444,38.85
9777,9878,444,4.28
3138,3038,444,52.83
3752,3653,444,31.16
5375,5276,444,11.88
9850,9949,444,2.39
9851,9951,444,2.63
5376,5276,444,47.02
3753,3653,444,37.4
6083,5983,444,10.19
3651,3552,444,31.63
9853,9952,444,4.01
2929,2829,445,57.83
4472,4372,445,62.57
5986,5886,445,41.61
5985,5885,445,32.11
5579,5479,445,28.31
5477,5377,445,36.55
3349,3250,445,29.66
4358,4259,445,28.64
4257,4158,445,29.34
4471,4371,445,63.05
3441,3342,445,32.01
5404,5304,445,18.8
4618,4518,445,12.92
3626,3526,445,13.4
3523,3423,445,13.53
3520,3420,445,13.65
5502,5403,445,31.11
5578,5478,445,10.37
5601,5501,445,14.89
4963,4863,445,45.79
4716,4616,445,14.58
8503,8402,445,9.68
9976,9977,445,6.4
3746,3646,445,13.48
9279,9180,445,8.04
2937,2837,445,61.93
3855,3755,445,38.88
4717,4617,445,11.63
4962,4863,445,32.41
3248,3148,445,17.26
3249,3149,445,34.63
4459,4360,445,29.75
4256,4155,445,23.2
7893,7794,445,9.94
4673,4573,446,59.58
5983,5883,446,59.6
3140,3040,446,59.61
4775,4675,446,58.45
3543,3443,446,51.09
5987,5887,446,35.67
4767,4667,446,52.62
3039,2939,446,48.53
4157,4057,446,33.79
5780,5680,446,46.71
7194,7094,446,28.86
6592,6492,446,32.56
3447,3347,446,50.94
6693,6593,446,31.9
3233,3133,446,24.91
3131,3031,446,24.55
3542,3443,446,32.37
3130,3031,446,27.76
3348,3247,446,15.75
3742,3743,446,11.27
3333,3234,446,16
4468,4368,446,61.28
4369,4269,446,62.99
3448,3347,446,13.86
4765,4665,446,50.7
6591,6492,446,11.3
8190,8291,446,7.31
7793,7694,446,8.63
4965,4864,446,19.37
4370,4270,446,62.98
9780,9681,446,32.4
4866,4766,446,49.83
4865,4766,446,32.04
8303,8202,446,10
4862,4762,446,47.14
6391,6291,446,16.48
5305,5205,446,17.18
3038,2938,446,52.15
3753,3654,446,31
4459,4460,446,18.49
3754,3654,446,37.25
9854,9955,446,4.58
9124,9223,446,3.56
4371,4271,447,63.02
4907,4807,447,36.36
6188,6088,447,44.6
3653,3553,447,37.95
5276,5176,447,48.93
3643,3544,447,31.84
3030,2931,447,30.61
3427,3327,447,20.12
3235,3136,447,31.09
3236,3136,447,13.25
5009,4910,447,13.77
3451,3352,447,31.07
3429,3328,447,10.17
4519,4419,447,11.42
3135,3035,447,46.9
3340,3241,447,21.35
2829,2729,447,60.79
4808,4708,447,49.37
9580,9481,447,7.19
3351,3251,447,49.97
4154,4055,447,9.8
9860,9960,447,3.68
3855,3756,447,31.48
9122,9221,447,3.45
6182,6082,447,4.29
9742,9841,447,2.59
3249,3150,447,29.87
9014,9114,447,3.55
5275,5176,447,11.53
2939,2839,448,50.23
4675,4575,448,62.77
4667,4567,448,52.62
3040,2940,448,59.79
5680,5580,448,52.12
4573,4473,448,60.39
4269,4169,448,62.92
4259,4159,448,38.38
4766,4666,448,51.49
6389,6289,448,29.23
4258,4159,448,29.97
4157,4058,448,29.47
4359,4260,448,31.86
4773,4674,448,25.06
3744,3644,448,12.91
4665,4565,448,52.15
3725,3625,448,11.49
4863,4763,448,46.57
6491,6392,448,11.9
3955,3856,448,31.19
3132,3032,448,21.87
4572,4473,448,21.16
4658,4759,448,8.97
5984,5884,448,14.26
4368,4268,448,62.65
9010,9009,448,5.84
8374,8275,448,6.8
3855,3856,448,16.93
5402,5302,448,17.51
4862,4763,448,32.34
9765,9865,448,2.49
9765,9864,448,2.64
8606,8705,448,4.19
8605,8705,448,3.7
8675,8575,448,13.64
5377,5277,448,43.88
3754,3655,448,30.95
3755,3655,448,40.42
2729,2629,449,62.19
5176,5076,449,54.97
3544,3444,449,54.48
3654,3554,449,40.64
5883,5783,449,34.53
5106,5006,449,21.61
3543,3444,449,31.49
3653,3554,449,31.19
2929,2830,449,27.67
9079,8979,449,13.41
8877,8777,449,13.02
8978,8878,449,13.41
5012,4912,449,10.56
4807,4707,449,51.63
5502,5401,449,16.81
3955,3956,449,17.28
8573,8474,449,9
3135,3036,449,32.36
3351,3252,449,31.82
8190,8289,449,6.28
9780,9781,449,13.69
3241,3141,449,59.02
4864,4764,449,47.89
9858,9958,449,3.35
4865,4764,449,18.52
4861,4761,449,13.12
2938,2838,449,46.23
8708,8807,449,4.53
6993,6894,449,12.13
4169,4069,450,62.56
2940,2840,450,62.02
4575,4475,450,58.99
2839,2739,450,55.48
5580,5480,450,56.09
4666,4566,450,53.09
4268,4168,450,63.05
3251,3151,450,47.85
3553,3453,450,39.34
5887,5787,450,25.55
4260,4160,450,50.9
4567,4467,450,54.81
4259,4160,450,31.33
4155,4056,450,30.16
4673,4574,450,25.99
4157,4056,450,23.21
4472,4373,450,21.31
3233,3134,450,15.9
5579,5480,450,16.07
7594,7495,450,11.09
4156,4056,450,12.25
3329,3228,450,9.49
4816,4715,450,6.52
4473,4373,450,60.97
8776,8676,450,12.32
5302,5202,450,50.53
3756,3656,450,39.77
3755,3656,450,31.89
5076,4976,451,54.56
3655,3555,451,43.18
4159,4059,451,40.2
6289,6189,451,39.76
6392,6292,451,39.87
6088,5988,451,28.34
7094,6994,451,22.56
5277,5177,451,48.79
3654,3555,451,31.94
4372,4272,451,19.53
3148,3048,451,16.75
4763,4663,451,46.76
5304,5204,451,19.43
3745,3645,451,13.36
6390,6290,451,14.13
3422,3322,451,13.68
5013,4913,451,13.28
3547,3446,451,16.9
6291,6191,451,21.14
3129,3028,451,11.82
6087,5988,451,11.76
5980,5881,451,12.52
3229,3128,451,10.16
8503,8502,451,5
2829,2730,451,24.55
4270,4170,451,21.79
5403,5303,451,19.02
3141,3041,451,60.84
7093,6994,451,12.11
4460,4361,451,30.88
8084,8184,451,0.89
4168,4068,452,62.45
3134,3034,452,50.32
2840,2740,452,63.01
4069,3969,452,60.45
2739,2639,452,61.19
4566,4466,452,53.88
5783,5683,452,41.07
3444,3344,452,43.53
3554,3454,452,43.18
4707,4607,452,49.28
3251,3152,452,32.25
3553,3454,452,31.61
3544,3445,452,29.99
6593,6493,452,16.68
4271,4171,452,20.5
4573,4474,452,25.06
5886,5786,452,15.26
4714,4614,452,13.27
3524,3424,452,13.64
3029,2928,452,12.86
5477,5378,452,15.5
4860,4760,452,13.48
3451,3452,452,10.97
3135,3034,452,19.57
9480,9381,452,8.77
4373,4273,452,61.6
4467,4367,452,57.2
3247,3147,452,16.95
3133,3033,452,19.02
5478,5378,452,14.77
6080,5981,452,16.06
6081,5981,452,13.28
4764,4664,452,48.07
4459,4560,452,12.74
2629,2529,452,49.7
3756,3657,452,31.73
6893,6794,452,11.86
4272,4172,453,62.68
5881,5781,453,51.83
3656,3556,453,40.85
3151,3051,453,46.95
4475,4375,453,47.65
4160,4060,453,39.13
3655,3556,453,32.34
4159,4060,453,31.84
2931,2831,453,17.46
5006,4906,453,28.5
3041,2941,453,60.59
5205,5105,453,16.46
4260,4161,453,31.55
3443,3343,453,16.04
4518,4418,453,13.47
3526,3426,453,13.04
3420,3320,453,13.73
5885,5785,453,13.83
3856,3757,453,31.19
5479,5379,453,13.01
3423,3323,453,13.28
4617,4517,453,12.63
3646,3546,453,13.37
3149,3049,453,13.71
3447,3346,453,17.49
7294,7195,453,12.04
5880,5781,453,12.85
9180,9080,453,13.35
9179,9080,453,8.12
5884,5784,453,24.02
4170,4070,453,63.01
9859,9959,453,3.91
3342,3242,453,13.28
4976,4876,453,53.06
3241,3142,453,26.58
7495,7395,453,38.39
4908,4809,453,12.05
5302,5203,453,31.66
5202,5102,453,49.48
4171,4071,454,62.8
4474,4374,454,53.66
2740,2640,454,62.85
2928,2828,454,57.76
6290,6190,454,34.13
3048,2948,454,44.54
6191,6091,454,42.35
5787,5687,454,26.21
6189,6089,454,44.34
3444,3345,454,32.37
5177,5077,454,48.49
3554,3455,454,32.34
3032,2932,454,18.89
4575,4476,454,26.61
9681,9581,454,13.66
4057,3957,454,13.56
2639,2539,454,62.95
3856,3857,454,17.28
5780,5681,454,13.84
2929,2828,454,13.18
7194,7095,454,12.03
6693,6594,454,12.11
4068,3968,454,59.66
4273,4173,454,61.75
4616,4516,454,11.13
4361,4261,454,44.72
9680,9581,454,6.14
8809,8908,454,4.72
9011,9111,454,3.99
4473,4374,454,24.29
8002,8101,454,4
9860,9961,454,4.17
4466,4366,454,56.97
4367,4267,454,60.39
4762,4662,454,13.18
8504,8603,454,3.78
9014,9113,454,3.77
5203,5103,455,50.88
2941,2841,455,59.88
4172,4072,455,62.12
5786,5686,455,35.73
6794,6694,455,37.43
3034,2934,455,40.59
5683,5583,455,47.05
3657,3557,455,35.81
3454,3354,455,42.79
3969,3869,455,46.41
4607,4507,455,39.54
5988,5888,455,29.51
3656,3557,455,31.98
3151,3052,455,32.36
4475,4376,455,32.28
4160,4061,455,31.56
9009,9008,455,15.84
4675,4576,455,16.88
3347,3246,455,17.47
5987,5888,455,12.12
4665,4564,455,16.8
4161,4061,455,51.83
3035,2935,455,13.54
4070,3970,455,62.39
4808,4709,455,13.28
9778,9879,455,5.15
9010,9110,455,4.08
3037,2936,455,10.39
3141,3042,455,24.48
5202,5103,455,31.94
5377,5278,455,14.37
8082,8181,455,1.19
4374,4274,456,55.31
2640,2540,456,61.58
4375,4275,456,38.38
4876,4776,456,42.23
2539,2439,456,59.23
5785,5685,456,48.7
3556,3456,456,37.66
3051,2951,456,46.59
4060,3960,456,41.29
5077,4977,456,53.21
3048,2949,456,32.43
4906,4806,456,39.94
3625,3525,456,14.24
5681,5581,456,53.78
4058,3958,456,13.72
3327,3227,456,12.15
8289,8288,456,16.18
4875,4776,456,12.13
5983,5882,456,11.87
4173,4073,456,61.62
4775,4676,456,12.06
3421,3321,456,8.87
3624,3525,456,7.42
9280,9181,456,8.59
5784,5684,456,49.34
2828,2728,456,60.83
8575,8475,456,13.4
4361,4262,456,32.44
4914,4813,456,5.07
4267,4167,456,63.04
6493,6393,456,31.18
7694,7595,456,15.05
8776,8677,456,9.68
5302,5201,456,17.72
5102,5002,456,47.6
9741,9840,456,2.74
6082,5982,456,11.6
4460,4461,456,10.76
2841,2741,457,60.07
4072,3972,457,62.82
5687,5587,457,43.44
2948,2848,457,38.78
3657,3558,457,30.39
3454,3355,457,32.3
3452,3353,457,29.97
8979,8879,457,12.58
9009,9109,457,11.95
8878,8778,457,13.42
2729,2630,457,15.58
3041,2942,457,24.81
5204,5104,457,17.01
6190,6090,457,44.67
4912,4812,457,13.44
4419,4319,457,10.65
7394,7295,457,11.68
4565,4465,457,12.37
3150,3050,457,11.09
8877,8778,457,9.05
3042,2942,457,51.75
4708,4608,457,10.28
6091,5991,457,41.47
3620,3519,457,6.22
3970,3870,457,50.09
9380,9281,457,8.08
7794,7695,457,12.33
9780,9880,457,6.57
4761,4661,457,13.37
5402,5301,457,10.1
8605,8704,457,3.92
9868,9968,457,2.31
5379,5279,457,30.52
5882,5782,458,50.58
2949,2849,458,57.2
4274,4174,458,57.04
2439,2339,458,53.41
5103,5003,458,42.79
5583,5483,458,49.41
4806,4706,458,53.08
5686,5586,458,48.79
7095,6995,458,27.06
6594,6494,458,29
4375,4276,458,31.33
3556,3457,458,31.09
3051,2952,458,32.39
2540,2440,458,57.92
4060,3961,458,32.07
3657,3658,458,18.03
4073,3973,458,62.49
3147,3047,458,16.89
3048,2947,458,20.62
4715,4615,458,13.24
3032,2933,458,14.66
2831,2731,458,21.87
3544,3545,458,9.89
3869,3769,458,49.4
5887,5788,458,11.85
8289,8389,458,12.36
4167,4067,458,62.31
4161,4062,458,31.22
9012,9112,458,3.61
4361,4362,458,14.47
9011,9112,458,4.82
5011,4911,458,4.28
9858,9957,458,3.51
6089,5989,458,31.17
5102,5003,458,32.29
5202,5101,458,18.28
3757,3658,458,31.17
2741,2641,459,60.71
2630,2530,459,50.74
3050,2950,459,62.65
5581,5481,459,48.18
2951,2851,459,47.17
5685,5585,459,47.59
2941,2842,459,25.66
5105,5005,459,17.48
2740,2641,459,20.4
6393,6293,459,42.33
4059,3959,459,13.66
4071,3971,459,23.37
5277,5178,459,13.41
4663,4563,459,13.39
8289,8390,459,14.25
8302,8201,459,9.81
2942,2842,459,55.12
5106,5005,459,9.59
3968,3868,459,24.97
9079,8980,459,8.27
6291,6192,459,11.45
8676,8576,459,12.24
5684,5584,459,46.23
3322,3222,459,13.71
8191,8292,459,5.81
9862,9962,459,3.51
9780,9881,459,8.11
8183,8182,459,1.09
4977,4877,459,46.07
2935,2835,459,25.77
2936,2836,459,30.38
8080,8079,459,0.3
5002,4902,459,45.08
3757,3758,459,17.3
5782,5682,460,51.27
3973,3873,460,58.36
3972,3872,460,35.83
5279,5179,460,44.47
3558,3458,460,44.17
4062,3962,460,60.41
5103,5004,460,32.3
2934,2834,460,22.77
2440,2340,460,54.43
3343,3243,460,14.88
3346,3245,460,20.72
4614,4514,460,13.42
3424,3324,460,13.21
3344,3244,460,14.22
9009,9108,460,12.5
2931,2832,460,10.89
4067,3967,460,55.34
8289,8388,460,12.91
5479,5380,460,9.78
5587,5487,460,41.73
8402,8301,460,9.61
2848,2748,460,34.79
3042,2943,460,31.25
4061,3962,460,28.69
4814,4713,460,5.96
3870,3770,460,49.23
4760,4660,460,13.67
5480,5380,460,10.4
5991,5891,460,42.5
6090,5990,460,35.53
9739,9839,460,2.51
3355,3255,460,43.18
9867,9967,460,2.42
2837,2737,460,6.67
2950,2850,461,62.07
2851,2751,461,53.1
2641,2541,461,60.86
4877,4777,461,53.98
5481,5381,461,59.32
2952,2852,461,39.77
4706,4606,461,48.62
2951,2852,461,32.34
4274,4175,461,28.31
2841,2742,461,25.45
2948,2847,461,22.5
2640,2541,461,23.37
3426,3326,461,12.88
5003,4903,461,37.01
2842,2742,461,57.61
3961,3861,461,37.66
3323,3223,461,12.96
5989,5889,461,33.47
4173,4074,461,23.31
2339,2239,461,46.46
5586,5486,461,47.15
3128,3027,461,15.2
3769,3669,461,45.85
3228,3127,461,13.94
8707,8806,461,4.35
3320,3220,461,13.7
5483,5383,461,47.86
5102,5001,461,19.24
2731,2631,461,42.45
5002,4903,461,32.44
6894,6795,461,12.06
5682,5582,462,55.05
3558,3459,462,32.42
4662,4562,462,13.41
2540,2441,462,27.59
3971,3871,462,37.43
4607,4508,462,15.09
5787,5688,462,11.89
5177,5078,462,13.47
3028,2927,462,13.88
5584,5484,462,48.39
4262,4162,462,19.3
9977,9978,462,6.08
2942,2843,462,29.62
5585,5485,462,45.32
2848,2749,462,29.94
9180,9081,462,8.44
4161,4162,462,11.16
3720,3619,462,4.62
4902,4802,462,38.11
3246,3146,462,16.64
3355,3256,462,32.34
7495,7396,462,12.07
2835,2735,462,45.16
2836,2736,462,49.98
5379,5280,462,16.02
2850,2750,463,58.22
2751,2651,463,51.78
2631,2531,463,50.74
3872,3772,463,47.83
5179,5079,463,34.42
3458,3358,463,49.12
3255,3155,463,41.46
3873,3773,463,46.88
6192,6092,463,28.39
6293,6193,463,30.02
6995,6895,463,20.77
3658,3559,463,31.98
2952,2853,463,31.73
2741,2642,463,24.65
3456,3356,463,16.19
2440,2341,463,30.02
4517,4417,463,10.97
4418,4318,463,10.88
4564,4464,463,12.94
2529,2429,463,9.97
2928,2827,463,13.23
4073,3974,463,21.52
2742,2642,463,60.71
6191,6092,463,11.86
5003,4904,463,30.86
5891,5791,463,33.65
3961,3862,463,31.09
5487,5387,463,42.16
4366,4266,463,11.29
3962,3862,463,39.8
2339,2240,463,32.4
2340,2240,463,49.98
3770,3670,463,48.79
7993,7994,463,3.37
9733,9833,463,2.34
3354,3254,463,13.53
4466,4365,463,13.78
5990,5890,463,39.99
6494,6394,463,22.72
5002,4901,463,20.39
3459,3359,464,55.66
2749,2649,464,55.89
5889,5789,464,34.5
2852,2752,464,48.78
4777,4677,464,41.45
2851,2752,464,30.69
8475,8375,464,13.56
3958,3858,464,13.69
8677,8577,464,13.48
2239,2139,464,41.8
4062,3963,464,25.04
3960,3860,464,13.66
4516,4416,464,10.35
6794,6695,464,12.09
3525,3425,464,13.65
4709,4609,464,11.67
4362,4263,464,25.35
8979,8880,464,9.53
2832,2732,464,32.43
4606,4506,464,47.11
2848,2747,464,23.14
4276,4176,464,17.26
3042,3043,464,11.2
5486,5386,464,42.97
4902,4803,464,31.24
8777,8678,464,9.56
2847,2747,464,46.31
3861,3761,464,39.77
2834,2734,464,28.88
3358,3258,465,53.69
3256,3156,465,34.16
7396,7296,465,48.53
5383,5283,465,27.93
3255,3156,465,32.1
5582,5482,465,49.4
2641,2542,465,24.44
5481,5382,465,26.28
3658,3659,465,16.14
2933,2833,465,15.52
2952,2953,465,16.58
3871,3771,465,48.54
2827,2727,465,57.92
5485,5385,465,46.32
3321,3221,465,12.15
2439,2338,465,16.06
5005,4905,465,17.26
4507,4407,465,10.94
2642,2542,465,60.75
3670,3570,465,61.62
7195,7096,465,11.85
8879,8779,465,12.8
3519,3419,465,13.61
3868,3768,465,16.68
9481,9382,465,8.12
2842,2743,465,27.86
4812,4712,465,13.1
3457,3357,465,16.31
5688,5588,465,40.55
3962,3863,465,31.74
8290,8391,465,6.59
2340,2241,465,31.82
3353,3253,465,13.61
9846,9946,465,2.1
5484,5384,465,46.35
4661,4561,465,13.5
5381,5281,465,27.45
2734,2634,466,52.53
2752,2652,466,55.72
4263,4163,466,61.68
2651,2551,466,45.54
3772,3672,466,48.83
3773,3673,466,48.79
2750,2650,466,49.52
5280,5180,466,26.36
2751,2652,466,31.24
2852,2753,466,32.09
4901,4801,466,33.88
9109,9209,466,11.28
2728,2628,466,10.27
2649,2549,466,57.8
2239,2140,466,32.16
7095,6996,466,11.94
4476,4377,466,11.97
6594,6495,466,12.03
3967,3867,466,16.72
2539,2438,466,12.16
5077,4978,466,12.24
8502,8401,466,9.63
4903,4804,466,28.96
8275,8176,466,7.97
9681,9582,466,7.23
4262,4163,466,14.8
8402,8401,466,4.91
2339,2238,466,19.78
7894,7795,466,6.3
6091,5992,466,11.92
2240,2140,466,37.03
5387,5287,466,36.77
4802,4702,466,32.29
9862,9963,466,4.03
8575,8476,466,8.29
4902,4801,466,22.64
5890,5790,466,33.88
6092,5992,466,40.89
2747,2647,466,53.7
9848,9948,466,2.09
3861,3762,466,31.73
4407,4307,467,60.77
3258,3158,467,55.9
4677,4577,467,42.65
2139,2039,467,36.49
2727,2627,467,61.86
6394,6294,467,28.08
3256,3157,467,29.65
3459,3360,467,29.28
3761,3661,467,43.97
3255,3154,467,21.75
3959,3859,467,13.69
5386,5286,467,43.01
3222,3122,467,13.67
4563,4463,467,13.48
3768,3668,467,62.19
5079,4979,467,29.52
4576,4477,467,12.08
6694,6595,467,12.07
2441,2342,467,31.64
4506,4406,467,41.65
2742,2643,467,24.65
5791,5691,467,32.22
2541,2442,467,26.47
9955,9956,467,4.98
4615,4515,467,12.15
2743,2643,467,59.53
3974,3874,467,30.72
3669,3569,467,19.1
4319,4219,467,10.72
3245,3145,467,16.54
3244,3144,467,16.38
4802,4703,467,28.69
9325,9324,467,3.09
9844,9944,467,2.13
2732,2632,467,45.89
9868,9969,467,2.82
5287,5187,468,60.86
2647,2547,468,55.66
3156,3056,468,37.26
7296,7196,468,48.75
3359,3259,468,25.93
3358,3259,468,30.41
2651,2552,468,32.44
3559,3460,468,31.56
3256,3257,468,18.56
3324,3224,468,12.68
2549,2449,468,60.46
4713,4613,468,13.3
5281,5181,468,40.18
9109,9210,468,13.21
3771,3671,468,49.06
2239,2138,468,21.64
2753,2653,468,52.07
4376,4277,468,11.33
4162,4063,468,27.44
5588,5488,468,45.84
2341,2242,468,31.26
2748,2648,468,13.34
3863,3763,468,49.48
2240,2141,468,30.87
2833,2733,468,35.31
4361,4462,468,8.71
4911,4811,468,10.56
3243,3143,468,13.41
3861,3760,468,22.25
2628,2528,468,52.76
3661,3561,469,51.24
2650,2550,469,47.6
5180,5080,469,40.03
6996,6896,469,48.38
4905,4805,469,27.66
3762,3662,469,39.38
2139,2040,469,30.66
5789,5689,469,20.56
3146,3046,469,16.2
3761,3662,469,32.4
3220,3120,469,13.67
3867,3767,469,37.43
3326,3226,469,12.62
4406,4306,469,62.5
4514,4414,469,12.05
9109,9208,469,11.84
2642,2543,469,24.6
2551,2451,469,46.04
5992,5892,469,40.69
4702,4602,469,34.16
3223,3123,469,12.69
8092,8193,469,3.93
4802,4701,469,23.24
5991,5892,469,11.85
2847,2746,469,19.85
4978,4878,469,41.9
9847,9947,469,2.08
4977,4878,469,11.46
2627,2527,469,57.42
5382,5282,469,29.2
2733,2633,470,50.11
2449,2349,470,62.2
2547,2447,470,53.11
3874,3774,470,44.76
3569,3469,470,42.81
3145,3045,470,48.02
5286,5186,470,44.44
6495,6395,470,29.08
3156,3057,470,30.95
3258,3159,470,29.12
3659,3560,470,32.32
5691,5591,470,45.63
9081,8981,470,13.66
3127,3026,470,15.94
3027,2926,470,16.96
2530,2430,470,9.69
2542,2443,470,31.9
9008,8907,470,9.95
9581,9482,470,8.86
2639,2538,470,8.15
5790,5690,470,26.53
3863,3764,470,31.94
4175,4075,470,11.13
8503,8602,470,3.56
9738,9838,470,2.43
9733,9834,470,2.85
9734,9834,470,1.96
2550,2450,471,52.57
5080,4980,471,50.9
5187,5087,471,46.41
3360,3260,471,25.6
6294,6194,471,33.23
3662,3562,471,51.3
2647,2548,471,29.28
4407,4308,471,24.57
3762,3663,471,31.63
5385,5285,471,16.74
2139,2038,471,22.94
4263,4164,471,23.21
3155,3055,471,13.64
2527,2427,471,57.89
3671,3571,471,44.36
3668,3568,471,29.53
5384,5284,471,16.76
3761,3660,471,20.85
5488,5388,471,40.79
6192,6093,471,12.01
3570,3470,471,17.9
4877,4778,471,11.94
6293,6194,471,12.07
6193,6093,471,12.82
3158,3058,471,27.1
4464,4364,471,12.68
2753,2654,471,31.13
2652,2553,471,32.44
4508,4408,471,12.16
9381,9282,471,7.46
2551,2452,471,32.42
2927,2826,471,16.4
2241,2142,471,27.44
2743,2644,471,26.05
4306,4206,471,62.44
2653,2553,471,47.36
8389,8489,471,7.99
4910,4810,471,4.28
4702,4603,471,29.65
2552,2452,471,43.41
9845,9945,471,2.09
2447,2347,472,54.69
5689,5589,472,45.95
4805,4705,472,35.13
4277,4177,472,30.8
4307,4207,472,23.35
3673,3573,472,16.7
3672,3572,472,16.69
5282,5182,472,44.25
2349,2249,472,62.98
8678,8578,472,13.43
4176,4076,472,13.9
4318,4218,472,11.39
2643,2544,472,32.17
8880,8780,472,13.69
3658,3759,472,10.14
2952,3053,472,10.56
3425,3325,472,13.25
3469,3369,472,53.29
4365,4265,472,11.46
8502,8501,472,4.93
5891,5792,472,12.13
2338,2237,472,20.55
2451,2351,472,46.03
3252,3153,472,6.18
4515,4415,472,24.24
2442,2343,472,28.51
4276,4177,472,10.86
3764,3664,472,60.09
2847,2846,472,9.97
8577,8477,472,13.59
9867,9966,472,2.57
6896,6796,472,48.57
4164,4064,473,63.03
5591,5491,473,41.98
2430,2330,473,34.34
5186,5086,473,47.67
3571,3471,473,54.03
3045,2945,473,48.65
3774,3674,473,47.77
5181,5081,473,22.51
2654,2554,473,56.16
2547,2448,473,30.69
3663,3563,473,56.43
5284,5184,473,61.93
2427,2327,473,57.47
3221,3121,473,13.6
4609,4509,473,12.31
2429,2329,473,10.25
4417,4317,473,10.17
4701,4601,473,28.11
4266,4166,473,10.67
3568,3468,473,51.49
4777,4678,473,11.92
4603,4503,473,57.05
3419,3319,473,13.44
4712,4612,473,13.22
2450,2350,473,55.49
4362,4363,473,7.01
5690,5590,473,47.54
3963,3864,473,16.06
2653,2554,473,32.32
8389,8490,473,9.74
4702,4601,473,23.19
4206,4106,473,58.06
8779,8679,473,13.43
2552,2453,473,32.36
4267,4166,473,7.76
9843,9943,473,2.2
2826,2726,473,55.76
2747,2646,473,15.88
4979,4879,473,17.63
3572,3472,474,55
2347,2247,474,60.25
4980,4880,474,41.03
5087,4987,474,43.07
6395,6295,474,26.32
3561,3461,474,22.37
9210,9211,474,19.3
8476,8376,474,13.58
5283,5183,474,11.24
4416,4316,474,10.15
2531,2431,474,9.85
3470,3370,474,49.55
9008,9007,474,5.45
3159,3059,474,32.72
2451,2352,474,32.42
4074,3975,474,11.26
2351,2251,474,52.31
2142,2042,474,35.36
2238,2137,474,19.11
2838,2738,474,4.08
5086,4986,475,56.85
4106,4006,475,54.09
2330,2230,475,57.83
2329,2229,475,61.4
3573,3473,475,36.35
5182,5082,475,43.42
6796,6696,475,48.42
3260,3160,475,29.58
3058,2958,475,29.36
6194,6094,475,28.3
2447,2348,475,29.87
3045,2946,475,32.12
2327,2227,475,53.71
3145,3044,475,19.03
3144,3044,475,13.13
3122,3022,475,13.03
2543,2444,475,24.47
4804,4704,475,11.6
4207,4107,475,37.44
7396,7297,475,10.89
3127,3126,475,7.18
3154,3054,475,13.49
2350,2250,475,62.28
2726,2626,475,62.73
5589,5489,475,46.73
2945,2845,475,52.19
5791,5692,475,12.12
2338,2337,475,10.6
4803,4704,475,13.43
3974,3875,475,12.09
5388,5288,475,33.11
8706,8805,475,4.09
4602,4502,475,18.51
8389,8488,475,8.48
5387,5288,475,12.11
6092,5993,475,11.95
9880,9980,475,5.85
2247,2147,476,62.43
2431,2331,476,60.04
3674,3574,476,42.75
3370,3270,476,51.37
2554,2454,476,45.19
4177,4077,476,28.84
4678,4578,476,33.54
3562,3462,476,21.36
4613,4513,476,13.47
2654,2555,476,28.95
3056,2956,476,13.39
2251,2151,476,59.21
4415,4315,476,27.3
3360,3261,476,15.96
3663,3564,476,28.76
2039,1939,476,12.42
3664,3564,476,25.95
4811,4711,476,13.65
2647,2546,476,14.65
2734,2635,476,12.46
4677,4578,476,11.84
2553,2454,476,31.92
4603,4504,476,28.3
3057,2957,476,19.97
2753,2754,476,11.05
5590,5490,476,48.83
4601,4501,476,33.64
2142,2043,476,30.2
9863,9964,476,3.8
9114,9214,476,3.46
3764,3665,476,25.43
9735,9835,476,1.77
2229,2129,477,62.89
3473,3373,477,59.33
3059,2959,477,34.36
5491,5391,477,32.05
5081,4981,477,29.44
3563,3463,477,25.14
5183,5083,477,44.39
4308,4208,477,19.06
2547,2446,477,16.24
9210,9310,477,12.12
3120,3020,477,13.73
5285,5185,477,16.7
3123,3023,477,12.56
5287,5188,477,13.9
3471,3371,477,30.6
4704,4604,477,62.51
4063,3964,477,16.01
2250,2150,477,61.73
9281,9182,477,7.14
8704,8703,477,5.18
2230,2130,477,55.34
4703,4604,477,14.97
9978,9979,477,6.88
2739,2638,477,5.44
4502,4402,477,55.19
2351,2252,477,31.04
2142,2143,477,18.18
3224,3124,477,12.43
5288,5188,477,54.68
2644,2545,477,25.86
2644,2645,477,19.98
4219,4119,477,10.98
9880,9981,477,7.27
9733,9832,477,2.48
2626,2526,477,62.6
2147,2047,478,62.75
2331,2231,478,54.65
4986,4886,478,34.3
7297,7197,478,48.68
5692,5592,478,42.03
4006,3906,478,38.51
2348,2248,478,39.36
6295,6195,478,32.97
4503,4403,478,23.27
2554,2455,478,32.44
2347,2248,478,25.23
5489,5389,478,40.17
8981,8881,478,13.55
3045,2944,478,18.72
2151,2051,478,63.05
4880,4780,478,28.58
3767,3667,478,11.67
2528,2428,478,10.03
3460,3361,478,15.63
2632,2532,478,9.12
6495,6396,478,12.04
2227,2127,478,35.21
3875,3775,478,42.95
6695,6596,478,10.88
2631,2532,478,8.84
4414,4314,478,11.54
8980,8881,478,7.74
3160,3060,478,35.13
4377,4278,478,12.12
3270,3170,478,50.07
9781,9682,478,5.03
2142,2041,478,23.09
4107,4007,478,39.69
2845,2745,478,46.81
5992,5893,478,11.97
3369,3269,478,16.99
3720,3719,478,2.16
2150,2050,479,58.53
3574,3474,479,48.61
5082,4982,479,27.06
2958,2858,479,27.44
3468,3368,479,17.01
4164,4065,479,19.24
3055,2955,479,13.54
5185,5085,479,62.61
2956,2856,479,49.42
9210,9311,479,14.03
4577,4478,479,11.98
2040,1940,479,10.98
2038,1938,479,13.16
4477,4378,479,12.13
6996,6897,479,10.94
7096,6997,479,10.83
5490,5390,479,46.69
2526,2426,479,63
6595,6496,479,11.92
9221,9220,479,3.15
2743,2744,479,7.36
3665,3565,479,37.1
2644,2744,479,14
2129,2029,479,52.63
