169,168,2,41.35
168,167,5,43.55
167,166,8,43.12
166,165,11,43.04
169,268,11,12.28
165,164,14,41.59
268,267,14,42.89
168,267,14,11.85
164,163,17,37.41
267,266,17,40.14
167,266,17,11.96
163,162,20,36.52
266,265,20,38.55
166,265,20,11.98
162,161,23,39.42
265,264,23,37.41
165,264,23,12.25
268,367,23,12.02
161,160,26,39.4
264,263,26,38.3
367,366,26,39.45
164,263,26,12.61
267,366,26,12.42
160,159,29,40.64
263,262,29,40.45
366,365,29,37.45
163,262,29,12.65
266,365,29,12.55
169,68,31,4.44
159,158,32,44.7
262,261,32,41.63
365,364,32,36.03
162,261,32,12.49
265,364,32,12.61
68,67,34,33.41
158,157,35,41.6
261,260,35,39.87
364,363,35,39.65
161,260,35,12.49
264,363,35,12.57
367,466,35,12.49
169,269,36,2.75
157,156,38,40.85
260,259,38,39.02
363,362,38,42.93
466,465,38,41.97
67,66,38,32.11
160,259,38,12.37
263,362,38,12.39
366,465,38,12.61
465,464,41,43.08
259,258,41,42.06
362,361,41,43.2
262,361,41,12.25
365,464,41,12.66
66,65,42,31.84
166,65,42,4.26
258,257,44,44.79
361,360,44,40.8
464,463,44,44.24
261,360,44,12.45
364,463,44,12.47
164,63,44,4.73
165,64,44,4.41
156,155,46,14.07
257,256,47,42.65
360,359,47,38.71
463,462,47,44.57
260,359,47,12.52
363,462,47,12.01
466,565,47,12.19
163,62,47,4.78
269,368,48,12.06
155,154,49,44.78
359,358,50,39.74
462,461,50,44.01
565,564,50,44.19
62,61,50,36.8
465,564,50,11.97
259,358,50,12.18
362,461,50,11.95
154,153,52,36.99
61,60,53,39.1
564,563,53,44.75
358,357,53,43.95
461,460,53,42.93
361,460,53,12.35
256,255,55,14.05
60,59,56,41.77
563,562,56,44.77
357,356,56,43.51
460,459,56,42.12
360,459,56,12.54
169,69,56,1.77
153,152,57,24.83
154,253,58,15.92
59,58,59,44.53
562,561,59,44.1
459,458,59,41.21
359,458,59,12.46
367,467,59,2.86
565,664,60,11.61
155,254,60,10.78
563,662,61,73.66
357,456,61,73.07
460,559,61,76.99
153,252,61,47.98
564,663,61,73.44
358,457,61,77
461,560,61,77
664,763,62,73.82
254,353,62,77.47
561,660,62,76.8
467,566,62,74.45
458,557,62,76.91
253,352,62,62.24
562,661,62,76.48
459,558,62,76.67
560,659,63,76.82
559,658,63,76.88
663,762,63,76.82
252,351,63,70.87
152,251,63,41.82
152,151,63,13.29
566,665,64,73.41
557,656,64,75.72
352,451,64,81.84
558,657,64,76.98
457,556,64,60.41
356,455,64,33.53
255,354,64,33.66
256,355,64,33.74
659,758,65,75.21
351,450,65,89.03
658,757,65,75.76
251,350,65,81.47
763,862,65,62.96
353,452,65,66.45
656,755,66,77.03
451,550,66,83.84
657,756,66,76.83
354,453,66,83.06
762,861,66,67.71
151,250,66,53.73
456,555,66,33.49
758,857,67,75.55
450,549,67,76.82
757,856,67,75.44
350,449,67,89.34
665,764,67,67.88
556,655,67,52.64
755,854,68,84.48
756,855,68,76.9
453,552,68,81.31
250,349,68,89.2
862,961,68,63.45
452,551,68,61.19
857,956,69,70.96
856,955,69,72.67
655,754,69,76.43
861,960,69,64
455,554,69,33.53
355,454,69,33.54
854,953,70,88.37
855,954,70,72.55
349,448,70,86.31
961,1060,70,73.83
549,648,70,55.5
449,548,70,61.41
764,863,70,65.65
550,649,70,43.27
269,369,70,3.77
754,853,71,74.36
960,1059,71,73.42
554,653,71,86.38
454,553,71,74.6
550,650,71,23.1
555,654,71,33.56
953,1052,72,86.15
369,468,72,86.89
1060,1159,72,73.48
956,1055,72,60.64
955,1054,72,62.4
552,651,72,42.54
151,150,72,12.05
58,57,72,5.05
853,952,73,88.26
1059,1158,73,73.83
654,753,73,74.88
954,1053,73,64.68
863,962,73,57.24
448,547,73,59.15
649,748,73,48.75
1052,1151,74,88.26
1055,1154,74,81.8
1054,1153,74,76.18
653,752,74,63.04
553,652,74,58.34
650,749,74,57.44
448,447,74,26.47
648,747,74,38.22
952,1051,75,85.91
753,852,75,75.06
1053,1152,75,73.41
962,1061,75,72.98
1159,1258,75,67.37
651,750,75,60.09
150,249,75,68.61
762,761,75,9.06
1154,1253,76,83.56
1153,1252,76,82.53
752,851,76,78.68
1158,1257,76,66.56
748,847,76,65.59
548,647,76,25.04
1151,1250,76,71.41
1152,1251,77,87.62
1061,1160,77,71.79
1258,1357,77,72.79
750,849,77,78.25
249,348,77,89.76
761,860,77,75.01
652,751,77,57.33
749,848,77,69.28
747,846,77,66.85
861,860,77,9.34
1253,1352,78,87.56
1252,1351,78,87.65
851,950,78,76.16
1257,1356,78,87.05
847,946,78,76.19
1250,1349,78,79.72
1051,1150,78,67.12
852,951,78,65.7
848,947,79,74.38
1357,1456,79,82.17
849,948,79,75.82
751,850,79,84.5
846,945,79,83.88
1251,1350,79,71.32
1352,1451,80,87.76
1356,1455,80,82.46
1150,1249,80,79.97
951,1050,80,82.53
1160,1259,80,69.19
860,959,80,63.76
647,746,80,40.3
547,646,80,21.15
468,567,80,18.38
660,759,80,8.15
661,760,80,8.21
153,52,80,3.58
1351,1450,80,88.22
947,1046,81,73.99
1350,1449,81,81.88
1456,1555,81,87.94
948,1047,81,72.26
850,949,81,79.92
950,1049,81,69.19
1349,1448,81,55.26
447,546,81,21.06
1455,1554,82,84.75
1050,1149,82,81.45
746,845,82,77.95
150,149,82,10.65
1451,1550,82,86.32
1555,1654,83,77.23
949,1048,83,75.37
1249,1348,83,55.12
959,1058,83,69.07
1259,1358,83,69.95
646,745,83,60.89
1059,1058,83,8.38
1554,1653,84,82.84
845,944,84,86.29
149,248,84,88.04
1449,1548,84,59.22
1047,1146,84,70.57
1049,1148,84,68.93
1448,1547,84,61.42
447,446,84,10.03
1158,1157,84,9.16
1654,1753,85,88.16
1358,1457,85,75.48
745,844,85,84.37
1149,1248,85,62.24
665,765,85,4.79
566,666,85,4.43
1653,1752,86,88.27
248,347,86,88.93
1547,1646,86,86.57
1048,1147,86,67.8
1348,1447,86,59.15
546,645,86,29.98
946,1045,86,18.38
448,347,86,9.12
1457,1556,87,76.4
844,943,87,85.21
1753,1852,87,88.19
765,864,87,73.41
1548,1647,87,63.01
1148,1247,87,63.65
1157,1256,87,69.73
945,1044,87,18.41
154,53,87,2.68
1752,1851,88,88.27
1646,1745,88,78.9
645,744,88,72.35
1248,1347,88,59.61
546,545,88,14.34
52,51,88,14.09
860,859,88,9.36
1556,1655,89,76.6
1647,1746,89,84.05
943,1042,89,88.35
1852,1951,89,83.98
1256,1355,89,83.69
1147,1246,89,68.56
1447,1546,89,70.12
1046,1145,89,18.15
956,1056,89,5.12
857,957,89,4.61
1450,1549,89,17.68
1851,1950,90,83.75
744,843,90,85.77
864,963,90,60.47
1247,1346,90,68.65
1550,1649,90,18.1
863,963,90,5.25
1655,1754,91,85.55
1042,1141,91,86.11
1951,2050,91,78.14
1056,1155,91,84.17
1355,1454,91,86.22
1546,1645,91,87.9
545,644,91,49.68
859,958,91,65.46
347,346,91,23.52
1549,1648,91,79
1950,2049,92,81.62
843,942,92,87.33
1146,1245,92,18.04
944,1043,92,18.25
1649,1748,92,82.77
57,56,92,5.21
1754,1853,93,88.23
1141,1240,93,83.46
2050,2149,93,78.78
1155,1254,93,84.9
1454,1553,93,82.09
644,743,93,79.76
963,1062,93,61.12
149,148,93,9.79
2049,2148,94,85.15
942,1041,94,87.27
1043,1142,94,87.65
958,1057,94,63.06
346,445,94,52.95
1045,1144,94,18.18
1748,1847,94,73.31
1648,1747,94,64.38
1853,1952,95,86.01
2149,2248,95,87.8
1254,1353,95,86.98
1553,1652,95,87.7
743,842,95,87.11
1240,1339,95,85.47
148,247,95,83.59
346,345,95,28.81
1044,1143,95,17.95
2148,2247,96,74.95
445,544,96,72.95
1041,1140,96,70.76
1142,1241,96,85.63
1062,1161,96,68.48
51,50,96,13.35
1447,1446,96,10.51
1157,1156,96,8.88
758,858,96,3.34
1952,2051,97,85.13
2248,2347,97,78.56
1143,1242,97,87.52
1353,1452,97,88.18
1652,1751,97,88.27
842,941,97,88.31
1339,1438,97,84.96
345,444,97,82.43
1145,1244,97,17.93
1246,1345,97,17.96
1745,1844,97,16.95
1847,1946,97,49.19
369,469,97,3.79
1747,1846,97,64.3
169,170,97,0.89
1140,1239,98,85.03
2247,2346,98,78.49
1446,1545,98,78.02
1156,1255,98,83.59
1346,1445,98,17.85
1746,1845,98,16.33
1751,1850,99,88.37
941,1040,99,70.74
1452,1551,99,87.47
2347,2446,99,77.52
2051,2150,99,81.91
469,568,99,74.82
1438,1537,99,83.95
1161,1260,99,69.16
544,643,99,65.5
1847,1947,99,21.15
1160,1260,99,4.72
1239,1338,100,71.35
2346,2445,100,84.08
1545,1644,100,84.05
1255,1354,100,84.41
1445,1544,100,77.18
2148,2147,100,18.22
1245,1344,100,17.84
1645,1744,100,16.94
169,270,100,1.41
1040,1139,101,85.17
2150,2249,101,80.79
568,667,101,86.75
1947,2046,101,72
1537,1636,101,85.62
643,742,101,84.52
444,543,101,40.14
444,443,101,29.98
1551,1650,101,85.76
2049,2048,101,12.27
1338,1437,102,82.84
2445,2544,102,83.84
1354,1453,102,87.95
2147,2246,102,78.36
1344,1443,102,87.13
1260,1359,102,69.45
1144,1243,102,17.83
1454,1453,102,9.35
1748,1848,102,10.88
1259,1359,102,4.67
1139,1238,103,71.15
1636,1735,103,77.68
742,841,103,85.66
443,542,103,73.32
543,642,103,86.71
1650,1749,103,88.35
345,344,103,13.96
1243,1342,104,87.29
2246,2345,104,82.85
1453,1552,104,81.09
1437,1536,104,85.9
1359,1458,104,73.64
667,766,104,69.79
346,245,104,11.22
841,940,105,74.09
542,641,105,88.3
642,741,105,85.94
1735,1834,105,78.71
2544,2643,105,67.87
1345,1444,105,17.81
1244,1343,105,17.86
1241,1340,105,17.49
50,49,105,11.94
1238,1337,105,83.15
2345,2444,106,85.84
1552,1651,106,86.64
1536,1635,106,81.9
1458,1557,106,76.46
766,865,106,76.39
444,343,106,16.02
1242,1341,106,17.54
1844,1943,106,17.63
1946,2045,106,17.38
347,246,106,7.35
1846,1945,106,16.91
940,1039,107,84.77
641,740,107,86.72
2643,2742,107,76.13
1343,1442,107,85.06
741,840,107,82.36
1834,1933,107,85.09
1444,1543,107,85.55
1340,1439,107,87.01
443,442,107,19.13
2048,2047,107,17.59
2147,2146,107,16.31
1850,1949,107,18.48
1845,1944,107,17.4
2248,2348,107,8.92
1950,1949,107,5.99
864,964,107,5.12
2444,2543,108,85.78
1651,1750,108,88.27
1635,1734,108,75.28
1557,1656,108,76.21
1337,1436,108,70.61
1848,1948,108,17.55
2446,2545,108,17.5
2347,2447,108,9.3
1847,1948,108,10.14
442,541,109,84.88
1439,1538,109,84.96
1933,2032,109,85.96
740,839,109,86
1039,1138,109,71.2
840,939,109,84.12
1644,1743,109,17.06
1744,1843,109,17.36
1544,1643,109,17.29
148,147,109,6.36
154,54,109,1.46
2543,2642,110,85.74
1734,1833,110,83.29
1656,1755,110,77.33
1436,1535,110,85.09
2545,2644,110,83.8
2447,2546,110,77.13
2742,2841,110,59.45
343,342,110,27.07
2246,2245,110,13.71
964,1063,110,50.57
2046,2145,110,17.52
56,55,110,5.6
963,1063,110,5.1
541,640,111,87.5
839,938,111,84.29
939,1038,111,84.65
1538,1637,111,85.15
2032,2131,111,84.71
2742,2741,111,26.33
1443,1542,111,17.35
1238,1237,111,13.53
342,441,112,71.9
1833,1932,112,85.91
1755,1854,112,87.39
1535,1634,112,75.1
2644,2743,112,85.41
2245,2344,112,85.91
1635,1634,112,18.04
1636,1736,112,9.25
1754,1854,112,4.93
640,739,113,88.31
938,1037,113,82.84
1237,1336,113,83.2
2131,2230,113,80.73
1038,1137,113,82.86
2841,2940,113,62.44
1063,1162,113,59.18
2742,2842,113,16.75
1342,1441,113,17.34
441,540,114,87.99
1634,1733,114,81.15
1736,1835,114,77.7
1932,2031,114,86.48
1854,1953,114,87.9
2741,2840,114,59.45
2642,2641,114,26.38
1943,2042,114,17.82
49,48,114,11.4
245,244,114,10.16
739,838,115,82.13
1336,1435,115,83.97
1137,1236,115,84.5
2741,2740,115,26.33
1944,2043,115,17.76
2444,2443,115,11.83
1341,1440,115,17.53
2045,2144,115,17.64
1945,2044,115,17.6
540,639,116,87.77
1733,1832,116,85.61
2031,2130,116,82.32
1953,2052,116,86.98
1835,1934,116,82.79
1037,1136,116,70.71
2230,2329,116,69.22
2842,2941,116,66.51
2940,3039,116,58.36
1162,1261,116,66.54
342,341,116,19.91
1535,1534,116,18.14
1750,1849,116,18.22
1543,1642,116,17.18
1442,1541,116,17.3
838,937,117,83.53
1236,1335,117,83.13
1440,1539,117,87.68
2840,2939,117,47.35
2940,2939,117,26.81
1843,1942,117,17.79
2543,2542,117,11.86
568,668,117,5.86
2144,2243,117,86.53
3039,3138,118,86.89
1934,2033,118,84.71
2052,2151,118,86.82
341,440,118,78.89
2130,2229,118,79.99
639,738,118,84.33
1534,1633,118,77.37
1832,1931,118,86.16
1136,1235,118,84.61
2740,2839,118,49.05
2840,2839,118,30.03
2641,2640,118,26.48
2230,2229,118,21.38
1743,1842,118,17.59
1643,1742,118,17.32
1335,1434,119,82.69
2939,3038,119,79.33
1539,1638,119,85.4
2941,3040,119,66.97
2329,2428,119,52.39
1261,1360,119,69.4
2740,2739,119,29.77
2940,3040,119,17.24
2743,2843,119,15.33
2245,2244,119,11.74
2546,2645,119,17.38
2145,2244,119,17.67
2447,2547,119,9.44
2243,2342,119,87.57
1633,1732,120,84.94
1931,2030,120,86.39
738,837,120,80.08
440,539,120,88.32
2151,2250,120,86.14
2033,2132,120,85.44
3138,3237,120,87.53
1235,1334,120,82.58
937,1036,120,69.25
668,767,120,64.18
2329,2328,120,28.98
1542,1641,120,17.44
2348,2448,120,7.9
2839,2938,121,48.87
48,47,121,26.11
2842,2942,121,13.71
343,242,121,8.4
469,569,121,3.46
2547,2646,122,49.28
3040,3139,122,49.65
1638,1737,122,45.14
3038,3137,122,44.19
1434,1533,122,48.53
2640,2639,122,36.07
2229,2228,122,33.18
2839,2838,122,34.59
2542,2541,122,30.69
341,340,122,26.18
2130,2129,122,26.91
2329,2429,122,19.78
1534,1533,122,29.6
2230,2330,122,12.02
2244,2343,122,41.73
147,146,122,12.48
270,370,122,3.8
2645,2744,123,31.15
1360,1459,123,31.42
2739,2738,123,34.78
738,737,123,27.66
1235,1234,123,25.41
639,638,123,23.12
1832,1831,123,21.41
1136,1135,123,23.4
244,243,123,14.19
1441,1540,123,6.18
1736,1836,123,9.49
2144,2143,123,20.46
2942,3041,124,49.5
837,936,124,47.06
837,836,124,25.38
2132,2231,124,45.9
3237,3336,124,43.97
1334,1433,124,46.93
1334,1333,124,25.21
2328,2427,124,43.8
3038,3037,124,22.09
1434,1433,124,27.77
1633,1632,124,22.4
1931,1930,124,21.2
937,936,124,17.64
2941,3041,124,14.32
2443,2442,124,15
2131,2231,124,7.74
2243,2242,124,18.82
2541,2540,125,35.64
3137,3236,125,48.93
242,241,125,29.39
1732,1731,125,23.81
2030,2029,125,24.67
3237,3236,125,21.88
767,866,125,29.82
2328,2327,125,21.71
2639,2638,125,36.05
1836,1935,126,48.98
2129,2128,126,31.57
3139,3238,126,38.58
340,439,126,45.73
3137,3136,126,28.62
2938,2937,126,20.18
539,538,126,17.89
1036,1035,126,17.36
2250,2349,126,27.53
440,439,126,15.52
2229,2128,126,18.39
2042,2141,126,5.95
2427,2526,127,49.58
3041,3140,127,49.09
737,736,127,26.68
1234,1233,127,26.15
638,637,127,29.43
1540,1639,127,39.78
340,339,127,23.72
1533,1532,127,23.83
2327,2426,128,49.67
2427,2426,128,30.81
1632,1631,128,27.68
1333,1432,128,45.65
3037,3036,128,32.32
1135,1134,128,23.87
1459,1558,128,30.87
47,46,128,16.36
2540,2539,128,34.61
964,1064,128,4.08
2638,2637,128,35.82
2128,2127,129,34.25
241,240,129,32.92
1731,1830,129,39.82
2327,2326,129,32.17
1333,1332,129,23.62
836,935,129,34.46
936,935,129,23.55
3336,3435,129,30.33
1930,1929,129,20.18
2242,2341,129,31.45
1831,1830,129,18.58
2143,2142,129,19.6
2442,2441,129,23.31
2043,2142,129,6.01
2638,2737,129,47.1
2526,2525,130,35.25
3140,3239,130,48.36
538,537,130,26.32
3136,3235,130,43.95
2937,2936,130,27.62
2128,2227,130,38.87
2029,2028,130,24.62
866,965,130,29.05
836,835,130,17.58
2330,2430,130,13.87
2942,3042,130,11.7
2329,2430,130,10.99
2426,2425,131,35.35
2637,2736,131,49.67
2526,2625,131,41.19
1233,1232,131,25.32
637,636,131,29.36
1639,1738,131,42.9
339,438,131,39.33
3238,3337,131,28.3
3136,3135,131,21.86
1035,1034,131,22.82
2141,2240,131,31.39
1731,1730,131,18.4
2242,2241,131,14.9
2547,2647,131,9.09
2539,2538,131,34.4
2127,2226,132,48.5
1134,1133,132,25.05
2637,2636,132,31.67
3041,3141,132,12.69
3336,3335,132,12.59
1934,2034,132,6.25
1642,1741,132,6.24
1541,1640,132,5.99
1755,1855,132,3.99
2525,2524,133,36.01
2341,2440,133,47.04
2341,2340,133,25.36
2326,2325,133,33.32
240,239,133,32.51
2127,2126,133,27.71
1432,1531,133,29.66
1064,1163,133,30.45
2526,2626,133,19.44
736,735,133,17.62
339,338,133,18.04
2937,2837,133,15.42
2937,2836,133,20.53
2141,2140,133,14.98
1558,1657,133,28.51
1063,1163,133,3.83
2441,2440,133,31.25
2647,2746,134,49.48
2425,2424,134,35.91
2625,2624,134,36.08
2538,2537,134,34.91
3239,3338,134,37.92
3235,3334,134,36.87
537,536,134,32.05
2028,2027,134,27.54
2525,2624,134,44.16
835,934,134,45.9
1929,1928,134,20.45
3435,3534,134,34.88
935,934,134,22.69
1332,1431,134,30.14
46,145,134,27.26
2231,2331,134,10.64
2744,2844,134,9.1
2743,2844,134,6.97
3141,3240,135,49.59
3135,3234,135,40.9
1738,1837,135,46.1
2625,2724,135,44.87
2240,2339,135,46.9
2240,2239,135,25.16
835,834,135,23.92
2430,2529,135,31.21
3435,3434,135,17.01
1631,1630,135,15.35
2427,2527,135,9.84
1836,1936,135,8.64
1737,1837,135,7.76
1942,2041,135,5.93
2936,3035,135,32.32
2325,2324,136,35.51
2340,2439,136,49.58
2034,2133,136,46.54
1640,1739,136,39.11
438,437,136,20.62
1730,1829,136,30.9
1034,1033,136,23.13
3337,3436,136,30.99
1232,1331,136,30.35
1332,1331,136,15.39
2429,2528,136,10.15
2132,2232,136,6.47
2033,2133,136,5.79
2936,2935,136,18.64
536,635,137,48.73
2537,2536,137,34.57
2027,2026,137,35.93
239,238,137,27.06
1133,1132,137,24.52
3135,3134,137,19.22
636,635,137,17.69
2625,2725,137,17.15
2326,2225,137,18.29
1855,1954,137,29.29
2448,2548,137,6.05
2842,2943,137,6.46
2339,2438,138,48.78
2239,2338,138,48.07
3240,3339,138,48.39
536,535,138,28.18
735,734,138,24.14
1163,1262,138,31.01
2626,2726,138,20.99
1232,1231,138,15.36
46,45,138,11.07
1842,1941,138,5.94
1742,1841,138,6.02
2239,2238,139,26.91
1928,1927,139,20.18
934,933,139,23.5
3334,3433,139,30.71
2746,2845,139,30.52
3338,3437,139,30.82
2836,2835,139,19.04
2524,2623,139,28.12
2626,2627,139,17.5
1730,1729,139,12.89
2026,2025,140,34.99
437,436,140,30.61
1739,1838,140,42.79
3434,3533,140,30.83
3234,3333,140,35
3534,3633,140,25.14
2424,2523,140,27.42
1531,1530,140,14.9
2140,2139,140,15.17
2524,2523,140,15.41
3042,3142,140,10.09
2338,2437,141,48.67
2026,2125,141,40.52
2725,2824,141,46.8
2225,2224,141,29.66
238,337,141,41.82
3436,3535,141,30.07
1033,1032,141,22.39
834,833,141,17.59
2041,2040,141,19.3
2424,2423,141,15.35
2746,2745,141,15.34
145,144,141,15.87
1431,1430,141,14.61
1657,1756,141,17.93
2626,2727,141,18.87
3141,3241,141,11.35
241,140,141,8.89
3134,3233,141,40.31
2935,3034,141,33.59
2238,2337,142,49.12
2845,2944,142,49.16
3433,3432,142,35.4
2338,2337,142,28.05
3339,3438,142,38.75
2726,2825,142,43.42
2536,2635,142,31.81
1132,1131,142,23.58
1954,2053,142,33.87
1630,1629,142,15.28
2647,2747,142,9.52
242,141,142,6.93
2935,2934,142,18.16
1838,1937,143,47.16
2025,2124,143,49.68
3533,3632,143,49.68
2238,2237,143,29.1
3433,3532,143,41.61
1262,1361,143,31.51
2536,2535,143,18.76
635,634,143,17.46
238,237,143,19.96
1331,1330,143,14.55
535,634,143,34.44
2331,2431,143,11.41
569,669,143,4.57
668,768,143,3.78
3134,3133,143,18.77
1261,1361,143,3.59
69,70,143,1.17
2224,2223,144,35.94
2025,2024,144,31.89
1927,1926,144,24.56
3437,3536,144,30.85
734,733,144,17.56
2726,2826,144,18.15
1941,1940,144,18.69
1829,1828,144,14.11
535,534,144,17.6
3241,3340,144,49.67
436,435,144,31.92
1641,1740,144,5.9
2337,2436,145,48.76
3432,3431,145,35.41
2747,2846,145,49.01
2224,2323,145,46.67
2139,2138,145,24.92
140,139,145,26.81
933,932,145,17.51
2835,2834,145,18.93
1231,1230,145,14.95
2124,2123,146,36.09
2237,2336,146,48.11
2431,2530,146,48.82
2337,2336,146,28.23
3432,3531,146,41.63
1032,1031,146,21.96
3535,3634,146,33.29
3633,3732,146,28.14
3333,3332,146,18.53
2026,1925,146,16.68
337,336,146,23.12
3233,3332,146,34.69
3034,3033,146,20.85
2826,2925,147,49.41
2237,2236,147,26.98
733,832,147,48.84
3438,3537,147,33.98
2053,2152,147,29.53
2423,2522,147,27.9
1430,1529,147,27.08
1530,1529,147,15.44
45,44,147,11.75
3340,3439,147,48.32
2034,2134,147,6.78
243,142,147,6.04
3233,3232,147,17.33
1740,1839,148,39.59
3536,3635,148,39.15
1940,2039,148,40.72
2535,2634,148,31.44
768,867,148,31.52
3532,3631,148,31.01
1361,1460,148,31.51
733,732,148,28.41
1629,1728,148,26.1
2846,2945,148,48.21
2934,2933,148,17.75
2423,2422,148,15.39
2727,2827,148,15.4
2040,2039,148,15.1
1430,1429,148,15.32
144,143,148,15.44
2232,2332,148,8.91
2724,2823,148,11.45
534,633,148,46.77
3431,3430,148,35.94
2942,3043,148,5.34
1360,1460,148,3.5
3531,3530,149,35.89
2336,2435,149,48.03
1031,1130,149,48.12
2436,2435,149,31.92
2024,2023,149,23.67
2535,2534,149,18.84
3632,3731,149,28.16
1131,1130,149,15.39
2724,2723,149,7.36
2624,2723,149,9.57
139,138,149,28.5
534,533,149,25
3431,3530,149,46.65
237,236,149,17.55
3332,3331,149,34.68
3133,3132,149,17.11
832,931,150,47.39
3531,3630,150,46.87
2336,2335,150,26.86
336,335,150,32.17
1031,1030,150,27
932,931,150,23.29
1828,1827,150,16.85
1940,1939,150,19.08
435,434,150,17.82
370,470,150,3.68
2945,3044,151,49.68
2827,2926,151,48.85
832,831,151,25.85
3537,3636,151,37.8
2134,2233,151,46
3634,3733,151,33.22
3732,3831,151,34.88
2223,2322,151,21.88
2223,2222,151,14.35
2431,2531,151,13.14
3439,3538,151,42.83
3241,3341,151,10.39
3430,3529,151,47.91
3430,3429,151,35.44
3232,3231,151,26.89
533,632,152,47.59
1839,1938,152,42.58
633,632,152,26.75
2236,2235,152,24.98
44,43,152,20.93
2152,2251,152,34.26
1529,1628,152,31.3
1925,1924,152,19.26
3033,3032,152,17.17
2834,2833,152,15.4
1230,1329,152,23.41
1230,1229,152,14.71
1629,1628,152,10.52
2623,2722,152,10.96
3530,3629,152,49.1
3331,3330,152,34.62
2335,2434,153,48.48
533,532,153,26.15
138,137,153,26.04
236,235,153,25.17
1429,1528,153,31.07
867,966,153,30.1
3635,3734,153,33
1460,1559,153,31.04
2824,2923,153,11.81
3630,3729,153,49.59
1064,1164,153,4.05
2926,3025,154,49.58
3429,3528,154,47.81
3429,3428,154,35.5
3529,3628,154,48.6
3529,3528,154,34.9
2335,2334,154,27.65
931,930,154,27.92
335,334,154,30.76
434,433,154,26.71
1939,2038,154,42.68
3731,3830,154,34.86
3631,3730,154,28.23
2747,2847,154,8.68
2534,2633,154,31.2
2348,2449,154,3.06
1938,2037,155,47.78
3330,3329,155,34.48
632,731,155,49
3231,3230,155,29.96
3538,3637,155,43.97
1030,1129,155,32.47
3132,3131,155,17.65
1429,1428,155,15.18
2933,2932,155,15.35
2623,2622,155,6.6
2534,2533,155,18.88
3629,3728,155,49.67
2547,2648,155,3.99
43,42,156,32.28
632,631,156,28.81
3733,3832,156,34.95
1827,1826,156,19.83
3636,3735,156,34.15
1728,1727,156,12.81
2827,2927,156,13.1
3831,3930,156,33.59
1926,1825,156,12.11
1936,2035,156,6.97
2636,2735,156,5.95
1741,1840,156,5.9
965,1065,156,3.87
235,234,157,31.93
2235,2234,157,24.84
2251,2350,157,33.5
2847,2946,157,49.03
2825,2924,157,9.91
3340,3440,157,7.94
2529,2628,157,6.47
2334,2433,157,49.47
3329,3328,158,34.32
433,432,158,28.29
334,333,158,28.04
3734,3833,158,34.16
1164,1263,158,29.85
3032,3031,158,17.55
1924,1923,158,17
1030,1029,158,13.74
2332,2432,158,10.83
2945,3045,158,10.71
2833,2832,158,18.3
3729,3828,158,34.86
2334,2333,158,30.28
631,730,159,47.62
2927,3026,159,49.67
3637,3736,159,45.25
3230,3229,159,31.73
3730,3829,159,31.29
137,136,159,20
1229,1328,159,21.79
1229,1228,159,14.33
1329,1328,159,15.31
3830,3929,159,33.2
2627,2728,159,7.16
3440,3539,160,47.38
631,630,160,26.18
3728,3827,160,30.46
2533,2632,160,31.36
3628,3727,160,26.99
1559,1658,160,23.49
2925,3024,160,10.99
2522,2621,160,10.96
142,41,160,11.41
42,41,160,26.85
2727,2828,160,7.51
2238,2137,160,6.8
3141,3242,160,5.15
3045,3144,161,49.46
234,233,161,31.05
3832,3931,161,34.63
3131,3130,161,18.07
2533,2532,161,18.85
3628,3627,161,15.31
3735,3834,161,32.98
3930,4029,161,34.9
930,929,161,14.54
3736,3835,162,49.21
3229,3228,162,33.49
2723,2822,162,11.41
2932,2931,162,15.38
3042,3143,162,4.5
3539,3638,163,47.41
1263,1362,163,30.96
3833,3932,163,34.96
1727,1726,163,16.34
2422,2521,163,9.79
2522,2521,163,6.6
1937,2036,163,7.32
141,40,163,6.82
1756,1856,163,4.58
4029,4128,164,49.48
136,135,164,20.01
1228,1327,164,31.4
1825,1824,164,13.09
2222,2321,164,11.78
2222,2221,164,7.98
3031,3030,164,17.97
3929,4028,164,32.09
3829,3928,164,33.97
2823,2922,164,9.22
2832,2831,164,18.26
3835,3934,165,49.38
3931,4030,165,43.24
3727,3826,165,30.72
730,829,165,27.46
3834,3933,165,44.09
3130,3129,165,32.57
1628,1627,165,8.21
2322,2421,165,10.84
2647,2748,165,4.21
3228,3327,165,49.4
3228,3227,165,33.62
2532,2631,166,31.11
233,332,166,28.75
730,729,166,15.36
1328,1427,166,21.09
2927,3027,166,10.86
2847,2947,166,8.71
140,39,166,5.89
4128,4227,167,49.59
3638,3737,167,47.08
3932,4031,167,47.04
1726,1725,167,26.31
3627,3726,167,27.93
3727,3726,167,15.29
2828,2928,167,16.21
3827,3926,167,21.5
1228,1227,167,14.25
3025,3124,167,10.96
2237,2136,167,5.95
1954,2054,167,3.45
139,38,167,6.54
4030,4129,168,49.5
4128,4127,168,32.92
135,134,168,27.43
1362,1461,168,31.52
3627,3626,168,15.4
1856,1955,168,29.22
233,232,168,15.44
929,1028,168,20.94
3933,4032,168,48.37
2622,2721,168,10.96
3934,4033,168,49.45
669,769,168,4.13
2635,2734,168,5.58
3129,3128,168,35.05
1855,1955,168,2.8
3030,3029,168,32.57
3027,3126,169,49.67
2831,2930,169,28.91
929,928,169,14.1
3045,3145,169,9.48
2722,2821,169,8.44
2931,2930,169,15.43
4227,4326,170,48.08
3737,3836,170,48.69
4031,4130,170,48.35
2631,2730,170,40.97
3826,3925,170,31.53
2035,2135,170,7.55
3428,3527,170,8.98
3029,3028,171,35.33
4129,4228,171,48.8
3128,3127,171,33.48
134,133,171,34.31
4033,4132,171,49.67
4227,4226,171,26.93
38,37,171,27.68
4032,4131,171,48.88
2831,2830,171,15.44
2947,3046,171,29.56
1658,1757,171,14.12
4127,4226,171,49.47
3440,3540,171,7.25
2924,3023,171,10.61
2023,2122,171,6.67
2530,2629,171,5.73
768,868,171,3.7
3145,3244,172,49.38
2054,2153,172,29.02
2631,2630,172,19.27
729,828,172,23.94
3826,3825,172,14.56
829,828,172,14.74
1824,1823,172,13.13
4127,4126,172,30.25
2923,3022,172,7.81
3241,3342,172,4.65
3836,3935,173,49.52
4130,4229,173,47.9
1461,1560,173,31.19
729,728,173,14.82
3835,3935,173,9.29
1428,1527,173,8.29
931,830,173,6.31
3926,4025,173,26.4
232,331,173,29.14
3127,3226,174,49.6
4228,4327,174,47.89
4131,4230,174,47.7
3540,3639,174,47.59
4326,4425,174,46.34
1028,1127,174,26.31
2734,2733,174,18.43
1725,1724,174,14.88
4132,4231,174,49.59
1627,1626,174,11.78
4226,4325,174,49.67
3539,3639,174,7.27
3026,3125,174,9.56
632,531,174,6.67
133,132,174,35.48
4126,4225,175,49.36
37,36,175,25.5
1028,1027,175,15.23
4226,4225,175,31.68
3328,3427,175,8.73
232,231,175,15.44
4229,4328,176,49.42
3935,4034,176,49.61
2630,2729,176,41.3
4126,4125,176,29.83
868,967,176,31.47
2930,2929,176,15.44
3024,3123,176,8.92
3934,4034,176,9.45
2152,2252,176,3.51
2448,2549,176,2.57
4325,4424,177,49.51
4230,4329,177,49.51
4425,4524,177,48.98
3639,3738,177,48.7
4231,4330,177,49.65
3825,3924,177,31.38
3244,3343,177,29.66
3527,3526,177,15.38
2521,2620,177,10.29
2621,2720,177,8.67
1923,2022,177,7.7
4325,4324,178,30.45
4327,4426,178,46.42
4025,4124,178,34.77
2830,2829,178,15.41
4033,4133,178,10.8
2321,2420,178,10.28
2221,2320,178,10.19
4225,4324,178,47.82
4225,4224,178,35.5
2828,2829,178,5.79
1164,1264,178,4.14
4328,4427,179,47.69
1626,1625,179,21.26
1560,1659,179,26.58
3825,3824,179,14.98
1823,1922,179,20.95
3244,3243,179,15.43
2421,2520,179,10.78
4329,4428,180,49.31
4524,4623,180,49.07
4524,4523,180,34.29
3738,3837,180,48.85
4330,4429,180,49.62
36,35,180,20.81
231,330,180,29.97
1027,1126,180,31.49
4025,4024,180,15.05
1823,1822,180,14.1
4424,4523,180,49.22
4424,4423,180,34.03
3145,3245,180,9.28
3737,3837,180,8.3
4132,4232,180,11.38
1427,1526,180,10.85
4128,4027,180,8.89
1065,1165,180,4.19
2747,2848,180,3.8
2733,2732,180,18.48
4124,4123,181,71.08
1625,1624,181,67.54
231,230,181,55.1
1027,1026,181,60.9
1724,1723,181,33.23
132,131,181,50.99
3836,3936,181,4.38
2221,2220,181,14.56
3427,3426,181,51.66
631,530,181,7.24
4224,4223,181,61.05
4523,4522,182,67.99
4027,4026,182,72.37
4623,4622,182,69.27
4024,4023,182,72.34
2732,2731,182,60.97
3824,3823,182,58.74
1922,1921,182,50.08
2022,2021,182,44.36
1526,1525,182,67.72
134,33,182,11.35
1427,1426,182,28.17
630,629,182,14.31
4423,4422,182,67.25
4224,4323,182,25.92
4123,4122,183,72.42
131,130,183,54.29
4223,4222,183,67.76
330,329,183,46.87
1723,1722,183,72.22
530,529,183,51.42
1327,1326,183,22.36
1227,1226,183,22.39
432,431,183,13.73
2251,2351,183,1.82
133,32,183,14.48
3327,3326,183,14.15
1426,1425,184,58.05
4323,4322,184,63.1
230,229,184,43.09
4426,4525,184,12.58
1624,1623,184,43.87
3823,3822,184,72.71
1525,1524,184,72.47
4622,4621,184,53.51
2922,2921,184,13.63
4422,4421,184,60.46
4122,4121,185,72.56
4222,4221,185,68.47
32,31,185,50.1
1126,1125,185,22.45
2821,2820,185,13.61
3626,3625,185,13.68
3928,3927,185,13.33
1425,1424,186,71.77
4322,4321,186,60.52
1524,1523,186,54.14
130,129,186,41.98
1326,1325,186,48.37
1226,1225,186,38.6
3226,3225,186,14.15
3343,3442,186,10.18
3022,3021,186,13.7
928,927,186,14.05
3726,3725,186,13.48
135,34,186,7.51
3822,3821,186,72.71
1229,1128,186,5.91
3340,3441,186,3.46
4121,4120,187,69.07
4221,4220,187,55.51
31,30,187,53.89
1623,1622,187,33.67
329,328,187,32.87
1822,1821,187,14.39
2320,2319,187,14.21
2420,2419,187,14
2620,2619,187,13.65
2022,2121,187,10.97
3924,3923,187,13.42
2720,2719,187,13.58
967,1066,187,5.76
3123,3122,187,13.86
2122,2121,187,8.86
3625,3624,187,57.51
3526,3525,187,13.77
1263,1363,187,2.1
529,528,187,25.44
170,271,187,1.34
1325,1324,188,64.78
3725,3724,188,57.64
1523,1522,188,62.48
4321,4320,188,54.3
1424,1423,188,63.73
927,926,188,57.52
4623,4722,188,19.4
1225,1224,188,57.42
4427,4526,188,12.83
2520,2519,188,13.77
629,628,188,17.85
3935,4035,188,4.08
1125,1124,188,43.69
4422,4521,188,26.28
3821,3820,188,72.68
229,228,189,21.82
1921,1920,189,14.53
2021,2020,189,14.68
2220,2219,189,14.15
4231,4331,189,3.84
3540,3640,189,4.11
3426,3425,189,13.82
30,29,190,38.15
4023,4022,190,13.47
1722,1721,190,14.31
926,925,190,60.95
4429,4528,190,14.52
1622,1621,190,34.19
1324,1323,190,72.71
1224,1223,190,69.56
270,371,190,1.23
4321,4420,191,29.4
4421,4420,191,14.72
3326,3325,191,13.94
4428,4527,191,13.51
431,430,191,13.51
170,171,191,1.07
1223,1222,192,68.7
2921,2920,192,13.63
3639,3739,192,4.35
1423,1422,192,28.7
4621,4620,192,14.17
925,924,192,57.61
129,128,193,15.5
2820,2819,193,13.55
1621,1620,193,46.69
924,923,194,53.11
4220,4219,194,14.76
2121,2120,194,14.64
4120,4119,194,14.67
1821,1820,194,14.54
3021,3020,194,13.57
3225,3224,194,13.92
4525,4624,194,14.48
330,429,194,10.86
3823,3922,194,12.45
3245,3344,194,10.18
728,727,194,6.9
828,827,194,6.9
1323,1322,194,25.26
430,429,194,49.83
1222,1221,195,38.9
4521,4520,195,14.8
4320,4319,195,14.47
2319,2318,195,13.64
2719,2718,195,13.48
3122,3121,195,13.65
2619,2618,195,13.51
2419,2418,195,13.53
3624,3623,195,13.49
3525,3524,195,13.57
827,826,196,54.72
29,28,196,17.66
1124,1123,196,12.82
2519,2518,196,13.51
3820,3819,196,13.6
4722,4721,196,13.53
329,428,196,11.15
3724,3723,196,13.42
4622,4721,196,10.41
3822,3921,196,12.45
470,570,196,1.49
128,127,196,36.93
1920,1919,197,14.18
2219,2218,197,13.82
2020,2019,197,14.09
3425,3424,197,13.71
1721,1720,197,14.76
3124,3223,197,2.07
2350,2450,197,1.69
1123,1122,198,71.6
127,126,198,61.07
1221,1220,198,46.97
4420,4419,198,14.7
4022,4021,198,13.44
1659,1758,198,6.69
3921,3920,198,72.82
2947,3047,198,2.44
826,825,198,59.95
3723,3722,198,72.8
3821,3920,198,12.35
28,27,198,53.98
3325,3324,199,13.8
4526,4625,199,13.44
4034,4134,199,3.41
1362,1462,199,2.01
2847,2948,199,2.27
1122,1121,200,69.67
4021,4020,200,72.57
3722,3721,200,72.71
126,125,200,56.23
1220,1219,200,56.23
825,824,200,60.9
27,26,200,60.21
2920,2919,200,13.48
4620,4619,200,14.04
4528,4627,200,14.81
4331,4430,200,14.04
4121,4020,200,9.51
4623,4723,200,5.1
1620,1619,200,14.4
3738,3838,200,3.93
4330,4430,200,3.62
4219,4218,201,14.47
2819,2818,201,13.44
1820,1819,201,14.53
1026,1025,201,5.22
769,869,201,2.38
4119,4118,201,14.58
26,25,202,60.52
1219,1218,202,54.42
4627,4626,202,72.54
1121,1120,202,61.44
125,124,202,53.5
3721,3720,202,72.42
3020,3019,202,13.43
2120,2119,202,14.07
4527,4626,202,14.04
528,527,202,6.83
328,327,202,6.73
3045,3146,202,2.35
727,726,202,13.98
4520,4519,203,14.13
3623,3622,203,13.51
4319,4318,203,14.14
2318,2317,203,13.51
2718,2717,203,13.41
3121,3120,203,13.46
3524,3523,203,13.6
2618,2617,203,13.44
2418,2417,203,13.48
1522,1521,203,6.84
628,627,203,6.9
25,24,204,60.29
726,725,204,59.04
1120,1119,204,52.78
124,123,204,55.22
527,526,204,51.87
2518,2517,204,13.47
3819,3818,204,13.51
1720,1719,204,14.65
4721,4720,204,13.54
228,227,204,6.88
569,670,204,1.22
3622,3621,205,72.82
1218,1217,205,44.74
2218,2217,205,13.58
2019,2018,205,13.89
3424,3423,205,13.74
3223,3222,205,13.92
1919,1918,205,13.93
1222,1321,205,11.12
24,23,206,60.12
725,724,206,59.65
123,122,206,59.43
1521,1520,206,49.75
4419,4418,206,14.23
3920,3919,206,13.8
3621,3620,207,72.32
1619,1618,207,14.58
3324,3323,207,13.93
3837,3937,207,3.78
4133,4233,207,3.1
1955,2055,207,1.97
4020,4019,207,14.31
1422,1421,207,6.95
23,22,208,65.49
724,723,208,59.83
122,121,208,60.82
824,823,208,12.98
2919,2918,208,13.4
4619,4618,208,13.64
3440,3541,208,2.5
2818,2817,209,13.39
1221,1320,209,10.85
4625,4724,209,15.41
3344,3443,209,10.09
1819,1818,209,14.08
4429,4529,209,3.53
4218,4217,209,13.39
4118,4117,209,13.4
22,21,210,70.3
121,120,210,61.05
823,822,210,59.54
4519,4518,210,14.56
3720,3719,210,13.45
3019,3018,210,13.39
2119,2118,210,13.92
4627,4726,210,14.8
327,326,210,13.54
925,1024,210,7.09
4318,4317,211,13.39
2317,2316,211,13.46
627,626,211,14.09
2717,2716,211,13.38
3120,3119,211,13.39
3523,3522,211,13.6
2617,2616,211,13.39
2417,2416,211,13.45
1121,1020,211,13.78
428,427,211,6.76
3936,4036,211,3.45
1719,1718,211,14.46
21,20,212,70.39
120,119,212,67.31
3018,3017,212,60.77
4726,4725,212,55.84
1119,1118,212,14.06
4720,4719,212,13.54
526,525,212,13.4
227,226,212,13.49
2517,2516,212,13.42
3818,3817,212,13.37
4626,4725,212,14.72
1220,1319,212,10.12
1217,1216,212,14.53
822,821,212,58.13
4232,4332,212,3.15
1461,1561,212,1.9
2716,2715,213,60.76
2217,2216,213,13.49
3423,3422,213,13.69
3222,3221,213,13.55
2018,2017,213,13.97
923,922,213,5.4
1918,1917,213,13.99
119,118,214,55.59
20,19,214,71.31
3017,3016,214,60.85
3817,3816,214,62.79
1421,1420,214,14.74
1520,1519,214,13.69
4418,4417,214,13.39
3919,3918,214,13.72
1219,1318,214,10.32
1122,1021,214,9.13
525,524,214,59.48
868,968,214,1.97
821,820,214,60.29
2715,2714,215,60.99
1024,1023,215,22.62
3620,3619,215,13.4
1618,1617,215,14.18
3323,3322,215,13.82
1218,1317,215,10.95
4723,4822,215,10.02
4019,4018,215,14.21
3016,3015,216,60.68
19,18,216,56.03
2918,2917,216,13.38
4618,4617,216,13.42
3816,3815,216,67.09
723,722,216,13.38
524,523,216,59.45
2548,2649,216,1.41
2714,2713,217,66.97
1023,1022,217,59.76
4822,4821,217,57.77
118,117,217,47.65
2817,2816,217,13.37
4117,4116,217,13.2
3640,3740,217,3.69
1818,1817,217,13.82
1856,1956,217,1.45
4217,4216,217,13.22
3015,3014,218,60.86
2917,2916,218,60.83
523,522,218,59.58
3719,3718,218,13.43
2118,2117,218,13.82
4518,4517,218,13.47
4528,4628,218,3.61
326,325,218,13.39
2816,2815,219,60.85
4116,4115,219,64.16
2713,2712,219,68.26
4216,4215,219,61.01
18,17,219,49.6
2316,2315,219,13.42
626,625,219,13.41
1718,1717,219,13.88
3119,3118,219,13.38
3522,3521,219,13.48
2616,2615,219,13.38
2416,2415,219,13.4
427,426,219,13.68
1020,1019,219,13.62
126,225,219,6.77
4821,4820,219,56.57
4331,4431,219,3.39
4317,4316,219,13.16
2916,2915,220,60.74
117,116,220,40.45
4719,4718,220,13.47
2516,2515,220,13.39
3739,3839,220,3.58
1118,1117,220,14.26
1216,1215,220,14.23
1757,1857,220,1.78
4215,4214,221,60.89
2815,2814,221,60.94
225,224,221,60.06
625,624,221,59.46
3118,3117,221,60.8
2712,2711,221,70.21
2216,2215,221,13.44
3422,3421,221,13.5
3221,3220,221,13.43
2017,2016,221,13.72
4115,4114,221,60.92
426,425,221,59.36
1917,1916,221,13.98
2054,2154,221,1.57
2915,2914,222,60.83
17,16,222,41.63
1317,1316,222,14.29
1420,1419,222,13.53
1519,1518,222,14.23
4417,4416,222,12.98
3918,3917,222,13.38
1264,1364,222,2.2
3245,3345,222,2.44
2153,2253,222,1.78
3145,3246,222,2.33
2711,2710,223,69.5
3117,3116,223,60.79
224,223,223,55.9
2814,2813,223,67.44
116,115,223,35.65
3619,3618,223,13.39
1617,1616,223,13.77
3322,3321,223,13.51
4018,4017,223,13.39
4214,4213,223,59.75
4036,4135,223,11.84
3443,3542,223,10.17
123,222,223,7.61
4035,4135,223,2.9
4114,4113,223,67.49
425,424,223,59.63
70,71,223,1.24
2914,2913,224,67.82
3917,3916,224,60.81
4617,4616,224,13.35
3815,3814,224,13.38
4726,4825,224,10.17
122,221,224,8.27
1165,1265,224,2.29
722,721,224,13.37
3116,3115,225,60.7
2710,2709,225,69.41
2813,2812,225,68.73
4113,4112,225,66.82
424,423,225,59.76
4017,4016,225,60.96
16,15,225,33.66
1817,1816,225,13.87
820,819,225,9.5
121,220,225,8.55
4213,4212,225,58.7
2913,2912,226,68.82
3814,3813,226,67.37
4825,4824,226,58.25
115,114,226,36.61
3014,3013,226,13.31
522,521,226,13.39
4517,4516,226,13.29
3718,3717,226,13.36
325,324,226,13.39
2117,2116,226,13.55
119,218,226,10.2
3916,3915,226,61.05
3115,3114,227,68.6
2812,2811,227,71.11
423,422,227,59.62
4016,4015,227,64.16
220,219,227,60.58
2315,2314,227,13.39
3521,3520,227,13.41
2615,2614,227,13.35
2415,2414,227,13.38
1717,1716,227,13.73
4112,4111,227,70.88
2709,2708,227,72.25
120,219,227,8.44
4430,4530,227,3.84
4820,4819,227,13.59
1019,1018,227,13.41
1117,1116,227,14.36
4316,4315,227,13.1
3813,3812,228,71.09
218,217,228,51.84
3013,3012,228,61.07
3717,3716,228,65.03
324,323,228,60.64
4718,4717,228,13.39
2515,2514,228,13.37
4628,4727,228,15.28
118,217,228,10.82
4627,4727,228,3.61
1215,1214,228,13.88
4315,4314,229,60.95
422,421,229,59.78
3114,3113,229,66.25
2614,2613,229,66.44
4111,4110,229,70.68
15,14,229,31.88
1518,1517,229,14.35
2016,2015,229,13.49
1916,1915,229,13.58
3220,3219,229,13.39
3421,3420,229,13.41
2215,2214,229,13.4
2708,2707,229,72.63
624,623,229,13.4
4015,4014,229,60.84
524,623,229,9.56
3812,3811,230,70.41
323,322,230,61.07
2514,2513,230,66.52
3012,3011,230,60.91
1419,1418,230,13.82
1316,1315,230,14.03
117,216,230,11.08
4822,4921,230,9.9
1561,1660,230,7.97
3838,3938,230,3.44
2948,3048,230,3.3
822,921,230,7.23
4416,4415,230,12.8
821,920,230,7.96
3716,3715,230,60.94
2707,2706,231,60.98
3113,3112,231,63.5
623,622,231,59.35
2613,2612,231,67.37
421,420,231,59.98
4314,4313,231,59.58
4014,4013,231,67.91
4110,4109,231,59.37
3618,3617,231,13.37
1616,1615,231,13.68
3321,3320,231,13.41
523,622,231,9.53
370,471,231,1.05
3011,3010,232,59.72
2513,2512,232,66.7
3811,3810,232,68.21
322,321,232,60.41
3715,3714,232,71.01
14,13,232,33.9
4616,4615,232,13.15
721,720,232,13.38
4921,4920,232,56.14
4821,4920,232,10.07
3540,3641,232,2.2
4415,4414,232,61.06
2706,2705,233,53.87
3112,3111,233,66.23
4313,4312,233,58.13
4013,4012,233,67.93
216,215,233,37.44
4109,4108,233,60.98
1816,1815,233,13.71
819,818,233,13.39
116,215,233,11.15
968,1067,233,7.67
3617,3616,233,61.04
2351,2451,233,2.03
4212,4211,233,13.39
3010,3009,234,50.66
3810,3809,234,69.19
321,320,234,59.31
3714,3713,234,71.55
2912,2911,234,13.38
4824,4823,234,13.4
521,520,234,13.4
114,113,234,13.4
4516,4515,234,12.94
2512,2511,234,68.94
2116,2115,234,13.46
3915,3914,234,13.38
3111,3110,235,68.62
4012,4011,235,60.35
4211,4210,235,71.71
3616,3615,235,60.76
4108,4107,235,60.01
2811,2810,235,13.37
1116,1115,235,14
3520,3519,235,13.39
1716,1715,235,13.72
4819,4818,235,13.51
2414,2413,235,13.35
2705,2704,235,53.35
3118,3217,235,9.05
2314,2313,235,13.38
1363,1463,235,2.11
4312,4311,235,58.1
1018,1017,235,13.39
3009,3008,236,63.03
3809,3808,236,69.34
320,319,236,60.02
3713,3712,236,66.6
4717,4716,236,13.33
1214,1213,236,14
4530,4629,236,16.42
115,214,236,11.15
4135,4234,236,11.37
4529,4629,236,3.72
2511,2510,236,70.59
1066,1166,236,2.07
3344,3444,236,2.41
4515,4514,236,61.07
3615,3614,237,71.1
4210,4209,237,57.97
4011,4010,237,67.39
3110,3109,237,61.07
3217,3216,237,70.01
3219,3218,237,13.37
1915,1914,237,13.46
1517,1516,237,13.95
3420,3419,237,13.39
2015,2014,237,13.45
4727,4826,237,15.8
3117,3216,237,9.06
2413,2412,237,61.06
2313,2312,237,60.96
2214,2213,237,13.39
2704,2703,237,59.65
4311,4310,237,58.69
4716,4715,238,61.07
3712,3711,238,72.05
319,318,238,61.07
3808,3807,238,67.1
4107,4106,238,45.55
1418,1417,238,14.12
3814,3913,238,10.28
2709,2808,238,11.47
2510,2509,238,71.28
1315,1314,238,13.93
4209,4208,239,59.16
3614,3613,239,71.8
4310,4309,239,58.81
2312,2311,239,60.95
4010,4009,239,60.3
2703,2702,239,64.74
3109,3108,239,63.36
3216,3215,239,70.34
3320,3319,239,13.39
622,621,239,13.4
2612,2611,239,13.37
420,419,239,13.39
1615,1614,239,13.58
3048,3147,239,16.06
4825,4924,239,9.81
3116,3215,239,9.12
2710,2809,239,9.29
670,770,239,2.91
3047,3147,239,2.45
2708,2807,239,12.21
2412,2411,239,60.92
3711,3710,240,66.32
318,317,240,57.86
3807,3806,240,68.07
2509,2508,240,59.89
4106,4105,240,61.86
4414,4413,240,13.39
13,12,240,14.04
4615,4614,240,13.35
720,719,240,13.39
3813,3912,240,10.29
218,317,240,10.55
3937,4037,240,3.08
4920,4919,240,13.56
2809,2909,241,109.7
3109,3209,241,96.56
4106,4206,241,132.18
4107,4207,241,203.29
3112,3212,241,84.81
3113,3213,241,99.97
3114,3214,241,85.07
471,571,241,185.68
3115,3214,241,16.37
4135,4235,241,75.97
3542,3642,241,41
2154,2254,241,113.66
4431,4531,241,84.85
4628,4728,241,36.23
1956,2056,241,69.85
2649,2749,241,84.81
3740,3840,241,32.52
3839,3939,241,40.69
4332,4432,241,86.45
4036,4136,241,70.15
4233,4333,241,79.1
2055,2155,241,98.45
1462,1562,241,28.04
1758,1858,241,154.71
2450,2550,241,75.06
869,969,241,37.38
1659,1759,241,65.51
2648,2749,241,24.71
1759,1859,242,176.09
4037,4137,242,59.63
317,417,242,58.85
2702,2802,242,50.21
3108,3208,242,79.3
4206,4306,242,117.65
2155,2255,242,122.56
770,870,242,91.71
3215,3315,242,65.27
4105,4205,242,80.02
318,418,242,52.38
3807,3907,242,72.69
3216,3316,242,60.85
4234,4334,242,73.03
3444,3544,242,45.89
3808,3908,242,88.69
3217,3317,242,62.81
3809,3909,242,76.64
3111,3211,242,65.01
215,315,242,51.33
3810,3910,242,63.03
2451,2551,242,67.59
2706,2806,242,74.01
1067,1167,242,80.21
1660,1760,242,45.51
216,316,242,60.04
3938,4038,242,52.24
3811,3911,242,50.71
3048,3148,242,49.76
3812,3911,242,13.02
4727,4827,242,39.63
217,316,242,6.81
4530,4630,242,46.55
2705,2805,242,76.48
1857,1957,242,53.76
2808,2908,242,48.65
1858,1958,242,147.04
4822,4922,242,27.93
968,1068,242,35.04
1561,1661,242,41.16
3443,3543,242,18.5
1265,1365,242,49.25
2807,2907,242,56.84
3640,3741,242,27.45
2848,2949,242,27.05
2510,2610,242,72.73
1760,1860,243,132.29
4306,4406,243,102.84
3208,3308,243,151.06
2255,2355,243,117.28
1859,1959,243,158.73
4531,4631,243,61.83
2749,2849,243,74.27
3213,3313,243,71.61
3214,3314,243,71.51
571,671,243,62.74
2550,2650,243,80.04
4136,4236,243,62.49
2056,2156,243,84.11
4235,4335,243,60.01
3806,3906,243,48.96
4432,4532,243,72.99
1958,2058,243,128.81
4716,4816,243,33.59
1166,1266,243,40.97
4629,4729,243,35.84
2810,2910,243,34.27
4717,4817,243,35.61
819,919,243,44.16
4333,4433,243,70.55
4921,5021,243,28.67
2948,3049,243,27.43
2848,2849,243,12.99
2704,2804,243,44.09
2251,2352,243,16.19
1860,1960,244,135.39
3308,3408,244,164.66
4406,4506,244,111.24
1959,2059,244,132.47
3211,3311,244,58.81
2805,2905,244,61.1
1957,2057,244,97.23
4137,4237,244,50.61
4038,4138,244,51.36
4205,4305,244,73.59
1068,1168,244,75.52
2806,2906,244,82.65
2802,2902,244,54.58
3316,3416,244,54.11
3315,3415,244,52.86
3939,4039,244,44.2
1562,1662,244,38.5
2254,2354,244,33.61
969,1069,244,38.9
3840,3940,244,34.61
4728,4828,244,41.69
3613,3612,244,7.49
419,519,244,26.14
2551,2651,244,75.25
4715,4815,244,25.23
2509,2609,244,25.39
2703,2803,244,28.66
214,314,244,28.66
4818,4918,244,31.38
1463,1563,244,23.95
4823,4923,244,25.39
113,213,244,30.06
1815,1814,244,1.69
818,918,244,28.48
2156,2256,244,124.41
2907,3007,244,50.22
4825,4925,244,17.42
3317,3417,244,58.6
3542,3643,244,27.53
1364,1464,244,20.17
3345,3445,244,18.93
3246,3346,244,17.67
4334,4434,244,55.63
3740,3841,244,26.36
2253,2353,244,28.18
3839,3940,244,27.53
670,771,244,26.4
4920,5020,244,29.03
4919,5019,244,29.37
1960,2060,245,118.42
3408,3508,245,151.44
4236,4336,245,54.62
2650,2750,245,73.57
3313,3413,245,55.86
1266,1366,245,69
4335,4435,245,50.64
3314,3414,245,55.45
1661,1761,245,38.49
3007,3107,245,134.42
4630,4730,245,37.34
4827,4927,245,44.31
3908,4008,245,39.42
3544,3644,245,41.31
870,970,245,37.14
316,416,245,40.44
3907,4007,245,43.63
3642,3742,245,28
4532,4632,245,67.35
3209,3309,245,26.68
1167,1267,245,41.68
2508,2608,245,23.12
4924,5024,245,23.78
4208,4308,245,21.24
1314,1414,245,20.49
3218,3318,245,22.25
1213,1313,245,20.75
3444,3545,245,27.13
4629,4730,245,27.12
4433,4533,245,53.69
2256,2356,245,138.18
3110,3210,245,19.44
520,620,245,21.71
3111,3210,245,19.03
4207,4307,245,29.88
3048,3149,245,26.37
2058,2158,245,81.38
1316,1416,245,21.01
3641,3742,245,26.15
2351,2452,245,19.08
1315,1415,245,20.52
1761,1861,246,110.66
2158,2258,246,177.06
3508,3608,246,144.69
2059,2159,246,89.86
4434,4534,246,51.53
2651,2751,246,71.81
2902,3002,246,55.79
2906,3006,246,68.52
4305,4405,246,84.94
4237,4337,246,56.88
4729,4829,246,41.23
2355,2455,246,35.55
1365,1465,246,31.04
315,415,246,26.93
3212,3312,246,21.93
4922,5022,246,27.89
4413,4513,246,17.41
4506,4606,246,66.41
1614,1714,246,17.29
3147,3247,246,18.58
4826,4926,246,16.18
2057,2157,246,74.12
2014,2114,246,18.12
4631,4731,246,47.71
2356,2456,246,119.54
1168,1268,246,96.78
4614,4714,246,17.13
2258,2358,247,172.76
2159,2259,247,190.5
3608,3708,247,138.6
1861,1961,247,122.13
4632,4732,247,67.71
2750,2850,247,59.76
3210,3310,247,78.63
2060,2160,247,90.45
3318,3418,247,62.97
4533,4633,247,64.51
4336,4436,247,59.76
4435,4535,247,61.48
3107,3207,247,69.62
3309,3409,247,84.7
970,1070,247,83.18
1662,1762,247,37.2
1563,1663,247,37.12
3311,3411,247,48.65
4828,4928,247,44.15
771,871,247,36.14
3643,3743,247,36.77
4039,4139,247,47.59
4138,4238,247,49.82
2905,3005,247,47.69
3940,4040,247,37.82
4817,4917,247,32.97
4816,4916,247,29.74
3346,3446,247,47.39
417,517,247,21.37
418,518,247,24.61
5021,5121,247,30.31
3939,4040,247,27.35
3642,3743,247,24.68
3840,3941,247,26.88
2451,2552,247,20.47
2157,2257,247,138.31
2804,2904,247,33.07
2259,2359,248,209.68
2257,2357,248,147.52
2358,2458,248,116.34
3207,3307,248,105.76
2160,2260,248,166.39
4534,4634,248,60.62
2751,2851,248,56.14
4337,4437,248,62.73
3002,3102,248,55.82
2456,2556,248,59.06
3413,3513,248,41
1267,1367,248,41.27
1366,1466,248,49.25
4730,4830,248,41.85
3545,3645,248,36.23
2354,2454,248,29.14
2353,2453,248,25.66
5019,5119,248,27.33
5022,5122,248,78.13
3906,4006,248,20.84
3544,3645,248,27.53
3148,3248,248,19.47
12,112,248,13.68
2455,2555,248,68.02
4918,5018,248,28.98
1268,1368,248,63.59
3741,3842,248,26.21
4313,4412,248,6.99
5020,5120,248,29.44
4606,4706,248,96.83
2803,2903,248,28.21
2260,2360,249,205.03
4706,4806,249,110.68
2359,2459,249,133.52
3307,3407,249,160.36
2357,2457,249,112.22
4633,4733,249,75.15
4535,4635,249,56.59
1070,1170,249,86.36
2850,2950,249,73.62
2552,2652,249,73.88
4732,4832,249,56.03
4139,4239,249,57.46
4238,4338,249,59.16
3310,3410,249,50.81
3409,3509,249,68.33
4436,4536,249,58.03
4405,4505,249,48.01
3006,3106,249,44.14
4829,4929,249,41.74
4923,5023,249,24.65
314,414,249,20.22
4815,4915,249,24.77
5121,5221,249,79.79
519,619,249,20.17
4731,4831,249,45.74
4309,4409,249,12.2
3417,3517,249,22.34
3407,3507,250,173.85
4806,4906,250,192.78
2360,2460,250,161.48
4634,4734,250,56.68
2851,2951,250,57.75
4437,4537,250,55.16
1367,1467,250,53.85
2458,2558,250,70.11
4928,5028,250,43.72
3743,3843,250,43.45
5122,5222,250,66.86
3005,3105,250,35.48
3411,3511,250,46.79
1663,1763,250,37.18
5024,5124,250,23.87
416,516,250,21.81
3149,3249,250,21.36
3416,3516,250,19.47
2904,3004,250,35.81
3445,3546,250,27.42
3415,3515,250,18.2
3841,3942,250,26.58
4925,5025,250,19.46
3311,3412,250,26.62
1069,1169,250,18.97
213,313,250,19.59
771,872,250,27.17
3102,3202,250,54.37
3643,3744,250,27.26
4039,4140,250,26.84
1464,1564,250,18.03
3446,3546,250,42.4
3940,4041,250,27.39
3313,3412,250,22.31
3346,3447,250,26.88
4105,4204,250,14.36
4307,4407,250,21.48
171,272,250,8.43
271,372,250,8.45
2460,2560,251,141.87
3507,3607,251,176.04
2459,2559,251,86.6
4733,4833,251,68.47
4239,4339,251,62.32
4505,4605,251,65.09
1170,1270,251,54.91
2457,2557,251,58.03
2950,3050,251,97.38
3106,3206,251,77.15
4536,4636,251,53.43
4338,4438,251,58.9
1762,1862,251,33.1
4830,4930,251,41.57
4916,5016,251,25.21
5221,5321,251,71.39
1961,2061,251,29.96
4917,5017,251,27.37
415,515,251,21.73
3413,3514,251,27.53
3413,3512,251,25.96
1415,1515,251,18.99
1313,1413,251,19.38
1414,1514,251,19.05
3545,3646,251,27.18
771,772,251,16.52
2652,2752,251,64.51
4205,4304,251,16.19
2949,3050,251,16.15
4310,4410,251,8.69
1368,1468,251,48.27
4311,4411,251,8.55
3607,3707,252,167
4906,5006,252,86.13
4407,4507,252,75.32
4734,4834,252,59.92
5124,5224,252,73.45
4537,4637,252,56.65
5222,5322,252,55.04
2951,3051,252,66.38
3105,3205,252,76.5
4929,5029,252,41.03
4635,4735,252,49.11
4832,4932,252,43.08
4831,4931,252,41.02
3410,3510,252,44
112,212,252,28.01
2453,2553,252,25.53
2454,2554,252,26.36
5120,5220,252,25.42
2556,2656,252,30.47
2903,3003,252,31.22
3418,3518,252,21.85
2751,2852,252,24.52
4714,4814,252,19.51
4927,5027,252,15.52
3346,3347,252,12.65
3050,3150,252,105.33
2555,2655,252,28.84
4605,4705,252,155.32
3247,3347,252,18.49
4308,4408,252,15.69
371,472,252,8.29
2560,2660,253,56.29
4438,4538,253,61.34
4339,4439,253,60.7
4833,4933,253,51.19
4636,4736,253,55.36
3447,3547,253,48.93
3511,3611,253,46.1
1467,1567,253,44.67
2558,2658,253,33.74
1763,1863,253,39.64
5321,5421,253,67.18
3509,3609,253,29.43
5119,5219,253,24.58
1466,1566,253,21.98
3202,3302,253,45.88
3743,3844,253,27.42
871,971,253,16.96
517,617,253,19.81
4139,4240,253,24.07
4926,5026,253,16.02
1468,1568,253,69.35
1465,1565,253,14.5
3206,3306,253,69.51
4513,4613,253,15.4
518,618,253,19.56
3446,3547,253,27.49
3249,3349,253,48.51
5018,5118,253,24.69
4637,4737,254,65.94
5322,5422,254,52.42
2553,2653,254,68.86
4834,4934,254,59.95
5224,5324,254,74.33
2554,2654,254,61.48
5006,5106,254,56.33
472,572,254,58.86
2061,2161,254,33.92
1862,1962,254,35.64
2559,2659,254,42.59
1564,1664,254,32.49
872,972,254,33.03
414,514,254,20.24
3645,3745,254,17.04
4412,4512,254,18.08
4930,5030,254,41.22
2851,2952,254,23.97
5023,5123,254,24.77
4915,5015,254,23.84
3004,3104,254,30.5
4705,4805,254,50.14
2852,2952,254,57.15
2311,2310,254,2.87
2411,2410,254,2.85
3248,3348,254,19.54
3051,3151,254,70.74
572,672,255,184.96
4736,4836,255,58.96
3547,3647,255,50.71
4439,4539,255,65.94
4538,4638,255,65.94
3003,3103,255,34.85
2656,2756,255,35.07
4932,5032,255,41.4
4240,4340,255,57.48
4931,5031,255,41.4
3510,3610,255,42.32
3150,3250,255,33.89
5029,5129,255,44.31
4735,4835,255,48.25
5421,5521,255,76.65
2557,2657,255,28.32
1169,1269,255,22.71
516,616,255,21.31
3306,3406,255,89.63
5122,5223,255,20.72
4304,4404,255,29.29
2655,2755,255,34.28
4305,4404,255,13.15
2161,2261,255,164.73
2702,2801,255,9.1
818,817,255,0.38
71,172,255,8.26
2653,2753,256,55.59
5324,5424,256,75.1
2654,2754,256,64.45
4934,5034,256,56.65
3348,3448,256,59.27
4737,4837,256,77.6
3151,3251,256,70.36
4933,5033,256,44.79
2658,2758,256,41.33
1863,1963,256,39.5
2660,2760,256,48.01
3609,3709,256,33.91
3349,3449,256,46.62
971,1071,256,40.92
1568,1668,256,40.51
4507,4607,256,30.74
3406,3506,256,104.19
515,615,256,22.48
1270,1370,256,25
3447,3548,256,26.56
4041,4141,256,19.03
5025,5125,256,19.28
5222,5323,256,24.87
872,973,256,26.5
872,873,256,17.51
313,413,256,18.96
4409,4509,256,15.13
3942,4042,256,18.28
2608,2607,256,9.25
3302,3402,256,38.81
3843,3943,256,19.27
2652,2753,256,21.57
4204,4303,256,23.59
3806,3905,256,9.2
5422,5522,256,65.6
5016,5116,256,23.38
2952,3052,256,62.96
5017,5117,256,23.44
3249,3350,256,26.65
4805,4905,256,69.46
4835,4935,257,56.31
4638,4738,257,75.01
1269,1369,257,50.65
4836,4936,257,64.91
4539,4639,257,74.1
3506,3606,257,110.55
2756,2856,257,78.74
2659,2759,257,46.75
1664,1764,257,38.61
5106,5206,257,35.39
1565,1665,257,26.78
4404,4504,257,82.94
4814,4914,257,22.08
3205,3305,257,21.36
5220,5320,257,23.53
4410,4510,257,19.26
4411,4511,257,18.74
5028,5128,257,15.81
1413,1513,257,18.58
3646,3746,257,17.51
2261,2361,257,72.51
4340,4440,257,56.03
2755,2855,257,76.09
3606,3706,258,112.28
5033,5133,258,50.78
3251,3351,258,69.36
2758,2858,258,53.42
4905,5005,258,54.58
3548,3648,258,63.44
2753,2853,258,55.6
1071,1171,258,86.04
4837,4937,258,82.14
5034,5134,258,60.2
5424,5524,258,74
4607,4707,258,67.63
5031,5131,258,43.52
5032,5132,258,46.53
2657,2757,258,34.1
3103,3203,258,37.69
1962,2062,258,32.59
5219,5319,258,24.44
1567,1667,258,24.72
5521,5621,258,43.26
617,717,258,23.56
1566,1666,258,21.44
5118,5218,258,23.41
5027,5127,258,17.13
5322,5423,258,25.67
5029,5130,258,27.34
4407,4508,258,17.87
5124,5225,258,18.47
2801,2901,258,34.71
3104,3204,258,27.78
2752,2853,258,22.86
3844,3944,258,20.15
618,718,258,23.41
2361,2461,258,188.46
2852,2953,258,24.18
2760,2860,258,59.92
2702,2701,258,3.2
2754,2854,258,63.24
4707,4807,259,114.77
4935,5035,259,66.07
4639,4739,259,82.45
5320,5420,259,59.31
2759,2859,259,61.9
4738,4838,259,82.14
1369,1469,259,67.52
4936,5036,259,69.51
3449,3549,259,45.77
514,614,259,21.33
3349,3450,259,27.01
4240,4341,259,24.07
3402,3502,259,34.12
5321,5420,259,18.28
4440,4540,259,60.7
5015,5115,259,22.73
2461,2561,259,174.79
2860,2960,259,124.62
12,111,259,7.65
4807,4907,260,133.03
4937,5037,260,85.87
3648,3748,260,67.24
5423,5523,260,78.73
5133,5233,260,62.33
1171,1271,260,86.04
5225,5325,260,74.68
5134,5234,260,68.72
5524,5624,260,70.77
3351,3451,260,70.73
5132,5232,260,55.46
1665,1765,260,37.99
4504,4604,260,48.36
1764,1864,260,43.41
2856,2956,260,37.4
1963,2063,260,33.31
3647,3747,260,20.56
616,716,260,23.86
817,917,260,23.4
4512,4612,260,16.95
3745,3845,260,18.39
5026,5126,260,16.6
212,312,260,13.87
5224,5325,260,18.19
4303,4403,260,29.06
5522,5622,260,29.77
4204,4203,260,10.56
4105,4104,260,5.04
3051,3152,260,19.37
5035,5135,261,68.84
4838,4938,261,88.45
4739,4839,261,86.18
1469,1569,261,80.68
5036,5136,261,75.33
2859,2959,261,55.1
3549,3649,261,50.49
5005,5105,261,34.78
5131,5231,261,49.58
2062,2162,261,36.76
2858,2958,261,45.52
2757,2857,261,40.36
2855,2955,261,25.63
5206,5306,261,31.22
1370,1470,261,22.67
5117,5217,261,23.45
4509,4609,261,20.77
615,715,261,24.28
413,513,261,20.15
1668,1768,261,21.23
3905,4005,261,20.29
5621,5721,261,38.68
5129,5229,261,19.21
4604,4704,261,112.13
4613,4713,261,14.19
4540,4640,261,66.07
2960,3060,261,60.2
3943,4043,261,20.29
872,773,261,12.98
3203,3303,261,35.33
2901,3001,261,34.27
2902,3001,261,8.7
2561,2661,261,54.75
4340,4441,261,24.55
5116,5216,261,23.99
2952,3053,261,22.12
3060,3160,262,140.27
5233,5333,262,76.48
1271,1371,262,86.69
3451,3551,262,76.06
5232,5332,262,67.57
5234,5334,262,85.12
3748,3848,262,71.51
4704,4804,262,113.66
5325,5425,262,75.82
4907,5007,262,85.92
5037,5137,262,88.65
5624,5724,262,56.57
2956,3056,262,75.55
5319,5419,262,26.07
1666,1766,262,30.74
5218,5318,262,26.76
3305,3405,262,20.12
4510,4610,262,21.14
3449,3550,262,27.15
4914,5014,262,22.7
4141,4241,262,19.94
4403,4503,262,74.91
5324,5425,262,17.94
972,1072,262,12.62
3204,3304,262,26.1
3151,3252,262,19.5
111,211,262,46.21
4042,4142,262,19.61
5135,5235,263,76.5
3649,3749,263,59.06
5136,5236,263,88.59
4839,4939,263,89.08
4938,5038,263,92.08
1765,1865,263,38.29
4640,4740,263,73.04
2063,2163,263,35.86
1864,1964,263,36.89
5420,5520,263,25.39
4508,4608,263,20.92
1667,1767,263,23.72
4511,4611,263,17.26
5128,5228,263,19.68
1513,1613,263,17.92
3944,4044,263,20.36
3746,3846,263,18.26
5421,5520,263,15.28
2959,3059,263,56.69
3002,3101,263,8.7
2162,2262,263,53.22
2854,2954,263,23
5236,5336,264,118.42
5332,5432,264,72.77
5724,5824,264,56.87
5334,5434,264,95.61
3848,3948,264,71.51
5137,5237,264,96.86
5007,5107,264,85
5425,5525,264,78.6
3550,3650,264,61.9
3405,3505,264,76.68
5333,5433,264,83.43
1371,1471,264,78.22
5306,5406,264,35.43
1569,1669,264,47.83
4142,4242,264,51.96
2958,3058,264,49.23
2857,2957,264,37.09
4441,4541,264,47.27
5523,5623,264,27.54
716,816,264,25.28
614,714,264,22.6
5127,5227,264,19.36
5131,5230,264,24.32
5130,5230,264,18.99
5721,5821,264,44.17
3251,3352,264,19.85
3502,3602,264,21.15
5424,5525,264,18.29
3160,3260,264,69.46
973,1073,264,13.81
5115,5215,264,24.23
4440,4541,264,22.94
2661,2761,264,46.36
873,974,264,17.96
5237,5337,265,126.12
5336,5436,265,126.34
4939,5039,265,89.4
4740,4840,265,78.64
5038,5138,265,91.59
5235,5335,265,99.02
2262,2362,265,63.41
3749,3849,265,62.23
1072,1172,265,34.38
5105,5205,265,27.11
5217,5317,265,28.23
2955,3055,265,25.23
1470,1570,265,31.26
715,815,265,25.75
4044,4144,265,53.17
5126,5226,265,20.93
3747,3847,265,20.75
4503,4603,265,42.71
4341,4442,265,26.97
5216,5316,265,28.09
3059,3159,265,66.99
5622,5722,265,23.15
3202,3301,265,9.45
3303,3403,265,30.61
3102,3201,265,8.8
4804,4904,265,33.44
5335,5435,266,115.72
5337,5437,266,126.34
5434,5534,266,99.69
3058,3158,266,58.15
5432,5532,266,71.07
5107,5207,266,51.67
5623,5723,266,55.11
4541,4641,266,53.12
5525,5625,266,91.26
5230,5330,266,64.24
5824,5924,266,66.79
3948,4048,266,71.51
3650,3750,266,52.18
5227,5327,266,69.23
1865,1965,266,34.31
5520,5620,266,49.4
1964,2064,266,34.08
5419,5519,266,30.37
5318,5418,266,32.23
3056,3156,266,25.79
3551,3651,266,26.91
1766,1866,266,31.8
1768,1868,266,24.84
5231,5331,266,21.8
3053,3153,266,24.1
513,613,266,20.43
4609,4709,266,21.66
312,412,266,18.49
3845,3945,266,18.86
5624,5725,266,24.37
5225,5326,266,18.08
5524,5625,266,19.36
3351,3452,266,19.38
5229,5329,266,23.77
3505,3605,266,78.22
4043,4143,266,20.75
3260,3360,266,54.6
4540,4641,266,21.01
2761,2861,266,53.88
2163,2263,266,45.27
5620,5720,267,207.12
5519,5619,267,156.09
5138,5238,267,99.13
5436,5536,267,95.4
2362,2462,267,55.84
3849,3949,267,67.51
3847,3947,267,53.41
1172,1272,267,74.44
5039,5139,267,90.97
4840,4940,267,80.97
4144,4244,267,55.36
2957,3057,267,40.68
4603,4703,267,91.86
1471,1571,267,45.76
5433,5533,267,42.88
1767,1867,267,27.07
4608,4708,267,25.83
3159,3259,267,62.56
4610,4710,267,21.36
5014,5114,267,23.29
4713,4813,267,18.75
4441,4542,267,26.9
4612,4712,267,14.53
4203,4302,267,23.1
5821,5921,267,49.09
4341,4342,267,12.83
4442,4542,267,52.17
5406,5506,267,44.64
4242,4342,267,49.38
272,373,267,8.39
2861,2961,267,121.66
3302,3401,267,10.12
12,11,267,3.84
372,473,267,8.36
5238,5338,268,122.33
5619,5719,268,184.76
3651,3751,268,69.83
3158,3258,268,52.49
3452,3552,268,60.28
5330,5430,268,69.58
5326,5426,268,80.41
5532,5632,268,66.58
5327,5427,268,75.72
5437,5537,268,79.58
4048,4148,268,67.51
5435,5535,268,99.93
5725,5825,268,72.42
5534,5634,268,76.44
3156,3256,268,64.62
2263,2363,268,52.32
5317,5417,268,35.87
974,1074,268,27.12
2954,3054,268,24
3605,3705,268,74.61
5228,5328,268,23.61
5724,5825,268,24.27
4142,4243,268,25.8
5325,5426,268,17.71
3304,3404,268,17.87
5316,5416,268,33.75
4143,4243,268,55.89
2961,3061,268,118.49
5924,6024,268,66.17
3402,3503,268,11.89
4641,4741,268,57.15
5215,5315,268,28.07
5338,5438,269,108.2
2363,2463,269,156.36
5720,5820,269,50.13
4542,4642,269,56.14
5536,5636,269,65.49
2462,2562,269,65.37
3947,4047,269,52.69
1272,1372,269,86.36
3949,4049,269,72.36
5139,5239,269,92.19
5207,5307,269,45.77
4244,4344,269,56.67
1965,2065,269,35.2
2064,2164,269,34.77
3750,3850,269,47.75
5418,5518,269,36.71
5205,5305,269,29.49
1570,1670,269,27.08
815,915,269,25.84
714,814,269,24.6
816,916,269,23.93
1669,1769,269,20.62
5724,5823,269,21.96
1613,1713,269,17.53
5722,5822,269,28.1
4044,4145,269,25.45
3259,3359,269,50.13
3360,3460,269,46.65
3846,3946,269,18.45
5206,5307,269,12.16
3905,4004,269,11.75
211,311,269,15.83
4403,4502,269,15.79
4303,4402,269,11.16
5723,5823,269,35.04
2608,2507,269,5.91
4940,5040,269,83.69
2463,2563,270,144.54
5518,5618,270,160.36
5239,5339,270,104.7
5537,5637,270,55.16
3256,3356,270,60.63
5430,5530,270,67.62
5427,5527,270,88.19
5535,5635,270,69.2
5825,5925,270,76.06
5632,5732,270,54.59
4148,4248,270,63.5
3258,3358,270,83.87
3751,3851,270,64.39
5533,5633,270,36.43
5506,5606,270,45.58
4703,4803,270,40.33
3057,3157,270,44.08
4708,4808,270,46.04
1868,1968,270,31.21
4709,4809,270,30.36
1866,1966,270,33.27
3055,3155,270,24.14
4611,4711,270,15.99
5921,6021,270,37.48
4243,4343,270,56.92
4203,4202,270,10.12
6024,6124,270,59.16
5329,5429,270,26.71
3061,3161,270,66.47
3602,3702,270,18.64
4741,4841,270,61.47
4242,4343,270,26.46
472,573,270,7.88
3402,3501,270,10.61
71,72,270,2.7
4904,5004,270,24.87
5618,5718,271,211.03
5527,5627,271,102.54
4808,4908,271,122.15
2563,2663,271,128.12
5438,5538,271,56.65
4047,4147,271,56.3
4049,4149,271,73.62
5820,5920,271,66.32
4145,4245,271,53.34
1372,1472,271,85.72
5417,5517,271,38.96
4344,4444,271,59.16
5719,5819,271,47.61
1867,1967,271,32.33
1571,1671,271,29.8
5114,5214,271,26.43
613,713,271,20.52
5331,5431,271,23.89
3153,3253,271,23.95
4144,4245,271,24.77
5822,5922,271,60.55
412,512,271,20.13
5332,5431,271,16.44
4642,4742,271,57.88
5416,5516,271,36.92
5425,5526,271,16.87
4502,4602,271,85.24
4442,4543,271,25.74
4204,4103,271,6.87
3806,3805,271,3.25
5040,5140,271,84.6
5517,5617,272,127.86
2663,2763,272,114.91
5339,5439,272,81.43
573,673,272,85.92
3358,3458,272,78.28
4809,4909,272,56.14
5305,5405,272,36.15
2065,2165,272,35.86
5307,5407,272,44.04
3359,3459,272,43.84
2562,2662,272,49.01
3850,3950,272,45.6
5315,5415,272,32.07
5328,5428,272,25.19
3460,3560,272,43.23
4710,4810,272,23.26
4813,4913,272,21.75
5925,6025,272,74.19
3945,4045,272,19.22
4248,4348,272,61.1
3849,3950,272,20.5
5824,5923,272,18.41
4343,4443,272,60.05
3405,3504,272,15.28
4841,4941,272,65.07
3161,3261,272,74.65
5005,5104,272,10.54
5823,5923,272,49.64
172,273,272,8.47
2164,2264,272,39.05
2763,2863,273,113.71
5920,6020,273,74
4149,4249,273,73.91
1472,1572,273,84.81
5819,5919,273,52.07
4444,4544,273,62.32
5140,5240,273,82.39
4908,5008,273,95.51
4147,4247,273,56.99
5718,5818,273,84.58
3501,3601,273,35.14
5732,5832,273,49.67
5606,5706,273,33.58
3157,3257,273,36.35
1966,2066,273,34.77
814,914,273,25.46
3054,3154,273,23.95
5634,5734,273,24.52
3552,3652,273,21.89
4542,4643,273,24.51
4712,4812,273,19.59
3452,3553,273,23.09
4543,4643,273,66.41
4244,4345,273,24.34
4245,4345,273,52.45
3156,3257,273,21.53
5922,6022,273,58.04
5432,5531,273,16.98
4742,4842,273,58.36
3905,3904,273,6.02
2310,2409,273,7.57
873,874,273,6.04
1073,1173,273,11.14
5617,5717,274,54.12
4909,5009,274,50.28
3459,3559,274,84.34
3458,3558,274,71.81
5439,5539,274,50.78
5526,5626,274,36.77
5538,5638,274,47.99
4803,4903,274,33.32
5633,5733,274,25.92
3356,3456,274,29.92
6021,6121,274,32.59
5635,5735,274,25.31
915,1015,274,23.93
5636,5736,274,24.33
5627,5727,274,37.22
6025,6125,274,66.39
5537,5638,274,24.83
4348,4448,274,58.84
5632,5733,274,25.02
3947,4046,274,23.37
916,1016,274,23.36
3651,3752,274,19.68
2863,2963,274,115.67
5532,5631,274,18.49
4941,5041,274,68.92
5725,5826,274,18.81
3156,3255,274,19.17
4602,4702,274,35.21
3560,3660,274,87.08
3261,3361,274,63.99
5105,5204,274,11.35
3503,3603,274,17.62
3505,3604,274,14.85
5924,6023,274,18.63
1769,1869,274,22.91
5429,5529,274,26.24
5214,5314,274,35.3
1968,2068,274,31.74
5009,5109,275,118.53
1572,1672,275,60.84
4249,4349,275,75.5
4544,4644,275,64.26
6020,6120,275,78.08
3553,3653,275,63.27
5240,5340,275,83.02
5008,5108,275,99.17
4247,4347,275,51.47
5832,5932,275,56.74
5919,6019,275,83.23
3950,4050,275,46.38
2662,2762,275,45.02
2264,2364,275,42.43
2963,3063,275,112.91
4810,4910,275,38.86
5415,5515,275,33.73
5405,5505,275,41.23
5637,5737,275,21.24
5530,5630,275,24.56
3851,3951,275,23.63
4145,4246,275,25.4
3850,3951,275,27.17
3256,3357,275,22.96
3256,3355,275,20.61
4345,4445,275,51.55
5632,5731,275,22.75
1074,1174,275,16.23
3751,3852,275,21.61
3949,4050,275,18.83
4643,4743,275,65.6
1713,1813,275,17.88
6124,6224,275,21.65
5516,5616,275,32.54
3605,3704,275,15.88
4642,4743,275,23.93
6024,6123,275,21.13
311,411,275,18.43
2661,2762,275,10.74
1967,2067,275,32.33
5407,5507,275,47.33
2165,2265,275,36.28
2762,2862,276,100.25
3603,3703,276,54.33
3559,3659,276,77.96
5735,5835,276,52.31
6121,6221,276,79.12
5539,5639,276,55.56
5736,5836,276,56.68
5626,5726,276,88.96
5717,5817,276,76.97
5734,5834,276,40.38
5818,5918,276,43.71
5428,5528,276,26.71
5732,5833,276,26.39
5732,5831,276,24.29
4711,4811,276,19.18
4448,4548,276,56.65
4702,4802,276,60.63
4047,4146,276,22.15
1670,1770,276,15.77
3253,3353,276,23.35
5625,5726,276,15.41
512,612,276,20.68
3660,3760,276,74.11
6125,6225,276,56.9
3558,3658,276,65.86
5826,5926,276,77.17
4046,4146,276,52.47
2066,2166,276,34.13
5041,5141,276,71.8
713,813,276,22.23
2703,2603,276,2.65
4903,5003,276,54.37
2862,2962,277,108.95
5340,5440,277,70.92
3852,3952,277,54.44
5507,5607,277,53.41
3355,3455,277,66.75
6019,6119,277,95.56
5109,5209,277,59.9
6120,6220,277,96.82
4349,4449,277,74.01
3653,3753,277,58.51
4910,5010,277,50.27
5314,5414,277,45.94
5204,5304,277,36.25
3601,3701,277,30.38
5706,5806,277,29.34
4913,5013,277,22.87
4445,4545,277,54.33
4049,4150,277,18.42
3063,3163,277,57.94
4246,4346,277,50.63
4202,4301,277,22.72
4245,4346,277,25.66
3361,3461,277,49.67
4742,4843,277,23.76
4841,4942,277,21.37
3702,3802,277,16.12
5727,5827,277,33.34
4347,4447,277,51.71
1914,2013,277,3.7
6022,6122,277,26.12
3703,3803,278,54.59
6221,6321,278,88.74
5926,6026,278,74.67
5003,5103,278,56.55
3659,3759,278,66.92
5836,5936,278,64.85
4548,4648,278,55.89
5108,5208,278,49.87
2265,2365,278,37.42
5737,5837,278,49.69
5932,6032,278,35.97
2364,2464,278,40.67
5817,5917,278,86.26
5505,5605,278,37.97
2068,2168,278,32.27
4802,4902,278,58.93
5529,5629,278,26.59
3456,3556,278,30.38
4812,4912,278,22.31
3154,3254,278,23.95
3950,4051,278,27.05
5439,5540,278,26.11
1671,1771,278,16.18
6224,6324,278,48.61
914,1014,278,23.86
5925,6026,278,18.23
5616,5716,278,41.16
3452,3453,278,8.87
5107,5208,278,10.31
3658,3758,278,62.16
5528,5628,278,86.29
6123,6223,278,37.3
5141,5241,278,78.95
1869,1969,278,29.25
1173,1273,278,24.29
1672,1772,278,35.27
2464,2564,279,121.14
6119,6219,279,92.76
4150,4250,279,55.67
5414,5514,279,54.8
5827,5927,279,83.64
5010,5110,279,50.28
2962,3062,279,52.89
3952,4052,279,59.04
4942,5042,279,59.52
3753,3853,279,53.94
4449,4549,279,67.51
5918,6018,279,47.24
5630,5730,279,27.33
2067,2167,279,32.7
5515,5615,279,32.16
5638,5738,279,21.08
4447,4547,279,55.11
5832,5933,279,24.32
4149,4250,279,18.32
3904,4003,279,25.86
4545,4645,279,56.4
6025,6126,279,20.89
4345,4446,279,25.91
6324,6424,279,110.85
3163,3263,279,69.83
4301,4401,279,50.24
3357,3457,279,29.45
2166,2266,279,34.53
2564,2664,280,114.91
3556,3656,280,61.44
5241,5341,280,82.66
5936,6036,280,81.43
5103,5203,280,67.08
5837,5937,280,67.86
4648,4748,280,55.63
5540,5640,280,65.4
5209,5309,280,35.78
6122,6222,280,49.23
5607,5707,280,41.58
3461,3561,280,45.25
5304,5404,280,40.73
6220,6320,280,41.49
4811,4911,280,25.77
5835,5935,280,28.63
5639,5739,280,28.7
5834,5934,280,26.5
5831,5931,280,33.32
411,511,280,20.59
5539,5640,280,24.7
3553,3654,280,22.01
5832,5931,280,22
4644,4744,280,23.74
5716,5816,280,85.28
6424,6524,280,162.65
5207,5308,280,10.8
3704,3804,280,20.39
4643,4744,280,21.17
3802,3902,280,44.36
6125,6226,280,24.26
4502,4601,280,13.08
6223,6323,280,85.28
4902,5002,280,61.15
5816,5916,281,137.41
2664,2764,281,109.9
5514,5614,281,95.2
5110,5210,281,96.81
4052,4152,281,65.49
5738,5838,281,60.91
3853,3953,281,50.92
5042,5142,281,64.78
5615,5715,281,57.31
4250,4350,281,64.02
5927,6027,281,65.78
6219,6319,281,98.9
3062,3162,281,57.5
6018,6118,281,59.64
2365,2465,281,35.86
6321,6421,281,43.35
5628,5728,281,34.62
5730,5830,281,78.49
3803,3903,281,41.89
5806,5906,281,29.5
5013,5113,281,27.95
3455,3555,281,33.02
4401,4501,281,67.3
5917,6017,281,46.48
3852,3953,281,25.06
5737,5838,281,26.38
4050,4151,281,27.03
3653,3754,281,23.71
4549,4649,281,63.99
4249,4350,281,17.82
3458,3557,281,16.75
4445,4546,281,25.1
3904,3903,281,13.83
6524,6624,281,188.43
4702,4801,281,20.61
3263,3363,281,76.42
4202,4201,281,9.79
1813,1913,281,17.62
6225,6325,281,23.45
974,1075,281,8.44
4446,4546,281,53.63
3760,3860,281,23.44
813,913,281,23.35
1273,1373,281,47.83
1770,1870,281,20.03
612,712,281,20.68
6421,6521,282,120.28
6320,6420,282,99.98
5203,5303,282,82.5
6226,6326,282,67.66
5931,6031,282,77.06
5341,5441,282,75.14
4748,4848,282,57.99
6222,6322,282,91.9
3656,3756,282,65.31
5640,5740,282,80.36
5935,6035,282,71.58
2266,2366,282,33.5
5629,5729,282,29.76
1969,2069,282,29.71
6323,6423,282,51.32
6032,6132,282,28.85
5605,5705,282,30.46
4912,5012,282,27.35
2168,2268,282,32.77
3255,3354,282,19.1
2013,2113,282,20.68
5307,5408,282,10.95
4601,4701,282,50.49
4843,4943,282,22.09
3902,4002,282,54.36
3660,3761,282,18.26
3560,3661,282,14.61
3558,3657,282,18.74
4203,4102,282,6.55
5002,5102,282,68.54
6322,6422,283,100.59
4152,4252,283,70.73
2764,2864,283,53.9
4151,4251,283,55.75
6319,6419,283,75.72
6118,6218,283,61.03
5715,5815,283,91.51
4350,4450,283,69.8
3162,3262,283,67.84
5210,5310,283,56.72
5614,5714,283,81.89
6027,6127,283,67.41
5916,6016,283,73.42
5934,6034,283,33.98
5739,5839,283,39.36
5830,5930,283,77.26
6036,6136,283,35.45
5937,6037,283,46.67
5309,5409,283,35.72
5404,5504,283,39.52
4911,5011,283,43.88
2167,2267,283,32.27
5933,6033,283,33.23
3759,3859,283,22.85
4150,4251,283,24.67
5440,5541,283,25.13
3753,3854,283,25.22
3754,3854,283,56.41
4548,4647,283,22.3
4649,4749,283,66.69
1174,1274,283,13.34
3355,3454,283,18.43
4349,4450,283,18.29
4802,4901,283,21.22
3363,3463,283,63.53
6325,6425,283,68.01
5142,5242,283,75.33
4545,4646,283,24.43
4801,4901,283,62.32
1014,1114,283,22.63
3758,3858,283,22.9
3802,3901,283,25.53
1373,1473,283,83.16
2703,2602,283,3.02
6624,6724,283,79.32
6037,6137,284,143.4
5839,5939,284,105.92
3756,3856,284,62.96
4943,5043,284,58.6
6521,6621,284,87.93
6420,6520,284,58.56
5102,5202,284,73.57
5729,5829,284,91.7
5113,5213,284,40.19
5838,5938,284,39.63
5728,5828,284,36.65
3555,3655,284,34.09
5707,5807,284,33.26
6017,6117,284,33.69
3701,3801,284,15.88
3952,4053,284,23.53
4942,5043,284,23.36
4449,4550,284,20.5
3657,3757,284,59.78
6425,6525,284,119.77
473,574,284,8.37
373,474,284,8.44
3761,3861,284,69.57
3658,3757,284,20.05
4645,4745,284,21.27
5408,5508,284,51.02
5938,6038,285,107.76
6621,6721,285,108.64
5815,5915,285,99.03
6218,6318,285,62.63
6033,6133,285,83.67
3262,3362,285,64.56
5011,5111,285,50.27
6136,6236,285,59.71
1473,1573,285,83.16
6419,6519,285,50.81
5714,5814,285,70.72
6422,6522,285,71.61
6127,6227,285,85.81
2864,2964,285,55.05
3454,3554,285,67.08
5012,5112,285,43.96
6326,6426,285,46.74
5740,5840,285,43.75
5303,5403,285,42.12
5906,6006,285,26.32
1870,1970,285,28.33
1075,1175,285,30.28
2465,2565,285,32.73
511,611,285,20.61
6423,6523,285,38.25
3853,3954,285,26.08
4648,4747,285,22.39
5540,5641,285,21.25
4749,4849,285,66.96
4901,5001,285,63.53
3463,3563,285,54.77
1074,1175,285,8.38
5242,5342,285,79.08
4744,4844,285,22.91
2703,2604,285,3.1
4902,5001,285,20.42
1772,1872,285,14.89
6006,6106,286,110.18
6721,6821,286,106.02
6426,6526,286,116.94
5840,5940,286,109.32
4053,4153,286,53.54
4550,4650,286,78.93
5043,5143,286,62.37
3856,3956,286,58.51
5828,5928,286,94.04
6520,6620,286,99.35
3655,3755,286,66.75
5508,5608,286,54.96
6137,6237,286,50.27
5939,6039,286,60.82
3901,4001,286,45.97
5504,5604,286,36.15
5310,5410,286,38.17
4251,4351,286,48.46
6016,6116,286,42.24
5705,5805,286,29.34
3861,3961,286,62.96
6132,6232,286,32.07
2069,2169,286,31.15
6031,6131,286,30.93
6523,6623,286,109.29
5930,6030,286,40.74
6035,6135,286,25.62
2366,2466,286,32.7
712,812,286,21.75
3757,3857,286,61.29
2268,2368,286,31.93
4052,4153,286,21.22
5042,5143,286,21.47
4250,4351,286,21.74
5927,6028,286,21.11
913,1013,286,21.22
3860,3960,286,22.85
4549,4650,286,21.76
5202,5302,286,79.79
5706,5805,286,11.13
11,110,286,7.6
6724,6824,286,44.3
5213,5313,286,57.52
1771,1871,286,14.26
6525,6625,286,51.76
5409,5509,286,42.38
5940,6040,287,127.76
6227,6327,287,86.81
6522,6622,287,78.13
5814,5914,287,65.94
2964,3064,287,56.13
6519,6619,287,82.96
6236,6336,287,50.24
1573,1673,287,82.91
5111,5211,287,50.28
6318,6418,287,53.41
5915,6015,287,76.37
5112,5212,287,57.9
5829,5929,287,44.61
2267,2367,287,32.44
6034,6134,287,26.76
4252,4352,287,25.58
4848,4948,287,22.15
6117,6217,287,36.62
3954,4054,287,53.02
6226,6327,287,20.44
4748,4847,287,21.56
3754,3855,287,24.43
5342,5442,287,73.2
72,173,287,8.47
3563,3663,287,55.41
172,173,287,3.23
6824,6924,287,100.07
6623,6723,287,100.56
574,674,287,47.92
5001,5101,287,63.04
4650,4750,288,85.51
6821,6921,288,88.81
6526,6626,288,50.18
4153,4253,288,53.63
5313,5413,288,50.34
6028,6128,288,73.67
5143,5243,288,68.09
6038,6138,288,47.42
3362,3462,288,49.3
3961,4061,288,61.44
5807,5907,288,29.33
1274,1374,288,20.74
4943,5044,288,23.68
4646,4746,288,20.07
5403,5503,288,37.73
6027,6128,288,20.53
4649,4750,288,20.79
5212,5312,288,112.45
3859,3959,288,22.33
5302,5402,288,82.99
3361,3462,288,10.47
2310,2309,288,2.99
5641,5741,288,35.29
3858,3958,288,22.81
674,774,288,215.38
6625,6725,288,57.76
4352,4452,289,67.86
5211,5311,289,87.93
6924,7024,289,71.31
6015,6115,289,57.48
6336,6436,289,50.23
6622,6722,289,94.12
6619,6719,289,73.81
3855,3955,289,57.88
5914,6014,289,59.59
3064,3164,289,57.12
4001,4101,289,46.54
110,210,289,44.63
4351,4451,289,42.41
6030,6130,289,33.54
6620,6720,289,47.53
6116,6216,289,35.92
6232,6332,289,41.82
6106,6206,289,44.01
6135,6235,289,43.08
6237,6337,289,36.01
5608,5708,289,49.75
6131,6231,289,41.61
6039,6139,289,48.32
1872,1972,289,33
6133,6233,289,28.98
1175,1275,289,26
2565,2665,289,31.57
1970,2070,289,29.74
6725,6825,289,124.08
4350,4451,289,19.7
3663,3763,289,99.35
4745,4845,289,21
4002,4101,289,21.67
5442,5542,289,64.53
273,374,289,8.46
5410,5510,289,36.66
6722,6822,290,123.92
6921,7021,290,78.6
5413,5513,290,97.74
4253,4353,290,56.69
6138,6238,290,55.45
5044,5144,290,60.42
6128,6228,290,81.05
5243,5343,290,65.74
4750,4850,290,90.34
1673,1773,290,49.38
6040,6140,290,43.09
5929,6029,290,42.38
6418,6518,290,40.64
5805,5905,290,25.42
2466,2566,290,32.27
5509,5609,290,33.1
2169,2269,290,31.69
5604,5704,290,32.78
1871,1971,290,28.86
4061,4161,290,64.48
4844,4944,290,22.39
611,711,290,20.14
6217,6317,290,42.38
4053,4154,290,25.34
3856,3957,290,23.71
2368,2468,290,31.03
4849,4949,290,24.61
5806,5905,290,11.11
4749,4850,290,20.69
3761,3862,290,19.77
5312,5412,290,84.17
6723,6823,290,44.45
6140,6240,291,113.59
6228,6328,291,104.65
5311,5411,291,53.63
6719,6819,291,75.87
6231,6331,291,58.97
6014,6114,291,56.06
3955,4055,291,55.94
6332,6432,291,94.14
6235,6335,291,50.22
1374,1474,291,45.21
3462,3562,291,44.64
6626,6726,291,42.27
2367,2467,291,31.98
6134,6234,291,31.4
6327,6427,291,32.38
812,912,291,21.05
3956,4056,291,21.14
5503,5603,291,40.06
4450,4551,291,18.29
3861,3962,291,22.12
5102,5201,291,16.2
6822,6922,291,106.92
3954,4055,291,25.49
1013,1113,291,21.32
3960,4060,291,22.72
3461,3562,291,10.84
6825,6925,291,83.47
3661,3762,291,15.92
5402,5502,291,35.92
6823,6923,291,116.78
5741,5841,291,39.54
5542,5642,291,68.64
6331,6431,292,215.06
6726,6826,292,120.61
6432,6532,292,184.77
5144,5244,292,58.3
6029,6129,292,95.9
5609,5709,292,54.15
5513,5613,292,66.31
4353,4453,292,63.63
4850,4950,292,87.73
6720,6820,292,43.73
6130,6230,292,46.6
6139,6239,292,47.58
3763,3863,292,39.69
5708,5808,292,41.58
6233,6333,292,35.93
6115,6215,292,45.09
2070,2170,292,33.78
6206,6306,292,44.01
5510,5610,292,40.99
1972,2072,292,48.43
3164,3264,292,40.95
6216,6316,292,37.38
4161,4261,292,88.77
5907,6007,292,29.98
4847,4947,292,21.41
4153,4254,292,25.31
4948,5048,292,22.48
5707,5808,292,11.97
5343,5443,292,57.89
5412,5512,292,54.49
6129,6229,293,110.05
6239,6339,293,115.3
6230,6330,293,160.54
5709,5809,293,106.32
4056,4156,293,55.23
6240,6340,293,99.13
5502,5602,293,85.46
6819,6919,293,77.94
6427,6527,293,95.45
6335,6435,293,50.22
6114,6214,293,50.76
1474,1574,293,76.41
4055,4155,293,56.55
4551,4651,293,55.24
1971,2071,293,41.68
6518,6618,293,34.5
2269,2369,293,35.89
7021,7121,293,36.38
5905,6005,293,37.48
6337,6437,293,26.86
2665,2765,293,32.94
1275,1375,293,29.32
6436,6536,293,32.31
3962,4062,293,71.43
6317,6417,293,41.02
6922,7022,293,78.58
4550,4651,293,16.78
3961,4062,293,22.67
3958,4058,293,22.9
874,975,293,7.34
4060,4160,293,61.82
6925,7025,293,66.99
5642,5742,293,72.91
3959,4059,293,22.9
211,310,293,4.71
6923,7023,293,78.38
6229,6329,294,103.8
2765,2865,294,100.85
6333,6433,294,89.89
6826,6926,294,78.56
2072,2172,294,50.17
5808,5908,294,69.58
6007,6107,294,73.06
5244,5344,294,58.3
6820,6920,294,78.56
4950,5050,294,88.04
3264,3364,294,69.17
4453,4553,294,64.3
3863,3963,294,83.1
6234,6334,294,46.77
6328,6428,294,33.85
3562,3662,294,47.02
4062,4162,294,104.86
2566,2666,294,31.05
4452,4552,294,22.18
4845,4945,294,21.07
5603,5703,294,41.09
4746,4846,294,20
4253,4354,294,24.33
2468,2568,294,30.58
5202,5301,294,14.42
5442,5543,294,21.56
3561,3662,294,10.79
5841,5941,294,45
5443,5543,294,58.12
5411,5511,294,39.65
6329,6429,295,132.97
6433,6533,295,116.91
2865,2965,295,101.72
6340,6440,295,90.78
6919,7019,295,75.31
6536,6636,295,57.85
6005,6105,295,51.57
4651,4751,295,61.68
6527,6627,295,50.18
4155,4255,295,55.23
1574,1674,295,76.55
2071,2171,295,50.87
6618,6718,295,62.72
5512,5612,295,41.9
6431,6531,295,33.45
6215,6315,295,37.39
6306,6406,295,35.77
6316,6416,295,35.42
2170,2270,295,45.04
5613,5713,295,46.32
2467,2567,295,31.65
3957,4057,295,21.82
711,811,295,20.16
5704,5804,295,24.94
4949,5049,295,24.75
6238,6338,295,24.23
5044,5145,295,23.04
5705,5804,295,11.13
4261,4361,295,43.68
4160,4260,295,70.01
5941,6041,295,103.8
7023,7123,295,67.03
2965,3065,296,105.74
6334,6434,296,50.2
2172,2272,296,56.7
4552,4652,296,52.81
6920,7020,296,75.96
5050,5150,296,88.04
5344,5444,296,56.31
6428,6528,296,69.34
3963,4063,296,55.82
5301,5401,296,70.46
3364,3464,296,66.99
4553,4653,296,62.37
1375,1475,296,40.99
2369,2469,296,43.36
6435,6535,296,45.74
6330,6430,296,37.67
6214,6314,296,43.53
5610,5710,296,33
4162,4262,296,94.95
6532,6632,296,31.42
5144,5245,296,23.78
6417,6517,296,34.5
7022,7122,296,35.28
5602,5702,296,36.91
5343,5444,296,23.92
3363,3464,296,9.52
5742,5842,296,34.29
1772,1873,296,8.31
5049,5149,297,65.87
1674,1774,297,54.51
6429,6529,297,59.6
7019,7119,297,77.94
2171,2271,297,55.4
6718,6818,297,69.25
4751,4851,297,64.02
2270,2370,297,56.9
4260,4360,297,89.01
5511,5611,297,38.17
6107,6207,297,33.59
5809,5909,297,30.68
7121,7221,297,31.27
4056,4157,297,24.81
912,1012,297,18.42
4947,5047,297,23
4353,4454,297,21.89
5048,5148,297,21.86
5542,5643,297,20.1
6207,6307,298,127.63
5150,5250,298,84.3
4653,4753,298,64.62
3464,3564,298,62.37
4652,4752,298,52.18
6528,6628,298,50.18
1475,1575,298,62.91
6434,6534,298,52.24
5245,5345,298,62.1
5710,5810,298,56.72
2469,2569,298,50.15
3065,3165,298,56.23
2272,2372,298,67.63
6535,6635,298,72.06
6430,6530,298,51.47
5444,5544,298,53.13
6406,6506,298,46.23
5804,5904,298,33.46
5612,5712,298,36.95
6636,6736,298,41.13
6105,6205,298,44.72
6533,6633,298,35.54
6627,6727,298,42.27
4063,4163,298,52.66
2666,2766,298,32.07
5908,6008,298,28.6
5842,5942,298,79.18
5703,5803,298,32.61
4156,4256,298,20.91
4059,4159,298,22.72
6926,7026,298,33.2
6437,6537,298,22.43
5244,5345,298,23.78
5713,5813,298,46.03
7024,7124,298,11.54
4058,4158,298,22.33
2568,2668,298,30.88
1075,1176,298,8.41
3463,3564,298,10.09
6925,7026,298,20.68
4361,4461,298,46.66
5443,5544,298,23.84
7119,7219,299,66.69
5149,5249,299,63.76
5148,5248,299,56.99
4157,4257,299,55.99
2271,2371,299,60.93
4851,4951,299,70.3
2370,2470,299,65.88
5909,6009,299,63.79
6818,6918,299,71.23
6529,6629,299,50.2
7020,7120,299,36.25
6314,6414,299,36.39
6416,6516,299,31.77
6315,6415,299,32.8
2567,2667,299,30.63
4846,4946,299,20.62
6339,6439,299,17.67
310,410,299,18.21
4453,4554,299,21.64
4945,5045,299,21.07
5702,5802,299,42.04
3663,3764,299,12.1
7123,7223,299,33.21
5642,5743,299,18.65
4753,4853,300,65.76
6628,6728,300,50.18
3165,3265,300,54.81
3564,3664,300,68.58
1575,1675,300,72.14
5345,5445,300,59.75
4256,4356,300,55.87
5810,5910,300,53.96
6530,6630,300,50.26
2372,2472,300,75.55
4159,4259,300,62.65
6506,6606,300,50.81
2569,2669,300,50.08
5250,5350,300,71.87
5611,5711,300,40.54
1873,1973,300,26.93
6531,6631,300,24.56
4255,4355,300,20.07
5813,5913,300,55.26
3764,3864,300,110.05
5344,5445,300,24.46
6007,6108,300,18.6
6517,6617,300,30.74
7122,7222,300,32.2
7026,7126,300,60.87
11,10,300,3.04
3563,3664,300,10.04
6537,6637,301,4.27
4360,4460,301,5.6
6406,6507,301,10.63
6406,6505,301,26.77
6406,6405,301,39.05
4262,4362,301,6.16
6618,6717,301,25.1
5502,5501,301,79.94
110,109,301,72.14
72,73,301,1.8
2701,2601,301,6.19
1513,1612,301,8.54
1413,1512,301,8.52
1313,1412,301,6.77
1213,1212,301,16.48
4361,4462,301,6.7
4361,4460,301,24.29
2707,2606,301,7.86
109,108,302,108.74
2472,2471,302,74.54
6606,6605,302,76.15
4853,4852,302,70.39
6918,6917,302,55.15
5904,6004,302,2.58
6307,6407,302,2.62
7119,7118,302,49.53
5148,5147,302,39.72
6818,6817,302,54.04
7019,7018,302,59.28
811,911,302,2.85
5813,5812,302,47.3
4553,4654,302,4.61
6919,7018,302,23.26
6005,6004,302,44.56
6826,6927,302,5.13
5502,5601,302,15.57
6014,6013,302,38.45
4259,4258,302,60.19
2409,2408,302,18.52
2311,2211,302,3.18
2312,2212,302,3.02
2213,2212,302,27.49
1213,1312,302,4.47
6505,6504,303,78.67
2606,2605,303,52.45
4460,4459,303,63.05
10,9,303,47.87
5350,5349,303,46.43
7219,7218,303,40
5802,5801,303,40.85
4951,5051,303,8.66
5249,5349,303,14.26
5913,5912,303,42.34
5248,5348,303,15.59
5248,5247,303,37.97
5904,5903,303,42.04
5148,5247,303,26.77
108,107,303,115.3
6338,6438,303,0.95
6105,6104,303,39.55
5145,5246,303,10.18
6717,6716,303,50.24
6214,6213,303,28.45
6306,6305,303,29.74
6114,6113,303,33.44
5702,5701,303,41.04
7126,7125,303,48.58
1613,1712,303,6.92
107,106,304,100.91
6605,6604,304,65
7018,7017,304,61.74
7118,7117,304,54.77
6405,6404,304,46.45
7219,7319,304,14.88
7120,7220,304,12.37
4257,4357,304,11.08
6917,6916,304,50.84
6736,6735,304,23.41
6205,6204,304,27.95
6635,6735,304,4.89
6635,6634,304,28.4
4360,4359,304,23.46
6817,6816,304,50.75
5444,5545,304,11.93
6314,6313,304,24.84
3863,3964,304,4.79
5942,6042,304,5.67
210,209,304,29.1
2309,2308,304,17.23
474,575,304,1.91
2113,2112,304,24.5
2507,2506,304,22.59
2311,2210,304,8.03
9,8,305,58.17
6504,6503,305,73.98
5812,5811,305,46.7
6004,6003,305,44.7
5147,5146,305,42.07
6617,6616,305,22.95
7219,7318,305,26.77
6414,6413,305,22.55
6516,6515,305,21.82
5248,5347,305,26.73
310,309,305,18.94
511,510,305,18.02
2013,2012,305,20.25
1913,1912,305,17.81
1813,1812,305,16.27
6404,6403,306,89.02
106,105,306,74.54
7117,7116,306,57.28
6305,6304,306,45.7
6013,6012,306,33.08
4356,4455,306,25.27
7017,7016,306,57.66
5350,5449,306,26.08
410,409,306,17.99
5903,5902,306,43.89
6736,6836,306,5.61
5047,5046,306,19.1
5245,5346,306,9.4
5912,5911,306,41.97
4359,4358,306,59.46
1113,1112,306,17.77
711,710,306,16.65
611,610,306,17.46
7126,7225,306,25.61
4459,4458,306,43.32
6916,6915,307,44.15
209,208,307,45.56
6604,6603,307,45.44
2506,2505,307,36.44
6213,6212,307,32.03
6113,6112,307,32.82
6507,6607,307,17.53
811,810,307,14.39
5544,5644,307,8.23
2603,2502,307,11.77
2310,2209,307,8.05
6403,6402,308,72.75
105,104,308,74.54
6304,6303,308,56.85
7116,7115,308,60.64
6503,6502,308,48.42
6204,6203,308,32.27
6313,6312,308,27.43
6104,6103,308,23.36
6716,6715,308,21.97
7016,7015,308,52.03
7118,7217,308,23.84
1612,1611,308,16.07
1412,1411,308,15.42
4460,4559,308,20.96
1512,1511,308,16.07
4853,4952,308,18.43
5350,5450,308,12.67
1176,1276,308,2.32
2408,2407,308,19.94
1012,1011,308,13.06
8,7,308,46.84
574,675,308,1.5
104,103,309,102.09
2505,2504,309,74.15
6735,6734,309,23.74
6816,6815,309,22.45
5348,5447,309,26.48
7125,7224,309,25.65
5349,5448,309,26.7
6605,6704,309,20.27
4458,4457,309,42.85
4356,4456,309,11.52
6606,6705,309,16.64
6012,6011,309,34.98
208,207,309,67.34
4163,4263,309,6.21
2112,2111,309,24.61
1712,1711,309,17.23
7126,7226,309,11.96
2602,2501,309,12.04
4459,4558,309,26.55
6303,6302,310,94.49
6203,6202,310,75.25
6112,6111,310,34.34
6915,6914,310,41.75
6603,6602,310,37.83
6413,6412,310,24.24
6616,6615,310,20.7
309,308,310,20.27
6515,6514,310,21.53
7319,7418,310,26.76
6604,6703,310,26.25
1312,1311,310,13.68
6507,6508,310,12.07
1212,1211,310,11.47
6003,6002,310,23.78
7115,7114,310,59.58
5345,5446,310,9.66
6736,6835,310,12.13
7015,7014,310,51.39
7221,7321,310,4.01
2308,2307,310,19.36
2012,2011,310,24.82
1912,1911,310,21.56
6240,6341,310,3.33
2603,2503,310,4.85
5743,5843,310,7.78
273,274,310,1.36
207,206,311,74.55
103,102,311,95.13
7217,7216,311,45.32
6502,6501,311,39.35
6402,6401,311,41.24
6212,6211,311,32.81
5902,5901,311,23.65
510,509,311,17.24
7319,7419,311,15.26
7117,7216,311,22.99
6414,6513,311,12.15
1812,1811,311,19
2668,2768,311,3.34
6302,6301,312,57.08
7114,7113,312,51.84
6202,6201,312,79.35
7014,7013,312,51.93
6815,6814,312,45.79
7,6,312,27.65
6312,6311,312,28.89
6103,6102,312,29.56
4558,4557,312,45.56
6507,6408,312,13.28
6507,6608,312,13.28
4458,4557,312,26.6
7219,7320,312,10.31
2470,2570,312,2.53
6009,6109,312,6.08
2766,2866,312,2.9
5909,6010,312,6.36
4654,4754,312,10.61
6111,6110,312,74.97
6340,6441,312,4.01
6011,6010,312,35.56
7026,7127,312,8.35
7026,7027,312,7.32
206,205,313,68.86
102,101,313,74.54
7216,7215,313,50.47
6602,6601,313,37.38
6914,6913,313,45.62
6615,6614,313,42.77
6703,6702,313,33.73
7418,7417,313,37.04
6715,6714,313,21.24
1611,1610,313,20.5
6603,6702,313,26.72
710,709,313,15.16
610,609,313,16.09
409,408,313,15.63
7116,7215,313,21.82
2407,2406,313,24.12
5445,5546,313,11.11
2209,2208,313,18.4
911,910,313,9.77
6211,6210,313,73.27
6826,6827,313,4.43
7013,7012,314,65.04
6412,6411,314,26.29
2011,2010,314,28.02
1911,1910,314,25.65
1711,1710,314,21.46
7217,7316,314,26.28
1411,1410,314,18.43
1511,1510,314,19.63
5450,5549,314,26.49
810,809,314,14.78
4460,4560,314,8.03
5350,5351,314,7.34
2111,2110,314,24.74
6102,6101,314,77.15
6311,6310,314,67.96
6002,6001,314,29.92
4554,4555,314,6.69
5842,5943,314,5.55
6041,6141,314,1.32
7012,7011,315,113.14
6913,6912,315,53.51
205,204,315,54.83
6814,6813,315,41.16
2307,2306,315,23.12
4557,4556,315,41.58
6705,6805,315,17.13
6705,6804,315,26.09
6704,6804,315,18.56
6704,6803,315,24.54
4457,4556,315,26.55
5450,5550,315,16.42
6607,6706,315,18.28
1112,1111,315,12.24
4952,5052,315,15.44
4558,4657,315,26.23
308,307,315,23.19
7115,7214,315,22.19
5050,5151,315,3.71
7226,7325,315,26.33
7417,7416,316,39.31
6714,6713,316,45.08
6614,6613,316,49.55
6,5,316,28.61
6513,6512,316,24.95
6602,6701,316,26.69
1311,1310,316,16.86
6703,6802,316,26.18
7418,7317,316,26.66
7418,7517,316,26.66
7321,7420,316,26.76
7114,7213,316,24.74
1011,1010,316,13.89
7217,7317,316,13.05
6735,6834,316,12.12
4853,4953,316,6.63
6411,6410,316,70.35
1811,1810,316,23.97
4554,4655,316,7.66
6440,6540,316,1.39
2668,2767,316,8.05
204,203,317,53.46
6912,6911,317,90.5
7011,7010,317,93.23
7316,7315,317,37.92
6210,6209,317,28.38
7113,7112,317,21.23
7216,7315,317,25.13
7418,7518,317,15.9
7321,7421,317,14.77
2406,2405,317,26.34
1211,1210,317,15.28
6634,6733,317,11.58
5545,5645,317,8.11
4558,4658,317,12.96
5350,5251,317,8.37
5350,5451,317,8.37
6140,6241,317,2.52
7226,7326,317,13.15
5544,5645,317,6.96
7223,7322,317,7.94
6911,6910,318,123.41
7112,7111,318,100.47
6410,6409,318,83.28
6613,6612,318,54.78
6713,6712,318,51.28
6310,6309,318,29.18
1710,1709,318,25.78
1610,1609,318,24.41
6608,6707,318,26.65
1910,1909,318,28.05
4557,4656,318,26.71
4657,4656,318,45.74
5743,5744,318,5.51
6836,6935,318,12.17
2405,2404,319,58.52
6209,6208,319,60.17
7416,7415,319,36.57
7517,7516,319,49.26
5,4,319,34.31
1510,1509,319,23.91
1410,1409,319,21.94
2010,2009,319,24.43
2208,2207,319,18
6702,6801,319,25.68
7417,7516,319,26.77
6913,6812,319,24.24
6608,6708,319,15.95
509,508,319,14.08
2110,2109,319,24.16
7215,7314,319,25.82
307,306,319,29.99
7126,7227,319,7.81
6309,6308,320,76.4
6712,6711,320,72.54
6512,6511,320,25.77
709,708,320,15.3
609,608,320,15.02
910,909,320,15.36
5450,5551,320,11.9
2502,2401,320,11.32
2306,2305,320,23.17
1774,1874,320,3.04
7010,7009,320,34.13
6711,6710,321,101.02
2404,2403,321,73.94
6812,6811,321,80.83
7111,7110,321,40.53
203,202,321,31.29
7213,7212,321,21.24
1810,1809,321,24.22
6803,6903,321,17.09
6803,6902,321,26.12
6805,6905,321,18.46
6805,6904,321,24.7
6804,6904,321,19.18
809,808,321,16.48
408,407,321,13.99
4754,4854,321,11.25
5052,5152,321,16.85
6705,6806,321,12.76
4657,4756,321,26.2
2502,2402,321,7.51
6910,6909,321,46.24
5549,5548,321,16.47
6042,6142,321,6.25
7223,7323,321,3.9
6811,6810,322,105.43
7009,7008,322,94.38
1609,1608,322,27.45
7416,7515,322,26.62
7517,7616,322,25.45
6802,6901,322,24.94
1111,1110,322,14.78
1310,1309,322,19.06
7420,7519,322,26.77
6608,6609,322,10.18
4952,5053,322,10.85
6411,6510,322,18.45
6637,6737,322,4.9
5743,5844,322,6.02
6909,6908,323,71.16
7212,7211,323,70.12
1509,1508,323,28.46
4,3,323,32.4
6612,6611,323,20.74
1909,1908,323,23.58
1709,1708,323,24.94
1210,1209,323,17.36
7518,7617,323,26.65
7421,7520,323,26.76
1409,1408,323,26.55
1010,1009,323,16.44
7325,7324,323,13.84
7315,7414,323,26.2
7420,7520,323,15.18
4657,4757,323,12.9
6834,6833,323,14.52
306,305,323,31.35
7110,7109,323,72.08
2305,2304,323,40.18
4654,4755,323,6.78
6710,6709,323,59.89
7010,7109,323,26.26
4262,4363,323,4.13
7326,7425,323,26.76
6510,6509,323,110.56
6836,6936,323,5.97
6611,6610,324,109.09
7008,7007,324,56.85
2207,2206,324,22.45
7111,7210,324,26.76
7421,7521,324,15.24
2009,2008,324,22.85
5446,5547,324,10.26
7321,7422,324,10.2
6910,6809,324,26.11
6810,6809,324,56.19
7326,7426,324,14.73
2109,2108,324,20.83
7322,7422,324,14.77
7414,7413,325,52.9
6908,6907,325,77.01
7109,7108,325,71.48
1809,1808,325,25.11
7314,7313,325,17.48
6935,6934,325,14.54
7518,7618,325,14.05
6805,6906,325,14.74
4163,4164,325,3.68
2304,2303,325,68.62
6809,6808,326,56.1
7425,7424,326,40.15
1608,1607,326,25.55
808,807,326,21.29
708,707,326,17.47
909,908,326,18.64
6708,6807,326,20.54
6540,6539,326,10.18
7210,7209,326,63.94
3964,4064,326,4.58
5545,5646,326,6.65
4558,4659,326,8.61
7226,7327,326,8.77
7313,7312,327,68.67
7413,7412,327,59.79
3,2,327,31.7
7616,7615,327,20.36
1309,1308,327,22.47
4756,4855,327,26.75
6902,7002,327,17.28
6902,7001,327,25.98
6903,7003,327,17.42
6903,7002,327,25.88
202,201,327,19.83
5152,5252,327,18.85
608,607,327,15.83
2401,2301,327,15.74
1508,1507,327,27.62
5052,5153,327,12.4
2303,2302,327,57.75
1408,1407,327,30.32
374,475,327,1.82
1209,1208,328,20.27
1908,1907,328,20.7
305,304,328,22.15
1708,1707,328,24.32
2206,2205,328,26.43
4756,4856,328,14.63
407,406,328,14.59
508,507,328,12.5
6733,6732,328,9.53
6438,6538,328,4.16
1607,1606,328,88.1
4163,4264,328,4.17
1507,1506,329,98.32
7424,7423,329,39.23
7108,7107,329,31.26
7425,7524,329,26.77
7414,7513,329,24.43
1009,1008,329,19.21
1110,1109,329,16.65
7008,7107,329,23.14
7212,7311,329,18.52
4658,4758,329,8.91
7515,7514,329,15.14
2768,2867,329,8.05
7209,7208,329,37.53
5644,5745,329,6.58
1506,1505,330,101.69
1606,1605,330,84.84
2,1,330,35.68
807,806,330,28.64
1808,1807,330,22.33
2008,2007,330,18.83
7425,7525,330,14.83
4854,4954,330,12.22
7615,7614,330,41.72
2108,2107,330,17.8
1707,1706,330,75.58
5943,6043,330,6.34
4460,4561,330,4.97
7521,7620,330,26.7
7426,7525,330,26.75
1407,1406,331,27.29
1308,1307,331,27.1
908,907,331,24.3
707,706,331,21.71
7108,7207,331,25.57
6906,7006,331,19.18
6907,7006,331,26.69
7422,7522,331,15.43
5152,5253,331,15.5
7421,7522,331,10.66
7210,7309,331,20.65
7521,7621,331,15.72
7426,7526,331,14.63
7326,7427,331,10.16
1972,2073,331,1.73
1605,1604,332,82.48
7424,7523,332,26.77
7413,7512,332,22.12
6906,7005,332,23.3
4757,4857,332,11.77
6903,7004,332,13.13
2205,2204,332,26.5
7518,7619,332,9.54
7618,7717,332,23.36
6927,6928,332,3.42
7209,7308,332,26.7
1505,1504,333,39.32
2204,2203,333,171.23
1208,1207,333,24.25
7001,7101,333,16.93
7312,7411,333,26.68
607,606,333,19.4
5252,5352,333,17
7002,7101,333,26.51
7003,7103,333,17.73
7003,7102,333,25.6
7615,7714,333,26.7
5451,5452,333,6.56
7227,7228,333,7.66
6736,6837,333,3.65
2865,2966,333,2.2
806,805,334,31.48
1008,1007,334,24.34
4856,4955,334,26.74
1907,1906,334,18.4
4855,4955,334,15.96
7616,7715,334,12.15
6834,6933,334,7.97
2302,2201,334,21.41
5550,5649,334,7.82
1275,1376,334,1.48
1075,1076,334,1.34
2203,2202,335,78.69
1307,1306,335,30.73
907,906,335,32.02
706,705,335,26.25
1406,1405,335,28.46
1706,1705,335,24.45
2107,2106,335,24.07
1109,1108,335,19.34
7513,7613,335,17.2
7513,7612,335,26.05
7311,7310,335,19.69
507,506,335,15.76
4856,4956,335,14.57
6936,7035,335,12.16
6833,6832,335,8.48
1807,1806,335,20.73
7617,7716,335,12.11
2669,2769,335,2.88
1504,1503,336,40.77
1604,1603,336,31.35
2007,2006,336,18.75
7525,7624,336,26.77
7107,7106,336,15.57
6935,7034,336,7.97
5451,5552,336,7.51
7618,7718,336,9.69
406,405,336,12.91
7227,7128,336,8.72
7227,7328,336,8.72
1705,1704,337,70.57
1207,1206,337,28.26
7207,7206,337,17.38
7006,7105,337,23.93
7525,7625,337,14.99
7521,7622,337,11.14
7526,7625,337,26.75
5844,5944,337,6.74
1503,1502,338,72.91
1603,1602,338,75.09
906,905,338,33.61
805,804,338,30.34
1007,1006,338,29.19
606,605,338,23.09
7005,7104,338,24.94
7004,7104,338,18.48
7308,7307,338,16.85
7427,7527,338,14.33
7003,7104,338,13.56
6142,6242,338,6.12
7526,7626,338,14.63
6042,6143,338,4.21
1704,1703,339,98.66
7624,7623,339,36.21
705,704,339,28.54
1405,1404,339,31.78
1806,1805,339,25.26
1306,1305,339,28.84
1906,1905,339,24.37
7102,7202,339,17.56
7102,7201,339,25.76
2106,2105,339,27.13
7101,7201,339,17.11
7103,7203,339,18.18
7103,7202,339,25.1
304,303,339,9.96
5252,5353,339,12.59
7523,7623,339,15.73
6927,6828,339,3.9
6927,7028,339,3.9
6637,6638,339,2.69
1703,1702,340,105.2
1602,1601,340,73.14
1502,1501,340,74.77
1108,1107,340,23.76
4955,5054,340,26.67
7411,7410,340,14.72
7512,7511,340,12.99
6732,6731,340,9.04
6936,7036,340,6.08
4954,5054,340,11.11
5744,5845,340,6.65
975,875,340,2.33
3264,3365,340,1.72
374,375,340,1.57
1206,1205,341,32.03
506,505,341,19.56
5649,5648,341,16.47
2006,2005,341,22.9
7327,7428,341,10.02
7714,7713,341,13.23
5550,5650,341,3.95
1702,1701,342,62.18
1404,1403,342,35.89
1305,1304,342,34.99
804,803,342,30.5
905,904,342,30.07
7624,7723,342,26.58
605,604,342,25.01
4955,5055,342,14.13
4757,4858,342,7.65
2768,2868,342,3.3
405,404,342,17.7
2965,3066,342,2.1
6836,6937,342,3.96
2105,2104,343,25.43
704,703,343,30.34
1905,1904,343,25.11
1006,1005,343,24.38
7624,7724,343,16.19
7034,7033,343,14.48
1705,1804,343,18.38
7103,7204,343,14.25
7207,7306,343,11.93
4856,4957,343,10.01
4658,4759,343,5.57
2471,2571,343,2.49
7206,7205,343,17.25
2104,2103,344,111.27
1403,1402,344,66.18
1304,1303,344,85.95
1107,1106,344,27.63
7612,7611,344,12.3
7717,7816,344,11.91
7308,7407,344,11.85
7309,7408,344,11.78
2103,2102,345,238.99
1205,1204,345,27.28
2005,2004,345,26.54
303,302,345,17.16
7623,7722,345,26.62
304,403,345,8.75
3964,3965,345,2.48
1873,1974,345,2.44
4362,4463,345,3.23
3764,3765,345,2.18
2102,2101,346,115.15
1303,1302,346,70.24
1402,1401,346,68.95
803,802,346,29.5
904,903,346,28.49
7201,7301,346,14.52
2202,2101,346,13.27
7411,7510,346,11.42
7309,7409,346,7.02
7427,7528,346,9.79
604,603,346,27.47
505,504,346,22.56
7526,7627,346,10.07
7714,7814,346,7.77
7714,7813,346,10.97
2072,2173,346,1.69
1904,1903,347,28.69
1005,1004,347,26.21
1804,1803,347,31.66
5648,5647,347,18.41
1702,1801,347,21.27
6832,6831,347,8.62
6933,6932,347,8.25
7717,7817,347,6.81
703,702,347,31.37
5943,6044,347,4.3
7715,7815,347,8.08
6637,6738,347,3.09
1903,1902,348,168.06
1803,1802,348,147.08
1302,1301,348,61.22
1106,1105,348,29.35
5055,5154,348,26.18
7612,7712,348,7.99
7613,7712,348,11.48
274,174,348,2.7
1675,1775,348,2.1
6631,6730,348,2.97
173,174,348,1.32
1902,1901,349,119.83
2004,2003,349,32.11
7624,7725,349,11.64
7612,7711,349,10.62
4955,5056,349,9.61
7620,7719,349,7.79
7618,7719,349,6.11
3364,3465,349,1.76
675,775,349,2.49
7206,7305,349,11.91
2003,2002,350,204.66
603,602,350,30.29
302,301,350,21.68
403,402,350,24.67
1204,1203,350,24.26
5055,5155,350,12.86
7621,7720,350,7.8
2570,2670,350,2.68
1004,1003,351,26.69
504,503,351,24.87
903,902,351,22.99
7033,7032,351,13.88
802,801,351,23.11
6540,6639,351,4.13
7307,7406,351,11.79
3065,3166,351,2.02
1303,1202,352,18.48
7203,7302,352,11.44
7611,7610,352,14.11
702,701,352,24.5
3764,3865,352,2.54
2002,2001,353,48.56
1105,1104,353,22.56
7301,7401,353,15.85
1302,1201,353,21.61
7203,7303,353,7.41
7035,7134,353,7.98
7813,7812,353,15.77
7510,7509,353,14.64
7410,7509,353,11.57
5844,5945,353,4.69
602,601,354,31.87
402,401,354,26.12
7722,7721,354,12.4
7034,7133,354,7.97
3964,4065,354,2.86
503,502,355,28.18
7205,7304,355,11.8
902,901,355,25.06
7718,7818,355,5.51
5552,5651,355,7.62
3464,3565,355,1.9
5155,5254,356,26.64
6738,6838,356,11.17
5352,5453,356,6.43
6142,6243,356,4.09
3664,3665,356,1.82
7711,7710,356,15.08
3764,3665,356,2.54
7306,7405,356,11.57
1003,1002,357,19.53
7816,7915,357,11.32
6730,6729,357,12.39
7408,7507,357,11.54
7407,7506,357,11.17
1202,1101,358,25.36
5155,5255,358,14.04
7816,7916,358,7.51
7036,7135,358,7.97
7408,7508,358,7.3
6936,7037,358,4.05
4263,4364,358,2.9
502,501,359,29.67
1104,1103,359,18.06
7610,7609,359,15.13
6831,6830,359,8.95
7301,7402,359,11.28
5055,5156,359,8.53
5552,5652,359,4.41
7813,7912,359,11.66
7814,7913,359,11.45
7510,7609,359,11.4
3165,3266,359,2.07
2172,2273,359,1.61
6932,6931,360,8.32
7812,7811,360,14.97
2868,2967,360,8.04
7814,7914,360,7.39
1202,1102,361,18.65
7719,7819,361,7.03
7817,7917,361,4.93
7723,7822,361,4.92
6928,6929,361,3.68
6043,6144,361,5.56
5650,5749,361,5.2
7133,7132,362,11.75
7305,7404,362,8.51
7033,7132,362,4.98
5452,5553,362,4.07
7711,7810,362,8.28
7912,7911,363,28.65
6738,6739,363,7.46
5845,5846,363,5.82
7710,7709,363,15.61
1375,1476,363,1.13
7506,7505,364,14.87
5650,5750,364,3.09
1774,1875,364,1.51
374,275,364,2.16
7032,7031,365,6.14
7722,7821,365,4.94
4064,4165,365,2.99
7912,8012,366,15.15
7912,8011,366,20.73
5155,5256,366,7.95
5652,5751,366,19.9
6928,6829,366,4.9
7609,7608,366,15.6
7911,7910,367,28.72
5255,5354,367,15.17
1002,1001,367,6.09
6738,6839,367,7.31
5652,5752,367,13.28
5845,5746,367,6.98
5652,5653,368,11.07
1075,976,368,1.92
7404,7403,369,15.94
7303,7403,369,5.82
6044,6045,369,5.73
5845,5946,369,5.75
7036,7136,369,2.73
6928,7029,369,3.61
5945,6045,369,6.05
7810,7809,369,15.96
5944,6045,369,5.12
7911,8010,370,20.72
5156,5157,370,9.54
7912,8013,370,12.85
5255,5355,370,8.47
7709,7708,370,15.23
7723,7823,370,2.78
5649,5748,370,2.61
575,576,370,1.55
7910,7909,371,29.95
7505,7504,371,15.67
7819,7918,371,14.94
5156,5057,371,12.38
7401,7501,371,4.86
5652,5753,372,10.88
73,74,372,1.43
7915,8014,373,8.48
7507,7606,373,8.56
7506,7605,373,8.51
2769,2869,373,2.28
7608,7607,373,14.87
7910,8009,374,20.47
7819,7919,374,8.29
5156,5257,374,9.36
8010,8009,374,30.49
2272,2373,374,1.43
6839,6938,375,18.33
5752,5852,375,13.64
5752,5851,375,20.11
7916,8015,375,8.45
7915,8015,375,5.38
7719,7820,375,5.37
6044,6145,375,5.65
6441,6541,375,1.46
7809,7808,376,15.23
6839,6939,376,11.25
5256,5356,376,10.66
6739,6740,376,8.13
6931,6930,376,6.41
7916,8016,376,5.33
2868,2968,376,2.71
6739,6640,377,10.79
8010,8109,377,20.33
6540,6640,377,1.53
7708,7707,377,14.83
7909,7908,378,15.24
7504,7503,378,16.01
6839,6840,378,9.13
6144,6244,378,6.12
7402,7502,378,5.46
7134,7233,378,4.85
8010,8110,378,14.07
1973,2074,378,1.74
5851,5850,379,29.93
7132,7131,379,6.24
7605,7604,380,15.87
5752,5853,380,11.24
7133,7232,380,4.91
575,476,380,2.17
7031,7030,381,6.33
3965,3966,381,2.69
7328,7329,381,2.18
5846,5847,381,5.73
2669,2770,381,1.74
1176,1177,381,1.19
5851,5951,382,14.41
5851,5950,382,20.47
7917,8017,382,4.97
5945,6046,382,5.01
6839,6940,383,8.96
5256,5357,383,8.43
5748,5747,383,7.78
7808,7807,383,15.25
8010,8111,383,11.69
7819,7920,384,6.4
8009,8008,384,10.46
7707,7706,384,15.32
5553,5454,385,6.24
5553,5554,385,4.5
3965,3866,385,3.71
1874,1975,385,1.95
7908,7907,385,16
5356,5455,386,14.24
275,175,386,4.57
7135,7234,386,4.84
675,676,386,1.33
7604,7603,387,15.83
6541,6641,387,8.81
5851,5952,387,12.04
6740,6741,387,9.4
2571,2671,387,2.06
7428,7429,387,2.17
7328,7229,387,2.94
5853,5953,388,12.87
8012,8112,388,4.75
8013,8112,388,7.93
8109,8108,388,9.6
2372,2473,388,1.38
975,876,388,1.75
6840,6841,389,9.47
5356,5456,389,7.79
5850,5849,389,10.42
6144,6245,389,5.08
5846,5947,389,5.65
7725,7824,389,2.58
5951,6051,390,13.09
5951,6050,390,19.78
5853,5854,390,10.66
6541,6542,390,6.98
7822,7921,390,4.94
7807,7806,390,15.66
7706,7705,391,16.07
5853,5754,391,13.56
6541,6442,391,9.42
8014,8113,391,8.18
7606,7705,391,8.32
7605,7704,391,8.2
7501,7601,391,5.03
8008,8007,391,16.55
7907,7906,392,16.23
5950,5949,392,10.51
8015,8114,392,8.46
7918,8018,392,4.77
7919,8018,392,8.1
7920,8019,393,15.76
8016,8115,393,8.5
3066,3067,393,2.04
1176,1077,393,1.7
7603,7602,394,15.66
5853,5954,394,10.48
7131,7130,394,6.92
6840,6941,394,9.29
7037,7137,394,2.79
8108,8107,395,16.55
6244,6343,395,8.58
8016,8116,395,5.4
5553,5654,395,4.39
7135,7235,395,2.7
7627,7726,395,2.31
3965,4066,395,2.63
3365,3366,395,1.89
4264,4265,395,1.48
1675,1676,395,1.06
5953,6052,396,19.32
7920,8020,396,8.92
5951,6052,396,10.69
8112,8212,396,12.52
8112,8211,396,19.38
7232,7231,396,6.41
6541,6642,396,6.84
3865,3766,396,3.47
475,376,396,2.25
5953,6053,397,12.43
6244,6344,397,5.53
7822,7922,397,2.8
7806,7805,397,16.19
1176,1277,397,1.17
7704,7703,398,15.6
8007,8006,398,16.55
7604,7703,398,8.21
6145,6146,398,4.4
1575,1576,398,0.98
7906,7905,399,15.73
6243,6342,399,3.2
6242,6342,399,1.6
6841,6842,400,9.93
5554,5555,400,6.98
5356,5457,400,5.99
2471,2572,400,1.4
5854,5855,401,9.3
6841,6742,401,12.81
8111,8210,401,7.95
6050,6049,401,9.97
5849,5848,401,9.03
8107,8106,402,16.35
5854,5755,402,12.12
8112,8213,402,10.13
5954,6054,402,12.54
8017,8117,403,4.96
3166,3167,403,1.98
6841,6942,404,9.75
7037,7038,404,2.21
3465,3466,404,1.89
7428,7529,404,2.12
5954,5955,404,10.33
7805,7804,404,16.12
8006,8005,405,15.96
7703,7702,405,15.29
7603,7702,405,8.27
7920,8021,405,6.92
5949,5948,405,8.16
8108,8207,406,7.95
5554,5655,406,6.84
7136,7236,406,2.75
7905,7904,406,15.94
7823,7923,407,2.76
1875,1876,408,2.3
5954,6055,408,10.15
6145,6246,408,4.32
8106,8105,409,16.42
7704,7803,409,8.29
175,75,409,4.4
6049,6048,409,13.61
3765,3666,409,2.41
6245,6345,409,5.14
6842,6843,410,10.26
5457,5556,410,14.91
7130,7129,410,6.4
8108,8208,410,4.7
8115,8214,410,8.42
6054,6154,410,13.06
6054,6153,410,19.76
1875,1776,410,3.08
375,276,410,2.16
675,776,410,1.3
6842,6743,411,13.15
7231,7230,411,7.02
7602,7701,411,8.42
3266,3267,411,1.95
8019,8118,411,8.01
2868,2969,411,2.1
8116,8215,412,8.36
8115,8215,412,5.29
8005,8004,412,15.95
8207,8206,413,16.08
7904,7903,413,15.6
5457,5557,413,8.27
8107,8206,413,8.03
3565,3566,413,1.75
8210,8209,413,8.73
8211,8310,414,7.93
8212,8311,414,7.99
2968,3068,414,2.71
5955,5956,414,10.5
5946,6047,414,3.19
6842,6943,415,10.08
7703,7802,415,8.39
6055,6155,415,15.93
8116,8216,415,5.19
8021,8120,415,14.47
8020,8119,415,7.81
5955,5856,415,13.4
8019,8119,415,4.76
7725,7825,415,1.32
6344,6443,415,8.26
6743,6643,416,20.74
8105,8104,416,16.31
5457,5358,416,8.85
5457,5458,416,6.52
6153,6152,416,16.81
6055,6056,416,13.94
7234,7333,416,4.84
6053,6152,416,7.84
2769,2870,417,1.73
8310,8309,417,34.47
6344,6444,417,5.07
8212,8312,418,4.74
6049,6149,418,5.99
6049,6148,418,8.8
8021,8121,418,7.95
1077,977,418,4.11
4264,4365,418,1.44
6055,6156,419,13.77
5855,5756,419,8.11
8004,8003,419,16.3
7903,7902,420,15.77
8206,8205,420,16.31
8106,8205,420,8
1975,2075,420,2.9
2173,2174,420,1.38
6843,6844,420,10.02
3866,3867,421,3.02
8021,8022,421,6.43
5358,5258,422,16.38
7802,7801,422,15.81
6743,6744,422,9.13
7702,7801,422,10.18
5457,5558,422,7.39
6152,6151,422,17.49
3866,3767,422,3.74
6843,6744,422,12.32
8104,8103,422,17.18
8310,8409,422,23.18
6146,6147,422,4.62
6643,6543,422,14.67
6743,6644,423,10.99
8207,8306,423,10.19
8117,8217,423,6.46
7234,7334,423,3.36
8213,8313,423,6.26
6943,7042,423,22.7
7037,7138,423,2.46
8310,8410,423,14.61
8309,8308,423,17.01
7333,7332,424,14.3
7233,7332,424,3.87
6943,7043,424,13.32
6843,6944,424,10.94
6245,6346,424,4.57
5557,5656,425,15.07
8207,8307,425,6.45
7824,7924,425,3.48
8205,8204,426,16.76
8003,8002,426,16.72
8105,8204,426,10.19
1875,1976,426,2.68
7627,7727,426,1.48
8409,8408,426,30.35
7902,7901,427,15.57
6154,6253,427,10.18
6153,6252,427,10.15
7232,7331,427,3.74
8215,8314,428,10.14
6940,7039,428,3.82
8021,8122,428,6.85
6345,6445,428,5.8
8214,8314,428,6.75
8310,8411,428,11.15
8103,8102,428,17.42
8306,8305,429,17.17
5558,5657,429,21.25
5358,5359,429,8.55
6155,6255,429,8.15
8206,8305,429,10.19
6154,6254,429,6.12
7137,7237,429,3.49
8215,8315,429,6.83
6151,6150,429,16.48
8409,8509,429,16.45
8409,8508,429,23.19
5358,5259,430,10.36
8118,8218,430,6.05
8410,8510,430,14.81
8120,8219,430,10.19
6844,6845,430,10.84
6943,7044,430,9.9
5558,5658,431,11.3
6152,6251,431,10.12
8104,8203,431,10.14
6146,6247,431,4.86
7236,7335,432,6.42
8120,8220,432,6.41
8216,8316,432,6.71
6149,6249,432,7.73
6844,6745,432,12.78
1276,1377,432,1.16
6643,6544,432,8.87
8002,8001,433,15.45
8408,8407,433,15.89
5358,5459,433,9.06
6148,6248,433,7.28
6149,6248,433,9.66
2671,2771,433,2.36
6844,6945,433,11.39
5856,5857,433,5.81
275,176,433,1.91
2670,2771,433,1.67
576,577,433,1.62
8205,8304,434,10.16
8312,8412,434,6.54
5956,5957,434,5
3266,3367,434,1.95
2571,2672,434,1.54
8508,8507,435,16.92
8102,8101,435,15.96
7331,7330,435,13.37
6941,7040,435,3.91
3866,3967,435,3.22
5856,5757,435,7.22
576,477,435,2.04
8122,8221,436,19.84
5558,5559,436,7.64
8121,8221,436,5.84
6155,6256,436,7.44
8410,8511,436,11.36
8022,8023,436,6.78
6151,6250,436,10.18
6744,6645,436,10.74
2273,2274,436,1.25
8103,8202,436,10.12
8510,8610,437,16.19
8510,8609,437,23.24
8306,8405,437,10.14
7042,7041,437,7.16
3767,3667,438,6.46
6944,7045,438,10.64
8407,8406,439,17.09
8122,8222,439,9.94
8307,8406,439,10.19
8217,8317,439,6.66
7236,7336,439,3.42
8313,8413,439,6.45
2473,2573,439,2.14
7528,7628,439,1.22
8304,8303,440,17.4
8204,8303,440,10.13
6845,6846,440,10.76
5558,5659,440,8.12
7333,7432,440,6.33
6246,6347,440,4.73
8507,8506,441,18.07
6253,6352,441,10.11
8510,8611,441,12.91
6346,6446,441,5.96
5956,6057,441,5.35
8022,8123,441,7.22
8202,8201,442,16.72
8102,8201,442,10.19
6845,6746,442,12.7
3067,3168,442,2.9
8405,8404,443,18.12
6945,6946,443,10.81
6255,6355,443,7.19
6254,6353,443,10.15
8508,8607,443,10.16
6845,6946,443,11.32
8315,8414,443,10.16
8509,8608,443,10.19
8609,8608,443,16.69
6255,6354,444,10.01
8219,8318,444,10.12
8315,8415,444,6.71
5658,5758,445,7.23
5258,5158,445,4.42
6251,6350,445,10.19
8203,8302,445,10.11
8222,8321,446,22.88
6945,7046,446,11.36
6249,6349,446,7.53
6156,6157,446,3.75
8220,8319,446,10.19
6745,6646,446,10.5
8511,8512,446,10.94
2968,3069,446,1.98
6445,6545,446,5.6
8506,8505,447,18.56
8222,8322,447,13.69
6249,6348,447,9.82
6251,6351,447,6.35
8316,8416,447,6.83
7432,7431,448,13.28
8304,8403,448,10.13
7333,7433,448,3.22
8220,8320,448,6.28
8611,8711,448,15.93
8611,8710,448,23.28
476,377,448,1.98
8607,8606,449,18.64
8122,8223,449,7.01
8511,8612,449,11.5
8202,8301,450,10.17
7331,7430,450,6.4
977,877,450,3.11
1975,2076,450,2.12
7726,7826,450,2.25
7824,7925,451,2.51
2373,2374,451,1.26
8610,8709,451,10.19
676,677,451,1.56
8609,8708,451,10.17
5158,5058,452,15.17
8405,8504,452,10.07
5957,5958,452,5.81
7138,7238,452,3.49
6946,6947,453,10.63
8222,8323,453,10.24
8611,8712,453,12.6
6157,6257,454,14.21
6255,6356,454,5.81
8413,8513,454,6.78
7924,8024,454,3.52
8317,8417,454,6.83
8303,8402,454,10.15
8606,8605,455,18.02
7433,7532,455,21.91
6946,6847,455,12.57
7335,7434,455,6.37
3767,3768,455,3.07
6157,6158,456,10.2
6946,7047,456,11.18
6346,6447,456,4.43
5957,5858,456,6.59
6347,6447,456,6.31
8708,8707,457,19
7433,7533,457,12.08
8404,8503,457,10.17
6355,6454,457,10.19
4165,4166,457,1.12
8612,8613,458,11.57
6157,6058,458,12.12
8607,8706,458,10.02
5957,6058,458,6.04
7039,7139,458,3.39
8415,8514,458,10.17
2869,2970,458,1.65
8302,8401,459,10.19
6354,6453,459,10.09
5158,5159,459,7.58
6355,6455,459,6.45
6350,6449,459,10.11
7237,7337,459,3.45
8318,8418,459,6.71
6446,6546,459,5.73
6257,6357,460,17.03
8712,8812,460,16.4
8712,8811,460,23.2
6157,6258,460,10.75
8321,8420,460,10.17
6350,6450,460,6.93
5659,5759,460,5.13
5658,5759,460,4.95
3767,3668,460,3.8
2075,2175,460,2.57
8415,8515,460,6.65
7042,7141,460,3.87
6847,6747,461,18.07
8712,8713,461,12.62
8612,8713,461,12.13
8322,8421,461,10.19
6349,6448,461,10.02
5158,5059,461,9.28
8505,8604,461,10.11
8605,8604,461,16.87
2473,2474,461,1.33
8711,8810,462,10.19
8710,8809,462,10.17
7336,7435,462,6.4
8416,8516,462,7.02
8320,8419,462,10.15
175,76,462,1.81
8403,8502,462,10.19
7532,7531,463,13.73
6947,6948,463,10.65
8322,8422,463,6.28
6352,6451,463,6.47
7432,7531,463,6.41
8706,8705,464,17.22
7533,7632,464,22.25
8712,8813,464,13.17
8606,8705,464,10.08
1876,1877,464,1.76
4561,4660,464,1.12
6453,6452,465,19.39
7533,7633,465,12.55
6847,6848,465,10.24
6257,6358,465,13.99
6947,6848,465,12.59
8223,8224,465,6.48
7433,7534,465,8.78
376,277,465,2
6357,6457,466,17.46
6947,7048,466,11.2
8708,8807,466,9.98
8504,8603,466,10.19
3767,3868,466,3.27
8709,8808,466,10.08
1177,1178,466,1.19
6357,6456,467,22.77
6847,6748,467,12.17
8223,8124,467,8.01
1776,1777,467,1.8
3466,3467,467,1.57
8402,8501,468,10.18
7141,7140,468,13.73
3668,3567,469,15.81
8605,8704,469,10.16
7336,7436,469,3.35
8417,8517,469,7.05
8713,8714,470,12.36
6357,6458,470,14.61
5759,5859,470,10.22
8223,8324,470,6.9
7431,7530,470,6.43
5659,5660,470,3.45
3267,3268,470,1.67
3167,3268,470,2.13
7042,7142,470,2.15
8713,8614,471,14.26
8503,8602,471,10.17
1177,1078,471,1.51
6457,6557,472,17.21
8807,8806,472,17.58
7632,7631,472,13.73
8713,8814,472,12.91
8706,8805,472,10.14
8707,8806,472,10.04
6454,6553,472,10.01
6457,6556,473,22.91
6948,6949,473,10.8
6455,6554,473,10.19
7533,7634,473,9.2
1776,1677,473,2.24
6447,6547,473,6.01
1476,1477,473,0.92
8811,8910,474,10.19
6453,6552,474,9.93
6449,6549,474,7.05
6449,6548,474,10.07
5659,5560,474,4.23
8420,8519,474,10.15
8418,8518,474,6.85
7727,7827,474,2.13
676,777,474,1.67
6948,6849,475,12.74
6747,6647,475,7.31
8604,8703,475,10.18
5759,5760,475,6.79
6455,6555,475,6.3
8421,8520,475,10.15
4463,4562,475,1.24
6457,6558,476,14.24
6948,7049,476,11.35
8502,8601,476,10.13
8811,8911,476,6.42
8515,8615,476,6.45
8516,8615,476,10.14
2671,2772,476,1.59
7534,7535,477,8.37
8422,8521,477,10.19
7530,7629,477,22.92
8322,8423,477,4.75
8810,8909,477,10.09
8516,8616,477,6.82
8809,8908,477,9.93
7826,7926,478,3.58
7530,7630,478,13.79
8705,8804,478,10.19
1077,978,478,1.61
6452,6551,479,10.13
8422,8522,479,6.37
