7292,7291,2,44.1
7291,7290,4,56.02
7290,7289,8,27.64
7291,7390,12,14.81
7390,7389,14,52.13
7289,7288,14,17.95
7292,7391,15,9.07
7389,7388,16,58.84
7288,7287,16,50.12
7390,7489,17,31.7
7489,7488,19,54.78
7287,7286,19,49.86
7388,7387,21,22.89
7489,7588,22,30.09
7390,7490,22,10.81
7488,7487,24,21.32
7286,7285,24,20.98
7387,7386,26,24.18
7285,7284,27,34.67
7588,7587,27,24.96
7487,7486,28,25.67
7489,7589,28,9.34
7284,7283,30,43.9
7291,7190,30,5.19
7587,7586,31,28.19
7386,7385,31,22.49
7286,7385,31,11.86
7290,7189,31,5.27
7486,7485,32,29.98
7283,7282,33,44.08
7289,7188,33,5.89
7586,7585,34,36.46
7385,7384,34,36.33
7588,7687,34,12.32
7485,7484,35,40.56
7589,7688,35,21.68
7282,7281,36,45.45
7390,7491,36,6.01
7585,7584,37,42.11
7384,7383,37,44.32
7484,7483,38,44.48
7687,7686,38,32.42
7281,7280,39,44.64
7686,7685,40,50.62
7584,7583,40,46.82
7383,7382,40,44.44
7188,7187,40,14.67
7483,7482,41,44.51
7685,7684,42,54.01
7280,7279,42,46.82
7583,7582,43,43.52
7382,7381,43,44.09
7491,7590,43,21.15
7684,7683,44,57.02
7279,7278,44,50.94
7482,7481,44,42.03
7286,7185,44,5.66
7278,7277,46,53.49
7582,7581,46,41.79
7381,7380,46,44.31
7687,7786,46,12.69
7292,7191,46,3.03
7683,7682,47,42.53
7481,7480,47,43.04
7187,7186,47,14.86
7688,7787,47,12.42
7277,7276,48,53.22
7786,7785,48,52.24
7185,7184,48,32.69
7589,7689,48,5.24
7380,7379,49,47.07
7581,7580,49,42.03
7276,7275,50,54.79
7785,7784,50,57.6
7682,7681,50,41.73
7480,7479,50,47
7379,7378,51,50.44
7184,7183,51,43.35
7684,7783,51,15.72
7275,7274,52,56.06
7378,7377,53,50.39
7681,7680,53,40.9
7479,7478,53,47.65
7274,7273,54,56.93
7183,7182,54,44.65
7783,7782,54,42.84
7189,7088,54,6.4
7292,7392,54,1.85
7377,7376,55,50.44
7088,7087,56,57.7
7680,7679,56,45.15
7491,7591,56,5.06
7188,7087,56,6.17
7376,7375,57,55.16
7182,7181,57,44.63
7785,7884,57,16.37
7786,7885,58,12.32
7190,7089,58,5.15
7884,7883,59,59.63
7087,7086,59,48.8
7787,7886,59,12.69
7181,7180,60,43.87
7275,7374,60,14.84
7689,7788,60,12.43
7884,7983,61,87.57
7591,7690,61,88.37
7376,7475,61,87.62
7377,7476,61,85.13
7680,7779,61,79.3
7274,7373,61,88.17
7378,7477,61,85.18
7783,7882,61,76.85
7681,7780,61,73.11
7479,7578,61,81.89
7682,7781,61,74.54
7480,7579,61,81.13
7883,7982,62,76.63
7886,7985,62,70.46
7885,7984,62,75.07
7983,8082,63,79.56
7476,7575,63,88.02
7690,7789,63,88.19
7475,7574,63,88.34
7477,7576,63,85.01
7882,7981,63,75.78
7780,7879,63,81.94
7578,7677,63,82.71
7788,7887,63,63.49
7982,8081,64,77.12
7984,8083,64,87.62
8082,8181,65,74.37
7887,7986,65,81.27
7789,7888,65,81.47
7981,8080,65,80.33
7888,7987,67,82.44
7679,7778,67,19.02
7273,7372,67,18.69
7478,7577,67,18.98
7374,7473,68,18.6
7375,7474,68,18.45
7579,7678,69,18.89
7779,7878,69,18.93
7373,7472,69,18.85
7086,7085,69,10.26
7782,7881,69,16.22
7987,8086,70,59.61
7781,7880,70,16.53
7881,7980,71,77.09
7575,7674,71,18.56
7574,7673,71,18.69
7576,7675,71,18.41
7879,7978,71,18.85
7677,7776,71,18.64
7985,8084,71,17.27
7880,7979,72,82.6
8081,8180,72,19.02
7987,8087,73,16.68
8181,8280,73,18.41
8080,8179,73,18.44
8084,8183,74,68.77
7986,8085,74,16.83
8083,8182,74,14.72
7778,7877,75,18.75
7372,7471,75,18.48
7577,7676,75,18.79
7473,7572,76,18.48
7474,7573,76,18.68
7789,7889,76,7.88
7471,7570,77,88.36
8183,8282,77,57.6
7678,7777,77,18.95
7472,7571,77,18.46
7878,7977,77,18.69
7085,7084,77,13.63
7180,7179,77,5.96
8086,8185,78,18.03
7980,8079,79,19.02
7674,7773,79,18.75
7673,7772,79,18.56
7675,7774,79,18.45
7978,8077,79,18.8
7776,7875,79,18.75
7888,7988,79,7.53
7591,7691,79,4.63
7979,8078,80,18.85
8180,8279,80,18.48
7273,7272,80,1.75
7691,7790,81,87.59
8280,8379,81,18.48
8179,8278,81,18.96
8085,8184,82,18.13
8182,8281,82,18.76
8087,8186,82,17.12
7391,7492,82,1.8
7877,7976,83,18.69
7676,7775,83,18.58
7572,7671,84,18.49
7573,7672,84,18.63
7570,7669,85,17.86
8282,8381,85,19
7571,7670,85,18.15
7977,8076,85,18.69
7777,7876,85,18.67
7773,7872,87,18.41
7772,7871,87,18.16
7774,7873,87,18.68
8077,8176,87,18.41
7875,7974,87,18.45
8079,8178,87,18.89
8185,8284,87,17.62
7471,7470,87,9.01
8279,8378,88,18.93
8078,8177,88,18.85
7272,7371,88,18.84
7987,8088,88,7.03
7190,7090,88,1.29
7470,7569,89,88
8379,8478,89,18.48
8278,8377,89,18.46
8281,8380,90,18.48
7084,7083,90,7.88
7976,8075,91,18.41
7775,7874,91,18.77
7671,7770,92,17.86
7672,7771,92,18.23
7089,6988,92,3.74
7669,7768,93,17.88
8381,8480,93,18.75
7670,7769,93,18.01
8076,8175,93,18.22
7876,7975,93,18.54
7179,7178,93,6.43
7088,6987,93,3.31
7872,7971,95,17.97
7871,7970,95,17.88
8176,8275,95,18.08
7974,8073,95,18.1
8178,8277,95,18.8
7873,7972,95,18.23
7769,7868,96,65.21
8378,8477,96,18.38
8177,8276,96,18.47
7790,7890,96,7.04
7569,7668,97,18.02
8478,8577,97,18.14
8377,8476,97,17.96
8088,8187,97,16.9
7890,7989,98,79.15
8380,8479,98,18.93
7470,7469,98,9.84
7668,7767,99,84.36
7868,7967,99,64.07
8075,8174,99,18.1
7874,7973,99,18.26
8186,8285,99,8.82
7278,7177,99,1.83
7770,7869,100,17.84
7771,7870,100,18.01
7767,7866,101,83.06
8480,8579,101,18.98
8175,8274,101,18
7975,8074,101,18.06
8184,8283,101,7.74
7491,7592,101,1.92
7292,7192,101,0.71
7967,8066,102,63.79
7768,7867,102,17.55
7869,7968,103,64.58
7971,8070,103,17.75
8275,8374,103,17.88
8073,8172,103,18.06
8277,8376,103,18.18
7972,8071,103,17.97
7866,7965,104,63.69
8477,8576,104,17.71
8276,8375,104,17.9
7970,8069,104,17.67
8066,8165,105,63.46
7867,7966,105,63.83
7668,7667,105,12.78
8187,8286,105,18.05
7691,7791,105,3.99
7089,6989,105,2.04
7968,8067,106,64.15
8479,8578,106,18.48
7469,7568,106,17.77
8577,8676,106,17.53
8476,8575,106,17.55
8284,8383,106,7.75
7277,7176,106,1.76
7667,7766,107,83
7965,8064,107,63.89
7767,7766,107,13.59
8174,8273,107,18.01
7973,8072,107,18.15
8069,8168,107,64.02
7086,6985,107,2.9
7276,7175,107,1.81
7966,8065,108,63.67
7870,7969,108,17.71
8285,8384,108,17.06
7890,7990,108,8.71
8165,8264,108,63.32
7275,7174,108,1.9
7766,7865,109,83.36
8067,8166,109,63.52
8074,8173,109,18.06
8579,8678,109,18.31
8274,8373,109,17.89
7083,7082,109,5.55
7274,7173,109,2.01
8064,8163,110,63.27
8283,8382,110,17.11
7085,6984,110,3.52
8168,8267,110,63.33
8065,8164,111,63.53
7969,8068,111,64.66
8376,8475,111,17.7
8071,8170,111,17.7
8172,8271,111,17.77
8264,8363,111,62.85
8374,8473,111,17.8
7865,7964,112,63.79
8375,8474,112,17.73
8070,8169,112,17.65
8166,8265,112,63.41
8163,8262,113,63.14
8267,8366,113,63.35
7667,7666,113,13.63
8576,8675,113,17.56
8068,8167,114,63.6
8363,8462,114,63.1
8164,8263,114,63.16
8578,8677,114,17.79
8383,8482,114,18.76
8575,8674,114,17.73
8286,8385,114,17.35
7666,7765,115,83.21
7964,8063,115,63.55
7766,7765,115,13.41
8072,8171,115,17.88
7568,7567,115,11.68
8676,8775,115,17.67
8169,8268,115,63.35
8273,8372,115,17.73
8366,8465,116,62.34
8262,8361,116,62.79
7087,6986,116,2.29
8173,8272,117,17.93
8167,8266,117,63.5
8263,8362,117,62.96
8063,8162,118,63.32
7765,7864,118,63.92
8382,8481,118,18.48
8678,8777,118,17.58
8373,8472,118,17.66
8384,8483,118,14.82
7990,8089,118,15.68
8465,8564,119,62.96
8361,8460,119,62.92
8473,8572,119,17.69
8089,8188,120,86.69
8266,8365,120,63.01
8362,8461,120,62.92
8475,8574,120,17.66
8170,8269,120,17.58
8271,8370,120,17.58
8474,8573,120,17.76
8162,8261,121,30.62
7864,7963,121,30.77
7666,7665,121,23.93
8265,8364,121,6.52
7173,7172,121,14.4
7567,7566,122,23.59
8564,8663,123,30.73
8460,8559,123,30.62
8675,8774,123,5.95
6984,6983,123,12.96
8063,8062,124,15.31
7765,7764,124,15.29
8365,8464,125,30.51
8269,8368,125,30.61
8465,8464,125,15.32
8361,8360,125,15.32
7082,7081,125,9.57
7665,7664,126,23.75
8364,8463,126,30.62
8564,8563,126,15.29
8460,8459,126,15.32
8162,8161,126,15.32
7864,7863,126,15.28
8462,8561,126,6.54
8677,8776,126,6.43
8482,8581,126,5.53
8674,8773,126,5.99
7566,7565,127,23.98
8559,8658,128,30.54
7963,7962,128,15.3
8385,8484,128,5
8261,8260,128,15.32
7764,7763,129,23.31
8775,8874,129,5.99
8268,8367,129,6.47
8372,8471,129,6.34
7791,7891,129,3.69
8171,8270,129,6.24
8559,8558,130,15.33
7664,7663,131,23.56
8561,8660,131,30.35
8062,8061,131,15.31
7565,7564,132,23.83
8360,8359,132,15.31
7272,7271,132,2.93
7763,7862,133,45.4
8658,8757,133,30.7
8459,8458,133,15.32
8161,8160,133,15.32
8561,8560,133,15.36
7863,7862,133,15.29
6983,6982,133,10.04
7763,7762,134,23.35
8484,8583,134,28.16
7371,7370,134,3.15
8558,8657,135,30.63
8658,8657,135,15.3
7962,7961,135,15.3
7592,7692,135,2.64
8260,8259,135,15.32
8272,8371,135,6.26
7663,7662,136,23.24
8660,8759,136,30.45
8483,8582,136,6.69
7469,7468,136,3.63
7564,7563,137,23.56
8558,8557,137,15.31
7081,7080,137,9.08
8188,8287,137,8.59
8777,8876,137,6.29
8472,8571,137,6.31
8089,8189,137,5.37
8366,8466,137,4.04
7089,6990,137,2.23
7762,7861,138,45.49
8757,8856,138,30.72
8560,8659,138,30.4
8660,8659,138,15.35
8061,8060,138,15.31
7890,7991,138,3.56
7762,7761,139,23.45
8359,8358,139,15.32
7470,7369,139,3.27
8657,8756,140,30.62
8757,8756,140,15.29
8458,8457,140,15.32
8160,8159,140,15.32
8572,8671,140,6.35
8481,8580,140,5.5
8465,8565,140,4.02
7662,7661,141,23.22
6985,6884,141,4.85
7991,8090,142,38.19
7563,7562,142,23.2
8557,8656,142,30.62
8657,8656,142,15.32
7961,7960,142,15.3
8259,8258,142,15.31
7761,7860,143,45.88
8659,8758,143,30.63
8370,8469,143,6.42
8573,8672,143,6.17
7761,7760,144,23.9
8557,8556,144,15.32
6982,6981,144,9.84
8564,8664,144,3.99
8574,8673,144,5.98
8756,8855,145,30.84
7369,7368,145,18.39
8060,8059,145,15.31
8663,8762,145,6.5
8269,8369,145,4.02
7568,7467,145,4.09
7661,7660,146,23.85
8358,8357,146,15.32
8774,8873,146,6.21
7567,7466,146,4.83
7562,7561,147,23.09
8656,8755,147,30.67
6884,6883,147,16.69
8756,8755,147,15.26
8457,8456,147,15.31
8159,8158,147,15.31
8581,8680,147,6.95
8368,8467,147,6.52
7292,7393,147,0.93
7760,7859,148,45.87
7860,7959,148,30.68
8758,8857,148,30.78
7080,7079,148,9.68
8463,8562,148,6.44
8563,8662,148,6.5
8773,8872,148,6.48
7760,7759,149,23.88
8664,8763,149,30.68
8556,8655,149,30.65
8656,8655,149,15.3
8258,8257,149,15.31
7292,7293,149,0.64
8855,8954,150,30.79
8762,8861,150,30.28
8776,8875,150,6.1
8456,8555,151,44.63
7660,7659,151,23.73
7466,7465,151,23.93
8556,8555,151,15.31
8561,8661,151,4.06
7566,7465,151,4.95
6988,6887,151,2.75
7561,7560,152,23.78
8467,8566,152,30.44
8755,8854,152,30.89
8456,8455,152,22.53
8158,8157,152,23.34
8855,8854,152,15.28
8059,8058,152,15.3
8762,8761,152,15.37
8874,8973,152,6.43
8471,8570,152,6.3
7190,7091,152,1.13
7859,7958,153,30.68
8857,8956,153,30.78
8357,8356,153,15.27
8257,8356,153,44.54
6985,6885,153,2.39
7759,7858,154,30.68
8655,8754,154,30.85
8755,8754,154,15.24
8257,8256,154,22.44
7659,7758,155,45.68
8954,9053,155,30.59
8861,8960,155,30.48
6883,6882,155,13.38
6981,6980,155,9.65
8189,8288,155,8.3
8583,8682,155,7.07
7172,7171,155,2.97
8455,8554,156,43.35
7659,7658,156,23.66
8555,8654,156,30.88
8661,8760,156,30.26
7465,7464,156,24.01
8655,8654,156,15.26
8660,8760,156,4.05
7565,7464,156,4.9
8455,8454,157,21.3
8854,8953,157,30.63
8761,8860,157,30.29
8157,8156,157,22.19
8954,8953,157,15.32
8861,8860,157,15.34
8582,8681,157,7.01
7958,8057,158,30.92
8356,8355,158,20.74
8371,8470,158,6.31
6989,6888,158,2.9
7179,7078,158,1.99
7858,7957,159,30.99
8754,8853,159,30.75
8854,8853,159,15.31
6887,6886,159,13.97
8571,8670,159,6.48
8759,8858,159,6.37
8554,8653,160,44.2
7758,7857,160,30.97
9053,9152,160,30.79
8454,8553,161,45.79
8156,8255,161,43.22
8554,8553,161,22.1
7658,7757,161,30.97
8760,8859,161,30.63
8654,8753,161,30.83
7464,7463,161,23.56
8754,8753,161,15.29
8580,8679,161,6.79
8856,8955,161,6.26
8876,8975,161,6.08
8454,8453,162,23.78
8156,8155,162,21.17
8953,9052,162,30.63
9053,9052,162,15.27
8671,8770,162,6.53
7991,8091,162,4.22
8057,8056,163,22.03
8355,8354,163,22.73
7658,7657,163,15.22
8287,8386,163,5.62
8773,8772,163,2.75
8853,8952,164,30.65
8858,8957,164,30.75
8953,8952,164,15.31
6882,6881,164,12.19
8653,8752,165,30.78
7857,7956,165,31.3
8469,8568,165,6.56
8672,8771,165,6.49
8565,8665,165,4.01
9152,9251,165,31.36
8155,8254,166,46.56
8091,8190,166,37.89
7757,7856,166,31.29
8859,8958,166,30.84
8753,8852,166,30.66
7463,7462,166,23.22
8955,9054,166,30.64
8853,8852,166,15.31
6980,6979,166,9.88
8680,8779,166,7.55
7271,7270,166,3.01
8484,8584,166,2.66
8255,8254,166,24.09
7177,7076,166,2.3
7178,7077,166,2.15
8453,8552,166,44.33
8354,8353,167,25.43
8155,8154,167,24.72
8770,8869,167,30.35
8653,8652,167,15.28
9052,9151,167,30.97
8369,8468,167,6.52
7692,7792,167,3.23
7173,7072,167,2.57
9152,9151,167,15
8453,8452,167,22.23
8056,8055,168,21.62
7657,7756,168,31.2
7757,7756,168,15.06
7174,7073,168,2.51
8873,8972,168,6.54
8957,9056,169,30.79
8952,9051,169,30.66
8770,8769,169,15.36
9052,9051,169,15.22
8552,8651,170,45.21
8190,8289,170,44.82
8752,8851,170,30.57
8665,8764,170,30.63
9251,9350,170,31.09
7657,7656,170,15.12
8872,8971,170,6.73
8762,8862,170,4.08
8664,8764,170,4
7176,7075,170,2.36
8972,9071,171,48.39
8958,9057,171,30.67
8552,8551,171,23.15
7462,7461,171,22.85
8852,8951,171,30.72
9054,9153,171,30.57
8952,8951,171,15.31
7368,7367,171,3.91
8452,8551,171,40.23
7175,7074,171,2.36
8055,8054,172,25.22
8652,8751,172,30.33
8869,8968,172,30
8154,8253,172,29.5
9151,9250,172,31.34
8752,8751,172,15.33
9251,9250,172,15.17
8288,8387,172,8.54
8467,8567,172,4.05
8971,9070,173,49.15
7270,7269,173,15.37
6881,6880,173,11.68
8452,8451,173,18.71
8973,9072,173,6.8
9071,9170,174,49.3
8651,8750,174,47
8651,8650,174,25.29
8289,8388,174,42.75
7656,7755,174,46.55
8971,8970,174,29.18
9056,9155,174,30.71
8769,8868,174,30.17
8869,8868,174,15.41
8154,8153,174,15.44
9151,9150,174,15.02
8570,8669,174,6.53
8875,8974,174,6.12
8353,8352,174,15.32
7656,7655,175,24.71
8862,8961,175,30.36
8851,8950,175,30.82
9350,9449,175,30.62
7072,7071,175,14.12
8682,8781,175,7.29
8861,8961,175,4.04
7466,7365,175,4.93
9070,9169,176,49.04
9072,9171,176,49.28
8551,8550,176,24.34
8951,9050,176,30.79
9057,9156,176,30.71
7367,7366,176,21.53
9056,9055,176,15.29
8769,8768,176,15.39
6979,6978,176,10.53
8956,9055,176,6.37
7561,7460,176,4.89
7660,7559,176,4.87
7467,7366,176,4.63
9153,9252,176,31.24
9170,9269,177,48.73
7755,7854,177,49.19
8970,9069,177,49.08
9070,9069,177,28.9
8968,9067,177,30.37
8751,8850,177,30.67
9250,9349,177,30.87
8851,8850,177,15.27
9350,9349,177,15.32
8681,8780,177,7.36
8960,9059,177,6.46
7655,7754,178,49.49
7755,7754,178,29.29
8970,8969,178,29
6989,6889,178,1.42
9171,9270,179,49.35
7655,7654,179,30.36
8750,8849,179,31.18
9155,9254,179,30.79
8868,8967,179,30.25
8153,8252,179,30.31
9150,9249,179,31.26
7269,7268,179,17.98
8968,8967,179,15.36
8054,8053,179,15.43
9250,9249,179,15.25
8253,8252,179,15.37
8451,8450,179,18.66
9069,9168,180,47.94
8950,9049,180,31.05
9449,9548,180,31.22
8961,9060,180,30.52
7365,7364,180,23.82
7071,7170,180,32.1
8470,8569,180,6.45
8860,8959,180,6.42
7465,7364,180,4.96
9269,9368,181,13.12
9269,9268,181,72.82
9069,9068,181,72.76
9067,9066,181,58.12
7854,7853,181,55.88
9349,9348,181,59.05
9059,9058,181,58.52
7559,7558,181,72.51
8768,8767,181,57.5
6978,6977,181,60.64
8950,8949,181,59.25
9449,9448,181,59.66
8750,8749,181,60.02
9155,9154,181,58.46
8868,8867,181,57.52
7071,7070,181,65.64
8153,8152,181,57.21
9150,9149,181,59.43
8669,8668,181,57.57
6880,6879,181,58.75
8352,8351,181,58.57
7659,7558,181,5.78
8872,8871,181,13.49
9168,9167,182,58.19
9548,9547,182,59.5
7364,7363,182,72.81
8849,8848,182,71.42
7654,7653,182,56.25
8252,8251,182,58.18
7268,7267,182,72.2
8053,8052,182,57.28
7754,7753,182,56.08
9252,9351,182,9.5
9049,9048,182,59.39
8450,8449,182,57.02
9254,9253,182,59.32
9368,9367,183,72.81
9268,9267,183,72.82
8949,8948,183,59.6
6977,6976,183,64.25
8871,8870,183,57.25
8668,8667,183,57.62
8767,8766,183,57.88
9066,9065,183,72.82
7558,7557,183,59.5
8749,8748,183,71.69
6879,6878,183,58.67
9149,9148,183,58.92
8867,8866,183,57.9
9348,9347,183,60.06
9448,9447,183,60.01
7853,7852,183,57.65
8152,8151,183,58.16
7070,7069,183,65.86
8351,8350,183,58.85
9167,9166,184,58.06
9547,9546,184,58
8052,8051,184,58.06
7753,7752,184,57.9
7653,7652,184,57.92
8251,8250,184,58.37
8449,8448,184,56.91
9048,9047,184,59.26
7557,7556,185,59.22
9065,9064,185,58.38
8766,8765,185,58.11
8667,8666,185,57.88
9148,9147,185,59.03
8748,8747,185,58.04
6878,6877,185,60.18
7852,7851,185,58.05
9447,9446,185,57.77
9347,9346,185,57.74
7069,7068,185,68.33
8151,8150,185,58.15
8866,8865,185,58.24
9367,9366,185,72.82
8948,8947,185,71.91
9267,9266,185,72.82
6976,6975,185,65.26
8350,8349,185,58.12
7856,7855,185,13.43
8779,8778,185,13.4
8190,8290,185,3.55
7956,7955,185,13.41
9166,9165,186,72.82
9546,9545,186,57.85
8051,8050,186,58.14
7752,7751,186,58.04
7652,7651,186,58.04
8250,8249,186,58.5
7854,7953,186,10.16
9059,9158,186,9.76
8448,8447,186,58.28
7393,7493,186,1.54
6884,6783,186,3.98
8747,8746,187,57.83
6877,6876,187,62.89
9446,9445,187,56.96
7851,7850,187,58.11
7955,7954,187,72.52
9346,9345,187,56.95
7068,7067,187,70.59
8150,8149,187,58.36
7556,7555,187,72.66
9064,9063,187,58.66
6975,6974,187,65.33
9266,9265,187,72.82
9366,9365,187,72.78
9147,9146,187,58.27
8349,8348,187,58.02
9270,9369,187,13.7
9249,9248,187,14.49
7460,7459,187,13.42
8550,8549,187,13.5
8650,8649,187,13.4
9165,9164,188,58.34
9545,9544,188,58.87
8050,8049,188,58.31
7751,7750,188,58.05
7651,7650,188,58.17
8249,8248,188,58.33
9158,9157,188,58.76
7953,7952,188,57.4
6783,6782,188,65.19
8967,8966,188,13.46
7170,7169,188,13.28
8447,8446,188,58.64
9146,9145,189,57.45
8746,8745,189,58.88
7459,7458,189,71.95
7850,7849,189,58.24
9445,9444,189,58.71
8549,8548,189,56.09
8348,8347,189,58.32
7555,7554,189,69.33
9063,9062,189,58.71
6974,6973,189,66.02
9265,9264,189,58.48
9248,9247,189,59.5
9365,9364,189,58.76
6876,6875,189,65.49
7067,7066,189,71.89
8149,8148,189,58.35
9345,9344,189,58.63
8649,8648,189,72.82
9164,9163,190,58.78
9544,9543,190,58.51
8049,8048,190,58.36
7750,7749,190,58.3
7650,7649,190,58.37
8248,8247,190,58.25
7952,7951,190,58.04
6782,6781,190,67.91
8966,8965,190,58.33
7363,7362,190,13.43
8848,8847,190,13.4
7267,7266,190,13.4
8446,8445,190,58.75
9072,9172,190,3.82
7463,7362,190,5.76
8745,8744,191,58.54
9444,9443,191,58.59
7849,7848,191,58.31
9145,9144,191,58.29
6875,6874,191,65.74
7066,7065,191,72.27
8148,8147,191,58.25
9344,9343,191,58.27
8648,8647,191,57.21
6973,6972,191,67.09
9264,9263,191,58.88
9247,9246,191,58.05
9364,9363,191,58.94
8548,8547,191,57.65
8347,8346,191,58.33
8091,8191,191,2.38
6781,6780,192,64.92
7951,7950,192,58.18
8247,8246,192,58.27
9543,9542,192,57.86
8847,8846,192,58.13
8048,8047,192,58.34
7749,7748,192,58.31
8445,8444,192,59.18
9368,9467,192,13.07
7649,7648,192,58.24
9047,9046,192,13.43
9254,9353,192,9.59
7090,6991,192,1.32
6874,6873,193,65.1
9343,9342,193,58.61
8647,8646,193,58.81
7848,7847,193,58.17
9443,9442,193,58.32
7065,7064,193,72.52
8147,8146,193,58.24
9144,9143,193,58.48
8744,8743,193,58.29
8547,8546,193,59.13
8346,8345,193,58.37
9246,9245,193,57.29
9363,9362,193,58.94
6972,6971,193,67.01
8865,8864,193,13.43
8947,8946,193,13.43
8975,9074,193,1.6
6780,6779,194,62.96
7950,7949,194,58.29
8246,8245,194,58.41
7648,7647,194,58.13
9542,9541,194,58.13
8047,8046,194,58.33
9046,9045,194,57.32
8846,8845,194,57.86
9353,9352,194,59.24
8444,8443,194,59.6
8290,8389,194,16.42
9367,9466,194,13.14
7748,7747,194,58.11
7462,7361,194,5.69
9467,9466,194,72.77
9442,9441,195,58.47
9143,9142,195,58.35
8646,8645,195,59.58
9342,9341,195,58.82
7064,7063,195,72.52
8146,8145,195,58.41
9074,9073,195,72.64
6873,6872,195,66.52
8345,8344,195,58.81
9245,9244,195,58.7
9362,9361,195,58.61
8546,8545,195,59.39
8743,8742,195,58.43
8946,8945,195,57.36
9060,9159,195,9.85
9548,9647,195,9.55
7847,7846,195,58.39
6885,6784,195,4.32
8845,8844,196,58.08
9541,9540,196,58.58
9045,9044,196,57.76
8046,8045,196,58.43
7949,7948,196,58.31
6779,6778,196,62.65
8245,8244,196,58.48
7554,7553,196,14.43
7169,7168,196,13.38
7647,7646,196,58.38
7747,7746,196,58.33
6887,6786,196,4.34
9466,9465,196,58.94
9441,9440,197,58.68
9142,9141,197,58.71
8344,8343,197,59.29
9244,9243,197,58.35
8742,8741,197,58.27
9647,9646,197,58.09
8545,8544,197,59.47
7063,7062,197,71.98
6872,6871,197,66.97
8945,8944,197,57.55
7458,7457,197,13.39
9062,9061,197,13.44
9547,9646,197,9.86
9351,9450,197,9.78
9171,9271,197,3.75
7846,7845,197,58.69
8844,8843,198,58.2
9540,9539,198,58.31
8045,8044,198,58.45
9044,9043,198,58.28
7948,7947,198,58.34
6778,6777,198,62.69
8244,8243,198,58.62
6786,6785,198,60.1
7553,7552,198,57.56
9465,9464,198,59.11
8965,8964,198,13.43
9163,9162,198,13.41
7266,7265,198,13.42
7746,7745,198,58.6
7646,7645,198,58.52
6886,6785,198,4.48
9646,9645,199,58.43
8741,8740,199,58.15
9243,9242,199,58.47
8343,8342,199,59.16
9440,9439,199,58.18
9141,9140,199,58.75
6871,6870,199,66.93
7457,7456,199,72.76
8944,8943,199,58.18
9263,9262,199,13.41
9369,9468,199,12.71
9546,9645,199,9.89
7845,7844,199,58.47
6777,6776,200,62.92
7947,7946,200,58.46
9043,9042,200,58.3
8843,8842,200,58.57
9162,9161,200,58.58
9539,9538,200,58.01
8243,8242,200,58.79
7645,7644,200,58.59
7552,7551,200,57.81
9464,9463,200,58.92
7067,7166,200,11.02
7068,7167,200,9.94
7365,7264,200,5.99
8342,8341,201,58.96
9439,9438,201,57.67
9140,9139,201,58.86
9262,9261,201,58.5
7456,7455,201,72.46
9242,9241,201,58.87
9645,9644,201,58.62
8943,8942,201,58.4
6971,6970,201,13.3
8864,8863,201,13.43
9545,9644,201,9.69
9158,9257,201,9.72
6888,6787,201,4.32
7844,7843,201,58.47
9042,9041,202,58.56
6776,6775,202,66.02
7946,7945,202,58.56
8842,8841,202,58.21
9161,9160,202,57.98
9538,9537,202,58.32
8242,8241,202,58.81
7644,7643,202,58.59
7551,7550,202,58.21
9463,9462,202,59.05
9361,9360,202,14.5
8443,8442,202,13.4
7361,7360,202,13.42
7066,7165,202,11.51
6990,6890,202,1.69
8341,8340,203,59.35
9261,9260,203,58.31
9644,9643,203,58.21
9241,9240,203,58.81
7455,7454,203,71.27
9139,9138,203,58.46
9438,9437,203,58.17
8942,8941,203,58.26
8645,8644,203,13.4
9341,9340,203,13.42
8145,8144,203,13.43
9074,9173,203,14.52
7065,7164,203,11.95
9544,9643,203,9.77
9157,9256,203,9.75
7555,7454,203,9.35
9462,9461,204,58.98
7643,7642,204,58.46
8241,8240,204,58.96
9537,9536,204,58.13
8841,8840,204,58.06
7945,7944,204,58.48
6775,6774,204,66.48
8442,8441,204,59.14
9360,9359,204,59.02
9041,9040,204,58.49
7550,7549,204,58.37
9467,9566,204,12.7
7791,7892,204,1.07
9260,9259,205,58.43
8644,8643,205,58.78
9340,9339,205,58.21
9437,9436,205,58.05
9138,9137,205,57.56
7454,7453,205,72.27
8340,8339,205,59.65
9643,9642,205,58
9256,9255,205,58.91
8941,8940,205,58.18
8544,8543,205,13.4
8144,8143,205,58.37
7062,7061,205,13.42
7064,7163,205,11.94
9543,9642,205,9.88
7364,7263,205,5.87
9461,9460,206,59.11
9536,9535,206,57.94
8840,8839,206,58.24
9359,9358,206,58.71
9040,9039,206,58.72
7642,7641,206,58.59
7944,7943,206,58.4
6774,6773,206,64.7
8044,8043,206,13.44
8964,8963,206,13.43
7745,7744,206,13.43
8240,8239,206,59.4
8862,8962,206,2.36
7549,7548,206,72.82
9566,9565,206,72.54
7453,7452,207,72.61
9339,9338,207,57.72
9137,9136,207,57.54
9436,9435,207,57.79
9259,9258,207,58.61
9642,9641,207,58.27
8143,8142,207,58.36
7061,7060,207,72.8
8940,8939,207,58.38
6870,6869,207,13.35
8740,8739,207,13.45
9271,9370,207,14.4
9542,9641,207,9.84
9353,9452,207,9.61
8389,8488,207,10.99
9358,9357,208,58.87
9535,9534,208,58.22
7744,7743,208,58.55
9460,9459,208,58.99
9565,9564,208,59.22
6773,6772,208,65.79
7063,7162,208,11.12
8239,8238,208,59.75
7548,7547,208,58.14
8043,8042,208,58.33
9641,9640,209,58.47
8488,8487,209,72.36
9435,9434,209,58.08
8739,8738,209,57.94
9136,9135,209,58.07
7452,7451,209,72.69
9452,9451,209,58.77
7060,7059,209,72.3
8142,8141,209,58.64
9338,9337,209,57.81
8939,8938,209,58.88
6970,6969,209,13.34
9541,9640,209,9.75
9352,9451,209,9.68
7843,7842,209,13.43
9357,9356,210,59.11
9534,9533,210,58.46
7743,7742,210,58.53
9459,9458,210,58.92
9564,9563,210,59.34
6772,6771,210,66.75
7547,7546,210,58.21
7360,7359,210,13.4
9647,9746,210,9.84
8290,8390,210,4.1
8238,8237,210,59.38
8042,8041,210,58.4
9337,9336,211,57.97
8738,8737,211,57.76
9434,9433,211,58.52
9135,9134,211,58.18
9640,9639,211,58.51
8938,8937,211,58.36
9240,9239,211,13.42
9540,9639,211,9.81
7451,7450,211,72.82
9468,9567,211,12.8
6889,6788,211,4.51
8141,8140,211,58.73
7059,7058,211,71.7
9533,9532,212,58.36
7742,7741,212,58.66
9458,9457,212,59.01
9563,9562,212,59.27
6771,6770,212,67.19
7546,7545,212,58.28
9746,9745,212,58.38
7359,7358,212,71.94
8441,8440,212,13.4
9646,9745,212,9.78
8237,8236,212,58.58
9173,9272,212,16.36
8041,8040,212,58.51
8737,8736,213,58.21
9433,9432,213,58.55
9134,9133,213,58.18
9239,9238,213,58.09
9639,9638,213,58.4
9336,9335,213,57.86
8937,8936,213,57.85
8339,8338,213,13.39
8643,8642,213,13.43
7263,7262,213,13.43
8543,8542,213,13.4
9539,9638,213,9.86
8140,8139,213,59.05
7058,7057,213,72.74
7450,7449,213,58.14
8040,8039,214,58.69
9562,9561,214,59.08
9532,9531,214,59.28
7358,7357,214,72.61
9745,9744,214,58.4
9039,9038,214,13.41
8839,8838,214,13.44
7641,7640,214,13.42
9645,9744,214,9.75
9457,9456,214,59.01
7943,7942,214,13.43
9638,9637,215,58.46
9238,9237,215,57.39
8736,8735,215,58.4
7449,7448,215,72.82
7057,7056,215,61.24
8139,8138,215,59.4
9335,9334,215,58.1
8642,8641,215,58.54
9133,9132,215,58.29
8936,8935,215,57.94
6869,6868,215,13.38
9538,9637,215,9.8
8039,8038,216,59.14
9561,9560,216,59.07
7357,7356,216,72.77
9038,9037,216,58.04
8838,8837,216,58.18
9744,9743,216,58.19
7640,7639,216,58.73
8487,8486,216,14.51
7162,7161,216,13.4
7942,7941,216,58.43
7061,7160,216,12.95
9644,9743,216,9.82
7067,6966,216,4.89
8386,8485,216,1.43
9566,9665,216,11.98
9456,9455,216,59.04
9237,9236,217,57.75
8735,8734,217,58.24
7448,7447,217,72.82
8138,8137,217,59.44
9334,9333,217,58.35
8641,8640,217,58.23
9132,9131,217,58.28
9637,9636,217,58.32
8935,8934,217,57.95
6969,6968,217,13.37
7842,7841,217,13.43
9537,9636,217,9.84
8442,8541,217,9.63
7066,6965,217,5.13
9449,9549,217,2.23
8779,8878,217,1.55
9356,9355,217,15
7639,7638,218,58.52
9037,9036,218,57.53
7160,7159,218,72.5
8837,8836,218,58.17
9743,9742,218,58.32
8038,8037,218,59.36
7356,7355,218,72.57
9560,9559,218,58.96
7941,7940,218,58.33
9370,9469,218,12.9
8340,8439,218,9.51
9643,9742,218,9.86
7065,6964,218,5.34
7068,6967,218,4.38
9665,9664,218,59.6
9636,9635,219,58.18
9131,9130,219,58.75
8640,8639,219,58.15
8137,8136,219,58.88
7447,7446,219,58.16
8734,8733,219,58.08
9236,9235,219,58
9333,9332,219,58.41
7841,7840,219,58.44
8934,8933,219,58.03
9536,9635,219,9.87
7455,7354,219,8.03
9559,9558,220,59.14
8037,8036,220,59.09
6964,6963,220,71.92
9036,9035,220,57.92
8836,8835,220,58.21
7159,7158,220,72
7638,7637,220,58.69
9742,9741,220,58.35
8439,8438,220,58.37
9432,9431,220,14.6
7741,7740,220,13.42
6770,6769,220,13.36
7545,7544,220,13.43
8390,8489,220,15.41
7940,7939,220,58.39
8488,8587,220,11.65
9642,9741,220,9.81
7064,6963,220,5.34
9664,9663,220,59.54
8236,8235,220,13.44
7492,7593,220,0.8
7292,7193,220,0.59
8639,8638,221,57.81
8136,8135,221,58.5
9332,9331,221,58.82
7446,7445,221,58.21
8733,8732,221,57.91
9235,9234,221,58.13
7354,7353,221,63.02
7840,7839,221,58.38
8933,8932,221,58.19
9635,9634,221,57.97
9130,9129,221,59.6
8338,8337,221,13.42
7262,7261,221,13.41
9535,9634,221,9.82
9558,9557,222,59.08
9035,9034,222,58.06
9741,9740,222,58.48
8835,8834,222,58.04
8036,8035,222,58.86
6963,6962,222,72.41
8587,8586,222,72.49
8438,8437,222,58.18
9531,9530,222,13.41
9663,9662,222,59.17
7939,7938,222,58.76
9641,9740,222,9.77
9452,9551,222,9.72
9074,9174,222,3.53
7158,7157,222,72.76
9272,9371,222,15.5
7058,7157,222,14.1
7839,7838,223,58.59
7353,7352,223,72.68
9234,9233,223,58.28
7445,7444,223,58.33
8932,8931,223,58.42
9634,9633,223,58.21
8638,8637,223,57.73
9129,9128,223,58.58
8337,8336,223,58.21
9455,9454,223,15.06
7056,7055,223,13.45
6868,6867,223,13.38
9567,9666,223,12.22
9534,9633,223,9.78
8732,8731,223,58.18
8584,8683,223,1.47
9254,9354,223,2.25
8035,8034,224,58.66
6962,6961,224,72.82
9530,9529,224,57.88
8834,8833,224,57.94
9740,9739,224,58.52
9551,9550,224,58.86
9034,9033,224,58.18
8586,8585,224,71.61
8437,8436,224,58.1
9662,9661,224,59.04
7938,7937,224,58.99
9640,9739,224,9.77
9451,9550,224,9.78
7157,7156,224,60.96
9557,9556,224,58.97
8336,8335,225,58.14
9233,9232,225,58.35
7838,7837,225,58.59
7055,7054,225,63.77
8637,8636,225,58.1
8878,8877,225,13.43
8541,8540,225,13.43
9533,9632,225,9.8
8931,8930,225,58.66
9746,9845,225,9.79
9548,9648,225,2.24
8731,8730,225,58.4
7352,7351,225,63.29
9739,9738,226,58.41
8833,8832,226,57.99
9556,9555,226,59.15
8436,8435,226,58.1
9661,9660,226,59.05
7937,7936,226,59.07
9639,9738,226,9.79
9033,9032,226,58.32
6782,6681,226,3.78
8034,8033,226,58.79
6961,6960,226,64.77
7837,7836,227,58.72
7054,7053,227,61.61
9845,9844,227,58.27
8636,8635,227,58.29
8540,8539,227,58.21
9232,9231,227,58.4
9532,9631,227,9.6
9745,9844,227,9.79
8730,8729,227,58.35
8930,8929,227,59.15
8191,8291,227,2.8
7351,7350,227,72.79
8335,8334,227,58.21
9738,9737,228,58.26
8832,8831,228,58.31
6681,6680,228,61.44
8033,8032,228,58.75
8435,8434,228,58.18
9331,9330,228,14.64
7740,7739,228,13.43
9431,9430,228,13.39
7544,7543,228,13.43
7637,7636,228,13.41
6769,6768,228,13.37
7936,7935,228,58.95
9660,9659,228,59.01
7160,7259,228,11.91
7161,7260,228,12.18
9032,9031,228,58.33
9638,9737,228,9.78
6783,6682,228,3.39
9173,9273,228,4.09
6960,6959,228,71.9
7891,7992,228,1.14
8235,8234,228,13.43
9844,9843,229,58.29
8635,8634,229,58.3
9231,9230,229,59.37
8539,8538,229,57.91
8929,8928,229,59.32
8729,8728,229,58.43
7836,7835,229,58.84
7053,7052,229,61.05
8135,8134,229,13.42
9744,9843,229,9.83
8334,8333,229,58.18
7350,7349,229,72.82
9330,9329,230,59.17
9430,9429,230,58.31
9737,9736,230,58.32
6680,6679,230,61.54
9031,9030,230,58.65
9454,9453,230,15.01
6768,6767,230,70.17
7935,7934,230,58.59
9659,9658,230,59.22
9469,9568,230,12.31
9637,9736,230,9.8
6786,6685,230,4.16
8831,8830,230,58.5
8434,8433,230,58.13
8538,8537,231,57.94
8728,8727,231,58.78
7835,7834,231,58.54
8634,8633,231,58.18
9843,9842,231,58.38
7349,7348,231,72.82
6867,6866,231,13.38
7444,7443,231,13.43
7052,7051,231,56.84
9128,9127,231,13.46
7159,7258,231,11.14
8928,8927,231,58.68
7639,7738,231,9.77
9743,9842,231,9.8
7158,7257,231,14.02
9665,9764,231,9.52
8333,8332,231,58.08
6679,6678,232,65.45
9329,9328,232,57.96
9529,9528,232,13.46
9658,9657,232,59.36
8830,8829,232,58.61
9030,9029,232,59.52
8587,8686,232,11.88
9636,9735,232,9.83
6767,6766,232,70.33
8781,8880,232,2
8433,8432,232,58.01
7156,7155,232,13.45
7934,7933,232,58.61
8727,8726,233,58.94
7348,7347,233,58.07
9842,9841,233,58.33
8537,8536,233,58.02
7257,7256,233,72.28
8332,8331,233,57.75
6685,6684,233,44.89
9555,9554,233,15.08
8633,8632,233,57.91
9371,9470,233,13.62
7638,7737,233,9.73
9742,9841,233,9.8
6787,6686,233,4.53
6784,6683,233,3.73
7834,7833,233,58.57
9664,9763,233,9.54
7051,7050,233,63.33
6678,6677,234,66.88
8686,8685,234,72.13
7933,7932,234,58.87
9635,9734,234,9.86
9130,9229,234,9.52
9029,9028,234,58.91
8829,8828,234,58.84
6766,6765,234,68.94
9657,9656,234,59.1
7155,7154,234,63.96
7058,6957,234,6.42
8432,8431,234,57.8
7833,7832,235,58.88
7050,7049,235,63.47
9554,9553,235,58.73
8331,8330,235,57.92
9841,9840,235,58.29
7347,7346,235,58.18
8536,8535,235,58.17
9631,9630,235,13.43
8489,8588,235,9.94
9741,9840,235,9.77
9663,9762,235,9.63
7643,7542,235,4.38
8632,8631,235,57.92
9763,9762,235,59.27
6677,6676,236,67.51
8828,8827,236,59.11
9229,9228,236,58.29
7154,7153,236,56.46
8431,8430,236,57.79
8032,8031,236,13.42
7636,7635,236,13.41
8234,8233,236,13.43
6765,6764,236,69.72
7932,7931,236,58.75
9656,9655,236,59.55
9634,9733,236,9.82
9129,9228,236,9.75
6957,6956,236,61.16
9028,9027,236,58.07
6959,6958,236,13.39
8535,8534,237,58.25
7346,7345,237,58.2
8330,8329,237,58.07
7542,7541,237,58.41
9553,9552,237,58.54
8631,8630,237,58.24
9530,9629,237,9.88
9740,9839,237,9.77
9551,9650,237,9.7
8134,8133,237,13.42
7356,7255,237,6.74
9662,9761,237,9.66
9762,9761,237,59.09
8390,8490,237,3.79
7642,7541,237,4.36
9273,9372,237,17.27
7991,8092,237,1.2
7153,7152,238,56.27
6676,6675,238,68.45
8430,8429,238,57.96
9429,9428,238,13.47
8585,8684,238,10.36
6764,6763,238,72.81
6889,6789,238,1.69
8233,8232,238,58.2
8630,8629,239,58.34
8534,8533,239,58.18
7345,7344,239,58.31
7541,7540,239,58.62
8329,8328,239,58.07
9650,9649,239,60.22
7443,7442,239,13.44
9550,9649,239,9.53
9739,9838,239,9.79
6866,6865,239,13.38
9127,9126,239,13.45
9661,9760,239,9.65
9761,9760,239,59.36
9647,9747,239,2.33
8927,8926,239,13.46
7152,7151,240,57.43
6675,6674,240,67.55
8232,8231,240,57.93
8429,8428,240,58.08
9328,9327,240,13.45
9528,9527,240,13.45
8880,8879,240,13.39
9845,9944,240,9.81
7355,7254,240,6.55
9568,9667,241,25.53
9738,9837,241,7.64
8291,8391,241,127.83
8033,8132,241,7.65
8092,8192,241,110.15
9174,9274,241,39.88
8489,8589,241,124.03
7593,7693,241,136.08
9660,9759,241,7.67
8587,8687,241,81.01
8588,8688,241,99.45
9567,9667,241,45.79
9273,9373,241,47.99
7592,7693,241,9.46
8688,8788,242,136.11
8192,8292,242,156.17
7693,7793,242,117.28
8490,8590,242,50.25
8686,8786,242,73.73
9568,9668,242,44.35
9844,9943,242,7.69
9371,9471,242,25.23
7353,7252,242,9.13
8391,8491,242,203.88
6764,6864,242,48.28
9469,9569,242,35.75
9746,9846,242,18.2
9074,9175,242,27.46
9074,9075,242,15.67
8292,8392,243,177.63
8590,8690,243,122.71
8589,8689,243,54.07
9470,9570,243,33.27
9372,9472,243,35.92
8876,8976,243,19.99
9665,9765,243,19.93
9274,9374,244,46
9650,9750,244,25.71
8685,8785,244,26.07
7050,7150,244,25.69
8686,8785,244,16.15
9737,9836,244,7.65
9373,9473,244,49.11
9845,9945,244,17.01
9648,9748,244,21.15
9658,9758,244,19.83
9174,9275,244,27.52
9551,9651,244,18.74
9659,9758,244,7.66
8392,8492,244,118.83
6764,6863,244,24.67
9763,9863,244,22.2
8682,8782,244,16.91
7051,7150,244,11.65
7191,7092,244,1.52
8690,8790,245,55.46
8788,8888,245,43.26
8491,8591,245,47
9649,9749,245,24.21
7635,7735,245,20.41
7153,7253,245,20.67
8687,8787,245,28.16
9553,9653,245,18.59
9554,9654,245,19.51
9841,9941,245,18.67
9842,9942,245,18.67
8880,8980,245,21.3
9568,9669,245,27.33
9843,9942,245,7.68
8431,8531,245,17.21
7636,7736,245,20.46
9470,9571,245,26.57
9656,9756,245,21.01
9632,9732,245,20.03
9760,9860,245,22.02
6963,6862,245,7.99
9761,9861,245,21.38
9762,9862,245,21.02
6788,6687,245,1.23
9657,9757,245,19.66
8781,8881,245,14.19
7351,7250,245,9.5
9666,9766,245,19.38
7793,7893,245,33.56
8432,8532,245,17.27
7151,7251,245,20.63
8492,8592,246,52.1
8689,8789,246,39.11
9374,9474,246,55.61
9327,9427,246,17.86
9527,9627,246,17.11
8879,8979,246,19.32
8926,9026,246,17.39
9747,9847,246,18.08
9552,9652,246,18.12
9629,9729,246,17.46
8031,8131,246,18.75
9733,9833,246,19.15
8428,8528,246,16.93
7049,7149,246,19.64
9630,9730,246,17.31
7050,7149,246,11.48
8726,8826,246,19.13
8429,8529,246,16.92
9528,9628,246,17.15
8430,8530,246,17.1
9631,9731,246,17.75
9759,9859,246,22.58
8877,8977,246,18.92
9126,9226,246,17.43
6962,6861,246,6.25
9127,9227,246,17.12
8878,8978,246,18.24
8683,8783,246,16.46
7892,7993,246,17.85
8592,8692,247,214.04
8790,8890,247,80.36
9275,9375,247,43.62
7993,8093,247,143.4
9274,9375,247,27.11
9837,9937,247,17.82
8726,8725,247,0.88
9667,9767,247,18.55
9473,9573,247,43.39
9472,9572,247,29.52
7393,7494,247,7.88
7350,7249,247,9.3
8591,8691,248,49.4
8093,8193,248,184.94
9175,9276,248,27.47
9846,9946,248,17.04
8684,8784,248,13.38
9668,9768,248,18.06
9474,9574,248,60.42
9669,9769,248,45.29
9765,9865,248,21.54
8691,8791,249,131.87
8890,8990,249,69.81
9375,9475,249,56.4
9860,9960,249,26.97
8888,8988,249,25.09
9861,9961,249,26.32
8193,8293,249,184.93
9750,9850,249,23.93
9651,9751,249,23.8
8690,8791,249,24.74
9570,9670,249,17.9
9175,9176,249,15.62
7349,7248,249,8.75
8976,9076,249,19.19
9862,9962,249,25.77
9863,9963,249,24.86
9764,9864,249,11.12
7293,7394,249,7.5
7494,7594,250,45.7
8293,8393,250,110.52
9859,9959,250,27.85
8881,8981,250,24.48
9653,9753,250,20.09
8980,9080,250,20.9
9574,9674,250,53.48
8492,8593,250,25.76
9275,9376,250,27.4
9748,9848,250,18.22
9836,9936,250,17.58
8786,8886,250,13.51
9841,9940,250,7.67
9655,9755,250,10.84
9757,9857,250,23.93
6772,6671,250,2.92
6773,6672,250,2.57
6774,6673,250,2.3
6960,6859,250,7.32
9756,9856,250,24.42
8593,8693,251,143.66
8990,9090,251,69.62
8692,8792,251,29.42
9573,9673,251,29.78
9652,9752,251,21.35
8789,8889,251,21.19
9732,9832,251,18.75
8782,8882,251,14.65
8785,8885,251,14.92
9766,9866,251,19.88
9734,9834,251,8.89
8787,8887,251,17.12
9735,9835,251,9.27
9669,9770,251,27.22
9475,9575,251,70.72
6771,6670,251,3.14
8977,9077,252,18.59
9731,9831,252,17.46
9847,9947,252,16.97
9833,9933,252,17.51
8528,8628,252,18.65
9729,9829,252,17.44
9628,9728,252,17
8979,9079,252,19.12
8978,9078,252,18.3
9730,9830,252,17.45
9571,9671,252,16.28
9839,9939,252,8.28
9226,9326,252,17.3
7594,7694,252,50.22
8393,8493,252,64.45
6960,6860,252,6.46
7694,7794,253,151.02
8889,8989,253,63.02
9575,9675,253,73.04
9090,9190,253,66.14
9376,9476,253,45.61
8791,8891,253,32.53
9751,9851,253,27.56
9573,9672,253,24.76
9375,9476,253,24.43
8725,8825,253,17.48
9627,9727,253,16.45
8783,8883,253,15.6
8328,8327,253,3.46
7344,7343,253,3.3
9838,9938,253,8.02
6958,6858,253,7.09
9767,9867,253,19.19
9758,9858,253,11.26
7794,7894,254,167.62
9671,9771,254,50.38
8792,8892,254,34.61
9673,9773,254,38.02
9770,9870,254,43.35
9753,9853,254,27.3
9276,9377,254,27.52
9768,9868,254,18.12
9857,9957,254,31.16
6764,6664,254,6.87
7640,7539,254,2.07
7894,7994,255,215.2
9476,9576,255,57.81
9190,9290,255,66.14
8989,9089,255,85.65
8891,8991,255,64.51
9752,9852,255,27.8
8693,8793,255,31.69
8981,9081,255,23.16
9675,9775,255,68.31
8988,9088,255,17.99
9850,9950,255,18.59
9276,9277,255,15.26
8784,8884,255,15.27
8890,8991,255,19.69
9749,9849,255,10.02
6958,6857,255,8
8892,8992,256,95.51
9672,9772,256,43.99
9848,9948,256,17.05
9080,9180,256,19.32
9376,9477,256,27.17
7994,8094,256,185
9674,9774,256,18.78
9654,9754,256,9.81
6764,6663,256,7.77
8992,9092,257,120.41
8793,8893,257,62.1
9576,9676,257,65.07
9089,9189,257,78.52
9088,9188,257,72.46
8991,9091,257,76.9
9771,9871,257,46.51
9773,9873,257,35.04
9290,9390,257,76.83
9858,9958,257,29.32
9832,9932,257,17.16
9775,9875,257,63.93
8887,8987,257,18.51
9770,9871,257,27.43
9770,9869,257,25.69
9835,9935,257,17.93
9834,9934,257,18.19
9856,9956,257,15.78
8990,9091,257,19.76
8094,8194,257,185.03
9865,9965,257,11.26
7055,6954,257,3.55
8393,8494,257,21.59
6990,6891,257,1.72
9092,9192,258,106.88
8893,8993,258,165.04
8494,8594,258,214.6
9853,9953,258,29.02
9851,9951,258,21.61
9829,9929,258,17.47
9830,9930,258,17.15
9831,9931,258,17.27
9077,9177,258,19.22
9078,9178,258,18.74
9728,9828,258,17.63
9079,9179,258,18.27
9090,9191,258,20.98
8886,8986,258,13.99
9864,9964,258,11.78
9867,9967,258,20.86
9326,9426,258,17.42
8328,8427,258,7.69
7248,7247,258,11.77
6764,6665,258,7.96
7639,7538,258,2.07
8993,9093,259,136.09
9189,9289,259,73.91
9676,9776,259,64.51
8987,9087,259,77.65
9772,9872,259,45.27
9477,9577,259,41.02
9774,9874,259,40.72
8884,8984,259,28.1
9875,9975,259,55.56
9852,9952,259,25.75
9476,9577,259,23.95
8825,8925,259,17.41
9727,9827,259,16.91
8882,8982,259,13.4
8885,8985,259,13.51
8194,8294,259,75.83
9188,9288,259,87.12
8428,8527,259,7.69
9755,9855,259,12.11
9390,9490,259,97.08
7054,6953,259,3.42
6767,6667,259,4.62
6767,6666,259,5.27
9093,9193,260,130.77
9490,9590,260,112.83
9192,9292,260,80.97
9191,9291,260,68.63
9873,9973,260,41.57
9081,9181,260,21.84
9870,9970,260,18.74
9190,9291,260,20.98
9377,9478,260,27.52
9868,9968,260,19.37
7293,7294,260,2.25
9193,9293,261,106.25
9590,9690,261,106.2
9087,9187,261,58.4
9776,9876,261,65.94
9289,9389,261,79.52
8883,8983,261,13.61
9288,9388,261,88.04
9377,9378,261,15.25
8294,8394,261,89.31
9866,9966,261,10.94
6768,6668,261,4
7053,6952,261,3.53
9292,9392,262,69.33
9291,9391,262,83.99
9577,9677,262,49.11
9874,9974,262,33.48
9180,9280,262,18.7
9477,9578,262,27.53
8793,8894,262,22.44
9576,9677,262,21.37
7055,6955,262,3.14
8894,8994,263,186.21
9293,9393,263,73.19
9187,9287,263,55.23
9876,9976,263,73.05
9690,9790,263,97.4
9873,9972,263,25.91
9869,9969,263,19.29
8594,8694,263,24.63
9875,9976,263,24.7
9391,9491,263,108.1
9388,9488,263,83.22
9389,9489,263,92.47
7638,7537,263,2.04
9491,9591,264,119.87
9677,9777,264,53.73
8982,9082,264,24.1
8984,9084,264,23.98
9179,9279,264,18.16
9178,9278,264,19.08
9828,9928,264,18.34
9676,9777,264,21.57
9426,9526,264,17.89
9392,9492,264,73.62
9754,9854,264,12.72
7248,7148,264,6.91
9591,9691,265,120.78
9488,9588,265,74.91
9393,9493,265,62.88
9790,9890,265,92.2
9489,9589,265,94.11
9578,9678,265,39.88
9181,9281,265,21.49
9577,9678,265,26.52
9827,9927,265,18.82
8527,8627,265,19.12
8925,9025,265,17.41
9287,9387,265,63.45
8194,8295,265,17.71
7494,7595,265,8.15
6670,6669,265,7.32
8528,8627,265,7.67
6863,6762,265,6.77
9492,9592,265,102.9
6991,6992,265,2.86
7595,7695,266,184.9
9592,9692,266,115.84
9691,9791,266,117.34
9777,9877,266,54.59
8994,9094,266,39.95
9478,9579,266,27.52
9087,9186,266,21.41
8694,8794,266,41.49
9776,9877,266,21.05
8295,8395,266,185.93
8986,9086,266,12.66
6676,6576,266,3.68
7695,7795,267,184.96
9692,9792,267,135.9
9094,9194,267,141.44
9791,9891,267,114
8395,8495,267,185.92
9589,9689,267,81.9
9890,9990,267,77.09
9588,9688,267,63.03
9478,9479,267,14.65
9855,9955,267,13.87
9848,9949,267,8.41
7394,7495,267,8.05
6677,6577,267,3.47
9387,9487,267,72.94
7051,6951,267,3.19
7051,6950,267,3.61
9891,9991,268,103.18
9194,9294,268,120.82
9792,9892,268,138.03
7795,7895,268,184.96
8495,8595,268,140.82
9877,9977,268,65.45
9678,9778,268,45.72
9280,9380,268,18.52
9578,9679,268,27.52
9677,9778,268,25.28
9187,9286,268,22.53
8985,9085,268,11.75
6860,6760,268,6.54
9854,9954,268,28.92
7248,7147,268,7.8
7895,7995,269,184.92
9892,9992,269,111.86
9294,9394,269,134.7
9688,9788,269,62.1
9689,9789,269,73.24
9487,9587,269,69.37
9084,9184,269,21.05
9082,9182,269,21.58
8595,8695,269,130
9293,9394,269,18.55
9871,9971,269,8.7
8231,8230,269,3.47
6678,6578,269,3.11
9493,9593,269,25.2
9394,9494,270,134.17
7995,8095,270,204.67
9281,9381,270,20.65
9279,9379,270,18.12
9777,9878,270,25.01
9393,9494,270,22.15
8983,9083,270,11.66
9286,9386,270,55.45
9526,9626,270,17.24
6676,6575,270,4.21
9587,9687,271,60.74
9789,9889,271,68.35
9788,9888,271,63.26
9593,9693,271,77.09
9679,9779,271,39.91
9678,9779,271,27.16
8695,8795,271,51.6
6860,6761,271,7.58
9025,9125,271,17.44
9494,9594,271,122.44
9878,9978,272,57.24
8795,8895,272,110.27
9727,9826,272,7.69
8327,8426,272,7.69
6860,6759,272,7.4
9386,9486,272,52.59
9594,9694,272,103.18
9687,9787,273,66.17
9889,9989,273,56.33
9888,9988,273,53.15
8095,8195,273,43.35
7050,6949,273,3.32
9779,9879,274,44.74
9182,9282,274,21.78
8895,8995,274,81.57
9778,9879,274,26.46
9679,9780,274,27.52
6687,6688,274,3.57
9380,9480,274,18.14
9787,9887,275,68.09
9486,9586,275,44.43
9693,9793,275,28.35
9083,9183,275,20.41
9184,9284,275,19.97
9679,9680,275,15.23
9286,9385,275,22.45
9086,9185,275,16.54
9793,9893,276,107.08
9694,9794,276,31.41
8095,8196,276,27.43
9878,9979,276,24.15
9587,9686,276,20.57
6670,6570,276,4.01
9381,9481,276,19.58
8196,8296,277,186.16
9887,9987,277,62.97
8995,9095,277,35.75
9780,9880,277,35.4
9779,9880,277,27.29
9125,9225,277,17.34
9626,9726,277,16.11
9426,9525,277,7.68
8427,8526,277,7.69
7832,7831,277,0.9
6678,6579,277,3.67
9386,9485,277,23.41
6957,6856,277,3.05
9686,9786,278,51.36
9826,9926,278,18.21
9486,9585,278,25.51
8095,8096,278,14.03
9827,9926,278,7.67
8527,8626,278,7.67
8296,8396,278,208
6675,6574,278,3.54
8396,8496,279,182
9095,9195,279,55.16
9893,9993,279,38.12
9282,9382,279,21.78
9286,9285,279,9.58
7294,7395,279,7.8
8496,8596,280,132.77
9195,9295,280,126.41
9880,9980,280,34.88
9794,9894,280,27.63
9879,9980,280,26.38
9780,9881,280,27.04
9780,9781,280,16.76
9480,9580,280,18.61
6891,6892,280,4.45
6663,6662,280,4.29
9295,9395,281,161.35
9586,9685,281,25.82
9284,9384,281,19.34
9787,9886,281,17.97
7049,7048,281,0.82
9395,9495,282,206.97
8596,8696,282,65.67
9686,9785,282,23.79
9481,9581,282,19.35
8327,8326,282,3.46
6670,6571,282,4.71
6670,6569,282,4.58
9495,9595,283,185.32
9880,9981,283,26.94
9525,9625,283,17.81
9225,9325,283,16.93
9887,9986,283,19.76
6759,6758,283,9.67
8696,8796,284,65.71
9894,9994,284,26.81
9382,9482,284,20.17
9485,9584,284,22.21
6992,7093,284,7.8
6666,6566,284,4.01
7343,7342,284,3.3
9594,9695,284,11.46
9695,9795,285,192.18
6760,6660,285,6.2
8795,8896,285,10.44
7835,7734,285,2.13
9795,9895,286,129.29
9183,9283,286,9.69
9780,9681,286,12.05
8095,7996,286,9.34
8896,8996,287,79.86
9785,9885,287,20.9
6575,6475,287,5.89
7495,7596,287,7.09
9384,9484,287,18.47
7596,7696,288,122.21
6760,6661,288,7.21
6668,6568,288,3.72
9426,9425,288,3.36
6672,6572,288,2.71
8329,8229,288,2
7833,7733,288,1.86
7696,7796,289,184.98
6760,6659,289,7.03
8725,8824,289,3.41
6674,6573,289,2.93
7247,7246,289,3.3
7346,7246,289,1.89
7796,7896,290,185.02
9895,9995,290,26.79
9482,9582,290,19.88
9584,9684,290,19.94
9981,9982,290,14.67
9625,9725,290,16.62
6666,6567,290,4.72
6666,6565,290,4.59
8328,8228,290,1.99
8031,8130,290,2.76
8031,8030,290,0.94
7931,8030,290,2.76
7931,7930,290,0.95
8996,9096,291,28.94
9986,9985,291,13.21
6758,6757,291,13.21
8995,9096,291,8.33
9826,9925,291,7.68
9283,9383,291,20.31
6575,6476,291,6.86
6953,6853,291,3.14
8426,8525,291,7.69
7345,7245,291,1.89
7541,7441,291,1.88
6679,6580,291,2.67
7996,8097,292,25.91
6575,6474,292,6.68
6952,6852,292,3.24
8097,8197,293,183.39
9096,9196,293,64.61
9484,9583,293,23.58
7344,7244,293,1.87
7833,7732,293,2.12
9196,9296,294,144.88
8197,8297,294,189.06
7537,7536,294,3.31
9296,9396,295,168.94
8297,8397,295,213.75
7996,7997,295,11.3
8824,8924,295,17.39
6759,6658,295,6.22
8825,8924,295,3.45
6789,6790,295,1.79
9396,9496,296,199.26
8397,8497,296,168.64
8525,8625,296,22.63
9582,9682,296,19.85
9725,9825,296,16.87
9684,9784,296,18.74
8526,8625,296,7.63
9726,9825,296,7.69
9383,9483,297,19.88
9484,9483,297,10.55
8496,8597,297,8.14
7395,7496,297,7.97
6576,6477,297,4.61
6687,6587,297,1.93
9496,9596,298,85
9583,9683,298,20.17
9981,9882,298,9.91
6892,6993,298,8.02
6953,6854,298,3.64
8597,8697,299,86.52
6566,6466,299,7.1
6758,6657,299,8.98
8596,8697,299,7.73
6663,6563,299,2.37
6951,6851,300,3.08
6952,6851,300,3.67
9596,9696,300,86.87
6587,6586,301,184.93
6474,6473,301,71.67
9985,9984,301,35.42
6566,6465,301,24.84
8326,8425,301,7.82
6856,6855,301,21.15
6950,6850,301,7.23
8925,9024,301,6.1
6664,6564,301,5.6
8328,8227,301,7.89
8426,8425,301,13.11
7541,7440,301,7.95
7635,7634,301,18.52
6586,6585,302,251.1
7733,7633,302,14.8
7733,7632,302,26.76
6566,6467,302,7.1
9325,9424,302,7.74
8696,8797,302,1.43
6891,6791,302,5.07
6663,6562,302,12.13
6857,6756,302,11.87
7344,7243,302,7.94
6585,6584,303,214.8
6473,6472,303,72.69
6950,6849,303,11.6
8725,8724,303,15.05
7293,7194,303,1.28
6584,6583,304,229.65
9984,9983,304,47.71
9985,9884,304,26.48
8525,8524,304,18.22
6659,6558,304,24.04
8796,8897,304,1.58
7342,7341,304,13.64
9325,9324,304,11.69
8326,8325,304,12.45
9025,9124,304,6.03
6683,6582,304,7.06
6472,6471,305,78.16
9784,9783,305,19.45
6474,6373,305,18.02
9725,9724,305,13.58
6659,6559,305,10.26
7996,7897,305,10.13
9625,9624,305,15.43
6571,6470,305,16.14
7831,7830,305,16.38
7147,7146,305,17.75
8327,8226,305,7.86
6949,6948,305,14.57
9925,9924,305,14.27
7294,7295,305,1.19
6582,6581,306,59.21
6465,6464,306,21.41
6657,6656,306,18.85
8625,8624,306,17.61
7536,7535,306,17.45
7732,7731,306,16.8
7930,7929,306,16.13
8030,8029,306,15.4
8824,8823,306,12.16
8130,8129,306,14.94
7048,7047,306,16.74
9525,9524,306,14.8
9225,9224,306,13.66
7538,7438,306,3.92
7343,7242,306,7.93
9984,9883,307,25.81
7440,7439,307,16.71
6856,6755,307,12.17
6570,6469,307,11.54
9825,9824,307,14.24
7538,7437,307,7.93
7632,7631,308,17.04
8924,8923,308,11.88
6474,6374,308,6.42
7146,7145,308,41.95
6948,6947,308,35.78
8824,8923,308,7.79
6569,6468,308,11.3
7537,7436,308,7.95
8425,8424,308,16.34
6558,6557,309,22.11
6562,6561,309,14.46
6473,6372,309,17.69
9024,9023,309,13.48
6373,6372,309,30.4
6849,6848,309,17.76
9424,9423,310,12.85
6852,6751,310,11.61
6891,6792,310,3.05
6661,6560,310,11.69
6687,6588,310,1.9
6947,6946,311,36.17
6656,6655,311,20.24
6464,6463,311,24.15
9724,9723,311,16.86
9783,9782,311,18.49
9124,9123,311,16.67
8724,8723,311,12.51
6467,6366,311,17.01
7145,7144,311,40.42
6852,6752,311,7.23
7146,7045,311,26.68
6948,6847,311,26.53
9795,9896,311,1.46
6372,6371,312,42.69
6755,6754,312,23.3
7535,7534,312,17.99
7047,7046,312,17.04
7830,7829,312,16.05
6559,6458,312,22.39
9924,9923,312,15.17
7341,7340,312,13.97
6472,6371,312,16.06
8325,8324,312,13.51
6466,6365,312,11.78
6657,6556,312,12.08
6563,6462,312,12.16
8823,8822,312,16.78
7731,7730,312,16.75
9895,9996,312,1.99
8524,8523,312,14.2
7929,7928,313,15.86
8029,8028,313,15.1
7242,7241,313,15.83
8129,8128,313,14.72
9624,9623,313,13.5
8226,8225,313,12.79
9324,9323,313,12.14
6465,6364,313,12.17
6851,6750,313,11.2
8326,8225,313,7.82
6371,6370,314,96.16
6946,6945,314,36.54
7436,7435,314,17.64
9524,9523,314,13.09
6847,6846,314,38.18
6947,6846,314,26.57
8624,8623,314,12.64
8324,8323,314,51.55
6850,6749,314,11.59
7145,7044,314,26.76
8424,8423,314,17.37
9824,9823,314,15.3
6370,6369,315,109.39
9224,9223,315,11.59
7534,7533,315,43.95
7631,7630,315,16.6
6849,6748,315,11.98
6369,6368,316,121.64
6556,6555,316,28.79
8923,8922,316,13.94
8228,8127,316,7.86
6945,6944,317,36.43
6364,6363,317,25.16
6458,6457,317,25
6946,6845,317,26.61
6655,6654,317,18.8
9023,9022,317,13.53
6847,6746,317,26.74
6559,6459,317,8.97
7144,7143,317,17.57
6754,6753,317,23
6368,6367,318,90.71
9123,9122,318,16.15
9423,9422,318,12.96
6847,6747,318,15.52
8324,8223,318,24.83
8723,8722,318,16.27
7534,7433,318,26.48
6374,6273,318,14.39
8823,8722,318,11.84
6373,6272,318,11.61
6688,6689,318,1.69
7533,7532,318,43.01
7829,7828,319,15.8
8822,8821,319,14.62
7730,7729,319,16.62
6462,6461,319,14.6
9723,9722,319,14.11
8523,8522,319,14.69
6272,6271,320,70.2
8223,8222,320,51.28
6944,6943,320,38.54
6845,6844,320,36.54
6945,6844,320,26.6
7044,7043,320,18.22
7928,7927,320,15.61
7241,7240,320,16.12
9923,9922,320,13.89
7340,7339,320,13.61
8028,8027,320,14.98
8423,8422,320,18.06
7243,7142,320,7.92
8227,8126,320,7.86
7534,7434,320,13.51
6475,6375,320,3.39
6457,6456,321,31.31
7630,7629,321,17.2
8623,8622,321,15.22
8323,8322,321,15.99
9623,9622,321,13.56
8225,8224,321,12.79
6791,6690,321,7.63
7433,7432,321,44.51
9823,9822,321,14.61
7533,7432,321,26.59
6271,6270,322,69.65
6363,6362,322,24.99
6654,6653,322,24.54
8922,8921,322,18.28
9523,9522,322,13.21
9323,9322,322,12.3
8996,9097,322,1.52
6844,6843,323,36.01
8222,8221,323,39.26
6943,6942,323,40.79
6944,6843,323,26.75
6457,6357,323,17.74
6457,6356,323,25.58
6845,6744,323,26.61
9022,9021,323,17.27
6746,6745,323,17.88
6752,6651,323,11.84
6366,6265,323,12.16
6655,6554,323,12.07
6751,6650,323,11.52
6270,6269,324,62.76
9122,9121,324,16.88
8722,8721,324,17.27
8223,8122,324,24.9
6365,6264,324,12.05
9123,9222,324,11.74
8226,8125,324,7.86
6582,6481,324,7.32
7532,7531,324,17.35
7433,7332,324,26.4
6481,6480,325,260.17
6456,6455,325,29.96
6459,6358,325,19.94
6364,6263,325,12.04
6556,6455,325,11.76
6480,6479,326,260.17
6269,6268,326,85.67
8122,8121,326,50.9
6843,6842,326,37.8
6744,6743,326,42.93
7043,7042,326,18.26
6844,6743,326,26.55
8222,8121,326,26.77
8222,8321,326,26.77
7142,7141,326,16.75
6943,6842,326,26.75
6943,7042,326,26.75
8821,8820,326,15.77
7729,7728,326,16.62
9422,9421,326,13.13
7828,7827,326,15.31
6749,6648,326,12.01
6750,6649,326,11.59
6752,6652,326,6.94
8522,8521,326,16.1
6587,6486,326,5.37
7433,7333,326,13.32
6486,6485,327,245.06
6479,6478,327,249.48
6263,6262,327,50.03
7629,7628,327,17.83
7240,7239,327,15.75
7927,7926,327,15.06
6368,6267,327,13.04
8027,8026,327,14.45
8422,8421,327,15.08
8622,8621,327,16.83
6356,6355,327,26.44
6748,6647,327,12.15
9722,9721,327,12.95
6554,6553,328,23.18
7339,7338,328,13.6
8223,8123,328,11.11
6588,6487,328,7.96
8896,8997,328,1.11
7432,7431,328,14.36
6485,6484,329,60.36
6743,6742,329,42.26
6842,6841,329,38.24
6843,6742,329,26.72
6744,6643,329,26.6
9021,9020,329,16.69
6745,6644,329,26.52
6362,6361,329,15.74
9622,9621,329,13.09
9822,9821,329,14.24
6366,6266,329,5.8
6792,6691,329,7.78
6357,6257,329,17.93
6357,6256,329,25.39
6374,6274,329,4.8
6262,6261,330,49.96
8122,8021,330,25.01
9522,9521,330,13.22
9322,9321,330,12.69
9122,9221,330,11.86
6555,6454,330,10.88
6747,6646,330,12.16
9996,9997,330,5.73
7897,7797,330,4.11
7531,7530,330,16.91
6484,6483,331,57.16
6263,6162,331,25.25
8721,8720,331,16.08
8221,8220,331,13.89
6745,6645,331,13.64
9922,9921,331,9.42
6459,6359,331,7.43
6559,6460,331,5.61
6583,6482,331,5.42
8021,8020,332,51.46
6841,6840,332,40
6643,6642,332,49.33
8121,8120,332,17.92
6743,6642,332,26.66
6842,6741,332,26.74
6842,6941,332,26.74
9121,9120,332,13.74
8821,8920,332,11.66
7141,7140,332,16.97
7435,7334,332,8
8225,8124,332,7.86
8521,8520,332,18.1
7530,7529,333,39.64
6553,6552,333,22.3
6262,6161,333,25.27
7628,7627,333,17.24
8621,8620,333,17.14
8321,8320,333,14.75
8122,8022,333,11.23
8421,8420,333,17.29
6273,6172,333,9.99
6256,6255,334,23.24
8026,8025,334,14.48
9421,9420,334,13.13
8820,8819,334,14.24
7728,7727,334,13.35
6263,6163,334,11.5
7827,7826,334,12.85
9996,9897,334,6.59
6357,6258,334,13.86
6355,6354,334,15.62
7395,7396,334,1.45
6172,6171,335,69.07
6840,6839,335,41.02
6841,6740,335,26.77
6841,6940,335,26.77
6643,6542,335,25.43
7926,7925,335,12.53
7239,7238,335,13.2
6269,6168,335,14.13
6265,6164,335,12.15
6554,6453,335,12.14
6257,6157,335,17.67
6257,6156,335,25.65
6272,6171,335,8.54
6477,6376,335,4.06
9721,9720,335,12.63
8021,7920,336,24.85
7530,7429,336,26.77
9020,9019,336,14.77
6361,6360,336,14.4
7338,7337,336,14.22
7431,7430,336,13.81
6650,6549,336,11.54
6162,6061,337,25.94
6261,6260,337,14.89
6271,6170,337,8.56
6650,6550,337,7.3
7332,7331,337,8.25
6740,6739,338,43.98
6839,6838,338,42.71
8020,8019,338,16.9
7140,7139,338,16.9
6840,6739,338,26.74
6840,6939,338,26.74
8720,8719,338,14.29
8220,8219,338,16.11
9221,9220,338,12.88
9521,9520,338,12.74
9321,9320,338,13.06
6643,6543,338,11.72
6648,6547,338,12.13
6270,6169,338,8.93
9621,9620,338,12.19
7295,7195,338,3.08
6649,6548,338,11.83
7920,7919,339,49.36
6168,6167,339,29.42
7529,7528,339,17.35
8320,8319,339,17.61
8022,7921,339,25.21
8120,8119,339,14.5
8420,8419,339,17.52
6267,6166,339,12.11
7042,7041,339,7.79
8820,8919,339,11.29
6647,6546,339,12.16
8520,8519,339,16.03
6260,6259,340,38.92
6453,6452,340,20.76
6156,6155,340,20.5
6161,6160,340,15.49
7627,7626,340,16.6
8620,8619,340,14.64
9120,9119,340,13.12
6162,6062,340,12.45
6553,6452,340,12.16
6265,6165,340,6.14
6257,6158,340,13.48
6354,6353,340,18.32
6355,6254,340,11.63
6739,6738,341,48.58
6740,6639,341,26.47
6839,6738,341,26.62
6839,6938,341,26.62
8025,8024,341,14.49
8819,8818,341,14.35
7727,7726,341,15.15
9921,9920,341,10.42
9821,9820,341,8.94
6157,6056,341,26.73
7435,7335,341,3.74
6552,6551,341,13.11
7429,7428,342,16.86
7920,7819,342,25.42
7925,7924,342,14.97
7826,7825,342,12.65
8022,7922,342,11.45
6157,6057,342,15.56
6738,6737,343,51.09
6260,6159,343,26.76
6838,6837,343,20.7
6740,6640,343,13.5
7238,7237,343,13.49
9420,9419,343,12.23
6690,6589,343,6.47
6274,6173,343,10.69
7819,7818,344,52.62
8219,8218,344,18.11
6739,6638,344,25.61
6061,6060,344,15.08
7331,7330,344,14.56
7337,7336,344,14.27
6642,6641,344,8.69
6546,6545,344,20.31
8122,8023,344,7.24
7333,7232,344,8.02
6588,6488,344,2.95
6993,6893,344,2.26
6892,6893,344,1.16
7528,7527,345,17.35
8319,8318,345,17
8019,8018,345,14.32
8719,8718,345,14.92
7920,7820,345,11.71
7041,7040,345,18.1
7239,7138,345,7.89
9720,9719,345,10.05
6056,6055,346,20.24
6062,5961,346,26.48
6254,6253,346,17.27
7919,7918,346,15.35
8119,8118,346,16.66
9220,9219,346,12.87
9320,9319,346,12.9
8419,8418,346,14.64
6354,6253,346,12.03
7897,7898,346,2.46
7194,7094,346,2.33
6452,6451,346,18.47
6060,6059,347,45.2
6738,6637,347,24.96
7626,7625,347,15.97
8619,8618,347,14.64
8919,8918,347,13.12
6453,6352,347,12.16
6542,6541,347,8.93
6164,6063,347,12.03
8819,8918,347,11.32
6485,6384,347,7.29
8519,8518,347,14.04
9520,9519,347,11.37
6737,6736,348,22.64
7819,7718,348,24.51
6062,5962,348,13.51
6168,6067,348,11.7
6255,6154,348,10.84
6643,6544,348,7.62
7726,7725,348,14.83
6478,6377,348,7.05
6157,6058,348,10.98
9896,9796,348,2.71
6792,6692,348,2.69
9696,9796,348,2.13
9620,9619,348,10.79
9119,9118,348,14.05
6541,6540,349,54.98
6384,6383,349,59.86
7825,7824,349,14.88
8818,8817,349,13.98
6170,6069,349,11.88
6484,6383,349,7.36
6487,6386,349,6.99
6549,6448,349,11.48
7330,7329,350,17.27
6060,5959,350,26.29
7924,7923,350,12.99
7428,7427,350,13.94
6055,6054,350,31.66
6548,6447,350,11.99
6550,6449,350,11.57
6838,6937,350,12.16
6171,6070,350,9.95
6172,6071,350,8.59
6547,6446,350,12.12
6549,6449,350,7.36
6386,6385,351,79.84
6637,6636,351,28.33
7527,7526,351,17.63
7818,7817,351,15.77
8218,8217,351,16.13
6837,6836,351,14.24
7237,7236,351,13.61
6166,6065,351,12.17
6550,6450,351,7.27
6546,6445,351,12.15
6691,6590,351,6.67
9920,9919,351,10.45
7596,7697,351,1.19
9820,9819,351,10.01
6069,6068,352,40.35
6383,6382,352,47.75
6067,6066,352,25.1
8118,8117,352,17.27
8018,8017,352,16.03
8718,8717,352,14.8
6060,5960,352,13.09
7819,7719,352,10.71
7820,7719,352,21.71
6253,6252,352,18.1
6165,6064,352,12.13
6254,6153,352,11.91
8919,9018,352,10.94
6055,5955,352,17.64
6055,5954,352,25.68
6452,6351,352,12.05
9419,9418,352,11.65
7427,7426,353,41.58
7718,7717,353,24.03
6541,6440,353,23.77
7918,7917,353,14.32
8318,8317,353,13.96
6736,6735,353,23.41
7138,7137,353,13.52
6376,6275,353,7.96
7238,7137,353,7.91
7526,7525,354,40.74
5959,5958,354,28.1
8618,8617,354,14.69
6054,6053,354,30.72
8418,8417,354,13.22
8818,8917,354,11.22
7625,7624,354,15.46
7333,7233,354,3.66
9096,9197,354,1.35
6636,6635,355,28.05
8518,8517,355,13.89
6057,5957,355,7.81
6057,5956,355,10.91
7331,7230,355,7.97
7920,7821,355,7.61
7725,7724,355,14.83
6274,6174,355,3.87
7332,7231,355,4.59
9319,9318,355,12.09
9219,9218,355,12.2
7426,7425,356,40.74
6382,6381,356,31.97
7329,7328,356,16.86
7427,7326,356,26.71
6063,5963,356,11.14
6836,6835,356,21.33
5954,5953,356,30.54
6445,6444,356,20.42
6054,5953,356,25.4
6062,5963,356,9.07
7139,7038,356,7.91
6543,6442,356,8
6545,6444,356,12.17
7897,7798,356,2.79
7897,7998,356,2.79
7525,7524,357,39.69
7427,7327,357,14.33
7824,7823,357,13.25
6541,6441,357,10.03
7820,7720,357,8.5
7624,7623,357,36.21
8817,8816,357,14.15
9519,9518,357,10.67
6381,6380,358,76.86
6153,6152,358,17.44
5955,5855,358,17.46
5955,5854,358,25.84
6735,6734,358,23.74
5954,5854,358,17.97
5954,5853,358,25.34
7040,7039,358,8.11
6253,6152,358,12.01
7425,7424,359,40.15
7326,7325,359,40.44
7426,7325,359,26.75
6635,6634,359,28.4
7717,7716,359,17.27
8117,8116,359,15.46
8017,8016,359,15.88
8217,8216,359,14.04
7817,7816,359,13.75
9919,9918,359,12.66
6540,6539,359,10.18
9619,9618,359,9.6
7719,7618,359,22.5
6637,6536,359,11.8
7236,7235,359,13.98
7335,7234,359,7.99
6173,6072,359,9.19
6380,6379,360,67.13
5953,5952,360,32.03
6053,6052,360,17.33
6067,5966,360,12.05
7718,7617,360,12.1
7623,7622,360,36.62
8717,8716,360,13.36
6544,6443,360,12.16
7624,7523,360,26.58
7624,7723,360,26.58
6252,6251,360,12.65
8918,9017,360,10.97
9018,9017,360,14.06
7425,7324,361,35.9
7326,7225,361,36.18
7230,7229,361,7.26
7917,7916,361,15.9
8317,8316,361,15.67
6448,6347,361,16.17
6488,6387,361,25.65
7237,7136,361,13.49
7137,7136,361,11.69
6351,6350,361,11.33
7424,7423,362,33.69
7327,7226,362,36.6
6381,6280,362,44.2
7326,7226,362,20.7
8617,8616,362,15.18
5953,5852,362,35.13
5853,5852,362,32.42
9819,9818,362,10.2
6071,5970,362,19.27
6449,6348,362,14.69
6447,6346,362,16.63
6070,5969,362,23.17
6636,6535,362,20.77
7719,7619,362,15.07
7623,7522,362,34.6
6384,6283,362,26.34
6445,6344,362,17.69
7138,7037,362,13.14
8417,8416,362,15.32
6837,6936,362,4.9
6446,6345,362,17.23
6479,6378,362,15.67
7618,7517,363,43.88
6380,6279,363,45.96
5854,5753,363,37.09
7327,7227,363,20.55
8517,8516,363,15.25
9218,9217,363,9.08
8917,8916,363,11.32
6440,6439,363,6.76
6066,5965,363,19.99
6068,5967,363,23.03
5955,5856,363,13.4
5853,5753,363,21.29
5853,5752,363,34.24
6385,6284,363,27.02
6449,6349,363,9.43
5855,5754,363,43.93
6383,6282,363,25.23
6386,6285,363,27.02
6692,6591,363,18.42
6377,6276,363,17.55
5961,5860,363,14.15
8817,8916,363,8.37
7997,8098,363,1.33
6379,6278,364,45.78
6634,6633,364,18.57
7424,7323,364,35.95
6152,6151,364,17.04
8816,8815,364,15.23
6635,6534,364,20.69
7717,7616,364,17.62
6835,6834,364,11.6
6382,6281,364,22.33
6590,6489,364,25.12
7623,7722,364,19.51
9719,9718,364,5.22
6174,6073,364,25.81
7423,7422,365,33.51
7523,7422,365,35.35
7798,7698,365,13.52
9318,9317,365,10.64
7923,7822,365,13.03
6071,5971,365,8.59
5855,5755,365,15.9
6637,6537,365,8.13
6836,6935,365,7.78
7295,7296,365,2
7395,7296,365,2.33
7517,7516,366,36.37
7423,7322,366,35.7
6378,6277,366,45.94
7226,7125,366,37.89
8016,8015,366,14.91
8116,8115,366,15.39
7716,7715,366,15.63
8216,8215,366,15.87
6536,6435,366,24.71
7618,7518,366,15.95
7816,7815,366,16.3
9518,9517,366,11.45
7522,7521,366,32.84
9118,9117,366,4.35
6063,5964,366,8.05
7236,7135,366,13.44
9018,9117,366,8.74
7227,7126,367,38.05
7517,7416,367,40.17
6276,6175,367,40.64
5969,5968,367,20.37
7226,7126,367,20.01
6387,6286,367,26.94
5752,5751,367,31.21
5966,5865,367,21.62
9017,9016,367,15.28
6634,6533,367,21.44
6152,6051,367,18.89
8816,8715,367,16.31
5957,5857,367,9.32
7522,7421,367,34.8
5754,5653,367,44.11
7137,7036,367,13.17
7195,7095,367,5.17
6251,6250,367,15.97
8716,8715,367,14.91
6351,6250,367,12.63
5969,5868,368,25.89
5970,5869,368,28.25
5752,5652,368,21.62
5752,5651,368,32.68
7916,7915,368,15.07
6535,6434,368,27.18
7716,7615,368,16.85
9918,9917,368,11.51
9618,9617,368,11.35
8316,8315,368,15.67
7125,7124,369,35.94
6285,6184,369,27.02
7227,7127,369,19.94
7517,7417,369,18.83
6344,6343,369,15.67
5961,5861,369,5.41
6639,6538,369,7.73
7820,7721,369,7.08
8416,8415,369,15.28
6251,6150,369,17.31
8616,8615,369,15.25
6591,6490,369,26.97
8716,8615,369,15.89
7322,7321,370,32.25
7125,7024,370,39.41
7422,7321,370,34.23
8916,8915,370,16.26
5965,5864,370,22.26
6284,6183,370,23.06
7521,7520,370,31.79
6282,6181,370,20.57
5856,5756,370,15.68
6283,6182,370,18.98
7225,7224,370,11.7
6347,6246,370,15.84
7234,7133,370,13.64
7327,7228,370,12.38
9518,9417,370,12.81
7522,7621,370,19.44
7329,7228,370,10.78
5754,5654,370,15.71
8516,8515,370,15.55
7232,7131,370,7.08
6073,5972,370,26.9
7416,7415,371,29.93
7126,7025,371,39.57
7421,7420,371,31.99
7322,7222,371,21.34
7322,7221,371,34.02
6277,6176,371,31.19
7521,7420,371,33.42
6344,6243,371,16.91
6345,6244,371,17.29
6346,6245,371,16.8
9818,9817,371,11.25
5752,5851,371,20.11
9918,9817,371,12.9
8815,8814,371,15.64
8497,8498,371,1.3
6350,6249,371,15.29
7416,7316,372,21.83
7416,7315,372,31.11
7421,7320,372,33.68
7518,7418,372,19.96
5860,5859,372,12.13
6537,6436,372,23.22
6348,6247,372,15.16
7324,7223,372,13.28
6347,6247,372,9.29
7136,7035,372,13.33
5952,5951,372,8.45
6151,6050,372,18.27
6174,6074,372,6.6
7615,7614,372,31.76
7126,7026,373,19.17
6286,6185,373,26.9
8215,8214,373,15.67
7616,7515,373,15.81
9718,9717,373,11.36
6489,6388,373,17.22
6348,6248,373,9.38
6834,6833,373,11.36
5966,5866,373,7.94
5652,5552,373,21.48
5652,5551,373,33.41
6734,6733,373,6.51
7230,7129,373,10.02
8115,8114,373,15.17
7719,7620,373,7.55
8815,8714,373,16.86
9897,9797,373,3.84
8015,8014,373,15.04
7231,7130,373,9.81
7815,7814,373,15.59
7715,7714,373,15.35
7615,7515,373,21.49
7615,7514,373,33.38
5654,5553,374,45.49
7417,7317,374,21.33
5869,5768,374,24.16
9016,9015,374,16.61
5968,5867,374,22.54
6935,6934,374,11.79
5860,5759,374,13.85
6692,6592,374,4.86
7295,7196,374,2.73
7596,7597,374,1.13
5859,5858,375,36.79
7420,7419,375,32.14
7321,7220,375,34.02
9517,9516,375,11.69
7135,7134,375,12.01
7229,7128,375,10.11
6440,6339,375,8.01
9317,9316,375,10.19
8315,8314,375,15.81
7094,6994,375,4.31
7915,7914,375,14.97
5851,5850,375,29.93
8015,7914,375,16.06
7514,7513,376,37.78
7320,7319,376,33.07
5859,5758,376,46.12
6176,6075,376,30.13
7420,7319,376,33.87
6183,6082,376,25.55
8615,8614,376,16.35
8715,8614,376,17.28
5951,5950,376,32.09
5851,5750,376,31.1
8415,8414,376,15.72
7315,7314,376,27.31
7514,7413,377,43.88
7026,6925,377,38.46
7320,7219,377,35.11
7316,7216,377,21.4
7316,7215,377,33.75
7418,7318,377,21.35
5972,5871,377,22.77
6184,6083,377,18.93
8615,8514,377,17.87
9617,9616,377,12.22
9517,9416,377,13.16
7135,7034,377,13.66
9017,9116,377,8.39
7618,7519,377,8.14
6441,6340,377,7.62
6442,6341,377,7.44
7233,7132,377,6.85
8497,8598,377,1.27
6250,6149,377,15.24
7315,7215,377,21.9
8515,8514,377,16.08
5553,5452,378,45.91
5759,5658,378,43.25
7614,7613,378,16.86
5654,5554,378,13.87
7124,7123,378,11.62
6490,6389,378,15.84
6439,6438,378,6.71
6539,6438,378,7.97
7798,7799,378,4.74
5963,5862,378,7.73
6074,5973,378,27.99
9317,9216,378,11.01
5651,5650,378,10.66
7415,7414,378,14.86
7315,7214,378,28.02
5858,5757,379,41.82
7317,7217,379,21.54
5768,5767,379,20.24
7026,6926,379,19.75
6388,6287,379,26.8
5857,5757,379,8.5
6537,6437,379,7.46
7798,7699,379,6.56
6246,6145,379,16.62
8915,8914,379,11.29
6892,6793,379,1.69
7413,7412,380,37.74
6925,6924,380,36.38
7513,7512,380,30.81
5758,5657,380,44.32
9015,9014,380,16.81
5768,5667,380,25.43
8014,8013,380,15.92
7714,7713,380,15.87
7814,7813,380,15.69
9817,9816,380,12.38
6245,6144,380,16.69
7124,7023,380,13.07
5861,5760,380,13.99
6592,6491,380,23.7
5970,5870,380,5.66
6443,6342,380,7.08
6633,6632,380,6.5
8214,8213,380,15.71
8114,8113,380,15.78
6340,6239,381,45.88
7413,7312,381,45.14
6925,6824,381,40.18
7219,7218,381,32.82
7216,7115,381,39.71
7319,7218,381,34.7
5867,5766,381,23.29
5759,5659,381,16.56
6185,6084,381,20.14
6244,6143,381,15.51
9817,9716,381,14.26
5756,5655,381,13.35
9917,9916,381,7.7
7126,7027,381,10.79
7133,7032,381,13.25
5452,5451,381,36.73
6439,6338,381,8.28
6246,6146,381,9.16
5754,5655,381,7.98
5651,5550,381,11.63
6633,6532,381,8.41
7215,7114,381,37.91
5554,5453,382,41.94
5658,5557,382,45.99
7414,7313,382,42.34
5862,5761,382,42.08
7219,7119,382,21.15
7219,7118,382,34.76
7914,7913,382,15.98
5553,5453,382,12.99
8014,7913,382,17.25
6249,6148,382,14
5869,5769,382,7.16
5871,5770,382,28.86
5452,5351,382,46.13
8814,8813,382,9.75
8797,8798,382,1.21
8697,8698,382,1.27
8314,8313,382,16.03
6150,6049,382,11.75
5657,5656,383,33.49
7023,7022,383,36.54
6924,6923,383,37.05
7217,7116,383,36.39
7699,7598,383,44.71
6925,6825,383,18.82
7216,7116,383,19.09
7513,7612,383,20.23
6248,6147,383,14.69
6247,6147,383,9.32
7221,7120,383,12.59
7222,7121,383,12.36
8614,8613,383,15.95
8414,8413,383,16.06
7312,7311,384,36.25
6824,6823,384,35.21
7114,7113,384,36.38
5657,5556,384,45.48
7023,6922,384,40.49
6924,6823,384,41.54
7217,7117,384,20.62
6389,6288,384,24.15
5554,5454,384,17.64
5862,5762,384,17.54
7123,7122,384,16.81
7223,7122,384,12.69
5972,5872,384,7.6
8714,8713,384,9.63
8814,8713,384,11.65
5451,5450,384,37.62
8514,8513,384,15.75
6239,6138,385,44.4
6239,6238,385,31.58
7312,7211,385,39.96
6824,6723,385,46.1
7114,7013,385,40.18
5667,5666,385,20.22
6287,6186,385,27.01
6438,6337,385,23.37
7214,7213,385,14.53
6340,6240,385,13.07
7314,7213,385,16.3
5850,5849,385,10.42
9016,9115,385,7.93
6534,6433,385,6.82
7131,7030,385,9.73
5451,5350,385,43.11
5351,5350,385,36.45
6050,5949,385,11.73
7115,7014,385,43.73
5557,5456,386,46.13
7119,7018,386,38.88
7313,7212,386,46.21
7118,7017,386,41.26
5667,5566,386,25.35
8914,8913,386,16.2
5658,5558,386,12.76
7034,7033,386,11.76
7134,7033,386,13.57
5769,5668,386,45.44
7026,6927,386,11.4
8113,8112,386,16.69
5865,5764,386,7.63
5770,5669,386,43.56
7798,7899,386,4.63
5351,5250,386,46.19
8497,8398,386,1.84
6491,6390,386,26.07
6922,6921,387,37.83
7120,7019,387,38.42
6825,6724,387,45.22
6923,6822,387,43.96
7116,7015,387,43.86
6084,5983,387,25.5
7713,7712,387,15.81
7512,7511,387,14.69
7412,7411,387,14.75
8013,8012,387,16.6
7813,7812,387,15.62
9516,9515,387,8.59
5750,5749,387,9.97
9014,9013,387,16.29
5850,5749,387,11.81
7095,6995,387,5.13
5964,5863,387,6.91
5452,5352,387,12.22
8213,8212,387,16.42
9196,9297,387,0.94
5350,5349,388,36.52
7013,7012,388,37.34
7117,7016,388,42.44
6922,6821,388,44.56
6823,6722,388,43.53
8713,8712,388,31.5
5450,5449,388,32.33
8013,7912,388,18.22
6145,6044,388,15.99
7034,6933,388,13.27
9516,9415,388,11.01
5650,5649,388,10.63
6243,6242,388,6.1
9216,9215,388,10.56
6149,6048,388,13.43
5456,5455,389,35.7
5250,5249,389,37.67
5350,5249,389,40.46
7014,6913,389,40.93
6240,6139,389,46.2
7013,6912,389,45.81
8713,8612,389,33.05
7120,7020,389,19.77
7022,7021,389,17.13
8313,8312,389,16.06
6733,6732,389,6.54
9496,9497,389,1.06
6921,6920,390,37.77
5456,5355,390,46.18
7018,6917,390,44.04
5250,5149,390,45.34
5558,5457,390,41.86
7212,7111,390,46.07
7017,6916,390,42.67
7311,7310,390,16.93
6288,6187,390,26.94
6825,6725,390,14.32
7612,7611,390,15.53
8413,8412,390,15.66
5761,5660,390,20.01
6146,6045,390,16.38
9916,9915,390,12.32
6145,6045,390,9.27
9616,9615,390,7.8
8112,8111,390,32.96
6074,5974,390,5.77
6833,6832,390,6.24
6792,6693,390,2.04
6533,6432,390,6.39
5973,5873,390,8.43
7496,7497,390,1.14
7019,6918,391,43.18
6921,6820,391,45
5983,5882,391,41.95
5983,5982,391,28.35
5764,5763,391,20.13
6186,6085,391,26.47
5666,5565,391,23.83
5666,5665,391,19.69
7014,6914,391,18.35
8513,8512,391,15.35
8813,8812,391,11.52
7211,7210,391,16.69
9916,9815,391,14.15
6144,6043,391,13.91
7699,7599,391,8.48
6926,6826,391,8.79
6925,6826,391,10.45
5550,5549,391,10.06
5650,5549,391,11.62
5654,5555,391,6.78
5352,5251,391,44.75
6822,6721,391,44.53
8112,8011,391,34.95
6821,6820,391,35.94
6433,6332,391,26.96
5351,5251,391,11.85
7015,6914,391,40.49
9596,9597,391,1.09
5249,5248,392,34.04
7912,7911,392,28.65
7012,6911,392,37.97
8712,8711,392,31.32
5349,5348,392,31.95
5558,5458,392,17.7
5764,5663,392,25.04
5566,5465,392,24.31
7113,7112,392,13.75
6146,6046,392,9.21
5866,5765,392,7.8
6722,6621,392,40.1
7016,6915,392,40.33
6435,6334,392,5.46
6821,6720,392,46.2
6049,5948,392,14.25
5669,5568,392,25.95
9696,9697,392,1.14
6920,6919,393,37.65
5149,5148,393,36.4
5249,5148,393,36.45
6913,6812,393,42.77
6912,6811,393,42.98
8612,8611,393,31.72
7912,7811,393,29.57
7012,7011,393,24.25
8712,8611,393,32.82
6148,6047,393,13.98
7211,7110,393,18.35
7111,7110,393,35.94
8913,8912,393,16.35
9015,9114,393,7.85
7129,7028,393,7.19
6243,6142,393,6.59
6436,6335,393,6.88
6277,6177,393,3.76
6920,6819,394,43.22
5457,5356,394,42.84
5660,5559,394,39.16
7210,7209,394,36.86
6917,6816,394,40.03
5149,5048,394,40.23
8612,8511,394,33.33
9013,9012,394,16.26
7712,7711,394,15.73
7511,7510,394,14.79
9515,9514,394,16.62
5250,5150,394,14.13
6240,6140,394,11.17
5761,5661,394,8.4
5659,5559,394,8.14
7111,7010,394,39.4
8212,8211,394,16.45
7130,7029,394,7.06
6176,6076,394,4.54
6725,6624,394,41.79
5352,5252,394,14.96
8112,8211,394,19.38
6820,6819,394,37.83
6916,6815,394,37.05
6721,6620,395,43.45
6914,6813,395,37.61
6918,6817,395,41.52
7210,7109,395,46.09
6913,6813,395,16.98
9215,9214,395,16.47
9415,9414,395,16.35
7411,7410,395,14.26
9515,9414,395,18.25
5454,5353,395,13.07
6390,6289,395,16.51
9816,9715,395,9.74
5667,5567,395,6.76
9316,9315,395,5.18
6820,6719,395,44.48
6993,6894,395,1.69
5248,5247,396,30.52
6621,6520,396,42.28
6915,6814,396,35.54
5348,5347,396,30.61
6914,6814,396,20.14
5457,5357,396,16.92
5660,5560,396,19.39
6187,6086,396,26.97
5149,5049,396,18.79
8712,8811,396,20.07
5349,5448,396,19.83
9415,9314,396,17.86
7911,7910,396,28.72
8312,8311,396,16.06
6632,6631,396,6.48
5770,5670,396,7.63
5871,5771,396,5.38
6281,6180,396,4.51
9997,9998,396,1.56
8611,8610,397,31.77
6811,6710,397,38.4
6812,6711,397,44.18
5148,5147,397,32.58
6919,6818,397,41.97
5248,5147,397,31.82
6085,5984,397,24
5565,5464,397,23.98
5565,5564,397,19.75
7110,7009,397,46.02
6918,6818,397,17.94
8111,8110,397,16.56
8412,8411,397,15.8
7611,7610,397,15.37
6332,6231,397,26.53
6332,6331,397,17.2
7911,7810,397,29.65
7011,6910,397,42.46
5849,5848,397,9.03
6437,6336,397,8.17
6911,6810,397,35.02
6911,6910,397,21.66
6632,6531,397,8.42
6819,6818,397,37.64
7109,7108,398,35.41
6719,6718,398,37.59
5356,5255,398,43.6
6140,6039,398,44.8
6815,6714,398,37.78
8511,8510,398,33.02
7209,7208,398,31.95
8611,8510,398,33.39
5148,5047,398,34.45
5465,5364,398,24.26
5882,5781,398,22.57
6826,6726,398,15.3
8111,8010,398,18.16
7310,7309,398,14.24
5455,5354,398,16.01
6927,6827,398,8.8
5749,5748,398,9.53
6338,6237,398,8.42
5849,5748,398,11.29
9014,9113,398,8.05
8011,8010,398,16.05
6592,6492,398,4.3
6819,6718,398,43.18
6280,6179,398,3.99
7033,6932,398,12.84
7132,7031,398,6.8
7032,7031,398,6.14
7109,7008,399,46.14
6719,6618,399,43
7010,6909,399,35.11
6815,6715,399,20.06
8511,8410,399,35.04
8711,8710,399,15.98
6720,6619,399,22.16
5348,5447,399,20.29
5765,5664,399,23.26
5882,5881,399,12.79
9615,9614,399,11.61
6044,5944,399,9.48
6342,6241,399,7.58
6076,5975,399,30.1
6624,6623,399,20.66
6048,5947,399,13.83
5252,5152,399,21.28
5252,5151,399,34.26
6279,6178,399,3.97
6817,6716,399,40.68
6710,6709,400,37.53
6814,6713,400,35.94
5049,4948,400,41.36
5670,5569,400,44.49
5247,5246,400,31.26
6520,6419,400,44.43
6520,6519,400,31.64
9012,9011,400,17.03
5661,5561,400,17.92
6043,6042,400,12.4
6044,5943,400,12.62
5347,5346,400,30.43
6810,6809,400,37.78
8912,8911,400,15.84
5749,5648,400,11.55
5649,5648,400,9.01
7910,7909,400,29.95
6624,6523,400,28.19
6434,6333,400,4.52
7195,7096,400,2.57
6711,6610,401,40.14
6710,6609,401,45.59
7009,6908,401,41.94
5147,5146,401,33.12
5247,5146,401,32.74
5567,5466,401,25.81
6289,6188,401,26.57
5356,5256,401,16.23
9514,9513,401,15.77
7711,7710,401,15.62
7510,7509,401,15.24
6142,6141,401,14.19
6718,6717,401,37.14
7599,7498,401,15.5
5558,5459,401,9.47
5566,5466,401,7.1
5255,5254,401,37.44
5649,5548,401,11.28
7910,7809,401,31.13
8211,8210,401,16.6
6045,5945,401,9.36
6818,6717,401,41.27
6817,6717,401,18.51
7008,7007,402,37.71
6618,6617,402,36.92
8410,8409,402,34.07
8010,8009,402,30.49
7108,7107,402,28.47
8510,8509,402,31.5
6714,6613,402,40.44
6726,6625,402,42.19
5147,5046,402,35.18
5049,4949,402,18.06
9414,9413,402,16.1
6813,6712,402,21.29
9214,9213,402,16.1
7410,7409,402,14.88
7209,7308,402,19.83
6718,6617,402,41.76
5983,5883,402,6.76
5255,5154,402,42.52
6623,6622,402,34.43
9997,9898,402,2.18
7496,7397,402,1.62
6519,6518,403,36.43
7008,6907,403,45.22
6618,6517,403,41.26
8410,8309,403,36.5
6909,6808,403,46.19
6619,6518,403,43.64
5781,5680,403,30.13
6086,5985,403,20.97
9314,9313,403,16.02
5246,5245,403,33.62
6809,6808,403,37.42
5150,5050,403,11.54
6142,6041,403,14.96
8811,8810,403,15.69
9815,9814,403,8.57
6043,5942,403,12.8
9915,9914,403,8.28
5347,5446,403,20.34
6238,6137,403,8.06
6532,6431,403,6.69
6623,6522,403,45.87
6082,5981,403,5.42
6047,5946,403,15.25
5151,5050,403,45.89
7032,6931,403,6.65
6713,6612,404,44.11
6519,6418,404,46.19
8911,8910,404,32.95
5881,5780,404,29.84
8410,8310,404,20.58
6714,6614,404,18.66
5781,5780,404,18.81
7610,7609,404,15.62
8610,8609,404,15.96
5254,5253,404,37.16
6609,6608,404,36.1
6709,6708,404,30.96
6178,6077,404,29.37
5246,5145,404,35.86
6809,6708,404,42.47
5346,5345,404,32.33
6523,6422,404,42.74
9815,9714,404,11
5146,5145,404,33.9
5152,5052,404,21.79
5152,5051,404,31.52
5255,5155,404,17.19
6337,6236,404,7.66
5975,5874,404,30
5252,5253,404,10.65
6492,6391,404,27.02
5569,5468,404,43.85
9496,9397,404,1.51
5154,5153,405,37.32
6610,6509,405,42.72
6908,6807,405,45.74
5881,5880,405,18.26
8010,8109,405,20.33
7108,7207,405,20.76
7208,7207,405,14.44
9113,9112,405,15.96
6331,6230,405,19.07
5254,5153,405,45.95
6609,6508,405,39.67
5146,5045,405,36.25
5046,5045,405,34.24
9013,9112,405,8.06
6732,6731,405,6.46
6717,6616,405,41
5252,5153,405,13.55
5948,5847,405,11.09
6522,6521,406,37.39
6907,6906,406,34.59
6622,6521,406,45.72
6712,6611,406,45.86
6613,6512,406,44.2
8409,8408,406,32.29
5154,5053,406,45.83
9011,9010,406,17.1
6333,6232,406,25.31
6419,6318,406,26.54
9614,9613,406,15.94
8710,8709,406,16.55
5446,5445,406,34.86
6140,6040,406,8.57
6832,6831,406,6.32
5457,5358,406,8.85
7810,7709,406,17.3
5046,4945,406,36.75
6995,6895,406,5.41
6390,6290,406,5.09
7030,6929,406,6.85
9097,9098,406,1.23
6608,6607,407,36.01
6522,6421,407,45.76
6907,6806,407,37.25
5245,5244,407,32.44
8409,8308,407,34.06
6708,6707,407,36.7
5466,5365,407,24.93
6808,6707,407,46.06
5256,5156,407,19.69
6716,6615,407,18.98
7909,7908,407,15.24
6331,6330,407,10.66
6188,6087,407,27.04
5465,5365,407,7.12
5046,4946,407,20.49
8797,8898,407,1.19
6614,6513,408,42.66
8310,8209,408,37.08
6608,6507,408,39.52
5680,5579,408,29.86
5883,5782,408,25.86
5245,5144,408,34.26
6508,6507,408,35.94
5345,5344,408,33.22
7509,7508,408,15.63
9513,9512,408,15.83
5155,5054,408,39.62
5145,5144,408,31.4
5048,4947,408,10.69
5661,5662,408,7.17
7029,6928,408,10.37
7809,7808,408,15.23
6082,6081,408,3.16
5051,4950,408,45.42
6807,6706,409,39.15
6509,6408,409,41.49
5052,4952,409,20.98
5052,4951,409,35.35
5468,5467,409,20.64
6077,5976,409,30.19
5780,5679,409,30.23
5985,5884,409,24.89
5680,5679,409,18.29
5045,5044,409,31.99
7007,7006,409,15.17
7308,7307,409,14.95
8509,8508,409,16.26
7409,7408,409,15.41
7107,7106,409,15.27
9413,9412,409,16.12
6508,6407,409,46.2
9213,9212,409,15.97
6422,6321,409,28.46
5145,5044,409,32.93
8810,8809,409,16.71
5670,5570,409,8.3
6520,6420,409,8.25
5661,5562,409,9.66
6517,6516,409,18.15
6607,6606,410,33.97
5358,5257,410,40.33
6906,6905,410,28.34
6611,6510,410,38.99
6230,6129,410,31.39
5880,5779,410,30.02
6614,6514,410,17.07
5468,5367,410,27.52
6418,6317,410,24.44
6418,6417,410,19.92
5780,5779,410,19.33
5445,5444,410,33.3
9313,9312,410,16.24
6518,6417,410,21.86
5045,4944,410,33.67
5942,5941,410,14.94
5981,5980,410,16.1
5944,5844,410,9.48
5944,5843,410,13.79
8910,8909,410,17.03
5155,5055,410,19.15
6827,6727,410,8.38
6517,6416,410,20.69
6826,6727,410,7.7
7809,7708,410,16.31
5244,5243,411,29.7
6607,6506,411,45.69
6806,6805,411,29.45
6906,6805,411,29.21
6230,6229,411,18.79
6421,6320,411,40.98
5880,5879,411,18.58
9112,9111,411,17.47
8609,8608,411,16.57
7609,7608,411,15.6
8309,8208,411,18.53
5943,5842,411,13.62
5446,5545,411,18.23
5748,5747,411,7.78
7599,7499,411,5.22
5848,5747,411,10.87
6706,6705,412,37.83
6507,6406,412,35.43
5344,5343,412,30.78
4950,4849,412,46.17
5244,5143,412,30.83
5156,5056,412,20.55
6806,6705,412,30.53
6318,6217,412,27.39
9010,9009,412,16.8
6290,6189,412,25.24
6512,6511,412,18.38
8709,8708,412,16.86
5358,5258,412,18.73
7207,7206,412,15.17
6407,6406,412,33.86
5942,5841,412,15.93
5144,5143,412,29.7
5446,5546,412,11.15
5748,5647,412,10.44
6631,6630,412,6.51
5947,5846,412,11.6
8009,8008,412,10.46
5945,5845,412,9.47
6624,6524,412,5.69
9097,8998,412,1.74
5367,5366,413,34.92
5941,5940,413,34.61
6706,6605,413,44.38
7006,7005,413,27.73
4952,4851,413,38.11
5782,5681,413,29.82
5579,5578,413,20.48
6615,6515,413,19.8
6512,6411,413,21.1
9613,9612,413,15.6
6906,7005,413,20.77
8408,8407,413,16.32
6407,6306,413,45.64
9814,9813,413,10.24
5144,5043,413,30.83
5044,5043,413,32.95
6726,6626,413,6.87
6408,6307,413,36.12
6631,6530,413,8.41
6616,6515,413,18.94
6692,6593,413,2.31
5569,5469,413,7.81
4951,4850,413,44.83
6506,6505,414,37.35
6229,6228,414,34.92
5243,5242,414,34.72
6129,6028,414,43.56
6129,6128,414,30.37
5367,5266,414,46.02
5941,5840,414,45.93
6606,6505,414,44.9
6510,6409,414,39.13
5579,5478,414,26.37
8308,8307,414,16.12
6087,5986,414,23.57
8408,8307,414,17.82
9714,9713,414,10.4
5445,5544,414,19.21
5444,5443,414,30.79
9914,9913,414,9.8
5055,4954,414,42.13
5548,5547,414,7.71
5256,5157,414,11.33
4948,4847,414,10.33
5648,5547,414,10.16
5044,4943,414,34.94
5771,5671,414,5.84
5976,5875,414,30.1
6523,6423,414,7.15
7908,7907,414,16
9009,9008,415,33.63
6705,6704,415,34.37
6506,6405,415,45.79
5243,5142,415,37.46
6805,6804,415,31.35
6406,6405,415,35.1
5842,5741,415,43.34
5779,5678,415,30.13
7499,7398,415,45.95
6420,6319,415,27.27
5679,5678,415,18.7
5143,5142,415,35.59
8809,8808,415,17.27
4952,4852,415,19.92
6513,6412,415,21.14
9212,9211,415,17.39
7508,7507,415,15.34
6330,6329,415,12.59
9512,9511,415,16.36
5052,4953,415,13.01
7808,7807,415,15.25
5874,5773,415,13.8
6531,6430,415,7.95
6927,6828,415,4.93
7030,6930,415,3.43
6605,6604,416,35.72
6411,6410,416,36.32
9009,8908,416,35.88
6705,6604,416,36.92
6406,6305,416,38.02
6320,6219,416,30.19
5779,5778,416,18.83
6317,6216,416,24.16
6317,6316,416,19.82
5980,5979,416,18.32
8508,8507,416,16.63
5879,5778,416,30.03
5343,5342,416,32.1
5884,5783,416,22.51
7006,7105,416,20.85
7106,7105,416,14.99
5143,5042,416,38.82
7307,7306,416,14.79
8209,8108,416,18.55
8308,8207,416,17.53
7408,7407,416,15.23
9312,9311,416,16.96
9412,9411,416,16.55
9512,9411,416,17.87
5043,5042,416,34.03
5055,4955,416,17.49
6416,6415,416,18.17
8909,8908,416,17.08
8109,8108,416,9.6
4943,4942,417,33.72
5242,5241,417,37.82
6128,6127,417,37.71
6605,6504,417,46.18
4850,4749,417,46.17
6411,6310,417,46.2
7005,7004,417,29.92
5940,5839,417,41.28
5940,5939,417,27.58
8608,8607,417,16.98
9111,9110,417,17.44
6905,6904,417,16.31
6514,6413,417,20.69
5879,5878,417,18.59
6028,6027,417,37.48
5043,4942,417,36.44
5444,5543,417,20.24
6416,6315,417,20.72
7808,7707,417,16.34
5443,5442,417,33.93
7708,7707,417,14.83
6138,6037,417,4.53
7699,7600,417,3.82
7699,7700,417,2.71
4851,4750,417,43.33
5142,5141,418,37.75
6405,6404,418,37.64
5840,5739,418,44.52
4943,4842,418,36
6409,6308,418,41.4
4954,4853,418,43.23
5242,5141,418,44.3
6228,6227,418,31.27
6505,6404,418,44.49
5681,5580,418,29.36
8708,8707,418,17.16
6217,6116,418,25.54
5842,5742,418,16.48
6028,5927,418,42.65
6895,6794,418,12.33
5847,5746,418,11.38
7608,7607,418,14.87
6189,6088,418,27.01
5561,5460,418,8.17
5464,5363,418,6.85
6604,6603,419,37.44
5142,5041,419,43.65
6704,6703,419,31.85
6405,6304,419,43.2
6804,6803,419,28.34
4943,4843,419,20.77
8407,8406,419,16.69
5366,5265,419,24.92
5042,5041,419,36.18
7206,7205,419,14.76
8208,8107,419,17.76
8008,8007,419,16.55
5156,5057,419,12.38
6305,6304,419,36.79
5358,5359,419,7.76
4945,4844,419,10.91
5342,5341,419,37.49
4949,4848,419,8.69
5364,5263,419,6.99
5564,5463,419,6.64
6178,6078,419,5.12
6139,6038,419,4.85
5469,5368,419,27.22
6127,6126,420,36.39
6504,6503,420,33.64
4749,4748,420,37.51
6604,6503,420,42.52
4955,4854,420,40.22
6410,6309,420,45.21
6329,6328,420,24.24
6319,6218,420,29.65
5678,5577,420,28.47
5678,5677,420,20.64
5478,5477,420,19.01
6307,6206,420,22.06
9612,9611,420,16.1
7005,7104,420,20.48
9009,9108,420,19.03
5442,5441,420,37.18
5042,4941,420,39.82
5841,5740,420,19.37
5367,5267,420,10.34
4942,4941,420,35.01
5241,5240,420,37.79
6028,5928,420,17.08
6305,6204,420,41
5358,5259,420,10.36
5986,5885,420,26.97
6027,6026,420,35.68
6237,6136,420,6.47
5773,5672,420,30.23
4851,4751,420,16.49
6404,6403,421,62.79
5927,5926,421,42.5
5141,5140,421,54.52
6227,6226,421,59.38
4750,4649,421,25.48
5839,5738,421,22.61
5839,5838,421,62.18
7004,7003,421,25.98
6504,6403,421,25.77
4749,4648,421,32.19
5878,5877,421,53.24
5979,5978,421,52.76
6216,6215,421,26.36
6037,6036,421,62.15
5778,5777,421,50.94
7907,7906,421,16.53
8307,8306,421,15.89
9713,9712,421,16.17
5478,5377,421,16.01
8407,8306,421,14
9009,9109,421,14.25
9211,9210,421,18.88
5844,5744,421,8.06
5843,5743,421,8.03
8808,8807,421,18.68
4942,4841,421,32.23
5241,5140,421,30.1
4946,4845,421,5.56
6731,6730,421,8.74
6027,5926,421,32.52
6306,6205,421,11.74
5564,5563,421,12.05
6515,6414,421,15.02
5773,5772,421,51.5
6603,6602,422,38.31
6703,6702,422,34.05
5041,5040,422,51.87
4853,4752,422,27.64
5141,5040,422,30.12
5939,5938,422,31.6
9311,9310,422,18.94
8507,8506,422,18.07
6037,5936,422,15.3
4955,4855,422,16.43
4941,4940,422,50.44
9511,9510,422,17.05
6430,6429,422,23.81
7807,7806,422,15.93
6219,6118,422,13.08
9008,9007,422,17.05
6804,6903,422,21.18
6304,6303,422,52.06
7499,7399,422,7.24
6026,6025,422,50.27
8908,8907,422,17.83
6831,6830,422,8.04
5875,5774,422,14.86
6126,6125,422,50.65
5240,5239,422,53.64
5443,5542,422,22.27
5341,5340,422,50.15
5877,5876,423,51.91
5978,5977,423,52.83
4748,4747,423,42.27
6503,6502,423,46.6
6403,6402,423,59.49
6803,6802,423,32.25
5927,5826,423,32.33
6116,6115,423,24.03
8607,8606,423,18.64
8207,8206,423,15.31
7306,7305,423,14.22
8307,8206,423,13.47
5926,5925,423,50.1
5783,5682,423,11.83
5140,5139,423,55.8
6411,6311,423,8.53
9813,9812,423,13.6
7507,7506,423,12.42
6315,6314,423,22.41
6422,6322,423,3.96
5647,5646,423,13.67
6412,6311,423,15.71
5040,5039,424,58.33
5938,5937,424,61.89
9210,9209,424,36.51
4648,4647,424,40.69
5377,5376,424,38.51
5777,5776,424,37.27
6226,6225,424,46.81
5738,5737,424,48.21
4841,4840,424,47.13
4940,4939,424,58.41
5577,5576,424,29.58
5477,5476,424,31.32
5936,5935,424,52.52
5927,5827,424,15.52
8707,8706,424,18.36
7004,7103,424,22.38
9511,9410,424,13.99
5741,5640,424,15.55
7398,7297,424,11.94
6303,6302,424,63.11
4847,4846,424,13.67
6304,6203,424,31.26
7407,7406,424,13.28
5846,5745,424,12.12
5239,5238,424,61.29
9913,9912,424,13.3
6204,6203,424,30.69
5845,5745,424,8.08
7707,7706,424,14.91
5542,5541,424,50.49
7095,6996,424,2.04
6125,6124,425,40.28
6025,6024,425,46.93
9310,9309,425,37.45
6602,6601,425,37.83
7003,7002,425,28.66
6118,6117,425,43.63
4854,4753,425,32.5
4751,4650,425,32.52
5925,5924,425,50.07
8406,8405,425,18.32
6310,6209,425,15.97
6129,6029,425,5.16
5579,5479,425,5.17
6081,6080,425,12.08
6895,6795,425,4.33
5139,5138,425,59.19
5340,5339,425,45.91
6203,6202,426,60.21
4939,4938,426,60.3
6402,6401,426,40.88
5826,5825,426,49.85
6502,6501,426,39.41
6429,6428,426,27.55
6903,6902,426,30.25
6302,6301,426,52.24
6702,6701,426,32.38
4648,4547,426,32
6215,6214,426,23.65
4649,4548,426,32.18
5838,5837,426,20.74
5738,5637,426,32.29
4841,4740,426,32.43
6328,6327,426,17.41
6309,6208,426,26.25
6803,6902,426,23.29
8107,8106,426,15.9
7205,7204,426,15.05
5460,5360,426,13.44
5039,5038,426,60.2
4840,4839,426,57.31
8207,8106,426,13.18
5926,5825,426,31.89
5238,5237,426,63.18
8007,8006,426,16.58
5055,4956,426,9.24
5570,5470,426,5.03
6315,6214,426,15.58
6630,6629,426,12.18
6391,6291,426,3.66
7607,7606,426,13.51
6204,6104,426,19.52
6204,6103,426,27.81
5441,5440,426,17.57
6413,6312,426,15.44
5640,5639,426,57.37
7898,7999,426,1.96
5138,5137,427,60.93
5339,5338,427,52.52
5476,5475,427,36.89
5737,5736,427,45.73
5376,5375,427,44.1
6802,6801,427,28.02
6115,6114,427,25.91
4855,4754,427,30.05
8306,8305,427,17.17
9611,9610,427,16.46
5936,5835,427,31.08
4854,4754,427,14.7
9108,9107,427,15.64
4751,4651,427,14.3
5935,5934,427,46.23
5739,5638,427,15.86
6116,6015,427,15.83
5875,5775,427,7.19
6333,6233,427,2.88
8807,8806,427,17.58
5545,5644,427,10.07
4740,4739,428,56.07
6024,6023,428,37.92
6080,6079,428,34.66
4938,4937,428,61.09
5576,5575,428,32.9
7103,7102,428,26.72
6311,6210,428,28.95
5826,5725,428,31.96
6202,6201,428,61.33
8506,8505,428,18.56
4855,4755,428,18.38
7806,7805,428,16.79
9510,9509,428,17.22
4839,4838,428,60.32
7003,7102,428,22.97
5677,5676,428,12.76
5925,5824,428,31.9
9712,9711,428,16.14
5265,5264,428,12.31
9109,9208,428,23.17
5363,5362,428,11.85
5924,5923,428,43.47
7906,7905,428,15.58
5742,5641,428,14.43
5237,5236,428,63.2
6088,5987,428,12.12
5825,5824,428,50.27
5038,5037,428,60.17
9898,9798,428,3.09
5545,5645,428,7.05
8398,8298,428,1.88
6314,6313,428,21.9
9897,9798,428,1.38
5736,5735,429,51.99
5375,5374,429,52.97
5338,5337,429,61.93
5440,5439,429,43.65
5837,5836,429,45.15
7002,7001,429,32.92
5827,5726,429,29
5541,5540,429,20.12
5737,5636,429,32.51
8606,8605,429,18.02
8907,8906,429,16.34
6125,6224,429,22.19
9310,9409,429,22.85
6226,6325,429,19.72
4649,4549,429,12.65
4841,4741,429,13.45
5267,5166,429,16.1
5463,5462,429,11.87
5263,5262,429,12
5935,5834,429,32.5
6308,6207,429,11.97
6828,6728,429,6.63
5137,5136,429,60.15
6492,6392,429,2.51
4739,4738,430,59.43
5037,5036,430,59.26
5475,5474,430,38.14
6428,6427,430,31.77
6902,6901,430,30.45
6209,6108,430,31.26
4838,4837,430,60.36
7002,6901,430,29.06
6203,6102,430,25.51
7103,7203,430,17.78
6802,6901,430,22.86
8206,8205,430,15.89
9007,9006,430,13.97
5236,5235,430,63.04
5672,5571,430,14.78
8706,8705,430,17.22
5924,5823,430,32.44
5575,5574,430,52.14
4955,4856,430,10.41
6036,6035,430,11.22
4937,4936,430,59.46
5478,5378,430,5.88
6103,6102,430,31.68
6204,6105,430,14.4
5544,5643,430,9.94
7706,7705,430,16.87
5640,5539,430,28.22
5337,5336,431,63.2
5374,5373,431,63.03
5725,5724,431,47.3
6015,6014,431,30.87
4740,4639,431,29.17
4548,4447,431,31.98
4753,4652,431,27.62
9309,9308,431,16.91
8405,8404,431,18.12
7103,7202,431,22.57
7305,7304,431,14.22
4747,4746,431,13.66
9812,9811,431,13.71
5377,5276,431,15.28
5928,5828,431,9.11
5136,5135,431,57.12
6136,6135,431,9.64
6227,6326,431,12.18
5742,5642,431,7.47
7306,7405,431,10.15
5825,5724,431,31.85
6103,6002,431,28.38
7506,7505,431,13.34
6730,6729,431,10.17
7699,7800,431,3.08
6114,6113,431,27.81
6214,6213,431,24.39
5539,5538,432,52.44
4837,4836,432,58.57
5439,5438,432,42.77
6325,6324,432,34.46
5676,5675,432,28.98
5736,5635,432,31.29
4754,4653,432,32.44
4651,4550,432,32.18
4738,4737,432,58.57
5470,5369,432,25.14
6024,6123,432,22.76
7002,7101,432,23.29
7102,7101,432,29.08
4647,4646,432,13.65
6202,6101,432,24.04
5235,5234,432,59.83
9912,9911,432,13.51
5036,5035,432,53.2
6118,6017,432,14.46
4936,4935,432,52.27
5935,6034,432,19.98
6103,6003,432,19.3
6102,6101,432,60.87
5735,5734,432,49.26
4639,4638,433,58.53
5336,5335,433,63.2
6427,6426,433,41.76
9409,9408,433,32.74
5135,5134,433,50.35
5725,5624,433,32.41
5474,5473,433,40.15
8305,8304,433,17.67
9610,9609,433,17.36
8006,8005,433,15.32
8106,8105,433,15.96
4755,4654,433,30.95
4548,4448,433,16.32
5373,5372,433,62.81
5574,5573,433,47.12
5824,5723,433,32.45
5885,5784,433,11.32
6224,6223,433,28.74
7606,7605,433,15.5
5258,5158,433,4.42
6028,5929,433,7.03
5934,5933,433,19.2
4737,4736,434,57.75
4935,4934,434,51.05
5538,5537,434,51.29
4447,4446,434,38.49
5276,5275,434,46.4
5726,5625,434,32.27
9509,9508,434,17.45
5823,5822,434,29.71
4741,4640,434,32.45
4651,4551,434,15.92
4547,4546,434,13.66
4755,4655,434,17.65
6209,6109,434,11.14
6117,6016,434,16.08
4855,4756,434,12.57
4836,4835,434,51.36
8505,8504,434,17.65
9611,9710,434,10.18
9108,9207,434,10.19
5460,5461,434,6.4
9711,9710,434,16.87
6116,6016,434,6.23
5234,5233,434,54.33
6290,6190,434,3.07
5774,5673,434,11.91
8806,8805,434,16.08
6830,6829,434,8.44
5735,5634,434,32.1
9097,9198,434,1.28
4638,4637,435,56.61
5438,5437,435,40.35
5675,5674,435,42.64
6113,6112,435,27.55
5734,5733,435,35.37
6002,6001,435,31.89
7805,7804,435,16.21
6312,6211,435,15.94
7102,7201,435,23.03
5035,5034,435,48.55
6311,6211,435,9.04
7399,7298,435,11.2
6213,6212,435,26.97
8605,8604,435,16.87
7905,7904,435,15.43
6324,6323,435,47.7
5335,5334,435,62.83
5473,5472,435,62.99
6014,6013,435,30.97
5637,5536,435,16.01
5372,5371,435,63.06
4736,4735,436,51.12
5624,5623,436,37.15
5134,5133,436,44.22
4447,4346,436,31.41
5724,5623,436,29.82
6002,5901,436,28.5
8205,8204,436,16.76
8906,8905,436,14.64
6023,6022,436,12.84
6015,5914,436,16.04
9107,9106,436,12.06
5823,5722,436,27.21
4741,4641,436,15.03
5822,5821,436,58.42
9609,9608,436,34.96
5827,5727,436,9.08
7705,7704,436,17.37
6223,6222,436,41.86
5682,5581,436,11.27
9007,9106,436,10.13
5723,5722,436,41.26
6426,6425,436,46.87
5460,5361,436,7.91
6322,6221,436,11.67
5573,5572,436,38.07
5834,5833,436,16.19
4637,4636,437,55.11
5536,5535,437,51.2
5334,5333,437,58.8
5437,5436,437,53.12
5371,5370,437,61.84
5472,5471,437,62.62
4934,4933,437,45.07
5275,5274,437,41.4
4446,4445,437,39.03
4550,4449,437,29.19
4935,4834,437,31.62
6123,6122,437,22.56
8404,8403,437,16.73
5734,5633,437,30.23
4447,4347,437,17.15
9508,9507,437,34
4639,4538,437,27.24
6002,5902,437,19.25
8705,8704,437,16.04
6108,6107,437,16.66
5726,5626,437,12.9
4549,4449,437,13.35
5823,5922,437,23.12
4835,4834,437,49.88
7305,7404,437,10.15
5923,5922,437,11.14
6103,6004,437,13.97
6230,6130,437,2.61
5233,5232,437,49.52
4653,4552,437,28.49
5623,5622,438,54.18
4654,4553,438,32.24
4638,4537,438,28.8
5624,5523,438,30.95
5134,5033,438,32.49
9308,9307,438,15.11
4735,4734,438,51.17
9006,9005,438,13.29
5262,5261,438,11.7
5166,5165,438,12.31
5374,5273,438,17.3
5373,5272,438,21.12
5723,5622,438,32.12
5034,5033,438,39.74
7505,7504,438,15.33
5933,5932,438,20.26
5922,5921,439,50.45
5333,5332,439,53.75
4636,4635,439,54.72
5535,5534,439,50.39
4346,4345,439,36.45
5821,5820,439,45.02
9608,9607,439,34.74
6013,6012,439,27.96
4934,4833,439,32.52
4551,4450,439,30.57
5625,5524,439,30.53
4655,4554,439,32.05
4446,4345,439,31.58
4736,4635,439,31.59
8304,8303,439,17.4
5624,5524,439,17.64
9508,9407,439,29.6
4746,4745,439,13.73
6112,6111,439,28.92
6207,6106,439,14.96
4640,4539,439,30.64
4834,4833,439,55.04
5733,5732,439,28.81
9811,9810,439,13.72
6795,6694,439,10.22
5914,5913,439,34.46
5133,5132,439,38.93
4841,4742,439,7.92
5267,5167,439,5.38
5436,5435,439,59.34
7304,7303,439,13.97
6425,6424,439,47.95
6221,6220,439,42.12
5233,5132,439,32.04
7605,7604,439,17.17
4537,4536,440,54.19
4445,4444,440,41.18
5232,5231,440,43.09
4637,4536,440,29.78
4734,4733,440,57.04
4551,4451,440,17.99
4756,4656,440,17.39
8105,8104,440,15.89
8005,8004,440,15.35
4448,4348,440,16.42
4646,4645,440,13.73
6034,6033,440,12.74
5158,5058,440,15.17
4933,4932,440,34.11
5822,5721,440,27.34
9609,9709,440,14.64
9609,9708,440,23.19
9710,9709,440,17.66
5368,5268,440,4.74
5272,5271,440,63.19
5820,5819,441,50.13
5534,5533,441,53.12
4635,4634,441,53.09
4346,4245,441,30.68
5623,5522,441,30.3
4655,4555,441,16.2
4446,4545,441,22.51
8805,8804,441,15.35
6017,5916,441,16.04
6135,6134,441,10.46
4735,4634,441,31.58
5987,5886,441,11.78
5733,5632,441,26.64
6122,6121,441,28.14
4641,4540,441,31.89
5133,5032,441,31.55
6629,6628,441,7.04
6593,6493,441,3.39
8504,8503,441,15.71
6111,6110,441,59.31
6236,6235,441,4.23
6211,6110,441,27.18
5435,5434,441,60.36
5271,5270,442,62.99
4536,4535,442,53.34
5921,5920,442,35.28
5732,5731,442,34.13
4833,4832,442,49.77
5332,5331,442,46.9
4345,4344,442,39.94
9607,9606,442,35.17
5165,5164,442,27.97
4538,4437,442,29.78
4445,4344,442,32.1
5232,5131,442,32.4
4347,4246,442,31.04
4636,4535,442,30
4733,4732,442,58.04
4346,4246,442,17.89
8204,8203,442,17.39
5833,5832,442,17.37
6022,6021,442,18.15
7904,7903,442,14.89
7804,7803,442,14.8
5371,5270,442,23.23
8604,8603,442,14.8
9207,9206,442,12.64
6002,5903,442,13.87
4856,4857,442,8.9
4933,4832,442,29.65
9107,9206,442,9.85
5733,5832,442,22.99
5901,5801,442,17.74
6430,6529,442,5.67
5913,5912,442,33.64
6033,6032,442,55.84
5434,5433,443,60.34
4634,4633,443,51.99
4444,4443,443,47.78
9708,9707,443,35.68
6012,6011,443,29.61
4537,4436,443,30.29
5932,5931,443,23.94
5626,5525,443,27.3
4347,4247,443,17.56
5274,5173,443,23.77
8905,8904,443,14.86
7704,7703,443,15.78
9608,9707,443,23.21
7201,7301,443,13.54
6016,5915,443,15.8
4734,4633,443,28.48
9507,9506,443,17.71
5721,5720,443,41.47
5378,5277,443,10.89
4641,4541,443,16.48
7600,7500,443,3.76
7499,7500,443,3.08
6995,6896,443,2.21
4553,4452,443,29.21
8097,8198,443,0.69
5920,5919,444,50.68
5270,5269,444,62.48
4245,4244,444,37.06
4545,4544,444,40.43
5819,5818,444,43.56
4450,4349,444,29.79
5732,5631,444,29.66
4345,4244,444,31.83
5524,5423,444,31.23
4635,4534,444,30.83
8704,8703,444,14.99
7404,7403,444,15.48
4445,4544,444,21.92
9106,9105,444,13.28
6109,6008,444,15.15
4539,4438,444,28.68
5276,5175,444,11.42
4856,4757,444,10.75
6108,6007,444,10.74
4554,4453,444,32.51
5784,5683,444,13.24
6121,6120,444,44.32
8403,8402,444,15.74
4932,4931,444,30.28
9998,9999,444,2.08
5132,5031,444,28.95
5931,5930,445,56.4
5173,5172,445,62.3
4633,4632,445,58.18
5832,5831,445,42.31
4344,4343,445,46.51
9606,9605,445,36.86
4444,4343,445,32.35
4451,4351,445,20.13
4536,4435,445,30.71
7604,7603,445,17.46
9005,9004,445,15.93
9307,9306,445,16.29
7504,7503,445,16.37
4732,4731,445,47.67
5273,5172,445,20.36
9407,9406,445,17.54
5912,5911,445,33.57
4741,4642,445,9.17
4832,4831,445,39.8
5914,5813,445,15.77
7203,7302,445,10.08
6111,6010,445,26.5
8303,8302,445,16.97
6007,6006,446,56.33
5423,5422,446,59.65
4443,4442,446,49.44
9707,9706,446,36.16
5131,5130,446,26.61
5164,5163,446,27.37
4555,4454,446,32.42
5632,5531,446,28.75
6110,6009,446,31.31
4245,4144,446,30.92
4634,4533,446,31.29
4451,4350,446,25.33
4656,4556,446,17.02
8104,8103,446,17.18
9607,9706,446,23.17
4540,4439,446,31.62
5333,5432,446,15.97
5275,5174,446,11.93
5720,5719,446,38.12
5828,5728,446,6.7
4856,4957,446,9.42
5919,5918,446,52.19
9911,9910,446,7.55
7499,7400,446,3.9
6120,6119,446,50.72
5272,5171,446,18.32
9998,9899,446,2.64
5631,5630,447,40.96
4244,4243,447,42.69
4632,4631,447,54.62
4344,4243,447,32.48
6021,6020,447,24.51
5731,5730,447,20.41
4535,4434,447,31.98
4246,4145,447,30.24
4437,4336,447,31.83
5632,5532,447,19.13
4245,4145,447,17.68
9606,9505,447,30.84
5271,5170,447,20.49
4348,4248,447,14.73
5533,5532,447,18.37
8004,8003,447,16.26
9708,9808,447,14.35
9708,9807,447,23.11
5332,5431,447,19.67
9810,9809,447,13.73
5261,5260,447,12.01
5622,5621,447,12.28
5165,5064,447,16.09
4732,4631,447,32.37
4544,4543,447,47.3
6190,6089,447,11.62
4756,4657,447,11.38
7298,7197,447,12.14
5158,5159,447,7.58
4745,4744,447,13.65
5885,5785,447,3.81
6189,6089,447,2.71
8498,8499,447,1.32
6006,6005,448,63.2
4533,4532,448,53.54
5911,5910,448,33.65
4343,4342,448,48.49
5031,5030,448,27.71
4931,4930,448,30.28
4541,4440,448,31.64
5931,5830,448,28.95
4247,4146,448,31.08
9605,9604,448,35.17
5818,5817,448,29.64
4436,4335,448,32.45
4443,4342,448,32.06
5131,5030,448,25.15
8203,8202,448,17.63
4246,4146,448,18.24
4555,4455,448,15.19
8503,8502,448,14.65
8804,8803,448,15.35
4545,4644,448,22.14
4645,4644,448,13.67
5726,5627,448,7.52
6795,6695,448,4.4
7399,7299,448,3.87
6429,6528,448,5.47
4731,4730,448,33.4
5813,5812,448,36.21
5913,5812,448,15.85
5170,5169,449,63.04
5730,5729,449,54.42
5422,5421,449,42.2
4144,4143,449,38.41
6007,5906,449,28.99
4453,4352,449,29.44
5631,5530,449,32.06
4534,4433,449,32.28
4244,4143,449,32.35
4541,4441,449,16.86
4247,4147,449,17.52
8904,8903,449,16.98
5525,5424,449,27.91
5131,5230,449,22.54
5270,5169,449,21.97
7903,7902,449,15.68
7803,7802,449,14.8
9206,9205,449,15.84
9606,9705,449,22.95
4451,4352,449,16.17
4442,4441,449,42.12
5524,5424,449,11.1
4438,4337,449,30.1
5158,5059,449,9.28
9706,9705,449,36.04
5581,5480,449,11.14
5901,5802,449,11.77
5918,5917,449,38.67
5928,5829,449,5.01
6088,5988,449,3.19
4844,4743,449,4.65
4831,4830,449,31.68
4335,4334,450,50.02
4532,4531,450,58.33
4243,4242,450,44.97
5163,5162,450,27.37
4343,4242,450,32.25
4435,4334,450,32.32
5423,5322,450,26.14
9105,9104,450,17.13
7703,7702,450,14.78
4351,4250,450,29.92
4632,4531,450,30.06
5173,5072,450,22.38
9605,9504,450,30.15
9707,9806,450,23.05
8603,8602,450,14.06
5522,5521,450,12.05
5626,5526,450,8.01
4543,4542,450,48.92
5721,5620,450,14.83
6134,6133,450,11.74
4631,4630,450,41.9
6020,6019,450,49.13
4641,4542,450,10.45
6118,6018,450,3.6
7301,7401,450,14.76
4731,4630,450,29.3
5910,5909,450,58.66
8498,8399,450,1.67
6033,6132,450,14.66
4433,4432,451,55.44
5812,5811,451,35.86
4342,4341,451,43.33
5064,5063,451,28.18
4439,4338,451,29.78
5422,5321,451,32.28
4144,4043,451,31.39
4533,4432,451,30.62
4350,4249,451,31.2
9004,9003,451,17.82
9406,9405,451,19.23
7403,7402,451,15.2
8402,8401,451,14.67
8703,8702,451,14.72
4351,4251,451,18.47
5174,5073,451,29.28
5164,5063,451,16.08
5331,5330,451,11.8
6032,6031,451,12
9306,9305,451,19.31
5819,5718,451,14.47
5916,5815,451,15.48
4442,4341,451,32.27
5912,5811,451,15.86
5817,5816,451,41.46
5269,5168,451,21.03
5169,5168,451,62.84
4334,4333,452,58.85
5230,5229,452,40.47
4143,4142,452,40.6
5421,5420,452,49.6
4730,4729,452,29.46
4930,4929,452,31.48
4531,4530,452,58.25
5072,5071,452,62.17
4243,4142,452,32.52
4336,4235,452,32.23
4145,4044,452,29.76
4434,4333,452,32.42
5730,5629,452,30.17
4144,4044,452,17.18
4556,4456,452,17.26
7603,7602,452,16.39
7503,7502,452,16.36
9605,9704,452,23.17
8203,8102,452,14.22
8103,8102,452,17.42
4544,4643,452,19.49
4631,4530,452,32.24
9705,9704,452,35.17
6726,6627,452,2.4
8302,8301,452,16.1
4432,4431,453,62.33
5063,5062,453,54.68
5909,5908,453,49.06
5620,5619,453,48.24
4242,4241,453,41.02
4335,4234,453,31.91
4342,4241,453,32.42
4146,4045,453,29.69
4145,4045,453,18.58
8003,8002,453,16.72
5931,6030,453,14.29
5818,5717,453,16.08
5277,5176,453,14.56
5915,5814,453,15.29
4440,4339,453,31.78
4656,4557,453,10.99
4830,4829,453,30.09
5720,5619,453,15.33
9706,9805,453,23.07
6428,6527,453,5.26
5479,5379,453,3.67
4630,4629,453,36.04
9806,9805,453,34.74
7899,7900,453,1.56
4333,4332,454,62.8
5811,5810,454,37.59
5321,5320,454,45.09
5162,5161,454,29.33
5230,5129,454,31.95
4143,4042,454,31.98
4433,4332,454,29.58
5421,5320,454,32.02
4147,4046,454,31.26
5424,5323,454,29.34
4146,4046,454,18.62
8202,8201,454,16.72
5170,5069,454,20.28
5330,5329,454,44.91
6006,5905,454,18.43
5911,5810,454,15.85
6008,5907,454,15.34
4341,4340,454,42.35
4337,4236,454,31.96
4530,4529,454,52.03
5071,5070,454,63.17
4441,4340,454,31.77
9604,9603,454,17.57
5171,5070,454,19.55
5910,5809,454,27.12
4234,4233,455,63.12
4431,4430,455,63.2
5062,5061,455,55.75
4142,4141,455,37.27
4250,4149,455,32.52
5909,5808,455,32.14
4242,4141,455,32.07
5322,5221,455,29.19
5729,5628,455,26.29
8903,8902,455,17.39
4147,4047,455,17.33
4930,5029,455,23.27
8803,8802,455,15.96
9205,9204,455,19.58
4248,4148,455,14.01
4453,4353,455,9.41
5525,5425,455,8.36
5378,5278,455,4.05
6291,6191,455,3.54
5813,5712,455,15.58
5161,5160,456,58.52
4332,4331,456,63.07
9805,9804,456,35.06
4241,4240,456,39.26
9305,9304,456,20.96
4729,4728,456,30.46
5321,5220,456,32.52
4338,4237,456,32.17
4251,4150,456,31.91
5063,4962,456,30.02
5717,5716,456,34.23
9504,9503,456,17.47
9104,9103,456,19.13
5322,5222,456,18.91
8502,8501,456,13.96
4629,4628,456,36.06
5064,4963,456,16.1
7802,7801,456,15.81
4341,4240,456,32.3
5431,5430,456,11.89
7902,7901,456,15.57
4929,4928,456,33.13
9705,9804,456,23.17
6624,6525,456,2.1
5069,5068,456,63.05
5169,5068,456,21.03
5808,5807,457,53.43
4430,4429,457,63.03
5061,5060,457,57.79
4233,4232,457,63.19
5320,5319,457,37.15
4044,3943,457,30.81
4142,4041,457,31
9003,9002,457,18.51
9405,9404,457,19.79
4456,4355,457,32.46
7702,7701,457,14.84
8602,8601,457,14.4
5421,5520,457,18.33
5073,4972,457,24.79
9505,9404,457,14.54
4829,4828,457,29.9
5683,5582,457,11.3
4351,4252,457,12.69
5174,5074,457,9.29
5175,5074,457,11.72
4530,4429,457,31.27
5165,5065,457,5.51
4929,4828,457,29.16
9806,9906,457,14.72
9806,9905,457,23.21
4529,4528,457,47.42
4331,4330,458,62.39
4962,4961,458,54.92
5905,5904,458,25.49
4045,3944,458,29.11
4241,4140,458,31.64
5062,4961,458,29.38
9704,9703,458,18.32
4044,3944,458,17.78
8702,8701,458,15.43
5168,5067,458,22.7
4251,4151,458,16.44
4235,4134,458,24.83
5530,5529,458,11.98
4339,4238,458,31.78
5812,5711,458,15.62
5330,5429,458,20.56
5785,5684,458,13.58
5029,5028,458,34.47
4232,4231,459,63.18
9804,9803,459,35.44
4046,3945,459,29.88
5320,5219,459,30.95
4045,3945,459,18.95
5619,5618,459,16.87
4557,4457,459,17.08
4972,4971,459,61.7
8102,8101,459,15.96
7502,7501,459,15.57
7602,7601,459,15.28
4456,4356,459,14.99
6132,6131,459,11.38
4240,4239,459,44.76
8202,8101,459,13.85
4340,4239,459,32.37
4556,4457,459,11.24
4757,4758,459,6.79
4236,4135,459,29.83
5716,5715,459,37.28
4429,4428,459,61.76
6895,6796,459,2.56
4529,4428,459,32.4
4928,4927,459,37.15
4628,4627,459,38.17
4330,4329,460,62.76
4961,4960,460,57.09
9905,9904,460,33.98
4355,4354,460,43.1
4149,4048,460,30.7
5425,5324,460,30.67
5808,5707,460,30.67
9204,9203,460,20.4
5221,5120,460,32.44
4046,3946,460,18.5
4047,3946,460,31.31
9805,9904,460,23.18
8002,8001,460,15.45
4134,4133,460,63.2
5420,5419,460,13.01
9504,9403,460,14.16
5424,5324,460,9.33
9910,9909,460,7.19
4657,4658,460,7.89
5071,4970,460,19.44
9603,9602,460,17.95
6427,6526,460,4.75
4728,4727,460,32.54
4528,4527,460,47.96
4231,4230,461,63.16
4237,4136,461,32.01
4962,4861,461,29.89
4150,4049,461,30.54
5222,5121,461,31.09
4963,4862,461,29.93
8902,8901,461,16.92
4047,3947,461,17.27
5811,5710,461,15.4
4240,4139,461,32.51
5322,5223,461,13.32
5988,5887,461,12.04
6695,6594,461,11.64
9809,9908,461,10.12
5718,5617,461,14.62
5802,5701,461,12.09
9798,9698,461,3.09
4828,4827,461,32.34
5070,4969,461,20.22
4928,4827,461,30.95
4428,4427,461,60.21
4627,4626,462,41.62
9803,9802,462,33.68
5067,5066,462,29.51
4355,4254,462,32.4
4133,4132,462,62.49
5807,5806,462,20.14
5060,4959,462,28.75
4527,4526,462,50.41
4150,4050,462,18.01
9304,9303,462,19.97
5222,5122,462,17.51
8802,8801,462,16.14
9103,9102,462,18.64
5815,5714,462,13.97
5906,5805,462,10.99
7299,7198,462,10.76
5715,5714,462,46.48
4657,4558,462,9.62
9808,9907,462,10.1
9503,9502,462,17.26
4329,4328,462,63.19
5029,5128,462,23.23
5069,4968,462,20.2
4230,4229,463,63.17
4427,4426,463,60.49
4961,4860,463,28.45
5074,4973,463,25.61
9002,9001,463,17.16
9804,9903,463,23.14
4727,4726,463,35.91
4238,4137,463,32.48
5229,5228,463,9.88
5329,5328,463,11.85
5814,5713,463,15.15
4928,5027,463,22.9
4132,4131,464,60.86
4827,4826,464,34.47
4239,4138,464,32.35
9803,9702,464,29.44
4526,4525,464,53.58
9703,9702,464,18.36
4355,4255,464,15.26
5278,5177,464,15.92
4139,4138,464,47.11
5712,5611,464,16.05
4356,4255,464,32.5
4757,4858,464,7.23
5810,5709,464,15.7
8698,8699,464,1.2
4328,4327,464,63.08
5710,5709,464,37.16
4426,4425,465,60.6
9802,9801,465,33.83
4968,4967,465,34.13
3943,3942,465,13.71
4041,4040,465,13.72
5068,4967,465,15.81
5319,5318,465,12.84
5425,5325,465,10.48
5808,5708,465,10.48
4353,4253,465,10.12
4251,4152,465,10.42
5717,5616,465,12.14
6235,6234,465,4.22
4626,4625,465,48.09
5707,5706,465,23.78
4229,4228,465,63.19
4131,4130,466,60.97
4327,4326,466,63.2
4525,4524,466,54.94
5121,5020,466,31.49
4049,3948,466,30.68
4862,4761,466,29.79
9203,9202,466,17.95
4457,4357,466,16.39
9803,9902,466,23.27
4151,4051,466,13.41
5529,5528,466,12.95
5429,5428,466,13.12
5065,4964,466,16.08
4139,4038,466,32.43
5905,5804,466,11.85
4557,4458,466,11.05
9602,9601,466,18.97
4134,4033,466,19
5176,5075,466,11.07
5064,4964,466,5.48
3947,3846,466,30.88
6392,6292,466,2.76
4425,4424,467,60.21
9702,9701,467,36.53
4967,4966,467,59.61
5122,5021,467,32.52
4050,3950,467,20.26
9802,9701,467,29.52
4136,4035,467,23.86
9403,9402,467,16.44
5219,5218,467,13.46
4135,4034,467,19
5067,4966,467,16.09
5520,5519,467,10.15
4133,4032,467,21.95
4963,4863,467,9.8
4971,4870,467,18.64
4972,4871,467,14.7
4356,4256,467,13.94
9503,9402,467,14.08
4625,4624,467,54.21
3947,3847,467,17.71
4228,4227,467,63.18
4326,4325,468,63.19
5528,5527,468,57.31
4130,4129,468,61.65
5611,5610,468,28.74
9303,9302,468,17.06
4132,4031,468,24.7
4827,4926,468,23.23
4038,4037,468,56.61
4137,4036,468,30.03
4524,4523,468,57.82
5628,5527,468,11.29
6191,6090,468,11.72
9502,9501,468,18.8
5716,5615,468,12.11
4970,4869,468,20.15
4227,4226,469,62.2
5519,5518,469,59.17
4424,4423,469,60.64
4966,4965,469,56.92
4973,4872,469,23.89
5122,5022,469,14.38
4050,3949,469,23.26
9802,9901,469,23.27
5419,5418,469,11.65
5222,5123,469,11.51
4139,4039,469,13.46
9102,9101,469,16.34
9902,9901,469,33.95
7400,7300,469,4.54
5707,5606,469,15.8
8698,8599,469,1.53
4325,4324,470,62.28
5325,5224,470,30.46
5706,5705,470,21.99
4131,4030,470,24.56
5128,5127,470,13.05
4959,4958,470,12.95
5120,5119,470,10.82
5904,5803,470,12.1
4523,4522,470,60.6
5715,5614,470,13.93
4626,4725,470,19.1
5886,5786,470,3.47
4129,4128,470,58.71
4869,4868,470,63.08
4226,4225,471,55.39
5518,5517,471,58.34
4423,4422,471,61.84
4033,3932,471,31.72
5228,5227,471,13.63
4967,4866,471,26.19
4860,4859,471,12.58
5328,5327,471,13.28
4050,3951,471,17.56
4968,4867,471,15.8
4038,3937,471,28.8
5027,5026,471,13.57
5684,5583,471,11.63
5582,5481,471,10.31
7196,7097,471,1.35
8798,8799,471,1.15
7998,8099,471,1.29
5710,5609,471,15.46
4863,4762,472,29.85
4256,4155,472,32.43
4032,3931,472,32.39
5528,5427,472,28.28
4128,4127,472,50.06
4458,4358,472,16.71
4966,4865,472,28.57
5709,5608,472,19.05
4862,4762,472,9.69
5714,5613,472,14.39
5074,4974,472,7.13
5278,5178,472,6.07
9502,9401,472,14.65
5480,5380,472,4.42
3847,3746,472,30.78
5713,5612,472,15.89
3950,3849,472,29.23
5327,5326,473,54.06
3937,3936,473,59.73
5517,5516,473,63.11
4030,4029,473,43.74
4031,3930,473,32.45
4424,4323,473,24.98
4034,3933,473,27.45
9202,9201,473,14.78
4130,4029,473,23.56
4357,4257,473,14.44
3942,3941,473,13.69
5611,5510,473,16.1
5606,5605,473,25.06
4422,4421,473,62.81
7299,7199,473,4.12
3847,3747,473,17.81
3950,3850,473,18.89
9497,9498,473,1.19
5427,5426,474,59.54
4225,4224,474,48.39
5227,5226,474,48.91
4865,4864,474,57.09
3949,3848,474,31.36
5022,4921,474,31.41
4226,4125,474,29.61
4035,3934,474,22.45
4227,4126,474,22.58
4965,4864,474,29.23
3846,3845,474,12.91
5020,5019,474,13.36
5318,5317,474,11.48
4624,4623,474,15.28
4253,4153,474,11.68
5177,5076,474,14.41
4826,4825,474,10.86
4039,3938,474,32.12
5708,5607,474,16.08
4129,4028,474,27.07
3947,3848,474,11.74
3936,3935,475,53.96
4323,4322,475,57.76
4155,4154,475,47.52
4030,3929,475,32.46
5705,5704,475,23.22
4036,3935,475,20.68
9302,9301,475,15.46
4256,4156,475,13.45
4761,4760,475,12.43
4128,4027,475,31.91
5325,5225,475,10.28
5805,5704,475,11.11
5218,5217,475,12.75
4870,4769,475,18.6
6493,6393,475,2.97
4625,4724,475,15.69
4224,4223,476,57.02
3932,3831,476,29.69
4225,4124,476,32.26
5227,5126,476,32.17
4558,4559,476,7.67
4151,4052,476,7.89
6695,6595,476,3.62
7899,8000,476,1.67
4869,4768,476,20.08
4155,4054,477,32.39
3849,3748,477,32.2
3937,3836,477,26.05
4623,4622,477,49.39
4865,4764,477,28.45
4868,4767,477,22.59
4866,4765,477,27.74
4926,4925,477,12.33
4322,4321,477,60.53
4871,4770,477,15.27
4867,4766,477,26.13
4039,3939,477,12.53
4027,4026,477,61.58
4127,4026,477,29.91
9597,9598,477,1.16
5510,5509,477,30.02
3929,3928,477,58.64
4124,4123,478,63.2
3831,3830,478,52.6
3936,3835,478,30.41
3933,3832,478,32.49
5022,4922,478,11.33
4974,4873,478,24.03
4863,4763,478,9.73
4458,4459,478,8.84
4558,4459,478,9.38
5615,5514,478,15.28
5606,5505,478,15.94
5605,5604,478,23.58
3850,3749,478,31.35
3950,3851,478,13.28
4223,4222,479,48.5
3934,3833,479,29.79
4126,4025,479,32.23
4323,4222,479,27.92
4522,4521,479,11.35
5418,5417,479,10.79
4872,4771,479,14.79
5804,5703,479,11.75
5122,5023,479,8.63
4321,4320,479,62.99
5026,5025,479,13.7
4041,3940,479,6.7
5379,5279,479,3.87
5785,5685,479,3.2
4026,4025,479,61.65
3850,3750,479,17.23
9497,9398,479,1.51
