3696,3795,7,18.28
3696,3695,7,13.9
3695,3794,14,20.83
3695,3694,14,14.36
3795,3894,14,21.03
3795,3794,14,14.75
3794,3893,21,21.01
3794,3793,21,14.78
3894,3993,21,20.67
3894,3893,21,14.8
3694,3693,22,13.54
3793,3892,28,20.98
3793,3792,28,14.56
3893,3992,28,21.03
3893,3892,28,14.66
3993,4092,28,20.88
3993,3992,28,14.82
3693,3692,30,14.23
3696,3796,32,3.11
3792,3891,35,21.02
3792,3791,35,14.76
3892,3991,35,21.01
3892,3891,35,14.63
3992,4091,35,20.97
3992,3991,35,14.55
4092,4191,35,20.42
4092,4091,35,14.75
3692,3691,37,14.61
3796,3895,39,20.68
3791,3890,42,20.71
3791,3790,42,14.81
3891,3990,42,20.86
3891,3890,42,14.82
3991,4090,42,21.03
3991,3990,42,14.69
4091,4190,42,21.02
4091,4090,42,14.64
4191,4290,42,20.69
4191,4190,42,14.81
3691,3690,44,14.8
3895,3994,46,20.8
3790,3889,49,20.67
3790,3789,49,14.8
3890,3989,49,20.99
3890,3889,49,14.79
3990,4089,49,20.99
3990,3989,49,14.57
4090,4189,49,20.93
4090,4089,49,14.81
4190,4289,49,20.95
4190,4189,49,14.81
4290,4289,49,14.38
4290,4389,50,19.37
3690,3689,51,14.8
3696,3595,51,2.76
3994,4093,53,21.03
3789,3888,56,20.71
3789,3788,56,14.81
3889,3988,56,21.03
3889,3888,56,14.74
3989,4088,56,20.92
3989,3988,56,14.48
4089,4188,56,20.56
4089,4088,56,14.78
4189,4288,56,20.77
4189,4188,56,14.82
4389,4388,57,14.58
4289,4388,57,19.06
3689,3688,58,14.78
4389,4488,58,19.88
3595,3594,59,13.01
4093,4192,60,20.73
3594,3593,61,110.68
3688,3687,61,127.85
3788,3787,61,62.22
3888,3887,61,60.71
3988,3987,61,65.68
4088,4087,61,58.39
4188,4187,61,96.21
4288,4287,61,78.16
3787,3786,62,149.65
4287,4286,62,104.09
4388,4387,62,42.13
4286,4285,63,106.58
3593,3592,63,85.58
4087,4086,63,61.12
3687,3686,63,99.76
3887,3886,63,77.08
3987,3986,63,69.42
4187,4186,63,99.4
4488,4487,63,32.47
4387,4386,64,86.14
4386,4385,65,101.54
4285,4284,65,95.69
3986,3985,65,57.44
3592,3591,65,73.83
4086,4085,65,58.24
3886,3885,65,54.04
4186,4185,65,90.27
4487,4486,65,54.45
3786,3785,65,37
4385,4384,66,101.78
4486,4485,66,105.02
4485,4484,67,103.35
3591,3590,67,64.38
4185,4184,67,59.22
3686,3685,67,30.38
4384,4383,68,77.14
4284,4283,68,38.66
4085,4084,68,36.15
4484,4483,69,93.23
3590,3589,69,54.95
3985,3984,69,26.84
4084,4083,70,86.59
4184,4183,70,46.37
3685,3684,70,41.15
3785,3784,70,22.29
3796,3896,70,1.96
4083,4082,71,141.92
4183,4182,71,141.7
3589,3588,71,54.41
3885,3884,71,17.92
3696,3596,71,1.87
4483,4482,72,37.84
3588,3587,73,88.95
3784,3783,73,41.15
3684,3683,73,41.83
3984,3983,73,27.85
4383,4382,73,23.88
4283,4282,73,21.74
3983,3982,74,144.95
3884,3883,75,32.3
4191,4291,75,1.87
3883,3882,76,146.79
3783,3782,76,41.76
3683,3682,76,38.54
4082,4081,76,20.53
4182,4181,76,21.78
4488,4587,76,6.65
3587,3586,77,28.77
4282,4281,77,28.08
4382,4381,77,30.07
4482,4481,77,24.32
3586,3585,79,57.95
3982,3981,79,24.21
4381,4380,80,35.28
4481,4480,80,39.21
3882,3881,80,28.58
4181,4180,80,25.81
3782,3781,80,31.07
4081,4080,80,26.06
3682,3681,80,31.08
4587,4586,80,25.89
3585,3584,81,51.48
4281,4280,81,27.91
4586,4585,82,81.6
4585,4584,83,107.5
4380,4379,83,33.7
4290,4390,83,1.98
4584,4583,84,104.89
3584,3583,84,47.61
4180,4179,84,27.01
4080,4079,84,27.9
3681,3680,84,25.59
3981,3980,84,24.15
4280,4279,85,32.86
4480,4479,85,24.25
3881,3880,85,24.12
3781,3780,85,24.32
4583,4582,86,70.41
3895,3995,86,1.8
3583,3582,88,30.67
4179,4178,88,25.56
3680,3679,88,32.62
3980,3979,88,29.67
4379,4378,88,22.44
4582,4581,89,34.61
4279,4278,89,29.17
3880,3879,89,28.34
3780,3779,89,25.77
4079,4078,89,22.96
3679,3678,90,64.2
3588,3487,90,7.66
4479,4478,91,16.78
3595,3494,91,4.08
3494,3493,92,108.29
3678,3677,92,90.57
3779,3778,92,36.16
3582,3581,92,30.27
3979,3978,92,25.65
3493,3492,93,105.25
3677,3676,93,150.11
4581,4580,93,26.92
3879,3878,93,29
4178,4177,93,22.67
3593,3492,93,4.48
3676,3675,94,144.69
3778,3777,94,54.7
3487,3486,94,26.33
4278,4277,94,22.44
4378,4377,94,18
3592,3491,94,4.64
3994,4094,94,1.87
3675,3674,95,147.64
3581,3580,95,33.63
4078,4077,95,19.01
3591,3490,95,4.75
4389,4489,95,2.04
3674,3673,96,150.93
3777,3776,96,62.23
3673,3672,97,145.81
3580,3579,97,53.52
3490,3489,97,88.68
3486,3485,97,40.48
3878,3877,97,26.39
4478,4477,97,18.64
3590,3489,97,4.85
3672,3671,98,141.92
3776,3775,98,68.11
4580,4579,98,23.24
4177,4176,98,20.04
3978,3977,98,17.37
4587,4686,98,6.6
3671,3670,99,150
3579,3578,99,78.69
3485,3484,99,50.7
3489,3488,99,93.25
3596,3495,99,5.07
3589,3488,99,4.86
3696,3697,99,1.03
3670,3669,100,113.18
3775,3774,100,76.37
4277,4276,100,17.03
3578,3577,101,87.69
4686,4685,101,40.96
3877,3876,101,31.81
4077,4076,101,18.43
4377,4376,101,16.15
4093,4193,101,1.97
3577,3576,102,141.95
3774,3773,102,85.46
3484,3483,102,49.04
4477,4476,102,22.83
3576,3575,103,129.42
3876,3875,103,54.79
4685,4684,103,75.47
3669,3668,103,37.34
4579,4578,103,21.29
4176,4175,103,23.92
3575,3574,104,134.59
3773,3772,104,91
3977,3976,104,18.3
3574,3573,105,146.39
3875,3874,105,70.18
4684,4683,105,96.41
4076,4075,105,28.28
4192,4292,105,2.27
3573,3572,106,149.29
4683,4682,106,100.8
3772,3771,106,90.01
3668,3667,106,42.1
4175,4174,106,35.32
3483,3482,106,31.8
4276,4275,106,19.9
4488,4588,106,2.06
3696,3797,106,1.24
3572,3571,107,136.54
3874,3873,107,75.02
3976,3975,107,34.55
4578,4577,107,28.61
4476,4475,107,21
4376,4375,107,18.51
4682,4681,108,80.58
3771,3770,108,91.9
3667,3666,108,69.1
4075,4074,108,40.42
4582,4681,108,6.66
3571,3570,109,76.25
3873,3872,109,81.87
3975,3974,109,50.36
4475,4474,109,63.27
4375,4374,109,66.96
3482,3481,109,33.36
4174,4173,109,44.87
4173,4172,110,108.08
3770,3769,110,91
3666,3665,110,71.18
4275,4274,110,31.59
4577,4576,110,34.4
4172,4171,111,110.27
3769,3768,111,148.74
3872,3871,111,84.45
3974,3973,111,53.77
4474,4473,111,92.45
4374,4373,111,95.03
3481,3480,111,54.11
4074,4073,111,45.22
4681,4680,111,33.9
4581,4680,111,6.62
4171,4170,112,114.65
3973,3972,112,128.83
4473,4472,112,107.03
4373,4372,112,109.21
4073,4072,112,108.08
3665,3664,112,56.82
4274,4273,112,97.92
3570,3569,112,35.86
4170,4169,113,121.32
4472,4471,113,113.84
4072,4071,113,110.13
4273,4272,113,109.57
3768,3767,113,94.07
3871,3870,113,88.14
3480,3479,113,76.08
4169,4168,114,125.75
4471,4470,114,120.64
4272,4271,114,114.26
3972,3971,114,61.82
3569,3568,114,54.45
4372,4371,114,52.32
3664,3663,114,53.3
4576,4575,114,25.25
4168,4167,115,125.82
4470,4469,115,125.07
4371,4370,115,118.45
3870,3869,115,94.3
4071,4070,115,51.57
3479,3478,115,77
4580,4679,115,6.57
4167,4166,116,125.78
4469,4468,116,118.55
4370,4369,116,122.81
4070,4069,116,123.17
4271,4270,116,53.81
3971,3970,116,63.91
3568,3567,116,74.46
3663,3662,116,91.72
3767,3766,116,38.52
4475,4574,116,16.87
4575,4574,116,62.29
4468,4467,117,107.6
4369,4368,117,122.71
4069,4068,117,131.57
3970,3969,117,145.93
3478,3477,117,75.64
3869,3868,117,99.04
4368,4367,118,114.17
4068,4067,118,133.36
3969,3968,118,150.18
4270,4269,118,56.38
3662,3661,118,87.02
3567,3566,118,70.82
4679,4678,118,36.9
4574,4573,118,84.77
3487,3386,118,5.07
4367,4366,119,103.8
4067,4066,119,142.25
3968,3967,119,147.55
4269,4268,119,123.25
4467,4466,119,97.07
3477,3476,119,73.56
3868,3867,119,96.36
4166,4165,119,35.63
3766,3765,119,48.35
4573,4572,119,105.11
4066,4065,120,150.22
4268,4267,120,119.09
4165,4164,120,128.27
3661,3660,120,88.81
3566,3565,120,60.24
4686,4785,120,6.66
4572,4571,120,114.07
4466,4465,121,18.52
4684,4783,121,43.04
4578,4677,121,29.15
4685,4784,121,32.29
4575,4674,121,58.23
3967,3966,122,2.11
4467,4566,122,59.61
4468,4567,122,62.83
3662,3761,122,58.63
4167,4266,122,64.73
4469,4568,122,64.47
4470,4569,122,64.75
3663,3762,122,61.4
4471,4570,122,64.62
3665,3764,122,41.14
3571,3470,122,9.08
4682,4781,122,35
4588,4687,122,43
4683,4782,122,45.35
4292,4391,122,38.19
4577,4676,122,36.26
4574,4673,122,56.13
4587,4687,122,4.47
4291,4391,122,4.56
4164,4263,123,62.31
3660,3759,123,55.16
4466,4565,123,58.63
4165,4264,123,64.75
3661,3760,123,58.03
3766,3865,123,39.78
4679,4778,123,37.43
3664,3763,123,33.7
4571,4670,123,64.47
4572,4671,123,64
4573,4672,123,62.34
4576,4675,123,31.52
4674,4773,124,51.15
3765,3864,124,41.41
3767,3866,124,21.88
4680,4779,124,25.44
4678,4777,124,32.74
3761,3860,125,53.01
4673,4772,125,61.77
3764,3863,125,62.07
3762,3861,125,51.45
3660,3659,125,21.02
3476,3475,125,8.46
3386,3385,125,8.57
4681,4780,125,13.33
4566,4665,125,56.97
4570,4669,125,64.71
4567,4666,125,57.94
4568,4667,125,61.07
4569,4668,125,63.98
3896,3996,125,3.76
4677,4776,125,37.32
4263,4362,126,56.89
4264,4363,126,63.18
4670,4769,126,64.46
4671,4770,126,64.47
4672,4771,126,64.26
4675,4774,126,63.99
4782,4881,126,46.99
4676,4775,126,38.2
4687,4786,126,36.91
4783,4882,126,35.1
4785,4884,126,26.57
3596,3496,126,1.66
4773,4872,127,62.34
3864,3963,127,64.54
4781,4880,127,29.69
4391,4490,127,31.33
4164,4163,127,15.25
4390,4490,127,4.17
4667,4766,128,55.99
3861,3960,128,49.56
3659,3758,128,51.91
4669,4768,128,63.65
3863,3962,128,53.66
4668,4767,128,60.36
4772,4871,128,64.47
4666,4765,128,55.92
3996,4095,128,47.27
4665,4764,128,54.83
3865,3964,128,30.39
4778,4877,128,30.22
4362,4461,129,55.36
4769,4868,129,62.79
4771,4870,129,64.27
4770,4869,129,63.98
4881,4980,129,55.29
4775,4874,129,64.69
4786,4885,129,47.72
4776,4875,129,36.35
4777,4876,129,33.11
4263,4262,129,19.83
3763,3862,129,23.88
4784,4883,129,18.29
3696,3597,129,1.37
4490,4589,130,48.52
4884,4983,130,39.46
3659,3658,130,23
4665,4664,130,21.23
4065,4064,130,11.05
3565,3564,130,10.48
4779,4878,130,26.27
4766,4865,131,54.95
4768,4867,131,59.55
3962,4061,131,48.83
4767,4866,131,55.99
4765,4864,131,53.8
4764,4863,131,51.56
4877,4976,131,50.59
4872,4971,131,36.74
4362,4361,131,20.88
4882,4981,131,34.8
3571,3471,131,5.21
4868,4967,132,59.55
4870,4969,132,62.78
4869,4968,132,61.64
4874,4973,132,51.22
4095,4194,132,39.62
3866,3965,132,19.02
4166,4265,132,12.22
3658,3757,133,49.57
4980,5079,133,37.2
3862,3961,133,46.4
4885,4984,133,46.86
3962,3961,133,24.54
4871,4970,133,33.62
4764,4763,133,23.19
3963,4062,133,27.97
3861,3961,133,13.77
3470,3469,133,9.52
4465,4564,133,12.32
3494,3393,133,1.94
4865,4964,134,52.76
4867,4966,134,56.04
4061,4160,134,47.19
4971,5070,134,62.8
4866,4965,134,53.94
4864,4963,134,51.59
4863,4962,134,50.43
4976,5075,134,50.68
4589,4688,134,46.96
4983,5082,134,36.18
4876,4975,134,32.21
4874,4873,134,23.37
3964,4063,134,25.51
4880,4979,134,22.6
4774,4873,134,19.61
4266,4365,134,12.11
3797,3897,134,4.33
3492,3391,134,1.97
3493,3392,134,1.94
4967,5066,135,56.08
4973,5072,135,58.93
4061,4060,135,25.22
4361,4460,135,43.21
4361,4360,135,26.42
4981,5080,135,45.72
3658,3657,135,24.2
4883,4982,135,27.5
4875,4974,135,26.25
3759,3858,135,12.77
3760,3859,135,12.72
3485,3384,135,2.04
3491,3390,135,2
3757,3856,136,48.33
4970,5069,136,61.69
4763,4862,136,50.39
4062,4161,136,60.24
4863,4862,136,23.78
4163,4162,136,11.22
4362,4462,136,10.86
3490,3389,136,2.05
4878,4977,136,27.55
4964,5063,137,51.68
4963,5062,137,50.54
4965,5064,137,51.68
4962,5061,137,50.49
4160,4259,137,51.38
5070,5169,137,61.73
4966,5065,137,52.88
4984,5083,137,45.7
4969,5068,137,30.47
4968,5067,137,29.07
4194,4293,137,32.99
3860,3959,137,12.77
4193,4293,137,3.87
5072,5171,138,64.47
4060,4159,138,49.57
4460,4559,138,48.1
5080,5179,138,51.39
4974,5073,138,59.84
4688,4787,138,44.42
3757,3756,138,24.76
4763,4762,138,23.8
4973,4972,138,18.29
4262,4261,138,11.23
3475,3474,138,8.31
4292,4392,138,4
3488,3387,138,2.28
5069,5168,139,61.72
4161,4260,139,56.3
4862,4961,139,50.32
3657,3656,139,25.27
5075,5174,139,34.7
4975,5074,139,33.24
4962,4961,139,23.75
5082,5181,139,31.98
5079,5178,139,27.25
4780,4879,139,10.78
4264,4364,139,6.65
3484,3383,139,2.11
5063,5162,140,50.63
5062,5161,140,51.81
5061,5160,140,54.04
4259,4358,140,51
5169,5268,140,61.09
3856,3955,140,47.14
3856,3855,140,25.24
4977,5076,140,38.43
4060,4059,140,24.2
4460,4459,140,24.86
4982,5081,140,28.33
3757,3857,140,14.37
3564,3563,140,10.65
3960,4059,140,12.77
3758,3857,140,12.77
5073,5172,141,58.07
4159,4258,141,49.57
4972,5071,141,64.6
5171,5270,141,62.34
5083,5182,141,44.7
4862,4861,141,23.83
4461,4560,141,12.47
3489,3388,141,2.03
5168,5267,142,59.63
4260,4359,142,57.18
3656,3755,142,50.72
5174,5273,142,52.83
4961,5060,142,52.76
5074,5173,142,56.95
4392,4491,142,43.42
4787,4886,142,46.1
5061,5060,142,21.74
5068,5167,142,29.12
5066,5165,142,23.18
3662,3561,142,5.06
3483,3382,142,2.37
3495,3394,142,2.17
5161,5260,143,55.16
5076,5175,143,52.71
5268,5367,143,58.81
5160,5259,143,53.01
5179,5278,143,33.6
4159,4158,143,24.2
5064,5163,143,23.75
5067,5166,143,25.06
3856,3956,143,14.95
4979,5078,143,17.1
3660,3559,143,6.16
5172,5271,144,64.02
5071,5170,144,62.31
5270,5369,144,60.44
4459,4558,144,38.43
4459,4458,144,26.91
3855,3954,144,47.13
3855,3854,144,25.24
3955,4054,144,45.89
3955,3954,144,25.69
4358,4457,144,47.01
4358,4357,144,25.29
5181,5280,144,30.35
3656,3655,144,23.63
4961,4960,144,22.51
5065,5164,144,23.15
3663,3562,144,4.18
4491,4590,145,47.56
5060,5159,145,52.99
4886,4985,145,47.22
5273,5372,145,62.36
5173,5272,145,60.51
4258,4257,145,25.3
5182,5281,145,42.42
5081,5180,145,31.93
5160,5159,145,22.36
3469,3468,145,9.06
3659,3558,145,7.26
3661,3560,145,5.25
4564,4663,145,12.63
5260,5359,146,50.71
5367,5466,146,55.18
5162,5261,146,25.12
4365,4464,146,12.25
5170,5269,147,61.75
5271,5370,147,61.81
5175,5274,147,36.92
3655,3754,147,51.91
5060,5059,147,22.38
3755,3754,147,24.2
5270,5269,147,17.03
3955,4055,147,15.54
3858,3957,147,12.77
3859,3958,147,12.82
4979,4978,147,7.84
4590,4689,148,48.1
5372,5471,148,62.38
5272,5371,148,63.34
4457,4556,148,39.94
4457,4456,148,26.87
3954,4053,148,43.4
3954,3953,148,26.38
4357,4456,148,43.17
4357,4356,148,26.43
4458,4557,148,40.18
5367,5366,148,21.01
5165,5264,148,23.83
5267,5366,148,24.42
4462,4561,148,12.67
3658,3557,148,8.08
4558,4657,148,39.6
4558,4557,148,26.89
3571,3472,148,4.22
3482,3381,148,2.6
4985,5084,149,46.1
5180,5279,149,41.31
4257,4256,149,26.08
5369,5468,149,29.12
3655,3654,149,23
3474,3473,149,9.27
3959,4058,149,12.77
5280,5379,149,34.72
5281,5380,149,40.53
4559,4658,149,12.93
5274,5373,150,60.27
5269,5368,150,61.09
5278,5377,150,20.78
5163,5262,150,23.18
5371,5470,151,59.76
5471,5570,151,58.88
3754,3853,151,45.9
3754,3753,151,25.68
4055,4154,151,45.9
5164,5263,151,23.18
5260,5360,151,13.2
5267,5266,151,11.65
4364,4463,151,12.46
5178,5277,151,12.33
3657,3556,151,9.01
4658,4757,152,48.03
4356,4455,152,43.38
4356,4355,152,26.38
4657,4756,152,41.47
4657,4656,152,26.72
4053,4152,152,43.39
4053,4052,152,26.38
4456,4555,152,40.9
4456,4455,152,26.79
4689,4788,152,43.65
5466,5565,152,25.17
4556,4655,152,36.81
4556,4555,152,26.83
4763,4662,152,7.79
3996,4096,152,3.79
4557,4656,152,39.11
4978,5077,152,34.25
5373,5472,153,62.18
4256,4255,153,26.08
5084,5183,153,45.29
5379,5478,153,37.7
5370,5469,153,27.82
5367,5467,153,10.95
5279,5378,153,46.46
5178,5177,153,7.26
4560,4659,153,12.69
5470,5569,154,58.08
5468,5567,154,29.96
3654,3653,154,24.2
5380,5479,154,34.07
4053,4153,154,16.68
5366,5465,154,24.51
4055,4155,154,15.54
5259,5358,154,12.95
4095,4195,154,3.98
4052,4151,155,51.91
4152,4251,155,55.13
3753,3852,155,44.63
3753,3752,155,26.07
3853,3952,155,42.13
3853,3852,155,26.62
5277,5376,155,37.1
5377,5476,155,33.93
5166,5265,155,12.67
4862,4761,155,7.81
5077,5176,155,50.39
5472,5571,156,61.69
4756,4855,156,38.67
4756,4755,156,26.91
4788,4887,156,45.6
4355,4454,156,40.83
4355,4354,156,26.8
4655,4754,156,39.36
4655,4654,156,26.9
4656,4755,156,40.23
4757,4856,156,42.03
5570,5669,156,28.33
3556,3555,156,24.77
4555,4654,156,39.52
4555,4554,156,26.89
4658,4758,156,14.52
5159,5258,156,13.56
5569,5668,157,60.5
4052,4051,157,23
5366,5365,157,11.64
5359,5458,157,12.97
5183,5282,157,43.1
4258,4157,157,9.04
4194,4294,157,4.09
5177,5276,157,39.19
5176,5275,158,56.71
4153,4252,158,44.61
4155,4254,158,44.65
5358,5457,158,37.19
5358,5357,158,26.86
5469,5568,158,29.25
4757,4857,158,17.27
3957,4056,158,12.86
4464,4563,158,12.58
3897,3997,158,4.32
3653,3652,158,25.24
3481,3380,158,2.38
5571,5670,159,60.88
4151,4250,159,44.62
4151,4150,159,26.07
3852,3951,159,45.77
3852,3851,159,25.73
4251,4350,159,38.31
4251,4250,159,26.91
5478,5577,159,24.56
5467,5566,159,26.5
5565,5664,159,23.26
5376,5475,159,38.83
5274,5374,159,8.34
5059,5158,159,12.82
3958,4057,159,12.77
5159,5158,159,7.44
3752,3851,159,44.61
3752,3751,159,26.08
4887,4986,160,46.77
4754,4853,160,43.34
4754,4753,160,26.39
4755,4854,160,38.27
4654,4753,160,44.51
4654,4653,160,26.1
4855,4854,160,26.64
4856,4955,160,35.95
5465,5564,160,23.88
5567,5666,160,26.5
5476,5575,160,31.56
4554,4653,160,42.05
4554,4553,160,26.64
5264,5363,160,12.66
4257,4156,160,9.97
4961,4860,160,6.97
4561,4660,160,12.7
5282,5381,161,43.33
5669,5768,161,29.04
4855,4954,161,35.22
4251,4351,161,18.68
4153,4253,161,16.14
5479,5578,161,20.34
5276,5375,161,40.44
5670,5769,162,61.37
5457,5556,162,42.14
5457,5456,162,26.62
4856,4956,162,19.39
5478,5477,162,11.64
5360,5459,162,12.87
5262,5361,162,12.44
5374,5473,162,64.19
3751,3850,162,52.78
4653,4752,163,52.81
4753,4852,163,53.8
4853,4952,163,53.83
5575,5674,163,51.63
4250,4349,163,40.61
4250,4249,163,26.82
4350,4449,163,45.37
4350,4349,163,25.85
5158,5257,163,40.87
5158,5157,163,26.79
4150,4149,163,26.47
5465,5464,163,11.66
4294,4393,163,25.04
5263,5362,163,12.55
4463,4562,163,12.82
5060,4959,163,6.89
4293,4393,163,3.9
4553,4652,163,51.65
4854,4953,164,42.08
4955,5054,164,37.21
4986,5085,164,35.65
5457,5557,164,17.22
5475,5574,164,33.64
3655,3554,164,7.26
4392,4492,164,3.9
5375,5474,164,52.06
3496,3396,164,2.66
3751,3750,164,22.5
5769,5868,165,59.96
5456,5555,165,54.14
4253,4352,165,47.06
4954,5053,165,44.56
5577,5676,165,27.85
5566,5665,165,23.89
3468,3467,165,5.15
3558,3457,165,7.25
4553,4552,165,23.14
3496,3395,165,3.65
5473,5572,165,62.84
4249,4348,166,48.56
4349,4448,166,48.16
4149,4248,166,47.4
5381,5480,166,28.99
4351,4451,166,20.16
4351,4450,166,32.07
4955,5055,166,19.03
4350,4450,166,15.79
5674,5773,166,53.18
3850,3949,166,35.99
3850,3849,166,26.75
3480,3379,166,2.22
4953,5052,167,50.7
4449,4548,167,43.86
4652,4751,167,43.37
4652,4651,167,26.38
4952,4951,167,26.57
4149,4148,167,25.14
5456,5455,167,21.68
5768,5867,167,27.67
5666,5765,167,23.25
5265,5364,167,12.67
3654,3553,167,8.08
5557,5656,167,51.92
4952,5051,168,34.81
5477,5576,168,28.14
4253,4353,168,14.99
5574,5673,168,45.77
4492,4591,168,45.29
5577,5576,168,11.47
4354,4453,168,11.85
3556,3455,168,8.54
3750,3749,168,26.89
5474,5573,168,38.13
5572,5671,168,63.39
3496,3497,168,2.44
3850,3950,168,19.38
4450,4549,169,48.16
5773,5872,169,51.79
5668,5767,169,12.25
4757,4858,169,8.34
3559,3458,169,5.52
4552,4551,169,26.1
4951,5050,170,47.81
4348,4447,170,37.59
4348,4347,170,26.89
4448,4447,170,26.65
5055,5154,170,39.43
4248,4347,170,39.25
4248,4247,170,26.9
4150,4049,170,14.02
5568,5667,170,12.18
4856,4957,170,10.55
4151,4050,170,9.96
5567,5667,170,6.29
3849,3948,170,43.2
3849,3848,170,26.42
3752,3651,170,9.96
3653,3552,170,8.99
3949,4048,170,46.26
3949,3948,170,25.56
3479,3378,170,2.21
5051,5150,171,49.12
4353,4452,171,50.75
4591,4690,171,47.39
4651,4750,171,38.73
4651,4650,171,26.91
4751,4850,171,40.61
4751,4750,171,26.82
4548,4547,171,26.58
4448,4547,171,35.32
5676,5775,171,26.65
5664,5763,171,12.55
5457,5356,171,10.94
4148,4147,171,26.84
3749,3748,172,26.9
4548,4647,172,34.9
4951,4950,172,24.98
5052,5152,172,20.1
5052,5151,172,32.49
5055,5155,172,18.28
4451,4550,172,26.65
5085,5184,172,18.94
5578,5677,172,13.09
5564,5663,172,12.55
5363,5462,172,12.5
4660,4759,172,12.82
5158,5057,172,11.44
5670,5770,172,7.74
3556,3456,172,4.86
4658,4759,172,6.41
5573,5672,172,36.65
5557,5657,172,12.59
5050,5149,173,54.4
5154,5253,173,48.03
5576,5675,173,29.15
5673,5772,173,31.78
4751,4851,173,17.84
4548,4648,173,19.65
5867,5966,173,23.67
4549,4648,173,41.12
5459,5558,173,12.93
3565,3464,173,2.71
3566,3465,173,2.49
5150,5249,174,52.91
4650,4749,174,53.23
4750,4849,174,55.46
4850,4949,174,54.32
3848,3947,174,45.95
3848,3847,174,25.67
4447,4446,174,26.41
4347,4346,174,25.71
5765,5864,174,22.05
4959,5058,174,12.86
5157,5256,174,12.92
5769,5869,174,8.5
5361,5460,174,12.67
5158,5058,174,6.88
3948,4047,174,45.95
3948,3947,174,25.67
4247,4246,174,25.67
4689,4789,174,3.89
5556,5655,174,12.49
4048,4047,174,26.42
3567,3466,174,2.25
3478,3377,174,2.22
4562,4661,174,12.87
4950,5049,175,54.4
5657,5756,175,57.16
5151,5250,175,50.23
5356,5355,175,26.07
4447,4546,175,34
5050,5049,175,21.51
5154,5153,175,24.89
3651,3650,175,21.08
4549,4649,175,17.64
5054,5153,175,12.91
5464,5563,175,12.61
5362,5461,175,12.44
5666,5766,175,6.72
4955,5056,175,10.08
4550,4649,175,50.23
4147,4146,175,26.65
3748,3747,176,25.67
5155,5254,176,38.27
5765,5764,176,11.68
5867,5866,176,11.67
3750,3649,176,11.94
5672,5771,176,40.35
3560,3459,176,4.71
3471,3370,176,3.17
5149,5248,177,40.47
5149,5148,177,26.83
5675,5774,177,39.64
5152,5252,177,20.35
5152,5251,177,29.19
5772,5871,177,45.38
5775,5874,177,25.73
5455,5554,177,14.26
5480,5579,177,13.79
5868,5967,177,12.42
3455,3454,177,11.68
5256,5255,178,26.9
3947,3946,178,25.91
5460,5559,178,43.28
4749,4848,178,42.97
4749,4748,178,26.47
4446,4445,178,26.2
5249,5348,178,36.06
4789,4888,178,44.08
3847,3846,178,26.05
5155,5255,178,18.69
4047,4046,178,26.57
4096,4196,178,3.93
4246,4245,178,25.32
4648,4747,178,34.76
3477,3376,178,2.23
5254,5353,179,51.84
5250,5349,179,46.77
5049,5048,179,26.65
4446,4545,179,33.11
5364,5463,179,12.66
5656,5755,179,12.23
4146,4145,179,26.16
4346,4345,179,24.81
5183,5283,179,3.9
5558,5658,179,18.23
4246,4345,179,30.35
5869,5968,179,28.33
5555,5654,179,10.56
5251,5350,180,52.22
3649,3648,180,26.84
5460,5560,180,16.73
5966,6065,180,21.15
3749,3648,180,12.08
4195,4295,180,3.95
5771,5870,180,37.39
3472,3371,180,4.56
3476,3375,180,2.29
5455,5454,181,2.27
5055,5156,181,16.91
3560,3460,181,14.38
3564,3463,181,2.65
3797,3798,181,9.24
5765,5865,182,5.56
3473,3374,182,54.94
3472,3372,182,7.72
3560,3461,182,45.34
3496,3397,182,15.11
3797,3698,182,25.86
3697,3598,182,39.54
3697,3698,182,9.33
3648,3549,183,52.3
3649,3550,183,47.96
3459,3360,183,45.15
3458,3359,183,38.06
3553,3453,183,19.83
3553,3452,183,12.36
4294,4394,183,1.48
3597,3498,183,40.22
3554,3453,183,11.15
3385,3286,183,39.4
3386,3287,183,41.03
3797,3898,183,2.37
3371,3272,184,41.67
5658,5659,184,26.13
3454,3355,184,33.5
3370,3271,184,44.02
5563,5662,184,3.56
5657,5757,184,6.65
3651,3551,184,17.75
3458,3358,184,17.87
3497,3398,184,34.65
3467,3368,184,39.36
3396,3297,184,41.02
3468,3369,184,37.69
3387,3288,184,28.28
3391,3292,184,25.39
3392,3293,184,29.32
3393,3294,184,30.91
3374,3275,185,50.18
3798,3699,185,41.76
5350,5351,185,23.95
5148,5147,185,4.09
5248,5247,185,4.44
3454,3354,185,19.3
5966,5965,185,3.78
3466,3367,185,31.58
3379,3280,185,27.55
3562,3462,185,7.37
3389,3290,185,24.47
3380,3281,185,26.4
3384,3285,185,20.92
3390,3291,185,21.74
3386,3285,185,1.36
3397,3298,186,38.85
3698,3599,186,41.33
3598,3499,186,39.72
3376,3277,186,26.06
5255,5354,186,9.44
5254,5354,186,9.24
3377,3278,186,24.56
5460,5561,186,17.24
3465,3366,186,24.67
3378,3279,186,26.08
3381,3282,186,19.92
5554,5553,186,3.42
3549,3450,187,44.33
3286,3187,187,40.66
3375,3276,187,21.43
4145,4045,187,14.52
4196,4097,187,23.23
3464,3365,187,21.97
3472,3373,187,11.65
3394,3295,187,16.03
3388,3289,187,16.07
3368,3269,188,40.93
3355,3356,188,27.07
3271,3172,188,42.45
3358,3259,188,42.51
3398,3299,188,35.41
3369,3270,188,37.44
3550,3451,188,32.07
3498,3399,188,30.66
3898,3799,188,35.23
3287,3188,188,31.38
3372,3273,188,25.51
5579,5580,188,11.83
5252,5352,188,5.51
3297,3198,188,40.18
3458,3357,188,9.31
3457,3357,188,7.72
3395,3296,188,17.06
5578,5678,188,2.1
4887,4987,188,1.12
3285,3186,189,39.14
3355,3256,189,33.43
3272,3173,189,29.39
3452,3352,189,19.95
3452,3353,189,27.96
3463,3364,189,19.41
5658,5758,189,10.41
5658,5759,189,15.47
5248,5347,189,4.15
3847,3746,189,6.2
5381,5382,189,9.13
3997,3998,189,8.8
5968,5969,189,12.05
3699,3600,190,33.03
3367,3268,190,34.84
3355,3255,190,19.32
3549,3449,190,14.94
4789,4790,190,9.45
3298,3199,190,36.64
4690,4691,190,9.46
5775,5776,190,9.08
4591,4592,190,9.42
5085,5086,190,8.44
4492,4493,190,9.36
3383,3283,190,4.43
3383,3284,190,9.98
5580,5481,191,53.13
3295,3196,191,41.45
3277,3178,191,30.7
3278,3179,191,28.36
3279,3180,191,31.2
3280,3181,191,27.66
3187,3088,191,37.89
3292,3193,191,21.06
3358,3258,191,15.89
3374,3274,191,11.46
3460,3361,191,14.75
3648,3548,191,10
4196,4197,191,9.07
4888,4889,191,9.46
3599,3500,191,28.89
3269,3170,192,45.18
3198,3099,192,41.21
3296,3197,192,41.54
3799,3700,192,40.98
3270,3171,192,43.04
3366,3267,192,27.08
3281,3182,192,20.86
3359,3260,192,16.03
3360,3261,192,16.61
4295,4296,192,9.07
3299,3200,192,40.62
5348,5448,192,5.37
5764,5863,192,3.95
5563,5562,192,3.74
5057,4958,192,11.46
4957,4958,192,8.49
4858,4859,192,8.56
4245,4244,192,4.21
3461,3362,192,15.49
5184,5185,192,7.81
5554,5653,192,3.19
3268,3169,193,50.19
5382,5383,193,26.58
3172,3073,193,32.17
3188,3089,193,30.61
3276,3177,193,27.31
5147,5047,193,12.99
3186,3087,193,40.05
6065,6066,193,7.81
5348,5449,193,9.51
5874,5875,193,8.01
3399,3300,193,34.11
5966,6066,193,4.24
3291,3192,193,18.13
4445,4444,193,3.69
3199,3100,194,41.76
3449,3350,194,37.11
3256,3157,194,28.42
3256,3257,194,25
5759,5760,194,21.27
4045,3945,194,14.91
3365,3266,194,22.27
5659,5660,194,11.03
3288,3189,194,15.18
3452,3351,194,13.32
3898,3899,194,9.46
5086,5087,194,27.35
5283,5284,194,7.59
4759,4760,194,7.47
3499,3400,194,18.25
3088,2989,195,37
5481,5482,195,26.06
3196,3097,195,40.52
3255,3156,195,31.86
3256,3156,195,19.95
3364,3265,195,23.71
3258,3159,195,45.17
3293,3194,195,13.53
3290,3191,195,15.44
5349,5450,195,9
5871,5970,195,1.23
3462,3363,195,15.1
3073,2974,196,47.88
3099,3000,196,41.54
3171,3072,196,44.12
3197,3098,196,39.26
3179,3080,196,34.13
3178,3079,196,31.12
3180,3081,196,28.56
3255,3155,196,19.63
3449,3349,196,18.23
3259,3160,196,18.6
3282,3183,196,15.67
3294,3195,196,12.81
4394,4395,196,8.06
3087,2988,197,37.41
3073,3074,197,25.58
5185,5186,197,22.08
3267,3168,197,29.2
4197,4098,197,25.21
3181,3082,197,23.74
3173,3074,197,18.28
5759,5859,197,14.11
5678,5679,197,12.36
5580,5581,197,11.26
3355,3254,197,11.15
4545,4646,197,7.99
4145,4144,197,4.59
5660,5661,198,25.67
3351,3252,198,38.19
3173,3174,198,12.09
5759,5860,198,17.27
3258,3158,198,14.48
3289,3190,198,13
3899,3800,198,41.9
5348,5447,198,4.3
3748,3647,198,3.71
5553,5453,198,8.79
2974,2875,199,54.56
3097,2998,199,37.36
3089,2990,199,27.51
3182,3083,199,22.58
5776,5777,199,11.25
5382,5483,199,15.08
5450,5451,199,26.71
4545,4645,199,4.4
3169,3070,199,27.12
3261,3162,199,22.86
3074,2975,200,55.39
3168,3069,200,55.12
3195,3096,200,41.9
3072,2973,200,39.31
3098,2999,200,41.33
3156,3057,200,31.38
3194,3095,200,30.77
3351,3251,200,17.82
3192,3093,200,22.84
3177,3078,200,21.94
3361,3262,200,17.4
3275,3176,200,9.6
3260,3161,200,19.93
4545,4544,200,3.75
4145,4044,200,6.67
5049,4948,200,4.44
5966,6067,200,6.16
5087,4988,200,28.24
4245,4344,200,3.93
4345,4344,200,3.9
3080,2981,201,30.92
3079,2980,201,35.18
3081,2982,201,29.57
3349,3250,201,30.21
2989,2890,201,27.31
3156,3056,201,19.7
5284,5285,201,16.13
3362,3263,201,17.07
3266,3167,201,22.93
3548,3448,201,10.38
4493,4494,201,9.44
4592,4593,201,9.39
5759,5858,201,12.77
4748,4847,201,3.28
4790,4791,201,9.15
4691,4692,201,9.45
3082,2983,202,30.92
2988,2889,202,32.34
3349,3249,202,19.84
5875,5876,202,11.26
4197,4198,202,9.2
3284,3185,202,12.5
3352,3253,202,11.65
3998,3999,202,8.15
5863,5964,202,14.52
5662,5762,202,5.72
3160,3061,202,24.96
3159,3060,202,22.75
3363,3264,202,22.81
3074,3075,203,16.95
3191,3092,203,18.09
5760,5761,203,11.36
5660,5761,203,15.8
4296,4297,203,9.22
3255,3154,203,11.78
2973,2874,203,51.42
5863,5963,203,9.35
3189,3090,203,15.92
2999,2900,204,38.1
3096,2997,204,38.23
3251,3152,204,36.55
3095,2996,204,41.88
2998,2899,204,32.54
2990,2891,204,34.35
5451,5452,204,23.1
5483,5384,204,34.28
3083,2984,204,28.44
5086,5187,204,10.18
5970,5971,204,11.92
3060,2961,205,55.48
3078,2979,205,34.09
3162,3063,205,23.87
3274,3175,205,10.39
4889,4890,205,7.63
3449,3348,205,9.68
3183,3084,205,16.5
5863,5862,205,8.21
3899,3900,205,9.11
5087,5088,205,9.35
2982,2883,206,30.93
2981,2882,206,28.79
2890,2791,206,34.41
2980,2881,206,29.93
3161,3062,206,26.49
3251,3151,206,18.43
5679,5680,206,11.39
3157,3058,206,12.33
3158,3059,206,18.66
3069,2970,206,24.76
5774,5873,206,0.92
4198,4099,207,34.62
3185,3086,207,33.17
2889,2790,207,35.12
5859,5960,207,14.57
3156,3055,207,11.97
3283,3184,207,8.42
2983,2884,207,33.14
3262,3163,207,22.73
3263,3164,207,26.69
2961,2862,208,54.79
2996,2897,208,37.05
2899,2800,208,37.26
3061,2962,208,24.2
3249,3149,208,19.57
3249,3150,208,24.01
4044,3944,208,13.75
2975,2876,208,18.71
5859,5959,208,9.4
5581,5582,208,9.46
5777,5778,208,12.41
3349,3248,208,12.44
4395,4396,208,8.81
5481,5582,208,8.65
4045,3944,208,6.93
3190,3091,208,14.95
5247,5146,208,6.25
5654,5754,208,3
3167,3068,208,22.92
3264,3165,208,24.43
5088,4989,209,39.1
2997,2898,209,33.39
3092,2993,209,23.7
3075,2976,209,27.6
3090,2991,209,27.73
6067,6068,209,11.75
3193,3094,209,7.96
5247,5246,209,4.28
5968,6069,209,4.81
3151,3052,210,36.51
2979,2880,210,34.25
2984,2885,210,27.82
2891,2792,210,24.84
3057,2958,210,14.91
5483,5484,210,9.46
3252,3153,210,11.85
3266,3166,210,6.31
2973,2873,210,10.63
2875,2776,210,13.95
5147,5046,210,5.74
3265,3166,210,9.89
2862,2763,211,53.23
3086,2987,211,38.96
2883,2784,211,31.76
3170,3071,211,7.65
5876,5877,211,12.32
5347,5346,211,4.61
5863,5962,211,7.76
5450,5551,211,9.32
4545,4644,211,3.5
2897,2798,212,40.1
2882,2783,212,27.12
2881,2782,212,25.9
3151,3051,212,18.44
3059,2960,212,24.21
3063,2964,212,20.72
3175,3076,212,21.9
3249,3148,212,14.81
4593,4594,212,9.36
3093,2994,212,12.2
2876,2777,212,39.69
2884,2785,212,34.44
4692,4693,212,9.33
2874,2775,212,17.19
2873,2774,213,53.41
2898,2799,213,40.32
2976,2877,213,37.69
3094,2995,213,41.43
2862,2863,213,21.1
3163,3064,213,24.55
5046,4947,213,48.73
3058,2959,213,20.75
4198,4199,213,9.46
3999,4000,213,9.43
4494,4495,213,8.44
3056,2957,213,11.83
3062,2963,213,20.67
5860,5861,213,6.92
5862,5861,213,13.37
2763,2664,214,54.39
2991,2892,214,34.22
3091,2992,214,26.34
2790,2691,214,20.41
4297,4298,214,9.35
4791,4792,214,8.12
2987,2888,215,36.19
2792,2693,215,33.71
5484,5385,215,31.5
2776,2677,215,32.34
2993,2894,215,27.17
2984,2985,215,9.33
3071,2972,215,41.28
5450,5550,215,5.24
3648,3547,215,4.16
3070,2971,215,9.15
2963,2864,216,53.85
2798,2699,216,40.47
2994,2895,216,41.45
2885,2786,216,26.2
2880,2781,216,27.01
3165,3066,216,19.22
2791,2692,216,14.94
5088,5089,216,9.35
3152,3053,216,11.87
2784,2685,216,32.32
5680,5681,216,11.1
5859,5958,216,7.81
5187,5188,216,8.39
2777,2678,216,39.75
5862,5961,216,12.97
2863,2764,216,54.36
5185,5286,216,6.11
3051,2952,216,36.53
2995,2896,217,39.1
2799,2700,217,40.27
2785,2686,217,33.43
5778,5779,217,11.4
2664,2565,217,53.89
3167,3067,217,6.31
3068,2969,217,15.87
2691,2592,218,41.11
4199,4100,218,30.19
2783,2684,218,27.83
2958,2859,218,17.91
2877,2778,218,31.98
2961,2861,218,7.81
3084,3085,218,7.75
6066,6167,218,5.83
4792,4793,218,27.76
3051,2951,218,18.43
3066,2967,219,52.14
2693,2594,219,41.82
2894,2795,219,40.41
2677,2578,219,39.75
3076,2977,219,22.1
2971,2872,219,45.39
2782,2683,219,22.67
5582,5583,219,9.39
2862,2762,219,9.29
5046,4946,219,12.39
3055,2956,219,11.98
3177,3077,219,4
5875,5976,219,5.48
2664,2665,219,20.21
5965,6064,219,4.18
3067,2968,220,49.98
2678,2579,220,38.54
2952,2953,220,25.89
5089,4990,220,39.03
2692,2593,220,41.87
2895,2796,220,38.1
2888,2789,220,31.6
2959,2860,220,21.36
2964,2865,220,20.03
4989,4990,220,9.36
4396,4397,220,8.88
4244,4143,220,5.14
4890,4891,220,7
6066,6166,220,3.78
5758,5857,220,4.58
5877,5878,220,11.21
2896,2797,221,40.37
2699,2600,221,34.36
2952,2853,221,30.28
2685,2586,221,33.61
2992,2893,221,22.96
3064,2965,221,20.2
2774,2675,221,17.85
2964,2965,221,12.29
2792,2793,221,9.46
2885,2886,221,9.26
5484,5485,221,9.44
2873,2773,221,9.13
3944,3845,221,10.91
3149,3050,221,11.61
3151,3050,221,9.92
5451,5552,221,6.63
4244,4243,221,3.48
2762,2663,222,51.76
2592,2493,222,41.9
2686,2587,222,32.69
2781,2682,222,24.53
2952,2852,222,19.84
3064,3065,222,12.3
3164,3065,222,9.65
3153,3054,222,11.99
2970,2871,222,9.3
4144,4043,222,5.87
5347,5446,222,4.31
5654,5753,222,2.37
2860,2761,223,55.35
2865,2766,223,50.93
2578,2479,223,40.42
2594,2495,223,40.58
2956,2857,223,39.58
2684,2585,223,29.26
2969,2870,223,24.19
3547,3447,223,13.56
3148,3049,223,13.26
2775,2676,223,13.72
4044,3943,223,6.19
4793,4794,223,24.35
5875,5975,223,3.4
2965,2866,224,51.9
2593,2494,224,41.1
2951,2851,224,18.88
2786,2687,224,19.98
4199,4200,224,9.41
2957,2858,224,13.51
2877,2878,224,9.45
2773,2674,224,53.25
4793,4694,224,27.21
2864,2765,224,19.94
2663,2564,225,54.87
2893,2794,225,35.92
2793,2694,225,41.52
2789,2690,225,34.13
2795,2696,225,26.94
2956,2856,225,17.25
2859,2760,225,21.5
4298,4299,225,9.19
4495,4496,225,8.85
4594,4595,225,8.29
4792,4893,225,13.32
2493,2394,226,35.57
2965,2966,226,22.56
2586,2487,226,32.05
2797,2698,226,35.27
5485,5386,226,31.03
2796,2697,226,27.12
3085,2986,226,18.89
5779,5780,226,11.5
3066,2966,226,10.12
5681,5682,226,10.78
2683,2584,226,23.45
2778,2679,226,19.08
4444,4343,226,4.32
2866,2767,227,49.15
2765,2666,227,50.86
2495,2396,227,37.14
2852,2753,227,34.5
2587,2488,227,34.75
5089,5090,227,9.36
3078,2978,227,3.75
4793,4894,227,16.5
4792,4892,227,8.22
3051,2950,227,9.91
5756,5856,227,1.66
5871,5972,227,2.94
2564,2465,228,54.87
2494,2395,228,35.75
2851,2752,228,39
2479,2380,228,30.74
2852,2752,228,19.05
5976,5977,228,11.3
2786,2787,228,8.8
6067,6168,228,5.11
4444,4443,228,2.9
3053,2954,228,11.98
5969,6070,228,3.7
2694,2595,229,41.34
2866,2867,229,24.79
2585,2486,229,25.69
2676,2577,229,26.86
2579,2480,229,17.6
2762,2662,229,10.39
5286,5287,229,7.98
5450,5549,229,4.19
2698,2599,230,37.58
2794,2695,230,34.88
2696,2597,230,31.39
2851,2751,230,17.5
2682,2583,230,19.06
2968,2869,230,15.39
5878,5879,230,10.96
5583,5584,230,9.36
5754,5855,230,6.61
2778,2779,230,8.71
5090,4991,231,39.69
2753,2654,231,37.86
2753,2754,231,27.9
2396,2297,231,36.48
2697,2598,231,33.11
2487,2388,231,31.19
2394,2295,231,31.64
3447,3347,231,14.13
4990,4991,231,9.43
4894,4795,231,42.88
4894,4895,231,27.53
2675,2576,231,15.18
5188,5189,231,7
2395,2296,232,40.27
2752,2653,232,42.01
2986,2887,232,24.91
2760,2661,232,22.81
2687,2588,232,19.92
5485,5486,232,9.43
2579,2580,232,8.54
2953,2854,232,11.98
2951,2850,232,10.47
4397,4398,232,9.09
2773,2673,232,9.27
2979,2879,232,3.75
3348,3247,232,5.25
2674,2575,232,19.19
2565,2566,232,6.75
2595,2496,233,41.61
2584,2485,233,23.21
2690,2591,233,19.05
2858,2759,233,17.47
2577,2478,233,39.4
2565,2466,233,8.86
2599,2500,234,38.16
2695,2596,234,36.64
2751,2652,234,37.54
2597,2498,234,41.47
2486,2387,234,29.03
3054,2955,234,11.99
2967,2868,234,9.54
5146,5045,234,5.5
6065,6165,234,1.89
2297,2198,235,38.74
2754,2655,235,38.57
2754,2755,235,27.94
2598,2499,235,41.32
2654,2555,235,42.63
2654,2655,235,27.59
5780,5781,235,11.84
2857,2758,235,12.23
2663,2563,235,7.71
5346,5245,235,6.02
5246,5145,235,5.62
5146,5145,235,3.74
5960,6061,235,5.07
4544,4543,235,2.94
2296,2197,236,39.81
2388,2289,236,32.37
2751,2651,236,18.07
5287,5288,236,14.7
2488,2389,236,16.43
2687,2688,236,8.8
2857,2757,236,7.72
5682,5683,236,10.4
2956,2855,236,8.72
3943,3844,236,10.91
3148,3048,236,4.25
5346,5345,236,4.11
2880,2780,236,3.9
4794,4695,236,11
5972,5973,236,12.41
2496,2397,237,36.88
2591,2492,237,41.9
2478,2379,237,40.32
2653,2554,237,32.96
2295,2196,237,24.14
2869,2770,237,23.54
6168,6169,237,12.4
6070,6071,237,12.4
5386,5387,237,9.34
4595,4596,237,8.46
4299,4300,237,8.68
4496,4497,237,8.81
5754,5854,237,3.57
5960,6060,237,3.42
5046,4945,237,5.4
2583,2484,237,20.82
5874,5974,237,1.54
2563,2464,238,55.52
2596,2497,238,41.33
2498,2399,238,41.52
2653,2553,238,19.42
5977,5978,238,10.97
5090,5091,238,9.32
2564,2464,238,7.71
2856,2756,238,7.72
2576,2477,238,22.24
2871,2772,238,9.22
2755,2656,239,42.86
2499,2400,239,41.28
2661,2562,239,20.22
2887,2788,239,22.68
5879,5880,239,11.23
2488,2489,239,8.39
2870,2771,239,9.29
6064,6164,239,5.15
3547,3446,239,6.08
2289,2190,240,41.86
2651,2552,240,36.71
2389,2290,240,41.8
2198,2099,240,28.98
2652,2552,240,19.3
2485,2386,240,22.21
2759,2660,240,23.53
2850,2750,240,14.27
4895,4796,240,16.29
2851,2750,240,8.94
2766,2667,240,8.43
3048,2949,240,41.66
5446,5547,240,8.31
3547,3546,240,4.16
4795,4696,240,17.23
2464,2463,241,134.31
2651,2650,241,75.12
2850,2849,241,91.94
4143,4142,241,26.27
6064,6063,241,36.19
2463,2462,242,157.58
2949,2948,242,93.33
2660,2659,242,66.58
2750,2749,242,75.38
2552,2551,242,71.77
2562,2561,242,68.57
2386,2385,242,94.21
6060,6059,242,55.92
2289,2288,242,49.5
2575,2574,242,48.31
2484,2483,242,73.79
4343,4342,242,33.15
3447,3346,242,23.47
2682,2681,242,66.99
5446,5546,242,14.1
5446,5445,242,29.52
4243,4242,242,30.26
4143,4042,242,22.06
3547,3646,242,22.26
5346,5445,242,21.55
5858,5957,242,7.61
4544,4643,242,21.44
2583,2582,242,67.86
5553,5652,242,20.84
2650,2649,243,77.84
6063,6062,243,61.48
6164,6163,243,33.46
3446,3445,243,40.4
2477,2476,243,34.49
3546,3545,243,40.65
5854,5853,243,39.29
2770,2769,243,33.3
5145,5144,243,29.19
5245,5244,243,29.92
2591,2590,243,43.57
2673,2672,243,30.55
2190,2189,243,45.6
3048,3047,243,35.41
2379,2378,243,42.18
4894,4995,243,1.94
5754,5853,243,21.77
5045,5044,243,27.4
4443,4442,243,31.16
2749,2748,244,88.91
2462,2461,244,88.68
2561,2560,244,80.82
6059,6058,244,86.58
2551,2550,244,75.56
2659,2658,244,64.67
2574,2573,244,65.6
2099,2098,244,29.89
5345,5344,244,25.55
3347,3246,244,22.84
2582,2581,244,62.71
2385,2384,244,74.5
2681,2680,244,76.59
5446,5545,244,22.1
4543,4542,244,28.18
2483,2482,244,68.3
4647,4746,244,6.69
2461,2460,245,185.84
2649,2648,245,95.42
4242,4241,245,33.9
4342,4341,245,35.75
2288,2287,245,48.33
5652,5651,245,36.08
3346,3345,245,36.82
2849,2848,245,31.62
4142,4141,245,29.63
2492,2491,245,20.24
2196,2195,245,24.03
2580,2481,245,1.05
5856,5956,245,11.73
5856,5955,245,22.14
2394,2393,245,17.31
3048,2947,245,23.61
5753,5752,245,16.77
3148,3147,245,14.66
5045,4944,245,22.43
2948,2947,245,45.47
2460,2459,246,161.29
2658,2657,246,55.79
2560,2559,246,85.86
2098,2097,246,64.13
2550,2549,246,85.45
2590,2589,246,42.84
3445,3444,246,41.35
2672,2671,246,40.41
5445,5444,246,29.21
3545,3544,246,43.18
4995,4994,246,42.29
5854,5953,246,21.69
5345,5444,246,21.21
2378,2377,246,43.57
5855,5954,246,21.46
4543,4642,246,21.88
2189,2188,246,42.63
2384,2383,246,70.33
5853,5852,246,42.92
3746,3745,246,14.78
2549,2548,247,103.76
2459,2458,247,110.75
2848,2847,247,52.94
2648,2647,247,57.24
2195,2194,247,59.48
2573,2572,247,36.57
4442,4441,247,32.01
5244,5243,247,31.49
5044,5043,247,26.65
6163,6162,247,31.32
5144,5143,247,31.49
3546,3645,247,21.4
6060,6159,247,16.56
5584,5585,247,0.83
2097,2096,248,84.39
2383,2382,248,63.92
2559,2558,248,70.34
2287,2286,248,33.73
4241,4240,248,34.02
2491,2490,248,48.13
4341,4340,248,37.3
5344,5343,248,29.02
6058,6057,248,25.97
5752,5751,248,42.89
2476,2475,248,24.41
4142,4041,248,23.02
2399,2398,248,13.64
2554,2453,248,13.64
3844,3843,248,12.67
4542,4541,248,25.9
2295,2294,248,11.86
3943,3942,248,12.34
2194,2193,249,88.6
6159,6158,249,84.49
2458,2457,249,93.56
6162,6161,249,57.62
2548,2547,249,58.55
3444,3443,249,38.36
5953,5952,249,45.33
5545,5544,249,20.81
2748,2747,249,20.48
3544,3543,249,42.26
3346,3245,249,23.56
5445,5544,249,22.06
2377,2376,249,33.84
2553,2452,249,14.48
5549,5548,249,11.46
4643,4743,249,15.51
4643,4742,249,21.01
2188,2187,249,40.5
4894,4993,249,9.57
2096,2095,250,81.5
2558,2557,250,58.9
4441,4440,250,35.02
3445,3344,250,22.98
5044,4943,250,22.19
2769,2768,250,15.16
3047,3046,250,15.56
3545,3644,250,20.76
2554,2454,250,4.39
6060,6160,250,6.4
2382,2381,250,59.26
5444,5443,250,30.12
2286,2285,250,89.48
2690,2689,250,9.05
2193,2192,251,85.81
2457,2456,251,79.38
4340,4339,251,35.62
2475,2474,251,48.45
5243,5242,251,28.77
2572,2571,251,29.48
2847,2846,251,32.52
5143,5142,251,29.83
2647,2646,251,32.47
4241,4140,251,23.59
2552,2451,251,13.76
4542,4641,251,21.32
4642,4641,251,24.17
5043,5042,251,25.78
4847,4846,251,8.28
2557,2556,252,51.25
2095,2094,252,77.06
2285,2284,252,74.5
2747,2746,252,34.1
4240,4239,252,29.27
5343,5342,252,27.16
5651,5650,252,15.21
5852,5851,252,17.59
3147,3146,252,15.07
5956,6055,252,22.35
5955,6054,252,22.27
3543,3542,252,42.5
5752,5851,252,20.84
4993,4992,252,36.57
2947,2946,252,16.35
4541,4540,252,28.86
4893,4992,252,9.66
6166,6266,252,3.23
6166,6265,252,8.22
2474,2473,253,66.26
2451,2450,253,75.07
2192,2191,253,77.81
2456,2455,253,73.08
4440,4439,253,36.59
6158,6157,253,26.7
2547,2546,253,31.31
5954,6053,253,20.47
3745,3744,253,14.39
3444,3343,253,23.43
5956,6056,253,12.9
3544,3643,253,21.01
5444,5543,253,22.18
4642,4741,253,20.75
4746,4745,253,12.34
2094,2093,254,89.96
5242,5241,254,35.83
4339,4338,254,36.59
2294,2293,254,16.73
2671,2670,254,14.29
5953,6052,254,20.12
2376,2375,254,24.95
2284,2283,254,68.62
5043,4942,254,21.87
4643,4744,254,12.37
2846,2845,254,36.85
2380,2281,254,1.25
2450,2449,255,88.65
5851,5850,255,42.26
3942,3941,255,14.33
5751,5750,255,15.61
4240,4139,255,22.94
2548,2447,255,17.69
5343,5442,255,21.65
3542,3541,255,42.06
4541,4640,255,22
5142,5141,255,32.53
5443,5442,255,24.14
5952,5951,255,17.87
6168,6267,255,8.23
2187,2186,255,19.92
2449,2448,256,108.69
2281,2280,256,53.04
2473,2472,256,38.3
3643,3642,256,42.73
4439,4438,256,42.97
4239,4238,256,29.38
2571,2570,256,20.94
3245,3244,256,15.96
3443,3442,256,15.97
4742,4842,256,15.72
4742,4841,256,20.75
2547,2446,256,23.33
3843,3842,256,13.67
5342,5341,256,30.93
4041,4040,256,13.61
6162,6261,256,15.99
2393,2392,256,9.63
3543,3442,256,22.74
3543,3642,256,20.94
4540,4539,256,33.08
2093,2092,256,87.22
6165,6264,256,7.78
6265,6264,256,27.85
2283,2282,256,55.17
5042,5041,256,22.89
4338,4337,257,35.05
2293,2292,257,45.99
5241,5240,257,38.97
6157,6156,257,29.63
4943,4843,257,16.07
3046,3045,257,16.48
2375,2374,257,48.12
6071,6170,257,8.01
5443,5542,257,20.73
2186,2185,257,68.87
5973,6072,257,7.91
4945,4845,257,5.97
2845,2844,257,35.69
2472,2471,258,58.78
3642,3641,258,50.12
4640,4639,258,34.27
4741,4740,258,20.36
2746,2745,258,16.82
2646,2645,258,14.64
4641,4740,258,20.92
3541,3540,258,36.57
5951,5950,258,44.33
2297,2298,258,0.91
2092,2091,258,69.56
5042,4941,258,20.61
5141,5140,258,35.73
2846,2745,258,23.56
2846,2945,258,22.1
2292,2291,259,78.14
4438,4437,259,45.21
2280,2279,259,34.23
5442,5441,259,25.98
4139,4138,259,33.24
4239,4138,259,22.97
5650,5649,259,16.39
6055,6154,259,22.33
6054,6153,259,20.47
3146,3145,259,16.39
5341,5340,259,33.89
2374,2373,259,66.62
5342,5441,259,22.26
4539,4538,259,41.87
3542,3441,259,22.83
6164,6263,259,7.59
5189,5190,259,0.8
5974,6073,259,7.2
4945,4844,259,7.66
2465,2364,259,6.17
2380,2279,259,6.15
2185,2184,259,74
4337,4336,260,33.36
5041,5040,260,31.58
2392,2391,260,29.91
4238,4237,260,30.33
4338,4237,260,23.61
6052,6051,260,17.85
3343,3342,260,15.51
3643,3742,260,20.88
2546,2545,260,14.49
6157,6256,260,22.12
6055,6155,260,12.59
4841,4840,260,25.35
5240,5239,260,42.52
5975,6074,260,6.04
2845,2744,260,23.61
2364,2363,261,52.99
2184,2183,261,68.1
4740,4739,261,38.05
4639,4638,261,43.09
3641,3640,261,47.14
5542,5541,261,30.1
3045,3044,261,32.19
6263,6262,261,59.68
3744,3743,261,13.52
6157,6257,261,14.06
6261,6260,261,21.74
2457,2356,261,12.03
3540,3539,261,38.11
3541,3440,261,23.58
5545,5644,261,8.68
2466,2365,261,6.18
2091,2090,261,42.76
2845,2944,261,22.22
5140,5139,261,38.19
2356,2355,262,102.11
2363,2362,262,164.84
2391,2390,262,71.81
4437,4436,262,41.15
4138,4137,262,41.72
2279,2278,262,43.57
4941,4940,262,29.88
2471,2470,262,31.28
2570,2569,262,17.41
5750,5749,262,15.7
2447,2346,262,23.25
4139,4038,262,23.55
3941,3940,262,15.85
2670,2669,262,13.26
5340,5339,262,36.55
2451,2350,262,12.97
2456,2355,262,13.44
2373,2372,262,44.87
4538,4537,262,42.97
6159,6258,262,9.55
2458,2357,262,9.69
5951,6050,262,20.43
5549,5648,262,6.59
5239,5238,262,58.21
5976,6075,262,5.52
2465,2366,262,1.12
2350,2349,263,108.74
2545,2544,263,46.93
3742,3741,263,46.62
4237,4236,263,38.35
5040,5039,263,42.13
4336,4335,263,33.63
2744,2743,263,38.15
6153,6152,263,25.73
2645,2644,263,22.01
4040,4039,263,14.86
3842,3841,263,15.85
3244,3243,263,15.52
2446,2445,263,15.83
2447,2347,263,14.21
3145,3144,263,31.9
5850,5849,263,13.43
4139,4039,263,13.4
6260,6259,263,50.41
5341,5440,263,22.33
5547,5646,263,6.31
2099,1998,263,6.18
6168,6268,263,3.24
2767,2668,263,1.19
4840,4839,263,40.29
2349,2348,264,114.8
5238,5237,264,70.66
4137,4136,264,54.11
4038,4037,264,59.08
2362,2361,264,69.71
2183,2182,264,47.57
5139,5138,264,45.44
4739,4738,264,44.75
3640,3639,264,40.18
3440,3439,264,44.34
5542,5641,264,22.18
2455,2354,264,14.13
4638,4637,264,40.85
3539,3538,264,45.46
2459,2358,264,7.87
2462,2361,264,6.52
2400,2299,264,6.05
2190,2089,264,6.15
2361,2360,265,188.7
2644,2643,265,53.07
1998,1997,265,73.31
4236,4235,265,51.83
3741,3740,265,53.91
2346,2345,265,43.57
4940,4939,265,42.44
3940,3939,265,46.32
3441,3340,265,23.61
5542,5642,265,13.91
4537,4536,265,48.1
5339,5338,265,43.34
2844,2843,265,14.04
5977,6076,265,5.26
5138,5137,266,50.53
4037,4036,266,72.09
3538,3537,266,61.77
4136,4135,266,72.23
5039,5038,266,46.47
2743,2742,266,40.68
4335,4334,266,44.3
3841,3840,266,47.24
2445,2444,266,45.02
4436,4435,266,32.28
3439,3438,266,68.51
2360,2359,266,161.48
5340,5439,266,22.13
5950,5949,266,13.3
5544,5643,266,8.69
5644,5643,266,20.84
2372,2371,266,31.81
5237,5236,266,73.36
5880,5979,266,5.45
4300,4399,266,5.36
2378,2277,266,6.16
2189,2088,266,6.17
4839,4838,266,46.98
2345,2344,267,50.54
1997,1996,267,77.02
4235,4234,267,69.74
3740,3739,267,53.01
3340,3339,267,53.1
3939,3938,267,56.13
2182,2181,267,38.54
4738,4737,267,43.29
6152,6151,267,26.2
2470,2469,267,24.98
3438,3437,267,109.65
3441,3341,267,12.93
4637,4636,267,42.97
5978,6077,267,5.3
5338,5337,267,60.87
5236,5235,268,67.62
4334,4333,268,63.7
3840,3839,268,54
2444,2443,268,52.94
3537,3536,268,76.65
4135,4134,268,88.94
4036,4035,268,83.38
2643,2642,268,37.8
2354,2353,268,27.4
3639,3638,268,32.77
2544,2543,268,23.1
3437,3436,268,115.18
6257,6356,268,22.1
5548,5647,268,7.45
4536,4535,268,48.7
4939,4938,268,46.85
4895,4896,268,0.89
3339,3338,269,96.49
3938,3937,269,66.41
4234,4233,269,85.86
1996,1995,269,58.33
4838,4837,269,47.28
2742,2741,269,40.6
5439,5438,269,34.1
2088,2087,269,43.57
3436,3435,269,110.02
2346,2245,269,22.49
2569,2568,269,15.46
5541,5540,269,14.15
4636,4635,269,50.43
6263,6362,269,15.32
6260,6359,269,18.45
5546,5645,269,5.42
5339,5438,269,20.71
2377,2276,269,6.18
5038,5037,269,46.44
5137,5136,269,49.06
5683,5782,269,4.92
6266,6365,269,8.6
2188,2087,269,6.17
5337,5336,269,73.82
3839,3838,270,58.98
4333,4332,270,79.33
5235,5234,270,55.41
2543,2542,270,53.85
4134,4133,270,88.94
4035,4034,270,78.23
2181,2180,270,43.52
3739,3738,270,45.06
4737,4736,270,42.8
4435,4434,270,30.78
2371,2370,270,28.14
2743,2842,270,21.4
5440,5539,270,22.3
4335,4434,270,20.44
2347,2246,270,23.07
6050,6049,270,13.13
6257,6357,270,11.6
3044,3043,270,12.48
6256,6255,270,10.87
2944,2943,270,11.54
3536,3535,270,70.04
4995,5094,270,5.33
6071,6171,270,3.06
6265,6364,270,8.05
4233,4232,271,90.02
2245,2244,271,50.86
6359,6358,271,72.25
3937,3936,271,69.53
2642,2641,271,41.07
3638,3637,271,42.21
4535,4534,271,38.82
2348,2247,271,22.34
3243,3242,271,13.56
5749,5748,271,11.96
6151,6150,271,25.04
6262,6361,271,15.36
4635,4634,271,51.52
5486,5487,271,0.85
4938,4937,271,49.26
5336,5335,271,73.82
5094,5093,272,85.07
4034,4033,272,64.23
3838,3837,272,54.41
4332,4331,272,88.84
4133,4132,272,77.53
2741,2740,272,40.6
2087,2086,272,36.74
5136,5135,272,43.44
4837,4836,272,43.29
1995,1994,272,46.59
2353,2352,272,25.91
5642,5741,272,22.29
5849,5848,272,11.54
3144,3143,272,12.4
6267,6366,272,8.46
2376,2275,272,6.15
2666,2567,272,1.16
5037,5036,272,44.19
3936,3935,273,58.09
2244,2243,273,57.32
4232,4231,273,86.67
2542,2541,273,33.44
2180,2179,273,48.17
5539,5538,273,45.01
3738,3737,273,36.93
4434,4433,273,39.07
5234,5233,273,47.6
4736,4735,273,39.39
2443,2442,273,24.63
3435,3434,273,26.12
2344,2343,273,19.76
2742,2841,273,21.41
5439,5538,273,22.33
5438,5437,273,25.22
3340,3239,273,19.56
5642,5742,273,13.49
5641,5640,273,11.28
5335,5334,273,66.93
2469,2468,273,17.88
3239,3238,274,114
4132,4131,274,66.32
4331,4330,274,93.5
4033,4032,274,50.14
3637,3636,274,47.32
4937,4936,274,44.9
2641,2640,274,42.47
6364,6363,274,33.17
2370,2369,274,25.49
3338,3337,274,23.25
4634,4633,274,43.14
1994,1993,274,59.98
3337,3336,275,116.94
4433,4432,275,53.67
2243,2242,275,62.09
4231,4230,275,83.15
5036,5035,275,33.44
2740,2739,275,49.81
3837,3836,275,45.26
2275,2274,275,42.32
4836,4835,275,34.73
5135,5134,275,36.48
4534,4533,275,32.2
5334,5333,275,52.56
2348,2248,275,9.78
6260,6360,275,7.59
3336,3335,276,106.84
4330,4329,276,89.34
4131,4130,276,62.74
2179,2178,276,42.05
3737,3736,276,33.82
5538,5537,276,48.66
2841,2840,276,34.73
5640,5639,276,40.6
2442,2441,276,48.23
5233,5232,276,40.8
2541,2540,276,36.94
3935,3934,276,42.11
2086,2085,276,30.59
2352,2351,276,25.18
4735,4734,276,48.23
6255,6254,276,18.07
6049,6048,276,16.77
2741,2840,276,21.41
2245,2144,276,20.32
5540,5639,276,21.79
5438,5537,276,21.11
2451,2351,276,4.12
3535,3534,276,17.92
5585,5684,276,4.98
4993,5092,276,5.36
5437,5436,276,36.48
1993,1992,276,55.54
4230,4229,277,82.02
2274,2273,277,65.86
4432,4431,277,69.93
4032,4031,277,39.96
4936,4935,277,33.37
2468,2467,277,25.68
2246,2145,277,23.17
6357,6456,277,21.49
2842,2941,277,22.29
5539,5638,277,20.22
5234,5133,277,21.37
4633,4632,277,45.61
6256,6355,277,8.43
6154,6253,277,8.3
6153,6252,277,8.25
6170,6269,277,7.44
2640,2639,277,46.15
2739,2738,277,72.99
4329,4328,278,84.99
2085,2084,278,58.86
4130,4129,278,65.24
2144,2143,278,55.77
3335,3334,278,93.85
4835,4834,278,39.29
4533,4532,278,40.13
2343,2342,278,22.32
5135,5034,278,23.58
2247,2146,278,20.91
4734,4733,278,53.31
2842,2942,278,13.5
5333,5332,278,43.42
2357,2256,278,9.17
4634,4733,278,20.77
2356,2255,278,8.68
5644,5743,278,8.68
2840,2839,278,53.1
4229,4228,279,84.43
4431,4430,279,79.96
1992,1991,279,37.66
2540,2539,279,39.52
5232,5231,279,38.11
5537,5536,279,41.15
2242,2241,279,25.55
3836,3835,279,32.78
2255,2254,279,109.28
2369,2368,279,20.37
4033,3932,279,20.55
3936,3835,279,17.85
3242,3241,279,13.61
4034,3933,279,15.87
3340,3240,279,7.41
6150,6149,279,14.26
5949,5948,279,7.92
2639,2638,279,55.91
6073,6172,279,7.08
5436,5435,279,48.82
2143,2142,280,59.27
4532,4531,280,51.75
4129,4128,280,58.77
4328,4327,280,83.8
2084,2083,280,72.48
5133,5132,280,35.03
2273,2272,280,47.03
2738,2737,280,39.61
3736,3735,280,31.79
2441,2440,280,31.69
3238,3237,280,17.02
3636,3635,280,18.81
2841,2940,280,22.3
5640,5739,280,21.41
2442,2341,280,21.17
5233,5132,280,23.08
2541,2440,280,23.56
3935,3834,280,22.82
4632,4631,280,40.34
6357,6457,280,10.47
2350,2249,280,8.05
3536,3635,280,12.39
2839,2838,280,96.08
4228,4227,281,85.27
2638,2637,281,72.57
5435,5434,281,53.15
4430,4429,281,76.63
4834,4833,281,47.57
4031,4030,281,32.28
4935,4934,281,33.08
5134,5033,281,23.6
4032,3931,281,23.22
5538,5637,281,19.04
3143,3142,281,11.62
5332,5331,281,41.61
2241,2240,281,57.15
6359,6458,281,11.87
5334,5433,281,17.71
5641,5740,281,8.52
4733,4732,281,49.87
6152,6251,281,8.2
2091,1990,281,6.16
3834,3833,282,63.17
4327,4326,282,88.42
2083,2082,282,59.14
3237,3236,282,61.77
2142,2141,282,63.08
2838,2837,282,55.62
4531,4530,282,55.87
2737,2736,282,54.51
6048,6047,282,19.62
2178,2177,282,19.86
2248,2147,282,23.27
5848,5847,282,10.1
3434,3433,282,11.59
3043,3042,282,8.56
5333,5432,282,20.69
2539,2538,282,45.18
6074,6173,282,6.67
5536,5535,282,33.89
2400,2300,282,2.29
2940,2939,282,62.23
3931,3930,283,64.53
4227,4226,283,77.27
2637,2636,283,95.04
4429,4428,283,71.34
2440,2439,283,35.41
4128,4127,283,48.09
5132,5131,283,34.66
2341,2340,283,43.59
2368,2367,283,30.67
5133,5032,283,23.61
2540,2439,283,23.29
5232,5131,283,23.46
2441,2340,283,23.39
4631,4630,283,36.17
5537,5636,283,21.29
2254,2253,283,33.17
2248,2148,283,14.16
5748,5747,283,8.61
5648,5747,283,7.01
2358,2257,283,7.83
2364,2263,283,6.11
2939,2938,283,118.47
3833,3832,284,95.94
4326,4325,284,90.56
2837,2836,284,51.65
2736,2735,284,58.76
2082,2081,284,64.03
1990,1989,284,33.54
2272,2271,284,31.72
4833,4832,284,43.41
3433,3432,284,57.25
2144,2043,284,18.64
4632,4731,284,21.47
4732,4731,284,35.62
6355,6354,284,16.09
2938,2937,284,136.44
2538,2537,284,53.71
4530,4529,284,51.21
6267,6367,284,3.46
2941,3040,284,22.32
2240,2239,284,42.7
2090,1989,284,6.18
4226,4225,285,57.17
2263,2262,285,60.69
4428,4427,285,69.2
5432,5431,285,42.59
4934,4933,285,30.75
3635,3634,285,20.49
5231,5230,285,17.72
3835,3734,285,23.61
3241,3140,285,23.61
5034,4933,285,22.06
3334,3333,285,16.43
5332,5431,285,21.17
5094,5193,285,9.46
6149,6148,285,18.96
2365,2264,285,6.15
6151,6250,285,8.31
2366,2265,285,6.17
2941,3041,285,13.31
3040,3039,286,75.87
3832,3831,286,51.27
2937,2936,286,64.73
2735,2734,286,57.8
2081,2080,286,53.7
5032,5031,286,38.38
5131,5130,286,39.8
2340,2339,286,34.02
2439,2438,286,42.43
2636,2635,286,42.14
4127,4126,286,36.57
4030,4029,286,21.95
2440,2339,286,23.61
5132,5031,286,23.61
3932,3831,286,21.74
4130,4029,286,15.56
6365,6464,286,8.45
2537,2536,286,65.27
4325,4324,286,73.98
2539,2438,286,22.07
2362,2261,286,5.97
6356,6455,286,7.87
5536,5635,286,22.33
5646,5745,286,6.34
5535,5534,286,29.68
2198,2199,286,1.16
4630,4629,286,42.3
3039,3038,287,127.24
5193,5192,287,93.13
3140,3139,287,79.59
1989,1988,287,37.87
2836,2835,287,44.96
4731,4730,287,35.27
4832,4831,287,38.65
3930,3929,287,30.3
4427,4426,287,71.46
3236,3235,287,22.58
6047,6046,287,22.22
5033,4932,287,23.6
4128,4027,287,21.21
3241,3141,287,12.51
6457,6556,287,21.41
2143,2042,287,17.46
4129,4028,287,17.62
5331,5330,287,17.81
4631,4730,287,22.18
2253,2252,287,29.01
2241,2140,287,18.17
2089,1988,287,6.18
1998,1897,287,5.93
3432,3431,287,42.8
4529,4528,287,49.69
5190,5289,287,5.12
3534,3533,287,9.19
2141,2140,287,24.08
2239,2238,287,39.93
3139,3138,288,122.23
3929,3928,288,111.57
3831,3830,288,70.1
2734,2733,288,60.68
5230,5229,288,39.94
6354,6353,288,26.62
2271,2270,288,26.17
2177,2176,288,17.54
3038,3037,288,111.41
2261,2260,288,70.88
5647,5746,288,7.29
2359,2258,288,6.53
5644,5744,288,3.75
2240,2139,288,22.69
3138,3137,289,112.29
3533,3532,289,66.91
4027,4026,289,62.88
4528,4527,289,51.05
3235,3234,289,73.23
1988,1987,289,51.33
5031,5030,289,40.05
4126,4125,289,33.36
2635,2634,289,48.78
3634,3633,289,27.13
3734,3733,289,27.65
4127,4026,289,23.58
5432,5531,289,20.92
2147,2046,289,20.26
2260,2259,289,188.58
3834,3733,289,16.2
3237,3136,289,16.64
2142,2041,289,16.22
4629,4628,289,43.84
2351,2250,289,11.28
1897,1896,289,71.25
2438,2437,289,47.21
5742,5841,289,8.86
4225,4224,289,32.68
5741,5840,289,8.39
6366,6465,289,8.8
6364,6463,289,7.61
4426,4425,289,72.35
2536,2535,289,33.94
2088,1987,289,6.16
2339,2338,289,40.77
5534,5533,289,33.65
5535,5634,289,22.12
3830,3829,290,74.37
4932,4931,290,40.83
2835,2834,290,37.21
4831,4830,290,40.14
4730,4729,290,41.73
2080,2079,290,29.85
6250,6249,290,21.76
2148,2047,290,23.56
5032,4931,290,23.43
5847,5846,290,12.51
6457,6557,290,10.35
5330,5329,290,44.39
3433,3332,290,18.14
2248,2149,290,10.1
2733,2732,290,52.87
6148,6147,290,20.99
3431,3430,290,33.89
2099,1999,290,2.02
6076,6175,290,5.84
4630,4729,290,21
5840,5839,291,57.88
1987,1986,291,53.88
4026,4025,291,91.12
3928,3927,291,41.82
2139,2138,291,43.84
2238,2237,291,30.64
5192,5191,291,25.16
5431,5430,291,17.59
2148,2048,291,13.35
5739,5738,291,9.11
2252,2251,291,26.78
4425,4424,291,69.2
6048,5947,291,9.59
2144,2044,291,6.83
3037,3036,291,41.2
4324,4323,291,21.42
1996,1895,291,6.07
5948,5947,291,8.66
3432,3331,291,22.67
3432,3531,291,20.86
4527,4526,291,55.09
2634,2633,291,54.25
1896,1895,291,53.91
2041,2040,291,60.98
2239,2138,291,23.22
4025,4024,292,108.15
3927,3926,292,127.06
3829,3828,292,62.13
3136,3135,292,49.69
3733,3732,292,36.92
2936,2935,292,19.49
5230,5129,292,23.22
4628,4627,292,43.18
4224,4223,292,40.6
4225,4124,292,23.5
6171,6270,292,6.47
6077,6176,292,5.75
2535,2534,292,38.59
4398,4498,292,1.75
2338,2337,292,38.71
3926,3925,293,149.47
5839,5838,293,55.43
4729,4728,293,40.91
4830,4829,293,40.75
4931,4930,293,40.83
2079,2078,293,33.46
3234,3233,293,32.12
2270,2269,293,23.64
6353,6352,293,20.34
5031,4930,293,23.21
6455,6454,293,15.51
5432,5532,293,9.74
4424,4423,293,64.33
4629,4728,293,20.57
6360,6459,293,7.97
6363,6462,293,7.63
6175,6174,293,49.85
2370,2269,293,6.16
6355,6454,293,8.93
2276,2175,293,6.1
1995,1894,293,6.15
5979,6078,293,5.33
3431,3330,293,23.58
4526,4525,293,59.69
5534,5633,293,22.34
2732,2731,293,41.57
4300,4400,293,1.83
2633,2632,293,54.36
4124,4123,294,72.48
4024,4023,294,70.87
3828,3827,294,57.13
3531,3530,294,33.37
2237,2236,294,35.75
5430,5429,294,44.54
4323,4322,294,48.04
3430,3429,294,30.33
3135,3134,294,59.31
2238,2137,294,23.22
6046,6045,294,16.29
5743,5842,294,8.86
5330,5429,294,20.41
6456,6555,294,8.34
5638,5737,294,8.47
6269,6368,294,8.72
5742,5842,294,4.91
2537,2436,294,15.56
3431,3530,294,22.33
4497,4597,294,1.8
2437,2436,294,24.79
5781,5881,294,1.75
3827,3826,295,172.91
1894,1893,295,53.41
2337,2336,295,35.41
3732,3731,295,48.5
2834,2833,295,22.32
6147,6146,295,22.89
6249,6248,295,20.66
5846,5845,295,20.13
5030,5029,295,16.99
5531,5530,295,17.39
5229,5228,295,15.09
2139,2038,295,22.42
4423,4422,295,62.74
4627,4626,295,46.62
2086,1985,295,6.18
2275,2174,295,6.17
4525,4524,295,58.69
2534,2533,295,39.19
2632,2631,295,50.57
2631,2630,296,137.2
4322,4321,296,53.61
3330,3329,296,33.49
4829,4828,296,40.67
2078,2077,296,38
4728,4727,296,39.04
3925,3924,296,42.14
4930,4929,296,40.02
3134,3133,296,61.56
2040,2039,296,22.85
4223,4222,296,31.59
3332,3231,296,23.61
3136,3035,296,20.7
2046,2045,296,16.14
4123,4122,296,52.97
4628,4727,296,20.76
2255,2154,296,8
6362,6461,296,5.41
2731,2730,296,34.36
2436,2435,296,52.88
5486,5586,296,1.62
2154,2153,297,115.31
2630,2629,297,136.56
2174,2173,297,56.48
5737,5736,297,38.54
3429,3428,297,37.7
2236,2235,297,40.69
2935,2934,297,21.53
2237,2136,297,23.61
4524,4523,297,57.61
3430,3529,297,22.2
4626,4625,297,51.38
4422,4421,297,64.07
6454,6453,297,27.72
6047,5946,297,9.47
5329,5328,297,15.71
5880,5980,297,1.74
2629,2628,298,141.92
4321,4320,298,74.43
2336,2335,298,38.11
3731,3730,298,47.79
5029,5028,298,36.37
2269,2268,298,24.13
3233,3232,298,23.2
5738,5837,298,22.31
3531,3630,298,22.34
5430,5529,298,20.36
2047,1946,298,19.11
3633,3632,298,12.1
5840,5939,298,15.9
3332,3232,298,12.6
3533,3632,298,13.19
6251,6350,298,8.37
3331,3230,298,22.95
2533,2532,298,40.8
2369,2268,298,6.11
6366,6466,298,3.96
6361,6460,298,5.41
2256,2155,298,7.17
2041,1940,298,16.89
1993,1892,298,6.09
2628,2627,299,122.5
2153,2152,299,99.19
3329,3328,299,42.21
4929,4928,299,39.49
4828,4827,299,36.85
4727,4726,299,40.32
1985,1984,299,27.66
4625,4624,299,55.8
3826,3825,299,29.89
4523,4522,299,59.24
2833,2832,299,30.72
5633,5632,299,19.39
5129,5128,299,15.1
3531,3631,299,12.8
2048,1947,299,19.86
6352,6351,299,19.68
6045,6044,299,22.92
4122,4121,299,44.39
2148,2049,299,9.24
1992,1891,299,6.18
4995,5095,299,1.79
2173,2172,300,44.28
5736,5735,300,43.14
2730,2729,300,26.17
2077,2076,300,26.86
5845,5844,300,20.09
6248,6247,300,21.78
6146,6145,300,23.94
6555,6554,300,19.71
5429,5428,300,17.99
4023,4022,300,19.89
3330,3229,300,23.56
3133,3132,300,25.35
5839,5938,300,16.72
5636,5735,300,8.55
2235,2234,300,41.06
1940,1939,300,61.35
5532,5631,300,21.32
2627,2626,301,69.29
1984,1983,301,63.12
2268,2267,301,42.8
2335,2334,301,45.99
2152,2151,301,81.5
2934,2933,301,31.57
6453,6452,301,36.23
3529,3528,301,25.22
3924,3923,301,17.17
4222,4221,301,34.09
5228,5227,301,15.79
5737,5836,301,25.4
3429,3528,301,23.78
3530,3629,301,25.02
5842,5941,301,25.14
2236,2135,301,15.7
2435,2434,301,27.96
3135,3034,301,10.35
6457,6558,301,4.78
2532,2531,301,38.59
5683,5783,301,1.79
2729,2728,302,62.56
1939,1938,302,62.58
4928,4927,302,44.07
4827,4826,302,44.41
6350,6349,302,30.17
5938,5937,302,58.04
4121,4120,302,37.31
5193,5292,302,14.79
6250,6349,302,10.38
4421,4420,302,16.67
5635,5734,302,10.75
5094,5194,302,4.67
2234,2233,302,51.7
5631,5630,302,56.06
3034,3033,303,60.37
5227,5226,303,64.19
1983,1982,303,62.97
6554,6553,303,38.14
3229,3228,303,35.36
2172,2171,303,37.33
3825,3824,303,28.47
3730,3729,303,27.02
4320,4319,303,17.37
3329,3228,303,20.68
5941,5940,303,55.03
2832,2831,303,31.93
2151,2150,303,89.25
3231,3130,303,19.64
4524,4623,303,21.48
4626,4725,303,21.37
6044,6043,303,28.26
5328,5327,303,16.25
5743,5843,303,3.67
2038,2037,303,14.56
1991,1890,303,4.62
6172,6271,303,8.28
2267,2266,304,45.35
2626,2625,304,47.14
6452,6451,304,33.84
3629,3628,304,33.46
2076,2075,304,26.31
4221,4220,304,34.14
5836,5835,304,36.93
6145,6144,304,31.59
6247,6246,304,30.97
5028,5027,304,22.04
5529,5528,304,16.43
3132,3131,304,28.5
5837,5936,304,25.59
3428,3427,304,14
5736,5835,304,25.39
3529,3628,304,22.4
5946,5945,304,15.43
5842,5942,304,10.8
2334,2333,304,40.91
2048,1948,304,8.05
4422,4521,304,22.2
6556,6655,304,10.1
4122,4021,304,14.6
6173,6272,304,8.79
6464,6563,304,9.67
2135,2134,304,46.77
2233,2232,305,49.56
1938,1937,305,46.99
2933,2932,305,26.44
4827,4926,305,24.73
4625,4724,305,20.92
2434,2433,305,25.56
1982,1981,305,65.83
4523,4622,305,22.3
6465,6564,305,10.35
1946,1945,305,14.85
5734,5733,305,47.05
5327,5326,305,69.53
3230,3129,305,20.1
2257,2156,305,4.45
5634,5733,305,10.74
5528,5527,306,70.25
4021,4020,306,52.2
3033,3032,306,33.99
6553,6552,306,37.04
5735,5834,306,25.3
6349,6348,306,28.99
5128,5127,306,14.84
2134,2133,306,52.92
6557,6656,306,10.57
6249,6348,306,10.45
4121,4020,306,20.24
6556,6656,306,5.43
1990,1889,306,4.68
5630,5629,306,27.78
5632,5731,306,22.76
6655,6654,307,33.68
3729,3728,307,32.88
3228,3227,307,29.99
3824,3823,307,29.28
2171,2170,307,30.04
4826,4825,307,23.71
2626,2725,307,23.98
1981,1980,307,64.17
3629,3728,307,25.24
5428,5427,307,16.64
3229,3128,307,20.64
3328,3327,307,12.55
5836,5935,307,25.59
5936,5935,307,48.48
5733,5732,307,51.67
5326,5325,307,72.2
1947,1846,307,19.26
2531,2530,307,19.48
6043,6042,307,28.41
6563,6562,307,37.3
2333,2332,307,38.62
5631,5730,307,20.53
5527,5526,308,81.01
2232,2231,308,45.07
6451,6450,308,26.03
2625,2624,308,32.28
2075,2074,308,28.54
5945,5944,308,29.77
6144,6143,308,29.63
6246,6245,308,32.28
2728,2727,308,17.24
3528,3527,308,14.58
2133,2132,308,57.8
5941,6040,308,20.97
5938,6037,308,19.66
5292,5291,308,16.9
5734,5833,308,24
3923,3922,308,16.46
4420,4419,308,16.97
2831,2830,308,23.32
5427,5426,309,75.48
5935,5934,309,52.56
3823,3822,309,62.19
4926,4925,309,26.12
2932,2931,309,25.66
5226,5225,309,17.37
4623,4722,309,25.23
2729,2828,309,17.67
2627,2726,309,14.83
2433,2432,309,25.28
5325,5324,309,69.08
4120,4119,309,14.76
6175,6274,309,8.75
5585,5685,309,1.81
5730,5729,309,68.62
6037,6036,310,74.73
2332,2331,310,42.93
2725,2724,310,36.55
6654,6653,310,39.14
3032,3031,310,30.69
6552,6551,310,26.54
2625,2724,310,25.01
3427,3426,310,17.57
6348,6347,310,30.62
3228,3127,310,21.07
1980,1979,310,44.74
2626,2525,310,16.96
5194,5293,310,18.87
4319,4318,310,15.7
2132,2131,310,53.19
6248,6347,310,10.37
6174,6273,310,9.76
3130,3029,310,20.97
6368,6467,310,10.08
3128,3127,310,33.85
1947,1847,310,9.47
1989,1888,310,4.64
2263,2162,310,4.19
2041,1941,310,3.64
2135,2034,310,17.1
5225,5224,311,72.07
5526,5525,311,35.91
2074,2073,311,47.7
2231,2230,311,39.21
4825,4824,311,27.43
6042,6041,311,27.68
2170,2169,311,29.26
4622,4621,311,19.76
2625,2524,311,21.02
5027,5026,311,15.08
4521,4520,311,15.09
4220,4219,311,16.66
2037,2036,311,13.62
1938,1837,311,17.02
5324,5323,311,75.32
5729,5728,311,73.41
5936,6035,311,23.54
5833,5832,311,33.88
3822,3821,311,62.19
6562,6561,311,28.63
2162,2161,312,58.16
2034,2033,312,50.91
5934,5933,312,33.99
5426,5425,312,34.45
2828,2827,312,38.18
5944,5943,312,28.51
3728,3727,312,21.61
5629,5628,312,17.18
6245,6244,312,32.65
4724,4723,312,15.79
3129,3028,312,20.37
1937,1936,312,14.49
3628,3627,312,13.81
5939,6038,312,10.68
5940,6039,312,17.07
5291,5290,312,31.54
6270,6369,312,8.38
1945,1944,312,16.04
3130,3030,312,12.25
5289,5388,312,6.88
2264,2163,312,4.28
2265,2164,312,4.34
6269,6369,312,2.94
1940,1839,312,9.64
5224,5223,313,77.97
3821,3820,313,61.85
5525,5524,313,65.92
2331,2330,313,41.16
6653,6652,313,36.17
4925,4924,313,31.48
6450,6449,313,24.28
2332,2431,313,25.06
2725,2824,313,25.57
5127,5126,313,15.82
1939,1838,313,11.01
5832,5831,313,61.36
3127,3126,313,38.27
6350,6449,313,10.33
6078,6177,313,7.96
2131,2130,313,46.52
6466,6565,313,10.23
2530,2529,313,19.87
6176,6275,313,7.84
2432,2431,313,26.19
2830,2829,313,20.57
5425,5424,314,66.15
2033,2032,314,57.8
2161,2160,314,92.35
2169,2168,314,37.18
2073,2072,314,41.34
1837,1836,314,42.46
6551,6550,314,25.45
1979,1978,314,31.21
5935,6034,314,22
4020,4019,314,13.81
6347,6346,314,31.64
5528,5627,314,14.45
4021,3920,314,14.92
2230,2229,314,38.7
6247,6346,314,10.27
6460,6559,314,9.58
4400,4499,314,7.48
3128,3027,314,20.87
1988,1887,314,4.53
2931,2930,314,23.46
5728,5727,314,36.63
5524,5523,315,68.58
2827,2826,315,40.55
5933,5932,315,36.06
2726,2825,315,24.55
2828,2927,315,25.59
3527,3526,315,16.58
3227,3226,315,12.99
2725,2825,315,12.93
4419,4418,315,15.74
2626,2526,315,7.53
2627,2526,315,8.92
1897,1796,315,4.29
3922,3921,315,16.48
2135,2035,315,7.63
2160,2159,316,92.31
5424,5423,316,73.04
2032,2031,316,56.4
6244,6243,316,31.47
2331,2430,316,25.35
4722,4721,316,15.82
2624,2623,316,13.53
3327,3326,316,11.7
2431,2430,316,46.21
6349,6448,316,10.41
4318,4317,316,17.48
1846,1845,316,11.35
5831,5830,316,41
2130,2129,316,49.45
1796,1795,317,53.26
2168,2167,317,45.16
2072,2071,317,35.75
5627,5626,317,39.3
1836,1835,317,43.11
6652,6651,317,25.8
2330,2329,317,33.2
3727,3726,317,22.91
4824,4823,317,16.81
4119,4118,317,13.41
2524,2523,317,19.06
2230,2329,317,25.57
2525,2424,317,21.07
5980,6079,317,7.69
5323,5322,317,18.29
3027,3026,317,42.02
2229,2228,317,49.5
1987,1886,317,4.5
3029,2928,317,21.06
6043,6142,317,10.46
5727,5726,317,35.67
1896,1795,317,4.42
5730,5829,317,15.1
2031,2030,318,51.02
5423,5422,318,78.16
2159,2158,318,91.69
2927,2926,318,40.36
6550,6549,318,29.88
2827,2926,318,25.42
6346,6345,318,32.97
1978,1977,318,32.64
5026,5025,318,16.21
2724,2723,318,14.09
3426,3425,318,14.02
4520,4519,318,15.29
5932,5931,318,40.62
6246,6345,318,10.17
2525,2425,318,13.34
4219,4218,318,14.53
6557,6657,318,3.57
3029,2929,318,13.45
2329,2328,319,51.25
2129,2128,319,43.92
2330,2429,319,25.19
5223,5222,319,18.22
4924,4923,319,17.38
5126,5125,319,16.68
5626,5625,319,71.83
3627,3626,319,16.13
1936,1935,319,14.91
6561,6560,319,12.63
4621,4620,319,13.15
1837,1736,319,18.71
6655,6754,319,10.07
5322,5321,319,53.83
1948,1848,319,6.88
5726,5725,319,58.45
1986,1885,319,4.81
2048,1949,319,5.4
1999,1898,319,4.38
2529,2528,319,18.59
1847,1746,319,17.65
6563,6662,319,9.8
1944,1943,319,16.54
2158,2157,320,92.35
2030,2029,320,52.97
5422,5421,320,53.47
1795,1794,320,45.73
2167,2166,320,45.44
1835,1834,320,48.48
6448,6447,320,31.87
5931,5930,320,73.11
6034,6033,320,16.84
3820,3819,320,15.52
5525,5624,320,16.22
2034,1933,320,15.44
6037,6136,320,12.73
3823,3722,320,11.14
6656,6755,320,10.79
6348,6447,320,10.3
5194,5294,320,5.85
6564,6663,320,9.91
5729,5828,320,13.22
1895,1794,320,4.48
5829,5828,320,44.89
2128,2127,321,52.64
5222,5221,321,56.97
5025,5024,321,34.27
2926,2925,321,39.43
6142,6141,321,29.86
2071,2070,321,30.4
2826,2925,321,25.43
5523,5522,321,18.1
3920,3919,321,15.22
2824,2823,321,14.13
1977,1976,321,36.22
4418,4417,321,17.6
6345,6344,321,33.66
6042,6141,321,10.51
2328,2327,321,84.16
5783,5882,321,7.15
6271,6370,321,8.23
2029,2028,322,52.11
1933,1932,322,58.81
1834,1833,322,54.86
6033,6032,322,68.07
6754,6753,322,37.53
5725,5724,322,42.82
6651,6650,322,24.8
1736,1735,322,39.45
1836,1735,322,18.48
1838,1737,322,16.27
5624,5623,322,55.6
6654,6753,322,9.66
6549,6548,322,29.63
5321,5320,322,36.51
2152,2051,322,5.99
4317,4316,322,19.55
2153,2052,322,5.38
3126,3125,322,12.16
3822,3721,322,11.14
2228,2227,322,20.06
6272,6371,322,8.19
3722,3721,322,62.19
5828,5827,322,76.87
2127,2126,323,81.21
5930,5929,323,46.59
2166,2165,323,48.34
5421,5420,323,47.96
2424,2423,323,18.25
3726,3725,323,16.89
4823,4822,323,16.71
4118,4117,323,16.77
4721,4720,323,16.11
2623,2622,323,14.37
3526,3525,323,14.28
1845,1844,323,15.4
1794,1793,323,37.43
6467,6566,323,11.71
2327,2326,323,74.71
1894,1793,323,4.38
5292,5391,323,7.06
6274,6373,323,10.22
1847,1747,323,8.04
1833,1832,324,59.05
2051,2050,324,92.15
3721,3720,324,64.3
2227,2226,324,92.03
1932,1931,324,60.95
5221,5220,324,40.36
6447,6446,324,32.74
4218,4217,324,16.99
2926,3025,324,25.53
2329,2428,324,22.52
1835,1934,324,23.54
3326,3325,324,13.39
2035,1934,324,17.2
3226,3225,324,11.68
6559,6658,324,14.5
4019,4018,324,11.1
5623,5622,324,72.23
3821,3720,324,11.26
5320,5319,324,52.43
6347,6446,324,10.22
2628,2527,324,5.51
5827,5826,324,69.52
2326,2325,325,53.12
2028,2027,325,45.71
5724,5723,325,44.13
2070,2069,325,31.22
1735,1734,325,40.74
6136,6135,325,20.44
5725,5824,325,25.08
5125,5124,325,17.39
1976,1975,325,26.59
4923,4922,325,16.95
2425,2324,325,20.68
5422,5521,325,21.63
2723,2722,325,14.35
3425,3424,325,14.56
6344,6343,325,33.28
1839,1738,325,10.91
6653,6752,325,9.88
5726,5825,325,19.48
2525,2426,325,10.02
2154,2053,325,4.61
1985,1884,325,4.52
1893,1792,325,4.55
2523,2522,325,13.49
5487,5587,325,2
1940,1840,325,3.61
4896,4996,325,1.87
1943,1942,325,16.72
2226,2225,326,88.19
1832,1831,326,58.81
1931,1930,326,59.13
6650,6649,326,29.8
6548,6547,326,33.1
5421,5520,326,23.71
3626,3625,326,14.76
2031,1930,326,15.39
4620,4619,326,15.54
5929,5928,326,46.66
4417,4416,326,20.13
6373,6372,326,42.81
6662,6661,326,16.56
6273,6372,326,9.09
6562,6661,326,7.45
5723,5722,327,59.1
5124,5123,327,79.65
1734,1733,327,50.91
3725,3724,327,26.27
4822,4821,327,26.68
5024,5023,327,17.75
3819,3818,327,15.66
1746,1745,327,14
6446,6445,327,33.67
6243,6242,327,9.74
1736,1635,327,19.68
5391,5390,327,33.24
5291,5390,327,7.49
1892,1791,327,4.83
1930,1929,328,61.77
1831,1830,328,67.16
2225,2224,328,78.03
2069,2068,328,41.91
5824,5823,328,40.55
5724,5823,328,24.8
6032,6031,328,17.52
3919,3918,328,14.73
2030,1929,328,14.61
4519,4518,328,11.01
6565,6664,328,10.1
4316,4315,328,19.73
6275,6374,328,9.92
5928,5927,328,71.31
1733,1732,329,58.9
4922,4921,329,26.51
2126,2125,329,19.67
5420,5419,329,16.76
4117,4116,329,19.24
2423,2422,329,18.53
2925,2924,329,13.49
1975,1974,329,25.03
5221,5120,329,19.4
2823,2822,329,13.22
1884,1883,329,32.38
6752,6751,329,31.41
5390,5389,329,68.03
5931,6030,329,13.34
6547,6546,329,34.07
5685,5784,329,7.16
5320,5419,329,22.06
6656,6756,329,4.39
2155,2054,329,4.45
6661,6660,329,44.62
1891,1790,329,4.68
2224,2223,330,66.53
1830,1829,330,81.33
1929,1928,330,61.03
5823,5822,330,52.2
5927,5926,330,54.09
1635,1634,330,35.77
6649,6648,330,30.91
3625,3624,330,25.75
2027,2026,330,23.24
4018,4017,330,16.92
4217,4216,330,19.21
6445,6444,330,34.31
1747,1647,330,14.6
1747,1646,330,20.7
3525,3524,330,15.3
4720,4719,330,16.64
2622,2621,330,14.37
1735,1634,330,19.28
2029,1928,330,14.95
6033,6132,330,15.33
5222,5121,330,13.04
1844,1843,330,16.23
5622,5621,330,17.65
1736,1636,330,9.93
2428,2427,330,19.3
5319,5318,330,16.85
1848,1748,330,9.9
6369,6468,330,8.07
4116,4115,331,86.82
1732,1731,331,52.55
2125,2124,331,75.25
2068,2067,331,45.44
4315,4314,331,40.33
5824,5923,331,25.42
6135,6134,331,18.24
5825,5924,331,25.44
3720,3719,331,16.12
5220,5219,331,15.11
2028,1927,331,17.51
1883,1882,331,58.02
6142,6241,331,10.35
4416,4415,331,20.37
3823,3723,331,4.28
5293,5392,331,6.8
3125,3124,331,11.59
5826,5925,331,23.21
1829,1828,332,80.73
5822,5821,332,76.42
2026,2025,332,51.25
4821,4820,332,24.51
5520,5519,332,19.9
3424,3423,332,14.5
2722,2721,332,14.3
3325,3324,332,14.13
1974,1973,332,39.3
6566,6665,332,15.99
6141,6140,332,9.74
3225,3224,332,13.55
6546,6545,332,34.18
2324,2323,332,15.23
3025,3024,332,13.38
1731,1730,333,72.35
1927,1926,333,51.23
2124,2123,333,65.12
1646,1645,333,44.4
6648,6647,333,34.38
1634,1633,333,46.33
4017,4016,333,46.19
3818,3817,333,18.01
5123,5122,333,17.82
5023,5022,333,17.37
5722,5721,333,18.97
4619,4618,333,16.48
2027,1926,333,19.92
1882,1881,333,70.16
6751,6750,333,29.71
4216,4215,333,45.56
1890,1789,333,4.78
2522,2521,333,13.38
5094,5195,333,2.61
3722,3621,333,11.14
2025,2024,334,65.85
1828,1827,334,71.72
5821,5820,334,68.85
6140,6139,334,65.52
2067,2066,334,46.53
4115,4114,334,39.09
4921,4920,334,23.76
5120,5119,334,22.29
5519,5518,334,90.43
3918,3917,334,17.44
1635,1534,334,20.57
6754,6853,334,9.78
6663,6762,334,10.15
4499,4598,334,7.38
4415,4414,334,43.03
5721,5720,335,64.29
1730,1729,335,85.62
4016,4015,335,86.82
1633,1632,335,58.22
3817,3816,335,88.02
5022,5021,335,61.31
4314,4313,335,32.33
1973,1972,335,34.89
5923,5922,335,25.52
5419,5418,335,17.79
1881,1880,335,72.15
5823,5922,335,22.15
5927,6026,335,21.37
1745,1744,335,13.95
6545,6544,335,35.11
1738,1637,335,15.09
6030,6029,335,18.48
6343,6342,335,10.42
4518,4517,335,16
6755,6854,335,9.82
6079,6178,335,8.14
1737,1637,335,8.01
3621,3620,335,64.47
5820,5819,336,78.22
2024,2023,336,73.39
1827,1826,336,64.22
1926,1925,336,38.11
6647,6646,336,35.39
5518,5517,336,91.04
6132,6131,336,18
5621,5620,336,18.98
4719,4718,336,17
2822,2821,336,14.95
1635,1535,336,11.23
1747,1648,336,11.53
4215,4214,336,39.02
6650,6749,336,10.36
6344,6443,336,10.1
5318,5317,336,17.73
5926,6025,336,25.59
1948,1849,336,4.54
2156,2055,336,4.59
1848,1849,336,6.24
1880,1879,337,64.44
5720,5719,337,60.5
1729,1728,337,90.06
5922,5921,337,69.14
4114,4113,337,43.95
2066,2065,337,48.48
1534,1533,337,41.11
3917,3916,337,47.67
6029,6028,337,79.99
6134,6133,337,17.37
5924,6023,337,25.54
3624,3623,337,15.85
3524,3523,337,15.21
2924,2923,337,13.31
1789,1788,337,26.59
1843,1842,337,16.61
1839,1739,337,4.17
1889,1788,337,4.7
3816,3815,337,81.72
5925,6024,337,25.53
6371,6470,337,9.76
5928,6027,337,14.03
6370,6469,337,8.87
5819,5818,338,68.29
1925,1924,338,83.73
5620,5619,338,91.9
4015,4014,338,38.11
6853,6852,338,26.4
6762,6761,338,29.35
5517,5516,338,80.65
5219,5218,338,16.06
3719,3718,338,16.25
2621,2620,338,13.63
1646,1545,338,18.01
2223,2222,338,12.65
6544,6543,338,35.75
1632,1631,338,43.79
6660,6659,338,12.38
6037,6137,338,3.44
6374,6473,338,15.6
2065,2064,339,50.4
1533,1532,339,56.31
5921,5920,339,56.18
1728,1727,339,85.3
1972,1971,339,32.99
4313,4312,339,28.28
5119,5118,339,23.64
2123,2122,339,17.33
2721,2720,339,14.79
4820,4819,339,16.07
4618,4617,339,16.71
2422,2421,339,10.81
3423,3422,339,14.89
6752,6851,339,10.24
2323,2322,339,15.59
5317,5316,339,33.45
6373,6472,339,9.41
1941,1841,339,3.48
2099,2100,339,1.04
3124,3123,339,13.44
1545,1544,340,52.83
5619,5618,340,78.89
1924,1923,340,85.6
3916,3915,340,44.21
1879,1878,340,40.52
1826,1825,340,31.63
6646,6645,340,27.87
5021,5020,340,23.43
6749,6748,340,32.65
6139,6138,340,18.51
3324,3323,340,13.63
1647,1546,340,15.24
1636,1536,340,10.19
5121,5020,340,15.63
6649,6748,340,10.27
3024,3023,340,13.33
4214,4213,340,32.63
5294,5393,340,7.12
4113,4112,340,42.41
3224,3223,340,12.93
4414,4413,340,17.44
1848,1749,340,6.83
1727,1726,341,75.07
5920,5919,341,80.51
5818,5817,341,47.47
4014,4013,341,45.09
5418,5417,341,18.63
4920,4919,341,16.11
1645,1644,341,13.12
4517,4516,341,18.85
6140,6239,341,16.39
6241,6240,341,10.79
3620,3619,341,16.75
1738,1638,341,6.32
1788,1787,341,26.81
6472,6471,341,79.65
1888,1787,341,4.66
6761,6760,341,44.12
6023,6022,341,27.68
5618,5617,342,91.5
2064,2063,342,49.5
5719,5718,342,20.36
2023,2022,342,17.04
6131,6130,342,19.65
4718,4717,342,17.49
1744,1743,342,15.4
6026,6126,342,16.17
6026,6125,342,22.95
6543,6542,342,28
1534,1433,342,19.17
6025,6124,342,24.51
5391,5490,342,7.51
2521,2520,342,12.16
4112,4111,342,75.72
2300,2200,342,1.59
5919,5918,343,83.81
6239,6238,343,70.5
1971,1970,343,32.17
6851,6850,343,29.03
4312,4311,343,28.45
6748,6747,343,34.9
1826,1725,343,21.05
2821,2820,343,15.09
1535,1434,343,20.75
3723,3622,343,11.86
1632,1531,343,18.24
6751,6850,343,10.36
5316,5315,343,32.85
6664,6763,343,10.03
6657,6757,343,4.16
6756,6855,343,10.38
6024,6123,343,25.44
6467,6567,343,3.11
4597,4697,343,2.1
6176,6276,343,2.01
3815,3814,343,17.42
6760,6759,343,64.7
5718,5717,344,57.82
2063,2062,344,50.4
5817,5816,344,47.7
1878,1877,344,31.33
6645,6644,344,28.22
3523,3522,344,15.31
2923,2922,344,14.45
5218,5217,344,16.82
6342,6341,344,11.12
5490,5489,344,76.67
3718,3717,344,18.13
2162,2061,344,4.23
4213,4212,344,29.76
4111,4110,344,78.04
4013,4012,344,45.37
6022,6021,344,34.84
6759,6758,345,68.4
5918,5917,345,61.39
5020,5019,345,23.49
4617,4616,345,18.22
2222,2221,345,15.17
2620,2619,345,14.91
6027,6127,345,12.78
1535,1435,345,11.61
5516,5515,345,16.65
5587,5686,345,7.36
6566,6666,345,4.61
1887,1786,345,4.67
1787,1786,345,30.52
5194,5295,345,3.32
4400,4500,345,1.99
6028,6127,345,17.9
5816,5815,346,65.05
1970,1969,346,36.32
6747,6746,346,35.41
5118,5117,346,16.27
2720,2719,346,15.25
2122,2121,346,15.97
4819,4818,346,16.43
1631,1630,346,14.27
4516,4515,346,20.02
6443,6442,346,10.93
1647,1547,346,6.41
5489,5488,346,64.65
1433,1432,346,26.01
6123,6122,346,39.08
3915,3914,346,17.77
3422,3421,346,15.78
3717,3716,346,85.19
3814,3813,346,42.54
5717,5716,347,33.5
6021,6020,347,43.82
2061,2060,347,49.71
6850,6849,347,31.03
6130,6129,347,20.08
5417,5416,347,18.48
4311,4310,347,30.29
1923,1922,347,15.92
4413,4412,347,16.65
3023,3022,347,14.62
1544,1543,347,14.5
2322,2321,347,12.85
3123,3122,347,14.03
2421,2420,347,13.04
6750,6849,347,10.31
5882,5981,347,5.52
3619,3618,347,16.91
5881,5981,347,1.92
4110,4109,347,34.87
6275,6375,347,2.97
4012,4011,347,35.06
3621,3520,347,10.38
5815,5814,348,61.56
3813,3812,348,71.04
5917,5916,348,42.81
6644,6643,348,28.34
1877,1876,348,31.68
4717,4716,348,18.61
5617,5616,348,19.58
6125,6224,348,25.52
4919,4918,348,16.47
5217,5216,348,30.87
1545,1444,348,14.66
6029,6128,348,10.89
1748,1649,348,8.28
5784,5883,348,7.85
1886,1785,348,4.7
1796,1695,348,4.31
3323,3322,348,14.25
6126,6226,348,16.72
3223,3222,348,13.49
6020,6019,349,78.3
2060,2059,349,85.95
1969,1968,349,42.91
1743,1742,349,16.07
1644,1643,349,13.9
4515,4514,349,42.94
5315,5314,349,18
1885,1784,349,4.79
6122,6121,349,45.21
5980,6080,349,1.96
6126,6225,349,21.55
3716,3715,349,38.72
5814,5813,350,59.1
6643,6642,350,59.8
4109,4108,350,46.09
4011,4010,350,44.04
5716,5715,350,38.69
5019,5018,350,24.61
2520,2519,350,14.28
1726,1625,350,16.26
6240,6339,350,16.62
3812,3811,350,74.46
1444,1443,350,57.75
6749,6848,350,10.14
1636,1537,350,7.08
2820,2819,350,15.39
4212,4211,350,17.37
1795,1694,350,4.41
6473,6572,350,11.94
6849,6848,350,33.43
6760,6859,350,16.74
6019,6018,351,86.02
2059,2058,351,85.96
3715,3714,351,70.95
5916,5915,351,42.4
4716,4715,351,42.94
5416,5415,351,30.97
3522,3521,351,15.94
6238,6237,351,13.76
2022,2021,351,11.65
4616,4615,351,19.34
6239,6338,351,14.34
1630,1629,351,23.54
5515,5514,351,18.57
1432,1431,351,20.67
4310,4309,351,30.29
5392,5491,351,7.35
2922,2921,351,15.01
1434,1333,351,17.97
6665,6764,351,7.49
1531,1530,351,12.68
6121,6120,351,66.8
6374,6474,351,4.46
1897,1797,351,1.53
6224,6223,351,46.88
4108,4107,352,59.33
5813,5812,352,56.04
5715,5714,352,68.24
1968,1967,352,45.68
4818,4817,352,17.26
5117,5116,352,16.71
2619,2618,352,15.65
6758,6857,352,21.8
5216,5215,352,32.01
1725,1724,352,12.11
6542,6541,352,11.07
6852,6951,352,10.26
6572,6571,352,81.72
2052,1951,352,4.82
2157,2056,352,4.49
1949,1950,352,3.04
1976,1875,352,4.61
6472,6571,352,11
1794,1693,352,4.5
4211,4210,352,73.81
3914,3913,352,17.35
1999,1899,352,1.58
6469,6568,352,9.7
1333,1332,353,53.47
2058,2057,353,82.45
6018,6017,353,70.65
6223,6222,353,62.91
4010,4009,353,35.73
1629,1628,353,90.85
6746,6745,353,16.34
6759,6858,353,15.19
6848,6847,353,34.44
5514,5513,353,81.14
6851,6950,353,10.41
6341,6340,353,11.35
2719,2718,353,15.87
6178,6277,353,8.2
6762,6861,353,7.46
3811,3810,353,47.1
1435,1334,353,17.9
6470,6569,353,9.04
6127,6227,353,14.26
1793,1692,353,4.72
3520,3519,353,17.06
3618,3617,353,17.9
3421,3420,353,16.53
6126,6227,353,13.4
6120,6119,353,80.4
3714,3713,353,68.83
5812,5811,354,55.1
4107,4106,354,89.67
5714,5713,354,68.52
5915,5914,354,46.12
1625,1624,354,32.04
6541,6540,354,61.56
4918,4917,354,17.06
5616,5615,354,17.37
4412,4411,354,16.51
3122,3121,354,14.99
1922,1921,354,16.05
3022,3021,354,14.85
2221,2220,354,11.64
1536,1436,354,7.6
1825,1824,354,7.42
1535,1436,354,8.3
6853,6952,354,7.41
5314,5313,354,20.39
6571,6570,354,79.72
6226,6325,354,25.06
6761,6860,354,9.33
3810,3809,355,53.74
1967,1966,355,46.67
1628,1627,355,91.96
6847,6846,355,57.09
1742,1741,355,16.75
6745,6744,355,58.85
1543,1542,355,13.74
2121,2120,355,12.41
6222,6221,355,61.51
5513,5512,355,66.25
1546,1445,355,9.65
6442,6441,355,11.29
4514,4513,355,17.33
1545,1445,355,6.08
3322,3321,355,15.67
2420,2419,355,13.13
6854,6953,355,7.43
3222,3221,355,15.42
6119,6118,355,81.96
1840,1740,355,3.45
6226,6326,355,14.34
4309,4308,355,30.41
1792,1691,355,4.88
4796,4797,355,0.86
4106,4105,356,91.34
5811,5810,356,57.6
1824,1823,356,90.85
5713,5712,356,52.88
5615,5614,356,60
3617,3616,356,40.35
4009,4008,356,41.55
3713,3712,356,40.22
6017,6016,356,44.55
6857,6856,356,26.4
1875,1874,356,26.26
1530,1529,356,21.71
1643,1642,356,14.96
6643,6742,356,18.89
2321,2320,356,11.83
1726,1626,356,7.06
6325,6324,356,50.2
2053,1952,356,4.61
1975,1874,356,4.63
4210,4209,356,29.32
3809,3808,357,65.67
5914,5913,357,49.63
6950,6949,357,31.28
6744,6743,357,58.16
5415,5414,357,18.35
6237,6236,357,16.99
4715,4714,357,17.79
2819,2818,357,16.16
2519,2518,357,15.65
1625,1524,357,21.03
5018,5017,357,16.47
3813,3912,357,14.13
6850,6949,357,10.27
4615,4614,357,18.26
1443,1442,357,14.79
6221,6220,357,61.94
6118,6117,357,68.91
1791,1690,357,4.76
1884,1783,357,4.55
4105,4104,358,81.5
4008,4007,358,59.67
3712,3711,358,66.42
5810,5809,358,54.37
5614,5613,358,77.34
1966,1965,358,49.5
1332,1331,358,22.54
5116,5115,358,16.9
4817,4816,358,18.09
1625,1525,358,12.58
1649,1548,358,15.01
5215,5214,358,17.44
1547,1446,358,12.24
6855,6954,358,9.92
5512,5511,358,47.58
6666,6765,358,11.38
1435,1335,358,8.24
4308,4307,358,35.35
2921,2920,358,15.08
6324,6323,358,72.91
3808,3807,359,76.51
5913,5912,359,52.47
6016,6015,359,36.55
3616,3615,359,36.95
1529,1528,359,39.99
5712,5711,359,49.08
2021,2020,359,13.44
6764,6863,359,20.08
6338,6337,359,12.73
3420,3419,359,17.16
5393,5492,359,7.45
2618,2617,359,16.13
1638,1538,359,5.75
6128,6228,359,9.13
3519,3518,359,17.4
1965,1964,360,50.57
4007,4006,360,55.78
5613,5612,360,54.93
3912,3911,360,35.35
4209,4208,360,32.58
4411,4410,360,16.92
4917,4916,360,17.31
2718,2717,360,16.57
1724,1723,360,14.01
1874,1873,360,30.15
1690,1689,360,46.99
6541,6640,360,18.11
6642,6641,360,11.05
1524,1523,360,34
3812,3911,360,12.83
1444,1343,360,12.74
1431,1430,360,12.17
5313,5312,360,19
1790,1689,360,4.68
1738,1639,360,4.15
6117,6116,360,48.86
4104,4103,361,13.32
5511,5510,361,13.93
1334,1233,361,43.21
1333,1232,361,42.99
6847,6946,361,4.37
6227,6327,361,4.52
2055,1954,361,30.67
1973,1872,361,24.43
2054,1953,361,28.98
1789,1688,361,26.57
1883,1782,361,24.47
2099,2000,361,1.29
4307,4306,362,11.99
3121,3120,362,2.38
3715,3614,362,37.31
6745,6844,362,4.57
6541,6440,362,42.18
3711,3710,362,14.18
3615,3614,362,18.47
1971,1870,362,23.17
2064,1963,362,26.88
1524,1423,362,41.82
1972,1871,362,22.39
1880,1779,362,25.56
1881,1780,362,26.81
1882,1781,362,26.49
1949,1850,362,2.23
1788,1687,362,26.16
3714,3613,362,38.76
3807,3806,363,12.79
1538,1437,363,42.99
4816,4815,363,12.36
3712,3611,363,40.07
1624,1623,363,12.07
6863,6862,363,22.63
2057,1956,363,34.01
2056,1955,363,32.54
2058,1957,363,31.63
2059,1958,363,29.51
1335,1234,363,43.2
2060,1959,363,29.63
4011,3910,363,29.59
1969,1868,363,26.58
1547,1447,363,11.02
1786,1685,363,26.49
2062,1961,363,26.9
2061,1960,363,26.89
1970,1869,363,25.63
6340,6439,363,7.19
2063,1962,363,26.89
1879,1778,363,18.12
1525,1424,363,42.15
1787,1686,363,26.32
1343,1242,364,42.24
5912,5911,364,13.7
5115,5114,364,12.35
1627,1526,364,30.22
3809,3708,364,29.56
5811,5710,364,29.39
3021,3020,364,2.42
3713,3612,364,28.66
3810,3709,364,28.85
1967,1866,364,26.79
1694,1593,364,25.79
4010,3909,364,26.78
1968,1867,364,26.74
1785,1684,364,25.8
1695,1594,364,26
1922,1821,364,22.87
1649,1549,364,6.89
1877,1776,364,18.89
3615,3514,364,37.97
1445,1344,364,27.92
5512,5411,364,29.11
5513,5412,364,29.66
1878,1777,364,16.08
5514,5413,364,29.2
1523,1422,364,42.66
5294,5394,364,1.19
6849,6948,364,2.82
1233,1132,365,42.92
4006,3905,365,29.65
1343,1342,365,23.85
1723,1622,365,29.69
1528,1527,365,6.43
6015,6014,365,14.71
3807,3706,365,29.55
4104,4003,365,29.63
4307,4206,365,26.9
1965,1864,365,26.89
4007,3906,365,29.52
3808,3707,365,29.54
4105,4004,365,28.33
1952,1851,365,25.39
3616,3515,365,26.09
4008,3907,365,29.37
5810,5709,365,29.28
1823,1822,365,12.17
5712,5611,365,29.14
1446,1345,365,28.13
1966,1865,365,26.88
3617,3516,365,26.54
4009,3908,365,26.89
1332,1231,365,23.46
5511,5410,365,29.05
1693,1592,365,24.17
1875,1774,365,24.87
1628,1527,365,25.21
1874,1773,365,25.57
1690,1589,365,26.44
1691,1590,365,26.89
1784,1683,365,20.3
1876,1775,365,20.55
1692,1591,365,24.81
3711,3610,365,28.56
1899,1798,365,25.91
1797,1696,365,25.42
6946,6845,365,40.17
1523,1522,365,24.79
5312,5211,365,29.63
4308,4207,365,26.57
1954,1853,366,28.93
1964,1863,366,26.9
5510,5409,366,29.26
5115,5014,366,25.13
1529,1428,366,23.97
1823,1722,366,23.27
4106,4005,366,23.27
4103,4002,366,29.62
1689,1588,366,26.88
1873,1772,366,23.69
3613,3512,366,39.54
6946,6945,366,20.78
3614,3513,366,39.08
1234,1133,367,43.19
6844,6843,367,20.89
1953,1852,367,27.3
1782,1681,367,23.76
1424,1323,367,41.57
1783,1682,367,18.77
1688,1587,367,26.13
3611,3510,367,39.04
1437,1336,367,42.87
1232,1131,367,24.34
3710,3609,367,28.79
1431,1330,367,15.01
1594,1493,368,42.06
1344,1243,368,41.21
1956,1855,368,29.24
1955,1854,368,29.61
1963,1862,368,26.84
1781,1680,368,26.49
1780,1679,368,26.07
4306,4205,368,25.91
1687,1586,368,25.51
1872,1771,368,22.73
1331,1230,368,17.11
3806,3705,368,29.66
3221,3220,368,2.37
6540,6539,368,4.63
1549,1448,368,43.01
1870,1769,368,26.31
1871,1770,368,25.02
3321,3320,368,2.37
5312,5311,368,12.98
6116,6115,368,14.13
5685,5785,368,0.86
1132,1031,369,43.11
3709,3608,369,32.77
5411,5310,369,29.25
1868,1767,369,26.78
1960,1859,369,24.05
1962,1861,369,26.72
1686,1585,369,25.37
1961,1860,369,26.68
1957,1856,369,26.37
1685,1584,369,25.19
5510,5509,369,13.79
1528,1427,369,16.51
6948,6947,369,20.65
3708,3607,369,29.35
1869,1768,369,26.63
1779,1678,369,22.1
3610,3509,369,38.01
1542,1541,369,2.62
1921,1920,369,2.84
4103,4102,369,13.35
3612,3511,369,28.73
1447,1346,369,25.69
5710,5609,369,29.45
3516,3415,369,36.14
1526,1425,369,34.16
6474,6573,369,2.53
4513,4512,369,2.2
6079,6179,369,1.08
3512,3411,370,37.65
3513,3412,370,38.65
4003,3902,370,31.28
4004,3903,370,30.88
1867,1766,370,26.85
1777,1676,370,24.32
3514,3413,370,25.59
1776,1675,370,26.38
1684,1583,370,25.19
1866,1765,370,26.9
1958,1857,370,23.2
5410,5309,370,29.1
1959,1858,370,22.67
1423,1322,370,18.25
1538,1438,370,10.11
5211,5110,370,29.65
3905,3804,370,29.47
2220,2219,370,2.86
1335,1235,370,9.26
5709,5608,370,32.83
2419,2418,370,2.49
1133,1032,371,42.98
3510,3409,371,35.78
4005,3904,371,29.65
1696,1595,371,25.47
1683,1582,371,23.64
1591,1490,371,25.26
1589,1488,371,25.24
1323,1222,371,43.02
1864,1763,371,26.57
1590,1489,371,25.47
5409,5308,371,28.99
1865,1764,371,26.86
1593,1492,371,20.85
1778,1677,371,20.01
1775,1674,371,26.87
1774,1673,371,26.51
6945,6944,371,21.15
4002,3901,371,31.02
3806,3805,371,13.15
3706,3605,371,26.86
3906,3805,371,26.5
1773,1672,371,25.35
1430,1329,371,14.05
1430,1429,371,9.85
1527,1426,371,23.86
4499,4599,371,1.13
3515,3414,371,25.66
1798,1697,371,24.75
1243,1142,372,40.85
6843,6842,372,21.24
1863,1762,372,26.18
1588,1487,372,24.46
1592,1491,372,22.89
1851,1750,372,22.92
5911,5910,372,13.69
6014,6013,372,14.57
4306,4305,372,10.56
1772,1671,372,24.92
1424,1324,372,12.29
5709,5708,372,14.49
3707,3606,372,22.99
3609,3508,372,29.58
3511,3410,373,36.4
1031,1030,373,28.11
1681,1580,373,23.82
1853,1752,373,21.99
5611,5610,373,13.9
1622,1521,373,19.88
1594,1494,373,11.7
1231,1130,373,19.08
5211,5210,373,13.04
2120,2119,373,2.81
5311,5210,373,29.55
1438,1337,374,42.92
5310,5209,374,29.05
1031,930,374,30.99
1770,1669,374,26.61
1769,1668,374,26.79
1862,1761,374,26.34
1680,1579,374,25.22
1852,1751,374,21.67
1682,1581,374,21.96
1587,1486,374,22.29
5409,5408,374,13.96
1622,1621,374,11.54
5609,5508,374,29.51
3509,3408,374,29.65
4102,4001,374,29.62
1235,1134,374,43.17
4002,4001,374,13.35
1771,1670,374,25.84
1679,1578,374,24.77
1549,1449,374,10.07
6742,6741,374,2.53
3705,3604,374,26.7
3413,3312,374,35.39
6860,6959,374,3.36
1032,931,375,43.18
3804,3703,375,35.09
1861,1760,375,24.1
1678,1577,375,25.96
1031,931,375,18.44
1767,1666,375,26.9
6115,6114,375,14.46
1855,1754,375,21.35
1854,1753,375,22.68
1768,1667,375,26.86
1428,1327,375,16.06
5110,5009,375,29.6
5309,5208,375,28.75
5608,5507,375,29.38
1584,1483,375,26.02
1585,1484,375,25.52
1642,1641,375,2.44
1586,1485,375,23.19
2420,2319,375,6.35
3903,3802,375,32.51
3608,3507,375,24
5490,5589,375,1.64
3902,3801,375,31.65
5489,5588,375,1.87
3412,3311,375,34.6
3411,3310,375,33.71
3415,3314,375,26.02
1142,1041,376,42.2
1324,1223,376,43.05
3409,3308,376,29.97
3605,3504,376,30.36
3805,3704,376,32.83
5308,5207,376,29.51
6944,6943,376,21.05
1765,1664,376,26.4
1766,1665,376,26.82
1675,1574,376,25.21
1676,1575,376,24.65
1856,1755,376,20.95
1859,1758,376,20.59
1860,1759,376,22.98
3607,3506,376,21.28
1493,1392,376,19.03
1583,1482,376,25.9
1639,1539,376,6.57
6228,6328,376,5.83
1230,1129,376,17.97
3904,3803,376,33.99
1448,1347,376,19.2
6572,6671,376,2.42
6842,6841,377,21.61
1142,1141,377,23.78
1582,1481,377,23.91
1764,1663,377,26
1677,1576,377,26.72
1763,1662,377,26.32
1222,1121,377,23.74
1426,1325,377,28.16
1858,1757,377,21.37
4205,4204,377,11.96
1674,1573,377,26.45
1672,1571,377,26.7
1673,1572,377,26.9
4102,4101,377,13.35
5708,5607,377,29.17
1427,1326,377,18.3
3414,3313,377,26.11
1697,1596,377,25.7
6220,6219,377,2.3
4995,5096,377,0.81
1030,929,378,34.82
5210,5109,378,29.45
1487,1386,378,23.6
1762,1661,378,26.79
5910,5909,378,17.55
1429,1328,378,21.99
1490,1389,378,21.15
1488,1387,378,20.25
1134,1033,378,43.21
3410,3309,378,34.18
5110,5109,378,12.9
1230,1229,378,11.07
3606,3505,378,25.99
1671,1570,378,26.62
931,830,379,42.46
3604,3503,379,29.62
3312,3211,379,29.61
5408,5307,379,29.44
5508,5407,379,29.42
1580,1479,379,26.25
1491,1390,379,22.36
5308,5307,379,13.55
1492,1391,379,19.33
3508,3407,379,22.88
5209,5108,379,29.04
6337,6336,379,4.6
1740,1640,379,4.64
1921,1820,379,6.39
1329,1228,379,19.22
6857,6956,379,3.12
1752,1651,379,25.68
6128,6229,379,4.23
1751,1650,379,28.82
3314,3213,380,32.41
5208,5107,380,29.56
3311,3210,380,32.61
5507,5406,380,29.37
1669,1568,380,26.87
1761,1660,380,26.61
1668,1567,380,26.86
1581,1480,380,23.58
1486,1385,380,23.82
1030,1029,380,15.88
1578,1477,380,25.66
1494,1393,380,22.76
6013,6012,380,14.11
1223,1122,380,43.21
5009,4908,380,29.51
1222,1221,380,12.23
1489,1388,380,16.21
1521,1420,380,20.61
1438,1338,380,10.29
1336,1236,380,7.71
1670,1569,380,26.89
3310,3209,380,32.29
1442,1441,380,2.98
3703,3602,380,33.91
1579,1478,380,26.9
2120,2019,380,6.34
5708,5707,380,13.85
6764,6864,380,2.12
1449,1348,380,24.51
1337,1236,380,27.81
3802,3701,380,33.58
4310,4409,380,2.32
1596,1495,381,39.89
6841,6740,381,40.89
1121,1020,381,41.35
1141,1040,381,42.79
1141,1140,381,25.13
5207,5106,381,29.65
6943,6942,381,20.84
1760,1659,381,25.1
1753,1652,381,24.2
1666,1565,381,26.62
1754,1653,381,25.04
1667,1566,381,26.83
3408,3307,381,21.72
1621,1520,381,21.58
4305,4304,381,11.72
1344,1244,381,6.14
3803,3702,381,34.63
5017,5016,381,2.44
1442,1341,381,6.6
6951,7050,381,2.88
6571,6670,381,2.59
6841,6840,382,21.68
1757,1656,382,29.02
1121,1120,382,22.33
3313,3212,382,31.4
1325,1224,382,33.32
5607,5506,382,29.17
1033,932,382,43.2
1574,1473,382,25.89
3504,3403,382,26.69
1664,1563,382,26.63
1755,1654,382,26.56
1575,1474,382,24.13
1665,1564,382,26.39
1577,1476,382,22.64
1485,1384,382,21.88
3604,3603,382,13.36
930,829,382,18.51
5909,5808,382,39.02
6114,6113,382,14.64
1041,940,382,27.7
1032,932,382,9.42
1031,932,382,11.29
3506,3405,382,25.81
1235,1135,382,8.47
4714,4713,382,2.31
2818,2817,382,2.23
2518,2517,382,2.41
3704,3603,382,26.45
3505,3404,383,29.43
1662,1561,383,26.89
1326,1225,383,24.61
1663,1562,383,26.87
1758,1657,383,23.16
1392,1291,383,21.71
1759,1658,383,21.5
1484,1383,383,19.4
1483,1382,383,17.78
1621,1620,383,11.9
1571,1470,383,26.81
5009,5008,383,12.74
1573,1472,383,26.6
1572,1471,383,26.89
5109,5008,383,29.54
3507,3406,383,19.98
2020,1919,383,6.12
1481,1380,383,24.64
6640,6639,383,4.4
4614,4613,383,2.19
4796,4897,383,0.74
1338,1237,384,43.13
3211,3110,384,30.98
5108,5007,384,29.62
5407,5306,384,29.45
5307,5206,384,29.62
1651,1550,384,33.19
1661,1560,384,26.87
1576,1475,384,22.28
1122,1021,384,42.82
5207,5206,384,13.11
931,831,384,11.15
5909,5908,384,19.5
3308,3207,384,20.09
3309,3208,384,27.35
1328,1227,384,24.29
1570,1469,384,26.59
6439,6438,384,4.99
1482,1381,384,17.84
5116,5015,384,5.68
2419,2318,384,5.82
1140,1039,385,41.59
5107,5006,385,29.64
5406,5305,385,29.38
3213,3112,385,30.09
3503,3402,385,25.98
1228,1127,385,26.02
1391,1290,385,25.02
1390,1289,385,25.19
1389,1288,385,22.56
6219,6218,385,12.73
4204,4203,385,14.25
5607,5606,385,13.85
1040,939,385,41.85
5707,5606,385,28.86
1243,1143,385,5.92
1479,1378,385,24.38
2518,2417,385,5.7
6863,6962,385,4.85
6950,7049,385,2.87
6858,6957,385,2.89
1224,1123,386,37.3
6840,6739,386,40.63
1135,1034,386,43.14
5106,5005,386,29.48
1140,1139,386,22.7
3209,3108,386,26.55
1567,1466,386,26.65
1568,1467,386,25.7
1660,1559,386,26.9
3210,3109,386,28.07
1480,1379,386,26.37
1757,1756,386,12.19
4908,4807,386,26.58
1134,1034,386,8.75
1342,1241,386,6.79
1569,1468,386,24.98
2617,2516,386,5.48
940,839,386,41.76
929,828,386,17.72
1653,1552,386,33.37
6740,6739,386,22.48
3420,3319,386,5.4
1652,1551,386,33.66
3618,3517,386,5.21
3519,3418,386,5.33
3212,3111,387,29.63
3603,3502,387,33.89
5506,5405,387,29.25
6840,6839,387,21.34
1654,1553,387,33.5
3405,3304,387,29.32
1565,1464,387,26.9
1566,1465,387,26.86
1495,1394,387,25.7
1659,1558,387,26.65
1478,1377,387,23.11
1393,1292,387,21.4
1477,1376,387,21.67
830,729,387,19.77
1387,1286,387,16.79
1229,1128,387,16.16
1142,1042,387,6.87
3407,3306,387,19.76
1821,1720,387,6.17
2717,2616,387,5.38
3702,3601,387,26.19
3518,3417,387,5.25
5214,5113,387,5.24
5314,5213,387,5.1
3419,3318,387,5.29
1225,1124,388,28.42
1474,1373,388,25.81
1564,1463,388,26.89
3403,3302,388,25.15
1563,1462,388,26.86
1473,1372,388,26.65
1656,1555,388,27.47
5008,4907,388,29.52
3307,3206,388,20.64
6012,6011,388,13.76
1348,1247,388,18.33
5808,5807,388,18.47
1386,1285,388,15.37
1120,1019,388,24.17
1237,1136,388,42.62
5707,5706,388,14.04
5883,5982,388,1.98
929,928,388,11
6670,6669,388,15.5
6861,6960,388,2.69
5007,4906,389,29.52
5306,5205,389,29.39
5206,5105,389,29.38
3404,3303,389,26.48
1562,1461,389,26.79
1476,1375,389,21.96
5106,5105,389,13.59
4304,4303,389,13.37
1561,1460,389,26.83
1221,1220,389,12.35
1388,1287,389,16.08
939,838,389,42.44
1033,933,389,9.25
1472,1371,389,26.85
1471,1370,389,26.86
6113,6112,389,14.36
3120,3019,389,5.4
2920,2919,389,2.41
3406,3305,389,25.98
6952,7051,389,2.84
4409,4408,389,12.28
1470,1369,389,26.31
3516,3416,389,4.23
6739,6638,390,41.3
1123,1022,390,39.87
5305,5204,390,29.18
5006,4905,390,29.62
6962,6961,390,22.23
5606,5505,390,29.02
3112,3011,390,31.47
1560,1459,390,27.79
3110,3009,390,26.9
1381,1280,390,26.45
1475,1374,390,24.42
1657,1556,390,22.84
1291,1190,390,22.22
5506,5505,390,13.8
939,938,390,24.27
1822,1721,390,5.89
5114,5013,390,5.51
6539,6538,390,4.66
3207,3106,390,25.53
1538,1439,390,4.6
1539,1439,390,7.34
839,738,390,42.8
1380,1279,390,23.11
6568,6667,390,2.4
6839,6738,391,40.66
3108,3007,391,28.44
5005,4904,391,29.19
6739,6738,391,22.27
1756,1655,391,29.73
1552,1451,391,29.61
1289,1188,391,24.46
1290,1189,391,23.58
1288,1187,391,25.19
3402,3301,391,27.45
3208,3107,391,21.09
1021,920,391,21.46
1658,1557,391,19.18
829,728,391,15.97
1656,1655,391,11.35
4807,4706,391,28.3
1338,1238,391,9.68
1385,1284,391,13.24
1120,1119,391,12.28
1042,941,391,41.37
6438,6437,391,14.57
6228,6329,391,4.51
1469,1368,391,22.32
1551,1450,391,29.65
6569,6668,391,2.52
1136,1035,392,43.18
6839,6838,392,21.39
5405,5304,392,29.23
3318,3217,392,33.78
3111,3010,392,31.92
1559,1458,392,25.5
3109,3008,392,25.94
1466,1365,392,26.86
1139,1038,392,27.86
4203,4202,392,14.49
3402,3401,392,14.53
1039,1038,392,14.38
5908,5907,392,14.04
1378,1277,392,23.47
1467,1366,392,26.13
1920,1819,392,6.23
5014,4913,392,5.62
3319,3218,392,26.31
1468,1367,392,23.93
6953,7052,392,2.84
3418,3317,392,26.34
1553,1452,392,29.53
6323,6322,392,1.94
1465,1364,393,26.86
1394,1293,393,24.5
1558,1457,393,26.87
1464,1363,393,26.74
1128,1027,393,23.78
1139,1138,393,14.42
6218,6217,393,13.31
5606,5605,393,13.95
5706,5605,393,28.87
1382,1281,393,15.06
932,832,393,9.31
3304,3203,393,25.88
1347,1246,393,8.84
3306,3205,393,27.37
838,737,393,43.17
838,837,393,28.08
1379,1278,393,23.55
3206,3105,393,31.11
1327,1226,393,8.31
5312,5212,393,3.12
4906,4805,394,29.58
5205,5104,394,29.01
5105,5004,394,28.95
3302,3201,394,26.53
938,937,394,28.36
1462,1361,394,26.79
1373,1272,394,26.65
1463,1362,394,26.76
1376,1275,394,22.5
1377,1276,394,21.61
5005,5004,394,13.84
1372,1271,394,26.89
4907,4806,394,26.62
738,637,394,43.21
2219,2118,394,6.14
1346,1245,394,5.88
1522,1421,394,5
1555,1454,394,27.22
1899,1799,394,2.58
1247,1146,394,25.29
6738,6637,395,41.1
3106,3005,395,33.92
5505,5404,395,29.09
4905,4804,395,29.6
3009,2908,395,30.38
5204,5103,395,29.16
3416,3315,395,26.08
1375,1274,395,25.6
1461,1360,395,26.85
1460,1359,395,26.89
5405,5404,395,13.82
1292,1191,395,19.79
3303,3202,395,27.69
1238,1137,395,43.13
1370,1269,395,26.79
1384,1283,395,11.22
1371,1270,395,26.89
3305,3204,395,26.76
3220,3119,395,5.35
2418,2317,395,5.73
1541,1440,395,5.56
5491,5590,395,2.12
6946,7045,395,4.26
3320,3219,395,5.36
1038,1037,396,27.17
1035,934,396,43.12
3107,3006,396,32.66
1655,1554,396,31.11
6738,6737,396,21.98
3011,2910,396,26.75
1374,1273,396,26.67
1556,1455,396,26.9
1287,1186,396,22.1
4706,4605,396,28.59
5807,5806,396,14.14
1369,1268,396,23.37
5706,5705,396,14.03
3007,2906,396,33.25
1020,919,396,9.73
1596,1496,396,5.46
1279,1178,396,24.41
6011,6010,396,13.68
1459,1358,396,26.9
6856,6955,396,2.9
1449,1349,396,4.65
6855,6955,396,1.42
5587,5687,396,0.94
3317,3216,397,34.47
5304,5203,397,29.3
3217,3116,397,34.6
1557,1456,397,26.88
1368,1267,397,24.91
941,840,397,27.82
4303,4302,397,13.55
832,731,397,43.18
729,628,397,15.59
737,636,397,43.17
737,736,397,28.14
837,736,397,43.13
837,836,397,28.36
1383,1282,397,10.41
1348,1248,397,6.07
2119,2018,397,6.12
6112,6111,397,13.96
1280,1179,397,21.53
2000,1900,397,2.81
5211,5111,397,3.14
1451,1350,397,25.17
637,536,398,43.16
3010,2909,398,24.81
1366,1265,398,26.39
5605,5504,398,29.01
1365,1264,398,26.71
1188,1087,398,23.06
3105,3004,398,33.65
1187,1086,398,21.77
5505,5504,398,13.91
1190,1089,398,19.47
1220,1219,398,12.19
3218,3117,398,26.41
6948,7047,398,4.22
1367,1266,398,25.94
1452,1351,398,26.24
5784,5884,398,1
4408,4407,398,12.29
1458,1357,398,26.86
1440,1339,399,38.52
5103,5002,399,36.23
5004,4903,399,28.97
5104,5003,399,29
4805,4704,399,29.63
1363,1262,399,26.9
1364,1263,399,26.88
1281,1180,399,26.34
3317,3316,399,15.62
1277,1176,399,23.21
1027,926,399,25.61
1189,1088,399,18.92
1286,1185,399,12.43
1278,1177,399,24.25
3203,3102,399,26.71
2319,2218,399,5.96
3205,3104,399,26.47
1137,1036,399,43.09
4202,4201,399,14.51
6945,7044,399,4.37
1457,1356,399,26.8
6863,6963,399,2.41
6222,6321,399,2.33
1454,1353,399,29.64
934,833,400,43.22
5404,5303,400,29.27
3315,3214,400,34.33
1361,1260,400,26.85
1271,1170,400,26.89
1272,1171,400,26.9
1276,1175,400,24.23
1275,1174,400,26.36
1362,1261,400,26.89
6838,6837,400,14.18
5907,5906,400,14.11
5304,5303,400,13.76
1226,1125,400,20.91
4706,4705,400,11.91
6229,6230,400,4.8
3204,3103,400,28.72
839,739,400,7.58
4598,4698,400,1.14
1799,1698,400,24.29
5705,5604,401,29.03
1274,1173,401,26.89
5103,5102,401,16.97
1359,1258,401,26.83
1293,1192,401,19.78
5605,5604,401,13.95
3202,3101,401,25.11
1269,1168,401,24.94
1270,1169,401,26.9
3005,2904,401,26.67
6217,6216,401,13.78
937,936,401,14.63
1360,1259,401,26.83
1640,1540,401,4.63
1350,1249,401,39.99
1820,1719,401,6.44
1641,1540,401,5.5
6637,6536,401,28.02
1227,1126,401,8.34
6326,6425,401,2.57
6178,6278,401,1.16
6325,6424,401,2.42
1554,1453,401,30.14
1455,1354,401,29.56
3216,3115,402,34.98
1268,1167,402,23.79
6737,6636,402,28.24
1273,1172,402,26.88
1191,1090,402,23.35
2906,2805,402,26.86
4605,4504,402,24.7
1178,1077,402,26.48
1027,1026,402,12.36
536,435,402,42.83
536,535,402,25.24
3006,2905,402,26.48
1141,1240,402,5.82
738,638,402,8.74
6637,6636,402,14.37
1358,1257,402,26.7
1456,1355,402,29.34
4903,4802,403,38.32
5003,4902,403,37.29
5002,4901,403,35.57
5504,5403,403,29.18
3116,3015,403,26.2
836,735,403,27.34
6737,6736,403,14.29
1496,1395,403,22.94
5404,5403,403,13.79
736,635,403,27.57
2910,2809,403,22.44
1179,1078,403,26.24
2909,2808,403,28.38
3004,2903,403,28.82
1143,1043,403,5.59
1520,1419,403,6.52
5110,5010,403,3.09
4916,4915,403,2.36
6947,7046,403,4.19
1697,1597,403,3.15
1267,1166,403,25.92
3316,3215,404,35.09
1087,986,404,25.45
1089,988,404,26.38
1219,1118,404,26.36
1086,985,404,25.87
6111,6110,404,16.41
5203,5202,404,16.17
1282,1181,404,22.36
3216,3215,404,16
836,835,404,14.56
5705,5704,404,13.95
5806,5805,404,14.04
2019,1918,404,6.02
6010,6009,404,13.98
3117,3016,404,26.27
6842,6941,404,4.52
6944,7043,404,4.34
1042,942,404,6.23
3104,3003,404,28.61
1264,1163,404,26.68
1265,1164,404,26.39
1266,1165,404,25.87
1351,1250,404,28.1
4704,4603,404,30
3214,3113,405,31.37
1088,987,405,26.01
1176,1075,405,25.68
936,935,405,26.88
4302,4301,405,13.62
1036,935,405,27.41
637,537,405,9.52
1035,935,405,8.26
1284,1183,405,10.81
1177,1076,405,25.68
6329,6428,405,10.48
832,732,405,8.56
1123,1023,405,5.45
1441,1340,405,5.72
1620,1519,405,6.71
926,825,405,26.26
1420,1319,405,5.88
1353,1252,405,26.26
1262,1161,405,26.37
1263,1162,405,26.64
1357,1256,405,23.51
5604,5503,406,29.27
5102,5001,406,35.19
1171,1070,406,26.9
3103,3002,406,25.87
1175,1074,406,26.68
1174,1073,406,26.84
1170,1069,406,26.9
1356,1255,406,23.47
1180,1079,406,23.39
5002,5001,406,16.44
5504,5503,406,13.85
1186,1085,406,15.63
1283,1182,406,13.57
2904,2803,406,29.22
3102,3001,406,22.53
831,730,406,6.74
1919,1818,406,6.19
3602,3501,406,5.5
2717,2716,406,2.22
1453,1352,406,29.64
1260,1159,406,26.48
1261,1160,406,26.21
6666,6766,406,1.22
6221,6320,406,2.31
4407,4406,406,12.62
1248,1147,406,16.82
4902,4801,407,37.15
3115,3014,407,33.6
1240,1239,407,21.52
1173,1072,407,26.61
735,634,407,42.3
1192,1091,407,24.23
1125,1024,407,23.21
4802,4701,407,38.52
1219,1218,407,12.31
1169,1068,407,26.79
2809,2708,407,37.56
4605,4604,407,9.96
6536,6435,407,27.24
4713,4612,407,5.75
6336,6235,407,5.09
1354,1253,407,26.22
1259,1158,407,26.72
6277,6376,407,2.03
4504,4403,407,29.65
1258,1157,407,26.76
4704,4703,407,12.75
1257,1156,407,29.28
942,841,408,40.29
1250,1149,408,42.64
5202,5101,408,35.41
835,734,408,42.69
5403,5302,408,29.31
1172,1071,408,26.89
2805,2704,408,26.73
1167,1066,408,25.46
1090,989,408,26.83
1168,1067,408,22.04
735,734,408,23.97
5102,5101,408,16.16
5303,5302,408,13.75
2905,2804,408,26.9
934,834,408,8.98
535,434,408,28.11
6536,6535,408,14.58
435,334,408,28.12
6636,6535,408,27.95
1077,976,408,26.63
1019,918,408,7.12
2517,2416,408,5.6
926,925,408,12.32
4815,4814,408,2.25
1355,1254,408,25.18
3215,3114,409,33.44
537,436,409,43.19
1078,977,409,26.86
1395,1294,409,24.2
3015,2914,409,26.3
3115,3114,409,15.01
6216,6215,409,13.99
1249,1148,409,19.79
5604,5603,409,13.78
6837,6836,409,12.35
1185,1084,409,15.44
1185,1184,409,10.33
635,534,409,28.01
535,534,409,14.34
6636,6635,409,14.39
6329,6429,409,5.66
2318,2217,409,5.83
6638,6537,409,7.69
6841,6940,409,4.54
6736,6635,409,28.22
5906,5905,409,12.36
5009,4909,409,3.03
2903,2802,409,27.06
1166,1065,409,26.66
4603,4502,409,32.85
1252,1151,410,29.19
3113,3012,410,29.75
985,884,410,24.75
988,887,410,25.97
986,885,410,25
1181,1080,410,25.59
2808,2707,410,23.1
1119,1018,410,7.84
1720,1619,410,6.29
6110,6109,410,18.94
3016,2915,410,26.17
6229,6330,410,4.64
5015,4914,410,5.65
6736,6735,410,14.3
6943,7042,410,4.28
2903,2902,410,14.62
1164,1063,410,26.54
1165,1064,410,26.5
3003,2902,410,26.25
1163,1062,410,26.34
6424,6423,410,12.37
4504,4503,410,13.25
2708,2607,411,41.95
1183,1082,411,24.27
825,724,411,25.61
1023,922,411,26.28
987,886,411,25.67
5202,5201,411,16.32
1075,974,411,26.79
5403,5402,411,13.75
5503,5402,411,29.37
1076,975,411,26.4
2417,2316,411,5.65
1256,1155,411,25.34
5393,5493,411,1.11
1162,1061,411,25.69
1161,1060,411,25.5
4603,4602,411,14.51
1159,1058,412,25.91
1074,973,412,26.83
1147,1046,412,24.74
1069,968,412,26.85
1073,972,412,26.48
1085,984,412,26.89
1070,969,412,26.9
1160,1059,412,25.6
1182,1081,412,26.25
434,333,412,42.15
2808,2807,412,12.15
2716,2615,412,26.09
2803,2702,412,27.88
334,233,412,43.01
334,333,412,25.88
840,740,412,6.78
6009,6008,412,14.18
1079,978,412,26.77
6954,7053,412,2.45
1352,1251,412,25.86
1156,1055,412,29.24
1255,1154,412,26.34
1253,1152,412,29.34
436,335,413,42.91
1218,1117,413,24.48
1091,990,413,26.77
1158,1057,413,26.41
1072,971,413,26.55
730,629,413,20.93
3002,2901,413,22.48
5704,5703,413,12.33
534,433,413,42.26
634,533,413,28.02
1157,1056,413,26.63
434,433,413,23.68
5805,5804,413,12.35
1421,1320,413,7.47
2516,2415,413,5.41
6948,7048,413,2.08
928,827,413,5.8
1254,1153,413,29.61
3114,3013,414,31.55
2914,2813,414,33.1
5603,5502,414,29.52
734,633,414,28.03
2704,2603,414,26.9
989,888,414,26.76
1071,970,414,26.9
834,733,414,27.7
925,824,414,26.82
1068,967,414,23.48
825,824,414,12.36
6428,6427,414,11.55
634,633,414,14.37
5503,5502,414,13.7
4403,4402,414,14.65
6535,6434,414,26.88
976,875,414,26.11
638,538,414,8.61
1819,1718,414,6.49
1021,921,414,3.38
6840,6939,414,4.43
2616,2515,414,5.33
1066,965,414,26.85
6320,6319,414,13.37
4502,4401,414,33.03
6635,6534,415,27.74
1084,983,415,26.38
977,876,415,26.86
5302,5301,415,16.46
1067,966,415,23.35
6535,6534,415,14.65
2716,2715,415,12.34
6437,6436,415,4.26
828,727,415,4.97
6537,6436,415,27.8
5113,5012,415,5.15
739,639,415,6.99
4703,4702,415,13.73
6858,6958,415,1.42
1065,964,415,26.48
6474,6574,415,1.23
4512,4511,415,2.21
1155,1054,416,29.37
1151,1050,416,26.54
3012,2911,416,26.43
1062,961,416,24.74
6735,6634,416,28.11
1080,979,416,26.14
6635,6634,416,14.45
2707,2606,416,26.58
2914,2913,416,14.68
1218,1217,416,12.31
4406,4405,416,10.54
537,437,416,9.33
4602,4501,416,29.29
884,783,416,26.89
887,786,416,25.67
5013,4912,416,5.51
2915,2814,416,26.24
885,784,416,25.94
5213,5112,416,4.9
2802,2701,416,23.07
2802,2801,416,14.9
6962,7061,416,4.72
3019,2918,416,5.37
6115,6214,416,2.99
4502,4501,416,14.63
1064,963,416,25.93
1063,962,416,25.6
6327,6426,416,2.58
335,234,417,42.61
1152,1051,417,29.24
1154,1053,417,29.58
1061,960,417,24.12
1082,981,417,26.88
6735,6734,417,14.34
1294,1193,417,18.99
1184,1083,417,20.07
5603,5602,417,13.53
433,332,417,43.15
433,432,417,28.26
974,873,417,26.88
2704,2703,417,11.98
925,924,417,12.13
1024,923,417,15.55
533,432,417,43.19
533,532,417,26.9
886,785,417,25.34
975,874,417,26.45
2118,2017,417,6.16
4913,4812,417,5.81
6836,6835,417,14.23
4908,4808,417,2.73
724,623,417,25.26
6375,6475,417,1.16
733,632,418,43.2
633,632,418,27.01
1153,1052,418,29.66
1251,1150,418,26.66
969,868,418,26.89
973,872,418,26.43
968,867,418,25.98
972,871,418,26.11
984,883,418,26.12
6109,6108,418,14.28
2807,2706,418,26.73
1081,980,418,26.86
1149,1048,418,15.34
978,877,418,26.89
1250,1150,418,7.35
1597,1497,418,7.03
5905,5904,418,12.31
1126,1025,418,8.39
1128,1028,418,3.28
4904,4803,418,5.33
2702,2601,418,23.95
1055,954,418,27.99
1245,1144,418,6.02
1246,1145,418,5.81
1060,959,418,23.44
2813,2712,419,34.01
5502,5401,419,35.14
2603,2502,419,29.11
971,870,419,26.25
233,132,419,22.11
1148,1047,419,14.55
5402,5401,419,13.83
990,889,419,26.15
4602,4601,419,13.77
1056,955,419,26.77
731,630,419,6.46
1146,1045,419,5.78
3008,2907,419,5.35
920,819,419,5.15
1057,956,419,24.06
6839,6938,419,4.44
3007,2907,419,3.58
1058,957,419,23.43
1059,958,419,23.07
4702,4601,419,38.2
1050,1049,420,28.18
3013,2912,420,26.5
970,869,420,26.86
827,726,420,23.23
6008,6007,420,14.06
437,336,420,42.96
1118,1017,420,9.12
2317,2216,420,5.73
888,787,420,25.42
724,723,420,12.36
965,864,420,26.82
967,866,420,24.09
5295,5395,420,1.13
632,631,421,47.06
234,133,421,22.25
1050,949,421,29.43
2913,2812,421,11.52
983,882,421,10.64
6319,6318,421,35.6
2813,2812,421,36.82
5502,5501,421,37.45
2603,2602,421,35.42
827,826,421,29.99
876,775,421,9.09
5804,5803,421,32.26
233,232,421,28.81
2807,2806,421,32.07
5703,5702,421,32.21
2715,2614,421,10.49
2018,1917,421,2.2
2814,2713,421,10.92
7061,7060,421,43.24
6114,6213,421,3.75
5492,5591,421,3.11
4500,4600,421,1.23
964,863,421,9.76
4405,4404,422,35.14
6634,6633,422,34.17
2606,2605,422,31.22
983,982,422,32.12
5602,5601,422,32.25
2715,2714,422,32.24
783,782,422,29.49
6329,6430,422,9.38
4713,4712,422,6.64
623,622,422,31.74
966,865,422,9.06
6007,6006,423,38.89
2712,2711,423,38.19
6108,6107,423,31.85
5904,5903,423,32.15
632,531,423,22.05
2706,2705,423,29.71
1050,950,423,10.38
6634,6533,423,12.34
6835,6834,423,31.42
2817,2816,423,6.41
954,953,423,32.2
6336,6335,423,6.33
2502,2501,423,33.39
1054,953,423,10.57
928,927,423,8.22
6572,6672,423,1.18
6213,6212,424,34.53
6318,6317,424,35.65
2812,2811,424,39.17
726,725,424,31.6
132,131,424,29.07
979,878,424,9.69
786,685,424,9.67
2606,2505,424,9.5
629,528,424,8.97
784,683,424,10.9
942,842,424,3
1043,943,424,2.87
783,682,424,11.05
919,818,424,1.98
2614,2613,424,35.06
6080,6180,424,1.26
7060,7059,424,41.15
4896,4997,424,0.7
5803,5802,425,32.07
882,881,425,29.13
232,231,425,29.06
5702,5701,425,31.93
863,862,425,31.62
873,772,425,10.38
775,774,425,29.27
963,862,425,8.99
2708,2608,425,3.36
2118,2117,425,7.02
1053,952,425,11.11
4807,4707,425,1.74
3019,3018,425,6.45
2711,2710,426,37.48
6006,6005,426,35.36
2605,2604,426,29.05
872,771,426,13.22
981,880,426,10.84
3219,3118,426,1.81
1222,1321,426,3.42
782,781,426,26.16
918,917,426,8.02
6212,6211,427,35.17
7059,7058,427,39.62
6317,6316,427,35.4
6834,6833,427,31.29
5903,5902,427,32.06
6107,6106,427,32.26
949,948,427,17.63
133,32,427,25.94
2816,2815,427,32.2
1193,1092,427,11.05
924,823,427,9.5
962,861,427,8.02
961,860,427,7.93
2613,2612,427,35.68
1117,1116,427,10.51
785,684,427,10.24
623,522,427,10.82
131,130,428,30.19
2505,2504,428,29.53
336,235,428,19.82
7042,7041,428,8.28
1519,1518,428,7.47
1419,1418,428,7.09
952,951,428,37.54
1719,1618,428,2.47
2710,2709,429,38.07
771,770,429,42.01
231,230,429,30.06
5802,5801,429,31.97
631,530,429,18.89
2712,2611,429,12.15
1047,946,429,13.15
871,770,429,10.99
877,776,429,10.1
1048,947,429,13.51
980,879,429,9.82
1818,1817,429,7.08
874,773,429,7.85
682,681,429,20.86
3018,3017,429,32.21
2809,2709,429,2.48
1117,1016,429,8.8
954,853,429,10.57
7050,7149,429,3.6
6670,6769,429,3.32
6211,6210,430,39.05
6316,6315,430,35.25
7058,7057,430,43.76
6005,6004,430,32.15
960,859,430,7.97
868,767,430,9.39
1496,1396,430,2.22
6962,7062,430,1.98
2502,2401,430,12.58
6764,6865,430,1.27
5902,5901,431,32.18
6106,6105,431,32.12
32,31,431,29.06
823,822,431,32.25
870,769,431,11.02
132,31,431,11.06
959,858,431,8.63
332,331,431,8.03
1319,1318,431,6.46
4612,4611,431,6.62
6734,6733,431,8.42
4814,4813,431,6.54
4706,4606,431,1.79
6957,7056,431,3.73
781,780,431,24.53
6671,6770,431,3
867,766,431,8.43
130,129,432,25.11
949,848,432,13
6938,6937,432,8.3
889,788,432,10.12
957,856,432,9.73
956,855,432,10.02
1217,1216,432,7.89
1718,1717,432,7.12
432,431,432,7.6
6235,6234,432,6.36
2611,2610,432,38.78
955,854,432,10.39
853,852,432,36.69
2504,2503,432,29.83
6423,6422,432,6.86
6315,6314,433,35.07
6210,6209,433,35.16
530,529,433,28.62
958,857,433,9.33
2316,2315,433,6.56
6434,6433,433,7.07
230,229,434,24.61
950,849,434,13.76
869,768,434,10.59
726,625,434,10.85
234,134,434,5.29
2515,2514,434,6.4
2415,2414,434,6.43
2017,2016,434,6.93
6004,6003,434,32.13
4812,4811,434,6.67
6633,6632,434,8.36
4912,4911,434,6.52
538,438,434,4.03
681,680,434,21.82
918,817,434,2.75
4511,4510,434,6.43
6669,6768,434,3.41
822,821,435,32.22
766,765,435,27.3
780,779,435,31.76
6105,6104,435,32.18
2608,2507,435,14.9
864,763,435,9.96
787,686,435,9.45
2610,2609,435,40.28
1045,1044,435,6.53
2918,2917,435,6.42
5012,5011,435,6.34
31,30,435,30.3
2614,2513,435,10.57
6422,6421,435,35.5
6314,6313,436,34.65
6209,6208,436,42.31
771,670,436,14.66
842,741,436,12.84
6533,6532,436,7.75
863,762,436,9.73
133,33,436,7.04
2216,2215,436,6.61
740,640,436,3.3
437,337,436,4.42
1917,1916,436,7.11
852,851,436,31.35
7051,7150,436,3.59
723,722,436,6.48
6433,6432,437,31.99
848,847,437,20.57
951,850,437,17.1
685,584,437,11.06
4712,4711,437,6.69
4409,4508,437,3.03
6768,6767,437,38.08
2513,2512,438,35.49
680,679,438,29.75
625,624,438,31.75
772,671,438,11.55
865,764,438,9.12
6003,6002,438,32.14
775,674,438,8.62
683,582,438,10.75
2613,2512,438,10.86
682,581,438,10.37
878,777,438,10.18
1698,1598,438,2.18
6421,6420,438,38.73
6954,7054,438,1.32
622,621,438,6.58
725,624,438,10.81
6313,6312,439,34.64
821,820,439,31.92
6104,6103,439,32.15
779,778,439,31.54
6833,6832,439,8.4
2917,2916,439,32.22
670,669,439,38.53
6208,6207,440,32.1
762,761,440,31.12
947,846,440,13.26
1116,1115,440,7.83
917,916,440,7.58
862,761,440,9.6
2811,2810,440,6.4
2117,2116,440,6.78
684,583,440,10.92
129,128,440,13.5
5883,5983,440,1.02
30,29,440,23.93
6002,6001,441,43.82
860,759,441,10.57
2505,2404,441,8.73
2512,2511,441,37.6
2611,2510,441,12.49
1395,1295,441,2.17
639,539,441,3.34
1900,1800,441,1.88
6863,6964,441,1.4
6420,6419,441,35.53
6312,6311,442,34.95
6103,6102,442,44.14
679,678,442,32.09
530,429,442,11.05
1618,1617,442,7.25
861,760,442,10.09
1418,1417,442,7.22
1518,1517,442,7.37
1092,991,442,9.45
853,752,442,11.36
846,845,443,34.71
848,747,443,13.57
522,521,443,6.57
674,673,443,20.29
2610,2509,443,13.42
336,236,443,4.43
1016,1015,443,7.27
6435,6334,443,2.39
7052,7151,443,3.23
681,580,443,10.51
6733,6732,443,8.4
4408,4507,443,3.04
669,668,443,32.25
6419,6418,444,35.57
6207,6206,444,33.27
859,758,444,10.76
1817,1816,444,7.07
776,675,444,9.89
229,228,444,10.52
7041,7040,444,6.63
2504,2403,444,8.85
128,127,444,27.08
6311,6310,445,39.85
849,748,445,13.58
6102,6101,445,45.36
2609,2508,445,14.8
6937,6936,445,8.28
822,721,445,10.27
331,330,445,7.25
858,757,445,10.81
946,945,445,6.53
7149,7148,445,6.67
854,753,445,11.74
628,627,445,3.23
852,751,445,10.91
1799,1699,445,1.64
845,844,446,35.37
678,677,446,31.99
856,755,446,10.85
1216,1215,446,7.56
855,754,446,10.8
773,672,446,8.56
4606,4505,446,9.56
5589,5688,446,2.38
5195,5196,446,0.8
6418,6417,447,35.46
747,746,447,28.84
6432,6431,447,10.79
680,579,447,11.05
857,756,447,10.85
6433,6332,447,10.72
1717,1716,447,6.96
788,687,447,9.49
431,430,447,7.02
1318,1317,447,6.63
7056,7055,447,6.6
4611,4610,447,6.46
1294,1194,447,2.36
851,750,447,13.25
7061,7160,447,4.71
580,579,447,25.54
6632,6631,447,8.19
5492,5592,447,1.26
29,28,447,14.67
668,667,447,31.41
6310,6309,448,35.16
6206,6205,448,32.12
2403,2402,448,31.89
850,749,448,13.77
625,524,448,10.82
2514,2413,448,10.63
6234,6233,448,6.6
6936,6935,448,34.87
670,569,448,12.34
127,126,448,31.41
844,843,449,35.27
762,661,449,10.94
2513,2412,449,10.77
686,585,449,10.85
763,662,449,10.85
821,720,449,10.75
2016,2015,449,6.68
2315,2314,449,6.48
766,665,449,7.89
235,135,449,4.99
817,816,449,7.06
767,666,449,7.83
6417,6416,450,35.2
746,745,450,34.31
330,329,450,24.51
4911,4910,450,6.33
2512,2411,450,11.83
6532,6531,450,7.47
677,676,450,32.24
4811,4810,450,6.49
6428,6527,450,3.4
4510,4509,450,6.38
6277,6377,450,0.98
7160,7159,450,41.45
6309,6308,451,40.02
6332,6331,451,32.03
579,578,451,32.26
1916,1915,451,6.77
765,664,451,9.06
2507,2506,451,6.45
6429,6528,451,3.6
569,568,451,37.8
28,27,451,30.95
6832,6831,451,8.37
6205,6204,452,32.26
126,125,452,27.33
2510,2409,452,13.68
764,663,452,10.39
584,483,452,9.62
2215,2214,452,6.55
529,428,452,7.62
671,570,452,10.56
6935,6934,452,31.51
2511,2410,452,12.98
524,523,452,31.68
745,744,453,35.25
6416,6415,453,35.08
7159,7158,453,40.36
761,660,453,10.93
4711,4710,453,6.54
134,34,453,5.48
7053,7152,453,3.68
752,651,453,13.14
5394,5494,453,1.25
747,646,454,13.46
581,480,454,8.86
2401,2301,454,4.35
621,620,454,6.61
4407,4506,454,2.78
568,567,454,37.69
6204,6203,455,43.64
6308,6307,455,32.26
578,577,455,31.75
991,890,455,11.01
6732,6731,455,8.35
582,481,455,8.83
1115,1114,455,7.1
583,482,455,9.81
528,527,455,3.24
990,890,455,2.27
6425,6524,455,2.85
916,915,455,7.07
27,26,455,30.7
744,743,456,35.32
6415,6414,456,35.09
2409,2408,456,31.85
7158,7157,456,43.9
125,124,456,26.08
748,647,456,13.54
751,650,456,13.36
2116,2115,456,6.64
7058,7157,456,4.9
1497,1397,456,2.58
727,626,456,2.8
580,479,456,10.9
6573,6673,456,1.17
5686,5786,456,0.82
646,645,457,33.93
7040,7039,457,8.27
1617,1616,457,6.97
1517,1516,457,7.02
1417,1416,457,7
753,652,457,11.88
6424,6523,457,2.75
6203,6202,458,46.99
750,649,458,13.52
758,657,458,10.74
2404,2303,458,8.77
1015,1014,458,7.05
743,742,459,35.52
6414,6413,459,34.97
6307,6306,459,32.24
527,526,459,28.2
26,25,459,30.92
577,576,459,32.2
7157,7156,459,33.96
749,648,459,13.78
757,656,459,10.63
1816,1815,459,6.87
2403,2302,459,9.92
521,520,459,6.57
6631,6630,459,8.51
675,574,459,9.6
1193,1093,459,2.34
5981,6081,459,0.84
6671,6771,459,1.21
6963,7063,459,1.65
645,644,460,34.68
2408,2407,460,32.02
124,123,460,26.86
1215,1214,460,7.17
6427,6526,460,3.19
6523,6522,460,38.21
479,478,460,32.25
569,468,460,11.94
4599,4699,460,1.18
5295,5296,460,0.81
6202,6201,461,46.1
7039,7038,461,31.45
756,655,461,10.5
687,586,461,10.42
755,654,461,9.6
7148,7147,461,6.67
945,944,461,6.46
754,653,461,9.96
6413,6412,462,34.95
329,328,462,9.04
2413,2312,462,10.46
6332,6231,462,10.03
1716,1715,462,6.91
672,571,462,9
429,328,462,7.38
1317,1316,462,7.02
6430,6529,462,3.54
6531,6530,462,8.41
5785,5885,462,1.13
524,423,462,10.84
644,643,463,34.99
6306,6305,463,32.24
25,24,463,30.95
576,575,463,32.25
665,564,463,10.76
2412,2311,463,10.59
585,484,463,10.29
666,565,463,10.21
667,566,463,9.32
4610,4609,463,6.38
574,573,463,31.7
6426,6525,463,3.08
6522,6521,463,41.28
568,467,463,11.88
6831,6830,464,8.29
123,122,464,29.22
664,563,464,10.96
6233,6232,464,6.57
2411,2310,464,10.72
651,550,464,13.06
478,477,464,31.81
720,719,464,6.71
816,815,464,7.14
6412,6411,465,34.93
7038,7037,465,31.4
663,562,465,11.04
6934,6933,465,8.33
2015,2014,465,6.62
2314,2313,465,6.42
6305,6304,466,41.42
643,642,466,35.4
423,422,466,31.89
646,545,466,12.42
2409,2308,466,10.78
673,572,466,6.17
4810,4809,466,6.34
2506,2405,466,10.03
2410,2309,466,10.77
337,237,466,3.34
523,422,466,10.85
6521,6520,466,39.62
570,469,466,10.72
24,23,467,30.98
650,549,467,12.99
647,546,467,13.08
1915,1914,467,6.61
467,466,467,29.31
6731,6730,467,8.38
438,338,467,3.05
480,379,467,10.96
483,382,467,9.58
550,549,467,42.55
1597,1498,467,1.94
6411,6410,468,39.62
477,476,468,32.19
527,426,468,11.05
890,789,468,10.95
122,121,468,30.67
2214,2213,468,6.48
652,551,468,13.56
7061,7161,468,1.93
642,641,469,35.66
6304,6303,469,46.65
545,544,469,34.07
7037,7036,469,31.46
649,548,469,13.43
645,544,469,12.15
4710,4709,469,6.4
1114,1113,469,7.49
562,561,469,31.05
6520,6519,469,38.45
422,421,470,32.1
2308,2307,470,32.06
648,547,470,13.51
2302,2201,470,13.33
2408,2307,470,10.71
482,381,470,9.64
236,136,470,3.71
479,378,470,10.46
915,914,470,7.14
620,619,470,6.64
6410,6409,471,38.46
6630,6629,471,8.47
466,465,471,28.17
23,22,471,31.81
4808,4708,471,1.82
6303,6302,472,47.08
544,543,472,34.45
6519,6518,472,40.56
476,475,472,32.23
644,543,472,12.01
1516,1515,472,6.84
1616,1615,472,6.89
1416,1415,472,6.89
2115,2114,472,6.61
121,120,472,31.4
481,380,472,8.61
1396,1296,472,2.42
657,556,472,10.41
6434,6333,472,2.06
1014,1013,472,7.36
426,425,472,31.56
7036,7035,473,31.55
653,552,473,12.49
561,560,473,30.93
5590,5689,473,1.96
6409,6408,474,36.83
421,420,474,32.24
2307,2306,474,32.23
586,485,474,10.93
22,21,474,35.44
1214,1213,474,7.35
574,473,474,9.78
2303,2202,474,9.38
135,35,474,4.11
550,449,474,15.1
1093,992,474,9.91
378,377,474,32.18
6518,6517,475,35.2
543,542,475,41.86
6302,6301,475,46.51
1815,1814,475,6.64
520,519,475,6.6
7156,7155,475,6.62
465,464,475,28.3
640,540,475,2.61
526,525,475,6.58
6768,6867,475,3.46
423,322,476,10.77
2312,2211,476,10.56
654,553,476,9.65
2407,2406,476,6.42
120,119,476,31.81
467,366,476,11.05
475,474,476,32.26
228,227,476,3.23
425,424,476,31.61
6408,6407,477,33.64
7035,7034,477,31.59
6933,6932,477,8.37
6830,6829,477,8.23
2311,2210,477,10.66
1316,1315,477,7.11
1715,1714,477,6.69
7147,7146,477,6.66
563,462,477,10.9
656,555,477,8.12
539,439,477,2.79
21,20,477,36.02
7054,7153,477,3.67
564,463,477,10.87
449,448,477,43.15
560,559,477,31.14
571,470,477,9.67
6517,6516,478,35.1
542,541,478,38.14
377,376,478,32.23
2306,2305,478,32.23
545,444,478,12.37
477,376,478,10.21
655,554,478,8.5
7155,7154,478,34.83
2310,2209,478,10.71
562,461,478,10.95
815,814,478,7.35
473,472,478,32.14
6730,6729,479,8.37
2313,2212,479,10.55
4609,4608,479,6.38
484,383,479,8.92
546,445,479,12.3
719,718,479,6.76
6767,6866,479,3.42
