4396,4395,2,43.99
4395,4394,5,44.73
4394,4393,8,40.27
4393,4392,11,40.36
4396,4495,12,11.7
4392,4391,14,40.36
4495,4494,15,44.59
4395,4494,15,11.21
4391,4390,17,40.07
4394,4493,17,12.41
4390,4389,20,41.26
4493,4492,20,41.19
4393,4492,20,12.4
4389,4388,23,36.14
4492,4491,23,43.58
4392,4491,23,12.4
4495,4594,25,11.36
4388,4387,26,38.39
4491,4490,26,44.77
4391,4490,26,12.43
4494,4593,27,12.25
4387,4386,29,44.67
4490,4489,29,44.2
4390,4489,29,12.3
4493,4592,29,12.31
4386,4385,32,42.65
4489,4488,32,44.8
4592,4591,32,44.58
4389,4488,32,12.66
4492,4591,32,11.84
4396,4295,34,4.11
4385,4384,35,42.57
4488,4487,35,35.76
4591,4590,35,44.8
4388,4487,35,12.56
4295,4294,37,44.66
4594,4693,37,12.32
4394,4293,37,4.53
4384,4383,38,44.78
4590,4589,38,44.54
4487,4486,38,42.04
4593,4692,39,12.42
4396,4496,39,2.53
4293,4292,40,39.86
4393,4292,40,4.52
4589,4588,41,44.79
4486,4485,41,41.77
4692,4691,42,41.71
4383,4382,42,29.63
4592,4691,42,11.37
4292,4291,43,33.75
4392,4291,43,4.52
4588,4587,44,42.03
4485,4484,44,42.21
4488,4587,44,12.67
4382,4381,45,35.27
4691,4690,45,44.74
4391,4290,46,4.54
4484,4483,47,44.04
4487,4586,47,12.18
4381,4380,48,37.31
4690,4689,48,44.74
4290,4289,49,37.01
4693,4792,49,12.65
4390,4289,49,4.44
4483,4482,50,36.48
4586,4585,50,44.81
4383,4482,50,12.62
4389,4288,50,4.81
4792,4791,51,59.41
4380,4379,51,36.46
4689,4688,51,43.79
4692,4791,51,12.23
4496,4595,51,11.94
4589,4688,51,11.1
4585,4584,53,41.15
4288,4287,53,44.73
4588,4687,53,12.18
4791,4790,54,35.1
4482,4481,54,30.97
4382,4481,54,12.68
4379,4378,55,29.9
4584,4583,56,41.97
4287,4286,56,42.2
4687,4686,56,39.01
4792,4891,56,23.46
4587,4686,56,12.65
4790,4789,57,40.26
4481,4480,57,39.18
4381,4480,57,12.62
4583,4582,59,44.25
4891,4890,59,34.98
4286,4285,59,41.46
4686,4685,59,38.43
4378,4377,59,25.96
4483,4582,59,12.65
4789,4788,60,44.19
4380,4479,60,12.65
4790,4889,61,76.41
4481,4580,61,75.84
4687,4786,61,75.2
4379,4478,61,66.33
4595,4694,61,76.96
4688,4787,61,76.5
4585,4684,61,73.23
4482,4581,61,68.8
4594,4694,61,4.03
4788,4887,62,76.92
4685,4784,62,76.94
4582,4681,62,68.42
4789,4888,62,76.55
4480,4579,62,68.78
4583,4682,62,75.69
4891,4990,62,62.48
4686,4785,62,73.72
4378,4477,62,59.98
4584,4683,62,74.63
4396,4296,62,0.91
4684,4783,63,76.67
4786,4885,63,73.23
4787,4886,63,76.49
4889,4988,63,71.01
4694,4793,63,72.75
4479,4578,63,57.85
4890,4989,63,64.32
4377,4476,63,59.48
4887,4986,64,75.45
4784,4883,64,72.47
4888,4987,64,76.74
4785,4884,64,76.45
4683,4782,64,76.3
4682,4781,64,76.87
4990,5089,64,72.8
4580,4679,64,66.65
4478,4577,64,61.89
4581,4680,64,69.86
4783,4882,65,76.91
4885,4984,65,75.27
4989,5088,65,70.93
4886,4985,65,74.5
4793,4892,65,87.33
4578,4677,65,71.62
4681,4780,65,67.91
4579,4678,65,64.32
4477,4576,65,66.96
4986,5085,66,76.8
4883,4982,66,82.94
4884,4983,66,86.05
4782,4881,66,74.43
4781,4880,66,75.94
5089,5188,66,76.5
4679,4778,66,74.79
4577,4676,66,73.81
4988,5087,66,62.16
4476,4575,66,65.91
4882,4981,67,76.99
4984,5083,67,76.86
5088,5187,67,76.34
4985,5084,67,76.49
4677,4776,67,72.5
4678,4777,67,75.11
4987,5086,67,67.79
4680,4779,67,65.84
4982,5081,68,83.71
4983,5082,68,84.51
5087,5186,68,72.04
4881,4980,68,89.61
4880,4979,68,73.43
4778,4877,68,70.93
4575,4674,68,87.04
4892,4991,68,61.39
4780,4879,68,63.88
4576,4675,68,68.1
4377,4376,68,9.61
4981,5080,69,89.69
5083,5182,69,77
5187,5286,69,75.66
5084,5183,69,77.02
5086,5185,69,86.8
5085,5184,69,69.17
4676,4775,69,69.72
4285,4284,69,6.66
5081,5180,70,86.06
5082,5181,70,83.03
5186,5285,70,78.29
4980,5079,70,76.8
4979,5078,70,71.71
4877,4976,70,75.1
4674,4773,70,87.95
4675,4774,70,87.94
4776,4875,70,64.46
4777,4876,70,64.84
4779,4878,70,70.5
5188,5287,70,47.02
5080,5179,71,89.4
5182,5281,71,77.02
5286,5385,71,77.73
5183,5282,71,77.02
5185,5284,71,87.68
4775,4874,71,88.08
4991,5090,71,67.88
4879,4978,71,65.18
4376,4475,71,62.49
5180,5279,72,89.55
5181,5280,72,83.8
5079,5178,72,76.42
5287,5386,72,88
4976,5075,72,81.62
4773,4872,72,87.19
4774,4873,72,74.43
5184,5283,72,66.22
5179,5278,73,76.9
5281,5380,73,77.01
4475,4574,73,87.24
5282,5381,73,77
5284,5383,73,86.96
4874,4973,73,85.95
5090,5189,73,73.83
5078,5177,73,61.19
4878,4977,73,63.49
4875,4974,73,60.62
4876,4975,73,59.68
4496,4596,73,3.72
4383,4282,73,2.33
5279,5378,74,89.9
5280,5379,74,87.49
5386,5485,74,72.38
4872,4971,74,88.47
4873,4972,74,85.06
4978,5077,74,67.46
5278,5377,75,76.78
5380,5479,75,76.91
4574,4673,75,88.37
5381,5480,75,74.94
5189,5288,75,77.02
4974,5073,75,85.81
4973,5072,75,88.17
4596,4695,75,76.21
5178,5277,75,66.69
5075,5174,75,52.17
5283,5382,75,70.54
5285,5384,75,34.58
5379,5478,76,88.98
5485,5584,76,76.04
4971,5070,76,87
4972,5071,76,84.44
5077,5176,76,79.83
4977,5076,76,66.6
5383,5482,76,70.51
5177,5276,76,60.51
4975,5074,76,65.5
5385,5484,76,34.19
5479,5578,77,73.76
4673,4772,77,87.47
5288,5387,77,77.71
5073,5172,77,88.27
5072,5171,77,84.82
4695,4794,77,73.92
5174,5273,77,78.35
5382,5481,77,84.6
5378,5477,77,69.35
5584,5683,78,73.74
5070,5169,78,87.53
5071,5170,78,87.26
5176,5275,78,71.13
5076,5175,78,79.3
5482,5581,78,72.66
5484,5583,78,76.81
5074,5173,78,77.01
5480,5579,78,67.24
5277,5376,78,50.12
4293,4192,78,2.09
5377,5476,78,60.68
5478,5577,78,79.86
4772,4871,79,84.78
5172,5271,79,85.64
5171,5270,79,87.19
4794,4893,79,74.66
5273,5372,79,87.11
5481,5580,79,86.5
5276,5375,79,53.23
4376,4375,79,9.44
4292,4191,79,2.35
4294,4193,79,1.95
5683,5782,80,76.61
5579,5678,80,76.4
5169,5268,80,87.76
5170,5269,80,87.5
5581,5680,80,75.9
5173,5272,80,87.84
5583,5682,80,76.75
5577,5676,80,71.58
5387,5486,80,60.64
5477,5576,80,64.3
5384,5483,80,34.09
5578,5677,80,67.62
4871,4970,81,87.13
5271,5370,81,87.41
5580,5679,81,88.06
5270,5369,81,87.91
4893,4992,81,80.41
4375,4474,81,87.48
5275,5374,81,56.95
5476,5575,81,60.71
4475,4474,81,10.68
4284,4283,81,8.87
5372,5471,81,87.08
5376,5475,81,63.6
5375,5474,81,80.32
5782,5881,82,89.6
5483,5582,82,75.14
5268,5367,82,88.23
5269,5368,82,87.76
5680,5779,82,87.3
5272,5371,82,86.39
5682,5781,82,89.93
5676,5775,82,71.49
5486,5585,82,76.6
5175,5274,82,45.97
5678,5777,82,79.53
4970,5069,83,87.59
5474,5573,83,80.8
5679,5778,83,87.21
5575,5674,83,86.2
5471,5570,83,88.18
4474,4573,83,88.16
5374,5473,83,88.36
5576,5675,83,67.28
5369,5468,83,84.37
5677,5776,83,65.61
5370,5469,83,83.56
5881,5980,84,88.48
5582,5681,84,76.97
5779,5878,84,87.44
5781,5880,84,88.57
5775,5874,84,71.98
5585,5684,84,76.4
4992,5091,84,55.08
5475,5574,84,67.37
5274,5373,84,86.85
5777,5876,84,78.57
5367,5466,84,88.36
5368,5467,84,83.97
5371,5470,84,88.02
4291,4190,84,2.36
5069,5168,85,87.55
5573,5672,85,86.51
5469,5568,85,84.62
5778,5877,85,87.42
5674,5773,85,89.72
5570,5669,85,83.89
4573,4672,85,87.19
5473,5572,85,87.45
5675,5774,85,76.08
5468,5567,85,85.09
4282,4281,85,8.85
5776,5875,85,72.68
4382,4281,85,2.18
5470,5569,86,88.27
5574,5673,86,86.27
5980,6079,86,85.98
5684,5783,86,71.86
5878,5977,86,88.45
5681,5780,86,88.75
5466,5565,86,81.42
5880,5979,86,86.45
5467,5566,86,82.58
5876,5975,86,78.36
5373,5472,86,87.37
5168,5267,87,88.11
5877,5976,87,87.57
5773,5872,87,89.96
5669,5768,87,84.42
4672,4771,87,85.33
5572,5671,87,86.94
5774,5873,87,76.95
5567,5666,87,82.56
5672,5771,87,88.42
5091,5190,87,63.61
5874,5973,87,68.66
5569,5668,88,87.84
5673,5772,88,76.64
6079,6178,88,86.39
5780,5879,88,86.67
5783,5882,88,76.77
5977,6076,88,88.62
5565,5664,88,79.6
5979,6078,88,87.48
5472,5571,88,87.51
5566,5665,88,80.21
5975,6074,88,80.03
5875,5974,88,70.39
5267,5366,89,80.57
5976,6075,89,85.14
5768,5867,89,83.44
4771,4870,89,85.26
5671,5770,89,86.23
5666,5765,89,79.59
5771,5870,89,86.75
5973,6072,89,74.68
4375,4374,89,10.46
5772,5871,90,89.17
6178,6277,90,89.04
5879,5978,90,85.91
5882,5981,90,78.26
6076,6175,90,86.44
6078,6177,90,87.37
5571,5670,90,87.87
5190,5289,90,69.61
6074,6173,90,77.28
5974,6073,90,74.51
5867,5966,91,79.89
4870,4969,91,87.06
5770,5869,91,87.67
5870,5969,91,83.81
6072,6171,91,70.91
5765,5864,91,78.34
4374,4473,91,88.02
5366,5465,91,80.77
5871,5970,92,86.87
6277,6376,92,79.45
5978,6077,92,88.29
5289,5388,92,76.13
5981,6080,92,86.69
6175,6274,92,83.35
5670,5769,92,87.83
4893,4993,92,8.26
5966,6065,93,77.21
4969,5068,93,85.18
5869,5968,93,82.57
5969,6068,93,83.9
6171,6270,93,75.17
4473,4572,93,86.84
5465,5564,93,80.21
5568,5667,93,18.45
6173,6272,93,67.32
6073,6172,93,70.35
4290,4189,93,2.31
4295,4194,93,1.46
5970,6069,94,86.44
6077,6176,94,86.91
5388,5487,94,73.25
6080,6179,94,82.53
5769,5868,94,88.15
5068,5167,95,84.37
5968,6067,95,80.35
6068,6167,95,79.56
6270,6369,95,78.29
4572,4671,95,85.74
5667,5766,95,82.01
6376,6475,95,54.73
6272,6371,95,80.93
5873,5972,95,17.83
6172,6271,95,78.52
4381,4280,95,2.03
6176,6275,96,89.9
6274,6373,96,45.63
4993,5092,96,40.06
5668,5767,96,18.41
5664,5763,96,18.19
5665,5764,96,18.06
6067,6166,97,76.1
5972,6071,97,79.56
6369,6468,97,88.19
4671,4770,97,84.78
6475,6574,97,79.7
5487,5586,97,61.55
6371,6470,97,88.18
6075,6174,97,18.47
5872,5971,97,15.68
6271,6370,97,79.77
6373,6472,98,71.71
5764,5863,98,80.71
6177,6276,98,17.94
5267,5266,98,9.51
4695,4795,98,4.38
4596,4696,98,4.09
4289,4188,98,2.4
6166,6265,99,73.25
6071,6170,99,73.74
6468,6567,99,88.07
4770,4869,99,85.83
6574,6673,99,88.35
5586,5685,99,76.32
6275,6374,99,63.94
5092,5191,99,56.07
6470,6569,99,79.21
5864,5963,99,18.19
6370,6469,99,88.35
5863,5962,100,88.12
6276,6375,100,87.28
6472,6571,100,88.34
4795,4894,100,76.62
6174,6273,100,63.15
6274,6273,100,12.89
5867,5866,100,9.58
5366,5365,100,9.49
6265,6364,101,72.71
6170,6269,101,72.33
6567,6666,101,80.93
4869,4968,101,87.65
6673,6772,101,88
5685,5784,101,73.56
6569,6668,101,79.64
6065,6164,101,17.88
5564,5663,101,18.19
6469,6568,101,88.36
4380,4279,101,2.07
6571,6670,102,88.37
6374,6473,102,69.76
5191,5290,102,51.34
6475,6474,102,15.55
6069,6168,102,18.46
5868,5967,102,18.26
5966,5965,102,9.85
5465,5464,102,9.55
4374,4373,102,8.08
4379,4278,102,2.32
6364,6463,103,75.79
6269,6368,103,86.92
6666,6765,103,88.24
4968,5067,103,84.28
6164,6263,103,75.75
6772,6871,103,88.07
5784,5883,103,85.64
6273,6372,103,65.98
6668,6767,103,88.32
6167,6266,103,17.94
5766,5865,103,18.06
6179,6278,103,17.17
6568,6667,103,82.05
4373,4472,104,86.48
6473,6572,104,87.85
5290,5389,104,73.46
6168,6267,104,75.57
6670,6769,104,88.2
6474,6573,104,85
5965,6064,104,77.03
5763,5862,104,18.18
6368,6467,105,88.22
6765,6864,105,87.92
5067,5166,105,81.16
6263,6362,105,86.5
6871,6970,105,88.04
5883,5982,105,76.04
6266,6365,105,71.23
6372,6471,105,79.26
6767,6866,105,87.9
5971,6070,105,18.42
6667,6766,105,79.97
4472,4571,106,85.68
6572,6671,106,88.31
5389,5488,106,74.71
6267,6366,106,72.67
6573,6672,106,88.34
6064,6163,106,77.59
5862,5961,106,85.78
6463,6562,106,67.04
6067,6066,106,9.96
6467,6566,107,87.83
6864,6963,107,84.64
6070,6169,107,80.43
6471,6570,107,79.8
5963,6062,107,17.92
6166,6165,107,10.22
6475,6575,107,8.52
6766,6865,107,80.36
4378,4277,107,2.46
6671,6770,108,88.34
6672,6771,108,88.17
6163,6262,108,73.84
4571,4670,108,84.78
6362,6461,108,66.1
6365,6464,108,70.61
4396,4397,108,0.81
6566,6665,109,86
6963,7062,109,85.34
6062,6161,109,84.92
6165,6264,109,74.98
6575,6674,109,86.72
6570,6669,109,79.21
5488,5587,109,62.1
6366,6465,109,68.29
5961,6060,109,64.74
6562,6661,109,64.72
5663,5762,109,18.23
5962,6061,109,17.66
6265,6264,109,10.27
6865,6964,109,76.75
6771,6870,110,88.21
6262,6361,110,86.5
4670,4769,110,84.85
6464,6563,110,75.82
6169,6268,110,65.07
5464,5563,110,18.15
4993,5093,110,5.81
4396,4497,110,1.27
6060,6159,111,85.39
6669,6768,111,88.11
5587,5686,111,71.62
6661,6760,111,78.95
6674,6773,111,88.03
6264,6363,111,75.11
5865,5964,111,18.02
6376,6476,111,5.34
6964,7063,111,85.94
4769,4868,112,87.03
6563,6662,112,73.95
5563,5662,112,81.98
6161,6260,112,65.68
6465,6564,112,70.67
6061,6160,112,65.23
6665,6764,112,67.47
6769,6868,112,18.19
6278,6377,112,16.52
4869,4868,112,7.76
4188,4187,112,7.49
6159,6258,113,88.3
6768,6867,113,88.13
5686,5785,113,76.8
6773,6872,113,87.69
6363,6462,113,75.8
6361,6460,113,64.69
6268,6367,113,64.35
6864,6863,113,12.6
5166,5265,113,18.1
6970,7069,113,18.38
5982,6081,113,18.43
5862,5861,113,11.84
4968,4967,113,9.09
6866,6965,113,17.99
6080,6180,113,4.87
7063,7162,113,85.63
6760,6859,113,86.15
5662,5761,114,78.96
6260,6359,114,83.96
6564,6663,114,75.23
5067,5066,114,9.45
6872,6971,115,88.03
5785,5884,115,81.72
6863,6962,115,83.22
7069,7168,115,88.19
5093,5192,115,29.62
6467,6466,115,10.07
6064,6063,115,9.81
5092,5192,115,5.29
6460,6559,115,76.75
5761,5860,116,71.5
6359,6458,116,87.94
6663,6762,116,71.78
5066,5165,116,79.38
5861,5960,116,63.94
6462,6561,116,64.77
6770,6869,116,18.27
6566,6565,116,11.68
6163,6162,116,10.17
4373,4372,116,7.17
4377,4276,116,2.48
5884,5983,117,73.4
6962,7061,117,84.44
6559,6658,117,87.8
6262,6261,117,11.3
6461,6560,117,16.84
6565,6664,118,72.92
5165,5264,118,80.05
4372,4471,118,75.76
6870,6969,118,18.35
6060,6059,118,12.11
5191,5291,118,5.45
7062,7161,118,17.59
5983,6082,119,87.86
7061,7160,119,84.51
5860,5959,119,64.55
6762,6861,119,66.37
6664,6763,120,74.25
4471,4570,120,84.18
6059,6158,120,88.37
7161,7260,120,84.12
6261,6360,120,65.19
6260,6259,120,13.03
6764,6763,120,13.13
6868,6967,120,18.11
6662,6761,120,17.71
6661,6660,120,9.68
6760,6759,120,11.57
6863,6862,121,24.22
5563,5562,121,15.92
4894,4994,121,4.02
4696,4796,121,3.48
7160,7259,122,43.63
6861,6960,122,34.93
5291,5390,122,28.77
6962,6961,122,22.99
5662,5661,122,16.35
4769,4768,122,13.03
4670,4669,122,11.72
6460,6459,122,16.68
7061,7060,123,22.83
6559,6558,123,18.16
5761,5760,123,17.24
6359,6358,123,17.59
5066,5065,123,16.27
6258,6357,123,5.7
4967,4966,123,15.74
6867,6966,123,5.83
5265,5364,123,5.77
7069,7068,123,14.94
4868,4867,123,14.5
6965,7064,123,6.02
7162,7261,123,6.19
6859,6958,123,5.98
6759,6858,124,40.9
5165,5164,124,16.18
4187,4186,124,11.42
4795,4895,124,3.14
6761,6860,125,35
7160,7159,125,21.56
5860,5859,125,15.25
4276,4275,125,15.38
4372,4371,125,13.78
6960,7059,126,42.08
6759,6758,126,19.22
6059,6058,126,15.57
6575,6675,126,4.7
6357,6456,126,47.53
6958,7057,126,47.18
7068,7167,127,37.75
5390,5489,127,28.61
5661,5660,127,21.08
6960,6959,127,20.17
7064,7163,127,44.02
6357,6356,127,26.05
6958,6957,127,25.55
4471,4470,128,11.46
5093,5193,128,4.9
5488,5588,128,3.84
7159,7258,129,42
5859,5958,129,38.13
5164,5263,129,34.98
7068,7067,129,16.94
4966,4965,129,16.83
5760,5759,129,17.4
4768,4767,129,14.5
4570,4569,129,11.24
6971,7070,129,5.54
7168,7267,129,5.97
6758,6857,130,47.13
6758,6757,130,25.48
7159,7158,130,20.11
6858,6857,130,17.67
7059,7158,130,41.49
5065,5064,130,16.27
4867,4866,130,15.76
4375,4274,130,3.65
5193,5292,131,48
6675,6774,131,34.98
6456,6555,131,30.72
7057,7156,131,34.04
5859,5858,131,17.2
5164,5163,131,16.27
4669,4668,131,12.49
4284,4183,131,2.82
5660,5659,132,23.26
6957,7056,132,34.16
6456,6455,132,18.95
7057,7056,132,17.9
7059,7058,132,19.69
6476,6576,132,3.94
6356,6455,132,31.4
6560,6659,132,7.92
7258,7357,133,46
7067,7166,133,40.72
5588,5687,133,31.21
6957,6956,133,17.82
4186,4185,133,11.96
6869,6968,133,5.71
6356,6355,133,18.85
4192,4091,133,3.14
4282,4181,133,2.94
6458,6557,133,5.74
7258,7257,134,24.04
7070,7169,134,32.17
5759,5758,134,20.56
4371,4370,134,11.7
7158,7257,134,46.82
7158,7157,134,25.05
6757,6856,135,32.46
7067,7066,135,19.08
4965,4964,135,17.24
6555,6654,136,33.91
5858,5957,136,32.07
5163,5262,136,34.98
6774,6873,136,31.56
6757,6756,136,18.6
4767,4766,136,15.78
5193,5293,136,14.26
6377,6477,136,3.89
6455,6554,137,33.06
6555,6554,137,17.98
5064,5063,137,16.19
4866,4865,137,16.48
7357,7456,137,46.37
7257,7356,137,47.37
4283,4182,137,3.06
6357,6457,137,7.35
5687,5786,138,30.25
6557,6656,138,33.65
5659,5658,138,17.21
6455,6454,138,18.39
5163,5162,138,16.27
4274,4273,138,14.1
4569,4568,138,12.23
4470,4469,138,10.99
5785,5885,138,3.72
7257,7256,138,25.81
6355,6454,138,33
4295,4195,138,0.94
7066,7165,139,42.17
5758,5857,139,34.22
6557,6556,139,18.13
5858,5857,139,13.52
5292,5391,139,20.04
4668,4667,139,14.16
5264,5363,139,5.76
6180,6279,139,3.13
6355,6354,139,18.42
6856,6955,140,34.81
7066,7065,140,20.25
7456,7555,140,47.47
4181,4180,140,15.08
4497,4597,140,3.2
7356,7455,141,46.69
6654,6753,141,34.97
6873,6972,141,33.13
6756,6855,141,34.33
5957,6056,141,34.05
6856,6855,141,17.14
4964,4963,141,17.24
5758,5757,141,14.73
4185,4184,141,13.82
4091,4090,141,12.56
7456,7455,141,25.96
6872,6972,141,3.41
7064,7164,141,5.73
6554,6653,142,34.93
7356,7355,142,24.88
6654,6653,142,16.76
6756,6755,142,17.69
5957,5956,142,17.89
7555,7654,143,49.59
5162,5261,143,34.91
6454,6553,143,34.74
5885,5984,143,31.54
5063,5062,143,17.58
6554,6553,143,16.89
4865,4864,143,16.89
4766,4765,143,16.14
4370,4369,143,11.22
6082,6181,143,5.49
5884,5984,143,3.49
7260,7359,143,6.17
6556,6655,144,29.45
7555,7554,144,30.88
5391,5490,144,29.93
6656,6655,144,18.76
5658,5657,144,18.01
6454,6453,144,17.25
7455,7554,144,49.03
6354,6453,144,34.57
5956,5955,145,35.83
6955,7054,145,30.7
5857,5856,145,17.31
5162,5161,145,16.01
5293,5392,145,16.95
7258,7358,145,6.51
4994,5094,145,4.32
6158,6257,145,5.77
7455,7454,145,28.86
6354,6353,145,17.46
4193,4092,145,2.56
7355,7354,146,25.44
5956,6055,146,47.06
6056,6155,146,32.37
6753,6852,146,30.83
6855,6954,146,34.86
6972,7071,146,33.67
4667,4666,146,15.78
4568,4567,146,13.86
4273,4272,146,12.71
7261,7360,146,6.24
6653,6752,147,34.86
6755,6854,147,34.92
4963,4962,147,17.62
6855,6854,147,17.05
4469,4468,147,11.71
4180,4179,147,15.01
5983,6083,147,3.28
7359,7458,147,42.95
5955,6054,148,49.43
5856,5855,148,35.64
7454,7553,148,48.69
7654,7753,148,30.08
6553,6652,148,34.9
6653,6652,148,17.05
6755,6754,148,16.92
7357,7457,148,6.69
6558,6657,148,5.86
4190,4089,148,2.49
5364,5463,148,5.77
6055,6154,149,48.89
5955,5954,149,30.1
5161,5260,149,36.4
6257,6256,149,27.16
7454,7453,149,28.08
5657,5756,149,35.29
6453,6552,149,34.82
5062,5061,149,17.18
6553,6552,149,16.98
4864,4863,149,17.28
5193,5294,149,6.79
5193,5194,149,4.83
6357,6256,149,5.62
7054,7153,150,34.11
6453,6452,150,17.14
5490,5589,150,25.15
7654,7653,150,15.4
4765,4764,150,16.55
7163,7262,150,6.29
6353,6452,150,30.69
5855,5854,151,34.53
6155,6254,151,33.83
6852,6951,151,34.39
6954,7053,151,30.38
7071,7170,151,32.1
7054,7053,151,17.85
5657,5656,151,15.37
7555,7655,151,9.88
6576,6676,151,5.28
7456,7556,151,7.31
7167,7266,151,6.11
6058,6157,151,5.78
5954,6053,152,47.44
7453,7552,152,48.16
6054,6153,152,47.13
6054,6053,152,25.48
6752,6851,152,34.49
6854,6953,152,30.85
7354,7353,152,17.64
6852,6851,152,17.64
5161,5160,152,16.06
4369,4368,152,11.21
4796,4896,152,3.24
6353,6352,152,15.3
4189,4088,152,2.63
5260,5359,153,38.66
5954,5953,153,25.91
7453,7452,153,27.08
7553,7652,153,30.46
7753,7852,153,30.61
6652,6751,153,30.62
6754,6853,153,34.92
6752,6751,153,17.54
4962,4961,153,17.64
4666,4665,153,15.82
4567,4566,153,15.08
7156,7255,153,6.44
7267,7366,153,6.08
4278,4177,153,3.06
7655,7754,154,49.49
6154,6253,154,34.47
6552,6651,154,30.74
5392,5491,154,17.56
4179,4178,154,15.1
7056,7155,154,6.47
5263,5362,154,5.71
5588,5688,154,3.87
6675,6775,154,3.63
5854,5853,155,29.57
6157,6156,155,29.6
7153,7252,155,30.15
6452,6551,155,34.67
5260,5259,155,17.56
4863,4862,155,17.67
7753,7752,155,15.32
4468,4467,155,12.99
4272,4271,155,12.21
6256,6255,155,18.72
5293,5393,155,5.35
5958,6057,155,5.61
7653,7752,155,30.65
4277,4176,155,3.21
7452,7551,156,47.83
7353,7352,156,26.19
6951,7050,156,34.18
5656,5755,156,31.16
7053,7152,156,33.92
4764,4763,156,17.3
6452,6451,156,17.35
5061,5060,156,16.43
5756,5755,156,15.41
7166,7265,156,6.17
6956,7055,156,6.33
7452,7451,157,26.52
7366,7465,157,45.23
5953,6052,157,46.99
5953,5952,157,25.28
7552,7651,157,30.58
6153,6252,157,34.52
6953,7052,157,34.33
6851,6950,157,34.17
6053,6152,157,34.5
4896,4995,157,28.68
6951,6950,157,17.81
7053,7052,157,17.98
5660,5559,157,4.73
5661,5560,157,4.12
6853,6952,158,30.64
7852,7951,158,30.65
7366,7365,158,23.16
7652,7751,158,30.72
6751,6850,158,34.29
5160,5159,158,16.79
6953,6952,158,17.69
6851,6850,158,17.81
5656,5655,158,15.14
4194,4093,158,2.45
5853,5852,159,26.42
7754,7853,159,30.06
6651,6750,159,30.41
7155,7254,159,34.58
6775,6874,159,33.13
5688,5787,159,31.47
4961,4960,159,16.89
6751,6750,159,17.72
5491,5590,159,31.51
7169,7268,159,5.71
6352,6351,159,15.31
7252,7351,160,34.68
6551,6650,160,30.55
7155,7154,160,17.45
4665,4664,160,16.21
7852,7851,160,15.31
4566,4565,160,15.44
4088,4087,160,13.95
7752,7851,160,30.64
5662,5561,160,3.1
5563,5462,160,2.96
4396,4297,160,0.82
7451,7550,161,46.8
7451,7450,161,25.04
7465,7564,161,45.98
7551,7650,161,30.73
7050,7149,161,34.54
7152,7251,161,30.58
6451,6550,161,30.57
4862,4861,161,17.72
7252,7251,161,17.34
4368,4367,161,12.21
5194,5195,161,8.52
7365,7464,162,45.82
7465,7464,162,24.01
6152,6251,162,34.55
7651,7750,162,30.74
7052,7151,162,30.07
6950,7049,162,34.38
7050,7049,162,17.49
4763,4762,162,17.69
5060,5059,162,16.79
4467,4466,162,14.46
5393,5492,162,20.31
4176,4175,162,15.24
7655,7755,162,9.56
5855,5754,162,10.26
5194,5295,162,11.39
7165,7264,162,6.29
5262,5361,162,5.65
5094,5095,162,6
7359,7459,162,5.39
7268,7367,163,42.25
7951,8050,163,30.7
7365,7364,163,23.82
7751,7850,163,30.65
6850,6949,163,34.38
5159,5258,163,31.37
6952,7051,163,34.19
6152,6151,163,17.48
6950,6949,163,17.64
6451,6450,163,15.33
4271,4270,163,13.71
7351,7350,164,25.35
7853,7952,164,30.54
6874,6973,164,31.59
6750,6849,164,34.36
5787,5886,164,31.4
6850,6849,164,17.64
7164,7263,164,6.35
5754,5753,165,35.18
7755,7854,165,49.19
7564,7663,165,45.59
7154,7253,165,30.13
6650,6749,165,34.3
6750,6749,165,17.66
7951,7950,165,15.3
5159,5158,165,15
5655,5654,165,15.43
5590,5689,165,25.99
7556,7656,165,7.29
7457,7557,165,6.22
7851,7950,165,30.67
7464,7563,166,45.59
7450,7549,166,30.62
7564,7563,166,23.56
6550,6649,166,34.32
7650,7749,166,30.79
7550,7649,166,30.79
6650,6649,166,17.71
5885,5985,166,3.66
7459,7558,166,42.64
6351,6350,166,15.34
7367,7466,167,43.61
7364,7463,167,45.59
7464,7463,167,23.56
7750,7849,167,30.74
7151,7250,167,30.8
6550,6549,167,17.7
7251,7250,167,17.3
4184,4083,167,5.49
5295,5394,167,29.29
5654,5653,168,36.06
7350,7449,168,46.58
8050,8149,168,30.72
7850,7949,168,30.72
6151,6250,168,34.43
7364,7363,168,23.56
7051,7150,168,34.44
7450,7449,168,15.32
6251,6250,168,17.58
4087,4086,168,13.64
5258,5357,168,30.98
5261,5360,168,5.71
4597,4697,168,3.67
7663,7762,169,45.3
5158,5257,169,43.11
7952,8051,169,30.67
7350,7349,169,24.74
6973,7072,169,33.68
6849,6948,169,34.6
6151,6150,169,17.6
5492,5591,169,23.4
4175,4174,169,14.81
4466,4465,169,14.88
4367,4366,169,13.63
7549,7648,170,45.62
7563,7662,170,45.27
7663,7662,170,23.24
5158,5157,170,21.08
7854,7953,170,30.02
6749,6848,170,34.62
6849,6848,170,17.43
8050,8049,170,15.29
6450,6449,170,15.37
5689,5788,170,31.48
7950,8049,170,30.76
7466,7565,171,45.91
7463,7562,171,45.28
7549,7548,171,23.59
7563,7562,171,23.2
7749,7848,171,30.74
6649,6748,171,34.46
7649,7748,171,30.77
5985,6084,171,29.78
6749,6748,171,17.41
4270,4269,171,13.53
7558,7657,171,31.06
7849,7948,172,30.74
6549,6648,172,34.28
7463,7462,172,23.22
6649,6648,172,17.57
5753,5752,172,15.43
6350,6349,172,17.69
7349,7448,173,46.41
7762,7861,173,45.49
6948,7047,173,45.96
7949,8048,173,30.77
7150,7249,173,30.85
7449,7448,173,24.14
6549,6548,173,17.73
8149,8248,173,30.73
7262,7361,173,6.28
5394,5493,173,24.41
7662,7761,174,45.28
8051,8150,174,30.66
7349,7348,174,24.53
7762,7761,174,23.45
6948,6947,174,23.99
6250,6249,174,17.79
5591,5690,174,30.4
7755,7855,174,8.93
7072,7171,174,33.16
5659,5558,174,3.4
5752,5851,175,47.4
7565,7664,175,45.82
7562,7661,175,45.16
7648,7747,175,30.75
7662,7661,175,23.22
7953,8052,175,30.46
5653,5652,175,15.42
8149,8148,175,15.29
5788,5887,175,31.54
6083,6182,175,5.11
6279,6378,175,3.99
8049,8148,175,30.76
7462,7561,176,44.94
5752,5751,176,25.86
7548,7647,176,30.68
7848,7947,176,30.69
7562,7561,176,23.09
7748,7847,176,30.7
6084,6183,176,29.63
7657,7756,176,31.2
6748,6847,176,34.79
6449,6448,176,17.73
6848,6847,176,17.33
4174,4173,176,14.33
4086,4085,176,13.62
5654,5553,176,13.25
7855,7954,177,48.47
7448,7547,177,46.02
7462,7461,177,22.85
7948,8047,177,30.8
6648,6747,177,34.76
6748,6747,177,17.18
7170,7269,177,5.51
6676,6776,177,3.86
6477,6577,177,2.5
5359,5458,177,6.11
5851,5950,178,47.3
7761,7860,178,45.88
6947,7046,178,45.87
8048,8147,178,30.75
7448,7447,178,24.06
7861,7960,178,30.68
6548,6647,178,34.63
6648,6647,178,17.23
8248,8347,178,30.72
4184,4084,178,2.73
6349,6348,178,17.78
4296,4196,178,0.95
5553,5552,179,36.08
5851,5850,179,25.72
7664,7763,179,45.59
7661,7760,179,45.84
5652,5651,179,29.36
8150,8249,179,30.74
5558,5557,179,21.46
7761,7760,179,23.9
6947,6946,179,23.88
6548,6547,179,17.4
5493,5592,179,28
5690,5789,179,29.38
5654,5554,179,7.3
7268,7368,179,5.18
5952,6051,179,6.52
5259,5358,179,6.02
7561,7660,180,45.78
7747,7846,180,30.77
7661,7660,180,23.85
8052,8151,180,30.63
6249,6248,180,17.86
4269,4268,180,11.26
8248,8247,180,15.29
5887,5986,180,29.57
5362,5461,180,5.65
8148,8247,180,30.68
7547,7546,181,58.21
8047,8046,181,58.33
6747,6746,181,64.77
4173,4172,181,63.88
6448,6447,181,63.01
6847,6846,181,72.81
7947,7946,181,58.46
7647,7646,181,58.38
7561,7560,181,72.81
7747,7746,181,58.33
7348,7347,181,58.07
4181,4080,181,4.57
7846,7845,182,58.69
7660,7659,182,72.81
5552,5551,182,53.46
7760,7759,182,72.82
5557,5556,182,70.28
6547,6546,182,64.14
6946,6945,182,72.82
8147,8146,182,58.24
7860,7859,182,58.19
7447,7446,182,58.16
6647,6646,182,64.74
6248,6247,182,61.73
7960,7959,182,58.15
8347,8346,182,58.33
4268,4267,182,60.65
7367,7467,182,2.84
6348,6347,182,62.3
8247,8246,182,58.27
4182,4081,182,5
7459,7559,182,2.58
4194,4094,182,1.44
7546,7545,183,58.28
8046,8045,183,58.43
4172,4171,183,63.27
6447,6446,183,63.46
7946,7945,183,58.56
7646,7645,183,58.52
7347,7346,183,58.18
4080,4079,183,57.19
7746,7745,183,58.6
4083,4082,183,25.33
5852,5951,183,1.65
5952,5951,183,13.45
7759,7758,184,58.26
8246,8245,184,58.41
7845,7844,184,58.47
8146,8145,184,58.41
7446,7445,184,58.21
6646,6645,184,58.45
6945,6944,184,72.82
6546,6545,184,64.16
7859,7858,184,58.19
7959,7958,184,58.26
7659,7658,184,72.79
6183,6282,184,8.09
8346,8345,184,58.37
6247,6246,184,62.52
7049,7048,184,13.45
7149,7148,184,13.43
4664,4663,184,13.38
4960,4959,184,13.38
4267,4266,184,61.34
6347,6346,184,62.87
8045,8044,185,58.45
4171,4170,185,62.01
6446,6445,185,63.9
7945,7944,185,58.48
7645,7644,185,58.59
7346,7345,185,58.2
4079,4078,185,54.43
6150,6149,185,13.64
5059,5058,185,13.38
4762,4761,185,13.38
4861,4860,185,13.38
4565,4564,185,13.35
6346,6345,186,63.57
6645,6644,186,58.57
6944,6943,186,72.8
6545,6544,186,64.57
7445,7444,186,58.33
8245,8244,186,58.48
6282,6281,186,61.07
7844,7843,186,58.47
7958,7957,186,58.88
6246,6245,186,63.24
7954,8053,186,10.18
7858,7857,186,59.07
6776,6875,186,8.03
5157,5156,186,13.42
7363,7362,186,13.43
7466,7566,186,3.16
5257,5256,186,13.42
4465,4464,186,13.32
7758,7757,186,59.11
4366,4365,186,13.23
8345,8344,186,58.81
5357,5356,186,13.41
4170,4169,187,59.93
6445,6444,187,64.22
7944,7943,187,58.4
7644,7643,187,58.59
7345,7344,187,58.31
6149,6148,187,59.67
5950,5949,187,13.69
5458,5457,187,13.42
7461,7460,187,13.43
5751,5750,187,13.54
7249,7248,187,13.45
5356,5355,188,71.9
6345,6344,188,63.92
8244,8243,188,58.62
6644,6643,188,58.62
6943,6942,188,72.75
6544,6543,188,64.84
7957,7956,188,59.6
4078,4077,188,49.53
6245,6244,188,63.42
5461,5460,188,13.38
5651,5650,188,13.57
5850,5849,188,13.69
6051,6050,188,13.48
7763,7862,188,12.88
6946,7045,188,13.1
7046,7045,188,13.43
5553,5452,188,11.66
5156,5155,188,72.79
5256,5255,188,72.7
7857,7856,188,60.05
8344,8343,188,59.29
7344,7343,189,58.53
6148,6147,189,61.21
5457,5456,189,72.15
5750,5749,189,55.73
7248,7247,189,72.82
6746,6745,189,13.43
6846,6845,189,13.44
7960,8059,189,9.83
8347,8446,189,9.8
4169,4168,189,58.43
7643,7642,189,58.46
5460,5459,190,71.92
8243,8242,190,58.79
4077,4076,190,50.84
5650,5649,190,56.07
5452,5451,190,64.78
6344,6343,190,63.68
5551,5550,190,13.68
5556,5555,190,13.37
6244,6243,190,62.68
6543,6542,190,58.47
5155,5154,190,72.63
5255,5254,190,72.15
6643,6642,190,72.75
8343,8342,190,59.16
7343,7342,191,58.41
6147,6146,191,62.42
6745,6744,191,72.76
7642,7641,191,58.59
8059,8058,191,58.29
7247,7246,191,58.18
6845,6844,191,72.82
5456,5455,191,69.58
8446,8445,191,58.75
7545,7544,191,13.43
7745,7744,191,13.43
4168,4167,191,58.47
5295,5395,191,2.36
5451,5450,192,67.3
8242,8241,192,58.81
5154,5153,192,70.93
8342,8341,192,58.96
4266,4265,192,13.01
7148,7147,192,13.43
8145,8144,192,13.43
5254,5253,192,70.6
4663,4662,192,13.38
8249,8348,192,9.8
5592,5691,192,9.71
4959,4958,192,13.39
4076,4075,192,58.85
7342,7341,193,58.37
6146,6145,193,63.02
6744,6743,193,72.79
8058,8057,193,58.74
7246,7245,193,58.15
6844,6843,193,72.82
5455,5454,193,60.21
7744,7743,193,58.55
8044,8043,193,13.44
6945,7044,193,13.2
5058,5057,193,13.39
4167,4166,193,58.6
4564,4563,193,13.37
7855,7955,193,4.05
4860,4859,193,13.38
5789,5888,193,8.68
8445,8444,193,59.18
4761,4760,193,13.38
4896,4996,193,1.58
4091,3990,193,3.01
5450,5449,194,70.72
8144,8143,194,58.37
6444,6443,194,14.44
4365,4364,194,13.29
7444,7443,194,13.43
5554,5453,194,9.54
7565,7665,194,3.15
4075,4074,194,60.96
6281,6280,194,12.66
8341,8340,194,59.35
8241,8240,194,58.96
4092,3991,194,3.77
4090,3989,194,3.35
7843,7842,194,13.43
4464,4463,194,13.37
7245,7244,195,58.36
8057,8056,195,72.51
8444,8443,195,59.6
8043,8042,195,58.33
7341,7340,195,58.53
6145,6144,195,62.86
6743,6742,195,72.81
6843,6842,195,72.81
6942,6941,195,14.47
5949,5948,195,13.9
6944,7043,195,12.93
8151,8250,195,9.83
7943,7942,195,13.43
7743,7742,195,58.53
8340,8339,196,59.65
8143,8142,196,58.36
8240,8239,196,59.4
3989,3988,196,57.17
5355,5354,196,13.38
6050,6049,196,13.72
5849,5848,196,13.81
4074,4073,196,61.07
5394,5494,196,2.57
6144,6143,197,61.63
6842,6841,197,72.82
8056,8055,197,72.39
7742,7741,197,58.66
6343,6342,197,14.37
5749,5748,197,13.77
6542,6541,197,14.49
7340,7339,197,58.36
6642,6641,197,14.5
8042,8041,197,58.4
7942,7941,197,58.43
6049,6048,198,57.81
8239,8238,198,59.75
3988,3987,198,58.67
5649,5648,198,13.81
5550,5549,198,13.64
6943,7042,198,12.63
6243,6242,198,14.21
4073,4072,198,64.17
8142,8141,198,58.64
8041,8040,199,58.51
6841,6840,199,72.81
7941,7940,199,58.33
6541,6540,199,72.7
7641,7640,199,13.42
7544,7543,199,13.43
8055,8054,199,72.76
7339,7338,199,58.34
6048,6047,200,60.16
8141,8140,200,58.73
8238,8237,200,59.38
3987,3986,200,57.85
7147,7146,200,13.43
4072,4071,200,63.66
5452,5351,200,11.97
5253,5252,200,13.39
5153,5152,200,13.39
4265,4264,200,13.15
5986,6085,200,7.09
4958,4957,200,13.39
4662,4661,200,13.38
6874,6974,200,1.76
4696,4797,200,1
8040,8039,201,58.69
6840,6839,201,72.78
7940,7939,201,58.39
7640,7639,201,58.73
6443,6442,201,14.46
4760,4759,201,13.38
8053,8152,201,9.98
6282,6381,201,8.63
5057,5056,201,13.42
4859,4858,201,13.39
4563,4562,201,13.38
4093,3992,201,4.19
7338,7337,201,58.58
7146,7145,202,72.78
8237,8236,202,58.58
6047,6046,202,61.97
3986,3985,202,60.04
8140,8139,202,59.05
6941,6940,202,14.47
5351,5350,202,59.11
7443,7442,202,13.44
4463,4462,202,13.38
7842,7841,202,13.43
5252,5251,202,71.12
4364,4363,202,13.36
4071,4070,202,60.82
4166,4165,202,12.32
4264,4263,202,63.98
5449,5448,202,13.81
5152,5151,202,72.62
8039,8038,203,59.14
7939,7938,203,58.76
7639,7638,203,58.52
6381,6380,203,70.49
6839,6838,203,72.75
5948,5947,203,13.85
6742,6741,203,13.44
7244,7243,203,13.43
4084,3983,203,6.03
7664,7764,203,3.1
7862,7961,203,9.82
8443,8442,203,13.4
7337,7336,203,58.6
8343,8442,203,9.63
8139,8138,204,59.4
3985,3984,204,58.05
7145,7144,204,72.77
7841,7840,204,58.44
5151,5150,204,58.33
6342,6341,204,14.45
6641,6640,204,14.49
8339,8338,204,13.39
5848,5847,204,13.87
5354,5353,204,13.39
8059,8158,204,9.81
8446,8545,204,9.72
4165,4164,204,58.43
5350,5349,204,67.54
6973,7073,204,1.9
4263,4262,204,68.64
5251,5250,204,54.4
4070,4069,204,59.75
6838,6837,205,64.93
7243,7242,205,58.39
6380,6379,205,70.5
7638,7637,205,58.69
7938,7937,205,58.99
7336,7335,205,58.73
8038,8037,205,59.36
7042,7041,205,14.5
6143,6142,205,14.01
7741,7740,205,13.42
5748,5747,205,13.93
8057,8156,205,11.92
8342,8441,205,9.68
6242,6241,205,14.31
6377,6478,205,1.17
8442,8441,205,59.14
7840,7839,206,58.38
4164,4163,206,64.75
4262,4261,206,65.03
8138,8137,206,59.44
4069,4068,206,56.51
8545,8544,206,59.47
6540,6539,206,14.4
5648,5647,206,13.99
5549,5548,206,13.81
8158,8157,206,72.75
7342,7441,206,9.79
5353,5352,206,57.76
8058,8157,206,9.72
5150,5149,206,55.03
8445,8544,206,9.63
5349,5348,206,70.38
5250,5249,206,60.84
7335,7334,207,58.87
7937,7936,207,59.07
6142,6141,207,61.53
6837,6836,207,58.54
8037,8036,207,59.09
8348,8447,207,9.8
8156,8155,207,72.24
8341,8440,207,9.59
7543,7542,207,13.44
4163,4162,208,64.94
8137,8136,208,58.88
7839,7838,208,58.59
4261,4260,208,65.36
3983,3982,208,24.8
6442,6441,208,14.5
4661,4660,208,13.38
4957,4956,208,13.41
8444,8543,208,9.52
7341,7440,208,9.76
5348,5347,208,70.88
5249,5248,208,69.25
4068,4067,208,55.79
5149,5148,208,67.06
8055,8154,208,13.99
7441,7440,208,58.53
8036,8035,209,58.86
7936,7935,209,58.95
6836,6835,209,64.95
6940,6939,209,14.5
4858,4857,209,13.39
5056,5055,209,13.43
4562,4561,209,13.39
4759,4758,209,13.39
8340,8439,209,9.51
5493,5593,209,2.4
6576,6677,209,1.23
7542,7541,209,58.41
7838,7837,210,58.59
8136,8135,210,58.5
4162,4161,210,72.54
4260,4259,210,71.69
6046,6045,210,13.51
8236,8235,210,13.44
8250,8349,210,9.77
7340,7439,210,9.79
4462,4461,210,13.38
5347,5346,210,70.91
4363,4362,210,13.35
5248,5247,210,70.75
4067,4066,210,51.01
8154,8153,210,54.89
5148,5147,210,69.99
5448,5447,210,13.82
8035,8034,211,58.66
7541,7540,211,58.62
7935,7934,211,58.59
6835,6834,211,58.48
5055,5054,211,72.39
8439,8438,211,58.37
6341,6340,211,14.45
6640,6639,211,14.43
5947,5946,211,13.67
6741,6740,211,13.44
3982,3981,211,46.62
4082,3981,211,5.13
7763,7863,211,3.06
4259,4258,212,71.61
4161,4160,212,72.47
5147,5146,212,69.73
7837,7836,212,58.72
6045,6044,212,62.47
7144,7143,212,13.42
5847,5846,212,13.78
8338,8337,212,13.42
5151,5050,212,15.43
6241,6240,212,14.33
5346,5345,212,70.07
4362,4361,212,68.97
5247,5246,212,70.68
7339,7438,212,9.8
8034,8033,213,58.79
7934,7933,213,58.61
6834,6833,213,58.31
6340,6339,213,72.8
8438,8437,213,58.18
6740,6739,213,72.8
6539,6538,213,14.47
7041,7040,213,13.42
7637,7636,213,13.41
5747,5746,213,13.91
7242,7241,213,13.44
7740,7739,213,13.43
6839,6938,213,12.61
3981,3980,213,53.66
4081,3980,213,4.62
4080,3979,213,4.49
5888,5987,213,7.21
5150,5049,213,17.14
4066,4065,213,44.37
8337,8336,214,58.21
4361,4360,214,71.77
6044,6043,214,60.69
7836,7835,214,58.84
5146,5145,214,69.5
4160,4159,214,71.26
4258,4257,214,71.68
5846,5845,214,60.66
7334,7333,214,14.55
5647,5646,214,13.93
5246,5245,214,70.04
4078,3977,214,4.96
4079,3978,214,4.69
5691,5790,214,6.59
6240,6239,214,72.82
5345,5344,214,69.66
5548,5547,214,13.93
7338,7437,214,9.75
7933,7932,215,58.87
8033,8032,215,58.75
5049,5048,215,66.18
6739,6738,215,72.69
8437,8436,215,58.1
5746,5745,215,59.72
4065,4064,215,59.47
6441,6440,215,14.47
6141,6140,215,14.07
7072,7172,215,1.87
6043,6042,216,60.79
8336,8335,216,58.14
4360,4359,216,65.7
5344,5343,216,70.66
5845,5844,216,60.6
7333,7332,216,59.1
7835,7834,216,58.54
4159,4158,216,70.96
5145,5144,216,70.56
4257,4256,216,71.97
4956,4955,216,13.42
4660,4659,216,13.38
5245,5244,216,70.44
8543,8542,216,13.4
3977,3976,216,53.46
7639,7738,216,9.77
6381,6480,216,9.88
8152,8251,216,9.83
8158,8257,216,12.61
6239,6238,216,72.72
7467,7567,216,3.01
7337,7436,216,9.75
7932,7931,217,58.75
6738,6737,217,72.58
8436,8435,217,58.1
4064,4063,217,65.92
4857,4856,217,13.4
6838,6937,217,10.81
4758,4757,217,13.38
4561,4560,217,13.38
6085,6184,217,8.58
6140,6139,217,72.59
5347,5446,217,17.56
8257,8256,218,72.55
7834,7833,218,58.57
8335,8334,218,58.21
5343,5342,218,70.17
5144,5143,218,71.14
4955,4954,218,72.63
4359,4358,218,72.22
6639,6638,218,14.53
8235,8234,218,13.43
8135,8134,218,13.42
5244,5243,218,71.14
6380,6479,218,9.89
7638,7737,218,9.73
7336,7435,218,9.72
7961,8060,218,9.83
5151,5051,218,6.61
4256,4255,218,71.94
6042,6041,218,60.09
8155,8254,218,13.56
8156,8255,218,11.47
8157,8256,218,11.94
3976,3975,218,60.12
7269,7369,218,2.34
4461,4460,218,13.37
5346,5445,218,18.54
5844,5843,218,60.69
7566,7666,218,3.17
8442,8541,218,9.63
6737,6736,219,64.98
8435,8434,219,58.18
4856,4855,219,72.69
4063,4062,219,61.86
7540,7539,219,13.42
5946,5945,219,13.56
5054,5053,219,13.39
4757,4756,219,72.1
8545,8644,219,9.55
5342,5341,220,65.94
5143,5142,220,69.01
4358,4357,220,72.27
5843,5842,220,60.01
4460,4459,220,70.85
7435,7434,220,58.99
8334,8333,220,58.18
7833,7832,220,58.88
3975,3974,220,61
8254,8253,220,55.21
6538,6537,220,14.63
7040,7039,220,14.52
6833,6832,220,14.45
6339,6338,220,14.32
7143,7142,220,13.43
5243,5242,220,69.39
7335,7434,220,9.69
6837,6936,220,9.76
4954,4953,220,71.98
5445,5444,220,70.23
5345,5444,220,18.99
4255,4254,220,59.56
6736,6735,221,65.13
8434,8433,221,58.13
5945,5944,221,61.67
4062,4061,221,72.82
7636,7635,221,13.41
7241,7240,221,13.43
8644,8643,221,58.78
6836,6935,221,10.8
4756,4755,221,72.79
4855,4854,221,72.82
5050,4949,221,17.59
7039,7038,222,58.55
5341,5340,222,67.57
6537,6536,222,66.58
7434,7433,222,58.99
8333,8332,222,58.08
4254,4253,222,59.05
4459,4458,222,72.56
3974,3973,222,60.87
5842,5841,222,68.62
5142,5141,222,64.89
4357,4356,222,72.24
6440,6439,222,14.41
5344,5443,222,17.86
5242,5241,222,65.32
6340,6439,222,12.96
8447,8546,222,9.74
5646,5645,222,13.82
5592,5692,222,2.29
5444,5443,222,70.86
8253,8252,222,57.02
5547,5546,222,13.88
4953,4952,222,70.44
6735,6734,223,65
8433,8432,223,58.01
6935,6934,223,58.62
4061,4060,223,72.19
5944,5943,223,60.7
7332,7331,223,14.54
8032,8031,223,13.42
5048,5047,223,13.91
4094,3993,223,3.51
5745,5744,223,13.72
4755,4754,223,72.81
6238,6237,223,14.54
4854,4853,223,72.27
5141,5140,224,61.64
7433,7432,224,72.63
8332,8331,224,57.75
6536,6535,224,66.5
4356,4355,224,72.07
3973,3972,224,59.4
5443,5442,224,69.3
7038,7037,224,58.41
4458,4457,224,72.74
4253,4252,224,71.27
5343,5442,224,18.44
4158,4157,224,13.39
5241,5240,224,65.82
5340,5339,224,70.79
8439,8538,224,9.79
5841,5840,224,52.98
4659,4658,224,13.38
4952,4951,224,72.78
8432,8431,225,57.8
7331,7330,225,58.69
4060,4059,225,70.85
5342,5441,225,22.4
6638,6637,225,14.61
7931,7930,225,13.43
6139,6138,225,13.39
8349,8448,225,9.86
5446,5545,225,18.98
4560,4559,225,13.38
5744,5743,225,60.82
5050,4950,225,7.9
5943,5942,225,60.59
4754,4753,225,71.94
4853,4852,225,69.25
4497,4498,225,0.83
5140,5139,226,61.39
8331,8330,226,57.92
7432,7431,226,58.64
4457,4456,226,72.65
4157,4156,226,71.95
8538,8537,226,57.94
7037,7036,226,58.47
8234,8233,226,13.43
8134,8133,226,13.42
7737,7736,226,13.42
5240,5239,226,69.66
5339,5338,226,70.77
5049,4948,226,11.19
8034,8133,226,9.71
6834,6933,226,9.8
8438,8537,226,9.83
5147,5046,226,9.1
3972,3971,226,60.21
5840,5839,226,60.14
6535,6534,226,67.27
7665,7765,226,3.13
6041,6040,226,13.61
5445,5544,226,18.37
4658,4657,226,70.93
7863,7962,226,9.81
4355,4354,226,72.4
8541,8540,226,13.43
6637,6636,227,65.88
5441,5440,227,55.62
8431,8430,227,57.79
4753,4752,227,69.25
5942,5941,227,58.85
5743,5742,227,58.98
5341,5440,227,21.02
6832,6831,227,14.48
7539,7538,227,13.43
6338,6337,227,14.53
5053,5052,227,13.39
4497,4598,227,1.04
4354,4353,228,59.15
5046,5045,228,69.1
7036,7035,228,58.64
7431,7430,228,58.42
8330,8329,228,58.07
4456,4455,228,72.33
4657,4656,228,72.51
5139,5138,228,60.52
8233,8232,228,58.2
8537,8536,228,58.02
8540,8539,228,58.21
5239,5238,228,70.59
7832,7831,228,13.42
7142,7141,228,13.43
8257,8356,228,12.01
8033,8132,228,9.72
8437,8536,228,9.84
5146,5045,228,9.24
5839,5838,228,60.46
5338,5337,228,70.91
7340,7239,228,4.39
5544,5543,228,60.65
6183,6283,228,1.85
4156,4155,228,59.86
3971,3970,228,60.01
4397,4398,228,0.8
5941,5940,229,69.42
6636,6635,229,65.68
8430,8429,229,57.96
5440,5439,229,68.55
7538,7537,229,58.45
6439,6438,229,14.41
7635,7634,229,13.4
8255,8354,229,13.16
8643,8642,229,13.43
5742,5741,229,55.23
4196,4095,229,2.82
5789,5889,229,2
8536,8535,230,58.17
4155,4154,230,71.87
7035,7034,230,58.74
4656,4655,230,72.81
8329,8328,230,58.07
7430,7429,230,58.42
8232,8231,230,57.93
4353,4352,230,70.54
5045,5044,230,70.22
8356,8355,230,71.88
6734,6733,230,14.48
7239,7238,230,58.16
5443,5542,230,19.37
5645,5644,230,13.68
8436,8535,230,9.84
3970,3969,230,50.05
5838,5837,230,54.92
5840,5939,230,26.48
4455,4454,230,59.19
6237,6236,230,14.67
6776,6876,230,1.82
5543,5542,230,57.01
5238,5237,230,71.41
7339,7238,230,4.39
5138,5137,230,60.76
5337,5336,230,71.79
6635,6634,231,65.37
8429,8428,231,58.08
5439,5438,231,69.49
7537,7536,231,58.62
6438,6437,231,65.94
8354,8353,231,72.57
5442,5541,231,22.48
8031,8030,231,13.44
8642,8641,231,58.54
5741,5740,231,51.84
8251,8350,231,9.79
5137,5136,232,63
8231,8230,232,57.91
4352,4351,232,69.34
5044,5043,232,69.86
8328,8327,232,58.07
8535,8534,232,58.25
4154,4153,232,59.29
7034,7033,232,58.59
4655,4654,232,72.58
5237,5236,232,71.58
4252,4251,232,13.36
5336,5335,232,71.79
4459,4558,232,12.05
5142,5041,232,11.9
8435,8534,232,9.83
7369,7468,232,10.33
5939,5938,232,53.01
5839,5938,232,26.28
5644,5643,232,60.6
7238,7237,232,58.31
5837,5836,232,68.88
4454,4453,232,59.31
7338,7237,232,4.37
5395,5495,232,2.46
8353,8352,233,57.18
8428,8427,233,58.09
5438,5437,233,69.1
6933,6932,233,14.46
7930,7929,233,13.44
4852,4851,233,13.41
7330,7329,233,13.43
4059,4058,233,13.38
5141,5040,233,13.67
5541,5540,233,53.58
6138,6137,233,13.32
5143,5042,233,9.55
8060,8159,233,9.84
7435,7534,233,9.67
6634,6633,233,65.19
8059,8159,233,2.32
6534,6533,233,14.57
5987,6086,233,7.09
3969,3968,233,45.38
8641,8640,233,58.23
4453,4452,234,70.1
4351,4350,234,72.82
4153,4152,234,71.75
4251,4250,234,72.62
7033,7032,234,58.28
8534,8533,234,58.18
5136,5135,234,65.4
8230,8229,234,58.07
4558,4557,234,72.41
8327,8326,234,57.91
5236,5235,234,71
6831,6830,234,14.54
4948,4947,234,13.96
6040,6039,234,13.55
7736,7735,234,13.41
4950,4849,234,17.59
7433,7532,234,12.2
4458,4557,234,12.58
5335,5334,234,71.77
8434,8533,234,9.84
5938,5937,234,70.38
8644,8743,234,9.71
3984,3883,234,4.79
5840,5739,234,14.47
7237,7236,234,58.36
5643,5642,234,57.57
6337,6336,234,14.67
5740,5739,234,48.22
7337,7236,234,4.36
5836,5835,234,68.96
4654,4653,234,71.71
8352,8351,235,58.57
7534,7533,235,72.6
5040,5039,235,55.26
8427,8426,235,57.95
4851,4850,235,64.16
8640,8639,235,58.15
4752,4751,235,13.4
5440,5539,235,20.11
5140,5039,235,13.81
4951,4850,235,13.58
5540,5539,235,63.5
7039,7138,235,9.76
7434,7533,235,9.67
3985,3884,235,4.42
6282,6382,235,1.99
5437,5436,235,65.87
4250,4249,236,67.14
4653,4652,236,69.65
4350,4349,236,62.21
4152,4151,236,69
8326,8325,236,57.74
8743,8742,236,58.43
4557,4556,236,72.75
8533,8532,236,57.91
8229,8228,236,58.07
5135,5134,236,68.8
5235,5234,236,71.2
5542,5641,236,24.18
7831,7830,236,13.43
7141,7140,236,13.43
8132,8131,236,13.45
5139,5038,236,14.27
5835,5834,236,60.59
4457,4556,236,12.26
5334,5333,236,70.78
8433,8532,236,9.86
5937,5936,236,57.24
7764,7864,236,3.08
5839,5738,236,14.3
7336,7235,236,4.35
7236,7235,236,58.5
3982,3881,236,5.09
5642,5641,236,63.17
7138,7137,237,58.27
8426,8425,237,58.12
5436,5435,237,66.22
3968,3967,237,29.26
5439,5538,237,19.17
7634,7633,237,13.41
6733,6732,237,14.5
8639,8638,237,57.81
5539,5538,237,68.66
4751,4750,237,67.14
7038,7137,237,9.79
8546,8645,237,9.58
4652,4651,238,71.96
5038,5037,238,53.26
8228,8227,238,57.92
3881,3880,238,53.29
4349,4348,238,59.37
4151,4150,238,71.92
8742,8741,238,58.27
5134,5133,238,71.01
8325,8324,238,58.3
8532,8531,238,57.73
4556,4555,238,72.73
5641,5640,238,52.39
4249,4248,238,59.52
5234,5233,238,71.58
5333,5332,238,70.07
7429,7428,238,13.43
5738,5737,238,65.89
5834,5833,238,63.47
8432,8531,238,9.89
6437,6436,238,14.67
7335,7234,238,4.33
8158,8258,238,2.99
5936,5935,238,70.77
5494,5594,238,2.4
8425,8424,239,59.44
5435,5434,239,68.41
7137,7136,239,58.3
3883,3882,239,24.48
8638,8637,239,57.73
7536,7535,239,13.42
8030,8029,239,13.45
5438,5537,239,19.57
8354,8453,239,14.73
5538,5537,239,71.13
4750,4749,239,51.68
7432,7531,239,9.74
8538,8637,239,9.87
7037,7136,239,9.77
5540,5639,239,24.27
5692,5791,239,8.65
3991,3890,239,3.2
3990,3889,239,3.12
5037,5036,240,54.87
8227,8226,240,57.92
4248,4247,240,66.67
5133,5132,240,71.57
8531,8530,240,57.95
4150,4149,240,70.55
4555,4554,240,72.4
8324,8323,240,71.94
3880,3879,240,57.68
7428,7427,240,58.48
4651,4650,240,69.1
4348,4347,240,67.54
5233,5232,240,71.04
5332,5331,240,71.89
4350,4449,240,25.16
6932,6931,240,14.47
6533,6532,240,14.35
5935,5934,240,72.45
5737,5736,240,69.68
8431,8530,240,9.9
8448,8547,240,9.81
5833,5832,240,64.07
6633,6632,240,14.64
5938,6037,240,18.19
7234,7233,240,58.71
8741,8740,240,58.15
5437,5536,240,22.46
5435,5535,241,99.93
4350,4450,241,69.8
5333,5433,241,83.43
5434,5534,241,99.69
8355,8454,241,25.91
6876,6976,241,92.69
5889,5989,241,85.9
8356,8455,241,25.53
7036,7135,241,7.64
7431,7530,241,7.66
8537,8636,241,7.69
5938,6038,241,107.76
6479,6579,241,213.02
8257,8357,241,41.43
7567,7667,241,48.24
7666,7766,241,46.62
7962,8061,241,7.69
7369,7469,241,60.06
6677,6777,241,70.09
6480,6580,241,186.33
5593,5693,241,81.57
6478,6578,241,45.21
7961,8061,241,17.8
6381,6481,241,56.41
4797,4897,241,30.48
3988,3887,241,1.4
6974,7074,241,89.82
7073,7173,241,84.57
4996,5096,241,49.56
6875,6975,241,93.88
5987,6087,241,94.38
6085,6185,241,77.31
5888,5988,241,82.85
4796,4897,241,8.33
4449,4549,242,67.51
7427,7527,242,53.32
4347,4447,242,51.71
4348,4448,242,58.84
6481,6581,242,186.35
6578,6678,242,186.67
5332,5432,242,72.77
6579,6679,242,186.35
8453,8553,242,58.83
6580,6680,242,186.33
5935,6035,242,71.58
4453,4553,242,64.3
4351,4451,242,42.41
6777,6877,242,103.46
8356,8456,242,44.31
8430,8529,242,7.69
5046,4945,242,5.07
5538,5638,242,47.99
5832,5932,242,56.74
5539,5638,242,22.41
5790,5890,242,28.34
5692,5792,242,33.33
8349,8449,242,18.11
3989,3888,242,1.35
6184,6284,242,45.69
5537,5637,242,55.16
5495,5595,242,51.65
7863,7963,242,18.22
7467,7568,242,26.74
5536,5636,242,65.49
5594,5694,242,82.91
4597,4698,242,8.45
5936,6036,242,81.43
7530,7630,243,51.6
4450,4550,243,74.01
6975,7075,243,91.69
5989,6089,243,78.37
6976,7076,243,91.18
5988,6088,243,74.44
5693,5793,243,69.94
7173,7273,243,83.87
5791,5891,243,39.34
6877,6977,243,103.18
5534,5634,243,76.44
7074,7174,243,86.08
5535,5635,243,69.2
5934,6034,243,33.98
7039,7139,243,21.86
8060,8160,243,17.37
6680,6780,243,116.4
8644,8744,243,18.87
6283,6383,243,30.51
8546,8646,243,20.57
3986,3885,243,1.54
6086,6186,243,41.65
7269,7370,243,22.47
7171,7271,243,32.94
7170,7270,243,31.3
4549,4649,244,63.99
6581,6681,244,52.38
4448,4548,244,56.65
7568,7668,244,53.86
5890,5990,244,77.3
4447,4547,244,55.11
5096,5196,244,40.43
4897,4997,244,44.18
7667,7767,244,46.46
7533,7632,244,23.25
5432,5532,244,71.07
8453,8452,244,8.7
8352,8452,244,23.1
4453,4552,244,19.29
5433,5533,244,42.88
7033,7133,244,21.24
8350,8450,244,20.63
7034,7134,244,21.26
8536,8635,244,7.69
7035,7134,244,7.64
7430,7529,244,7.66
8454,8554,244,41.4
8448,8548,244,17.41
5833,5933,244,27.72
6678,6778,244,74.19
6679,6779,244,87.96
8455,8555,244,41.28
8257,8358,244,27.52
7567,7668,244,26.71
7666,7767,244,27.01
7962,8062,244,17.79
5595,5695,244,68.71
7765,7865,244,18.66
7764,7865,244,26.7
6381,6482,244,24.42
7766,7866,244,46.69
8158,8259,244,27.5
8351,8451,244,23.09
5694,5794,244,83.16
6087,6187,244,34.31
6780,6880,245,93.87
7174,7274,245,87.51
5891,5991,245,68.68
6482,6582,245,153.3
7370,7470,245,67.59
8456,8556,245,38.38
4451,4551,245,45.06
7531,7631,245,20.17
8424,8524,245,21.35
7428,7528,245,19.63
8425,8525,245,20.46
7864,7964,245,18.67
5331,5431,245,23.89
5932,6032,245,35.97
8426,8526,245,17.76
8427,8527,245,17.07
8534,8634,245,16.82
8428,8528,245,16.93
8429,8528,245,7.69
7634,7734,245,20.04
8356,8457,245,27.34
7369,7470,245,23.16
7076,7176,245,90.76
6977,7077,245,97.93
7075,7175,245,91.18
6681,6781,245,128.04
6778,6878,245,101.15
6036,6136,245,35.45
5295,5396,245,7.85
5295,5296,245,4.47
5195,5296,245,7.94
6878,6978,246,116.75
5794,5894,246,81.18
6779,6879,246,97.75
4548,4648,246,55.89
5990,6090,246,91.76
8452,8552,246,73.7
5792,5892,246,27.23
5532,5632,246,66.58
4247,4346,246,23.76
8323,8423,246,19.91
4347,4446,246,23.68
8547,8647,246,19.61
8530,8630,246,17.75
8029,8129,246,17.87
8531,8631,246,17.07
7176,7276,246,103.8
8324,8423,246,22.31
7633,7733,246,19.62
8645,8745,246,19.71
8742,8842,246,16.68
8532,8632,246,16.74
8637,8737,246,16.61
8743,8843,246,16.73
8533,8633,246,16.78
8638,8738,246,16.86
8030,8130,246,18.31
6186,6286,246,41.74
5695,5795,246,81.77
4749,4748,246,6.96
8639,8739,246,17.28
6284,6384,246,26.83
4698,4798,246,33.16
7077,7177,246,102.33
7172,7272,246,16.35
6880,6980,246,124.62
8451,8551,246,78.61
6185,6285,246,24.29
8741,8841,246,16.56
6187,6287,246,62.12
4297,4197,246,1.01
6035,6135,246,25.62
6879,6979,247,124.01
7175,7275,247,98.41
7470,7570,247,64.67
7177,7277,247,106.86
7276,7376,247,100.15
4997,5097,247,45.77
7767,7867,247,45.19
6980,7080,247,150.5
6034,6134,247,26.76
7527,7627,247,20.68
5635,5735,247,25.31
5533,5633,247,36.43
8449,8549,247,20.83
8061,8161,247,17.41
7530,7629,247,23.72
5132,5231,247,22.45
7427,7526,247,23.17
8554,8654,247,38.46
6383,6483,247,29.11
7667,7768,247,27.04
7668,7768,247,47.76
8636,8736,247,16.78
7929,7928,247,0.94
4749,4848,247,18.35
5045,4944,247,5.66
7274,7374,247,84.4
5832,5931,247,22
6978,7078,247,119.32
4062,3961,247,1.91
4064,3963,247,3.45
7766,7867,247,27
5991,6091,247,95.15
6781,6881,247,83.36
6089,6189,247,33.22
6088,6188,247,29.23
8740,8840,247,16.6
7080,7180,248,155.46
6483,6583,248,130.62
5632,5732,248,54.59
4446,4546,248,53.63
5892,5992,248,57.13
6582,6682,248,37.18
6286,6386,248,65.5
8450,8550,248,25.93
5793,5893,248,21.67
7078,7178,248,130.9
8646,8746,248,20.92
7630,7730,248,20.17
5634,5734,248,24.52
6881,6981,248,114
7963,8063,248,17.79
8456,8557,248,27.44
7568,7669,248,25.24
6285,6385,248,54.81
8529,8629,248,18.21
6979,7079,248,136.35
5795,5895,248,80.51
7329,7328,248,0.81
5933,6033,248,33.23
6287,6387,248,60.68
3987,3886,248,1.4
7178,7278,249,111.37
7180,7280,249,131.72
6981,7081,249,154.99
6583,6683,249,148.3
7277,7377,249,99.2
7376,7476,249,91.43
7079,7179,249,151.87
7526,7626,249,53.35
6032,6132,249,28.85
8552,8652,249,39.49
4547,4647,249,21.07
6384,6484,249,39.58
8548,8648,249,22.14
8160,8260,249,17.02
8553,8653,249,15.62
7275,7375,249,94.64
8551,8651,249,41.64
6931,7031,249,11.18
6091,6191,249,70.01
5931,6031,249,77.06
7032,7031,249,1.58
6830,6930,249,11.9
8744,8844,249,16.77
6188,6288,249,52.3
5040,4939,249,2.78
7033,7132,249,7.63
6090,6190,249,48.02
6682,6782,249,158.8
6135,6235,249,43.08
7377,7477,250,110.48
7179,7279,250,119.59
7081,7181,250,162.28
7280,7380,250,124.75
5097,5197,250,37.58
6385,6485,250,57.75
4798,4898,250,28.67
6033,6133,250,83.67
8525,8625,250,22.63
5431,5531,250,24.51
8526,8626,250,21.06
5396,5496,250,20.38
7528,7628,250,20.15
7632,7732,250,19.65
8635,8735,250,16.9
8259,8359,250,17.08
7866,7966,250,18.22
8358,8458,250,16.82
7865,7965,250,18.22
7767,7868,250,27.23
8062,8162,250,17.78
7370,7471,250,20.47
6387,6487,250,52.4
4247,4246,250,10.73
7427,7426,250,10.18
8554,8655,250,27.44
7668,7769,250,26.8
6830,6829,250,1.31
5992,6092,250,83.65
5041,4940,250,3.8
6386,6486,250,58.13
6189,6289,250,48.7
7271,7371,250,15.83
5044,4943,250,5.27
7273,7373,250,15.43
4061,3960,250,4.66
3978,3877,250,1.59
3977,3876,250,1.97
5895,5995,250,56.84
5395,5496,250,8.4
7181,7281,251,142.36
7380,7480,251,130.06
7279,7379,251,102.58
7477,7577,251,113.42
7278,7378,251,91.9
7476,7576,251,85.24
6235,6335,251,50.22
5633,5733,251,25.92
8549,8649,251,26.05
8647,8747,251,23.1
6190,6290,251,51.99
8634,8734,251,16.82
7631,7731,251,19.69
8528,8628,251,18.65
8527,8627,251,19.12
7964,8064,251,17.8
6486,6586,251,210.29
7469,7569,251,10.99
5132,5131,251,9.58
6782,6882,251,72.84
6191,6291,251,51.98
8423,8523,251,23.45
5046,4946,251,4.44
5832,5831,251,9.24
4058,4057,251,0.58
4157,4056,251,6.05
6134,6234,251,31.4
8524,8624,251,19.04
7378,7478,252,109.9
7379,7479,252,110.48
7281,7381,252,138.59
7480,7580,252,137.85
6092,6192,252,72.01
6484,6584,252,36.39
6487,6587,252,54.58
8651,8751,252,38.57
5893,5993,252,25.78
7629,7729,252,20.65
4346,4445,252,24.57
7272,7372,252,16.88
8632,8732,252,16.93
8738,8838,252,17.76
8630,8730,252,18.22
8631,8731,252,17.42
8737,8837,252,18.22
7470,7571,252,21.51
8556,8656,252,16.02
6882,6982,252,106.2
8739,8839,252,17.04
6288,6388,252,48.96
7471,7571,252,73.93
8745,8845,252,17.49
5532,5631,252,18.49
8551,8650,252,25.9
6586,6686,252,214.6
6683,6783,252,45.04
7381,7481,253,148.44
7479,7579,253,133.52
6783,6883,253,105.67
6335,6435,253,50.22
6982,7082,253,149.24
8649,8749,253,51.42
6485,6585,253,41.11
5197,5297,253,36.31
4898,4998,253,38.64
8648,8748,253,26.83
4546,4646,253,20.62
6686,6786,253,152.57
7928,8028,253,18.74
7627,7727,253,19.69
7867,7967,253,18.22
8161,8261,253,17.03
4748,4847,253,21.56
5632,5731,253,22.75
8633,8733,253,16.65
4446,4545,253,23.07
4648,4747,253,22.39
5894,5994,253,16.52
6829,6929,253,36.38
6587,6687,253,155.29
6289,6389,253,40.04
6132,6232,253,32.07
8842,8942,253,16.24
6031,6131,253,30.93
8736,8836,253,17.74
8843,8943,253,15.96
6584,6684,253,190.31
4063,3962,253,1.9
8841,8941,253,16.25
3979,3878,253,1.5
7481,7581,254,159.11
7082,7182,254,150.97
7580,7680,254,50.85
6234,6334,254,46.77
8629,8729,254,18.66
8063,8163,254,17.77
8654,8754,254,15.83
7526,7625,254,23.16
8746,8846,254,19.96
7374,7474,254,15.77
6585,6685,254,176.71
5043,4942,254,4.97
4155,4054,254,6.2
4060,3959,254,5.05
5993,6093,254,54.95
6133,6233,254,28.98
8840,8940,254,16.26
7581,7681,255,162.8
7680,7780,255,144.57
7182,7282,255,138.26
6685,6785,255,196.49
4545,4645,255,56.4
6192,6292,255,36.24
7628,7728,255,20.17
5496,5596,255,23.74
6883,6983,255,90.16
8626,8726,255,22.05
7626,7726,255,19.2
8651,8752,255,27.45
8651,8750,255,26.07
8260,8360,255,16.82
8557,8657,255,16.57
4346,4345,255,11.6
6388,6488,255,47.85
5042,4941,255,4.62
4153,4053,255,5.74
4155,4055,255,5.45
7372,7472,255,34.13
6290,6390,255,29.35
6684,6784,255,55.14
7681,7781,256,165.48
7282,7382,256,136.21
6983,7083,256,143.2
6334,6434,256,50.2
4998,5098,256,38.84
6232,6332,256,41.82
8627,8727,256,20.66
7769,7869,256,18.5
7868,7968,256,18.17
7965,8065,256,18.22
7966,8066,256,18.22
7571,7671,256,25.04
8747,8847,256,22.25
8162,8262,256,17.35
7570,7670,256,11.67
8359,8459,256,16.82
8458,8558,256,16.82
7375,7475,256,14.86
8749,8849,256,45.53
6131,6231,256,41.61
8655,8755,256,17.12
4153,4052,256,6.52
8735,8835,256,17.42
4598,4699,256,8.44
7780,7880,256,130.06
6291,6391,256,20.92
7373,7473,256,17.45
8844,8944,256,16.23
7333,7232,256,1.94
8625,8725,256,19.44
8523,8623,256,24.03
7083,7183,257,144.93
6233,6333,257,35.93
6093,6193,257,43.55
7579,7679,257,27.62
5297,5397,257,31.01
7478,7578,257,24.65
7577,7677,257,17.15
8624,8724,257,17.45
8628,8728,257,19.63
8064,8164,257,17.42
5131,5230,257,24.32
7426,7525,257,23.16
8653,8753,257,13.21
7526,7525,257,10.17
6389,6489,257,27.47
4247,4147,257,6.17
5931,6030,257,15.17
8734,8834,257,16.91
4498,4599,257,7.72
5995,6095,257,15.15
5994,6094,257,27.01
3976,3875,257,2.52
7880,7980,257,127.22
7578,7678,258,130.68
7183,7283,258,139.24
7781,7881,258,52.61
6332,6432,258,94.14
7382,7482,258,51.55
4646,4746,258,20.07
7729,7829,258,19.19
8656,8756,258,16.96
8730,8830,258,17.33
7475,7575,258,78.73
8731,8831,258,17.24
6488,6588,258,38.43
8732,8832,258,16.82
7471,7572,258,18.31
6292,6392,258,33.39
7427,7327,258,5.8
4149,4148,258,5.82
5036,5035,258,5.62
4150,4050,258,5.37
4151,4051,258,5.36
8837,8937,258,19.11
4398,4499,258,7.47
5596,5696,258,39.04
8839,8939,258,16.92
3992,3891,258,1.42
8845,8945,258,16.9
8838,8938,258,18.21
6231,6331,258,58.97
7482,7582,259,162.8
6331,6431,259,215.06
6094,6194,259,50.02
6095,6195,259,68.71
6333,6433,259,89.89
5230,5330,259,64.24
7473,7573,259,33.66
6391,6491,259,44.28
5098,5198,259,33.36
8849,8949,259,47.66
4699,4799,259,36.1
6784,6884,259,26.44
7727,7827,259,18.27
8028,8128,259,17.85
8261,8361,259,16.88
4445,4544,259,22.83
8733,8833,259,16.82
7576,7676,259,13.94
6687,6787,259,17.67
7967,8067,259,18.22
6786,6886,259,17.08
7031,7131,259,10.82
6392,6492,259,103.41
6930,7030,259,10.44
5132,5032,259,5.41
8323,8422,259,7.65
8751,8851,259,15.4
8324,8224,259,5.34
8749,8850,259,27.18
8749,8848,259,25.31
8836,8936,259,18.22
5331,5430,259,7.57
8941,9041,259,16.82
8423,8522,259,11.64
4698,4799,259,8.37
8748,8848,259,19.05
4064,3964,259,3.04
7881,7981,259,152.13
7582,7682,260,161.2
7981,8081,260,138.61
5397,5497,260,35.84
6193,6293,260,37.07
8623,8723,260,25.02
4645,4745,260,21.27
8846,8946,260,18.92
8729,8829,260,17.7
7625,7725,260,18.72
5696,5796,260,79.5
8942,9042,260,16.65
4545,4644,260,22.12
8943,9043,260,16.56
6492,6592,260,125.68
5631,5730,260,19.99
5131,5130,260,11.31
4246,4245,260,10.98
7426,7425,260,10.17
8940,9040,260,17.29
8163,8263,260,17.39
6195,6295,260,106.02
8754,8854,260,17.75
6491,6591,260,104.83
6030,6130,260,33.54
4297,4298,260,2.06
7682,7782,261,160.64
6194,6294,261,74.98
5430,5530,261,67.62
7283,7383,261,47.49
7726,7826,261,17.82
8360,8460,261,17.08
8657,8757,261,16.82
4345,4444,261,23.74
7728,7828,261,18.66
6884,6984,261,63.16
6591,6691,261,123.47
6785,6885,261,19.14
7474,7574,261,16.1
4247,4146,261,7
6390,6490,261,19.47
4150,4049,261,6.11
7670,7770,261,23.33
8726,8826,261,19.13
5039,4938,261,2.44
6293,6393,262,76.97
5730,5830,262,78.49
5796,5896,262,79.67
6431,6531,262,33.45
5198,5298,262,34.91
7980,8080,262,20.58
7679,7779,262,23.34
6295,6395,262,85.13
8262,8362,262,16.9
8847,8947,262,18.18
6691,6791,262,116.95
8944,9044,262,16.82
8066,8166,262,17.8
8849,8950,262,26.82
8849,8948,262,24.83
8835,8935,262,17.29
8065,8165,262,17.8
8727,8827,262,19.9
6489,6589,262,20.99
7869,7969,262,18.5
8755,8855,262,18.36
6592,6692,262,81.11
6886,6986,262,42.13
7968,8068,262,18.66
7427,7326,262,6.59
5133,5033,262,4.35
8324,8223,262,6.07
6588,6688,262,25.1
8752,8852,262,15.86
8725,8825,262,17.48
7383,7483,263,53.93
5497,5597,263,38.42
8724,8824,263,17.22
8834,8934,263,17.05
8459,8559,263,16.59
6984,7084,263,98.45
6130,6230,263,46.6
8728,8828,263,18.87
8164,8264,263,17.39
8558,8658,263,16.32
6787,6887,263,31.84
6393,6493,263,113.26
6294,6394,263,87.23
4798,4899,263,8.43
6929,7029,263,10.13
7782,7882,263,54.19
8324,8225,263,6.23
8753,8853,263,16.75
6395,6495,264,61.22
5896,5996,264,79.43
5830,5930,264,77.26
8522,8622,264,23.71
4746,4846,264,20
8938,9038,264,17.77
8945,9045,264,17.02
8939,9039,264,17.91
7678,7778,264,19.51
7525,7624,264,23.18
8937,9037,264,17.39
8831,8931,264,17.59
6490,6590,264,44.52
6829,6928,264,10.37
7131,7231,264,22.28
8756,8856,264,17.89
5132,5031,264,6.15
7677,7777,264,16.4
8830,8930,264,17.96
7882,7982,264,157.03
8832,8932,264,17.38
6791,6891,264,67.44
6230,6330,264,160.54
8523,8622,264,11.61
7483,7583,265,56.74
5298,5398,265,34.33
8080,8180,265,36.83
6986,7086,265,47.22
8948,9048,265,47.32
6887,6987,265,95.8
6692,6792,265,44.36
6688,6788,265,37.73
8081,8181,265,22.9
4745,4845,265,21
8723,8823,265,24.09
4644,4744,265,23.74
7827,7927,265,18.09
8833,8933,265,17.2
8361,8461,265,17.29
5230,5329,265,19.31
6493,6593,265,82.16
7575,7675,265,14.56
4345,4344,265,10.7
5631,5630,265,7.89
8851,8951,265,18.03
6394,6494,265,74.76
8949,9049,265,18.1
7572,7672,265,14.35
8067,8167,265,17.8
5134,5034,265,3.61
6589,6689,265,42.78
7671,7771,265,11.7
9041,9141,265,17.61
5135,5034,265,3.36
8936,9036,265,17.04
7982,8082,265,151.84
6987,7087,266,204.67
6495,6595,266,55.55
6891,6991,266,88.96
7770,7870,266,21.14
8263,8363,266,16.82
8946,9046,266,17.31
9043,9143,266,17.39
9040,9140,266,18.37
8854,8954,266,17.07
9042,9142,266,17.43
7725,7825,266,17.82
8082,8182,266,162.28
7084,7184,266,35.64
6884,6985,266,22.05
6590,6690,266,94.87
7676,7776,266,15.86
7573,7673,266,15.29
8829,8929,266,18.78
5597,5697,266,42.13
6991,7091,267,116.68
7087,7187,267,206.41
6330,6430,267,37.67
4899,4999,267,32.93
6689,6789,267,96.3
6531,6631,267,24.56
7826,7926,267,17.98
8460,8560,267,16.82
6690,6790,267,124.21
4544,4643,267,19.3
5430,5529,267,18.13
7624,7724,267,49.64
7525,7524,267,10.19
6494,6594,267,54.9
7425,7524,267,23.17
8757,8857,267,17.29
6788,6888,267,83.06
8826,8926,267,17.48
5995,6096,267,8.32
7091,7191,268,145.85
6888,6988,268,123.47
5697,5797,268,65.76
7583,7683,268,46.87
8181,8281,268,38.46
5398,5498,268,42.86
7086,7186,268,39.93
6792,6892,268,36.2
8180,8280,268,35.15
6928,7028,268,30.39
7029,7129,268,21.2
8947,9047,268,17.02
8362,8462,268,17.29
8068,8168,268,18.21
8948,9047,268,24.91
7969,8069,268,19.1
9044,9144,268,17.41
8852,8952,268,17.79
8622,8722,268,25.55
5330,5429,268,17.47
8827,8927,268,18.67
8855,8955,268,17.47
8165,8265,268,17.77
8166,8266,268,17.79
7574,7674,268,15.66
8950,9050,268,18.08
6985,7085,268,59.89
6593,6693,268,41.65
8825,8925,268,17.41
6789,6889,268,123.85
6790,6890,268,124.71
7779,7879,268,18.15
8935,9035,268,17.06
6889,6989,269,122.43
7191,7291,269,123.89
6890,6990,269,196.54
6096,6196,269,63.01
7187,7287,269,58.25
6430,6530,269,51.47
4643,4743,269,65.6
8264,8364,269,16.95
8853,8953,269,17.4
4444,4543,269,19.99
8223,8322,269,22.18
7184,7284,269,40.38
7030,7130,269,10.47
7672,7772,269,26.21
7675,7775,269,31.81
6595,6695,269,42.01
8824,8924,269,17.39
5038,4937,269,2.41
8828,8928,269,19.64
8934,9034,269,17.26
6196,6296,270,117.5
7287,7387,270,200.85
6988,7088,270,96.25
6892,6992,270,52.23
6693,6793,270,53.02
4999,5099,270,34.68
4744,4844,270,22.91
8932,9032,270,18.18
9045,9145,270,17.06
9039,9139,270,18.76
8931,9031,270,18.46
8930,9030,270,19.55
9038,9138,270,17.29
9037,9137,270,16.69
7771,7871,270,23.29
8559,8659,270,15.85
8856,8956,270,18.2
5730,5829,270,14.77
8182,8282,270,28.75
5797,5897,270,79.23
4245,4244,270,10.43
5498,5598,270,60.37
7624,7723,270,24.3
8658,8758,270,16.63
4056,3956,270,5.45
4246,4145,270,7.19
7425,7424,270,10.18
8823,8923,270,23.65
6594,6694,270,46.07
3961,3861,270,4.47
4094,3994,270,0.86
7088,7188,271,169.26
7291,7391,271,84.57
6989,7089,271,79.37
6530,6630,271,50.26
7186,7286,271,37.68
5529,5629,271,26.59
8929,9029,271,20.71
8280,8380,271,34.19
8461,8561,271,17.19
7085,7185,271,46.46
8167,8267,271,17.8
7927,8027,271,19.05
9141,9241,271,18.92
7777,7877,271,16.24
7683,7783,271,41.55
8281,8381,271,33.55
5230,5229,271,7.49
5131,5030,271,7.44
9049,9149,271,19.71
4943,4843,271,4.89
9048,9148,271,18.04
8951,9051,271,17.22
3975,3874,271,1.94
8933,9033,271,17.8
7778,7878,271,16.3
7089,7189,272,120.78
6793,6893,272,81.44
6992,7092,272,62.49
9140,9240,272,18.74
5897,5997,272,79.22
9143,9243,272,18.67
7284,7384,272,45.99
7825,7925,272,17.83
8363,8463,272,17.08
6694,6794,272,56.62
7776,7876,272,17.56
4344,4443,272,21.14
9142,9242,272,18.97
5830,5929,272,15.11
6296,6396,272,88.16
8522,8621,272,11.63
9036,9136,272,16.57
7426,7325,272,6.58
7387,7487,272,72.03
7326,7325,272,10.17
4050,3950,272,7.3
7870,7970,272,19.89
5598,5698,272,75.15
8422,8521,272,11.7
7188,7288,273,60.22
7391,7491,273,67.08
6990,7090,273,31.97
7028,7128,273,21.2
7926,8026,273,18.87
8857,8957,273,17.54
6631,6731,273,18.52
9046,9146,273,16.44
8722,8822,273,24.32
8723,8822,273,11.6
8223,8222,273,9.37
5032,4932,273,7.3
7724,7824,273,17.87
7624,7623,273,11.29
5098,5199,273,8.36
7673,7773,273,14.77
9050,9150,273,20.34
4053,3953,273,5.76
8926,9026,273,17.39
8954,9054,273,16.57
4064,3965,273,3.53
7288,7388,274,200.46
6794,6894,274,58.85
7384,7484,274,51.97
6893,6993,274,72.19
5698,5798,274,86.04
7092,7192,274,72.36
7286,7386,274,45.03
7783,7883,274,45.4
9144,9244,274,18.63
7879,7979,274,17.23
8462,8562,274,17.68
6396,6496,274,58.85
8560,8660,274,15.65
8069,8169,274,18.67
8168,8268,274,17.78
6695,6795,274,23.99
9035,9135,274,16.77
8266,8366,274,17.34
8265,8365,274,17.05
4699,4800,274,8.32
7487,7587,274,71.3
8925,9025,274,17.41
4056,3957,274,6.36
4056,3955,274,6.2
5036,4936,274,3.02
8952,9052,274,16.79
3961,3862,274,5.24
8927,9027,274,17.83
4599,4700,274,8.47
7331,7230,274,2.01
4196,4096,274,1.08
7192,7292,275,202.31
7090,7190,275,67.09
5929,6029,275,42.38
7189,7289,275,42.19
6630,6730,275,28.55
5629,5729,275,29.76
8364,8464,275,16.82
9034,9134,275,16.82
9047,9147,275,16.62
7775,7875,275,17.41
4643,4742,275,18.83
7491,7591,275,65.3
8924,9024,275,17.73
7674,7774,275,16.21
4050,3951,275,8.42
8282,8382,275,23.99
3961,3860,275,5.11
7871,7971,275,21.7
8928,9028,275,19
8955,9055,275,16.63
7292,7392,276,146.74
7484,7584,276,60.78
5798,5898,276,82.43
7388,7488,276,61.93
6993,7093,276,58.01
9241,9341,276,20.02
7185,7285,276,21.45
9137,9237,276,16.95
9139,9239,276,17.67
9138,9238,276,17.12
9032,9132,276,17.37
9030,9130,276,19.13
9145,9245,276,17.8
9031,9131,276,17.86
7424,7523,276,23.72
8956,9056,276,17.19
7723,7823,276,18.07
7587,7687,276,65.61
5198,5299,276,8.34
5032,4933,276,8.42
4799,4900,276,8.46
4942,4842,276,4.75
7327,7227,276,5.8
4943,4842,276,5.57
6829,6828,276,3.97
4050,3949,276,8.23
8758,8858,276,17.56
8923,9023,276,17.96
8953,9053,276,16.59
7584,7684,277,149.76
7591,7691,277,82.35
6029,6129,277,95.9
7289,7389,277,51.71
6894,6994,277,47.93
7883,7983,277,41.16
6496,6596,277,43.38
7386,7486,277,47.45
5997,6097,277,20.72
9029,9129,277,18.62
8027,8127,277,18.12
9033,9133,277,17.38
9149,9249,277,19.92
9148,9248,277,19.08
8267,8367,277,17.78
4244,4343,277,22.02
4543,4642,277,18.54
4344,4343,277,8.62
6928,7027,277,11.02
8659,8759,277,16.3
5031,4931,277,8.09
8621,8721,277,24.19
7392,7492,277,124.92
8622,8721,277,11.49
7772,7872,277,12.74
5032,4931,277,8.23
4499,4600,277,7.72
4147,4047,277,5.15
8380,8480,277,18.41
7129,7229,277,11.55
4053,3954,277,6.71
4053,3952,277,6.54
3974,3873,277,1.86
8422,8421,277,5.65
7389,7489,278,125.22
7492,7592,278,117.92
7093,7193,278,74.81
7488,7588,278,57.41
6129,6229,278,110.05
7925,8025,278,18.24
9240,9340,278,19.14
9136,9236,278,16.88
9243,9343,278,18.63
7970,8070,278,19.53
8463,8563,278,17.49
7877,7977,278,15.74
7878,7978,278,15.61
8561,8661,278,16.2
5898,5998,278,80.23
9242,9342,278,19.36
9150,9250,278,22.75
8823,8922,278,11.63
7687,7787,278,62.83
8381,8481,278,16.42
8382,8482,278,34.65
7983,8083,278,141.44
7193,7293,279,185.11
7592,7692,279,118.49
7691,7791,279,98.07
5299,5399,279,33.77
7623,7722,279,24.28
8026,8126,279,18.52
9146,9246,279,17.65
9026,9126,279,17.43
7824,7924,279,17.8
8222,8321,279,24.72
9054,9154,279,16.76
7876,7976,279,15.15
6795,6895,279,20.87
7486,7586,279,54.9
8957,9057,279,17.35
7391,7490,279,18.31
7684,7784,279,99.91
5298,5399,279,8.35
4146,4046,279,5.68
4049,4048,279,5.86
7327,7228,279,6.75
6229,6329,279,103.8
6329,6429,280,132.97
7787,7887,280,55.62
7489,7589,280,98.95
8083,8183,280,59.36
7588,7688,280,61.66
6994,7094,280,39.36
6097,6197,280,45.75
7285,7385,280,26.03
7190,7290,280,21.53
7971,8071,280,20.35
9025,9125,280,17.44
9244,9344,280,18.67
7979,8079,280,17.32
8169,8269,280,18.15
4443,4542,280,19.34
9052,9152,280,18.55
4145,4144,280,10.17
7291,7390,280,13.24
7424,7423,280,10.69
8268,8368,280,17.88
9135,9235,280,16.82
5031,4930,280,9.08
4899,5000,280,8.37
4298,4399,280,7.35
6596,6696,280,39.98
9027,9127,280,17.37
7327,7226,280,6.58
7326,7226,280,5.8
7791,7891,281,77.76
7586,7686,281,59.59
7293,7393,281,75.49
7589,7689,281,119.73
9055,9155,281,16.82
9134,9234,281,16.82
9024,9124,281,17.8
8464,8564,281,17.24
9028,9128,281,17.73
8562,8662,281,16.64
8660,8760,281,16.07
7773,7873,281,14.01
8365,8465,281,16.42
4244,4243,281,9.25
8183,8283,281,211.6
9147,9247,281,17.8
8366,8466,281,16.58
8722,8821,281,11.59
8223,8123,281,5.27
7491,7590,281,18.93
4942,4841,281,5.42
5036,4935,281,3.47
7686,7786,282,160.98
7688,7788,282,59.1
7887,7987,282,73.39
6197,6297,282,95.46
7692,7792,282,40.96
5399,5499,282,40.33
7784,7884,282,35.82
8481,8581,282,32.8
9248,9348,282,21.13
9239,9339,282,17.35
9237,9337,282,17.75
9238,9338,282,17.42
9132,9232,282,16.98
9130,9230,282,18.28
9245,9345,282,19.53
9131,9231,282,17.45
8482,8582,282,32.02
9023,9123,282,17.81
8858,8958,282,17.75
9341,9441,282,19.04
9056,9156,282,16.76
6429,6529,282,59.6
9053,9153,282,17.14
7774,7874,282,16.06
7623,7622,282,11.26
7523,7622,282,24.24
8222,8221,282,11.79
7875,7975,282,14.83
7823,7923,282,17.42
5033,4934,282,7.34
9051,9151,282,9.26
7425,7324,282,6.59
6696,6796,282,64.64
6796,6896,283,115.68
7987,8087,283,101.01
7786,7886,283,156.24
7792,7892,283,104.56
7891,7991,283,63.45
7094,7194,283,44.09
6895,6995,283,31.16
9129,9229,283,17.34
8480,8580,283,19.72
9133,9233,283,16.95
8367,8467,283,17.06
4146,4045,283,6.45
7393,7493,283,58.71
8759,8859,283,17.73
8922,9022,283,23.62
7884,7984,284,62.48
6297,6397,284,64.29
6529,6629,284,50.2
7385,7485,284,31.16
6896,6996,284,114.3
7978,8078,284,16.91
8563,8663,284,16.88
8070,8170,284,19.6
9236,9336,284,17.66
9340,9440,284,18.66
4642,4741,284,21.6
4343,4442,284,20.81
9343,9443,284,19.59
8025,8125,284,18.13
9246,9346,284,20.61
7689,7789,284,41.87
9342,9442,284,18.82
4999,5100,284,8.34
7590,7690,284,33.34
5329,5428,284,7.5
9250,9350,284,19.08
7326,7225,284,6.59
5499,5599,284,66.25
8283,8383,284,38.13
6996,7096,285,116.01
7991,8091,285,66.92
7886,7986,285,68.05
7892,7992,285,75.38
7873,7973,285,26.44
8071,8171,285,20.01
7788,7888,285,43.19
9126,9226,285,17.43
7924,8024,285,17.72
9154,9254,285,19.61
7722,7822,285,17.76
9057,9157,285,16.75
9152,9252,285,23.85
7977,8077,285,15.83
8661,8761,285,16.16
4932,4832,285,8.7
7523,7522,285,11.22
7194,7294,285,63.28
5829,5928,285,9.57
7493,7593,285,50.92
8821,8921,285,25.57
8621,8720,285,11.59
8223,8124,285,6.16
8521,8620,285,11.64
3877,3777,285,2.87
5599,5699,286,88.77
7690,7790,286,97.12
6629,6729,286,57.76
6995,7095,286,41.07
7874,7974,286,27.32
9247,9347,286,21.75
9124,9224,286,23.2
9344,9444,286,19.63
8079,8179,286,17.78
9127,9227,286,17.12
9125,9225,286,17.34
8269,8369,286,17.68
4930,5029,286,25.94
7872,7972,286,12.02
5998,6098,286,13.59
3862,3863,286,8.48
7485,7585,286,51.4
7096,7196,286,113.22
8368,8468,286,17.39
7789,7889,286,95.9
9235,9335,286,17.77
7593,7693,286,136.08
8223,8122,286,6
3950,3850,286,7.33
7984,8084,286,89.08
8091,8191,287,80.55
5928,6028,287,80.67
7992,8092,287,78.53
6397,6497,287,40.15
9348,9448,287,21.09
9123,9223,287,22.54
9234,9334,287,17.4
8564,8664,287,17.17
9128,9228,287,17.21
9155,9255,287,18.15
8087,8187,287,32.46
9153,9253,287,21.95
4542,4641,287,22.21
8465,8565,287,16.82
7888,7988,287,72.14
7027,7127,287,10.48
7976,8076,287,14.01
8466,8566,287,16.72
5929,6028,287,9.77
5099,5200,287,8.39
7693,7793,287,117.28
9151,9251,287,24.04
6928,6927,287,4.52
7294,7394,287,62.49
7196,7296,287,111.35
8760,8860,287,17.06
3992,3892,287,1.24
8084,8184,287,179.22
7296,7396,288,112.48
5699,5799,288,88.77
7585,7685,288,64.11
7790,7890,288,65.19
8092,8192,288,110.15
7986,8086,288,43.64
8383,8483,288,29.12
8581,8681,288,17.67
9339,9439,288,18.25
9337,9437,288,19.01
9338,9438,288,18.37
9232,9332,288,17.24
9441,9541,288,17.78
9231,9331,288,18.77
8582,8682,288,17.11
8662,8762,288,16.48
6098,6198,288,65.39
4930,4929,288,14.12
9345,9445,288,19.58
9022,9122,288,23.1
5428,5528,288,26.71
4243,4342,288,21.94
5729,5828,288,11.73
6029,6128,288,10.97
7923,8023,288,17.54
4932,4833,288,9.95
4932,4831,288,9.73
8958,9058,288,16.98
5230,5129,288,4.7
7685,7785,289,135.76
7396,7496,289,114.65
8192,8292,289,156.17
6198,6298,289,125.43
8191,8291,289,91.45
9233,9333,289,17.33
8859,8959,289,17.89
8580,8680,289,18.55
8077,8177,289,30.28
9229,9329,289,17.8
7884,7985,289,22.3
7891,7990,289,19.59
9443,9543,289,20.69
9249,9349,289,8.83
7095,7195,289,45.97
8720,8820,289,25.03
9346,9446,289,20.88
7684,7785,289,12
3950,3851,289,8.46
7394,7494,289,50.61
8187,8287,289,60.05
8184,8284,289,50.37
6298,6398,290,122.65
7785,7885,290,127.01
7496,7596,290,119.12
8086,8186,290,52.06
5528,5628,290,86.29
5799,5899,290,87.02
7973,8073,290,24.91
9254,9354,290,20.71
9440,9540,290,18.21
8663,8763,290,16.88
9252,9352,290,22.38
8170,8270,290,18.75
8078,8178,290,17.5
9336,9436,290,18.92
9442,9542,290,18.63
8467,8567,290,16.57
7423,7422,290,10.69
6497,6597,290,47.13
8421,8520,290,11.66
5199,5300,290,8.38
7793,7893,290,33.56
9350,9450,290,16.82
3950,3849,290,8.27
8292,8392,290,177.63
6128,6228,290,81.05
5229,5328,290,7.57
4941,4840,290,4.11
8291,8391,290,127.83
8391,8491,291,203.88
8392,8492,291,118.83
6228,6328,291,104.65
7596,7696,291,122.21
6398,6498,291,117.62
8076,8176,291,26.61
9347,9447,291,21
9444,9544,291,21.26
7974,8074,291,24.36
7972,8072,291,22.71
9226,9326,291,17.3
9157,9257,291,17.11
8171,8271,291,18.98
7822,7922,291,17.67
7522,7621,291,23.76
6597,6697,291,124.55
8761,8861,291,16.84
7991,8090,291,18.37
7892,7993,291,17.85
4442,4541,291,23.54
4542,4541,291,9.39
4144,4143,291,9.61
7975,8075,291,12.44
3965,3966,291,5.7
8284,8384,291,50.31
7424,7323,291,6.97
8922,9021,291,11.63
7696,7796,292,184.98
6498,6598,292,116.99
7494,7594,292,45.7
9224,9324,292,16.8
9227,9327,292,17.48
8369,8469,292,17.39
9225,9325,292,16.93
5029,5128,292,25.53
8468,8568,292,16.85
9253,9353,292,22.29
5899,5999,292,84.81
4930,4830,292,8.76
4243,4242,292,9.19
4931,4830,292,9.73
8179,8279,292,18.85
4933,4834,292,8.91
9251,9351,292,20.37
8222,8121,292,7.82
9335,9435,292,18.17
7993,8093,292,143.4
4145,4044,292,6.58
7195,7295,292,45.84
8186,8286,292,50.31
8287,8387,292,49.57
8321,8420,292,11.59
3972,3871,292,1.69
6697,6797,292,123.28
6797,6897,293,119.12
7796,7896,293,185.02
8093,8193,293,184.94
8384,8484,293,59.71
8492,8592,293,52.1
8483,8583,293,20.06
9437,9537,293,20.06
9228,9328,293,17.37
9223,9323,293,16.97
9448,9548,293,19.87
8566,8666,293,16.81
8565,8665,293,17.06
9445,9545,293,20.09
9334,9434,293,18.21
9230,9330,293,9.16
9122,9222,293,22.22
6598,6698,293,121.98
5628,5728,293,34.62
7888,7989,293,18.9
5299,5400,293,8.36
3949,3948,293,6.05
8820,8920,293,26.03
4197,4198,293,2.15
3955,3855,293,5.32
8860,8960,293,17.41
8484,8584,294,133.62
7896,7996,294,195.07
8592,8692,294,214.04
8193,8293,294,184.93
7594,7694,294,50.22
8491,8591,294,47
6328,6428,294,33.85
6897,6997,294,114.3
7985,8085,294,20.7
9541,9641,294,18.55
9439,9539,294,19.26
9438,9538,294,19.6
9332,9432,294,18.82
4342,4441,294,24.3
4929,5028,294,25.96
8682,8782,294,16.91
5029,5028,294,13.05
7987,8088,294,11.81
8762,8862,294,16.72
8664,8764,294,16.49
4442,4441,294,10.52
4641,4740,294,21.86
9446,9546,294,20.21
8286,8386,294,59.74
3861,3761,294,4.27
3877,3778,294,3.24
6698,6798,294,124.38
7694,7794,295,151.02
9333,9433,295,18.19
8959,9059,295,16.83
9329,9429,295,17.61
9349,9449,295,18.09
8681,8781,295,16.38
8091,8190,295,14.22
5928,6027,295,14.19
7522,7521,295,10.73
9156,9256,295,8.27
8221,8320,295,11.61
9543,9643,295,19.96
8073,8173,295,23.53
6997,7097,295,116.01
4930,4829,295,9.79
9058,9158,295,16.54
8293,8393,295,110.52
7295,7395,295,42.5
3877,3776,295,3.17
3954,3854,295,5.86
4939,4839,295,2.19
8387,8487,295,41.69
3972,3872,295,1.48
7794,7894,296,167.62
7996,8096,296,51.55
6428,6528,296,69.34
8072,8172,296,21.61
9436,9536,296,19.9
9540,9640,296,17.8
8270,8370,296,17.49
9352,9452,296,17.51
9542,9642,296,19.59
9354,9454,296,18.94
9544,9644,296,20.7
8680,8780,296,14.65
4929,4928,296,14.19
6028,6127,296,16.17
8075,8175,296,24.6
8074,8174,296,23.74
8176,8276,296,24.8
9022,9121,296,11.66
6798,6898,296,99.07
9021,9121,296,22.77
8177,8277,296,14.71
7097,7197,296,116.01
4046,3946,296,5.97
5998,6099,296,8.21
8178,8278,296,16.87
8386,8486,296,51.71
8096,8196,297,131.91
7894,7994,297,215.2
8393,8493,297,64.45
7395,7495,297,54.49
8591,8691,297,49.4
8920,9020,297,25.73
9326,9426,297,17.42
8271,8371,297,17.36
9447,9547,297,18.32
7922,8022,297,18.66
8492,8593,297,25.76
8567,8667,297,16.33
4342,4341,297,11.29
5399,5500,297,8.25
6099,6199,297,116.7
4047,3947,297,5.26
7621,7721,297,18.19
8190,8290,297,76.73
3862,3762,297,4.41
8763,8863,297,16.61
7197,7297,297,113.22
3955,3856,297,6.22
8861,8961,297,17.09
3971,3870,297,1.65
8196,8296,298,186.16
7994,8094,298,185
8593,8693,298,143.66
8691,8791,298,131.87
6898,6998,298,72.43
6528,6628,298,50.18
8692,8792,298,29.42
8584,8684,298,28.65
7297,7397,298,113.22
9548,9648,298,21.13
9435,9535,298,19.57
9324,9424,298,17.35
8469,8569,298,17.16
9325,9425,298,17.09
9327,9427,298,17.86
4541,4640,298,23.24
9353,9453,298,18.16
9545,9645,298,21.8
9331,9431,298,10.12
6199,6299,298,126.02
4832,4732,298,8.21
8620,8719,298,11.63
9351,9451,298,17.03
4641,4640,298,9.13
7722,7821,298,7.69
8720,8819,298,11.53
5128,5228,298,19.68
3952,3852,298,4.82
8279,8379,298,18.26
8085,8185,298,25.43
6127,6227,298,85.81
8094,8194,299,185.03
8290,8390,299,74.94
7495,7595,299,92.58
7397,7497,299,112.1
9641,9741,299,21.27
9330,9430,299,19.52
9537,9637,299,19.59
9323,9423,299,18.23
9328,9428,299,17.5
8568,8668,299,16.43
6299,6399,299,124.86
9222,9322,299,17.06
9255,9355,299,9.01
9434,9534,299,19.62
4045,3945,299,6.43
8960,9060,299,17.05
9546,9646,299,21.06
4399,4500,299,7.49
3954,3853,299,6.65
8296,8396,299,208
7595,7695,300,184.9
8390,8490,300,113.03
8396,8496,300,182
7497,7597,300,113.94
6628,6728,300,50.18
6399,6499,300,121.98
5500,5600,300,42.36
9643,9743,300,20.58
7996,8097,300,25.91
7996,8095,300,23.73
9539,9639,300,18.56
8591,8690,300,24.37
4441,4540,300,24.92
9538,9638,300,19.14
8088,8188,300,16.76
8666,8766,300,16.23
8665,8765,300,16.31
8583,8683,300,16.46
6998,7098,300,83.9
6227,6327,300,86.81
5528,5627,300,12.85
7422,7421,300,10.25
8173,8273,300,21.86
4831,4731,300,8.82
3850,3750,300,7.53
8277,8377,300,25.92
8278,8378,300,31.48
3861,3760,300,4.88
8185,8285,300,51.84
8496,8495,301,152.11
8396,8395,301,217.4
8196,8195,301,260.17
3870,3869,301,109.93
9449,9549,301,3.54
7521,7620,301,26.7
9433,9533,301,3.88
7996,7995,301,40.54
8591,8590,301,64.63
4441,4440,301,39.62
8764,8864,301,1.66
7896,7895,301,188.11
4242,4241,301,41.36
7796,7795,301,260.16
4044,4043,301,37.57
4143,4142,301,41.94
5528,5527,301,70.64
4929,4828,301,25.58
6927,7026,301,12.17
5928,5927,301,68.01
5828,5927,301,15.22
5828,5827,301,81.27
4832,4733,301,10.54
4045,3944,301,26.09
4831,4730,301,25.01
9122,9221,301,11.86
8221,8220,301,13.89
7226,7126,301,13.15
7423,7322,301,26.76
4144,4043,301,26.77
3849,3848,301,53.01
7227,7126,301,26.3
6828,6827,301,25.1
3850,3749,301,26.77
4936,4836,301,9.22
8296,8295,301,258.61
4939,4838,301,16.48
8862,8962,301,4.19
3993,3893,301,2.64
8395,8394,302,260.17
8590,8589,302,100.98
3869,3868,302,118.44
8495,8494,302,167.48
8690,8689,302,59.34
4540,4539,302,55.82
8490,8489,302,74.54
8390,8389,302,90.69
4640,4639,302,60.35
6628,6627,302,74.55
8022,8021,302,50.17
8290,8289,302,54.58
4341,4340,302,42.64
7521,7520,302,37.58
4928,5027,302,26.59
4928,4927,302,36.29
9256,9356,302,3.77
6528,6527,302,74.55
6428,6427,302,45.31
6227,6226,302,73.73
6027,6126,302,25.5
6027,6026,302,49.03
4740,4739,302,65.45
8620,8619,302,14.64
7226,7125,302,26.33
3776,3775,302,71.66
8190,8189,302,56.83
3862,3763,302,6.82
3850,3751,302,10.34
8820,8919,302,11.29
4936,4835,302,22.74
8295,8294,302,260.17
6127,6126,302,70.86
8386,8385,302,51.75
8489,8488,303,104.44
4838,4837,303,76.78
5527,5526,303,91.28
4440,4439,303,54.4
5827,5826,303,68.38
7421,7420,303,38.96
3868,3867,303,260.17
8520,8519,303,16.03
8791,8790,303,34.44
7422,7321,303,26.75
4830,4729,303,24.31
6927,6926,303,21.71
3848,3847,303,57.81
3965,3865,303,5.24
3775,3774,304,79.18
8589,8588,304,55.23
6427,6426,304,72.23
4539,4538,304,66.19
8389,8388,304,62.53
4639,4638,304,71.03
7026,7025,304,46.49
4142,4141,304,37.77
5927,5926,304,47.07
5627,5626,304,28
4340,4339,304,50.1
6226,6225,304,50.84
4241,4240,304,39.22
6126,6125,304,55.52
6527,6526,304,74.55
9020,9120,304,7.4
9642,9742,304,3.89
4928,4827,304,26.59
7996,7997,304,8.98
5728,5727,304,25.97
8420,8419,304,17.52
4242,4141,304,26.72
4044,3943,304,26.7
4143,4042,304,26.68
8121,8120,304,17.92
8021,8020,304,51.46
4739,4738,304,73.78
4829,4728,304,24.22
7822,7921,304,7.81
7225,7224,304,14.62
3749,3748,304,46.2
9021,9120,304,11.83
6026,6025,304,55.38
3965,3864,304,12
3860,3859,304,22.66
3959,3958,304,22.64
4439,4438,305,62.17
3867,3866,305,54.16
8790,8789,305,92.33
8689,8688,305,34.99
8289,8288,305,49.43
6827,6826,305,26.74
8377,8376,305,21.6
3947,3846,305,26.71
9536,9636,305,4.03
9640,9740,305,3.86
8780,8779,305,23.38
9059,9159,305,3.87
9429,9529,305,3.05
3760,3759,305,23.33
8276,8275,305,20.7
5328,5327,305,20.67
9644,9744,305,3.95
5826,5825,305,56.68
6627,6626,305,39.73
9158,9258,305,3.8
8580,8579,305,18.05
5428,5427,305,22.52
8480,8479,305,19.35
3855,3754,305,23.34
7125,7124,305,48.4
3879,3779,305,3.22
8320,8319,305,17.61
8688,8687,306,114.07
4638,4637,306,65.97
6426,6425,306,95.86
4538,4537,306,62.17
8588,8587,306,78.68
3774,3773,306,92.26
5626,5625,306,73.56
7420,7419,306,39.14
7321,7320,306,40.33
6025,6024,306,50.71
6526,6525,306,74.55
7421,7320,306,26.76
8273,8272,306,18.55
5228,5227,306,18.81
4732,4631,306,25.23
4339,4338,306,54.4
9020,9019,306,14.77
8486,8485,306,18.66
4731,4631,306,17.42
4731,4630,306,25.88
6728,6727,306,16.99
3761,3660,306,19.91
8920,9019,306,11.19
5926,5925,306,56.1
6327,6326,306,16.97
3748,3747,306,57.81
3750,3649,306,26.25
8190,8089,306,23.15
8719,8718,306,14.92
3853,3752,306,25.56
4738,4737,306,71.07
3881,3780,306,7.8
3856,3755,306,23.44
6425,6424,307,103.59
3773,3772,307,102.62
5327,5326,307,63.57
6826,6825,307,61.99
5427,5426,307,76.4
5526,5525,307,25.58
6125,6124,307,41.83
4828,4727,307,25.44
7026,6925,307,26.06
4142,4041,307,26.72
3754,3753,307,54.15
4438,4437,307,60.79
9648,9647,307,15.16
4241,4140,307,26.77
5825,5824,307,56.64
4240,4239,307,46.73
3762,3661,307,21.46
8680,8679,307,14.32
7322,7221,307,26.76
3749,3648,307,26.12
5128,5127,307,14.35
4730,4629,307,24.23
8819,8818,307,14.35
3885,3784,307,8
3890,3789,307,7.64
3889,3788,307,7.55
3884,3783,307,7.1
3772,3771,308,102.16
6424,6423,308,154.48
4537,4536,308,59.82
5227,5226,308,55.32
5625,5624,308,63.25
8587,8586,308,63.88
4827,4826,308,33.31
6626,6625,308,39.8
6525,6524,308,56.69
4835,4734,308,24.37
4836,4735,308,23.4
9423,9422,308,12.96
6226,6325,308,25.03
4732,4632,308,11.48
8479,8478,308,34.51
9322,9321,308,12.69
5925,5924,308,55.95
4338,4337,308,52
4834,4734,308,8.36
8021,7920,308,24.85
7322,7222,308,14.77
8220,8219,308,16.11
3750,3650,308,12.99
7721,7720,308,12.25
4833,4734,308,6.87
3660,3659,308,70.73
4637,4636,308,62.17
9450,9550,308,2.58
3886,3785,308,7.77
3888,3787,308,7.62
3890,3790,308,2.56
3881,3781,308,2.71
7125,7024,308,25.65
4737,4736,308,68.65
3771,3770,309,105.86
3787,3786,309,211.18
3783,3782,309,69.99
5326,5325,309,68.71
6925,6924,309,51.02
4239,4238,309,51.03
6825,6824,309,65.64
5525,5524,309,71.92
7320,7319,309,40.34
6524,6523,309,187.84
5727,5726,309,23.94
7420,7319,309,26.77
7420,7519,309,26.77
4729,4628,309,24.5
7321,7220,309,26.76
5827,5726,309,19.11
4437,4436,309,53.65
5027,5026,309,14.62
8579,8578,309,27.74
9452,9552,309,3.81
9221,9220,309,12.88
3847,3746,309,26.7
9257,9357,309,2.49
8619,8618,309,14.64
9533,9532,309,13.69
3648,3647,309,53.02
3859,3858,309,21.99
6024,6023,309,40.3
3887,3786,309,7.23
3856,3756,309,9.76
3770,3769,310,102.62
3659,3658,310,64.11
4337,4336,310,53.74
6325,6324,310,51.03
8586,8585,310,75.18
4727,4726,310,34.51
6625,6624,310,74.08
3759,3758,310,22.66
4728,4627,310,25.38
4827,4726,310,26.09
4827,4926,310,26.09
6125,6224,310,26.69
7620,7619,310,12.14
4536,4535,310,58.19
8919,8918,310,13.12
8275,8274,310,20.47
9020,9119,310,11.44
8020,8019,310,16.9
7996,7897,310,10.13
4240,4139,310,26.02
3943,3942,310,17.23
5826,5725,310,23.2
5824,5823,310,47.45
4636,4635,310,60.68
6324,6323,311,100.94
6924,6923,311,54.42
5325,5324,311,63.23
5524,5523,311,60.03
7920,7919,311,49.36
5624,5623,311,40.51
6523,6522,311,97.14
8687,8686,311,23.95
6423,6422,311,37.54
8376,8375,311,17.86
8779,8778,311,18.61
8789,8788,311,18.18
8319,8318,311,17
6824,6823,311,80.13
7224,7223,311,14.69
3754,3653,311,24.04
3769,3768,311,221.21
8120,8119,311,14.5
8792,8892,311,2.83
8519,8518,311,14.04
5924,5923,311,47.15
3762,3662,311,8.34
8419,8418,311,14.64
4298,4299,311,1.19
8892,8891,312,118.63
6624,6623,312,57.05
5725,5724,312,52.57
3658,3657,312,60.14
4336,4335,312,51.7
7319,7318,312,38.9
5426,5425,312,22.37
4630,4530,312,16.72
4630,4529,312,26.35
4631,4530,312,26.66
5227,5126,312,23.66
7320,7219,312,26.76
6826,6725,312,21.34
9740,9739,312,14.49
9529,9528,312,14.83
8679,8678,312,21.4
4238,4237,312,49.03
9426,9526,312,4.21
8780,8880,312,0.58
3649,3548,312,26.69
6727,6726,312,17.66
4436,4435,312,49.36
4338,4237,312,24.7
8782,8882,312,1.02
5825,5724,312,23.21
8961,9061,312,4.11
3752,3651,312,24.5
4535,4534,312,52.95
6024,6123,312,26.76
7124,7123,312,15.32
4095,3995,312,2.22
4635,4634,312,57.57
5623,5622,313,61.57
8686,8685,313,59.82
6522,6521,313,65.85
6323,6322,313,63.58
5324,5323,313,70.03
6823,6822,313,97.01
6923,6922,313,60.83
6224,6223,313,38.48
4627,4626,313,41.26
3653,3652,313,55.97
6422,6421,313,56.18
5226,5225,313,24.77
4239,4138,313,24.98
4727,4626,313,26.33
4629,4528,313,26.37
8718,8717,313,14.8
8478,8477,313,24.4
9636,9635,313,13.53
3755,3654,313,22.05
3753,3652,313,24.53
4139,4138,313,49.55
6725,6724,313,104.68
8667,8767,313,4.05
3768,3767,313,86.85
3846,3845,313,13.21
7821,7820,313,7.43
8693,8793,313,3.05
5824,5723,313,25.87
3648,3547,313,24.39
5425,5424,314,62.75
4435,4434,314,51.21
6623,6622,314,82.25
8788,8787,314,40.03
6421,6420,314,105.91
5823,5822,314,32.27
4337,4236,314,24.16
7920,7819,314,25.42
4237,4236,314,52.82
4631,4531,314,14.12
3650,3549,314,25.06
9452,9551,314,7.98
3649,3549,314,14.22
8891,8890,314,80.05
3657,3656,314,55.18
4041,4040,314,16.06
4335,4334,314,52.87
4634,4633,314,56.22
3660,3559,314,18.32
8219,8218,314,18.11
3858,3857,314,22.69
4534,4533,314,51.44
3856,3857,314,5.35
6521,6520,315,76.93
6822,6821,315,90.48
6223,6222,315,71.9
5225,5224,315,65.65
6322,6321,315,83.21
6922,6921,315,62.18
7219,7218,315,40
5523,5522,315,27.84
3758,3757,315,22.64
6924,7023,315,23.95
4628,4527,315,26.67
8578,8577,315,19.24
7319,7218,315,26.76
7319,7418,315,26.76
3659,3558,315,20.59
8818,8817,315,13.98
3647,3646,315,17.17
8790,8889,315,12.71
8919,9018,315,10.94
4238,4137,315,25.5
4138,4137,315,50.06
6622,6621,316,81.07
4533,4532,316,59.36
7819,7818,316,52.62
5424,5423,316,66.52
4626,4625,316,49.72
5723,5722,316,41.89
4627,4526,316,26.73
5822,5821,316,70.59
4336,4235,316,24.78
5524,5423,316,22.03
3756,3655,316,22.15
5823,5722,316,25.85
5823,5922,316,25.85
9422,9421,316,13.13
3547,3546,316,38.13
9532,9531,316,15.82
4139,4038,316,25.37
4236,4235,316,61.22
9535,9634,316,7.93
9648,9748,316,3.74
9648,9747,316,8
9425,9525,316,4.19
9424,9524,316,4.06
9645,9745,316,3.82
9426,9525,316,7.77
8370,8470,316,1.93
9321,9320,316,13.06
6724,6723,316,41.67
3661,3560,316,16.12
4334,4333,316,69.75
5026,5025,316,15.99
8618,8617,316,14.69
3891,3791,316,2.66
3656,3655,316,61.63
6123,6122,316,27.87
3558,3557,317,64.63
6222,6221,317,74.71
4137,4136,317,60.39
6921,6920,317,63.32
6420,6419,317,47
3767,3766,317,25.94
6821,6820,317,74.54
7123,7122,317,22.3
8880,8879,317,20.76
8375,8374,317,18.51
3658,3557,317,22
3942,3941,317,15.58
8019,8018,317,14.32
5224,5223,317,74.26
3866,3765,317,12.05
3865,3764,317,10.7
9220,9219,317,12.87
8889,8888,317,75.35
9741,9840,317,7.97
9637,9736,317,7.93
6520,6519,317,88.41
5323,5322,317,28.95
9424,9523,317,7.86
3650,3550,317,11.28
7023,7022,317,51.39
3777,3676,317,7.29
4434,4433,317,49.13
6023,6022,317,14.06
9534,9633,317,7.95
4038,4037,318,64.27
4526,4525,318,58.37
5423,5422,318,75.81
4625,4624,318,59.48
6621,6620,318,98.34
6321,6320,318,42.33
7418,7417,318,37.04
5622,5621,318,24.37
3676,3675,318,211.36
7219,7118,318,26.77
4529,4428,318,25.56
7919,7918,318,15.35
8686,8785,318,22.11
5922,5921,318,56.19
9119,9118,318,14.05
3653,3552,318,23.44
4826,4825,318,10.45
3548,3447,318,25.03
8119,8118,318,16.66
9638,9737,318,7.95
4333,4332,318,88.06
9743,9842,318,7.93
9639,9738,318,7.94
8918,8917,318,13.22
8766,8865,318,7.91
9423,9522,318,7.87
4235,4234,318,76.01
9453,9553,318,3.78
3778,3677,318,7.67
5126,5125,318,18.99
8778,8777,318,16.18
5821,5820,318,66.98
3657,3556,318,23.7
4335,4234,318,24.44
4136,4135,319,78.97
6920,6919,319,58.63
6221,6220,319,73.04
6820,6819,319,61.99
5722,5721,319,34.99
5522,5521,319,26.03
3675,3674,319,220.02
4626,4725,319,25.33
4528,4427,319,25.38
8477,8476,319,18.1
4530,4429,319,23.51
7219,7119,319,14.88
9528,9527,319,15.23
8318,8317,319,13.96
4726,4725,319,11.79
4926,4925,319,12.45
3547,3446,319,26.73
8418,8417,319,13.22
4332,4331,319,103.73
4139,4039,319,11.65
6519,6518,319,71.13
6723,6722,319,42.24
8518,8517,319,13.89
8678,8677,319,16.27
4433,4432,319,61.96
9533,9632,319,7.93
6122,6121,319,37.52
4196,4097,319,1.3
4525,4524,320,60.83
4234,4233,320,93.02
7118,7117,320,54.77
6320,6319,320,85.93
3556,3555,320,57.37
4037,4036,320,77.04
3674,3673,320,236.86
6419,6418,320,42.2
3546,3545,320,32.77
7819,7718,320,24.51
3845,3844,320,15.26
7820,7719,320,21.71
3654,3553,320,22.02
6922,7021,320,21.27
3662,3561,320,15.94
3746,3745,320,9.92
3549,3449,320,17.15
3549,3448,320,26.08
7620,7719,320,7.79
8882,8881,320,12.92
4331,4330,320,113.88
6722,6721,320,109.66
5322,5321,320,36.01
5820,5819,320,88.28
4427,4426,321,74.97
6121,6120,321,68.26
3673,3672,321,260.17
6919,6918,321,56.51
7417,7416,321,39.31
6620,6619,321,36.09
5621,5620,321,37.66
5721,5720,321,57.02
6819,6818,321,59.28
4527,4426,321,24.35
7418,7317,321,26.66
7418,7517,321,26.66
5225,5124,321,20.04
4330,4329,321,109.33
9646,9746,321,3.89
9430,9530,321,3.96
9741,9841,321,3.83
5422,5421,321,46.69
8668,8768,321,4.13
8569,8669,321,3.33
9060,9160,321,4.02
5223,5222,321,28.26
4135,4134,321,96.57
3893,3792,321,7.44
8717,8716,321,13.36
5921,5920,321,43.72
4432,4431,321,84.19
8218,8217,321,16.13
5620,5619,322,215.62
3672,3671,322,260.17
4524,4523,322,67.19
6721,6720,322,93.86
6319,6318,322,66.89
4233,4232,322,99.33
7117,7116,322,57.28
4036,4035,322,89.82
6220,6219,322,42.19
7122,7121,322,21.49
3546,3445,322,25.97
3546,3645,322,25.97
3558,3457,322,20.4
8577,8576,322,15.43
7418,7518,322,15.9
6921,7020,322,20.87
5521,5520,322,40.64
8787,8786,322,12.8
4531,4430,322,19.09
8496,8595,322,6.67
3768,3667,322,13.86
8888,8887,322,20.09
8891,8990,322,15.54
5025,5024,322,19.61
6022,6021,322,20.89
5819,5818,322,63.28
4232,4231,323,100.31
3671,3670,323,228.81
8595,8594,323,129.34
4134,4133,323,96.57
6619,6618,323,58.55
5920,5919,323,92.06
4426,4425,323,75.38
6918,6917,323,55.15
6120,6119,323,94.92
5321,5320,323,48.95
6418,6417,323,33.79
3545,3544,323,37.1
5720,5719,323,50.45
5619,5618,323,260.16
8879,8878,323,17.79
8374,8373,323,19.86
6818,6817,323,54.04
4038,3937,323,20.53
7818,7817,323,15.77
4526,4425,323,22.62
4625,4724,323,22.23
8817,8816,323,14.15
3559,3458,323,16.61
9018,9017,323,14.06
4329,4328,323,99.61
9636,9735,323,7.92
9740,9839,323,7.97
3779,3678,323,8.04
3763,3663,323,4.82
8918,9017,323,10.97
5421,5420,323,56.22
5124,5123,323,77.76
5322,5221,323,26.55
9744,9843,323,7.9
6518,6517,323,27.15
3655,3554,323,20.56
5919,5918,324,102.11
3670,3669,324,120.22
4523,4522,324,75.79
7116,7115,324,60.64
3667,3666,324,96.38
6219,6218,324,93.56
7317,7316,324,38.43
7517,7516,324,49.26
7416,7415,324,36.57
7417,7316,324,26.77
7417,7516,324,26.77
8777,8776,324,16.77
7118,7017,324,23.84
7118,7217,324,23.84
3941,3940,324,16.49
6920,7019,324,22.53
4231,4230,324,101.42
8018,8017,324,16.03
6820,6719,324,21.34
8990,8989,324,87.92
9421,9420,324,13.13
3447,3346,324,26.57
9320,9319,324,12.9
3780,3679,324,8.05
5618,5617,324,223.66
8889,8988,324,16.87
8118,8117,324,17.27
8617,8616,324,13.15
4035,4034,324,83.53
3552,3551,324,17.86
3993,3894,324,1.59
3666,3665,325,100.26
4230,4229,325,100.98
4133,4132,325,85.21
4425,4424,325,73.95
3937,3936,325,72.37
6119,6118,325,96.8
6318,6317,325,45.87
6917,6916,325,50.84
7718,7717,325,24.03
4039,3938,325,24.86
7119,7018,325,25.38
9632,9631,325,17.83
4925,4924,325,17.01
6817,6816,325,50.75
4525,4424,325,21.75
7918,7917,325,14.32
4624,4623,325,15.01
3556,3455,325,22.96
3446,3345,325,23.79
5818,5817,325,35.49
3447,3347,325,16.2
7619,7618,325,7.02
7220,7120,325,6.38
4328,4327,325,92.13
7221,7120,325,7.89
5221,5220,325,52
5520,5519,325,49.84
6618,6617,325,50.56
9354,9455,325,2.36
8863,8963,325,2.11
4034,4033,326,68.26
5918,5917,326,51.26
7115,7114,326,59.58
6218,6217,326,57.82
7017,7016,326,57.66
6719,6718,326,58.24
3544,3543,326,43.14
6021,6020,326,30.22
3445,3444,326,26.26
3545,3444,326,26.67
3545,3644,326,26.67
3844,3843,326,17.27
8476,8475,326,15.89
8677,8676,326,15.43
4825,4824,326,13.42
9522,9521,326,13.22
6819,6718,326,22.3
3560,3459,326,14.65
8793,8893,326,8.03
3449,3349,326,18.71
3449,3348,326,24.29
5024,5023,326,25.07
9422,9521,326,7.89
3781,3680,326,7.88
9550,9649,326,8.04
3788,3687,326,7.55
3549,3450,326,12.77
3789,3688,326,7.62
5519,5518,326,146.34
8766,8866,326,3.97
5320,5319,326,40.76
9454,9554,326,2.46
9219,9218,326,12.2
5599,5700,326,1.06
5719,5718,326,49.88
5617,5616,326,55.36
5518,5517,327,152.12
4623,4622,327,52.05
5817,5816,327,60.71
4229,4228,327,99.38
3665,3664,327,63.45
7618,7617,327,56.22
4132,4131,327,76.48
6118,6117,327,64.5
3936,3935,327,59.01
4424,4423,327,75.67
7316,7315,327,37.92
3940,3939,327,45.4
7217,7216,327,45.32
6417,6416,327,27.15
7317,7216,327,26.75
7517,7616,327,25.45
7416,7315,327,26.62
7416,7515,327,26.62
3553,3452,327,22.21
7117,7216,327,22.99
8517,8516,327,13.1
3457,3456,327,23.5
6818,6717,327,24.07
8785,8784,327,11.77
8317,8316,327,12.83
8892,8991,327,9.02
4327,4326,327,96.34
3786,3685,327,8.03
9552,9651,327,7.98
3783,3682,327,7.09
5222,5121,327,26.75
8917,8916,327,11.3
3790,3689,327,7.6
9357,9456,327,8.01
5123,5122,327,25.67
4033,4032,328,53.63
6020,6019,328,85.21
7016,7015,328,52.03
3687,3686,328,89.31
6317,6316,328,33.35
5517,5516,328,108.73
4522,4521,328,28.84
6517,6516,328,24
6916,6915,328,44.15
3445,3344,328,23.64
3745,3744,328,13.25
5420,5419,328,21.77
9018,9117,328,11.24
3782,3681,328,7.55
3785,3684,328,7.33
8417,8416,328,12.3
7114,7113,328,51.84
5816,5815,328,108.23
5718,5717,328,64.14
6019,6018,329,109.1
4423,4422,329,81.47
4131,4130,329,77.09
7216,7215,329,50.47
6217,6216,329,36.86
5917,5916,329,33.43
3543,3542,329,38.18
4228,4227,329,94.98
8373,8372,329,17.59
3544,3443,329,26.57
3544,3643,329,26.57
8576,8575,329,16.01
7116,7215,329,21.82
5121,5120,329,59.16
6817,6716,329,25.05
3455,3454,329,30.29
8217,8216,329,14.04
6717,6716,329,50.24
4326,4325,329,99.56
3784,3683,329,6.57
9529,9628,329,6.1
3669,3668,329,21.77
5221,5120,329,24.7
5320,5219,329,26.75
8716,8715,329,13.75
3452,3451,329,54.78
5616,5615,329,37.42
6117,6116,330,34.7
7315,7314,330,33.8
6617,6616,330,22.95
6816,6815,330,22.45
4924,4923,330,23.11
8776,8775,330,18.7
3940,3839,330,26.26
8887,8886,330,13.9
5717,5716,330,50.65
9017,9016,330,14.4
3346,3246,330,19
3346,3245,330,23.73
3662,3562,330,5.45
3449,3350,330,15.21
9739,9838,330,7.95
8988,8987,330,18.95
7015,7014,330,51.39
8816,8815,330,14.9
8878,8877,330,16.23
5815,5814,330,75.89
3935,3934,330,41.33
3554,3453,330,20.56
5615,5614,331,51.94
6018,6017,331,67.45
4422,4421,331,89.17
4032,4031,331,49.43
4227,4226,331,83.11
5319,5318,331,22.48
4623,4722,331,24.68
4130,4129,331,80.18
7717,7716,331,17.27
7115,7214,331,22.19
7415,7414,331,16.63
8017,8016,331,15.88
7817,7816,331,13.75
3458,3357,331,17.95
3937,3836,331,17.79
4724,4723,331,13.53
5023,5022,331,23.45
9635,9734,331,7.89
4325,4324,331,83.7
8117,8116,331,15.46
6915,6914,331,41.75
8371,8471,331,1.51
9744,9844,331,3.99
9159,9259,331,3.9
3839,3838,332,58
3643,3642,332,36.71
4521,4520,332,30.29
6316,6315,332,28.21
7616,7615,332,20.36
6416,6415,332,24.46
4033,3932,332,24.2
3543,3442,332,26.74
3543,3642,332,26.74
8676,8675,332,17.59
8475,8474,332,17.72
4824,4823,332,19.99
9631,9630,332,16.11
3936,3835,332,22.39
8616,8615,332,13.1
4034,3933,332,19.15
3940,3840,332,13.02
3347,3247,332,15.72
3843,3842,332,16.79
3348,3247,332,26.47
5419,5418,332,28.07
9526,9625,332,7.31
8987,8986,332,57.16
5814,5813,332,54.69
7114,7013,332,24.74
7114,7213,332,24.74
7014,7013,332,51.93
5916,5915,332,49.94
9551,9650,332,7.98
5516,5515,332,27.77
9258,9358,332,3.79
5716,5715,332,58.37
3349,3248,332,26.72
4129,4128,333,69.54
6216,6215,333,30.37
7113,7112,333,21.23
6516,6515,333,21.82
4226,4225,333,61.74
5614,5613,333,84.04
3444,3343,333,22.09
7917,7916,333,14.04
3938,3837,333,18.81
5022,5021,333,59.86
9218,9217,333,15.05
3542,3541,333,28.52
9420,9419,333,12.23
8990,9089,333,13.63
6815,6814,333,45.79
7414,7413,333,52.9
9319,9318,333,12.09
3935,3834,333,26.72
5122,5021,333,25.18
3349,3249,333,15.6
3452,3351,333,23.83
7112,7111,334,100.47
5915,5914,334,53.17
7013,7012,334,65.04
3932,3931,334,65.77
4421,4420,334,39.43
4031,4030,334,49.36
6116,6115,334,27.29
6914,6913,334,45.62
4032,3931,334,25.4
7515,7514,334,15.14
9521,9520,334,12.74
4424,4323,334,16.78
3561,3460,334,10.54
5121,5020,334,22.34
3457,3356,334,12.13
9524,9623,334,7.88
9634,9733,334,7.91
9748,9847,334,7.92
6716,6715,334,21.97
9421,9520,334,7.89
8916,8915,334,16.32
5715,5714,334,76.21
7012,7011,335,113.14
4128,4127,335,52.69
3834,3833,335,89.49
5813,5812,335,47.3
7615,7614,335,41.72
5318,5317,335,29.19
6017,6016,335,29.89
8775,8774,335,20.09
6616,6615,335,20.7
4923,4922,335,21.82
3643,3742,335,26.63
8575,8574,335,18.59
5219,5218,335,19.8
3744,3743,335,16.03
8516,8515,335,13.9
8784,8783,335,12.79
8316,8315,335,12.83
9089,9088,335,92.21
3642,3641,335,43.8
5418,5417,335,35.07
3542,3441,335,24.62
3542,3641,335,24.62
9523,9622,335,7.89
9747,9846,335,7.86
4225,4224,335,51.52
7897,7797,335,4.11
3791,3690,335,7.6
7413,7412,335,59.79
4096,3996,335,2.13
3833,3832,336,128.61
7514,7513,336,56.22
5714,5713,336,66.64
4323,4322,336,67.81
3931,3930,336,89.99
5613,5612,336,43.18
3541,3540,336,34.17
4520,4519,336,32.28
8877,8876,336,17.3
8715,8714,336,15.84
8416,8415,336,13.08
9016,9015,336,16.68
3459,3358,336,14.31
6913,6912,336,53.51
9017,9116,336,11.34
9522,9621,336,7.89
9628,9627,336,14.38
9553,9652,336,7.95
6815,6714,336,26.19
9737,9836,336,7.93
9552,9652,336,3.8
9738,9837,336,7.93
3669,3568,336,12.17
3454,3353,336,20.62
7314,7313,336,17.48
9357,9457,336,3.71
6315,6314,336,25.01
6814,6813,336,41.16
5515,5514,336,32.02
9842,9941,336,7.92
7011,7010,337,93.23
4030,4029,337,46.19
7111,7110,337,40.53
4420,4419,337,42.44
7213,7212,337,21.24
8675,8674,337,20.66
4823,4822,337,21.67
3836,3736,337,17.03
3836,3735,337,26.17
4722,4721,337,19.4
3839,3738,337,22.75
5120,5119,337,12.58
3687,3586,337,13.32
9088,9087,337,83.55
5914,5913,337,44.49
8216,8215,337,13.23
4224,4223,337,68.36
8793,8794,337,4.29
8987,9086,337,23.03
3942,3841,337,5.3
6415,6414,337,23.4
8815,8814,337,15.95
6215,6214,337,27
3568,3567,337,111.67
9061,9161,337,4.07
3452,3352,337,10.08
3832,3831,338,79.38
3567,3566,338,103.36
7313,7312,338,68.67
4322,4321,338,76.12
5812,5811,338,46.7
6615,6614,338,42.77
3742,3741,338,41.26
3441,3440,338,46.29
4127,4126,338,33.48
3840,3739,338,24.93
3838,3737,338,24.46
8474,8473,338,19.36
7615,7714,338,26.7
7816,7815,338,14.32
3641,3640,338,38.09
4622,4621,338,9.22
4226,4125,338,21.43
6912,6911,338,90.5
5022,4921,338,22.09
3642,3741,338,26.5
3455,3354,338,11.62
8767,8867,338,4.03
6515,6514,338,21.53
3356,3355,338,25.06
5417,5416,338,36.46
5999,6100,338,1.97
6115,6114,338,30.51
5514,5513,338,95.78
3831,3830,339,109.79
4321,4320,339,106.74
7212,7211,339,70.12
7110,7109,339,72.08
5713,5712,339,41.04
3930,3929,339,48.17
3586,3585,339,99.48
4128,4027,339,24.49
8615,8614,339,16.05
7716,7715,339,13.89
4129,4028,339,18.71
4029,4028,339,53.91
8116,8115,339,13.07
8991,9090,339,11.86
3540,3539,339,47.48
7616,7715,339,12.15
8016,8015,339,13.75
6911,6910,339,123.41
9630,9629,339,14.62
3670,3569,339,8.87
9746,9845,339,7.92
9625,9624,339,15.43
4223,4222,339,53.74
4225,4124,339,24.83
9086,9085,339,53.25
3249,3148,339,26.3
6814,6713,339,26.73
6714,6713,339,45.08
5699,5800,339,1.06
3835,3734,339,23.28
6016,6015,339,27.66
3349,3250,339,11.02
9841,9940,339,7.91
4500,4400,339,2.58
4124,4123,340,103.67
3830,3829,340,115
3566,3565,340,74.79
5811,5810,340,50.31
7010,7009,340,34.13
5612,5611,340,30.85
5218,5217,340,22.9
8574,8573,340,20.21
7111,7210,340,26.76
9733,9732,340,16.77
3929,3928,340,150.06
8886,8885,340,11.11
3440,3439,340,63.1
7513,7512,340,33.11
8595,8694,340,8.09
6913,6812,340,24.24
7413,7512,340,22.12
5317,5316,340,23.71
5913,5912,340,42.34
5513,5512,340,62.21
7109,7108,341,71.48
4027,4026,341,84.55
3734,3733,341,53.29
6114,6113,341,33.44
3585,3584,341,97.32
7312,7311,341,41.92
3539,3538,341,65.49
3741,3740,341,49.87
4419,4418,341,29.02
6214,6213,341,28.45
4519,4518,341,23.46
6314,6313,341,24.84
7614,7613,341,17.26
8774,8773,341,17.59
3441,3340,341,26.1
4127,4026,341,26.13
7514,7613,341,23.36
5020,5019,341,15.58
3840,3740,341,11.13
7916,7915,341,13.31
3641,3740,341,26.73
6713,6712,341,51.28
3665,3564,341,8.89
9527,9626,341,6.56
3792,3691,341,7.37
3249,3149,341,13.1
6614,6613,341,49.55
9843,9942,341,7.92
4026,4025,342,126.72
7009,7008,342,94.38
4123,4122,342,68.06
3829,3828,342,94.26
7210,7209,342,63.94
4320,4319,342,45.92
5712,5711,342,37.17
3928,3927,342,57.55
6812,6811,342,80.83
4721,4720,342,23.4
8674,8673,342,20.07
6414,6413,342,22.55
8876,8875,342,19
8515,8514,342,15.39
9015,9014,342,17.52
3640,3639,342,25.6
3439,3438,342,96.63
3540,3639,342,25.86
6910,6909,342,46.24
3664,3563,342,10.09
9016,9115,342,11.83
7513,7612,342,26.05
4222,4221,342,43.99
9748,9848,342,3.95
8793,8894,342,4.97
3245,3244,342,8.98
8961,9062,342,2.78
9419,9418,342,11.65
6015,6014,342,38.34
4025,4024,343,153.01
3538,3537,343,86.52
3340,3339,343,81.14
3733,3732,343,64.53
5912,5911,343,41.97
5611,5610,343,33.9
6811,6810,343,105.43
3584,3583,343,96.07
4621,4620,343,21.21
3927,3926,343,169.58
3736,3635,343,25.35
3738,3638,343,18.98
3738,3637,343,23.77
8415,8414,343,14.77
6712,6711,343,72.54
8315,8314,343,13.96
3441,3341,343,12.72
5810,5809,343,45.29
3343,3342,343,10.23
3438,3437,343,153.59
3894,3793,343,7.8
3679,3578,343,7.52
6613,6612,343,54.78
9318,9317,343,10.53
9087,9186,343,26.69
9420,9519,343,7.8
5512,5511,343,34.92
8915,8914,343,11.94
8986,8985,343,9.28
3357,3256,343,12.11
9086,8985,343,24.32
9086,9185,343,24.32
9520,9519,343,11.37
8815,8914,343,11.7
5416,5415,343,22.97
6514,6513,343,23.21
3893,3793,343,2.42
5999,6000,343,1.71
3339,3338,344,140.07
3926,3925,344,205.67
3828,3827,344,74.54
6711,6710,344,101.02
7008,7007,344,56.85
8473,8472,344,18.16
7312,7411,344,26.68
3737,3636,344,26.37
4822,4821,344,16.14
8814,8813,344,14.53
3437,3436,344,151.49
8714,8713,344,13.76
7412,7411,344,12.49
3562,3461,344,10.63
4122,4121,344,50.08
9554,9653,344,7.97
8866,8965,344,7.93
4221,4220,344,71.63
3680,3579,344,8.05
6909,6908,344,71.16
9836,9835,344,14.18
9553,9653,344,3.89
7098,7198,344,2.29
3537,3536,345,97.15
3578,3577,345,80.2
3732,3731,345,80.53
6014,6013,345,38.45
5711,5710,345,34.87
7209,7208,345,37.53
7108,7107,345,31.26
6810,6809,345,56.19
4418,4417,345,29.73
6213,6212,345,32.03
6113,6112,345,32.82
3436,3435,345,130.98
6313,6312,345,27.43
5316,5315,345,22.36
5119,5118,345,12.7
3827,3826,345,235.4
3355,3254,345,20.56
4921,4920,345,15.21
6910,6809,345,26.11
4024,4023,345,97.51
9521,9620,345,7.85
9089,9188,345,12.73
9088,9187,345,14.64
3678,3577,345,6.66
9621,9620,345,12.19
9087,9187,345,14.25
8215,8214,345,12.83
9456,9555,345,8
3256,3255,345,54.46
9651,9750,345,8.05
3577,3576,346,178.62
6908,6907,346,77.01
6710,6709,346,59.89
5911,5910,346,42.09
4720,4719,346,29.38
4319,4318,346,28.14
8573,8572,346,17.9
3583,3582,346,39.18
8614,8613,346,15.73
7714,7713,346,13.23
3925,3924,346,59.41
3689,3588,346,7.53
8669,8769,346,4.15
3681,3580,346,8.03
3682,3581,346,7.75
3358,3257,346,15.62
8768,8868,346,4.14
5217,5216,346,18.73
3635,3634,346,42.77
3576,3575,347,152.95
3536,3535,347,87.3
3731,3730,347,77.85
3338,3337,347,49.14
6809,6808,347,56.1
6413,6412,347,24.24
5809,5808,347,29.84
7108,7207,347,25.57
7311,7310,347,19.69
4620,4619,347,27.43
7210,7309,347,20.65
7815,7814,347,12.44
9732,9731,347,15.65
5610,5609,347,33.09
8015,8014,347,13.36
3688,3587,347,7.07
4220,4219,347,40.63
9160,9260,347,4
3344,3243,347,7.6
5511,5510,347,31.77
6613,6512,347,23.83
4121,4120,347,46.73
8892,8992,347,2.8
5415,5414,347,32.11
3337,3336,348,156.44
3634,3633,348,56.57
5910,5909,348,73.43
4417,4416,348,47.57
5710,5709,348,49.23
8713,8712,348,32.66
3575,3574,348,172.96
6612,6611,348,20.74
8673,8672,348,16.72
8875,8874,348,18.47
7209,7308,348,26.7
4518,4517,348,15.97
5019,5018,348,14.78
8773,8772,348,15.36
3826,3825,348,49.09
4123,4022,348,19.21
9014,9013,348,16.79
3460,3359,348,10.6
6112,6111,348,34.34
9015,9114,348,11.95
4122,4021,348,25.24
3459,3359,348,4.76
9090,9189,348,16.8
7512,7511,348,12.99
9840,9939,348,4.65
8115,8114,348,11.51
4198,4098,348,1.98
3574,3573,349,207.34
5808,5807,349,61.92
6709,6708,349,35.4
6907,6906,349,41.84
6212,6211,349,32.81
3435,3434,349,31.27
5315,5314,349,29.84
6312,6311,349,28.89
5709,5708,349,101.05
8514,8513,349,14.73
3336,3335,349,123.39
7915,7914,349,13.54
9217,9216,349,6.37
6013,6012,349,33.08
6611,6610,349,109.09
6808,6807,349,76.67
8914,8913,349,17.33
3256,3155,349,23.93
5414,5413,349,61.89
3351,3251,349,6.33
9843,9943,349,3.94
9844,9943,349,7.91
3573,3572,350,250.85
3535,3534,350,35.31
3924,3923,350,31.1
4719,4718,350,31.71
3254,3253,350,24.02
3335,3334,350,104.3
4318,4317,350,26.83
4920,4919,350,24.07
8713,8612,350,25.94
8713,8812,350,25.94
5609,5608,350,48.28
8314,8313,350,15.44
8414,8413,350,15.4
8885,8884,350,10.93
5909,5908,350,54.94
9650,9749,350,8.05
5510,5509,350,35.76
4121,4020,350,26.02
9085,9084,350,9.18
3245,3144,350,7.17
3246,3145,350,7.18
8496,8596,350,2.02
7597,7697,350,2.02
3249,3150,350,8.73
6111,6110,350,74.97
6499,6599,350,2.04
8965,8964,350,16.99
3572,3571,351,169.98
6311,6310,351,67.96
6708,6707,351,64.25
4416,4415,351,49.43
4619,4618,351,30.05
3730,3729,351,32.74
5118,5117,351,19.26
4517,4516,351,33.93
9187,9286,351,24.71
6710,6609,351,22.08
4821,4820,351,15.68
4120,4119,351,30.02
7411,7410,351,14.72
3340,3239,351,15.25
7612,7611,351,12.3
7714,7813,351,10.97
6610,6609,351,94.3
6512,6511,351,25.77
4219,4218,351,25.7
6412,6411,351,26.29
9628,9727,351,6.6
6211,6210,351,73.27
7897,7898,351,2.46
3246,3146,351,4.82
5413,5412,351,94.36
6110,6109,352,59.39
5708,5707,352,35.25
3633,3632,352,29.72
8712,8711,352,32.02
3239,3238,352,169.55
6709,6608,352,26.47
5216,5215,352,19.43
6907,6806,352,26.69
6907,7006,352,26.69
3255,3154,352,21.36
7107,7106,352,15.57
5314,5313,352,48.8
3825,3824,352,28.37
9847,9946,352,7.89
9835,9834,352,13.85
3343,3242,352,7.49
3247,3147,352,5.08
8866,8966,352,3.92
9623,9722,352,7.92
6807,6806,352,46.18
9318,9417,352,7.55
4299,4199,352,2.48
8569,8570,352,1.89
9419,9518,352,7.73
5799,5900,352,1.07
6012,6011,352,34.98
3571,3570,353,62.19
8612,8611,353,34.93
5608,5607,353,43.27
3434,3433,353,31.28
6906,6905,353,25.57
7207,7206,353,17.38
8572,8571,353,16.23
6707,6706,353,63.85
4317,4316,353,40.73
9317,9316,353,10.51
5018,5017,353,20.63
6411,6410,353,70.35
9554,9654,353,3.82
9846,9945,353,7.91
9622,9721,353,7.88
8214,8213,353,13.9
5512,5411,353,11.16
3256,3156,353,10.17
9520,9619,353,7.69
3729,3728,354,40.29
3534,3533,354,28.71
8884,8883,354,25.38
5807,5806,354,21.97
4516,4515,354,43.89
4021,3920,354,26.17
8712,8811,354,25.78
7308,7307,354,16.85
9731,9730,354,14.98
5808,5907,354,21.36
9286,9285,354,37.3
8985,8984,354,9.87
7713,7712,354,13.96
7613,7712,354,11.48
9114,9113,354,16.91
4718,4717,354,30.88
5909,6008,354,23.78
9014,9113,354,11.85
9652,9751,354,8.03
5313,5312,354,74.55
3690,3589,354,7.46
8014,8013,354,14.64
8991,9091,354,3.81
5509,5508,354,33
9839,9938,354,4.61
9456,9556,354,3.73
9457,9556,354,8
8878,8977,354,4.68
3533,3532,355,104.5
3433,3432,355,89.74
6011,6010,355,35.56
4415,4414,355,32.79
6310,6309,355,29.18
4919,4918,355,24.6
4020,4019,355,23.54
3923,3922,355,22.14
8913,8912,355,17.15
6511,6510,355,26.14
3238,3237,355,43.17
8672,8671,355,15.05
6608,6607,355,36.91
8772,8771,355,14.38
3588,3487,355,16.92
5910,6009,355,17.46
9187,9287,355,10.91
8874,8873,355,15.68
3566,3465,355,8.33
6410,6409,355,83.28
6706,6705,355,50.39
9013,9012,355,16.34
9630,9729,355,6.33
9621,9720,355,7.8
6210,6209,355,28.38
3358,3258,355,5.31
9627,9726,355,7.62
8882,8981,355,3.34
3253,3252,355,23.38
6510,6509,356,110.56
8611,8610,356,33.42
5607,5606,356,35.25
5411,5410,356,34.71
5215,5214,356,25.48
7006,7005,356,26.9
5707,5706,356,26.69
4820,4819,356,24.73
4618,4617,356,24.37
8612,8511,356,26.4
6906,6805,356,23.3
6906,7005,356,23.3
3334,3333,356,18.08
4021,3921,356,12.83
4119,4118,356,24.53
4316,4315,356,42.15
9185,9184,356,7.88
7612,7711,356,10.62
3565,3464,356,9.11
6409,6408,356,101.96
7914,7913,356,15.55
3145,3045,356,17.15
3145,3044,356,26.08
5312,5311,356,78.52
5511,5410,356,11.48
4218,4217,356,21.66
9084,9083,356,18.76
3569,3468,356,8.42
8114,8113,356,13.42
3568,3467,356,7.12
5117,5116,356,20.38
6509,6508,357,101.76
6209,6208,357,60.17
3432,3431,357,68.65
6607,6606,357,70.85
3487,3486,357,53.63
4717,4716,357,34.25
6109,6108,357,22.86
3154,3153,357,24.07
3632,3631,357,22.23
8612,8512,357,16.61
3144,3143,357,15.8
8313,8312,357,15.4
7511,7510,357,12.42
8513,8512,357,14.15
6408,6407,357,123.27
9286,9385,357,26.68
7411,7510,357,11.42
3563,3462,357,10.01
3237,3236,357,86.52
3564,3463,357,9.36
6609,6508,357,25.98
6309,6308,357,76.4
3567,3466,357,7.34
9259,9359,357,3.87
3562,3462,357,3.83
9090,9190,357,5.84
9845,9944,357,7.91
5508,5507,357,47.59
9836,9935,357,6.82
9624,9723,357,7.91
9844,9944,357,3.96
3728,3727,358,26.49
4515,4514,358,30.7
7006,7105,358,23.93
7410,7409,358,15.34
7813,7812,358,15.77
3571,3470,358,21.27
3824,3823,358,19.44
8413,8412,358,13.89
9216,9215,358,11.45
9189,9288,358,14.63
6608,6507,358,26.65
9286,9386,358,15.82
3461,3360,358,10.5
3996,3895,358,6.36
9625,9724,358,5.46
8879,8978,358,3.54
5017,5016,358,20.47
3431,3430,359,55.95
3486,3485,359,93.84
6606,6605,359,76.15
5214,5213,359,34.76
3532,3531,359,25.26
4918,4917,359,25.12
4414,4413,359,26.16
3920,3919,359,22.55
6008,6007,359,23.14
8511,8510,359,36.08
5806,5805,359,23.88
8611,8510,359,26.12
8611,8710,359,26.12
7206,7205,359,17.25
8711,8710,359,15.58
7611,7610,359,14.11
5907,5906,359,23.1
8984,8983,359,21.33
7207,7306,359,11.93
6407,6406,359,79.07
3586,3485,359,6.45
6706,6605,359,25.15
9847,9947,359,4.01
9358,9458,359,3.79
3242,3241,359,16.19
6705,6704,359,33.31
5311,5310,359,48.66
3148,3048,359,5.13
4217,4216,359,36.31
3823,3822,360,58.63
5606,5605,360,28.29
4617,4616,360,28.71
6805,6804,360,28.72
4819,4818,360,25.93
7005,7004,360,29.35
5410,5409,360,31.13
4315,4314,360,28.87
4019,4018,360,20.43
3156,3055,360,22.59
6905,6904,360,16.11
3333,3332,360,25.89
8981,8980,360,23.47
7308,7407,360,11.85
7309,7408,360,11.78
9834,9833,360,13.16
9114,9213,360,11.86
8977,8976,360,17.62
9115,9214,360,7.88
5507,5506,360,45.87
6308,6307,360,35.87
8213,8212,360,16.03
9837,9936,360,6.1
5510,5409,360,11.07
3470,3469,360,98.4
6007,6006,361,36.57
4716,4715,361,15.25
5706,5705,361,18.37
8912,8911,361,15.84
9012,9011,361,17.03
8811,8810,361,15.69
3485,3484,361,17.03
8013,8012,361,16.6
9285,9284,361,10.56
6605,6604,361,35.72
9113,9112,361,15.96
3335,3234,361,41.56
3731,3630,361,29.79
3578,3477,361,27.02
3340,3240,361,10.16
3691,3590,361,26.57
3583,3482,361,20.17
3584,3483,361,26.95
3585,3484,361,26.97
9518,9517,361,11.45
3145,3046,361,14.76
9013,9112,361,8.06
6705,6604,361,36.92
3894,3794,361,4.65
3148,3047,361,10.44
7897,7798,361,3.02
7897,7998,361,2.2
3793,3692,361,26.69
3531,3530,362,37.81
3430,3429,362,37.7
6208,6207,362,14.43
3431,3330,362,44.56
3921,3820,362,39.87
6507,6506,362,33.31
3432,3331,362,46.21
6607,6506,362,45.69
9938,9937,362,8.77
8511,8411,362,21.07
8511,8410,362,35.04
3729,3628,362,24.3
3576,3475,362,28.39
5216,5115,362,14.93
3588,3488,362,9.35
3579,3478,362,26.7
3237,3136,362,45.49
3336,3235,362,37.27
3826,3725,362,22.46
3582,3481,362,16.57
6406,6405,362,35.1
3045,2945,362,21.58
3045,2944,362,32.92
3581,3480,362,15.85
8669,8670,362,2.16
9838,9937,362,3.31
3580,3479,362,23.06
3258,3157,362,44
3822,3821,363,37.65
8510,8509,363,31.5
3430,3329,363,43.43
3823,3722,363,43.22
6606,6505,363,44.9
3921,3821,363,19
8610,8609,363,15.96
7005,7104,363,20.48
3156,3056,363,14.6
3571,3471,363,11.33
4098,3997,363,24.51
3730,3629,363,18.19
7711,7710,363,15.62
6605,6504,363,46.18
3577,3476,363,25.38
6407,6306,363,45.64
9653,9752,363,4.84
9726,9725,363,12.05
3575,3474,363,25.73
9317,9416,363,5.31
9729,9728,363,8.7
3825,3724,363,16.78
3241,3140,363,44.3
9161,9261,363,2.65
6704,6703,363,31.85
5508,5407,363,27.71
4097,3997,363,3.88
8113,8112,363,16.69
3251,3151,363,10.85
9519,9618,363,5.14
3822,3721,364,43.22
6804,6803,364,28.34
8510,8409,364,33.05
7510,7509,364,15.24
6108,6107,364,13.02
9184,9183,364,7.23
8771,8770,364,8.92
3463,3362,364,28.38
8873,8872,364,8.35
3332,3231,364,45.29
3048,2948,364,21.9
8312,8311,364,16.06
5310,5309,364,19.69
8013,7912,364,18.22
3727,3726,364,13.64
3238,3137,364,21.57
3574,3473,364,21.99
3239,3138,364,28.73
9286,9387,364,12.37
4118,4117,364,5.13
3464,3363,364,28.65
3465,3364,364,27.86
3044,3043,364,9.31
6406,6305,364,38.02
3466,3365,364,28.74
3827,3726,364,20.69
3467,3366,364,30.09
5311,5210,364,28.04
5312,5211,364,30.13
6704,6603,364,33.5
8595,8695,364,1.77
9083,9082,364,6.87
6604,6603,364,37.44
9457,9557,364,2.6
7004,7003,364,28.61
3530,3529,365,36.66
3429,3428,365,37.32
8911,8910,365,32.95
3630,3529,365,37.71
3823,3723,365,16.59
3462,3361,365,26.34
3486,3385,365,26.92
3360,3259,365,27.74
5606,5505,365,22.76
3487,3386,365,23.37
3048,2947,365,28.12
6006,5905,365,40.53
6006,6005,365,26.77
3333,3232,365,18.84
9386,9486,365,13.77
9386,9485,365,20.17
5506,5505,365,20.38
7812,7811,365,15.23
8867,8967,365,2.61
3240,3139,365,41.23
5507,5406,365,27.39
3136,3135,365,35.63
3469,3368,365,29.92
6604,6503,365,42.52
4216,4215,365,16.27
3470,3369,365,30.23
7004,6903,365,29.53
9720,9719,365,10.75
9750,9849,365,4.64
6405,6404,365,37.64
9061,9162,365,2.11
3329,3328,366,36.55
3429,3328,366,45.82
3330,3229,366,44.7
6207,6106,366,35.89
8410,8309,366,36.5
5409,5308,366,24.43
5409,5408,366,19.92
5605,5604,366,18.91
7205,7204,366,14.82
5805,5804,366,13.87
3331,3230,366,43.4
7306,7305,366,14.88
8710,8709,366,16.55
7610,7609,366,15.62
4716,4615,366,19.73
3143,3142,366,9.37
2945,2844,366,37.17
4315,4214,366,21.33
3728,3627,366,15.84
9935,9934,366,11.92
5310,5209,366,23.83
3485,3384,366,26.97
9385,9384,366,10.61
3334,3233,366,12.02
5506,5405,366,25.95
3235,3134,366,46.16
3241,3141,366,15.5
3136,3035,366,38.88
4216,4115,366,22.28
3243,3142,366,11.68
6405,6304,366,43.2
3721,3720,367,37.63
6603,6602,367,35.35
3629,3528,367,40.61
3329,3228,367,46.17
3722,3621,367,43.22
3821,3720,367,42.07
6207,6206,367,22.39
8410,8310,367,20.58
5705,5704,367,18.85
9011,9010,367,17.1
3151,3050,367,46.19
3692,3591,367,26.99
8810,8809,367,16.71
9213,9212,367,15.97
5605,5504,367,22.1
3477,3376,367,26.14
7407,7406,367,14.9
4314,4313,367,14.71
2945,2845,367,20.32
6307,6206,367,22.06
3140,3039,367,36.97
3048,3049,367,13.84
8312,8211,367,17.45
9112,9111,367,17.47
3484,3383,367,26.13
6703,6702,367,32.44
3045,2946,367,14.2
8212,8211,367,16.45
7004,7103,367,20.73
8112,8111,367,32.96
6504,6403,367,45.54
3153,3152,367,4.39
3794,3693,367,24.55
3721,3620,368,43.14
8409,8408,368,32.29
3137,3036,368,45.45
6603,6502,368,38.42
7912,7911,368,28.65
6305,6204,368,41
3480,3379,368,26.6
3475,3374,368,24.62
3479,3378,368,26.71
3590,3489,368,22.6
4314,4213,368,18.54
3231,3130,368,43.36
8012,8011,368,16.44
3478,3377,368,26.46
3048,2949,368,16.43
3727,3626,368,16.43
3573,3472,368,15.24
6803,6802,368,29.04
6503,6502,368,37.62
3234,3133,368,23.07
3136,3036,368,19.54
8112,8011,368,34.95
6304,6303,369,37.71
6404,6303,369,42.68
8409,8308,369,34.06
7003,7002,369,23.53
3364,3263,369,29.42
2948,2848,369,21.09
2948,2847,369,34.95
3138,3037,369,28.64
3476,3375,369,25.23
3474,3373,369,26.18
3481,3380,369,22.98
3488,3387,369,22.46
9485,9484,369,28.35
3919,3918,369,9.33
3232,3131,369,44.24
3723,3622,369,41.91
3473,3372,369,29.74
6503,6402,369,43.11
5211,5110,369,30.15
3363,3262,369,29.4
3997,3896,369,25.67
3483,3382,369,17.94
3135,3034,369,44.75
7798,7698,369,13.52
3471,3370,369,25
5407,5306,369,26.98
6903,6902,369,25.6
6304,6203,370,45.22
3141,3040,370,45.58
3368,3267,370,30.18
3366,3265,370,27.89
6305,6205,370,18.3
8609,8608,370,16.57
7710,7709,370,15.61
8509,8508,370,16.26
9517,9516,370,11.69
5016,5015,370,6.04
3229,3128,370,45.96
3230,3129,370,45.52
3362,3261,370,27.12
5210,5109,370,27.96
3365,3264,370,27.87
3259,3158,370,28.59
3134,3033,370,45.6
3228,3227,370,36.92
6602,6601,370,35.01
3258,3158,370,7.92
6898,6899,370,1.45
6502,6501,371,35.57
7103,7102,371,25.4
5308,5307,371,20.59
3386,3285,371,26.91
3385,3284,371,26.62
3368,3367,371,19.69
8910,8909,371,17.03
7003,7102,371,20.75
5309,5208,371,21.94
7509,7508,371,15.63
5115,5114,371,12.45
6403,6302,371,45.87
8310,8209,371,37.08
3621,3520,371,42.6
3723,3623,371,17.66
3361,3260,371,27.7
9216,9315,371,5.22
9386,9487,371,11.37
5505,5404,371,23.96
4400,4300,371,4.39
3044,2943,371,11.44
5405,5404,371,20.16
5406,5305,371,26.34
9316,9315,371,5.18
6702,6701,371,31.86
3139,3038,371,26.6
3482,3381,371,15.67
3228,3127,371,41.27
6602,6501,371,37.9
9848,9948,371,2.69
6502,6401,372,38.79
7911,7910,372,28.72
3374,3273,372,41.88
3130,3029,372,42.73
5308,5207,372,27.01
9484,9483,372,37.39
5604,5503,372,24.02
5604,5603,372,19.77
8709,8708,372,16.86
2845,2745,372,21.64
2845,2744,372,32.55
4215,4114,372,20.23
9618,9617,372,11.35
5115,5014,372,14.37
8310,8210,372,20.36
9485,9585,372,15.31
9485,9584,372,20.77
6005,5904,372,23.11
6005,6004,372,16.55
3232,3132,372,15.56
3143,3042,372,11.47
5905,5904,372,15.51
6402,6401,372,36.02
7711,7810,372,8.28
5405,5304,372,25.16
7811,7810,372,15.6
6802,6801,372,27.4
6203,6202,373,33.86
7002,7001,373,25.92
2847,2846,373,27.98
3037,2936,373,45.92
3034,2933,373,41.41
2848,2747,373,39.72
6303,6202,373,41.87
6204,6104,373,21.58
6204,6103,373,32.9
3376,3275,373,26.94
3039,2938,373,25.37
5504,5403,373,24.06
8809,8808,373,17.27
7103,7203,373,16.93
3693,3592,373,26.97
9212,9211,373,17.39
7305,7304,373,14.88
9484,9383,373,42.4
7609,7608,373,15.6
6106,6105,373,16.33
9010,9009,373,16.8
5804,5803,373,15.28
3151,3051,373,11.08
3621,3521,373,17.12
3919,3818,373,11.45
3622,3521,373,39.05
3591,3490,373,24.47
6402,6301,373,39.55
9190,9289,373,7.55
9833,9832,373,8.33
9111,9110,373,17.44
5209,5108,373,23.29
6203,6102,374,45.64
6902,6901,374,24.72
2847,2746,374,28.78
3370,3269,374,30.23
3130,3030,374,17.01
3377,3276,374,26.7
7406,7405,374,15.04
7103,7202,374,20.92
4115,4014,374,19.95
8309,8208,374,18.53
3141,3041,374,13.71
9486,9586,374,12.44
5704,5703,374,14.3
3489,3388,374,27.04
5804,5703,374,19.79
3628,3527,374,12.12
3129,3028,374,44.26
3262,3161,374,28.83
3263,3162,374,29.9
3378,3277,374,26.87
4514,4513,374,3.92
5110,5009,374,30.23
3379,3278,374,27.04
3127,3126,374,35.53
8983,8982,374,6.74
3384,3283,374,18.83
8111,8110,374,16.56
3040,2939,374,37.67
3725,3624,374,11.82
4214,4113,374,18.16
9083,8982,374,9.68
3128,3027,374,39.22
5017,4916,374,9.1
3267,3266,375,20.66
3380,3279,375,27.04
3375,3274,375,26.02
3373,3272,375,23.78
3034,2934,375,18.03
3372,3371,375,19.51
2848,2748,375,19.09
7911,8010,375,20.72
8408,8407,375,16.32
3261,3160,375,29.36
5306,5205,375,25.12
8011,8010,375,16.05
4213,4212,375,14.35
2948,2849,375,13.21
6302,6201,375,45.33
3820,3819,375,7.71
5213,5212,375,2.38
3622,3522,375,19.45
3264,3163,375,29.57
9215,9314,375,7.98
4313,4312,375,14.05
5109,5008,375,28.55
3156,3057,375,7.24
3127,3026,375,38.71
8769,8869,375,2.75
9653,9753,375,2.7
9727,9826,375,4.96
2744,2743,375,33.78
9732,9831,375,2.55
3896,3795,375,26.97
8111,8010,375,18.16
3472,3371,375,22.38
6898,6999,375,1.42
9009,9008,376,33.63
2745,2644,376,36.56
3038,2937,376,28.39
7102,7101,376,22.54
8608,8607,376,16.98
3267,3166,376,28.1
7002,7101,376,20.93
8308,8307,376,16.12
3387,3286,376,20.3
3372,3271,376,23.4
3042,2941,376,35.57
8408,8307,376,17.82
3133,3032,376,18.32
4213,4112,376,17.81
3382,3281,376,21.18
3820,3719,376,10.39
3260,3159,376,28.86
8976,8975,376,6.33
5016,4915,376,8.9
8872,8871,376,8.63
9722,9821,376,4.93
9284,9283,376,7.15
2944,2843,376,10.57
3029,2928,376,42.98
3383,3282,376,17.2
2744,2643,376,36.08
7910,7909,376,29.95
3228,3327,376,16.11
9009,8908,377,35.88
6202,6101,377,44.76
3051,2950,377,46.2
2747,2646,377,40.02
2745,2645,377,20.56
5503,5502,377,20.31
3381,3280,377,26.29
7709,7708,377,15.23
8508,8507,377,16.63
5603,5602,377,20.54
3042,2942,377,20.91
8909,8908,377,17.08
5305,5204,377,24.06
5207,5106,377,28.66
5207,5206,377,20.62
3043,2942,377,10.95
7408,7507,377,8.4
7407,7506,377,8.5
5307,5206,377,27.69
5304,5303,377,20.23
3155,3054,377,7.36
4118,4017,377,7.93
9834,9933,377,4.89
3285,3184,377,26.42
7910,7809,377,31.13
5208,5107,377,26.69
5404,5303,377,25.06
8868,8968,377,2.66
8966,9065,377,4.73
6798,6799,377,1.26
6102,6001,378,45.01
3028,2927,378,41.78
6103,6003,378,21.03
6103,6002,378,35.16
8708,8707,378,17.16
5503,5402,378,25.66
7102,7201,378,20.58
8308,8207,378,17.53
3626,3625,378,10.63
9213,9312,378,8.17
9214,9313,378,8.12
5304,5203,378,25.39
9619,9718,378,5.22
3030,2929,378,37.42
3029,2929,378,16.8
8980,8979,378,5.77
4114,4013,378,25.65
4098,3998,378,4.2
5403,5402,378,20.12
2743,2742,378,37.8
3041,2940,378,45.23
3027,2926,378,37.9
3592,3491,379,25.86
2938,2837,379,23.84
2747,2647,379,18.92
8808,8807,379,16.99
9110,9109,379,16.95
3490,3389,379,27.02
8209,8108,379,18.55
3033,2932,379,17.48
9484,9583,379,15.27
8010,8009,379,30.49
6004,5903,379,23.17
5009,4908,379,30.06
5904,5903,379,16.42
9211,9210,379,17.31
2936,2935,379,17.86
4018,3917,379,7.86
4413,4412,379,4.21
4918,4817,379,7.4
9721,9820,379,4.55
3127,3226,379,17.69
3154,3053,379,7.05
5108,5007,379,28.19
3030,2930,379,20.22
5403,5302,379,25.01
9260,9360,379,2.63
3162,3061,379,29.33
3161,3060,379,29.99
2743,2642,379,44.86
7910,8009,379,20.47
2643,2642,379,33.52
6598,6699,379,1.1
2937,2836,380,41.72
5212,5111,380,30.06
3163,3062,380,29.5
3371,3270,380,30
3278,3177,380,27.03
3276,3175,380,26.93
4113,4012,380,25.99
2939,2838,380,26.9
3277,3176,380,27.02
7608,7607,380,14.87
5502,5501,380,33.37
3273,3172,380,17.69
5803,5702,380,22.6
5803,5802,380,16.38
3388,3287,380,23.85
3720,3619,380,11.11
5008,4907,380,30.23
9486,9587,380,10.06
3131,3031,380,9.49
3055,2954,380,7.12
4917,4816,380,7.35
9183,9182,380,6.42
4014,3913,380,25.39
9556,9655,380,4.71
4112,4011,380,42.71
4112,4111,380,29.26
3160,3059,380,29.82
2643,2542,380,35.72
2644,2543,380,39.23
2928,2827,380,42.67
2941,2840,380,44.43
3627,3526,380,10.21
9750,9850,380,2.51
3153,3052,380,7.05
2926,2925,381,36.12
3166,3165,381,20.62
3271,3170,381,29.94
3057,2956,381,25.69
3266,3165,381,27.51
8407,8406,381,16.69
3272,3171,381,24.35
2742,2741,381,37.59
3283,3182,381,20.53
7405,7404,381,15.72
9009,9108,381,19.03
7304,7303,381,14.1
5502,5401,381,45.42
3159,3058,381,29.48
9617,9616,381,12.22
3626,3525,381,11.71
5203,5202,381,33.98
3279,3178,381,26.6
2936,2835,381,20.2
2942,2841,381,39.4
9720,9819,381,5.17
3269,3168,381,22.15
5302,5301,382,34.21
2642,2641,382,37.56
2926,2825,382,39.71
6002,5901,382,35.58
2940,2839,382,42.04
3282,3181,382,24.94
3166,3065,382,27.31
8607,8606,382,17.09
3795,3694,382,23.55
2742,2641,382,45.49
3275,3174,382,17.58
3051,2951,382,11.18
3286,3185,382,26.9
8208,8107,382,17.76
9516,9515,382,8.59
5203,5102,382,45.69
3281,3180,382,26.54
8010,8109,382,20.33
3622,3523,382,11.08
9586,9685,382,18.61
4312,4311,382,14.3
4199,4099,382,3.89
9727,9827,382,2.82
9726,9825,382,4.83
9416,9415,382,5.52
5107,5006,382,29.12
5205,5104,382,21.9
5106,5105,382,20.33
2644,2544,382,19.36
9210,9209,382,33.99
2928,2828,382,17.07
4216,4116,382,4.45
2929,2828,382,42.78
3269,3268,382,12.52
2927,2826,382,38.44
5302,5201,383,45.78
2642,2541,383,45.54
2647,2546,383,41.32
6002,5902,383,20.9
8908,8907,383,16.68
8507,8506,383,16.91
8307,8306,383,16.3
9008,9007,383,16.57
2934,2833,383,18.65
8407,8306,383,18.36
3280,3179,383,26.99
2848,2749,383,10.71
4715,4614,383,6.66
9586,9686,383,11.56
4312,4211,383,17.71
9190,9290,383,3.73
5204,5103,383,24
7909,7908,383,15.24
2942,2842,383,19.26
5106,5005,383,25.73
7798,7699,383,6.56
7798,7799,383,4.74
2956,2955,384,34.65
3061,2960,384,29.76
3060,2959,384,31.45
4013,3912,384,25.73
8707,8706,384,16.94
2543,2442,384,39.71
7809,7808,384,15.23
4017,3916,384,22.25
4017,4016,384,16.26
7506,7505,384,14.87
2741,2740,384,37.59
5602,5601,384,15.61
8307,8206,384,17.79
2933,2832,384,13.63
2840,2739,384,44.96
7708,7707,384,14.83
7406,7505,384,8.46
2827,2726,384,43.74
9082,9081,384,5.12
3056,2955,384,6.86
3620,3519,384,9.21
9312,9311,384,16.96
9091,9191,384,3.03
4111,4010,384,39.98
4111,4110,384,26.2
3284,3183,384,11.36
5007,4906,384,30.21
8794,8795,384,2.02
2929,2829,384,16.97
7098,7099,384,1.29
5202,5101,385,45.93
3168,3067,385,39.08
3168,3167,385,25.31
2641,2640,385,37.46
2956,2855,385,45.94
3059,2958,385,29.73
3270,3169,385,30.15
2647,2547,385,18.09
9065,9064,385,12.82
2741,2640,385,45.49
8871,8870,385,11.88
3274,3173,385,15.31
2542,2441,385,34.9
5102,5101,385,35.42
3491,3390,385,26.99
3389,3288,385,26.91
2836,2735,385,29.93
9723,9822,385,4.79
9722,9822,385,2.79
4908,4807,385,27.01
3062,2961,385,28.92
2951,2850,386,46.2
4116,4015,386,37.92
3165,3164,386,20.65
3171,3070,386,30.18
2641,2540,386,45.68
3177,3076,386,26.59
3172,3071,386,25.34
3287,3186,386,24.09
2835,2734,386,28.82
2835,2834,386,20.59
3917,3816,386,22.45
8807,8806,386,16.56
7201,7301,386,12.59
2543,2443,386,19.09
3058,2957,386,28.83
5102,5001,386,46.14
2826,2725,386,41.76
2541,2540,386,37.82
5015,4914,386,9.02
4715,4714,386,4.07
5214,5113,386,5.39
3030,2931,386,11.95
2828,2727,386,45.64
3032,2931,386,14.89
4907,4806,386,26.86
4011,3910,386,26.17
5103,5002,387,46.04
2749,2648,387,44.46
7699,7598,387,44.71
5006,4905,387,28.63
3165,3064,387,27.75
8406,8405,387,17.03
3182,3081,387,26.6
2926,3025,387,17.12
9718,9717,387,11.36
5802,5701,387,22.84
5802,5801,387,16.46
3178,3077,387,26.61
5702,5701,387,16.49
2747,2648,387,10.54
8207,8106,387,17.47
9831,9830,387,8.8
2541,2440,387,44.22
9109,9208,387,19.07
2839,2738,387,32.02
3065,3064,387,20.66
7607,7606,387,14.83
4211,4210,387,29.01
8108,8007,387,18.15
3184,3083,387,15.64
9210,9309,387,18.81
8966,9066,387,2.6
3527,3426,387,10.99
3067,3066,388,33.54
2442,2341,388,35.67
2740,2639,388,46.01
8606,8605,388,16.89
2640,2639,388,36.86
3181,3080,388,26.8
3180,3079,388,26.97
7404,7403,388,15.94
4816,4815,388,13.92
3175,3074,388,18.94
4012,3911,388,18.7
3522,3421,388,11.35
4016,3915,388,37.92
3819,3718,388,11.58
2739,2638,388,39.79
3521,3420,388,9.77
2726,2625,388,46.03
2829,2728,388,45.59
3065,2964,388,28.09
9108,9107,388,15.97
3997,3897,388,4.03
3185,3084,388,23.66
9210,9310,388,11.8
8097,8197,388,0.85
3694,3593,388,26.43
2725,2724,389,37.77
2540,2539,389,37.76
3067,2966,389,45.5
2547,2446,389,38.73
2442,2342,389,20.88
2959,2858,389,29.34
2960,2859,389,29.63
8306,8305,389,16.72
2833,2732,389,25.54
8506,8505,389,17.15
9515,9514,389,16.62
2441,2340,389,35.39
2640,2539,389,46.09
5005,4904,389,23.9
5005,5004,389,19.72
8406,8305,389,18.87
7303,7302,389,13.98
3176,3075,389,15.97
5104,5003,389,21.69
2646,2545,389,11.81
9933,9932,389,8.45
4906,4805,389,30.19
5014,4913,389,8.68
9483,9382,389,8.79
9483,9482,389,5.93
3520,3419,389,8.29
9315,9414,389,8.2
8975,8974,389,7.77
3179,3078,389,25.82
9383,9282,389,9.09
8009,8008,389,10.46
4014,3914,389,6.74
4311,4310,389,14.83
9415,9414,389,16.35
2644,2545,389,10.98
5105,5004,389,21.16
7297,7298,389,1.14
2727,2626,390,40.47
2725,2624,390,45.03
3816,3715,390,43.74
3816,3815,390,30.62
2540,2439,390,43.74
2961,2860,390,35.3
2832,2731,390,23.96
2832,2831,390,19.74
3183,3082,390,25.03
3174,3073,390,20.11
8907,8906,390,16.16
3625,3524,390,12.56
3719,3618,390,10.53
2440,2439,390,36.46
5014,5013,390,5.82
3918,3817,390,7.03
7908,7907,390,16
3528,3427,390,6.19
3428,3427,390,4.04
9007,9006,390,15.31
9586,9687,390,9.24
2932,2831,390,13.4
8107,8006,390,17.87
4807,4706,390,29.2
7397,7398,390,1.14
2734,2633,391,30.23
2547,2447,391,19.62
3173,3072,391,26.23
2958,2857,391,28.28
8706,8705,391,16.51
8306,8205,391,18.4
7808,7807,391,15.25
9686,9786,391,12.86
9686,9785,391,19.63
2951,2851,391,11.23
9825,9824,391,12.18
2956,2856,391,10.13
7505,7504,391,15.67
5002,4901,391,46.2
7707,7706,391,15.32
2440,2339,391,40.34
3390,3289,391,26.4
4110,4009,391,22.49
4110,4109,391,16.34
8206,8205,391,16.31
9556,9656,391,2.58
4010,4009,391,15.44
9819,9818,391,10.2
2539,2538,392,37.73
3066,2965,392,41.5
4905,4804,392,28.42
2734,2733,392,19.32
2639,2538,392,45.58
2625,2524,392,45.55
3288,3187,392,22.39
2829,2729,392,13.69
2638,2537,392,41.24
2638,2637,392,27.54
8206,8105,392,17.8
9585,9684,392,7.41
3064,2963,392,28.5
3064,3063,392,20.64
3186,3085,392,26.92
4010,3909,392,20.16
7798,7899,392,4.63
3169,3068,392,20.61
7497,7498,392,1.14
3327,3326,392,6.33
2340,2239,393,35.52
3074,2973,393,35
2964,2863,393,28.66
2539,2438,393,45.18
2341,2241,393,21.64
2341,2240,393,32.54
2648,2548,393,17.79
3081,2980,393,27.04
8806,8805,393,16.08
9064,9063,393,13.05
4806,4705,393,22.93
3912,3811,393,16.72
3715,3714,393,37.56
3526,3425,393,11.32
9314,9413,393,8.15
3083,2982,393,27.01
2439,2438,393,37.03
8405,8404,393,16.83
4300,4200,393,4.59
5003,4902,393,44.42
3126,3125,393,5.29
5213,5112,393,4.28
5110,5010,393,4.29
6299,6300,393,1.11
6199,6200,393,1.1
3073,2972,394,45.31
2859,2758,394,29.44
2858,2757,394,28.33
2732,2631,394,29.23
3080,2979,394,26.9
3079,2978,394,25.76
2339,2338,394,33.65
9208,9207,394,15.25
7301,7401,394,12.92
3817,3716,394,37.4
2626,2525,394,43.33
3715,3614,394,45.55
3525,3424,394,11.36
4805,4704,394,29.82
9616,9615,394,7.8
3593,3492,394,26.86
9309,9308,394,16.25
2543,2444,394,10.71
7506,7605,394,8.51
4915,4814,394,8.31
7606,7605,394,15.5
3077,2976,394,22.37
2439,2338,394,41.5
9359,9459,394,2.64
9723,9823,394,2.65
3910,3809,394,18.55
9751,9851,394,2.39
2929,2830,394,8.89
4210,4209,394,15.17
2545,2445,394,21.25
2545,2444,394,34.4
6399,6400,394,1.13
6499,6500,394,1.14
2851,2750,395,46
2447,2346,395,40.14
2731,2730,395,20.66
2860,2759,395,33.32
9107,9106,395,14.65
7403,7402,395,15.15
2339,2238,395,35.9
8605,8604,395,16.49
8007,7906,395,18.15
7699,7599,395,8.48
3523,3422,395,11.61
3076,2975,395,17.34
8505,8504,395,16.82
3998,3898,395,6.05
3226,3225,395,6.3
3084,2983,395,23.21
4706,4605,395,29.81
4513,4512,395,4.81
8405,8304,395,18.56
3078,2977,395,26.02
8305,8304,395,16.72
8106,8005,395,17.96
9287,9388,395,3.48
2438,2437,396,37.83
3714,3713,396,37.81
2963,2862,396,37.42
3072,2971,396,29.11
2731,2630,396,27.99
5004,4903,396,21.28
9514,9513,396,15.77
9310,9409,396,18.69
2538,2437,396,46.19
3075,2974,396,22.41
2729,2628,396,40.99
9066,9165,396,16.86
3067,2967,396,9.34
2442,2343,396,12.85
2749,2649,396,8.26
9313,9412,396,8.07
3082,2981,396,26.9
5003,4903,396,15.37
2537,2436,396,44.31
2537,2536,396,31.45
2965,2864,396,40.89
4310,4309,396,14.62
2863,2762,397,36.35
2241,2140,397,41.86
2438,2337,397,44.45
3714,3613,397,44.79
2963,2962,397,23.74
3063,2962,397,28.86
2857,2756,397,25.89
2447,2347,397,18.85
2856,2755,397,25.81
3614,3613,397,37.81
9006,9005,397,15.27
2733,2632,397,30.09
9310,9410,397,11.65
2973,2872,397,45.41
8906,8905,397,15.68
9686,9787,397,10.46
9583,9582,397,5.87
2637,2636,397,21.2
3289,3188,397,23.67
3818,3717,397,6.13
3911,3810,397,16.72
3619,3518,397,8.59
8305,8204,397,18.4
4902,4801,397,45.1
2966,2865,397,19.18
9312,9411,397,7.79
3897,3796,397,16.18
4109,4008,397,25.7
4109,4108,397,17.18
2346,2345,398,35.01
2239,2139,398,21.87
2239,2138,398,30.62
2240,2139,398,30.51
3187,3086,398,27.03
8705,8704,398,16.06
7807,7806,398,15.66
7504,7503,398,16.01
4009,3908,398,22.57
7907,7806,398,17.69
3614,3513,398,44.13
2525,2424,398,45.75
2341,2242,398,14.39
9066,9166,398,9.83
2725,2824,398,12.68
4704,4603,398,37.62
2547,2448,398,11.25
3715,3615,398,13.77
7706,7705,398,16.07
3054,2953,398,7.05
9458,9558,398,2.6
9091,9092,398,2.32
2436,2435,399,37.14
2346,2245,399,37.9
2238,2237,399,29.95
2758,2657,399,28.98
2241,2141,399,17.7
3909,3808,399,20.8
8006,7905,399,17.31
2338,2237,399,32.59
3811,3710,399,25.03
3809,3708,399,29.54
3809,3808,399,20.37
4704,4703,399,23.92
3071,2970,399,11.76
2982,2881,399,26.82
3795,3695,399,4.31
2980,2879,399,27.01
9830,9829,399,8.36
8105,8104,399,16.31
8874,8973,399,2.08
8205,8104,399,18.21
8496,8497,399,1.03
2445,2344,399,32.99
3053,2952,399,7.11
3613,3612,400,37.64
4903,4802,400,42.66
2862,2761,400,38.15
2436,2335,400,45.96
2346,2246,400,20.01
2238,2137,400,31.13
2759,2658,400,29.76
2631,2530,400,26.07
2976,2875,400,26.25
2972,2871,400,24.6
2757,2656,400,26.25
2979,2878,400,26.22
8404,8403,400,16.17
9818,9817,400,11.25
9066,9067,400,7.86
3426,3325,400,10.95
2978,2877,400,26.8
9515,9614,400,7.93
3492,3391,400,26.8
3913,3812,400,7.32
5009,4909,400,3.94
4902,4802,400,14.49
9182,9181,400,5.22
9654,9754,400,2.06
8105,8004,400,17.81
8805,8804,400,15.95
9161,9262,400,2.04
9409,9408,400,31.72
7997,8098,400,1.33
2865,2764,401,41.4
3613,3512,401,43.17
2755,2654,401,44.67
2755,2754,401,32.01
2756,2655,401,45.04
2762,2661,401,39.37
2864,2763,401,28.81
2862,2861,401,24.42
3513,3512,401,37.16
4209,4208,401,15.62
2851,2751,401,10.28
3717,3616,401,40.92
9785,9784,401,10.49
3614,3514,401,15.69
9932,9931,401,8.8
2337,2336,401,27.4
9717,9716,401,7.15
2983,2882,401,26.41
4605,4504,401,27.81
2954,2853,401,7.07
9685,9784,401,7.51
2536,2535,401,20.66
7605,7604,401,15.87
3898,3797,401,24.24
9308,9307,401,15.12
2524,2523,401,11.34
4008,3907,402,29.81
4008,4007,402,20.2
2974,2873,402,28.23
4903,4803,402,17.07
2630,2529,402,26.12
8304,8303,402,16.47
9106,9105,402,15.12
8504,8503,402,15.98
3713,3712,402,18.49
3513,3412,402,41.8
9207,9206,402,13.91
8404,8303,402,17.6
2525,2425,402,13.36
2648,2549,402,9.54
4914,4813,402,8.95
8604,8603,402,15.6
4605,4604,402,16.21
3085,2984,402,14.96
3715,3814,402,11.92
4714,4613,402,9.41
4714,4713,402,6.57
2981,2880,402,27.03
4603,4502,402,43.33
4603,4602,402,30.05
4614,4613,402,5.29
2836,2736,402,4.75
9261,9361,402,2.62
8794,8895,402,1.97
2628,2527,402,28.17
2245,2244,402,35.68
2345,2244,402,38.79
2237,2236,403,32.54
2139,2039,403,21.73
2139,2038,403,31.94
2872,2771,403,24.62
3188,3087,403,26.3
9513,9512,403,15.83
2630,2629,403,15.07
2971,2870,403,23.53
8304,8203,403,18.04
2337,2236,403,28.12
3421,3320,403,9.98
2727,2627,403,6.14
8204,8203,403,16.8
2975,2874,403,18.14
4099,3999,403,4.8
4801,4701,403,17.36
9557,9657,403,2.61
4108,4107,403,16.97
3810,3709,403,27.46
2628,2627,403,16.46
2245,2144,403,38.96
2237,2136,404,34.39
4703,4702,404,20.28
2448,2348,404,19.06
9165,9164,404,12.7
4309,4308,404,13.89
3512,3511,404,37.62
7906,7805,404,16.99
8005,7904,404,17.29
3812,3711,404,46.19
3513,3413,404,17.74
3714,3813,404,12.98
2754,2753,404,34.46
2750,2650,404,11.12
3708,3607,404,30.14
2626,2526,404,7.48
3519,3418,404,7.38
4913,4812,404,9.59
4913,4912,404,6.76
2925,2924,404,4.43
8905,8904,404,15.94
4412,4411,404,4.16
9005,9004,404,16.38
9826,9925,404,4.88
3808,3707,404,30.22
2246,2145,404,36.86
2524,2423,404,12.65
9409,9509,404,13.32
9409,9508,404,19.92
3086,2985,404,26.98
2763,2662,405,35.94
3412,3411,405,36.97
2335,2235,405,21.47
2335,2334,405,24.42
2658,2557,405,28.37
2761,2660,405,29.25
2761,2760,405,20.49
2657,2556,405,26.46
3695,3594,405,26.71
3908,3807,405,21.78
2347,2247,405,13.89
3512,3411,405,43.12
2881,2780,405,27.02
2967,2866,405,16.58
2435,2434,405,19.54
7503,7502,405,15.84
2754,2653,405,45.88
8704,8703,405,15.61
2244,2243,405,37.28
9482,9381,405,9.09
3424,3423,405,9.79
7403,7502,405,8.43
2879,2778,405,26.8
2654,2553,405,45.05
2654,2653,405,32.67
9081,9080,405,4.82
8204,8103,405,18.53
9821,9920,405,4.99
9487,9488,405,2.95
3808,3807,405,19.54
7705,7704,405,16.32
2246,2146,405,20.45
9752,9852,405,2.43
8104,8103,405,16.84
2144,2143,406,36.81
2873,2772,406,44.93
2535,2534,406,20.57
2661,2560,406,29.17
2764,2663,406,28.93
3412,3311,406,46.05
2656,2555,406,27.53
3612,3611,406,18.21
2335,2234,406,24.77
2877,2776,406,23.91
2877,2876,406,16.79
3712,3611,406,43.79
4504,4403,406,28.4
4504,4503,406,20.65
3425,3324,406,11.75
2244,2143,406,42.11
9482,9481,406,6.23
3615,3515,406,13.8
4502,4401,406,44.28
4502,4501,406,31.4
3420,3319,406,7.99
9066,9167,406,7.7
2955,2854,406,6.66
8871,8970,406,4.87
4604,4503,406,37.22
9382,9281,406,8.73
3391,3290,406,26.92
2425,2324,406,46.01
8596,8696,406,1.67
9848,9949,406,2.08
3710,3609,406,22.1
2144,2043,407,41.03
2882,2781,407,27.04
2655,2554,407,27.9
4208,4207,407,16.82
8403,8402,407,15.98
8004,8003,407,16.3
8804,8803,407,15.95
9614,9613,407,15.94
2952,2852,407,13.81
9166,9265,407,16.76
3422,3321,407,11.81
2527,2426,407,35.09
2753,2752,407,35.47
3511,3510,407,37.83
3424,3323,407,11.66
9514,9613,407,8.23
3907,3906,407,20.65
3709,3608,407,43.74
4007,3906,407,29.42
4007,4006,407,20.42
9587,9588,407,3.75
9408,9407,407,15.84
9820,9919,407,5.16
9190,9291,407,2.79
8104,8003,407,18.57
9729,9828,407,2.39
4908,4808,407,3.64
8892,8993,407,1.32
3169,3069,407,4.62
2553,2552,408,37.39
4702,4601,408,44.01
2236,2135,408,34.45
2984,2883,408,27.03
8004,7903,408,17.79
2875,2774,408,18.51
7905,7804,408,17.28
2139,2040,408,14.67
3413,3312,408,45.54
2241,2142,408,9.47
4602,4601,408,19.94
2753,2652,408,46.15
3511,3410,408,44.57
9684,9683,408,6.56
2880,2779,408,27.04
3225,3224,408,8.02
7604,7603,408,15.83
2653,2652,408,36.75
3907,3806,408,27.75
9290,9389,408,5.76
9508,9507,408,32.45
3411,3410,408,36
9307,9306,408,14.86
9819,9918,408,5.31
7098,7199,408,1.26
8970,8969,409,36.15
2866,2765,409,43.34
2553,2452,409,45.75
2874,2773,409,25.26
2144,2044,409,18.28
8303,8302,409,16.41
8503,8502,409,15.66
8603,8602,409,15.25
8403,8302,409,17.34
2334,2333,409,30.96
9817,9816,409,12.38
3087,2986,409,27.04
9105,9104,409,16.6
9166,9266,409,9.75
9206,9205,409,15.17
2348,2248,409,21.37
2548,2449,409,9.14
2624,2623,409,5.29
2878,2777,409,17.61
3225,3124,409,10.62
3611,3610,409,37.1
2629,2528,409,25.27
8203,8202,409,16.9
3411,3310,409,46.21
9409,9510,409,10.92
2424,2323,409,13.77
8496,8397,409,1.47
3311,3310,409,33.84
3510,3509,410,37.73
2234,2233,410,30.26
2662,2561,410,28.71
2760,2659,410,29.65
2557,2456,410,28.44
2556,2455,410,28.47
4403,4302,410,45.27
4403,4402,410,33.08
2660,2559,410,29.53
2660,2659,410,20.38
3807,3706,410,30.05
2235,2134,410,34.61
9004,9003,410,17.07
9512,9511,410,16.36
2334,2233,410,32.37
8904,8903,410,16.82
3797,3696,410,17.4
3419,3318,410,7.08
3607,3506,410,24.19
2143,2042,410,42.8
2734,2634,410,4.24
9827,9926,410,5.08
3707,3606,410,25.9
3125,3024,410,8.56
3025,3024,410,4.45
2425,2325,410,12.71
3311,3210,410,45.63
3510,3409,411,45.17
2560,2459,411,30.23
2234,2133,411,31.5
2663,2562,411,34.68
2780,2679,411,26.97
8103,8102,411,16.82
3594,3493,411,25.69
4308,4307,411,14.67
3410,3409,411,36.54
2552,2551,411,36.86
2652,2651,411,36.46
2751,2651,411,10.84
3418,3417,411,14.35
3068,2968,411,5.46
2752,2651,411,45.41
8973,8972,411,8.47
2534,2433,411,29.08
2534,2533,411,20.54
2434,2433,411,19.35
2554,2453,411,46.13
9821,9921,411,2.92
8203,8102,411,18.67
4808,4707,412,29.71
2555,2454,412,26.91
2772,2671,412,27.71
7704,7703,412,15.6
2776,2675,412,24.35
2776,2775,412,16.91
2985,2884,412,18.69
9164,9163,412,12.98
4006,3905,412,28.54
4006,4005,412,20.63
2333,2332,412,35.73
3410,3309,412,46.17
2552,2451,412,46.09
2142,2041,412,44.35
2876,2775,412,26.93
3418,3317,412,17.8
2138,2037,412,10.65
2448,2349,412,10.68
3413,3313,412,13.78
3609,3508,412,26.49
8703,8702,412,15.28
7402,7501,412,8.53
3608,3507,412,28.58
3290,3189,412,25.06
9825,9924,412,4.79
7502,7501,412,14.76
3718,3617,412,5.98
2246,2147,412,12.24
3310,3309,412,33.56
9508,9608,412,12.85
9508,9607,412,19.62
2765,2664,413,41.13
2135,2035,413,21.83
2135,2034,413,31.13
2773,2672,413,44.76
2781,2680,413,26.94
4401,4301,413,14.35
8103,8002,413,18.54
2423,2422,413,11.36
7904,7803,413,16.81
2333,2232,413,39.05
9931,9930,413,8.79
3513,3414,413,9.51
9787,9886,413,9.05
3806,3705,413,28.71
3806,3805,413,20.61
3998,3899,413,4.14
8871,8971,413,2.73
3618,3517,413,6.37
4207,4106,413,25.71
4207,4206,413,17.18
3310,3209,413,45.51
3210,3109,414,37.7
2456,2355,414,46.19
3318,3217,414,46.12
2551,2550,414,36.01
2774,2673,414,25.34
2883,2782,414,26.71
8402,8401,414,15.77
8803,8802,414,16.04
9407,9406,414,16.07
2455,2354,414,45.92
2325,2224,414,45.37
2650,2550,414,10.77
9613,9612,414,15.6
2039,1938,414,13.41
2137,2036,414,10.44
2133,2132,414,34.78
4713,4712,414,8.94
9582,9581,414,6.21
9513,9612,414,8.21
9785,9884,414,6.38
2724,2723,414,4.17
3312,3211,414,26.58
2248,2148,414,21.64
5013,5012,414,4.28
2332,2331,415,36.48
9607,9606,415,33.56
2459,2358,415,37.9
2659,2558,415,29.37
2559,2458,415,30.03
2561,2460,415,30.18
2777,2676,415,26.93
2551,2450,415,46.21
9306,9305,415,16.39
9507,9506,415,16.62
7903,7902,415,15.77
2451,2450,415,36.16
8003,7902,415,17.8
8970,9069,415,17.08
2134,2033,415,33.69
3319,3218,415,17.58
2778,2677,415,14.82
3317,3316,415,36.4
2779,2678,415,21.85
2133,2032,415,37.53
4713,4612,415,11.23
2348,2249,415,13.72
7599,7499,415,5.22
9785,9885,415,4.19
3706,3605,415,34.34
7603,7602,415,15.66
3409,3308,415,42.6
3409,3408,415,29.12
9205,9204,415,17.08
9753,9853,415,2.54
2638,2737,415,5.43
3606,3505,415,33.16
3606,3605,415,20.15
3506,3405,415,33.05
3506,3505,415,20.06
9104,9103,415,17.34
3805,3804,416,33.4
3309,3208,416,37.08
2332,2231,416,40.38
2562,2461,416,29.67
8903,8902,416,16.8
8502,8501,416,15.34
2451,2350,416,46.21
8402,8301,416,17.04
9265,9264,416,12.46
8970,9070,416,10.03
3313,3212,416,44.6
3317,3216,416,46.19
8302,8301,416,16.27
2423,2322,416,12.67
2038,1937,416,11.43
9716,9715,416,7
4302,4201,416,24.91
2967,2867,416,5.08
2041,1940,416,43.5
4200,4100,416,4.38
8602,8601,416,15.23
2533,2432,416,29.29
2533,2532,416,20.48
8202,8201,416,16.44
9827,9927,416,2.95
9003,9002,416,17.12
8968,9068,416,2.63
9091,9192,416,2.26
2147,2046,416,45.94
2986,2885,416,23.03
3805,3704,417,45.43
2664,2563,417,36.75
4005,4004,417,20.66
4707,4606,417,29.71
3493,3392,417,26.38
9918,9917,417,11.51
7903,7802,417,17.04
9166,9267,417,7.63
3422,3322,417,4.63
4512,4511,417,4.59
2426,2326,417,10.94
9687,9688,417,3.74
8202,8101,417,17.99
4706,4606,417,3.78
4311,4410,417,4.13
2035,1934,417,36.17
9606,9605,418,34.2
4005,3904,418,28.02
2884,2783,418,26.01
3905,3904,418,20
3316,3315,418,37.15
4307,4306,418,16.06
2224,2123,418,36.45
3217,3116,418,46.21
9266,9365,418,17.23
2232,2131,418,32.77
4403,4303,418,9.06
4812,4711,418,10.26
4812,4811,418,7.56
2144,2045,418,9.97
9784,9783,418,6.15
2040,1939,418,14.5
9614,9713,418,8.17
2034,1933,418,34.78
2331,2330,418,36.69
2132,2131,418,32.17
3508,3407,418,26.93
4206,4105,418,29.16
9850,9950,418,2.68
2148,2047,418,43.54
2035,1935,418,20.7
2523,2522,418,5.99
9508,9609,418,10.46
3211,3110,418,43.34
3804,3803,419,37.32
2358,2257,419,38.49
2458,2357,419,42.62
2458,2457,419,29.15
9606,9505,419,36.69
2032,1931,419,35.38
2032,2031,419,33.27
3109,3008,419,33.77
3109,3108,419,20.63
3209,3108,419,24.96
2680,2579,419,27.01
2033,1932,419,37.53
3316,3215,419,45.95
2775,2674,419,20.79
7703,7702,419,15.29
2456,2356,419,11.84
2224,2223,419,22.88
9266,9366,419,10.17
3216,3215,419,36.66
2675,2574,419,22.39
2675,2674,419,16.31
2231,2230,419,34.27
2866,2766,419,7.49
3189,3088,419,22.5
3505,3404,419,41.27
3505,3504,419,27.58
1938,1838,419,21.55
1938,1837,419,33.03
8702,8701,419,15.47
2331,2230,419,40.78
3405,3304,419,41.19
3405,3404,419,27.49
2323,2222,419,15.02
8972,9071,419,18.37
2132,2031,419,33.91
4504,4404,419,5.6
2041,1941,419,16.33
4206,4205,419,17.16
3899,3798,419,27.03
2248,2149,419,14.39
9360,9460,419,2.56
2671,2670,419,14.68
9290,9390,419,2.79
3898,3798,419,4.23
3507,3406,419,22.68
3605,3504,419,42.82
3605,3604,419,29.4
3804,3703,420,45.82
9406,9405,420,16.71
8002,8001,420,15.25
9607,9706,420,19.07
9924,9923,420,12.56
8102,8001,420,17.16
3216,3115,420,46.15
2231,2130,420,36.79
3617,3516,420,19.09
9608,9707,420,19.2
3324,3223,420,10.44
8972,9072,420,11.3
2782,2681,420,26.7
3323,3222,420,11.01
9787,9887,420,4.55
1940,1839,420,43.7
3615,3516,420,6.73
2671,2570,420,18.48
9181,9180,420,5.09
9605,9604,421,35.17
3904,3903,421,55.54
4004,3903,421,21.74
4004,4003,421,62.58
2532,2531,421,42.02
3208,3207,421,52.81
9103,9102,421,18.64
9305,9304,421,20.96
2460,2359,421,10.49
2677,2576,421,11.34
3308,3307,421,50.69
8802,8801,421,16.14
2332,2431,421,21.99
3315,3314,421,54.28
2451,2351,421,9.03
9512,9611,421,10.14
9612,9611,421,16.17
4306,4305,421,61.55
2678,2577,421,11.69
2330,2329,421,47.01
9614,9714,421,6.2
9608,9708,421,14.72
2824,2823,421,11.94
9481,9480,421,13.58
9381,9380,421,13.47
7699,7600,421,3.63
7699,7700,421,2.87
4105,4104,421,63.06
9080,9079,421,13.58
2326,2225,421,21
2148,2048,421,11.36
1934,1833,421,32.47
8978,9077,421,3.7
9204,9203,421,20.4
3108,3107,422,63.2
1837,1836,422,51.91
1931,1930,422,49.77
3215,3214,422,58.16
1933,1832,422,32.52
7602,7601,422,15.28
7902,7901,422,15.57
3115,3114,422,59.48
3696,3595,422,9.66
3315,3214,422,30.24
3321,3220,422,5.91
3803,3802,422,52.49
2330,2229,422,32.44
2679,2578,422,10.34
9816,9815,422,13.68
9381,9280,422,4.67
4205,4204,422,63.17
3797,3697,422,3.61
9656,9755,422,6.26
2230,2229,422,42.91
7502,7601,422,10.19
3124,3123,422,13.64
9281,9280,422,13.26
2257,2256,422,60.56
3703,3702,422,55.41
3207,3206,423,61.06
3903,3902,423,59.36
2431,2430,423,51.9
4003,4002,423,61.5
3307,3306,423,51.7
3604,3603,423,30.97
2031,2030,423,32.73
9605,9504,423,30.15
9002,9001,423,17.16
4305,4304,423,63.19
9606,9705,423,22.95
2574,2573,423,40.17
2676,2575,423,12.13
2885,2784,423,11.56
2131,2030,423,30.24
2924,2923,423,12.5
9683,9682,423,13.44
3320,3219,423,3.66
2331,2430,423,21.64
9706,9705,423,36.04
2673,2572,423,11.78
9069,9168,423,22.8
1940,1840,423,12.56
8902,8901,423,16.92
4912,4911,423,12.32
3212,3111,423,16.03
2536,2635,423,7.43
3024,3023,423,13.35
2047,1946,423,23.54
9823,9922,423,6.38
2329,2328,423,63.2
4310,4409,423,5.96
6499,6600,423,1.13
1836,1835,424,54.71
4204,4203,424,58.11
3107,3106,424,59.85
2570,2569,424,27.61
1837,1736,424,31.32
1931,1830,424,31.98
1838,1737,424,32.23
7802,7801,424,15.81
2563,2462,424,12.61
1932,1831,424,32.5
3114,3113,424,62.48
3504,3503,424,21.45
9070,9169,424,22.6
3217,3117,424,9.27
9930,9929,424,13.51
9264,9263,424,14.34
9613,9712,424,10.19
3214,3213,424,61.34
9069,9169,424,13.52
2230,2129,424,32.38
2256,2255,424,61.37
3802,3801,424,55.57
1934,1834,424,13.7
1930,1929,424,52.89
2670,2669,424,23.35
2229,2228,424,62.02
3206,3205,425,61.38
3603,3602,425,55.41
1839,1738,425,32.49
3516,3415,425,29.9
4002,4001,425,61.3
9605,9704,425,23.17
4606,4505,425,12.58
3404,3403,425,19.39
3902,3901,425,60.48
9581,9580,425,13.68
9884,9883,425,13.46
9070,9170,425,13.13
3306,3305,425,62.93
3317,3416,425,15.09
2328,2327,425,51.59
3417,3416,425,12.42
4612,4611,425,13.69
2970,2969,425,9.97
4104,4103,425,31.86
2623,2622,425,12.23
3703,3602,425,29.6
1929,1928,426,52.67
3106,3105,426,59.98
1833,1732,426,32.48
9405,9404,426,19.79
3108,3007,426,19.11
7702,7701,426,14.84
9366,9465,426,22.67
3304,3303,426,15.7
3113,3112,426,63.17
2572,2571,426,34.14
3392,3291,426,11.15
2422,2421,426,12.76
4303,4202,426,16.1
9917,9916,426,13.73
9365,9364,426,13.98
3115,3014,426,26.32
9267,9367,426,13.42
9266,9367,426,10.08
4203,4202,426,57.4
2330,2429,426,19.62
9608,9709,426,11.27
4302,4202,426,5.54
8972,9073,426,11.44
2527,2427,426,3.18
9787,9788,426,3.61
1736,1735,426,53.18
2771,2770,426,9.91
1830,1829,426,62.74
2043,1942,426,4.48
2255,2254,426,62.96
9609,9709,426,14.64
2035,1936,426,9.44
2870,2869,426,10.1
1832,1731,427,32.41
9203,9202,427,17.95
2351,2250,427,26.13
2048,1947,427,23.63
1839,1739,427,14.78
9707,9806,427,23.05
9366,9466,427,13.26
4711,4710,427,13.68
9783,9782,427,13.61
2461,2360,427,8.48
2322,2321,427,12.2
2354,2353,427,11.65
2723,2722,427,12.07
2765,2665,427,4.68
9511,9610,427,10.15
9072,9171,427,22.38
2044,1943,427,5.03
9706,9805,427,23.07
4309,4408,427,6.12
7499,7399,427,7.24
2130,2029,427,23.5
2030,2029,427,32.06
9604,9603,427,17.57
3802,3701,427,29.5
9304,9303,427,19.97
2129,2128,427,39.47
3105,3104,428,60.09
1829,1828,428,63.18
3007,3006,428,61.91
1928,1927,428,52.89
3603,3502,428,29.59
3107,3006,428,25.92
1833,1733,428,14.88
9102,9101,428,16.34
9707,9807,428,14.15
2522,2521,428,12.32
4511,4510,428,12.45
9708,9808,428,14.35
9708,9807,428,23.11
9072,9172,428,12.76
2783,2682,428,11.4
4811,4810,428,12.53
1941,1841,428,11.95
1735,1734,428,51.8
2257,2156,428,13.52
9180,9179,428,13.71
2128,2127,429,62.55
2669,2668,429,23.01
2823,2822,429,13.2
9480,9479,429,13.72
3111,3010,429,25.68
2222,2221,429,11.07
2569,2568,429,23.14
3110,3009,429,11.91
9079,9078,429,13.67
1731,1730,429,62.23
3114,3013,429,21.97
5012,5011,429,10.26
9267,9268,429,9.45
9380,9379,429,13.71
1737,1636,429,32.1
9077,9076,429,13.68
4103,4102,429,30.61
1736,1635,429,30.79
9656,9756,429,3.1
9458,9559,429,2.31
9504,9503,429,17.47
2129,2028,429,31.7
1828,1827,430,59.09
2156,2155,430,62.37
3106,3005,430,25.78
1738,1637,430,32.51
3205,3204,430,20.17
2123,2122,430,10.18
2574,2473,430,12
3696,3596,430,4.67
9805,9804,430,35.06
9705,9804,430,23.17
9612,9711,430,10.19
3116,3015,430,11.18
3123,3122,430,13.67
9815,9814,430,13.64
9851,9951,430,3.21
9280,9279,430,13.73
8596,8597,430,1.23
8496,8597,430,1.1
1635,1634,431,53.08
2127,2126,431,56.3
1927,1926,431,41.16
1732,1631,431,32.37
2923,2922,431,13.73
9682,9681,431,13.54
9887,9986,431,13.73
2149,2049,431,8.5
3088,2987,431,11.26
4201,4101,431,6.4
2869,2868,431,23.88
3023,3022,431,13.73
1735,1634,431,31.36
9704,9703,431,18.32
1946,1945,431,13.72
9609,9710,431,11.18
1730,1729,431,59.17
2155,2154,432,62.19
1739,1638,432,32.48
3105,3004,432,25.65
2359,2258,432,13.61
2570,2469,432,11.98
3222,3221,432,8.4
2681,2580,432,11.87
3304,3203,432,10.53
3113,3012,432,18.08
1840,1740,432,12.13
9267,9368,432,9.98
3322,3221,432,9.41
2579,2478,432,11.17
9170,9269,432,22.12
9929,9928,432,13.56
9404,9403,432,18.52
9261,9362,432,2.42
7898,7999,432,1.96
1827,1826,433,47.27
1927,1826,433,32.1
1733,1632,433,32.23
4408,4407,433,18.88
1729,1728,433,58.78
9303,9302,433,17.06
3303,3302,433,15.17
9465,9464,433,14.56
3403,3402,433,12.82
3602,3601,433,13.62
4911,4910,433,10.26
4611,4610,433,13.3
9603,9602,433,17.95
1926,1925,433,60.99
2225,2124,433,12.6
2028,2027,433,32.82
9580,9579,433,13.58
9713,9812,433,10.19
9588,9589,433,4.07
4308,4407,433,5.92
9804,9803,433,35.44
9883,9882,433,13.68
3112,3011,433,21.94
1734,1633,433,32.07
9557,9658,433,2.32
2576,2475,433,11.97
1947,1846,433,24.62
2154,2153,434,62.74
9986,9985,434,34.85
1635,1534,434,30.83
1636,1535,434,32.23
1828,1727,434,26.72
1739,1639,434,14.84
9806,9906,434,14.72
9806,9905,434,23.21
9202,9201,434,14.78
9916,9915,434,13.68
2473,2472,434,32.29
9073,9173,434,13.93
9367,9467,434,13.44
9364,9363,434,14.25
9366,9467,434,9.84
3104,3103,434,19.12
9588,9489,434,5.12
9708,9809,434,10.89
9805,9905,434,14.6
9805,9904,434,23.18
9170,9270,434,12.37
9171,9270,434,20.94
2577,2476,434,11.47
3290,3190,434,3.05
2622,2621,434,12.23
2478,2477,435,46.6
1631,1630,435,27.78
1637,1536,435,32.52
1827,1726,435,32.41
1927,2026,435,21.93
1925,1924,435,51.88
9503,9502,435,17.26
2421,2420,435,12.04
2462,2361,435,13.56
2722,2721,435,13.51
2351,2251,435,7.38
2572,2471,435,12.14
2027,2026,435,52.33
9172,9271,435,20.63
9713,9813,435,6.2
2578,2477,435,11.39
4407,4406,435,62.7
2575,2474,435,12.14
9782,9781,435,13.73
7699,7800,435,3.08
2228,2227,435,9.24
2153,2152,436,62.96
1826,1825,436,46.85
2049,1948,436,32.52
2668,2667,436,16.42
3502,3501,436,13.73
3007,2906,436,14.97
2321,2320,436,12.41
2521,2520,436,12.56
3595,3494,436,10.67
1634,1533,436,31.64
2353,2352,436,12.13
2568,2567,436,16.55
2254,2253,436,10.82
4710,4709,436,12.09
2429,2428,436,10.54
2326,2226,436,5.24
9179,9178,436,13.71
9803,9802,436,33.68
2770,2769,436,10.19
2026,2025,437,63.2
3004,3003,437,22.12
2822,2821,437,13.29
9379,9378,437,13.66
4510,4509,437,11.78
1924,1923,437,50.55
9073,9074,437,9.93
2469,2468,437,23.11
3303,3202,437,13.11
9887,9987,437,5.92
2569,2468,437,11.66
9985,9984,437,34.38
9479,9478,437,13.55
4100,4000,437,4.63
2784,2683,437,10.76
4406,4405,437,61.05
9787,9888,437,3.87
9804,9903,437,23.14
7099,7100,437,1.73
9076,9075,437,13.7
1638,1537,437,32.03
3117,3016,437,11.25
2986,2886,437,3.1
9703,9702,437,18.36
2152,2151,438,61.63
1826,1725,438,32.45
1632,1531,438,32.51
2049,1949,438,14.31
2156,2055,438,15.67
4810,4809,438,10.44
3009,2908,438,17.1
3122,3121,438,13.69
2221,2220,438,12.41
3222,3121,438,8.17
2664,2564,438,3.69
9172,9272,438,10.66
9712,9811,438,10.19
1633,1532,438,31.5
9657,9757,438,3.23
2571,2470,438,11.98
9279,9278,438,13.72
2025,2024,439,60.67
2906,2905,439,39.93
9802,9801,439,33.83
1630,1629,439,28.83
1535,1434,439,31.91
1534,1433,439,30.51
3402,3401,439,17.62
3302,3301,439,19.66
1945,1944,439,13.71
9403,9402,439,16.44
9602,9601,439,18.97
2922,2921,439,13.47
9681,9680,439,13.71
2869,2768,439,11.73
1639,1538,439,32.51
3022,3021,439,13.71
9191,9292,439,2.88
2055,2054,440,63.2
2151,2150,440,62.4
1825,1824,440,29.28
1536,1435,440,32.51
1727,1626,440,28.24
9302,9301,440,15.46
9269,9369,440,12.64
9368,9468,440,12.58
2155,2054,440,15.38
9806,9907,440,11.27
9073,9174,440,10.47
9702,9701,440,36.53
9688,9689,440,4.39
2682,2581,440,12.05
3218,3118,440,3.81
9853,9952,440,6.13
3103,3102,440,19.21
4808,4708,440,2.67
2122,2121,440,10.64
1941,1842,440,6.85
9984,9983,440,45.29
9478,9477,440,33.4
9803,9902,440,23.27
1629,1628,441,57.87
2024,2023,441,58.45
1531,1530,441,33.92
2567,2566,441,22.41
1726,1625,441,27.66
2153,2052,441,20.6
9467,9566,441,22.62
1846,1845,441,12.93
9882,9881,441,13.12
1728,1627,441,18.14
9464,9463,441,14.13
2154,2053,441,16.43
2667,2666,441,21.63
1740,1640,441,11.31
2360,2259,441,10.37
9502,9501,441,18.8
1533,1432,441,29.86
3189,3089,441,3.21
7199,7299,441,3.16
9579,9578,441,13.13
7099,7000,441,2.16
2905,2904,442,33.36
1537,1436,442,32.48
3202,3201,442,23.65
2152,2051,442,23.58
1536,1436,442,14.57
9467,9567,442,13.18
2621,2620,442,13.47
9271,9370,442,20.23
3004,2903,442,15.52
2126,2125,442,9.75
3005,2904,442,11.91
3013,2912,442,11.73
2473,2372,442,12.13
9915,9914,442,13.63
4610,4609,442,11.9
1639,1539,442,13.97
2867,2767,442,3.8
9478,9377,442,29.31
9477,9476,443,36.82
1949,1848,443,30.6
1824,1823,443,40.31
9802,9901,443,23.27
9781,9780,443,13.73
3015,2914,443,11.31
2468,2467,443,18.32
2420,2419,443,13.54
3003,3002,443,18.16
2568,2467,443,10.72
9902,9901,443,33.95
2721,2720,443,13.55
1947,1847,443,6.67
2051,2050,444,57.84
9566,9565,444,41.53
1625,1624,444,44.22
1530,1529,444,39.65
3102,3101,444,28.71
1434,1333,444,30.78
1538,1437,444,31.66
1725,1724,444,17.31
1949,1849,444,17.96
9578,9577,444,35.73
9178,9177,444,13.73
2320,2319,444,13.08
3010,2909,444,10.07
2520,2519,444,13.68
9173,9273,444,11.09
1840,1741,444,6.97
2580,2479,444,12.09
9711,9810,444,10.16
6899,6900,444,1.3
3012,2911,444,11.96
9478,9577,444,23.28
9476,9475,445,51.55
2914,2913,445,60.85
2372,2371,445,33.91
1626,1525,445,32.26
9477,9376,445,30.83
1435,1334,445,32.51
1434,1334,445,17.81
9402,9401,445,17.25
2253,2252,445,11.49
2475,2374,445,12.14
9271,9371,445,10.29
2478,2377,445,11.38
3596,3495,445,9.6
2821,2820,445,12.64
9502,9401,445,14.65
2469,2368,445,11.66
3011,2910,445,12.14
9377,9376,445,33.5
9291,9391,445,2.9
8895,8994,445,3.92
9780,9779,446,35.83
1625,1524,446,32.49
2055,1954,446,19
2566,2565,446,24.16
2220,2219,446,13.26
9808,9908,446,5.77
2258,2157,446,10.44
3121,3120,446,13.49
2476,2375,446,11.93
9278,9277,446,13.73
4509,4508,446,11.92
1333,1332,447,42.2
1436,1335,447,32.44
9577,9576,447,46
1626,1526,447,15.71
9477,9576,447,22.96
3021,3020,447,13.66
2921,2920,447,13.57
1539,1438,447,32.47
1923,1922,447,10.77
2474,2373,447,11.95
3003,2902,447,14.43
9475,9474,447,59.1
3002,3001,447,31.96
4707,4607,447,2.69
2477,2376,447,11.84
9377,9276,447,29.36
9680,9679,447,13.36
9360,9461,447,2.29
6899,6800,447,1.65
9753,9854,447,2.07
2471,2370,447,12.14
1524,1523,448,59.3
1954,1953,448,63.12
1529,1528,448,27.38
1724,1723,448,32.41
9476,9375,448,31.45
9566,9665,448,21.81
9463,9462,448,14.3
9983,9982,448,13.64
9468,9568,448,12.95
1823,1822,448,22.67
2564,2463,448,14.73
1949,1950,448,10.11
2906,2805,448,12.01
9578,9678,448,14.32
9578,9677,448,23.11
9368,9469,448,9.22
2049,1950,448,8.58
7600,7500,448,3.76
2467,2466,448,23.92
9688,9789,448,4.7
9174,9274,448,12.76
9376,9375,448,40.65
7499,7500,448,3.08
9779,9778,449,38.8
1333,1232,449,32.28
1437,1336,449,32.45
2914,2813,449,24.72
9567,9666,449,22.21
9881,9880,449,13.7
2052,1951,449,17.82
9074,9175,449,12.13
9888,9988,449,8.56
9272,9372,449,9.17
1849,1748,449,29.83
1539,1439,449,14.92
2908,2907,449,9.13
2121,2120,449,12.23
9465,9564,449,6.31
9576,9575,449,55.36
2683,2582,449,11.81
4407,4506,449,8.97
9474,9473,449,56.86
1723,1722,450,52.28
9375,9374,450,52.1
1523,1522,450,56.56
1953,1952,450,62.69
1334,1233,450,32.27
1624,1623,450,18.05
2368,2367,450,21.02
9780,9879,450,23.1
1847,1746,450,21.09
9914,9913,450,12.97
2053,1952,450,16.7
2620,2619,450,13
1531,1430,450,12.14
1949,1850,450,12.03
1849,1749,450,18.53
3016,2915,450,11.16
3494,3393,450,10.34
2468,2367,450,11.05
2470,2369,450,12.12
9376,9275,450,31.99
3899,3799,450,2.54
1848,1747,450,23.29
2886,2785,450,11.42
9473,9472,451,51.33
9575,9574,451,58.59
2805,2804,451,39.23
9677,9676,451,48.63
1525,1425,451,19.87
1525,1424,451,26.65
9567,9667,451,12.5
2913,2812,451,26.62
2904,2803,451,16.09
2905,2804,451,12.14
2023,2022,451,10.29
2902,2901,451,32.99
4408,4507,451,5.98
1640,1540,451,10.81
2813,2812,451,59.3
9853,9953,451,2.92
9460,9560,451,3.24
7499,7400,451,3.9
3117,3017,451,3.85
6799,6700,451,1.72
4609,4608,451,11.89
9374,9373,452,54.61
1335,1234,452,32.44
1524,1423,452,26.51
9371,9470,452,20.75
1334,1234,452,15.69
2319,2318,452,13.32
1437,1337,452,13.58
9177,9176,452,13.73
2419,2418,452,11.63
9370,9470,452,11.08
1845,1844,452,9.15
1945,1844,452,6.75
1432,1431,452,9.52
3596,3496,452,4.7
9809,9909,452,5.85
2581,2480,452,12.1
2466,2465,452,25.58
1438,1337,452,32.19
9756,9855,452,6.16
9778,9777,452,43.47
9474,9373,452,28.61
2720,2719,452,11.7
9676,9675,453,53.54
9574,9573,453,51.06
9879,9878,453,45.73
1430,1429,453,46.41
9779,9878,453,22.57
2519,2518,453,11.47
3089,2988,453,11.91
1530,1429,453,12.03
2361,2260,453,8.24
2812,2811,453,51.77
9472,9471,454,47.06
1623,1622,454,26.25
1336,1235,454,31.96
1439,1338,454,32.5
1748,1647,454,29.35
1528,1527,454,16.77
1335,1235,454,15.08
1954,1853,454,19.82
2219,2218,454,13.73
2903,2802,454,12.63
2372,2271,454,12.14
3120,3119,454,13.3
9675,9674,455,54.47
9878,9877,455,51.77
1747,1646,455,29.15
1233,1132,455,30.97
1749,1648,455,29.31
9665,9664,455,15.38
2920,2919,455,13.18
1525,1426,455,15.25
3020,3019,455,13.73
1845,1745,455,7.29
9468,9569,455,9.56
9888,9889,455,5.57
2367,2366,455,24.75
1740,1641,455,6.42
9390,9490,455,2.8
2813,2712,455,26.5
7199,7200,455,2.09
9777,9776,455,48.26
1853,1852,456,54.1
9573,9572,456,42.91
2465,2464,456,27.23
1423,1422,456,29.71
1425,1324,456,30.98
1424,1323,456,30.84
1233,1133,456,17.63
1749,1649,456,18.84
1336,1236,456,16.36
9564,9563,456,14.86
1439,1339,456,14.72
9880,9979,456,22.8
9568,9668,456,12.91
1922,1921,456,11.74
2157,2056,456,14.35
2479,2378,456,12.14
1529,1428,456,11.97
2902,2801,456,15.9
1849,1750,456,12.76
9464,9563,456,6.34
2156,2056,456,3.58
2462,2362,456,3.19
2820,2819,456,9.9
3392,3292,456,2.5
2812,2711,456,31.37
9776,9775,457,55.11
2120,2119,457,13.4
9880,9980,457,13.53
1332,1331,457,10.09
2374,2273,457,11.89
1822,1821,457,12.06
3495,3394,457,11.94
2377,2276,457,11.9
2371,2270,457,12.07
9877,9876,457,57.12
2711,2710,458,57.5
1323,1322,458,62.67
1852,1851,458,53.87
1234,1134,458,16.68
9879,9978,458,20.21
9913,9912,458,13.3
2375,2274,458,12.14
2368,2267,458,11.44
2909,2808,458,10.47
2914,2814,458,6.71
1845,1744,458,8.74
1539,1440,458,9.07
1132,1131,458,43.61
3798,3698,458,2.57
2022,2021,458,16.58
8696,8796,458,2.02
7899,7900,458,1.56
9775,9774,459,53.72
9876,9875,459,60.04
1646,1645,459,32.3
1622,1621,459,24.93
1647,1546,459,31.43
1338,1237,459,32.52
9472,9571,459,19.6
2619,2618,459,11.24
2366,2365,459,26.36
9982,9981,459,9.17
2370,2269,459,12.08
2373,2272,459,12.12
1232,1231,459,10.27
3697,3597,459,2.76
3696,3597,459,2.89
2376,2275,459,12
2710,2709,460,58.49
9978,9977,460,51.87
1646,1545,460,28.72
2712,2611,460,29.62
9573,9672,460,21.34
2719,2718,460,12.96
1844,1843,460,13.72
9574,9673,460,17.53
1722,1721,460,10.35
2418,2417,460,12.99
2805,2704,460,12.04
2259,2158,460,7.49
2055,1955,460,4.57
1132,1031,460,32.45
9875,9874,461,52.44
1324,1223,461,32.48
1339,1238,461,32.5
1649,1548,461,29.45
1235,1135,461,16.43
9471,9570,461,20.65
1338,1238,461,14.34
2518,2517,461,13.29
1236,1135,461,31.68
1425,1325,461,10.82
1749,1650,461,13.22
1133,1032,461,31.77
9757,9856,461,6.21
2582,2481,461,12.1
9888,9989,461,5.94
1331,1330,461,27.78
9559,9659,461,3.21
3291,3191,461,2.92
8397,8297,461,1.8
8596,8697,461,1.32
1031,1030,462,61.04
2709,2708,462,53.55
2611,2610,462,55.61
9774,9773,462,39.05
2267,2266,462,25.53
2711,2610,462,28.13
1428,1427,462,16.76
1649,1549,462,18.77
9664,9663,462,15.21
2811,2810,462,12.09
1236,1136,462,16.8
1133,1033,462,16.68
2367,2266,462,11.8
9977,9976,462,54.86
9672,9671,463,42.39
1545,1544,463,41.9
2808,2807,463,24.43
1324,1224,463,14.85
1339,1239,463,14.72
2919,2918,463,13.58
1647,1547,463,11.35
2802,2701,463,15.98
2318,2317,463,9.84
2803,2703,463,8.41
2803,2702,463,12.24
1430,1329,463,11.42
9568,9669,463,9.52
2369,2268,463,11.38
2910,2809,463,8.06
2365,2364,463,29.19
3016,2916,463,3.9
3019,3018,463,12.94
9563,9562,463,14.65
2813,2713,463,7.57
9874,9873,464,37.71
1223,1222,464,41.73
1231,1230,464,20.79
1546,1445,464,30.09
2710,2609,464,27.28
1131,1130,464,18.14
2819,2818,464,13.62
2480,2379,464,11.79
2610,2609,464,54.16
2785,2684,464,10.63
9192,9193,464,2.12
9976,9975,464,53.63
2886,2786,464,3.75
9773,9772,465,41.26
2708,2707,465,48.94
1030,1029,465,45.09
2709,2608,465,30.62
1545,1444,465,32.24
2611,2510,465,29.47
1237,1137,465,17.77
1134,1034,465,15.63
2119,2118,465,13.59
2218,2217,465,9.45
2988,2887,465,11.97
1439,1340,465,8.91
9658,9758,465,3.15
1921,1920,465,12.36
1640,1541,465,6.09
9671,9670,466,45.64
2807,2806,466,34.04
2266,2265,466,27.04
1032,931,466,31.45
1223,1122,466,32.21
1031,930,466,24.47
1621,1620,466,14.64
9912,9911,466,13.51
1821,1820,466,12.14
2712,2612,466,9.55
1622,1521,466,11.81
1429,1328,466,10.91
4000,3900,466,3.46
9092,9093,466,1.49
2271,2170,466,12.01
1130,1129,467,46.44
9873,9872,467,42.56
9975,9974,467,38.36
2708,2607,467,32.16
1955,1854,467,21.64
9672,9771,467,21.52
1545,1644,467,21.69
1645,1644,467,13.21
2618,2617,467,13.58
2021,2020,467,12.01
1230,1229,467,46.51
2464,2363,467,13.61
2510,2509,467,53.78
1649,1550,467,13.1
1549,1448,467,32.45
1136,1035,467,32.52
2610,2509,467,30.31
3496,3395,467,10
1954,1854,467,4.84
1033,932,467,31.92
2364,2363,467,32.83
9292,9392,467,3.65
9809,9910,467,4.32
3190,3090,467,3.08
1328,1327,468,52.53
1547,1446,468,28.88
9874,9973,468,22.8
1238,1138,468,16.21
1223,1123,468,15.85
2417,2416,468,13.56
2718,2717,468,13.67
2362,2261,468,12.01
1222,1221,468,25.93
1444,1443,468,43.2
2707,2706,469,25.59
2609,2508,469,32.23
2517,2516,469,13.73
9663,9662,469,14.38
1744,1743,469,9.11
2273,2172,469,12.12
3394,3293,469,12.13
1549,1449,469,15.01
2378,2277,469,11.37
1136,1036,469,14.35
1853,1752,469,9.96
2270,2169,469,11.91
1721,1720,469,11.3
1122,1121,469,38.83
2276,2175,469,11.93
9771,9770,470,47.94
2265,2264,470,29.76
2608,2507,470,32.32
1034,933,470,32.3
9669,9768,470,22.14
9671,9770,470,20.24
1548,1447,470,15.82
2267,2166,470,11.86
2274,2173,470,11.87
2510,2409,470,30.5
2218,2117,470,8.97
1444,1343,470,32.41
1448,1447,470,35.75
1121,1120,471,58.66
1752,1751,471,61.29
9973,9972,471,47.35
931,830,471,32.41
930,929,471,24.6
9873,9972,471,21.46
9562,9561,471,14.26
2317,2316,471,13.23
1544,1543,471,13.63
2611,2511,471,9.43
2275,2174,471,12.13
1852,1751,471,9.87
1229,1228,471,33.1
9665,9764,471,6.25
9462,9561,471,6.35
2272,2171,471,12.11
1122,1021,471,31.52
2706,2705,472,43.38
1035,934,472,32.51
932,831,472,32.32
2818,2817,472,13
9669,9769,472,12.4
2702,2601,472,16.07
2269,2168,472,11.17
1324,1225,472,9.02
1339,1240,472,8.91
2704,2603,472,12.13
2260,2159,472,7.83
1137,1037,472,14.98
9689,9690,472,3.2
9757,9857,472,3.02
2918,2917,472,12.35
1444,1344,472,15.22
8895,8995,472,1.51
1122,1022,472,17.02
7199,7300,472,2.23
1221,1220,472,29.74
1343,1342,473,41.29
1521,1520,473,14.64
1920,1919,473,13.04
9772,9871,473,18.48
2481,2380,473,12.13
2703,2602,473,14.62
1621,1520,473,10.27
2056,1956,473,6.01
1540,1441,473,6.56
9972,9971,474,48.58
929,928,474,43.36
1327,1326,474,16.75
2166,2165,474,27.68
1620,1619,474,12.79
2266,2165,474,11.95
2217,2216,474,12.38
2814,2714,474,6.37
9889,9890,474,5.32
9789,9790,474,3.99
2264,2263,474,32.51
9589,9590,474,2.46
2683,2583,474,2.76
1343,1242,475,32.13
1121,1020,475,27.13
9771,9870,475,19.17
1035,935,475,14.1
1644,1643,475,13.58
932,832,475,13.04
2617,2616,475,13.41
2020,2019,475,13.18
1238,1139,475,10.2
2158,2057,475,10.01
1744,1643,475,8.71
2510,2410,475,10.32
3496,3396,475,4.51
1820,1819,475,12.37
2168,2167,476,25.41
1220,1219,476,27.41
1228,1227,476,23.14
1443,1442,476,13.64
2416,2415,476,13.58
2607,2606,476,12.08
2786,2685,476,12.08
2916,2815,476,11.21
2268,2167,476,11.72
1223,1124,476,9.87
2717,2716,476,12.73
2263,2262,477,36.63
1344,1243,477,32.22
934,833,477,32.48
830,829,477,18.06
9770,9869,477,21.49
1343,1243,477,16.03
1743,1742,477,13.64
2516,2515,477,13.13
2409,2408,477,16.35
1446,1345,477,15.83
9662,9661,477,14.15
2379,2278,477,11.38
3089,2989,477,2.82
1448,1347,477,15.63
7998,8099,477,1.29
9768,9767,478,13.67
2165,2164,478,29.09
1720,1719,478,11.98
2265,2164,478,12.07
2713,2613,478,7.11
1123,1023,478,10.23
1549,1450,478,9.15
9664,9763,478,6.26
2507,2506,478,12.73
1449,1348,478,15.82
8497,8498,478,1.28
2606,2605,479,35.81
1240,1140,479,16.29
2316,2315,479,13.72
1752,1651,479,14.23
9989,9990,479,5.82
1955,1855,479,5.47
2170,2069,479,11.51
1229,1128,479,12.14
1543,1542,479,13.72
3596,3497,479,2.92
9192,9293,479,2.28
