5784,5783,1,71.64
5783,5782,3,62.08
5782,5781,5,71.69
5781,5780,7,71.84
5780,5779,9,71.51
5779,5778,11,71.81
5778,5777,13,71.83
5777,5776,15,67.19
5776,5775,17,53.7
5784,5683,19,7.37
5775,5774,20,37.88
5683,5682,21,61.39
5682,5681,23,70.31
5774,5773,23,41.97
5681,5680,25,71.55
5773,5772,25,57.25
5781,5680,25,7.2
5772,5771,27,56.35
5680,5679,27,71.84
5780,5679,27,7.44
5771,5770,29,55.87
5679,5678,29,71.82
5779,5678,29,7.26
5770,5769,31,71.33
5678,5677,31,66.82
5776,5675,31,9.18
5777,5676,31,8.14
5778,5677,31,7.22
5769,5768,33,71.48
5675,5674,34,33.52
5768,5767,35,61.63
5674,5673,36,50.22
5673,5672,39,48.06
5773,5672,39,8.93
5784,5883,40,3.5
5672,5671,41,58.78
5772,5671,41,8.99
5883,5882,42,62.21
5683,5582,42,6.19
5671,5670,43,59.27
5767,5766,43,14.16
5771,5670,43,9.03
5682,5581,43,6.48
5882,5881,44,57.19
5770,5669,44,9.9
5681,5580,44,6.87
5680,5579,45,7.12
5881,5880,46,71.8
5669,5668,46,62.08
5769,5668,46,9.6
5579,5578,47,63.46
5678,5577,47,8.18
5679,5578,47,7.23
5776,5875,47,4.53
5880,5879,48,71.82
5780,5879,48,3.53
5875,5874,49,55.73
5675,5574,49,8.2
5676,5575,49,8.21
5677,5576,49,8.14
5879,5878,50,71.8
5674,5573,50,9.42
5768,5667,50,8.62
5777,5876,50,3.9
5766,5765,51,14.04
5878,5877,52,71.72
5573,5572,52,56.01
5667,5666,52,62.34
5874,5873,52,44.11
5765,5764,53,59.73
5572,5571,54,71.63
5666,5665,54,60.37
5764,5763,55,62.11
5571,5570,56,71.63
5773,5872,56,4.37
5570,5569,58,61.71
5772,5871,58,4.41
5784,5684,58,1.73
5770,5869,59,4.79
5771,5870,59,4.43
5569,5568,60,71.45
5577,5476,61,17.12
5579,5478,61,15.95
5869,5868,62,23.33
5574,5473,62,17.11
5575,5474,62,16.46
5769,5868,62,3.6
5578,5477,63,14.83
5665,5664,64,3.94
5572,5471,64,18.3
5765,5664,64,16.36
5573,5472,64,16.8
5667,5566,64,16.17
5580,5479,64,11.49
5581,5480,64,11.64
5582,5481,64,10.65
5571,5470,65,18.11
5666,5565,65,16.32
5576,5475,65,11.98
5764,5663,66,16.17
5570,5469,67,16.28
5569,5468,68,16.29
5763,5762,68,3.88
5565,5564,70,23.27
5473,5372,70,19.33
5478,5377,70,16.64
5768,5867,70,3.05
5474,5373,71,17.07
5684,5583,71,12.48
5477,5376,72,16.85
5468,5467,73,22.99
5471,5370,73,17.34
5472,5371,73,17.05
5566,5465,73,16.27
5481,5380,73,16.07
5470,5369,74,17.02
5565,5464,74,16.3
5479,5378,74,14.83
5480,5379,74,14.78
5867,5866,75,23.31
5469,5368,76,15.9
5476,5375,76,9.93
5468,5367,77,15.85
5467,5466,78,23.19
5475,5374,79,10.59
5373,5272,80,17.41
5372,5271,80,15.7
5377,5276,80,15.71
5367,5366,81,25.13
5370,5269,82,15.98
5371,5270,82,16.29
5465,5364,82,16.28
5784,5884,82,1.07
5369,5268,83,15.83
5379,5278,83,15.77
5380,5279,83,14.66
5374,5273,84,31.98
5378,5277,84,14.79
5583,5482,84,10.93
5368,5267,85,15.9
5366,5365,86,23.22
5367,5266,86,17.32
5375,5274,87,13.32
5568,5567,87,3.81
5875,5974,87,3.18
5366,5265,90,16.2
5272,5171,90,14.77
5271,5170,90,15.25
5276,5275,91,9.95
5274,5173,92,33.07
5974,5973,92,23.16
5268,5167,92,15.81
5278,5177,92,16.32
5269,5168,92,15.09
5270,5169,92,15.49
5663,5662,92,3.87
5273,5172,93,16.06
5279,5178,93,14.24
5883,5982,93,2.32
5267,5166,94,16.14
5277,5176,94,15.59
5762,5761,94,3.99
5765,5864,94,3.08
5482,5381,96,12.85
5276,5175,96,8.97
5564,5563,96,3.9
5973,5972,97,23.33
5662,5661,97,23.27
5871,5970,97,3.61
5274,5174,98,9.55
5764,5863,98,3
5881,5980,98,2.33
5761,5760,99,23.33
5876,5975,99,2.71
5171,5070,100,14.79
5170,5069,100,14.94
5464,5463,100,3.91
5880,5979,100,2.39
5661,5660,101,29.28
5563,5562,101,23.2
5173,5072,101,16.04
5662,5561,101,16.31
5866,5865,101,3.99
5870,5969,101,3.4
5863,5862,102,25.87
5972,5971,102,23.11
5169,5068,102,15.09
5168,5067,102,15.57
5879,5978,102,2.4
5174,5073,103,33.51
5176,5075,103,16.33
5178,5077,103,14.83
5177,5076,103,14.03
5869,5968,103,3.25
5760,5759,104,23.33
5661,5560,104,20.83
5172,5071,104,14
5660,5659,105,30.04
5563,5462,105,16.15
5862,5861,106,28.95
5381,5280,106,14.3
5067,5066,107,23.17
5978,5977,107,20.19
5759,5758,108,28.3
5968,5967,108,23.31
5660,5559,108,21.52
5174,5074,108,11.1
5364,5363,108,3.91
5877,5976,109,2.36
5659,5658,110,23.33
5070,4969,110,14.86
5069,4968,110,14.83
5861,5860,111,20.87
5067,4966,111,16.1
5068,4967,111,15.83
5684,5584,111,1.91
5066,5065,112,23.23
5073,4972,112,16.56
5072,4971,112,13.34
5758,5757,113,23.44
5074,4973,113,32.48
5658,5657,114,26.2
5659,5558,114,16.51
5071,4970,114,14.63
5077,4976,114,13.59
4966,4965,115,25.23
5280,5179,115,16.23
5076,4975,115,12.73
5860,5859,116,20.86
5074,4974,116,13.94
5265,5264,116,3.9
5867,5966,116,3.11
5065,5064,117,23.23
5558,5557,118,28.95
5658,5557,118,18.19
4965,4964,119,25.43
5657,5656,119,24.5
4968,4867,119,15.81
5859,5858,120,26.4
4967,4866,120,16.65
4966,4865,120,17.4
4969,4868,120,15.7
5166,5165,120,3.9
5982,5981,120,3.71
4974,4873,121,32.76
5966,5965,121,20.21
5558,5457,121,30.13
5077,4977,121,4.89
5557,5556,122,28.35
5064,5063,122,20.36
5657,5556,122,24.09
4973,4872,122,23.12
4971,4870,122,19.87
4964,4963,123,27.2
4965,4864,123,25.5
4970,4869,123,20.6
4972,4871,123,17.67
5584,5483,123,15.8
5557,5456,124,26.64
4974,4874,124,15.18
4976,4875,124,17.3
5858,5857,125,22.8
5165,5164,125,20.35
4964,4863,125,25.5
5656,5655,125,16.75
5179,5078,125,16.61
5063,5062,126,27.96
5457,5356,126,29.69
5965,5964,126,20.27
4865,4764,126,24.92
4866,4765,126,24.62
4867,4766,126,23.76
4963,4962,127,27.73
4868,4767,127,21.78
5456,5455,128,27.38
4874,4773,128,35.37
4863,4862,129,27.52
4864,4763,129,25.34
4963,4862,129,26.02
4873,4772,129,19.02
5656,5555,129,15.82
5062,5061,130,27.56
5356,5355,130,31.15
5857,5856,130,20.13
5164,5163,130,20.35
5456,5355,130,25.68
4869,4768,130,20.45
4872,4771,130,18.7
4870,4769,130,19.77
4962,4961,131,27.62
5356,5255,131,29.46
4863,4762,131,25.81
4871,4770,131,18.86
4764,4663,132,25.29
4765,4664,132,24.35
4766,4665,132,24.04
5655,5654,132,16
5483,5382,132,15.77
5381,5281,132,3.04
5482,5382,132,2.41
5856,5855,133,36.17
4862,4861,133,27.38
4962,4861,133,25.91
4767,4666,133,23.64
5857,5756,133,19.07
5462,5461,133,3.49
5862,5961,133,5.84
5364,5263,133,3.3
5061,5060,134,26.63
5455,5454,134,16.92
4874,4774,134,11.09
5558,5458,134,5.7
5973,6072,134,3.71
5974,6073,134,3.27
5784,5785,134,0.84
5654,5653,135,35.83
4961,4960,135,26.61
5255,5254,135,32.51
5856,5755,135,34.92
5163,5162,135,20.35
4763,4662,135,25.76
4862,4761,135,25.67
4773,4672,135,20.61
5655,5554,135,15.18
4976,4876,135,4.79
5972,6071,135,4.18
5883,5983,135,1.15
5255,5154,136,30.87
5855,5854,136,35.19
5363,5362,136,3.46
5863,5962,136,4.43
5970,6069,136,3.97
5654,5553,137,34.5
4961,4860,137,24.92
4768,4667,137,21.78
4772,4671,137,18.23
5455,5354,137,15.96
5060,5059,138,27.3
4665,4564,138,23.84
4771,4670,138,18.63
4769,4668,138,19.82
5855,5754,138,33.75
5254,5253,139,29.33
4770,4669,139,18.82
5854,5853,139,35.22
5553,5552,140,35.56
5154,5153,140,28.47
6071,6070,140,20.06
5162,5161,140,20.36
5554,5453,140,34.76
5060,4959,140,25.59
4666,4565,140,23.48
5961,5960,140,16.51
5457,5357,140,5.52
5280,5180,140,3.23
5969,6068,140,3.96
5754,5753,141,35.64
5854,5753,141,33.79
5853,5852,142,34.87
5553,5452,142,34.18
5154,5053,142,26.76
5653,5652,142,15.49
4774,4673,142,18.93
5784,5685,142,1.16
4667,4566,143,23.64
4672,4571,143,18.52
5968,6067,143,3.81
5161,5160,144,26.52
5853,5752,144,33.4
5454,5353,144,15.34
5452,5451,145,35.34
5652,5651,145,35.92
4668,4567,145,21.46
4671,4570,145,18.23
5356,5256,145,5.43
4670,4569,146,18.13
5382,5282,146,7.31
5856,5955,146,9.37
5452,5351,147,33.92
5652,5551,147,34.61
5552,5551,147,15.57
4669,4568,147,19.13
5752,5751,147,35.11
5561,5460,147,3.49
5451,5450,148,36.29
5160,5159,148,27.44
5180,5079,148,18.32
5255,5155,148,6.02
5859,5958,148,4.63
5560,5459,148,3.64
5955,5954,149,35.99
6067,6066,149,19.83
4673,4572,149,21.01
5351,5350,150,36.38
5451,5350,150,35.1
4566,4465,150,23.19
5453,5352,150,14.93
4874,4775,150,5.65
4977,4877,150,3.51
5450,5449,151,36.38
4571,4470,151,18.23
5975,6074,151,2.8
5954,5953,152,34.62
5351,5250,152,35.24
5460,5359,152,28.91
4567,4466,152,22.87
5856,5956,152,4.55
5462,5361,152,3.22
5350,5349,153,36.31
5450,5349,153,35.25
5155,5054,153,31.38
6066,6065,154,20.09
5159,5158,154,16.96
4568,4467,154,21.11
4569,4468,154,18.77
5353,5252,154,15.4
4570,4469,154,17.47
5953,5952,155,34.47
5250,5249,155,35.84
5350,5249,155,35.35
5352,5251,155,34.92
5964,5963,155,3.54
4775,4674,155,33.68
5363,5262,155,3.19
5077,4978,155,2.45
5863,5963,155,2.02
5349,5348,156,36.39
5282,5181,156,14.33
5980,6079,156,2.53
5349,5248,157,35.37
5250,5149,157,35.04
4572,4471,157,18.98
5159,5058,157,16
5158,5157,158,32.17
5584,5484,158,2.25
5348,5347,159,36.41
5252,5151,159,35.02
5158,5057,159,30.51
4466,4365,159,22
4877,4776,159,17.12
5979,6078,159,2.5
5248,5247,160,36.3
5149,5148,160,35.44
5249,5148,160,35.28
5251,5150,160,35.32
4674,4573,160,30.08
4470,4369,160,17.24
5451,5550,160,9.74
5860,5959,160,2.96
4467,4366,161,21.94
5256,5156,161,6.53
5978,6077,161,2.49
5347,5346,162,36.41
5248,5147,162,35.35
5149,5048,162,34.72
4468,4367,162,20.04
5450,5549,162,10.17
4469,4368,162,18.23
5955,6054,162,9.01
5752,5851,162,7.88
5965,6064,162,3.52
5247,5246,163,36.06
4775,4675,163,7.72
5151,5050,164,33.82
5181,5080,164,19.05
5956,6055,164,12.74
5155,5055,164,6.26
4662,4661,164,3.56
4761,4760,164,3.54
5858,5957,164,3.25
5346,5345,165,36.21
5147,5146,165,35.91
6054,6053,165,34.81
5851,5850,165,35.4
5247,5146,165,35.2
5148,5047,165,35.32
5150,5049,165,33.88
5149,5049,165,13
4471,4370,165,17.94
5252,5152,165,9.34
4860,4859,165,3.58
5976,6075,165,2.59
5246,5245,166,35.32
5349,5448,166,11.04
5651,5650,166,4.89
5977,6076,166,2.47
4675,4574,167,35.37
5147,5046,167,35.09
5851,5750,167,33.99
6064,6063,167,20.32
4573,4472,167,20.61
5151,5051,167,14.19
5484,5383,167,15.74
5460,5360,167,5.23
4564,4563,167,3.46
5345,5344,168,35.94
5146,5145,168,35.44
5246,5145,168,34.61
5956,6056,168,6.64
4959,4958,168,3.7
5884,5984,168,1.23
5245,5244,169,35.74
5050,4949,169,33.17
5055,4954,169,29.93
4367,4266,169,20.45
4369,4268,169,17.66
5046,5045,170,35.62
6053,6052,170,20.04
5146,5045,170,34.71
5049,4948,170,34.43
5348,5447,170,10.69
4978,4878,170,6.79
4368,4267,170,18.93
5053,5052,170,3.68
5344,5343,171,36.32
5145,5144,171,36.07
6063,6062,171,30.45
5245,5144,171,34.96
5050,4950,171,14.83
4877,4777,171,4.88
5046,4945,172,34.86
5244,5243,172,36.26
5045,5044,173,36.16
4954,4953,173,31.53
5145,5044,173,35.21
4574,4473,173,26.06
5650,5649,173,15.7
5080,4979,173,17.14
4675,4575,173,10.79
5347,5446,173,10.74
6071,6170,173,3.75
5382,5283,173,3.49
4954,4853,174,29.85
5051,4951,174,14.83
5750,5749,174,15.45
4370,4269,174,17.61
5346,5445,174,11.8
5144,5143,174,36.26
6068,6167,174,4.23
5244,5143,174,35.33
5343,5342,174,36.17
6062,6061,175,32.14
5045,4944,175,35.27
5046,4946,175,12.74
4472,4371,175,19.09
6070,6169,175,4.08
5161,5260,175,4.1
5243,5242,175,34.82
5044,5043,176,35.86
4950,4849,176,33.17
5156,5056,176,6.99
5144,5043,176,35.33
4663,4562,176,3.29
5457,5358,176,2.58
5445,5444,177,36.41
4953,4952,177,28.21
4268,4167,177,17.91
5345,5444,177,12.43
5160,5259,177,4.34
6072,6171,177,3.37
5143,5142,177,34.15
5243,5142,177,34.19
5784,5885,177,0.84
4853,4852,178,26.09
5342,5341,178,32.28
5044,4943,178,35.05
4575,4474,178,35.11
4950,4850,178,14.83
4267,4166,178,17.99
5158,5257,178,6.01
5162,5261,178,3.29
5242,5241,179,29.46
5342,5241,179,31.88
6055,6154,179,10.02
5952,5951,179,4.27
4662,4561,179,3.29
4761,4660,179,3.28
6073,6172,179,3.18
5043,5042,179,35.5
5143,5042,179,33.6
5444,5443,180,36.41
5242,5141,180,29.21
4853,4752,180,24.4
4473,4372,180,20.34
5851,5950,180,8.18
5549,5548,180,5.69
5282,5182,180,2.99
6067,6166,180,3.92
4860,4759,180,3.31
5983,6082,180,3.17
4951,4851,181,16.17
6054,6153,181,12.26
4943,4942,181,30.86
5956,6057,181,6.69
4465,4464,181,4.12
5961,6060,181,3.28
5043,4942,181,27.27
5341,5340,182,21.53
5142,5041,182,25.84
6169,6168,182,14.21
4575,4475,182,11.53
5850,5849,182,9.18
5055,4955,182,8.01
4959,4858,182,3.44
5343,5442,182,17.51
5241,5240,183,27.66
4850,4749,183,32.97
4371,4270,183,17.88
4269,4168,183,16.87
5342,5441,183,18.67
6055,6155,183,8.68
4943,4842,183,29.42
4564,4463,183,3.02
5141,5140,184,30.67
5042,4941,184,27.46
4474,4373,184,24.56
4948,4947,184,9.83
5181,5081,184,3.97
6060,6059,184,38.68
5141,5040,185,29.27
5445,5544,185,15.94
5446,5545,185,15.54
4954,4854,185,7.78
4943,4843,185,16.44
5340,5339,186,27.7
4851,4750,186,28.9
6166,6165,186,19.1
5341,5440,186,18.4
4850,4750,186,13.19
4167,4066,186,16.06
6066,6165,186,4.72
5685,5585,186,2.37
4942,4841,186,29.61
5240,5239,187,29.25
4749,4748,187,31.42
5041,4940,187,30.21
4475,4374,187,33.49
6153,6152,187,19.86
4851,4751,187,16.7
5444,5543,187,16.34
5749,5748,187,9.37
5649,5648,187,8.97
4777,4676,187,10.44
5158,5258,187,4.4
5981,6080,187,2.47
5040,5039,188,35.63
5140,5139,188,30.95
6059,6058,188,32.45
4749,4648,188,29.85
4849,4848,188,9.33
5446,5546,188,8.56
4365,4364,188,4.03
4941,4840,189,30.38
5443,5542,189,17.38
6063,6162,189,8.08
5440,5439,189,35.77
5239,5238,190,37.25
4940,4939,190,36.24
5339,5338,190,30.37
5040,4939,190,32.69
4854,4753,190,32.01
4749,4649,190,16.2
4372,4271,190,14.25
6062,6161,190,9.4
6052,6051,190,6.25
4948,4847,190,8.58
4978,4879,190,3.27
5139,5138,191,33.84
4648,4647,191,33.46
5039,5038,191,36.73
4748,4747,191,32.66
4841,4740,191,29.45
6165,6164,191,20.73
5951,6050,191,12.26
4958,4957,191,5.24
5442,5541,191,17.24
4840,4839,192,35.57
4940,4839,192,33
4751,4650,192,28.38
4066,4065,192,17.24
4373,4272,192,19.9
4168,4067,192,16.17
4475,4375,192,10.86
5950,5949,192,8.72
5548,5547,192,9
5439,5438,192,36.73
5338,5337,193,37.9
5238,5237,193,38.75
4939,4938,193,37.44
4648,4547,193,31.34
5039,4938,193,33.21
6152,6151,193,20
4374,4273,193,23.73
4751,4651,193,16.94
4841,4741,193,16.42
5081,4980,193,17.02
4270,4169,193,14.44
5849,5848,193,9.74
4945,4844,193,7.56
6055,6156,193,6.53
4943,4844,193,10.29
5038,5037,194,36.44
5138,5137,194,35.8
4740,4739,194,34.6
4840,4739,194,32.65
4955,4855,194,8.77
4675,4576,194,3.66
5057,4956,194,4.32
4839,4838,195,37.57
4649,4548,195,30.13
4939,4838,195,33.44
4648,4548,195,15.13
4946,4845,195,7.9
6074,6173,195,3.64
5237,5236,196,38.63
4938,4937,196,38.02
5337,5336,196,38.6
5438,5437,196,32.59
5038,4937,196,33.09
6164,6163,196,21.23
4740,4639,196,32.09
4753,4652,196,25.75
4575,4476,196,6.11
5440,5539,196,14.78
5137,5136,197,34.72
4739,4738,197,37.04
5037,5036,197,35.64
4839,4738,197,33.47
4650,4549,197,32.33
4065,4064,197,22.5
4375,4274,197,32.8
4649,4549,197,16.03
5748,5747,197,10.05
5541,5540,197,16.68
4266,4265,197,3.88
6060,6159,197,9.33
6161,6160,197,15.42
4838,4837,198,37.82
4938,4837,198,33.51
4740,4640,198,14.41
5542,5641,198,16.86
5648,5647,198,9.45
4854,4754,198,8.21
4741,4640,198,29.22
5336,5335,199,38.6
5236,5235,199,38.73
4937,4936,199,37.2
4639,4638,199,36.99
4739,4638,199,33.33
5037,4936,199,32.7
6151,6150,199,19.73
4651,4551,199,17.17
4651,4550,199,27.79
5539,5538,199,38.73
4066,3965,199,11.41
4878,4778,199,3.38
4738,4737,200,37.16
5437,5436,200,25.99
4838,4737,200,33.51
4272,4171,200,18.66
4271,4170,200,14.34
5542,5642,200,9.86
4841,4742,200,10.27
4548,4447,200,31.19
4741,4641,200,16.54
5983,6083,200,1.83
4837,4836,201,37.16
5136,5135,201,30.88
6159,6158,201,32.69
5036,5035,201,31.12
5236,5135,201,33.03
4937,4836,201,33.38
4639,4538,201,33.31
4273,4172,201,19.73
5438,5537,201,16.8
4947,4846,201,8.63
4759,4758,201,4.97
4660,4659,201,4.82
5335,5334,202,38.69
5235,5234,202,36.36
4936,4935,202,34.5
4638,4637,202,37.26
5036,4935,202,29.62
4738,4637,202,33.37
4064,4063,202,20.9
4169,4068,202,16.27
4065,3964,202,15.25
4858,4857,202,5.12
4561,4560,202,4.48
4549,4448,202,30.51
4548,4448,202,15.26
4777,4677,202,3.14
5484,5384,202,2.35
5436,5435,203,33.84
4737,4736,203,37.65
4837,4736,203,33.37
4754,4653,203,30.97
4067,3966,203,13.09
4375,4275,203,9.11
5949,5948,203,9.66
4647,4646,203,8.59
4747,4746,203,8.76
6050,6049,203,8.46
4640,4539,203,31.59
4836,4835,204,36.15
4447,4446,204,32.93
5235,5134,204,33.06
4936,4835,204,32.03
4638,4537,204,33.4
4551,4450,204,30.6
4274,4173,204,22.77
5437,5536,204,18.62
4550,4449,204,31.92
4855,4755,204,10.49
5848,5847,204,9.92
6082,6081,204,4.21
4549,4449,204,15.77
5537,5536,204,38.38
6079,6178,204,3.24
4538,4537,204,38.43
4637,4636,205,38.43
4935,4934,205,35.2
5334,5333,205,35.2
5035,5034,205,28.58
4737,4636,205,33.49
4447,4346,205,30.97
5641,5640,205,14.84
4463,4462,205,4.6
4641,4540,205,30.4
4166,4165,205,3.79
4547,4546,205,8.68
6162,6261,205,8.95
4640,4540,205,14.91
4736,4735,206,38
5435,5434,206,35.59
5234,5233,206,33.2
4836,4735,206,32.96
4551,4451,206,15.71
4064,3963,206,16.91
4651,4552,206,11.32
4538,4437,206,33.41
4446,4445,207,34.03
4835,4834,207,38.05
4637,4536,207,33.41
5234,5133,207,31.16
4935,4834,207,32.45
4448,4347,207,30.73
4447,4347,207,15.44
5747,5746,207,10.13
4537,4536,207,38.74
4475,4376,207,5.67
4641,4541,207,15.85
4742,4642,207,16.35
5283,5183,207,2.98
5536,5535,207,35.7
4741,4642,207,10.42
4934,4933,208,35.39
4346,4345,208,35.76
5640,5639,208,36.01
4636,4635,208,38.59
4736,4635,208,33.51
4063,4062,208,16.96
4171,4070,208,18.44
5642,5741,208,17.72
3965,3864,208,17.07
5540,5639,208,13
5542,5643,208,7.54
6168,6267,208,5.57
6166,6265,208,5.1
4539,4438,208,33.5
6078,6177,208,3.13
5434,5433,209,35.46
4437,4436,209,38.38
4735,4734,209,38.72
5333,5332,209,30.01
5034,5033,209,29.59
4755,4654,209,33.48
4835,4734,209,33.51
4449,4348,209,31.56
6049,6048,209,16.84
4448,4348,209,15.62
4172,4071,209,19.34
4170,4069,209,17.12
5647,5646,209,9.16
4537,4436,209,32.43
6155,6254,209,5.5
6154,6253,209,4.9
6170,6269,209,4.13
6077,6176,209,3.13
4450,4349,209,32.77
4834,4833,210,38.76
4445,4444,210,34.5
5233,5232,210,29.44
4934,4833,210,32.56
4346,4245,210,32.76
5333,5232,210,28.74
4636,4535,210,31.86
4165,4164,210,22.44
5642,5742,210,10.97
4536,4535,210,38.7
5539,5638,210,10.49
4540,4439,210,32.45
4365,4264,210,2.7
3864,3863,211,36.07
4345,4344,211,35.42
4635,4634,211,38.47
4933,4932,211,36.78
5133,5132,211,31.1
4437,4336,211,33.43
4735,4634,211,32.34
6153,6252,211,4.85
5535,5534,211,31.75
4451,4350,211,33.27
4062,4061,211,38.64
4436,4435,212,35.9
4734,4733,212,38.29
5033,5032,212,35.19
4347,4246,212,32.08
5133,5032,212,29.6
4834,4733,212,32.6
3963,3962,212,16.74
6261,6260,212,15.23
4173,4072,212,19.81
4063,3962,212,15.06
4068,3967,212,14.59
6150,6149,212,7.99
4536,4435,212,32.26
4541,4440,212,31.96
5545,5644,212,5.25
4364,4363,212,4.17
4833,4832,213,38.65
4245,4244,213,34.14
4444,4443,213,34.13
5332,5331,213,31.63
4345,4244,213,32.57
4635,4534,213,31.55
4933,4832,213,33.23
5746,5745,213,17.53
6265,6264,213,20.05
5333,5432,213,17.84
4446,4545,213,16.01
6269,6268,213,30.14
4535,4534,213,37.94
4844,4743,213,7.44
4438,4337,213,33.06
4742,4743,213,8.11
6076,6175,213,3.18
6162,6262,213,4.19
4062,3961,213,33.21
3863,3862,214,38.18
4344,4343,214,35.02
4634,4633,214,38.6
4932,4931,214,37.73
4061,4060,214,38.74
5132,5131,214,33.53
4336,4335,214,36.27
5232,5231,214,30.84
4164,4163,214,26.74
4264,4263,214,25.75
4349,4248,214,32.77
4436,4335,214,32.83
4654,4553,214,30.37
5332,5231,214,30.02
4734,4633,214,31.16
4348,4247,214,31.36
3864,3763,214,27.82
6267,6266,214,17.42
4347,4247,214,14.42
4642,4542,214,16.16
4755,4655,214,10.79
5948,5947,214,9.43
4551,4452,214,9.47
4541,4441,214,14.55
4742,4643,214,10.18
5536,5635,214,14.84
5537,5636,214,11.66
5538,5637,214,9.44
4451,4351,214,12.54
5032,5031,215,36.63
4733,4732,215,38.72
6260,6259,215,38.7
4833,4732,215,33.19
4245,4144,215,31.79
6048,6047,215,17.8
5640,5739,215,14.57
5847,5846,215,9.84
4746,4745,215,8.37
3966,3865,215,12.32
4275,4174,215,12.4
4646,4645,215,8.44
4535,4434,215,33.51
4435,4434,215,34.92
4955,4856,215,4.41
4439,4338,215,33.41
5534,5533,215,29.63
4244,4243,216,33.88
4534,4533,216,35.64
4443,4442,216,34.62
4832,4831,216,37.85
3863,3762,216,33.49
4344,4243,216,32.34
4634,4533,216,33.27
4932,4831,216,33.5
4061,3960,216,32.46
4336,4235,216,33.01
4350,4249,216,31.84
5741,5740,216,13.15
4845,4744,216,7
6156,6255,216,6.43
5081,4981,216,3.14
5182,5082,216,2.81
5535,5634,216,17.19
3961,3960,216,37.8
4335,4334,217,38.71
4060,4059,217,37.05
5131,5130,217,36.49
3862,3861,217,38.68
4633,4632,217,38.5
4343,4342,217,36.07
4931,4930,217,37.73
4733,4632,217,32.33
4440,4339,217,33.38
4246,4145,217,32.19
5432,5431,217,32.96
4245,4145,217,14.72
4070,3969,217,16.29
5746,5645,217,15.4
4445,4544,217,15.71
5642,5743,217,8.56
4435,4334,217,32.28
6152,6251,217,4.81
3962,3861,217,33.45
4545,4544,217,32.81
6057,6157,217,2.82
6259,6258,218,34.61
4732,4731,218,37.14
5031,5030,218,37.37
4263,4262,218,30.32
4244,4143,218,31.62
4534,4433,218,32.69
4832,4731,218,33.51
6149,6148,218,17.54
4350,4250,218,14.67
6175,6174,218,22.77
4434,4433,218,38.07
6264,6263,218,21.12
6074,6174,218,1.62
4337,4236,218,32.81
3961,3860,218,30.25
4235,4234,219,34.64
4243,4242,219,35.18
4831,4830,219,37.69
4655,4554,219,32.75
4335,4234,219,33.07
4248,4147,219,31.14
4441,4340,219,33.28
4060,3959,219,29.12
4163,4162,219,20.37
4247,4146,219,32.18
3862,3761,219,32.14
4633,4532,219,33.36
4343,4242,219,32.92
4931,4830,219,33.5
4246,4146,219,14.3
4444,4543,219,15.95
4069,3968,219,14.92
4071,3970,219,14.4
4533,4532,219,37.94
3762,3761,219,37.92
6171,6270,219,3.48
4562,4461,219,3.35
5534,5633,219,17.95
4334,4333,220,36.16
4930,4929,220,37.66
4342,4341,220,37.25
4632,4631,220,37.81
4144,4043,220,30.84
4732,4631,220,33.36
4072,3971,220,18.71
4338,4237,220,33.25
4434,4333,220,33.51
4433,4432,221,38.2
4731,4730,221,36.46
4243,4142,221,32.44
4831,4730,221,33.49
5846,5845,221,17.58
6047,6046,221,18.58
4248,4148,221,15.3
4249,4148,221,32
5331,5330,221,13.37
4855,4756,221,5.44
4533,4432,221,33.51
3762,3661,221,30.47
4062,4161,221,10.93
4242,4241,222,36.61
4830,4829,222,37.7
4930,4829,222,33.49
4145,4044,222,31.28
4339,4238,222,33.38
4342,4241,222,33.39
4235,4134,222,26.14
4632,4531,222,33.5
4144,4044,222,15.54
5739,5738,222,14.3
5231,5230,222,13.59
5432,5531,222,16.61
4758,4757,222,4.77
6151,6250,222,4.89
6156,6256,222,3.53
3761,3760,222,36.46
4532,4531,222,38.57
4545,4644,222,16.69
4858,4757,222,3.56
4759,4658,222,3.45
4660,4559,222,3.32
3861,3760,222,29.61
5533,5532,222,14.76
4929,4928,223,37.66
4234,4233,223,30.62
4433,4332,223,30.97
4143,4042,223,31.19
4250,4149,223,28.38
4731,4630,223,33.1
4334,4233,223,27.94
4249,4149,223,14.51
4631,4630,223,37.34
3763,3662,223,16.78
4375,4276,223,4.61
4236,4135,223,31.49
4262,4261,223,20.45
4142,4141,224,34.44
4432,4431,224,34.71
4730,4729,224,37.81
4161,4160,224,38.74
4242,4141,224,33.16
4147,4046,224,29.95
4146,4045,224,31.08
4830,4729,224,33.49
4340,4239,224,33.36
4250,4150,224,16.94
6148,6147,224,18.08
4145,4045,224,15.19
3865,3764,224,15.78
6047,5946,224,15.97
5330,5329,224,34.55
3661,3660,224,34.43
5745,5744,224,9.12
4351,4251,224,10.01
4554,4453,224,31.25
4879,4779,224,3.02
3761,3660,224,28.32
4532,4431,224,31.8
6172,6271,224,3.17
4829,4828,225,37.67
4241,4240,225,36.56
4531,4530,225,37.91
5738,5737,225,35.41
4929,4828,225,33.49
4341,4240,225,33.48
5633,5632,225,18.02
5130,5129,225,13.55
4658,4657,225,36.68
4981,4880,225,16.04
5431,5430,225,13.22
4631,4530,225,33.42
4237,4136,225,33.51
4928,4927,226,37.35
4134,4133,226,29.92
4142,4041,226,31.99
4730,4629,226,33.5
5230,5229,226,33.3
4148,4047,226,28.96
4234,4133,226,22.06
4147,4047,226,16.14
5030,5029,226,13.98
4174,4073,226,13.86
4655,4555,226,9.04
5330,5229,226,32.06
6260,6359,226,10.72
4630,4629,226,38.3
6080,6179,226,3.64
4561,4460,226,3.05
4160,4159,227,38.03
4729,4728,227,37.75
4332,4331,227,29.99
4233,4232,227,29.67
4829,4728,227,33.49
4757,4656,227,31.22
4241,4140,227,33.14
4531,4430,227,30.44
4044,3943,227,31.49
4238,4137,227,32.34
5845,5844,227,17.18
4432,4331,227,26.22
4148,4048,227,16.67
4333,4232,227,23.56
4658,4557,227,28.62
6157,6257,227,10.3
3661,3560,227,25.91
3660,3659,227,35.61
4451,4352,227,6.8
4530,4529,228,38.5
4828,4827,228,36.89
5430,5429,228,35.08
4928,4827,228,33.42
6250,6249,228,18.54
5737,5736,228,37.97
4630,4529,228,33.47
5632,5631,228,35.88
6359,6358,229,36.11
5029,5028,229,36.94
3764,3663,229,29.9
4046,3945,229,31.57
4150,4049,229,30.43
4045,3944,229,32.18
4729,4628,229,33.5
4239,4138,229,31.79
3662,3561,229,27
4134,4033,229,21.41
4044,3944,229,15
4629,4628,229,38.47
5741,5840,229,6.75
4460,4459,229,35.17
5585,5485,229,2.38
4463,4362,229,3.14
4261,4260,229,19.37
4728,4727,230,37.51
4557,4556,230,38.51
3659,3658,230,36.65
4159,4158,230,37.29
4133,4132,230,32.63
4530,4429,230,31.64
4828,4727,230,33.28
4240,4139,230,32.17
4431,4330,230,23.6
6147,6146,230,18.69
4332,4231,230,21.48
4233,4132,230,21.19
5531,5530,230,13.24
3971,3870,230,14.82
3969,3868,230,11.2
4657,4556,230,32.78
6262,6361,230,8.73
4135,4034,230,21.41
3660,3559,230,27.26
4827,4826,231,36.94
5736,5735,231,38.6
4529,4528,231,38.67
4047,3946,231,30.32
4046,3946,231,14.93
4150,4050,231,15.83
3970,3869,231,12.11
4250,4151,231,10.95
4629,4528,231,33.38
4555,4454,231,31.86
4136,4035,231,25.43
4778,4678,231,3.13
5631,5630,231,37.09
5840,5839,232,37.99
4260,4259,232,38.48
4033,4032,232,38.61
4728,4627,232,33.46
4137,4036,232,30.84
4557,4456,232,33.35
3659,3558,232,28.57
4048,3947,232,29.26
4159,4058,232,29.47
4133,4032,232,24.01
5738,5837,232,15.06
4628,4627,232,38.48
6260,6360,232,5.18
4460,4359,232,26.74
4459,4458,232,38.75
4132,4131,233,35.54
3658,3657,233,37.15
4727,4726,233,37.99
4429,4428,233,34.24
4362,4361,233,31.34
4827,4726,233,33.29
4529,4428,233,32.13
5844,5843,233,17.22
4430,4329,233,24.36
5129,5128,233,13.05
5329,5328,233,12.23
3560,3459,233,24.67
5742,5841,233,6.31
5735,5734,234,38.47
4528,4527,234,38.57
4231,4230,234,31.44
4049,3948,234,31.16
4033,3932,234,31.92
4138,4037,234,33.37
6249,6248,234,18.05
4331,4230,234,20.68
4048,3948,234,16.52
4927,4926,234,13.89
4073,3972,234,19.2
4928,5027,234,13.24
4628,4527,234,33.38
6267,6366,234,5.62
4459,4358,234,32.48
4259,4258,235,38.42
4032,4031,235,38.23
5839,5838,235,37.41
3658,3557,235,29.26
4727,4626,235,33.51
4139,4038,235,33.02
3663,3562,235,25.99
4556,4455,235,33.05
5430,5529,235,15.31
4627,4626,235,38.75
5738,5838,235,8.15
6046,6045,235,7.53
5229,5228,235,12.4
3968,3867,235,9.23
3558,3557,235,36.29
6263,6362,235,8.7
4458,4457,235,38.5
5632,5731,235,14.68
4456,4455,235,38.62
4131,4130,236,36.53
4428,4427,236,34.79
3657,3656,236,38.09
4050,3949,236,33.31
4528,4427,236,31.82
4034,3933,236,27.8
6146,6145,236,19.02
4429,4328,236,25.69
4049,3949,236,15.29
3865,3765,236,4.85
4677,4577,236,2.98
3559,3458,236,25.69
4361,4360,236,37.4
5734,5733,237,37.84
4527,4526,237,38.08
4358,4357,237,38.76
5837,5836,237,24.14
4032,3931,237,33.48
4330,4229,237,21.51
6257,6356,237,15.24
3947,3846,237,31.69
5946,5945,237,8.2
4627,4526,237,32.91
5737,5836,237,12.42
4458,4357,237,33.37
4035,3934,237,23.85
4456,4355,237,31.96
4258,4257,238,38.23
4031,4030,238,35.9
4131,4030,238,28.41
3657,3556,238,30.78
4139,4039,238,13.09
4626,4625,238,38.54
4276,4175,238,9.52
3558,3457,238,28.11
3561,3460,238,17.15
6265,6364,238,4.79
4275,4175,238,2.91
5632,5732,238,7.84
6173,6272,238,3.36
5984,6084,238,1.46
4130,4129,239,35.94
4427,4426,239,34.23
3932,3831,239,30.28
4527,4426,239,30.75
3948,3847,239,30.48
4428,4327,239,26.31
5843,5842,239,16.81
4036,3935,239,22.61
4826,4825,239,14.09
3656,3655,239,37.17
3947,3847,239,14.82
4041,4040,239,7.79
3764,3664,239,6.72
4150,4051,239,9.59
3860,3859,239,4.88
4658,4558,239,6.07
6266,6365,239,5.86
6253,6352,239,4.8
6254,6353,239,4.85
5631,5730,239,13.54
5630,5629,239,13.74
3931,3930,240,38.48
4526,4525,240,37.21
4357,4356,240,38.66
4355,4354,240,38.7
4258,4157,240,31.03
4031,3930,240,32.83
3867,3866,240,20.74
4038,3937,240,29.36
6248,6247,240,18.36
4037,3936,240,25.48
4726,4725,240,14.44
4329,4228,240,22.31
5837,5937,240,13.98
5837,5936,240,18.67
4050,3950,240,12.42
4626,4525,240,31.74
6257,6357,240,8.3
3943,3942,240,8.29
4043,3942,240,7.13
3959,3958,240,4.89
3459,3358,240,23.48
5082,4982,240,4.27
4457,4356,240,33.07
5837,5938,241,57.76
3870,3769,241,0.93
6263,6363,241,25.56
4351,4252,241,11.83
6267,6367,241,10.48
5785,5786,241,6.35
5884,5985,241,12.18
3948,3848,242,2.78
5839,5940,242,77.97
5840,5941,242,79.22
5840,5939,242,2.94
5736,5835,242,7.27
4453,4353,242,5.33
6255,6354,242,4.05
5183,5284,242,62.67
6269,6369,242,22.8
6269,6370,242,50.52
6269,6368,242,8.18
6080,6180,242,10.78
5785,5886,242,33.46
5938,6039,243,77.47
5936,6037,243,64.81
5842,5943,243,64.37
6084,6185,243,50.83
6045,6044,243,2.49
3932,3832,243,2.23
5734,5834,243,25.54
3657,3757,243,24.94
3657,3758,243,43.49
3655,3756,243,47.94
3658,3758,243,24.69
3658,3759,243,44.59
3656,3757,243,47.15
3659,3759,243,23.66
6359,6459,243,24.94
6359,6460,243,43.49
5730,5831,243,58.48
6176,6277,243,38.6
6178,6279,243,34.21
6172,6273,243,30.05
5984,6085,243,22.71
5941,6042,244,76.1
5940,6041,244,84.22
6357,6457,244,25.16
6357,6458,244,42.38
5732,5832,244,25.5
5732,5833,244,39.79
4257,4256,244,7.03
5733,5833,244,25.59
5841,5942,244,34.2
4151,4152,244,19.35
5485,5586,244,35.94
6255,6355,244,10.78
5284,5385,244,71.47
4376,4477,244,25.55
6173,6274,244,27.89
5585,5686,244,29.66
6277,6378,245,84.98
6037,6138,245,87.23
6370,6471,245,63.44
5985,6086,245,46.61
3950,3951,245,20.22
5937,6038,245,33.97
6369,6470,245,68.89
3556,3555,245,6.1
6272,6373,245,30.03
4625,4624,245,5.59
3655,3755,245,23.72
6368,6469,245,53.17
5730,5830,245,19.47
6271,6372,245,30.03
6250,6350,245,10.8
6270,6371,245,26.88
6251,6351,245,10.73
6366,6467,245,28.72
6178,6278,245,10.03
6080,6181,245,19.2
6459,6560,246,50.23
5939,6040,246,43.26
5936,6036,246,16.7
5843,5944,246,24.76
5844,5944,246,10.71
4276,4377,246,22.19
6176,6276,246,9.7
6175,6275,246,10.8
6175,6276,246,20.66
4152,4253,247,50.16
6085,6186,247,43.03
3757,3858,247,44.37
3756,3857,247,45.42
4982,5083,247,21.51
3937,3938,247,15.66
6247,6348,247,20.39
4355,4254,247,6.77
6145,6246,247,20.43
4926,4925,247,1.76
6248,6349,247,20.83
6146,6246,247,10.79
6368,6468,247,21.75
6249,6349,247,10.8
6083,6184,247,20.08
6365,6466,247,22.26
5885,5986,247,12.45
5830,5931,248,56.42
6371,6472,248,56.35
5385,5486,248,43.56
5586,5687,248,36.79
6457,6557,248,25.14
6457,6558,248,42.47
5686,5787,248,40.3
5832,5933,248,43.32
3756,3856,248,24.48
6459,6559,248,22.91
4477,4578,248,43.35
6360,6461,248,16.94
4073,4074,248,11.39
6179,6280,248,19.85
6469,6570,248,54.63
3358,3359,248,13.71
6082,6183,248,17.56
6276,6377,249,63.43
6378,6478,249,25.59
6378,6479,249,37.68
5942,6043,249,29.53
6467,6568,249,43.63
5832,5932,249,24.98
6180,6281,249,21.13
5886,5987,249,22.53
6356,6456,249,10.12
4526,4425,249,6.03
6145,6245,249,10.8
6364,6465,249,17.04
6081,6182,249,15.82
6468,6569,250,62.95
5986,6087,250,58.91
4377,4478,250,38.42
6378,6379,250,20.15
5830,5930,250,20.37
6467,6567,250,24.91
6042,6143,250,26.36
6279,6380,250,21.14
3755,3855,250,24.61
5786,5887,250,17.24
6247,6347,250,10.8
6273,6374,250,22.35
5083,5184,250,65.38
4030,4029,250,4.09
6274,6375,250,27.56
6145,6144,250,2.55
3933,3833,250,3.36
6363,6464,250,17.34
6364,6464,250,10.64
6469,6569,250,21.14
3458,3357,250,3.87
6479,6580,251,92.24
6183,6284,251,48.79
5931,6032,251,56.16
6472,6573,251,48.28
4152,4153,251,15.74
6039,6140,251,19.87
6460,6561,251,19.47
5834,5935,251,18.77
3848,3849,251,11.22
6354,6455,251,16.01
4355,4255,251,7.39
4427,4326,251,3.71
6363,6463,251,10.67
5987,6088,252,49.23
3856,3956,252,25.21
3856,3957,252,42.08
4578,4679,252,43.55
6559,6660,252,46.52
6276,6376,252,17.29
6138,6239,252,20.7
6350,6451,252,20.27
6086,6187,252,22.02
5833,5934,252,19.14
6354,6454,252,10.53
3934,3834,252,4.91
3655,3654,252,5.31
4151,4052,252,9.57
6361,6462,252,11.08
6140,6241,253,78.88
5931,6031,253,20.48
6472,6572,253,23.6
6559,6659,253,24.16
6184,6285,253,26.01
6038,6139,253,19.69
6374,6475,253,60.17
6352,6453,253,11.47
6239,6340,254,78.82
6380,6480,254,25.59
6380,6481,254,37.48
5887,5988,254,35.92
6478,6579,254,29.54
5687,5788,254,26.44
5486,5587,254,26.72
3938,3939,254,16.16
6186,6287,254,21.8
6349,6450,254,21.38
3855,3955,254,25.31
6040,6141,254,19.15
6036,6137,254,18.02
6042,6142,254,10.59
6372,6473,254,17.04
3950,3850,254,7.46
3950,3851,254,10.65
4982,4983,254,7.6
6348,6449,254,20.98
4478,4579,254,42.94
3460,3461,254,7.16
4257,4156,254,5.89
6470,6571,254,15.78
4625,4724,254,9.38
6573,6674,254,52.47
3562,3563,254,6.85
3935,3835,254,6.52
4679,4780,255,56
6380,6381,255,20.2
6465,6566,255,26.47
6557,6658,255,20.77
6280,6381,255,21.14
6580,6681,255,43.57
6185,6286,255,11.81
6375,6476,255,34.44
5933,6034,255,22.22
6352,6452,255,6.6
4926,5026,255,6.48
5284,5285,255,8.32
3935,3836,255,9.5
6481,6582,256,91.02
6480,6581,256,91.03
6475,6576,256,67.03
4153,4154,256,20.02
6281,6382,256,20.43
6245,6346,256,20.39
5932,6033,256,22.92
6579,6680,256,91
6374,6474,256,18.72
4157,4057,256,6.5
3556,3456,256,5.58
3556,3455,256,5.07
6572,6673,256,53.33
3655,3754,256,8.97
6573,6673,256,22.04
5429,5428,256,0.25
5285,5386,257,91.1
6340,6441,257,67.78
6674,6775,257,57.67
6659,6759,257,25.43
6659,6760,257,40.5
6187,6288,257,32.56
6476,6577,257,88.45
5935,6035,257,19.93
6455,6556,257,24.94
6681,6782,257,82.75
6347,6448,257,21.02
6568,6669,257,18.66
6378,6477,257,12.52
6348,6448,257,10.8
6571,6672,257,51.31
3936,3837,257,8.63
3664,3665,257,6.01
4129,4128,257,3.77
4276,4277,257,4.66
4525,4524,257,5.89
6570,6671,257,17.55
5988,6089,258,38.7
4983,5084,258,46.72
6285,6386,258,28.45
6680,6781,258,78.42
3955,4055,258,25.48
3955,4056,258,40.01
4052,4053,258,17.12
6464,6565,258,19.54
6473,6574,258,42.66
6557,6657,258,10.8
3847,3747,258,4.75
4039,3940,258,7.48
4579,4680,258,46.59
6573,6574,258,14.81
5730,5729,258,3.49
4880,4881,258,4.81
6570,6670,258,10.69
6576,6677,259,54.83
6673,6774,259,58.01
6381,6482,259,45.03
6566,6666,259,25.01
6287,6388,259,31.58
6087,6188,259,16.79
6245,6345,259,10.8
6568,6668,259,10.76
6577,6678,259,81.77
6181,6282,259,10.72
6477,6578,259,92.28
3847,3748,259,7.17
3765,3766,259,5.05
6033,6134,259,62.24
3869,3768,259,0.92
6567,6668,259,17.66
6775,6876,260,60.53
6671,6772,260,52.57
6672,6773,260,56.02
3754,3854,260,25.43
6286,6387,260,33.97
6566,6667,260,32.31
6142,6243,260,25.71
6782,6883,260,56.06
6475,6575,260,15.76
6140,6240,260,11.26
6144,6244,260,10.76
6347,6447,260,10.8
6464,6564,260,10.79
5787,5888,260,12.28
5930,6030,260,10.68
3755,3854,260,9.95
6474,6575,260,41.42
6032,6133,260,16.64
6567,6667,260,10.7
4073,3973,260,2.83
6482,6583,261,88.65
6781,6882,261,59.71
6760,6860,261,25.59
6760,6861,261,37.03
4277,4378,261,37.54
6759,6859,261,25.55
6759,6860,261,39.16
6581,6682,261,32.72
6576,6676,261,21.06
6340,6440,261,15.45
6137,6238,261,20.76
5084,5185,261,66.73
6669,6770,261,45.48
5587,5688,261,22.49
6449,6550,261,20.83
6453,6554,261,17.73
6239,6339,261,11.28
6454,6555,261,17.12
6455,6555,261,10.67
6578,6679,261,91.95
4175,4176,261,4.81
6574,6675,261,49.29
3870,3871,261,4.46
6774,6875,262,64.54
4680,4781,262,40
6240,6341,262,72.19
6670,6771,262,46.02
3837,3838,262,20.18
6671,6771,262,22
4055,4155,262,25.41
6760,6761,262,20.3
6582,6683,262,26.67
6678,6779,262,54.98
6669,6769,262,24.46
6088,6189,262,14.54
6284,6385,262,13.06
6183,6283,262,7.48
6668,6769,262,47.77
3359,3360,262,7.17
3937,3838,262,6.67
4328,4227,262,2.42
6031,6132,262,16.9
6677,6778,262,50.21
5730,5829,262,6.14
6583,6684,263,87.54
6883,6984,263,62.32
6772,6873,263,57.74
6876,6977,263,63.89
6773,6874,263,61.32
6666,6767,263,46.12
6386,6487,263,29.4
6288,6389,263,25.97
5386,5487,263,24.32
6452,6553,263,18.64
6682,6783,263,89.75
6453,6553,263,10.7
4925,5025,263,6.51
3855,3954,263,11.17
6882,6983,264,70.57
5888,5989,264,43.3
6188,6289,264,28.61
6666,6766,264,24.28
3940,3941,264,19.57
6781,6881,264,18.92
6657,6758,264,24.5
4053,4054,264,19.86
6449,6549,264,10.8
3851,3952,264,15.34
6142,6242,264,10.63
6451,6552,264,12.39
6560,6661,264,8.05
6679,6780,264,65.16
6668,6768,264,23.77
6448,6549,264,20.43
6677,6777,264,22.92
6034,6135,264,16.38
6676,6777,264,48.07
6675,6776,264,52.57
5185,5286,264,52.51
6783,6884,265,75.5
6771,6872,265,55.78
6875,6976,265,64.66
6860,6960,265,25.43
6282,6383,265,26.35
6388,6489,265,24.72
4378,4479,265,45.02
6566,6665,265,14.42
6450,6551,265,13.32
6462,6563,265,10.89
6779,6880,265,66.54
4030,3929,265,3.36
6778,6879,265,68.14
6983,7084,266,83.78
6874,6975,266,65.93
6977,7078,266,66.6
6873,6974,266,60.69
6984,7085,266,66.9
6860,6961,266,34.74
6387,6488,266,26.86
6345,6446,266,20.84
6035,6136,266,16.34
6346,6446,266,10.8
6881,6982,266,74
6241,6342,266,11.47
6284,6384,266,6.77
3847,3746,266,4.3
3655,3554,266,4.4
5286,5387,266,91.88
5026,5127,266,12.98
3358,3259,266,5.55
6777,6878,267,69.3
6776,6877,267,62.29
6767,6867,267,25.13
6767,6868,267,42.55
6771,6871,267,20.65
6385,6486,267,29.28
6447,6548,267,20.96
6089,6190,267,16.75
3850,3750,267,8.31
3850,3751,267,11.61
6556,6656,267,10.08
6683,6784,267,29.73
3654,3753,267,10.01
5830,5929,267,6.62
3769,3770,267,3.93
6448,6548,267,10.8
6880,6981,267,78.05
6879,6980,267,77.82
6872,6973,268,58.93
6976,7077,268,62.93
6768,6869,268,46.38
5989,6090,268,39.49
3838,3839,268,19.84
6189,6290,268,27.38
6550,6651,268,20.88
5688,5789,268,20.43
6657,6757,268,10.69
6758,6858,268,25.58
6982,7083,268,85.34
5788,5889,268,10.27
3748,3749,268,11.22
6462,6562,268,6.52
6684,6785,268,31.95
3938,3839,268,6.99
7078,7179,268,80.58
4073,3974,268,4.39
6134,6235,268,17.14
3358,3258,268,3.61
5185,5186,268,14.79
6486,6587,269,92.34
6980,7081,269,85.71
6878,6979,269,75.09
6974,7075,269,62.29
6975,7076,269,63.25
6884,6985,269,44.66
6960,7060,269,25.47
6487,6588,269,27.54
6345,6445,269,10.8
3754,3853,269,11.5
3461,3462,269,7.02
6133,6234,269,16.74
3654,3653,269,6.04
6554,6655,269,19.3
4074,4075,269,4.87
4479,4580,269,44.8
6030,6131,269,17.29
6981,7082,269,86.69
4525,4424,269,4.89
7179,7280,270,76.32
6877,6978,270,69.16
6871,6972,270,58.76
7085,7185,270,25.59
7085,7186,270,37.35
6960,7061,270,35.09
5487,5588,270,22.57
4781,4882,270,20.12
6564,6664,270,10.7
6447,6547,270,10.8
6244,6344,270,10.76
3952,3953,270,18.86
7083,7184,270,84.15
5186,5287,270,90.85
3563,3564,270,6.4
6861,6962,270,16.21
6587,6688,271,87.03
6979,7080,271,81.98
6973,7074,271,59.43
3751,3852,271,45.46
7085,7086,271,20.23
6884,6885,271,17.92
6289,6390,271,21.92
6549,6650,271,20.83
6132,6233,271,17.12
6550,6650,271,10.8
6761,6862,271,17.65
3837,3737,271,7.41
3837,3738,271,10.59
6441,6542,271,10.53
6382,6483,271,9.9
3939,3840,271,8.35
6554,6654,271,10.78
6561,6662,271,7.36
6769,6870,271,15.76
7082,7183,271,85.63
6553,6654,271,19.86
7077,7178,271,69.34
4426,4325,271,3.75
3931,3830,271,1.34
7081,7182,271,88.01
6978,7079,272,76.2
7280,7381,272,78.11
7076,7177,272,62.93
7075,7176,272,62.93
5889,5990,272,43.74
6190,6291,272,28.57
6661,6762,272,18.68
6860,6959,272,13.58
5287,5388,272,72.21
6135,6236,272,18.97
7182,7283,273,82.37
6483,6584,273,82.66
7178,7279,273,73.26
6972,7073,273,59.1
4580,4681,273,46.78
7060,7160,273,25.55
7060,7161,273,39.04
6871,6971,273,19.35
3751,3752,273,17.61
6384,6485,273,20.83
3940,3841,273,9.81
4983,4984,273,5.47
7080,7181,273,86.82
6553,6653,273,10.79
3866,3767,273,4.37
7183,7284,273,82.64
6136,6237,273,21.13
5026,5126,273,5.63
7381,7482,274,85.11
7177,7278,274,71.72
7074,7175,274,60.03
7061,7162,274,41.99
6962,7063,274,43.65
6090,6191,274,23.91
6961,7062,274,18.17
6488,6589,274,19.27
6383,6484,274,15.96
6549,6649,274,10.8
6766,6866,274,10.65
6389,6490,274,13.92
6666,6765,274,9.55
7079,7180,274,86.13
3836,3736,274,5.49
6440,6541,274,11.74
6584,6685,275,91.88
7181,7282,275,83.49
5588,5689,275,29.05
6235,6336,275,20.77
5387,5488,275,16.46
6563,6663,275,10.74
6341,6442,275,11.43
4128,4127,275,5.74
7176,7277,275,70.37
7482,7583,276,88.12
7180,7281,276,80.4
7279,7380,276,68.88
7073,7174,276,59.26
4984,5085,276,66.7
5990,6091,276,45.09
7086,7187,276,30.33
6972,7072,276,19.2
6962,6963,276,18.29
6445,6546,276,21.33
6985,6986,276,16.47
6446,6546,276,10.8
6960,7059,276,13.45
3838,3739,276,10.14
7186,7287,276,27.72
6758,6857,276,12.81
4724,4824,276,4.68
6551,6652,276,13.4
6685,6786,277,92.2
7282,7383,277,81.77
7278,7379,277,63.27
7160,7260,277,25.58
7160,7261,277,36.69
6131,6232,277,18.45
6655,6756,277,19.71
6234,6335,277,19.48
6869,6970,277,15.81
6290,6391,277,16.01
6868,6969,277,15.56
6867,6968,277,15.19
7175,7276,277,67.26
4128,4028,277,5.25
3665,3666,277,5.19
3360,3361,277,6.97
6548,6648,277,10.78
6541,6642,277,55.11
6656,6756,277,10.56
4129,4028,277,3.09
5929,6029,277,10.61
7281,7382,278,82.46
7287,7388,278,92.17
7380,7481,278,79.93
7277,7378,278,67.35
6765,6865,278,25.25
3841,3842,278,20.47
7161,7262,278,30.42
6654,6755,278,20.29
6858,6958,278,10.77
6242,6343,278,10.62
6688,6789,278,23.2
4524,4623,278,7.03
7184,7285,278,20.04
6650,6751,278,20.86
7379,7480,279,72.51
7174,7275,279,61.02
7063,7163,279,24.42
7063,7164,279,30.09
7063,7064,279,21.07
7283,7384,279,23.7
7073,7173,279,19.12
7072,7173,279,61.18
6233,6334,279,17.8
6445,6545,279,10.8
3750,3650,279,8.36
6489,6590,279,10.85
6541,6641,279,20.94
6651,6752,279,13.39
5025,5125,279,6.37
7378,7479,280,72.24
7481,7582,280,87.49
7276,7377,280,68.49
7059,7159,280,25.58
6029,6130,280,66.98
5689,5790,280,28.92
6191,6292,280,27.22
6485,6586,280,21.25
6664,6764,280,10.64
6344,6444,280,10.78
6547,6647,280,10.8
3750,3651,280,11.66
7187,7288,280,41.08
6342,6443,280,10.55
4277,4278,280,4.5
6490,6591,280,27.86
6589,6690,280,25.89
7284,7385,280,22.96
7480,7581,281,82.52
6789,6890,281,66.72
6963,6964,281,20.82
6091,6192,281,34.32
6653,6754,281,20.2
6237,6338,281,18.89
6662,6763,281,14.4
6654,6754,281,10.8
6587,6687,281,8.6
6986,7087,281,32.39
3739,3740,281,20.77
6588,6689,281,12.45
3259,3260,281,6.79
3768,3669,281,6.56
3654,3553,281,5.02
6650,6750,281,10.8
6649,6750,281,21.01
7479,7580,282,81.24
7582,7683,282,87.77
7288,7389,282,92.18
7377,7478,282,72.51
6590,6691,282,54.69
6958,7058,282,25.5
7388,7489,282,41.27
7174,7274,282,18.35
7173,7274,282,58.76
7583,7684,282,23.78
5488,5589,282,20.75
6484,6585,282,19.65
7072,7172,282,18.28
5789,5890,282,10.31
6785,6886,282,10.42
4524,4523,282,4.05
7185,7286,282,12.49
7275,7376,282,65.85
5388,5489,282,15.53
6890,6991,283,92.35
7581,7682,283,88.12
6690,6791,283,66.71
6591,6692,283,66.73
4623,4723,283,22.85
7383,7484,283,27.07
6336,6437,283,20.11
7087,7188,283,91.77
5126,5227,283,14.79
6653,6753,283,10.8
6391,6492,283,26.44
3768,3668,283,4.31
4176,4177,283,4.68
4982,4883,283,3.36
5287,5288,283,8.13
6585,6686,284,90.83
7489,7590,284,74.51
7389,7490,284,83.94
6689,6790,284,54.55
7159,7259,284,25.59
6764,6864,284,25.59
7064,7165,284,33.18
7064,7065,284,20.94
7382,7483,284,26.07
6029,6129,284,15.78
6866,6967,284,14.77
7160,7259,284,12.88
6762,6863,284,12.51
6862,6863,284,7.78
4278,4379,284,44.44
3462,3463,284,7.03
3653,3652,284,6.72
4781,4782,284,4.69
4378,4379,284,4.42
3871,3872,284,4.51
3836,3735,284,4.99
6649,6749,284,10.8
3358,3257,284,3.26
6991,7092,285,75.1
7682,7783,285,87.65
7684,7785,285,69.56
6691,6792,285,64.06
7376,7477,285,63.4
7384,7485,285,26.07
6755,6856,285,21.96
7274,7375,285,59.61
6232,6333,285,18.51
7173,7273,285,19.35
6390,6491,285,10.29
3840,3741,285,10.77
6688,6788,285,7.33
5288,5389,285,87.24
6751,6852,285,20.84
5185,5086,285,6.15
6686,6787,286,87.42
6129,6230,286,74.61
6492,6593,286,66.49
7058,7158,286,25.58
6964,6965,286,21.04
6752,6853,286,20.42
6968,7069,286,16.14
6969,7070,286,16.33
6970,7071,286,16.47
6857,6957,286,10.69
6546,6646,286,10.8
3841,3742,286,11.06
6236,6337,286,10.66
6545,6646,286,21.79
5890,5991,286,38.74
3750,3649,286,7.69
3457,3356,286,2.37
7477,7578,287,73.95
6790,6891,287,66.67
6791,6892,287,39.8
7286,7387,287,31.31
5589,5690,287,30.9
7162,7263,287,11.53
6291,6392,287,9.81
3554,3454,287,4.85
3738,3638,287,6.29
3738,3639,287,9.22
4128,4027,287,4.76
6542,6643,287,9.07
6340,6439,287,4.4
7188,7289,287,42.56
6647,6748,287,20.46
7785,7886,287,82.21
6648,6748,287,10.8
6333,6434,288,49.38
6788,6889,288,49.56
4379,4480,288,44.44
7065,7166,288,39.17
5227,5327,288,21.95
7484,7585,288,31.05
7376,7476,288,17.31
6886,6987,288,26.24
6754,6855,288,20.33
6130,6231,288,19.22
6755,6855,288,10.79
7274,7374,288,18.97
6230,6331,288,88.5
4127,4226,288,11
3564,3565,288,5.82
7285,7386,288,14.74
6750,6851,288,20.31
6292,6393,288,18.93
4479,4480,288,4.42
5489,5590,288,24.36
6491,6592,288,58.61
6751,6851,288,10.8
7578,7679,289,80.49
7069,7170,289,60.22
7070,7171,289,64.97
7483,7584,289,28.61
5086,5187,289,38.85
6692,6793,289,25.43
7684,7784,289,14.72
7683,7784,289,21.2
5125,5226,289,15.06
6865,6966,289,13.95
7262,7363,289,12.88
6192,6293,289,17.83
7260,7361,289,11.82
6545,6645,289,10.79
3739,3640,289,11.66
7385,7486,289,17.48
5729,5828,289,4.66
4425,4324,289,3.59
3974,3975,289,4.82
5389,5490,289,36.44
4825,4924,289,2.83
7092,7193,289,35.65
6392,6493,290,56.84
6891,6992,290,62.78
7886,7987,290,59.32
7158,7258,290,25.49
5991,6092,290,46.22
7485,7586,290,28.58
6987,7088,290,87.64
7065,7066,290,19.76
7580,7681,290,19.75
7489,7589,290,12.81
7479,7579,290,10.47
6331,6432,290,91.37
7164,7265,290,13.87
4127,4126,290,6.77
6442,6543,290,9.92
3770,3771,290,4.49
4075,4076,290,4.87
6643,6744,290,50.57
6647,6747,290,10.8
7584,7685,291,85.95
6393,6494,291,60.6
7476,7577,291,59.75
6889,6990,291,66.7
7387,7488,291,46.88
7590,7691,291,20.75
5086,5087,291,19.84
6991,7091,291,12.6
6754,6854,291,10.8
5790,5891,291,13.91
7163,7264,291,12.75
7289,7390,291,36.22
6958,7057,291,11.77
6335,6436,291,10.67
7260,7360,291,7.19
7261,7362,291,10.87
6749,6850,291,20.39
6750,6850,291,10.8
3742,3843,291,35.34
3742,3743,291,20.64
7589,7690,292,81.23
7681,7782,292,88.52
7987,8088,292,77.37
6592,6693,292,46.69
5690,5791,292,34.48
7069,7169,292,18.7
6129,6229,292,12.77
7585,7686,292,35.5
3361,3362,292,6.76
3737,3637,292,4.94
7088,7189,292,91.54
5590,5691,292,42.39
4580,4581,292,4.4
7783,7884,292,23.38
6643,6743,292,22.78
7091,7192,293,84.4
7193,7294,293,43.14
5490,5591,293,40.08
6793,6894,293,39.57
5327,5427,293,20.48
6892,6993,293,25.8
7886,7986,293,19.1
6593,6694,293,22.02
6792,6893,293,18.21
6852,6953,293,19.17
6293,6394,293,43.84
7490,7591,293,15.79
6967,7068,293,15.78
6437,6538,293,14.77
3650,3550,293,7.5
3650,3551,293,10.69
6334,6435,293,10.67
6787,6888,293,20.34
7386,7487,293,32.45
7685,7786,293,83.83
7686,7787,294,89.24
6229,6330,294,75.02
7691,7792,294,67.76
7258,7358,294,25.59
7258,7359,294,37.29
7066,7167,294,43.24
6432,6533,294,42.82
6493,6594,294,45.39
7390,7491,294,51.11
7476,7576,294,18.91
7165,7266,294,14.27
7058,7157,294,12.26
3669,3670,294,8.19
6786,6887,294,8.69
6749,6849,294,10.8
4681,4682,294,4.89
3740,3641,294,11.26
6744,6845,294,44.71
7486,7587,294,35.02
7586,7687,294,35.66
6643,6644,294,15.57
6440,6540,294,3.09
7786,7887,295,88.62
7690,7791,295,70.44
3743,3844,295,42.2
6092,6193,295,35.19
6434,6535,295,20.67
6855,6956,295,21.65
6231,6332,295,20.91
6337,6438,295,16.49
6852,6952,295,10.78
6856,6956,295,10.79
6744,6844,295,24.66
3653,3552,295,5.62
6992,7093,295,30.68
6541,6640,295,6.94
7785,7885,295,10.15
6851,6952,295,20.64
7192,7293,295,92.3
7591,7692,296,59.6
5427,5528,296,63.36
7884,7985,296,45.72
6494,6595,296,28.58
7066,7067,296,18.44
5891,5992,296,34.02
4883,4884,296,7.74
6641,6742,296,8.8
4623,4722,296,8.22
6744,6745,296,17.9
6443,6544,296,9.4
3768,3667,296,3.9
3748,3648,296,2.78
6888,6989,296,66.73
5828,5928,296,15.9
7884,7984,297,24.39
6743,6843,297,24.61
3743,3744,297,18.8
7792,7893,297,69.88
5087,5188,297,24.34
7491,7592,297,48.09
6394,6495,297,40.83
7578,7678,297,10.72
7487,7588,297,46.08
6887,6988,297,54.62
3260,3261,297,6.54
6748,6848,297,10.8
5691,5792,297,30.99
5729,5728,297,2.61
7189,7290,297,31.59
7887,7988,298,60.14
7687,7788,298,39.11
7068,7168,298,21.42
6893,6994,298,35.36
7294,7395,298,31.4
6693,6794,298,26.1
6332,6433,298,48.93
7171,7272,298,17.11
7390,7391,298,15.36
7170,7271,298,16.86
6855,6955,298,10.79
7166,7267,298,14.5
7263,7364,298,13.85
6853,6954,298,12.37
3741,3642,298,11.48
7791,7892,298,55.19
4723,4823,298,6.8
6845,6945,298,25.58
6845,6946,298,38.34
4984,4985,298,4.05
7587,7688,298,42.06
3258,3159,298,4.86
3455,3355,298,2.41
6993,7094,298,28.52
4925,5024,298,2.83
6851,6951,298,10.8
7293,7394,299,37.2
7093,7194,299,36.81
6844,6944,299,25.59
7359,7459,299,23.8
7359,7460,299,28.33
7787,7888,299,33.87
7358,7458,299,24.64
7358,7459,299,30.81
5591,5692,299,24.54
6894,6995,299,23.61
6694,6795,299,28.05
5427,5527,299,17.32
7690,7790,299,14.37
6436,6537,299,17.96
6989,7090,299,48.25
7579,7680,299,16.06
7987,8087,299,11.79
6645,6746,299,14.49
7679,7780,299,14.5
7158,7257,299,11.69
5086,4987,299,10.14
4623,4622,299,4.81
6535,6636,299,45.15
4424,4423,299,3.4
3554,3453,299,4.4
3742,3643,299,11.38
5188,5289,299,91.91
7592,7693,299,75.83
7783,7883,299,7.33
7984,8085,300,62.03
6438,6539,300,34.32
5992,6093,300,40.74
4682,4783,300,26.12
6435,6536,300,20.25
6229,6329,300,12.63
5791,5892,300,19.62
6745,6846,300,44.49
7589,7689,300,10.47
7265,7366,300,14.2
7361,7462,300,13.39
7363,7464,300,14.09
7791,7891,300,20.91
5086,4986,300,7.03
3463,3464,300,6.5
6747,6847,300,10.79
3650,3549,300,6.87
6845,6846,300,19.98
6988,7089,300,55.98
3258,3158,300,3.14
7491,7492,301,4.58
6850,6950,301,3.18
4127,4026,301,35.81
3737,3636,301,25
3258,3157,301,52.09
3736,3636,301,19.53
3748,3647,301,41.42
4326,4225,301,51.52
4029,3928,301,34.67
3835,3734,301,36.01
6330,6431,302,1.43
7358,7357,302,28.43
7258,7357,302,13.9
5327,5326,302,27.57
4226,4125,302,49.85
3454,3353,302,47.94
5227,5326,302,11.86
3640,3540,302,18.92
4523,4422,302,51.57
3553,3452,302,46.34
4623,4522,302,44.88
6029,6028,302,21.88
4424,4323,302,51.89
4325,4224,302,52.32
5729,5628,302,48.18
3455,3354,302,22.95
3834,3733,302,49.52
3833,3732,302,52.05
3831,3730,302,36.17
3357,3256,302,19.67
6329,6228,303,52.21
4423,4322,303,52.05
3355,3254,303,48.12
6843,6943,303,8.75
6843,6842,303,28.02
5928,5827,303,46.19
3670,3569,303,49.23
3550,3449,303,48.62
6229,6128,303,47.31
5527,5426,303,51.73
7476,7475,303,20.43
3639,3539,303,19.45
3649,3548,303,30.92
3641,3541,303,16.15
3640,3541,303,10.8
3640,3539,303,33.95
4027,3926,303,48.15
3929,3828,303,50.54
3736,3635,303,31.11
3642,3541,303,43.89
3832,3731,303,30.76
5828,5727,303,50
7462,7461,304,28.46
7464,7463,304,28.3
7366,7365,304,28.13
3643,3542,304,39.61
4026,3925,304,52.13
5928,5927,304,26.87
3648,3547,304,38.78
3637,3536,304,35.91
4126,4025,304,34.44
3639,3538,304,23.8
3638,3538,304,18.81
3638,3537,304,34.34
3830,3729,304,36.92
7790,7789,304,25.32
3974,3873,304,26.7
3930,3829,304,21.59
4422,4321,305,52.25
4323,4222,305,49.26
4225,4124,305,41.47
7257,7256,305,22.03
3549,3448,305,31.05
3158,3057,305,29.4
3667,3566,305,34.43
7358,7457,305,11.16
5527,5526,305,21.04
3464,3363,305,29.76
3261,3160,305,32.17
3159,3058,305,32.78
3669,3568,305,19.89
7891,7890,305,23.41
4322,4221,306,50.95
6228,6127,306,51.01
4224,4123,306,44.16
4224,4223,306,27.78
5326,5225,306,46.81
5326,5325,306,26.51
7357,7356,306,26.54
3256,3155,306,43.69
3256,3255,306,27.93
6028,6027,306,28.55
6329,6328,306,17.08
7257,7156,306,23.32
3452,3351,306,44.07
3452,3451,306,27.81
3643,3543,306,16.79
6945,7045,306,8.73
7984,7983,306,15.5
6594,6695,306,0.95
3550,3450,306,11.38
7390,7291,306,15.83
3975,3874,306,24.87
6946,7046,306,8.37
3257,3156,306,19.72
3668,3567,306,21.42
3356,3255,306,20.3
3946,3845,306,11.62
3537,3436,307,51.06
3538,3437,307,48.74
3536,3435,307,49.17
3539,3438,307,40.17
6943,6942,307,28.32
3926,3825,307,45.08
5827,5726,307,45.19
5827,5826,307,27.37
6842,6841,307,27.8
3732,3631,307,30.86
3734,3633,307,23.7
3548,3447,307,38.97
4025,3924,307,50.27
4986,4885,307,21.61
3743,3644,307,9.29
7057,7056,307,11.75
7274,7373,307,5.71
4027,3927,307,11.73
4124,4023,308,51.77
4321,4220,308,52.03
3542,3441,308,35.39
3547,3546,308,27.98
5927,5926,308,26.26
3873,3772,308,36.53
6228,6227,308,22.43
3731,3630,308,30.29
6842,6741,308,34.29
3449,3348,308,32.52
3569,3468,308,29.51
4422,4421,308,19.19
3733,3632,308,26.88
3157,3056,308,21.05
7780,7779,308,12.53
3540,3440,308,19.8
3540,3439,308,27.48
6636,6635,308,12.3
6953,7054,308,2.4
7475,7474,308,22.9
6535,6534,308,12.84
3735,3634,308,16.27
3255,3154,309,47.35
3451,3350,309,51.34
4221,4120,309,48.91
7291,7190,309,52.03
7983,7882,309,47.45
3568,3467,309,36.59
7890,7889,309,25.19
3547,3446,309,34.95
3829,3728,309,33.81
3536,3535,309,24.69
3449,3349,309,19.27
6944,7044,309,8.53
3452,3352,309,14.42
6945,7044,309,14.02
7457,7456,309,28.56
6953,7053,309,2.98
3448,3347,309,38.11
3351,3250,309,50.68
6946,6947,309,7.2
7790,7889,309,16.37
3846,3745,309,11.66
3437,3336,310,50.36
3436,3335,310,51.66
3927,3826,310,48.65
3438,3337,310,50.23
6027,6026,310,27.09
3567,3466,310,35.43
5325,5224,310,44.35
5325,5324,310,27.71
6127,6026,310,46.32
6127,6126,310,26.8
3543,3442,310,40.19
4123,4022,310,41.49
4123,4122,310,28.43
3566,3465,310,30.46
4222,4121,310,34.18
3542,3442,310,18.49
3156,3055,310,45.19
3160,3059,310,34.06
6944,7043,310,13.8
7888,7989,310,8.69
7293,7292,310,9.95
3363,3262,310,32.38
6950,6949,310,12
6946,7047,310,6.82
5225,5124,310,46.72
5225,5224,310,26.57
3058,2957,310,30.67
4278,4279,310,1.21
5728,5627,310,14.68
3635,3534,310,20.31
3439,3338,311,50.89
5826,5825,311,27.84
6841,6840,311,27.87
3874,3773,311,35.01
3057,2956,311,24.62
5726,5625,311,35.76
5726,5725,311,28.17
7356,7355,311,24.12
7462,7561,311,13.01
7464,7563,311,13.48
7366,7465,311,13.84
7394,7393,311,9.68
7364,7465,311,6.71
3746,3645,311,11.65
3630,3629,312,26.67
3468,3367,312,36.01
3546,3445,312,37.27
3546,3545,312,28.43
5926,5925,312,28.31
3772,3671,312,38.04
6227,6226,312,25.71
6841,6740,312,34.52
3447,3346,312,34.63
4321,4320,312,16.38
4885,4784,312,30.33
7356,7255,312,26.42
3440,3339,312,38.73
7366,7466,312,8.57
4025,4024,312,13.52
3729,3628,312,18.59
3747,3646,312,11.61
7192,7191,312,8.18
3337,3236,313,49.94
5124,5023,313,51.7
3335,3234,313,52.22
3336,3235,313,52
7882,7781,313,46.1
3630,3529,313,31.21
3348,3247,313,33.91
3543,3443,313,16.51
5726,5626,313,18.36
6842,6941,313,14.37
7462,7562,313,7.85
7464,7564,313,8.25
5324,5223,313,49.11
5224,5123,313,50.82
4622,4521,313,11.1
4622,4621,313,7.63
3349,3248,313,37.06
4722,4621,313,11.64
5727,5626,313,14.34
2956,2855,314,50.49
6126,6025,314,41.25
6126,6125,314,28.46
6026,6025,314,28.57
3347,3246,314,32.56
3467,3366,314,32.71
3446,3345,314,34.41
3630,3530,314,19.52
3634,3533,314,25.34
3441,3341,314,19.79
3441,3340,314,26.95
7890,7990,314,11.56
6943,7042,314,13.43
3440,3340,314,17.19
7366,7367,314,7.39
4987,4886,314,10.77
7476,7575,314,5.12
7456,7455,314,24.22
4024,3923,315,50.99
6840,6739,315,35.52
6840,6839,315,28.12
7561,7560,315,28.37
3773,3672,315,38.08
5625,5524,315,38.91
5625,5624,315,28.57
4122,4021,315,30.89
5825,5724,315,35.83
5825,5824,315,28.19
4121,4020,315,30.98
5725,5724,315,27.11
3339,3238,315,51.28
7983,7982,315,11.3
7355,7354,315,26.55
3262,3161,315,30.14
5324,5323,315,24.75
7459,7558,315,8.98
3349,3249,315,17.89
3059,2958,315,33.67
5526,5425,315,14.29
7491,7392,315,6.61
4722,4721,315,6.61
5024,4923,315,9.49
3445,3444,316,27.64
6226,6225,316,28.07
3545,3444,316,39.9
3545,3544,316,28.57
5925,5924,316,28.35
2956,2955,316,23.2
3235,3134,316,48.18
3465,3364,316,26.86
3335,3334,316,19.4
3466,3365,316,27.76
3435,3434,316,11.77
7355,7254,316,30.94
7459,7559,316,4.96
3671,3570,316,37.82
3643,3544,316,8.49
6952,7052,316,2.96
7892,7993,316,2.32
2957,2856,316,25.8
3340,3239,317,47.69
3533,3432,317,52.22
5626,5525,317,47.1
3529,3428,317,40.01
3529,3528,317,28.56
3445,3344,317,33.77
3367,3266,317,29.56
3629,3528,317,34.88
6740,6639,317,34.16
3346,3245,317,30.9
5625,5525,317,17.11
6635,6634,317,12.21
6841,6940,317,14.28
7457,7556,317,12.47
5526,5525,317,8.37
3353,3252,317,9.95
3351,3251,317,9.64
3354,3253,317,9.84
7693,7593,317,6.04
6125,6124,318,27.55
3530,3429,318,37.8
6025,6024,318,28.3
3826,3725,318,17.87
7256,7155,318,11.64
3254,3153,318,9.82
4177,4178,318,1.36
7456,7555,318,16.82
5624,5623,319,26.95
7982,7881,319,46.58
6739,6638,319,36.5
6739,6738,319,28.32
5524,5423,319,43.92
5524,5523,319,27.86
6839,6738,319,35.87
6839,6838,319,28.2
7455,7454,319,23.74
4886,4785,319,30.77
7882,7881,319,10.54
3441,3342,319,13.64
7156,7055,319,11.48
4784,4683,319,20.72
5824,5823,319,25.84
7457,7557,319,7.41
3249,3148,319,41.28
5425,5424,319,28.28
3928,3827,319,8.17
3432,3331,320,47.74
3251,3150,320,49.98
3134,3033,320,43.36
3134,3133,320,28.03
5724,5723,320,22.31
3366,3265,320,26.37
3533,3532,320,19.37
3530,3430,320,17.59
3338,3237,320,17.56
3630,3531,320,11.93
3825,3724,320,11.69
3825,3824,320,7.79
3633,3532,320,11.72
6328,6327,320,7.2
3161,3060,320,34.83
3239,3138,320,48.37
7890,7991,320,9.84
3672,3571,320,29.1
5824,5723,320,29.46
4021,3920,320,28.47
2958,2857,320,29.71
5924,5923,320,26.09
7987,8086,320,5.55
4177,4077,320,4.18
7892,7992,320,2.96
3432,3431,321,25.89
3444,3343,321,31.88
4023,3922,321,11.02
3155,3054,321,10
7366,7467,321,7
6847,6948,321,7.07
4021,3921,321,19.79
3364,3263,321,32.24
3828,3727,321,7.96
4076,3976,321,4.23
4480,4380,321,4.21
5623,5522,322,49.09
3429,3328,322,44.42
7555,7554,322,26.28
3234,3233,322,12.5
6840,6939,322,13.87
7561,7660,322,13.3
3235,3135,322,11.72
7563,7662,322,13.02
5423,5322,322,50.7
7464,7565,322,6.71
4581,4481,322,4.29
3249,3149,322,15.97
3924,3823,322,9.59
3975,3875,322,3.81
7893,7793,322,4.4
3534,3433,322,12.81
2856,2755,322,25.46
3365,3264,322,27.48
3571,3470,323,50.19
3237,3136,323,48.74
7454,7453,323,27.56
6738,6637,323,38.02
6738,6737,323,28.52
3827,3726,323,42.08
6024,6023,323,24.59
3134,3034,323,14.83
3340,3240,323,12.07
6226,6325,323,13.96
3266,3165,323,26.43
3138,3037,323,48.21
3569,3469,323,5.12
3060,2959,323,48.54
4683,4582,323,38.68
6995,6895,323,4.44
5823,5822,323,26.61
3430,3329,324,40.77
3331,3230,324,39.6
3331,3330,324,28.57
5723,5622,324,42.4
5723,5722,324,28.27
5623,5622,324,24.76
7454,7353,324,33.53
7354,7253,324,17.29
7354,7353,324,12.24
6125,6224,324,14.69
7564,7663,324,13.48
3238,3137,324,16.41
6226,6326,324,8.68
7561,7661,324,8.1
7563,7663,324,7.86
3154,3053,324,9.79
7466,7566,324,8.55
5423,5422,324,22.9
3728,3627,324,9.93
4987,4887,324,4.29
6952,7051,324,5.05
7395,7295,324,4.18
5823,5722,324,31.07
2755,2654,325,51.92
7982,7981,325,10.79
4220,4119,325,8.37
7255,7154,325,11.58
3055,2954,325,9.85
4120,4019,325,9.28
3434,3333,325,17.43
6394,6294,325,3.85
4823,4822,325,4.06
3433,3332,325,51.65
5822,5721,326,51.27
3240,3139,326,52.12
3823,3722,326,39.07
3823,3822,326,28.57
5322,5321,326,26.69
3331,3231,326,16.8
6839,6938,326,13.72
3263,3162,326,34.13
7564,7664,326,8.25
4621,4520,326,11.31
7660,7659,326,28.39
6951,7050,326,5.21
7984,8084,326,1.8
3921,3820,326,34.86
5591,5491,326,3.58
6495,6395,326,3.73
7475,7574,326,6.18
2857,2756,326,25.63
6634,6633,326,12.25
3034,2933,327,36.82
3469,3368,327,38.23
3037,2936,327,43.85
3037,3036,327,27.88
2755,2754,327,20.53
5322,5221,327,31.26
7555,7654,327,15.81
6024,6123,327,16.69
3251,3151,327,10.28
7556,7655,327,15.15
3875,3774,327,33.75
3246,3145,327,11.04
3345,3244,327,10.95
3247,3146,327,10.51
5023,4922,327,10.15
4785,4684,327,18.52
3921,3821,327,18.65
5490,5390,327,3.37
7453,7352,327,36.36
7453,7452,327,28.29
6093,5993,327,3.8
3264,3163,327,32.74
7981,7880,328,48.23
2654,2553,328,51.88
3330,3229,328,41.38
3329,3228,328,45.75
3470,3369,328,34.54
3136,3035,328,34.05
5822,5821,328,21.99
3823,3723,328,17.04
5322,5222,328,19.51
6838,6837,328,12.32
7556,7656,328,9.88
4721,4620,328,11.17
2959,2858,328,32.53
5123,5022,328,9.47
5422,5421,328,25.97
5692,5592,328,3.65
6636,6735,328,4.96
7271,7270,328,3.65
3248,3147,328,9.94
3230,3129,328,42.37
3230,3229,328,28.28
7353,7252,329,34.23
3034,2934,329,17.98
3133,3132,329,11.4
3033,3032,329,11.71
7454,7553,329,14.68
4020,3919,329,10.86
7254,7153,329,10.94
4521,4420,329,9.07
7678,7677,329,3.43
3165,3064,329,27.88
5223,5122,329,9.05
5823,5922,329,15.57
6950,7049,329,5.21
3628,3527,329,8.68
2756,2655,329,51.63
5289,5189,329,3.5
4887,4786,329,30.23
2754,2653,330,51.06
3722,3621,330,39.07
3722,3721,330,28.57
5321,5320,330,27.17
3822,3721,330,39.07
3151,3050,330,49.66
2654,2653,330,20.65
3037,2937,330,14.55
3139,3038,330,46.69
3571,3471,330,10.1
7659,7658,330,28.56
3033,2932,330,15.32
3245,3144,330,10.97
4320,4219,330,8.22
7367,7368,330,6.26
3231,3130,330,37.54
7559,7658,330,10.86
5221,5220,331,27.24
3821,3720,331,38.08
4684,4583,331,37.99
5721,5620,331,34.26
5321,5220,331,32.43
2955,2854,331,9.54
3774,3673,331,37.2
3233,3232,331,11.13
7367,7268,331,8.77
3162,3061,331,31.78
6947,7048,331,6.65
3165,3164,331,12.67
7452,7351,331,36.27
7452,7451,331,28.27
3129,3028,332,41.03
3129,3128,332,28.49
3723,3622,332,37.05
2553,2452,332,46.67
2553,2552,332,26.6
5821,5720,332,36.76
3369,3268,332,36.2
3368,3267,332,33.6
5221,5120,332,32.63
3145,3044,332,30.53
2754,2753,332,22.35
3722,3622,332,17.04
6737,6736,332,12.13
5022,4921,332,38.97
5022,5021,332,28.57
3229,3128,332,44.27
3428,3327,332,9.93
3344,3243,332,10.1
3253,3152,332,9.92
3228,3127,332,36.64
3228,3227,332,28.34
3367,3267,332,5.11
5421,5420,332,27.76
3231,3131,332,17.7
3528,3427,332,9.57
6636,6736,332,2.88
6330,6430,332,1.78
3163,3062,332,32.4
7270,7269,333,21.92
5222,5121,333,33.73
3050,2949,333,51.28
5221,5121,333,19.24
3145,3045,333,19.62
2937,2836,333,52.3
5189,5088,333,37.94
2858,2757,333,30.09
3920,3819,333,11.34
5922,5921,333,27.1
3724,3623,333,11.35
3342,3241,333,10.54
3725,3624,333,9.95
3153,3052,333,9.79
7662,7761,333,13.05
7466,7567,333,6.98
5422,5521,333,16.01
7660,7759,333,13.25
5122,5121,333,28.02
3721,3620,334,40.18
7981,7980,334,11.81
3621,3520,334,40.24
3621,3620,334,28.55
6325,6324,334,9.43
7565,7665,334,8.47
3064,2963,334,29.72
7474,7473,334,3.99
3130,3029,334,37.51
4786,4685,334,31.46
3148,3047,334,10.02
7453,7552,334,13.51
2655,2554,334,29.7
2552,2451,335,47.62
2753,2652,335,50.5
3268,3167,335,47.66
5620,5519,335,42.99
2653,2652,335,24.83
5320,5319,335,24.96
2936,2835,335,18.95
2936,2935,335,12.54
6224,6223,335,9.21
7663,7762,335,13.07
7451,7350,335,37.12
7451,7450,335,28.41
7556,7657,335,8.2
7662,7762,335,7.88
7042,7041,335,4.93
4279,4179,335,4.01
7373,7372,335,3.62
7661,7760,335,13.37
7660,7760,335,8.05
3727,3626,335,10.57
7351,7250,335,35.94
7351,7350,335,28.21
7352,7251,335,17.74
3128,3027,336,36.05
2552,2551,336,25.98
3127,3026,336,36.89
3127,3126,336,28.38
2949,2848,336,52.24
3028,2927,336,39.73
3028,3027,336,28.57
4583,4482,336,31.89
5320,5219,336,27.83
3673,3572,336,31.63
2553,2453,336,12.77
7880,7879,336,13.1
6123,6022,336,15.97
3061,2960,336,33.85
7655,7755,336,11.29
7655,7754,336,16.26
6023,6022,336,7.81
3240,3140,336,7.76
3149,3048,336,10.21
3343,3242,336,9.5
7467,7468,336,6.8
3054,2953,336,9.79
3342,3242,336,5.9
7566,7666,336,8.58
3266,3166,336,5.55
7053,7152,336,5.25
6329,6428,336,3.96
3130,3030,336,17.71
7984,8083,336,3.48
2963,2862,337,51.45
5121,5020,337,36.11
2753,2752,337,23.18
3062,2961,337,30.99
5720,5619,337,30.48
2934,2833,337,18.1
6735,6734,337,12.09
3050,3049,337,14.81
5821,5820,337,11.64
7664,7763,337,13.48
3151,3051,337,10.56
3621,3521,337,16.49
7663,7763,337,7.9
3622,3521,337,34.32
3150,3049,337,8.37
3064,3063,337,12.51
6635,6734,337,5.03
5519,5418,338,49.83
2451,2350,338,49.3
3029,2928,338,40.58
2836,2735,338,34.97
3028,2928,338,16.74
3471,3370,338,20.03
3032,3031,338,11.21
4019,3918,338,11.22
3622,3522,338,18.81
7659,7758,338,12.45
5421,5520,338,14.43
3045,2944,338,31.81
3726,3625,338,9.7
2756,2656,338,8.58
7452,7551,338,13.55
3140,3039,339,52.05
2551,2450,339,49.02
7350,7249,339,36.45
7350,7349,339,28.31
3241,3141,339,16.78
4685,4584,339,32.2
2949,2948,339,19.25
5320,5419,339,16.53
2933,2832,339,12.82
6123,6122,339,8.67
3145,3046,339,12.21
7664,7764,339,8.25
3820,3719,339,11.62
4822,4821,339,7.28
3053,2952,339,9.84
7252,7151,339,15.63
7991,8090,339,7.79
4721,4720,339,4.18
3045,2945,339,19.41
7779,7778,339,3.32
2961,2860,340,50.52
2862,2761,340,51.66
2752,2651,340,51.67
2927,2826,340,37.12
2927,2926,340,28.41
3027,2926,340,36.94
2835,2734,340,31.39
2652,2651,340,24.81
3032,2931,340,13.94
2954,2853,340,9.8
4119,4018,340,9.95
7992,8091,340,7.22
3051,2950,340,49.51
2848,2747,340,39.67
2848,2847,340,28.57
6533,6532,340,2.52
5820,5719,341,39.92
2551,2550,341,24.83
2350,2249,341,51.7
3029,2929,341,16.32
2963,2962,341,15.08
5720,5719,341,12.44
2960,2859,341,33.59
6837,6836,341,7.9
3244,3143,341,10.54
3048,2947,341,29.14
5722,5621,341,8.36
7656,7756,341,8.24
3030,2929,341,34.05
7593,7493,341,4.31
5921,5920,341,12.51
7654,7653,341,7.42
2450,2349,342,52
5619,5518,342,34.03
2752,2751,342,21.18
2927,2827,342,17.86
3166,3065,342,26.69
3167,3066,342,23.49
2932,2831,342,12.63
4620,4519,342,10.22
4520,4419,342,9
3627,3526,342,8.2
2928,2827,342,40.7
3030,2930,342,18.89
7451,7550,342,13.18
2848,2748,342,16.76
3165,3065,342,5.34
6330,6429,342,3.06
2860,2759,343,49.45
2945,2844,343,35.45
7349,7248,343,35.66
7349,7348,343,28.15
2952,2851,343,46.55
2952,2951,343,26.67
3039,2938,343,45.5
3141,3040,343,42.8
3370,3269,343,35.27
2833,2732,343,25.8
4584,4483,343,38.88
3127,3226,343,13.28
3144,3043,343,11.62
3919,3818,343,10.83
2950,2849,343,51.72
7467,7568,343,6.44
4077,3977,343,4.37
4178,4078,343,4.1
2656,2555,343,28.86
2554,2454,343,11.29
2550,2449,344,51.4
2734,2633,344,38.41
2926,2825,344,38.3
2926,2925,344,28.54
2826,2725,344,40.84
2826,2825,344,28.51
2450,2449,344,20.29
2862,2861,344,15.48
2935,2834,344,17.66
2835,2834,344,12.34
7761,7860,344,13.42
5220,5119,344,11.26
3720,3619,344,11.65
2934,2834,344,6.91
3527,3426,344,9.51
2747,2746,344,27.18
2937,2837,344,7.18
7251,7150,344,16.19
7693,7794,344,1.52
2751,2650,345,50.46
5518,5417,345,49.19
2651,2650,345,24.81
2761,2660,345,32.38
2945,2845,345,18.47
2832,2731,345,23.7
2451,2351,345,10.85
6324,6323,345,9.94
2349,2248,345,50.99
3243,3142,345,10.91
3044,2943,345,11.65
2747,2646,345,32.46
5920,5819,345,40.01
2929,2828,345,40.92
2928,2828,345,16.26
5922,6021,345,9
7566,7667,345,7.01
4219,4118,345,9.57
7567,7667,345,8.62
6995,7095,345,2.09
3066,2965,345,52.32
7755,7855,345,12.44
7755,7854,345,16.9
8088,8189,345,0.91
2847,2846,345,24.63
2951,2850,346,49.68
2851,2750,346,50.93
2550,2549,346,21.74
3141,3041,346,15.15
2859,2758,346,33.02
6223,6222,346,9.87
7760,7859,346,13.4
7350,7449,346,13.47
7665,7765,346,8.41
3819,3718,346,11.61
7761,7861,346,8.19
3040,2939,346,52.12
3471,3371,346,6.58
2747,2647,346,19.28
2827,2726,346,43.31
4380,4280,346,4.08
3622,3523,346,10.65
7992,8092,346,3.89
3045,2946,346,11.68
3624,3523,346,11.54
7762,7861,346,13.35
6634,6733,346,5
2861,2760,347,50.03
2449,2348,347,51.73
3269,3168,347,43.26
7248,7247,347,27.98
2952,2852,347,12.85
4420,4319,347,8.29
6938,6937,347,4.91
7295,7195,347,4.42
3620,3519,347,11.05
3976,3876,347,3.98
3065,2964,347,28.63
3427,3326,347,9.69
2965,2864,348,52.29
2725,2624,348,44.83
2725,2724,348,27.52
2759,2658,348,34.15
2732,2631,348,32.67
7248,7147,348,34.96
4482,4381,348,11.86
6428,6427,348,8.87
7250,7149,348,11.63
3626,3525,348,11.02
2351,2250,348,51.32
7666,7766,348,8.55
2929,2829,348,16.15
4481,4381,348,3.96
4921,4920,348,6.64
7763,7862,348,13.23
3520,3419,348,10.54
5319,5218,348,10.9
7395,7494,348,2.87
6633,6632,348,4.64
7762,7862,348,8.14
2850,2749,349,52.27
2549,2448,349,52.2
2750,2649,349,50.08
7248,7148,349,18.62
2734,2733,349,11.38
5219,5118,349,11.64
2726,2625,349,50.1
2828,2727,349,46.21
2827,2727,349,14.86
3168,3067,350,52.32
2939,2838,350,46.37
3041,2940,350,42.33
2845,2744,350,32.68
2731,2630,350,29.61
2660,2559,350,33.74
5518,5517,350,12.53
6836,6835,350,12.24
7349,7448,350,13.81
7764,7863,350,13.61
6122,6121,350,9.1
3521,3420,350,11.28
3126,3025,350,10.66
7754,7753,350,7.33
5120,5019,350,8.14
2248,2247,350,23.38
7656,7757,350,6.71
4921,4820,350,8.25
7763,7863,350,8.03
3875,3775,350,3.59
7449,7448,350,28.39
5819,5718,350,35.28
7755,7856,350,10.76
2250,2149,351,47.97
2647,2546,351,34.67
2758,2657,351,31.46
3371,3270,351,31.51
2845,2745,351,19.23
7764,7864,351,8.37
2348,2347,351,27.91
3522,3421,351,11.6
2248,2148,351,19.67
2248,2147,351,25.28
5920,5919,351,11.1
2757,2657,351,5.61
2944,2843,351,11.58
3625,3524,351,11.72
2453,2352,351,10.08
2846,2745,351,26.94
7893,7994,351,1.6
2749,2648,352,52.05
2649,2548,352,52.29
2631,2530,352,44.34
2760,2659,352,33.67
2964,2863,352,30.28
2647,2547,352,18.71
2549,2548,352,17.05
2831,2730,352,14.63
4483,4382,352,17.41
2931,2830,352,12.16
3719,3618,352,11.32
2829,2728,352,46.05
2727,2626,352,52.19
6294,6194,352,3.84
7893,7894,352,1.69
4887,4787,352,3.69
5517,5416,353,52.25
2448,2447,353,28.57
2733,2632,353,36.34
2658,2557,353,30.44
2864,2763,353,30.8
3041,2941,353,15.41
7855,7955,353,13.49
5619,5618,353,6.53
2625,2524,353,45.4
3918,3817,353,9.65
2940,2839,353,52.15
7270,7369,353,5.74
5491,5391,353,3.78
6395,6295,353,3.78
7574,7573,353,3.83
3067,2966,353,50.18
7395,7495,353,1.62
2149,2048,354,50.89
2147,2046,354,47.94
3775,3674,354,35.68
2559,2458,354,36.4
2744,2643,354,36.07
2744,2743,354,28.24
2630,2529,354,44.39
7855,7954,354,17.27
7248,7347,354,14.1
7653,7652,354,7.85
3143,3042,354,11.58
2247,2146,354,46.88
2247,2246,354,26.47
4720,4619,354,9.92
3571,3472,354,4.29
5419,5318,354,9.59
7448,7347,354,36.26
7448,7447,354,28.27
5819,5818,354,11.85
7567,7668,354,7.05
6995,6996,354,1.8
7677,7676,354,4.14
2863,2762,355,51.02
2148,2047,355,38.46
5718,5617,355,29.26
2347,2346,355,28.34
6121,6020,355,32.62
3526,3425,355,11.65
7550,7549,355,8
2745,2644,355,35.71
2862,2762,355,5.6
5020,4919,355,8.02
2626,2525,355,52.02
5418,5317,355,8.79
5993,5893,355,3.7
4018,3917,355,10.09
7989,8089,355,2.25
2839,2738,356,49.48
2763,2662,356,50.76
3270,3169,356,32.72
5517,5516,356,19.18
3043,2942,356,11.66
4519,4418,356,10.48
3817,3716,356,51.1
2829,2729,356,13.18
7041,7040,356,4.92
2836,2736,356,4.47
6735,6834,356,5.14
3226,3125,356,11.24
5390,5290,356,3.56
5592,5492,356,3.66
2048,1947,357,49.08
2458,2357,357,52.31
2447,2446,357,27.47
2547,2446,357,31.24
2659,2558,357,33.21
4787,4686,357,29.54
6222,6221,357,9.85
7667,7767,357,8.69
7855,7956,357,11.96
8091,8190,357,8.61
2745,2645,357,18.38
2657,2556,357,26.85
2735,2634,357,7.51
3426,3325,357,11.63
2941,2840,357,41.61
2351,2251,357,8.96
7666,7767,357,6.98
7449,7548,357,13.26
6995,6896,357,2.46
4786,4686,357,3.66
2047,1946,358,48.71
2762,2661,358,51.93
2743,2642,358,44.85
2743,2742,358,27.51
3674,3573,358,36.92
2246,2245,358,25.28
2557,2456,358,31.18
5718,5717,358,12.56
4419,4318,358,8.97
3619,3518,358,10.58
2454,2353,358,10.05
2643,2542,358,35.72
2643,2642,358,28.16
2943,2842,358,11.58
7395,7496,358,1.29
7693,7594,358,2.42
7693,7694,358,1.62
2246,2145,359,28.41
2729,2628,359,52.24
6121,6120,359,12.2
6427,6426,359,9.73
7247,7146,359,12.31
4118,4017,359,10.11
7859,7858,359,8.02
2925,2824,359,10.03
2725,2824,359,9.48
4382,4281,359,21.5
3818,3717,359,9.07
7854,7853,359,7.23
7766,7865,359,13.69
5189,5089,359,3.37
2346,2345,359,26.28
2644,2543,359,38.31
2525,2424,359,45.64
2251,2150,360,52.32
2840,2739,360,51.02
2357,2256,360,52.29
1947,1846,360,48.62
2458,2457,360,17.89
7247,7246,360,7.95
5119,5018,360,8.97
3817,3816,360,14.54
4179,4079,360,4.15
2941,2841,360,15.8
7766,7866,360,8.43
3067,2967,360,10.1
3326,3225,360,11.56
2256,2255,361,108.22
2742,2741,361,48.46
2357,2356,361,85.88
2628,2627,361,128.86
6020,6019,361,65.51
2630,2629,361,140
3525,3424,361,7.23
3523,3423,361,1.24
2965,2865,361,3.3
7568,7469,361,7.14
7568,7569,361,6.18
2642,2641,361,48.59
8091,8191,361,5.97
5919,5918,361,78.5
7270,7370,361,4.79
2456,2455,361,55.26
5818,5817,361,27.25
7448,7547,361,22.33
6595,6696,361,1.13
7146,7145,362,36.19
2345,2344,362,41.43
6426,6425,362,64.7
6120,6119,362,72.28
2542,2541,362,28.47
6221,6220,362,50.67
7955,8055,362,15.4
7955,8054,362,21.23
6323,6322,362,48.23
3816,3815,362,72.11
7778,7777,362,13.38
7879,7878,362,14.37
8083,8082,362,54.26
4720,4719,362,24.23
7980,7979,362,17.62
7372,7371,362,29.65
7473,7472,362,28.54
2245,2244,362,41.61
4219,4218,362,21.49
2644,2544,362,11.84
6495,6596,362,1.1
6019,6018,363,83.56
8082,8081,363,141.65
5717,5716,363,33.47
2738,2737,363,42.37
2662,2561,363,8.3
5617,5616,363,42.64
2529,2528,363,40.01
5416,5415,363,15.88
2149,2049,363,6.21
7753,7752,363,9.32
5118,5117,363,16.52
5218,5217,363,19.45
2925,2924,363,19.97
4519,4518,363,19.64
6532,6531,363,23.14
3917,3916,363,25.32
2255,2254,363,94.12
4685,4585,363,1.9
2456,2355,363,18.9
2356,2355,363,91.11
2346,2445,363,21.19
2546,2545,363,12.64
7993,8093,363,2.48
6425,6424,364,70.87
6119,6118,364,74.02
6322,6321,364,57.31
2741,2740,364,48.46
5918,5917,364,39.75
4017,4016,364,24.37
2542,2441,364,22.78
3716,3715,364,17.42
4418,4417,364,25.04
5516,5515,364,23.05
4919,4918,364,20.65
2046,2045,364,17.01
3419,3418,364,20.33
3168,3068,364,2.78
6733,6732,364,8.02
4118,4117,364,17.42
6632,6631,364,11.87
8189,8188,364,8.18
7667,7768,364,10.03
3618,3617,364,22.22
4619,4618,364,24.69
7549,7648,364,22.38
2641,2640,364,48.99
2245,2144,364,23
5817,5816,364,44.71
3025,3024,364,19.95
5317,5316,364,16.57
2724,2723,364,20.73
4820,4819,364,20.68
4987,4988,364,1.38
2624,2623,364,17.7
6424,6423,365,114.36
6018,6017,365,52.16
2561,2560,365,55.86
2541,2540,365,44.22
6220,6219,365,33.71
2244,2243,365,45.17
7145,7144,365,35.1
2543,2442,365,23.41
2824,2823,365,21.33
4318,4317,365,22.86
2542,2442,365,14.99
7549,7649,365,13.25
3518,3517,365,21.48
2525,2425,365,7.87
3125,3124,365,17.38
4016,4015,366,90.01
2528,2527,366,37.33
5716,5715,366,38.67
2445,2444,366,33.67
4719,4718,366,25.98
7472,7471,366,27.09
1846,1845,366,17.96
5018,5017,366,17.63
7146,7245,366,22.23
2345,2444,366,21.29
1946,1945,366,14.98
7767,7867,366,13.52
8190,8289,366,19.4
7347,7346,366,9.73
7652,7651,366,9.54
7573,7572,366,12.53
5118,5017,366,2.73
2640,2639,366,51.71
6937,6936,366,6.44
3523,3422,366,3.67
3715,3714,366,52.59
6836,6935,366,8.94
3325,3324,366,13.94
5816,5815,366,78.42
7447,7446,366,9.72
6219,6218,367,71.04
2527,2526,367,104.12
6118,6117,367,49.78
6321,6320,367,33.57
5415,5414,367,26.68
5616,5615,367,30.1
3225,3224,367,15.05
2254,2253,367,28.57
6834,6833,367,10.41
7676,7675,367,12.12
7955,8056,367,12.15
4417,4416,367,38.32
7568,7669,367,6.97
2355,2354,367,28.38
2144,2143,367,42.54
2524,2523,367,7.36
2624,2523,367,2.29
8088,8187,367,2.89
7471,7470,368,61.08
4317,4316,368,33.41
2540,2539,368,41.79
4117,4116,368,30.22
5515,5514,368,26.72
3916,3915,368,22.24
5917,5916,368,25.37
4218,4217,368,18.79
3815,3814,368,19.75
5815,5814,368,56.36
2639,2638,368,61.35
2543,2443,368,11.45
3717,3616,368,11.58
2048,1948,368,4.75
3714,3713,368,50.77
2441,2440,368,29.97
2243,2242,368,48.65
3977,3877,368,3.56
5715,5714,368,57.41
4987,4888,368,1.61
8187,8186,369,51.18
6320,6319,369,64.71
6423,6422,369,30.25
4819,4818,369,21.64
4918,4917,369,21.18
8081,8080,369,19.33
5117,5116,369,17.53
7979,7978,369,14.32
2244,2343,369,20.26
7145,7244,369,22.33
2344,2343,369,16.56
7858,7857,369,11.21
8190,8290,369,8.28
7954,7953,369,7
2623,2622,369,20.26
8289,8288,369,42.41
7981,8080,369,6.05
2924,2923,369,19.35
4618,4617,369,20.53
6995,7096,369,1.41
7395,7396,369,1.09
8055,8155,369,14.81
8055,8154,369,21.77
2723,2722,369,20.83
4116,4115,370,90.01
5414,5413,370,48.15
6218,6217,370,44.35
5615,5614,370,39.87
4718,4717,370,25.51
6017,6016,370,23.22
3517,3516,370,21.37
6531,6530,370,16.41
2638,2637,370,77.75
5714,5713,370,51.04
7878,7877,370,13.04
2143,2142,370,45.39
5416,5315,370,6.04
4416,4415,370,39.68
7042,7141,370,3.81
7777,7776,370,12.64
5514,5513,370,73.07
8186,8185,371,58.74
6319,6318,371,50.95
2440,2439,371,35.45
2539,2538,371,45.33
5916,5915,371,36.86
6117,6116,371,26.94
7675,7674,371,26.99
2442,2341,371,23.58
2045,2044,371,15.22
3418,3417,371,16.05
2637,2636,371,100.58
3024,3023,371,16.47
5217,5216,371,13.26
5814,5813,371,41.61
4316,4315,371,34.45
7853,7852,371,9
2441,2341,371,14.53
2441,2340,371,23.14
2424,2423,371,8.69
4518,4517,371,14.11
2144,2043,371,22.8
6430,6529,371,5.42
6795,6796,371,1.42
2823,2822,371,17.03
3516,3515,372,55.42
6422,6421,372,42.42
4217,4216,372,30.16
5017,5016,372,17.61
4015,4014,372,17.63
7144,7143,372,15.3
3716,3615,372,6.07
2253,2252,372,24.32
7040,7039,372,6.91
3715,3614,372,19.82
7549,7650,372,9.49
5614,5613,372,64.41
6940,7039,372,3.78
7547,7546,372,9.78
5413,5412,372,71.77
3124,3123,372,15.18
6529,6528,373,50.21
2538,2537,373,54.34
3814,3813,373,21.54
3915,3914,373,21.67
8080,8079,373,32.46
1945,1944,373,14.67
2442,2342,373,13.53
6631,6630,373,11.95
2049,1949,373,10.57
7767,7868,373,9.78
1947,1847,373,5.1
7668,7769,373,8.54
3324,3323,373,15.62
3714,3613,373,20.43
2425,2324,373,19.97
8289,8388,373,21.04
3713,3712,373,20.41
4078,3978,373,2.17
2243,2342,373,19.13
2142,2141,373,49.18
5513,5512,373,47.7
6318,6317,374,35.16
8185,8184,374,42.45
5915,5914,374,39.36
2439,2438,374,35.7
4717,4716,374,28.28
6217,6216,374,28.43
4917,4916,374,20.91
4818,4817,374,22.95
2440,2339,374,23.67
2523,2522,374,16.52
2636,2635,374,43.27
2865,2764,374,11.17
7752,7751,374,9.53
2143,2042,374,22.09
6421,6420,374,89.25
3421,3320,374,3.06
3224,3223,374,16.12
5813,5812,374,36.22
5713,5712,374,31.63
4617,4616,374,24.26
2622,2621,374,20.26
3813,3812,375,54.51
2537,2536,375,66.35
6528,6527,375,50.14
5412,5411,375,36.84
6016,6015,375,20.85
5116,5115,375,18.28
7572,7571,375,11.72
4415,4414,375,23.79
2458,2358,375,4.24
3419,3318,375,1.71
3371,3271,375,2.21
7648,7647,375,9.67
4483,4383,375,2.3
6428,6527,375,5.39
5315,5314,375,24.94
6939,7038,375,3.79
4517,4516,375,28.37
5613,5612,375,33.34
8055,8156,375,11.3
3613,3612,376,46.6
6116,6115,376,21.02
3417,3416,376,20.42
4115,4114,376,18.64
8155,8254,376,22.13
7244,7243,376,14.46
2722,2721,376,15.76
7471,7570,376,14.96
6935,6934,376,10.54
2242,2241,376,14.02
3472,3372,376,4.14
3712,3711,376,48.91
2255,2154,376,9.67
4315,4314,376,20.99
6527,6526,377,50.11
3812,3811,377,63.06
5812,5811,377,35.7
8184,8183,377,49.82
2438,2437,377,42.1
4014,4013,377,24.31
4216,4215,377,24.18
2439,2338,377,23.67
7141,7140,377,14.81
8155,8255,377,14.18
2923,2922,377,13.88
3318,3317,377,59.11
7346,7345,377,9.76
7446,7445,377,9.8
7978,7977,377,13.78
5914,5913,377,33.62
5512,5511,377,26.88
8290,8389,377,20.08
8289,8389,377,9.85
6420,6419,377,35.77
2633,2532,377,0.87
8092,8192,377,3.53
2142,2041,377,20.96
6938,7037,377,3.82
7395,7296,377,1.28
8183,8182,378,189.5
2154,2153,378,96.71
4516,4515,378,35.74
4817,4816,378,25.62
5712,5711,378,28.57
5016,5015,378,17.81
7776,7775,378,13.26
3516,3415,378,18.85
2340,2240,378,14.87
2340,2239,378,22.88
1845,1844,378,8.68
6732,6731,378,7.63
2324,2323,378,22.47
2341,2240,378,22.37
2256,2155,378,8.14
6317,6316,378,25.66
5314,5313,378,38.98
7860,7959,378,5.35
4616,4615,378,30.22
8054,8053,378,6.47
7877,7876,378,12.97
6526,6525,379,50.1
5411,5410,379,26.82
6015,6014,379,28.55
2536,2535,379,29.73
4716,4715,379,21.26
6216,6215,379,23.43
6630,6629,379,19.24
3914,3913,379,19.42
3123,3122,379,14.91
7143,7142,379,14.81
5216,5215,379,13.81
7674,7673,379,13.43
3023,3022,379,14.16
3317,3316,379,55.31
3614,3513,379,21.08
2425,2325,379,7.67
3420,3319,379,2.06
7859,7958,379,5.35
4584,4484,379,1.7
7861,7960,379,5.35
7042,7142,379,1.94
2153,2152,380,80.49
5811,5810,380,38.45
4916,4915,380,19.46
1944,1943,380,16.3
3515,3514,380,13.27
2041,2040,380,46.37
2822,2821,380,11.71
3613,3512,380,21.75
8079,8078,380,14.85
5612,5611,380,23.85
2532,2531,380,42.33
3615,3514,380,19.57
3323,3322,380,15.2
8191,8291,380,5.5
2251,2151,380,3.99
2522,2521,380,19.95
3712,3611,380,21.04
8288,8287,380,9.32
4414,4413,380,22.34
1949,1848,380,23.53
5313,5312,380,58.61
6629,6628,381,54.83
5913,5912,381,32.44
6115,6114,381,23.03
2621,2620,381,15.97
2438,2337,381,22.9
3316,3315,381,51.73
7953,7952,381,8.68
6833,6832,381,7.15
2049,2050,381,5.87
4114,4113,381,24.32
6419,6418,381,32.32
3811,3810,381,29.11
2339,2238,381,22.3
8290,8390,381,8.86
4280,4180,381,2.09
3223,3222,381,15.05
2141,2140,381,13.15
1949,1849,381,13.69
7862,7961,381,5.35
6193,6094,381,1.31
6525,6524,382,43.37
2535,2534,382,35.51
5711,5710,382,28.82
3711,3710,382,19.97
3813,3912,382,17.12
5511,5510,382,24.52
5312,5311,382,59.85
7852,7851,382,9.55
4013,4012,382,24.89
6936,7035,382,8.94
7864,7963,382,5.36
7863,7962,382,5.36
6524,6523,383,152.04
6628,6627,383,50.14
5810,5809,383,34.66
8287,8286,383,37.77
3512,3511,383,42.79
8182,8181,383,24.24
4515,4514,383,22.34
3315,3314,383,53.53
2537,2436,383,15.32
2437,2436,383,17.58
7546,7545,383,9.87
8155,8256,383,10.51
6014,6013,383,28.8
1845,1745,383,5.95
2527,2426,383,8.52
2561,2460,383,7.43
4314,4313,383,15.22
3611,3610,383,41.9
6316,6315,383,21.79
4215,4214,383,18.98
4615,4614,383,24.2
2525,2426,383,4.83
2460,2459,384,139.53
6215,6214,384,20.69
4715,4714,384,21.81
5215,5214,384,21.59
5611,5610,384,26.13
5015,5014,384,17.49
7140,7139,384,14.75
2721,2720,384,12.59
5115,5114,384,12.37
1847,1746,384,13.01
8388,8387,384,9.6
2041,1940,384,21.82
3318,3217,384,17.6
2049,1950,384,6.79
2357,2257,384,3.34
2559,2459,384,2.43
2338,2237,384,20.35
8255,8354,384,22.35
3810,3809,384,37.15
2967,2866,384,6.05
5410,5409,384,24.09
8056,8057,384,6.22
5792,5793,384,1.01
6523,6522,385,82.34
8286,8285,385,50.32
5710,5709,385,37.71
2534,2533,385,36.62
5912,5911,385,32.28
6418,6417,385,26.04
1844,1843,385,14.71
4816,4815,385,16.49
3314,3313,385,60.64
5311,5310,385,37.42
3812,3911,385,14.35
2423,2422,385,7.49
3317,3216,385,18.89
1845,1744,385,7.7
7647,7646,385,10.01
7751,7750,385,9.55
2240,2139,385,22.65
2239,2139,385,16.57
2239,2138,385,20.22
6834,6933,385,5.38
2763,2663,385,2.62
8255,8355,385,13.48
7977,7976,385,12.93
3809,3808,386,50.09
2436,2435,386,48.5
6114,6113,386,25
4915,4914,386,18.63
4413,4412,386,19.56
3513,3412,386,23.05
3022,3021,386,14.52
7775,7774,386,13.42
3415,3414,386,13.1
2922,2921,386,12.28
7243,7242,386,10.04
8389,8488,386,17.49
3511,3510,386,44.97
5510,5509,386,27.61
8154,8153,386,5.9
3610,3609,386,43.52
7858,7957,386,5.4
2337,2336,386,23.89
7865,7964,386,5.36
4113,4112,386,24.61
2521,2520,386,19.19
1943,1942,386,17.01
6522,6521,387,56.33
3216,3215,387,54.98
5709,5708,387,86.03
5809,5808,387,25.05
6627,6626,387,31.52
8181,8180,387,33.09
3512,3411,387,22.75
1940,1939,387,47.38
3122,3121,387,13.33
3313,3312,387,65.15
7876,7875,387,11.91
3316,3215,387,20.11
7037,7036,387,10.32
2237,2236,387,37.28
3710,3709,387,21.54
3270,3170,387,2.16
7496,7595,387,5.21
3876,3776,387,1.97
6013,6012,387,25.31
7866,7965,387,5.35
3808,3807,388,64.77
8488,8487,388,59.91
4112,4111,388,71.43
8285,8284,388,46.14
5610,5609,388,27.54
5214,5213,388,28.72
4514,4513,388,20.9
8387,8386,388,30.71
2325,2224,388,16.33
7673,7672,388,12.14
8354,8353,388,30.04
7345,7344,388,9.92
7445,7444,388,9.97
2041,1941,388,9.19
3322,3321,388,12.55
6421,6520,388,8.91
8078,8077,388,14.22
1849,1748,388,23.3
5409,5408,388,26.39
2323,2322,388,10.62
2238,2137,388,23.45
1949,1850,388,9.57
8056,8157,388,7.02
6495,6496,388,0.95
5808,5807,389,53.33
3215,3214,389,61.08
3411,3410,389,54.14
5911,5910,389,32.38
5114,5113,389,20.8
4614,4613,389,17.35
4012,4011,389,16
3510,3509,389,46.04
3513,3413,389,10.72
2040,2039,389,11.99
6214,6213,389,21.4
3315,3214,389,19.5
6315,6314,389,19.35
1849,1749,389,14.25
3709,3708,389,74.95
4111,4110,390,80.22
2224,2223,390,94.51
6520,6519,390,75.26
8284,8283,390,58.59
1939,1938,390,41.49
5310,5309,390,24.52
6417,6416,390,20.99
4815,4814,390,20.09
5014,5013,390,18.03
7545,7544,390,14.32
2436,2335,390,21.17
2336,2335,390,25.06
1848,1747,390,14.5
5509,5508,390,27.46
6731,6730,390,8.38
8053,8052,390,8.54
2153,2052,390,11.88
2236,2235,390,37.68
2237,2136,390,23.59
3609,3608,390,28.78
2662,2562,390,2.73
1748,1747,390,54.77
3807,3806,390,55.93
5213,5212,390,50.88
4214,4213,390,14.8
5910,5909,391,62.98
3410,3409,391,52.02
3214,3213,391,69.88
5609,5608,391,37.08
5708,5707,391,27.17
6012,6011,391,27.06
8180,8179,391,30.48
6626,6625,391,31.58
8386,8385,391,40.3
2422,2421,391,18.53
4313,4312,391,12.94
3312,3311,391,26.13
2620,2619,391,11
4714,4713,391,16.15
1940,1839,391,21.52
8354,8253,391,23.15
8354,8453,391,22.21
5408,5407,391,34.59
2865,2765,391,3.44
2152,2051,391,13.9
6113,6112,391,24.85
7648,7747,391,5.35
1843,1842,391,16.72
3708,3707,391,57.18
3608,3607,391,131.5
3707,3706,392,148.04
3607,3606,392,157.52
6519,6518,392,60.81
5113,5112,392,33.55
8077,8076,392,25.39
4412,4411,392,19.74
2435,2434,392,18.97
4914,4913,392,17.57
2139,2038,392,22.76
3911,3910,392,15.8
3217,3116,392,18.35
7952,7951,392,9.52
2821,2820,392,8.72
8354,8454,392,13.99
2154,2053,392,9.34
8389,8489,392,6.94
7035,7034,392,10.66
3318,3218,392,6.23
8355,8454,392,22.08
7649,7748,392,5.35
8255,8356,392,9.73
5212,5211,392,81.53
3706,3705,393,105.64
3606,3605,393,109.23
3213,3212,393,74.33
6625,6624,393,55.04
3409,3408,393,73.76
1938,1937,393,36.05
5508,5507,393,36.47
7672,7671,393,22.26
2322,2321,393,20.43
3311,3310,393,59.56
3216,3115,393,19
7851,7850,393,9.64
3509,3508,393,29.78
4011,4010,393,25.31
2235,2234,393,37.85
3806,3805,393,39.36
7867,7966,393,5.36
5211,5210,394,61.23
8385,8384,394,44.6
8453,8452,394,37.71
8283,8282,394,32.4
4513,4512,394,17.83
2520,2519,394,13.43
1939,1838,394,23.02
3021,3020,394,13.21
1839,1838,394,41.75
2921,2920,394,12.65
7242,7241,394,13.92
6522,6621,394,16.5
5909,5908,394,47.38
7774,7773,394,12.78
2335,2334,394,27.28
7976,7975,394,11.28
2236,2135,394,23.56
8355,8455,394,11.46
5391,5291,394,2.16
8290,8391,394,5.74
3408,3407,394,148.15
5112,5111,394,56.51
3508,3507,394,139.78
6213,6212,394,24.19
3115,3114,395,64.54
3605,3604,395,74.56
3310,3309,395,60.65
5608,5607,395,33.25
5309,5308,395,21.37
5013,5012,395,21.86
4110,4109,395,22.81
6011,6010,395,27.57
1941,1840,395,21
3121,3120,395,13.17
7139,7138,395,9.89
3222,3221,395,7.58
6832,6831,395,7.28
3407,3406,395,166.71
6112,6111,395,26.39
2155,2054,395,8.73
5407,5406,395,32.79
2532,2431,395,8.07
7646,7645,395,10.24
6314,6313,395,18.97
5807,5806,395,17.11
6316,6415,395,8.62
1849,1750,395,10.18
3507,3506,395,166.89
3805,3804,395,65.14
3506,3505,396,109.18
6621,6620,396,83.47
8452,8451,396,51.29
8384,8383,396,53.45
6624,6623,396,42.41
2234,2233,396,33.96
5507,5506,396,35.16
5707,5706,396,20.68
1938,1837,396,23.66
4814,4813,396,17.22
7444,7443,396,14.29
7875,7874,396,11.39
5808,5907,396,17.52
8488,8587,396,15.32
1749,1648,396,23.3
7750,7749,396,9.9
2421,2420,396,21.03
3406,3405,396,105.55
2425,2326,396,4.7
3775,3675,396,1.84
1748,1647,396,19.07
4382,4282,396,1.93
3977,3878,396,2.83
3114,3113,397,76.11
5111,5110,397,49.88
3212,3211,397,27.36
4411,4410,397,20.91
6518,6517,397,20.99
8076,8075,397,21.98
1938,2037,397,22.25
4613,4612,397,13.97
8487,8486,397,11.39
7544,7543,397,14.46
2720,2719,397,8.13
2135,2134,397,34.12
2325,2225,397,5.59
1749,1649,397,14.26
8156,8257,397,6.64
2223,2222,397,15.78
3309,3308,397,91.52
2235,2134,397,23.55
5210,5209,397,37.71
6111,6110,397,64.45
1842,1841,397,18.07
3067,2968,397,2.7
5792,5693,397,1.19
3505,3504,398,79.44
8587,8586,398,54.23
8451,8450,398,53.59
6623,6622,398,69.49
3804,3803,398,49.92
4109,4108,398,35.88
2431,2430,398,47.5
4913,4912,398,16.95
8179,8178,398,15.9
2434,2433,398,18.49
8453,8352,398,23.56
8453,8552,398,22.04
4213,4212,398,13.87
7344,7343,398,10.24
8153,8152,398,8.48
1839,1738,398,22.97
4112,4211,398,12.13
2334,2333,398,29.25
1747,1646,398,19.1
3910,3909,398,19.49
6523,6622,398,9.95
5012,5011,398,36.24
6212,6211,398,25.09
3405,3404,398,79.28
3308,3307,398,161.29
4113,4212,398,8.37
3307,3306,399,156.92
3211,3210,399,69.26
3113,3112,399,89.29
1837,1836,399,49.54
5607,5606,399,27.17
5308,5307,399,32.35
1937,1936,399,19.21
4010,4009,399,18.13
2321,2320,399,19.73
2234,2133,399,23.64
8454,8553,399,22.39
5110,5109,399,67.89
4312,4311,399,13.58
5910,6009,399,14.38
1744,1743,399,7.41
5909,6008,399,19.55
4713,4712,399,13.73
5406,5405,399,30.62
3604,3603,399,27.97
3705,3704,399,19.52
6110,6109,399,51.16
6211,6210,400,62.83
4211,4210,400,71.92
3803,3802,400,50.11
8586,8585,400,63.78
4108,4107,400,53.04
5506,5505,400,29.93
6620,6619,400,27.51
4512,4511,400,18.4
8282,8281,400,19.79
8454,8554,400,12.76
6519,6618,400,15.04
6730,6729,400,10.38
6933,6932,400,6.97
2135,2034,400,23.65
3217,3117,400,6.65
6315,6414,400,8.81
4686,4586,400,2.21
8057,8058,400,6.59
3472,3473,400,2.25
7868,7967,400,5.37
4787,4687,400,1.8
6295,6195,400,1.87
7295,7196,400,1.42
6313,6312,400,20.86
5011,5010,400,58.49
3210,3209,401,88.04
1836,1835,401,53.61
3112,3111,401,76.18
8552,8551,401,37.11
2333,2332,401,34.39
2233,2232,401,24.89
7874,7873,401,22.6
8383,8382,401,24.02
1838,1737,401,23.47
8452,8351,401,20.26
1738,1737,401,43.22
3120,3119,401,17.39
2619,2618,401,10.31
3020,3019,401,14.55
8052,8051,401,9.59
3306,3305,401,92.82
1839,1739,401,10.59
5806,5805,401,18.62
3169,3069,401,2.06
2222,2221,401,25.6
3603,3602,401,55.37
4107,4106,401,191.49
4106,4105,402,136.56
8585,8584,402,64.72
5307,5306,402,34.25
8075,8074,402,20.25
2133,2132,402,39.61
5907,5906,402,17.97
3804,3703,402,20.71
2431,2330,402,21.48
7241,7240,402,14.17
3115,3014,402,15.86
7034,7033,402,10.5
7747,7746,402,9.95
6417,6516,402,8.69
1744,1644,402,6.15
3802,3801,402,54.62
2135,2035,402,13.16
5706,5705,402,18.78
5209,5208,402,23.19
7647,7746,402,5.36
5109,5108,402,40.72
7038,7137,402,5.37
2256,2156,402,2.39
4410,4409,402,21.42
1646,1645,402,28.47
6495,6396,402,1.13
6093,5994,402,1.17
3111,3110,403,65.45
1835,1834,403,50.85
4912,4911,403,20.95
2037,2036,403,17.88
1837,1736,403,20.84
4813,4812,403,15.95
3804,3903,403,18.7
3221,3220,403,14.16
2920,2919,403,12.48
7773,7772,403,11.28
7951,7950,403,9.73
2224,2123,403,9.62
2034,2033,403,38.02
2134,2033,403,23.65
2533,2432,403,8.32
3909,3908,403,24.34
5010,5009,403,49.89
7243,7342,403,5.36
6618,6617,403,43.47
1749,1650,403,10.19
5405,5404,403,27.44
8191,8292,403,3.41
1647,1546,403,20.73
2420,2419,403,15.75
3703,3702,404,55.39
4105,4104,404,88.94
8281,8280,404,28.61
4009,4008,404,23.74
5606,5605,404,21.95
3504,3503,404,17.76
2430,2429,404,18.43
8486,8485,404,15.44
8451,8350,404,19.48
2519,2518,404,10.35
7443,7442,404,14.07
7850,7849,404,9.82
7671,7670,404,9.15
8356,8456,404,8.69
1649,1548,404,23.38
2052,1951,404,10.24
2332,2331,404,34.76
2765,2664,404,11.08
8488,8588,404,5.72
2720,2819,404,7.31
8253,8252,404,8.22
7037,7136,404,5.37
8355,8456,404,7.81
4281,4181,404,2.19
8057,8158,404,7.42
5290,5190,404,1.95
8157,8158,404,6.58
2967,2867,404,2.29
3805,3904,404,13.75
5009,5008,405,82.39
1736,1735,405,51.06
2132,2131,405,36.42
3903,3902,405,61.77
8551,8550,405,31.71
6312,6311,405,22.09
2330,2329,405,41.56
6210,6209,405,21.85
6008,6007,405,18.07
1936,1935,405,18.23
8552,8651,405,22.12
4612,4611,405,13.6
7543,7542,405,14.07
8587,8686,405,17.21
8451,8550,405,17.44
8382,8381,405,29.33
7975,7974,405,9.81
1738,1637,405,22.65
1649,1549,405,14.09
6109,6108,405,17.58
3404,3403,405,15.72
2320,2319,405,17.46
5108,5107,405,37.26
7645,7644,405,10.36
5505,5504,405,24.69
1546,1545,405,55.14
3209,3208,405,32.78
5492,5392,405,1.93
6110,6209,405,18.27
1646,1545,405,22.78
4079,3979,405,2.23
1834,1833,406,44.59
3014,3013,406,25.96
2123,2122,406,36.93
2232,2231,406,24.59
7873,7872,406,22.11
4511,4510,406,19.77
4311,4310,406,15.3
5306,5305,406,26.15
2719,2718,406,12.33
3119,3118,406,20.9
2133,2032,406,23.34
2033,2032,406,39.61
5208,5207,406,30.21
3208,3207,406,151.27
1744,1643,406,7.01
8455,8555,406,8.44
7960,8059,406,5.35
8178,8177,406,13.81
6314,6413,406,8.83
2527,2427,406,2.52
6414,6413,406,17.52
4911,4910,406,36.35
6311,6310,407,58.33
8686,8685,407,51.12
5008,5007,407,70.85
6007,6006,407,58.09
2329,2328,407,83.84
4008,4007,407,44.47
5404,5403,407,26.9
8584,8583,407,22.56
4210,4209,407,16.37
2221,2220,407,19.72
8552,8652,407,11.57
6209,6208,407,51.45
1840,1740,407,8.61
3019,3018,407,18.68
2053,1952,407,9.53
3902,3901,407,65.11
3207,3206,407,108.58
2034,1933,407,23.53
6416,6515,407,8.83
3908,3907,407,26.24
2460,2359,407,6.14
4712,4711,407,13.74
6618,6717,407,20.76
3372,3272,407,3.33
3305,3304,407,18.92
2561,2461,407,2.29
8651,8650,407,50.79
1743,1742,407,14.19
3603,3502,407,18.87
5692,5593,407,1.13
8257,8357,407,11
7993,8094,407,1.5
2328,2327,408,151.39
4910,4909,408,58.5
1735,1734,408,49.26
4104,4103,408,27.92
8280,8279,408,29.62
2429,2428,408,30.2
1548,1547,408,30.91
3110,3109,408,22.81
2132,2031,408,23.64
8074,8073,408,19.88
1739,1638,408,22.98
5805,5804,408,15.5
1737,1636,408,21.82
1835,1734,408,20.41
6729,6728,408,12.82
1637,1636,408,42.73
6623,6722,408,12.6
6619,6718,408,18.7
8554,8653,408,19.41
1738,1638,408,10.13
5107,5106,408,42.19
3602,3601,408,15.98
3802,3701,408,19.12
5705,5704,408,19.93
8390,8490,408,3.84
7961,8060,408,5.35
3472,3373,408,2.61
1545,1544,408,39.07
8157,8258,408,7.4
5007,5006,409,63.06
1833,1832,409,41.61
5207,5206,409,38.46
2131,2130,409,32.08
3220,3219,409,18.77
5906,5905,409,14.84
2618,2617,409,13.69
1835,1934,409,18.38
2330,2229,409,23.01
8585,8484,409,15.8
2035,1934,409,23.37
8450,8449,409,9.92
8152,8151,409,9.76
3206,3205,409,69.87
6621,6720,409,9.76
6831,6830,409,7.58
2034,1934,409,11.83
7963,8062,409,5.35
6006,6005,409,88.38
7962,8061,409,5.35
5605,5604,409,20.33
7035,7134,409,5.38
3109,3108,409,103.47
6617,6616,409,17.85
4409,4408,409,15.26
8484,8483,410,105.56
6722,6721,410,92.27
1933,1932,410,42.63
6717,6716,410,43.17
2231,2230,410,31.9
7974,7973,410,20.43
5504,5503,410,24.46
1736,1635,410,20.34
1834,1733,410,22.31
7240,7239,410,13.86
4812,4811,410,16.15
6622,6721,410,12.72
2919,2918,410,16.26
2331,2230,410,23.66
2033,1932,410,23.34
2122,2121,410,29.08
2866,2766,410,3.89
3806,3905,410,7.2
2358,2258,410,2.87
4007,4006,410,39.87
3907,3906,410,34.38
2229,2228,411,69.69
3108,3107,411,84.05
4909,4908,411,49.89
5403,5402,411,26.43
3013,3012,411,21.05
1739,1639,411,10.61
5305,5304,411,24.46
3111,3010,411,15.58
8585,8684,411,13.87
3112,3011,411,12.78
4611,4610,411,17.11
3113,3012,411,10.35
8587,8687,411,6.78
2054,1953,411,9.2
7139,7238,411,5.36
1546,1445,411,18.95
6415,6514,411,8.87
4510,4509,411,22.54
3010,3009,412,145.77
1635,1634,412,50.66
4103,4102,412,26.74
1735,1634,412,20.93
1549,1448,412,23.33
2131,2030,412,23.48
2518,2517,412,12.85
7033,7032,412,10.05
7746,7745,412,10.35
8051,8050,412,9.7
2819,2818,412,13.83
6310,6309,412,22.43
5106,5105,412,27.37
1637,1536,412,22.76
2031,2030,412,30.41
2032,1931,412,23.65
7442,7441,412,14.14
3115,3015,412,5.36
1649,1550,412,10
1832,1831,412,45.19
5006,5005,412,40.45
7646,7745,412,5.37
7868,7968,412,2.61
1545,1444,412,23.41
8092,8193,412,2.15
6413,6412,412,18.71
6313,6412,412,8.7
3107,3106,413,65.25
4908,4907,413,63.79
1733,1732,413,39.37
1833,1732,413,23
2718,2717,413,15.72
8686,8785,413,18.29
4310,4309,413,14.67
2220,2219,413,16.84
8550,8549,413,13.33
3904,4003,413,17.26
5804,5803,413,21.33
8650,8649,413,17.3
7772,7771,413,10.2
7342,7341,413,10.01
3903,4002,413,14.74
6209,6308,413,18.17
8381,8380,413,13.31
6619,6719,413,7.75
8554,8654,413,8.29
2519,2418,413,7.68
4209,4208,413,18.48
6108,6107,413,13.63
2228,2227,413,51.6
7964,8063,413,5.36
8073,8072,413,20.01
7769,7869,413,2.51
6208,6207,413,18.55
8651,8750,413,18.4
1742,1741,413,17.12
3877,3777,413,2.27
6005,6004,413,31.63
4006,4005,413,33.41
5206,5205,414,24.18
2130,2129,414,22.1
6717,6816,414,20.84
3018,3017,414,16.18
6311,6410,414,15.83
6007,6106,414,15.92
1549,1449,414,11.26
7136,7135,414,10.09
8456,8556,414,10.28
7950,7949,414,9.89
5905,5904,414,22.99
1831,1830,414,72.42
6624,6723,414,7.02
7965,8064,414,5.36
4711,4710,414,15.68
5503,5502,414,28.18
4383,4283,414,2.61
2227,2226,414,185.53
5604,5603,414,23.67
3009,3008,414,93.66
2319,2318,414,11.79
6207,6206,414,104.41
3502,3501,414,14.94
7036,7135,414,5.38
4002,4001,415,68.04
4907,4906,415,58.18
3106,3105,415,66.05
1634,1633,415,35.74
2918,2917,415,20.72
7973,7972,415,21.04
2617,2616,415,17.03
1734,1633,415,23.53
8279,8278,415,15.39
8583,8582,415,13.29
1636,1535,415,22.2
1931,1930,415,48.14
7644,7643,415,10.36
5304,5303,415,27.78
8350,8349,415,9.75
7542,7541,415,10.07
3205,3204,415,16.68
1536,1535,415,41.34
1637,1537,415,10.28
2031,1930,415,23.22
3403,3402,415,10.01
6932,6931,415,7.03
1638,1537,415,21.48
7849,7848,415,9.92
8252,8251,415,9.75
2121,2120,415,20.36
4811,4810,415,20.2
5704,5703,415,16.53
8177,8176,415,11.49
1444,1443,415,40.74
1732,1731,416,45.17
2030,2029,416,29.96
4102,4101,416,26.63
1448,1447,416,33.24
4509,4508,416,21.99
4610,4609,416,22.12
6716,6715,416,16.98
4408,4407,416,15.11
6616,6615,416,16.14
2130,2029,416,20.22
5402,5401,416,24.6
1830,1829,416,96.21
4105,4004,416,10.41
6728,6727,416,14.13
2225,2124,416,7.59
1547,1446,416,18.04
1832,1731,416,22.15
5502,5501,416,68.58
6718,6817,416,20
3304,3303,416,12.35
6410,6409,416,71.1
6414,6513,416,8.91
1643,1642,416,10.43
1544,1543,416,13.41
3105,3104,417,66.31
6308,6307,417,25.46
6004,6003,417,31.75
6412,6411,417,20.18
1930,1929,417,52.4
8483,8482,417,16.1
1635,1534,417,20.47
1733,1632,417,23.37
8649,8648,417,32.62
7872,7871,417,9.5
6312,6411,417,8.59
8158,8159,417,7.71
4906,4905,417,62.43
5005,5004,417,23.9
5803,5802,417,28.88
2155,2055,417,2.59
5089,4989,417,1.71
4208,4207,417,28.13
8257,8358,417,7.42
4407,4406,418,76.9
6409,6408,418,86.44
1731,1730,418,99.39
5603,5602,418,30.74
3008,3007,418,27.42
2129,2128,418,33.23
2818,2817,418,18.53
1634,1533,418,23.66
1639,1538,418,22.5
1829,1828,418,88.75
6206,6205,418,28.59
4105,4204,418,8.95
5105,5104,418,18.3
8356,8457,418,5.62
7747,7846,418,5.36
5904,5903,418,29.92
7496,7596,418,1.71
6106,6105,418,28.59
6408,6407,419,103.89
1730,1729,419,119.75
3007,3006,419,104.33
6615,6614,419,37.1
4810,4809,419,32.8
4710,4709,419,21.61
7771,7770,419,19.24
5303,5302,419,28.61
2517,2516,419,14.63
4406,4405,419,109.21
7745,7744,419,14.57
1929,1928,419,52.03
2717,2716,419,19.45
7134,7133,419,10.21
8686,8786,419,7.47
1536,1435,419,23.05
8278,8277,419,27.19
7034,7133,419,5.38
7748,7847,419,5.35
8651,8751,419,7.54
8072,8071,419,17.78
1444,1343,419,23.16
1729,1728,420,123.07
4204,4203,420,59.81
2128,2127,420,72.76
1632,1631,420,42.23
2029,2028,420,32.86
5703,5702,420,22.81
2616,2615,420,20.58
5205,5204,420,19.83
2129,2028,420,23.6
6816,6815,420,17.31
3017,3016,420,16.72
1732,1631,420,22.16
8380,8379,420,15.32
1828,1827,420,63.97
4905,4904,420,39.12
8151,8150,420,9.71
8649,8548,420,23.54
8649,8748,420,22.39
1740,1640,420,8.02
2664,2563,420,9.16
8176,8175,420,20.05
3271,3171,420,2.25
6718,6818,420,8.79
7966,8065,420,5.35
4207,4206,420,36.76
5302,5301,421,48.04
6407,6406,421,48.38
6307,6306,421,18.94
1633,1532,421,27.31
1639,1539,421,12.65
8649,8749,421,12.84
8750,8749,421,11.32
8158,8259,421,9.09
2765,2665,421,4.61
7972,7971,421,10.16
2219,2218,421,11.13
4309,4308,421,10.84
5802,5801,421,19.38
1444,1344,421,13.61
1343,1342,422,34.72
6614,6613,422,36.99
5903,5902,422,20.27
4609,4608,422,8.98
4508,4507,422,8.99
1537,1436,422,29.16
2120,2119,422,10.43
2917,2916,422,12.62
2418,2417,422,10.22
3106,3005,422,25.18
1435,1434,422,39.56
8684,8683,422,7.73
7238,7237,422,8
1928,1927,422,43.88
1535,1434,422,28.73
8449,8448,422,6.52
6830,6829,422,6.83
1536,1436,422,12.53
4586,4485,422,10.41
7138,7237,422,4.4
6513,6512,422,15.82
3204,3203,422,13.29
3402,3401,422,13.12
4405,4404,422,28.54
4203,4202,423,46.14
6815,6814,423,34.66
4206,4205,423,44.12
1632,1531,423,29.17
6715,6714,423,13.62
6615,6714,423,19
1534,1433,423,27.52
3105,3004,423,25.1
6105,6104,423,18.88
8482,8481,423,8.08
8050,8049,423,8.05
1952,1851,423,14.25
1443,1442,423,11.32
7441,7440,423,8.23
1728,1727,423,49.14
3675,3574,423,8.89
5004,5003,423,15.15
4888,4788,423,2.32
2127,2126,423,42.31
1827,1826,423,38.84
2028,2027,424,29.54
1533,1432,424,25.01
1538,1437,424,28.71
6003,6002,424,12.87
3104,3103,424,13.31
6817,6916,424,17.12
8785,8784,424,7.96
1543,1542,424,11.06
1953,1852,424,16.95
7341,7340,424,8.23
5602,5601,424,16.45
8582,8581,424,8.99
5104,5103,424,15.82
1642,1641,424,11.33
3009,2908,424,17.62
4404,4403,425,49.42
6613,6612,425,39.98
1343,1242,425,28.4
4407,4306,425,21.63
3303,3302,425,11.18
6406,6405,425,29.92
2318,2317,425,7.69
6205,6204,425,14.67
1435,1334,425,29.17
6721,6820,425,7.59
7871,7870,425,10.54
5304,5203,425,13.19
1549,1450,425,7.55
6727,6726,425,9.14
4181,4080,425,8.91
8456,8557,425,6.99
8351,8250,425,7.04
1927,1926,425,35.39
1827,1726,425,29.15
1826,1825,426,40.5
6714,6713,426,34.05
4202,4201,426,46.17
1631,1630,426,18.82
5302,5201,426,25.1
1539,1438,426,28.94
2055,1954,426,19.4
7541,7540,426,8.36
1448,1347,426,13.23
7949,7948,426,7.96
8588,8688,426,4.15
8489,8589,426,2.62
5003,5002,426,39.69
8488,8589,426,3.51
5702,5701,426,19.45
1344,1243,426,29.15
6916,6915,427,33.5
6814,6813,427,31.28
2716,2715,427,12.38
2817,2816,427,8.99
6817,6917,427,8.97
6406,6305,427,26.39
5103,5102,427,44.31
8349,8348,427,7.66
7643,7642,427,8.11
1449,1348,427,12.83
6722,6821,427,6.03
3013,2912,427,8.9
1436,1335,427,29.16
8554,8655,427,5.28
6719,6819,427,7.12
2257,2157,427,2.96
2027,2026,427,44.23
1334,1333,428,36.33
6405,6404,428,38.62
4403,4402,428,48.16
6002,6001,428,26.66
1826,1725,428,29.13
1531,1530,428,22.63
6815,6914,428,18.34
1434,1333,428,27.63
2516,2515,428,10.41
4809,4808,428,7.16
8071,8070,428,11.23
6726,6725,428,49.29
1926,1925,428,49.15
5303,5202,428,13.22
5203,5202,428,48.12
2461,2360,428,9.56
8350,8249,428,6.52
8648,8647,428,8.62
2124,2023,428,14.63
1728,1627,428,18.43
2562,2462,428,3.25
5003,4902,428,29.16
7967,8066,428,4.4
6410,6509,428,9.13
4306,4305,428,47.2
6713,6712,429,38.32
6829,6828,429,15.94
4404,4303,429,21.9
1437,1336,429,29.16
4308,4307,429,12.53
1539,1439,429,13.27
3007,2906,429,15.49
6411,6510,429,11.78
1447,1346,429,12.49
6406,6505,429,19.45
7032,7031,429,5.83
4908,4807,429,10.48
3010,2909,429,10.99
3011,2910,429,9.89
4905,4804,429,13.21
4906,4805,429,12.45
5002,5001,429,45.3
3402,3301,429,11.05
1446,1345,429,12.56
8277,8276,429,9.27
6512,6511,429,16.23
1727,1626,429,26.95
2026,2025,430,48.99
5102,5101,430,46.66
1334,1233,430,28.82
6405,6304,430,29.14
6002,5901,430,24.47
3004,3003,430,15.51
5902,5901,430,12.85
6204,6203,430,24.19
1640,1540,430,10.28
4709,4708,430,7.98
7846,7845,430,8.42
1730,1629,430,12.99
6406,6506,430,12.29
4907,4806,430,10.46
3012,2911,430,9.31
6305,6304,430,34.51
8175,8174,430,10.03
5004,4903,430,11.91
3777,3676,430,10.3
3203,3202,430,13.42
3878,3778,430,3.49
1344,1244,430,11.69
4305,4304,431,49.27
1333,1332,431,35.98
4902,4901,431,41.45
6404,6403,431,49.52
6725,6724,431,49.14
1438,1337,431,29.02
4403,4302,431,24.92
6814,6913,431,19.23
6104,6103,431,12.7
2417,2416,431,11.2
2916,2915,431,12.25
6509,6508,431,49.36
7744,7743,431,8.23
1729,1628,431,12.88
1925,1924,431,39.35
4283,4182,431,9.67
1726,1625,431,24.72
7033,7132,431,4.4
6931,6930,431,6.34
6914,6913,431,34.56
3103,3102,431,15.2
8749,8848,431,15.55
1243,1142,431,29.12
4405,4304,431,13.05
7971,7970,431,11.06
2226,2125,431,10.03
7137,7236,431,4.4
6505,6504,432,49.15
1530,1529,432,26.12
1825,1824,432,19.77
6916,7015,432,18.7
6002,6102,432,13.63
6002,6101,432,19.62
1442,1441,432,11.23
7440,7439,432,11.37
1335,1234,432,29.02
1342,1341,432,11.09
3171,3070,432,12.15
2615,2614,432,8.52
2119,2118,432,10.76
3015,2914,432,8.32
3373,3273,432,4.79
4484,4384,432,2.3
6712,6711,432,47.14
2218,2217,432,10
2025,2024,433,45.76
2906,2905,433,25.68
1333,1232,433,28.74
4402,4401,433,21.85
4902,4801,433,29.01
6203,6202,433,48.77
6204,6303,433,19.4
6818,6918,433,8.05
8150,8149,433,8.12
4407,4506,433,8.01
6304,6303,433,43.88
7136,7235,433,4.39
6508,6507,434,46.68
6403,6402,434,48.42
1625,1624,434,38.47
1439,1338,434,29.03
1954,1853,434,20.2
6916,7016,434,10.78
4608,4607,434,8.4
8379,8378,434,7.67
8548,8547,434,7.51
1924,1923,434,38.59
1542,1541,434,10.3
1336,1235,434,28.37
8683,8682,434,8.93
7542,7641,434,4.39
6813,6812,434,14.99
1142,1141,434,36.33
8748,8747,434,7.62
6612,6611,434,11.49
6913,6912,434,39.26
6504,6503,435,48.61
2914,2913,435,48.52
6711,6710,435,49.37
4903,4802,435,28.95
1824,1823,435,34.81
1626,1525,435,28.24
2816,2815,435,12.73
2715,2714,435,13.51
6915,7014,435,19.12
7540,7539,435,11.35
1242,1241,435,11.1
3004,2903,435,12.03
4202,4301,435,11.99
2317,2316,435,10.69
8448,8447,435,8.07
2614,2613,435,49.35
8686,8787,435,4.87
7015,7014,435,38.27
2156,2056,435,3.53
3272,3172,435,3.94
8749,8849,435,7.67
1243,1143,435,11.52
1625,1524,436,29.13
1233,1132,436,27.52
6828,6827,436,15.92
1626,1526,436,14.5
6202,6201,436,49.21
8049,8048,436,8.06
8581,8580,436,9.05
6303,6302,436,49.37
3202,3201,436,18.02
1449,1349,436,4.8
1336,1236,436,14.33
8481,8480,436,7.97
6820,6919,436,13.81
2664,2564,436,3.67
6914,7013,436,18.38
1142,1041,436,28.82
3103,3002,436,11.92
2968,2868,436,2.97
3102,3101,436,21.65
8651,8752,436,4.5
4506,4505,437,32.67
1234,1133,437,28.37
1233,1133,437,15.25
1439,1339,437,12.98
8784,8783,437,8.29
6402,6401,437,35.55
8070,8069,437,11.33
1725,1724,437,12.2
7340,7339,437,8.02
1650,1651,437,3.19
6611,6610,437,48.9
6812,6811,437,48.79
6395,6296,437,1.28
6912,6911,437,49.46
6710,6709,438,42.58
2714,2713,438,49.14
4607,4606,438,32.08
2905,2904,438,21.27
1529,1528,438,17.86
2914,2813,438,24.36
4903,4803,438,13.26
1141,1140,438,33.02
2613,2612,438,48.88
1531,1430,438,10.02
3005,2904,438,9.21
6503,6502,438,39.84
8349,8248,438,6.48
1852,1751,438,10.8
1348,1247,438,13.1
5291,5191,438,2.61
2218,2117,438,8.74
1132,1131,439,37.16
7013,7012,439,44.67
1338,1237,439,29.15
1234,1134,439,14.33
6917,7017,439,8.87
1524,1523,439,48.42
4403,4502,439,10.14
1432,1431,439,6.96
2908,2907,439,7.1
6302,6301,439,43.98
1235,1134,439,28.47
2614,2513,439,22.23
1539,1440,439,7.97
6402,6301,439,28.64
8062,8161,439,4.4
7134,7233,439,4.39
8061,8160,439,4.4
7948,7947,439,7.97
1142,1042,439,13.57
7967,8067,439,2.52
8276,8275,439,10.47
6811,6810,440,49.09
6610,6609,440,49.52
6911,6910,440,47.47
6710,6609,440,28.77
7970,7969,440,11.3
1141,1040,440,27.81
2462,2361,440,12.45
8348,8347,440,8.06
4802,4701,440,29.14
2515,2514,440,8.96
4404,4503,440,8.16
2055,1955,440,4.51
8647,8646,440,8.83
7794,7795,440,1.02
2713,2712,441,48.08
2813,2812,441,47.52
4606,4605,441,35.96
1132,1031,441,28.97
1525,1425,441,17.16
1525,1424,441,23.69
2913,2812,441,25.84
7439,7438,441,11.35
1341,1340,441,11.23
6506,6605,441,13.9
8174,8173,441,9.96
4805,4704,441,12.82
4808,4707,441,11.63
2360,2259,441,11.28
6502,6501,441,34.33
2416,2415,441,11.04
2613,2512,441,23.65
7239,7338,441,4.4
3002,3001,441,23.9
6821,6920,441,10.76
7015,7114,441,16.89
8848,8847,441,10.9
6820,6920,441,6.46
1650,1551,441,4.09
4505,4504,441,31.65
5993,5894,441,1.26
4502,4501,442,49.09
6709,6708,442,31.07
1140,1139,442,33.07
1430,1429,442,30.63
1528,1527,442,27.96
6827,6826,442,16.84
1236,1135,442,28.17
1624,1623,442,12.66
6507,6607,442,14.16
6507,6606,442,19.54
1823,1822,442,15.53
1141,1240,442,18.83
4807,4706,442,11.38
1530,1429,442,10.32
2023,2022,442,7.34
1524,1423,442,24.53
1235,1135,442,14.19
2317,2216,442,8.63
6829,6928,442,7.1
1523,1522,442,42.43
7238,7337,442,4.4
1724,1723,442,21.6
7012,7011,442,48.56
2866,2767,442,2.74
1339,1238,442,29.03
2909,2808,442,11.33
5592,5493,442,1.24
6810,6809,443,40.82
6910,6909,443,34.93
6609,6608,443,35.22
1133,1032,443,28.22
1236,1136,443,14.59
2815,2814,443,13.18
7641,7640,443,11.31
7016,7115,443,16.64
7845,7844,443,8.15
2906,2805,443,10.29
3003,2902,443,11.68
1040,1039,443,34.03
3069,2969,443,2.65
7694,7695,443,1.2
1344,1245,443,6.73
2812,2811,444,41.88
4704,4703,444,48.49
7114,7113,444,38.71
6605,6604,444,46.7
4605,4604,444,42.36
2712,2711,444,44.66
1134,1033,444,28.83
1247,1246,444,17.38
2512,2511,444,47.69
1133,1033,444,14.52
7539,7538,444,11.35
2316,2315,444,11.32
7743,7742,444,8.2
4802,4702,444,12.49
6503,6602,444,16.11
1031,1030,444,49.15
8063,8162,444,4.4
3979,3879,444,2.8
4181,4081,444,2.73
1143,1043,444,11.23
1042,941,444,28.82
8390,8491,444,2.16
7014,7113,444,16.76
1240,1239,445,33.42
4706,4705,445,36.81
6826,6825,445,43.69
6708,6707,445,46.49
1132,1231,445,17.39
8849,8948,445,14.96
4806,4705,445,9.47
1723,1722,445,39.59
8064,8163,445,4.4
7135,7234,445,4.38
8654,8753,445,4.31
2910,2809,445,9.21
8682,8681,445,9.22
3778,3677,445,9.77
1339,1239,445,12.98
7011,7010,445,49.52
6909,6908,446,48.06
6809,6808,446,42.76
1425,1324,446,28.6
2513,2412,446,22.4
1237,1137,446,15.5
6709,6808,446,19.27
6919,7018,446,15.19
7016,7116,446,8.53
6918,7018,446,7.74
1332,1331,446,6.92
8149,8148,446,8.1
3676,3575,446,9.2
2564,2463,446,15.46
6502,6601,446,18.45
8547,8546,446,8.99
7031,7030,446,6.13
3172,3071,446,13.28
4687,4587,446,2.4
1040,939,446,28.18
8378,8377,446,8.42
6604,6603,447,38.09
2711,2710,447,46.24
2511,2510,447,45.15
1423,1422,447,20.05
2712,2611,447,27.97
1131,1130,447,12.79
4701,4601,447,14.86
1134,1034,447,13.53
2512,2411,447,25.56
1349,1248,447,13.3
7013,7112,447,13.13
1525,1426,447,12.81
1955,1854,447,21.76
8447,8446,447,8.45
1135,1034,447,28.95
6504,6603,447,9.6
8480,8479,447,9.19
1954,1854,447,4.79
2514,2413,447,22.28
1923,1922,447,7.71
2805,2804,447,25.16
1424,1323,447,27.91
1030,1029,447,35.99
3002,2901,447,13.3
4586,4486,447,2.37
1042,942,447,13.57
4604,4603,447,48.4
8580,8579,447,9.15
1040,940,447,14.57
6825,6824,448,45.19
6707,6706,448,46.39
1136,1035,448,29.12
1623,1622,448,17.87
6910,7009,448,18.25
1529,1428,448,9.39
6930,6929,448,6.08
1032,931,448,28.6
1031,930,448,22.96
1853,1752,448,10.87
6722,6822,448,2.46
6195,6095,448,2.3
8749,8850,448,5.43
1243,1144,448,6.61
8747,8746,448,7.69
8948,8947,448,38.64
6808,6807,449,48.82
6908,6907,449,48.94
2808,2807,449,16.07
8275,8274,449,10.54
2904,2803,449,12.97
8849,8949,449,7.23
2903,2802,449,10.35
7132,7131,449,5.81
6828,6927,449,7.1
8348,8247,449,6.68
8048,8047,449,8.03
1033,932,449,28.9
6821,6921,449,4.71
2766,2666,449,2.76
8783,8782,449,8.91
939,938,449,34.21
1323,1322,450,47.91
2710,2709,450,47.04
2510,2509,450,43.79
4603,4602,450,49.43
7112,7111,450,49.4
2711,2610,450,26.96
2511,2410,450,27.71
7438,7437,450,11.32
7114,7213,450,16.68
1247,1146,450,12.58
6919,7019,450,7.4
2217,2116,450,8.04
2611,2610,450,44.94
7846,7945,450,4.37
5392,5292,450,2.42
5190,5090,450,2.35
8069,8068,450,7.94
1238,1138,450,14.06
6706,6705,451,40.83
7009,7008,451,49.37
1130,1129,451,30.66
1136,1036,451,12.58
1425,1325,451,10.1
2216,2215,451,11.34
8173,8172,451,10.27
6824,6823,451,48.72
2022,2021,451,11.81
2120,2019,451,4.13
1324,1223,451,29.01
8646,8645,451,9.67
1137,1036,451,28.99
6596,6597,451,1.17
6907,6906,452,35.59
6807,6806,452,38.11
938,937,452,38.78
1428,1427,452,27.86
2510,2409,452,28.37
942,841,452,29.16
1331,1330,452,18.87
1231,1230,452,14.52
6602,6701,452,18.83
2415,2414,452,9.67
1034,933,452,29.11
7947,7946,452,8.12
1430,1329,452,10.48
7847,7946,452,4.39
7133,7232,452,4.39
7744,7843,452,4.38
2056,1956,452,5.9
939,838,452,28.24
1039,1038,452,12.15
2809,2708,452,20.34
931,830,453,29.11
2710,2609,453,26.26
7010,7109,453,19.32
6604,6703,453,16.97
6826,6925,453,13.81
7114,7214,453,8.57
7017,7117,453,7.22
1035,934,453,29.14
2610,2609,453,44.03
8347,8346,453,8.02
8065,8164,453,4.4
940,839,453,27.66
2119,2018,453,4.65
939,839,453,14.5
7115,7214,453,14.49
7008,7007,454,43.88
1223,1222,454,36.7
2807,2806,454,21.81
938,837,454,29.15
932,831,454,29.11
930,929,454,16.9
7010,7110,454,11.94
2802,2801,454,23.94
1043,943,454,11.03
2315,2314,454,10.47
6602,6702,454,10.99
6605,6704,454,11.55
2902,2801,454,13.29
1822,1821,454,8.91
2117,2017,454,6.4
940,840,454,15.13
7111,7110,454,31.21
1622,1621,454,17.09
1324,1224,454,13.06
8588,8689,454,2.83
1137,1037,454,13.14
8847,8846,454,7.78
8948,9047,454,16.71
2708,2707,455,40.61
2811,2810,455,9.2
7640,7639,455,8.45
4283,4183,455,2.57
8556,8656,455,2.42
7337,7336,455,8.29
7237,7336,455,4.4
7109,7108,456,48.15
1230,1229,456,30.72
1223,1122,456,28.89
942,842,456,11.82
8377,8376,456,10.2
8681,8680,456,9.14
7742,7741,456,8.37
2361,2260,456,9.36
6925,6924,456,38.09
2609,2608,456,39.93
3373,3374,456,2.15
4383,4284,456,1.91
2709,2608,456,28.27
6920,7020,456,7.06
837,836,457,38.78
2708,2607,457,29.12
6906,6905,457,22.65
6806,6805,457,23.32
6907,7006,457,18.02
6927,6926,457,13.9
8947,8946,457,11.36
8546,8545,457,9.36
7538,7537,457,8.17
7116,7215,457,14.12
1035,935,457,12.43
2117,2016,457,7.66
6827,6926,457,6.95
2805,2704,457,10.25
8654,8754,457,2.29
838,737,457,29.16
2258,2158,457,2.28
8358,8458,457,2.5
8948,9048,457,8.6
929,928,458,28.54
934,833,458,29.17
932,832,458,11.44
1248,1147,458,12.87
2463,2362,458,11.8
1247,1147,458,5.03
839,738,458,28.45
7111,7210,458,19.24
2609,2508,458,29.16
1143,1044,458,6.4
4988,4889,458,1.62
6696,6697,458,1.05
6924,6923,459,40.12
1122,1121,459,34.36
837,736,459,29.15
6701,6801,459,14.47
1223,1123,459,13.4
6705,6804,459,19.44
7213,7212,459,11.81
8274,8273,459,10.45
7131,7130,459,10.89
8579,8578,459,8.71
1922,1921,459,8.66
8148,8147,459,8.04
1955,1855,459,5.38
1722,1721,459,7.38
2157,2057,459,3.17
8446,8445,459,8.48
7111,7211,459,11.75
3575,3474,459,10.93
2665,2565,459,2.69
1522,1521,459,6.07
7437,7436,459,11.31
7108,7107,460,27.89
1222,1221,460,17.56
6906,7005,460,19.12
8645,8644,460,11.13
937,936,460,13.39
7019,7118,460,14.42
8746,8745,460,8.65
1329,1328,460,12.76
840,739,460,27.23
2802,2701,460,13.3
4081,3980,460,9.22
1429,1328,460,8.09
2116,2115,460,10.98
8065,8165,460,2.52
1854,1753,460,10.99
8479,8478,460,7.85
2608,2507,461,28.39
1229,1228,461,22.13
1122,1021,461,28.29
6703,6802,461,19.38
830,829,461,12.79
7843,7842,461,11.37
2215,2214,461,10.98
1146,1145,461,9.63
8782,8781,461,8.7
4486,4385,461,10.4
840,740,461,15.5
8172,8171,461,10.93
8259,8359,461,2.51
7210,7209,461,46.38
8291,8392,461,1.7
1121,1120,462,47.97
842,741,462,25.05
2707,2706,462,16.29
6704,6803,462,19.62
6703,6803,462,12.09
934,834,462,12.05
2409,2408,462,10.43
8247,8246,462,8
6923,6922,462,43.29
3677,3576,462,8.57
6928,7027,462,7.45
7116,7216,462,6.66
1349,1249,462,3.9
8347,8246,462,6.66
737,636,462,28.97
6925,7024,462,16.98
2704,2703,462,20.46
3172,3072,462,3.74
8047,8046,462,8.02
935,834,462,29.15
8751,8851,462,2.35
5893,5794,462,1.41
1122,1022,463,14.43
1328,1327,463,39.97
7945,7944,463,8.17
9047,9046,463,11.36
832,731,463,28.41
2412,2311,463,8.47
8849,8950,463,5.1
7845,7944,463,4.39
7030,7029,463,5.96
3373,3274,463,2.71
2021,2020,463,8.83
7006,7106,464,15.21
7108,7208,464,13.13
7108,7207,464,19.61
3071,2970,464,8.08
2413,2312,464,8.72
738,637,464,28.2
7236,7335,464,4.39
1621,1620,464,10.58
829,828,465,29.03
7005,7004,465,21.36
1121,1020,465,25.2
6805,6904,465,18.92
7006,7105,465,19.1
7215,7314,465,17.81
836,835,465,12.64
7741,7740,465,11.34
6924,7023,465,15.96
8376,8375,465,11.23
2314,2313,465,9.22
7019,7119,465,6.86
2803,2702,465,8.99
2411,2310,465,8.04
738,638,465,14.55
936,835,465,29.12
6925,7025,465,8.84
1324,1225,465,7.8
6921,7021,465,6.27
6996,6997,465,0.91
3878,3779,465,2.21
6596,6497,465,1.49
2706,2705,466,28.09
1221,1220,466,19.73
6801,6901,466,14.82
1821,1820,466,8.97
832,732,466,14.28
6928,7028,466,4.28
740,639,466,28.78
8557,8657,466,2.48
8346,8345,466,8.07
6804,6903,467,19.12
943,843,467,8.25
7117,7217,467,7.28
1043,944,467,6.26
1425,1326,467,5.62
2116,2015,467,8.38
2564,2464,467,3.32
1449,1350,467,2.71
1228,1227,468,14.81
7005,7104,468,18.78
736,735,468,11.57
7436,7435,468,11.27
7215,7315,468,9.66
2607,2606,468,9.17
8680,8679,468,8.87
7639,7638,468,8.18
8846,8845,468,7.42
8545,8544,468,9.54
8066,8166,468,2.53
4788,4688,468,2.27
3273,3173,468,2.78
7023,7022,468,38.27
6896,6897,468,0.91
8948,9049,468,6.17
6802,6902,469,13.81
1521,1520,469,10.52
1224,1124,469,6.9
1223,1124,469,8.07
2410,2309,469,7.81
6927,7026,469,7.39
8273,8272,469,11.07
1551,1451,469,3.62
740,640,469,13.66
7232,7231,469,6.12
637,536,469,28.88
2115,2114,469,11.37
7209,7308,469,18.96
7537,7536,469,8.36
8578,8577,469,10.9
7004,7003,470,21.49
7842,7841,470,11.36
1123,1023,470,9.57
1147,1046,470,12.82
830,729,470,8.34
1921,1920,470,9.19
8171,8170,470,11.33
8655,8755,470,2.37
7210,7309,470,11.81
2868,2768,470,2.99
8069,8168,470,4.4
3778,3678,470,2.54
7209,7309,470,11.2
7496,7497,470,0.9
7794,7895,470,1.08
1229,1128,471,9.97
842,742,471,6.95
2409,2308,471,7.64
8247,8146,471,6.65
8445,8444,471,9.07
638,537,471,28.09
835,734,471,27.96
4182,4082,471,2.55
8688,8788,471,2.25
2408,2407,471,11.15
8478,8477,471,9.43
1220,1219,472,17.97
8644,8643,472,8.55
2214,2213,472,9.88
8745,8744,472,8.38
7212,7311,472,11.72
928,927,472,7.2
8946,8945,472,7.11
731,730,472,11.25
2362,2261,472,10.28
7214,7313,472,7.54
639,538,472,26.68
1721,1720,472,8.18
638,538,472,14.68
2507,2506,472,9.9
8161,8260,472,4.4
2260,2159,472,9.03
1753,1652,472,12.74
2704,2603,472,9.77
8489,8590,472,1.77
636,635,472,10.71
6901,7001,473,15.24
536,535,473,29.35
7004,7103,473,18.82
7207,7206,473,11.12
8781,8780,473,8.74
1350,1250,473,16.99
7118,7218,473,7.81
2057,1957,473,7.38
1249,1148,473,13.15
2016,1916,473,6.4
639,539,473,15.89
1956,1856,473,4.78
2606,2605,473,22.86
8785,8884,473,2.3
729,728,474,29.02
7003,7002,474,26.3
3576,3475,474,12.25
735,634,474,26.86
832,733,474,8.86
7740,7739,474,11.36
1855,1754,474,9.82
3072,2971,474,12.76
7216,7316,474,8.95
7023,7122,474,16.89
6295,6196,474,1.23
7313,7312,475,45.96
536,435,475,26.08
8375,8374,475,11.08
1120,1119,475,7.98
8046,8045,475,8.15
2016,1915,475,7.92
7130,7129,475,6.32
8246,8245,475,8.18
8346,8245,475,6.68
2703,2602,475,11.02
1620,1619,475,9.64
7315,7415,476,13.7
7315,7414,476,19.61
536,436,476,16.24
7119,7219,476,9.15
7335,7334,476,8.68
7944,7943,476,8.07
537,436,476,29.08
2015,2014,476,11.12
7844,7943,476,4.39
7235,7334,476,3.3
8786,8885,476,2.51
2702,2601,476,13.28
5492,5393,476,1.24
2605,2604,477,29.15
1227,1226,477,12.33
7217,7317,477,10.31
9046,9045,477,7.32
1350,1351,477,10.66
2464,2363,477,14.38
4587,4487,477,3.32
8162,8261,477,4.4
7538,7637,477,4.39
1820,1819,477,9.2
8752,8852,477,2.45
7026,7125,477,18.2
7210,7310,477,5.28
8069,8169,477,2.53
7023,7123,477,8.76
7103,7102,478,24.66
7003,7102,478,19.6
8577,8576,478,11.19
1520,1519,478,11.33
8679,8678,478,10.25
1228,1127,478,8.82
1521,1420,478,7.67
7536,7535,478,11.3
8163,8262,478,4.4
2767,2667,478,2.84
7234,7333,478,4.37
2506,2505,478,17.96
539,438,478,28.47
1651,1552,478,3.47
538,437,478,26.52
8345,8344,478,8.58
8272,8271,478,11.3
8544,8543,478,10.83
7414,7413,479,38.92
1250,1149,479,25.24
1219,1218,479,15.82
2114,2113,479,10.94
7308,7307,479,10.75
1020,1019,479,7.54
1350,1251,479,12.39
1021,920,479,7.98
1147,1047,479,4.82
7231,7230,479,10.99
8067,8167,479,2.52
740,641,479,8.3
742,641,479,17.73
7026,7126,479,10.12
