4125,4126,10,9.48
4126,4127,13,48.27
4127,4128,16,43.89
4128,4129,19,45.17
4129,4130,22,47.54
4127,4228,22,16.85
4126,4227,22,12.37
4130,4131,25,48.57
4228,4229,25,47.96
4128,4229,25,15.8
4131,4132,28,48.43
4229,4230,28,48.86
4132,4133,31,47.61
4230,4231,31,49.07
4127,4028,31,8.07
4227,4328,32,14.74
4133,4134,34,47.12
4231,4232,34,49.05
4228,4329,34,12.82
4128,4029,36,7.35
4232,4233,37,48.74
4134,4135,37,47.39
4329,4330,37,48.83
4126,4027,37,5.35
4029,4030,39,48.28
4233,4234,40,47.95
4135,4136,40,47.39
4330,4331,40,49.08
4030,4031,42,47.43
4234,4235,43,47.14
4136,4137,43,46.58
4331,4332,43,49.08
4328,4429,43,13.42
4126,4226,44,3.01
4031,4032,45,47.44
4235,4236,46,46.3
4137,4138,46,45.9
4332,4333,46,48.89
4429,4430,46,47.47
4032,4033,48,46.43
4236,4237,49,46.89
4138,4139,49,46.21
4333,4334,49,47.54
4430,4431,49,48.75
4233,4334,49,12.85
4227,4327,49,3.83
4033,4034,51,44.72
4234,4335,51,13.86
4237,4238,52,47.42
4139,4140,52,47.38
4431,4432,52,49.01
4235,4336,53,14.75
4034,4035,54,45.03
4429,4530,54,13.47
4238,4239,55,47.53
4432,4433,55,48.57
4336,4337,56,47.71
4035,4036,57,46.07
4530,4531,57,45.16
4333,4434,57,13.39
4239,4240,58,47.89
4337,4338,59,48.05
4334,4435,59,15.01
4126,4026,59,2.08
4036,4037,60,46.77
4531,4532,60,47.87
4327,4428,60,13.46
4240,4241,61,11.88
4530,4631,61,47.6
4336,4437,61,55.92
4238,4339,61,55.8
4432,4533,61,54.97
4335,4436,61,51.16
4531,4632,62,53.52
4434,4535,62,52.32
4337,4438,62,57
4239,4340,62,56.96
4433,4534,62,50.2
4532,4633,63,56.81
4435,4536,63,56.63
4338,4439,63,55.52
4240,4341,63,55.19
4241,4342,64,51.31
4631,4732,64,51.07
4436,4537,64,55.33
4437,4538,64,53.52
4339,4440,64,56.09
4533,4634,64,57.21
4428,4529,64,45.18
4226,4326,64,9.4
4632,4733,65,58.32
4535,4636,65,54.35
4340,4441,65,54.4
4438,4539,65,55.44
4534,4635,65,56.29
4633,4734,66,60.32
4536,4637,66,51.43
4341,4442,66,50.65
4439,4540,66,57.46
4137,4038,66,4.4
4030,3931,66,3.03
4029,3930,66,2.57
4342,4443,67,51.88
4732,4833,67,54.4
4537,4638,67,52.98
4538,4639,67,57.46
4440,4541,67,56.09
4634,4735,67,53.85
4326,4427,67,49.58
4733,4834,68,57.54
4636,4737,68,51.88
4441,4542,68,50.94
4539,4640,68,60.28
4635,4736,68,48.68
4529,4630,68,44.4
4734,4835,69,53.28
4637,4738,69,57.46
4442,4543,69,53.06
4540,4641,69,58.15
4241,4242,69,13.61
4443,4544,70,57.56
4833,4934,70,51.56
4638,4739,70,60.61
4639,4740,70,62.5
4541,4642,70,53.41
4735,4836,70,49.26
4834,4935,71,54.5
4737,4838,71,61.24
4542,4643,71,54.61
4640,4741,71,60.28
4736,4837,71,55.21
4427,4528,71,43.35
4428,4528,71,9.93
4033,3934,71,4.72
4031,3932,71,3.19
4835,4936,72,54.19
4738,4839,72,62.41
4543,4644,72,58.33
4641,4742,72,54.94
4242,4343,72,51.87
4630,4731,72,46.05
4342,4343,72,13.35
4032,3933,72,3.74
4544,4645,73,57.62
4934,5035,73,54.85
4739,4840,73,63.31
4740,4841,73,61.71
4642,4743,73,55.16
4836,4937,73,57.7
4038,4039,73,15.65
4138,4039,73,3.87
4838,4939,74,63.7
4643,4744,74,58.03
4741,4842,74,56.58
4837,4938,74,62.41
4935,5036,74,58.15
4529,4629,74,10.23
4936,5037,75,59.25
4839,4940,75,63.85
4742,4843,75,55.3
4343,4444,75,56.04
4731,4832,75,49.99
4034,3935,75,5.21
5035,5136,76,59.02
4840,4941,76,62.23
4841,4942,76,57.87
4937,5038,76,63.23
4939,5040,77,63.92
4938,5039,77,64.37
5036,5137,77,60.89
4242,4243,77,13.36
4427,4527,77,10.64
4326,4426,77,8.34
5037,5138,78,63.83
4940,5041,78,62.82
4444,4545,78,56.96
4832,4933,78,48.99
4629,4730,78,45.1
5136,5237,79,63.57
4941,5042,79,59.11
4942,5043,79,55.84
5038,5139,79,64.35
5040,5141,80,63.03
5039,5140,80,64.24
5137,5238,80,65.06
4243,4344,80,54.97
4039,4040,80,14.34
4035,3936,80,5.16
5138,5239,81,65.45
5041,5142,81,59.94
4545,4646,81,54.69
4933,5034,81,49.62
4527,4628,81,41.55
4528,4628,81,10.58
4140,4141,81,1.28
5237,5338,82,67.93
5042,5143,82,57.66
5043,5144,82,56.58
5139,5240,82,64.39
4730,4831,82,46.93
5141,5242,83,61.76
5140,5241,83,62.53
5238,5339,83,67.62
4344,4445,83,55.8
4644,4745,83,13.34
5034,5135,84,55.77
5142,5243,84,60.77
5239,5340,84,65.72
4645,4746,84,13.1
4743,4844,84,13.23
5338,5439,85,66.15
5143,5244,85,58.35
4831,4932,85,47.37
5144,5245,85,54.58
5240,5341,85,62.01
4628,4729,85,45.69
4942,4943,85,11.6
4744,4845,85,13.26
4842,4943,85,13.14
4629,4729,85,9.96
5242,5343,86,61.62
5241,5342,86,62.37
5339,5440,86,61.39
4445,4546,86,53.95
3936,3937,86,17.39
4243,4244,86,11.97
4527,4627,86,11.36
4843,4944,86,13.18
4036,3937,86,4.85
4027,3928,86,1.89
5135,5236,87,60.63
5243,5344,87,57.58
5340,5441,87,58.65
4426,4526,87,10.95
5439,5540,88,52.43
5244,5345,88,54.58
4932,5033,88,47.17
5245,5346,88,56.14
5341,5442,88,60.47
4943,5044,88,55.36
5043,5044,88,11.28
4037,3938,88,5.16
5343,5444,89,54.89
5342,5443,89,60.15
5440,5541,89,53.9
4244,4345,89,54.88
4729,4830,89,47.1
4344,4345,89,11.61
4730,4830,89,9.27
4226,4325,89,3.73
5236,5337,90,67.3
5344,5445,90,54.17
4627,4728,90,43.96
4226,4225,90,2.43
5540,5641,91,57.63
5345,5446,91,55.66
5033,5134,91,51.2
5346,5447,91,54.78
5442,5543,91,57.71
5044,5145,91,55.82
5144,5145,91,12.15
5444,5545,92,52.99
4345,4446,92,52.8
4830,4931,92,47.23
5443,5544,92,55.23
5441,5542,92,30.96
4445,4446,92,12.42
4646,4747,92,12.99
5337,5438,93,67.93
5445,5546,93,53.03
4728,4829,93,47.93
5446,5547,94,53.22
5134,5235,94,57.92
5145,5246,94,55.22
5541,5642,94,32.16
3938,3939,94,17.28
5245,5246,94,11.46
4745,4846,94,13.08
4931,5032,95,47.17
5542,5643,95,59.02
4446,4547,95,53.6
4244,4245,95,12.01
4746,4847,95,12.99
4844,4945,95,13.21
5438,5539,96,54.78
4829,4930,96,47.29
5641,5742,96,34.78
5543,5644,96,30.56
4526,4626,96,11.88
4627,4727,96,10.4
4845,4946,96,13.09
5235,5336,97,64.77
5642,5743,97,60.24
5246,5347,97,56.91
4345,4346,97,12.94
5346,5347,97,12.06
5044,5045,97,11.6
4546,4647,97,13.04
4944,5045,97,13.2
4029,3929,97,1.4
5032,5133,98,49.25
5545,5646,98,26.77
5544,5645,98,27.1
4241,4142,98,3.86
5539,5640,99,53.1
4930,5031,99,47.44
4727,4828,99,47.26
5336,5437,100,67.93
4346,4447,100,51.48
5347,5448,100,53.11
5045,5146,100,54.94
5643,5744,100,29.96
3939,3940,100,16.76
4446,4447,100,12.58
5145,5146,100,11.86
5133,5234,101,55.61
5742,5843,101,33.69
5640,5741,102,62.07
5031,5132,102,47.92
4828,4929,102,49.15
5743,5844,102,29.48
5644,5745,102,26.72
5447,5548,102,12.97
4325,4425,102,7.99
5437,5538,103,61.7
4447,4548,103,54.1
5146,5247,103,56.67
4245,4246,103,12.84
5246,5247,103,11.14
4747,4848,103,13.09
5234,5335,104,61.98
3940,4041,104,45.69
5546,5647,104,12.98
5132,5233,105,53.07
4929,5030,105,47.66
4346,4347,105,13.54
5347,5348,105,12.8
5547,5648,105,13.03
4846,4947,105,13.04
3936,3837,105,5.71
5538,5639,106,49.03
4548,4649,106,54.52
5741,5842,106,36.91
5843,5944,106,31.37
5744,5845,106,27.45
4142,4143,106,12.91
5045,5046,106,11.98
4626,4726,106,10.67
4547,4648,106,13.09
4847,4948,106,13.11
4945,5046,106,13.08
3935,3836,106,4.65
5335,5436,107,66.92
5844,5945,107,30.77
3940,3941,107,16.19
4727,4827,107,9.15
4946,5047,107,13.13
5233,5334,108,60.07
4347,4448,108,52.77
5348,5449,108,53.05
4647,4748,108,13.08
4649,4750,109,58.42
5842,5943,109,61.3
4648,4749,109,54.43
5046,5147,109,56.42
5146,5147,109,11.24
5646,5747,109,13.01
5645,5746,109,12.87
4426,4525,109,4.53
5436,5537,110,64.7
4827,4928,110,49.43
5334,5435,111,64.28
4448,4549,111,54.78
4748,4849,111,55.35
5639,5740,111,31.08
5845,5946,111,30.77
5944,6045,111,31.95
4246,4247,111,13.21
5448,5549,111,13.01
5031,5131,111,8.92
3937,3838,111,5.77
3934,3835,111,3.57
4750,4851,112,64.12
4749,4850,112,58.5
5147,5248,112,55.72
5945,6046,112,30.11
5247,5248,112,11.83
5537,5638,113,53.52
4928,5029,113,49.3
4347,4348,113,12.95
5348,5349,113,12.82
5548,5649,113,13.11
5745,5846,113,13.02
5435,5536,114,65.25
4549,4650,114,57.54
5131,5232,114,49.85
5943,6044,114,31.96
5746,5847,114,29.19
4848,4949,114,13.18
3938,3839,114,5.64
4851,4952,115,59.5
4850,4951,115,63.65
5740,5841,115,39.35
4143,4144,115,12.17
5647,5748,115,13.12
4526,4625,115,5.07
5029,5130,116,49.43
4348,4449,116,55.71
5349,5450,116,53.7
4947,5048,116,13.26
5648,5749,116,13.18
5536,5637,117,57.93
4650,4751,117,63.23
5232,5333,117,57.18
6045,6146,117,27.9
4948,5049,117,13.21
4951,5052,118,60.82
5846,5947,118,29.56
5147,5148,118,11.65
5047,5148,118,13.28
4449,4550,119,58.66
5450,5551,119,52.36
4952,5053,119,44.22
5841,5942,119,39.15
6044,6145,119,30.77
5638,5739,119,25.75
4247,4248,119,12.99
5449,5550,119,13.03
3941,4042,119,12.73
4827,4927,119,8.39
4751,4852,120,57.46
5333,5434,120,62.02
5049,5150,120,58.1
3839,3840,120,18.25
5747,5848,120,13.24
5148,5249,121,52.31
5248,5249,121,7.49
4928,5028,121,16.08
4550,4651,122,59.56
4248,4349,122,53.69
5052,5153,122,44.56
4952,4953,122,10.66
5349,5350,122,7.78
5946,6047,122,12.89
4849,4950,122,13.23
5549,5650,122,12.89
5131,5231,122,15.05
3934,3834,122,1.99
5434,5535,123,64.4
5150,5251,123,60.89
6146,6247,123,25.54
4625,4725,123,18.5
5029,5129,123,15.89
5942,6043,124,33.51
5739,5840,124,33.58
5637,5738,124,20.99
6046,6147,124,12.8
5649,5750,124,12.9
4027,3927,124,0.94
4651,4752,125,54.23
4950,5051,125,61.84
4349,4450,125,57.83
5350,5451,125,52.81
6145,6246,125,26.04
5052,5152,125,16.7
4949,5050,125,13.25
5847,5948,125,13.02
4126,4025,125,1.23
5535,5636,126,56.71
5251,5352,126,59.64
4953,5054,126,44.5
4144,4145,126,7.67
5536,5636,126,12.02
5232,5332,126,11.53
5748,5849,126,13.08
5840,5941,127,65.79
5738,5839,127,53.23
5048,5149,127,13
5749,5850,127,12.94
5050,5151,128,61.84
4450,4551,128,57.83
5451,5552,128,51.29
6047,6148,128,25.79
3840,3841,128,13.51
5352,5453,129,52.17
5332,5433,129,57.67
5152,5253,129,46.08
6043,6144,129,29.16
6247,6348,129,25.99
5947,6048,129,12.88
4325,4424,129,5.3
5941,6042,130,65.02
5839,5940,130,65.34
5149,5250,130,54.95
6147,6248,130,25.97
4425,4524,130,6.99
5650,5751,130,18.01
5151,5252,131,59.56
4551,4652,131,51.54
6246,6347,131,25.54
5129,5230,131,19.01
5053,5154,131,12.49
5550,5651,131,12.71
4727,4826,131,5.45
5848,5949,131,13.04
5551,5652,131,12.67
3841,3942,132,39.78
5738,5838,132,12.75
5750,5851,132,19.04
5535,5635,132,11.22
4953,4954,132,10.19
5637,5737,132,7.36
5940,6041,133,67.73
5250,5351,133,57.25
5434,5534,133,8.1
4248,4249,133,7.02
4325,4324,133,3
5252,5353,134,48.42
5230,5331,134,54.51
5352,5452,134,13.22
5153,5254,134,12.39
6145,6245,134,7.13
6148,6249,134,26.68
4525,4624,134,7.2
3837,3738,134,4.87
4652,4753,135,42.87
5154,5255,135,41.15
5652,5753,135,46.93
6042,6143,135,30.98
6348,6449,135,26.5
3838,3739,135,6.03
6048,6149,135,26.58
4249,4350,136,58.5
5851,5952,136,46.62
4954,5055,136,45.72
5332,5432,136,10.81
6248,6349,136,26.3
3839,3740,136,6.57
5948,6049,136,12.96
5452,5553,137,52.92
5254,5355,137,49
5838,5939,137,33.78
6347,6448,137,26.56
3841,3842,137,12.08
5849,5950,137,13
4752,4853,137,12.46
5552,5653,137,17.55
4245,4146,137,3.12
5255,5356,138,48.42
5635,5736,138,24.57
5652,5752,138,15.62
5453,5554,138,17.08
5850,5951,138,12.93
5054,5155,138,12.36
3837,3737,138,3.22
3933,3833,138,1.48
4350,4451,139,56.66
5432,5533,139,56.96
4753,4854,139,42.54
5737,5837,139,15.31
6246,6346,139,7.15
4625,4724,139,6.48
5055,5156,140,41.33
6249,6350,140,26.51
5230,5330,140,12.18
4927,5027,140,5.02
4142,4043,140,3.16
5553,5654,140,52.39
5939,6040,141,43.45
6149,6250,141,27
5254,5354,141,14.67
4652,4653,141,10.83
6449,6550,141,26.3
5253,5354,141,12.54
5028,5128,141,5.03
4827,4926,141,4.87
5554,5655,141,49.18
5837,5938,142,56.51
5356,5457,142,44.89
5155,5256,142,44.18
5951,6052,142,44.97
5752,5853,142,45.5
6049,6150,142,27.87
5949,6050,142,13.01
5751,5852,142,12.74
4551,4552,142,7.69
6349,6450,142,26.74
5654,5755,143,52.09
4854,4955,143,44.71
6448,6549,143,26.04
5353,5454,143,16.55
5534,5634,143,10.2
4954,4955,143,9.73
5129,5229,143,5.14
3840,3741,143,6.16
5330,5431,143,56.19
5156,5257,144,46.16
5753,5854,144,16.96
6144,6244,144,7.03
5938,6039,145,65.56
4653,4754,145,43.2
6346,6447,145,26.47
5356,5456,145,16.55
5736,5836,145,14.41
5951,6051,145,16.51
5653,5754,145,17.83
5055,5056,145,11.45
4753,4754,145,10.96
6041,6142,145,12
6042,6142,145,6.91
4246,4147,145,3.25
5256,5357,146,45.07
5853,5954,146,44.36
6350,6451,146,25.83
5432,5532,146,11.11
5635,5735,146,7.2
5457,5558,146,43.06
6250,6351,147,25.54
6550,6651,147,26.37
5754,5855,148,49.33
5836,5937,148,55.44
5854,5955,148,44.62
5853,5953,148,16.78
5837,5937,148,11.3
5456,5557,148,47.78
5952,6053,148,12.48
5457,5557,148,17.35
4225,4224,148,1.98
4754,4855,149,42.59
6549,6650,149,26.3
4854,4855,149,10.11
3842,3943,149,12.54
6245,6345,149,7.13
5532,5633,149,55.35
5330,5430,149,11.44
5954,6055,150,43.93
5558,5659,150,41.99
6142,6243,150,30.52
6450,6551,150,18.78
5655,5756,150,16.47
4451,4452,150,9.44
5554,5555,150,8.47
5855,5956,151,47.61
5955,6056,151,47.21
6447,6548,151,26.5
3741,3742,151,13.7
4552,4553,151,11.12
6040,6141,151,15.2
4653,4654,151,10.7
5156,5157,151,9.56
4249,4250,151,5.68
4724,4825,151,12.48
5430,5531,152,55.38
5937,6038,152,36.93
5953,6054,152,44.01
5557,5658,152,46.79
5954,6054,152,16.97
5558,5658,152,17.8
5755,5856,152,16.58
5456,5556,152,15.24
5457,5458,152,10.75
3836,3736,152,2.2
6055,6156,153,49.72
4855,4956,153,45.79
4955,4956,153,11
5354,5455,153,12.83
5735,5835,153,15.13
4350,4351,153,6.17
4143,4044,153,2.91
3931,3832,153,1.39
5956,6057,154,56.66
6451,6552,154,17.88
5836,5936,154,11.77
6052,6153,154,12.48
6150,6251,154,12.75
6050,6151,154,12.82
6346,6446,154,7.11
5856,5957,155,51.45
6053,6154,155,22.75
5557,5657,155,15.69
5558,5559,155,11.18
6039,6140,155,15.69
3742,3843,155,40.01
4754,4755,155,10.94
6650,6751,155,26.34
4654,4755,155,41.99
5633,5734,155,25.75
5532,5632,155,11.81
6651,6752,155,18.88
4247,4148,155,3.19
6054,6155,156,44.86
5658,5759,156,42.53
6056,6157,156,30.99
6351,6452,156,17.56
5257,5358,156,12.49
6548,6649,157,25.02
5659,5760,157,20.92
6051,6152,157,12.52
5936,6037,157,60.42
5657,5758,158,49.06
6140,6241,158,66.14
5632,5733,158,50.27
4755,4856,158,48.07
6156,6257,158,31.72
5658,5758,158,17.58
6551,6652,158,18.91
5430,5530,158,11.79
4524,4623,158,5.07
6157,6258,159,52.22
5756,5857,159,16.08
6244,6344,159,7.03
4424,4523,159,4.77
5555,5656,159,16.21
5759,5860,160,41.93
5358,5459,160,42.26
6057,6158,160,27.01
6251,6352,160,24.04
3742,3743,160,11.98
6447,6547,160,7.11
6142,6242,160,6.93
6446,6547,160,26.87
6037,6138,160,68.7
4654,4655,160,11.18
3740,3641,160,6.1
5758,5859,161,48.59
6257,6358,161,49.64
5957,6058,161,25.05
5734,5834,161,16.78
6153,6254,161,22.83
6151,6252,161,22.87
6751,6852,161,26.32
3740,3640,161,4.11
4553,4554,161,10.98
6752,6853,161,26.03
4856,4957,162,41.97
6155,6256,162,26.42
6452,6553,162,24.47
5657,5757,162,14.65
6154,6255,162,23.1
6552,6653,162,18.81
6038,6139,162,15.59
4926,5026,162,4.97
6649,6750,163,26.53
5632,5732,163,14.09
4351,4352,163,10.71
5157,5258,163,12.57
5229,5329,163,5.26
4144,4045,163,2.93
4655,4756,164,44.96
5760,5861,164,22.11
6152,6253,164,22.51
6345,6445,164,7.11
3743,3844,164,45.78
5859,5960,165,47
5733,5833,165,16.47
5758,5858,165,14.86
6257,6357,165,14.38
5530,5631,165,21.24
4623,4723,165,15.24
4956,5057,165,12.41
6548,6648,165,7.17
5936,6036,165,9.68
3930,3831,165,1.23
5857,5958,166,22.33
6652,6753,166,18.9
5358,5359,166,11.07
3741,3642,166,6.3
4756,4857,167,47.86
4352,4453,167,45.04
5834,5935,167,24.6
4856,4857,167,11.19
5559,5660,167,12.36
3843,3944,167,12.77
4250,4251,167,6.62
6852,6953,167,24.9
3739,3639,167,3.23
4424,4423,167,2.68
5858,5959,168,52.55
6357,6458,168,48.31
6553,6654,168,25.26
6255,6356,168,26.72
6653,6754,168,25.64
5859,5959,168,15.59
6254,6355,168,22.65
6750,6851,169,25.89
5860,5961,169,16.71
6352,6453,169,16.96
6140,6240,169,7.41
6138,6239,169,16.22
6446,6546,169,7.09
6853,6954,169,17.86
5732,5832,170,15.69
4554,4555,170,11.15
6252,6353,170,16.98
4655,4656,170,10.01
4148,4149,170,6.68
5660,5761,171,42.14
5833,5934,171,24.9
6253,6354,171,22.57
6258,6359,171,12.4
6241,6342,171,11.38
6648,6749,171,25.72
3743,3744,171,9.7
6240,6341,172,63.64
6357,6457,172,14.99
6158,6259,172,12.22
6239,6340,172,66.11
4825,4925,172,4.99
5459,5560,172,12.42
5832,5933,173,48.38
4656,4757,173,49.81
5631,5731,173,12.98
5861,5962,173,16.23
6358,6459,173,12.5
6058,6159,173,12.38
6242,6343,173,10.89
6037,6137,173,6.27
4723,4824,173,18.87
4145,4046,173,3.06
6654,6755,174,25.33
6355,6456,174,27.99
6754,6855,174,25.6
6753,6854,174,17.96
4352,4353,174,9.98
6344,6444,174,7.06
5026,5127,174,12.39
4957,5058,174,12.51
3642,3643,174,12.92
6953,7054,174,23.54
6457,6558,175,48.39
6359,6460,175,43.35
6546,6647,175,26.77
6340,6441,175,61.78
6852,6952,175,7.18
6547,6647,175,7.14
6851,6952,175,26.07
6459,6560,176,49.28
6259,6360,176,40.67
5934,6035,176,28.46
6453,6554,176,23.55
5660,5661,176,11.12
3844,3945,176,12.84
4757,4858,177,41.93
6159,6260,177,39.29
5832,5932,177,14.96
4453,4454,177,10.1
4251,4252,177,10.37
5960,6061,177,12.61
5057,5158,177,12.58
6749,6850,177,26.01
3738,3638,177,2.36
6954,7055,177,18.14
6456,6557,178,36.58
5761,5862,178,22.14
6354,6455,178,22.19
5961,6062,178,16.39
5958,6059,178,12.79
5530,5630,178,5.24
5359,5460,178,12.44
5933,6034,179,27.37
6353,6454,179,16.33
4555,4556,179,11.3
4857,4958,179,12.34
6445,6545,179,7.09
3836,3735,179,2
5661,5762,180,44.03
6755,6856,180,27.05
7054,7155,180,24.59
6855,6956,180,26.92
6459,6559,180,14.55
6458,6559,180,12.63
5959,6060,180,12.81
6648,6748,180,7.14
5732,5831,181,65.41
5430,5529,181,71.28
6037,6136,181,108.69
4025,4124,181,122.33
5330,5429,181,71.59
4225,4124,181,5.85
6559,6658,182,84.32
6062,6161,182,68.28
6457,6556,182,61.22
5832,5931,182,73.61
6240,6339,182,92.03
5631,5730,182,71.61
6340,6439,182,88.54
4623,4722,182,37.04
6239,6338,182,102.03
4224,4323,182,56.76
5129,5228,182,29.25
6953,7053,182,5.42
4124,4223,183,92.53
6545,6644,183,46.82
5932,6031,183,53.95
6647,6746,183,45.93
5933,6032,183,48.3
5731,5830,183,47.84
6137,6236,183,52.81
5934,6033,183,46.81
6546,6645,183,45.32
6750,6849,183,39.38
6344,6443,183,44.9
4523,4622,183,22.66
5530,5629,183,36.71
4623,4622,183,15.71
6749,6848,183,42.5
6648,6747,183,44.42
6138,6237,183,47.2
6852,6951,183,39.1
5229,5328,183,33.01
4926,5025,183,31.23
4825,4924,183,33.57
6547,6646,183,44.1
6445,6544,183,45.45
5931,6030,184,94.02
5730,5829,184,90.19
5831,5930,184,52.52
6136,6235,184,49.51
6856,6955,184,46.4
7155,7254,184,40.11
6748,6847,184,44.92
5630,5729,184,40.8
7055,7154,184,39.55
6260,6361,184,2.94
6061,6160,184,35.9
6850,6949,184,39.01
7054,7153,184,36.4
5158,5259,184,2.6
6952,7051,184,36.23
5329,5428,184,35.67
6139,6238,184,40.34
4523,4522,184,17.37
4925,5024,184,38.39
4723,4822,184,33.22
6851,6950,184,37.74
6953,7052,184,37.63
6033,6132,185,91.61
5830,5929,185,93.78
6034,6133,185,29
6557,6656,185,33.88
6558,6657,185,27.89
6456,6555,185,29.39
4423,4422,185,16.28
6036,6135,185,28.51
6340,6440,185,6.75
5729,5828,186,100.73
6236,6335,186,56.52
6544,6643,186,48.02
4223,4322,186,57.99
6035,6134,186,25.56
4824,4923,186,26.68
4723,4823,186,4.26
4146,4047,186,2
4724,4823,186,20.49
6847,6946,187,66.71
5930,6029,187,61.7
5829,5928,187,62.69
6235,6334,187,54.8
6848,6947,187,41.89
6645,6744,187,38.97
6646,6745,187,37.76
6849,6948,187,40.79
6951,7050,187,36.66
6747,6846,187,45.38
6644,6743,187,39.07
7053,7152,187,34.79
5529,5628,187,27.39
5429,5528,187,25.7
5127,5226,187,22.31
5026,5125,187,21.87
5025,5124,187,39.94
5128,5227,187,19.83
5027,5126,187,18.24
6643,6742,188,76.05
5828,5927,188,105.95
5929,6028,188,62.82
6030,6129,188,37.61
6950,7049,188,38.69
7051,7150,188,38.46
4822,4921,188,40.08
6237,6336,188,29.34
6032,6131,188,32.38
6031,6130,188,35.25
5629,5728,188,31.42
6556,6655,188,24.99
6062,6162,188,9.07
4722,4821,188,24.51
4924,5023,188,29.26
5228,5327,188,24.2
3930,3830,188,0.84
5227,5326,189,81.94
5928,6027,189,93.92
5528,5627,189,95
6029,6128,189,110.72
6744,6843,189,71.06
6745,6844,189,71.65
6335,6434,189,48.2
6132,6231,189,35.41
6135,6234,189,39.01
5024,5123,189,29.96
7254,7353,189,32.83
7154,7253,189,31.57
7153,7252,189,32.2
4622,4721,189,25.06
5328,5427,189,26.26
5124,5223,189,96.11
6746,6845,189,24.8
6658,6757,189,22.97
7052,7151,189,30.14
6560,6659,189,16.03
6441,6540,189,15.82
6129,6228,190,116.35
6028,6127,190,81.68
6162,6261,190,71.42
5927,6026,190,71.23
6946,7045,190,64.7
6334,6433,190,48.02
5628,5727,190,51.36
6947,7046,190,63.87
6948,7047,190,63.64
6133,6232,190,31.09
5327,5426,190,89.9
5428,5527,190,28.24
6338,6437,190,19.32
6743,6842,190,70.42
6343,6442,190,14.25
3737,3637,190,2.05
6444,6543,190,14.18
4026,3926,190,0.88
4027,3926,190,1.84
6659,6758,191,78.28
6336,6435,191,55.26
5728,5827,191,53.96
6130,6229,191,47.7
5427,5526,191,101.79
7050,7149,191,40.33
6134,6233,191,32.74
4923,5022,191,28.46
6657,6756,191,27.4
4422,4521,191,24.52
4422,4421,191,17.62
6238,6337,191,21.65
5326,5425,191,94.73
6949,7048,191,22.03
6439,6538,191,17.31
6339,6438,191,17.08
6433,6532,192,103.5
6231,6330,192,55.7
6027,6126,192,56.5
7353,7452,192,58.47
6845,6944,192,65.19
5627,5726,192,56.46
6128,6227,192,69.2
5527,5626,192,115.05
7150,7249,192,36.07
6131,6230,192,44.54
5125,5224,192,28.41
4322,4321,192,17.69
4823,4922,192,27.99
5226,5325,192,31.15
4921,5020,192,37.43
7152,7251,192,34.42
6844,6943,192,64.36
6843,6942,192,66.45
4656,4657,192,1.56
4821,4920,192,38.4
6230,6329,193,157.75
5827,5926,193,93.2
6229,6328,193,88.79
5022,5121,193,82.55
5425,5524,193,87.7
6228,6327,193,56.86
5727,5826,193,51.29
6026,6125,193,48.71
6127,6226,193,51.16
6842,6941,193,67.04
6434,6533,193,44.97
6234,6333,193,42.66
7252,7351,193,43.56
5426,5525,193,49.18
5023,5122,193,29.84
5126,5225,193,25.67
7151,7250,193,35.73
6460,6561,193,1.54
3643,3644,193,2.73
6443,6542,193,14.78
5325,5424,194,89.51
5224,5323,194,96.26
5726,5825,194,78
5626,5725,194,97.82
6758,6857,194,60.09
5526,5625,194,53.4
6438,6537,194,62.41
6543,6642,194,39.2
6232,6331,194,44.23
7253,7352,194,34.22
5223,5322,194,32.68
6846,6945,194,22.86
4223,4222,194,9.64
5123,5222,194,30.93
6742,6841,194,24.47
6440,6539,194,16.45
3641,3541,194,2.35
6331,6430,195,191.39
6329,6428,195,72.18
5525,5624,195,91.51
5122,5221,195,76.23
6333,6432,195,86.64
5524,5623,195,86.68
5121,5220,195,71.99
5225,5324,195,91.83
6943,7042,195,68.86
6227,6326,195,47.44
7452,7551,195,56.81
6233,6332,195,36.5
6435,6534,195,39.49
7049,7148,195,23.18
6944,7043,195,66.95
4757,4758,195,1.49
4149,4150,195,3.02
4721,4820,195,26.67
4025,4024,195,4.26
6432,6531,196,177.36
5625,5724,196,78.53
6125,6224,196,49.59
5826,5925,196,70.42
7351,7450,196,59.88
6226,6325,196,52.81
5926,6025,196,58.39
7251,7350,196,43.66
4922,5021,196,39.88
6330,6429,196,46.68
6126,6225,196,44.64
5424,5523,196,92.35
7047,7146,196,24.04
7046,7145,196,24.13
7045,7144,196,24.47
5020,5119,196,37.54
4024,4123,197,95.08
5623,5722,197,78.95
5324,5423,197,94.91
6332,6431,197,101.43
5825,5924,197,61.69
6841,6940,197,68.56
6945,7044,197,65.12
5322,5421,197,65.16
5725,5824,197,63.1
6327,6426,197,36.88
4321,4420,197,34.87
6532,6631,197,32.89
6337,6436,197,24.93
7149,7248,197,24.62
7048,7147,197,23.79
6437,6536,197,23.04
5222,5321,197,69.12
6537,6636,197,62.24
6325,6424,198,79.52
5624,5723,198,68.67
6326,6425,198,52.91
6428,6527,198,64.22
7352,7451,198,38.14
6533,6632,198,33.78
4920,5019,198,26.8
4522,4621,198,10.4
5221,5320,198,60.63
6424,6523,199,159.66
6426,6525,199,105.32
5724,5823,199,58.45
7145,7244,199,68.61
5925,6024,199,57.29
6224,6323,199,68.53
7350,7449,199,61.33
7146,7245,199,70.24
6025,6124,199,50.44
6430,6529,199,40.45
7250,7349,199,23.64
6328,6427,199,24.35
4321,4320,199,16.35
7249,7348,199,23.22
5423,5522,199,99.4
7353,7453,199,10.97
5323,5422,199,33.76
7155,7255,199,5.35
3641,3542,199,2.05
6538,6637,199,18.59
3642,3542,199,2.55
6540,6639,199,15.35
6425,6524,200,113.72
5924,6023,200,58.11
7248,7347,200,64.88
6636,6735,200,54.93
5824,5923,200,59.42
6429,6528,200,41.42
5021,5120,200,37.91
6225,6324,200,36.83
7551,7650,200,34.43
6534,6633,200,30.26
4421,4520,200,15.84
6162,6262,200,8.59
5321,5420,200,56.04
5421,5520,200,68.9
6536,6635,200,66.79
6442,6541,200,15.51
3835,3734,200,3.12
6524,6623,201,176.81
6427,6526,201,90.67
6523,6622,201,119.77
7451,7550,201,60.19
5723,5822,201,60.39
5320,5419,201,67.1
6527,6626,201,47.67
7450,7549,201,33.06
5523,5622,201,33.25
7043,7142,201,25.15
4820,4919,201,26.76
7148,7247,201,24.62
7452,7552,201,11.36
6758,6858,201,10.6
4521,4620,201,14.58
4322,4221,201,9.98
6062,6163,201,2.79
5119,5218,201,34.97
4147,4048,201,2.1
3641,3540,201,3.82
3737,3636,201,3.35
6324,6423,202,115.11
6529,6628,202,48.05
5422,5521,202,70.59
6637,6736,202,55.38
7449,7548,202,62.9
7349,7448,202,62.33
5823,5922,202,62.34
6024,6123,202,56.05
6431,6530,202,33.9
5722,5821,202,31.27
6436,6535,202,29.15
6531,6630,202,23.93
6659,6759,202,7.72
5862,5963,202,2.61
7144,7243,202,24.44
5019,5118,202,37.61
5220,5319,202,22.37
6541,6640,202,80.36
5822,5921,203,83.36
6623,6722,203,102.62
6622,6721,203,105.7
6735,6834,203,49.7
5520,5619,203,47.71
6528,6627,203,47.75
6124,6223,203,35.92
6525,6624,203,45.66
6323,6422,203,46.63
6561,6660,203,15.24
7147,7246,203,24.66
6942,7041,203,13.33
6542,6641,203,14.75
7044,7143,203,25.11
6539,6638,203,16.58
6635,6734,203,55.01
5619,5718,204,192.8
5922,6021,204,80.03
7549,7648,204,65.42
6526,6625,204,47.65
6023,6122,204,36.74
7348,7447,204,33.44
7245,7344,204,34.76
5522,5621,204,31.52
6941,7040,204,13.53
6535,6634,204,76.5
5460,5561,204,2.49
6642,6741,204,14.55
6624,6723,205,82.86
6721,6820,205,117.04
6223,6322,205,97.27
6422,6521,205,87.49
6722,6821,205,128.6
6123,6222,205,56.32
6530,6629,205,53.39
5821,5920,205,70.3
6628,6727,205,56.71
7448,7547,205,63.47
6736,6835,205,49.3
6626,6725,205,39.32
6858,6957,205,38.63
5923,6022,205,33.9
7347,7446,205,34.03
7650,7749,205,34.78
6631,6730,205,19.17
5120,5219,205,33.99
5718,5817,206,92.76
5921,6020,206,63.14
6423,6522,206,39.89
7552,7651,206,33.41
7247,7346,206,34.37
7550,7649,206,34.78
7255,7354,206,22.26
5622,5721,206,29.25
4621,4720,206,19.52
4420,4519,206,17.36
5420,5519,206,28.14
5419,5518,206,33.99
7042,7141,206,13.69
5218,5317,206,28.91
7244,7343,206,23.27
5521,5620,206,40.54
4919,5018,206,28.34
6632,6731,206,20.07
5518,5617,207,158.4
6322,6421,207,103.1
6222,6321,207,97.95
6521,6620,207,102.37
5920,6019,207,96.84
6725,6824,207,118.64
6021,6120,207,56.35
6625,6724,207,55.82
6122,6221,207,67.5
6627,6726,207,39.16
6834,6933,207,37.9
5620,5719,207,185.56
7243,7342,207,34.45
7548,7647,207,33.92
5519,5618,207,154.56
7142,7241,207,23.75
4620,4719,207,24.62
4320,4419,207,18.39
6841,6840,207,7.78
5319,5418,207,28.77
6821,6920,207,99.34
6820,6919,207,86.44
6634,6733,207,57.04
5618,5717,208,187.39
6522,6621,208,91.99
5817,5916,208,80.41
6629,6728,208,55.57
7246,7345,208,34.3
5118,5217,208,25.62
6630,6729,208,26.02
4221,4220,208,15.73
4520,4619,208,17.99
6639,6738,208,16.18
7453,7553,208,11.69
6940,7039,208,13.94
6020,6119,208,105.19
5621,5720,208,41.33
6361,6461,208,4.28
3640,3539,208,3.58
3642,3543,208,2.22
6633,6732,208,19.67
6919,7018,209,78.7
6120,6219,209,120.25
6221,6320,209,97.47
6726,6825,209,119.2
6920,7019,209,82.69
6421,6520,209,125.73
6824,6923,209,97.66
6723,6822,209,41.77
6022,6121,209,45.94
6835,6934,209,37.4
7447,7546,209,33.65
7648,7747,209,34.96
7041,7140,209,25
7143,7242,209,23.9
5721,5820,209,68.76
7344,7443,209,35.05
5317,5416,209,50.75
6957,7056,209,38.03
6019,6118,209,118.71
6738,6837,210,78.18
6621,6720,210,121.13
5916,6015,210,70.94
6620,6719,210,65.37
5719,5818,210,49
6840,6939,210,69.37
7547,7646,210,34.1
7446,7545,210,33.78
7749,7848,210,34.3
6119,6218,210,117.96
5720,5819,210,76.9
4149,4049,210,2.94
6121,6220,211,99.99
7018,7117,211,83.4
6923,7022,211,84.39
6520,6619,211,112.61
6822,6921,211,111.82
6219,6318,211,120.6
6320,6419,211,115.43
6825,6924,211,88.36
7019,7118,211,81.38
5717,5816,211,62.07
6321,6420,211,41.95
6724,6823,211,40.28
5617,5716,211,45.94
7649,7748,211,34.85
7651,7750,211,34.69
7346,7445,211,34.08
5219,5318,211,25.35
5418,5517,211,39.4
7343,7442,211,34.86
6118,6217,211,88.97
5820,5919,211,85.12
4720,4819,211,29.71
4250,4151,211,2.28
5819,5918,212,78.38
5416,5515,212,48.9
7039,7138,212,37.55
7342,7441,212,34.78
5217,5316,212,44.17
7647,7746,212,35.15
7141,7240,212,23.9
6727,6826,212,22.85
6638,6737,212,17.55
5018,5117,212,26.83
6640,6739,212,14.83
6218,6317,212,88.03
4719,4818,212,31.77
6719,6818,212,82.01
7117,7216,213,80.21
6318,6417,213,76.27
6419,6518,213,72.37
6924,7023,213,79.48
7118,7217,213,78
6420,6519,213,78.16
6823,6922,213,112.22
5919,6018,213,105
6619,6718,213,84.29
5816,5915,213,111.78
6015,6114,213,63.29
5818,5917,213,64.27
5517,5616,213,121.97
7553,7652,213,32.61
7345,7444,213,34.3
4619,4718,213,28.83
6734,6833,213,15.14
6641,6740,213,14.5
6262,6362,213,8.1
4123,4122,213,6.37
6720,6819,213,58.58
6921,7020,213,88.58
3736,3635,213,3.19
6730,6829,213,18
6818,6917,214,78.87
6826,6925,214,86.44
6739,6838,214,75.86
5918,6017,214,74.35
5716,5815,214,69.8
6837,6936,214,36.67
7646,7745,214,35.81
7546,7645,214,34.24
7747,7846,214,34.7
7241,7340,214,22.88
4024,4023,214,5.35
6217,6316,214,64.97
3830,3829,214,3.95
7022,7121,214,49.7
6519,6618,215,96.95
6018,6117,215,87.33
5915,6014,215,76.3
7216,7315,215,76.5
6819,6918,215,81.38
7023,7122,215,77.77
7217,7316,215,71.86
6737,6836,215,48.3
6740,6839,215,71.8
6220,6319,215,42.51
7848,7947,215,34
5316,5415,215,49.09
7140,7239,215,23.85
6728,6827,215,22.18
4519,4618,215,16.99
7040,7139,215,14.02
6759,6859,215,7.78
6317,6416,215,61.48
6922,7021,215,86.76
6729,6828,215,20.84
6718,6817,215,80.09
5815,5914,216,101.39
6917,7016,216,77.02
5917,6016,216,61.81
6114,6213,216,58.95
6417,6516,216,53.49
7020,7119,216,49.25
6518,6617,216,53.49
7746,7845,216,35.56
5515,5614,216,37.13
5318,5417,216,34.5
7445,7544,216,34.01
4819,4918,216,28.43
7748,7847,216,34.2
7750,7849,216,34.28
7242,7341,216,22.74
6925,7024,216,77.27
4220,4319,216,18.06
7443,7542,216,22.83
6829,6928,216,51.63
4353,4354,216,1.2
4046,3946,216,2.44
6731,6830,216,15.69
6319,6418,217,98.39
6839,6938,217,70.87
6817,6916,217,77.78
6918,7017,217,78.71
6017,6116,217,55.31
7138,7237,217,35.3
7441,7540,217,35.05
7545,7644,217,23.18
6733,6832,217,15.25
6316,6415,217,54.81
6618,6717,217,77.9
4818,4917,217,32.26
5614,5713,218,108.55
5914,6013,218,74.59
7016,7115,218,77.39
7119,7218,218,75.14
7021,7120,218,50.95
7316,7415,218,66.82
6014,6113,218,65.42
6117,6216,218,60.17
7315,7414,218,62.64
7121,7220,218,46.21
7846,7945,218,35.71
6838,6937,218,45.11
7645,7744,218,35.96
6936,7035,218,45.18
5616,5715,218,33.71
6827,6926,218,53.22
7652,7751,218,34.75
5117,5216,218,27.11
7442,7541,218,23.07
6732,6831,218,14.89
6933,7032,218,14.09
6828,6927,218,51.31
6416,6515,218,49.92
4718,4817,218,34.18
6717,6816,219,77.6
6916,7015,219,71.98
7017,7116,219,80.94
6016,6115,219,53.67
5415,5514,219,37.3
6836,6935,219,46.33
7340,7439,219,34.76
6213,6312,219,59.45
7240,7339,219,22.7
3926,3925,219,3.47
7122,7221,219,46.82
5661,5662,219,1.51
6617,6716,219,47.81
3639,3538,219,3.18
7120,7219,220,74.42
7115,7214,220,84.32
5715,5814,220,106.91
7414,7513,220,80.05
6418,6517,220,61.76
6116,6215,220,54.05
6928,7027,220,45.93
5417,5516,220,39.56
7947,8046,220,35.31
7139,7238,220,34.97
4618,4717,220,29.18
7239,7338,220,33.67
7444,7543,220,22.93
6934,7033,220,14.02
6858,6958,220,5.39
6415,6514,220,48.12
6516,6615,220,46.47
5514,5613,221,119.55
7116,7215,221,84.03
7015,7114,221,77.77
6113,6212,221,60.81
6013,6112,221,61.62
6216,6315,221,57.51
5713,5812,221,69.71
7644,7743,221,35.96
7849,7948,221,34.3
7845,7944,221,34.95
7341,7440,221,35.05
7847,7946,221,34.81
7542,7641,221,34.49
7745,7844,221,23.55
6939,7038,221,13.88
6926,7025,221,47.73
6163,6263,221,5.23
4918,5017,221,30.68
5814,5913,222,86.51
6115,6214,222,57.44
6716,6815,222,47.24
6816,6915,222,47.97
6312,6411,222,56.37
7744,7843,222,35.48
7415,7514,222,40.77
7220,7319,222,43.39
5216,5315,222,45.07
7035,7134,222,37.08
4917,5016,222,30.98
7237,7336,222,34.76
6515,6614,222,45.29
4221,4120,222,6.85
6927,7026,222,47.09
4817,4916,222,36.11
7114,7213,223,77.09
7215,7314,223,73.84
5613,5712,223,71.17
5812,5911,223,77.6
7219,7318,223,68.52
6215,6314,223,53.93
7513,7612,223,62.99
6615,6714,223,70.59
7221,7320,223,35.45
6935,7034,223,37.27
7541,7640,223,35.19
7945,8044,223,34.97
7751,7850,223,33.71
7540,7639,223,23.72
7544,7643,223,23.27
6833,6932,223,14.27
6958,7057,223,60.98
4419,4418,223,6.28
3734,3733,223,4.4
6514,6613,223,47.37
6517,6616,223,49.07
4554,4455,223,1.26
6411,6510,224,96.26
7514,7613,224,83.05
7026,7125,224,74.04
5913,6012,224,72.47
6815,6914,224,73.28
6112,6211,224,62.82
7214,7313,224,43.13
7033,7132,224,36.52
7338,7437,224,36.34
7339,7438,224,35.08
6315,6414,224,50.83
6212,6311,224,61.32
4221,4121,224,4.42
6614,6713,224,75.12
4717,4816,224,38.92
5911,6010,225,71.32
6613,6712,225,80.46
6915,7014,225,69.91
7319,7418,225,67.66
6214,6313,225,54.36
7743,7842,225,35.85
7238,7337,225,34.3
8046,8145,225,34.52
7439,7538,225,23.9
7038,7137,225,37.24
5516,5615,225,29.7
7217,7317,225,8.53
7354,7454,225,5.4
6714,6813,225,71.72
7055,7156,225,1.66
6510,6609,226,131.01
7313,7412,226,92.47
6914,7013,226,73.08
7125,7224,226,75.66
6311,6410,226,94.02
7320,7419,226,68.82
5712,5811,226,66.12
7134,7233,226,35.4
7844,7943,226,34.95
7948,8047,226,35.08
7944,8043,226,34.83
7946,8045,226,35.11
7336,7435,226,36.62
5315,5414,226,35.41
6830,6929,226,15.42
7024,7123,226,14.41
7316,7416,226,9.31
7023,7123,226,7.77
6314,6413,226,51.12
6211,6310,226,98.89
6713,6812,226,73.41
5158,5159,226,1.51
7014,7113,227,78.49
6712,6811,227,92.37
6414,6513,227,47.5
6012,6111,227,62.04
7639,7738,227,35.81
6616,6715,227,45.11
7034,7133,227,37.21
7213,7312,227,45.02
7640,7739,227,36.2
7314,7413,227,41.77
7641,7740,227,24.13
7440,7539,227,23.58
5017,5116,227,27.2
5615,5714,227,82.12
6832,6931,227,14.46
4419,4518,227,7.26
7543,7642,227,22.83
4816,4915,227,49.55
7643,7742,227,35.7
4047,3947,227,2.49
4149,4050,227,2.57
4916,5015,227,29.34
6609,6708,228,74.58
6812,6911,228,93.31
5811,5910,228,81.52
7013,7112,228,91.35
6410,6509,228,108.15
7418,7517,228,66.11
6010,6109,228,52.84
7850,7949,228,34.17
7612,7711,228,33.71
5016,5115,228,27.43
6831,6930,228,14.87
6938,7037,228,13.61
6062,6063,228,1.63
6313,6412,228,54.31
6811,6910,229,113.57
6111,6210,229,99.54
7413,7512,229,85.99
7416,7515,229,65.27
6413,6512,229,50.11
5414,5513,229,54.31
6310,6409,229,56.55
5714,5813,229,96.46
7337,7436,229,36.38
7613,7712,229,31.81
7123,7222,229,47.87
7843,7942,229,23.29
7032,7131,229,13.75
6937,7036,229,13.42
6813,6912,229,45.35
6509,6608,230,123.94
7517,7616,230,76.6
7112,7211,230,118.73
5910,6009,230,98.99
6911,7010,230,134.68
7312,7411,230,67.3
6513,6612,230,50.26
7412,7511,230,36.1
7538,7637,230,34.55
4418,4517,230,20.25
8044,8143,230,22.77
7435,7534,230,37.51
7437,7536,230,24.31
7137,7236,230,35.35
7438,7537,230,24.28
6958,7058,230,10.41
7224,7323,230,37.7
3643,3544,230,2.31
5513,5612,231,92.13
6910,7009,231,71.83
6409,6508,231,124.13
5813,5912,231,78
6412,6511,231,52.98
7133,7232,231,36.05
6715,6814,231,46.24
7113,7212,231,46.04
8045,8144,231,34.56
8047,8146,231,34.34
8043,8142,231,34.34
4120,4219,231,17.6
7027,7126,231,13.82
7742,7841,231,36.5
7025,7124,231,14.18
6912,7011,231,111.27
7642,7741,231,35.96
6109,6208,231,48.57
6512,6611,232,51.9
6210,6309,232,55.43
7711,7810,232,38.07
5115,5214,232,41.46
7037,7136,232,36.95
7842,7941,232,23.27
8145,8244,232,22.93
7534,7633,232,71.27
7553,7653,232,4.25
5862,5863,232,1.52
4915,5014,232,28.33
6508,6607,233,96.83
7126,7225,233,75.86
5912,6011,233,71.29
7212,7311,233,90.27
6608,6707,233,49.84
7010,7109,233,49.96
7515,7614,233,38.97
7036,7135,233,36.88
7949,8048,233,34.65
6708,6807,233,34.03
5015,5114,233,27.03
5116,5215,233,27.99
7739,7838,233,23.62
7740,7839,233,23.6
7738,7837,233,24.03
7943,8042,233,22.89
6932,7031,233,14.18
7712,7811,233,37.35
4319,4318,233,6.17
7011,7110,233,114.24
7058,7157,233,60.7
7222,7321,233,36.21
6611,6710,234,128.72
6309,6408,234,101.79
6814,6913,234,69.56
6208,6307,234,53.71
5612,5711,234,57.76
6511,6610,234,53.12
6612,6711,234,45.87
7511,7610,234,36
6009,6108,234,45.18
7942,8041,234,34.16
7512,7611,234,32.22
6708,6808,234,18.01
7539,7638,234,23.15
7454,7554,234,11.91
6263,6363,234,8.11
7236,7335,234,35.77
7323,7422,234,35.51
7616,7715,234,44.6
4556,4557,234,1.67
5460,5461,234,1.45
8142,8241,235,35.63
7009,7108,235,35.81
7211,7310,235,29.24
7537,7636,235,35.19
8143,8242,235,34.4
7411,7510,235,32.07
7131,7230,235,26.09
7436,7535,235,24.48
4518,4617,235,20.06
7132,7231,235,13.74
7318,7417,235,12.6
7320,7420,235,8.98
7124,7223,235,39.07
4517,4616,235,30.83
3638,3537,235,2.52
3635,3634,235,4.58
6408,6507,236,140.44
6710,6809,236,84.1
6610,6709,236,117.3
6711,6810,236,117.52
6807,6906,236,49.69
6011,6110,236,61.82
5214,5313,236,39.37
8146,8245,236,34.13
8144,8243,236,34.42
7637,7736,236,24.56
7136,7235,236,35.61
6913,7012,236,80.6
7418,7518,236,9.43
7536,7635,236,24.18
6928,7028,236,5.22
7810,7909,236,39.18
7841,7940,236,34.91
6307,6406,237,69.5
6808,6907,237,53.87
6363,6462,237,48.42
7157,7256,237,37.43
7225,7324,237,37.62
7109,7208,237,38.29
7135,7234,237,35.51
7614,7713,237,38.72
8244,8343,237,35.19
7653,7752,237,34.07
6931,7030,237,14.56
7416,7516,237,9.58
7233,7332,237,13.59
6362,6462,237,4.3
7652,7752,237,4.28
7941,8040,237,34.02
4048,3948,237,2.8
7811,7910,237,38.85
7741,7840,237,24.01
7422,7521,237,67.25
6810,6909,238,80.03
7420,7519,238,67.72
7108,7207,238,54.95
7611,7710,238,37.13
7638,7737,238,36.54
5711,5810,238,39.44
7610,7709,238,38.15
8048,8147,238,34.36
5215,5314,238,31.76
8042,8141,238,34.13
7839,7938,238,34.73
5114,5213,238,30.86
7838,7937,238,34.73
6707,6806,238,29.43
5014,5113,238,27.65
7009,7008,238,16.08
6930,7029,238,14.15
7837,7936,238,35.29
7633,7732,238,24.03
7335,7434,238,37.78
6110,6209,238,85.78
7012,7111,238,131.59
7110,7209,238,33.73
6108,6207,238,43.72
6906,7005,239,57.36
7518,7617,239,70.34
6507,6606,239,59.66
5313,5412,239,56.73
6809,6908,239,58.39
7510,7609,239,37.99
8041,8140,239,34.64
4616,4715,239,37.87
6607,6706,239,26.62
6607,6606,239,17.69
7311,7410,239,27.02
6707,6706,239,17.49
7223,7322,239,36.83
8242,8341,239,37.21
3829,3828,239,4.01
7110,7210,239,18.07
3542,3441,239,3.54
3541,3440,239,3.17
8241,8340,239,37.48
7715,7814,239,33.97
5810,5909,240,75.92
6207,6306,240,140.63
6209,6308,240,86.48
6406,6505,240,65.92
6907,7006,240,49.27
8243,8342,240,36.73
7310,7409,240,33.41
4318,4417,240,21.63
7909,8008,240,38.08
3543,3442,240,4.49
7521,7620,240,66.53
7910,8009,240,60.74
7058,7158,240,10.47
4617,4716,240,33.98
4657,4658,241,40.64
4556,4456,241,4.66
4555,4456,241,19.07
4251,4152,241,18.28
4352,4253,241,22.64
3544,3545,242,42.32
4050,4051,242,42.35
7454,7455,242,42.42
6263,6264,242,39.23
6958,6959,242,42.22
6759,6760,242,37.74
5460,5360,242,6.02
7058,7059,242,42.16
6505,6506,243,39.81
7006,7007,243,42.4
7158,7159,243,42.15
3948,3949,243,40.7
6406,6407,243,41.28
7420,7421,243,42.02
4557,4558,243,41.43
5863,5864,243,34.22
7126,7127,243,41.7
6063,6064,243,38.69
7354,7355,243,24.8
7521,7522,243,42
6163,6164,243,22.17
7910,7911,243,42.23
4556,4457,243,17.73
5862,5763,243,19.29
5460,5361,243,20.22
5661,5562,243,19.08
4353,4254,243,21.94
5158,5059,243,19.08
7422,7423,243,41.92
4658,4659,244,36.12
7814,7815,244,25.2
7614,7615,244,24.39
3543,3443,244,3.24
7811,7812,244,24.99
7713,7714,244,25.56
7715,7716,244,26.32
7455,7456,245,42.35
6760,6761,245,39.44
4152,4153,245,31.47
3545,3546,245,42.43
6363,6364,245,21.54
7949,7950,245,18.91
7653,7654,245,19.32
7534,7634,245,3.18
7850,7851,245,18.98
5662,5663,245,20
7059,7060,245,38.16
4354,4355,245,17.93
3543,3444,245,13.95
7617,7618,245,23.04
7911,7912,246,42.29
4558,4559,246,40.09
7522,7523,246,41.8
7355,7356,246,42.25
5412,5413,246,17.76
8147,8148,246,18.98
6462,6463,246,18.36
3949,3950,246,40.72
8245,8246,246,18.72
7324,7325,246,18.77
7225,7226,246,18.72
8048,8049,246,18.88
5863,5764,246,22.34
4457,4458,246,41.01
7752,7753,246,19.19
5159,5160,246,16.54
7938,7939,246,18.15
4151,4052,246,20.05
6759,6860,246,9.84
7940,8039,246,0.7
8343,8344,246,17.97
7159,7160,246,39.01
7423,7424,246,41.67
7620,7621,246,19.6
3744,3845,246,0.52
6264,6265,247,21.65
6063,5964,247,20.26
3546,3547,248,42.43
7456,7457,248,42.4
7060,7061,248,39.92
4355,4356,248,40.12
7815,7816,248,26.32
7716,7717,248,25.53
6164,6165,248,21.37
6064,6065,248,20.43
4152,4053,248,22.65
3444,3445,248,42.41
4050,3951,248,14.97
4253,4154,248,21.27
4153,4154,248,38.33
7618,7619,248,40.13
7812,7813,248,25.23
7226,7227,249,41.67
7356,7357,249,42.41
6860,6861,249,38.67
7912,7913,249,42.33
4254,4255,249,18.05
4456,4357,249,19.23
4458,4459,249,41.44
5160,5161,249,33.62
3947,3848,249,12.61
7160,7161,249,40.41
7059,6960,249,20.63
7424,7425,249,41.63
7523,7524,249,41.71
7654,7655,250,20.8
6364,6365,250,21.46
6761,6762,250,20.12
6760,6661,250,19.65
4121,4022,250,11.78
7457,7458,251,41.29
7061,7062,251,41.68
4053,4054,251,39.19
7950,7951,251,18.93
7851,7852,251,19.11
3547,3548,251,42.19
4457,4358,251,17.95
3445,3446,251,42.32
4758,4759,251,8.86
4958,4959,251,8.38
4858,4859,251,8.48
5259,5260,251,8.36
3831,3732,251,8.01
3744,3745,251,7.23
7357,7358,252,42.17
6960,6961,252,38.67
7425,7426,252,41.68
7816,7817,252,25.79
8148,8149,252,18.97
8049,8050,252,18.85
6463,6464,252,17.22
7753,7754,252,19.33
4459,4460,252,40.56
8246,8247,252,18.8
5764,5765,252,18.84
3441,3342,252,12.52
7227,7228,252,41.64
6265,6266,252,23.37
7161,7162,252,40.77
3848,3849,252,40.7
5461,5462,252,8.93
8344,8345,252,17.76
7325,7326,252,18.85
7621,7622,252,19.54
7655,7656,253,42.07
7717,7718,253,24.41
4355,4256,253,19
6165,6166,253,22.18
3440,3341,253,11.01
7519,7520,253,7.83
5160,5061,253,22.46
4052,3953,253,22.2
7554,7555,253,8.13
7534,7533,253,2.02
5161,5162,253,31.95
3538,3439,253,9.56
6561,6562,253,6.95
3644,3645,253,7.26
7732,7733,253,7.83
4358,4359,254,40.83
6861,6862,254,21.92
5562,5563,254,9.12
5864,5865,254,9.31
5361,5362,254,9.16
8009,8010,254,7.48
7332,7333,254,7.55
7256,7257,254,7.57
6365,6366,254,25.21
3537,3438,254,10.17
3446,3447,254,42.38
3548,3549,254,41.29
4154,4155,254,17.74
3830,3731,254,8.01
5260,5261,254,35.1
7358,7359,255,40.75
4460,4461,255,37.77
7426,7427,255,41.59
5059,5060,255,8.71
3950,3851,255,16.56
3849,3850,255,41.13
3444,3345,255,14.53
7326,7327,255,41.64
3635,3536,255,8.15
7656,7657,256,41.87
7555,7556,256,41.94
7817,7818,256,25.81
4256,4257,256,39.02
6266,6267,256,27.04
6762,6763,256,18.15
6661,6662,256,19.96
4356,4257,256,19.8
4053,3954,256,19.87
5663,5664,256,9.42
4659,4660,256,8.86
5161,5062,256,22.64
7733,7734,256,41.15
3829,3730,256,8.09
3927,3827,256,1.55
8010,8011,257,42.3
4359,4360,257,41.66
3549,3550,257,42.36
4155,4156,257,38.76
7257,7258,257,42.43
7754,7755,257,20.95
6961,6962,257,23.49
7852,7853,257,19.18
4054,4055,257,17.26
4357,4258,257,19.27
7061,6962,257,16.87
4459,4360,257,18.51
7127,7128,257,7.66
5765,5766,257,20.43
6464,6465,257,22.23
7951,7952,257,19.04
3447,3448,257,42.28
7359,7360,258,39.35
7427,7428,258,41.43
7327,7328,258,41.56
6366,6367,258,27.73
6166,6167,258,24.41
7718,7719,258,22.92
8345,8346,258,18.35
8149,8150,258,18.87
8247,8248,258,18.95
8050,8051,258,18.91
4559,4560,258,8.43
5964,5965,258,9.15
3634,3535,258,8.05
3445,3346,258,15.15
3954,3955,259,39.04
7556,7557,259,42.26
6862,6863,259,23.8
6562,6563,259,18.42
4460,4361,259,20.88
4358,4259,259,18.18
3951,3952,259,9.31
5062,5063,259,33.97
5909,5809,259,5.48
6207,6107,259,5.43
4052,3952,259,7.98
5162,5163,259,18.47
7159,7260,259,8.99
4055,4056,260,38.14
7755,7756,260,42.21
3550,3551,260,34.81
6267,6268,260,26.36
6962,6963,260,41.88
5563,5564,260,18.39
5061,4962,260,22.63
7358,7259,260,18.29
7333,7334,260,18.11
7258,7259,260,41.78
6065,6066,260,8.36
6806,6905,260,1.48
3448,3449,260,41.48
3845,3846,260,7.25
5161,5262,260,13.06
3346,3347,261,42.43
8011,8012,261,25.01
4256,4157,261,20.01
6465,6466,261,26.47
7818,7819,261,24.88
7719,7720,261,39.75
3446,3347,261,14.81
3955,3956,262,37.94
4259,4260,262,40.13
6863,6864,262,42.12
7657,7658,262,17
5060,4961,262,22.5
4361,4362,262,38.63
5063,5064,262,34.75
4962,4963,263,34.53
4056,4057,263,38.76
7853,7854,263,19.57
6963,6964,263,40.08
7952,7953,263,19.19
3850,3751,263,17.76
5462,5463,263,9.35
4759,4760,263,8.65
7913,7914,263,7.52
5062,4963,263,22.39
5764,5665,263,8.84
5965,5966,263,21.21
7524,7525,263,7.67
7208,7307,263,0.87
3848,3749,263,10.31
4859,4860,263,8.57
4959,4960,263,8.66
3449,3450,263,42.28
4157,4158,264,39.07
3347,3348,264,42.2
6563,6564,264,22.78
7328,7329,264,18.81
6367,6368,264,18.47
7428,7429,264,18.74
4258,4159,264,20.26
3550,3451,264,22.18
3954,3855,264,19.98
4257,4158,264,19.92
8248,8249,264,18.96
7458,7459,264,8.3
7062,7063,264,7.9
8346,8347,264,18.84
8150,8151,264,18.85
7005,7106,264,5.95
8051,8052,264,19.08
7819,7820,264,40.15
3947,3847,264,2.83
7160,7261,264,7.94
4260,4261,265,42.28
6864,6865,265,40.15
6066,6067,265,22.79
7557,7558,265,17.88
5163,5164,265,19.41
5362,5363,265,9.58
4362,4363,265,38.07
7522,7623,265,6.61
3745,3746,265,7.31
7228,7229,265,7.74
3443,3344,265,6.94
7162,7163,265,8.12
4963,4964,266,34.58
3749,3750,266,41.71
7525,7526,266,41.75
8012,8013,266,24.83
6268,6269,266,18.42
3955,3856,266,20.77
6964,6965,266,38.87
3952,3853,266,21.52
3851,3852,266,9.35
3342,3343,266,7.24
4361,4262,266,20.31
6466,6467,266,25
7006,7107,266,5.56
5063,4964,266,22.2
5865,5866,266,8.66
3849,3750,266,10.78
4121,4021,266,2.6
6368,6369,267,38.45
7820,7821,267,39.55
3348,3349,267,41.84
7063,7064,267,39.15
7459,7460,267,39.01
7307,7308,267,25.16
3751,3752,267,32.68
4159,4160,267,36.78
4962,4863,267,22.26
4259,4160,267,18.99
4461,4462,267,8.39
3645,3646,267,7.35
4460,4561,267,9.82
7623,7624,268,41.82
3451,3452,268,30.22
7854,7855,268,21.12
7914,7915,268,24.95
5966,5967,268,21.71
7658,7659,268,17.9
4056,3957,268,20.2
6863,6764,268,15.87
3346,3247,268,14.23
4660,4661,268,8.83
5064,5065,268,19.01
7161,7262,268,7.64
3536,3437,268,10.89
4024,3924,268,1.93
7523,7624,268,6.72
3853,3854,269,39.37
6269,6270,269,41.37
3856,3857,269,37.69
6564,6565,269,24.23
7953,7954,269,19.81
4961,4862,269,22.59
4157,4058,269,19.96
6662,6663,269,8.01
7526,7527,269,41.59
4964,4965,269,33.66
4362,4263,269,20.69
3439,3340,269,9
5765,5666,269,8.8
6467,6468,269,35.9
3732,3633,269,8.06
5766,5767,269,8.74
7734,7735,269,7.86
6369,6370,270,41.89
3752,3753,270,38.33
7064,7065,270,40.4
4863,4864,270,34.5
4160,4161,270,39.16
6865,6866,270,20.07
6067,6068,270,24.06
8052,8053,270,19.16
8249,8250,270,18.88
4963,4864,270,22.25
3751,3652,270,22.59
6864,6765,270,18.97
8347,8348,270,18.89
3550,3651,270,11.59
5563,5464,270,8.84
8151,8152,270,19.08
3349,3350,270,41.46
3449,3350,270,15.31
7659,7660,271,41.42
7855,7856,271,42.42
3452,3453,271,38.68
7624,7625,271,41.86
7308,7309,271,25.04
8013,8014,271,24.85
7558,7559,271,17.53
3451,3352,271,22.59
3855,3756,271,21.08
4159,4060,271,21.42
3551,3552,271,9.57
5564,5565,271,9.19
5164,5165,271,19.41
7360,7361,271,8.17
7128,7129,271,7.66
5262,5263,271,9.54
4616,4516,271,3.29
4263,4264,272,39.52
6468,6469,272,37.06
7915,7916,272,25.65
7820,7721,272,19.56
6167,6168,272,7.18
3731,3632,272,8.09
4965,4966,272,33.66
3546,3647,272,5.36
7065,7066,273,40.55
6370,6371,273,41.78
3753,3754,273,38.39
4161,4162,273,42.43
6765,6766,273,33.75
6663,6664,273,25.01
3247,3248,273,21.66
3856,3757,273,20.93
6565,6566,273,25.02
3347,3248,273,12.62
7756,7757,273,7.74
4964,4865,273,22.45
4864,4865,273,33.6
7733,7834,273,7.3
7660,7661,274,41.58
7559,7560,274,40.4
4060,4061,274,36.3
6068,6069,274,26.61
7954,7955,274,21.23
6270,6271,274,23.64
3752,3653,274,20.52
4863,4764,274,22.27
3451,3351,274,10.07
4961,4861,274,8.97
3438,3339,274,7.41
5065,5066,274,19.37
6469,6470,275,33.87
8014,8015,275,25.29
3452,3353,275,20.26
6269,6170,275,17.41
5666,5667,275,19.95
4264,4265,275,39.27
4760,4761,275,8.78
7533,7433,275,4.7
3757,3758,276,37.67
4162,4163,276,41.42
3754,3755,276,38.09
6371,6372,276,40.41
7066,7067,276,40.17
7916,7917,276,25.69
6168,6169,276,26.84
8053,8054,276,19.92
8152,8153,276,19.07
4862,4763,276,22.26
8348,8349,276,18.9
4966,4967,276,32.86
6566,6567,276,38.82
5363,5364,276,9.46
3348,3249,276,11.8
3749,3650,276,11.57
3550,3650,276,5.44
3730,3631,276,7.27
7427,7528,276,7.03
3345,3246,276,6.88
4965,4866,276,22.45
3847,3748,276,12.63
8250,8251,276,18.7
3349,3250,276,17.27
3535,3436,276,8.23
7661,7662,277,41.63
3653,3654,277,37.69
7955,7956,277,42.36
3552,3553,277,16.94
5565,5566,277,19.81
3753,3654,277,20.47
6765,6666,277,22.44
4263,4164,277,19.58
6764,6665,277,17.05
4021,3922,277,14.08
5165,5166,277,19.12
7329,7330,277,7.79
7429,7430,277,7.79
4061,4062,277,40.61
4764,4765,277,33.6
4362,4463,277,9.62
4363,4364,277,8.63
7005,7105,277,2.42
4864,4765,277,22.46
7721,7722,278,19.56
3756,3657,278,21.32
7065,6966,278,18.52
4060,3961,278,21.64
4561,4562,278,9.18
5866,5867,278,8.52
7163,7164,278,7.96
6965,6966,278,8.39
3827,3728,278,6.64
7232,7331,278,0.37
8015,8016,279,25.68
6271,6272,279,24.15
7834,7835,279,18.62
4966,4867,279,22.57
6766,6767,279,18.12
4159,4059,279,7
8010,8111,279,5.83
7067,7068,279,39.77
6467,6568,279,10.98
7819,7920,279,8.15
3746,3747,279,7.35
8343,8442,279,0.7
3654,3655,280,36.58
7662,7663,280,41.39
3553,3554,280,37.2
7917,7918,280,25.56
6170,6171,280,21.99
7757,7758,280,16.62
3757,3658,280,20.94
3754,3655,280,20.68
7660,7561,280,17.06
4062,4063,280,41.13
7460,7461,280,7.89
3957,3958,280,8.55
4164,4165,280,37.37
5412,5312,280,2.55
4865,4766,280,22.59
5066,5067,280,19.41
4264,4165,280,19.79
3547,3648,280,4.55
4967,4968,280,29.91
4661,4662,280,9.02
8054,8055,281,21.45
6470,6471,281,18.71
5667,5668,281,18.56
3351,3252,281,22.65
7066,6967,281,18.94
5767,5768,281,8.98
5967,5968,281,8.02
7821,7822,281,7.6
7820,7921,281,8.61
4764,4665,281,22.46
3857,3858,281,8.65
5810,5710,281,2.41
6207,6206,281,2.28
3961,3962,281,37.76
6666,6667,281,31.96
6406,6405,281,1.89
7262,7263,281,7.97
5612,5512,281,2.31
3728,3729,282,25.83
8153,8154,282,19.98
6372,6373,282,19.09
5464,5465,282,9.08
6866,6867,282,8.98
4862,4762,282,8.1
6767,6768,282,34.53
8349,8350,282,19.21
5263,5264,282,9.38
7068,7069,282,38.32
8251,8252,282,18.84
3658,3659,283,36.49
3554,3555,283,35.66
4165,4166,283,40.32
7561,7562,283,41.6
3655,3656,283,35.66
3648,3649,283,41.13
8016,8017,283,25.61
5867,5868,283,20.6
7430,7431,283,18.81
3755,3656,283,21.47
7661,7562,283,16.97
3453,3454,283,8.74
6468,6569,283,10.27
5566,5567,283,19.52
6107,6008,283,6.03
4763,4664,283,22.27
8111,8112,283,25.08
4866,4767,283,22.65
4867,4868,283,29.68
4967,4868,283,22.56
7663,7664,283,41.4
8055,8056,284,42.12
3962,3963,284,42.15
6272,6273,284,23.49
7722,7723,284,19.47
6469,6570,284,12.1
4063,4064,284,28.09
7361,7362,284,7.9
7856,7857,284,7.82
4765,4666,284,22.65
7067,6968,284,19.34
3249,3150,284,18.91
5909,5908,284,2.3
8008,8109,284,3.28
4164,4065,284,21.11
7918,7919,284,26.02
6171,6172,285,22.56
7835,7836,285,18.66
3657,3558,285,20.5
3351,3251,285,9.51
6768,6769,285,34.52
7625,7626,285,7.69
4060,3960,285,7.24
7064,7165,285,7.95
3340,3241,285,9.24
7525,7626,285,6.67
8442,8443,285,18.02
7129,7130,285,7.64
3961,3862,285,20.89
7069,7070,285,35.36
3454,3455,286,35.95
7562,7563,286,41.31
5968,5969,286,23.51
7758,7759,286,17.99
7662,7563,286,17.38
3437,3338,286,8.04
6767,6668,286,22.26
3659,3660,286,35.81
7068,6969,286,20.53
8112,8113,286,42.24
5067,5068,286,18.35
4867,4768,286,22.53
3344,3245,286,6.9
7664,7665,286,41.58
7733,7833,286,3.05
4065,4066,287,41.76
8154,8155,287,21.79
6373,6374,287,22.25
6471,6472,287,18.47
7822,7823,287,19.51
5768,5769,287,19.24
3658,3559,287,21.56
3655,3556,287,21.9
8056,8057,287,40.05
3353,3354,287,8.85
3343,3244,287,6.95
7623,7724,287,6.6
4265,4266,287,9.02
4766,4667,287,22.62
4968,4969,287,15.99
7526,7627,287,6.86
3241,3242,288,40.75
6273,6274,288,26.42
3963,3964,288,28.71
4868,4869,288,24.21
5465,5466,288,19.57
4665,4566,288,22.62
8017,8018,288,24.85
5166,5167,288,9.15
3862,3863,288,40.08
5364,5365,288,9.06
3758,3759,288,8.74
6069,6070,288,7.16
5565,5466,288,8.82
8252,8253,288,19.04
8350,8351,288,19.16
6207,6106,288,2.91
4364,4365,288,9.19
7909,7809,288,2.01
7665,7666,289,41.67
7563,7564,289,41.38
7431,7432,289,18.81
7561,7462,289,17.02
7528,7529,289,7.81
6768,6669,289,22.26
7065,7166,289,7.82
7070,7071,289,31.35
7659,7760,289,7.03
3247,3148,289,6.98
5909,5808,289,2.93
8008,7908,289,2.06
4763,4663,289,8.1
7609,7509,289,2.03
4463,4464,289,8.84
3660,3661,289,34.84
3633,3534,289,7.42
7069,6970,289,22.01
7663,7564,289,17.36
5567,5568,289,18.06
6374,6375,290,41.06
4066,4067,290,41.48
5769,5770,290,40.56
3556,3557,290,37.76
5969,5970,290,26.31
6172,6173,290,24.79
6570,6571,290,19.33
4868,4769,290,20.86
3454,3355,290,21.79
3656,3557,290,21.45
8057,8058,290,40.4
7956,7957,290,7.97
3436,3337,290,10.19
7624,7725,290,6.54
4767,4668,290,22.51
4562,4563,290,8.74
3659,3560,290,21.85
8155,8156,290,41.92
7005,7104,290,1.63
8040,8139,290,0.7
3926,3826,290,1.38
6472,6473,291,30.47
4666,4567,291,22.49
7857,7858,291,16.61
3863,3864,291,42.42
7066,7167,291,8.13
3922,3923,291,7.47
8113,8114,291,24.85
7462,7463,292,41.28
3661,3662,292,34.61
7760,7761,292,41.65
6070,6071,292,25.73
6669,6670,292,34.05
3964,3965,292,28.33
6274,6275,292,30.55
7666,7667,292,41.74
3455,3456,292,19.86
3558,3459,292,22.13
3251,3152,292,22.56
7562,7463,292,17.51
4665,4565,292,9.93
5668,5669,292,9.35
3958,3959,292,8.74
6170,6071,292,8.74
3632,3533,292,7.35
7660,7761,292,6.87
7070,6971,292,22.65
6767,6868,292,11.75
7564,7565,292,41.58
7664,7565,292,17.06
5770,5771,293,42.4
3355,3356,293,35.66
4067,4068,293,42.32
7823,7824,293,19.37
5068,5069,293,16.04
4065,3966,293,16.73
3252,3253,293,8.62
3858,3859,293,8.77
7071,7072,293,29.43
3862,3763,293,19.05
4768,4669,293,20.86
5264,5265,293,9.13
7067,7168,293,8.44
8156,8157,293,39.64
3560,3561,293,33.93
3660,3561,293,22.17
8018,8019,293,24.84
8253,8254,293,20.16
6473,6474,294,35.06
5970,5971,294,28.7
6173,6174,294,27.59
6571,6572,294,28.18
6375,6376,294,31.56
5466,5467,294,18.98
3559,3460,294,22.6
4667,4568,294,22.51
4969,4970,294,15.16
3556,3457,294,20.89
3864,3865,294,39.2
3148,3149,294,21.82
4869,4870,294,19.18
3339,3240,294,7.41
5566,5467,294,8.83
7263,7264,294,7.81
7068,7169,294,9.46
3248,3149,294,7.02
3961,3861,294,6.52
8351,8352,294,18.49
8343,8444,294,2.56
3662,3663,295,38.34
7761,7762,295,41.65
7463,7464,295,41.39
4566,4467,295,22.3
5769,5670,295,18.51
7665,7566,295,16.9
7563,7464,295,17.39
3150,3151,295,9.67
8114,8115,295,25.81
8057,7958,295,18.7
7661,7762,295,6.81
6768,6869,295,11.75
7667,7668,295,41.81
8340,8441,295,2.56
7936,8037,295,2.56
7069,7170,295,11.29
7565,7566,295,41.7
7937,8038,295,2.56
8157,8158,296,40.45
4068,4069,296,39.72
3966,3967,296,41.54
6275,6276,296,25.13
6670,6671,296,32.8
3661,3562,296,22.24
6769,6770,296,9.19
4166,4167,296,8.15
5868,5869,296,8.11
5808,5709,296,20.31
7921,7922,296,7
3631,3532,296,7.25
7071,6972,296,22.5
4869,4770,296,17.93
4769,4770,296,18.07
7070,7171,296,13.33
3659,3760,296,11.03
8058,8059,296,18.43
5412,5511,296,1.15
6406,6305,296,2.42
6474,6475,297,41.35
5771,5772,297,26.63
6071,6072,297,23.21
7858,7859,297,18.03
4668,4569,297,20.31
3355,3256,297,21.9
8019,8020,297,26.26
7362,7363,297,7.82
7072,7073,297,29.79
6171,6072,297,8.71
7920,8021,297,8.08
3246,3147,297,6.95
4021,3921,297,3.28
8010,8110,297,2.37
5710,5611,297,8.84
3560,3461,297,22.4
7464,7465,298,41.58
3663,3664,298,40.73
7566,7567,298,41.76
6572,6573,298,26.12
6174,6175,298,25.55
5069,5070,298,20.79
4669,4670,298,21.12
3356,3357,298,21.7
3763,3764,298,22.6
4567,4468,298,22.05
4566,4466,298,10.87
6472,6573,298,13.71
4266,4267,298,9.4
7666,7567,298,16.77
3558,3458,298,7.87
3865,3866,298,28.31
3728,3629,298,7.29
7662,7763,298,7.06
5670,5671,298,40.89
7762,7763,298,41.53
7668,7669,298,41.18
6806,6805,298,1.39
7564,7465,298,17.06
8254,8255,298,21.59
3967,3968,299,35.54
8158,8159,299,41.22
4069,4070,299,38.33
6376,6377,299,21.82
7824,7825,299,19.04
3662,3563,299,20.51
3459,3360,299,22.43
5365,5366,299,9.17
3241,3142,299,10.36
5465,5366,299,8.83
5167,5168,299,9.43
8115,8116,299,26.31
4365,4366,299,9.63
3660,3761,299,11.58
5567,5468,299,8.85
3256,3257,300,38.93
6475,6476,300,40.89
4167,4168,300,32.42
6972,6973,300,28.97
4970,4971,300,19.86
6671,6672,300,26.91
8021,8022,300,39.07
8352,8353,300,18.82
6571,6672,300,14.56
7627,7628,300,7.74
8444,8445,300,17.37
3729,3630,300,8.31
7072,6973,300,22.55
7071,7172,300,14.13
4870,4871,300,17.13
7005,7004,300,1.53
4464,4465,300,9.41
4616,4615,300,1.63
5568,5569,300,9.69
6476,6477,301,108.2
3968,3969,301,104.08
3764,3765,301,79.47
8255,8256,301,50.79
7567,7568,301,51.76
4569,4570,301,35.49
5869,5870,301,32.73
6276,6277,301,31.49
7958,7959,301,20.83
4068,3969,301,11.51
4669,4570,301,15.81
7463,7364,301,10.73
3661,3762,301,16.17
7529,7530,301,17.25
4770,4771,301,36
7667,7568,301,10.07
7073,7074,301,37.08
4563,4564,301,13.55
3242,3243,301,20.55
5772,5773,301,61.87
7465,7466,301,51.92
7565,7466,301,10.25
4816,4815,301,0.66
7663,7764,301,13.85
7763,7764,301,50.25
6477,6478,302,119.04
4070,4071,302,36.65
4670,4671,302,38.87
4468,4469,302,33.56
3664,3665,302,35.52
7859,7860,302,22.29
5070,5071,302,31.29
6072,6073,302,23.74
7922,7923,302,22.09
4267,4268,302,32.39
3151,3052,302,14.67
4568,4469,302,16.79
5971,5972,302,31.19
5069,5170,302,19.21
6473,6574,302,19.28
7725,7726,302,17.44
5671,5672,302,35.11
8059,8060,302,21.99
7664,7765,302,13.54
3969,3970,303,87.78
7364,7365,303,50.86
3765,3766,303,64.64
6973,6974,303,37.61
4168,4169,303,39.25
8022,8023,303,46.5
7530,7531,303,51.83
3357,3358,303,26.19
3461,3462,303,20.69
5168,5169,303,30.03
6277,6278,303,66.79
6572,6673,303,18.66
5069,5169,303,9.34
3253,3254,303,14.51
3459,3359,303,6.71
6670,6771,303,18.9
3152,3153,303,15.31
3866,3867,303,23.68
7072,7173,303,17.57
8116,8117,303,33.63
3859,3860,303,14.93
5265,5266,303,13.7
8340,8240,303,1.2
5569,5570,303,40.81
7466,7467,303,51.75
5773,5774,303,78.18
4467,4368,303,16.9
3665,3666,304,54.61
5870,5871,304,42.01
4570,4571,304,42.05
3257,3258,304,26.21
3563,3564,304,25.43
8159,8160,304,22.03
5366,5367,304,20.59
6972,6873,304,15.08
6869,6870,304,14.53
8353,8354,304,26.02
7665,7766,304,13.39
7568,7569,304,47.16
4971,4972,304,31.87
4771,4772,304,38.93
7307,7408,304,5.95
7264,7265,304,17.2
7074,7075,304,34.75
8156,8257,304,16.29
8112,8213,304,12.38
7533,7532,304,2.23
4121,4020,304,1.31
7365,7366,305,52.29
3766,3767,305,61.27
5774,5775,305,64.24
3970,3971,305,80.31
4671,4672,305,39.86
5972,5973,305,41.2
4469,4470,305,39.86
4268,4269,305,36.59
3142,3143,305,20.96
6377,6378,305,17.34
5468,5469,305,16.87
6175,6176,305,15.58
8445,8446,305,20.99
6276,6177,305,16.5
6671,6772,305,19.19
3355,3255,305,5.88
7760,7861,305,13.52
5672,5673,305,46.96
8345,8446,305,4.4
3360,3361,305,18.36
4467,4367,305,8.86
7766,7767,306,51.4
5871,5872,306,60.15
3666,3667,306,81.37
8354,8355,306,59.45
4169,4170,306,40.31
5071,5072,306,32.07
6478,6479,306,31.04
7628,7629,306,17.35
7825,7826,306,17.43
7669,7670,306,15.54
7173,7174,306,35.47
5070,5171,306,19.16
5709,5610,306,9.93
8157,8258,306,15.56
7666,7767,306,13.26
6974,6975,306,37.52
7959,7960,306,22.15
4368,4369,306,37.04
7073,7174,306,18.01
7467,7468,306,49.86
7207,7306,306,1.04
5170,5171,306,32.45
6479,6480,307,118.68
4972,4973,307,39.06
4571,4572,307,39.86
3258,3259,307,35.47
6073,6074,307,23.31
6574,6575,307,21.72
7923,7924,307,23.28
8060,8061,307,22.37
6873,6874,307,36.97
6673,6674,307,27.97
6573,6674,307,17.89
3256,3157,307,12.24
5168,5269,307,19.25
6474,6575,307,16.23
7075,7076,307,34.75
7761,7862,307,13.51
5367,5368,307,35.91
5670,5571,307,8.38
7667,7768,307,13.13
6278,6279,307,27.94
8117,8118,307,31.61
4772,4773,307,39.86
7366,7367,307,51.6
6480,6481,308,121.9
3667,3668,308,79.52
5673,5674,308,43.66
5775,5776,308,47.34
6378,6379,308,35.13
8213,8214,308,31.01
4470,4471,308,44.68
3564,3565,308,32.05
3462,3463,308,22.07
8023,8024,308,22.62
7726,7727,308,17.44
4070,4171,308,18.13
6672,6773,308,19.18
8158,8259,308,14.48
8021,8122,308,15.84
5808,5708,308,4.51
4269,4270,308,41.16
7762,7863,308,13.63
7668,7769,308,14.11
8346,8447,308,4.42
4871,4872,308,14.09
4672,4673,308,37.89
6481,6482,309,122.86
5571,5572,309,54.55
5872,5873,309,35.89
5072,5073,309,39.36
5171,5172,309,34.36
8355,8356,309,45.89
5973,5974,309,28.01
3767,3768,309,29.87
8160,8161,309,22.25
3052,3053,309,15.46
7174,7175,309,38.07
6972,6872,309,6.71
6975,6976,309,35.9
4369,4370,309,43.99
7074,7175,309,18.59
5674,5675,310,91.98
4973,4974,310,35.21
6575,6576,310,34.76
3361,3362,310,20.42
3143,3144,310,21
6874,6875,310,40.72
6574,6675,310,18.06
3153,3154,310,14.43
8022,8123,310,14.97
7076,7077,310,39.77
5168,5268,310,9.57
3151,3051,310,6.38
4773,4774,310,34.36
7265,7266,310,17.3
4572,4573,310,37.57
5170,5271,310,19.01
7367,7368,310,48.42
7733,7632,310,2.62
7763,7864,310,13.73
5572,5573,311,66.8
4673,4674,311,33.6
3565,3566,311,44.91
3668,3669,311,48.2
6773,6774,311,34.12
6379,6380,311,36.12
8118,8119,311,30.1
5269,5270,311,30.69
3157,3158,311,25.76
7826,7827,311,22.96
4471,4472,311,41.89
6673,6774,311,19.27
7173,7274,311,18.42
4171,4172,311,34.02
3867,3868,311,12.81
3338,3239,311,3.49
7569,7570,311,15.11
5266,5267,311,13.39
7960,7961,311,22.38
6279,6280,311,32.77
5169,5270,311,19.21
8008,8108,311,1.86
7005,6904,311,2.05
6177,6178,311,18.2
6482,6483,311,97.6
5469,5470,311,17.39
5569,5470,311,13.64
3868,3869,312,113.38
4974,4975,312,92.34
6576,6577,312,55.6
5675,5676,312,72.84
5073,5074,312,35.59
3768,3769,312,37.52
5172,5173,312,39.77
8356,8357,312,39.3
6976,6977,312,34.75
8214,8215,312,32.92
5776,5777,312,30.08
7924,7925,312,22.55
7629,7630,312,17.28
7175,7176,312,45.92
6870,6871,312,14.12
8061,8062,312,22.24
7530,7631,312,13.23
4370,4371,312,43.49
7075,7176,312,18.59
7764,7865,312,13.47
7105,7206,312,5.99
8347,8448,312,4.43
6505,6605,312,1.98
7709,7808,312,1.04
3566,3567,313,64.82
5271,5272,313,36.47
8024,8025,313,23.11
7769,7770,313,20.78
3463,3464,313,20.71
8259,8260,313,22.12
6074,6075,313,17.77
7670,7671,313,15.61
3971,3972,313,12.81
5368,5369,313,17.08
4071,4072,313,9.79
7077,7078,313,49.23
6875,6876,313,41.05
5873,5874,313,32.87
3921,3822,313,7.99
7468,7469,313,15.8
8111,8212,313,6.01
4772,4873,313,17.19
4573,4574,313,34.36
6483,6484,313,70.47
6577,6578,314,83.88
3769,3770,314,95.1
5074,5075,314,94.14
5676,5677,314,50.87
4975,4976,314,73.91
6774,6775,314,35.52
6380,6381,314,34.03
5470,5471,314,39.53
5573,5574,314,45.07
4674,4675,314,49.8
7274,7275,314,42.91
5974,5975,314,20.7
7727,7728,314,17.47
4472,4473,314,38.66
7176,7177,314,53.88
8257,8358,314,15.53
3258,3159,314,15.42
6675,6676,314,26.77
7174,7275,314,17.73
4170,4271,314,17.8
4774,4775,314,31.02
6280,6281,314,33.38
3245,3146,314,3.39
3259,3260,314,16.54
8161,8162,314,22.24
6578,6579,315,109.89
4976,4977,315,103.69
3567,3568,315,85.11
6977,6978,315,38.14
8215,8216,315,34.17
5173,5174,315,38.62
3669,3670,315,26.23
8119,8120,315,30.43
3362,3363,315,22.51
3144,3145,315,20.66
5269,5370,315,19.21
7766,7867,315,13.37
7078,7079,315,60.81
4675,4676,315,105.21
4371,4372,315,40.37
4775,4776,315,121.25
4773,4874,315,18.67
4172,4173,315,31.38
8348,8449,315,4.42
3822,3823,315,63.32
6806,6705,315,1.88
6579,6580,316,123.79
5075,5076,316,82.82
5574,5575,316,78.92
5272,5273,316,41.48
4574,4575,316,42.78
3869,3870,316,25.99
7275,7276,316,50.8
7827,7828,316,22.78
3053,3054,316,14.68
7177,7178,316,54.47
8355,8456,316,15.18
3255,3156,316,13.76
7173,7273,316,7.82
6876,6877,316,38.19
4171,4272,316,18.74
8021,8121,316,5.65
7266,7267,316,17.06
7961,7962,316,22.29
5076,5077,317,111.86
6580,6581,317,130.79
5575,5576,317,100.21
5174,5175,317,86.3
3670,3671,317,52.67
4874,4875,317,71.04
3823,3824,317,63.32
3568,3569,317,89.64
4977,4978,317,83.82
6775,6776,317,36.42
5471,5472,317,43.92
6381,6382,317,42.96
3464,3465,317,25.21
4072,4073,317,25.79
7865,7866,317,22.24
8062,8063,317,22.38
6178,6179,317,17.81
4676,4677,317,80.9
7767,7868,317,13.43
8354,8455,317,11.12
3154,3155,317,14.43
4776,4777,317,80.97
5874,5875,317,30.81
7834,7935,317,4.41
4473,4474,317,36.41
7733,7832,317,2.77
7079,7080,317,70.07
5077,5078,318,104.54
4575,4576,318,83.57
6978,6979,318,47.9
7276,7277,318,51.08
5677,5678,318,25.07
7925,7926,318,17.53
5777,5778,318,17.17
5271,5372,318,18.18
8356,8457,318,17.37
6676,6677,318,25.99
6281,6282,318,29.68
6305,6205,318,4.55
8216,8217,318,34.06
8122,8223,318,15.45
3534,3435,318,3.5
7178,7179,318,50.34
8260,8261,318,22.08
3569,3570,319,69.25
5175,5176,319,87.67
5472,5473,319,51.2
3671,3672,319,98.03
5576,5577,319,63.39
4978,4979,319,73.16
5273,5274,319,47.07
4875,4876,319,63.14
4677,4678,319,75.52
7728,7729,319,22.44
7080,7081,319,69.58
8162,8163,319,22.39
3770,3771,319,23.53
8358,8359,319,22.08
8025,8026,319,17.68
4272,4273,319,36.51
5270,5371,319,19
4777,4778,319,74.14
3337,3238,319,3.46
7104,7205,319,5.95
6877,6878,319,37.98
4172,4273,319,19.15
4173,4174,319,30.23
8349,8450,319,4.44
8449,8450,319,25.64
5176,5177,320,125.94
3672,3673,320,115.93
4576,4577,320,67.77
3465,3466,320,36.05
6776,6777,320,37.52
3870,3871,320,25.59
3363,3364,320,20.11
3260,3261,320,17.8
7770,7771,320,15.88
6075,6076,320,15.75
3051,2952,320,14.41
7274,7375,320,16.19
6979,6980,320,57.44
5975,5976,320,19.89
3826,3727,320,3.5
3159,3160,320,18.61
3148,3049,320,3.4
8442,8543,320,4.41
4474,4475,320,39.34
7367,7268,320,11.14
3673,3674,321,110.48
5274,5275,321,90.87
5473,5474,321,68.1
5577,5578,321,55.25
4678,4679,321,57
7081,7082,321,67.89
5372,5373,321,44.19
3824,3825,321,26.82
7962,7963,321,22.35
8223,8224,321,44.32
4778,4779,321,60.86
4472,4373,321,14.37
3629,3530,321,5.84
5709,5609,321,3.65
4876,4877,321,75.52
3533,3434,321,3.77
5875,5876,321,27.39
7277,7278,321,41.05
7179,7180,321,48.48
6581,6582,321,30.8
5177,5178,322,87.75
3466,3467,322,52.33
4577,4578,322,70.46
4475,4476,322,67
3570,3571,322,35.7
5078,5079,322,31.44
6179,6180,322,24.64
7868,7869,322,21.88
8063,8064,322,22.41
7828,7829,322,17.4
4273,4274,322,35.72
4072,3973,322,17.24
3972,3973,322,12.15
6980,6981,322,66.26
4877,4878,322,108.38
8123,8124,322,8.87
4073,4074,322,23.71
8217,8218,322,32.84
6878,6879,322,42.91
8350,8451,322,4.45
7936,8036,322,1.36
7082,7083,323,59.66
5275,5276,323,82.36
5373,5374,323,55.59
3530,3531,323,72.81
5474,5475,323,67.44
4679,4680,323,71.13
3674,3675,323,98.78
3771,3772,323,25.42
5778,5779,323,20.17
8457,8458,323,21.85
7926,7927,323,23.37
2952,2953,323,41.13
3054,3055,323,14.43
6484,6485,323,10.48
6777,6778,323,38.55
6677,6678,323,22.2
4779,4780,323,51.91
6282,6283,323,23.63
3630,3531,323,6.22
6106,6007,323,3.24
7268,7269,323,45.49
8261,8262,323,22.32
7368,7369,323,8.23
5374,5375,324,102.7
4476,4477,324,51.28
8451,8452,324,60.82
4578,4579,324,56.93
3973,3974,324,58.28
3467,3468,324,73
4878,4879,324,63.61
4373,4374,324,37.42
7180,7181,324,48.73
8163,8164,324,22.32
6382,6383,324,15.16
6981,6982,324,68.32
7570,7571,324,7.81
8359,8360,324,22.08
4473,4374,324,15.12
6582,6583,324,35.05
3468,3469,325,137.15
5375,5376,325,109.13
5276,5277,325,92.15
7083,7084,325,55.09
3675,3676,325,99.33
5475,5476,325,73.16
6180,6181,325,33.5
3571,3572,325,37.22
3261,3262,325,20.88
3871,3872,325,24
3364,3365,325,22.71
4680,4681,325,56.73
5678,5679,325,15.97
8456,8557,325,15.87
7275,7376,325,13.56
8026,8027,325,17.86
4274,4275,325,35.86
7833,7934,325,4.4
3240,3141,325,3.79
7729,7730,325,17.11
8340,8440,325,1.37
6879,6880,325,45.65
7278,7279,325,30.92
5976,5977,325,24.52
3676,3677,326,100.28
4579,4580,326,66.32
8452,8453,326,56.22
4477,4478,326,60.48
7181,7182,326,51.8
7369,7370,326,40.09
8218,8219,326,30.99
6982,6983,326,63.19
6678,6679,326,34.17
7963,7964,326,22.35
5578,5579,326,21.24
3160,3161,326,19.9
8455,8556,326,17.08
8224,8225,326,21.47
7671,7672,326,7.87
6778,6779,326,34.17
6583,6584,326,90.68
7269,7270,326,39.48
5476,5477,327,73.7
5277,5278,327,86.55
3469,3470,327,96.99
5376,5377,327,86.25
7869,7870,327,21.55
8064,8065,327,22.2
5178,5179,327,20.81
8124,8125,327,22.72
5876,5877,327,18.75
8543,8544,327,16.39
7771,7772,327,15.54
4979,4980,327,13.2
7276,7377,327,13.47
7469,7470,327,7.32
3051,2951,327,6.19
3532,3433,327,4.03
3572,3573,327,68.47
8122,8222,327,5.41
5312,5212,327,1.75
7277,7378,327,16.81
4174,4175,327,12.98
4374,4375,327,38.15
4478,4479,328,62.73
8453,8454,328,55.16
4580,4581,328,65.29
6983,6984,328,57.72
3677,3678,328,97.45
6880,6881,328,46.67
7182,7183,328,50.09
4879,4880,328,25.48
3772,3773,328,24.69
8458,8459,328,22.08
8262,8263,328,22.31
8223,8324,328,15.71
3156,3057,328,12.34
4780,4781,328,23.9
8213,8314,328,6.03
6584,6585,328,94.59
7829,7830,328,17.17
3573,3574,328,101.08
3049,3050,328,13.06
7179,7280,328,14.31
3470,3471,329,84.95
5477,5478,329,62.63
5377,5378,329,76.56
3262,3263,329,25.91
3365,3366,329,30.21
6679,6680,329,48.63
7370,7371,329,37.02
5779,5780,329,18.8
7927,7928,329,17.93
8164,8165,329,22.3
4375,4376,329,56.09
7274,7374,329,5.88
6076,6077,329,11.57
7270,7271,329,35.1
8444,8545,329,4.37
5808,5807,329,2.53
7307,7407,329,1.8
8360,8361,329,22.1
7278,7379,329,19.19
4479,4480,330,66.77
6585,6586,330,88.71
7183,7184,330,51.28
8219,8220,330,29.32
5977,5978,330,24.8
5679,5680,330,20.63
6181,6182,330,24.9
3872,3873,330,22.73
3055,3056,330,14.76
2953,2954,330,14.93
4275,4276,330,20.7
6283,6284,330,15.86
7470,7471,330,40.14
8037,8138,330,4.4
6779,6780,330,29.15
8557,8558,330,21.97
3574,3575,330,87.08
8324,8325,331,43.76
6881,6882,331,43.04
6984,6985,331,39.3
3161,3162,331,21.31
7964,7965,331,22.18
4681,4682,331,17.35
7180,7281,331,14.22
8225,8226,331,22.63
7280,7281,331,43.15
2952,2853,331,13.53
4581,4582,331,35.11
8027,8028,331,17.69
4074,4075,331,11.94
6680,6681,331,65.52
7730,7731,331,17.11
3471,3472,331,51.6
5412,5411,331,1.02
7571,7572,331,15.27
6586,6587,332,96.64
3575,3576,332,80.07
3366,3367,332,42.22
5877,5878,332,22.73
5278,5279,332,22.41
5579,5580,332,18.9
8065,8066,332,22.2
8125,8126,332,22.96
8314,8315,332,31.61
4376,4377,332,39.96
7379,7380,332,41.64
8214,8315,332,5.96
3921,3821,332,2.81
3822,3723,332,7.63
6985,6986,333,59.35
4480,4481,333,46.63
5478,5479,333,29.72
3773,3774,333,23.53
4175,4176,333,18.09
3974,3975,333,11.86
8263,8264,333,22.08
3057,3058,333,23.66
7281,7282,333,50.47
8455,8555,333,6.52
4276,4277,333,35.35
7471,7472,333,40.48
7672,7673,333,14.94
7173,7272,333,4.86
8445,8546,333,4.4
8459,8460,333,22.17
7936,8035,333,0.79
6383,6384,333,11.64
6483,6384,333,6.55
6681,6682,333,78.18
5580,5581,334,73.43
3367,3368,334,60.2
6587,6588,334,62.44
7380,7381,334,51.05
3723,3724,334,63.33
8220,8221,334,30.99
3263,3264,334,24.48
7830,7831,334,17.22
7870,7871,334,16.48
6882,6883,334,38.66
8361,8362,334,22.47
8165,8166,334,22.41
7376,7477,334,16.68
4377,4378,334,57.99
3145,3046,334,7.49
3823,3724,334,7.63
3576,3577,334,63.8
6682,6683,334,106.13
3436,3336,334,1.46
6780,6781,334,27.26
6986,6987,335,51.22
5978,5979,335,24.07
6182,6183,335,24.93
5680,5681,335,24.9
7282,7283,335,51.1
3873,3874,335,20.57
5378,5379,335,17.94
7084,7085,335,10.48
4277,4278,335,56.18
8108,8209,335,6.05
7928,7929,335,17.46
8558,8559,335,21.74
6987,6988,336,136.91
3368,3369,336,78.9
7381,7382,336,61.42
4481,4482,336,49.46
5878,5879,336,25.32
3162,3163,336,24.41
7965,7966,336,22.13
5780,5781,336,15.69
8226,8227,336,22.63
7378,7479,336,16.97
8452,8553,336,11.96
4378,4379,336,66.24
8451,8552,336,10.79
8325,8326,336,21.98
8223,8323,336,5.57
8215,8316,336,5.92
8315,8316,336,32.89
3577,3578,336,60.88
6305,6304,336,2.55
3147,3048,336,3.39
3472,3473,336,23.79
7377,7478,336,16.61
3369,3370,337,136.91
7085,7086,337,52.19
2954,2955,337,14.51
8324,8425,337,15.9
4176,4177,337,30.77
8126,8127,337,22.63
8066,8067,337,22.28
4278,4279,337,62.34
2951,2852,337,15.56
4582,4583,337,16.99
8212,8313,337,6.01
6485,6486,337,7.66
5808,5707,337,2.85
5808,5907,337,3.01
8028,8029,337,17.39
3678,3679,337,11.24
7479,7480,338,58.74
6988,6989,338,71.91
6183,6184,338,44.39
6781,6782,338,29.16
5479,5480,338,24.54
3774,3775,338,21.65
6883,6884,338,27.56
6077,6078,338,12.26
6984,6885,338,14.15
8460,8461,338,22.08
8453,8554,338,12.25
8546,8547,338,20.33
4379,4380,338,62.34
8264,8265,338,22.3
3058,3059,338,20.49
5079,5080,338,6.5
3046,3047,338,26.05
3473,3474,338,53.09
6178,6079,338,5.31
7379,7480,338,16.61
8446,8547,338,4.41
4615,4515,338,2.68
6683,6684,338,32.23
7086,7087,339,53.85
3370,3371,339,93.2
4482,4483,339,45.35
5979,5980,339,26.15
5681,5682,339,28.06
5581,5582,339,22.79
3264,3265,339,22.99
8209,8210,339,29.7
4880,4881,339,9.7
4279,4280,339,56.57
7183,7284,339,13.41
4177,4178,339,53.18
8166,8167,339,22.32
2853,2854,339,13.68
8362,8363,339,22.47
8316,8317,339,34.17
8216,8317,339,5.92
6486,6487,339,88.18
4075,4076,339,14.2
7087,7088,340,137.27
7480,7481,340,61.13
6989,6990,340,64.19
5379,5380,340,22.65
3724,3725,340,18.8
3474,3475,340,68.47
4781,4782,340,8.65
7472,7473,340,15.87
8111,8211,340,1.84
8559,8560,340,22.03
7088,7089,341,129.96
6782,6783,341,43.61
8326,8327,341,22.99
5879,5880,341,24.61
3163,3164,341,24.29
7966,7967,341,22.37
8227,8228,341,22.63
7929,7930,341,17.33
3874,3875,341,18.79
4380,4381,341,39.78
7871,7872,341,15.86
5279,5280,341,11.38
4178,4179,341,55.89
7184,7185,341,9.58
7772,7773,341,7.51
6882,6783,341,14.37
7471,7372,341,13.75
3371,3372,341,86.29
8447,8548,341,4.41
3159,3060,341,5.25
6284,6285,341,9.33
7481,7482,342,69.23
8317,8318,342,34.17
5480,5481,342,25.67
8127,8128,342,22.62
6588,6589,342,13.36
4280,4281,342,41.76
8067,8068,342,22.22
8425,8426,342,20.16
2951,2851,342,7.14
7376,7476,342,6.21
7089,7090,342,107.3
4682,4683,342,9.56
8217,8318,342,5.96
3975,3976,342,11.63
6184,6185,342,27.01
6783,6784,343,69.45
5380,5381,343,47.11
5980,5981,343,27.6
5682,5683,343,31.97
6885,6886,343,20.92
6684,6685,343,22.13
3775,3776,343,21.62
4881,4882,343,26.17
5781,5782,343,15.92
3060,3061,343,58.69
6883,6784,343,17.15
8029,8030,343,17.35
6685,6686,344,101.04
7090,7091,344,56.3
7482,7483,344,69.05
3372,3373,344,46.37
6990,6991,344,30.41
3725,3726,344,26.53
4076,4077,344,23.15
4381,4382,344,42.72
4179,4180,344,48.35
8167,8168,344,22.23
2955,2956,344,14.33
7282,7383,344,13.46
4980,4981,344,6.01
3050,2950,344,6.57
8265,8266,344,17.24
3530,3431,344,6.26
5582,5583,344,24.77
8363,8364,344,22.12
7382,7383,344,12.71
8461,8462,344,17.45
6305,6404,344,3.05
7477,7578,344,14.46
5981,5982,345,65.26
5280,5281,345,28.61
3265,3266,345,19.97
8560,8561,345,22.6
4281,4282,345,39.35
7572,7573,345,7.27
5481,5482,345,37.44
8448,8549,345,4.42
6384,6385,345,8.88
6686,6687,346,77.4
7091,7092,346,56.54
3431,3432,346,79.08
7578,7579,346,60.18
6886,6887,346,35.38
8318,8319,346,32.89
5880,5881,346,23.6
8327,8328,346,22.63
4382,4383,346,72.89
7967,7968,346,22.24
5080,5081,346,13.41
7085,7186,346,13.13
6587,6688,346,10.42
7185,7186,346,20.82
8324,8424,346,5.69
8218,8319,346,6.03
2852,2753,346,16.32
7473,7474,346,16.88
6589,6590,346,32.6
8228,8229,346,22.63
5381,5382,346,46.8
8552,8653,346,15.03
6305,6204,346,2.89
4483,4484,346,15.26
4077,4078,347,45.69
6991,6992,347,39.18
3776,3777,347,25.33
8426,8427,347,22.44
3875,3876,347,17.75
3164,3165,347,19.5
7930,7931,347,17.43
2956,2957,347,38.77
4180,4181,347,42.28
6884,6785,347,17.23
4282,4283,347,69.99
8068,8069,347,22.43
2854,2855,347,14
5281,5282,347,64.03
8554,8655,347,16.39
7673,7674,347,7.21
8449,8550,347,4.51
6887,6888,348,65.33
5382,5383,348,52.62
7372,7373,348,16.11
6079,6080,348,10.39
4683,4684,348,17.09
5583,5584,348,29.84
6590,6591,348,67.61
4782,4783,348,14.01
4583,4584,348,9.67
8128,8129,348,17.43
3976,3977,348,16.97
4078,4079,349,51.16
7186,7187,349,48.34
3266,3267,349,33.15
3373,3374,349,22.63
5782,5783,349,17.59
3061,3062,349,18.51
7284,7285,349,10.28
8168,8169,349,22.4
7479,7580,349,11.3
4283,4284,349,57.96
8364,8365,349,22.08
8266,8267,349,22.42
8222,8322,349,4.57
8030,8031,349,17.36
5683,5684,349,17.63
3629,3529,349,1.97
7104,7204,349,1.8
5282,5283,349,73.61
7609,7708,349,1.05
7709,7708,349,0.87
6888,6889,350,82.07
6688,6689,350,31.18
8319,8320,350,30.27
2753,2754,350,31
8462,8463,350,17.56
4181,4182,350,40.87
4383,4384,350,29.71
8561,8562,350,23.13
3821,3722,350,8.25
8219,8320,350,6.1
3677,3778,350,5.96
3475,3476,350,10.13
5609,5510,350,4.96
2852,2752,350,7.96
7868,7969,350,4.42
6591,6592,350,82.07
6185,6186,350,12.52
3679,3680,350,7.79
7187,7188,351,66.97
8229,8230,351,22.32
5881,5882,351,21.91
6587,6488,351,7.79
3723,3624,351,7.63
8328,8329,351,22.3
3576,3477,351,7.55
7476,7577,351,17.55
5482,5483,351,17.04
5412,5311,351,1.16
8450,8551,351,4.54
6689,6690,352,63.87
4079,4080,352,42.83
3267,3268,352,47.51
5584,5585,352,27.46
8427,8428,352,22.61
3165,3166,352,24.02
6592,6593,352,52.79
2957,2958,352,20.32
8653,8654,352,19.41
4182,4183,352,59.48
5982,5983,352,14.63
8655,8656,352,20.87
7483,7484,352,12.81
7480,7581,352,10.72
8069,8070,352,22.32
6889,6890,352,84.13
5179,5180,352,4.12
8314,8415,352,6.01
3577,3478,352,8.08
3977,3978,352,30.92
6890,6891,353,128.3
3268,3269,353,121.46
5882,5883,353,75.22
5283,5284,353,26.48
3374,3375,353,29.69
4183,4184,353,135.8
7931,7932,353,17.13
4981,4982,353,11.52
7407,7508,353,5.94
7383,7384,353,11.58
6805,6804,353,1.86
7188,7189,353,69.41
4021,3920,353,1.61
6285,6286,353,9
3876,3877,353,19.34
7581,7582,354,69.05
8320,8321,354,29.87
2754,2755,354,28.27
8129,8130,354,17.38
7285,7286,354,20.36
6991,6892,354,14.2
7090,7191,354,11.94
5081,5082,354,13.82
8169,8170,354,22.66
2956,2857,354,14.33
8365,8366,354,22.45
8267,8268,354,22.38
3269,3270,354,135.25
8220,8321,354,6.03
6690,6691,354,80.25
3048,2949,354,7.99
3145,3045,354,2.61
3141,3042,354,4.95
7872,7873,354,7.71
5684,5685,354,23.73
7609,7608,354,0.88
2851,2751,354,8.85
3978,3979,355,40.63
6080,6081,355,14.38
4584,4585,355,14.38
3062,3063,355,19.44
4080,4081,355,40.47
6785,6786,355,14
2753,2654,355,16.61
7969,7970,355,21.93
8562,8563,355,22.94
8031,8032,355,17.17
4184,4185,355,71.9
2855,2856,355,13.8
7869,7970,355,4.41
8036,8137,355,4.41
7773,7774,355,7.51
3578,3579,355,5.51
7189,7190,355,55.2
7582,7583,356,65.66
3042,3043,356,70.17
7191,7192,356,51.19
5284,5285,356,41.16
8415,8416,356,32.26
5983,5984,356,27.19
8230,8231,356,22.29
5483,5484,356,23.28
8329,8330,356,22.28
8463,8464,356,17.04
7286,7287,356,50.51
7092,7093,356,10.34
7091,7192,356,11.87
4684,4685,356,14.24
4284,4285,356,14.74
3166,3167,356,27.24
6691,6692,356,78.05
8315,8416,356,5.96
8552,8652,356,5.18
5709,5608,356,2.29
3270,3271,356,91.81
3728,3628,356,1.18
3680,3681,356,18.45
8008,8007,356,0.9
4882,4883,356,7.77
5285,5286,357,110
8656,8657,357,21.89
3624,3625,357,18.83
5383,5384,357,12.13
7578,7679,357,10.94
2951,2850,357,4.73
7287,7288,357,136.24
5082,5083,357,43.58
8428,8429,357,22.3
7476,7576,357,6.91
3434,3335,357,3.95
6505,6504,357,0.94
2950,2850,357,8.08
5384,5385,358,110.92
7192,7193,358,88.83
3979,3980,358,37.89
4081,4082,358,45.4
2755,2756,358,29.66
7932,7933,358,21.4
3374,3275,358,16.86
2958,2959,358,17.51
2753,2653,358,8.37
5981,6082,358,9.83
8070,8071,358,16.94
3060,2961,358,8.52
3239,3140,358,3.07
7004,7003,358,1.74
6593,6594,358,17.4
7288,7289,358,136.32
8557,8658,358,4.42
8442,8542,358,1.36
3877,3878,358,22.28
3271,3272,358,90.82
7193,7194,359,119.34
5385,5386,359,137.12
5286,5287,359,96.87
8416,8417,359,33.65
5685,5686,359,24.92
5585,5586,359,15.11
7484,7485,359,15.96
5083,5084,359,78.68
2754,2655,359,17.07
7573,7574,359,7.35
8366,8367,359,22.56
5080,5181,359,6.79
8209,8310,359,6.08
3167,3168,359,36.93
4783,4784,359,9.26
7474,7475,359,8.21
6007,6006,359,2.81
3778,3779,359,11.96
4082,4083,360,63.37
3272,3273,360,54.98
8130,8131,360,17.31
8170,8171,360,17.2
3063,3064,360,20.14
5983,6084,360,19.22
5783,5784,360,9.43
7289,7290,360,58.68
3681,3682,360,32.82
8268,8269,360,17.33
2857,2858,360,19.46
3238,3139,360,3.49
6692,6693,360,27.28
4982,4983,360,16.23
3168,3169,360,100.48
6385,6386,360,6.87
5084,5085,361,18.98
5983,5884,361,24.6
2752,2652,361,10.92
3374,3274,361,7.48
2961,2962,361,34.51
7674,7675,361,5.64
6204,6105,361,24.26
8313,8414,361,4.21
3433,3334,361,14.62
7873,7874,361,7.62
5287,5288,362,32.9
2756,2757,362,29.64
3980,3981,362,11.14
8231,8232,362,6.81
8330,8331,362,6.71
5984,5985,362,7.25
8563,8564,362,8.23
2755,2656,362,24.44
6286,6287,362,13.47
6186,6187,362,10
7970,7971,362,8.62
8310,8311,362,26.96
8032,8033,362,8.41
7306,7406,362,2.05
6805,6704,362,5.89
4484,4485,362,11.74
3336,3237,362,15.78
5484,5485,363,13.88
3043,3044,363,5.96
8464,8465,363,6.49
4585,4586,363,15.57
6786,6787,363,5.34
2654,2555,363,24.27
7384,7385,363,7.33
6891,6792,363,24.53
5284,5185,363,18.75
3431,3332,363,20.25
3821,3721,363,8.62
8545,8646,363,2.42
3059,2960,363,9.86
6486,6387,363,10.35
3722,3623,363,24.3
3045,2946,364,24.28
5983,6083,364,5.05
3529,3430,364,20.34
3375,3376,364,9.68
6992,6993,364,9.8
3048,2948,364,8.5
3530,3430,364,5.7
6007,5906,364,6.62
7004,7103,364,4.46
4615,4614,364,0.34
8558,8659,364,2.37
2751,2651,364,12.39
2756,2657,365,24.51
3625,3626,365,7.02
8429,8430,365,6.7
4883,4884,365,7.32
4285,4286,365,13.4
2654,2554,365,10.73
3042,2943,365,23.19
5181,5182,365,13.76
3432,3333,365,17.73
6204,6104,365,10.75
8317,8418,365,4.02
8138,8239,365,2.43
4184,4085,365,22.92
8324,8423,365,8.24
4083,4084,365,21.01
8108,8208,365,2.18
7004,6903,365,5.52
2851,2750,365,7.35
5185,5186,366,34.41
5288,5289,366,29.17
4983,4984,366,17.58
5686,5687,366,15.53
7093,7094,366,10.27
6488,6489,366,8.08
2961,2862,366,20.48
3478,3479,366,9.35
8211,8312,366,4.2
5784,5785,366,17.94
2949,2849,366,9.37
3169,3170,367,14.59
5586,5587,367,13.93
5386,5387,367,12.83
2653,2553,367,13.54
6084,6085,367,14.72
4384,4385,367,8.74
3921,3820,367,4.59
3335,3236,367,18.64
5287,5188,368,17.21
7583,7584,368,6.63
8071,8072,368,8.6
5609,5509,368,3.49
3682,3683,368,12.7
8551,8651,368,7.77
3579,3580,368,9.9
2652,2552,369,13.08
7485,7486,369,8.89
3064,3065,369,12.02
2862,2863,369,34.63
6892,6893,369,8.92
6891,6791,369,8.17
3721,3622,369,24.73
4185,4186,369,7.1
3165,3066,369,9.34
4685,4686,369,9.4
8318,8419,369,4.11
3878,3879,369,6.69
8008,7907,369,1.97
5186,5187,370,25.78
5185,5086,370,22.99
6287,6288,370,12.83
6187,6188,370,13.3
7194,7195,370,8.78
4485,4486,370,13.61
3062,2963,370,9.36
8310,8411,370,13.74
3981,3982,370,13.17
8035,8136,370,2.39
5985,5986,370,13.61
8546,8647,370,2.42
3046,2947,370,5.76
3168,3069,370,14.55
4884,4885,371,18.54
3430,3331,371,20.76
3332,3233,371,18.91
5485,5486,371,13.34
7191,7292,371,5.81
8367,8368,371,8.02
6887,6788,371,8.57
2858,2859,371,9.57
3166,3067,371,9.57
3141,3041,371,4.02
7774,7775,371,5.63
6590,6491,371,8.63
5182,5183,371,17.75
5282,5183,371,8.9
3237,3138,371,16.69
7584,7585,372,31.79
4984,4985,372,18.82
4286,4287,372,15.78
2554,2455,372,20.43
3275,3276,372,5.63
7679,7680,372,6.33
3045,2945,372,7.65
2863,2864,372,34.62
6888,6789,372,9.11
6889,6790,372,9.14
8171,8172,372,8.68
6591,6492,372,9.11
5785,5786,372,17.91
3270,3171,372,10.38
6487,6388,372,6.84
8340,8439,372,0.93
5188,5189,373,23.22
2750,2650,373,13
2554,2454,373,13.49
3376,3377,373,11.46
2963,2964,373,34.66
4586,4587,373,10.53
5288,5189,373,13.42
6693,6694,373,8.11
8131,8132,373,8.18
6594,6595,373,7.18
3272,3173,373,10.47
7290,7291,373,7.82
2862,2763,373,22.15
3063,2964,373,9.4
8310,8410,373,7.78
3167,3068,373,10.11
7205,7305,373,2.06
6589,6490,373,6.43
2651,2551,373,11.64
3271,3172,373,10.39
5086,5087,374,30.05
5687,5688,374,12.52
2948,2848,374,10.99
3042,2942,374,6.42
3721,3621,374,9.18
6592,6493,374,8.04
8319,8420,374,4.32
6704,6604,374,8.7
7971,7972,374,8.75
6705,6604,374,4.54
8559,8660,374,2.36
7292,7293,375,32.16
2552,2453,375,24.25
3622,3523,375,24.71
4385,4386,375,13.25
5289,5290,375,11.64
2555,2556,375,8.83
2757,2758,375,8.28
8269,8270,375,6.72
5284,5184,375,4.08
7874,7875,375,7.3
6204,6203,375,4.94
4515,4416,375,5.05
2959,2860,375,9.32
3683,3684,375,15.53
6085,6086,375,12.85
7475,7575,375,6.55
3139,3040,375,9.77
8008,8107,375,1.59
2763,2764,376,34.63
2455,2456,376,25.71
7680,7681,376,32.5
5086,4987,376,24.6
5587,5588,376,12.32
5387,5388,376,11.42
6993,6994,376,8.9
3064,2965,376,9.39
2863,2764,376,21.02
5707,5607,376,3.96
3066,2967,376,22.3
3479,3480,376,10.37
5986,5987,377,15.8
8232,8233,377,6.79
8331,8332,377,6.8
4885,4886,377,18.29
4082,3983,377,8.37
4186,4187,377,13.24
6186,6087,377,6.61
3529,3429,377,4.73
3982,3983,377,16.64
7486,7487,377,13.04
4084,3985,377,12.8
8425,8526,377,2.43
4083,3984,377,8.41
2945,2846,378,23.72
3233,3234,378,15.51
3331,3232,378,20.37
3067,2968,378,22.87
7195,7196,378,12.74
6188,6189,378,12.99
3069,3070,378,13.68
6893,6894,378,11.4
6903,6803,378,8.27
8564,8565,378,6.48
3169,3070,378,8.06
5586,5487,378,7.88
4985,4986,378,18.65
4486,4487,378,13.92
6204,6103,378,6.26
8310,8309,378,5.64
2858,2759,378,8.26
8033,8034,378,6.28
7675,7676,378,6.2
2960,2861,378,9.56
2860,2861,378,34.12
2965,2966,379,34.51
2455,2356,379,22.91
4287,4288,379,15.65
2552,2452,379,10.78
4884,4785,379,10.5
8465,8466,379,6.64
5884,5885,379,5.66
3979,3880,379,6.85
6288,6289,379,11.59
7581,7682,379,3.7
8320,8421,379,4.36
3478,3379,379,6.37
3477,3378,379,6.02
3682,3583,379,7.52
3779,3780,379,4.58
2551,2452,379,24.24
8547,8648,379,2.41
5189,5190,380,15.08
2763,2664,380,21.15
2750,2749,380,7.05
8430,8431,380,6.77
7385,7386,380,6.13
3980,3881,380,7.01
8072,8073,380,8.84
6488,6389,380,5.86
3821,3720,380,4.69
3621,3522,380,24.44
8340,8339,380,0.9
2456,2457,381,22
3684,3685,381,19.46
3276,3277,381,12.19
2455,2355,381,12.21
2942,2843,381,22.25
2657,2658,381,6.47
3626,3627,381,6.46
2757,2658,381,7.48
6187,6088,381,7.7
2864,2865,381,11.46
6892,6793,381,6.21
5510,5410,381,4.01
3681,3582,381,6.37
3981,3882,381,7.66
7578,7678,381,2.29
5985,5886,381,7.79
5212,5112,381,2.35
8551,8650,381,5.81
2846,2847,382,31.93
2848,2748,382,12.84
5087,5088,382,12.89
2650,2550,382,11.35
3173,3174,382,11.98
7585,7586,382,10.71
2750,2649,382,8.58
7103,7203,382,5.58
2656,2557,382,7.42
2356,2357,382,34.28
6204,6303,382,5.1
6493,6494,382,13.35
7682,7683,383,30.64
7196,7197,383,20.06
5588,5589,383,15.31
2965,2866,383,22.69
5688,5689,383,12.47
4386,4387,383,13.34
4886,4887,383,18.09
2664,2665,383,34.66
5786,5787,383,9.71
5188,5089,383,9.53
7094,7095,383,6.22
2943,2944,383,5.81
7194,7095,383,6.15
7582,7683,383,3.73
8415,8516,383,4.17
8560,8661,383,2.35
7407,7507,383,2
8411,8412,383,8.05
8651,8752,383,9.82
2860,2761,383,19.31
2551,2451,383,10.8
2846,2747,384,24.69
6103,6004,384,24.73
7487,7488,384,16.55
6694,6695,384,9.85
8172,8173,384,8.83
3334,3235,384,6.35
8410,8511,384,13.71
2862,2762,384,5.68
4187,4188,384,15.88
4185,4086,384,5.43
8368,8369,384,8.12
8310,8409,384,5.82
3621,3521,384,10.41
5311,5211,384,3.53
4085,4086,384,5.31
3335,3235,384,4.05
2357,2358,385,34.62
2457,2458,385,27.96
3232,3133,385,20.3
3429,3330,385,18.35
5987,5988,385,13.34
2764,2765,385,11.24
7293,7294,385,10.3
3233,3134,385,10.27
3430,3330,385,4.93
6594,6495,385,5.47
3625,3526,385,5.4
3629,3528,385,2.7
3680,3581,385,4.48
3580,3581,385,5.96
3138,3039,385,10.18
8548,8649,385,2.34
2759,2760,386,12.84
5487,5488,386,13.4
5290,5291,386,9.93
8132,8133,386,8.19
3171,3072,386,10.36
6189,6190,386,13.06
7291,7392,386,11.28
2866,2867,386,33.82
8410,8510,386,7.74
8321,8422,386,4.17
7972,7973,386,8.69
6804,6703,386,5.12
5608,5508,386,3.63
3683,3584,386,8.31
3685,3686,387,19.49
4288,4289,387,12.52
3040,2941,387,12.28
3172,3073,387,10.5
2664,2565,387,21.75
2945,2845,387,6.92
4587,4588,387,7.42
5986,5887,387,8.38
4885,4786,387,8.96
7003,7002,387,3.69
2356,2257,387,19.72
3982,3883,387,8.59
8426,8527,387,2.37
8270,8271,387,8.34
3479,3380,387,6.75
3480,3481,387,9.93
2765,2766,388,34.16
8511,8512,388,27.46
5190,5191,388,14.27
5388,5389,388,8.75
2657,2558,388,6.17
3274,3175,388,5.38
7775,7776,388,5.94
2865,2766,388,23.31
4186,4087,388,7.68
6492,6393,388,8.99
6491,6392,388,8.75
2358,2359,388,34.6
7486,7387,388,7.62
8313,8413,388,2.09
3134,3135,388,34.36
7386,7387,388,13.41
7392,7393,389,34.12
2458,2459,389,32.61
4887,4888,389,18.34
5089,5090,389,17.47
7197,7198,389,19.99
2357,2258,389,21.05
3277,3278,389,13.54
2968,2969,389,9.53
6595,6596,389,6.49
3173,3074,389,9.37
7195,7096,389,7.53
6188,6089,389,7.61
3069,2970,389,7.81
6893,6794,389,7.1
2866,2767,389,23.86
3275,3176,389,4.7
8416,8517,389,4.08
6289,6290,389,10.97
4686,4687,389,5.15
3985,3986,389,8.37
5689,5690,390,14.72
5589,5590,390,14.86
2846,2746,390,8.74
6103,6003,390,9.1
4987,4988,390,7.34
4188,4189,390,16.86
7103,7102,390,3.88
7003,6902,390,4.76
2451,2352,390,22.42
8651,8751,390,4.68
2359,2360,391,33.6
7488,7489,391,15.26
2747,2648,391,21.96
3235,3136,391,23.33
2758,2659,391,9.05
3684,3585,391,9.19
2455,2354,391,7.62
2762,2663,391,23.31
3523,3524,391,6.4
7291,7391,391,5.64
7586,7587,391,12.11
3721,3620,391,5.07
3135,3136,391,33.8
2451,2351,391,12.56
3074,3075,392,33.73
2765,2666,392,23.44
3883,3884,392,21.4
2550,2450,392,10.06
6894,6895,392,7.39
3276,3177,392,7.36
8332,8333,392,6.9
2942,2842,392,5.75
8073,8074,392,8.62
2459,2460,392,34.57
2358,2259,392,20.95
6704,6603,392,4.75
8561,8662,392,2.35
3134,3035,392,23.09
3780,3781,392,8.24
3237,3137,392,3.4
4786,4787,393,17.79
3073,2974,393,23.93
3330,3231,393,19.42
2759,2660,393,9.67
8233,8234,393,6.61
4387,4388,393,10.7
4588,4589,393,18.69
4886,4787,393,8.92
3331,3231,393,4.75
8424,8525,393,2.45
6493,6394,393,7.71
7387,7388,394,16.92
5488,5489,394,12.79
6190,6191,394,13.06
2649,2549,394,8.84
8466,8467,394,6.81
7196,7097,394,9.29
8565,8566,394,6.6
7487,7388,394,8.57
5588,5489,394,8.26
6994,6995,394,5.62
6389,6390,394,7.35
2650,2549,394,6.78
8417,8518,394,4.02
7875,7876,394,5.37
4187,4088,394,8.4
6490,6391,394,6.83
3624,3525,394,3.98
8653,8754,394,2.38
3135,3036,394,23.87
7489,7490,395,32.81
5090,5091,395,17.99
7198,7199,395,17.38
4888,4889,395,17.4
5191,5192,395,14.52
5291,5292,395,11.78
4687,4688,395,16.92
5988,5989,395,10.62
8511,8612,395,13.53
8431,8432,395,6.87
3984,3885,395,8.29
2360,2361,395,30.6
8543,8644,395,2.45
8414,8515,395,4.21
2460,2461,396,30.73
2359,2260,396,18.27
2558,2559,396,13.58
2259,2260,396,25.47
5987,5888,396,7.71
8173,8174,396,8.87
7676,7677,396,5.65
8427,8528,396,2.36
8655,8756,396,2.39
8649,8750,396,13.27
3380,3381,396,11.36
2974,2975,397,31.03
5590,5591,397,15.29
3585,3586,397,19.02
3074,2975,397,18.5
5389,5390,397,12.34
3686,3687,397,10.23
8510,8611,397,12.96
5690,5691,397,14.77
3685,3586,397,9.19
7294,7295,397,8.67
4189,4190,397,15.18
6189,6090,397,7.63
2257,2158,397,15.55
6903,6802,397,4.46
8512,8513,397,11.6
3136,3037,397,24.7
2351,2252,397,23.77
8369,8370,397,8.12
7908,7807,397,1.93
7587,7588,398,15.21
3278,3279,398,12.3
8752,8753,398,6.68
8133,8134,398,8.41
3882,3783,398,8.51
4289,4290,398,9.32
6004,6005,398,7.56
8423,8524,398,4.38
2663,2564,398,20.59
8410,8509,398,5.79
4487,4488,398,5.01
3583,3484,398,7.62
6495,6496,398,7.9
6104,6005,398,4.31
4515,4415,398,1.95
3621,3520,398,5.98
3075,3076,399,14.65
2648,2548,399,12.98
8271,8272,399,8.71
2845,2745,399,8.35
4887,4788,399,8.97
7197,7098,399,9.28
5088,4989,399,8.79
2842,2743,399,21.71
2843,2844,399,5.68
4589,4590,399,18.24
5787,5788,399,6.44
7973,7974,399,8.16
3379,3280,399,7.29
2361,2362,399,27.51
4787,4788,399,18.65
8612,8613,399,28.43
3881,3782,399,7.74
2761,2662,399,9.14
8649,8749,399,7.27
3037,3038,400,33.51
3231,3132,400,20.39
7489,7390,400,17.09
6290,6291,400,9.15
3072,2973,400,10.45
2260,2261,400,26
5089,4990,400,8.78
3277,3178,400,7.77
3070,3071,400,4.62
3232,3132,400,4.71
2968,2869,400,6.44
8418,8519,400,4.07
7103,7202,400,4.02
6794,6795,400,9.64
2461,2462,400,27.71
2258,2159,400,13.45
2351,2251,400,11.42
3133,3034,400,9.86
3137,3038,400,19.01
3039,2940,400,9.51
5091,5092,401,17.61
7388,7389,401,15.67
4688,4689,401,19.27
7393,7394,401,8.36
3687,3688,401,32.01
8510,8610,401,6.98
7683,7684,401,5.89
5589,5490,401,8.14
4188,4089,401,8.64
2760,2661,401,9.55
7391,7492,401,14.46
7204,7304,401,1.99
3985,3886,401,5.99
2451,2350,401,8.01
2743,2744,402,34.65
5292,5293,402,14.6
6394,6395,402,11.91
5508,5409,402,9.36
3526,3527,402,6.22
2747,2647,402,5.57
7095,6996,402,7.66
3584,3485,402,9.14
2356,2256,402,4.46
5607,5507,402,3.91
8562,8663,402,2.35
5707,5706,402,1.9
5807,5806,402,1.73
8440,8541,402,2.23
2352,2353,402,8.52
3586,3587,403,18.7
2974,2875,403,15.07
3687,3588,403,24.68
2559,2560,403,15.11
6596,6597,403,7.29
3429,3329,403,3.94
4588,4489,403,9.04
6191,6192,403,11.66
2867,2868,403,6.03
7584,7685,403,4.15
3582,3483,403,6.52
7391,7491,403,8.74
5411,5310,403,2.51
7492,7493,404,34.52
2159,2160,404,27.51
5192,5193,404,12.48
6895,6896,404,8.41
3883,3784,404,8.59
6103,6102,404,3.89
7680,7781,404,4.46
8074,8075,404,8.5
8419,8520,404,4.16
3783,3784,404,16.97
7098,7099,405,17.91
7588,7589,405,15.24
3037,2938,405,18.13
5691,5692,405,13.41
5888,5889,405,11.85
5989,5990,405,10.61
2564,2465,405,20.59
4190,4191,405,13.14
8234,8235,405,8.47
7096,6997,405,9.28
5090,4991,405,8.9
6392,6293,405,8.54
3481,3482,405,5.56
8409,8408,405,4.84
6190,6091,405,7.63
4788,4789,405,18.86
4590,4591,405,17.52
7776,7777,405,5.99
8654,8755,405,2.39
8656,8757,405,2.37
8428,8529,405,2.36
3688,3689,405,31.88
6393,6294,405,8.66
5014,4914,405,1.18
3034,2935,406,24.59
2548,2449,406,21.8
2745,2646,406,23.51
2251,2152,406,24.7
8513,8514,406,12.35
5591,5592,406,11.86
2743,2644,406,21.38
6603,6503,406,7.29
7295,7296,406,11.38
8612,8713,406,13.07
8545,8645,406,1.27
8544,8645,406,2.08
4689,4690,407,17.85
2973,2874,407,21.94
2548,2448,407,12.92
3076,3077,407,12.54
5390,5391,407,10.74
2975,2976,407,10.9
8566,8567,407,8.13
7685,7686,407,31.97
8333,8334,407,6.7
3585,3486,407,9.11
3986,3987,407,5.81
3588,3589,407,27.45
2767,2768,407,5.88
6103,6002,407,5.01
8420,8521,407,4.35
2361,2262,407,12.17
8138,8238,407,1.27
3380,3281,407,7.09
2462,2463,407,15.14
4319,4218,407,0.18
2744,2645,408,24.6
5092,5093,408,14.43
3178,3179,408,13.21
2745,2645,408,11.7
3381,3382,408,8.7
4889,4890,408,7.8
7199,7200,408,7.89
3884,3785,408,8.87
2648,2547,408,8.55
5590,5491,408,8.25
2969,2870,408,7.74
8409,8308,408,6.14
2869,2870,408,13.18
2158,2059,408,13.13
4189,4090,408,8.22
8174,8175,408,8.61
5193,5194,408,26.43
8611,8712,408,13.07
2160,2161,408,30.09
7589,7590,409,31.41
4489,4490,409,17.38
5293,5294,409,15.48
3330,3230,409,4.34
3588,3489,409,23.77
8467,8468,409,6.92
4589,4490,409,8.95
8749,8850,409,14.79
2660,2561,409,9.22
6597,6598,409,18.78
5707,5606,409,2.38
6802,6702,409,8.5
8370,8371,409,8.41
6896,6897,410,19.94
8432,8433,410,6.86
2152,2153,410,30.25
7097,6998,410,9.26
8134,8135,410,8.56
2941,2841,410,4.5
6004,5905,410,5.64
8713,8714,410,28.65
8423,8523,410,2.26
8749,8849,410,9.36
2252,2253,410,8.21
6006,5905,410,2.81
6495,6396,410,5.79
2938,2939,410,22.8
2059,2060,411,33.53
7686,7687,411,28.91
4991,4992,411,16.69
7296,7297,411,20.02
4591,4592,411,17.99
2256,2157,411,17.11
8272,8273,411,8.81
2970,2971,411,4.59
3687,3788,411,10.78
2842,2742,411,5.42
4789,4790,411,17.65
2463,2464,411,31.68
7808,7707,411,1.86
2161,2162,412,30.33
2251,2151,412,8.79
7974,7975,412,8.32
2152,2053,412,24.64
3521,3422,412,5.12
3588,3488,412,11.43
8421,8522,412,4.33
2565,2566,412,4.11
8713,8614,412,24.23
2663,2563,412,4.85
8611,8711,412,7.09
2362,2363,412,8.34
2351,2250,412,6.84
5194,5195,412,28.48
8649,8748,412,5.39
4690,4691,413,17.12
6002,5903,413,24.71
2644,2545,413,22.61
5592,5593,413,15.6
2976,2977,413,18.6
3034,2934,413,8.33
3586,3487,413,9.04
4290,4291,413,7.02
6394,6295,413,7.27
5692,5693,413,13.21
6695,6696,413,3.48
8409,8508,413,5
3486,3487,413,19.52
7406,7506,413,1.99
7876,7877,413,5.41
6294,6295,413,14.07
2060,2061,414,33.51
3785,3786,414,17.64
2059,1960,414,24.1
2448,2349,414,22.21
2935,2936,414,13.39
2153,2154,414,33.17
5889,5890,414,11.67
7491,7592,414,14.1
5990,5991,414,11.97
3177,3078,414,6.46
8510,8609,414,5.14
6103,6202,414,4.03
2666,2667,414,4.68
6191,6092,414,7.19
2160,2061,414,14.19
2053,2054,415,34.6
4490,4491,415,17.19
2448,2348,415,12.69
2644,2544,415,12.43
7099,7100,415,10.85
8663,8664,415,8.23
7394,7395,415,7.17
7098,6999,415,8.88
3231,3131,415,4.75
2875,2876,415,8.45
6596,6497,415,5.52
5093,5094,415,14.82
3179,3180,415,14.44
6598,6599,415,19.27
3484,3385,415,8.71
3132,3033,415,10.03
8429,8530,415,2.36
4087,3988,415,5.41
3529,3428,415,2.38
6496,6497,415,6.11
8657,8758,415,2.37
2971,2972,416,23.02
2561,2562,416,14.68
4992,4993,416,22.29
6897,6898,416,19.94
7491,7591,416,8.22
2548,2447,416,8.47
5888,5789,416,7.25
3689,3690,416,9.77
4190,4091,416,7.65
6895,6796,416,6
2363,2364,416,30.7
3687,3787,416,5.29
5508,5408,416,3.41
7681,7782,416,3.58
8658,8759,416,2.38
2463,2364,416,15.73
7592,7593,417,34.51
2545,2546,417,28.1
2060,1961,417,24.12
7297,7298,417,19.99
4592,4593,417,18.52
5294,5295,417,13.81
5391,5392,417,10.21
4191,4192,417,8.35
4990,4891,417,8.63
8235,8236,417,8.35
5591,5492,417,7.25
2152,2052,417,9.88
7102,7101,417,3.72
6391,6292,417,6.41
7002,7001,417,3.36
8075,8076,417,8.16
7682,7783,417,3.74
8713,8814,417,12.96
3489,3490,417,13.08
4614,4514,417,1.9
8108,8207,417,1.58
2154,2155,417,34.65
2742,2643,418,20.33
2054,2055,418,34.66
6002,5902,418,9.48
2161,2062,418,14.4
6192,6193,418,6.75
3485,3386,418,9.11
7493,7494,418,7.23
8516,8617,418,4.12
3522,3423,418,3.75
5094,5095,419,28.2
2545,2446,419,24.03
4691,4692,419,17.54
2053,1954,419,22.32
4790,4791,419,13.08
7687,7688,419,13.82
8712,8813,419,12.87
3281,3282,419,9.07
2768,2769,419,8.66
2973,2873,419,5.56
3178,3079,419,7.67
4488,4389,419,6.98
6902,6901,419,3.47
3986,3887,419,4.8
2262,2263,419,8.8
2767,2668,419,4.84
2869,2770,419,7.66
5593,5594,419,19.57
8749,8848,419,7.29
8542,8643,419,2.36
6597,6498,419,9.06
2464,2365,419,19.33
5693,5694,419,18.82
3280,3181,419,7.23
5194,5095,419,12.88
7306,7405,419,1.47
7593,7594,420,33.34
8849,8950,420,14.8
8567,8568,420,7.87
4489,4390,420,8.76
7684,7785,420,7.77
6896,6797,420,9.27
8175,8176,420,8.42
4088,3989,420,5.57
6304,6403,420,1.86
2157,2058,420,17.06
2155,2156,420,34.37
2936,2937,421,10.23
6696,6697,421,8.64
8849,8949,421,15.08
6599,6600,421,9.41
3523,3424,421,0.49
8614,8615,421,9.89
8564,8665,421,7.92
2876,2877,421,9.4
8646,8747,421,7.91
6295,6296,422,8.31
8371,8372,422,4.49
8712,8812,422,10.85
2935,2836,422,2.99
2153,2254,422,34.49
6703,6602,422,2.75
4491,4492,422,9.32
8517,8618,422,14.16
8430,8531,422,8.16
8659,8760,422,7.84
3688,3789,422,33.9
2938,2839,422,1.62
2055,2056,422,21.94
7591,7692,423,34.6
2348,2249,423,9.07
6396,6397,423,6.97
8334,8335,423,5.85
7589,7690,423,29.21
3520,3421,423,0.79
8515,8616,423,13.59
1954,1955,423,24.72
7685,7786,423,29.19
8518,8619,423,13.91
6902,6801,423,2.71
7680,7780,423,3.88
8136,8237,423,8.36
8468,8469,423,4.05
2154,2255,423,34.01
7593,7694,424,31.99
5991,5992,424,7.91
7592,7693,424,33.88
2059,1959,424,3.74
7686,7787,424,26.5
7198,7299,424,19.08
7777,7778,424,4.05
8173,8274,424,7.39
8439,8540,424,8.06
8611,8710,424,5.39
8007,8006,424,1.35
6999,7000,425,8.4
2545,2445,425,4.6
7395,7396,425,8.28
6898,6899,425,8.84
5890,5891,425,7.67
8519,8620,425,13.84
7202,7303,425,14.22
6003,5904,425,1.81
7785,7886,425,29.35
5211,5111,425,1.15
8526,8627,425,8.34
6597,6698,425,20.68
3787,3888,425,28.35
8660,8761,425,8.04
5392,5393,426,8.56
5492,5493,426,8.31
6092,6093,426,6.86
7297,7398,426,20.87
4592,4693,426,20.57
8433,8434,426,5.9
2162,2163,426,6.73
7296,7397,426,20.86
8520,8621,426,13.35
7588,7689,426,17.26
7683,7784,426,9.03
5689,5790,426,11.06
8431,8532,426,8.27
8565,8666,426,8
8714,8715,426,3.71
6598,6699,426,20.83
4993,4994,426,7.47
4691,4792,427,20.01
8850,8851,427,5.52
8849,8948,427,10.74
8521,8622,427,12.88
3386,3387,427,9.41
5293,5394,427,15.19
7102,7201,427,4.18
4593,4594,427,8.88
5690,5791,427,11.08
8661,8762,427,8.3
8752,8853,427,7.82
6599,6700,427,20.88
2465,2466,427,5.45
2056,2057,427,23.93
1955,1956,428,24.5
7690,7791,428,33.05
7780,7881,428,32.85
6697,6798,428,20.77
4692,4793,428,17.64
5594,5695,428,18.33
7687,7788,428,16.61
8523,8624,428,13.78
5694,5795,428,18.4
2448,2347,428,4.97
2644,2543,428,3.99
4991,4892,428,1.76
7506,7607,428,14.27
7199,7300,428,10.76
4593,4694,428,17.92
7298,7399,428,18.5
8527,8628,428,8.43
7507,7607,428,3.73
2977,2978,428,6.5
3489,3590,428,15.87
7875,7976,428,6.16
5693,5794,428,16.88
3589,3590,428,5.02
3490,3491,428,8.48
7693,7794,429,33.13
7690,7691,429,17.41
7786,7887,429,26.72
7688,7789,429,16.82
5594,5595,429,8.97
8522,8623,429,13.42
5294,5395,429,12.97
7395,7496,429,15.41
4415,4316,429,2.21
6498,6499,429,9.41
2363,2264,429,2.8
5195,5196,429,4.99
3490,3591,429,16.19
7886,7987,430,34.25
2348,2248,430,4.99
4192,4193,430,7.45
7394,7495,430,10.2
7694,7795,430,26.83
5691,5792,430,9.84
8432,8533,430,8.28
8662,8763,430,8.27
8525,8626,430,8
8754,8855,430,8.05
8751,8852,430,7.52
8617,8718,430,14.18
7594,7695,431,13.51
1960,1861,431,4.14
4291,4292,431,5.68
3382,3383,431,4.99
4192,4293,431,12.47
8272,8373,431,7.89
8524,8625,431,8.17
8528,8629,431,8.33
8644,8745,431,8.03
8756,8857,431,7.92
4615,4714,431,0.55
2839,2840,431,11.35
4792,4893,432,33.98
6698,6799,432,20.69
2836,2837,432,10.5
8615,8716,432,13.4
7201,7302,432,33.34
4091,4092,432,5.53
7396,7497,432,20.89
3690,3691,432,5.2
8753,8854,432,7.91
5692,5793,432,9.69
2566,2567,432,5.71
3079,3080,432,7.47
2052,1953,432,6.25
8369,8470,432,7.34
5311,5210,432,1.11
8646,8746,432,2.31
4793,4794,433,23.91
7791,7892,433,33.19
7791,7792,433,24.32
7881,7982,433,30.46
8948,9049,433,24.65
4492,4493,433,9.39
2877,2878,433,9.05
7594,7595,433,7.76
4390,4391,433,7.74
7397,7498,433,20.85
7494,7595,433,11.16
6002,6001,433,3.84
8529,8630,433,8.25
5295,5296,433,5.83
2251,2150,433,3.58
8618,8719,433,13.78
6603,6502,433,2.82
8616,8717,433,14.16
8174,8275,433,6.96
6802,6701,433,2.9
6294,6195,433,1.76
1956,1957,433,24.15
7789,7890,434,31.54
7887,7988,434,34.3
4793,4894,434,27.8
8948,9048,434,14.52
7787,7888,434,15.15
3989,3990,434,7.18
7783,7884,434,9.85
8619,8720,434,13.73
2668,2669,434,7.02
6193,6194,434,6.67
8334,8435,434,8.04
8757,8858,434,7.96
6699,6800,434,18.45
8566,8667,434,7.49
1954,1855,434,9
7678,7779,434,6.32
8755,8856,434,7.96
8370,8471,434,7.58
7881,7882,435,14.52
5393,5494,435,16.58
7398,7499,435,16.8
7303,7404,435,14.88
7794,7895,435,25.13
6296,6297,435,8.18
8273,8374,435,7.69
8433,8534,435,8.16
8541,8642,435,7.45
8663,8764,435,7.56
8710,8811,435,13.25
7987,8088,435,30.06
3483,3384,435,1.76
7877,7878,435,4.2
7876,7977,435,6.15
7789,7790,436,15.58
7496,7597,436,20.9
5794,5895,436,17.79
5695,5796,436,18
7689,7790,436,14.15
8620,8721,436,13.74
3181,3182,436,5.73
8530,8631,436,8.21
8850,8951,436,7.29
8371,8472,436,7.75
1861,1962,436,33.89
8007,7906,436,1.3
5795,5896,437,17.5
8621,8722,437,13.25
1955,1856,437,10.27
6397,6398,437,7.47
2062,2063,437,5.59
8664,8765,437,7.81
8758,8859,437,7.93
4291,4392,437,7.66
6899,6900,437,8.62
5394,5495,437,15.04
4193,4294,437,20.83
6002,6101,437,5.35
8567,8668,437,7.39
5295,5396,437,8
8813,8914,437,8.48
8235,8336,437,7.12
8715,8816,437,13.65
1861,1862,437,18.8
8468,8569,437,7.37
3491,3592,437,16.78
7982,8083,438,30.52
7792,7893,438,34.61
7792,7793,438,21.01
7495,7596,438,18.96
7795,7896,438,18.25
7788,7889,438,14.36
4293,4394,438,20.9
4292,4393,438,20.31
5992,5993,438,7.48
7201,7301,438,9.54
7300,7400,438,10.44
2365,2366,438,5.58
8622,8723,438,13.61
5595,5696,438,17.38
7892,7993,438,32.05
7892,7893,438,24.68
8175,8276,438,6.75
3689,3790,438,6.14
8759,8860,438,7.58
7890,7991,439,33.77
7890,7891,439,23.91
7884,7985,439,31.65
7884,7885,439,24.72
4894,4895,439,22.96
7888,7989,439,34.47
1957,1958,439,19
7498,7599,439,23.92
7791,7891,439,9.71
7497,7598,439,20.88
8950,9051,439,7.53
3282,3283,439,5.03
3387,3388,439,8.73
8643,8744,439,7.59
4594,4695,439,12.77
7695,7796,439,18.92
2152,2051,439,3.48
1954,1854,439,4.95
8812,8913,439,8.79
8714,8815,439,7.05
8439,8539,439,2.31
4894,4995,440,25.79
7882,7983,440,29.9
7982,7983,440,14.58
7499,7600,440,34.66
7499,7500,440,21.5
8623,8724,440,13.85
5891,5892,440,7.14
8531,8632,440,8.16
8665,8766,440,7.83
6202,6302,440,4.59
8814,8915,440,6.94
6002,5901,440,3.71
8237,8338,440,8.43
6499,6500,440,9.41
8236,8337,440,6.88
8760,8861,440,8.05
8568,8669,440,7.35
3491,3492,440,8.62
8335,8436,441,8.16
8372,8473,441,7.5
8718,8819,441,13.81
5595,5596,441,8.76
4594,4595,441,7.54
4193,4194,441,9.4
8949,9050,441,7.24
3690,3791,441,6.61
5395,5496,441,12.41
7877,7978,441,6.13
7302,7403,442,14.36
8948,8947,442,6.78
8627,8728,442,8.47
8609,8709,442,3.96
8508,8608,442,3.96
8540,8641,442,8.02
3888,3889,442,6.05
8716,8817,442,14.25
8761,8862,442,8.44
5409,5309,442,1.52
7597,7698,443,20.87
7882,7883,443,14.02
6093,6094,443,5.96
7886,7986,443,5.76
8274,8375,443,7.48
8469,8570,443,7.33
5095,5096,443,4.12
8717,8818,443,14.22
8176,8277,443,6.41
7892,7992,443,10.75
7301,7402,443,32.32
7506,7606,443,3.76
2875,2776,443,1.76
8076,8177,443,6.17
2163,2164,443,6.22
8007,8106,443,1.89
7993,8094,444,26.81
7884,7984,444,11.06
2543,2444,444,9.02
8948,9047,444,8.84
7991,8092,444,31.5
8532,8633,444,8.22
8666,8767,444,7.93
8434,8535,444,8.06
2934,2835,444,3.17
2742,2642,444,2.43
2841,2741,444,2.26
8719,8820,444,13.83
3329,3229,444,1.6
3034,2933,444,2.22
4493,4494,444,9.31
8762,8863,444,8.42
7983,8084,445,31.8
7596,7697,445,20.83
7896,7997,445,22.99
5796,5897,445,16.97
8628,8729,445,8.39
8851,8952,445,7.99
7780,7880,445,4.64
8720,8821,445,14.04
8207,8307,445,3.89
7695,7696,445,7.47
2445,2346,445,7.39
2870,2871,445,1.82
2466,2467,445,5.65
8853,8954,445,8.11
2052,1952,445,3.23
6195,6196,445,8.81
5896,5997,446,16.73
5895,5996,446,15.1
7404,7505,446,13.65
8811,8912,446,13.84
7890,7990,446,9.04
4894,4795,446,12.18
8624,8725,446,8.27
2978,2979,446,5.74
7405,7505,446,3.85
2264,2265,446,5.94
1856,1857,446,11.39
7993,7994,447,11.69
3080,3081,447,6.71
2669,2670,447,8.3
7778,7879,447,6.19
3591,3692,447,8.21
8721,8822,447,13.65
8076,8077,447,2.96
5696,5797,447,16.81
7598,7699,448,16.81
6398,6399,448,9.41
8722,8823,448,13.24
6297,6298,448,8.22
8816,8917,448,14.07
5793,5894,448,9.39
8914,9015,448,13.56
7992,8093,448,34.14
8533,8634,448,8.13
8626,8727,448,8.32
8855,8956,448,7.9
7991,8091,448,11.18
8852,8953,448,8.09
7301,7401,448,10.52
5507,5407,448,1.41
7984,8085,449,33.49
8092,8193,449,32.5
3492,3593,449,17.06
8723,8824,449,13.44
7896,7897,449,9.41
2567,2568,449,5.93
8629,8730,449,8.22
2543,2443,449,4.96
8948,8847,449,6.59
8857,8958,449,7.93
4294,4395,449,12.68
2348,2247,449,3.88
3990,3991,449,7.06
8763,8864,449,7.58
8745,8846,449,7.9
7880,7981,450,33
4194,4295,450,16.38
4394,4495,450,12.11
8854,8955,450,8.04
8373,8474,450,7.72
8815,8916,450,13.85
8913,9014,450,13.41
8710,8810,450,3.96
5696,5697,450,8.63
8630,8731,451,8.17
8470,8571,451,7.45
4092,4093,451,5.41
8084,8185,451,27.94
8625,8726,451,7.36
2445,2345,451,3.9
3132,3032,451,1.32
8094,8195,452,18.87
7403,7504,452,14.22
8819,8920,452,14.04
3492,3493,452,8.69
7793,7894,452,10.27
6101,6201,452,6.83
8435,8536,452,7.99
2878,2879,452,5.49
5196,5197,452,4.53
8858,8959,452,8.05
9049,9150,452,7.78
3691,3792,452,7.41
8667,8768,452,8.02
7699,7800,453,28.33
7699,7700,453,24.12
7402,7503,453,14.44
4194,4195,453,8.53
8091,8192,453,34.63
8817,8918,453,14.02
8534,8635,453,7.99
8374,8475,453,8.03
3592,3693,453,8.87
7895,7996,453,7.86
9048,9149,453,7.52
8275,8376,453,7.18
8642,8743,453,7.9
3388,3389,453,7.27
3789,3890,453,4.7
8764,8865,453,7.94
6701,6601,453,5.12
4595,4696,453,12.53
3230,3130,453,1.72
5606,5506,453,1.72
6702,6601,453,2.89
8856,8957,453,7.75
3489,3390,453,1.76
5607,5506,453,1.21
7907,7806,453,1.27
7697,7798,454,17.39
8820,8921,454,14.27
8818,8919,454,13.99
5901,5802,454,10.57
5993,5994,454,6.37
8631,8732,454,8.07
8471,8572,454,7.41
2543,2542,454,3.99
5897,5998,454,16.25
7698,7799,455,12.22
2776,2777,455,9.08
7981,8082,455,31.94
4895,4996,455,8.93
8668,8769,455,8.16
2063,2064,455,5.58
3182,3183,455,5.5
8951,9052,455,7.82
8336,8437,455,8.19
4595,4596,455,7.47
4218,4119,455,2.48
5596,5597,455,7.52
8859,8960,455,7.92
8093,8194,456,20.1
2670,2771,456,15.75
5892,5893,456,6.49
4895,4896,456,6.21
8765,8866,456,7.74
8472,8573,456,7.39
5396,5397,456,5.37
5196,5297,456,5.32
2366,2367,456,5.59
2873,2774,456,3.38
1954,1853,456,3.84
8821,8922,456,13.85
2248,2149,456,5.65
5797,5898,456,16
8195,8296,457,30.65
8193,8294,457,18.28
8912,9013,457,13.79
6094,6095,457,7.18
5901,5801,457,6.11
8669,8670,457,5.92
6302,6402,457,6.15
8539,8640,457,8.13
8569,8670,457,7.29
8915,9016,457,8.64
7988,8089,457,6.29
8860,8961,457,7.57
5496,5497,457,6.42
2874,2775,457,1.77
8744,8845,457,7.92
6196,6197,457,8.87
7996,8097,458,31.58
8094,8095,458,7.45
8724,8825,458,8.27
8669,8770,458,8.21
8632,8733,458,8.15
8337,8438,458,8.24
8861,8962,458,8.27
7977,8078,458,6.16
8088,8189,458,6.19
2971,2872,458,1.53
8192,8293,459,26.68
8195,8196,459,14.7
8823,8924,459,13.24
9015,9116,459,13.07
6298,6299,459,9.4
6399,6400,459,9.4
7401,7502,459,13.57
2670,2671,459,8.37
8276,8377,459,6.78
1862,1863,459,4.75
1962,1963,459,4.53
8436,8537,459,8
7894,7995,459,20.97
7878,7979,459,6.09
3283,3284,459,5.04
8766,8867,459,7.86
7987,8087,459,3.56
7798,7899,459,30.2
8107,8206,459,1.87
5797,5798,459,8.43
7799,7900,460,34.17
8082,8183,460,29.28
8728,8829,460,8.03
8473,8574,460,7.83
4395,4496,460,13.26
8862,8963,460,8.31
3424,3425,460,2.6
1960,1860,460,2.06
2979,2980,460,7.24
9050,9151,460,7.86
8641,8742,460,8.01
8194,8295,461,34.37
3493,3594,461,17.12
4295,4396,461,13.92
8810,8911,461,13.43
8916,9017,461,13.45
2164,2165,461,5.83
9014,9115,461,13.44
8294,8395,462,33.72
8089,8190,462,34.38
7996,8096,462,11.12
8920,9021,462,14.26
8767,8868,462,7.94
8535,8636,462,7.91
8633,8734,462,8.11
9047,9148,462,7.94
8570,8671,462,7.47
8375,8476,462,7.65
8091,8191,462,7.29
7985,8086,462,6.25
7989,8090,462,6.31
4415,4315,462,1.42
4515,4414,462,1.43
5997,6098,462,9.13
8918,9019,463,14.2
7504,7605,463,13.73
6201,6301,463,9.42
8296,8397,463,24.6
5697,5698,463,7.9
4295,4296,463,7.88
3081,3082,463,6.43
8729,8830,463,8.01
4093,4094,463,8.92
8954,9055,463,7.97
5096,5097,463,5.12
8863,8964,463,7.68
8952,9053,463,7.92
7798,7898,463,12.08
3429,3328,463,1.34
2467,2468,463,5.83
7899,8000,464,34.09
8097,8198,464,27.12
8919,9020,464,14.46
7503,7604,464,13.9
3493,3494,464,8.7
3593,3694,464,9.95
2265,2266,464,5.71
7696,7797,464,7.86
2568,2569,464,6.79
7978,8079,464,6.25
3692,3793,464,8.53
8293,8394,464,30.57
8917,9018,465,8.61
2543,2442,465,3.85
3991,3992,465,6.38
2248,2148,465,2.88
8911,9012,466,32.94
8183,8284,466,24.55
8196,8297,466,22.4
5898,5999,466,14.96
7897,7998,466,8.47
8953,9054,466,7.92
5894,5995,466,8.14
8634,8735,466,7.99
8725,8826,466,7.38
8727,8828,466,8.15
8277,8378,466,6.31
2777,2778,466,9.4
9051,9152,466,5.38
4195,4196,466,7.9
8824,8925,466,8.39
2934,2834,466,1.7
1861,1762,466,4.11
8096,8197,467,32.05
8097,8098,467,11.9
8191,8292,467,33.7
3390,3391,467,7.68
8190,8291,467,34.42
8730,8831,467,7.98
8864,8965,467,8.1
8956,9057,467,7.83
4795,4796,467,5
7880,7980,467,4.72
8822,8923,467,7.22
3790,3891,467,5.02
1957,1858,467,4.18
8177,8278,467,6.12
8177,8178,467,4.22
8922,8923,467,9.67
2149,2050,467,13.05
5706,5705,467,1.41
2444,2344,467,4.53
4614,4613,467,1.22
8958,9059,467,7.96
2671,2772,468,16.41
9013,9114,468,13.45
9016,9117,468,13.22
8955,9056,468,7.91
8474,8575,468,8.14
8709,8809,468,3.96
3693,3794,468,9.95
8608,8708,468,3.99
8922,9023,468,12.85
5806,5805,468,1.39
2149,2049,468,8.65
8397,8498,468,29.01
7898,7999,468,32.71
7502,7603,469,14.6
5898,5899,469,8.16
8731,8832,469,7.94
6197,6198,469,8.85
8083,8184,469,4.57
9150,9251,469,8.46
5996,6097,469,6.3
4596,4697,469,10.7
8395,8496,469,21.81
6299,6300,470,9.38
6095,6096,470,7.89
8536,8637,470,7.95
2879,2880,470,5.75
8768,8869,470,8.15
8571,8672,470,7.51
7606,7706,470,3.81
3791,3892,470,4.96
6502,6501,470,2.74
4496,4597,470,14.54
8198,8299,470,27.53
4596,4597,470,6.86
6098,6199,471,16.1
4396,4497,471,14.64
2671,2672,471,8.53
4896,4997,471,9.6
8475,8576,471,7.86
8726,8827,471,7.26
8635,8736,471,7.94
5802,5803,471,6.24
8865,8966,471,8.08
9149,9250,471,8.17
4316,4317,471,2.43
8397,8398,471,13.29
8394,8495,471,23.09
8959,9060,471,7.74
8307,8407,471,3.92
5597,5598,471,6.42
6301,6401,472,11.25
8911,9011,472,9.95
9017,9118,472,14.05
5798,5799,472,7.92
3594,3695,472,14.07
4896,4897,472,6.47
8732,8833,472,7.99
8957,9058,472,7.85
8098,8199,472,29.84
8085,8186,472,6.3
4296,4397,472,15.83
2937,2838,472,2.78
5197,5198,472,5.13
8291,8392,472,28.44
8743,8844,472,7.82
3494,3595,473,16.09
8197,8298,473,26.41
9021,9122,473,13.14
9021,9022,473,9.76
8769,8870,473,8.31
5998,6099,473,7.85
2345,2246,473,6.53
8376,8477,473,7.16
8437,8538,473,8
8292,8393,473,24.51
8496,8597,474,33.11
1858,1859,474,14.51
7604,7705,474,14.35
3284,3285,474,6.9
8572,8673,474,7.44
7401,7501,474,3.9
7981,8081,474,4.21
4094,4095,474,9.34
8960,9061,474,7.6
5197,5298,474,6.45
7999,8100,474,26.78
9052,9153,474,7.86
2064,2065,474,5.53
8395,8396,474,8.8
2367,2368,474,5.74
2052,1951,474,2.47
8496,8497,475,17.51
9018,9119,475,14.71
9020,9121,475,13.81
8770,8771,475,5.92
8845,8946,475,8.06
8573,8674,475,7.57
8866,8967,475,7.72
3792,3893,475,6.35
8098,8099,475,13.97
8961,9062,475,8.28
4296,4297,475,8.39
8640,8741,475,8.05
5497,5498,475,5.69
8398,8499,476,29.47
8495,8596,476,32.18
3494,3495,476,8.45
5698,5699,476,7.71
8770,8871,476,8.22
8733,8834,476,8.14
8810,8910,476,3.92
3385,3286,476,1.74
5397,5398,476,5.23
8924,9025,476,8.52
2149,2048,476,7.12
2980,2981,476,6.51
8392,8493,477,29.97
9012,9113,477,12.94
2569,2570,477,8.3
8537,8638,477,7.98
3694,3795,477,11.76
8962,9063,477,7.49
3183,3184,477,4.71
5606,5605,477,1.37
9151,9252,477,8.6
3082,3083,478,6.71
8742,8843,478,7.91
8867,8968,478,7.86
8829,8930,478,7.97
2873,2773,478,1.67
8825,8926,478,7.35
8199,8300,478,26.56
4614,4713,478,1.69
8398,8399,479,13.66
4196,4197,479,7.9
8393,8494,479,26.12
2165,2166,479,5.66
9115,9216,479,8.14
8574,8675,479,7.63
1863,1864,479,5.05
9114,9215,479,13.25
8190,8290,479,6.03
2778,2779,479,7.91
8963,9064,479,7.85
2468,2469,479,6.51
5903,5804,479,1.77
5408,5308,479,1.47
