1880,1879,2,44.7
1879,1878,5,40.53
1878,1877,8,35.73
1877,1876,11,35.5
1880,1979,13,10.64
1879,1978,14,12.38
1876,1875,15,29.14
1978,1977,17,36.32
1878,1977,17,12.67
1875,1874,19,29.78
1977,1976,20,38.32
1877,1976,20,12.68
1874,1873,23,32.48
1876,1975,23,12.6
1979,2078,25,12.66
1978,2077,26,12.66
1873,1872,27,29.97
1975,1974,27,29.79
1875,1974,27,12.62
2077,2076,29,34.59
1977,2076,29,12.57
1974,1973,30,38.24
1872,1871,31,30.42
2076,2075,32,33.48
1976,2075,32,12.7
1973,1972,33,36.28
1871,1870,34,34.66
1879,1778,34,4.51
1975,2074,35,12.62
1878,1777,35,4.83
1972,1971,36,35.66
1870,1869,37,38.3
2078,2177,37,12.38
2074,2073,38,41.92
2077,2176,38,12.69
1877,1776,38,4.84
1880,1779,38,3.65
1971,1970,39,34.92
1876,1775,39,5.19
1869,1868,40,39.69
2073,2072,41,39.6
2076,2175,41,12.7
1970,1969,42,36.65
1775,1774,42,34.24
1868,1867,43,40.78
2072,2071,44,37.18
2175,2174,44,38.39
2075,2174,44,12.69
1880,1980,44,2.24
1969,1968,45,39.62
1867,1866,46,41.47
1774,1773,46,29.43
2174,2173,47,44.41
2071,2070,47,34.24
2074,2173,47,12.2
1979,2079,47,3.02
1968,1967,48,40.73
1866,1865,49,42.09
2177,2276,49,12.26
2070,2069,50,34
2173,2172,50,42.67
2073,2172,50,12.47
2176,2275,50,12.5
1967,1966,51,41.09
1773,1772,51,22.86
1873,1772,51,5.14
1865,1864,52,42.86
2069,2068,53,39.28
2172,2171,53,38.17
2275,2274,53,42.22
2072,2171,53,12.62
2175,2274,53,12.56
1966,1965,54,42.04
1864,1863,55,43.79
1872,1771,55,5.12
2068,2067,56,40.67
2171,2170,56,34.19
2274,2273,56,44.81
2071,2170,56,12.69
1965,1964,57,42.35
1863,1862,58,44.28
2067,2066,59,41.05
2273,2272,59,43.21
1771,1770,59,31.21
2079,2178,59,12.59
2070,2169,59,12.7
2173,2272,59,12.07
1964,1963,60,42.37
1965,2064,61,76.11
2068,2167,61,75.09
2171,2270,61,72.03
2274,2373,61,74.72
1966,2065,61,75.96
2069,2168,61,74.2
2172,2271,61,75.13
2275,2374,61,76.97
2276,2375,61,67.92
1963,2062,62,75.93
2066,2165,62,75.78
2169,2268,62,72.91
2178,2277,62,67.85
2272,2371,62,75.41
1862,1961,62,75.99
1862,1861,62,7.93
1964,2063,62,75.98
2067,2166,62,75.32
2273,2372,62,76.97
2170,2269,62,70.93
1863,1962,62,76.61
2064,2163,63,75.96
2168,2267,63,75.12
2167,2266,63,75.09
2271,2370,63,73.24
2375,2474,63,76.98
2270,2369,63,71.85
2374,2473,63,74.75
2373,2472,63,77.02
2065,2164,63,76.17
2062,2161,64,76.34
2166,2265,64,75.81
2165,2264,64,76.21
2269,2368,64,71.48
2268,2367,64,74.53
2372,2471,64,75.13
2371,2470,64,74.08
1861,1960,64,84.61
1961,2060,64,74.8
2063,2162,64,76.17
1962,2061,64,75.71
2163,2262,65,76.99
2267,2366,65,75.1
2266,2365,65,75.57
2370,2469,65,72.44
2474,2573,65,75.11
2473,2572,65,76.71
2164,2263,65,76.58
2277,2376,65,58.59
1777,1676,65,2.39
2161,2260,66,74.47
2265,2364,66,76.39
2264,2363,66,76.9
2368,2467,66,73.23
2367,2466,66,74.83
2471,2570,66,75.04
2470,2569,66,71.27
1960,2059,66,86.03
2060,2159,66,87.42
2162,2261,66,76.93
2061,2160,66,75.87
2369,2468,66,69.71
1778,1677,66,2.17
2262,2361,67,75.97
2366,2465,67,75.32
2572,2671,67,73.87
2263,2362,67,76.88
2376,2475,67,72.51
2365,2464,67,76.17
2573,2672,67,76.46
2364,2463,68,76.83
2468,2567,68,71.36
2363,2462,68,75.62
2467,2566,68,74.53
2466,2565,68,75.09
2059,2158,68,87.48
2261,2360,68,75.04
2160,2259,68,74.89
2469,2568,68,67.1
1770,1769,68,8.85
2465,2564,69,75.49
2362,2461,69,76.52
2475,2574,69,77
2464,2563,69,83.33
2260,2359,69,62.01
2570,2669,69,63.98
2569,2668,69,63.75
2159,2258,69,67.2
2463,2562,70,78.94
2567,2666,70,73.84
2462,2561,70,89.72
2566,2665,70,74.52
2565,2664,70,75.03
2158,2257,70,72.62
2360,2459,70,74.43
2361,2460,70,65.83
2671,2770,70,59.62
2564,2663,71,84.34
2461,2560,71,72.11
2574,2673,71,75.53
2563,2662,71,82.15
2359,2458,71,81.89
2258,2357,71,74.45
2568,2667,71,69.51
2259,2358,71,60.25
2562,2661,72,87.64
2666,2765,72,74.53
2561,2660,72,88.32
2665,2764,72,75.12
2664,2763,72,85.18
2257,2356,72,82.65
2459,2558,72,88.06
2460,2559,72,80.98
2668,2767,72,68.78
2669,2768,72,62.85
2663,2762,73,84.34
2560,2659,73,87.71
2673,2772,73,74.79
2662,2761,73,86.5
2458,2557,73,88.32
2357,2456,73,86.71
2667,2766,73,73.62
2358,2457,73,85.18
1776,1675,73,2.44
2661,2760,74,86.98
2765,2864,74,86.75
2660,2759,74,87.42
2764,2863,74,88.14
2763,2862,74,84.62
2356,2455,74,86.08
2558,2657,74,79.95
2559,2658,74,83.32
2767,2866,74,73.32
2762,2861,75,86.48
2659,2758,75,87.11
2772,2871,75,87.81
2761,2860,75,88.35
2557,2656,75,77.67
2456,2555,75,87.82
2766,2865,75,74.43
2457,2556,75,87.72
2768,2867,75,68.37
2672,2771,75,18.48
2079,2179,75,4.34
1980,2080,75,3.9
2760,2859,76,89.2
2864,2963,76,88.17
2863,2962,76,84.49
2862,2961,76,85.52
2455,2554,76,88.13
2657,2756,76,81.9
2658,2757,76,85.36
2866,2965,76,87.47
2759,2858,76,89.41
1775,1674,76,2.52
2656,2755,77,82.81
2555,2654,77,79.45
2867,2966,77,72.76
2865,2964,77,86.78
2179,2278,77,76.33
2556,2655,77,79.74
2572,2571,77,8.38
2758,2857,77,88.12
2861,2960,77,83.38
2860,2959,77,82.8
2963,3062,78,85.01
2858,2957,78,86.4
2554,2653,78,87.94
2965,3064,78,86.46
2756,2855,78,88.27
2757,2856,78,83.7
2770,2869,78,18.31
2671,2670,78,9.6
1861,1860,78,6.6
1869,1768,78,2.06
2859,2958,78,88.61
2961,3060,78,83.96
2962,3061,78,87.82
1880,1780,78,0.76
2755,2854,79,88.31
2654,2753,79,88.21
2966,3065,79,74.64
2964,3063,79,88.16
2655,2754,79,82.53
2857,2956,79,82.53
2960,3059,79,89.22
2959,3058,79,88.72
1960,1959,79,7.01
1774,1673,79,2.65
2957,3056,80,83.7
2653,2752,80,87.48
3064,3163,80,88.1
3061,3160,80,89.64
2958,3057,80,87.04
3060,3159,80,80.25
2278,2377,80,62.84
2059,2058,80,7.65
3062,3161,80,88.49
2856,2955,80,82.56
2753,2852,81,87.51
3065,3164,81,87.64
3063,3162,81,88.48
2754,2853,81,88.16
2956,3055,81,88.37
3059,3158,81,89.64
3058,3157,81,88.47
2869,2968,81,64
2670,2769,81,59.62
3160,3259,82,89.77
2752,2851,82,87.98
3057,3156,82,83.93
3159,3258,82,89.27
3163,3262,82,89.58
2058,2157,82,88.11
2377,2476,82,72.16
3161,3260,82,89.93
3158,3257,83,87.45
3157,3256,83,79.57
2771,2870,83,18.48
2871,2970,83,17.85
3162,3261,83,89.39
2852,2951,83,87.67
3259,3358,84,87.4
3156,3255,84,87.77
3258,3357,84,88.04
3262,3361,84,88.82
2157,2256,84,83.17
2476,2575,84,72.35
2769,2868,84,63.3
2968,3067,84,67.55
2851,2950,84,87.74
3260,3359,84,88.17
1773,1672,84,2.77
3257,3356,85,76.03
3256,3355,85,87.32
2951,3050,85,88.23
3261,3360,85,89.26
2455,2454,85,9.65
3358,3457,86,88.28
3255,3354,86,88
3357,3456,86,75.49
3361,3460,86,86.62
2256,2355,86,83.09
2575,2674,86,77.02
3067,3166,86,88.2
3359,3458,86,85.63
2855,2954,86,18.23
2950,3049,86,86.72
1868,1767,86,2.01
3356,3455,87,76.27
3355,3454,87,88.15
3050,3149,87,85.77
2868,2967,87,67.94
3360,3459,87,86.2
2554,2553,87,9.93
2854,2953,87,18.06
1779,1678,87,1.78
3456,3555,88,77
3460,3559,88,84.76
2674,2773,88,76.01
3166,3265,88,86.81
3457,3556,88,74.98
3056,3155,88,18.19
2955,3054,88,18.19
2653,2652,88,10.45
3458,3557,88,88.36
3455,3554,89,79.6
3454,3553,89,88.14
2967,3066,89,72.33
3164,3263,89,18.32
3055,3154,89,18.11
3459,3558,89,88.03
2853,2952,89,18
3555,3654,90,80.21
3559,3658,90,88.33
2773,2872,90,88.16
3556,3655,90,87.62
2652,2751,90,88.12
3557,3656,90,75.7
3554,3653,91,88.15
3553,3652,91,87.83
3066,3165,91,86.64
3263,3362,91,89.92
2952,3051,91,87.83
2970,3069,91,18.48
2870,2969,91,18.43
3558,3657,91,88.14
3654,3753,92,87.83
3658,3757,92,87.83
2872,2971,92,85.19
3655,3754,92,88.15
2751,2850,92,87.58
3656,3755,92,88
2851,2850,92,10.18
3653,3752,93,87.39
3165,3264,93,87.2
3362,3461,93,86.04
3051,3150,93,88.33
3657,3756,93,87.37
2058,2057,93,8.18
3753,3852,94,86.8
3757,3856,94,87.62
2971,3070,94,83.51
3754,3853,94,87.12
3652,3751,94,67.97
3069,3168,94,64.08
2969,3068,94,63.8
3354,3453,94,18.11
3049,3148,94,18.22
2954,3053,94,18.11
1672,1671,94,10.31
1959,1958,94,6.97
2850,2949,94,88.35
3755,3854,94,87.83
1867,1766,94,1.99
3752,3851,95,86.79
3264,3363,95,89.61
3461,3560,95,85.23
2057,2156,95,88.37
3149,3248,95,17.93
2953,3052,95,18.11
3756,3855,95,87.83
3255,3254,95,9.84
1860,1859,95,6.16
3168,3267,96,87.88
3853,3952,96,86.14
3852,3951,96,87.05
3856,3955,96,87.39
3751,3850,96,88.18
3265,3364,96,18.46
3054,3153,96,18.11
2949,3048,96,88.12
3363,3462,97,89.27
3560,3659,97,88.03
2156,2255,97,84.22
3148,3247,97,58.17
3068,3167,97,67.59
3154,3253,97,18.11
3855,3954,97,87.38
2278,2378,97,5.03
3854,3953,97,67.5
3267,3366,98,87.14
3952,4051,98,87.6
3955,4054,98,87.11
3850,3949,98,84.1
3364,3463,98,89.43
3048,3147,98,78.64
3248,3347,98,57.43
2553,2552,98,9.7
3462,3561,99,84.64
3659,3758,99,88.14
2255,2354,99,85.33
3167,3266,99,85.07
3954,4053,99,86.5
3553,3552,99,10.08
2652,2651,99,9.66
2378,2477,99,74.57
2080,2180,99,4.32
3366,3465,100,87.3
3463,3562,100,87.8
3347,3446,100,74.26
3247,3346,100,58
2751,2750,100,10.35
3953,4052,100,66.58
2179,2279,100,4.07
3266,3365,101,87.19
3561,3660,101,85.17
4054,4153,101,67.05
3949,4048,101,68.81
3147,3246,101,58.08
3150,3249,101,18.48
4053,4152,101,86.5
2477,2576,101,71.79
3562,3661,102,84.92
3446,3545,102,78.94
3346,3445,102,78.63
3465,3564,102,87.59
2750,2849,102,87.91
3552,3651,102,68.34
3053,3152,102,18.11
4052,4151,102,88.14
1866,1765,102,1.96
3365,3464,103,87.68
3660,3759,103,88.36
4153,4252,103,86.79
3249,3348,103,85.39
3949,3948,103,21.61
3048,3047,103,16.15
3851,3950,103,18.13
3052,3151,103,18.01
3254,3353,103,18.11
4152,4251,103,88.36
2576,2675,103,72.68
3661,3760,104,88.27
3545,3644,104,76.2
3445,3544,104,79.99
3564,3663,104,88.6
3651,3750,104,88.35
4048,4147,104,69.7
3246,3345,104,58.7
3951,4050,104,18.14
3850,3849,104,12.95
3153,3252,104,18.11
3070,3169,104,14.45
1671,1670,104,10.06
4151,4250,104,86.82
3464,3563,105,88.56
3348,3447,105,72.67
3151,3250,105,88.32
3950,4049,105,82.91
4251,4350,105,84.93
3253,3352,105,18.06
2057,2056,105,8.82
2675,2774,105,76.92
3544,3643,106,71.82
3663,3762,106,87.81
4147,4246,106,75.34
4050,4149,106,80.28
3948,4047,106,67.43
3047,3146,106,58.09
4048,4047,106,21.12
4051,4150,106,18.02
4250,4349,106,72.09
3563,3662,107,87.05
3447,3546,107,73.87
2056,2155,107,88.03
3345,3444,107,61.17
3169,3268,107,68.52
3758,3857,107,18.02
2354,2453,107,18.32
2774,2873,107,76.41
1958,1957,107,7.92
2949,2948,107,8.19
3643,3742,108,76.13
4150,4249,108,76.29
3762,3861,108,88.04
4246,4345,108,74.68
4047,4146,108,74.75
4049,4148,108,66.23
4350,4449,108,64.72
3948,3947,108,22.35
3662,3761,109,88.25
3444,3543,109,79.06
3546,3645,109,76.86
2155,2254,109,83.96
4149,4248,109,66.73
3146,3245,109,59.39
3268,3367,109,81.36
3849,3848,109,21.12
2552,2551,109,9.32
4349,4448,109,61.74
2873,2972,109,88.24
1865,1764,109,1.94
3742,3841,110,76.24
3861,3960,110,87.83
4345,4444,110,71.54
4146,4245,110,76.84
4148,4247,110,71.47
3947,4046,110,74.11
3152,3251,110,17.97
2651,2650,110,9.21
4349,4348,110,25.27
3761,3860,111,88.25
3543,3642,111,75.16
3367,3466,111,88.4
4449,4548,111,65.72
3759,3858,111,18.02
4252,4351,111,18.25
3353,3452,111,18.06
2750,2749,111,9.97
3552,3551,111,9.01
4448,4547,111,72.78
2972,3071,111,84.72
4245,4344,112,73.96
4247,4346,112,73.38
4046,4145,112,75.78
3251,3350,112,88.32
4248,4347,112,68.79
3245,3344,112,58.82
4350,4450,112,14.41
3760,3859,112,18.06
3252,3351,112,17.97
3348,3448,112,11.13
3841,3940,112,75.52
2749,2848,113,88.34
3466,3565,113,87.79
4548,4647,113,72.17
3642,3741,113,77.69
4444,4543,113,66.84
4348,4447,113,69.56
3250,3349,113,18.46
3352,3451,113,17.93
3644,3743,113,17.19
3750,3749,113,12.13
1859,1858,113,5.6
3856,3956,113,5.54
4145,4244,114,76.38
4347,4446,114,73.52
4346,4445,114,73.77
3351,3450,114,88.36
3940,4039,114,72.99
3848,3847,114,22.35
3947,3946,114,18.69
3444,3443,114,15.91
2948,2947,114,14.31
3047,3046,114,9.68
3651,3650,114,9.08
3071,3170,114,53.41
3955,4055,114,5.69
4447,4546,115,73.8
3565,3664,115,88.32
3451,3550,115,88.34
3741,3840,115,76.83
3743,3842,115,73.9
3448,3547,115,68.79
4450,4549,115,61.74
4444,4443,115,22.66
3543,3542,115,18.11
3447,3547,115,10.66
1670,1669,115,9.31
4344,4443,115,66.97
4446,4545,116,72.74
4445,4544,116,71.05
4055,4154,116,87.12
4543,4642,116,68.2
4046,4045,116,17.76
3550,3649,117,87.96
3542,3641,117,79.48
3664,3763,117,86.12
3547,3646,117,72.99
3046,3145,117,58.91
4039,4138,117,66.8
3642,3641,117,16.69
2254,2353,117,18.48
1957,1956,117,10.7
3146,3145,117,9.61
4344,4343,117,22.6
4244,4343,117,70.38
3840,3939,117,75.75
4545,4644,118,72.58
4642,4741,118,73.86
4045,4144,118,76.1
4549,4648,118,68.74
4543,4542,118,21.94
4145,4144,118,17.43
3960,4059,118,18.02
3645,3744,118,17.28
2056,2055,118,8.1
4443,4542,118,65.37
1864,1763,118,1.9
3649,3748,119,74.98
3641,3740,119,78.76
3939,4038,119,71.47
3763,3862,119,79.21
3145,3244,119,76.47
4544,4643,119,69.07
4154,4253,119,66.12
4039,4038,119,22.68
3749,3748,119,19.29
3741,3740,119,17.17
4450,4550,119,15.73
3860,3959,119,18.02
3858,3957,119,18.02
4153,4253,119,5.84
4244,4243,119,20.75
4741,4840,120,72.19
2055,2154,120,86.78
4648,4747,120,71.97
4138,4237,120,66.01
3847,3846,120,18.43
3859,3958,120,17.97
3350,3449,120,18.42
3448,3548,120,12.69
4547,4646,120,17.14
4443,4442,120,23.44
4542,4641,120,72.37
4343,4442,120,64.7
3841,3941,120,10.04
4138,4137,121,34.37
4045,4044,121,30.11
3542,3541,121,27.06
2650,2649,121,16.13
2551,2550,121,16.31
2848,2847,121,22.4
2378,2478,121,3.61
4343,4342,121,35.53
3840,3839,121,28.26
4550,4649,122,47.01
3862,3961,122,41.33
4643,4742,122,49.28
4253,4352,122,40.35
4741,4740,122,33.05
3649,3648,122,31.34
3641,3640,122,27.06
3939,3938,122,30.38
3145,3144,122,29.9
4039,4139,122,12.12
3344,3343,122,15.38
3940,4040,122,9.71
2749,2748,122,15.2
2477,2577,122,3.79
4542,4541,122,32.66
4144,4143,122,31.74
4840,4839,123,36.05
4237,4336,123,47.57
4237,4236,123,35.62
3548,3647,123,48.66
4038,4037,123,31.65
3748,3747,123,35.3
3740,3739,123,28.04
4243,4242,123,34.53
3550,3549,123,17.57
3046,3045,123,15.42
2947,2946,123,15.43
3443,3442,123,15.42
4647,4746,123,8.18
3743,3843,123,9.92
4442,4441,123,33.54
4342,4341,124,33.63
4840,4939,124,45.99
1956,1955,124,18.64
1669,1668,124,14.69
2279,2379,124,3.61
4641,4640,124,32.28
1673,1572,124,3.57
1863,1762,124,2.36
4742,4841,125,49.67
4649,4748,125,48.68
4139,4238,125,48.28
4137,4136,125,33.12
3541,3540,125,26.98
2154,2253,125,29.11
4138,4238,125,12.8
4545,4645,125,11.09
1858,1857,125,10.84
4351,4451,125,6.66
2847,2846,125,28.88
4740,4739,125,35.93
2576,2676,125,3.71
3839,3838,125,28.03
1779,1679,125,1.17
4044,4043,125,31.34
4236,4335,126,48.72
4236,4235,126,34.76
4336,4435,126,47.71
4336,4335,126,35.56
4441,4540,126,49.66
3640,3639,126,27.5
4541,4540,126,32.45
3961,4060,126,39.95
4143,4142,126,32.75
3938,3937,126,28.35
4550,4650,126,15.33
3244,3243,126,15.43
4839,4838,126,36.06
1674,1573,126,3.22
4341,4440,127,49.59
4640,4639,127,35.81
4939,4938,127,36.09
4242,4241,127,32.98
4037,4036,127,28
3045,3044,127,30.23
3739,3738,127,28.1
4441,4440,127,32.33
4840,4940,127,16.26
4237,4337,127,14.75
2055,2054,127,12.96
3169,3269,127,3.93
2180,2280,127,3.17
4839,4938,127,44.58
1677,1576,127,2.8
1862,1761,127,2.44
4748,4847,128,49.52
4341,4340,128,32.93
4939,5038,128,45.08
2550,2549,128,15.07
4643,4743,128,12.3
2846,2945,128,48.21
4739,4738,128,36.08
1880,1981,128,1.07
1880,1881,128,0.74
4235,4334,129,49.27
4335,4434,129,48.88
4335,4334,129,34.57
4650,4749,129,47.7
4540,4539,129,35.88
4435,4534,129,48.08
4435,4434,129,35.33
3540,3539,129,26.15
4136,4135,129,29.1
3343,3342,129,15.4
2649,2648,129,14.12
2154,2153,129,11.97
2846,2845,129,27.16
4838,4837,129,35.91
1672,1571,129,3.67
3838,3837,129,28.8
4337,4436,130,47.2
4639,4638,130,35.97
4440,4439,130,35.91
4235,4234,130,29.56
3639,3638,130,28.11
4060,4159,130,39.24
4142,4141,130,31.71
3937,3936,130,27.43
4939,5039,130,16.99
4336,4436,130,14.6
4139,4239,130,13.92
2676,2775,130,31.54
4938,4937,130,36.05
4838,4937,130,43.5
1676,1575,130,2.55
4340,4339,131,35.25
4738,4737,131,35.89
4036,4035,131,25.33
3738,3737,131,28.43
4241,4240,131,32.3
1955,1954,131,16.43
1668,1667,131,14.62
5038,5137,131,47.88
5038,5037,131,35.46
4450,4551,131,8.52
4938,5037,131,44.45
1675,1574,131,2.8
4534,4633,132,47.88
4534,4533,132,35.46
4749,4848,132,48.79
4539,4538,132,35.49
4837,4836,132,35.89
4434,4533,132,48.82
4434,4433,132,34.65
4334,4433,132,49.62
2945,2944,132,32.08
4742,4842,132,10.45
2845,2944,132,49.16
2873,2973,132,3.74
4239,4338,133,48.32
4439,4438,133,35.92
4638,4637,133,35.74
4436,4535,133,48.35
3539,3538,133,25.88
2648,2747,133,42.44
4837,4936,133,43.39
4334,4333,133,31.1
4650,4750,133,14.61
4238,4338,133,13.58
4841,4941,133,12.59
5039,5138,133,47.22
2845,2844,133,29.22
3646,3745,133,7.2
3269,3368,133,24.08
4046,3945,133,7.43
4937,4936,133,36.04
3837,3836,133,29.67
4737,4736,134,35.41
4035,4134,134,47.69
4159,4258,134,39.3
3638,3637,134,25.4
3936,3935,134,29.36
2153,2252,134,32.08
2648,2647,134,20.48
4135,4134,134,24.22
4940,5040,134,16.58
4337,4437,134,15.14
5137,5236,134,49.37
4055,4155,134,4.83
5037,5136,134,47.9
5037,5036,134,35.45
4937,5036,134,44.35
4633,4632,135,34.41
4538,4537,135,35.92
4836,4835,135,35.99
4433,4532,135,49.16
4433,4432,135,34.15
4533,4532,135,36.07
4035,4034,135,26.29
4234,4233,135,24.95
3737,3736,135,28.08
2775,2874,135,31
3847,3746,135,7.86
3367,3467,135,3.58
4535,4634,136,47.6
4637,4636,136,35.92
4936,4935,136,35.89
5138,5237,136,49.57
4633,4732,136,39.19
4836,4935,136,46.41
1954,2053,136,33.87
4159,4158,136,18.02
4534,4634,136,14.41
1571,1570,136,15.19
2549,2548,136,13.25
1761,1760,136,11.7
2054,2053,136,11.92
2353,2452,136,5.72
2973,3072,136,35.44
4736,4735,137,35.91
4437,4536,137,47.82
5036,5135,137,48.66
5036,5035,137,34.84
2647,2746,137,49.48
4750,4849,137,46.44
3836,3835,137,30.51
4936,5035,137,46.87
2747,2746,137,28.82
4333,4332,137,28.05
4633,4733,137,20.38
2153,2152,137,13.52
4749,4849,137,13.2
5039,5139,137,15.12
4045,3944,137,7.26
3466,3566,137,3.63
5136,5235,137,49.34
4632,4631,138,35.94
4034,4133,138,49.32
4835,4934,138,47.63
4835,4834,138,35.6
4432,4531,138,49.07
4432,4431,138,34.29
4532,4531,138,35.89
3935,3934,138,31.03
2647,2646,138,30.3
4155,4254,138,41.5
4258,4357,138,40.65
3538,3537,138,21.88
1954,1953,138,14.53
1667,1666,138,14.39
4747,4846,138,8.13
5236,5335,138,43.43
4732,4831,139,48.19
4732,4731,139,35.25
4636,4635,139,35.14
4632,4731,139,43.68
4034,4033,139,29.69
3637,3636,139,23.18
3736,3735,139,29.36
4143,4042,139,8.77
4550,4651,139,7.46
4646,4745,139,7.82
4044,3943,139,7.9
5139,5238,140,49.67
4735,4734,140,33.63
5035,5134,140,49.38
5035,5034,140,33.66
5135,5234,140,49.04
4935,5034,140,46.91
4233,4232,140,24.78
5237,5336,140,42.04
4258,4257,140,19.02
4750,4850,140,15.86
3862,3962,140,4.93
4039,4140,140,5.56
3565,3665,140,3.56
4431,4530,141,49.52
4834,4833,141,36.01
4631,4730,141,49.58
4531,4630,141,47.62
4531,4530,141,35.6
4934,5033,141,48.88
4934,4933,141,34.57
4733,4832,141,42.16
4332,4331,141,28.37
3835,3834,141,29.91
2548,2547,141,20.06
4941,5041,141,13.84
3843,3942,141,7.98
5040,5140,141,15.59
4253,4353,141,4.69
3957,4056,141,5.91
3763,3863,141,4.13
3072,3171,141,34.92
3542,3441,141,5.98
3664,3764,141,3.73
5235,5334,141,45.13
4831,4930,142,48.78
4033,4132,142,49.67
4731,4830,142,49.44
4431,4430,142,33.23
4357,4456,142,42.32
4133,4132,142,27.99
3934,3933,142,30.19
2152,2251,142,34.26
3959,4058,142,5.83
5335,5434,142,42.76
4746,4845,142,7.84
5134,5233,143,48.26
5034,5133,143,49.55
4033,4032,143,32.21
4357,4356,143,20.38
1953,2052,143,30.61
1570,1569,143,15.01
4645,4744,143,8.07
1678,1577,143,2.94
5033,5132,144,48.55
4530,4629,144,49.64
5140,5239,144,49.37
4630,4729,144,48.95
4833,4932,144,48.76
4832,4931,144,49.66
4730,4829,144,48.12
4933,5032,144,49.46
5238,5337,144,42.6
4232,4231,144,28.44
4850,4949,144,46.93
3962,4061,144,42.27
3537,3536,144,16.97
5336,5435,144,41.73
2152,2151,144,14.75
2746,2745,144,15.34
4142,4041,144,8.11
3961,4061,144,4.6
5234,5333,144,46.06
4930,5029,145,48.78
4830,4929,145,48.47
4430,4529,145,49.62
2547,2546,145,29.56
4331,4330,145,29.64
4530,4529,145,32.6
3441,3440,145,27.57
4353,4452,145,38.67
3636,3635,145,17.82
3735,3734,145,18.42
5434,5533,145,47.48
3541,3440,145,5.95
3958,4057,145,5.83
5334,5433,145,45.92
5233,5332,146,47.54
4032,4131,146,48.88
4032,4031,146,34.57
5133,5232,146,48.23
3933,3932,146,27.45
4132,4131,146,32.92
4430,4429,146,32.7
4456,4555,146,43.05
4257,4256,146,19.79
1953,1952,146,12.74
1666,1665,146,13.79
1760,1759,146,10.4
4847,4946,146,8.01
3044,3143,146,7.56
3171,3270,146,34.99
3743,3844,146,4.41
3834,3833,146,22
4932,5031,147,48.47
4729,4828,147,48.47
5132,5231,147,48.47
4629,4728,147,48.6
5032,5131,147,48.4
4829,4928,147,48.46
4931,5030,147,48.47
4356,4455,147,42.06
4456,4455,147,21.02
2251,2350,147,33.5
5435,5534,147,47.25
4850,4950,147,15.41
4650,4751,147,7.01
5333,5432,147,47.72
1980,2081,147,1.36
4529,4628,148,49.44
4929,5028,148,49.05
5029,5128,148,49.47
4629,4628,148,27.9
5239,5338,148,45.19
4231,4230,148,32.49
5337,5436,148,41.73
4061,4160,148,41.31
4356,4355,148,20.16
2478,2578,148,3.74
5232,5331,149,47.59
4031,4130,149,48.35
4031,4030,149,35.13
4131,4130,149,35.56
4429,4528,149,49.6
3440,3439,149,25.83
4330,4329,149,31.11
4529,4528,149,30.12
2745,2744,149,22.77
2151,2250,149,29.65
2251,2250,149,14.32
5041,5141,149,13.91
4728,4827,150,49.05
4950,5049,150,47.28
5131,5230,150,47.69
5031,5130,150,48.36
3932,3931,150,25.35
4429,4428,150,30.96
5332,5431,150,46.84
4555,4654,150,43.55
5534,5633,150,49.19
3536,3535,150,17.91
5140,5240,150,12.08
4828,4927,150,49.26
4848,4947,150,8.06
2944,3043,150,7.98
5533,5632,150,33.42
4841,4942,150,5.82
2844,2943,150,8.67
4928,5027,150,49.6
2577,2677,150,3.6
5433,5532,150,33.79
2552,2451,150,3.1
4628,4727,151,49.1
5436,5535,151,48.64
4728,4727,151,28.93
1952,2051,151,28.29
4555,4554,151,21.48
3635,3634,151,18.42
2052,2051,151,12.82
1569,1568,151,13.88
3734,3733,151,17.82
2253,2352,151,5.61
3270,3369,151,34.9
3846,3845,151,3.23
5432,5531,151,46.38
4030,4129,152,49.5
4130,4229,152,47.9
4130,4129,152,35.45
4528,4627,152,49.28
2744,2843,152,49.29
4160,4259,152,39.05
4628,4627,152,29.05
4355,4454,152,43.15
4230,4229,152,33.25
2350,2449,152,31.78
5231,5330,152,30.56
5030,5129,152,29.84
5338,5437,152,44.52
4256,4255,152,19.76
4750,4851,152,7.81
2379,2479,152,3.69
4428,4527,153,48.98
5049,5148,153,49.34
5049,5048,153,33.77
4030,4029,153,33.3
4329,4328,153,29.67
4528,4527,153,29.58
2744,2743,153,29.6
4355,4354,153,21.11
2151,2150,153,12.24
5240,5339,153,48.05
4827,4926,153,49.47
4742,4843,153,4.67
2676,2776,153,3.64
3833,3832,153,15.17
5028,5127,153,29.24
4727,4826,154,49.25
5535,5634,154,48.47
4428,4427,154,28.75
5632,5731,154,47.1
5632,5631,154,25.43
4654,4753,154,41.47
5230,5329,154,46.98
5230,5229,154,25.27
3439,3438,154,20.83
5331,5430,154,30.69
4950,5050,154,15.06
1665,1664,154,13.2
4849,4948,154,8.63
4827,4826,154,30.24
5532,5631,154,46.7
4627,4726,155,48.96
4129,4228,155,48.8
4129,4128,155,34.68
4727,4726,155,29.49
4554,4653,155,42.52
5431,5530,155,30.68
3931,3930,155,21.19
4927,5026,155,29.25
2250,2349,155,27.53
5437,5536,155,49.62
2350,2349,155,13.36
1952,1951,155,11.57
4941,5042,155,6.54
5633,5732,155,33.65
4527,4626,156,48.86
2743,2842,156,47.76
2743,2742,156,35.53
5148,5247,156,49.61
5330,5429,156,45.71
4627,4626,156,28.7
4259,4358,156,39.56
4554,4553,156,20.56
2451,2450,156,16.79
5339,5438,156,47.33
4846,4945,156,7.96
4258,4358,156,4.76
5531,5630,156,30.61
3535,3534,156,18.3
1957,1856,156,3.04
4427,4526,157,48.28
5050,5149,157,47.28
4527,4526,157,28.47
4328,4327,157,26.29
4029,4028,157,30.3
5148,5147,157,31
5129,5228,157,29.59
3634,3633,157,18.33
5141,5241,157,12.69
3733,3732,157,16.84
2280,2380,157,3.45
4745,4844,157,8.18
4128,4227,158,49.59
4427,4426,158,27.28
4753,4852,158,37.16
5430,5529,158,45.61
4926,5025,158,30.36
2776,2875,158,31.54
1568,1567,158,14.54
2250,2249,158,11.2
4354,4453,158,31.07
4357,4457,158,5.2
5631,5730,158,44.85
3243,3242,158,3.16
1956,1855,158,3.51
4626,4725,159,49.23
2742,2741,159,36.06
5247,5346,159,49.19
4128,4127,159,32.92
4653,4752,159,37.63
5732,5831,159,45.79
5634,5733,159,32.29
5731,5830,159,34.9
5329,5428,159,30.4
5229,5328,159,30.07
4826,4925,159,29.82
5536,5635,159,46.65
5535,5635,159,13.66
1759,1758,159,8.1
5438,5537,159,49.65
4850,4951,159,7.52
2842,2941,159,48.43
2842,2841,159,35.06
2252,2351,159,5.71
4526,4625,160,48.47
5147,5246,160,49.58
5149,5248,160,49.48
4553,4652,160,38.21
4626,4625,160,29.43
5247,5246,160,29.29
4726,4825,160,29.36
5530,5629,160,30.71
2349,2448,160,31.26
2449,2448,160,13.3
3962,4062,160,5.19
5241,5340,160,49.53
3832,3831,160,15.49
4845,4944,160,8.15
3072,3172,160,4.33
2973,3073,160,3.7
4426,4525,161,47.95
4227,4326,161,48.08
4526,4525,161,27.64
5147,5146,161,30.8
3930,3929,161,16.97
1951,2050,161,23.64
5050,5150,161,15.06
3438,3437,161,14.59
2051,2050,161,10.43
4456,4556,161,5.42
3863,3963,161,5.03
3342,3341,161,3.16
5630,5729,161,31.11
1678,1578,161,1.44
5346,5445,162,49.57
2741,2740,162,36.06
4127,4226,162,49.47
4426,4425,162,26.71
4227,4226,162,26.93
4553,4552,162,17.25
5536,5636,162,15.67
4453,4552,162,38.1
5537,5636,162,47.82
2841,2840,162,35.99
2547,2446,162,7.01
5733,5832,162,47.6
1664,1663,162,13.16
5730,5829,162,39.27
3368,3468,162,3.47
4056,4156,162,4.98
2941,3040,162,47.95
2941,2940,162,35.41
5248,5347,163,49.32
5246,5345,163,49.27
4625,4724,163,49.66
5346,5345,163,30.76
5830,5929,163,37.64
4127,4126,163,30.25
2875,2974,163,31.46
2349,2348,163,13.08
2150,2149,163,10.06
3534,3533,163,15.05
5340,5439,163,48.27
1572,1471,163,3.72
5041,5142,163,6.58
5025,5124,163,31.39
5146,5245,164,49.53
4525,4624,164,49.39
4062,4161,164,40.78
5246,5245,164,29.54
4625,4624,164,31.44
5831,5930,164,35
3633,3632,164,15.41
5635,5734,164,31.1
3732,3731,164,15.93
4946,5045,164,7.89
4555,4655,164,5.57
3441,3340,164,6.17
2842,2942,164,13.71
3467,3567,164,3.47
4925,5024,164,31.22
4425,4524,165,48.98
2740,2739,165,34.61
5445,5544,165,49.67
3040,3139,165,49.65
4226,4325,165,49.67
5150,5249,165,46.38
5146,5145,165,30.56
4525,4524,165,29.93
4825,4924,165,30.68
3172,3271,165,34.67
2448,2447,165,22.82
1567,1566,165,14.89
3171,3271,165,4.21
5729,5828,165,36.87
2940,2939,165,35.92
4126,4225,166,49.36
5347,5446,166,49.41
5345,5444,166,49.6
4425,4424,166,28.75
2740,2839,166,39.63
5445,5444,166,31.57
3040,3039,166,32.5
5832,5931,166,43.25
4226,4225,166,31.68
2840,2839,166,30.62
1951,1950,166,9.41
2743,2642,166,11.61
5537,5637,166,14.48
2546,2645,166,6.94
5438,5538,166,11.01
5439,5538,166,49.39
3566,3666,166,3.56
2940,3039,166,43.58
2941,3041,166,14.32
5734,5833,167,49.27
5245,5344,167,49.18
3533,3532,167,31.78
4126,4125,167,29.83
2348,2347,167,25.52
2149,2248,167,38.64
5345,5344,167,30.94
5124,5223,167,35.4
5045,5144,167,49.5
4825,4824,167,15.3
4951,5051,167,13.63
1855,1854,167,12.06
2742,2641,167,13.25
5636,5735,167,31.18
4950,5051,167,7.29
4058,4157,167,5.87
5829,5928,167,34.93
3831,3830,167,14.46
4524,4623,168,49.07
4524,4523,168,34.29
5249,5348,168,49.68
5145,5244,168,49.28
2739,2738,168,34.78
3340,3339,168,27.36
4655,4754,168,43.84
4161,4260,168,39.86
5245,5244,168,29.28
5929,6028,168,34.89
5150,5250,168,15.92
5045,5044,168,30.38
2943,3042,168,8.04
4947,5046,168,8.02
5128,5227,168,7.17
3665,3765,168,3.63
3764,3864,168,3.81
5241,5341,168,9.66
1573,1472,168,3.41
5729,5728,168,16.36
2080,2181,168,1.51
3041,3140,169,49.09
3139,3238,169,38.58
2839,2938,169,48.87
2839,2838,169,34.59
5444,5543,169,49.45
2739,2838,169,40.02
5930,6029,169,34.9
4624,4723,169,28.55
2149,2148,169,17.55
3929,3928,169,13.52
3437,3436,169,12.86
5446,5545,169,49.64
3043,3142,169,7.75
4225,4324,169,47.82
4225,4224,169,35.5
4424,4423,169,34.03
4325,4324,169,30.45
2939,3038,169,46.34
5344,5443,170,49.39
5931,6030,170,37.5
3039,3138,170,40.46
3271,3370,170,34.96
5544,5643,170,33.86
5444,5443,170,30.19
1471,1470,170,14.77
5124,5123,170,15.44
5144,5243,170,48.97
1758,1757,170,9.22
2641,2640,170,36.04
2741,2640,170,13.25
5735,5834,170,48.53
2743,2643,170,6.21
2744,2643,170,7.02
1663,1662,170,13.38
5027,5126,170,7.35
1571,1470,170,3.49
5828,5927,170,35.28
4523,4522,171,36.09
3042,3141,171,49.64
4623,4722,171,48.58
4623,4622,171,34.91
5348,5447,171,49.43
5244,5343,171,48.97
5344,5343,171,29.95
2347,2346,171,30.5
2248,2247,171,28.86
3632,3631,171,15.41
2740,2639,171,17.14
5144,5143,171,28.71
3731,3730,171,15.89
4128,4027,171,8.89
5341,5440,171,49.51
5637,5736,171,32.07
5044,5143,171,49.52
5928,6027,171,38.07
3140,3239,172,48.36
4224,4323,172,49.52
4260,4359,172,38.12
5250,5349,172,46.21
4754,4853,172,41.99
5833,5932,172,34.69
1566,1565,172,14.6
1950,2049,172,25.62
4423,4422,172,36
2050,2049,172,9.58
4948,5047,172,7.87
5148,5047,172,7.71
6028,6127,172,42.12
5044,5043,172,30.51
5439,5539,172,12.02
5227,5326,172,41.43
5142,5242,172,11.25
5828,5827,172,15.36
2148,2147,173,32.05
3038,3137,173,44.19
4224,4223,173,33.21
5443,5542,173,49.68
3532,3531,173,18.91
2645,2644,173,15.14
5243,5342,173,49.44
2938,3037,173,42.08
3141,3240,174,49.59
5343,5442,174,49.52
3138,3237,174,40.48
5927,6026,174,45.42
4723,4822,174,30.39
3238,3337,174,28.3
5543,5642,174,32.94
3339,3338,174,17.63
5443,5442,174,31.84
2639,2638,174,36.05
2739,2638,174,16.94
5545,5644,174,33.8
4844,4943,174,8.41
2938,2937,174,20.18
5050,5151,174,7.29
5736,5835,174,47.29
6029,6128,174,33.84
6027,6126,174,49.58
5227,5226,174,19.64
4323,4322,175,35.24
5349,5448,175,49.58
2247,2246,175,29.87
3370,3469,175,34.09
5927,5926,175,23.37
5728,5727,175,14.52
5250,5350,175,16.07
1854,1853,175,12.62
2346,2445,175,45.97
6127,6226,175,47.98
5834,5933,175,34.56
5539,5638,175,47.69
5643,5742,175,33.07
5538,5638,175,11.89
3830,3829,175,14.17
2578,2678,175,3.8
3137,3236,176,48.93
5542,5641,176,48.2
5542,5541,176,35.25
3531,3530,176,35.89
3037,3136,176,49.66
5326,5425,176,37.72
4359,4458,176,40.53
4622,4721,176,28.58
4027,4026,176,20.57
4853,4952,176,37.13
5342,5441,176,49.66
2346,2345,176,24
4422,4421,176,32.18
1950,1949,176,10.3
5446,5546,176,11.09
4457,4557,176,5.68
4851,4952,176,6.01
6128,6227,177,47.67
3531,3630,177,46.87
3037,3036,177,32.32
5932,6031,177,35
4223,4222,177,30.77
2638,2637,177,35.82
1470,1469,177,14.8
2049,2048,177,21.45
1757,1756,177,14.34
4422,4521,177,35.21
2642,2541,177,13.22
2147,2146,177,29.97
5642,5741,177,48.86
6126,6225,177,47.77
6126,6125,177,35.52
1574,1473,177,3.13
6026,6125,177,48.84
6026,6025,177,34.62
5026,5125,177,6.45
3237,3336,178,43.97
5326,5325,178,16.92
5827,5826,178,17.62
4622,4621,178,15.43
2638,2737,178,47.1
3436,3435,178,12.46
5350,5449,178,49.19
3730,3729,178,15.06
4556,4656,178,6.01
6226,6325,178,49.64
2641,2540,178,13.06
2937,2936,178,27.62
2479,2579,178,3.95
5736,5836,178,15.05
1662,1661,178,13.51
3530,3629,179,49.1
3530,3529,179,34.24
5926,5925,179,30.92
4322,4321,179,32.83
2445,2544,179,45.75
2246,2245,179,25.29
5539,5639,179,14.62
5228,5327,179,6.44
5429,5528,179,6.32
5835,5934,179,34.04
4225,4124,179,11.55
2546,2545,179,3.03
4822,4921,179,31
2677,2777,179,3.47
5644,5743,179,33.79
6025,6124,180,49.45
6025,6024,180,33.47
6125,6224,180,49.66
5425,5524,180,40.29
3136,3235,180,43.95
2345,2444,180,43.73
3469,3568,180,32.52
5742,5841,180,32.79
1565,1564,180,14.12
3141,3241,180,11.35
2637,2736,180,49.67
2642,2542,180,7.27
5638,5737,180,32.14
2445,2444,180,23.74
5150,5251,180,7.85
5440,5540,180,12.5
5933,6032,180,34.89
2540,2539,181,69.28
5325,5324,181,71.66
5826,5825,181,71.53
6227,6326,181,29.88
5741,5740,181,51.84
5425,5424,181,72.3
3136,3135,181,72.82
2345,2344,181,72.8
4026,4025,181,72.81
1853,1852,181,56.91
5727,5726,181,60.51
2640,2539,181,10.73
4222,4221,181,68.47
1756,1755,181,69.5
2637,2636,181,72.13
5641,5640,181,52.39
3533,3432,181,20.14
2937,2837,181,8.91
2937,2836,181,19.06
2048,2047,181,58.18
2776,2876,181,2.47
1949,1948,181,72.81
3829,3828,181,67.33
4822,4821,181,57.77
3235,3234,182,71.01
6224,6223,182,60.93
6024,6023,182,70.5
6124,6123,182,57.85
5524,5523,182,71.65
2444,2443,182,72.64
1564,1563,182,60.62
4124,4123,182,71.08
5528,5527,182,71.7
4321,4320,182,54.3
3629,3628,182,67.18
3529,3528,182,63.84
4921,4920,182,56.14
5925,5924,182,66.74
2245,2244,182,72.79
2544,2543,182,59.52
3336,3335,182,67.12
3435,3434,182,62.51
1469,1468,182,53
5841,5840,182,52.98
1661,1660,182,60.33
3729,3728,182,60.2
2639,2538,182,10.6
2936,2935,182,57.36
6325,6324,182,60.8
4062,4162,182,3.24
4951,5052,182,4.28
5424,5423,183,70.54
3135,3134,183,72.57
3432,3431,183,56.56
5726,5725,183,72.82
4221,4220,183,55.51
4025,4024,183,72.75
1755,1754,183,67.13
5324,5323,183,69.8
5825,5824,183,68.39
2836,2835,183,56.71
1852,1851,183,54.38
5836,5935,183,19.71
2047,2046,183,63.94
4821,4820,183,56.57
6123,6122,184,60.92
2443,2442,184,59.93
6223,6222,184,57.6
5527,5526,184,68.13
4123,4122,184,72.42
3234,3233,184,65.49
1468,1467,184,58.92
3335,3334,184,68.58
1948,1947,184,46.24
5840,5839,184,60.14
3728,3727,184,52.4
4321,4420,184,29.4
6023,6022,184,58.38
2244,2243,184,72.35
5924,5923,184,69.61
2935,2934,184,60.48
1660,1659,184,59.42
1563,1562,184,60.46
4655,4755,184,2.85
2538,2537,184,70.43
3533,3433,184,9.75
5629,5628,184,13.39
3172,3272,184,2.95
5428,5427,184,13.42
6324,6323,184,52.24
5740,5739,184,48.22
1575,1474,184,3.38
3431,3430,185,63.68
4024,4023,185,72.34
3134,3133,185,72.53
5423,5422,185,68.75
3628,3627,185,47.28
6227,6327,185,11.07
4521,4520,185,14.8
1754,1753,185,64.81
2835,2834,185,58.41
3531,3430,185,13.37
5024,5023,185,13.38
1851,1850,185,55.32
5725,5724,185,70
5824,5823,185,69.94
4924,4923,185,13.38
3233,3232,186,60.87
3334,3333,186,55.82
4122,4121,186,72.56
1947,1946,186,55.12
5628,5627,186,60.33
6222,6221,186,58.47
2442,2441,186,72.81
1467,1466,186,60.9
5839,5838,186,60.46
6122,6121,186,61.04
2934,2933,186,62.78
1562,1561,186,60.58
5123,5122,186,13.37
3928,3927,186,13.33
5427,5426,186,70.13
5223,5222,186,13.35
3727,3726,186,53.21
4824,4823,186,13.4
1659,1658,186,55.88
2243,2242,186,71.83
6022,6021,186,60.44
2537,2536,186,71.18
5526,5525,186,60.49
5923,5922,186,57.4
5823,5822,187,72.71
5422,5421,187,72.68
3133,3132,187,63.33
3430,3429,187,64.64
5724,5723,187,71.52
5739,5738,187,49.1
4621,4620,187,14.17
3036,3035,187,13.55
1753,1752,187,62.12
4721,4720,187,13.54
5226,5225,187,13.38
3627,3626,187,50.16
2936,3035,187,12
5350,5450,187,5.72
3963,4063,187,2.74
2834,2833,187,55.25
2380,2480,187,2.21
2146,2145,187,13.67
1880,1781,187,0.76
5222,5221,188,72.82
5922,5921,188,71.37
6221,6220,188,58.16
2441,2440,188,70.7
1466,1465,188,60.33
1561,1560,188,60.33
3927,3926,188,68.75
3232,3231,188,69.66
3333,3332,188,52.69
6021,6020,188,61.05
5122,5121,188,72.8
4121,4120,188,69.07
5627,5626,188,60.94
5838,5837,188,54.92
2536,2535,188,59.66
1948,1847,188,21.14
5840,5939,188,26.48
2933,2932,188,57.79
6121,6120,188,69.23
2242,2241,188,60.16
5225,5224,189,70.85
2833,2832,189,62.03
5421,5420,189,71.17
5723,5722,189,72.76
5822,5821,189,69.43
1658,1657,189,35.15
3132,3131,189,60.51
4320,4319,189,14.47
3429,3428,189,58.88
2344,2343,189,13.41
3528,3527,189,14.8
1752,1751,189,63.46
2636,2635,189,13.38
5939,5938,190,53.01
1560,1559,190,58.67
3926,3925,190,66.33
2535,2534,190,59.52
3231,3230,190,67.47
3332,3331,190,61.15
6020,6019,190,66.33
5121,5120,190,71.56
5221,5220,190,69.26
5921,5920,190,69.53
1465,1464,190,60.58
4220,4219,190,14.76
5839,5938,190,26.28
5523,5522,190,13.36
4920,4919,190,13.56
3432,3331,190,16.35
5251,5351,190,10.51
5743,5842,190,11.76
2440,2439,190,70.17
6325,6424,190,8.26
4161,4261,190,2.78
5934,6033,190,10.98
5626,5625,190,71.38
2241,2240,190,72.34
2932,2931,190,57.4
1576,1475,190,2.71
6120,6119,190,65.71
2832,2831,191,61.75
5821,5820,191,68.94
3527,3526,191,50.67
1847,1846,191,43.8
1751,1750,191,66.32
4420,4419,191,14.7
5323,5322,191,13.34
2046,2045,191,13.63
1948,1848,191,10.65
4921,5020,191,10.13
3131,3130,191,58.13
2875,2975,191,2.12
4820,4819,191,13.59
1780,1680,191,1.15
2534,2533,192,59.16
3331,3330,192,64.04
6019,6018,192,62.81
5120,5119,192,55.38
6119,6118,192,64.91
5920,5919,192,65.69
5625,5624,192,72.46
2931,2930,192,56.15
5938,5937,192,70.38
1559,1558,192,52.81
1657,1656,192,43.28
1464,1463,192,60.89
5841,5940,192,12.6
6128,6228,192,4.66
3230,3229,192,63.81
6424,6423,192,60.26
5051,5152,192,4.61
3271,3371,192,3.1
2439,2438,192,71.81
2240,2239,192,72.72
5322,5321,193,72.79
5820,5819,193,66.76
5020,5019,193,55.92
2831,2830,193,55.57
5023,5022,193,13.38
4023,4022,193,13.47
4520,4519,193,14.13
4923,4922,193,13.39
5935,6034,193,15.04
3130,3129,193,65.75
1850,1849,193,13.04
2239,2238,194,72.48
5919,5918,194,64.18
1656,1655,194,55.78
2533,2532,194,59.57
1558,1557,194,57.53
5937,5936,194,57.24
2438,2437,194,71.84
1463,1462,194,61.07
3330,3329,194,62.36
6018,6017,194,68.42
5119,5118,194,56.27
6118,6117,194,68.73
5624,5623,194,72.82
2930,2929,194,54.46
1946,1945,194,13.7
5524,5623,194,10.77
3726,3725,194,13.48
3229,3228,194,60.66
5321,5320,195,68.5
5022,5021,195,72.78
5819,5818,195,68.88
5019,5018,195,56.71
3129,3128,195,62.76
2830,2829,195,53.66
1847,1746,195,22.01
3626,3625,195,13.68
5450,5549,195,17.79
4620,4619,195,14.04
3035,3034,195,13.48
5422,5521,195,14.37
4720,4719,195,13.54
4755,4854,195,12.99
3568,3667,195,9.79
4120,4119,195,14.67
2935,3034,195,11.54
2145,2144,195,13.45
3073,3173,195,2.08
3228,3227,196,66.27
5918,5917,196,69.52
1655,1654,196,63.52
2238,2237,196,70.98
6017,6016,196,67.91
5623,5622,196,70.66
6117,6116,196,68.79
1557,1556,196,57.39
2437,2436,196,60.22
2929,2928,196,67.06
1462,1461,196,61.02
5421,5520,196,17.22
3725,3724,196,57.64
6326,6425,196,9.74
3728,3827,196,10.51
2736,2735,196,6.34
3329,3328,196,58.31
3428,3427,196,14.75
2532,2531,196,59.33
5320,5319,197,72.67
3034,3033,197,72.77
5818,5817,197,68.45
3625,3624,197,57.51
2144,2143,197,72.45
3128,3127,197,68.33
4219,4218,197,14.47
5420,5419,197,13.4
5722,5721,197,13.27
4319,4318,197,14.14
2343,2342,197,13.39
2635,2634,197,13.3
1847,1747,197,11.56
6323,6322,197,7.8
2934,3033,197,11.18
2829,2828,197,66.14
1471,1370,197,4.89
5545,5645,197,2.78
2243,2342,197,10.95
6220,6219,197,12.14
6116,6115,198,66.77
3427,3426,198,51.66
5917,5916,198,67.11
2237,2236,198,71.51
6016,6015,198,64.79
1461,1460,198,60.83
5220,5219,198,13.67
5842,5941,198,20.04
1556,1555,198,58.21
4919,4918,198,13.47
5938,6037,198,18.19
3925,3924,198,13.36
3827,3826,198,58.37
2436,2435,198,72.05
2928,2927,198,67
1846,1845,198,14.31
1654,1653,198,67.68
3727,3826,198,10.44
1679,1579,198,1.52
5817,5816,199,66.37
1370,1369,199,60.87
5721,5720,199,69.38
2143,2142,199,72.12
3127,3126,199,69.78
2045,2044,199,13.45
4419,4418,199,14.23
3526,3525,199,13.77
4819,4818,199,13.51
1750,1749,199,13.35
6322,6321,199,57.58
6327,6426,199,10.32
6227,6328,199,6.4
3033,3032,199,63.97
2828,2827,199,66.34
6219,6218,199,66.31
5916,5915,200,64.99
6037,6036,200,72.77
6115,6114,200,65.71
6015,6014,200,65.17
1460,1459,200,60.62
4519,4518,200,14.56
5940,6039,200,19.88
5939,6038,200,12.59
2435,2434,200,58.97
2236,2235,200,72.35
1472,1371,200,4.93
1555,1554,200,55.47
4260,4360,200,2.51
5151,5252,200,5.06
2927,2926,200,70.41
1653,1652,200,67.92
6423,6422,200,13.01
3826,3825,200,57.38
2240,2339,200,14.19
5816,5815,201,69.1
2827,2826,201,69.28
5720,5719,201,69.56
1369,1368,201,52.79
6218,6217,201,69.42
3228,3327,201,22.14
4022,4021,201,13.44
1848,1748,201,10.81
1749,1748,201,72.82
2929,3028,201,21.46
4121,4020,201,9.51
3032,3031,201,62.29
2142,2141,201,71.69
2241,2340,201,11.62
3864,3964,201,2.66
2926,2925,202,69.99
2339,2338,202,72.36
5915,5914,202,66.52
1652,1651,202,68.03
6114,6113,202,64.9
6014,6013,202,66.36
1459,1458,202,60.34
5118,5117,202,13.44
5936,6035,202,17.73
2239,2338,202,14.95
6422,6421,202,69.46
2434,2433,202,57.17
5351,5451,202,8.71
1945,1944,202,13.46
3825,3824,202,57.29
4119,4118,202,14.58
3765,3865,202,2.48
2235,2234,202,72.39
1554,1553,202,61.03
2242,2341,202,9.35
1746,1745,202,14.49
6217,6216,203,68.88
1368,1367,203,58.92
3028,3027,203,67.81
2826,2825,203,69.92
5815,5814,203,69.49
3031,3030,203,60.29
5018,5017,203,13.43
4619,4618,203,13.64
2238,2337,203,17.46
2534,2633,203,11.74
6033,6132,203,11.26
5549,5548,203,13.81
4719,4718,203,13.47
2928,3027,203,21.52
2141,2140,203,59.82
6013,6012,204,67.77
2234,2233,204,72.62
1651,1650,204,67.85
5914,5913,204,68.54
6113,6112,204,66.72
6421,6420,204,67.49
2531,2530,204,13.38
5520,5519,204,13.14
5622,5621,204,13.38
1553,1552,204,69.58
3724,3723,204,13.42
4024,3923,204,7.05
5251,5352,204,6.03
1458,1457,204,59.8
3227,3226,204,14.01
4359,4459,204,2.67
3824,3823,204,58.74
3666,3766,204,2.25
3130,3029,204,11.43
2433,2432,204,57.45
5814,5813,205,69.58
2140,2139,205,58.9
1367,1366,205,60.82
6216,6215,205,67.72
2337,2336,205,71.94
5319,5318,205,13.4
5419,5418,205,13.38
3624,3623,205,13.49
4318,4317,205,13.39
2237,2336,205,16.74
3371,3470,205,11.35
2533,2632,205,11.68
3027,3026,205,70.91
4218,4217,205,13.39
1577,1476,205,2.64
1650,1649,206,68.91
5913,5912,206,69.2
2233,2232,206,72.49
3723,3722,206,72.8
6112,6111,206,68.3
5519,5518,206,61.62
6012,6011,206,68.72
6420,6419,206,69.29
3426,3425,206,13.82
4918,4917,206,13.4
5219,5218,206,13.48
1552,1551,206,69.57
5941,6040,206,19.25
3126,3125,206,14.29
5119,5218,206,10.11
2975,3074,206,9.72
6221,6320,206,7.23
1457,1456,206,59.62
4557,4657,206,3
4458,4558,206,2.98
1845,1844,206,13.55
3823,3822,206,72.71
5644,5744,206,2.78
2432,2431,206,58.43
2336,2335,207,72.34
1366,1365,207,59.84
6215,6214,207,66.3
2139,2138,207,72.77
5813,5812,207,69.49
4418,4417,207,13.39
3525,3524,207,13.57
4818,4817,207,13.39
2044,2043,207,13.41
1747,1646,207,15.57
5446,5547,207,2.67
2532,2631,207,11.71
6111,6110,208,69.1
6011,6010,208,68.87
5518,5517,208,60.45
3822,3821,208,72.71
5912,5911,208,69.3
2232,2231,208,71.79
3722,3721,208,72.71
6320,6319,208,68.41
1551,1550,208,69.58
2926,3025,208,18.64
4518,4517,208,13.47
2431,2430,208,70.15
6419,6418,208,69.17
4854,4953,208,11.51
6228,6229,208,6.53
1649,1648,208,72.67
1473,1372,208,4.7
2829,2728,208,11.21
1456,1455,208,68.93
4020,4019,208,14.31
6214,6213,209,64.74
5812,5811,209,69.42
1646,1645,209,71.63
5451,5550,209,21.26
2925,2924,209,14.47
5719,5718,209,12.75
6037,6136,209,13.92
1365,1364,209,60.19
5842,5942,209,5.33
2335,2334,209,71.95
3327,3326,209,14.15
1578,1477,209,3.28
2631,2630,209,70.69
4656,4756,209,3.1
6110,6109,210,71.43
1455,1454,210,69.56
3821,3820,210,72.68
6010,6009,210,67.19
5517,5516,210,69.97
5911,5910,210,69.32
2231,2230,210,70.23
4118,4117,210,13.4
5117,5116,210,13.4
2430,2429,210,55.76
1745,1744,210,13.98
3721,3720,210,72.42
6228,6329,210,7.97
4162,4262,210,3.61
2835,2734,210,5.43
1648,1647,210,52.66
1944,1943,210,13.41
6418,6417,210,68.35
6319,6318,210,69.16
2828,2727,210,11.1
5811,5810,211,69.55
1364,1363,211,60.25
6213,6212,211,66.19
2630,2629,211,70.9
5718,5717,211,69.33
5017,5016,211,13.4
4618,4617,211,13.42
2825,2824,211,14.19
6132,6131,211,13.37
2678,2778,211,2.7
4718,4717,211,13.39
2334,2333,211,70.83
6029,6129,211,2.02
2180,2281,211,1.13
6009,6008,212,64.97
6318,6317,212,69.45
2734,2733,212,63.3
1454,1453,212,69.5
5910,5909,212,69.77
2230,2229,212,69.54
2727,2726,212,69.25
6417,6416,212,66.94
5621,5620,212,13.29
2530,2529,212,13.37
6328,6427,212,10.97
3226,3225,212,14.15
2238,2137,212,8.24
6109,6108,212,65.11
6424,6523,212,6.55
3923,3922,212,13.44
6212,6211,213,67.64
5717,5716,213,56.88
2629,2628,213,70.15
1363,1362,213,60.77
5810,5809,213,69.37
2333,2332,213,69.84
5418,5417,213,13.34
5318,5317,213,13.38
4217,4216,213,13.22
3623,3622,213,13.51
4317,4316,213,13.16
2229,2228,214,61.96
2733,2732,214,62.97
2726,2725,214,65.91
1453,1452,214,69.44
5909,5908,214,71.89
5620,5619,214,50.96
6416,6415,214,66.22
3425,3424,214,13.71
4917,4916,214,13.39
5218,5217,214,13.4
6317,6316,214,68.19
1844,1843,214,13.44
6008,6007,214,66.02
5743,5843,214,2.86
6523,6522,214,67.66
3125,3124,214,14.23
6108,6107,214,59.98
6211,6210,215,69.83
1362,1361,215,61.07
5716,5715,215,58.88
2628,2627,215,72.69
2332,2331,215,70.89
5317,5316,215,59.96
4216,4215,215,61.01
3025,3024,215,14.48
3524,3523,215,13.6
4817,4816,215,13.37
4417,4416,215,12.98
2232,2331,215,16.3
6329,6428,215,30.44
2237,2136,215,7.84
3622,3621,215,72.82
2043,2042,215,13.4
5217,5216,216,59.42
6522,6521,216,71.37
1452,1451,216,62.18
2725,2724,216,66.56
6107,6106,216,61.07
5908,5907,216,66.1
6415,6414,216,66.02
6316,6315,216,67.22
2924,2923,216,14.39
4019,4018,216,14.21
4517,4516,216,13.29
2231,2330,216,18.36
2732,2731,216,60.97
1550,1549,216,13.37
6422,6521,216,9.42
6007,6006,216,70.21
5316,5315,217,59.86
5715,5714,217,69.21
4816,4815,217,60.66
1361,1360,217,60.98
6210,6209,217,67.05
2627,2626,217,64.69
6136,6135,217,13.21
1645,1644,217,14.11
4215,4214,217,60.89
2429,2428,217,14.3
4755,4855,217,3.09
3621,3620,217,72.32
3326,3325,217,13.94
6315,6314,218,66.31
2330,2329,218,67.06
5216,5215,218,59.77
6521,6520,218,69.88
6006,6005,218,65.06
6106,6105,218,60.4
6414,6413,218,65.59
2229,2328,218,25.33
2824,2823,218,14.57
5516,5515,218,13.49
3820,3819,218,13.6
4117,4116,218,13.2
2230,2329,218,19.12
5116,5115,218,13.39
1943,1942,218,13.4
3822,3921,218,12.45
1451,1450,218,59.94
1744,1743,218,13.55
5907,5906,218,65.87
5941,6041,218,5.05
3720,3719,218,13.45
6425,6524,218,6.54
2731,2730,218,59.3
1474,1373,218,4.17
2579,2679,218,2.45
3469,3569,218,2.22
2829,2729,218,4.47
1549,1548,218,70.16
5714,5713,219,68.87
2626,2625,219,52.9
5619,5618,219,22.93
4717,4716,219,13.33
5016,5015,219,13.4
1360,1359,219,60.81
6420,6519,219,9.57
4617,4616,219,13.35
6131,6130,219,13.11
6329,6429,219,11.81
6426,6525,219,7.39
4214,4213,219,59.75
2236,2135,219,7.04
2777,2877,219,2.49
6209,6208,219,72.05
6005,6004,220,60.14
6105,6104,220,60.52
2328,2327,220,68.83
3921,3920,220,72.82
5115,5114,220,59.45
6314,6313,220,65.33
6413,6412,220,65.9
2529,2528,220,13.44
3821,3920,220,12.35
4116,4115,220,64.16
5352,5452,220,6.27
5451,5551,220,5.8
3225,3224,220,13.92
5351,5452,220,4.88
5906,5905,220,60.37
4716,4715,221,61.07
2135,2134,221,71.91
6208,6207,221,60.9
6519,6518,221,70.74
5713,5712,221,69.29
2625,2624,221,63.5
4213,4212,221,58.7
1359,1358,221,60.69
5417,5416,221,13.36
5809,5808,221,13.36
4316,4315,221,13.1
1548,1547,221,47.93
6419,6518,221,9.64
3272,3372,221,2.78
2235,2134,221,6.99
6313,6312,222,65.76
2327,2326,222,60.4
6104,6103,222,60.8
6004,6003,222,60.09
5618,5617,222,49.2
6412,6411,222,66.22
4916,4915,222,13.39
2228,2227,222,13.38
3124,3123,222,13.94
3424,3423,222,13.74
1843,1842,222,13.41
2876,2976,222,2.47
4115,4114,222,60.92
5905,5904,222,61.03
4315,4314,223,60.95
5808,5807,223,71.1
5416,5415,223,59.16
6207,6206,223,61.71
2134,2133,223,72.69
5712,5711,223,68.76
2724,2723,223,14.47
3024,3023,223,14.04
3523,3522,223,13.6
2042,2041,223,13.39
2229,2128,223,13.5
1547,1546,223,72.66
5517,5616,223,9.58
4416,4415,223,12.8
6518,6517,223,66.94
1358,1357,223,59.93
6418,6517,223,9.99
2227,2226,224,66.08
6003,6002,224,60.81
4114,4113,224,67.49
6103,6102,224,72.32
2326,2325,224,61.83
6312,6311,224,66.67
5904,5903,224,60.32
6411,6410,224,70.32
2923,2922,224,13.76
4516,4515,224,12.94
4018,4017,224,13.39
6417,6516,224,10.39
4262,4361,224,10.79
4063,4163,224,2.71
2128,2127,225,63.36
5807,5806,225,65.44
6206,6205,225,60.4
2133,2132,225,72.81
2041,2040,225,71.91
5315,5314,225,13.37
4815,4814,225,13.38
2626,2525,225,18.2
6135,6134,225,13.38
4314,4313,225,59.58
1546,1545,225,72.25
1644,1643,225,13.91
2231,2130,225,8.77
2232,2131,225,7.6
2428,2427,225,13.49
2233,2132,225,6.86
4415,4414,225,61.06
3568,3668,225,2.26
3620,3619,225,13.4
1357,1356,225,54.58
3325,3324,225,13.8
4515,4514,226,61.07
6516,6515,226,65.37
2226,2225,226,72.11
6410,6409,226,68.78
5903,5902,226,60.03
6311,6310,226,70.6
2325,2324,226,65.33
6102,6101,226,63.98
4113,4112,226,66.82
6002,6001,226,72.49
2327,2426,226,26.32
5215,5214,226,13.38
5515,5514,226,13.32
1743,1742,226,13.45
2823,2822,226,14.1
1942,1941,226,13.39
6416,6515,226,10.55
2230,2129,226,9.21
4017,4016,226,60.96
3819,3818,226,13.51
3719,3718,226,13.43
1450,1449,226,13.39
5806,5805,227,66.25
6205,6204,227,61.07
1356,1355,227,54.77
2525,2524,227,61.64
2040,2039,227,59.43
2127,2126,227,71.79
2528,2527,227,14.4
5015,5014,227,13.4
1545,1544,227,72.63
2627,2526,227,12.01
4616,4615,227,13.15
4313,4312,227,58.13
1449,1448,228,51.67
5902,5901,228,60.85
4112,4111,228,70.88
2426,2425,228,54.51
6515,6514,228,65.44
2225,2224,228,72.27
5514,5513,228,65.34
6310,6309,228,67.17
1941,1940,228,71.73
2326,2425,228,25.41
5114,5113,228,13.38
3920,3919,228,13.8
4855,4954,228,13.12
6522,6621,228,10.51
6415,6514,228,10.59
2139,2038,228,6.35
1371,1270,228,5.09
6037,6137,228,3.36
6329,6330,228,5.63
4016,4015,228,64.16
3224,3223,228,14.04
6409,6408,228,66.33
6204,6203,229,72.78
1355,1354,229,59.85
2524,2523,229,52.81
4212,4211,229,13.39
2624,2623,229,14.14
4715,4714,229,13.37
5805,5804,229,60.6
3371,3471,229,2.72
6033,6133,229,2.63
6523,6622,229,8.56
4312,4311,229,58.1
1270,1269,230,57.79
4015,4014,230,60.84
2224,2223,230,67.05
5513,5512,230,69.17
6621,6620,230,66.92
6408,6407,230,62.08
4111,4110,230,70.68
1940,1939,230,71.89
6514,6513,230,66.04
2425,2424,230,63.24
6102,6201,230,23.91
2723,2722,230,14.41
3123,3122,230,13.86
4915,4914,230,13.39
6428,6527,230,9.66
6414,6513,230,10.68
1842,1841,230,13.39
6427,6526,230,8.21
3423,3422,230,13.69
6309,6308,230,70.13
6209,6308,230,11.2
6203,6202,231,57.04
1354,1353,231,63
4211,4210,231,71.71
4311,4310,231,58.69
1448,1447,231,45.49
3023,3022,231,13.74
5415,5414,231,13.35
5711,5710,231,13.29
5616,5615,231,13.48
5804,5803,231,61.07
6329,6430,231,6.91
3522,3521,231,13.48
2424,2423,232,51.82
6620,6619,232,68.05
6308,6307,232,60.94
5512,5511,232,68.51
4014,4013,232,67.91
6407,6406,232,68.87
1269,1268,232,56
2922,2921,232,13.63
4110,4109,232,59.37
6413,6512,232,10.62
6513,6512,232,66.47
1939,1938,232,72.47
4210,4209,233,57.97
4310,4309,233,58.81
1447,1446,233,59.49
5710,5709,233,69.56
5615,5614,233,69.58
2223,2222,233,42.57
2324,2323,233,14.3
4814,4813,233,13.4
5314,5313,233,12.67
1643,1642,233,13.63
1353,1352,233,63.58
6429,6528,233,10.83
3619,3618,233,13.39
4414,4413,233,13.39
5803,5802,233,60.31
1475,1374,233,3.37
3324,3323,233,13.93
2423,2422,234,52.33
6619,6618,234,72.42
6307,6306,234,60.67
4013,4012,234,67.93
6406,6405,234,72.76
5511,5510,234,68.05
1742,1741,234,13.4
3718,3717,234,13.36
5214,5213,234,13.3
1268,1267,234,53.31
4514,4513,234,13.39
6512,6511,234,66.48
6519,6618,234,10.04
6412,6511,234,10.55
2822,2821,234,13.64
6329,6230,234,6.08
4109,4108,234,60.98
3818,3817,234,13.37
1938,1937,234,71.86
5709,5708,235,65.29
1446,1445,235,65.94
4309,4308,235,59.15
5614,5613,235,66.7
6203,6302,235,28.18
2126,2125,235,13.39
5014,5013,235,13.39
4209,4208,235,59.16
2128,2027,235,12.74
5452,5552,235,6.68
1544,1543,235,13.73
4615,4614,235,13.35
1352,1351,235,62.37
2975,3075,235,2.29
6518,6617,235,10.39
5802,5801,235,60.17
6405,6404,236,70.83
6306,6305,236,61.07
5510,5509,236,68.77
4108,4107,236,60.01
3717,3716,236,65.03
2323,2322,236,48.65
6511,6510,236,60.98
4012,4011,236,60.35
5113,5112,236,13.09
3223,3222,236,13.92
3919,3918,236,13.72
2623,2622,236,14.31
3817,3816,236,62.79
1267,1266,236,61.05
1579,1478,236,3.8
2038,2037,236,13.75
2280,2381,236,1.18
2125,2124,237,68.31
6302,6301,237,65.2
5613,5612,237,69.46
4308,4307,237,60.44
1445,1444,237,65.37
5708,5707,237,68.61
2027,2026,237,62.21
6202,6301,237,26.06
2523,2522,237,14.03
4714,4713,237,13.4
6517,6616,237,10.56
4361,4460,237,10.89
1372,1271,237,5.05
4208,4207,237,61.04
6617,6616,237,65.8
1351,1350,237,64.92
3816,3815,238,67.09
3716,3715,238,60.94
6404,6403,238,59.75
6305,6304,238,72.44
4914,4913,238,13.4
6204,6303,238,13.85
3122,3121,238,13.65
6516,6615,238,10.72
6510,6509,238,64.41
2135,2034,238,7.5
1266,1265,238,60.28
1841,1840,238,13.39
4011,4010,238,67.39
3964,4064,238,2.77
2722,2721,238,13.86
3422,3421,238,13.5
5612,5611,239,67.91
5707,5706,239,66.93
1444,1443,239,72.82
2124,2123,239,53.35
1350,1349,239,72.81
4107,4106,239,45.55
3022,3021,239,13.7
3668,3767,239,10.7
4307,4306,239,61.07
2480,2580,239,1.96
3521,3520,239,13.41
4207,4206,239,60.66
3715,3714,240,71.01
6615,6614,240,72.69
6403,6402,240,59.58
2034,2033,240,72.43
2026,2025,240,36.17
2222,2221,240,14.65
5414,5413,240,11.26
6515,6614,240,10.71
1840,1839,240,71.63
4459,4559,240,2.84
3173,3273,240,2.24
4313,4412,240,9.84
5842,5943,240,2.89
1265,1264,240,59.84
4010,4009,240,60.3
6509,6508,240,66.45
2921,2920,240,13.63
6404,6504,241,88.38
6407,6507,241,86.38
6621,6721,241,108.64
3668,3768,241,65.13
6510,6610,241,117.79
2976,3076,241,106.69
3372,3472,241,56.94
2877,2977,241,85
6429,6529,241,59.6
3569,3669,241,100.6
4855,4955,241,48.24
3817,3917,241,95.5
5942,6042,241,40.2
4756,4856,241,53.35
5744,5844,241,25.83
4657,4757,241,54.39
4558,4658,241,47.52
3074,3174,241,131.52
3470,3570,241,128.52
5352,5453,241,23.14
5352,5353,241,8.91
4953,5053,241,62.49
4954,5053,241,22.18
3766,3866,241,86.03
2778,2878,241,42.95
6524,6624,241,188.43
4262,4362,241,24.24
6622,6722,241,94.12
6523,6623,241,109.29
6509,6609,241,111.98
4306,4406,241,102.84
3865,3965,241,60.43
6614,6714,242,54.37
6615,6715,242,53.15
6403,6503,242,75.97
2580,2680,242,50.19
6508,6608,242,78.8
4460,4560,242,50.21
3816,3916,242,75.33
5112,5212,242,57.9
6302,6401,242,20.12
6405,6505,242,45.36
6610,6710,242,100.15
6528,6628,242,50.18
6619,6719,242,73.81
6406,6506,242,46.23
6406,6505,242,25.16
6430,6530,242,51.47
6620,6720,242,47.53
6526,6626,242,50.18
6527,6627,242,50.18
3471,3571,242,64.26
6514,6613,242,11.19
6137,6237,242,50.27
2381,2481,242,63.19
6618,6718,242,62.72
3075,3175,242,74.78
4361,4461,242,46.66
6525,6625,242,51.76
6136,6236,242,59.71
6722,6822,242,123.92
6623,6723,242,100.56
6039,6139,242,48.32
6038,6138,242,47.42
4954,5054,242,56.23
3714,3814,242,68
5152,5253,242,27.21
5052,5153,242,27.28
6721,6821,242,106.02
4406,4506,242,111.24
5212,5312,243,112.45
6822,6922,243,106.92
4658,4758,243,56.31
6529,6629,243,50.2
6504,6604,243,73.34
3076,3176,243,51.74
3273,3373,243,39.07
5943,6043,243,35
6402,6502,243,49.66
3174,3274,243,51.74
6624,6724,243,79.32
5509,5609,243,33.1
3767,3867,243,36.31
5510,5610,243,40.99
6511,6611,243,31.76
3768,3868,243,66.81
4362,4462,243,61.91
6512,6612,243,33.79
6135,6235,243,43.08
6609,6709,243,58.79
2679,2779,243,23.58
6040,6140,243,43.09
6131,6231,243,41.61
6132,6232,243,32.07
6617,6717,243,30.05
4162,4263,243,12.91
4163,4263,243,24.5
4312,4411,243,6.51
5545,5646,243,12.62
3868,3968,244,186.2
2680,2780,244,64.73
6505,6605,244,73.09
6625,6725,244,57.76
6613,6713,244,60.28
6503,6603,244,52.96
6236,6336,244,50.24
6506,6606,244,50.81
6530,6630,244,50.26
6042,6142,244,35.81
3570,3670,244,42.24
4757,4857,244,49.8
4856,4956,244,43.77
4506,4606,244,66.41
6507,6607,244,41.78
6714,6814,244,52.09
6616,6716,244,28.64
6140,6240,244,113.59
3175,3275,244,56.9
6718,6818,244,69.25
6719,6819,244,75.87
6133,6233,244,28.98
2129,2028,244,9.05
6611,6711,244,111.81
6138,6238,244,55.45
5452,5553,244,21.47
4855,4956,244,26.71
6710,6810,244,62.65
4064,4164,244,24.6
4756,4857,244,25.4
6821,6921,244,88.81
4558,4659,244,26.85
5548,5648,244,21.34
4955,5055,244,45.54
2221,2321,244,25.78
5549,5649,244,20.51
6134,6234,244,31.4
6628,6728,244,50.18
5644,5745,244,12.62
6725,6825,245,124.08
4263,4363,245,64.9
5312,5412,245,84.17
6922,7022,245,78.58
3571,3671,245,46.79
2481,2581,245,42.79
6235,6335,245,50.22
6401,6501,245,37.76
6626,6726,245,42.27
3866,3966,245,25.16
5844,5944,245,32.64
3815,3915,245,22.28
6237,6337,245,36.01
3472,3572,245,25.54
4311,4410,245,6.93
6717,6817,245,62.78
6139,6239,245,47.58
6720,6820,245,43.73
2130,2029,245,8.41
6709,6809,245,52.91
6041,6141,245,16.5
6723,6823,245,44.45
6231,6331,245,58.97
5550,5650,245,18.5
6629,6729,245,57.76
5547,5647,245,20.49
4307,4407,245,21.48
3968,4068,245,208
6627,6727,245,42.27
6608,6708,245,36.5
6239,6339,246,115.3
3671,3771,246,189.23
3966,4066,246,161.31
6726,6826,246,120.61
6331,6431,246,215.06
2780,2880,246,69.51
5553,5653,246,62.77
6605,6705,246,60.67
6711,6811,246,96.86
6606,6706,246,69.91
6823,6923,246,116.78
6819,6919,246,77.94
4164,4264,246,84.72
3670,3770,246,94.15
3572,3672,246,137.4
6818,6918,246,71.23
6713,6813,246,50.11
6607,6707,246,64.52
6810,6910,246,58.04
6604,6704,246,47.08
6502,6602,246,47.81
3373,3473,246,33.36
6724,6824,246,44.3
6921,7021,246,78.6
2878,2978,246,23.87
3965,4065,246,23.73
3669,3769,246,24.67
3814,3914,246,32.29
6336,6436,246,50.23
4460,4561,246,26.26
3222,3322,246,18.1
4308,4408,246,15.69
5552,5652,246,16.25
2977,3077,246,24.14
2131,2030,246,5.59
5551,5651,246,18.04
4068,4168,246,128.5
6232,6332,246,41.82
4606,4706,246,96.83
4412,4512,246,18.08
6240,6340,246,99.13
6814,6914,246,55.1
6715,6815,246,30.39
2081,2182,246,7.22
3323,3322,246,0.57
1981,2082,246,6.79
3672,3772,247,186.19
4706,4806,247,110.68
6824,6924,247,100.07
4168,4268,247,118.46
6825,6925,247,83.47
6820,6920,247,78.56
6603,6703,247,45.55
6234,6334,247,46.77
6142,6242,247,35.78
6043,6143,247,32.74
3867,3967,247,32.94
2779,2879,247,25.46
6612,6712,247,26.25
6817,6917,247,64.96
6335,6435,247,50.22
6809,6909,247,74.67
4560,4660,247,21.38
4407,4507,247,75.32
4658,4759,247,24.46
4757,4858,247,26.36
4856,4957,247,27.39
2920,3020,247,16.66
3274,3374,247,31.76
3121,3221,247,16.43
4309,4409,247,12.2
3769,3869,247,182.21
3473,3573,247,117.15
5055,5155,247,46.4
4066,4166,247,182.27
5054,5154,247,20.18
4513,4613,247,15.4
6233,6333,247,35.93
1364,1263,247,2.03
4065,4165,247,114.31
4955,5056,247,27.18
6708,6808,247,69.51
3967,4067,248,186.07
4806,4906,248,192.78
4268,4368,248,110.05
6340,6440,248,90.78
6918,7018,248,73.25
6923,7023,248,78.38
4165,4265,248,117.31
6910,7010,248,50.89
3770,3870,248,69.99
6815,6915,248,60.81
4264,4364,248,89.59
6919,7019,248,75.31
6332,6432,248,94.14
3771,3871,248,72.74
5944,6044,248,35.1
7022,7122,248,35.28
6501,6601,248,37.76
3573,3673,248,214.21
5646,5746,248,20.32
4462,4562,248,21.14
6707,6807,248,62.53
5706,5705,248,4.63
6811,6911,248,93.99
2880,2980,248,59.64
4362,4463,248,22.51
2581,2681,248,43.26
6914,7014,248,60.79
6826,6926,248,78.56
5744,5845,248,12.55
6716,6816,248,31.3
6630,6730,248,28.55
3714,3813,248,18
1881,1982,248,6.11
2321,2421,248,25.7
4368,4468,249,105.33
6925,7025,249,66.99
6924,7024,249,71.31
6334,6434,249,50.2
3772,3872,249,69.46
5154,5254,249,56.31
3374,3474,249,70.79
6920,7020,249,75.96
6712,6812,249,69.6
6432,6532,249,184.77
6333,6433,249,89.89
2182,2282,249,42.17
5652,5752,249,45.46
6431,6531,249,33.45
6602,6702,249,46.35
6704,6804,249,44
3673,3773,249,186.15
6706,6806,249,49.25
6705,6805,249,41.11
3869,3969,249,84.52
6917,7017,249,66.96
5648,5748,249,22.15
6238,6338,249,24.23
5649,5749,249,20.63
7021,7121,249,36.38
4411,4511,249,18.74
6728,6828,249,21.09
6911,7011,249,117.05
3176,3276,249,19.94
1642,1641,249,0.76
6337,6437,249,26.86
2978,3078,249,49.22
6909,7009,249,81.52
2132,2031,249,5.09
2133,2032,249,4.92
2135,2035,249,4.55
4067,4167,249,150.07
6808,6908,249,92.2
2181,2282,249,7.72
4167,4267,250,116.74
6433,6533,250,116.91
3474,3574,250,137.4
7023,7123,250,67.03
4906,5006,250,86.13
7014,7114,250,67.07
3813,3913,250,72.36
7019,7119,250,77.94
6915,7015,250,56.83
2879,2979,250,49.57
4166,4266,250,41.41
6703,6803,250,48.45
7018,7118,250,80.48
5647,5747,250,21.47
3870,3970,250,76.47
6435,6535,250,45.74
2681,2781,250,55.34
5155,5255,250,48.59
6813,6913,250,25.77
6436,6536,250,32.31
4813,4812,250,0.62
3077,3177,250,27.67
3969,4069,250,184.92
5055,5156,250,27.05
3871,3971,250,66.35
6727,6827,250,21.76
2980,3080,250,59.25
6807,6907,250,61.47
3574,3674,251,169.8
4267,4367,251,104.32
4069,4169,251,125.29
3872,3972,251,60.58
4468,4568,251,95.75
6434,6534,251,52.24
6601,6701,251,38.08
3773,3873,251,69.99
7010,7110,251,47.51
7017,7117,251,75.72
5650,5750,251,18.03
4410,4510,251,19.26
4507,4607,251,30.74
6729,6829,251,19.2
5553,5654,251,22.2
4561,4661,251,22.09
6908,7008,251,86.85
5254,5354,251,67.87
1350,1250,251,8.63
3275,3375,251,15.65
6812,6912,251,71.23
7009,7109,251,98.71
3078,3178,251,90.07
3970,4070,251,165.3
7011,7111,251,94.11
4169,4269,252,119.82
4070,4170,252,109.86
3674,3774,252,197.12
5006,5106,252,56.33
7015,7115,252,67.03
7119,7219,252,66.69
6803,6903,252,52.36
6913,7013,252,64.48
3080,3180,252,65.87
6907,7007,252,56.65
7118,7218,252,73.12
5752,5852,252,44.65
3276,3376,252,46.16
7020,7120,252,36.25
6702,6802,252,47.11
6804,6904,252,47.29
6805,6905,252,44.17
7122,7222,252,32.2
6044,6144,252,32.64
2421,2521,252,27.2
6828,6928,252,37.48
5746,5846,252,28.29
5845,5945,252,32.54
6816,6916,252,32.25
4265,4365,252,31.05
5651,5751,252,18.38
5652,5753,252,27.19
5652,5751,252,25.32
4759,4859,252,21.45
2781,2881,252,54.58
6339,6439,252,17.67
4660,4760,252,21.64
4858,4958,252,20.28
6141,6241,252,14.42
7114,7214,252,68.95
6535,6635,252,72.06
6926,7026,252,33.2
6536,6636,252,57.85
6806,6906,252,46.05
5255,5355,252,59.74
2979,3079,252,82.36
4512,4612,252,16.95
1363,1262,252,2.27
4306,4305,252,3.26
1839,1838,252,8.81
4269,4369,253,118.3
4170,4270,253,113.31
3178,3278,253,83.33
7110,7210,253,77.79
6912,7012,253,90.53
6533,6633,253,35.54
5156,5256,253,49.9
3873,3973,253,55.88
4266,4366,253,33.95
4367,4467,253,87.87
6532,6632,253,31.42
4364,4464,253,23.92
4463,4563,253,20.42
7121,7221,253,31.27
4957,5057,253,18.7
7109,7209,253,79.96
4568,4668,253,86.48
4562,4662,253,20.71
6827,6927,253,39.85
4408,4508,253,16.63
7008,7108,253,62.57
3221,3321,253,17.77
4407,4508,253,17.87
1350,1249,253,9.66
5155,5256,253,26.63
2282,2382,253,28.51
3618,3617,253,0.51
5654,5754,253,61.12
3177,3277,253,47.01
4607,4707,253,67.63
7117,7217,253,75.59
3020,3120,253,16.9
4707,4807,254,114.77
7012,7112,254,114.85
7013,7113,254,75.06
6916,7016,254,58.85
3180,3280,254,69.51
4305,4405,254,84.94
6701,6801,254,41.62
3375,3475,254,35.56
4369,4469,254,120.17
7123,7223,254,33.21
6829,6929,254,36.38
5748,5848,254,22.73
6437,6537,254,22.43
5749,5849,254,21.15
3774,3874,254,61.1
6531,6631,254,24.56
6915,7016,254,24.28
7115,7215,254,76.11
7026,7126,254,60.87
7120,7220,254,62.8
4409,4509,254,15.13
6903,7003,254,52.64
1350,1251,254,9.88
3973,4073,254,119.59
7219,7319,254,54.93
3971,4071,254,32.94
3079,3179,254,92.06
4306,4405,254,9.9
2881,2981,254,58.89
7111,7211,254,44.75
4807,4907,255,133.03
5754,5854,255,54.02
7108,7208,255,50.65
4467,4567,255,81.12
7210,7310,255,70.41
3277,3377,255,56.91
4469,4569,255,112.23
3278,3378,255,59.73
3376,3476,255,49.63
6802,6902,255,49.76
4668,4768,255,83.49
6534,6634,255,32.42
5747,5847,255,22.92
5752,5853,255,27.3
5752,5851,255,25.47
6338,6438,255,19.62
7023,7124,255,20.66
6440,6540,255,15.71
5106,5206,255,35.39
6635,6735,255,42.37
6730,6830,255,15.89
4812,4912,255,22.31
4206,4205,255,2.64
6906,7006,255,47.29
6636,6736,255,41.13
6242,6342,255,13.78
7217,7317,255,62.38
2382,2482,255,50.38
3972,4072,255,30.93
3714,3713,255,6.77
1781,1882,255,6.62
4511,4611,255,17.26
7209,7309,255,54.57
4569,4669,256,104.43
7003,7103,256,51.88
4073,4173,256,87.81
7319,7419,256,53.17
3179,3279,256,97.64
7016,7116,256,68.99
7112,7212,256,98.45
3280,3380,256,73.64
4270,4370,256,36.31
5945,6045,256,32.46
6928,7028,256,30.39
5846,5946,256,30.11
6144,6244,256,31.31
4661,4761,256,22.95
5156,5257,256,26.33
5256,5356,256,49.35
5355,5455,256,25.32
7126,7226,256,62.89
4365,4465,256,27.53
6143,6243,256,12.16
5354,5454,256,23.15
7215,7315,256,64.58
4510,4610,256,21.14
6240,6341,256,12.13
7214,7314,256,32.19
2981,3081,256,58.27
4370,4470,257,119.87
6438,6538,257,52.63
4567,4667,257,76.35
4768,4868,257,80.32
6537,6637,257,49.55
6801,6901,257,44.14
7007,7107,257,24.31
7317,7417,257,54.56
6905,7005,257,23.75
4760,4860,257,21.88
2521,2621,257,24.67
4669,4769,257,101.15
4405,4505,257,48.01
5750,5850,257,19.58
6904,7004,257,24.42
4958,5058,257,20.76
4859,4959,257,20.85
3813,3912,257,16.57
6927,7027,257,32.23
4072,4172,257,90.14
6340,6441,257,13.77
5553,5554,257,8.29
3874,3974,257,46.88
4907,5007,257,85.92
4366,4466,257,29.82
6902,7002,257,53.14
7222,7322,257,21.71
1938,1837,257,4.85
2821,2820,257,1.12
7116,7216,258,78.34
3279,3379,258,82.9
3380,3480,258,61.96
3081,3181,258,55.84
7315,7415,258,52.69
7103,7203,258,50.38
2482,2582,258,41.73
3378,3478,258,45.79
3377,3477,258,42.86
4470,4570,258,123.39
6634,6734,258,46.39
5356,5456,258,55.49
5854,5954,258,40.87
3476,3576,258,36.7
5851,5951,258,46.99
3475,3575,258,27.92
4563,4663,258,20.98
4464,4564,258,23.26
5852,5952,258,17.21
4071,4171,258,26.34
6439,6539,258,17.24
7226,7326,258,58.91
4508,4608,258,20.92
7025,7125,258,11.18
7212,7312,258,67.41
7113,7213,258,25.74
5853,5953,258,41.82
4106,4105,258,2.23
6735,6835,258,35.28
4173,4273,258,94.01
7221,7321,258,20.58
6736,6836,258,34.25
5654,5755,258,22.79
7219,7320,258,24.91
7220,7320,258,27.81
4662,4762,258,22.63
7006,7106,258,48.01
1679,1580,258,1.62
3576,3676,259,122.32
3575,3675,259,138.9
4570,4670,259,118.93
7002,7102,259,55.79
4868,4968,259,80.32
4171,4271,259,103.51
7417,7517,259,54.79
4769,4869,259,94.6
7223,7323,259,21.81
5849,5949,259,21.79
5848,5948,259,22.22
5754,5855,259,25.19
7108,7207,259,24.01
4505,4605,259,65.09
6633,6733,259,18.02
4612,4712,259,14.53
5156,5157,259,11.83
3120,3220,259,19.4
5206,5306,259,31.22
5256,5357,259,26.46
6632,6732,259,17.46
4667,4767,259,71.13
7026,7127,259,22.88
4912,5012,259,27.35
7211,7311,259,23.38
1349,1348,259,2.96
7208,7308,259,28.99
4172,4272,259,97.08
2027,1926,259,4.07
5057,5157,259,19.06
7219,7318,259,22.63
7310,7410,259,26.46
1362,1261,259,2.09
5007,5107,259,85
4466,4566,259,76.71
7322,7422,259,56.52
4509,4609,259,20.77
7309,7409,259,27.51
3676,3776,260,173.29
3675,3775,260,181.02
4670,4770,260,111.61
7125,7225,260,62.89
3379,3479,260,57.76
7321,7421,260,56.52
5456,5556,260,70.17
6637,6737,260,41.13
6045,6145,260,29.05
7326,7426,260,53.34
6244,6344,260,32.25
7314,7414,260,28.75
7124,7224,260,23.76
7003,7104,260,25.82
7319,7420,260,25.45
5847,5947,260,22.07
6631,6731,260,18.52
4465,4565,260,26.79
7320,7420,260,54.99
4273,4373,260,99.41
6901,7001,260,45.71
6044,6145,260,12.03
4272,4372,260,105.03
7004,7104,260,47.86
2135,2036,260,5.34
7005,7105,260,46.8
4605,4705,260,155.32
7216,7316,260,66.9
4770,4870,261,104.73
7102,7202,261,52.33
5855,5955,261,50.67
7422,7522,261,53.08
3181,3281,261,48.88
5954,6054,261,41.54
3478,3578,261,45.31
4869,4969,261,87.87
5951,6051,261,44.21
3477,3577,261,44.72
5946,6046,261,20.93
7028,7128,261,21.2
4610,4710,261,21.36
4761,4861,261,22.46
2582,2682,261,39.2
5854,5955,261,27.53
5851,5950,261,24.99
7319,7418,261,23.22
4767,4867,261,71.13
4373,4473,261,100.25
5455,5555,261,22.72
7317,7418,261,25.03
7126,7227,261,22.15
5953,6053,261,42.51
3480,3580,261,44.99
4566,4666,261,73.45
5107,5207,261,51.67
7517,7617,261,62.88
2027,1927,261,3.56
7312,7412,261,46.02
1839,1739,261,4.92
3577,3677,262,149.05
7420,7520,262,54.74
7414,7514,262,64.67
3775,3875,262,50.22
7001,7101,262,51.62
4705,4805,262,50.14
7415,7515,262,28.34
7106,7206,262,27.23
7203,7303,262,27.23
7315,7416,262,25.59
7421,7521,262,54.7
7103,7204,262,26.22
5356,5457,262,24.73
5306,5406,262,35.43
6836,6936,262,30.39
7317,7416,262,22.76
7316,7416,262,52.97
4611,4711,262,15.99
4959,5059,262,21.4
4860,4960,262,21.9
4271,4371,262,34.35
5058,5158,262,20.44
4968,5068,262,39.22
3974,4074,262,24.42
4608,4708,262,25.83
7426,7526,262,53.35
3677,3777,263,189.4
3578,3678,263,60.04
7418,7518,263,51.3
3281,3381,263,50.83
7227,7327,263,58.92
3479,3579,263,45.72
3776,3876,263,44.3
7207,7307,263,28.7
7410,7510,263,26.86
4867,4967,263,71.62
4870,4970,263,94.3
4663,4763,263,21.56
4762,4862,263,22.79
4564,4664,263,23.06
4473,4573,263,97.13
7417,7518,263,24.95
7409,7509,263,26.72
6540,6640,263,13.87
7226,7327,263,23.57
7226,7325,263,21.23
7213,7313,263,24.14
4305,4404,263,13.15
4666,4766,263,70.39
7522,7622,263,51.46
2030,1930,263,6.06
7212,7313,263,20.53
2028,1928,263,5.38
5312,5411,263,7.32
6835,6935,263,21.85
4371,4471,263,112.53
4372,4472,263,33.93
6342,6442,263,13.92
5554,5655,263,25.79
5654,5655,263,8.67
1840,1740,263,4.27
7311,7411,263,29.47
7322,7423,263,24.39
7308,7408,263,28.45
7526,7626,264,53.35
7101,7201,264,50.11
4805,4905,264,69.46
7416,7516,264,53.93
7514,7614,264,66.26
5955,6055,264,45.97
6054,6154,264,43.85
6737,6837,264,33.23
7105,7205,264,26.82
5556,5656,264,25.8
6145,6245,264,28.5
3220,3320,264,21.07
5949,6049,264,21.92
4471,4571,264,116.14
5948,6048,264,21.38
7521,7621,264,52.89
5954,6055,264,27.52
5952,6052,264,17.03
5951,6052,264,27.35
5951,6050,264,25.55
5457,5557,264,51.06
6538,6638,264,16.41
7417,7516,264,22.68
7326,7427,264,25.4
4609,4709,264,21.66
4205,4304,264,16.19
4073,4174,264,14.44
6929,7029,264,10.13
6928,7029,264,12.23
6144,6245,264,12.15
2682,2782,264,45.7
6829,6930,264,11.67
5207,5307,264,45.77
6830,6930,264,11.9
2182,2283,264,8.21
5953,6052,264,25.8
4565,4665,264,25.93
5212,5311,264,6.49
2033,1933,264,4.31
2034,1934,264,4.05
1444,1344,264,4.06
4472,4572,264,106.2
4969,5069,264,41.23
7312,7413,264,27.11
5158,5258,264,50.8
1579,1479,264,1.78
6344,6444,264,31.89
4967,5067,265,72.09
3678,3778,265,62.85
4766,4866,265,68.65
7518,7618,265,53.22
4763,4863,265,59.75
4862,4962,265,59.29
4708,4808,265,46.04
3875,3975,265,41.2
5406,5506,265,44.64
5947,6047,265,20.53
4573,4673,265,93.57
7224,7324,265,21.85
5855,5956,265,26.14
7422,7523,265,25.47
6539,6639,265,15.3
6441,6541,265,13.94
7326,7425,265,23.16
7423,7523,265,51.58
7202,7302,265,27.56
7412,7512,265,25.35
3813,3812,265,6.05
4404,4504,265,82.94
2029,1929,265,5.1
5068,5168,265,39.63
7617,7717,265,33.15
4571,4671,265,112.23
6243,6343,265,12.41
4970,5070,265,88.73
4572,4672,265,105.62
3580,3680,265,26.83
4011,3911,265,3.74
1680,1681,265,2.48
4808,4908,266,122.15
6055,6155,266,51.58
5069,5169,266,89.29
5557,5657,266,66.04
4905,5005,266,54.58
3381,3481,266,46.33
3777,3877,266,35.94
3579,3679,266,48.43
7206,7306,266,29.34
6936,7036,266,28.63
7413,7513,266,67.41
7515,7615,266,25.04
7204,7304,266,28.29
4861,4961,266,22.61
6046,6146,266,20.18
4710,4810,266,23.26
6734,6834,266,12.7
4672,4772,266,108.42
7201,7301,266,56.7
4665,4765,266,67.66
5106,5205,266,10.48
4671,4771,266,112.23
3715,3615,266,3.86
2282,2383,266,8.43
6053,6153,266,23.35
1361,1260,266,1.92
7427,7527,266,53.32
7426,7527,266,25.4
7303,7403,266,29.64
1839,1738,266,5.61
6541,6641,267,71.4
5070,5170,267,89.56
5956,6056,267,69.8
7618,7718,267,66.26
4863,4963,267,59.97
4962,5062,267,60.42
7408,7508,267,25.95
7411,7511,267,28.35
5307,5407,267,44.04
3876,3976,267,27.9
4772,4872,267,112.23
7510,7610,267,25.44
4960,5060,267,22.57
5955,6056,267,27.12
7418,7519,267,25.98
7420,7519,267,22.69
4866,4966,267,66.95
4673,4773,267,90.65
1837,1936,267,14.58
6733,6833,267,12.71
5059,5159,267,22.16
2782,2882,267,48.43
5006,5105,267,8.66
7522,7623,267,25.93
2082,2183,267,6.95
2030,1931,267,7.05
4771,4871,267,109.02
7517,7616,267,19.79
1444,1343,267,4.64
6051,6151,267,17.04
5168,5268,267,81.38
7419,7519,267,9.1
4173,4274,267,13.09
7307,7407,267,28.23
7426,7525,267,23.16
7425,7525,267,53.32
7301,7401,268,51.33
2383,2483,268,51.41
5657,5757,268,76.5
4961,5061,268,64.16
7615,7715,268,59.74
5169,5269,268,86.75
4908,5008,268,95.51
5067,5167,268,33.75
5506,5606,268,45.58
6048,6148,268,27.64
7205,7305,268,28.29
6049,6149,268,29.15
6245,6345,268,29
4664,4764,268,22.54
7526,7627,268,25.4
4711,4811,268,19.18
4709,4809,268,30.36
7227,7328,268,23.57
6732,6832,268,11.93
5855,5856,268,11.58
7509,7609,268,24.79
5457,5558,268,26.04
6244,6345,268,12.06
4105,4204,268,14.36
7520,7620,268,19.69
6731,6831,268,13.13
4765,4865,268,65.76
5206,5305,268,10.93
6935,7035,268,21.26
5158,5259,268,26.11
3714,3614,268,3.68
4504,4604,268,48.36
5060,5160,269,66.59
7525,7625,269,53.28
5268,5368,269,78.83
5170,5270,269,90.11
5062,5162,269,63.89
3679,3779,269,33.84
4872,4972,269,53.71
7513,7613,269,48.66
6047,6147,269,27.3
3320,3420,269,21.26
6154,6254,269,23.71
4966,5066,269,65.3
7614,7714,269,23.03
7327,7428,269,25.4
7518,7619,269,25.43
7526,7625,269,23.16
4810,4910,269,38.86
7029,7129,269,21.2
7717,7817,269,25.81
4773,4873,269,93.57
6837,6937,269,20.7
4963,5063,269,60.85
7423,7524,269,25.9
7622,7722,269,18.68
4274,4374,269,86.56
7512,7612,269,26.31
2882,2982,269,59.26
1250,1150,269,5.77
3778,3878,269,25.09
2033,1932,269,4.92
1444,1345,269,4.77
4604,4704,269,112.13
7302,7402,269,28.7
4972,5072,270,114.27
4764,4864,270,61.68
5061,5161,270,68.09
5269,5369,270,86.75
5008,5108,270,99.17
7616,7716,270,34.32
6056,6156,270,34.31
4871,4971,270,47.74
7403,7503,270,27.56
3481,3581,270,28.47
6146,6246,270,27.75
6155,6255,270,27.29
7623,7723,270,49.72
6055,6156,270,25.9
5656,5756,270,19.32
7626,7726,270,19.2
4763,4864,270,23.28
4809,4909,270,56.14
7128,7228,270,11.55
4865,4965,270,64.16
5407,5507,270,47.33
5258,5358,270,18.16
7621,7721,270,18.19
3680,3780,270,20.22
6637,6738,270,11.21
4704,4804,270,113.66
1982,2083,270,6.52
5705,5704,270,4.64
4009,4008,270,3.36
2483,2583,270,52.69
2034,1935,270,4.75
6050,6150,270,19.7
6052,6152,270,16.97
3975,4075,270,22.3
7306,7406,270,26.86
7304,7404,270,28.44
7324,7424,270,20.16
7427,7528,270,25.4
4011,3910,270,4.19
5270,5370,271,85.07
5305,5405,271,36.15
4374,4474,271,85.02
7718,7818,271,33.11
7511,7611,271,25.26
6153,6253,271,23.58
7036,7136,271,20.68
4910,5010,271,50.27
5072,5172,271,111.92
5557,5658,271,21.02
6442,6542,271,13.12
5558,5658,271,47.28
6640,6740,271,12.66
5063,5163,271,61.69
6834,6934,271,23.06
5457,5458,271,11.46
7523,7624,271,26.34
3715,3616,271,4.54
5160,5260,271,67
2982,3082,271,71.39
7407,7507,271,25.65
4864,4964,272,61.91
5162,5262,272,34.39
5368,5468,272,39.05
4873,4973,272,41.91
6148,6248,272,28.41
7401,7501,272,25.81
4811,4911,272,25.77
7508,7608,272,24.88
6149,6249,272,28.17
4965,5065,272,62.59
7618,7719,272,20.94
4863,4964,272,23.2
6151,6251,272,23.17
5507,5607,272,53.41
6738,6838,272,64.95
7610,7710,272,24.91
4909,5009,272,50.28
7609,7709,272,25.14
6737,6838,272,11.97
5172,5272,272,106.78
5161,5261,272,71.39
4971,5071,272,94.89
7305,7405,272,26.86
1373,1272,272,1.23
1360,1259,272,1.84
6345,6445,272,30.17
6344,6445,272,12.1
6740,6840,273,58.83
5658,5758,273,59.16
3082,3182,273,65.87
2583,2683,273,43.35
5108,5208,273,49.87
6156,6256,273,35.68
5009,5109,273,118.53
5066,5166,273,31.22
5757,5857,273,23.54
5010,5110,273,50.28
7715,7815,273,23.96
6147,6247,273,27.99
7035,7135,273,20.64
7402,7502,273,28.23
7623,7724,273,26.38
6541,6642,273,19.15
5956,6057,273,19.7
6639,6739,273,13.98
6444,6544,273,11.52
4474,4574,273,83.02
4804,4904,273,33.44
4473,4574,273,12.49
1250,1151,273,6.73
1250,1149,273,6.56
5107,5208,273,10.31
5369,5469,273,39.63
5272,5372,273,102.1
5260,5360,273,62.69
5167,5267,273,24.44
1475,1375,273,1.17
4973,5073,274,81.27
3780,3880,274,31.37
5405,5505,274,41.23
7714,7814,274,22.91
7612,7712,274,23.62
3779,3879,274,20.14
4204,4303,274,23.59
5856,5957,274,23.87
7620,7720,274,18.08
7627,7727,274,19.69
5071,5171,274,92.47
7613,7713,274,21.45
5558,5659,274,26.9
6930,7030,274,10.44
6936,7037,274,12.37
6255,6355,274,27.34
4964,5064,274,62.59
4573,4674,274,13.18
6254,6354,274,23.1
7719,7819,274,68.18
4963,5064,274,22.88
5259,5359,274,19.95
6246,6346,274,27.97
4404,4503,274,13.62
5370,5470,274,38.64
7503,7603,274,27.37
7817,7917,274,22.72
7406,7506,274,25.08
3714,3613,274,4.21
6344,6443,274,10.86
6343,6443,274,12.21
5372,5472,275,97.77
2683,2783,275,54.02
5109,5209,275,59.9
5110,5210,275,96.81
5758,5858,275,79.83
6840,6940,275,53.35
4911,5011,275,43.88
7507,7607,275,25.54
7528,7628,275,20.15
7716,7816,275,23.89
4075,4175,275,22.53
3581,3681,275,24.77
3878,3978,275,17.33
7625,7725,275,18.72
1343,1442,275,19.96
6739,6839,275,62.89
6152,6252,275,23.25
5163,5263,275,31.22
7722,7822,275,17.76
7404,7504,275,24.86
5207,5308,275,10.8
3976,4076,275,14.22
5468,5568,275,42.11
1781,1782,275,1.93
5073,5173,276,78.96
5470,5570,276,80.66
7608,7708,276,25.8
6251,6351,276,25.13
7611,7711,276,24.74
5171,5271,276,93.57
6253,6353,276,23.5
7818,7918,276,24.58
4674,4774,276,70.46
6838,6938,276,28.64
5358,5459,276,27.22
7726,7826,276,17.82
5065,5165,276,30.94
6833,6933,276,11.53
7723,7823,276,18.07
6641,6741,276,11.55
6445,6545,276,31.18
7710,7810,276,25.46
7721,7821,276,17.56
6256,6356,276,37.93
7709,7809,276,25.95
5558,5559,276,12.69
3182,3282,276,44.99
7819,7919,276,62
5063,5164,276,22.58
3181,3282,276,8.08
4673,4774,276,13.8
3877,3977,276,10.47
6150,6250,276,18.97
5609,5608,276,3.05
2920,3019,276,3.98
6248,6348,276,28.05
6249,6349,276,27.94
5469,5569,276,41.04
7501,7601,276,30.08
5262,5362,276,26.08
5858,5958,277,91.44
2783,2883,277,66.88
5472,5572,277,97.44
3880,3980,277,47.74
4503,4603,277,42.71
3879,3979,277,34.71
5267,5367,277,32.82
6057,6157,277,27.91
7502,7602,277,29.34
6740,6841,277,23.6
5011,5111,277,50.27
7136,7236,277,19.64
6832,6932,277,11.55
6839,6939,277,55.14
6831,6931,277,11.55
5268,5367,277,14.68
5210,5310,277,56.72
6544,6644,277,33.21
5307,5408,277,10.95
5505,5605,277,37.97
1837,1836,277,5.13
4274,4375,277,14.74
6247,6347,277,28.11
4304,4403,277,11.13
7405,7505,277,24.29
1359,1258,277,1.8
5261,5361,277,24.85
5572,5672,278,112.74
5569,5669,278,88.61
3681,3781,278,37.3
3978,4078,278,37.42
6355,6455,278,29.23
7506,7606,278,25.8
7603,7703,278,28.17
7815,7915,278,23.5
5658,5759,278,23.48
4204,4203,278,10.56
5209,5309,278,35.78
7129,7229,278,11.55
5360,5460,278,21.17
5173,5273,278,87.73
4904,5004,278,24.87
4773,4874,278,13.18
4105,4104,278,5.04
5271,5371,278,91.95
5166,5266,278,23.49
1448,1347,278,1.63
6346,6446,278,29.98
4375,4475,279,71.45
3980,4080,279,50.87
6841,6941,279,53.31
6157,6257,279,56.93
5408,5508,279,51.02
5570,5670,279,44.2
6356,6456,279,41.33
7607,7707,279,26.11
5111,5211,279,50.28
7504,7604,279,26.59
7712,7812,279,24.22
7713,7813,279,23.41
7814,7914,279,24.42
6840,6941,279,25.4
7135,7235,279,19.08
7724,7824,279,17.87
7037,7137,279,21.27
4374,4475,279,15.12
2883,2983,279,73.93
3282,3382,279,37.75
5205,5304,279,11.11
3281,3382,279,8.05
5367,5467,279,71.81
7719,7820,279,20.26
1882,1983,279,6.09
7917,8017,279,23.17
6354,6454,279,22.89
5568,5668,279,30.85
4603,4703,279,91.86
4874,4974,280,79.51
3781,3881,280,52.38
3979,4079,280,44.42
7708,7808,280,26.25
7601,7701,280,26.71
5310,5410,280,38.17
4076,4176,280,24.45
4175,4275,280,24.82
7816,7916,280,22.05
1442,1542,280,21.37
7628,7728,280,20.17
5273,5373,280,98.82
7727,7827,280,18.27
6349,6449,280,28.59
5460,5560,280,51.26
6545,6645,280,32.2
1343,1342,280,7.87
7810,7910,280,25.04
5105,5204,280,11.35
5005,5104,280,10.54
7809,7909,280,25.7
5672,5772,280,81.99
6348,6448,280,28.86
5362,5462,280,25.96
5311,5410,280,8.85
3713,3712,280,4.09
5164,5264,280,31.22
5165,5265,280,32.37
2026,1925,280,1.8
5371,5471,280,85.02
6250,6350,280,26.6
4078,4178,280,53.13
5263,5363,280,24.68
4974,5074,281,105.13
5772,5872,281,101.91
5670,5770,281,99.45
2983,3083,281,80.64
5373,5473,281,101.43
7505,7605,281,25.86
5759,5859,281,49.8
5309,5409,281,35.72
5958,6058,281,27.46
7602,7702,281,27.61
7711,7811,281,24.85
7918,8018,281,21.83
7725,7825,281,17.82
4973,5074,281,16.11
3977,4077,281,21.49
7822,7922,281,17.67
4080,4180,281,50.48
6252,6352,281,17.98
6257,6357,281,52.03
2283,2384,281,8.35
7820,7920,281,70.29
4475,4575,281,80.67
3381,3482,281,8.13
6934,7034,281,10.83
7819,7920,281,22.47
4474,4575,281,15.64
7919,8019,281,23.45
5669,5769,281,45.58
3019,3119,281,21.36
6347,6447,281,29.45
5473,5573,282,109.77
3881,3981,282,58.65
5471,5571,282,84.77
4703,4803,282,40.33
6456,6556,282,45.16
7703,7803,282,26.36
7606,7706,282,26.91
6455,6555,282,31.04
6351,6451,282,18.65
7826,7926,282,17.98
5304,5404,282,40.73
5770,5870,282,110.05
7823,7923,282,17.42
5361,5461,282,23.44
6642,6742,282,11.55
6446,6546,282,31.06
4674,4775,282,19.47
6644,6744,282,23.76
5305,5404,282,10.4
7915,8015,282,25.33
4574,4675,282,17.3
6353,6453,282,17.4
4178,4278,282,63.19
5467,5567,282,37.71
2384,2484,283,53.84
6357,6457,283,50.05
5074,5174,283,96.03
5872,5972,283,60.06
3083,3183,283,64.49
7812,7912,283,25.77
7604,7704,283,30.11
7707,7807,283,26.47
7813,7913,283,25.57
5668,5768,283,29.8
5859,5959,283,66.22
7229,7329,283,21.74
7236,7336,283,19.62
6841,6942,283,25.41
6157,6258,283,24.25
5073,5174,283,16.77
6443,6543,283,12.29
6454,6554,283,25.51
4775,4875,283,157.57
7920,8020,283,57.91
3481,3582,283,8.43
5266,5366,283,23.99
7910,8010,283,47.18
1738,1737,283,6.21
5769,5869,283,93.53
4079,4179,283,47.57
4180,4280,283,51.72
1739,1639,283,4.57
3981,4081,284,57.01
5571,5671,284,95.64
5573,5673,284,72.26
6350,6450,284,27.45
4176,4276,284,31.84
7808,7908,284,26.13
7701,7801,284,25.99
7914,8014,284,24.22
5759,5860,284,26.36
6744,6844,284,56.98
5460,5561,284,25.99
5870,5970,284,61.67
7909,8009,284,25.51
5363,5463,284,25.4
4278,4378,284,70.48
7030,7130,284,10.47
6449,6549,284,28.05
8017,8117,284,24.72
1446,1346,284,2.02
1447,1346,284,2.17
4077,4177,284,45.59
6448,6548,284,28.65
5972,6072,285,52.37
6457,6557,285,50.38
4875,4975,285,65.8
6556,6656,285,40.59
7702,7802,285,26.41
7811,7911,285,25.41
7605,7705,285,29.23
6447,6547,285,29.91
7916,8016,285,25
7824,7924,285,17.8
5404,5504,285,39.52
4203,4302,285,23.1
4375,4476,285,19.13
6933,7033,285,11.17
6940,7040,285,10.48
6645,6745,285,23.76
6057,6158,285,12.43
7137,7237,285,19.63
6257,6358,285,25.78
5462,5562,285,24.8
5174,5274,285,85.83
4280,4380,285,57.77
1251,1252,285,3.26
7328,7429,285,8.46
2484,2584,285,59.06
2183,2284,285,8.27
5265,5365,285,23.49
1353,1253,285,2
5264,5364,285,23.54
4179,4279,285,57.53
5567,5667,285,37.4
5274,5374,286,106.32
4177,4277,286,56.82
3183,3283,286,35.18
7912,8012,286,47.63
8010,8110,286,44.85
5869,5969,286,49.41
5768,5868,286,42.63
4803,4903,286,33.32
7803,7903,286,25.14
7706,7806,286,27.58
3119,3219,286,23.27
7034,7134,286,21.26
6555,6655,286,27.86
8018,8118,286,23.07
7827,7927,286,18.09
7728,7828,286,18.66
4403,4502,286,15.79
6932,7032,286,11.18
6938,7038,286,10.14
8015,8115,286,25.08
6931,7031,286,11.18
6546,6646,286,31.16
5659,5760,286,12.64
5560,5660,286,18.45
4378,4478,286,69.62
5673,5773,286,72.5
5671,5771,286,61.4
4081,4181,286,54.49
3582,3682,286,44.06
7910,8011,286,26.91
1927,1827,286,4.03
8019,8119,286,21.82
5367,5466,286,16.75
1580,1581,286,3.68
6453,6553,286,26.85
5970,6070,286,81.59
1354,1254,286,1.95
7428,7529,286,8.46
5366,5466,286,34.01
1358,1257,286,1.68
5374,5474,287,132.48
5773,5873,287,130.03
2584,2684,287,50.63
4279,4379,287,71.43
4476,4576,287,55.68
5959,6059,287,27.03
7704,7804,287,27.08
7807,7907,287,27.16
6554,6654,287,29.94
6844,6944,287,46.66
6357,6458,287,26.3
7825,7925,287,17.83
6352,6452,287,18.13
6745,6845,287,57.01
6742,6842,287,21.19
6841,6842,287,10.77
7821,7921,287,9.48
4303,4402,287,11.16
6939,7039,287,10.48
7922,8022,287,18.66
4975,5075,287,86.02
7920,8021,287,23.92
7820,7921,287,19.53
4380,4480,287,56.25
6544,6643,287,10.71
4903,5003,288,54.37
5771,5871,288,74.57
4277,4377,288,56.74
6548,6648,288,27.5
7801,7901,288,25.41
4276,4376,288,33.24
7908,8008,288,25.33
3682,3782,288,60.81
7926,8026,288,18.87
5504,5604,288,36.15
3712,3811,288,17.69
5859,5960,288,20.95
4203,4202,288,10.12
7923,8023,288,17.54
8020,8120,288,22.19
3613,3612,288,7.49
4478,4578,288,66.37
4502,4602,288,85.24
5463,5563,288,25.57
3812,3811,288,4.47
6070,6170,288,52.56
1740,1640,288,4.09
5505,5604,288,10.21
7336,7436,288,20.08
5667,5767,288,36.77
5969,6069,288,63.59
6451,6551,288,19.23
6549,6649,288,28.05
1739,1640,288,5.35
2684,2784,289,66.68
6059,6159,289,71.38
5873,5973,289,55.69
5075,5175,289,91.04
7802,7902,289,25.33
6557,6657,289,25.92
7705,7805,289,27.72
6656,6756,289,32.24
6547,6647,289,29.39
5466,5566,289,35.98
6643,6743,289,64.89
5561,5661,289,21.06
6457,6558,289,26.22
7912,8013,289,26.83
8010,8111,289,27.27
8010,8109,289,25.44
7913,8013,289,17.74
5474,5574,289,83.75
4379,4479,289,70.48
6941,7041,289,10.14
8014,8114,289,23.55
6744,6843,289,21.92
8022,8122,289,57.35
8021,8121,289,55.99
4576,4676,289,80.09
4480,4580,289,53.88
4204,4103,289,6.87
8117,8217,289,24.01
8016,8116,289,25.57
1270,1169,289,1.84
4181,4281,289,48.5
1739,1638,289,5.21
4676,4776,290,101.66
5003,5103,290,56.55
4377,4477,290,57.8
5871,5971,290,89.35
6944,7044,290,49.91
6845,6945,290,48.21
7806,7906,290,26.78
7903,8003,290,26.17
6553,6653,290,30.26
3283,3383,290,26.91
5868,5968,290,28.65
3782,3882,290,74.08
5574,5674,290,108.92
7033,7133,290,21.24
6450,6550,290,19.88
6655,6755,290,28.48
6844,6945,290,27.01
6844,6943,290,25.06
5365,5465,290,24.38
4578,4678,290,71.23
7235,7335,290,9.48
5364,5464,290,23.75
2083,2184,290,7.44
5562,5662,290,24.48
2025,2024,290,2.03
1270,1170,290,1.61
1579,1480,290,2.08
4010,3909,290,2.67
4603,4702,290,11.7
2784,2884,291,84.44
6159,6259,291,66.69
5661,5761,291,50.8
7804,7904,291,25.14
6654,6754,291,31.73
7907,8007,291,25.89
3219,3319,291,23.51
8118,8218,291,24.32
7038,7138,291,21.85
6072,6172,291,18.34
7237,7337,291,18.66
8115,8215,291,24.31
7924,8024,291,17.72
4479,4579,291,68.68
5674,5774,291,140.44
7529,7629,291,20.15
6745,6846,291,24.22
6646,6746,291,22.46
8122,8222,291,56.67
4580,4680,291,74.87
5563,5663,291,36.32
8119,8219,291,23.1
7037,7138,291,8.47
1343,1243,291,4.34
5175,5275,291,97.67
1933,1833,291,3.81
8012,8112,291,23.11
1927,1828,291,4.74
1249,1248,291,2.64
6452,6552,291,26.94
6069,6169,291,43.18
2223,2122,291,1.77
4477,4577,292,68.77
5103,5203,292,67.08
3882,3982,292,81.66
5971,6071,292,50.47
6943,7043,292,51.52
5566,5666,292,33.84
6648,6748,292,29.44
7901,8001,292,25.28
7927,8027,292,19.05
7134,7234,292,19.11
7828,7928,292,18.3
8110,8210,292,16.94
4678,4778,292,79.89
7039,7139,292,21.86
4776,4876,292,96.2
7135,7234,292,7.67
4281,4381,292,49.04
1927,1826,292,4.61
5767,5867,292,26.3
4702,4802,292,60.63
6649,6749,292,29.05
5774,5874,293,99.53
5275,5375,293,92.96
3383,3483,293,34.25
5465,5565,293,33.97
6945,7045,293,48.19
6647,6747,293,30.39
4579,4679,293,73.74
7805,7905,293,25.69
6657,6757,293,28.48
7902,8002,293,26.95
5973,6073,293,30.17
5968,6068,293,45.11
5960,6060,293,20.2
8008,8108,293,24.11
7436,7536,293,20.09
6944,7045,293,26.33
7925,8025,293,18.24
4903,5002,293,22.82
6845,6946,293,26.71
8120,8220,293,21.86
7130,7230,293,11.18
6756,6856,293,30.14
4680,4780,293,62.5
8022,8123,293,24.11
6259,6359,293,62.48
1344,1244,293,3.55
2884,2984,293,88.37
6551,6651,293,20.68
5375,5475,294,139.96
4802,4902,294,58.93
4577,4677,294,93.32
5203,5303,294,82.5
3982,4082,294,79.53
8222,8322,294,48.07
7906,8006,294,26.08
8003,8103,294,25.99
6653,6753,294,30.37
8111,8211,294,22.21
8013,8113,294,22.59
6558,6658,294,22.12
6170,6270,294,19.95
8026,8126,294,18.52
8114,8214,294,23.2
7041,7141,294,21.2
8121,8221,294,23.27
4778,4878,294,74.98
6942,7042,294,9.82
8116,8216,294,24.12
4876,4976,294,83.37
5662,5762,294,31.66
1782,1883,294,7.57
5304,5403,294,9.93
8217,8317,294,23.17
5204,5303,294,10.39
6172,6272,294,44.25
6755,6855,294,33.21
3614,3514,294,3.89
4381,4481,294,61.64
8112,8212,294,40.78
6550,6650,294,28.29
2984,3084,295,61.63
6068,6168,295,53.92
6359,6459,295,61.48
5002,5102,295,68.54
4976,5076,295,133.03
7904,8004,295,25.3
7044,7144,295,21.19
7133,7233,295,20.16
5003,5102,295,22.07
4202,4301,295,22.72
4679,4779,295,96.72
6059,6160,295,19.16
5663,5763,295,25.52
8109,8209,295,17.44
8122,8223,295,24.34
7040,7140,295,10.47
5464,5564,295,24.58
7335,7435,295,21.18
3615,3515,295,3.52
6754,6854,295,31.14
1934,1834,295,3.3
5867,5967,295,35.78
5076,5176,296,143.37
4677,4777,296,97.72
4082,4182,296,69.41
5874,5974,296,35.36
6946,7046,296,46.71
3483,3583,296,49.77
8001,8101,296,26.65
5666,5766,296,33.25
6748,6848,296,29.49
8218,8318,296,23.8
6552,6652,296,21.08
8007,8107,296,24.08
3319,3419,296,21.13
6169,6269,296,21.79
8215,8315,296,23.34
7629,7729,296,20.65
6945,7046,296,26.72
6159,6260,296,20.79
4878,4978,296,69.13
5761,5861,296,24.24
7031,7131,296,10.82
7032,7132,296,10.48
5475,5575,296,86.95
6071,6171,296,29.44
3712,3711,296,6.61
4481,4581,296,73.98
8219,8319,296,24.16
7137,7238,296,8.46
4008,4007,296,3.96
1932,1832,296,3.78
1343,1242,296,4.96
7337,7437,296,20.13
4105,4005,296,2.69
6749,6849,296,29
6459,6559,297,69.74
5102,5202,297,73.57
8002,8102,297,27.71
5403,5503,297,37.73
6747,6847,297,29.51
7234,7334,297,20.09
7043,7143,297,21.18
8222,8323,297,26.74
8222,8321,297,24.72
6856,6956,297,32.16
4779,4879,297,63.01
5565,5665,297,32.9
5575,5675,297,136.3
8223,8323,297,56.23
4301,4401,297,50.24
6072,6173,297,12.39
8024,8124,297,17.83
7728,7829,297,8.45
6757,6857,297,31.47
5404,5503,297,10.05
4502,4601,297,13.08
5176,5276,297,165.54
8112,8213,297,27.53
6270,6370,297,39.88
5801,5701,297,1.63
6272,6372,297,45.62
1355,1255,297,1.54
1477,1376,297,1.2
4702,4801,297,20.61
5276,5376,298,110.18
3583,3683,298,62.47
6168,6268,298,46.96
6855,6955,298,32.24
7045,7145,298,20.68
8108,8208,298,23.84
7905,8005,298,24.77
4978,5078,298,75.1
7230,7330,298,21.73
8220,8320,298,23.75
7928,8028,298,18.74
8210,8310,298,16.95
8027,8127,298,18.12
4780,4880,298,20.46
4777,4877,298,85.71
5675,5775,298,103.48
6651,6751,298,20.3
7139,7239,298,19.14
1150,1050,298,3.46
6259,6360,298,22.3
1344,1245,298,4.18
2820,2919,298,3.46
6269,6369,298,64.52
1373,1273,298,1.07
4182,4282,298,66.37
6650,6750,298,28.21
5376,5476,299,104.63
5202,5302,299,79.79
4801,4901,299,62.32
6370,6470,299,85.56
3084,3184,299,30.09
8103,8203,299,24.83
8214,8314,299,23.66
8322,8422,299,23.88
8211,8311,299,22.1
8006,8106,299,24.43
6060,6161,299,26.67
7536,7636,299,19.53
6946,7047,299,27
4802,4901,299,21.22
4401,4501,299,67.3
8025,8125,299,18.13
4202,4201,299,9.79
8216,8316,299,22.91
8212,8312,299,22.51
4877,4977,299,133.16
5762,5862,299,20.33
2384,2485,299,7.98
5504,5603,299,10.4
4581,4681,299,42.21
5564,5664,299,25.18
8317,8417,299,23.34
1836,1835,299,4.6
3613,3513,299,4.11
6559,6659,299,63.98
6753,6853,299,20.14
5967,6067,299,25.21
4601,4701,299,50.49
7145,7245,300,51.57
4282,4382,300,85.92
6369,6469,300,96.56
3683,3783,300,84.96
6847,6947,300,49.9
5775,5875,300,60.28
8101,8201,300,27.58
6848,6948,300,25.61
7144,7244,300,20.11
6854,6954,300,21.22
8004,8104,300,24.79
6359,6460,300,22.66
6658,6758,300,17.74
8126,8226,300,16.99
6170,6271,300,12.55
4977,5077,300,102.99
7141,7241,300,19.66
5763,5863,300,24.68
3183,3284,300,8.33
6171,6271,300,29.38
8209,8309,300,23.78
4203,4102,300,6.55
1983,2084,300,6.79
6849,6949,300,25.34
7435,7535,300,20.48
6173,6273,300,36.43
2124,2023,300,1.47
6369,6368,301,121.64
6857,6957,301,6.89
8107,8207,301,7.1
8315,8415,301,7.6
5102,5101,301,71.05
4902,5001,301,22.9
5002,5101,301,19.7
5002,5001,301,66.63
8318,8418,301,7.6
1826,1825,301,50.78
8310,8410,301,16.35
1638,1637,301,56.46
8319,8419,301,6.88
1737,1736,301,55.5
3613,3512,301,24.05
1257,1256,301,62.98
1149,1148,301,66.08
1925,1924,301,191.31
1150,1049,301,25.17
1932,1831,301,24.82
1931,1831,301,9.51
3615,3516,301,5.14
1929,1829,301,8.36
5704,5703,301,22.85
1930,1830,301,8.28
1837,1736,301,22.27
1738,1637,301,24.86
2721,2720,301,14.75
5804,5703,301,7.9
6469,6468,302,91.82
1924,1923,302,199.83
5202,5201,302,75.09
6060,6061,302,7.65
7140,7240,302,1.47
1248,1247,302,60.69
5302,5301,302,77.14
4005,4004,302,39.6
1169,1168,302,38.7
5973,6074,302,3.76
3612,3611,302,24.54
3811,3810,302,38.29
4007,4006,302,51.38
4105,4004,302,10.73
4009,3908,302,7.85
6468,6467,303,108.07
1736,1735,303,61.22
6368,6367,303,90.71
4102,4101,303,34.02
1168,1167,303,120.26
2023,2022,303,43.61
5603,5602,303,39.66
1637,1636,303,50.9
5503,5502,303,36.42
6372,6371,303,42.69
1049,1048,303,81.85
6168,6167,303,29.42
5403,5402,303,34.11
6653,6752,303,12.17
1148,1147,303,68.97
8223,8324,303,7.15
2122,2121,303,36.08
5860,5961,303,2.56
1150,1051,303,7.37
5867,5866,303,29.97
1639,1538,303,24.87
1681,1682,303,1.66
3520,3519,303,21.08
5803,5702,303,7.7
6372,6472,304,3.68
8102,8202,304,6.89
8321,8421,304,7.41
3711,3710,304,25.94
4004,4003,304,86.04
8410,8409,304,35.42
8310,8409,304,26.52
3319,3318,304,21.43
1833,1732,304,25.56
3219,3218,304,25.16
1827,1726,304,24.47
3119,3118,304,24.34
1825,1824,304,37.16
6260,6361,304,10.67
3512,3511,304,49.06
2621,2620,304,18.75
2521,2520,304,22.82
2421,2420,304,25.23
1639,1539,304,11.08
3019,3018,304,21.58
1267,1166,304,7.16
2221,2220,304,23.53
6067,6066,304,25.1
2321,2320,304,23.54
6467,6466,305,74.91
3908,3907,305,36.61
1923,1922,305,34.72
5502,5501,305,79.94
1538,1537,305,58.54
1048,1047,305,69.54
1735,1734,305,59.04
3611,3610,305,48.3
3810,3809,305,49.04
1636,1635,305,54
8213,8313,305,7.1
3419,3418,305,23.62
5766,5765,305,23.19
1824,1823,305,244.46
1826,1725,305,25.05
5666,5765,305,11.63
1243,1142,305,23.54
1638,1537,305,23.27
5862,5962,305,12.52
1827,1727,305,10.67
5867,5966,305,11.65
6659,6759,305,10.26
5967,5966,305,22.74
1374,1274,305,2.28
1166,1165,306,61.69
3318,3317,306,68.16
6472,6471,306,78.16
4003,4002,306,79.44
7535,7534,306,17.99
3513,3412,306,25.85
7636,7635,306,18.43
8106,8105,306,16.03
7143,7142,306,16.97
1242,1241,306,17.99
1832,1731,306,24.31
1834,1733,306,24.43
1732,1731,306,53.74
1833,1733,306,11.9
1247,1246,306,26.05
7237,7338,306,2.63
8309,8308,306,17.4
1342,1341,306,17.47
3511,3510,306,51.46
1442,1441,306,16.63
6260,6261,306,9.49
6758,6858,306,17.92
2919,2918,306,18.62
2820,2819,306,8.94
6751,6851,306,7.33
7435,7434,306,15.19
2484,2585,306,1.35
1264,1163,306,7.41
1477,1377,306,1.8
3809,3808,307,65.92
3610,3609,307,50.03
5602,5601,307,32.6
6167,6166,307,26.37
1537,1536,307,52.13
6948,7048,307,16.33
1637,1536,307,25.01
6750,6850,307,7.24
5402,5401,307,31.73
7244,7243,307,16.48
8410,8509,307,26.48
1635,1634,307,60.76
1243,1143,307,9.84
1640,1540,307,8.6
1731,1730,307,120.87
1147,1146,307,28.02
8317,8416,307,10.83
6268,6267,307,14.53
1542,1541,307,13.67
3512,3411,307,25.5
1264,1164,307,2.4
1263,1162,307,7.51
1265,1164,307,7.05
1730,1729,308,146.57
3317,3316,308,63.67
1142,1141,308,48.04
3519,3518,308,22.84
3516,3415,308,20.59
8415,8414,308,14.77
8207,8206,308,15.39
5866,5865,308,22.32
3513,3413,308,12.3
6853,6852,308,12.61
8226,8225,308,12.79
8410,8510,308,16.45
3710,3709,308,27.91
8310,8411,308,11.82
4879,4979,308,3.88
8320,8420,308,6.74
5476,5576,308,2.39
3907,3906,308,44.34
3510,3509,308,52.67
8409,8408,308,30.41
2121,2120,308,24.35
4002,4001,308,78.76
1729,1728,309,149.29
1162,1161,309,68.4
3808,3807,309,84.95
7534,7533,309,43.95
5765,5764,309,28.4
1047,1046,309,33.14
2320,2319,309,20.63
3218,3217,309,22.79
3118,3117,309,22.53
3018,3017,309,22.33
2022,2021,309,17.93
6954,6953,309,11.37
7145,7246,309,10.17
7145,7146,309,9.01
1636,1535,309,24.08
1823,1822,309,25.49
8324,8423,309,24.83
7133,7232,309,7.94
3411,3410,309,62.19
5966,5965,309,25.96
8223,8224,309,6.23
1253,1152,309,11.59
1151,1152,309,1.63
6066,6065,309,23.17
3617,3517,309,2.99
1262,1161,309,7.46
3316,3315,310,59.43
3609,3608,310,36.91
1726,1626,310,17.07
1726,1625,310,26.14
2220,2219,310,19.88
6367,6366,310,14.4
1538,1437,310,22.56
3709,3708,310,87.31
1050,949,310,15.25
6459,6560,310,4.57
1732,1631,310,24.17
2420,2419,310,18.54
1634,1633,310,42.8
3418,3417,310,22.06
8417,8517,310,7.99
8409,8508,310,25.3
1539,1438,310,25.56
1261,1160,310,7.43
1270,1171,310,1.57
3608,3607,311,157.25
3217,3216,311,65.58
3509,3508,311,38.09
2918,2917,311,24.15
3410,3409,311,59.71
1142,1041,311,25.74
1725,1724,311,18.39
1141,1140,311,42.27
1537,1436,311,24.66
8208,8307,311,11.75
2520,2519,311,15.84
8312,8412,311,7.42
7234,7333,311,7.97
8203,8302,311,12.04
3807,3806,311,72.85
1535,1534,311,55.82
1260,1159,311,7.56
8422,8522,311,7.33
6758,6859,311,13.84
3508,3507,312,168.02
949,948,312,93.66
7533,7532,312,43.01
6267,6266,312,23.97
1146,1145,312,23.53
7534,7433,312,26.48
7534,7633,312,26.48
7635,7634,312,18.52
1441,1440,312,17.91
6466,6465,312,16.39
6467,6566,312,17.01
6469,6568,312,12.81
2620,2619,312,13.3
6948,7049,312,11.8
3708,3707,312,74.2
8314,8413,312,11.6
6470,6569,312,11.19
3607,3606,312,191.9
8106,8205,312,11.71
1733,1632,312,26.16
7131,7231,312,0.93
5078,5178,312,4.05
4005,3904,312,10.69
8203,8303,312,6.56
2720,2719,312,9.41
1254,1153,312,9.53
3315,3314,312,61.5
8422,8521,312,11.51
1259,1158,312,7.69
6166,6165,312,21.24
3507,3506,313,204.83
3806,3805,313,50.84
3216,3215,313,63.36
1631,1630,313,36.19
1625,1624,313,46.38
1046,1045,313,25.68
3906,3905,313,22.96
3317,3416,313,20.74
3412,3311,313,22.87
2819,2818,313,15.65
6472,6571,313,16.06
5865,5864,313,22.53
3707,3706,313,179.28
5965,5964,313,26.27
3409,3408,313,85.37
8324,8424,313,11.03
4004,3903,313,14.05
8410,8511,313,11.93
1536,1435,313,25.4
1436,1435,313,52.88
1634,1533,313,26.61
2021,2020,313,25.32
1241,1240,313,16.17
3606,3605,313,128.74
1257,1156,313,8.92
8417,8516,313,10.62
1539,1439,313,11.9
1341,1340,313,15.54
1258,1157,313,7.71
6566,6565,314,51.5
1724,1723,314,42.34
3314,3313,314,69.82
3017,3016,314,23.08
3117,3116,314,22.45
2120,2119,314,19.23
1143,1042,314,23.14
6065,6064,314,20.56
1922,1921,314,11.89
1142,1042,314,12.14
4003,3902,314,15.71
1141,1040,314,26.66
8415,8514,314,11.44
8207,8306,314,11.58
1822,1821,314,24.87
948,947,314,73.18
6957,7056,314,11.34
5863,5963,314,7.59
3411,3310,314,21.27
3408,3407,314,179.16
5862,5963,314,8.25
3283,3384,314,1.75
3506,3505,314,128.65
6559,6660,314,5.61
3706,3705,314,124.37
1479,1378,314,6.8
8419,8518,314,11.4
8418,8518,314,7.78
3415,3414,314,17.91
3413,3312,314,24.08
1140,1139,314,43.45
8510,8610,314,17.34
8510,8609,314,25.94
1723,1722,315,186.82
3805,3804,315,75.32
1340,1339,315,52.2
1156,1155,315,61.38
7433,7432,315,44.51
6568,6567,315,42.21
6366,6365,315,22.31
7533,7432,315,26.59
7533,7632,315,26.59
3605,3604,315,86.37
3215,3214,315,70.49
8415,8515,315,7.4
8104,8204,315,6.72
8201,8301,315,6.7
7437,7537,315,1.31
6957,7057,315,7.5
8103,8204,315,4.56
7243,7242,315,13.66
3407,3406,315,204.57
6571,6570,315,77.89
1435,1434,315,50.86
2284,2385,315,1.39
8408,8407,315,16.09
8419,8519,315,7.43
4002,3901,315,15.89
3406,3405,316,124.09
3310,3309,316,69.91
1630,1629,316,38.98
1240,1239,316,44.21
1533,1532,316,36.1
8508,8507,316,17.54
1626,1525,316,26.26
1625,1524,316,26.09
3410,3309,316,22.15
1437,1336,316,24.49
1726,1627,316,12.68
8421,8520,316,11.92
6953,6952,316,15.4
2917,2916,316,22.95
6955,7055,316,4.05
1438,1337,316,23.68
1633,1532,316,26.68
2219,2218,316,16.7
1169,1068,316,7.73
2584,2685,316,1.33
3505,3504,316,92.18
1629,1628,317,155.55
3804,3803,317,57.25
1155,1154,317,58.33
1045,1044,317,25.96
3309,3308,317,106.84
1145,1144,317,21.92
6266,6265,317,23.81
947,946,317,40.82
6465,6464,317,21.41
6955,7054,317,7.87
3214,3213,317,80.83
7239,7339,317,4.01
5875,5975,317,6.21
1255,1154,317,8.14
5078,5177,317,7.87
8127,8227,317,4.07
1436,1335,317,24.43
1480,1379,317,7.5
1243,1144,317,6.22
2319,2318,317,13.85
1534,1433,317,26.73
1040,1039,317,44.72
6165,6164,317,23.5
1140,1039,317,26.54
1068,1067,318,98.24
1524,1523,318,73.7
1722,1721,318,41.29
1339,1338,318,49.38
3705,3704,318,26.86
6566,6665,318,24.84
1632,1531,318,25.1
7433,7332,318,26.4
3216,3115,318,20.85
1626,1526,318,13.02
6064,6063,318,28.01
2818,2817,318,21.42
3604,3603,318,35.76
1143,1043,318,9.52
7333,7332,318,15.85
7245,7344,318,7.92
3308,3307,318,197.17
4880,4980,318,2.61
1170,1069,318,7.12
7532,7531,318,17.35
3405,3404,318,91.98
2020,2019,318,20.12
6659,6760,318,6.53
1067,1066,319,101.83
1523,1522,319,161.66
6565,6564,319,21.56
3016,3015,319,21.65
1624,1623,319,19.3
1533,1432,319,26.57
3803,3802,319,57.46
1921,1920,319,23.66
3307,3306,319,191.09
6851,6950,319,11.2
1821,1820,319,24.61
6954,7053,319,7.69
1050,950,319,5.16
8226,8325,319,7.86
3213,3212,319,86.06
1435,1334,319,25.02
1581,1481,319,3.99
8510,8611,319,13.02
6063,6062,320,51.18
8609,8608,320,17.22
1139,1138,320,19.03
1042,941,320,25.65
8509,8608,320,11.77
6858,6958,320,7.32
6851,6951,320,7.61
3306,3305,320,108.37
3115,3114,320,74.72
2719,2718,320,13.69
8306,8305,320,17.87
1273,1172,320,7.28
1040,939,320,26.37
2119,2118,320,18.09
3603,3602,320,63.65
1522,1521,321,74.54
1531,1530,321,47.88
946,945,321,31.92
6365,6364,321,18.53
1339,1238,321,25.42
3311,3210,321,19
3504,3503,321,24.34
7146,7147,321,8.55
6164,6163,321,25.35
8414,8513,321,11.59
8514,8513,321,14.73
2916,2915,321,22.15
2419,2418,321,9.36
6073,6174,321,2.62
3802,3801,321,62.81
1434,1333,321,26.77
8407,8406,321,17.77
7632,7631,321,17.04
1066,1065,322,37.35
1721,1720,322,29.35
2817,2816,322,26.27
6265,6264,322,20.48
6464,6463,322,24.15
8507,8506,322,19.21
1525,1425,322,17.56
1525,1424,322,25.76
3804,3703,322,23
3310,3209,322,18.59
6566,6666,322,11.05
8508,8607,322,11.95
3210,3209,322,102.92
2519,2518,322,9.74
7432,7431,322,14.36
6953,7052,322,11.59
3212,3211,322,34.98
3114,3113,322,88.49
6571,6670,322,16.14
1336,1235,322,26.38
1040,940,322,13.25
1530,1529,323,63.62
1623,1622,323,31.62
3404,3403,323,21.52
1042,942,323,12.02
8302,8401,323,11.82
8517,8617,323,7.8
8517,8616,323,10.93
3113,3112,323,104.44
6472,6572,323,5.51
2619,2618,323,9.74
8324,8425,323,7.09
939,938,323,44.56
1581,1582,323,2.35
1335,1234,323,25.72
1376,1275,323,6.23
1039,1038,323,18.85
8511,8512,323,10.47
1065,1064,324,71.38
6670,6669,324,67.82
1424,1423,324,60.49
1238,1237,324,45.02
1333,1332,324,46.69
6665,6664,324,17.06
1338,1237,324,25.2
6564,6563,324,23.95
6063,6162,324,24.93
3803,3702,324,22.93
8521,8620,324,12.01
8303,8402,324,12
8205,8304,324,11.92
7146,7247,324,9.68
3015,3014,324,23.12
1274,1173,324,7.78
3305,3304,324,25.96
1920,1919,324,20.72
8522,8621,324,11.73
7829,7929,324,1.93
1820,1819,324,23.64
1336,1236,324,13.28
8422,8523,324,5.38
7531,7530,324,16.91
3703,3702,324,63.67
2019,2018,324,18.24
6364,6363,325,25.16
1334,1233,325,26.07
3209,3208,325,45.4
6569,6668,325,11.3
3112,3111,325,88.56
945,944,325,31.63
8226,8326,325,4.07
7243,7342,325,7.92
4681,4781,325,3.37
8611,8711,325,17.1
8611,8710,325,26.12
938,937,325,50.23
3603,3502,325,20.75
1064,1063,326,87.15
1529,1528,326,36.53
1038,1037,326,46.45
1720,1719,326,25.39
6958,7058,326,18.02
3602,3601,326,18.27
1138,1137,326,18.7
8609,8708,326,11.91
7344,7343,326,13.97
8516,8615,326,11.19
6568,6667,326,10.44
1153,1052,326,10.44
1163,1062,326,7.28
7245,7345,326,3.94
2118,2117,326,16.68
8306,8405,326,11.99
8522,8622,326,7.09
2718,2717,326,17.98
3208,3207,326,183.58
2915,2914,326,22.95
939,838,326,26.39
3802,3701,326,21.05
7337,7438,326,2.54
8511,8612,326,11.68
1528,1527,327,260.17
1423,1422,327,38.44
1622,1621,327,29.88
6264,6263,327,24.57
1333,1232,327,26.02
1521,1520,327,16.68
3207,3206,327,127.88
6760,6860,327,11.94
1525,1426,327,13.32
3111,3110,327,75.54
1626,1527,327,8.66
1162,1061,327,7.12
8514,8613,327,11.43
8610,8709,327,11.65
2816,2815,327,23.3
8028,8128,327,2.42
8607,8606,328,19.96
8506,8505,328,19.73
6463,6462,328,16.96
6958,6959,328,12.82
1432,1431,328,11.13
2318,2317,328,9.82
7055,7154,328,11.95
8507,8606,328,12.1
7057,7157,328,7.95
7631,7630,328,16.6
3014,3013,328,30.87
947,846,328,10.57
8303,8403,328,6.66
8515,8614,328,11.58
940,839,328,26.62
8514,8614,328,7.41
2218,2217,328,8.99
838,837,328,50.9
8519,8618,328,11.23
5875,5876,328,3.68
2914,2913,328,79.68
939,839,328,13.3
8518,8618,328,7.62
1235,1134,328,26.43
1422,1421,329,74.54
6263,6262,329,50.03
6664,6663,329,23.48
1234,1133,329,26.54
1425,1324,329,21.62
1424,1323,329,21.87
1043,943,329,9.31
8520,8619,329,11.72
7057,7156,329,10.7
3206,3205,329,80.78
942,841,329,23.87
1156,1055,329,9.01
949,848,329,7.62
6563,6562,329,22.03
6360,6461,329,4.04
948,847,329,8.4
8519,8619,329,7.58
2518,2517,329,14.39
1137,1136,329,48.63
1161,1060,329,7.1
944,943,329,27.57
1061,1060,329,95.29
2418,2417,329,13.64
6952,7051,329,11.44
1060,1059,330,106.4
1323,1322,330,113.05
6363,6362,330,24.99
1819,1818,330,19.15
6670,6769,330,19.3
1236,1135,330,26.55
7054,7153,330,10.97
5178,5277,330,8.02
1160,1059,330,7.15
940,840,330,13.93
6273,6373,330,3.44
2913,2912,330,74.08
7241,7340,330,4.78
1377,1276,330,5.92
2618,2617,330,15.48
7431,7430,330,13.81
4780,4881,330,2.75
837,836,330,50.23
1919,1918,330,18.01
1235,1135,330,13.39
3304,3303,330,16.86
2018,2017,330,18.75
1059,1058,331,113.97
1055,1054,331,97.06
1431,1430,331,49.88
8708,8707,331,20.48
1719,1718,331,22.82
1233,1132,331,26.75
3502,3501,331,17.28
3403,3402,331,13.67
6666,6765,331,16.82
6958,7059,331,14
7055,7155,331,6.75
3110,3109,331,31.37
1155,1054,331,9.19
1158,1057,331,7.49
1159,1058,331,7.25
846,845,331,41.32
7332,7331,331,8.25
2717,2716,331,22.59
1037,1036,331,20.83
8611,8712,331,12.71
937,936,331,19.86
1057,1056,332,100.89
1322,1321,332,74.54
8405,8404,332,19.4
7058,7158,332,18
6669,6768,332,20.18
1154,1053,332,9.81
1157,1056,332,7.64
1171,1070,332,6.49
3013,3012,332,29.26
838,737,332,25.01
2815,2814,332,24.27
5974,6075,332,2.9
3109,3108,332,121.64
3383,3484,332,1.87
6571,6671,332,5.54
8305,8404,332,12.07
6765,6764,333,68.28
1430,1429,333,90.06
1421,1420,333,26.02
1332,1331,333,11.71
6951,7050,333,11.2
6760,6761,333,6.81
6950,7050,333,7.23
942,842,333,10.11
7342,7341,333,13.64
1051,951,333,3.41
7053,7152,333,10.64
936,935,333,50.26
6768,6767,334,64.94
1132,1131,334,48.44
845,844,334,45.77
839,738,334,26.29
8505,8504,334,18.59
8606,8605,334,19.15
1520,1519,334,16.15
1621,1620,334,15.69
1134,1033,334,26.04
6668,6767,334,17.63
1425,1325,334,8.44
8607,8706,334,12.14
8506,8605,334,12.13
3111,3010,334,16.82
3205,3204,334,22.92
7246,7346,334,4.01
950,849,334,9.55
3112,3011,334,13.48
5875,5776,334,4.18
5875,5976,334,4.18
2912,2911,334,25.79
2814,2813,334,82.23
3108,3107,334,97.71
837,736,334,25.2
1321,1320,335,41.44
935,934,335,51.38
6663,6662,335,19.88
1133,1032,335,26.51
1324,1223,335,25.51
3010,3009,335,176.96
1136,1035,335,25.14
1480,1380,335,2.46
2684,2785,335,1.22
3782,3883,335,1.49
1782,1783,335,1.25
2317,2316,335,14.54
6767,6766,336,63.44
2813,2812,336,74.34
1331,1330,336,35.28
6764,6763,336,37.62
3009,3008,336,110.1
3107,3106,336,75.42
839,739,336,13.08
1232,1231,336,11.24
1134,1034,336,12.61
6664,6763,336,12.13
8621,8720,336,11.9
8617,8717,336,7.79
8617,8716,336,10.94
7344,7443,336,7.94
3303,3302,336,17.11
8616,8716,336,7.8
8616,8715,336,10.93
6562,6561,336,14.46
840,739,336,26.74
1918,1917,336,18.67
836,835,336,18.99
2716,2715,336,22.53
2617,2616,336,19.59
2517,2516,336,16.65
1378,1277,336,6.51
2417,2416,336,15.28
1135,1034,336,25.73
2217,2216,336,13.64
934,933,337,52.14
2911,2910,337,38.96
844,843,337,42.4
1132,1031,337,25.64
3402,3401,337,19.95
2017,2016,337,15.35
8712,8812,337,17.53
8712,8811,337,25.78
1032,1031,337,59.64
6860,6960,337,11.1
7058,7159,337,13.97
8402,8501,337,11.42
6670,6770,337,7.08
1069,968,337,7.83
6760,6661,337,7.79
6760,6861,337,7.79
3206,3105,337,15.35
8620,8719,337,11.4
840,740,337,14.51
8710,8809,337,11.87
1818,1817,337,16.54
1718,1717,337,17.21
2910,2909,338,215.95
2812,2811,338,58.29
1330,1329,338,74.54
1223,1222,338,44
1429,1428,338,21.04
737,636,338,25.96
7158,7258,338,17.49
7158,7257,338,25.82
1324,1224,338,11.83
8708,8807,338,12.15
8402,8502,338,7.42
8612,8713,338,12.12
1066,965,338,7.76
1068,967,338,6.47
2117,2116,338,8.5
8523,8623,338,7.42
8622,8721,338,11.85
8711,8810,338,11.62
2909,2908,339,171.62
1428,1427,339,260.17
3105,3104,339,76.89
1031,1030,339,81.25
1620,1619,339,21.96
1131,1130,339,21.11
6764,6863,339,26.71
951,850,339,26.45
6768,6867,339,20.29
1320,1319,339,28.15
6765,6864,339,19.14
935,834,339,24.88
8615,8714,339,11.72
1379,1278,339,6.48
1519,1518,339,20.52
4980,5079,339,6.93
3204,3203,339,20.41
8709,8808,339,12.09
835,834,339,43.04
1030,1029,340,229.7
967,966,340,92.16
2715,2714,340,25.05
8605,8604,340,17.67
738,637,340,26.69
3008,3007,340,33.1
951,851,340,16.52
8706,8705,340,18.25
8505,8604,340,12.06
8606,8705,340,12.1
5178,5278,340,3.66
8423,8524,340,4.59
6472,6473,340,2.86
736,735,340,17.53
2908,2907,341,71.34
1130,1129,341,89.94
7257,7256,341,40.03
965,964,341,39.33
3007,3006,341,124.38
2616,2615,341,24
2516,2515,341,20.84
1231,1230,341,24.12
934,833,341,24.65
1223,1122,341,26.47
2316,2315,341,17.3
8504,8503,341,16.36
6767,6866,341,20.82
6663,6762,341,12.13
7051,7150,341,11.83
3302,3301,341,22.41
7157,7256,341,11.17
7052,7151,341,7.63
1033,932,341,23.02
7537,7637,341,3.87
7049,7148,341,4.89
1172,1071,341,6.75
8622,8722,341,6.92
2714,2713,342,85.03
1029,1028,342,74.54
6863,6862,342,36.19
1222,1221,342,30.45
2811,2810,342,25.18
739,638,342,26.49
2416,2415,342,18.62
738,638,342,14.22
842,741,342,16.31
8712,8813,342,13.28
1032,931,342,22.17
1275,1174,342,7.51
8227,8327,342,4.07
3303,3202,342,11.89
8619,8718,342,11.4
846,745,342,10.53
2814,2713,342,14.97
8618,8718,342,7.42
1917,1916,342,18.7
835,734,342,26.59
1129,1128,343,74.54
1230,1229,343,89.94
964,963,343,70.06
2907,2906,343,74.55
1329,1328,343,20.74
740,639,343,25.73
739,639,343,16.42
2812,2711,343,22.65
1223,1123,343,13.5
2813,2712,343,17.18
7443,7442,343,16
951,952,343,10.79
7158,7259,343,13.23
7155,7254,343,11.99
1817,1816,343,17.31
8707,8806,343,12.12
2216,2215,343,16.18
1173,1072,343,7.8
6174,6274,343,4.66
7339,7439,343,3.95
7342,7441,343,7.92
1319,1318,343,30.56
1581,1482,343,2.67
1328,1327,344,188.86
931,930,344,52.69
1122,1121,344,39.79
1518,1517,344,22.15
7257,7356,344,26.77
7258,7357,344,26.47
1717,1716,344,15.18
1420,1419,344,9.14
3006,3005,344,37.62
7345,7444,344,7.91
847,746,344,9.96
7344,7444,344,3.89
6572,6672,344,4.9
3104,3103,344,20.61
4382,4482,344,2.3
1619,1618,344,24.53
7636,7735,344,3.19
1327,1326,345,260.17
2711,2710,345,69.47
2906,2905,345,64.51
1221,1220,345,36.39
2810,2809,345,37.37
2515,2514,345,26.4
2615,2614,345,28.86
6864,6963,345,25.86
6863,6962,345,26.58
745,744,345,39.77
2116,2115,345,15.04
7258,7358,345,16.47
2016,2015,345,12.7
7050,7149,345,11.88
951,852,345,12.01
845,744,345,10.13
963,962,345,93.99
636,635,345,16.31
2184,2285,345,1.39
1121,1120,346,70.23
1229,1228,346,45.66
3202,3201,346,27.34
6866,6865,346,23.04
2315,2314,346,20.66
740,640,346,12.13
3105,3004,346,16.42
8605,8704,346,11.96
8705,8704,346,16.83
6764,6865,346,11.13
6768,6868,346,7.63
8706,8805,346,12.03
6765,6865,346,7
735,634,346,26.77
637,536,346,26.31
2084,1984,346,2.22
962,961,346,113.42
5078,5179,346,2.73
8127,8228,346,2.74
961,960,347,113.97
2614,2613,347,88.01
2514,2513,347,87.82
2710,2709,347,72.59
2809,2808,347,96.09
7356,7355,347,39.8
1318,1317,347,31.54
2415,2414,347,23.43
932,831,347,24
833,832,347,18.46
1122,1021,347,26.77
8604,8603,347,15.32
6960,7060,347,11.11
8504,8603,347,11.78
1054,953,347,8.98
7155,7255,347,6.67
7154,7253,347,7.5
6860,6961,347,7.14
6472,6573,347,3.32
848,747,347,8.12
960,959,348,113.69
931,830,348,24.49
2905,2904,348,46.93
1028,1027,348,17.95
638,537,348,26.76
1122,1022,348,14.96
744,743,348,44.05
6864,6964,348,12.32
930,929,348,29.75
844,743,348,10.43
1055,954,348,7.52
1324,1225,348,7.7
637,537,348,13.12
1481,1381,348,3.48
3284,3285,348,2.1
3882,3983,348,1.44
2513,2512,349,87.42
2613,2612,349,82.4
2709,2708,349,62.94
536,535,349,34.61
1618,1617,349,20.72
639,538,349,26.77
638,538,349,14.72
843,742,349,12.27
8720,8819,349,11.31
2215,2214,349,18.96
734,733,349,16.53
1220,1219,349,32.06
8713,8814,349,13.02
5576,5676,349,2.5
8717,8817,349,7.74
8717,8816,349,11.02
8716,8815,349,11.15
8715,8814,349,11.68
7633,7732,349,3.93
3103,3102,349,21.29
7153,7252,349,7.54
8809,8908,349,12.16
959,958,350,87.75
1228,1227,350,28.48
1517,1516,350,18.87
7735,7734,350,17.15
7357,7456,350,26.48
2712,2611,350,20.35
7356,7455,350,26.77
2314,2313,350,25.28
639,539,350,14.88
929,928,350,74.66
8810,8909,350,12.1
7258,7359,350,11.95
8807,8906,350,12.07
8719,8818,350,11.48
8720,8820,350,7.52
7247,7347,350,4
1816,1815,350,15.71
8523,8624,350,5.5
1682,1683,350,2.15
8326,8426,350,4.13
3483,3584,350,1.72
8811,8910,350,11.76
1227,1226,351,260.17
2512,2511,351,75.34
2708,2707,351,55.54
2808,2807,351,31.47
1317,1316,351,25.03
2414,2413,351,28.83
3004,3003,351,24.38
7358,7457,351,26.62
6962,7061,351,26.76
6963,7062,351,26.23
1716,1715,351,15.46
7357,7457,351,16.44
2711,2610,351,18.74
1128,1127,351,12.74
8502,8601,351,11.28
1223,1124,351,9.06
8808,8907,351,12.14
1276,1175,351,6.8
7441,7440,351,13.97
7341,7440,351,7.94
8425,8525,351,3.61
3104,3003,351,12.16
7355,7354,351,31.51
1419,1418,351,16.52
7632,7731,351,4.03
958,957,352,64.76
3102,3101,352,34.14
1027,1026,352,26.59
2115,2114,352,16.55
1121,1020,352,18.49
536,436,352,16.72
536,435,352,26.35
634,633,352,17.94
8623,8723,352,7.3
928,927,352,55.49
8502,8602,352,7.54
2904,2903,352,31.8
2015,2014,352,15.14
7346,7445,352,7.9
8705,8804,352,11.85
7152,7251,352,7.8
7059,7160,352,6.76
7345,7445,352,3.96
849,748,352,7.98
733,732,352,41.24
5278,5377,352,11.89
8811,8911,352,7.05
6671,6771,352,5.21
1127,1126,353,70.12
2511,2510,353,66.38
2610,2609,353,63.41
1219,1218,353,26.54
830,829,353,20.43
832,731,353,26.5
8704,8703,353,15.65
7358,7458,353,13.95
6963,7063,353,12.95
2710,2609,353,17.73
8604,8703,353,11.57
1916,1915,353,9.98
8721,8821,353,7.09
1056,955,353,6.74
7455,7454,353,36.26
7634,7733,353,3.53
7355,7454,353,25.64
3184,3185,353,1.86
8722,8821,353,11.92
4681,4682,353,1.85
1126,1125,354,260.17
957,956,354,51.7
1026,1025,354,74.55
2807,2806,354,49.22
2214,2213,354,22.7
2709,2608,354,21
2313,2312,354,25.11
1070,969,354,6.5
1057,956,354,6.41
7631,7730,354,4.36
851,750,354,10.23
2510,2509,355,62.81
829,828,355,78.14
2413,2412,355,27.15
2707,2706,355,32.09
538,437,355,26.69
2708,2607,355,23.58
8806,8905,355,11.86
633,632,355,42.8
1122,1023,355,10.38
740,641,355,7.94
733,632,355,26.73
1020,1019,355,38.33
2784,2885,355,1.13
1025,1024,356,74.55
2806,2805,356,83.86
750,749,356,57.87
1418,1417,356,20.01
538,438,356,15.8
1617,1616,356,16.06
535,534,356,16.01
7456,7556,356,16.81
7456,7555,356,26.3
745,644,356,10.68
7455,7554,356,26.58
1120,1119,356,10.49
3103,3002,356,12.17
8722,8822,356,6.81
4581,4582,356,1.62
2706,2705,357,76.04
828,827,357,74.54
1316,1315,357,19.43
1516,1515,357,15.89
639,540,357,10.31
6864,6965,357,8.09
965,864,357,7.72
968,867,357,7.37
7159,7260,357,7.35
746,645,357,11.74
7454,7453,357,25.84
3982,4083,357,1.45
2805,2804,358,61.82
1019,1018,358,48.41
2213,2212,358,27.49
1218,1217,358,24.7
7251,7250,358,19.09
2114,2113,358,19.09
2312,2311,358,25.03
7061,7161,358,14.83
2512,2411,358,16.88
6964,7064,358,11.05
634,533,358,11.99
633,532,358,26.61
436,335,358,26.77
7457,7557,358,15.28
1380,1279,358,6.42
632,631,358,47.67
1815,1814,358,13.98
8911,9010,358,26.77
1277,1176,358,6.47
7354,7353,358,16.06
2705,2704,359,78.69
2607,2606,359,25.46
7063,7162,359,24.88
2609,2508,359,23.87
731,730,359,17.19
2014,2013,359,16.48
2903,2902,359,15.88
8804,8803,359,15.73
2511,2410,359,19.79
867,866,359,72.22
8805,8904,359,11.66
8704,8803,359,11.64
7150,7249,359,7.93
744,643,359,10.28
436,336,359,14.99
3002,3001,359,38.42
8911,9011,359,14.82
7733,7832,359,26.76
1018,1017,360,56.57
2608,2507,360,26.14
2510,2409,360,21.05
1915,1914,360,14.92
8703,8702,360,15.65
7359,7459,360,10.63
747,646,360,10.92
7358,7459,360,9.45
435,434,360,13.54
864,863,360,41.07
1715,1714,360,12.49
1174,1073,360,7.94
966,865,360,7.43
8603,8702,360,11.39
927,926,360,13.77
7346,7446,360,4
1278,1177,360,6.75
7537,7538,360,2.24
3284,3385,360,2.4
5278,5378,360,5.03
7454,7553,360,23.43
7733,7833,360,14.8
438,337,361,40.65
335,334,361,32
953,853,361,10.24
7453,7452,361,33.48
1072,971,361,24.48
8813,8912,361,4.97
1071,970,361,26.89
743,642,361,27.45
2904,2803,361,24.23
8812,8912,361,2.96
632,531,361,37.25
6174,6175,361,2.23
631,630,361,28.91
1682,1583,361,3.07
437,337,361,21.51
7353,7352,362,31.68
7556,7656,362,14.4
534,433,362,29.47
539,439,362,14.22
8908,9007,362,7.9
538,439,362,16.56
7252,7351,362,8.27
7453,7352,362,35.67
8816,8915,362,8.41
5776,5777,362,3.75
963,862,362,26.84
7555,7654,362,18.79
852,751,362,12.81
7441,7540,362,4.83
962,861,362,25.94
8815,8914,362,8.28
2606,2605,363,17.04
533,432,363,33.27
2902,2901,363,20.29
7556,7655,363,20.47
1119,1118,363,6.1
438,338,363,18.53
335,234,363,33.69
748,647,363,29.26
958,857,363,26.73
8910,9009,363,7.76
1219,1118,363,20.71
8819,8918,363,8.39
959,858,363,26.97
960,859,363,25.93
1021,920,363,12.91
1381,1280,363,18.11
961,860,363,25.91
8817,8916,363,8.37
1175,1074,363,24.36
6768,6869,363,3.98
631,530,363,29.87
3084,3085,363,1.39
4082,4183,363,1.43
8909,9008,363,7.74
336,235,364,36.57
2704,2703,364,16.7
335,235,364,21.42
1417,1416,364,5.72
749,648,364,28.5
969,868,364,25.84
956,855,364,23.94
750,649,364,28.11
7063,7163,364,7.06
829,728,364,26.57
957,856,364,25.82
8818,8917,364,8.34
8820,8919,364,8.52
8819,8919,364,5.24
830,729,364,14.56
7452,7451,364,33.38
8906,9005,364,8.26
7453,7552,364,19.11
2212,2211,364,14.56
8817,8917,364,5.21
6771,6870,364,6.85
2184,2185,364,1.23
4681,4782,364,1.75
642,541,365,40.08
853,752,365,45.99
334,333,365,27.91
336,236,365,20.56
8904,8903,365,16.82
1176,1075,365,26.47
2311,2310,365,13.88
1279,1178,365,27.03
2705,2604,365,26.84
1616,1615,365,9.18
644,543,365,22.22
1023,922,365,24.65
955,854,365,20.3
1218,1117,365,19.17
2903,2802,365,11.53
8907,9006,365,8.1
8820,8920,365,5.43
867,766,365,26.93
864,763,365,24.41
7351,7350,366,33.19
334,233,366,28.71
865,764,366,25.68
1177,1076,366,26.47
643,542,366,25.63
2606,2505,366,24.91
8803,8802,366,16.04
2902,2801,366,25.59
2704,2603,366,23.59
433,332,366,35.72
645,544,366,17.96
7251,7350,366,8.15
234,233,366,34.94
866,765,366,26.88
8602,8701,366,8.4
1715,1614,366,11.23
8623,8724,366,4.06
7457,7558,366,8.46
863,762,366,26.23
337,237,366,21.15
8911,9012,366,10.14
7451,7450,367,34.1
970,869,367,26.99
971,870,367,24.89
926,825,367,21.02
926,925,367,15.79
1315,1314,367,7.07
1515,1514,367,8.87
7556,7657,367,12.04
2509,2408,367,15.13
234,133,367,37.78
2212,2111,367,18.24
927,826,367,11.59
5776,5677,367,4.97
4980,5080,367,1.47
751,650,367,29.65
2311,2210,368,16.89
7161,7261,368,9.26
7064,7164,368,9.2
1073,972,368,19.56
234,134,368,20.06
7359,7360,368,5.15
235,134,368,37.23
7247,7248,368,2.19
862,761,368,25.78
543,442,369,41.72
647,546,369,25.3
7350,7349,369,33.68
2605,2504,369,26.95
646,545,369,16.93
8914,8913,369,16.2
2410,2309,369,15.59
861,760,369,22.66
541,440,369,43.47
1814,1813,369,8.19
1280,1179,369,25.49
1516,1415,369,10.45
7452,7551,369,19.17
235,135,369,20.3
6672,6772,369,3.09
854,753,369,45.98
7733,7834,369,8.52
133,132,370,37.61
237,136,370,45.62
542,441,370,45.87
236,136,370,21.92
729,628,370,26.56
868,767,370,26.42
649,548,370,23.87
648,547,370,27.41
7656,7755,370,19
2409,2308,370,15.19
1074,973,370,20.48
8821,8921,370,5.1
8723,8823,370,4.82
2703,2702,370,16.88
8327,8427,370,2.72
5776,5877,370,3.67
133,32,371,45.45
766,665,371,26.78
2604,2503,371,25.61
543,443,371,17.8
2802,2701,371,25.04
9005,9004,371,16.38
7656,7756,371,12.02
860,759,371,17.93
7832,7831,371,7.7
1217,1216,371,3.14
8903,8902,371,16.8
1515,1414,371,11.19
438,339,371,10.18
1075,974,371,23.82
2014,1913,371,10.46
8905,9004,371,8.17
6964,7065,371,5.47
7655,7754,371,19.43
1021,921,371,5.59
6373,6374,371,2.27
1178,1077,371,25.06
6273,6374,371,1.63
3583,3684,371,1.51
752,651,371,26.2
9009,9108,371,19.03
134,33,372,41.75
1076,975,372,25.68
2505,2404,372,26.72
7451,7550,372,18.75
2603,2602,372,19.39
765,664,372,26.13
730,629,372,11.76
2113,2112,372,4.37
2211,2110,372,17.75
2703,2602,372,18.64
6573,6673,372,3.17
7443,7542,372,2.16
6473,6474,372,2.97
1714,1713,372,8.67
8227,8328,372,2.11
7654,7653,372,10.16
337,238,372,13.3
9009,9109,372,12.05
4182,4283,372,1.47
925,824,373,25.94
925,924,373,17.2
870,769,373,23.82
869,768,373,25.6
8802,8801,373,15.74
856,755,373,16.63
858,757,373,14.78
7349,7348,373,33.17
857,756,373,15.42
859,758,373,15.09
2603,2502,373,23.12
442,341,373,41.34
855,754,373,16.68
1381,1281,373,4.89
1714,1613,373,11.07
6174,6275,373,2.18
7441,7541,373,2.68
2884,2985,373,0.92
136,35,374,41.87
546,445,374,29.4
134,34,374,17.78
237,137,374,13.64
236,137,374,16.06
2310,2209,374,15.95
7350,7449,374,19
441,340,374,45.68
135,35,374,21.75
532,431,374,10.24
1315,1214,374,9.86
1316,1215,374,8.85
531,430,374,11.76
764,663,374,19.51
7537,7638,374,2.05
548,447,375,30.23
2504,2403,375,26.58
2408,2407,375,13.47
825,724,375,18.04
2111,2010,375,18.24
650,549,375,17.71
1179,1078,375,25.68
2013,2012,375,5.64
442,342,375,18.07
827,727,375,6.05
827,726,375,8.25
443,342,375,41.97
7359,7460,375,5.03
530,529,375,8.62
7459,7559,375,7.09
5178,5279,375,1.99
7540,7539,375,7.8
547,446,376,25.58
767,666,376,26.41
136,36,376,17.69
2702,2601,376,24.24
545,444,376,23.5
972,871,376,18.69
761,660,376,19.25
2408,2307,376,16.12
763,662,376,13.84
753,652,376,21.13
1482,1382,376,4.02
7449,7448,377,34.15
9004,9003,377,17.07
1077,976,377,25.18
826,725,377,15.26
341,240,377,44.95
1514,1513,377,10.2
7349,7448,377,19.28
7656,7757,377,9.66
2210,2109,377,16.86
2013,1912,377,8.49
8904,9003,377,7.84
7161,7262,377,7.22
443,343,377,17.61
7445,7544,377,4.83
9011,9110,377,7.73
755,654,377,36.88
762,661,377,13.1
629,528,378,26.36
975,874,378,26
2404,2303,378,26.7
9108,9107,378,15.97
8902,8901,378,16.39
339,239,378,14.35
7755,7855,378,13.61
7755,7854,378,20.09
340,239,378,38.7
973,872,378,17.77
7064,7165,378,7.16
233,232,378,8.34
974,873,378,21.7
1984,1884,378,3.95
238,138,378,17.41
6771,6871,378,3.36
342,241,379,44.81
924,823,379,27.02
924,923,379,16.72
758,657,379,26.35
1281,1180,379,25.46
2308,2207,379,16.18
2309,2208,379,15.07
769,668,379,24.65
756,655,379,24.11
650,550,379,8.95
1514,1413,379,11.79
432,331,379,9.34
9007,9106,379,8.38
2507,2406,379,7.59
757,656,379,26.27
768,667,379,26.96
530,429,379,9.01
5476,5477,379,1.35
7448,7447,380,33.74
549,448,380,32.3
663,562,380,23.95
445,344,380,26.26
137,37,380,17.49
754,653,380,22.01
2110,2009,380,18.11
664,563,380,17.94
2112,2011,380,18.13
1314,1313,380,7.9
8918,9017,380,8.44
8914,9013,380,8.08
2602,2501,380,19.99
2607,2506,380,6.7
8028,8029,380,1
9109,9208,380,19.07
447,346,381,25.84
529,428,381,26.81
7550,7549,381,11.91
7653,7652,381,11.49
240,139,381,45.43
32,31,381,10.41
132,131,381,9.43
1314,1213,381,10.53
8919,9018,381,8.6
343,242,381,36.16
665,564,381,15.19
9011,9111,381,4.47
1078,977,381,23.71
7636,7736,381,0.76
9109,9209,381,12.1
8916,9015,381,8.06
872,771,382,44.82
446,345,382,26.39
2403,2302,382,23.01
2403,2402,382,16.52
7449,7548,382,18.72
1813,1812,382,7.77
873,772,382,43.71
8920,9019,382,8.51
9006,9105,382,8.39
8919,9019,382,5.57
9005,9104,382,8.01
7754,7753,382,9.91
8426,8526,382,2.73
652,551,382,23.62
241,140,383,44.51
550,449,383,39.84
9003,9002,383,17.12
976,875,383,26.74
666,565,383,20.99
2307,2306,383,14.43
724,723,383,12.83
2010,1909,383,18.35
2209,2108,383,15.88
7755,7856,383,11.21
7831,7830,383,8.49
1813,1712,383,10.43
874,773,383,29.07
8914,9014,383,4.85
6473,6574,383,2.9
138,38,383,21.82
4382,4383,383,1.3
656,555,384,28.92
2307,2206,384,17.97
7559,7658,384,15.8
7065,7066,384,7.79
332,231,384,8.23
8920,9020,384,5.42
2303,2202,384,25.47
2502,2401,384,13.16
654,553,384,23.57
1613,1612,384,9.21
5976,6076,384,1.59
5576,5577,384,1.44
4880,4981,384,1.32
8916,9016,384,4.82
771,770,385,37.8
448,347,385,32.79
429,328,385,26.91
242,141,385,36.43
823,722,385,25.07
823,822,385,17.07
667,566,385,25.85
657,556,385,24.27
1180,1079,385,26.82
668,567,385,25.64
655,554,385,26.72
7855,7955,385,16.62
7855,7954,385,20.93
7448,7547,385,18.97
871,770,385,17.18
724,623,385,15.01
7065,6966,385,10.4
430,329,385,13.6
2302,2301,385,37.59
771,670,386,44.86
346,245,386,31.86
772,671,386,46.18
563,462,386,27.04
344,243,386,26.26
2406,2405,386,15.01
2109,2008,386,16.92
726,625,386,13.82
562,461,386,26.11
562,561,386,17.21
139,39,386,21.93
1017,916,386,5.46
1217,1116,386,5.4
8821,8922,386,4.06
7445,7545,386,2.69
1613,1512,386,11.39
2302,2201,386,45.49
3783,3784,386,1.27
1020,919,386,5.23
2184,2085,386,1.74
449,348,387,46.19
564,463,387,27.04
977,876,387,24.38
2406,2305,387,19.18
2207,2106,387,17.73
725,624,387,14.73
7559,7659,387,8.95
8723,8824,387,3.8
7459,7560,387,5.42
9208,9207,387,15.25
9109,9210,387,9.74
140,40,388,21.93
2202,2101,388,43.44
551,450,388,25.66
2009,1908,388,17.71
9104,9103,388,17.34
2208,2107,388,15.79
7855,7956,388,14.62
1216,1115,388,8.76
773,672,388,33.08
1215,1114,388,10.66
2485,2486,388,1.15
345,244,389,22.87
7549,7648,389,19.13
1413,1412,389,10.58
347,246,389,43.22
770,669,389,37.91
8902,9001,389,8.01
1214,1113,389,10.01
7854,7853,389,9.64
431,330,389,9.97
9012,9112,389,4.5
670,669,389,33.68
1019,918,389,4.75
8525,8625,389,2.44
565,464,389,26.41
7652,7651,390,11.49
7549,7649,390,12.19
1313,1312,390,10.44
653,552,390,14.4
7544,7543,390,8.07
7065,7166,390,7.64
1583,1483,390,3.51
7833,7932,390,4.75
670,569,390,45.56
5278,5379,390,2.6
554,453,390,29.26
652,552,390,7.33
243,142,391,30.73
1079,978,391,24.35
141,41,391,19.63
2306,2205,391,18.01
1909,1808,391,17.98
7753,7752,391,11.57
31,30,391,10.04
822,721,391,26.52
822,821,391,17.2
348,247,391,42.29
329,228,391,26.91
1018,917,391,4.55
8228,8229,391,2.15
462,361,392,25.78
1313,1212,392,11.81
2405,2304,392,25.68
727,626,392,8.62
8823,8923,392,4.7
1213,1212,392,9.14
7955,8055,392,16.02
7955,8054,392,20.9
1017,1016,392,3.18
1783,1784,392,1.92
461,360,392,24.86
461,460,392,17.03
561,460,392,25.64
561,560,392,17.17
569,568,393,36.7
463,362,393,26.54
876,775,393,25.93
2108,2007,393,15.6
449,349,393,11.07
450,350,393,21.77
450,349,393,31.67
348,248,393,17.37
246,145,393,39.55
672,571,393,34.55
131,130,393,9.09
566,465,393,18.2
553,452,393,16.76
453,452,393,37.41
569,468,394,46.14
9103,9102,394,17.09
2305,2204,394,22.9
7547,7546,394,11.86
623,622,394,12.44
1213,1112,394,11.35
453,352,394,42.44
464,363,395,26.55
7659,7758,395,17.84
2008,1907,395,16
556,455,395,15.46
623,522,395,14.36
9207,9206,395,13.91
331,230,395,9
9107,9206,395,8.57
246,146,395,19.18
671,570,395,17.41
9210,9309,395,18.81
145,144,396,34.97
244,143,396,22.39
625,524,396,14.49
7549,7650,396,9.82
9106,9205,396,8.44
245,144,396,15.51
1912,1811,396,7.85
7559,7660,396,6.95
2012,1911,396,6.83
2010,1910,396,4.87
7955,8056,396,13.87
7954,7953,396,9.63
8228,8129,396,2.91
9210,9310,396,11.8
552,451,396,24.37
453,353,396,17.25
568,467,397,46.18
145,44,397,46.04
1908,1807,397,16.79
7659,7759,397,10.75
1612,1611,397,8
1712,1611,397,10.21
1712,1711,397,7.49
875,774,397,10.51
821,720,397,26.16
821,820,397,17.21
9017,9116,397,8.39
1783,1684,397,2.64
2084,1985,397,1.7
9208,9307,397,8.4
248,147,398,30.19
350,249,398,29.46
2304,2203,398,26.38
560,459,398,25.46
560,559,398,17.14
460,359,398,23.77
460,459,398,16.75
978,877,398,22.1
330,229,398,16.22
7648,7647,398,11.56
141,42,398,11.27
1612,1511,398,10.6
142,42,398,14.68
2202,2102,398,7.55
9018,9117,398,8.74
450,351,398,14.8
1382,1282,398,4.59
1281,1181,398,4.07
8920,9021,398,4.36
916,915,398,8.76
2585,2586,398,1.11
9210,9211,398,9.63
7853,7852,398,11.34
570,469,399,43.21
352,251,399,29.22
775,674,399,26.82
465,364,399,26.19
571,470,399,25.24
30,29,399,14.12
2205,2104,399,18.91
569,469,399,12.17
7066,6967,399,9.47
7066,7067,399,7.02
7932,7931,399,12.19
362,261,399,24.61
9018,9118,399,5.85
758,658,399,3.9
7833,7933,399,2.61
361,260,399,22.2
916,815,399,11.12
9209,9308,399,7.89
7834,7933,399,4.81
2485,2386,399,1.64
44,43,400,36.32
2204,2103,400,27.42
8055,8155,400,13.67
8055,8154,400,20.12
7752,7751,400,11.74
1312,1311,400,10.42
1412,1411,400,9.14
360,259,400,19.34
9105,9204,400,7.93
9015,9114,400,7.85
1808,1707,400,17.61
1512,1411,400,10.78
2101,2001,400,8.74
6871,6970,400,6.7
9102,9101,401,16.16
2007,2006,401,13.35
1115,1014,401,11.73
9014,9113,401,8.05
363,262,401,24.86
9002,9101,401,8.02
9104,9203,401,7.62
9013,9113,401,4.82
6772,6872,401,3.2
130,129,401,13.07
353,252,402,25.02
146,45,402,23.26
2007,1906,402,15.92
1312,1211,402,11.81
1116,1015,402,9.37
567,466,402,8.4
9020,9119,402,8.25
9016,9115,402,7.93
7542,7641,402,4.83
3384,3485,402,1.59
9210,9311,402,9.45
351,250,403,29.65
147,46,403,30.15
249,148,403,30.23
2104,2003,403,37.84
1113,1012,403,10.65
657,557,403,4.23
1114,1013,403,9.77
624,523,403,9.1
5378,5478,403,2.34
8054,8053,403,9.75
6672,6773,403,2.3
7541,7640,403,4.8
470,369,404,34.55
1181,1080,404,26.58
559,458,404,24.89
559,558,404,17.04
9307,9306,404,14.86
1907,1806,404,15.88
7659,7760,404,8.5
1707,1606,404,45.2
1707,1706,404,32.94
9020,9120,404,5.05
1909,1809,404,4.91
9207,9306,404,8.74
229,128,404,26.94
7638,7737,404,4.85
6275,6375,404,3.26
467,366,404,20.38
6573,6674,404,2.36
9310,9409,404,18.69
8327,8428,404,2.1
251,150,405,25.98
877,776,405,21.18
459,358,405,21.7
774,673,405,20.1
29,28,405,17.21
8055,8156,405,11.27
1112,1111,405,9.28
555,454,405,6.95
625,525,405,5.36
364,263,405,24.07
7066,7167,405,6.88
359,358,405,15.18
760,659,405,4.03
9310,9410,405,11.65
4482,4483,405,1.72
554,454,405,5.18
7953,7952,405,11.12
453,454,405,6.73
524,423,406,14.37
359,258,406,19.57
453,354,406,9.11
252,151,407,29.45
469,368,407,19.85
7852,7851,407,11.75
7647,7646,407,11.83
7660,7661,407,9.43
9103,9202,407,7.73
2206,2105,407,6.42
6474,6475,407,2.88
261,160,407,20.18
8427,8527,407,2.72
259,158,407,22.35
260,159,407,18.92
7834,7934,407,2.67
369,268,408,41.97
250,149,408,29.4
148,47,408,34.26
2006,2005,408,14.32
262,161,408,22.42
7660,7561,408,12.27
1606,1505,408,44.14
1606,1605,408,31.19
8155,8254,408,19.35
674,573,408,15.87
2103,2002,408,19.04
917,816,408,8.45
9409,9408,408,31.72
466,365,408,25.44
557,456,409,28.28
2006,1905,409,17.75
7751,7750,409,11.75
8155,8255,409,12.47
1112,1011,409,9.46
8922,9022,409,4.47
1079,979,409,4.22
722,621,409,5.98
8823,8924,409,3.69
5677,5678,409,2.39
622,521,409,9.48
2385,2286,409,1.68
6871,6971,409,3.28
2003,1902,410,22.97
7542,7642,410,2.69
8228,8329,410,2.11
558,457,411,22.71
366,265,411,22.23
128,127,411,15.43
9306,9305,411,16.39
458,357,411,22.7
458,457,411,16.42
8056,8057,411,6.73
353,253,411,6.87
358,257,411,24.41
358,357,411,16.93
7931,7930,411,8.38
672,572,411,4.45
1706,1705,411,15.02
8154,8153,411,9.68
915,914,411,8.25
5876,5977,411,1.56
3783,3884,411,1.24
149,48,412,46.09
258,157,412,26.76
776,675,412,22.67
263,162,412,22.73
128,27,412,20.15
7640,7639,412,12.09
8053,8052,412,11.25
7660,7761,412,9.26
8056,7957,412,9.11
9102,9201,412,8.1
1707,1607,412,8.97
1808,1708,412,4.95
7760,7859,412,18.8
1809,1708,412,18.54
7638,7738,412,2.7
1605,1504,412,44.48
1605,1604,412,31.7
5677,5578,412,3.18
8724,8725,412,2.19
6175,6176,412,1.97
9310,9411,412,9.32
9409,9509,412,13.32
9409,9508,412,19.92
915,814,412,10.78
159,58,413,26.01
158,57,413,26.28
522,421,413,7.99
9112,9212,413,4.31
7561,7461,413,20.52
1311,1310,413,8.24
7760,7860,413,11.78
6275,6276,413,2.53
523,422,413,14.56
2001,1901,413,8.27
4582,4583,413,1.77
573,472,414,26.86
268,167,414,24.66
268,267,414,16.98
368,267,414,21.35
368,367,414,15.92
1014,913,414,11.01
815,714,414,9.6
9307,9406,414,8.51
978,878,414,4.47
1705,1704,414,34.19
1311,1210,414,10.78
7952,7951,414,11.66
1211,1210,414,8.95
160,59,414,20.75
1902,1801,414,35.58
151,50,415,19.3
525,424,415,14.46
1012,911,415,11.81
1411,1410,415,6.97
1511,1410,415,8.81
1511,1510,415,5.95
365,264,415,21.97
1711,1610,415,7.95
1611,1510,415,8.2
9205,9304,415,7.74
524,424,415,5.38
8155,8256,415,10.09
3085,3086,415,1.96
1211,1110,415,11.24
9408,9407,415,15.84
9508,9507,416,32.45
253,152,416,29.27
7851,7850,416,11.79
7646,7645,416,11.89
150,49,416,13.78
1607,1506,416,43.34
1013,912,416,11.05
1811,1710,416,7.12
7067,7068,416,6.06
1905,1904,416,14.94
423,322,416,15.01
3085,2986,416,2.68
918,817,416,5.31
721,620,416,5.84
161,60,416,19.27
127,26,417,25.64
127,126,417,17.17
8255,8354,417,18.68
1282,1182,417,5.32
1483,1383,417,3.72
7067,6968,417,8.27
1985,1885,417,5.07
357,256,417,27.02
357,356,417,16.69
1905,1804,417,19.03
257,156,417,26.59
9409,9510,417,10.92
7834,7835,417,2.11
1704,1603,418,39.82
1704,1703,418,26.04
157,56,418,25.79
265,164,418,23.14
8255,8355,418,11.64
7750,7749,418,11.93
675,574,418,24.32
9114,9213,418,7.95
1911,1810,418,6.6
8056,8157,418,6.59
1111,1010,418,11.26
2104,2004,418,5.28
571,471,418,4.1
7648,7747,418,4.96
720,619,418,6.99
7661,7662,418,9.57
919,818,418,4.44
151,51,419,8.58
369,269,419,6.77
9119,9219,419,5.91
9203,9302,419,7.98
9204,9303,419,7.53
1604,1503,419,20.98
7649,7748,419,4.91
7561,7562,419,9.49
7760,7861,419,9.44
7661,7562,419,12.42
8254,8253,419,9.4
167,66,420,25.85
167,166,420,17.19
9406,9405,420,16.71
9508,9608,420,12.85
9508,9607,420,19.62
8153,8152,420,11.27
1506,1405,420,40.82
472,371,420,25.7
877,777,420,4.56
9021,9121,420,4.62
9020,9121,420,4.02
7932,8031,420,4.79
162,61,420,19.45
7561,7462,420,12.33
267,166,420,23.9
267,266,420,16.79
367,266,420,23.77
8526,8626,420,2.64
2685,2686,420,0.97
421,420,420,14.81
7859,7858,421,12.68
9119,9218,421,6.9
8354,8353,421,32.34
9114,9214,421,6.11
322,321,421,42.21
720,719,421,11.95
7757,7857,421,2.9
5777,5778,421,1.79
8052,8051,421,12.47
1703,1702,421,63.13
1603,1602,421,59.36
421,320,421,11.3
56,55,422,48.86
126,125,422,48.44
264,163,422,12.1
164,163,422,35.11
26,25,422,35.44
1904,1903,422,24.06
1011,910,422,9.1
6474,6575,422,3.47
7661,7762,422,11.16
9507,9506,422,17.71
1603,1502,422,26.44
1503,1502,422,58.3
1602,1601,423,58.25
166,165,423,40.85
371,370,423,36.21
1702,1701,423,53.2
816,715,423,5.11
470,370,423,3.24
322,221,423,11.88
7067,7168,423,6.25
1804,1803,423,25.96
7951,7950,423,12.58
6970,6969,423,11.34
9607,9606,423,35.17
521,520,423,13.14
354,254,423,4.8
320,319,424,48.32
1405,1404,424,25.58
1502,1501,424,58.84
7645,7644,424,13.19
814,813,424,13.3
8255,8356,424,11.23
9202,9301,424,10.18
8354,8454,424,15.68
8354,8453,424,23.29
4383,4384,424,2.16
1806,1805,424,12.05
1310,1309,424,13.54
1503,1402,424,27.45
7462,7361,425,31.1
7850,7849,425,12.69
1110,1109,425,13.73
714,713,425,13.48
9508,9609,425,11.59
8057,8058,425,7.91
525,425,425,4.3
1210,1209,425,13.72
66,65,425,20.47
55,54,425,36.15
125,124,425,49.27
726,627,425,2.66
1803,1802,425,58.62
25,24,425,34.42
9606,9605,426,36.86
221,220,426,47.86
1402,1401,426,56.51
7462,7362,426,17.5
9405,9404,426,19.79
156,155,426,16.7
256,255,426,16.7
7747,7746,426,12.79
8057,7958,426,9.65
356,355,426,16.71
1181,1081,426,2.86
7647,7746,426,6.44
8922,9023,426,4.26
1410,1409,426,12.92
7761,7862,426,11.23
319,318,427,47.55
8355,8455,427,12.09
619,618,427,13.43
424,323,427,10.64
1010,1009,427,13.71
8156,8257,427,7.49
7932,8032,427,3.33
7933,8032,427,6.37
1510,1509,427,12.43
1610,1609,427,12.26
1809,1709,427,3.72
423,323,427,4.27
8453,8452,427,40.23
9608,9708,427,14.72
9608,9707,427,23.21
9607,9707,427,14.55
9607,9706,427,23.17
24,23,428,33.91
124,123,428,48.79
9606,9505,428,30.84
9506,9505,428,18.55
8152,8151,428,12.71
574,473,428,12.14
164,63,428,12.14
1607,1507,428,5.66
8031,8030,428,13.66
1684,1584,428,2.54
4383,4284,428,2.66
6772,6873,428,2.66
3185,3186,428,1.26
220,219,429,46.01
9605,9604,429,35.17
8051,8050,429,12.59
1402,1301,429,28.87
8253,8252,429,10.61
911,810,429,9.27
719,718,429,13.15
8452,8451,429,51.94
155,154,429,43.05
9022,9122,429,5.98
7662,7663,429,9.92
6275,6376,429,3
9218,9217,429,13.19
8453,8352,429,31.9
820,819,429,7.07
23,22,430,63
318,317,430,43.68
9606,9705,430,22.95
420,419,430,11.06
269,168,430,12.11
7562,7563,430,9.71
913,812,430,7.69
65,64,430,20.12
8057,8158,430,8.4
910,909,430,13.52
7640,7739,430,6.39
7662,7563,430,11.83
9311,9312,430,3.75
6872,6972,430,4.04
9706,9705,430,36.04
5179,5180,430,1.19
123,122,431,45.41
9605,9504,431,30.15
8454,8553,431,22.86
520,519,431,13.6
7462,7463,431,9.61
9304,9403,431,9.86
776,676,431,3.29
8451,8450,431,53.55
8824,8825,431,2.51
7164,7263,431,3.49
8724,8825,431,2.6
8453,8552,431,22.2
7950,7949,431,12.72
1503,1403,431,8.09
219,218,432,41.55
54,53,432,16.08
8454,8554,432,13.66
7644,7643,432,13.19
7762,7763,432,10.27
1405,1304,432,11.86
22,21,432,61.41
371,270,432,12.13
912,811,432,8.53
911,811,432,7.25
8452,8351,432,31.31
9609,9709,432,14.64
7662,7763,432,10.46
1309,1308,432,12.76
254,153,432,15.98
4881,4882,432,0.99
9705,9704,433,35.17
9605,9704,433,23.17
1109,1108,433,13.44
713,712,433,13.7
7462,7363,433,11.5
1209,1208,433,13.26
7849,7848,433,12.81
7646,7745,433,6.42
7934,8033,433,6.41
1080,980,433,2.95
9302,9401,434,10.19
9303,9402,434,10.15
122,121,434,40.06
128,227,434,5.58
163,62,434,11.84
1304,1303,434,61.99
8451,8350,434,30.62
8552,8551,434,41.08
9707,9806,434,23.05
5379,5479,434,2.6
528,527,434,4.26
9708,9808,434,14.35
9708,9807,434,23.11
21,20,434,59.64
9706,9805,434,23.07
3285,3286,434,1.11
53,52,435,33.37
218,217,435,38.12
9604,9603,435,17.57
618,617,435,13.55
1009,1008,435,13.48
1409,1408,435,11.9
9214,9313,435,10.19
8355,8456,435,8.79
9213,9313,435,6.18
9609,9610,435,10.63
9510,9610,435,5.92
9114,9215,435,4.58
9115,9215,435,3.49
428,427,435,4.26
6674,6774,435,3.68
6673,6774,435,2.46
7642,7741,435,6.41
8427,8528,435,2.55
2285,2186,435,1.48
20,19,436,55.91
8151,8150,436,12.61
8257,8357,436,11.54
1609,1608,436,11.68
1509,1508,436,11.55
1507,1406,436,19.65
1303,1302,436,57.13
221,120,436,11.12
7762,7863,436,10.82
1403,1302,436,29.67
1402,1302,436,8.99
8157,8258,436,8.34
9117,9216,436,4.05
9116,9216,436,2.98
1707,1608,436,3.87
328,327,436,4.26
4582,4683,436,1.96
7834,7935,436,2.42
8551,8550,437,35.36
9504,9503,437,17.47
9705,9804,437,23.17
718,717,437,13.67
8252,8251,437,12.66
810,809,437,13.18
8050,8049,437,12.88
714,613,437,4.71
7640,7740,437,3.35
9119,9220,437,2.9
8229,8230,437,2.36
7860,7959,437,6.45
8328,8429,437,2.5
2985,2886,437,2.06
979,879,437,3.25
9805,9804,437,35.06
120,119,438,61.72
217,216,438,41.67
1301,1201,438,12.44
8454,8555,438,10.21
9214,9314,438,6.2
909,908,438,13.6
817,716,438,5.47
9609,9710,438,11.18
424,324,438,4.18
8552,8651,438,21.95
6574,6675,438,2.88
7165,7264,438,3.2
1884,1785,438,2.09
9704,9703,439,18.32
7949,7948,439,12.74
519,518,439,13.73
1303,1202,439,28.41
323,222,439,12.12
8924,9024,439,3.71
8527,8627,439,3.52
1304,1203,439,22.98
625,526,439,2.54
4980,5081,439,1.19
8651,8650,440,53.61
8450,8449,440,12.36
419,418,440,10.82
7663,7664,440,9.95
473,372,440,11.91
7645,7744,440,6.41
7934,8034,440,3.39
9804,9803,440,35.44
8552,8652,440,12.14
9311,9412,440,3.98
9708,9809,440,10.89
216,215,441,41.2
9603,9602,441,17.95
712,711,441,13.67
8554,8653,441,17.61
1308,1307,441,11.77
7563,7564,441,9.89
8158,8159,441,9.24
219,118,441,11.92
7663,7564,441,11.86
7068,7069,441,4.11
7747,7846,441,6.44
878,778,441,3.54
7848,7847,441,12.56
8229,8130,441,2.88
9410,9511,441,4.25
9806,9906,441,14.72
9806,9905,441,23.21
9805,9905,441,14.6
9805,9904,441,23.18
2785,2786,441,0.95
7763,7764,442,10.12
7463,7464,442,9.92
7563,7464,442,11.8
9219,9318,442,6.5
7861,7960,442,6.45
1208,1207,442,12.32
127,226,442,5.05
1108,1107,442,12.4
675,575,442,3.12
168,67,442,12.01
7642,7742,442,3.39
227,226,442,13.55
3584,3585,442,1.04
9803,9802,443,33.68
9503,9502,443,17.26
617,616,443,13.64
7463,7364,443,11.83
8158,8059,443,11.11
9122,9221,443,10.16
8350,8349,443,12.34
9022,9123,443,4.45
4383,4484,443,2.3
4283,4184,443,1.76
1202,1101,444,32.51
19,18,444,13.28
1408,1407,444,11.27
218,117,444,12.08
427,426,444,11.83
8150,8149,444,12.99
9804,9903,444,23.14
1008,1007,444,12.29
5777,5878,444,1.92
9803,9702,445,29.44
9703,9702,445,18.36
8251,8250,445,12.92
8550,8549,445,13.33
613,612,445,13.63
8049,8048,445,12.9
8456,8556,445,10.58
8554,8654,445,8.25
270,169,445,11.24
317,316,445,7.04
8158,8259,445,9.77
8257,8358,445,8.32
327,326,445,12.28
809,808,445,13.68
6972,7071,445,9.96
9802,9801,446,33.83
1202,1102,446,14.5
7763,7864,446,10.67
9122,9222,446,6.01
810,709,446,8.8
1182,1082,446,3.4
5976,6077,446,1.31
7071,7070,447,62.93
9602,9601,447,18.97
9803,9902,447,23.27
7948,7947,447,12.76
518,517,447,13.46
117,116,447,33.64
8651,8750,447,16.06
217,116,447,11.92
811,710,447,9.45
7644,7743,447,6.41
8356,8457,447,6.18
9219,9319,447,3.67
8824,8925,447,2.66
9806,9907,447,11.27
908,907,447,12.36
9702,9701,448,36.53
9802,9701,448,29.52
8650,8649,448,13.23
9402,9501,448,10.14
7862,7961,448,6.44
777,677,448,3.65
1382,1283,448,1.76
3385,3386,448,1.09
7846,7845,449,13.44
418,417,449,11.14
1406,1305,449,11.69
7746,7845,449,6.41
1405,1305,449,3.47
7068,7169,449,4.4
8350,8249,449,9.55
1304,1204,449,5.98
9218,9317,449,5.14
9802,9901,450,23.27
8449,8448,450,10.45
7664,7665,450,10.43
216,115,450,11.95
116,115,450,41.88
425,325,450,4.16
574,474,450,3.14
1307,1306,450,11.2
9902,9901,450,33.95
9510,9611,450,4.39
8649,8648,451,35.1
616,615,451,13.61
4184,4084,451,13.7
7564,7565,451,10.43
324,223,451,11.6
18,17,451,15.52
5379,5380,451,1.62
1207,1206,451,11.54
6575,6576,451,3.51
1107,1106,451,11.62
8349,8348,452,12.31
7764,7765,452,10.25
8149,8148,452,12.96
7464,7465,452,10.43
372,271,452,12.14
215,214,452,9.94
9314,9413,452,10.12
8651,8751,452,7.25
9215,9315,452,5.94
226,225,452,10.51
9808,9908,452,5.77
9214,9315,452,4.67
8626,8726,452,3.14
2185,2086,452,1.48
8649,8548,453,30.12
8750,8749,453,17.87
8048,8047,453,12.86
808,807,453,13.1
7364,7365,453,10.43
115,114,453,41.12
1007,1006,453,11.39
612,611,453,13.73
8229,8330,453,2.51
5478,5579,453,2.87
8456,8557,454,7.52
709,708,454,13.27
1985,1986,454,1.74
6575,6476,454,4.43
8749,8748,455,50.58
8649,8748,455,23.18
7947,7946,455,12.97
316,315,455,10.24
7364,7265,455,12.36
7862,7962,455,3.47
6873,6973,455,3.82
225,224,455,41.23
1282,1183,455,2.39
5379,5280,455,2.05
6972,7072,455,4.06
5279,5280,455,1.25
517,516,456,12.48
7764,7865,456,10.8
1202,1103,456,8.73
117,16,456,12.14
9314,9414,456,5.86
9710,9810,456,5.8
17,16,456,21.05
8033,8132,456,6.39
7845,7844,457,13.04
907,906,457,11.07
613,512,457,7.43
8554,8655,457,5.71
169,68,457,12.13
1081,981,457,3.29
8249,8248,457,12.79
1006,1005,458,20.85
8448,8447,458,12.92
417,416,458,12.34
9412,9512,458,5.69
473,373,458,3.43
715,614,458,4.14
9809,9909,458,5.85
8648,8647,459,12.94
4184,4185,459,6.56
116,15,459,11.9
270,170,459,3.85
676,576,459,3.59
1985,1886,459,2.18
8348,8347,460,12.91
7665,7666,460,10.7
1106,1105,460,11.35
9317,9316,460,9.68
8148,8147,460,12.87
7737,7836,460,2.82
9123,9223,460,6.19
6575,6676,460,3.76
1583,1484,460,1.32
8749,8848,461,17.8
7565,7566,461,10.8
4184,4085,461,8.11
6675,6775,461,4.38
8047,8046,461,12.85
1206,1205,461,11.03
611,610,461,13.73
214,213,461,11.23
807,806,462,11.54
8548,8547,462,11.8
7465,7466,462,11.05
7071,7170,462,8.58
115,14,462,11.95
708,707,462,13.73
7365,7366,463,10.94
7465,7366,463,12.99
7665,7766,463,11.25
7946,7945,463,13.23
7744,7843,463,6.42
8034,8133,463,6.39
9710,9711,463,4.04
7738,7837,463,2.95
8033,8133,463,3.34
709,608,463,8.61
3684,3685,463,1.05
516,515,464,13.65
8748,8747,464,12.23
315,314,464,11.77
7365,7266,464,12.88
4184,4285,464,6.99
8528,8628,464,3.5
980,880,464,3.32
710,609,464,8.52
8132,8131,464,13.55
8924,9025,464,2.72
5678,5679,464,1.87
8428,8529,464,2.51
114,113,464,9.76
8653,8752,464,6.17
1784,1685,464,1.87
9318,9417,464,6.52
8749,8849,465,8.38
9221,9320,465,6.46
7863,7963,465,3.46
512,511,465,13.73
6276,6277,465,1.94
6773,6874,465,2.37
8248,8247,465,12.71
7742,7841,465,6.4
14,13,466,28.54
416,415,466,13.21
8447,8446,466,13.5
1006,905,466,11.42
1105,1104,466,19.73
1101,1001,466,4.6
7935,8035,466,3.39
3884,3984,466,1.89
9123,9124,466,4.41
1005,1004,467,11.98
8647,8646,467,13.85
4981,4982,467,1.22
9318,9418,467,4.05
4881,4982,467,1.06
8147,8146,468,12.85
8347,8346,468,12.85
8654,8753,468,6.31
8848,8847,469,13.48
8046,8045,469,13.03
213,212,469,13.54
9315,9415,469,5.93
8627,8727,469,3.36
8329,8430,469,2.5
879,779,469,3.19
7766,7866,470,14.74
7666,7667,470,10.94
7072,7171,470,9.52
8547,8546,470,14.28
7961,8060,470,6.45
373,272,470,11.83
778,678,470,3.49
9413,9513,470,5.73
7743,7842,470,6.42
707,706,470,12.99
6276,6177,470,2.47
608,607,471,13.49
806,805,471,11.15
7666,7567,471,12.88
7566,7567,471,11.01
575,475,471,3.56
170,69,471,12.14
8034,8134,471,3.33
9317,9416,471,6.51
7945,7944,471,13.06
1885,1786,471,2.61
515,514,472,13.72
7466,7467,472,10.94
7566,7467,472,12.95
9221,9321,472,3.52
9710,9811,472,4.28
314,313,472,13.7
9222,9321,472,5.57
8247,8246,473,12.82
7841,7840,473,12.99
8747,8746,473,12.08
7366,7367,473,10.14
7766,7767,473,10.73
7666,7767,473,11.5
7466,7367,473,12.88
9511,9612,473,4.43
9809,9910,473,4.32
511,510,473,13.69
4782,4783,473,0.92
8646,8645,474,15.31
415,414,474,13.68
8446,8445,474,13.5
8849,8948,474,17.08
113,112,474,10.74
9414,9514,474,5.65
5081,5181,474,2.87
5379,5480,474,1.74
9123,9224,474,4.65
905,904,475,11.34
7366,7267,475,12.07
8751,8850,475,6.35
7864,7964,475,3.46
8259,8359,475,3.45
8556,8656,475,3.34
8358,8458,475,3.44
13,12,475,11.42
7739,7838,475,3.18
9319,9419,475,3.68
8146,8145,476,13.08
8346,8345,476,12.92
7766,7867,476,11.29
1004,1003,476,11.89
677,577,476,3.62
7835,7936,476,2.43
8948,8947,477,47.89
8546,8545,477,14.83
8045,8044,477,13.09
7962,8061,477,6.45
7961,8061,477,3.48
474,374,477,3.76
212,211,477,13.72
8654,8754,477,3.18
8849,8949,478,7.89
8847,8846,478,12.49
607,606,479,13.51
7944,7943,479,12.92
7667,7668,479,11.23
613,513,479,2.43
706,705,479,11.97
3784,3785,479,1.05
