4589,4590,1,88.01
4590,4591,3,84.43
4591,4592,5,86.82
4592,4593,7,89.31
4593,4594,9,64.27
4594,4595,13,31.67
4595,4596,17,31.17
4589,4490,18,7.71
4590,4491,19,7.95
4491,4492,21,86.32
4596,4597,22,23.07
4492,4493,23,91.32
4593,4494,23,8.88
4594,4495,24,9.58
4495,4496,27,38.66
4597,4598,29,14.7
4589,4690,29,4.76
4496,4497,30,40.76
4590,4691,30,4.92
4594,4695,31,6.5
4691,4692,32,83.38
4497,4498,33,42.34
4593,4694,33,5.6
4692,4693,34,61.64
4595,4696,35,6.52
4498,4499,36,40.22
4490,4391,36,8.06
4598,4599,37,13.12
4391,4392,38,53.46
4494,4395,38,9.57
4491,4392,38,7.83
4596,4697,38,6.8
4499,4500,39,35.86
4495,4396,39,9.52
4392,4393,40,93.55
4492,4393,40,7.45
4493,4394,41,7.88
4396,4397,42,41.58
4697,4698,42,26.16
4496,4397,42,9.49
4597,4698,42,7.11
4397,4398,45,49.63
4698,4699,45,37.23
4497,4398,45,9.47
4599,4600,46,11.61
4699,4700,48,44.06
4398,4399,48,47.75
4498,4399,48,9.5
4589,4489,49,2.02
4399,4400,51,43.63
4499,4400,51,9.56
4391,4292,52,9.22
4695,4796,52,7.05
4395,4296,53,9.55
4694,4795,53,7.12
4292,4293,54,89.26
4396,4297,54,9.48
4293,4294,56,93.74
4297,4298,56,61.29
4394,4295,56,9.58
4696,4797,56,7.01
4693,4794,56,6.57
4692,4793,57,5.67
4690,4791,57,5.07
4298,4299,58,53.1
4691,4792,59,4.97
4697,4798,60,6.68
4589,4689,60,1.65
4299,4300,61,30.84
4793,4893,63,17.25
4793,4894,63,23.01
4798,4799,65,20.57
4490,4390,65,2.38
4894,4895,66,43.37
4296,4197,67,11.56
4793,4892,68,14.22
4297,4198,68,11.34
4295,4196,69,11.62
4292,4193,69,9.82
4198,4199,70,51.72
4799,4800,70,22.51
4894,4995,70,21.58
4294,4195,70,11.44
4298,4199,70,11.53
4699,4800,70,5.23
4193,4194,71,54.75
4895,4896,71,20.23
4299,4200,71,11.58
4293,4194,71,9.34
4894,4994,72,11.41
4391,4291,74,2.89
4796,4897,75,5.96
4797,4898,79,6.03
4995,4996,80,10.64
4197,4098,80,11.54
4894,4993,81,8.14
4196,4097,82,11.62
4198,4099,82,10.62
4792,4891,82,6.32
4195,4096,83,11.62
4199,4100,83,11.17
4194,4095,84,11.54
4193,4094,84,9.51
4798,4899,84,6.03
4996,4997,85,20.83
4291,4192,88,10.47
4690,4790,88,1.66
4799,4900,89,5.91
4997,4998,91,19.23
4995,5096,92,6.61
4098,3999,93,11.54
4489,4389,93,2.38
4097,3998,95,11.62
4099,4000,95,11.59
4096,3997,96,11.62
4995,5095,96,3.95
4390,4290,96,3.28
5096,5097,97,21.88
4095,3996,97,11.6
4998,4999,98,15.59
4094,3995,99,10.05
4291,4191,99,4.06
4192,4093,101,11.55
5097,5098,103,19.09
4999,5000,106,12.95
3999,3900,106,11.12
4899,5000,106,6.57
4891,4992,106,5.99
3998,3899,108,11.46
4589,4588,108,0.94
3997,3898,109,11.56
5098,5099,110,15.04
3996,3897,110,11.34
4993,5094,110,4.95
3995,3896,112,11.06
4191,4092,112,11.13
4093,3994,114,11.2
5096,5197,116,5.95
5099,5100,118,12.83
5095,5196,119,6.29
4891,4991,120,2.64
5097,5198,121,0.74
4389,4289,121,4.06
4291,4190,121,37.2
4589,4488,121,32.83
4489,4388,122,34.79
4191,4090,123,33.78
4290,4189,123,36.37
4389,4288,123,36.41
4192,4091,123,33.59
4094,3993,123,34.32
4689,4789,123,1.72
3994,3893,124,33.45
3896,3795,124,35.63
4092,3991,124,36.98
3897,3796,124,36.46
3898,3797,124,32.63
3899,3798,124,37.21
3900,3799,124,36.96
4093,3992,124,30.16
3995,3894,124,37.07
3996,3895,124,33.59
4891,4890,124,11.76
4689,4688,124,13.84
4289,4188,125,35.69
4388,4287,126,37.04
4190,4089,126,29.74
4488,4387,126,33.48
3993,3892,127,37.27
5094,5093,127,14.52
4588,4487,127,20.27
3795,3694,128,36.86
3991,3890,128,35.48
3796,3695,128,36.88
3894,3793,128,37.01
3895,3794,128,37.09
4090,3989,128,34.35
4189,4088,128,29.32
4288,4187,128,29.37
4091,3990,128,32
4588,4587,128,12.71
3893,3792,129,34.74
3797,3696,129,28.95
3992,3891,129,33.96
3798,3697,129,33.97
3799,3698,129,34.16
5196,5195,130,10.7
4487,4386,131,35.83
4089,3988,131,35.32
4387,4286,131,29.51
4188,4087,131,24.44
4789,4788,131,13.93
3890,3789,132,35.94
4587,4486,132,36.25
3989,3888,132,35.43
3990,3889,132,35.81
3892,3791,132,34.33
4287,4186,132,23.67
4890,4889,132,12.75
3696,3595,133,36.8
3891,3790,133,36.5
3695,3594,133,31.44
3793,3692,133,30.87
3794,3693,133,34.7
4088,3987,133,34.26
4688,4687,133,12.18
4991,4990,133,8.26
3792,3691,134,32.25
3694,3593,134,25.38
4187,4086,134,24.34
3988,3887,135,36.21
3697,3596,135,23.9
5093,5092,135,12.59
3889,3788,136,35.52
3888,3787,136,35.92
4087,3986,136,34.17
3698,3597,136,23.45
4587,4586,136,13.5
3987,3886,137,35.39
3789,3688,137,34.01
3791,3690,137,33.78
4386,4285,137,25.87
3692,3591,138,29.18
3790,3689,138,33.79
4186,4085,138,27.23
4486,4385,138,25
4286,4185,138,23.16
3900,3800,138,3.49
3596,3495,139,36.63
3691,3590,139,31.01
3593,3492,139,31.18
4086,3985,139,35.2
3594,3493,139,24.72
3693,3592,139,27.25
3595,3494,139,26.56
4788,4787,139,13.54
5195,5194,139,12.31
3986,3885,140,36.35
3887,3786,140,33.07
4889,4888,140,13.53
3886,3785,141,36.2
3788,3687,141,33.55
4586,4485,141,30.01
4687,4686,141,13.16
4085,3984,142,37.22
3800,3699,142,35.84
3688,3587,142,29.06
3690,3589,142,32.69
3590,3489,143,36.24
3985,3884,143,35.46
3591,3490,143,35.22
3689,3588,143,33.2
4185,4084,143,34.32
4285,4184,143,26.39
3787,3686,143,21.93
3786,3685,144,37.2
3495,3394,144,32.7
3492,3391,144,32.53
3493,3392,144,30.5
3592,3491,144,33.65
4385,4284,144,25.96
3597,3496,144,18.94
3687,3586,145,37.92
4686,4585,145,37.27
3885,3784,145,30.47
5194,5193,145,17.33
3494,3393,145,28.1
5092,5091,145,10.04
4084,4083,146,34.37
4184,4083,146,53.83
3589,3488,146,35.93
4990,4989,146,7.71
3588,3487,147,41.36
4084,3983,147,46.92
4184,4183,147,27.75
3587,3486,147,32.87
4485,4384,147,25.46
4787,4786,147,13.83
3394,3293,148,35.62
3496,3395,148,37.05
3489,3388,148,33.51
3490,3389,148,34.9
3686,3585,148,34.04
4888,4887,148,13.93
3391,3290,149,34.27
3392,3291,149,33.02
3491,3390,149,33.77
3984,3883,149,23.35
4686,4685,149,12.68
3698,3598,149,5.13
3488,3387,150,37.27
3393,3292,150,32.14
3785,3684,150,15.75
3586,3485,151,27.81
3293,3192,152,35.73
3395,3294,152,37.06
3388,3287,152,36.98
4384,4283,152,31.94
4585,4484,152,23.17
5193,5192,152,15.63
3884,3783,152,15.77
3389,3288,153,33.54
3290,3189,154,34.54
3291,3190,154,33.57
4685,4584,154,31.4
3390,3289,154,35.08
3292,3191,155,32.82
3585,3484,155,22.79
3487,3386,155,19.51
4786,4785,155,13.63
3685,3584,155,13.35
3597,3497,155,5.48
3294,3193,156,37.18
4887,4886,156,13.94
3784,3683,156,13.35
3288,3187,157,37.27
3192,3091,157,31.21
3387,3286,157,23.2
3189,3088,158,37.26
3190,3089,158,35.76
3289,3188,158,36.03
3287,3186,158,24
4283,4182,158,23.95
4484,4383,158,28.07
3783,3682,158,24.6
3485,3384,158,22.13
4384,4383,158,9.49
4083,3982,158,12.29
4989,4988,158,9.08
5091,5090,158,8.32
4785,4684,159,36.91
3983,3882,159,12.24
4183,4082,159,12.29
3486,3385,159,12.68
3193,3092,160,37.13
3191,3090,160,33.65
3497,3396,160,32.63
4584,4483,160,23.65
4283,4282,160,13.36
3783,3782,160,13.45
3484,3383,161,27.75
5192,5191,161,12.27
3684,3583,161,14.01
3699,3599,161,5.55
3089,2988,162,36.97
3188,3087,162,36.05
3187,3086,162,31.96
3091,2990,162,34.76
3683,3582,162,27.32
5098,5199,162,0.79
3682,3581,163,30.77
3384,3283,163,31.87
3088,2987,163,32.94
4785,4784,163,13.21
3584,3483,163,19.43
3484,3483,163,13.78
3800,3700,163,4.16
4483,4382,164,37.17
3090,2989,164,36.06
4886,4885,164,13.86
3386,3285,164,17.39
3383,3282,165,37.02
3092,2991,165,33.4
3396,3295,165,32.34
4684,4583,165,25.54
4182,4081,165,23.18
3583,3482,166,30.04
3782,3681,166,26.11
3882,3781,166,20.77
4082,3981,166,21.22
3682,3681,166,13.93
3982,3881,166,18.58
4182,4181,166,13.24
3598,3498,166,6.21
3581,3480,167,37.2
3283,3182,167,36.77
4784,4683,167,36.61
3087,2986,167,34.32
2990,2889,167,35.13
3582,3481,167,34.53
4988,4987,167,12.21
2989,2888,168,37.1
2987,2886,168,29.71
3483,3382,168,33.9
2988,2887,168,28.22
3086,2985,168,24.1
3186,3185,168,10.3
3295,3194,169,36.31
4483,4482,169,12.35
4282,4281,169,12.22
3482,3381,170,37.11
3282,3181,170,34.05
2991,2890,170,34.76
4081,3980,170,30.15
3086,3085,170,13.38
3186,3085,170,12.68
3481,3380,171,35.51
2889,2788,171,36.75
3781,3680,171,29.97
3681,3580,171,34.44
4181,4080,171,31.83
3498,3397,171,29.56
3581,3580,171,12.94
5191,5190,171,10.42
3382,3281,172,36.57
2985,2884,172,37.17
2886,2785,172,37.23
3480,3379,172,30.98
2986,2885,172,33.29
3182,3081,172,30.98
3981,3880,172,28.29
3881,3780,172,27.67
4885,4884,172,13.94
4784,4783,172,11.78
5090,5089,172,7.18
3194,3093,173,36.46
2888,2787,173,31.29
2887,2786,173,30.13
4683,4582,173,24.22
4382,4381,173,11.87
4281,4180,174,32.57
4181,4180,174,13.94
2788,2687,175,36.41
3680,3579,175,37.26
3580,3479,175,35.38
3381,3280,175,32
3181,3080,175,30.32
3980,3879,175,32.83
2890,2789,175,35.3
3085,2984,175,31.76
4987,4986,175,13.49
3285,3284,175,9.46
3780,3679,176,35.54
3380,3279,176,28.69
4080,3979,176,32.19
3397,3296,176,35.28
3093,2992,177,36.31
2787,2686,177,37.21
4582,4481,177,37.26
3281,3180,177,31.53
4783,4682,177,29.54
3379,3278,177,28.43
2885,2784,177,28.77
3880,3779,177,33.07
4482,4481,177,13.91
4281,4280,177,13.93
3185,3084,177,17.5
3185,3184,177,12.03
3285,3184,177,11
2786,2685,178,32.25
2884,2783,178,24.2
2785,2684,178,24.74
3081,2980,178,28.1
3284,3183,179,35.63
3879,3778,179,35.75
2789,2688,179,36.56
4180,4079,179,31.45
4884,4883,179,16.51
4080,4079,179,13.94
5194,5293,179,3.55
2687,2586,180,32
3579,3478,180,30.75
3479,3378,180,30.61
2586,2585,181,122.01
3478,3477,181,128.93
3378,3377,181,128.98
3778,3777,181,126.68
4883,4882,181,146.71
4079,4078,181,91.87
2783,2782,181,125.93
2684,2683,181,125.96
2980,2979,181,127.58
4682,4681,181,128.61
3278,3277,181,127.24
3180,3179,181,125.43
4481,4480,181,106.67
4280,4279,181,104.49
3084,3083,181,127.43
3679,3678,181,128.78
3979,3978,181,98.77
3579,3578,181,128.67
3280,3179,181,2.68
3080,3079,181,126.37
3879,3878,181,107.89
2984,2883,181,2.87
2984,2983,181,126.85
4986,4985,181,109.89
4180,4179,181,97.42
4381,4380,181,106.48
4582,4581,181,116.59
2884,2883,181,121.43
4783,4782,181,128.56
5089,5088,181,127.29
5190,5189,181,128.38
3083,3082,182,126.35
3079,3078,182,120.59
2585,2584,182,127.21
2983,2982,182,123.21
3377,3376,182,129.08
5088,5087,182,127.48
3678,3677,182,126.91
4380,4379,182,106.5
3578,3577,182,127.16
4581,4580,182,101.98
3277,3276,182,128.22
2883,2882,182,124.64
2979,2978,182,123.03
3878,3877,182,107.72
2683,2682,182,128.08
5189,5188,182,126.67
2782,2781,182,128.67
3179,3178,182,119.31
4882,4881,182,128.54
3777,3776,182,127.23
4985,4984,182,109.55
5293,5292,182,63.2
4782,4781,182,121.77
4681,4680,182,115.96
5193,5292,182,20.04
3477,3476,182,129.03
5197,5296,182,5.09
3078,3077,183,120.96
2584,2583,183,128.45
5296,5295,183,124.49
2982,2981,183,125.11
2882,2881,183,127.24
3376,3375,183,128.61
5087,5086,183,128.73
3677,3676,183,141.59
3577,3576,183,148.43
3276,3275,183,129.03
4984,4983,183,103.9
3776,3775,183,128.1
4881,4880,183,160.17
3178,3177,183,122.61
5188,5187,183,111.68
2781,2780,183,127.95
2682,2681,183,129.01
2978,2977,183,128.58
3877,3876,183,111.46
4279,4278,183,88.76
3978,3977,183,86.18
4179,4178,183,90.88
4078,4077,183,78.8
4480,4479,183,90.53
3296,3195,183,5.09
3599,3499,183,1.85
4781,4780,183,129.09
3476,3475,183,128.95
4780,4779,184,106.31
3475,3474,184,127.69
4983,4982,184,120.87
5295,5294,184,107.99
2881,2880,184,127.31
3375,3374,184,128.93
5086,5085,184,143.83
3676,3675,184,151.08
3275,3274,184,116.24
4880,4879,184,127.21
3775,3774,184,129.1
3876,3875,184,125.37
2977,2976,184,105.42
2681,2680,184,128.14
5187,5186,184,140.17
2780,2779,184,125.43
3177,3176,184,128.8
2583,2582,184,129.03
3077,3076,184,126.4
4379,4378,184,71.8
5292,5291,184,75.45
4580,4579,184,69.44
3576,3575,184,156.87
4680,4679,184,76.4
5195,5294,184,6.51
5198,5297,184,5.15
2880,2879,185,127.17
3374,3373,185,152.12
5085,5084,185,100.27
3675,3674,185,146.77
3274,3273,185,112.48
4879,4878,185,105.42
3774,3773,185,128.59
3875,3874,185,128.87
2582,2581,185,129.1
4982,4981,185,147.61
3474,3473,185,153.73
3176,3175,185,114.89
2779,2778,185,125.53
5186,5185,185,142.77
2680,2679,185,126.77
4077,4076,185,83.23
3977,3976,185,94.29
4278,4277,185,71.8
4178,4177,185,79.56
5291,5290,185,108.85
4479,4478,185,55.46
3575,3574,185,156.14
2879,2878,186,128.55
3874,3873,186,129.09
2581,2580,186,129.1
4981,4980,186,163.31
3473,3472,186,156.63
5185,5184,186,150.34
4076,4075,186,109.41
2679,2678,186,111.38
3373,3372,186,135.9
3273,3272,186,116.39
3773,3772,186,127.75
3976,3975,186,116.26
3674,3673,186,138.08
4679,4678,186,85.6
2976,2975,186,69.95
3076,3075,186,88.37
4779,4778,186,89.29
5290,5289,186,128.46
4378,4377,186,58.53
4579,4578,186,64.5
3574,3573,186,146.75
2975,2974,187,105.28
3573,3572,187,127.53
3272,3271,187,100.01
5184,5183,187,102.43
3975,3974,187,125.46
3772,3771,187,128.03
2878,2877,187,118.96
3372,3371,187,112.28
3873,3872,187,128.92
2580,2579,187,129.07
4075,4074,187,120.97
3472,3471,187,130.18
4980,4979,187,127.65
4177,4176,187,78.3
3175,3174,187,98.05
2778,2777,187,91.1
5084,5083,187,97.57
4878,4877,187,66.01
4277,4276,187,70.2
5289,5288,187,126.39
4478,4477,187,64.66
2974,2973,188,151.99
3872,3871,188,128.76
5083,5082,188,101.3
3471,3470,188,109.74
4979,4978,188,122.17
3174,3173,188,117.82
3572,3571,188,153.73
4176,4175,188,101.22
5183,5182,188,102.35
3771,3770,188,127.68
3974,3973,188,126.44
4678,4677,188,98.38
2678,2677,188,62.99
4778,4777,188,82.48
4578,4577,188,87.6
3075,3074,188,95.67
5288,5287,188,145.95
3673,3672,188,96.26
4074,4073,188,123.69
4377,4376,188,66.57
3571,3570,189,139.87
2973,2972,189,138.95
3173,3172,189,141.11
3074,3073,189,157.62
3973,3972,189,156.7
5182,5181,189,104.29
5082,5081,189,123.43
3470,3469,189,121.76
3271,3270,189,73.82
2777,2776,189,77.54
2877,2876,189,82.08
3371,3370,189,94.85
4477,4476,189,74.7
2579,2578,189,95.61
5287,5286,189,157.73
3770,3769,189,127.75
2992,2891,189,3.6
3871,3870,189,128.32
4175,4174,189,116.9
4276,4275,189,93.52
4073,4072,189,156.31
5181,5180,190,132.13
3469,3468,190,130.33
5081,5080,190,152.87
3370,3369,190,110.13
3570,3569,190,118.83
2972,2971,190,122.75
3073,3072,190,145.37
4577,4576,190,82.3
4777,4776,190,57.15
4376,4375,190,88.25
2677,2676,190,77.54
4677,4676,190,72.99
4978,4977,190,69.33
4877,4876,190,49.44
5286,5285,190,141.25
3672,3671,190,96.43
3769,3768,190,144.18
3870,3869,190,127.1
3972,3971,190,128.18
4072,4071,190,156.77
4174,4173,190,123.48
4275,4274,190,113.24
3869,3868,191,125.64
3369,3368,191,101.82
5080,5079,191,162.31
4071,4070,191,126.27
4274,4273,191,152.63
4173,4172,191,156.31
5180,5179,191,161.75
3468,3467,191,101.19
3569,3568,191,118.63
2971,2970,191,127.22
4375,4374,191,129.77
3270,3269,191,88.65
2776,2775,191,86.41
2876,2875,191,79.47
4476,4475,191,81.68
2578,2577,191,54.4
3172,3171,191,89.5
3671,3670,191,141.94
3768,3767,191,149.99
3971,3970,191,128.44
2875,2874,192,116.21
3368,3367,192,125.7
5079,5078,192,128.89
4172,4171,192,156.82
4475,4474,192,122.06
3767,3766,192,125.1
3970,3969,192,146.43
5179,5178,192,128.74
3568,3567,192,128.95
4374,4373,192,151.2
3269,3268,192,151.04
2775,2774,192,122.59
4070,4069,192,157.24
4273,4272,192,156.58
3467,3466,192,129.2
4576,4575,192,69.76
2676,2675,192,96.62
4676,4675,192,59.58
3072,3071,192,80.92
5285,5284,192,96.22
3670,3669,192,156.29
5100,5200,192,1.71
3466,3465,193,132.63
3071,3070,193,149.5
4171,4170,193,157.58
4474,4473,193,149.84
3766,3765,193,116.72
3969,3968,193,140.17
5178,5177,193,111.42
3567,3566,193,127.8
4373,4372,193,156.45
3268,3267,193,147.34
2774,2773,193,129.08
2675,2674,193,125.36
4575,4574,193,109.53
4272,4271,193,157.49
4069,4068,193,154.39
3367,3366,193,130.82
2874,2873,193,129.08
3868,3867,193,96.48
2577,2576,193,71.08
3171,3170,193,70.48
4776,4775,193,48.96
4977,4976,193,49.51
4876,4875,193,48.11
5284,5283,193,157.7
3669,3668,193,125.28
4473,4472,194,155.89
3765,3764,194,116.59
3968,3967,194,111.82
3566,3565,194,129.1
4372,4371,194,126.47
3267,3266,194,132.97
2773,2772,194,137.49
2674,2673,194,129.1
4574,4573,194,145.19
4170,4169,194,157.53
3867,3866,194,128.44
2873,2872,194,135.59
3366,3365,194,137.02
4068,4067,194,153.6
4271,4270,194,126.94
3465,3464,194,141.94
4675,4674,194,99.6
5078,5077,194,96.05
5283,5282,194,109.89
3668,3667,194,118.22
3700,3600,194,1.68
3464,3463,195,151.63
2772,2771,195,101.76
4674,4673,195,135.91
2673,2672,195,116.21
4573,4572,195,155.37
4169,4168,195,156.52
3866,3865,195,130.26
2872,2871,195,119.73
3365,3364,195,145.8
4270,4269,195,127.61
4067,4066,195,148.01
4472,4471,195,157.39
3764,3763,195,132.35
3565,3564,195,139.6
4371,4370,195,157.8
3266,3265,195,142.39
2576,2575,195,99.76
4775,4774,195,85.91
4875,4874,195,62.57
4976,4975,195,69.54
5282,5281,195,105.16
2970,2969,195,32.12
3667,3666,195,129.79
3498,3398,195,2.31
4471,4470,196,157.67
3763,3762,196,128.06
4673,4672,196,154.68
4572,4571,196,157.45
4168,4167,196,156.48
3865,3864,196,110.61
3364,3363,196,156.31
4269,4268,196,157.21
4066,4065,196,138.92
4774,4773,196,120.6
4874,4873,196,113.86
2575,2574,196,126.78
4370,4369,196,157.35
3564,3563,196,148.1
3463,3462,196,151.82
5077,5076,196,63.77
3967,3966,196,96
5281,5280,196,110.53
5177,5176,196,47.64
3070,3069,196,39.88
3666,3665,196,131.02
3462,3461,197,143.95
3864,3863,197,122.53
3363,3362,197,156.73
4065,4064,197,156.84
4268,4267,197,157.77
4773,4772,197,155.37
2574,2573,197,129.11
3966,3965,197,146.33
3563,3562,197,146.92
4369,4368,197,157.38
4470,4469,197,156.83
4873,4872,197,149.06
3762,3761,197,137.74
4672,4671,197,157.75
4571,4570,197,157.8
4167,4166,197,156.5
2969,2968,197,78.8
5280,5279,197,146.16
4975,4974,197,58.53
3170,3169,197,28.42
3665,3664,197,131.46
5293,5392,197,8.35
3362,3361,198,146.45
4772,4771,198,157.8
2573,2572,198,118.14
3965,3964,198,131.32
3562,3561,198,143.03
4368,4367,198,157.47
4469,4468,198,157.8
4872,4871,198,157.86
3761,3760,198,142.52
4570,4569,198,157.27
4671,4670,198,157.8
3461,3460,198,146.15
4064,4063,198,126.64
4267,4266,198,157.8
3863,3862,198,121.19
5279,5278,198,163.34
3069,3068,198,78.08
5076,5075,198,55.59
2871,2870,198,36.96
3265,3264,198,39.98
3664,3663,198,137.57
3361,3360,199,149.17
4771,4770,199,157.73
4871,4870,199,154.42
4670,4669,199,157.79
3862,3861,199,132.39
3264,3263,199,157.08
4569,4568,199,157.53
3460,3459,199,145.92
4063,4062,199,106.24
3964,3963,199,102.97
3561,3560,199,145.22
4367,4366,199,155.1
4468,4467,199,156.12
4974,4973,199,96.35
5278,5277,199,133.5
3169,3168,199,81.28
2968,2967,199,99.96
2672,2671,199,32.42
2771,2770,199,30.92
3663,3662,199,146.72
5392,5391,199,72.16
4062,4061,200,113.63
3360,3359,200,149.73
3263,3262,200,158.99
4568,4567,200,154.2
3168,3167,200,127.06
3459,3458,200,151.54
3963,3962,200,104.02
3560,3559,200,149.75
2967,2966,200,115.91
4770,4769,200,157.51
4973,4972,200,150.79
4870,4869,200,156.29
4467,4466,200,152.54
4669,4668,200,157.18
3861,3860,200,139.3
2572,2571,200,93.5
3068,3067,200,99.22
4166,4165,200,39.66
5176,5175,200,28.71
3662,3661,200,145.41
5391,5390,200,113.03
5199,5298,200,5.21
3067,3066,201,141.37
3167,3166,201,133.68
5390,5389,201,128.04
4165,4164,201,156.05
3962,3961,201,124.66
3559,3558,201,147.77
2966,2965,201,121.76
4769,4768,201,156.26
4972,4971,201,157.57
4869,4868,201,155.1
4466,4465,201,151.89
4668,4667,201,153.44
4061,4060,201,131.32
3359,3358,201,149.74
3262,3261,201,152.21
4567,4566,201,150.59
3458,3457,201,146.46
2671,2670,201,69.46
3760,3759,201,36.89
4266,4265,201,40.61
3661,3660,201,147.53
3457,3456,202,127.15
5389,5388,202,124.64
3166,3165,202,145.09
3558,3557,202,142.61
2965,2964,202,154.28
4768,4767,202,152.67
4971,4970,202,156.23
4868,4867,202,152.67
4667,4666,202,148.61
4566,4565,202,149.68
3261,3260,202,156.35
3066,3065,202,152.83
3358,3357,202,149.99
4060,4059,202,140.18
3961,3960,202,137.68
4164,4163,202,155.96
2571,2570,202,86.52
4366,4365,202,40.21
5075,5074,202,31.86
2870,2869,202,30.6
5277,5276,202,41.13
3660,3659,202,144.8
2964,2963,203,153.17
4767,4766,203,148.61
4970,4969,203,155.01
4867,4866,203,148.5
4666,4665,203,148.75
3260,3259,203,154.44
3065,3064,203,149.77
3357,3356,203,127.44
4163,4162,203,122.5
3557,3556,203,128.67
3456,3455,203,130.86
5388,5387,203,127.93
3165,3164,203,148.22
2670,2669,203,73.26
3860,3859,203,36.61
2770,2769,203,28.93
3659,3658,203,141.82
5294,5393,203,7.84
4766,4765,204,147.56
4969,4968,204,150.83
2963,2962,204,157.27
4866,4865,204,146.3
4665,4664,204,147.72
3556,3555,204,137.68
3455,3454,204,136.35
5387,5386,204,121.09
3259,3258,204,153.38
3064,3063,204,152.04
3356,3355,204,129.18
4162,4161,204,108.67
2869,2868,204,80.35
2570,2569,204,74.04
5074,5073,204,74.46
3759,3758,204,36.61
4265,4264,204,40.51
4465,4464,204,39.47
3658,3657,204,139.95
5295,5394,204,6.83
4968,4967,205,148.62
4765,4764,205,146.54
4865,4864,205,145.28
5073,5072,205,149.69
4264,4263,205,156.72
5386,5385,205,128.81
3258,3257,205,151.74
3063,3062,205,154.05
2868,2867,205,101.56
3355,3354,205,141.96
4161,4160,205,125.73
2962,2961,205,153.55
3555,3554,205,137.29
3454,3453,205,141.67
2669,2668,205,79.48
2769,2768,205,80.27
4565,4564,205,38.97
4365,4364,205,39.84
3960,3959,205,36.69
4059,4058,205,36.69
5175,5174,205,21.69
3657,3656,205,136.22
3195,3094,205,6.55
4864,4863,206,144.11
3257,3256,206,127.93
3062,3061,206,154.45
2867,2866,206,117.46
2768,2767,206,103.97
4160,4159,206,137.24
2961,2960,206,157.79
3554,3553,206,141.96
5072,5071,206,157.8
4263,4262,206,149.39
2668,2667,206,106.32
4967,4966,206,148.37
4764,4763,206,144.14
2569,2568,206,81.06
3859,3858,206,36.3
3164,3163,206,40.61
3656,3655,206,140.19
2568,2567,207,109.4
3061,3060,207,158.96
2866,2865,207,151.27
3256,3255,207,135.12
5071,5070,207,155.56
4863,4862,207,142.87
2767,2766,207,118.72
4159,4158,207,139.57
4262,4261,207,122.94
2667,2666,207,120.13
4966,4965,207,145
4763,4762,207,142.9
3163,3162,207,156.4
2960,2959,207,158.52
5385,5384,207,95.78
5174,5173,207,84.89
4464,4463,207,38.23
4664,4663,207,37.65
3758,3757,207,36.58
5276,5275,207,21.61
3655,3654,207,141.96
3553,3552,207,139.01
5176,5275,207,12.97
5296,5395,207,5.72
5070,5069,208,154.89
3757,3756,208,137.83
2959,2958,208,156.93
3162,3161,208,155.35
2766,2765,208,122.01
5173,5172,208,152.12
4261,4260,208,120.99
2666,2665,208,122.98
4965,4964,208,143.97
2567,2566,208,121.64
3060,3059,208,155.97
3255,3254,208,140.63
2865,2864,208,154.12
4862,4861,208,142.97
4058,4057,208,36.3
3354,3353,208,37.14
3959,3958,208,36.58
4364,4363,208,38.86
4564,4563,208,37.94
3453,3452,208,36.73
3552,3551,208,114.03
3654,3653,208,139.83
2688,2587,208,3.82
3161,3160,209,160.14
3452,3451,209,135.61
4964,4963,209,143.97
4260,4259,209,132.66
2665,2664,209,124.57
2566,2565,209,123.63
2864,2863,209,154.11
5069,5068,209,154.93
3756,3755,209,139.3
5172,5171,209,157.33
2765,2764,209,154.63
5384,5383,209,95.68
3858,3857,209,36.64
3653,3652,209,137.39
3059,3058,209,158.68
2958,2957,209,152.01
2863,2862,210,157.71
4259,4258,210,135.06
2664,2663,210,157.67
2764,2763,210,154.89
5171,5170,210,155.37
4963,4962,210,142.68
5383,5382,210,125.13
3160,3159,210,159.2
3755,3754,210,139.7
3451,3450,210,148.85
2565,2564,210,125.1
5068,5067,210,148.47
4158,4157,210,36.08
4762,4761,210,37.62
4463,4462,210,37.04
4663,4662,210,37.06
3652,3651,210,114.16
5275,5274,210,37.1
2957,2956,210,143.81
3058,3057,210,153.85
4962,4961,211,142.78
3754,3753,211,136.37
5067,5066,211,141.51
4157,4156,211,134.05
2862,2861,211,156.97
3057,3056,211,141.35
2564,2563,211,157.6
2663,2662,211,157.6
4258,4257,211,135.61
5170,5169,211,154.79
2763,2762,211,157.8
5382,5381,211,123.66
3159,3158,211,157.39
2956,2955,211,146.69
4057,4056,211,35.37
3254,3253,211,37.17
3958,3957,211,36.58
4363,4362,211,39.05
3353,3352,211,36.89
4861,4860,211,37.65
4563,4562,211,36.76
3551,3550,211,38.75
5274,5273,211,102.72
3651,3650,211,147.26
5277,5376,211,11.87
2563,2562,212,155
4156,4155,212,114.09
2861,2860,212,157.55
2662,2661,212,153.82
4257,4256,212,133.93
5169,5168,212,154.15
2762,2761,212,156.45
3158,3157,212,151.53
5381,5380,212,104.8
4961,4960,212,145.28
4056,4055,212,134.74
4362,4361,212,148.38
3753,3752,212,135.57
5066,5065,212,137.93
3857,3856,212,36.3
3550,3549,212,142.35
5273,5272,212,153.19
3650,3649,212,134.38
2578,2477,212,6.38
5297,5396,212,5.16
3157,3156,213,132.54
4055,4054,213,136.27
3752,3751,213,135.72
4361,4360,213,136.28
4155,4154,213,134.74
5065,5064,213,138.09
3856,3855,213,137.39
2562,2561,213,158.21
2860,2859,213,157
2661,2660,213,155.81
4256,4255,213,134.17
5168,5167,213,152.48
2761,2760,213,156.55
4462,4461,213,37.81
4662,4661,213,37.25
3450,3449,213,38.88
4761,4760,213,37.29
3549,3548,213,106.18
5380,5379,213,115.1
5272,5271,213,156.03
4054,4053,214,113.23
3156,3155,214,137.32
2561,2560,214,161.29
2859,2858,214,157.51
2660,2659,214,157.47
4255,4254,214,112.86
2760,2759,214,158.62
4154,4153,214,111.87
5064,5063,214,139.34
3855,3854,214,137.81
3449,3448,214,116.64
3751,3750,214,145.23
4360,4359,214,124.38
2477,2476,214,66.35
3056,3055,214,37.34
4562,4561,214,36.44
2955,2954,214,37.78
4860,4859,214,37
3352,3351,214,35.91
3957,3956,214,36
3253,3252,214,36.95
5376,5375,214,41.38
5271,5270,214,154.34
5379,5378,214,154.44
3649,3648,214,98.95
2579,2478,214,5.35
2659,2658,215,156.68
4254,4253,215,110.95
2759,2758,215,159.29
3854,3853,215,113.92
4153,4152,215,135.72
5063,5062,215,142.43
3750,3749,215,130.68
4359,4358,215,130.06
4053,4052,215,133.54
2858,2857,215,152.29
3351,3350,215,146.95
2560,2559,215,161.73
4960,4959,215,37.27
3548,3547,215,90.02
5378,5377,215,116.11
5270,5269,215,153.11
5200,5299,215,6.23
5392,5491,215,8.11
4052,4051,216,142.84
4358,4357,216,130.51
5062,5061,216,143.58
4152,4151,216,146.95
3853,3852,216,132.98
5491,5490,216,124.36
2559,2558,216,156.73
2658,2657,216,152.06
4253,4252,216,138.42
2758,2757,216,155.16
3448,3447,216,92.27
2476,2475,216,99.71
4461,4460,216,38.62
4760,4759,216,36.55
4661,4660,216,37.14
5167,5166,216,38.1
5375,5374,216,60.81
5269,5268,216,154.15
3547,3546,216,102.82
3648,3647,216,87.69
2857,2856,216,142.89
5490,5489,217,122.9
2558,2557,217,151.11
2475,2474,217,126.61
2657,2656,217,144.41
2757,2756,217,144.16
4460,4459,217,141.52
4357,4356,217,131.77
3447,3446,217,104.77
5061,5060,217,145.97
3852,3851,217,137.33
4151,4150,217,134.29
3749,3748,217,94.57
3252,3251,217,36.24
3956,3955,217,35.82
2954,2953,217,37.2
3055,3054,217,37.11
4859,4858,217,35.96
3155,3154,217,36.8
4561,4560,217,37.67
5374,5373,217,111.64
5268,5267,217,151.56
3546,3545,217,113.55
2856,2855,217,142.62
2557,2556,218,146.23
4459,4458,218,128.9
2756,2755,218,149.79
3446,3445,218,114.83
4150,4149,218,102.91
3251,3250,218,145.42
4356,4355,218,133.34
3955,3954,218,136.66
5060,5059,218,144.54
5489,5488,218,128.85
2656,2655,218,147.98
2474,2473,218,129.1
3350,3349,218,39.79
4959,4958,218,36.24
5373,5372,218,150.11
5267,5266,218,140.35
3545,3544,218,114.79
4355,4354,219,130.58
3445,3444,219,116.16
4458,4457,219,125.16
3349,3348,219,124.46
2556,2555,219,148.18
5488,5487,219,123.71
2655,2654,219,148.85
2473,2472,219,117.94
3954,3953,219,133.91
3748,3747,219,83.06
4252,4251,219,38.67
4759,4758,219,36.22
4660,4659,219,36.64
4051,4050,219,36.79
5166,5165,219,37.45
5372,5371,219,153.89
3544,3543,219,109.89
3398,3297,219,6.14
2755,2754,219,150.65
5165,5164,220,138.92
2555,2554,220,143.88
3444,3443,220,113.12
4354,4353,220,111.26
4457,4456,220,127.17
4251,4250,220,128.08
4050,4049,220,115.08
3953,3952,220,112.51
5487,5486,220,123.86
4149,4148,220,80.7
5371,5370,220,151.2
4560,4559,220,37.79
4858,4857,220,35.7
3154,3153,220,37.23
2953,2952,220,37.04
3851,3850,220,37.86
3054,3053,220,37.23
3543,3542,220,113.36
3647,3646,220,28
2654,2653,220,148.66
2754,2753,220,146.7
2855,2854,220,38.18
4456,4455,221,131.34
2753,2752,221,143.86
3952,3951,221,139.44
5486,5485,221,128.73
3850,3849,221,126.32
2952,2951,221,139.3
2554,2553,221,142.5
5164,5163,221,137.93
3443,3442,221,100.83
4353,4352,221,141.52
3542,3541,221,116.51
3348,3347,221,96.4
5370,5369,221,145.61
4958,4957,221,35.47
3250,3249,221,40.15
5059,5058,221,36.41
5266,5265,221,37.77
2653,2652,221,141.79
5485,5484,222,125.21
5369,5368,222,148.47
2752,2751,222,147.26
4455,4454,222,111.58
2951,2950,222,144.62
2652,2651,222,143.34
4352,4351,222,146.04
3347,3346,222,102.4
5163,5162,222,137.93
3249,3248,222,130.29
4250,4249,222,92.35
4148,4147,222,92.21
4049,4048,222,80.69
3541,3540,222,110.84
4758,4757,222,36.73
2553,2552,222,139.54
4659,4658,222,36.76
5393,5492,222,7.86
3093,2993,222,1.72
2950,2949,223,156.79
5368,5367,223,147.13
5484,5483,223,128.04
4454,4453,223,111.96
5162,5161,223,141.12
4147,4146,223,100.82
2651,2650,223,143.67
2751,2750,223,143.97
4351,4350,223,122.81
3346,3345,223,111.54
3849,3848,223,87.73
3540,3539,223,106.23
2854,2853,223,37.12
3053,3052,223,37.14
4559,4558,223,36.24
4857,4856,223,34.95
3153,3152,223,37.23
2472,2471,223,27
3747,3746,223,27.99
4757,4756,223,133.45
2552,2551,223,140.85
4658,4657,223,140.32
4453,4452,224,143.42
4856,4855,224,127.28
2471,2470,224,101.85
5161,5160,224,146.67
4146,4145,224,104.77
2551,2550,224,143.5
3345,3344,224,103.13
4657,4656,224,128.94
2650,2649,224,145.28
2750,2749,224,144.3
4558,4557,224,130.77
5483,5482,224,128.83
5367,5366,224,146.46
2949,2948,224,152.54
4048,4047,224,87.73
3248,3247,224,97.02
4249,4248,224,78.34
3951,3950,224,37.81
4957,4956,224,34.07
5058,5057,224,35.08
5265,5264,224,37.45
3646,3645,224,30.43
5394,5493,224,7.36
4756,4755,224,124
5160,5159,225,144.35
4145,4144,225,104.55
2550,2549,225,149.1
4047,4046,225,100.6
4656,4655,225,122.67
3344,3343,225,102.09
4557,4556,225,125
2649,2648,225,153.18
5366,5365,225,139.52
5482,5481,225,128.8
3950,3949,225,121.77
2948,2947,225,120.5
2749,2748,225,150.93
4350,4349,225,83.32
3848,3847,225,83.06
3539,3538,225,95.95
3442,3441,225,29.8
4855,4854,225,122.97
4755,4754,225,123.15
4144,4143,226,100.44
5159,5158,226,115.17
2549,2548,226,155.43
3847,3846,226,102.4
3441,3440,226,103.18
5481,5480,226,144.39
4754,4753,226,134.51
2648,2647,226,131.2
2947,2946,226,101.04
4655,4654,226,128.38
4046,4045,226,104.37
3343,3342,226,100.04
4556,4555,226,126.13
2470,2469,226,86.43
4248,4247,226,92.27
3247,3246,226,98.87
2853,2852,226,36.97
3052,3051,226,36.28
3152,3151,226,36.12
4854,4853,226,131.68
2570,2469,226,5.91
2582,2481,226,3.42
2583,2482,226,3.3
2481,2480,227,129.08
2946,2945,227,101.23
4753,4752,227,146.54
5480,5479,227,106.96
4654,4653,227,136.09
4045,4044,227,106.17
4555,4554,227,130.96
3151,3150,227,144.84
3051,3050,227,144.57
3246,3245,227,100.67
4247,4246,227,102.6
2852,2851,227,143.05
5158,5157,227,130.85
2548,2547,227,132.19
3949,3948,227,83.22
4349,4348,227,78.94
5057,5056,227,33.66
4956,4955,227,33.8
4452,4451,227,36.93
3538,3537,227,97.2
3746,3745,227,30.34
5264,5263,227,37.43
4853,4852,227,146.5
3195,3095,227,2.32
4044,4043,228,102.39
4653,4652,228,145.18
2851,2850,228,145.12
4554,4553,228,133.4
3050,3049,228,157.47
3245,3244,228,100.67
4246,4245,228,104.37
4451,4450,228,113.07
2480,2479,228,124.23
2945,2944,228,103.01
4955,4954,228,128.19
5479,5478,228,116.07
3440,3439,228,97.66
2469,2468,228,88.79
2647,2646,228,92.63
4143,4142,228,98.46
5365,5364,228,37.62
2748,2747,228,34.61
3537,3536,228,119.9
5375,5474,228,10.28
3645,3644,228,30.56
5376,5475,228,8.82
5395,5494,228,7.05
2891,2790,228,3.66
2584,2483,228,3.11
4553,4552,229,144.02
4245,4244,229,102.43
4142,4141,229,102.5
5478,5477,229,129.05
4954,4953,229,133.8
2468,2467,229,114.43
4652,4651,229,134.38
2850,2849,229,151.95
2547,2546,229,96.87
3948,3947,229,83.06
4348,4347,229,94.48
3536,3535,229,118.83
5377,5476,229,10.43
5298,5397,229,4.99
4347,4346,230,102.55
3947,3946,230,102.41
2467,2466,230,123.28
4552,4551,230,136.04
4450,4449,230,78.94
3244,3243,230,99.89
3439,3438,230,95.9
2747,2746,230,96.77
5474,5473,230,98.57
3150,3149,230,40.52
4752,4751,230,34.5
3846,3845,230,29.98
3342,3341,230,28.97
5157,5156,230,33.74
5263,5262,230,38.03
2585,2484,230,2.91
4852,4851,230,33.97
4953,4952,230,142.11
2466,2465,231,124.86
4346,4345,231,104.85
4551,4550,231,102.74
5473,5472,231,145.87
2746,2745,231,102.27
3438,3437,231,112.78
4651,4650,231,97.36
4244,4243,231,96.64
3049,3048,231,38.33
5364,5363,231,37.34
5056,5055,231,33.23
3535,3534,231,78.49
3745,3744,231,29.98
5156,5155,231,124.27
4952,4951,231,125.21
3437,3436,232,134.08
2745,2744,232,124.25
5472,5471,232,150.63
4345,4344,232,101.24
2465,2464,232,126.13
3048,3047,232,110.16
4449,4448,232,85.62
2849,2848,232,39.65
2944,2943,232,28
2646,2645,232,29.82
4043,4042,232,27.99
3544,3643,232,10.22
3644,3643,232,29.59
4751,4750,232,92.35
5055,5054,232,131.08
4851,4850,232,85.62
5155,5154,232,127.92
2464,2463,233,156.59
5471,5470,233,148.38
2744,2743,233,111.04
2848,2847,233,127.71
2645,2644,233,110.94
5154,5153,233,140.32
3436,3435,233,146.36
4650,4649,233,71.3
4243,4242,233,95.37
4550,4549,233,75.86
3149,3148,233,36.25
2546,2545,233,30.08
3534,3533,233,59.91
4951,4950,233,80.99
5262,5261,233,38.54
3643,3642,233,114.41
4141,4140,233,28.44
3296,3196,233,1.69
2545,2544,234,121.79
5470,5469,234,148.68
2463,2462,234,150.61
3435,3434,234,108.98
4242,4241,234,102.51
2847,2846,234,107.02
2644,2643,234,127.6
4344,4343,234,93.15
3047,3046,234,99.78
4850,4849,234,68.47
4448,4447,234,98.41
5363,5362,234,38.28
3946,3945,234,29.27
3341,3340,234,26.59
3845,3844,234,29.27
3243,3242,234,29.47
3642,3641,234,120.69
4750,4749,234,65.78
2544,2543,235,112.31
4447,4446,235,100.43
2462,2461,235,162.79
3046,3045,235,101.58
4241,4240,235,104.08
2846,2845,235,111.52
2643,2642,235,110.83
4649,4648,235,87.65
4549,4548,235,89.92
2743,2742,235,97.64
3148,3147,235,98.1
5469,5468,235,147.77
3744,3743,235,28.93
3539,3638,235,12.74
4950,4949,235,68.61
3641,3640,235,119.73
3533,3532,235,50.09
5054,5053,235,36.14
2461,2460,236,140.68
2543,2542,236,128.16
4446,4445,236,100.55
3045,3044,236,106.17
2845,2844,236,109.8
3434,3433,236,72.26
3340,3339,236,80.81
4343,4342,236,91.96
5153,5152,236,36.44
4042,4041,236,28.83
2943,2942,236,27.56
5468,5467,236,148.95
3743,3742,236,108.53
3540,3639,236,10.8
3638,3637,236,103.1
5261,5260,236,37.96
3640,3639,236,114.72
2477,2376,236,6.1
5396,5495,236,5.99
3499,3399,236,1.91
4749,4748,236,87.66
4342,4341,237,101.93
2542,2541,237,106.51
5152,5151,237,116.47
2460,2459,237,150.17
4548,4547,237,98.46
2742,2741,237,92.18
3147,3146,237,98.88
2642,2641,237,92.65
4240,4239,237,95.05
5467,5466,237,142.32
5362,5361,237,38.58
4648,4647,237,98.5
3742,3741,237,117.12
3637,3636,237,109.63
5260,5259,237,142.02
2478,2377,237,6.29
3532,3531,237,80.27
4140,4139,237,27.2
4341,4340,238,104.57
5466,5465,238,139.64
3146,3145,238,101.56
2459,2458,238,156.34
2376,2375,238,98.07
4445,4444,238,98.85
2942,2941,238,94.27
3433,3432,238,56.53
3339,3338,238,91.02
5053,5052,238,36.31
3844,3843,238,28.09
4849,4848,238,25.29
3242,3241,238,29.32
3945,3944,238,28.9
3741,3740,238,122.09
4748,4747,238,96.37
2586,2485,238,2.47
3145,3144,239,106.22
5465,5464,239,137.45
2375,2374,239,125.88
5052,5051,239,121.77
2458,2457,239,151.83
2741,2740,239,92.18
2541,2540,239,94.42
5151,5150,239,75.86
4239,4238,239,90.42
4139,4138,239,94.45
2641,2640,239,94.14
3531,3530,239,83.44
3740,3739,239,121.06
3636,3635,239,97.51
4949,4948,239,25.33
3533,3632,239,27.26
2457,2456,240,145.89
4138,4137,240,102.99
2374,2373,240,129.05
2540,2539,240,101.01
4444,4443,240,90.42
4340,4339,240,95.88
3241,3240,240,85.33
2941,2940,240,83.05
3338,3337,240,71.98
5361,5360,240,37.47
2844,2843,240,27.59
3044,3043,240,28.82
4041,4040,240,28.95
3739,3738,240,117.18
4951,5050,240,16.62
5259,5258,240,35.37
4950,5049,240,20.9
5491,5590,240,5.74
3432,3431,240,75.66
2640,2639,241,23.04
4238,4237,241,17.04
2740,2739,241,22.63
3530,3529,241,16.06
5476,5575,241,58.21
5477,5576,241,56.57
5478,5577,241,62.97
5475,5574,241,62.44
5474,5573,241,70.8
5479,5578,241,59.55
5480,5579,241,50.75
3535,3634,241,55.49
5158,5257,241,74.15
5481,5580,241,73.08
5492,5591,241,13.53
5486,5585,241,60.27
5487,5586,241,36.58
5488,5587,241,37.03
5489,5588,241,61.16
5490,5589,241,68.32
5299,5398,241,58.25
3094,2994,241,1.38
5156,5255,241,72.46
5155,5254,241,72.95
5150,5249,242,64.98
4444,4543,242,58.15
2941,3040,242,62.06
4341,4440,242,54.8
5151,5250,242,63.77
5466,5565,242,62.71
4239,4338,242,58.15
4445,4544,242,59.4
4342,4441,242,54.45
5152,5251,242,67.81
2942,3041,242,62.5
2742,2841,242,47.52
4446,4545,242,61.1
5467,5566,242,63.98
4447,4546,242,62.77
4343,4442,242,54.48
5470,5569,242,79.37
2743,2842,242,47.45
5471,5570,242,79.39
3531,3630,242,58.99
5154,5253,242,76.46
5472,5571,242,79.02
5473,5572,242,78.57
5468,5567,242,66.8
5397,5496,242,54.97
3741,3840,242,58.04
5469,5568,242,66.21
3742,3841,242,59.08
3743,3842,242,58.98
5482,5581,242,50.99
5483,5582,242,56.45
5484,5583,242,61.31
3534,3633,242,41.51
5485,5584,242,67.03
3637,3736,242,76.7
5260,5359,242,77.76
3638,3737,242,75.19
5200,5300,242,10.47
4748,4847,242,61.28
3533,3633,242,15.14
5493,5592,242,29.53
5575,5674,243,77.45
5574,5673,243,76.04
5580,5679,243,79.38
5573,5672,243,73.11
5050,5149,243,67.21
2940,3039,243,68.56
4443,4542,243,57.48
4339,4438,243,51.45
5049,5148,243,63.68
5590,5689,243,67.63
5150,5149,243,13.09
4238,4337,243,56.75
2740,2839,243,43.05
5465,5564,243,61.28
4340,4439,243,52.18
2741,2840,243,47.52
3738,3837,243,65.12
3739,3838,243,61.4
3530,3629,243,58.79
3740,3839,243,57.4
5254,5353,243,78.38
5255,5354,243,76.4
3632,3731,243,45.61
3636,3735,243,54.99
3635,3734,243,56.99
3398,3298,243,2.31
5494,5593,243,28.16
3532,3631,243,42.37
3040,3139,244,76.81
5572,5671,244,78.18
5571,5670,244,79.18
5569,5668,244,79.32
5579,5678,244,54.43
5576,5675,244,60.45
4237,4336,244,49.5
5589,5688,244,50.96
5398,5497,244,58.53
5578,5677,244,49.57
5577,5676,244,60.83
5587,5686,244,49.26
5586,5685,244,66.62
2739,2838,244,49.88
5585,5684,244,59.52
4137,4236,244,42.77
5591,5690,244,57.41
2539,2638,244,45.92
3529,3628,244,62.76
2942,3042,244,24.9
5258,5357,244,45.78
3634,3733,244,61.27
2839,2938,245,72.92
5672,5771,245,75.5
3039,3138,245,78
5674,5773,245,78.63
3731,3830,245,75.17
4544,4643,245,61.22
5565,5664,245,60.53
5570,5669,245,66.66
5584,5683,245,53.97
3041,3140,245,67.48
4545,4644,245,61.89
5582,5681,245,64.91
5581,5680,245,58.36
3840,3939,245,56.32
5583,5682,245,61.98
4338,4437,245,52.63
4442,4541,245,56.96
4441,4540,245,57.4
4440,4539,245,51.45
4543,4642,245,61.25
5566,5665,245,61.24
4137,4136,245,22.7
2539,2538,245,21.71
3841,3940,245,57.82
5567,5666,245,63.87
5152,5252,245,21.66
5249,5348,245,63.71
5250,5349,245,59.18
3737,3836,245,68.23
5251,5350,245,59.12
3630,3729,245,67.74
3633,3732,245,48.91
3736,3835,245,70.54
5156,5256,245,18.45
5671,5770,246,71.54
3139,3238,246,77.2
5670,5769,246,79.08
5679,5778,246,67.48
3735,3834,246,53.75
5149,5248,246,63.59
4337,4436,246,55
5148,5247,246,64.95
3839,3938,246,54.61
3734,3833,246,63.85
2840,2939,246,55.29
4542,4641,246,61.58
5673,5772,246,66.79
5300,5399,246,45.27
4545,4645,246,25.25
5588,5687,246,35.05
2739,2738,246,20.17
2639,2738,246,31.52
3841,3941,246,27.32
5251,5351,246,26.7
4044,3943,246,5.78
3629,3728,246,67
2547,2446,246,4.11
3838,3937,246,54.71
3837,3936,246,57.44
3431,3430,246,17.5
5771,5870,247,73.54
3138,3237,247,78.17
3835,3934,247,71.55
3732,3831,247,75.3
2938,3037,247,78.98
3830,3929,247,78.66
5773,5872,247,78.65
3140,3239,247,78.85
5681,5780,247,70.87
5682,5781,247,75.09
5684,5783,247,50.13
5497,5596,247,53.72
5677,5776,247,48.37
3733,3832,247,70.58
5676,5775,247,61.72
5686,5785,247,65.51
5685,5784,247,53.3
3042,3141,247,65.45
5678,5777,247,57.23
5675,5774,247,67.88
4336,4435,247,54.02
4438,4538,247,30.65
4438,4537,247,42.59
5353,5452,247,42.91
5690,5789,247,60.75
5689,5788,247,45.48
4439,4538,247,46.75
3041,3141,247,21.88
5496,5595,247,29.1
5495,5594,247,16.79
3630,3730,247,21.71
3631,3730,247,42
5256,5355,247,72.89
2939,3038,248,79.38
3834,3933,248,79.1
5769,5868,248,79.32
5772,5871,248,77.33
5770,5869,248,78.68
3833,3932,248,77.41
3729,3828,248,64.79
5680,5779,248,67.74
5669,5768,248,67.35
5350,5449,248,59.55
5683,5782,248,60.42
5349,5448,248,64.33
5348,5447,248,65.01
3836,3935,248,62.51
4136,4235,248,47.88
2638,2737,248,38.04
4236,4335,248,39.3
5688,5787,248,40.07
5593,5692,248,30.69
5592,5691,248,23.8
5049,5048,248,13.71
4539,4638,248,54.16
4541,4640,248,60.54
4540,4639,248,56.85
3940,4039,248,54.51
3628,3727,248,38.13
4643,4742,248,63.29
5666,5765,248,60.64
4642,4741,248,63.71
3939,4038,248,49.52
3832,3931,249,76.19
3037,3136,249,71.68
3237,3336,249,79.04
3831,3930,249,78.58
3929,4028,249,75.03
3937,4036,249,52.62
5778,5877,249,67.86
3938,4037,249,50.97
3936,4035,249,51.38
3728,3827,249,54.06
5351,5450,249,52.79
4436,4535,249,55.07
5399,5498,249,56.76
5687,5786,249,57.88
4437,4536,249,47.07
5350,5450,249,26.49
2538,2637,249,37.13
2638,2637,249,23.69
3042,3142,249,23.16
4747,4846,249,15.66
4848,4947,249,15.63
3843,3942,249,15.67
5361,5460,249,15.39
4547,4646,249,15.66
5247,5346,249,68.18
3529,3528,249,14.15
3044,3143,249,15.63
5248,5347,249,66.71
5362,5461,249,15.42
5363,5462,249,15.41
4647,4746,249,15.66
5364,5463,249,15.39
5252,5352,249,25.01
5259,5358,249,15.4
4948,5047,249,15.61
4641,4740,249,62.81
3932,4031,250,76.43
3038,3137,250,79.16
3933,4032,250,72.22
5782,5881,250,73.14
5871,5970,250,74.97
4435,4534,250,56.79
5777,5876,250,55.67
5776,5875,250,54.55
5775,5874,250,61.61
3934,4033,250,64.79
5780,5879,250,66.55
5774,5873,250,68.23
5781,5880,250,70.27
5870,5969,250,69.79
5783,5882,250,61.11
5351,5451,250,29.3
5784,5883,250,64.76
2538,2537,250,23.8
4136,4135,250,20.98
3730,3829,250,59.31
5785,5884,250,59.04
5464,5563,250,15.4
5788,5887,250,51.7
5789,5888,250,51.77
5360,5459,250,15.39
4643,4743,250,24.45
5358,5457,251,72.01
3931,4030,251,79.23
4638,4737,251,56.15
4742,4841,251,64.3
5691,5790,251,61.75
4741,4840,251,63.21
5869,5968,251,66.8
3935,4034,251,56.02
5765,5864,251,59.15
4640,4739,251,61.34
5768,5867,251,65.95
5779,5878,251,67.89
4639,4738,251,61.6
5452,5552,251,30.7
5452,5551,251,44.09
3727,3826,251,55.49
5148,5147,251,13.11
3136,3235,251,76.07
4537,4637,251,30.39
4537,4636,251,40.3
4538,4637,251,46.75
5567,5667,251,11.13
5787,5886,251,53.05
5256,5356,251,18.13
5460,5559,251,74.82
5257,5356,251,15.46
5970,6069,252,74.01
3137,3236,252,74.56
5882,5981,252,73.24
4535,4634,252,49.07
4035,4134,252,54.34
5347,5446,252,65.23
4740,4839,252,63.25
2637,2736,252,56.99
3827,3926,252,56.95
5450,5549,252,62.8
3930,4029,252,67.14
5877,5976,252,68.18
5346,5445,252,65.47
5498,5597,252,62.73
4335,4434,252,46.23
4235,4334,252,46.98
3829,3928,252,78.03
5594,5693,252,28.6
5692,5791,252,38.5
5300,5400,252,10.53
4847,4946,252,15.65
5786,5885,252,52.05
3433,3332,252,5.08
5359,5458,252,15.43
5457,5556,253,74.54
5356,5455,253,75.83
4135,4234,253,59.2
5875,5974,253,50.5
5881,5980,253,70.05
4033,4132,253,48.02
5879,5978,253,65.29
5874,5973,253,54.19
4534,4633,253,55.41
5876,5975,253,54.99
5880,5979,253,66.18
5969,6068,253,70.14
4031,4130,253,55.07
4032,4131,253,49.69
4536,4635,253,41.6
4535,4635,253,30.24
5888,5987,253,68.33
5883,5982,253,58.74
5887,5986,253,67.7
4742,4842,253,23.86
4235,4234,253,21.32
5451,5550,253,53.4
3430,3429,253,16.22
3235,3334,253,79.39
5884,5983,253,54.04
5353,5453,253,10.59
5564,5663,253,15.41
5354,5453,253,15.38
2539,2438,253,10.96
2541,2440,253,9.25
5563,5662,253,63.16
5596,5695,253,25.74
5981,6080,254,79.03
5886,5985,254,62.08
4030,4129,254,62.5
4034,4133,254,47.94
5867,5966,254,61.64
5968,6067,254,64.3
4739,4838,254,64.05
5667,5766,254,63.33
4738,4837,254,61
5878,5977,254,70.08
4737,4836,254,56.58
5147,5246,254,66.29
4841,4940,254,62.48
4840,4939,254,63.27
4033,4133,254,30.42
3826,3925,254,65.01
5668,5767,254,15.5
5357,5456,254,15.46
2456,2455,254,7.3
2539,2439,254,7.64
2540,2439,254,9.54
5790,5889,254,55.84
5666,5766,254,11.49
5595,5694,254,22.24
5446,5545,255,59.99
5445,5544,255,62.1
4134,4233,255,59.2
3926,4025,255,66.67
4839,4938,255,64.84
5976,6075,255,64.05
4434,4533,255,50.24
4029,4128,255,70.53
5885,5984,255,53.2
2637,2636,255,16.93
5983,6082,255,79.39
2537,2636,255,32.17
2537,2536,255,23.88
2538,2437,255,14.27
2541,2441,255,6.31
5597,5696,255,49.53
5664,5763,255,15.4
5791,5890,255,61.31
5665,5764,255,15.39
4636,4736,255,30.23
4636,4735,255,39.36
4637,4736,255,46.75
5456,5555,256,78.77
5975,6074,256,56.84
5455,5554,256,50.93
5974,6073,256,52.61
4234,4333,256,57.46
5662,5761,256,59.68
6068,6167,256,65.51
5979,6078,256,68.11
5973,6072,256,56.24
5978,6077,256,69.69
5980,6079,256,65.53
5987,6086,256,67.9
5446,5546,256,26.26
5986,6085,256,66.41
5400,5499,256,41.26
4334,4433,256,44.09
4841,4941,256,24.92
5552,5651,256,34.49
2738,2837,256,15.38
4645,4744,256,15.65
4633,4732,256,50.93
4634,4734,256,30.7
4634,4733,256,44.85
2993,2892,256,1.95
3432,3331,256,7.46
5460,5560,256,16.64
4025,4124,257,76.29
6080,6179,257,62.06
5977,6076,257,70.45
4837,4936,257,61
4940,5039,257,63.9
5889,5988,257,68.09
4836,4935,257,54.71
6067,6166,257,59.37
4133,4232,257,50.45
4939,5038,257,65.39
5966,6065,257,58.7
5985,6084,257,68.24
4838,4937,257,63.69
4130,4230,257,26.1
4132,4232,257,29.91
4132,4231,257,37.91
5457,5557,257,16.86
5346,5345,257,12.86
5765,5865,257,11.66
5452,5553,257,14.56
5355,5454,257,15.4
5246,5345,257,69.11
4233,4332,258,58.28
4128,4227,258,47.51
5890,5989,258,68.33
4533,4632,258,49.15
4736,4835,258,48.46
4938,5037,258,65.68
4129,4229,258,28.59
5695,5794,258,30.28
4130,4229,258,28.8
5868,5967,258,15.45
5449,5548,258,15.63
5448,5547,258,15.64
3037,3036,258,9.96
5872,5971,258,13.01
5692,5792,258,10.68
5984,6083,258,61.26
5693,5792,258,27.84
2555,2454,258,2.22
5764,5863,258,61.44
5557,5656,259,78.25
4124,4223,259,79.39
5761,5860,259,51.96
6078,6177,259,68.08
6077,6176,259,67.19
5499,5598,259,62.28
6079,6178,259,66.61
6074,6173,259,54.55
5554,5653,259,53.87
4732,4831,259,52.18
6072,6171,259,49.02
4941,5040,259,61.83
4333,4432,259,50.47
6085,6184,259,67.8
5544,5643,259,46.34
6086,6185,259,62.69
5545,5644,259,45.62
4128,4228,259,30.49
4735,4834,259,45.52
5694,5793,259,28.34
4940,5040,259,24.09
4129,4228,259,33.88
5445,5444,259,14.47
4746,4845,259,15.66
4028,4127,259,15.38
5463,5562,259,15.41
4947,5046,259,15.61
4846,4945,259,15.66
5047,5146,259,15.59
2537,2436,259,16.13
3528,3627,259,15.5
5462,5561,259,15.4
4646,4745,259,15.66
2554,2453,259,2.61
3431,3330,259,7.69
5696,5795,259,39.09
5863,5962,260,78.08
4937,5036,260,63.49
5039,5138,260,67.96
4935,5034,260,56.85
4232,4331,260,51.76
5038,5137,260,68.9
6076,6175,260,66.49
6166,6265,260,56.03
4936,5035,260,58.99
4733,4833,260,30.33
4733,4832,260,39.93
5555,5654,260,44.49
5554,5654,260,28.94
4732,4832,260,29.49
4941,5041,260,25.28
6073,6172,260,46.88
4433,4532,260,39.81
4533,4532,260,20.47
5459,5558,260,15.45
5873,5972,260,15.02
5988,6087,260,68.32
6084,6183,260,68.35
3433,3333,260,3.33
6176,6275,261,75.8
6178,6277,261,73.63
4332,4431,261,52.79
4835,4934,261,48.65
4229,4328,261,48.9
4227,4326,261,52.88
5037,5136,261,68.17
4230,4330,261,30.67
4230,4329,261,45.6
4231,4330,261,46.57
5553,5652,261,45.51
2536,2635,261,25.93
5864,5963,261,15.4
5551,5650,261,15.66
5559,5658,261,15.48
5970,6070,261,9.82
5989,6088,261,68.32
5552,5652,261,10.71
3235,3335,261,10.96
3429,3428,261,12.95
5792,5891,261,53.56
4632,4731,261,50.7
2553,2452,261,2.4
2688,2588,261,1.07
5138,5237,262,74.97
5137,5236,262,75.18
5558,5657,262,73.14
4228,4327,262,54.16
4223,4322,262,69.94
5040,5139,262,65.5
6171,6270,262,51.24
5046,5145,262,66.09
4831,4930,262,63.62
5656,5755,262,47.36
6185,6284,262,53.97
5444,5543,262,64.79
4127,4226,262,60.99
4227,4327,262,29.27
5039,5139,262,21.56
5146,5245,262,67.52
5662,5762,262,11.6
6069,6168,262,15.62
4946,5045,262,15.63
5549,5648,262,15.63
5400,5500,262,10.63
3928,4027,262,15.28
6184,6283,262,61.99
3136,3135,262,7.85
5597,5697,262,10.37
5598,5697,262,65.93
2547,2447,262,2.68
5658,5757,263,77.11
5136,5235,263,74.08
6277,6376,263,72.66
5972,6071,263,65.22
6175,6274,263,63.81
5041,5140,263,63.02
6172,6271,263,54.89
5034,5133,263,66.56
6183,6282,263,68.36
5654,5753,263,47.52
5036,5135,263,65.25
5035,5134,263,65.07
4832,4931,263,56.97
4331,4430,263,54.86
6173,6272,263,42.5
5860,5959,263,45.38
2436,2535,263,47.08
5644,5743,263,45.53
4834,4933,263,39.97
6087,6186,263,60.31
5545,5645,263,13.2
6080,6180,263,11.33
5966,6066,263,11.71
5550,5649,263,15.62
5556,5655,263,15.42
5981,6081,263,9.74
5982,6081,263,15.48
5643,5742,263,44.09
2838,2937,263,7.82
2542,2442,263,4
3627,3726,263,38.74
5794,5893,263,31.59
6265,6364,263,54.05
5657,5756,264,79.25
5236,5335,264,79.31
5139,5238,264,72.89
5237,5336,264,79.39
3135,3234,264,78.59
4326,4425,264,58.98
4328,4427,264,54.55
4330,4429,264,51.67
6070,6169,264,65.86
4329,4428,264,49.6
4027,4126,264,79.2
5652,5751,264,63.34
4934,5033,264,56.5
4731,4830,264,62.01
4532,4631,264,36.69
5654,5754,264,30.49
4833,4932,264,46.62
4832,4932,264,27.71
4432,4531,264,35.01
4223,4323,264,20.23
5653,5752,264,34.77
2436,2435,264,21.29
6088,6187,264,55.86
5767,5866,264,15.42
3925,4024,264,15.28
5891,5990,264,68.27
4632,4631,264,19.82
5795,5894,264,33.61
5133,5232,265,71.09
5235,5334,265,78.35
5135,5234,265,72.6
5134,5233,265,72.42
6168,6267,265,61.28
4930,5029,265,63.7
5045,5144,265,66.24
5245,5344,265,68.85
4327,4426,265,58.51
6275,6374,265,41.76
4326,4426,265,26.77
5650,5749,265,41.02
4431,4530,265,43.76
5041,5141,265,24.61
5345,5344,265,12.6
5761,5861,265,12.47
6074,6174,265,12.18
6075,6174,265,15.58
2636,2735,265,15.38
6082,6181,265,15.59
5145,5244,265,67.71
6284,6383,265,55.05
6283,6382,265,57.49
2373,2372,265,4.06
6270,6369,265,54.59
5793,5892,265,27.68
5697,5796,265,47.61
2552,2451,265,2.24
5696,5796,265,10.67
5763,5862,265,15.4
4126,4225,266,71.09
5238,5337,266,79.38
5336,5435,266,79.38
4024,4123,266,79.39
5335,5434,266,79.33
4931,5030,266,64.83
4933,5032,266,61.41
6364,6463,266,56.27
6071,6170,266,55.32
5140,5239,266,69.26
5893,5992,266,54.81
6186,6285,266,59.76
6066,6165,266,56.88
4322,4422,266,30.7
4322,4421,266,43.84
4226,4325,266,45.26
5500,5599,266,44.66
6282,6381,266,63.75
6166,6266,266,12.01
5560,5659,266,15.44
6167,6266,266,15.41
4744,4843,266,15.66
5651,5750,266,15.58
5543,5642,266,43.97
6272,6371,266,57.95
6271,6370,266,56.45
3499,3500,266,1.64
5232,5331,267,73.12
6369,6468,267,79.2
5862,5961,267,73.99
5233,5332,267,74.68
5234,5333,267,76.89
5334,5433,267,77.84
4428,4527,267,49.21
4425,4524,267,49.21
4830,4929,267,64.9
5033,5132,267,67.44
4427,4526,267,52.62
6187,6286,267,64.25
5752,5851,267,68.24
4932,5031,267,64.83
5754,5853,267,49.52
4430,4529,267,41.61
5753,5852,267,39.35
5755,5854,267,32.34
4322,4321,267,22.39
6173,6273,267,13.56
5644,5744,267,13.21
5444,5443,267,13.18
5865,5964,267,15.38
6065,6164,267,15.39
6179,6278,267,15.07
4124,4224,267,10.94
2837,2936,267,13.65
5990,6089,267,67.39
5743,5842,267,46.43
2737,2836,267,7.85
5742,5841,267,46.01
3430,3329,267,6.92
2545,2444,267,3.72
4631,4730,267,55.42
3330,3329,267,12.54
5337,5436,268,79.38
4123,4222,268,78.09
5435,5534,268,77.51
5434,5533,268,77.36
6370,6469,268,78.17
5239,5338,268,78.62
6371,6470,268,77.27
5029,5128,268,61.13
4426,4525,268,53.94
5244,5343,268,68.46
5892,5991,268,67.25
6383,6482,268,51.42
4428,4528,268,30.22
4425,4525,268,30.22
4429,4528,268,43.29
6169,6268,268,47.06
4323,4423,268,30.68
5756,5855,268,39.8
6376,6475,268,30.78
5140,5240,268,20.7
6381,6480,268,71.15
5658,5758,268,14.62
5141,5240,268,67.48
5547,5646,268,15.66
6083,6182,268,15.22
4025,4125,268,7.94
5144,5243,268,68.46
5548,5647,268,15.65
3399,3400,268,3.5
6267,6366,268,57.48
6374,6473,268,48.04
5333,5432,269,75.48
5332,5431,269,74.79
6463,6562,269,47.82
5032,5131,269,66.6
6170,6269,269,50.6
6285,6384,269,63.68
6165,6264,269,55.9
5599,5698,269,67.39
4225,4324,269,54.95
5029,5129,269,25.66
4530,4630,269,30.62
4530,4629,269,46.23
5861,5960,269,44.49
5842,5941,269,73.32
4425,4424,269,20.45
4531,4630,269,32.11
5894,5993,269,30.42
6274,6373,269,23.7
2435,2534,269,33.85
6275,6375,269,13.64
5642,5741,269,64.85
5561,5660,269,15.39
6468,6567,269,79.31
4845,4944,269,15.66
5860,5960,269,10.52
4745,4844,269,15.66
4945,5044,269,15.63
6177,6276,269,15.53
2438,2337,269,9.13
5992,6091,269,68.07
3828,3927,269,6.77
6382,6481,269,43.15
3399,3299,269,3.21
6266,6365,269,56.58
5795,5895,269,10.71
5796,5895,269,37.79
2551,2450,269,2.17
6265,6365,269,12.23
6374,6474,269,30.42
5562,5661,269,15.4
6473,6572,270,76.63
5758,5857,270,79.36
5338,5437,270,78.92
6469,6568,270,78.75
6482,6581,270,79.29
5436,5535,270,76.04
5853,5952,270,66.76
5331,5430,270,47.23
4321,4420,270,59.02
4526,4625,270,55.36
4529,4628,270,53.78
5433,5532,270,53.35
4730,4829,270,65.96
5851,5950,270,69
4527,4626,270,55.24
6286,6385,270,65.29
4929,5028,270,62.43
5132,5231,270,68.93
5854,5953,270,61.04
5031,5130,270,65.81
5443,5542,270,64.01
4422,4522,270,30.66
4422,4521,270,45.65
5744,5843,270,47.33
5240,5339,270,75.11
2535,2634,270,22.71
5962,6061,270,15.45
5141,5241,270,21.88
5750,5849,270,41.81
6089,6188,270,57.71
2438,2338,270,6.22
3926,4026,270,5.83
4841,4942,270,7.8
5841,5940,270,50.99
6164,6263,270,56.09
5432,5531,271,74.94
5661,5760,271,74.15
6470,6569,271,58.33
5533,5632,271,49.37
5243,5342,271,68.87
4528,4627,271,54.43
4525,4624,271,49.5
5855,5954,271,49.43
5343,5442,271,65.99
5534,5633,271,66.98
5941,6040,271,78.23
5961,6060,271,45.43
4524,4624,271,29.46
4524,4623,271,36.33
2936,3035,271,37.58
4527,4627,271,28.43
5854,5954,271,25.71
6273,6372,271,41.15
5963,6062,271,15.39
2635,2734,271,15.52
3428,3527,271,15.53
2736,2835,271,7.83
6366,6465,271,54.06
5991,6090,271,67.02
6269,6368,271,73.82
2470,2369,271,1.7
6475,6574,271,63.44
6572,6671,272,79.17
5241,5340,272,72.46
5532,5631,272,73.93
6263,6362,272,75.27
5437,5536,272,71.34
5430,5529,272,75.06
5339,5438,272,75.57
5660,5759,272,70.7
6384,6483,272,58.53
5993,6092,272,66.91
6474,6573,272,69.94
5431,5530,272,47.47
6365,6464,272,53.54
6567,6666,272,59.56
6091,6190,272,68.12
5131,5230,272,68.97
5044,5143,272,66.83
5855,5955,272,30.17
4423,4523,272,27.62
4524,4523,272,23.87
5851,5951,272,20.87
6364,6464,272,11.98
5500,5600,272,10.54
5648,5747,272,15.63
5966,5965,272,5.88
2440,2339,272,7.67
5940,6039,272,79.34
4629,4728,272,62.55
4630,4729,272,61.5
6268,6367,272,44.77
5698,5797,272,65.76
6264,6363,272,55.44
6373,6472,272,49.18
5697,5797,272,10.45
2789,2689,272,0.7
6574,6673,273,78.44
5632,5731,273,71.1
6060,6159,273,73.39
6368,6467,273,77.49
6062,6161,273,72.54
6385,6484,273,65.48
4829,4928,273,64.97
5535,5634,273,62.3
5857,5956,273,51.44
6568,6667,273,61.28
5953,6052,273,68.41
5542,5641,273,61.36
5129,5228,273,40.69
5843,5942,273,51.29
6562,6661,273,45.44
5534,5634,273,22.19
6371,6471,273,14.46
5842,5942,273,17.81
6188,6287,273,59.65
6480,6579,273,29.18
5959,6058,273,15.44
5757,5856,273,15.39
5649,5748,273,15.63
6376,6476,273,10.69
2436,2336,273,7.31
2436,2335,273,10.54
5741,5840,273,45.76
3726,3825,273,15.45
2440,2340,273,5.14
4626,4725,273,54.61
4628,4727,273,60.11
6475,6575,273,24.36
6671,6770,274,79.13
5340,5439,274,72.84
6573,6672,274,79.04
5631,5730,274,74.85
6472,6571,274,78.4
5759,5858,274,74.26
6483,6582,274,79.11
5230,5329,274,73.22
5342,5441,274,68.41
5954,6053,274,67.36
5442,5541,274,61.65
6569,6668,274,59.3
5760,5859,274,50.41
5231,5330,274,45.68
5028,5127,274,37.48
5535,5635,274,25.02
6061,6160,274,45.87
5130,5229,274,42.22
6666,6765,274,77.93
5895,5994,274,28.56
4321,4320,274,15.95
5751,5850,274,15.53
5894,5994,274,10.69
6581,6680,274,45.27
4941,5042,274,8
6465,6564,274,55.21
6090,6189,274,64.37
6481,6580,274,29.23
4623,4722,274,47.33
4625,4724,274,46.71
4626,4726,274,28.67
4627,4726,274,59.08
2471,2370,274,1.61
6673,6772,275,79.39
5438,5537,275,62.2
4728,4827,275,62.69
5951,6050,275,68.72
6363,6462,275,56.39
5530,5629,275,47.59
5965,6064,275,57.92
5955,6054,275,62.16
6092,6191,275,68.28
6464,6563,275,57.22
4729,4828,275,64.77
5600,5699,275,47.44
5633,5732,275,45.75
3527,3626,275,36.44
5531,5630,275,46.78
6467,6566,275,76.46
5744,5844,275,13
6159,6258,275,78.28
5749,5848,275,15.59
6190,6289,275,59.24
4322,4221,275,11.72
5840,5939,275,76.81
5143,5242,275,69.47
4623,4723,275,30.51
2469,2368,275,1.84
5796,5896,275,10.69
6575,6674,275,73.8
6765,6864,276,77.09
5330,5429,276,75.27
5859,5958,276,78.27
6672,6771,276,79.35
6571,6670,276,79.01
5858,5957,276,79.21
6471,6570,276,59.24
3825,3924,276,58.49
6484,6583,276,55.76
6661,6760,276,59.64
2335,2434,276,68.34
6668,6767,276,78.52
4727,4826,276,60.65
4928,5027,276,59.12
5956,6055,276,59.52
5438,5538,276,25.07
6362,6461,276,46.95
5536,5636,276,28.21
5942,6041,276,54.19
5955,6055,276,25.09
6367,6466,276,44.89
2734,2833,276,28.35
5241,5341,276,18.45
6667,6766,276,59.22
6287,6386,276,64.5
4421,4520,276,15.59
2534,2633,276,21.74
2435,2434,276,8.45
6381,6380,276,10.2
6277,6377,276,6.89
2836,2935,276,17.36
5731,5830,276,56.56
4623,4622,276,21.19
6680,6779,276,79.37
2545,2445,276,2.41
5730,5829,276,78.84
6566,6665,277,73.69
5732,5831,277,71.66
5994,6093,277,55.92
6053,6152,277,49.58
5329,5428,277,47.22
5956,6056,277,26.5
5634,5733,277,38.48
5951,6051,277,21.06
6062,6162,277,18.39
6772,6871,277,79.39
5641,5740,277,42.66
5964,6063,277,15.39
6674,6773,277,79.39
6564,6663,277,58.42
6189,6288,277,56.77
6161,6260,277,46.36
2542,2443,277,3.66
2550,2449,277,2
3329,3328,277,10.89
6760,6859,278,74.58
6583,6682,278,79.18
6771,6870,278,79.35
5830,5929,278,79.06
5341,5440,278,70.98
6670,6769,278,78.19
6380,6479,278,74.04
6563,6662,278,55.11
4827,4926,278,61.13
6064,6163,278,57.94
6054,6153,278,68.5
4828,4927,278,62.55
6191,6290,278,62.57
5630,5729,278,50.75
5441,5540,278,41.52
5229,5328,278,44.7
4726,4825,278,36.72
6289,6388,278,56.35
5340,5440,278,18.17
5439,5539,278,28.32
2734,2834,278,14.76
2835,2934,278,21.37
5844,5943,278,51.81
6864,6963,278,71.3
5843,5943,278,12.55
5044,5043,278,12.22
5128,5227,278,15.59
5647,5746,278,15.64
5646,5745,278,15.64
5939,6038,278,59.03
6180,6279,278,9.99
3135,3134,278,6.35
6579,6678,278,29.28
5541,5640,278,39.28
6767,6866,278,77.39
5699,5798,278,67.39
6779,6878,278,78.99
6260,6359,279,71.6
5829,5928,279,65.39
6570,6669,279,59.38
6055,6154,279,66.7
5896,5995,279,39.75
6462,6561,279,45.42
4723,4822,279,44.23
5537,5637,279,30.54
5635,5734,279,32.86
6582,6681,279,29.3
6773,6872,279,79.32
5895,5995,279,10.66
5960,6059,279,15.41
5042,5142,279,23.41
4844,4943,279,15.66
6386,6485,279,65.66
2534,2533,279,10.21
6466,6565,279,51.2
5041,5142,279,7.63
6766,6865,279,59.84
6580,6679,279,29.18
6162,6261,279,73.9
6871,6970,279,79.39
6575,6675,279,17.44
5227,5326,280,77.58
5733,5832,280,67.55
6093,6192,280,64.24
6152,6251,280,49.89
4826,4925,280,39.83
3134,3233,280,78.96
5538,5638,280,30.67
6663,6762,280,54.81
6963,7062,280,73.17
6682,6781,280,79.39
5950,6049,280,15.59
4522,4621,280,15.13
5849,5948,280,15.58
4420,4519,280,15.49
4521,4620,280,15.67
6665,6764,280,48.61
2935,3034,280,43.13
6288,6387,280,61.05
2441,2341,280,4.04
4622,4721,280,36.26
5729,5828,280,79.39
2548,2448,280,1.92
6878,6977,280,77.06
6678,6777,280,77.84
5831,5930,280,59.39
6675,6774,281,79.13
6059,6158,281,78.88
5928,6027,281,79.12
6669,6768,281,78.02
6359,6458,281,77.58
5929,6028,281,65.16
6290,6389,281,51.83
6479,6578,281,68.85
6153,6252,281,49.82
5798,5897,281,61.1
6388,6487,281,62.33
6056,6155,281,44.48
5636,5735,281,31.18
2833,2932,281,34.57
6055,6155,281,22.37
5635,5735,281,14.53
5943,6042,281,53.11
6476,6576,281,13.61
5740,5839,281,44.55
5540,5639,281,50.97
4221,4220,281,17.85
2634,2733,281,13.47
5746,5845,281,47.58
4123,4122,281,6.71
6681,6780,281,79.37
5640,5739,281,62.15
6159,6259,281,13.33
6040,6139,281,15.54
3332,3231,281,4.9
6163,6262,281,54.11
6679,6778,281,78.13
6872,6971,281,79.39
2479,2378,281,1.73
5828,5927,282,79.34
6764,6863,282,71.76
3034,3133,282,77.17
5326,5425,282,79.16
5734,5833,282,60.87
6154,6253,282,49.51
4822,4921,282,50.39
4926,5025,282,41.82
4927,5026,282,37.31
4825,4924,282,43.96
6777,6876,282,78.42
5733,5833,282,21.83
6760,6860,282,16.83
6865,6964,282,55.77
6661,6761,282,11.61
2335,2334,282,11.51
5529,5628,282,15.38
5600,5700,282,10.45
6864,6964,282,19.29
6565,6664,282,56.3
6977,7076,282,78.84
6485,6584,282,60.11
2934,3033,282,46.98
5747,5846,282,15.57
6039,6138,282,15.62
3331,3230,282,5.58
6781,6880,282,79.18
5832,5931,282,75.1
6028,6127,283,77.7
6262,6361,283,75.29
6768,6867,283,78.15
4925,5024,283,47.77
6192,6291,283,60.68
5930,6029,283,64.51
5995,6094,283,44.32
5734,5834,283,25.8
6261,6360,283,45.93
6260,6360,283,19.07
6762,6861,283,47.87
5636,5736,283,14.64
5839,5938,283,76.3
2833,2933,283,14.39
5748,5847,283,15.59
6058,6157,283,15.38
6052,6151,283,15.53
5228,5327,283,15.41
4725,4824,283,15.67
6387,6486,283,63.89
6767,6867,283,14.34
6774,6873,283,79.08
6578,6677,283,76.19
6251,6350,283,50.06
6780,6879,283,79.3
6259,6358,283,77.75
6778,6877,283,78.65
6964,7063,284,73.55
6876,6975,284,79.15
5931,6030,284,79.07
6860,6959,284,74.44
5927,6026,284,74.94
5425,5524,284,78.62
6863,6962,284,71.84
6487,6586,284,65.16
6027,6126,284,68.61
6049,6148,284,45.46
6880,6979,284,76.05
6042,6141,284,53.03
5957,6057,284,12.96
6155,6254,284,47.28
6389,6488,284,53.86
7076,7175,284,79.24
5127,5226,284,15.49
4722,4821,284,15.4
4724,4823,284,15.58
5850,5949,284,15.55
4320,4419,284,15.44
6963,7063,284,17.92
5844,5944,284,12.49
6584,6683,284,71.23
5845,5944,284,51.63
4024,4023,284,5.23
6770,6869,284,15.42
3332,3232,284,3.21
3195,3096,284,1.38
6029,6128,285,79.19
5327,5426,285,78.76
6877,6976,285,78.45
5025,5124,285,48.68
5628,5727,285,57.35
5897,5996,285,43.85
5735,5835,285,30.48
5739,5838,285,41.52
2932,3031,285,41.41
2334,2433,285,64.57
5938,6037,285,78.78
3033,3132,285,56.37
6056,6156,285,13.33
5896,5996,285,10.66
5629,5728,285,15.43
6050,6149,285,15.62
5848,5947,285,15.58
6879,6978,285,76.16
5639,5738,285,35.68
6664,6763,285,57.92
5846,5945,285,50.13
5700,5799,285,51.2
5638,5737,285,33.78
4921,5020,285,48.79
3626,3725,285,15.57
6873,6972,285,79.35
6252,6351,285,43.84
6253,6352,285,50.18
6258,6357,285,15.39
5833,5932,285,52.93
6677,6776,285,78.4
6975,7074,286,79.2
6962,7061,286,73.43
5524,5623,286,78.3
7063,7162,286,72.86
6151,6250,286,48.99
6350,6449,286,50.18
6291,6390,286,50.8
6486,6585,286,57.85
6094,6193,286,64.93
6360,6459,286,53.23
6979,7078,286,74.31
6861,6960,286,54.8
2533,2632,286,21.84
7175,7274,286,78.86
6377,6477,286,10.56
4520,4619,286,15.54
5027,5126,286,15.66
5429,5528,286,15.39
6157,6256,286,66.94
6041,6140,286,14.9
6127,6226,286,67.48
5834,5933,286,51.41
6282,6281,286,4.54
3399,3300,286,3.01
2468,2367,286,1.86
2891,2791,286,0.87
6576,6676,286,21.88
6976,7075,287,79.22
5124,5223,287,79.08
6026,6125,287,63.65
6148,6247,287,49.71
6586,6685,287,56.64
4821,4920,287,49.48
6488,6587,287,60.62
6361,6460,287,45.43
2733,2832,287,26.48
6776,6875,287,79.27
6128,6227,287,75.22
6051,6150,287,15.55
5428,5527,287,15.39
6461,6560,287,13.96
2633,2732,287,13.46
6978,7077,287,76.71
5943,6043,287,12.34
3328,3427,287,15.58
6126,6225,287,59.91
5944,6043,287,53.3
6181,6280,287,6.55
5736,5836,287,30.7
2933,3032,287,42.28
6972,7071,287,79.39
3298,3197,287,3.27
6037,6136,287,78.56
3196,3197,287,2.02
6254,6353,287,49.36
3095,2995,287,1.42
3297,3197,287,1.5
6459,6558,288,78.64
6676,6775,288,78.52
6585,6684,288,73.92
6960,7059,288,74.53
7074,7173,288,79.37
5528,5627,288,79.24
6149,6248,288,47.42
7078,7177,288,75.29
5932,6031,288,60.48
5020,5119,288,48.98
6357,6456,288,69.38
5426,5525,288,55.91
5945,6044,288,52.86
6964,7064,288,17.63
5838,5937,288,49.6
7061,7160,288,73.26
3725,3824,288,49.24
6683,6782,288,38.57
7274,7373,288,79.39
6675,6775,288,11.99
5328,5427,288,15.38
6870,6969,288,15.46
6859,6958,288,15.4
5738,5837,288,55.87
6760,6759,288,8.59
6380,6379,288,8.85
6865,6965,288,12.04
6157,6257,288,22.23
6682,6782,288,10.75
6866,6965,288,15.38
6140,6239,288,79.38
2372,2371,288,4.37
5835,5934,288,49.03
3031,3130,288,48.15
6038,6137,288,15.62
6769,6868,288,15.41
3298,3198,288,2.26
2457,2356,288,2.89
5623,5722,288,76.14
5727,5826,288,57.14
5728,5827,288,58.7
5799,5898,288,66.48
3330,3229,288,5
6685,6784,289,70.82
7075,7174,289,79.22
6587,6686,289,73.79
6875,6974,289,79.1
5527,5626,289,78.9
6449,6548,289,50.15
6193,6292,289,59.81
5933,6032,289,57.12
6390,6489,289,48.61
6352,6451,289,44.19
5996,6095,289,37.13
6351,6450,289,43.94
2533,2532,289,10.2
6970,7069,289,15.48
7077,7176,289,78.6
5995,6095,289,10.55
6561,6660,289,14.77
4822,4922,289,10.33
6155,6255,289,13.01
7071,7170,289,79.12
6156,6255,289,46.58
3527,3526,289,5.71
6226,6325,289,66.31
6250,6349,289,49.02
2480,2379,289,1.82
6781,6881,289,11.87
5827,5926,290,79.13
5826,5925,290,75.35
7059,7158,290,75.24
7177,7276,290,78.31
5525,5624,290,79.14
6759,6858,290,76
7173,7272,290,79.39
5427,5526,290,79.39
7064,7163,290,72.46
6460,6559,290,58.01
6225,6324,290,47.48
7160,7259,290,73.56
6256,6355,290,45
6357,6457,290,20.62
7063,7163,290,18.15
6379,6478,290,74.77
6227,6326,290,65.16
4519,4618,290,15.65
5948,6047,290,15.61
4721,4820,290,15.38
2334,2333,290,13.28
6279,6378,290,12.43
6042,6142,290,12.35
6762,6862,290,10.44
5836,5935,290,67.74
7062,7161,290,15.48
6043,6142,290,51.98
6125,6224,290,62.5
3032,3131,290,52.66
6775,6874,290,79.36
5846,5946,290,12.68
4620,4719,290,15.38
4621,4720,290,15.55
6247,6346,290,51.21
6239,6338,290,79.3
2993,2893,290,1.26
6974,7073,291,79.27
5626,5725,291,79.35
7069,7168,291,79.39
6686,6785,291,77.12
7174,7273,291,79.34
5627,5726,291,59.74
6958,7057,291,69.29
6684,6783,291,54.73
5898,5997,291,54.6
3824,3923,291,53.69
2832,2931,291,36.91
6353,6452,291,44
6044,6143,291,51.81
5837,5936,291,69.19
5937,6036,291,56.03
7176,7275,291,78.58
5897,5997,291,10.57
6458,6557,291,15.39
6971,7070,291,15.51
4220,4319,291,15.48
6248,6347,291,50.15
6139,6238,291,15.62
6257,6356,291,68.58
6881,6980,291,77.36
5934,6033,291,56.37
7276,7375,292,78.82
6559,6658,292,77.72
6874,6973,292,78.95
7161,7260,292,71.03
6548,6647,292,52.31
6292,6391,292,57.09
6349,6448,292,49.97
5119,5218,292,46.34
6095,6194,292,67.94
6456,6555,292,44.69
6960,7060,292,16.87
6026,6025,292,13.72
5025,5125,292,10.4
5026,5125,292,15.52
4924,5023,292,15.39
5624,5723,292,73.48
6227,6327,292,23.34
6489,6588,292,50.35
6861,6961,292,12.15
6128,6228,292,16.31
5935,6034,292,75.46
4922,5021,292,50.26
6325,6424,292,67.43
5700,5800,292,10.29
4921,5021,292,10.4
6138,6237,292,15.27
6254,6354,292,12.77
7073,7172,293,79.39
6457,6556,293,69.68
7158,7257,293,70.06
2333,2432,293,57.82
6858,6957,293,49.67
6346,6445,293,53.67
5925,6024,293,69.75
5526,5625,293,58.5
6047,6146,293,49.97
6224,6323,293,64.48
6450,6549,293,43.57
6451,6550,293,44.44
6958,7058,293,20.68
6980,7079,293,71.97
7070,7169,293,79.09
2732,2831,293,24.31
7275,7374,293,79.17
6149,6249,293,12.99
5024,5123,293,15.39
6029,6129,293,10.01
4824,4923,293,15.39
6326,6425,293,59.49
6867,6966,293,15.38
5936,6035,293,75.57
6142,6241,293,54.61
6324,6423,293,65.38
6033,6132,293,79.04
4221,4120,293,7.91
4222,4121,293,5.83
6783,6882,293,77.83
6784,6883,293,43.58
2456,2355,293,2.72
2457,2357,293,1.87
5725,5824,293,72.41
5726,5825,293,77.02
6973,7072,294,79.39
7057,7156,294,47.58
6452,6551,294,52.43
6347,6446,294,52.49
6355,6454,294,44.39
6424,6523,294,73.93
7064,7164,294,18.45
7060,7159,294,74.8
5124,5224,294,12.11
6869,6968,294,15.41
5949,6048,294,15.61
6478,6577,294,39.99
5226,5325,294,15.42
5945,6045,294,12.37
4419,4518,294,14.81
6141,6240,294,14.79
2441,2342,294,3.7
2467,2366,294,1.8
7257,7356,295,71.86
5825,5924,295,72.09
6391,6490,295,59.54
5021,5120,295,49.37
5723,5822,295,67.89
6448,6547,295,52.18
6354,6453,295,49.87
6555,6654,295,48.01
6025,6124,295,64.46
6557,6656,295,45.75
7079,7178,295,71.84
6356,6455,295,44.76
6194,6293,295,67.73
7158,7258,295,20.15
2931,3030,295,38.99
6588,6687,295,54.48
5625,5724,295,77.54
6327,6426,295,49.01
5996,6096,295,10.69
5020,5120,295,10.39
6883,6982,295,79.29
5947,6046,295,15.56
6647,6746,295,55.31
6125,6124,295,14.27
6785,6884,295,45.14
6882,6981,295,78.18
5800,5899,295,52.1
7072,7171,296,79.34
5325,5424,296,78.73
5224,5323,296,79.12
6957,7056,296,49.57
6024,6123,296,67.48
6146,6245,296,51.63
5824,5923,296,70.18
6549,6648,296,50.15
6425,6524,296,64.94
6550,6649,296,50.5
7058,7157,296,69.01
7161,7261,296,19.48
6523,6622,296,78.46
7162,7261,296,15.48
5126,5225,296,15.4
2632,2731,296,15.58
2532,2631,296,20.66
6445,6544,296,55.13
2340,2239,296,6.19
2447,2346,296,4.21
4619,4718,296,15.41
6248,6348,296,12.68
6249,6348,296,49.05
2482,2381,296,1.67
6240,6339,296,79.25
5822,5921,297,77.17
6982,7081,297,72.15
7178,7277,297,77.71
6981,7080,297,71.14
7356,7455,297,72.52
7258,7357,297,70.74
6454,6553,297,52.46
6048,6147,297,47.72
6446,6545,297,54.69
6556,6655,297,39.25
5723,5823,297,21.61
2333,2332,297,16.53
6884,6983,297,77.67
5223,5322,297,15.43
6560,6659,297,15.05
6044,6144,297,12.49
6045,6144,297,51.74
7373,7472,297,16.27
2432,2531,297,36.69
2338,2237,297,5.26
2339,2238,297,5.67
3130,3129,297,11.64
2466,2365,297,1.78
2481,2380,297,1.67
4920,5019,297,15.38
2587,2486,297,1.24
6136,6235,297,14.4
5424,5523,298,78.91
2631,2730,298,76.39
5225,5324,298,78.89
6490,6589,298,57
6547,6646,298,54.02
6096,6195,298,67.63
6453,6552,298,53.73
6426,6525,298,66.45
5899,5998,298,64.6
6654,6753,298,57.83
5924,6023,298,69.41
6551,6650,298,45.09
2831,2930,298,33.51
6687,6786,298,47.72
6293,6392,298,67.22
6622,6721,298,79.35
5119,5219,298,10.49
6868,6967,298,15.39
6558,6657,298,15.38
5898,5998,298,10.11
6969,7068,298,15.45
6031,6130,298,15.51
5722,5821,298,15.4
2340,2240,298,4.09
2337,2236,298,4.91
6228,6328,298,18.44
3229,3228,298,10.63
7277,7376,299,78.76
7357,7456,299,71.54
7080,7179,299,71.09
6659,6758,299,76.22
5322,5421,299,71.76
6348,6447,299,51.41
6649,6748,299,51.74
6648,6747,299,54.22
6524,6623,299,64.96
7157,7256,299,49.05
6656,6755,299,41.52
6455,6554,299,45.52
7272,7371,299,16.23
6032,6131,299,15.44
6142,6242,299,12.17
7170,7269,299,15.54
6338,6437,299,16.02
4922,5022,299,10.34
6124,6223,299,46.51
3526,3625,299,15.64
2447,2347,299,2.74
6123,6222,299,59.7
6544,6643,299,56.96
6245,6344,299,52.9
5623,5622,299,7.82
6983,7082,299,73.19
5324,5423,300,79.08
7068,7167,300,78.9
6721,6820,300,78.71
6553,6652,300,56.09
6147,6246,300,51.01
6655,6754,300,53.26
5823,5922,300,70.2
7081,7180,300,69.65
5921,6020,300,64.25
5019,5118,300,48.69
5923,6022,300,44.73
7273,7372,300,16.05
7163,7262,300,15.48
7259,7358,300,15.45
4720,4819,300,15.42
2332,2431,300,55.94
6144,6243,300,52.12
4820,4919,300,15.38
4719,4818,300,15.47
6033,6133,300,12.19
6545,6644,300,56.11
4618,4717,300,15.4
2465,2364,300,1.77
7455,7554,300,67.54
6238,6337,300,16.33
3228,3327,301,37.47
5821,5920,301,22.13
6392,6491,301,16.59
6195,6294,301,15.62
6391,6491,301,23.46
5021,5121,301,22.64
3923,4022,301,3.45
5997,6097,301,14.3
7168,7267,301,3.75
6884,6984,301,37.56
6588,6688,301,22.73
6327,6427,301,22.69
6045,6145,301,26.27
6785,6885,301,20.38
2458,2358,301,2.04
6036,6135,301,3.18
5800,5900,301,22.09
7455,7555,301,42.24
6758,6857,302,38.14
6650,6749,302,22.63
7357,7457,302,41.24
5322,5422,302,41.13
6649,6749,302,26.27
6656,6756,302,25.41
6551,6651,302,21.58
6446,6546,302,26.46
6129,6229,302,25.59
4319,4418,302,6.68
6245,6345,302,26.34
6240,6340,302,29.42
7456,7556,302,41.5
5421,5521,303,36.72
5421,5520,303,30.9
5022,5122,303,33.82
7376,7475,303,23.19
6650,6750,303,26.16
6753,6852,303,18.59
6023,6122,303,18.71
6657,6757,303,24.85
7277,7377,303,27.14
6553,6653,303,26.49
5921,6021,303,26.61
2731,2830,303,14.27
6490,6590,303,23.42
6096,6196,303,22.79
7178,7278,303,24.87
5899,5999,303,23.46
7358,7458,303,42.3
3030,3029,303,10.48
5120,5220,303,22
6623,6722,303,22.53
6687,6787,303,21.38
6293,6393,303,22.49
7375,7474,303,5.04
6646,6745,303,18.82
6622,6722,303,28.46
6144,6244,303,26.35
6643,6743,303,37.18
6643,6742,303,31.38
7269,7369,303,36.8
7269,7368,303,30.99
6545,6645,303,26.52
6237,6336,303,3.43
5121,5221,304,35.57
7555,7655,304,41.89
6020,6120,304,25.07
6754,6854,304,26.52
2431,2530,304,35.82
6820,6920,304,33.13
6755,6855,304,26.57
6755,6854,304,22.51
6344,6444,304,26.48
6344,6443,304,22.59
6748,6848,304,26.42
6748,6847,304,22.61
6747,6847,304,26.43
6747,6846,304,22.61
7376,7476,304,28.68
7179,7279,304,23.74
6753,6853,304,21.67
6721,6821,304,26.01
6328,6428,304,21.53
6589,6689,304,23.43
6426,6526,304,19.14
6623,6723,304,27.94
2332,2331,304,14.18
7260,7359,304,4.59
6786,6886,304,21.36
6983,7083,304,20.81
5422,5522,305,38.11
7555,7654,305,36.83
6652,6752,305,21.65
7180,7280,305,22.39
7082,7182,305,20.04
7082,7181,305,15.76
6223,6322,305,17.06
6222,6322,305,21
6222,6321,305,16.71
7556,7656,305,42.59
6392,6492,305,20.86
6195,6295,305,19.73
5998,6098,305,15.79
7081,7181,305,18.77
6524,6624,305,16.23
6644,6744,305,22.28
6984,7084,305,27.34
2335,2234,305,4.28
7457,7557,305,42.19
2336,2235,305,4.37
5122,5222,306,36.8
6745,6845,306,39.3
7369,7469,306,37.42
6749,6849,306,26.34
6756,6856,306,26.28
6688,6788,306,23.29
6491,6591,306,21.18
2431,2430,306,18.66
6820,6919,306,27.33
6885,6985,306,21.62
3625,3724,306,18.3
6294,6394,306,21.71
6097,6197,306,23.46
5900,6000,306,20.27
6743,6843,306,39.54
6427,6527,306,21.08
7172,7271,306,4.79
5218,5317,306,3.39
7374,7473,306,4.87
3725,3724,306,3.63
6229,6329,306,29.33
6340,6440,306,31
6920,7020,307,34.15
7359,7459,307,42.32
6847,6947,307,41.21
5221,5321,307,39.4
7377,7477,307,25.28
6852,6952,307,26.06
6750,6850,307,26.15
7475,7575,307,31.78
7278,7378,307,29.08
6651,6751,307,21.44
7655,7755,307,42
3029,3128,307,39.51
3427,3426,307,3.97
6964,7065,307,8.6
3129,3128,307,8.61
2483,2382,307,1.44
6821,6921,308,29.86
7476,7576,308,30.15
7279,7379,308,27.21
6847,6946,308,35.95
6855,6955,308,26.53
6848,6948,308,26.17
6021,6121,308,23.3
6745,6844,308,33.69
6590,6690,308,22.03
6722,6822,308,23.37
7369,7468,308,31.63
6744,6844,308,39.41
7655,7754,308,36.97
5920,6019,308,20.76
6020,6119,308,20.16
6022,6121,308,19.17
5999,6099,308,21.53
7356,7355,308,7.22
6743,6842,308,33.95
7656,7756,308,42.7
6787,6887,308,22.87
6340,6439,308,25.32
7455,7454,308,8.83
6919,7019,309,34.95
6845,6945,309,41.66
6624,6724,309,25.25
6920,7019,309,28.31
6853,6953,309,21.44
6689,6789,309,21.68
6428,6528,309,23.02
5221,5320,309,33.8
6854,6954,309,21.83
6843,6943,309,41.25
7475,7574,309,26.04
6393,6493,309,19.86
6196,6296,309,18.53
6857,6956,309,22.64
6886,6986,309,23.38
7083,7183,309,20.81
3228,3227,309,8.94
4120,4219,309,3.85
6120,6220,309,23.91
6985,7085,309,39.36
2340,2241,309,4.5
4518,4617,309,5.47
6947,7047,310,42.19
7459,7559,310,41.61
6849,6949,310,26.11
6329,6429,310,28.69
6845,6944,310,36.52
7182,7282,310,21.78
7280,7380,310,23.62
7181,7281,310,21.34
7084,7184,310,23.39
6322,6422,310,20.3
6295,6395,310,21.39
6843,6942,310,36
6852,6951,310,22.62
6098,6198,310,23.14
7065,7165,310,40.13
7169,7268,310,3.4
7064,7165,310,8.85
7755,7855,310,41.74
6423,6522,310,3.13
2334,2233,310,4.94
6244,6343,310,22.6
2462,2361,310,1.59
7557,7657,310,21.15
6035,6134,310,3.58
6946,7046,311,41.91
6948,7048,311,42.22
6751,6851,311,26.15
5321,5420,311,35.72
6947,7046,311,37.24
7459,7558,311,36.46
6850,6950,311,26.05
6952,7052,311,25.64
7020,7120,311,26.6
7378,7478,311,25.43
5317,5417,311,23.32
6919,7018,311,29.11
6492,6592,311,19.06
6394,6494,311,22.31
6197,6297,311,20.97
6000,6100,311,23.15
7156,7255,311,4.5
2333,2232,311,6.48
7755,7854,311,36.63
6132,6231,311,3.12
6122,6221,311,19.06
6788,6888,311,22.77
7019,7119,312,34.05
6943,7043,312,40.64
6945,7045,312,41.67
6822,6922,312,26.31
6921,7021,312,32.81
7454,7553,312,39.13
6946,7045,312,36.86
7379,7479,312,25.28
7477,7577,312,24.6
6591,6691,312,19.93
2331,2330,312,14.1
2830,2929,312,16.29
6842,6941,312,35.6
3029,3028,312,11.47
7164,7263,312,4.38
6120,6219,312,19.04
3824,3823,312,3.49
2444,2343,312,3.18
2346,2345,312,6
7085,7185,312,42.08
2459,2359,312,1.59
7559,7659,313,41.97
6953,7053,313,25.82
6945,7044,313,36.54
6887,6987,313,21.81
6955,7055,313,21.49
6944,7044,313,41.17
2430,2529,313,20.57
7654,7753,313,18.29
7855,7955,313,41.87
6241,6341,313,6.47
2455,2354,313,2.42
3298,3199,313,1.8
2376,2275,313,1.44
7120,7220,314,37.83
6951,7051,314,25.77
7559,7658,314,36.94
6954,7054,314,21.24
6986,7086,314,23.09
6943,7042,314,35.25
5320,5419,314,34.24
6690,6790,314,19.66
6493,6593,314,21.99
6952,7051,314,22.51
6296,6396,314,21.1
5317,5416,314,19.35
6099,6199,314,19.44
6322,6421,314,16.11
7183,7283,314,21.57
6338,6438,314,5.68
7855,7954,314,36.8
2444,2344,314,2.34
6950,7050,315,25.99
7380,7480,315,22.4
7281,7381,315,21.71
7018,7118,315,33.31
7019,7118,315,28.22
6395,6495,315,22.87
6429,6529,315,23.46
7268,7367,315,33.56
7282,7382,315,21.81
6968,7067,315,3.33
7184,7284,315,23.46
7260,7360,315,5.67
6242,6342,315,6.73
7119,7219,315,37.04
6789,6889,315,19.79
2484,2383,315,1.39
7657,7757,315,21.35
7955,8055,316,42.27
7021,7121,316,26.6
6922,7022,316,33.08
3028,3127,316,39.78
2330,2429,316,39.79
6592,6692,316,22.42
7052,7152,316,20.55
6522,6621,316,26.67
6494,6594,316,23.16
6019,6118,316,19.42
6297,6397,316,23
6198,6298,316,19.17
7371,7471,316,6.2
7754,7853,316,18.34
2631,2630,316,4.6
7261,7361,316,5.83
6119,6218,316,19.33
2332,2231,316,7.53
6643,6642,316,5.9
2448,2348,316,3.13
7659,7759,316,42.5
7955,8054,317,37.36
7055,7155,317,25.95
7053,7153,317,25.57
6691,6791,317,20.42
7479,7579,317,21.79
6219,6319,317,23.77
7553,7653,317,21.08
6888,6988,317,19.93
6422,6521,317,20.48
7018,7117,317,27.5
3823,3922,317,28.31
6100,6200,317,18.18
7164,7264,317,5.44
7185,7285,317,22.06
7119,7218,317,31.23
7659,7758,317,37.7
7051,7151,318,25.86
6438,6538,318,26.36
7054,7154,318,25.79
6950,7049,318,22.61
7454,7453,318,10.73
7262,7362,318,5.59
2730,2829,318,6.26
7367,7467,318,40.09
6544,6543,318,4.33
7220,7320,318,26.32
7219,7319,318,40.18
8055,8155,319,42.42
7050,7150,319,26.1
5416,5516,319,23.31
6593,6693,319,23.46
6396,6496,319,22.99
7359,7460,319,9.54
6437,6537,319,5.23
7283,7383,319,23.4
7086,7186,319,21.05
7854,7953,319,18.38
7471,7571,320,33.13
6218,6318,320,25.71
7121,7221,320,26.49
8055,8154,320,37.57
7022,7122,320,26.59
7381,7481,320,20.19
7480,7580,320,21.27
6889,6989,320,20.27
3028,3027,320,12.54
6495,6595,320,23.17
2929,2928,320,12.67
6219,6318,320,18.92
7553,7652,320,18.24
2330,2329,320,12.67
6221,6320,320,16.88
6199,6299,320,18.9
7067,7166,320,30.69
7757,7857,320,21.64
7355,7354,320,8.65
7284,7384,320,23.43
7367,7466,320,34.59
6966,7066,320,4.65
7382,7482,320,23.28
6790,6890,320,19.47
7118,7217,320,29.59
7219,7318,320,34.7
3127,3226,320,39.75
7117,7217,320,34.63
7467,7567,321,41.45
6319,6419,321,25.06
6594,6694,321,23.45
7152,7252,321,21.61
6397,6497,321,23.37
7479,7578,321,17.22
6298,6398,321,20.2
7469,7569,321,7.02
6692,6792,321,23.47
6842,6841,321,7.73
7753,7852,321,18.35
5218,5318,321,4.3
7320,7420,321,40.12
7759,7859,321,21.12
7319,7419,321,40.59
8155,8255,322,42.54
7453,7552,322,39.32
7467,7566,322,36.24
6988,7088,322,22.18
7285,7385,322,22.73
7153,7253,322,21.36
7471,7570,322,27.33
2630,2729,322,27.07
7050,7149,322,22.63
6421,6520,322,18.99
5416,5515,322,19.35
7758,7858,322,21.3
6820,6819,322,4.67
5219,5319,322,4.61
6440,6540,322,6.32
7170,7270,322,3.99
7954,8053,322,18.32
6791,6891,322,23.07
7117,7216,322,28.79
8155,8254,323,37.76
6537,6637,323,26.41
7151,7251,323,21.72
7154,7254,323,21.12
6521,6620,323,24.12
6218,6317,323,20.84
6621,6720,323,20.33
6118,6217,323,21
2331,2230,323,7.47
7217,7317,323,38.38
6200,6300,323,18.32
7757,7856,323,18.57
5821,5820,323,3.93
7755,7856,323,8.94
6132,6232,323,3.97
7269,7370,323,6.21
2377,2276,323,1.27
2462,2362,323,1.17
7319,7418,323,35.19
7420,7520,324,40.35
7567,7667,324,41.62
6318,6418,324,26.14
7122,7222,324,26.52
7150,7250,324,21.76
6496,6596,324,23.45
7186,7286,324,21.92
7853,7952,324,18.35
7576,7676,324,6.34
7459,7560,324,8.82
7575,7675,324,6.21
7383,7483,324,23.21
6693,6793,324,23.33
3027,3126,324,39.79
5019,5018,324,3.63
7466,7565,324,36.97
2451,2350,324,2.44
7566,7666,325,42.01
8255,8355,325,42.43
6419,6519,325,26.26
7567,7666,325,36.48
6595,6695,325,23.46
6989,7089,325,23.03
2329,2428,325,32.01
7652,7752,325,21.51
6320,6420,325,23.77
7857,7957,325,21.69
2829,2828,325,15.01
7653,7752,325,18.41
6988,7087,325,17.78
8054,8153,325,18.16
7252,7352,325,26.4
6987,7087,325,8.5
6439,6539,325,6.07
7384,7484,325,23.28
7369,7470,325,6.44
7217,7316,325,32.66
7216,7316,325,36.75
3625,3624,325,3.84
7371,7470,325,5.08
2239,2139,325,3.57
4818,4918,325,4.05
7472,7572,325,3.97
6133,6233,325,4.14
7221,7321,325,21.69
3196,3097,325,1.44
7566,7665,326,37
6891,6991,326,29.24
8255,8354,326,37.6
7420,7519,326,34.9
7578,7678,326,22.11
6537,6636,326,21.8
6497,6597,326,23.44
6299,6399,326,19.41
6398,6498,326,21.59
7482,7582,326,18.69
6941,7041,326,7.35
7559,7660,326,9.16
7481,7581,326,19.02
6919,6918,326,5.17
7574,7674,326,6
7418,7518,326,41.12
4418,4517,326,6.02
2239,2138,326,4.82
6694,6794,326,23.37
6841,6940,326,34.98
7317,7417,326,40.5
7859,7959,326,21.19
7855,7956,326,9.06
6792,6892,326,23.41
2464,2363,326,1.33
4718,4817,326,3.08
4717,4817,326,3.86
7667,7767,327,42.08
6637,6737,327,26.59
7253,7353,327,21.63
7385,7485,327,23.16
7088,7188,327,23.41
6318,6417,327,21.38
6890,6990,327,16.65
7150,7249,327,18.64
7251,7351,327,26.38
6317,6417,327,26.56
7418,7517,327,35.83
7216,7315,327,30.93
7953,8052,327,18.34
6130,6230,327,3.62
7858,7958,327,21.41
2341,2242,327,3.34
2790,2690,327,0.97
2451,2351,327,1.79
7666,7766,328,41.99
8355,8455,328,42.47
6418,6518,328,26.56
7667,7766,328,37.09
6419,6518,328,21.54
8154,8253,328,18.06
7652,7751,328,18.5
7316,7416,328,40.77
7453,7452,328,11.06
7042,7142,328,7.33
7955,8056,328,9.49
3027,3026,328,12.75
4121,4021,328,2.85
7565,7664,328,36.92
7317,7416,328,35.07
7659,7760,328,9.77
7321,7421,328,39.95
6136,6236,328,3.14
8354,8454,329,41.18
7518,7618,329,40.15
6519,6619,329,31.05
7089,7189,329,29.37
7666,7765,329,36.97
2828,2927,329,39.18
8355,8454,329,37.66
7222,7322,329,21.87
7286,7386,329,22.92
6793,6893,329,22.26
6596,6696,329,23.45
2729,2728,329,15.45
6520,6619,329,21.86
7316,7415,329,35.39
2928,2927,329,12.49
7520,7620,329,21.44
7483,7583,329,23.09
7468,7568,329,4.9
7367,7366,329,7.21
4121,4020,329,3.86
6300,6400,329,18.25
6443,6542,329,5.82
7665,7765,329,41.93
7852,7951,329,18.33
2588,2589,329,1.71
6341,6441,329,6.37
7351,7451,330,42.91
7517,7617,330,37.44
6636,6736,330,26.59
8354,8453,330,35.9
7957,8057,330,21.47
7484,7584,330,22.89
6637,6736,330,22.2
6217,6316,330,21.99
6620,6719,330,21.79
5820,5919,330,21.41
7088,7187,330,18.59
7552,7651,330,18.33
7578,7677,330,17.49
7577,7677,330,5.74
7047,7147,330,5.07
7251,7350,330,22.62
7165,7265,330,5.24
6317,6416,330,22.09
5521,5621,330,3.74
6437,6536,330,4.18
7767,7867,330,42.23
8053,8152,330,18.2
6695,6795,330,22.58
7665,7764,330,36.88
7421,7521,331,40.39
8056,8156,331,41.75
8455,8555,331,42.84
7351,7450,331,38.37
6737,6837,331,26.56
6991,7091,331,24.84
6892,6992,331,23.42
6918,7017,331,29.44
6794,6894,331,23.26
7417,7516,331,34.86
6519,6618,331,25.36
7416,7516,331,40.91
6418,6517,331,22.1
8254,8353,331,18.24
2230,2229,331,13.58
7315,7414,331,36.37
6417,6517,331,26.6
8055,8156,331,9.67
6498,6598,331,21.73
7048,7148,331,5.1
7046,7146,331,5.06
6399,6499,331,20.41
6723,6823,331,3.71
7263,7363,331,5.44
7959,8059,331,21.21
2238,2137,331,4.18
7766,7866,331,41.94
7767,7866,331,37.3
6342,6442,331,6.61
2448,2349,331,3.16
2994,2894,331,1.02
7760,7860,331,42.19
8454,8554,332,42.67
7568,7668,332,39.62
7618,7718,332,35.83
7452,7551,332,39.1
8455,8554,332,38.25
7188,7288,332,22.4
6990,7090,332,22.9
7517,7616,332,31.65
7485,7585,332,23.35
7582,7682,332,18.94
7958,8058,332,21.36
7416,7515,332,35.57
2828,2827,332,15.25
6597,6697,332,19.53
7520,7619,332,18.45
7581,7681,332,18.69
7952,8051,332,18.38
7473,7573,332,3.91
5520,5620,332,3.57
7664,7763,332,36.8
2240,2140,332,3.05
7766,7865,332,36.89
7466,7465,332,8.57
2484,2384,332,1.02
7322,7422,332,39.95
8057,8157,333,41.92
8453,8553,333,38.97
8454,8553,333,37.96
7751,7851,333,21.23
6230,6330,333,19.01
6636,6735,333,22.21
8153,8252,333,18.16
7045,7145,333,4.98
7043,7143,333,4.87
3823,3822,333,4.94
7752,7851,333,18.33
7764,7864,333,41.53
2375,2274,333,1.33
7414,7514,334,36.56
7146,7246,334,39.85
6618,6718,334,37.26
7521,7621,334,40.83
8156,8256,334,41.46
7350,7449,334,38.04
7451,7550,334,38.45
6736,6836,334,26.58
6416,6516,334,26.55
7617,7717,334,26.57
7189,7289,334,21.46
6619,6718,334,28.41
6893,6993,334,22.79
7386,7486,334,23.12
7618,7717,334,29.99
6737,6836,334,22.52
8155,8256,334,9.83
7620,7720,334,21.12
6417,6516,334,22.42
7583,7683,334,23.4
7044,7144,334,4.87
4219,4318,334,5.74
6525,6625,334,2.93
6696,6796,334,23.37
7764,7863,334,36.35
7090,7190,335,36.25
7668,7768,335,41.44
2229,2328,335,39.8
6823,6923,335,25.27
7187,7287,335,22.63
8453,8552,335,33.32
6795,6895,335,21.96
7867,7967,335,21.3
6719,6818,335,28.44
6518,6617,335,22.42
7188,7287,335,18.99
6538,6638,335,6.04
6400,6500,335,19.6
6941,7040,335,6.3
8052,8151,335,18.28
7361,7461,335,5.52
6134,6234,335,4.04
3426,3525,335,5.14
6517,6617,335,26.53
6841,6840,335,7.4
8554,8654,335,43.29
2587,2487,335,0.86
7422,7522,335,40.68
8157,8257,336,42.17
7616,7716,336,26.52
2827,2926,336,38.94
7414,7513,336,30.74
7146,7245,336,34.31
6618,6717,336,31.46
6894,6994,336,23.43
7866,7966,336,21.28
6992,7092,336,23.09
7091,7191,336,20.63
6837,6937,336,21.81
7751,7850,336,18.33
8253,8352,336,18.28
7718,7818,336,26.57
8059,8159,336,21.12
7763,7862,336,36.74
6598,6698,336,20.41
2529,2629,336,4.37
6499,6599,336,21.52
7581,7680,336,14.66
7584,7684,336,19.95
6724,6824,336,3.73
7465,7564,336,37.01
2232,2132,336,4.08
5317,5316,336,3.39
8555,8655,336,20.61
7145,7245,336,40.68
7264,7364,336,5.46
7167,7266,336,3.95
7565,7564,336,8.54
8554,8653,336,39.2
7017,7116,336,28.65
2377,2277,336,0.93
5622,5721,336,3.6
3095,2996,336,1.2
7860,7960,336,21.19
7449,7549,337,42.45
7514,7614,337,35.83
6735,6835,337,26.59
7865,7965,337,21.3
5919,6018,337,20.29
6736,6835,337,22.49
6416,6515,337,22.53
7951,8050,337,18.36
6536,6635,337,21.42
7515,7615,337,22.37
8058,8158,337,21.24
8255,8356,337,9.69
7570,7670,337,6.86
3226,3326,337,6.02
7620,7719,337,18.26
7042,7141,337,6.28
7585,7685,337,22.9
6316,6415,337,22.37
3227,3326,337,5.12
2232,2131,337,5.48
7362,7462,337,5.34
6337,6436,337,3.88
2892,2792,337,1.23
8552,8652,338,42.8
6923,7023,338,33.48
7449,7548,338,37.62
6836,6936,338,26.48
7717,7817,338,26.12
7682,7782,338,19.03
7288,7388,338,18
7681,7781,338,18.55
6516,6616,338,26.45
6540,6640,338,6.66
5417,5517,338,3.8
7651,7750,338,18.46
7574,7673,338,4.89
7145,7244,338,35.28
6330,6430,338,23.28
3822,3921,338,28.31
6517,6616,338,22.56
7522,7622,338,40.98
8152,8251,338,18.25
6697,6797,338,19.99
7864,7964,338,21.4
6717,6817,339,37.29
7513,7613,339,41.94
8257,8357,339,42.47
8552,8651,339,38.18
6718,6817,339,29.88
7486,7586,339,23.46
6993,7093,339,23.19
7514,7613,339,29.99
7289,7389,339,22.91
6796,6896,339,22.02
7616,7715,339,22.56
7550,7650,339,21.41
2827,2826,339,15.66
8353,8452,339,18.75
2229,2228,339,12.98
7364,7464,339,41.87
7683,7783,339,23.46
7621,7721,339,21.16
2729,2628,339,8.43
7579,7679,339,4.63
5419,5519,339,4.04
5118,5217,339,3.7
2237,2136,339,3.37
7246,7346,339,21.36
7863,7963,339,21.3
8356,8456,340,42.09
7462,7562,340,41.44
8158,8258,340,42.5
7513,7612,340,36.9
6824,6924,340,28.58
7716,7816,340,25.72
2926,3025,340,39.8
6895,6995,340,22.86
7967,8067,340,21.3
6818,6917,340,29.75
6840,6939,340,34.81
7190,7290,340,21.79
7564,7663,340,36.8
6735,6834,340,22.46
8051,8150,340,18.3
7364,7463,340,36.8
7818,7918,340,25.94
6500,6600,340,22.83
7549,7649,340,41.62
8654,8754,340,20.9
8355,8456,340,9.74
7719,7819,340,35.16
7315,7314,340,8.17
7684,7784,340,27.21
7664,7663,340,8.46
7216,7215,340,5.75
6642,6741,340,5.95
5620,5720,340,13.98
7462,7561,341,36.24
7614,7714,341,25.85
7191,7291,341,23.11
6717,6816,341,31.5
7092,7192,341,22.34
6994,7094,341,23.45
7850,7950,341,21.29
7287,7387,341,17.83
7023,7123,341,36.5
6836,6935,341,22.59
8252,8351,341,18.3
7851,7950,341,18.34
6599,6699,341,21
8655,8755,341,21.17
7350,7349,341,9.43
6515,6615,341,26.37
8159,8259,341,21.04
7549,7648,341,36.48
6539,6639,341,6.35
6516,6615,341,22.6
8653,8753,341,20.23
7680,7780,341,20.58
2231,2130,341,5.89
7676,7776,341,5.97
7966,8066,341,21.28
2233,2133,341,3.24
7960,8060,341,21.18
7245,7345,341,21.4
7862,7962,341,21.2
6616,6716,342,26.4
6936,7036,342,26.4
6617,6716,342,22.58
7817,7917,342,25.46
8455,8556,342,10.31
7572,7672,342,6.25
8651,8751,342,41.22
7685,7785,342,22.25
7366,7365,342,7.9
7767,7868,342,9.44
7965,8065,342,21.31
6698,6798,342,19.6
7660,7761,342,9.35
2373,2272,342,1.28
7562,7662,343,41.8
7463,7563,343,41.8
7389,7489,343,28.3
2826,2925,343,39.51
7388,7488,343,23.41
6797,6897,343,21.22
6430,6530,343,23.39
7964,8064,343,21.2
7716,7815,343,22.54
7464,7563,343,36.8
2328,2427,343,18.18
7715,7815,343,25.48
5517,5617,343,23.48
7819,7919,343,37.16
7674,7774,343,5.9
2828,2727,343,8.28
2230,2129,343,7.12
8651,8750,343,38.99
8151,8250,343,18.3
6924,7024,343,35.47
2236,2135,343,3.16
2485,2385,343,0.99
2459,2360,343,1.61
7561,7661,344,42.16
7562,7661,344,36.72
7612,7712,344,25.42
7721,7821,344,21.02
6896,6996,344,22.29
6817,6916,344,31.05
7613,7713,344,24.93
7586,7686,344,23.32
7093,7193,344,22.19
7816,7916,344,25.36
8357,8457,344,21
7346,7446,344,21.28
6415,6514,344,22.58
7614,7713,344,22.58
8352,8451,344,18.88
5316,5415,344,19.34
7850,7949,344,18.37
7918,8018,344,25.23
6635,6734,344,22.18
6515,6614,344,22.63
6615,6715,344,40.12
7763,7762,344,8.41
8652,8752,344,19.15
7569,7669,344,4.53
8653,8752,344,17.7
7571,7671,344,4.34
7663,7762,344,36.72
5516,5616,344,4.08
6018,6117,344,21.17
5416,5415,344,3.39
6231,6331,344,3.05
7783,7883,344,23.43
7245,7344,344,18.43
7862,7961,344,18.31
7963,8063,344,21.18
7760,7861,344,9.39
7714,7814,345,25.4
7291,7391,345,30.36
7349,7448,345,37.61
7649,7749,345,21.47
7290,7390,345,21.47
8754,8854,345,21.22
6995,7095,345,23.17
6834,6934,345,22.14
8452,8551,345,28.15
6936,7035,345,22.62
8050,8149,345,18.32
6835,6934,345,18.77
8258,8358,345,20.99
6600,6700,345,23.24
6917,7016,345,30.83
5519,5619,345,19.47
7678,7778,345,5.4
7680,7779,345,16.21
5317,5418,345,3.65
2234,2134,345,2.52
7123,7223,345,26.55
2348,2248,345,3.49
2240,2141,345,3.08
6441,6541,345,6.59
4818,4917,345,3.18
8067,8167,345,21.2
2346,2246,345,2.08
7784,7884,345,23.33
7962,8062,346,21.18
7094,7194,346,23.45
7345,7445,346,21.3
8753,8853,346,20.98
7387,7487,346,23.46
7648,7748,346,21.53
8060,8160,346,21.08
2826,2825,346,14.51
7388,7487,346,19.34
8755,8855,346,21.42
7750,7849,346,18.37
8251,8350,346,18.38
7917,8017,346,25.61
8259,8359,346,21.03
7548,7647,346,18.35
6615,6714,346,34.62
8651,8650,346,15.58
8066,8166,346,21.19
6699,6799,346,22.67
7780,7880,346,22.4
2346,2245,346,2.84
2588,2488,346,1.21
5620,5719,346,10.88
7489,7589,347,32.8
2427,2527,347,28.44
6798,6898,347,21.52
8751,8851,347,20.71
8556,8656,347,20.82
7868,7968,347,21.32
7036,7136,347,21.83
7612,7711,347,22.43
5720,5819,347,21.56
7721,7820,347,18.2
7816,7915,347,22.41
7815,7915,347,25.4
8065,8165,347,21.2
7919,8019,347,25.77
6624,6725,347,3.44
2348,2247,347,4.71
3300,3200,347,1.6
7314,7413,347,22.64
7783,7882,347,19.14
2373,2273,347,0.93
7785,7885,347,24.17
4717,4816,347,3.02
7391,7491,348,35.2
7390,7490,348,40.48
7712,7812,348,25.83
7713,7813,348,25.64
6715,6815,348,26.47
6897,6997,348,22.29
7488,7588,348,23.29
7192,7292,348,14.52
7714,7813,348,22.43
6816,6915,348,22.54
7884,7984,348,36.74
7916,8016,348,25.81
6834,6933,348,18.85
8018,8118,348,25.77
7513,7512,348,8.53
8750,8850,348,20.94
7677,7777,348,5.88
7142,7242,348,5.16
6541,6641,348,35.3
5515,5615,348,3.96
8150,8249,348,18.32
8064,8164,348,21.11
7322,7423,348,7.65
6714,6814,349,40.15
7448,7547,349,37.33
7814,7914,349,25.86
7883,7983,349,23.47
7961,8061,349,21.19
7949,8049,349,21.39
7446,7546,349,21.19
7344,7444,349,21.42
6996,7096,349,21.95
7950,8049,349,18.43
6935,7034,349,18.73
7962,8061,349,18.3
8351,8450,349,18.9
7345,7444,349,18.37
8753,8852,349,18.17
7648,7747,349,18.51
8457,8557,349,20.97
8752,8852,349,20.74
6840,6839,349,7.31
6614,6713,349,33.69
2827,2726,349,8.59
7668,7769,349,8.68
5519,5618,349,15.3
3226,3325,349,4.91
7040,7140,349,7.25
6940,7039,349,6.19
8063,8163,349,21.17
7780,7879,349,17.73
6916,7015,349,33.28
7820,7920,350,34.48
7095,7195,350,23.06
8167,8267,350,21.2
7035,7135,350,21.84
7016,7115,350,30.4
8451,8550,350,27.1
7885,7985,350,43.25
2427,2526,350,22.98
7036,7135,350,18.68
8017,8117,350,25.96
6937,7037,350,7.4
8358,8458,350,20.97
7146,7247,350,7.6
7675,7775,350,3.97
6217,6216,350,3.84
8854,8954,350,21.03
7686,7786,350,19.59
7223,7323,350,21.94
6232,6332,350,3.72
6700,6800,350,23.41
7422,7523,350,8.11
7491,7591,351,35.93
7589,7689,351,26.89
7711,7811,351,25.92
2527,2627,351,30.83
8062,8162,351,21.18
8166,8266,351,21.19
8160,8260,351,21
6799,6899,351,23.08
7487,7587,351,23.46
7748,7848,351,21.34
7194,7294,351,22.77
6714,6813,351,34.65
8359,8459,351,20.97
7445,7545,351,21.22
7712,7811,351,22.57
6514,6613,351,22.6
2129,2128,351,13.82
7488,7587,351,19.35
7880,7980,351,22.69
7916,8015,351,22.57
7915,8015,351,25.87
8019,8119,351,25.12
6638,6738,351,6.29
8750,8849,351,18.15
8855,8955,351,21.2
6233,6333,351,3.88
8250,8349,351,18.44
3126,3225,351,5.37
8853,8953,351,21.1
7984,8084,352,30.8
7812,7912,352,26
7813,7913,352,26.03
7968,8068,352,21.4
8656,8756,352,21.03
6898,6998,352,23.23
4816,4916,352,23.09
8016,8116,352,25.9
7814,7913,352,22.58
7883,7982,352,19.26
7949,8048,352,18.43
7344,7443,352,18.45
8118,8218,352,26
7148,7248,352,4.91
7136,7236,352,21.6
8165,8265,352,21.17
6725,6825,352,24.06
8851,8951,352,21.32
6814,6914,352,39.98
5615,5715,352,25.96
3026,3125,352,6.05
2451,2352,352,1.81
2526,2626,353,40.12
7920,8020,353,38.42
7523,7623,353,41.29
7914,8014,353,25.88
7491,7590,353,30.09
6915,7014,353,34.07
7292,7392,353,20.47
7588,7688,353,23.45
6997,7097,353,21.95
7490,7590,353,21.89
2527,2626,353,25.15
7035,7134,353,18.69
6331,6431,353,11.82
7349,7348,353,9.06
6640,6740,353,6.87
8164,8264,353,21.09
8149,8248,353,18.32
7143,7243,353,5.14
7522,7623,353,8.32
8850,8950,353,21.42
4617,4716,353,3.24
7747,7847,354,21.4
8061,8161,354,21.1
7015,7114,354,30.68
6839,6938,354,34.19
7096,7196,354,22.48
7984,8083,354,25.13
6738,6838,354,36.8
7983,8083,354,21.13
5819,5918,354,21.69
7711,7810,354,22.59
8062,8161,354,18.3
7748,7847,354,18.4
7194,7293,354,18.35
7849,7948,354,18.37
7445,7544,354,18.32
8350,8449,354,18.62
7647,7746,354,18.49
8557,8657,354,20.92
8117,8217,354,25.85
8852,8952,354,21.22
7880,7979,354,17.98
7546,7646,354,21.3
6713,6812,354,35.01
2428,2528,354,3.56
8163,8263,354,21.09
7039,7139,354,22
7769,7869,354,21.49
8853,8952,354,18.25
3822,3821,354,4.94
6814,6913,354,34.45
8849,8949,354,41.51
7912,8012,355,42.56
7591,7691,355,31.04
7811,7911,355,26
8954,9054,355,20.9
8267,8367,355,21.18
7786,7886,355,20.28
8119,8219,355,25.82
7037,7137,355,21.89
8458,8558,355,20.97
2526,2625,355,34.62
7195,7295,355,23.18
7812,7911,355,22.61
2128,2227,355,39.8
6800,6900,355,23.42
4816,4915,355,19.3
8016,8115,355,22.59
8015,8115,355,25.83
7673,7773,355,6.17
7512,7611,355,22.44
6332,6432,355,20.75
7136,7235,355,18.55
7135,7235,355,21.53
6316,6315,355,4.14
8849,8948,355,36.33
7247,7347,355,21.36
5615,5714,355,21.14
7912,8011,356,37.79
8266,8366,356,21.06
8953,9053,356,20.93
8459,8559,356,20.9
7294,7394,356,22.82
6899,6999,356,22.68
8955,9055,356,20.94
7587,7687,356,23.45
6333,6433,356,21.52
8116,8216,356,25.68
7914,8013,356,22.59
2726,2725,356,16.49
7588,7687,356,19.32
7115,7214,356,28.03
6613,6712,356,31.65
8249,8348,356,18.43
3921,3920,356,5.63
7689,7789,356,23.16
8218,8318,356,25.87
7623,7723,356,41.41
8162,8262,356,21.07
8260,8360,356,20.97
6825,6925,356,32.07
6913,7013,357,36.52
8020,8120,357,25.71
8014,8114,357,25.73
6914,7013,357,32.7
8048,8148,357,21.31
8951,9051,357,21.15
7591,7690,357,25.35
7747,7846,357,18.43
8049,8148,357,18.38
7034,7133,357,18.73
8450,8549,357,18.95
5715,5815,357,24.28
7882,7981,357,15.18
7448,7447,357,8.83
6998,7098,357,23.14
6639,6739,357,6.55
7546,7645,357,18.37
7141,7241,357,5.14
8756,8856,357,21.31
7623,7722,357,36.19
7622,7722,357,5.44
7039,7138,357,18.78
8068,8168,357,21.27
2348,2249,357,3.52
7236,7336,357,21.61
2369,2268,357,1.56
5618,5718,357,13.33
6812,6912,357,35.09
8948,9048,358,41.23
7886,7986,358,42.25
7810,7910,358,26
7688,7788,358,23.45
7134,7234,358,21.52
7243,7343,358,21.32
7014,7113,358,30.54
7392,7492,358,23.16
7982,8082,358,19.89
7811,7910,358,22.61
7983,8082,358,16.66
7821,7921,358,7.46
8950,9050,358,21.46
7097,7197,358,21.95
2139,2039,358,3.09
8264,8364,358,20.98
8217,8317,358,25.61
7135,7234,358,18.51
8084,8184,358,17.3
7024,7124,358,7.07
2369,2269,358,1.14
8948,9047,359,35.97
7911,8010,359,37.34
7691,7791,359,27.29
8012,8112,359,25.78
8219,8319,359,26.02
5714,5814,359,25.31
2625,2724,359,39.79
8161,8261,359,21
6913,7012,359,30.69
7139,7239,359,21.48
7293,7393,359,22.12
8949,9049,359,21.52
7847,7947,359,21.41
8952,9052,359,20.99
7196,7296,359,22.78
7869,7969,359,21.43
8266,8365,359,18.23
8953,9052,359,18.14
7294,7393,359,18.4
7848,7947,359,18.35
8657,8757,359,20.97
8116,8215,359,22.53
2128,2127,359,13.03
8115,8215,359,25.54
7114,7213,359,30.46
7671,7771,359,6.85
8263,8363,359,20.97
6536,6535,359,3.56
2139,2038,359,4.18
8162,8261,359,18.23
5419,5518,359,3.17
8349,8448,359,18.32
7776,7876,359,5.69
7789,7889,359,33.48
6925,7025,359,36.6
6812,6911,359,29.25
2725,2824,360,39.47
8013,8113,360,25.71
8011,8111,360,25.83
7295,7395,360,23.23
9054,9154,360,20.93
8558,8658,360,20.88
7137,7237,360,21.58
8014,8113,360,22.54
8216,8316,360,25.4
8048,8147,360,18.38
6900,7000,360,22.87
6415,6414,360,4.44
7670,7770,360,4.51
4318,4417,360,5.56
3624,3723,360,4.08
7774,7874,360,5.92
3198,3098,360,1.38
8318,8418,360,25.64
7236,7335,360,18.56
2368,2267,360,1.62
2791,2691,360,1.36
7690,7790,361,17.57
7394,7494,361,12.75
7691,7790,361,51.24
5714,5813,361,44.84
7810,7909,361,31.9
7688,7787,361,35.65
4716,4815,361,35.21
7134,7233,361,26.73
7243,7342,361,26.15
7982,8081,361,40.61
2227,2327,361,8.61
7985,8085,361,4.92
8115,8214,361,29.44
2129,2029,361,8.16
6999,7099,361,12.95
5918,6017,361,42.27
6712,6811,361,55.96
7687,7787,361,13.02
8248,8347,361,26.05
8084,8183,361,36.02
7789,7888,361,56.15
7611,7710,361,30.95
5618,5717,361,29.78
8112,8212,362,33.1
8010,8110,362,32.55
7910,8009,362,52.57
7013,7112,362,55.73
8366,8466,362,12.86
7394,7493,362,39.33
8559,8659,362,12.84
8360,8460,362,12.92
9055,9155,362,12.9
8011,8110,362,31.02
9053,9153,362,12.96
2625,2624,362,19.01
7948,8047,362,26.61
7139,7238,362,26.57
7646,7745,362,27.01
8449,8548,362,26.34
7847,7946,362,26.4
5815,5914,362,45.31
7746,7845,362,26.79
8216,8315,362,29.03
6912,7011,362,52.34
2227,2326,362,36.09
5718,5818,362,13.46
5718,5817,362,45.05
2245,2244,362,9.5
8120,8220,362,17.13
2129,2028,362,11.19
8262,8362,362,12.9
8263,8362,362,25.21
6939,7038,362,10.39
6635,6634,362,5.68
7723,7823,362,12.95
5018,5117,362,9.08
7214,7313,362,34.68
2345,2244,362,4.01
8318,8417,362,30.09
7314,7313,362,6.73
8112,8211,363,49.95
8010,8109,363,51.21
5814,5913,363,44.28
2127,2226,363,52.92
6911,7010,363,46.89
7336,7436,363,13.1
7098,7198,363,12.53
8549,8649,363,13.16
8549,8648,363,28.36
8114,8213,363,29.59
8168,8268,363,12.95
8366,8465,363,24.84
6433,6533,363,10.39
6433,6532,363,39.21
9053,9152,363,25.76
5815,5915,363,12.93
7012,7111,363,47.44
7981,8080,363,42.89
2526,2525,363,10.95
6933,7033,363,4.81
8262,8361,363,25.16
7673,7772,363,10.53
7722,7822,363,12.92
3326,3425,363,11.48
8082,8181,363,38.86
8348,8447,363,25.87
4020,4119,363,9.66
7723,7822,363,25.72
4517,4616,363,8.6
5515,5614,363,8.1
7791,7890,363,54.84
8849,8848,363,11.64
3025,3124,363,11.61
7888,7987,364,56.4
6811,6910,364,51.84
6414,6513,364,35.65
7343,7442,364,26.42
7846,7945,364,26.83
7336,7435,364,27.42
7645,7744,364,27.06
2327,2426,364,52.48
9050,9149,364,28.19
7413,7412,364,8.02
7113,7212,364,31.56
5316,5315,364,4.7
7133,7232,364,27.22
4918,5017,364,8.49
9048,9147,364,26.83
7213,7312,364,30.98
8148,8247,364,25.61
7234,7333,364,27.4
7791,7891,364,19.1
8317,8416,364,29.27
7788,7887,364,32.9
7778,7878,364,3.35
2372,2271,364,1.64
7011,7110,365,51.63
2326,2425,365,51.89
7888,7988,365,26.18
5717,5816,365,39.9
6017,6116,365,38.06
5813,5912,365,43.19
8111,8210,365,30.12
9052,9151,365,26.82
8365,8464,365,24.78
8363,8462,365,25.36
7947,8046,365,26.7
9049,9148,365,27.81
7492,7592,365,12.74
7124,7224,365,13.2
8418,8517,365,29.81
7494,7593,365,37.98
7112,7211,365,50.66
9050,9150,365,13.15
2825,2924,365,12.4
6734,6833,365,10.6
7512,7511,365,7.7
7197,7297,365,12.21
7141,7240,365,10.03
2925,3024,365,11.67
8215,8314,365,29.27
6234,6334,365,1.81
9048,9148,365,13.05
8364,8464,365,12.9
8364,8463,365,25.21
8316,8415,365,29.27
7234,7334,365,13.1
8448,8547,365,25.62
8319,8419,365,17.04
7239,7338,365,25.73
2226,2325,366,48.42
7890,7989,366,51.68
8649,8748,366,54.77
6634,6733,366,39.99
8183,8282,366,28.36
7710,7809,366,31.87
7909,8008,366,31.52
8147,8246,366,25.6
9154,9253,366,27.02
7335,7434,366,28.08
5914,6013,366,43.19
8418,8518,366,17.13
8948,8947,366,11.73
5818,5917,366,40.79
5817,5916,366,44.72
7423,7524,366,8.28
6613,6612,366,9.15
8214,8313,366,30.23
5217,5216,366,4.84
2589,2590,366,2.99
7111,7210,366,53.95
7774,7873,366,10.43
7776,7875,366,10.32
7891,7990,367,56.5
7987,8086,367,56.57
6910,7009,367,55.66
7890,7990,367,32.29
5913,6012,367,42.38
8649,8749,367,29.61
9153,9252,367,28.95
8347,8446,367,26.11
8417,8516,367,29.72
7969,8069,367,13.04
8757,8857,367,12.95
7523,7624,367,8.65
5915,6014,367,44.18
8650,8749,367,11.11
7010,7109,367,46.92
7342,7441,367,26.39
2129,2030,367,7.77
7296,7396,367,12.28
6933,7032,367,10.46
2130,2030,367,5.04
8212,8311,367,30.26
8082,8182,367,9.5
8750,8749,367,5.16
7312,7411,367,54.42
8315,8414,367,30.09
7212,7311,367,56.2
5614,5713,367,45.26
7778,7877,367,10.4
7239,7339,367,12.95
7987,8087,368,25.2
9152,9251,368,30.07
8211,8310,368,30.07
8659,8758,368,25.01
8047,8146,368,26.11
9155,9254,368,26.19
8466,8565,368,24.91
7946,8045,368,26.5
7845,7944,368,26.45
8658,8758,368,12.91
9154,9254,368,13.07
8648,8747,368,29.44
7395,7495,368,13.14
3325,3424,368,11.22
8362,8461,368,25.35
8212,8312,368,17.11
8213,8312,368,30.92
7000,7100,368,12.71
8220,8320,368,17.07
7110,7209,368,50.36
7823,7922,368,25.26
7237,7337,368,13.01
7238,7337,368,26.09
8548,8647,368,27.58
7210,7310,369,33.66
7210,7309,369,47.76
2425,2524,369,44.74
5912,6011,369,42.05
7891,7991,369,23.01
8416,8515,369,30.33
7033,7132,369,27.63
8465,8564,369,25.21
6116,6215,369,38.11
8447,8546,369,26.21
7099,7199,369,13.29
7333,7432,369,28.81
7593,7692,369,43.36
2525,2524,369,17.62
7494,7594,369,13.01
3125,3224,369,11.64
3225,3324,369,11.13
7444,7543,369,10.4
7879,7978,369,10.3
2139,2040,369,4.01
3821,3820,369,8.32
2370,2270,369,1.16
7242,7341,369,10.44
7109,7208,370,52.39
2325,2424,370,43.96
7945,8044,370,26.46
7744,7843,370,26.76
8247,8346,370,25.83
8517,8616,370,30.39
7435,7534,370,27.83
9147,9246,370,25.83
6013,6112,370,40.35
8659,8759,370,12.88
8460,8560,370,12.9
9155,9255,370,13
8466,8566,370,12.87
8415,8514,370,30.99
6432,6531,370,12.27
2028,2027,370,13.76
9151,9250,370,30.03
5916,6015,370,43.72
7545,7644,370,10.29
5917,6016,370,40.73
2131,2031,370,3.88
7009,7108,370,55.75
8314,8413,370,31.09
7623,7724,370,8.78
3823,3722,370,3.21
9150,9249,370,29.28
7511,7610,370,30.53
7823,7923,370,12.91
9149,9248,370,27.5
7209,7308,371,50.3
6012,6111,371,39.98
7809,7908,371,31.68
8008,8107,371,31.8
9253,9352,371,29.33
6612,6711,371,31.61
8046,8145,371,26.17
8464,8563,371,25.64
9148,9247,371,27.17
8517,8617,371,17.11
7198,7298,371,12.88
8518,8617,371,30.28
5713,5812,371,41.7
8419,8519,371,17.1
7920,8021,371,6.65
6014,6113,371,42.07
7338,7437,371,27.32
7443,7542,371,10.42
7980,8079,371,9.93
6712,6711,371,7.34
7773,7872,371,10.59
8313,8412,371,30.98
4917,5016,371,8.55
8310,8409,371,52.54
8547,8646,371,27.52
2367,2266,371,1.89
7991,8090,372,56.32
9252,9351,372,29.33
8008,8108,372,17.03
8516,8615,372,30.53
7434,7533,372,27.83
8246,8345,372,25.91
8748,8847,372,26.31
2325,2324,372,19.82
7744,7844,372,13.05
7435,7535,372,13.13
8518,8618,372,17.11
7333,7433,372,13.19
2724,2823,372,11.73
7979,8078,372,10.29
8414,8513,372,30.98
7544,7643,372,10.27
5415,5514,372,8.05
8310,8410,372,31.74
7411,7510,372,29.26
7782,7881,372,7.24
7108,7207,373,50.7
7534,7633,373,55.7
6011,6110,373,39.83
2027,2126,373,50.41
7594,7693,373,37.68
8446,8545,373,27.14
7311,7410,373,26.51
6215,6314,373,38.29
6910,6909,373,11.32
2824,2923,373,11.39
7876,7975,373,10.52
6315,6314,373,6.09
7441,7540,373,26.48
7338,7438,373,13.09
7423,7424,373,4.4
7339,7438,373,26.61
4916,5015,373,8.79
8312,8411,373,30.27
8857,8956,373,25.91
8647,8746,373,28.92
9047,9146,373,10.8
5617,5716,373,7.5
7224,7324,373,13.15
7241,7340,373,10.41
2892,2793,373,1.31
2893,2793,373,1.31
8409,8508,374,51.53
6111,6210,374,54.61
6016,6115,374,38.88
7534,7634,374,28.11
6015,6114,374,41.95
8515,8614,374,30.95
7991,8091,374,22.2
7309,7408,374,32.85
7310,7409,374,29.51
7944,8043,374,26.41
9254,9353,374,28.23
8565,8664,374,25.4
8045,8144,374,26.19
8146,8245,374,25.91
9251,9350,374,27.86
9253,9353,374,13.21
6112,6211,374,40.45
7297,7397,374,12.21
2624,2723,374,12.44
8747,8846,374,27.77
4915,5014,374,8.98
6014,6114,374,15.04
2244,2243,374,8.91
2132,2032,374,3.18
3920,4019,374,9.22
6711,6810,374,50.98
3625,3524,374,2.24
8320,8420,374,17
2248,2148,374,4.11
2248,2147,374,5.97
7533,7632,375,55.65
8409,8509,375,32.38
8413,8512,375,30.33
8616,8715,375,30.39
7208,7307,375,33.24
9248,9347,375,28.59
7433,7532,375,55.95
8564,8663,375,25.62
8546,8645,375,28.22
5812,5911,375,43.2
8110,8209,375,11.33
6113,6212,375,40.59
3124,3223,375,11.84
8514,8613,375,30.9
7432,7531,375,27.36
7441,7541,375,13.02
8410,8509,375,52.86
7341,7440,375,26.48
8069,8169,375,13.01
7339,7439,375,13.03
8021,8121,375,26.2
8310,8309,375,14.45
7610,7709,375,31.43
2241,2142,375,2.48
7233,7332,375,10.29
8857,8957,375,12.97
6110,6209,376,56.42
7908,8007,376,32.14
8412,8511,376,30.77
7308,7407,376,33.27
8346,8445,376,26.14
8616,8716,376,17.11
7644,7743,376,27.06
6909,7008,376,53.61
9254,9354,376,13.15
8565,8665,376,12.92
8758,8858,376,12.97
7396,7496,376,12.06
7100,7200,376,13.27
7923,8022,376,25.15
8617,8716,376,30.51
4119,4218,376,11.29
7693,7792,376,47.22
6414,6413,376,6.33
8107,8206,376,31.09
9250,9349,376,26.77
5514,5613,376,45.27
8410,8510,376,31.51
8109,8208,376,11.02
2135,2035,376,3.66
2135,2034,376,5.33
8081,8180,376,9.68
7922,8022,376,13.02
8646,8745,376,28.57
7009,7008,376,11.18
2589,2489,376,2.55
9246,9345,376,26.52
7771,7870,376,8.99
2995,2895,376,1.21
2994,2895,376,1.06
8513,8612,377,31
8108,8207,377,31.6
8618,8717,377,30.81
8615,8714,377,31.09
9352,9451,377,26.26
7108,7107,377,15.86
6211,6310,377,54.54
8519,8619,377,17.12
2027,2026,377,16.06
7594,7694,377,13.05
2524,2623,377,20.18
7495,7595,377,12.06
9247,9346,377,27.69
8617,8717,377,17.11
8183,8283,377,6.48
3024,3123,377,12.3
7510,7609,377,31.47
7874,7973,377,8.45
8107,8207,377,17.08
4716,4715,377,4.59
7199,7299,377,13.28
8091,8190,377,55.1
7542,7641,377,26.16
7772,7871,377,10.64
2924,3023,377,11.86
6210,6309,378,38.53
6115,6214,378,39.91
6114,6213,378,40.76
7207,7306,378,33.54
7410,7509,378,32.24
8545,8644,378,28.95
7844,7943,378,26.45
9351,9450,378,25.56
8618,8718,378,17.09
8345,8444,378,26.85
8409,8408,378,15.24
8560,8660,378,12.79
9248,9348,378,13.17
2424,2523,378,18.57
7923,8023,378,12.9
6113,6213,378,15.5
4815,4914,378,8.78
4417,4516,378,8.07
7643,7742,378,26.96
7878,7977,378,10.46
7232,7331,378,10.42
8847,8946,378,25.92
6209,6308,379,56.16
8511,8610,379,54.01
6212,6311,379,40.32
7408,7507,379,31.89
7409,7508,379,32.57
9352,9452,379,13
5911,6010,379,42.04
6833,6932,379,10.5
6532,6631,379,9.04
8614,8713,379,31.49
8508,8607,379,32.17
8462,8561,379,10.79
8510,8609,379,53.14
9146,9245,379,25.03
8463,8562,379,10.68
7542,7642,379,12.99
7298,7398,379,13.08
8746,8845,379,27.49
2380,2280,379,1.33
2366,2265,379,1.88
8612,8711,380,54
5613,5712,380,41.89
8511,8611,380,30.48
8509,8608,380,31.55
7709,7808,380,31.89
7307,7406,380,33.04
8512,8611,380,32.21
8209,8308,380,31.84
8664,8763,380,25.21
8245,8344,380,25.92
8144,8243,380,26.14
8043,8142,380,26.11
8715,8814,380,31.6
8022,8122,380,26.06
8190,8289,380,56.56
6413,6512,380,36.79
6733,6832,380,10.61
2325,2225,380,7.47
2325,2224,380,10.37
7875,7974,380,10.55
5017,5116,380,9.14
6533,6632,380,8.81
9350,9449,380,25.21
2026,2125,380,56.61
7989,8088,380,10.17
8508,8608,380,17
7025,7125,380,4.8
8367,8467,380,3.71
8420,8520,380,17.03
2134,2033,380,4.69
8947,9046,380,10.68
8091,8191,380,19.5
2380,2279,380,1.96
8846,8945,380,26.09
6925,7026,380,6.02
6309,6408,381,53.68
8612,8712,381,30.5
6310,6409,381,38.9
8208,8307,381,31.4
7407,7506,381,31.24
8121,8221,381,17.04
7541,7640,381,26.52
8715,8815,381,17.05
9347,9446,381,27.08
8716,8815,381,31.18
6909,6908,381,13.53
7032,7131,381,10.37
8282,8381,381,9.58
7694,7793,381,44.12
8957,9056,381,25.86
6634,6633,381,5.52
7693,7793,381,13
6535,6534,381,4.67
8206,8305,381,31.26
7877,7976,381,10.45
8080,8179,381,7.89
8007,8106,381,31.78
6213,6312,382,40.39
6214,6313,382,39.18
7107,7206,382,32.14
8717,8816,382,30.81
8207,8306,382,30.95
8445,8544,382,28.21
8665,8764,382,25.02
9354,9453,382,27.36
7743,7842,382,27.02
6212,6312,382,15.57
8664,8764,382,12.9
8144,8244,382,12.99
8043,8143,382,12.99
9353,9453,382,13.06
7008,7007,382,19.83
8190,8290,382,23.45
8716,8816,382,17.07
3224,3323,382,10.89
6311,6410,382,55.37
8713,8812,382,53.14
9345,9444,382,27.08
8181,8280,382,7.85
8745,8844,382,25.9
8206,8306,382,17.07
7990,8089,382,9.87
5315,5414,382,8.15
9349,9448,382,26.68
2246,2145,382,4.4
7609,7708,382,31.61
3424,3523,382,10.7
8611,8710,383,53.36
6308,6407,383,37.69
7306,7405,383,32.24
8408,8507,383,31.2
8444,8543,383,28.96
9348,9447,383,29.07
9451,9550,383,25.54
8717,8817,383,17.09
8169,8269,383,12.96
8289,8388,383,56.56
6010,6109,383,37.39
7509,7608,383,31.34
3722,3721,383,7.8
9347,9447,383,13.07
2224,2323,383,56.19
7132,7231,383,10.34
7978,8077,383,10.34
8713,8813,383,31.29
7624,7725,383,8.85
8182,8281,383,9.13
8957,9057,383,12.97
8718,8817,383,31.03
8619,8719,383,17.1
7397,7497,383,12.32
7873,7972,383,8.53
2246,2146,383,3
8087,8186,383,9.74
9346,9445,383,26.4
3324,3423,383,10.71
6825,6926,383,4.51
3096,2997,383,1.4
2351,2251,383,1.95
2351,2250,383,2.89
8712,8811,384,52.93
6409,6508,384,48.63
7026,7126,384,26.25
7508,7607,384,31.05
8607,8706,384,33.95
7507,7606,384,30.74
8644,8743,384,26.85
7742,7841,384,27.38
7125,7225,384,25.54
8665,8765,384,12.88
9354,9454,384,13.09
8122,8222,384,26.11
8289,8389,384,25.27
8563,8662,384,10.89
2324,2423,384,11.88
7843,7942,384,10.27
7331,7430,384,27.68
2823,2922,384,12.29
6512,6611,384,37.33
7200,7300,384,13.14
8718,8818,384,17.08
5712,5811,384,41.14
8610,8709,384,31.46
8609,8708,384,31.94
7792,7892,384,14.25
3820,3919,384,9.51
2365,2264,384,1.84
8858,8958,384,12.97
8946,9045,384,24.75
6408,6507,385,45.1
7406,7505,385,30.81
8711,8810,385,31.31
7808,7907,385,32.04
9245,9344,385,27.12
8607,8707,385,16.82
9452,9551,385,25.86
9451,9551,385,12.93
6410,6509,385,52.47
7299,7399,385,13.27
6810,6809,385,9.39
8079,8178,385,10.24
7872,7971,385,10.63
6531,6630,385,9.85
6311,6411,385,19.94
7642,7741,385,27.06
7496,7596,385,11.51
2028,1927,385,6.16
8562,8661,385,24.7
8089,8188,385,56.19
8845,8944,385,25.16
2923,3022,385,12.26
8308,8407,385,30.84
8608,8707,385,33.12
6407,6506,386,53.57
8290,8390,386,25.13
6313,6412,386,38.7
8106,8205,386,30.92
7506,7605,386,31.36
8191,8291,386,18.55
8344,8443,386,27.86
8142,8241,386,26.81
9046,9145,386,24.21
8243,8342,386,27.45
8660,8760,386,12.82
8023,8123,386,12.97
8644,8744,386,13.05
2723,2822,386,11.92
8815,8914,386,32.09
8090,8189,386,10.56
7331,7431,386,13.12
7437,7536,386,9.89
7694,7794,386,11.52
8078,8177,386,10.28
9449,9548,386,27.97
8520,8620,386,17.09
2028,1928,386,4.26
2245,2144,386,3.99
8086,8185,386,7.75
8307,8406,386,31.29
8305,8404,386,33.3
8945,9044,386,24.76
2248,2149,386,3.89
6508,6607,387,54.98
8389,8488,387,55.9
7206,7305,387,33.61
7708,7807,387,31.72
9448,9547,387,28.44
6109,6208,387,36.43
7398,7498,387,13.3
9452,9552,387,12.97
4019,4118,387,10.93
8815,8915,387,17.01
7975,8074,387,10.64
5016,5115,387,9.11
8816,8915,387,31.68
8221,8321,387,17.11
7640,7739,387,27.13
6611,6710,387,48.08
5216,5215,387,4.82
7540,7639,387,10.13
8222,8321,387,54.5
7007,7106,387,29.44
9446,9545,387,26.04
8306,8405,387,32.37
8305,8405,387,16.9
2377,2278,387,0.99
6411,6510,388,54.98
6507,6606,388,51.37
6509,6608,388,48.64
7126,7226,388,25.49
7405,7504,388,30.99
9550,9649,388,28.58
8817,8916,388,31
8244,8343,388,26.52
8143,8242,388,26.13
8142,8242,388,13.05
8467,8567,388,12.84
8243,8343,388,13.1
9444,9543,388,27.89
8710,8809,388,31.71
8663,8762,388,10.89
8812,8911,388,25.39
3524,3623,388,10.54
7633,7732,388,10
5811,5910,388,43.67
8816,8916,388,17.04
9449,9549,388,13.14
7438,7537,388,9.9
3223,3322,388,11.23
2135,2036,388,3.46
8222,8322,388,29.95
8507,8606,388,33.45
3199,3099,388,1.35
7608,7707,388,31.36
6336,6435,388,3
2357,2256,388,1.74
8844,8943,388,24.9
8390,8489,389,52.56
7596,7695,389,40.27
8811,8910,389,32.3
8709,8808,389,33.42
8818,8917,389,30.74
8389,8489,389,20.98
7606,7705,389,32.76
8708,8807,389,34.35
9447,9546,389,25.69
8269,8368,389,25.55
9445,9544,389,27.4
8817,8917,389,17.08
8719,8819,389,17.07
9056,9156,389,12.92
2623,2722,389,12.24
8813,8912,389,25.73
3023,3122,389,12.51
5015,5114,389,9.21
9057,9156,389,25.4
7534,7635,389,7.61
9255,9355,389,5.49
7634,7733,389,9.85
2027,1926,389,7.53
8706,8805,389,33.09
7624,7625,389,4.73
3123,3222,389,12.34
7640,7740,389,13.07
2026,2025,389,8.83
7440,7539,389,10.15
8267,8368,389,3.5
7793,7893,389,13.29
9446,9546,389,12.98
2364,2263,389,1.78
7607,7706,389,31.6
2356,2255,389,1.63
2357,2257,389,1.17
6235,6335,389,0.65
2791,2692,389,1.47
6412,6511,390,37.93
7505,7604,390,32.22
8707,8806,390,33.86
7430,7529,390,26.93
8818,8918,390,17.1
9045,9144,390,24.97
7942,8041,390,25.92
7841,7940,390,26.43
7300,7400,390,18.41
8810,8909,390,33.69
8407,8506,390,32.31
9453,9553,390,13.02
8488,8587,390,54.66
2523,2622,390,12.41
7531,7630,390,9.96
8662,8761,390,24.43
7892,7992,390,19.59
5014,5113,390,9.1
7008,6907,390,10.37
7632,7731,390,10.02
2224,2223,390,10.47
4218,4317,390,10.85
8706,8806,390,16.92
7891,7992,390,5.45
7532,7631,390,9.9
6908,6907,390,12.5
7439,7538,390,10.03
2029,1929,390,3.55
8743,8842,390,25.39
8765,8864,390,24.92
6527,6626,390,2.95
7907,8006,390,32.7
2485,2386,390,0.99
5910,6009,391,54.54
6606,6706,391,33.37
7498,7597,391,44.13
8342,8441,391,28.43
6506,6505,391,22.54
7605,7704,391,34.21
9551,9650,391,26.85
8269,8369,391,12.94
9550,9650,391,13.17
6607,6707,391,32.01
6607,6706,391,37.54
8911,9010,391,55.47
6608,6708,391,33.73
8813,8913,391,12.95
8914,9013,391,32.64
6510,6609,391,47.21
8289,8288,391,9.45
9057,9157,391,12.92
9344,9443,391,26.81
9548,9647,391,28.59
8406,8505,391,33.54
6528,6627,391,2.95
8205,8304,391,32.02
7226,7325,391,56.22
7424,7525,391,8.25
8404,8503,391,33.16
8944,9043,391,25.21
8489,8588,392,48.16
9545,9644,392,28.37
5115,5214,392,29.94
7305,7404,392,32.24
6606,6705,392,41.71
8241,8340,392,27.82
6506,6605,392,27.69
9145,9244,392,25.85
8620,8720,392,17.1
7106,7205,392,32.58
7430,7530,392,13.06
6208,6307,392,34.64
7942,8042,392,12.97
2423,2522,392,20.01
7841,7941,392,13.02
7431,7530,392,26.93
8911,9011,392,28.55
7943,8042,392,10.41
8914,9014,392,16.96
8744,8843,392,25.28
7733,7832,392,54.55
2323,2422,392,17.19
2025,2124,392,52.36
7977,8076,392,10.44
8958,9058,392,12.92
8760,8859,392,25.33
9044,9143,392,25.62
8743,8843,392,12.92
7807,7906,392,33.02
8765,8865,392,12.87
6529,6628,392,2.98
7226,7326,392,26.85
8405,8504,392,33.78
8404,8504,392,16.91
7400,7499,393,50.82
8322,8421,393,31.35
8916,9015,393,31.55
9649,9748,393,30.46
7504,7603,393,32.95
9552,9651,393,26.49
8321,8421,393,17.09
9547,9646,393,26.52
8291,8391,393,14.5
6506,6406,393,14.43
8390,8490,393,16.59
8587,8686,393,55.7
7399,7499,393,13.29
9551,9651,393,13.05
9549,9648,393,30.41
6932,7031,393,10.47
6631,6730,393,10.43
7871,7970,393,9.32
7639,7738,393,27.01
7733,7833,393,29.88
8606,8705,393,33.44
8809,8908,393,34.77
6907,7006,393,49.32
2030,1930,393,3.92
8763,8862,393,10.98
7707,7806,393,32.34
7705,7804,394,33.77
8910,9009,394,35.02
8943,9042,394,25.26
8322,8422,394,17.06
8343,8442,394,28.21
8242,8341,394,27.75
8916,9016,394,17.05
9543,9642,394,26.64
8342,8442,394,13.16
8241,8341,394,13.13
7706,7805,394,33.53
6632,6731,394,10.43
6832,6931,394,10.51
4914,5013,394,9.21
8807,8906,394,33.57
8283,8382,394,8.34
4715,4814,394,8.65
8180,8279,394,7.95
8762,8861,394,24.36
6809,6808,394,11.29
7537,7636,394,26.52
7973,8072,394,8.71
8760,8860,394,12.91
8808,8907,394,34.26
8088,8187,394,10.63
2589,2490,394,2.43
8805,8904,394,31.49
6708,6808,394,33.8
8588,8687,395,53.63
7326,7425,395,55.38
6705,6805,395,33.83
7530,7629,395,55.09
6706,6806,395,30.48
7597,7696,395,40.53
6505,6604,395,43.93
6707,6807,395,32.24
6707,6806,395,38.11
8006,8105,395,31.42
7604,7703,395,34.57
8918,9017,395,30.63
6511,6610,395,34.25
8909,9008,395,34.68
8819,8919,395,17.07
9544,9643,395,27.55
9545,9645,395,13.16
9552,9652,395,13.02
6506,6405,395,17.21
6609,6709,395,26.4
8587,8687,395,20.56
7596,7696,395,11.04
8912,9012,395,16.96
6633,6732,395,10.43
8179,8278,395,10.12
8106,8105,395,7.26
8381,8480,395,10.39
8806,8905,395,32.38
9546,9645,395,27.2
7976,8075,395,10.59
8805,8905,395,17.05
6708,6807,395,46.58
8506,8605,395,33.6
7499,7598,396,53.6
7326,7426,396,28.7
6705,6804,396,45.39
7704,7803,396,32.94
8505,8604,396,32.97
9650,9749,396,31.23
7992,8092,396,19.32
8041,8140,396,26.21
8842,8941,396,24.91
8686,8785,396,56.19
9144,9243,396,26.46
8918,9018,396,17.1
9649,9749,396,13.26
7498,7598,396,11.52
7538,7637,396,26.18
7940,8039,396,26.15
9010,9109,396,33.76
3323,3422,396,10.48
9013,9112,396,31.58
3721,3720,396,8.06
5613,5612,396,5.15
6009,6108,396,34.7
6907,6906,396,16.8
7537,7637,396,13.02
8503,8602,396,31.21
8764,8863,396,10.87
7794,7894,396,10.62
7006,7105,396,51.65
7723,7824,396,3.5
8304,8403,396,33.49
2922,3021,396,12.06
2381,2281,396,1.06
6825,6826,396,2.31
4516,4615,396,8.04
9009,9108,397,54.65
9014,9113,397,31.99
7404,7503,397,31.75
8340,8439,397,29.69
7205,7304,397,33.09
8504,8603,397,32.04
6505,6504,397,19.84
7400,7500,397,15.2
8489,8589,397,13.51
7893,7993,397,13.29
9443,9542,397,27.39
9011,9110,397,33.58
2144,2143,397,9.64
9010,9110,397,16.84
3423,3522,397,10.16
8544,8643,397,9.44
3523,3622,397,9.99
7131,7230,397,9.38
7974,8073,397,8.8
9013,9113,397,17.05
8388,8487,397,10.63
9043,9142,397,25.64
9157,9256,397,25.75
8566,8666,397,3.71
9647,9746,397,27.17
3022,3121,397,12.73
7906,8005,397,32.42
8503,8603,397,17.07
2031,1931,397,3.84
6605,6704,397,34.87
6806,6905,398,50.4
6805,6904,398,51.46
8705,8804,398,32.35
7603,7702,398,33.57
9651,9750,398,30.07
9015,9114,398,31.77
8588,8688,398,17.63
9014,9114,398,17.02
9244,9343,398,26.37
9644,9743,398,27.28
8042,8141,398,25.91
7941,8040,398,25.88
8041,8141,398,13
8842,8942,398,12.87
8686,8786,398,21.75
9553,9653,398,13.02
9011,9111,398,16.86
2822,2921,398,11.88
7538,7638,398,13
7940,8040,398,12.99
3919,4018,398,10.29
8543,8642,398,9.7
8720,8820,398,17.07
7806,7905,398,33.19
7331,7330,398,5.06
9143,9242,398,26.37
5514,5513,398,3.95
8908,9007,398,33.67
7231,7330,398,9.48
8843,8942,398,25.08
6804,6903,399,51.19
6906,7005,399,51.19
7805,7904,399,32.48
8907,9006,399,32.58
9016,9115,399,31.25
8904,9003,399,31.49
7804,7903,399,31.61
8906,9005,399,31.12
8442,8541,399,28.52
8341,8440,399,29.25
8422,8521,399,29.83
9015,9115,399,17.03
9748,9847,399,26.12
7499,7599,399,17.59
9109,9208,399,54.21
8421,8521,399,17.06
8862,8961,399,24.53
8188,8287,399,10.62
7833,7932,399,26.84
7972,8071,399,9.1
8178,8277,399,10.34
9646,9745,399,27.48
2223,2322,399,16
9157,9257,399,12.95
9648,9747,399,28.11
9647,9747,399,13.08
5712,5711,399,5.3
6604,6703,399,38.12
6704,6803,400,48.19
7598,7697,400,35.96
7703,7802,400,32.24
9017,9116,400,31.26
8605,8704,400,32.55
9042,9141,400,25.88
9016,9116,400,17.07
9642,9741,400,27.9
8904,9004,400,17.05
8861,8960,400,24.99
6405,6404,400,22.43
8422,8522,400,17.13
9652,9751,400,28.59
9644,9744,400,13.09
7597,7697,400,11.27
9109,9209,400,30.28
4118,4217,400,10.96
6630,6729,400,9.53
7971,8070,400,9.7
8280,8379,400,7.99
9008,9107,400,32.67
8859,8959,400,13
7741,7840,400,10.01
9058,9158,400,12.92
8177,8276,400,10.55
7426,7526,400,28.63
1926,1925,400,9.83
7969,8070,400,3.45
8105,8204,400,31.23
2382,2282,400,1.14
6604,6603,400,21.99
8905,9004,400,30.48
2358,2258,400,1.09
8688,8787,401,48.08
7803,7902,401,31.61
8604,8703,401,31.61
9018,9117,401,31.83
9017,9117,401,17.07
8919,9019,401,17.08
7105,7204,401,32.67
9748,9848,401,12.99
8862,8962,401,12.83
8443,8542,401,9.44
2722,2821,401,12.79
7833,7933,401,13.05
9112,9211,401,32.63
7739,7838,401,10.14
6108,6207,401,30.83
8077,8176,401,8.2
3122,3221,401,12.38
8602,8701,401,31.89
9643,9742,401,27.07
8281,8380,401,8.02
6530,6629,401,3.03
8222,8323,401,8.68
8403,8502,401,32.07
6703,6802,402,47.71
9113,9212,402,31.42
7304,7403,402,32.7
8603,8702,402,31.42
7503,7602,402,33.27
8140,8239,402,27.52
9018,9118,402,17.03
8941,9040,402,25.21
9243,9342,402,26.45
2622,2721,402,12.24
9108,9207,402,31.97
8039,8138,402,27.87
9112,9212,402,16.96
7026,7127,402,6.72
3322,3421,402,10.48
7732,7831,402,10.14
6903,7002,402,52.18
8122,8223,402,6.66
8005,8104,402,31.49
8602,8702,402,17.03
7005,7104,402,52.34
3222,3321,402,11.17
6803,6902,403,50.93
7702,7801,403,32.29
9007,9106,403,31.16
8804,8903,403,31.49
9113,9213,403,17.06
9750,9849,403,30.06
6504,6503,403,19.18
9142,9241,403,26.83
9110,9210,403,16.96
9111,9210,403,32.98
9652,9752,403,13.17
9542,9641,403,26.66
6404,6503,403,52.43
9114,9213,403,31.65
6905,7004,403,31.26
8074,8173,403,8.89
7905,8004,403,31.68
9746,9845,403,26.14
9454,9554,403,5.4
6903,7003,403,31.99
6904,7003,403,31.08
2148,2047,403,4.93
8092,8192,403,14.58
7740,7839,403,10.14
8439,8538,403,25.9
7823,7924,403,3.53
7526,7626,404,28.63
7903,8002,404,32.5
7904,8003,404,31.74
9006,9105,404,29.78
9003,9102,404,33.59
9343,9442,404,27.07
8942,9041,404,25.18
8141,8240,404,26.84
7598,7698,404,13.2
7599,7698,404,30.84
8140,8240,404,13.1
9208,9307,404,32.04
8941,9041,404,12.9
8820,8920,404,17.05
8040,8139,404,26.83
8864,8963,404,10.86
9114,9214,404,17.04
5215,5314,404,8.46
5910,5909,404,6.26
8039,8139,404,13.13
7430,7429,404,5.11
7638,7737,404,27.39
9242,9341,404,27.18
7635,7734,404,9.7
2148,2048,404,3.38
9005,9104,404,31
8642,8741,404,25.9
1925,2024,404,42.44
9743,9842,404,27.12
8743,8742,404,5.2
6603,6702,404,43.62
7002,7101,405,53.46
6802,6901,405,51.07
9004,9103,405,32.4
8522,8621,405,31.23
8704,8803,405,31.87
7802,7901,405,32.14
8521,8621,405,17.03
9003,9103,405,16.86
7993,8093,405,12.98
9209,9308,405,33.28
9208,9308,405,17.01
6405,6305,405,10.46
8391,8491,405,8.52
8666,8766,405,12.86
7932,8031,405,26.84
2522,2621,405,11.61
8865,8964,405,10.95
9751,9850,405,31.97
7529,7628,405,9.9
7631,7730,405,10.08
7630,7729,405,9.92
8369,8468,405,10.82
9746,9846,405,12.99
8185,8284,405,7.46
8587,8586,405,7.07
8288,8387,405,10.64
6207,6306,405,45.13
9747,9846,405,25.74
7731,7830,405,10.06
2422,2521,405,11.37
9745,9844,405,26.41
9256,9356,405,13.05
9107,9206,405,30.13
8204,8303,405,32.51
8961,9060,405,25.2
8439,8539,405,12.97
9847,9946,405,25.22
7004,7103,406,52.31
7003,7102,406,52.57
7002,7102,406,31.01
7204,7303,406,32.56
9211,9310,406,33.68
8703,8802,406,32.19
9741,9840,406,28.09
8522,8622,406,17.07
9744,9843,406,26.47
9141,9240,406,26.84
8688,8788,406,13.47
9209,9309,406,16.9
6405,6304,406,13.74
8441,8540,406,9.45
9210,9309,406,54.74
7500,7600,406,11.63
5114,5213,406,8.6
7902,8001,406,32.8
9653,9753,406,13.1
6902,7001,406,52.54
8502,8601,406,31.05
7840,7939,406,26.14
7832,7931,406,10.12
7733,7834,406,8.64
5811,5810,406,4.76
2124,2123,406,7.44
2032,1932,406,3.18
9743,9843,406,13.07
6603,6602,406,19.99
6702,6801,407,47.98
7403,7502,407,32.9
7602,7701,407,32.95
8239,8338,407,29.33
9212,9311,407,34.08
7933,8032,407,27.18
9211,9311,407,16.85
7838,7937,407,26.22
9115,9215,407,12.92
7599,7699,407,13.27
8702,8801,407,32.71
7696,7795,407,12.54
6730,6829,407,10.58
7031,7130,407,10.45
9207,9306,407,31.91
7932,8032,407,13.05
8138,8237,407,28.59
6404,6403,407,14.54
8104,8203,407,31.93
8686,8685,407,7.63
7126,7227,407,6.4
7104,7203,407,32.13
9742,9841,407,27.41
8701,8801,407,16.9
2035,1934,407,4.71
2223,2222,407,5.91
6009,6008,407,6.52
5909,6008,407,56.6
8961,9061,407,12.9
9847,9947,407,12.9
9848,9947,407,25.3
2351,2252,407,1.84
2893,2794,407,1.24
8903,9002,408,32.51
9106,9205,408,30.63
9213,9312,408,32.88
9212,9312,408,16.8
9752,9851,408,31.9
8004,8103,408,32.04
3622,3621,408,9.33
6503,6502,408,21.33
3021,3120,408,12.27
6931,7030,408,10.5
6731,6830,408,10.63
8279,8378,408,10.18
7738,7837,408,10
9751,9851,408,13.29
4317,4416,408,8.29
9040,9139,408,26.53
9355,9455,408,5.41
2034,1933,408,4.57
2035,1935,408,3.22
9342,9441,408,26.85
9158,9258,408,12.95
8959,9059,408,12.94
8069,8170,408,3.47
2383,2283,408,1.13
2276,2175,408,1.82
2275,2174,408,1.63
9104,9203,409,34.06
8002,8101,409,33.05
8240,8339,409,28.59
8003,8102,409,32.82
9641,9740,409,27.79
8538,8637,409,24.8
9241,9340,409,27.46
7698,7797,409,32.91
9213,9313,409,16.94
7839,7938,409,26.22
7933,8033,409,13.08
7838,7938,409,13
6732,6831,409,10.56
6627,6726,409,8.23
8323,8423,409,13.13
5113,5212,409,7.81
7103,7202,409,52.4
9214,9313,409,32.45
7026,7027,409,3.51
9105,9204,409,32.71
8076,8175,409,8.52
7636,7735,409,9.7
7101,7201,409,30.74
7102,7201,409,52.87
9102,9201,409,32.58
6333,6434,409,2.4
2488,2387,409,2.33
9845,9944,409,25.4
9310,9409,409,55.14
2276,2176,409,1.23
9307,9406,409,34.18
9848,9948,409,12.91
7226,7327,409,6.99
9103,9202,410,33.95
8803,8902,410,32.28
6702,6701,410,17.65
9041,9140,410,25.92
7699,7798,410,56.11
8920,9020,410,17.07
2921,3020,410,12.18
8139,8238,410,28.22
7629,7728,410,9.76
8480,8579,410,10.03
8785,8884,410,10.61
8072,8171,410,9.33
4814,4913,410,9.32
5214,5313,410,7.97
7326,7427,410,7.93
8138,8238,410,13.17
8842,8841,410,5.23
9442,9541,410,26.45
9040,9140,410,13.03
9214,9314,410,16.98
9206,9305,410,33.54
3121,3220,410,11.11
9842,9941,410,26.35
9102,9202,410,16.97
2488,2388,410,1.6
9310,9410,410,29.08
9308,9407,410,32.85
6602,6701,410,44.31
9307,9407,410,16.79
8742,8841,410,25.22
8303,8402,410,32.96
8741,8840,410,25.04
6008,6107,411,35.37
6829,6928,411,37.65
7303,7402,411,33.31
8622,8721,411,32.35
8802,8901,411,33.15
8621,8721,411,17.03
9060,9159,411,25.05
8539,8638,411,24.92
9554,9654,411,13.07
8538,8638,411,12.86
9753,9852,411,31.33
9752,9852,411,13.29
7924,8024,411,12.94
3720,3819,411,9.72
5013,5112,411,8.45
3422,3521,411,10.1
7637,7736,411,9.85
8381,8481,411,3.34
9844,9943,411,25.63
7923,8024,411,3.54
9846,9945,411,25.4
9845,9945,411,12.92
9306,9405,411,35.98
9309,9408,411,33.26
9850,9949,411,26.49
9308,9408,411,16.94
9409,9508,412,54
7203,7302,412,32.1
7502,7601,412,33.61
8622,8722,412,16.99
6304,6303,412,19.83
8540,8639,412,25.38
7699,7799,412,21.51
7697,7796,412,12.5
8786,8885,412,10.64
7939,8038,412,26.85
4018,4117,412,10.46
6502,6601,412,43.76
9205,9304,412,35.4
2322,2421,412,10.97
7725,7825,412,3.49
8203,8302,412,32.63
8075,8174,412,8.78
9842,9942,412,13.01
9843,9942,412,26.14
7230,7329,412,9.51
6602,6601,412,19.66
9204,9303,413,35.62
7798,7897,413,56.59
5212,5311,413,44.81
9409,9509,413,30.5
8103,8202,413,32.52
9002,9101,413,33.38
9215,9315,413,16.92
9061,9160,413,25.03
9060,9160,413,12.88
8192,8292,413,10.9
7937,8036,413,27.86
7894,7994,413,6.15
8237,8336,413,27.32
9406,9505,413,35.53
8278,8377,413,8.12
4615,4714,413,8.7
6403,6402,413,17.4
9311,9411,413,16.77
9312,9411,413,34.62
7201,7301,413,28.16
8541,8640,413,10.4
8073,8172,413,8.91
3200,3100,413,1.52
9851,9950,413,28.53
9841,9940,413,26.32
9850,9950,413,13.02
8766,8866,413,12.84
9203,9302,414,34.29
9139,9238,414,25.92
7797,7896,414,34.02
6829,6929,414,16.21
7600,7700,414,13.3
7834,7934,414,13.02
2721,2820,414,12.02
9753,9853,414,13.28
6729,6828,414,10.31
7837,7936,414,26.53
6502,6501,414,19.92
9441,9540,414,26.18
8102,8201,414,32.7
8567,8667,414,3.97
7427,7527,414,28.45
9312,9412,414,16.73
9313,9412,414,34.87
2821,2920,414,11.67
9258,9357,414,26.45
2263,2262,414,4.15
7426,7527,414,7.89
2255,2254,414,4.08
9305,9404,414,36.59
3097,2998,414,1.53
5612,5611,414,5.71
2995,2896,414,1.14
7799,7898,415,51.75
9202,9301,415,32.63
8902,9001,415,32.93
9020,9119,415,30.99
7938,8037,415,27.52
9340,9439,415,26.24
7798,7898,415,23.7
9740,9839,415,28.11
9061,9161,415,12.88
9508,9607,415,54.29
9407,9506,415,34.38
7937,8037,415,13.13
8787,8886,415,10.59
3221,3320,415,10.54
8380,8479,415,10.17
8238,8337,415,28.59
8033,8132,415,27.43
8423,8523,415,17.03
8237,8337,415,13.09
8187,8286,415,6.8
9405,9504,415,35.73
8402,8501,415,30.86
9314,9413,415,34.34
8637,8736,415,25.02
9313,9413,415,16.7
9201,9301,415,16.98
8502,8501,415,7.24
2362,2261,415,1.64
9408,9507,416,33.27
7402,7501,416,33.04
8841,8940,416,24.78
8840,8939,416,24.95
9410,9510,416,16.89
9140,9239,416,26.85
9020,9120,416,17.08
9139,9239,416,12.97
9508,9608,416,30.19
9541,9640,416,26.51
6107,6206,416,35.21
9407,9507,416,16.77
8542,8641,416,9.98
9117,9216,416,9.73
8276,8375,416,9.2
8277,8376,416,8.6
8941,8940,416,5.21
9852,9951,416,30.61
9314,9414,416,16.77
7831,7930,416,10.19
7728,7827,416,26.27
9258,9358,416,13.02
8169,8270,416,3.5
2142,2041,416,3.47
5909,5908,416,8.74
9304,9403,416,35.79
9851,9951,416,13.17
5311,5410,417,43.11
7301,7401,417,29.72
8302,8401,417,31.84
7302,7401,417,33.54
8722,8821,417,31.98
8721,8821,417,17.03
8038,8137,417,28.59
9340,9440,417,13
2621,2720,417,12.39
3321,3420,417,9.98
9118,9217,417,9.85
3421,3520,417,9.72
4217,4316,417,8.34
8033,8133,417,13.1
8963,9062,417,11.09
1927,1826,417,4.53
8638,8737,417,24.83
8637,8737,417,12.88
8439,8438,417,5.17
9607,9706,418,54.21
5611,5710,418,40.09
7700,7800,418,26.39
6828,6927,418,37.74
7896,7995,418,37.37
8722,8822,418,17.02
6928,7028,418,16.64
5212,5312,418,11.94
2047,2046,418,7.01
2521,2620,418,11.4
8379,8478,418,7.95
7526,7627,418,7.89
9505,9604,418,34.49
8964,9063,418,11.1
8287,8386,418,7.73
1927,1827,418,3.09
7728,7828,418,13
8176,8275,418,8.77
8639,8738,418,25.14
9303,9402,418,34.38
2142,2042,418,2.35
7898,7997,418,56.02
8202,8301,418,32.45
2149,2150,418,3.21
9608,9707,419,54.13
9607,9707,419,30.28
9404,9503,419,35.03
9412,9511,419,34.35
9160,9259,419,25.02
7897,7996,419,25.77
7799,7899,419,15.91
9159,9259,419,12.93
8024,8124,419,12.92
9509,9609,419,16.97
7730,7829,419,10.16
8031,8130,419,10.31
7429,7528,419,10.04
8866,8965,419,24.52
8036,8135,419,27.78
9315,9415,419,16.79
9505,9605,419,16.75
8369,8469,419,3.59
7737,7836,419,9.99
9852,9952,419,13.26
7830,7929,419,10.32
9853,9952,419,31.99
8023,8124,419,3.5
8640,8739,419,25.31
2148,2049,419,3.19
6402,6401,419,19.98
8173,8272,419,9.24
8336,8435,419,25.71
9302,9401,419,33.73
2690,2591,419,1.6
5908,6007,420,35.36
9608,9708,420,30.37
9413,9512,420,34.79
9238,9337,420,24.84
9412,9512,420,16.77
5311,5411,420,14.64
9540,9639,420,25.86
6304,6204,420,7.47
6304,6203,420,10.37
9357,9456,420,27.12
7931,8030,420,10.3
7936,8035,420,27.51
9504,9603,420,34.09
3621,3620,420,8.58
8467,8568,420,3.56
7628,7727,420,9.91
9240,9339,420,10.14
7898,7998,420,21.28
9706,9806,421,49.63
9403,9502,421,16.7
9510,9610,421,36.13
9414,9514,421,37.03
9414,9513,421,16.53
9413,9513,421,36.94
8037,8136,421,14.57
8523,8623,421,35.69
8736,8835,421,14.65
9439,9538,421,14.63
7934,8034,421,31.89
9238,9338,421,30.96
9160,9260,421,30.89
9506,9606,421,36.7
9357,9457,421,31.79
8866,8966,421,30.54
8036,8136,421,32.18
9118,9218,421,9.41
9507,9606,421,16.84
8667,8767,421,30.63
8337,8436,421,14.64
9853,9953,421,33.65
8640,8740,421,31.05
9840,9939,421,4.54
8336,8436,421,31.27
5513,5512,421,2.67
7996,8096,422,49.19
9707,9807,422,49.62
9706,9805,422,23.63
5410,5510,422,37.68
5410,5509,422,15.92
8737,8837,422,31.42
8821,8921,422,36.09
8939,9039,422,31.48
9216,9316,422,31.71
9605,9705,422,49.97
9161,9261,422,30.61
8736,8836,422,31.32
9439,9539,422,31.59
8292,8392,422,27.72
7130,7229,422,3.91
9604,9704,422,36.42
9358,9458,422,31.71
8337,8437,422,31.42
7827,7927,422,31.33
2144,2043,422,2.07
6303,6302,422,6.54
7899,7999,422,48.1
9609,9709,422,49.99
2277,2177,422,0.98
9806,9906,423,50.01
9708,9808,423,49.66
5411,5511,423,37.81
9415,9515,423,36.97
9259,9359,423,31.44
9511,9611,423,36.23
8739,8839,423,30.99
9401,9501,423,37.18
7800,7900,423,32.77
8738,8838,423,31.17
9603,9703,423,36.76
8939,9038,423,14.64
5312,5412,423,36.46
9640,9739,423,14.59
8124,8224,423,31.18
9512,9612,423,36.49
7997,8097,423,29.33
9063,9163,423,30.55
8435,8535,423,30.98
7827,7926,423,14.65
8269,8370,423,4.33
8283,8383,423,6.23
9514,9614,424,36.76
9513,9613,424,36.64
8623,8723,424,35.94
9337,9437,424,31.59
9456,9556,424,31.83
7996,8095,424,23.01
5710,5809,424,14.61
7995,8095,424,24.16
8137,8236,424,14.59
7998,8098,424,28.47
8538,8537,424,3.18
8787,8887,424,8.32
8480,8580,424,7.76
9610,9710,424,36.15
9455,9555,424,9.59
9502,9602,424,37.15
8223,8324,424,6.1
9805,9905,425,49.98
8392,8492,425,35.97
9709,9809,425,36.55
9538,9638,425,31.71
8436,8536,425,30.89
8034,8134,425,32.18
8835,8935,425,31.1
9338,9438,425,31.37
9260,9360,425,31.13
8767,8867,425,30.46
7030,7129,425,4.06
9704,9804,425,36.47
9457,9557,425,31.85
8586,8585,425,2.82
7999,8099,425,36.37
8966,9066,425,30.73
8032,8131,425,2.57
2144,2044,425,1.57
5510,5610,425,37.86
8096,8196,425,42.49
2035,1936,425,1.75
2792,2693,425,1.51
2384,2284,425,0.96
2359,2259,425,0.76
9611,9711,426,36.11
9703,9803,426,36.59
9515,9615,426,36.89
8836,8936,426,31.42
8837,8937,426,31.67
9261,9361,426,30.85
9458,9558,426,31.85
6830,6930,426,8.91
9654,9754,426,9.62
8964,9064,426,7.82
8095,8195,426,50.97
9808,9908,426,36.55
9501,9601,426,37.4
8097,8197,426,33.85
9612,9712,426,36.21
2039,1938,426,1.54
1926,1825,426,2.26
8492,8592,427,50.94
9066,9166,427,51.62
8098,8198,427,39.54
8324,8424,427,47.86
8838,8938,427,31.41
9038,9138,427,31.1
8723,8823,427,35.87
8535,8635,427,30.93
9804,9904,427,50.22
9602,9702,427,37.01
7626,7726,427,7.2
9063,9162,427,14.67
9359,9459,427,31.58
7900,8000,427,28.95
7926,8026,427,31.52
2222,2321,427,2.7
9614,9714,427,36.35
8093,8193,427,9.54
9613,9713,427,36.4
9710,9810,427,36.64
7795,7895,427,9.55
9803,9903,428,50.87
8099,8199,428,36.37
9437,9537,428,31.89
9556,9656,428,31.98
6929,7029,428,9.22
7836,7935,428,14.63
8885,8985,428,8.63
8435,8534,428,14.66
6627,6727,428,5.85
8185,8285,428,5.54
9809,9909,428,36.72
2039,1939,428,1.17
9166,9266,429,51.69
8197,8297,429,33.98
9601,9701,429,37.14
8935,9035,429,31
8867,8967,429,30.29
9360,9460,429,31.61
9638,9738,429,32.14
8536,8636,429,30.89
7995,8094,429,8.01
9217,9317,429,9.42
8195,8295,429,37.25
9557,9657,429,31.86
7994,8094,429,9.58
6007,6106,429,17.45
7327,7428,429,6.61
8382,8482,429,6.17
8173,8273,429,6.81
9711,9811,429,36.56
9712,9812,429,36.46
7227,7328,429,6.01
8198,8298,430,36.12
9713,9813,430,36.21
8937,9037,430,31.08
8936,9036,430,30.99
9558,9658,430,31.81
8823,8923,430,35.83
9066,9165,430,28.39
9337,9436,430,14.63
9615,9715,430,31.64
8886,8986,430,8.57
9064,9164,430,30.13
9702,9802,430,49.3
7825,7925,430,7.44
8171,8271,430,7.18
7735,7835,430,7.18
8588,8689,430,3.87
8095,8194,430,26.09
3120,3219,430,2.58
8592,8692,431,26.42
8635,8735,431,31.03
8492,8591,431,26.02
9162,9262,431,30.61
9538,9637,431,14.63
8835,8934,431,14.66
8136,8235,431,14.61
9459,9559,431,31.68
8424,8524,431,32.49
8966,9065,431,14.66
5314,5413,431,1.92
9266,9366,431,51.52
9701,9801,432,49.63
9656,9756,432,32.39
8199,8299,432,32.8
9166,9265,432,29.1
9803,9902,432,25.86
9802,9902,432,51.22
8132,8232,432,7.27
9119,9219,432,7.31
9120,9220,432,7.54
8387,8486,432,2.02
6304,6205,432,3.65
8534,8634,432,30.98
8685,8784,432,2.26
9808,9907,432,16.83
5510,5609,432,15.6
8000,8100,432,21.5
8591,8691,433,51.21
8194,8294,433,45.21
9657,9757,433,32
9035,9135,433,30.93
8297,8397,433,27.52
9317,9417,433,31.52
9038,9137,433,14.66
8921,9021,433,9.52
6203,6202,433,8.2
9739,9838,433,14.58
8568,8668,433,7.75
8822,8922,433,7.46
9738,9838,433,32.09
8376,8476,433,7.03
8377,8477,433,6.71
8884,8984,433,6.39
1938,2037,433,22.07
3020,3119,433,2.81
8579,8679,433,6.41
9316,9416,433,9.35
8133,8233,433,7.17
8375,8475,433,7.09
9366,9466,433,51.19
8469,8569,433,7.57
8130,8230,433,7.5
8920,9021,433,5.11
8491,8590,433,1.99
9460,9560,433,31.64
7828,7928,433,7.35
8788,8888,433,6.09
7926,8025,433,14.64
8174,8274,433,6.68
8692,8792,434,33.41
9036,9136,434,30.83
9436,9536,434,31.79
9658,9758,434,32.08
9437,9536,434,14.61
9556,9655,434,14.61
6302,6301,434,9.04
9164,9264,434,30.43
7028,7128,434,6.92
8481,8581,434,6.23
7929,8029,434,7.26
8272,8372,434,7.33
5609,5709,435,37.86
8934,9034,435,31.09
9637,9737,435,31.97
9559,9659,435,31.76
8524,8624,435,31.75
9262,9362,435,30.71
8935,9034,435,14.66
8585,8684,435,14.85
9638,9737,435,14.59
9218,9318,435,7.31
8196,8296,435,10.07
8478,8578,435,6.54
2024,2023,435,2.39
9266,9365,435,27.86
2272,2171,435,1.16
8100,8200,435,46.51
8590,8690,436,35.2
8691,8791,436,36.96
8397,8497,436,33.51
8922,9022,436,35.94
9220,9320,436,31.2
9219,9319,436,31.26
8299,8399,436,30.08
8634,8734,436,30.98
1825,1924,436,14.66
9802,9901,436,26.76
8294,8394,436,44.94
9756,9856,436,33.1
9163,9263,436,7.76
7927,8027,436,7.27
9021,9121,436,35.62
8232,8332,436,30.97
9466,9566,437,31.22
9135,9235,437,30.98
9137,9237,437,30.85
9138,9237,437,14.66
9361,9461,437,9.48
9754,9854,437,9.14
8580,8680,437,7.89
8370,8470,437,7.47
9757,9857,437,32.99
8668,8768,437,30.56
9366,9465,437,26.7
9560,9660,437,31.66
8233,8333,437,31.18
3819,3918,437,2.71
8887,8987,437,8.26
8792,8892,437,34.13
8230,8330,437,30.92
2268,2167,437,1.39
2385,2285,437,0.96
2272,2172,437,0.88
9136,9236,438,30.97
9536,9636,438,31.99
8194,8293,438,18.89
9656,9755,438,14.56
9537,9636,438,14.62
8193,8293,438,9.53
8383,8483,438,6.89
9264,9364,438,31.01
8534,8633,438,14.66
2269,2168,438,1.37
8690,8790,439,48.39
8497,8597,439,34.23
9737,9837,439,31.97
8200,8300,439,25.01
9659,9759,439,31.95
9034,9134,439,30.98
9362,9462,439,31.15
8624,8724,439,31.1
9035,9134,439,14.66
8131,8231,439,7.42
9318,9418,439,31.22
9738,9837,439,14.6
9022,9122,439,35.76
8791,8891,439,33.94
8892,8992,440,45.83
9566,9666,440,49.96
9319,9419,440,31.21
9320,9420,440,31.35
8332,8432,440,30.92
8399,8499,440,30.09
9436,9535,440,14.62
8298,8398,440,10.18
8985,9085,440,8.91
8734,8834,440,30.98
8295,8395,440,9.87
8134,8234,440,7.1
9857,9957,440,33.91
8987,9087,440,45.14
2421,2520,440,2.88
9839,9938,440,4.64
9854,9954,440,33.66
3220,3319,440,2.47
2269,2169,440,1.04
8293,8393,441,38.11
9235,9335,441,31.27
9461,9561,441,31.79
8768,8868,441,30.37
9660,9760,441,31.85
8934,9033,441,14.66
9637,9736,441,14.61
9714,9814,441,7.37
7726,7826,441,7.44
9066,9167,441,9.39
9465,9565,441,31.38
8294,8393,441,18.66
8333,8433,441,30.99
6828,6827,441,3.22
8330,8430,441,30.93
4913,5012,441,2.37
8026,8126,441,7.36
4416,4515,441,2.23
8336,8335,441,3.14
2267,2166,441,1.38
7227,7228,441,2.51
8790,8890,442,44.32
9236,9336,442,31.2
8296,8396,442,16.46
9122,9222,442,35.51
5609,5708,442,14.76
8634,8733,442,14.66
8633,8733,442,30.85
8891,8991,442,49.27
9810,9910,442,6.96
9166,9267,442,9.81
9364,9464,442,31.27
5908,5907,442,3.46
8986,9086,442,8.87
2388,2389,442,3.48
9756,9855,442,14.44
8967,9067,442,7.8
8232,8331,442,14.66
2488,2389,442,1.41
8398,8498,443,36.59
9087,9187,443,48.1
8499,8599,443,34.16
8724,8824,443,31.01
9462,9562,443,31.64
9134,9234,443,30.98
9759,9859,443,32.72
8597,8697,443,30.64
9566,9665,443,24.15
8690,8789,443,22
9135,9234,443,14.66
8492,8593,443,8.13
8992,9092,443,40.13
6202,6201,443,10.01
8230,8329,443,14.66
9267,9367,444,51.64
9535,9635,444,32.21
8432,8532,444,31.03
8300,8400,444,23.18
9536,9635,444,14.6
9416,9516,444,9.34
8393,8493,444,47.79
9715,9815,444,7.42
3319,3419,444,32.46
9811,9911,444,6.9
9264,9363,444,14.66
9812,9912,444,7.02
5311,5310,444,2.84
9420,9520,444,31.57
8271,8371,444,7.44
9419,9519,444,31.18
1927,1828,444,1.71
8923,9023,444,7.46
8273,8373,444,7.09
2040,1940,444,1.15
9417,9517,444,9.46
5708,5808,445,37.87
8890,8990,445,48.33
9561,9661,445,31.81
8991,9091,445,48.9
9335,9435,445,31.39
8868,8968,445,30.13
9760,9860,445,32.59
9737,9836,445,14.61
9034,9133,445,14.66
8397,8496,445,11.8
9813,9913,445,7.11
9033,9133,445,31.19
8433,8533,445,31.07
8430,8530,445,31.01
9086,9186,445,45.25
8126,8226,445,30.97
2820,2919,445,2.97
2274,2173,445,0.98
9092,9192,446,37.66
9187,9287,446,48.03
8498,8598,446,34.22
8733,8833,446,30.91
8331,8431,446,30.94
8593,8693,446,39.11
8332,8431,446,14.66
8569,8669,446,7.71
8482,8582,446,6.25
8734,8833,446,14.66
9367,9467,446,51.51
9859,9959,446,33.57
9758,9858,446,8.99
2920,3019,446,2.91
8024,8125,446,4.33
8884,8983,446,2.19
9464,9564,446,31.39
9665,9765,447,32.14
8599,8699,447,25.39
9234,9334,447,31.19
9562,9662,447,31.81
8329,8429,447,30.91
8697,8797,447,31.9
8790,8889,447,18.16
9235,9334,447,14.65
8497,8596,447,13.69
8581,8681,447,7.99
8475,8575,447,7.25
8476,8576,447,7.39
8394,8494,447,9.88
5410,5409,447,3.19
8330,8429,447,14.66
8579,8678,447,2.2
5212,5211,447,2.2
7928,8028,447,7.27
2490,2491,447,2.19
8824,8924,447,31.01
9467,9567,448,51.09
9860,9960,448,33.47
8990,9090,448,49.52
9091,9191,448,43.84
9635,9735,448,32
9519,9619,448,31.07
9363,9463,448,31.22
9520,9620,448,31.42
9636,9735,448,14.6
8029,8129,448,7.42
9122,9221,448,17.31
8274,8374,448,6.86
8679,8779,448,6.82
8477,8577,448,7.04
8633,8732,448,14.66
8285,8385,448,5.23
9364,9463,448,14.65
8324,8425,448,6.14
1938,1937,448,4.64
9857,9956,448,14.13
9856,9956,448,8.6
9517,9617,448,31.31
8372,8472,448,7.32
8888,8988,448,6.77
8532,8632,448,30.83
8797,8897,449,50.28
9192,9292,449,43.99
8226,8326,449,30.91
8400,8500,449,24.57
8693,8793,449,33.97
8890,8989,449,21.93
9134,9233,449,14.66
8680,8780,449,8.79
8984,9084,449,6.63
9133,9233,449,31.05
9858,9958,449,33.75
9287,9387,449,46.66
4714,4813,449,2.56
9661,9761,449,31.83
8968,9068,449,30.29
8530,8630,449,31.25
9567,9667,450,50.18
8833,8933,450,31.05
8598,8698,450,26.47
9187,9286,450,21.59
9535,9634,450,14.58
8432,8531,450,14.66
8834,8933,450,14.66
9564,9664,450,31.84
3319,3418,450,14.55
8431,8531,450,31
8669,8769,450,30.61
8027,8127,450,7.41
6007,6006,450,3.4
9086,9185,450,18.92
8125,8225,450,31
9419,9518,450,14.65
2049,2050,450,3.29
9418,9518,450,9.51
9191,9291,451,47.16
9090,9190,451,46.99
8699,8799,451,33.08
8596,8696,451,32.87
9765,9865,451,32.56
8429,8529,451,30.99
4515,4614,451,14.66
9335,9434,451,14.65
8395,8495,451,9.86
8483,8583,451,7.7
9033,9132,451,14.65
9662,9762,451,31.83
8924,9024,451,31.08
6203,6103,451,3.26
8430,8529,451,14.66
8470,8570,451,7.47
9334,9434,451,31.45
8435,8434,451,3.16
1929,1829,451,1.25
2223,2122,451,1.81
2251,2151,451,1.27
8335,8434,451,14.65
8989,9089,452,45.91
8500,8600,452,33.94
9619,9719,452,30.87
9463,9563,452,31.57
8494,8594,452,24.06
8990,9089,452,23.47
5708,5807,452,15.55
8733,8832,452,14.66
8732,8832,452,30.98
9221,9321,452,31.04
9292,9392,452,49.68
9617,9717,452,31.15
9620,9720,452,31.14
8425,8525,452,32.25
8793,8893,452,46.54
9464,9563,452,14.64
9387,9487,452,44.41
8326,8426,453,30.9
8897,8997,453,27.44
8630,8730,453,31.45
9068,9168,453,30.31
8797,8896,453,24.7
9665,9764,453,14.59
9234,9333,453,14.65
8329,8428,453,14.66
9761,9861,453,32.45
9233,9333,453,31.19
9515,9616,453,4.79
4117,4216,453,2.29
2388,2288,453,2.5
2144,2045,453,1.64
9837,9937,453,7.44
9286,9386,453,49.11
9190,9290,454,46.99
8495,8595,454,35.73
9634,9734,454,31.81
9518,9618,454,30.97
8698,8798,454,31.62
8225,8325,454,30.92
8531,8631,454,31
3418,3518,454,32.62
9635,9734,454,14.6
9519,9618,454,14.66
8799,8899,454,44.03
6203,6102,454,4.24
8127,8227,454,30.98
8234,8334,454,7.32
9291,9391,454,45.57
9855,9955,454,8.55
8532,8631,454,14.66
8769,8869,454,30.31
9089,9189,455,45.35
9132,9232,455,31.06
8696,8796,455,32.83
9090,9189,455,20.49
9435,9534,455,14.62
9814,9914,455,7.24
9666,9766,455,7.11
9762,9862,455,32.32
8529,8629,455,31.41
9133,9232,455,14.66
8893,8993,455,36.29
9434,9534,455,31.88
8530,8629,455,14.65
9392,9492,455,45.36
9487,9587,455,45.49
8832,8932,456,31.19
8525,8625,456,32.78
8594,8694,456,33
8600,8700,456,25.62
9321,9421,456,31.51
8833,8932,456,14.66
9222,9322,456,7.63
9861,9961,456,33.36
9564,9663,456,14.62
9563,9663,456,31.91
2720,2819,456,2.99
1931,1831,456,1.34
9720,9820,456,30.88
9386,9486,456,49.42
8798,8898,457,48.82
9391,9491,457,38.05
9168,9268,457,30.2
8730,8830,457,31.19
8997,9097,457,27.94
8896,8996,457,27.44
8989,9088,457,19.49
9765,9864,457,14.54
5409,5508,457,15.51
8429,8528,457,14.66
9267,9368,457,9.46
8428,8528,457,30.99
2388,2287,457,3.11
8426,8526,457,31.27
2261,2260,457,2.21
9334,9433,457,14.64
1931,1830,457,1.76
1930,1830,457,1.24
9333,9433,457,31.46
3099,2999,457,1.56
9290,9390,457,45.33
2266,2165,457,1.38
9286,9385,457,22.91
2794,2795,457,2.06
2996,2897,457,1.12
2271,2170,457,1.22
9189,9289,458,45.21
9492,9592,458,37.77
9587,9687,458,47.37
8631,8731,458,31.19
8595,8695,458,32.51
8869,8969,458,29.84
9190,9289,458,20.49
9619,9718,458,14.66
8632,8731,458,14.66
8983,9083,458,8.92
8371,8471,458,7.37
8373,8473,458,7.22
9815,9915,458,7.25
8732,8831,458,14.66
8227,8327,458,30.95
9023,9123,458,7.5
1825,1824,458,3.23
9618,9718,458,30.8
9617,9716,458,14.65
8899,8999,458,29.02
8993,9093,458,36.45
6628,6728,458,2.19
9486,9586,458,50.75
9368,9468,459,51.67
8694,8794,459,34.23
9232,9332,459,31.17
9862,9962,459,33.24
8630,8729,459,14.64
9735,9835,459,9.41
8582,8682,459,8.06
3419,3519,459,6.75
8681,8781,459,8.51
9766,9866,459,32.13
9233,9332,459,14.65
9836,9936,459,7.51
8700,8800,459,34.58
8629,8729,459,31.59
9586,9686,460,50.96
9088,9188,460,45.96
9390,9490,460,39.45
9491,9591,460,35.02
9820,9920,460,30.83
8932,9032,460,31.46
9322,9422,460,31.43
9089,9188,460,19
9634,9733,460,14.62
8933,9032,460,14.65
3418,3517,460,14.53
9664,9763,460,14.59
9097,9197,460,33.82
9663,9763,460,31.97
5508,5608,460,37.84
6202,6101,460,5.3
9421,9521,460,31.77
8375,8474,460,2.56
2620,2719,460,3.01
9386,9485,460,23.33
8794,8894,461,51.42
8695,8795,461,33.88
9687,9787,461,45.57
8996,9096,461,31.35
8526,8626,461,32.33
8898,8998,461,28.71
9433,9533,461,31.88
8528,8628,461,31.55
5807,5906,461,16.58
9132,9231,461,14.66
9093,9193,461,33.57
8576,8676,461,7.39
9123,9223,461,35.51
8678,8778,461,7.32
8028,8128,461,7.43
8529,8628,461,14.64
8585,8584,461,2.8
9468,9568,461,51.38
8830,8930,461,31.44
9185,9285,461,9.18
9592,9692,461,35.73
9434,9533,461,14.61
9289,9389,461,43.89
8831,8931,462,31.3
9718,9818,462,30.79
8832,8931,462,14.65
6006,6105,462,12.74
8129,8229,462,7.52
8577,8677,462,7.4
8575,8675,462,7.1
8327,8427,462,30.91
8969,9069,462,29.76
6203,6104,462,3.4
8999,9099,462,25.35
8284,8384,462,2.19
8472,8572,462,7.25
8800,8900,462,47.23
9720,9819,462,14.66
1826,1726,462,2.11
9486,9585,462,25.61
9485,9585,462,50.33
9188,9288,463,42.56
9686,9786,463,49.48
9332,9432,463,31.73
9189,9288,463,18.89
8730,8829,463,14.65
8896,8995,463,14.51
9865,9965,463,8.99
4216,4315,463,14.63
8779,8879,463,7.11
9568,9668,463,50.46
8729,8829,463,31.32
8428,8527,463,14.66
9490,9590,463,36.1
9333,9432,463,14.64
9591,9691,463,34.7
9787,9887,464,45.15
8795,8895,464,49.88
9521,9621,464,31.7
9586,9685,464,26.08
9389,9489,464,40
9069,9169,464,51.71
9193,9293,464,37.93
9084,9184,464,6.9
8780,8880,464,6.68
8583,8683,464,8.16
9422,9522,464,31.77
9763,9863,464,32.61
9667,9767,464,7.24
9197,9297,464,26.54
8626,8726,465,32.6
9692,9792,465,32.64
9096,9196,465,33.22
9533,9633,465,31.85
8628,8728,465,31.87
9231,9331,465,31.8
9232,9331,465,14.65
9734,9834,465,9.41
8998,9098,465,27.92
9024,9124,465,7.5
8570,8670,465,7.6
8930,9030,465,31.98
2254,2353,465,2.09
9534,9633,465,14.59
1932,1832,465,1.45
2490,2390,465,1.46
1826,1725,465,2.76
2049,1949,465,2.17
8629,8728,465,14.63
9590,9690,466,37.17
8995,9095,466,33.53
9691,9791,466,35.19
8931,9031,466,31.59
8900,9000,466,26.44
9819,9919,466,31.14
9818,9918,466,31.59
9099,9199,466,31.07
9820,9919,466,14.66
8932,9031,466,14.64
9717,9817,466,7.45
1934,1834,466,1.46
2692,2592,466,1.3
9289,9388,466,17.83
9288,9388,466,42.07
2277,2178,466,1.02
9485,9584,466,24.77
9887,9987,467,46.86
9686,9785,467,23.42
9293,9393,467,47.43
9433,9532,467,14.61
8528,8627,467,14.64
8527,8627,467,31.67
8385,8485,467,5.36
8829,8929,467,31.72
8830,8929,467,14.64
5508,5607,467,14.71
1933,1833,467,1.48
4315,4415,467,29.4
9297,9397,467,33.37
9489,9589,467,39.32
9169,9269,468,29.93
9863,9963,468,33.13
9124,9224,468,35.72
8624,8725,468,4.34
3520,3619,468,2.39
9098,9198,468,33.87
2388,2289,468,2.6
9621,9721,468,31.42
9522,9622,468,31.79
2049,1948,468,2.84
9095,9195,469,33.82
9791,9891,469,35.68
9690,9790,469,38.63
9792,9892,469,31.95
8728,8828,469,31.73
9787,9886,469,18.83
9332,9431,469,14.63
9834,9934,469,31.4
9864,9964,469,8.89
9196,9296,469,32.33
9199,9299,469,33.83
8729,8828,469,14.65
9030,9130,469,31.92
9388,9488,469,42.1
5607,5707,470,37.87
9393,9493,470,47.89
9589,9689,470,42.08
9031,9131,470,31.42
9817,9917,470,32.01
9269,9369,470,51.67
9032,9131,470,14.65
5608,5707,470,15.02
3518,3618,470,6.67
2265,2164,470,1.35
9397,9497,471,33.09
9532,9632,471,31.9
9887,9986,471,20.37
5906,6005,471,14.35
9533,9632,471,14.62
8894,8994,471,10.13
8628,8727,471,14.61
9231,9330,471,14.62
8929,9029,471,32.29
9198,9298,471,33.51
8781,8881,471,8.86
8627,8727,471,32.17
8682,8782,471,8.44
9866,9966,471,9.04
8930,9029,471,14.61
2048,1947,471,1.79
9790,9890,472,39.51
9195,9295,472,35.27
9488,9588,472,43.56
9000,9100,472,19.35
9299,9399,472,34.05
9892,9992,472,35.79
9891,9991,472,37.66
6101,6001,472,8.83
8473,8573,472,7.18
9716,9816,472,7.35
9368,9469,472,9.62
9369,9469,472,51.67
8471,8571,472,7.25
8724,8825,472,4.35
9622,9722,472,31.52
8229,8328,472,14.66
9689,9789,473,43.82
8995,9094,473,14.31
8828,8928,473,32
8829,8928,473,14.63
4515,4514,473,3.18
9083,9183,473,6.98
9835,9935,473,7.47
9130,9230,473,31.69
4315,4414,473,14.64
9296,9396,473,33.31
9497,9597,474,33.52
9493,9593,474,33.24
1824,1923,474,9.33
9469,9569,474,51.54
9223,9323,474,7.75
9733,9833,474,7.17
3319,3318,474,3.03
2693,2694,474,2.06
9588,9688,475,46.47
9330,9430,475,31.97
8727,8827,475,32.03
9298,9398,475,32.93
9029,9129,475,31.69
8728,8827,475,14.62
8778,8878,475,7.32
8474,8574,475,7.13
9834,9933,475,14.64
6102,6002,475,4.9
9890,9990,475,43.1
9399,9499,475,43.02
8128,8228,475,7.55
9030,9129,475,14.61
2321,2420,475,2.96
9789,9889,476,44.75
9722,9822,476,31.49
9817,9916,476,14.6
8677,8777,476,7.34
8572,8672,476,7.32
8676,8776,476,7.11
9069,9170,476,10.24
5310,5309,476,3.15
8684,8783,476,3.48
8784,8883,476,3.23
3517,3617,476,6.63
9295,9395,476,32.73
8824,8925,476,4.35
9593,9693,477,43.1
9094,9194,477,31.63
9396,9496,477,25.9
9100,9200,477,23.78
5607,5706,477,15.55
9532,9631,477,14.61
9095,9194,477,12.91
8675,8775,477,6.85
8929,9028,477,14.57
8928,9028,477,31.75
9668,9768,477,7.32
9688,9788,478,46.54
9323,9423,478,31.3
9689,9788,478,17.78
8670,8770,478,7.72
3100,3000,478,1.59
8879,8979,478,7.12
9597,9697,478,31.78
2047,1946,478,1.62
9170,9270,478,51.39
9499,9599,479,27.59
9430,9530,479,31.32
9129,9229,479,31.24
5707,5806,479,16.2
8726,8826,479,7.17
9767,9867,479,7.13
9398,9498,479,31.79
9889,9989,479,47.9
8828,8927,479,14.6
2041,1941,479,1.53
8880,8980,479,6.86
9130,9229,479,14.63
9184,9284,479,7.04
1826,1727,479,2.2
9485,9484,479,5.5
