93,92,7,13.29
92,91,11,29.76
91,90,15,29.33
92,191,16,16.58
91,190,20,16.59
90,89,21,19.81
93,192,21,6.46
190,189,26,18.37
89,88,27,17.91
192,291,30,16.56
191,290,30,10.65
189,188,31,24.98
190,289,33,11.43
188,187,36,21.94
88,87,36,12.04
289,288,38,22.84
189,288,38,12.32
192,292,39,5.64
290,389,42,11.84
288,287,43,21.2
187,186,43,14.45
87,86,43,15.03
188,287,43,11.99
291,390,43,11.25
389,388,45,36.32
289,388,45,12.1
388,387,48,39.55
86,85,50,16.45
287,286,50,14.55
187,286,50,10.47
186,185,51,13.18
292,391,51,12.23
389,488,54,12.66
93,193,54,1.83
387,386,55,14.89
390,489,55,12.39
488,487,57,46.23
388,487,57,12.48
286,285,58,13.82
186,285,58,10.05
487,486,59,55.02
386,385,59,30.9
488,587,59,33.14
85,84,59,11.3
489,588,60,32.86
185,184,61,10.29
391,490,61,50.48
588,687,62,72.57
486,585,62,82.02
587,586,62,25.58
487,586,62,88.31
386,485,62,66.43
489,589,62,13.89
385,484,63,62.73
84,183,63,56
285,384,63,43.43
185,284,63,29.01
587,686,64,28.13
484,583,65,70.75
292,392,65,5.28
183,282,66,60.29
384,483,66,68.45
687,786,66,40.37
585,684,66,45.21
586,685,66,42
485,584,66,35.77
589,688,66,45.21
284,383,67,37.32
184,283,67,28
583,682,68,49.43
392,491,68,65.17
84,83,68,9.77
282,381,69,48.94
483,582,69,69.09
584,683,69,48.14
686,785,69,30.22
490,590,69,13.13
192,293,69,2.31
383,482,70,64.45
786,885,70,45.49
688,787,70,45.29
590,689,71,87.07
83,182,71,70.11
283,382,72,34.42
482,581,73,64.15
787,886,73,49.97
582,681,73,47.09
684,783,73,21.71
392,492,73,14.22
689,788,74,51.9
182,281,74,68.45
885,984,74,47.06
381,480,74,34.49
785,884,74,33.55
682,781,74,27.96
685,784,74,20.06
382,481,75,54.51
683,782,75,25.33
886,985,76,52.16
788,887,77,51.85
281,380,77,65.5
581,680,77,44.36
492,591,77,41.03
481,580,78,52.17
984,1083,78,40.96
480,579,78,44.41
985,1084,79,59.34
681,780,79,26
293,393,79,11.11
579,678,80,71.85
887,986,80,47.74
591,690,80,49.01
884,983,80,27.32
83,82,80,8.85
680,779,81,46.85
781,880,81,20.64
678,777,82,75.29
780,879,82,60.23
580,679,82,44.07
380,479,82,30.9
784,883,82,19.09
779,878,83,76.19
986,1085,83,56.37
690,789,83,56.27
82,181,83,64.6
1084,1183,83,36.46
182,181,83,9
777,876,84,72.06
879,978,84,76.14
679,778,84,74.14
880,979,84,69.01
1083,1182,84,25.05
782,881,84,17.61
878,977,85,72.55
479,578,85,68.48
281,280,85,9.24
876,975,86,76.56
978,1077,86,75.09
778,877,86,73.96
979,1078,86,75.71
789,888,86,56.02
983,1082,86,24.12
977,1076,87,77
578,677,87,75.88
1085,1184,87,39.06
393,493,87,13.99
380,379,87,10.3
783,882,87,10.37
975,1074,88,76.64
1077,1176,88,77.01
877,976,88,74.28
1078,1177,88,76.46
1182,1281,88,37.55
1076,1175,89,77.02
677,776,89,72.49
888,987,89,51.07
1176,1275,90,76.33
976,1075,90,74.91
1177,1276,90,76.14
1281,1380,90,73.67
379,478,90,50.45
883,982,90,19.06
983,982,90,10.17
776,875,91,76.11
1074,1173,91,67.44
82,81,91,9.3
492,592,91,5.78
1175,1274,91,72.31
1075,1174,92,75.15
1276,1375,92,77
1380,1479,92,77
478,577,92,74.94
987,1086,92,47.74
1184,1283,92,30.79
493,593,92,24.25
1082,1181,92,26.8
1275,1374,92,71.06
881,980,93,17.32
1479,1578,94,75.33
577,676,94,73.22
1181,1280,94,75.46
81,180,94,48.33
1274,1373,94,50.94
1183,1282,94,13.94
181,180,94,9.12
980,1079,95,74.2
1174,1273,95,60.28
593,692,95,54.62
875,974,95,41.89
1173,1272,95,39.39
1375,1474,95,69.19
1578,1677,96,74.35
676,775,96,73
1280,1379,96,74.7
1086,1185,96,43.33
1283,1382,96,47.09
1374,1473,96,43.81
493,594,96,15.74
493,494,96,12
1082,1081,96,10.25
280,279,96,9.93
591,691,96,5.53
1079,1178,97,76.59
974,1073,97,74.11
775,874,98,74.49
1379,1478,98,75.58
1282,1381,98,43.87
593,693,98,18.9
379,378,98,9.99
882,981,98,13.56
1178,1277,99,73.81
1382,1481,99,47.42
1677,1776,99,67.84
1185,1284,99,56.08
1081,1180,99,66.4
1474,1573,99,46.68
1373,1472,99,31.04
690,790,99,5.28
874,973,100,78.87
1478,1577,100,77
1073,1172,100,53.36
1273,1372,100,28.56
493,394,100,11.22
1277,1376,101,76.99
1180,1279,101,75.45
1381,1480,101,61.28
378,477,101,67.2
1473,1572,101,31.04
81,80,101,10.06
1577,1676,102,77.02
1776,1875,102,61.17
1284,1383,102,60.29
981,1080,102,45.94
692,791,102,22.95
1272,1371,102,20.64
789,889,102,5.29
1376,1475,103,76.8
1279,1378,103,75.11
477,576,103,73.12
973,1072,103,64.8
1481,1580,103,43.97
693,792,103,34.58
1080,1179,104,76.93
1480,1579,104,69.07
1573,1672,104,32.1
1676,1775,104,71.95
1378,1477,105,76.63
576,675,105,71.56
1875,1974,105,63.33
1383,1482,105,61.22
80,179,105,38.36
1472,1571,105,25.05
180,179,105,9.93
888,988,105,5.46
1179,1278,106,75.83
1580,1679,106,66.58
279,278,106,10.24
1272,1271,106,10
1475,1574,106,69.14
293,294,106,2.74
1477,1576,107,76.1
675,774,107,77.01
1974,2073,107,73.83
1579,1678,107,70.15
1572,1671,107,24.56
1372,1471,107,22.33
1775,1874,107,57.33
987,1087,107,5.57
1278,1377,108,75.2
1679,1778,108,73.43
1072,1171,108,30.22
2073,2172,109,75.66
1571,1670,109,38.02
1672,1771,109,31.42
1371,1470,109,20.7
378,377,109,9.11
1576,1675,109,76.84
593,694,109,8.41
1377,1476,110,75.62
1778,1877,110,71.45
774,873,110,59.93
1671,1770,110,48.47
1678,1777,110,66.57
1574,1673,110,45.56
1482,1581,110,34.18
1874,1973,110,66.12
1086,1186,110,5.71
2172,2271,111,75.13
792,891,111,18.11
80,79,111,10.28
973,972,111,9.29
1877,1976,112,73.17
1186,1285,112,73.08
1973,2072,112,72.96
1470,1569,112,65.84
1670,1769,112,64.39
1771,1870,112,62.72
377,476,112,70.49
1471,1570,112,28.82
791,890,112,14.23
1371,1370,112,10.01
1476,1575,112,76.97
1675,1774,112,63.04
2271,2370,113,73.24
1770,1869,113,70.06
1777,1876,113,63.34
1581,1680,113,48.28
1072,1071,113,10.3
694,793,113,35.64
1870,1969,114,73.14
1569,1668,114,72.58
1769,1868,114,72.11
2072,2171,114,74.31
476,575,114,72.27
2370,2469,115,72.44
1869,1968,115,74.12
1680,1779,115,76.6
1976,2075,115,69.1
1285,1384,115,69.11
1370,1469,115,61.92
1570,1669,115,63.38
1575,1674,115,68.13
1673,1772,115,30.96
1171,1270,115,21.47
179,178,115,10.31
494,595,115,7.78
1774,1873,115,50.92
1969,2068,116,74.17
1868,1967,116,74.99
2171,2270,116,72.03
575,674,116,73.52
1876,1975,116,66.5
278,277,116,10.13
494,495,116,5.17
1968,2067,117,75.04
1779,1878,117,77.02
1469,1568,117,77.01
1668,1767,117,70.08
890,989,117,28.79
793,892,117,40.95
2270,2369,118,71.85
2068,2167,118,75.09
1967,2066,118,75.29
2469,2568,118,67.1
1669,1768,118,69.4
2075,2174,118,70.49
1384,1483,118,59.34
1772,1871,118,50.08
1270,1369,118,47.3
1171,1170,118,10.05
1873,1972,118,65.65
2067,2166,119,75.32
1878,1977,119,73.02
1767,1866,119,74.15
674,773,119,51.56
1975,2074,119,66.57
277,376,119,61.62
1674,1773,119,44.03
2174,2273,120,76.29
2167,2266,120,75.09
2066,2165,120,75.78
1768,1867,120,73.17
1369,1468,120,76.83
1568,1667,120,67.71
1972,2071,120,73.11
891,990,120,17.61
2369,2468,121,31.3
1871,1970,121,31.47
2568,2667,121,31.37
79,78,121,12.22
972,971,121,15.41
873,872,121,15.01
1482,1582,122,5.1
394,395,122,5.89
2166,2265,123,31.01
1977,2076,123,31.46
1866,1965,123,30.96
2074,2173,123,30.68
376,475,123,31.54
989,1088,123,25.89
1071,1070,123,14.62
476,475,123,14.52
1773,1872,124,26.37
1170,1269,124,23.82
178,177,124,15.35
1270,1269,124,15.43
2171,2170,124,14.86
575,574,124,14.34
1873,1872,124,15.25
2273,2372,125,29.93
2266,2365,125,31.09
2165,2264,125,30.81
1867,1966,125,31.11
1468,1567,125,31.11
1667,1766,125,31.48
2270,2269,125,14.89
1967,1966,125,13.95
277,276,125,15.24
294,194,125,6.39
293,194,125,3.07
2468,2567,126,31.51
1970,2069,126,31.54
2667,2766,126,31.49
872,871,126,23.51
2369,2368,126,15.06
2568,2567,126,15
1170,1169,126,14.8
1972,1971,126,14.67
892,991,126,16.22
1667,1666,127,14.39
1866,1865,127,13.74
376,375,127,14.61
2066,2065,127,13.78
2071,2070,127,14.84
1087,1187,127,4.45
2265,2364,128,30.7
2076,2175,128,30.59
1965,2064,128,30.84
2173,2272,128,30.25
2468,2467,128,14.79
2667,2666,128,14.42
2273,2272,128,12.95
2165,2164,128,13.6
1468,1467,128,13.88
1369,1368,128,11.71
294,295,128,5.11
694,794,128,4.77
574,673,129,29.86
971,970,129,13.76
773,772,129,11
990,1089,129,16.15
2372,2471,130,31.47
2264,2363,130,30.17
2365,2464,130,30.82
475,474,130,14.71
1070,1069,130,14.53
1581,1681,130,4.48
2766,2865,131,31.4
2069,2168,131,31.42
1169,1268,131,31.53
177,176,131,15.44
2170,2169,131,14.94
1965,1964,131,13.62
595,695,131,6.15
1666,1765,132,31.02
2372,2371,132,14.37
276,275,132,15.06
1187,1286,132,30.95
2269,2268,132,14.82
1567,1566,132,14.89
574,573,132,12.9
78,77,132,9.2
2175,2274,133,31.41
2064,2163,133,30.92
2467,2566,133,31.37
2164,2263,133,30.58
2364,2463,133,30.22
2666,2765,133,31.37
2567,2566,133,14.35
871,870,133,15.2
2368,2367,133,14.49
1169,1168,133,14.58
2264,2263,133,13.11
375,374,134,14.52
991,1090,134,19.02
793,893,134,4.5
2471,2570,135,31.48
1681,1780,135,31.5
772,771,135,17.62
1467,1466,135,15.22
1666,1665,135,13.79
1865,1864,135,13.55
892,992,135,5.44
2865,2964,136,31.28
2168,2267,136,31.24
1964,2063,136,30.87
2464,2563,136,27.24
2064,2063,136,13.7
2467,2466,136,14.19
1368,1367,136,13.76
2666,2665,136,14.2
1285,1385,136,3.91
2371,2470,137,31.53
2471,2470,137,14.39
2363,2462,137,23.04
474,473,137,14.73
1069,1068,137,15.44
970,969,137,14.16
2163,2262,138,30.01
2765,2864,138,31.17
2263,2362,138,29.09
573,672,138,25.79
176,175,138,15.29
1089,1188,138,17.57
1384,1484,138,4.24
294,195,138,4.93
771,770,139,29.43
2463,2562,139,24.4
2274,2373,139,27.4
275,274,139,14.59
1566,1565,139,14.6
77,76,139,15.19
1964,1963,139,13.65
1582,1682,139,6.17
1483,1583,139,4.8
2570,2669,140,30.09
1665,1764,140,30.29
1168,1267,140,23.24
1765,1764,140,13.17
1268,1267,140,11.8
2469,2569,140,3.97
2267,2366,141,31.24
2063,2162,141,30.82
2964,3063,141,33.86
2665,2764,141,31.24
1780,1879,141,26.53
992,1091,141,28.15
374,373,141,14.78
1090,1189,141,20.73
2163,2162,141,13
2566,2565,141,14.18
2765,2764,141,13.03
870,869,141,13.57
2466,2565,141,31.24
2367,2366,141,14.11
2462,2561,142,32.4
473,572,142,31.17
2563,2662,142,26.33
1466,1465,142,15.31
573,572,142,10.66
770,769,143,32.84
2864,2963,143,33.82
2362,2461,143,28.32
1188,1287,143,31.32
1068,1167,143,25.89
2964,2963,143,14.68
1367,1366,143,15.26
1665,1664,143,13.2
1864,1863,143,13.28
395,496,143,6.93
395,396,143,4.93
2373,2472,144,30.2
2562,2661,144,33.79
1963,2062,144,30.82
2262,2361,144,27.94
969,968,144,15.16
2063,2062,144,13.61
2665,2664,144,14.03
2568,2668,144,3.81
1878,1978,144,3.71
2466,2465,144,14.02
2669,2768,145,29.92
1682,1781,145,26.37
2864,2863,145,14.65
175,174,145,15
473,472,145,13.94
1189,1288,146,30.43
3063,3162,146,33.73
2162,2261,146,29.33
76,75,146,15.29
2662,2761,147,34.21
1465,1564,147,31.19
2561,2660,147,33.36
1091,1190,147,25.71
1267,1266,147,14.91
274,273,147,14.24
1963,1962,147,13.61
1565,1564,147,14.12
672,671,147,11.2
1068,1067,147,10.71
2963,3062,148,29.06
1664,1763,148,30.24
373,372,148,14.81
869,868,148,15.1
3063,3062,148,14.57
1764,1763,148,12.79
2764,2763,148,14.64
2076,2176,148,4.02
1977,2077,148,3.54
2668,2767,149,31.26
2661,2760,149,34.05
2062,2161,149,30.72
2465,2564,149,31.1
1287,1386,149,28.19
1465,1464,149,15.12
2162,2161,149,12.56
2565,2564,149,14.02
2768,2867,150,31.19
2863,2962,150,28.53
472,571,150,28.42
2461,2560,150,21
769,768,150,15.4
1366,1365,150,15.42
2561,2560,150,14.29
794,894,150,4.76
3162,3261,151,33.27
1781,1880,151,26
1863,1862,151,13.1
1167,1166,151,13.38
1664,1663,151,13.16
1962,2061,152,30.83
2761,2860,152,33.68
1288,1387,152,25.96
2261,2360,152,27.25
174,173,152,14.41
968,967,152,13.82
2361,2460,152,19.09
2062,2061,152,13.52
2660,2759,152,33.88
695,795,152,4.95
395,296,152,4.76
372,471,153,30.81
2176,2275,153,29.46
3062,3161,153,33.71
1190,1289,153,26.43
75,74,153,15.2
2763,2862,153,28.53
2664,2663,153,11.93
2767,2866,154,31.52
2760,2859,154,33.22
1464,1563,154,31.49
671,670,154,14.98
1266,1265,154,15.37
273,272,154,14.32
2660,2659,154,14.7
2867,2966,155,31.53
2962,3061,155,33.94
768,867,155,31.52
3062,3061,155,14.56
868,867,155,14.87
1962,1961,155,13.62
2261,2260,155,11.4
3261,3360,156,33.31
1663,1762,156,30.54
1464,1463,156,14.85
1386,1485,156,22.89
372,371,156,13.6
1763,1762,156,13.07
770,669,156,8.83
1582,1683,156,4.2
2061,2160,157,30.94
1880,1979,157,26.5
2962,2961,157,14.75
768,767,157,14.76
1365,1364,157,15.36
894,993,157,23.45
1067,1066,157,10.38
2560,2559,157,14.36
2763,2762,157,11.68
2759,2858,157,33.06
2275,2374,158,30.47
3161,3260,158,32.39
2860,2959,158,27.05
1387,1486,158,27.07
1166,1165,158,15.44
1484,1584,158,5.04
2866,2965,159,32.57
1563,1662,159,30.81
1289,1388,159,26.52
2360,2459,159,22.86
1663,1662,159,13.38
1862,1861,159,13.42
571,570,159,12.14
992,1092,159,4.34
2859,2958,159,33.54
2471,2571,159,3.55
2659,2758,159,33.98
2966,3065,160,31.39
3061,3160,160,32.91
867,966,160,30.1
1961,2060,160,31.08
74,73,160,14.97
173,172,160,13.82
2061,2060,160,13.72
2570,2670,160,4.11
1463,1562,161,31.51
371,470,161,30.33
3360,3459,161,34.36
1265,1264,161,15.42
2659,2658,161,14.79
2762,2861,162,30.54
767,866,162,29.82
2858,2957,162,34.27
1979,2078,162,31.48
272,271,162,13.87
496,596,162,5.35
1682,1782,162,4.51
2862,2861,162,12.19
3260,3359,163,33.82
1463,1462,163,14.47
3360,3359,163,15.16
669,668,163,15.41
3061,3060,163,13.97
1961,1960,163,13.85
2260,2359,163,18.14
2959,3058,163,33.53
1091,1191,163,4.57
2961,3060,163,28.02
2965,3064,164,30.9
2758,2857,164,33.8
1662,1761,164,30.71
2374,2473,164,27.36
2160,2259,164,23.41
1066,1065,164,15.06
1364,1363,164,15.31
2559,2558,164,15.29
2858,2857,164,15.06
371,370,164,13.22
1762,1761,164,13.59
1388,1487,164,31.51
2459,2558,164,32.68
2958,3057,164,34.16
3065,3164,165,34.08
3160,3259,165,32.75
2670,2769,165,29.07
2060,2159,165,31.79
3260,3259,165,14.65
1165,1164,165,15.44
767,766,165,12.88
2669,2769,165,4.13
1562,1661,166,30.82
2658,2757,166,34.42
3459,3558,166,33.67
2758,2757,166,14.64
2961,2960,166,11.44
866,965,167,29.05
2957,3056,167,34.74
1782,1881,167,30.54
470,569,167,27.54
2078,2177,167,31.14
172,171,167,14.48
570,569,167,13.86
2459,2458,167,13.85
595,696,167,2.74
3359,3458,168,34.44
1960,2059,168,28.67
1462,1561,168,31.38
2658,2657,168,15.23
3459,3458,168,14.41
1264,1263,168,15.39
3160,3159,168,13.87
73,72,168,14.11
2060,2059,168,13.37
1861,1860,168,11.21
3058,3157,168,33.74
2473,2572,169,30.88
3064,3163,169,33.91
370,469,169,35.32
2857,2956,169,34.83
1191,1290,169,27.06
2957,2956,169,15.66
271,270,169,14.83
3057,3156,169,34.75
3558,3657,170,38.11
3259,3358,170,34.05
766,865,170,29.59
2769,2868,170,30.02
3359,3358,170,15.26
668,667,170,14.95
795,895,170,5.72
2458,2557,171,35.9
1661,1760,171,30.7
2757,2856,171,34.74
2960,3059,171,33.22
1065,1064,171,15.43
1363,1362,171,15.1
370,369,171,15.39
2558,2557,171,15.86
2857,2856,171,15.83
1462,1461,171,14.21
3458,3557,172,36.4
3558,3557,172,17.18
3259,3258,172,14.85
1164,1163,172,15.42
1960,1959,172,11.75
894,994,172,4.75
2176,2276,172,4.19
2956,3055,173,35.92
2657,2756,173,34.85
2059,2158,173,31.86
1561,1660,173,30.59
1881,1980,173,23.84
569,568,173,18.4
2757,2756,173,15.65
2159,2258,173,20.19
766,765,173,12.73
2259,2358,173,17.48
1486,1585,173,9.89
3157,3256,173,34.99
1485,1585,173,5.93
1683,1783,173,6.15
2359,2358,173,10.81
195,94,173,4.06
3156,3255,173,39.66
3657,3756,174,40.54
2572,2671,174,31.54
3163,3262,174,33.09
965,964,174,15.11
2458,2457,174,15.75
171,170,174,15.32
2868,2967,175,31.11
3358,3457,175,34.74
1290,1389,175,27.1
2657,2656,175,15.87
3458,3457,175,16.06
1263,1262,175,15.22
72,71,175,14.92
1486,1586,175,6.14
3156,3155,175,18.28
2856,2955,176,34.83
369,468,176,31.89
1461,1560,176,31.19
3657,3656,176,18.94
3059,3158,176,32.92
2956,2955,176,15.76
270,269,176,14.99
2059,2058,176,13.4
1561,1560,176,13.42
3159,3158,176,14.21
1760,1859,177,25.83
2276,2375,177,30.93
3358,3357,177,15.04
667,666,177,14.47
3256,3355,177,40.74
1584,1684,177,5.37
3258,3357,177,33.66
3255,3354,177,38.75
3756,3855,178,39.33
2457,2556,178,38.67
1980,2079,178,30.73
765,864,178,31.18
1660,1759,178,30.01
2756,2855,178,34.74
1783,1882,178,30.26
3557,3556,178,16.78
2557,2556,178,16.22
2856,2855,178,15.83
1064,1063,178,15.35
1362,1361,178,14.77
865,864,178,13.69
3262,3361,179,33.66
2671,2770,179,29.01
568,567,179,19.17
1163,1162,179,15.2
994,1093,179,20.55
369,368,179,13.42
1461,1460,179,13.97
3258,3257,179,14.4
3255,3254,179,17.63
3656,3755,180,38.81
2967,3066,180,31.54
2656,2755,180,34.75
3756,3755,180,18.04
2457,2456,180,17.57
2258,2357,180,23.36
2756,2755,180,15.04
2158,2257,180,22.55
2556,2555,181,69.34
3855,3854,181,71.36
3556,3555,181,71.32
666,665,181,60.84
2058,2157,181,8.23
2058,2057,181,66.67
3656,3655,181,70.79
269,268,181,61.07
1560,1559,181,58.67
1389,1488,181,8.08
2656,2655,181,69.4
3457,3456,181,66.18
1262,1261,181,61.04
71,70,181,46.62
964,963,181,60.23
170,169,181,53.47
765,764,181,59.83
1660,1659,181,59.42
2158,2157,181,53.2
1959,1958,181,57.37
1487,1587,181,3.54
3357,3356,181,66.28
3755,3754,182,70.94
2456,2455,182,70.31
2755,2754,182,67.6
2257,2256,182,63.19
2357,2356,182,66.71
1162,1161,182,60.77
368,367,182,60.72
1460,1459,182,60.62
1759,1758,182,45.79
1063,1062,182,61.07
1361,1360,182,60.98
864,863,182,60.71
1859,1858,182,49.45
764,763,183,60.47
3655,3654,183,70.39
2655,2654,183,69.44
1958,1957,183,60.53
268,267,183,61.07
2157,2156,183,62.84
1559,1558,183,52.81
1261,1260,183,60.73
169,168,183,60.77
1659,1658,183,55.88
963,962,183,60.96
2555,2554,183,68.95
3854,3853,183,59.8
665,664,183,59.75
2057,2056,183,68.73
3555,3554,183,68.21
3355,3454,183,9.81
3456,3455,183,67.01
3754,3753,184,71.62
2455,2454,184,70.64
2754,2753,184,69.28
2256,2255,184,62.68
2356,2355,184,66.15
367,366,184,58.97
1459,1458,184,60.34
1758,1757,184,50.38
1161,1160,184,60.36
1062,1061,184,60.04
1360,1359,184,60.81
863,862,184,60.78
1858,1857,184,54.8
70,69,184,41.2
664,663,185,60.09
2056,2055,185,66.97
2654,2653,185,68.67
763,762,185,58.18
168,167,185,61.01
962,961,185,57.67
2554,2553,185,70.37
3853,3852,185,72.15
1957,1956,185,67.21
267,266,185,59.63
2156,2155,185,62.72
1558,1557,185,57.53
1260,1259,185,60.88
3654,3653,185,70.92
3454,3453,185,70.44
3554,3553,185,70.39
1061,1060,186,58.81
1757,1756,186,65.49
1160,1159,186,60.41
1458,1457,186,59.8
366,365,186,58.1
2255,2254,186,64.05
2753,2752,186,70.21
862,861,186,61.07
69,68,186,54.89
1359,1358,186,60.69
1658,1657,186,35.15
3855,3954,186,10.5
3753,3752,186,71.77
696,796,186,3.23
3360,3460,186,2.13
1259,1258,187,60.97
167,166,187,60.9
2653,2652,187,70.65
2055,2054,187,64.34
663,662,187,60.67
762,761,187,58.57
266,265,187,59.35
2155,2154,187,61.72
1557,1556,187,57.39
961,960,187,57.15
2553,2552,187,70.86
1956,1955,187,69.52
3852,3851,187,71.49
2955,2954,187,13.37
468,467,187,13.37
3553,3552,187,71.06
2375,2474,187,8.02
3155,3154,187,13.38
3055,3054,187,13.38
3653,3652,187,71.42
3354,3353,187,13.38
1358,1357,188,59.93
1159,1158,188,60.79
861,860,188,60.79
365,364,188,56.6
1457,1456,188,59.62
1756,1755,188,69.5
1060,1059,188,57.63
2752,2751,188,69.21
3954,3953,188,72.01
567,566,188,13.39
3254,3253,188,13.38
2079,2178,188,10.24
2855,2854,188,13.37
68,67,188,58.28
3752,3751,188,71.75
1092,1192,188,2.13
195,95,188,2.04
265,264,189,57.04
1955,1954,189,67.93
2154,2153,189,62.4
1556,1555,189,58.21
467,466,189,59.13
960,959,189,57.41
2552,2551,189,70.49
1258,1257,189,60.72
166,165,189,61.01
2652,2651,189,70.11
2054,2053,189,61.77
761,760,189,60.56
1657,1656,189,43.28
3652,3651,189,59.88
1586,1685,189,10.87
3552,3551,189,59.88
1456,1455,190,68.93
364,363,190,58.88
1158,1157,190,61.03
1357,1356,190,54.58
860,859,190,59.76
2751,2750,190,70.17
566,565,190,59.38
1755,1754,190,67.13
1059,1058,190,57.15
3953,3952,190,59.46
3751,3750,190,69.64
67,66,190,56.66
1191,1291,190,2.63
1257,1256,191,69.08
2551,2550,191,69.85
959,958,191,59.89
466,465,191,60.18
1555,1554,191,55.47
2153,2152,191,65.49
264,263,191,56.86
1656,1655,191,55.78
1954,1953,191,65.69
165,164,191,59.8
2651,2650,191,69.88
2053,2052,191,62.25
3651,3650,191,68.93
1455,1454,192,69.56
363,362,192,61.07
1754,1753,192,64.81
1157,1156,192,60.94
859,858,192,59.27
2750,2749,192,69.99
1356,1355,192,54.77
565,564,192,61.03
1058,1057,192,58.41
3952,3951,192,71.05
2454,2453,192,13.38
2355,2354,192,13.33
66,65,192,56.99
3750,3749,192,72.42
1256,1255,193,57.77
164,163,193,57.04
2550,2549,193,68.07
958,957,193,61.05
465,464,193,60.6
3650,3649,193,71.96
1554,1553,193,61.03
2152,2151,193,67.17
263,262,193,60.61
1953,1952,193,62.33
1655,1654,193,63.52
2650,2649,193,69.42
2052,2051,193,63.26
1857,1856,193,12.17
3453,3452,193,13.38
1057,1056,194,59.32
1753,1752,194,62.12
564,563,194,59.72
1355,1354,194,59.85
2749,2748,194,67.55
858,857,194,59.68
1156,1155,194,69.48
362,361,194,61
1454,1453,194,69.5
2254,2253,194,13.26
65,64,194,54.83
3749,3748,194,68
3065,3165,194,2.11
1952,1951,195,59.01
2151,2150,195,61.41
1553,1552,195,69.58
3649,3648,195,69.49
464,463,195,61.06
957,956,195,60.9
1856,1855,195,59.08
2549,2548,195,64.61
3452,3451,195,71.68
1654,1653,195,67.68
1255,1254,195,59.22
2649,2648,195,66.23
2051,2050,195,55.06
3154,3153,195,13.38
3353,3352,195,13.38
2954,2953,195,13.38
3054,3053,195,13.38
1587,1686,195,10.72
1882,1981,195,6.56
262,261,195,61.07
163,162,195,59.6
2177,2277,195,2.95
3851,3850,195,13.37
2769,2869,195,2.63
1056,1055,196,67.98
1752,1751,196,63.46
1453,1452,196,69.44
563,562,196,59.9
3748,3747,196,62.55
1354,1353,196,63
857,856,196,59.94
1155,1154,196,69.45
2854,2853,196,13.38
3253,3252,196,13.38
361,360,196,60.95
895,995,196,3.12
64,63,196,53.64
2648,2647,197,72.29
2050,2049,197,50.98
2548,2547,197,72.17
3451,3450,197,68.26
1653,1652,197,67.92
1254,1253,197,69.46
1951,1950,197,50.08
2150,2149,197,53.2
1552,1551,197,69.57
3648,3647,197,64.94
1855,1854,197,58.93
956,955,197,60.63
463,462,197,60.6
3551,3550,197,13.35
261,260,197,61.02
162,161,197,61.02
3850,3849,197,72.73
1055,1054,198,69.09
1751,1750,198,66.32
1452,1451,198,62.18
562,561,198,60.97
1353,1352,198,63.58
856,855,198,60.31
1154,1153,198,69.58
760,759,198,11.17
360,359,198,60.78
63,62,198,58.25
2547,2546,199,69.4
1652,1651,199,68.03
260,259,199,61.04
1253,1252,199,64.45
161,160,199,61.07
3550,3549,199,70.39
2049,2048,199,72.28
2647,2646,199,68.12
1854,1853,199,60.3
462,461,199,60.88
955,954,199,60.1
1950,1949,199,54.27
2149,2148,199,69.81
1551,1550,199,69.58
3849,3848,199,65.02
3954,4053,199,11.15
2753,2852,199,9.71
3749,3848,199,20.63
3558,3658,199,2.24
3459,3559,199,1.89
1054,1053,200,69.46
1451,1450,200,59.94
359,358,200,61.07
561,560,200,61.05
1352,1351,200,62.37
855,854,200,60.47
1153,1152,200,69.44
3748,3847,200,24.93
2453,2452,200,13.38
2354,2353,200,13.37
3951,3950,200,13.38
62,61,200,60.77
3549,3548,201,71.17
4053,4052,201,72.05
1853,1852,201,56.91
461,460,201,61.07
954,953,201,59.9
2852,2851,201,70.34
2148,2147,201,65.57
1651,1650,201,67.85
1949,1948,201,72.81
1252,1251,201,64.48
2048,2047,201,58.18
259,258,201,60.52
160,159,201,60.97
1053,1052,202,68.47
560,559,202,61.03
1152,1151,202,64.47
1351,1350,202,64.92
854,853,202,69.05
358,357,202,58.95
2253,2252,202,13.35
2748,2747,202,13.4
61,60,202,61.07
994,1094,202,2.79
3950,3949,202,72.82
3657,3757,202,2.49
3847,3846,202,70.27
3548,3547,203,65.71
1650,1649,203,68.91
4052,4051,203,70.21
1852,1851,203,54.38
2047,2046,203,63.94
2851,2850,203,69.85
2147,2146,203,61.96
1251,1250,203,61.01
953,952,203,70.85
3352,3351,203,13.39
2953,2952,203,13.38
3153,3152,203,13.38
3053,3052,203,13.38
460,459,203,61.05
1685,1784,203,10.88
2751,2850,203,9.69
258,257,203,55.1
159,158,203,56.9
296,196,203,2
1151,1150,204,60.96
1350,1349,204,72.81
559,558,204,60.95
1052,1051,204,67.41
2747,2746,204,69.56
1948,1947,204,46.24
2647,2746,204,20.52
3252,3251,204,13.39
3747,3746,204,13.88
3849,3948,204,23.13
357,356,204,50.32
853,852,204,69.25
2473,2573,204,2.05
60,59,204,60.61
3949,3948,204,62.89
3547,3546,205,70.23
2850,2849,205,67.17
1250,1249,205,71.98
2952,2951,205,71.01
3351,3350,205,69
1649,1648,205,72.67
1851,1850,205,55.32
3450,3449,205,13.35
3647,3646,205,13.88
2750,2849,205,9.59
662,661,205,5.83
3848,3947,205,24.93
952,951,205,71.21
2572,2672,205,2.4
459,458,205,61.07
2746,2745,206,56.68
558,557,206,60.93
3251,3250,206,69.47
1947,1946,206,55.12
852,851,206,58.37
158,157,206,46.92
257,256,206,48.75
59,58,206,53.3
2148,2247,206,22.7
1750,1749,206,13.35
1150,1149,206,70.31
1051,1050,206,60.04
2868,2968,206,2.38
951,950,207,72.69
3449,3448,207,72.63
2951,2950,207,69.75
1648,1647,207,52.66
3546,3545,207,72.24
1349,1348,207,44.24
2147,2246,207,25.33
2546,2545,207,13.61
2646,2645,207,13.62
1550,1549,207,13.37
1291,1390,207,8.6
1488,1588,207,3.92
2671,2771,207,2.77
3947,3946,207,70.23
2276,2376,207,2.55
458,457,207,60.32
2745,2744,208,72.78
1749,1748,208,72.82
1948,1847,208,21.14
2353,2352,208,13.38
1450,1449,208,13.39
2452,2451,208,13.38
2152,2251,208,8.39
851,850,208,59.16
1249,1248,208,39.66
1050,1049,208,65.74
557,556,208,53.04
1783,1883,208,2.57
3949,4048,208,24.7
1686,1785,208,10.97
3545,3544,209,72.34
1647,1646,209,71.79
2950,2949,209,63.29
3448,3447,209,66.67
2545,2544,209,72.82
2246,2245,209,72.05
1549,1548,209,70.16
2645,2644,209,59.14
58,57,209,44.12
157,156,209,45.94
950,949,209,50.03
2749,2848,209,8.52
1587,1687,209,3.63
1149,1148,209,39.64
356,355,209,22.28
2251,2250,210,66.08
2744,2743,210,71.91
2451,2450,210,69.88
1449,1448,210,51.67
1748,1747,210,62.06
3948,4047,210,24.93
3846,3845,210,13.64
2747,2846,210,19.1
1348,1347,210,41.7
3165,3264,210,9.33
850,849,210,56.22
4048,4047,210,65.02
457,456,210,39.72
2848,2847,211,72.65
3544,3543,211,71.55
2644,2643,211,72.62
2245,2244,211,72.79
3447,3446,211,70.72
1646,1645,211,71.63
2949,2948,211,66.65
2544,2543,211,59.52
1847,1846,211,43.8
256,255,211,22.33
1049,1048,211,42.44
2146,2145,211,13.67
2046,2045,211,13.63
3052,3051,211,13.38
4051,4050,211,13.38
3152,3151,211,13.39
1948,1848,211,10.65
1248,1247,211,38.96
3950,4049,211,13.4
556,555,211,34.19
2743,2742,212,68.04
2450,2449,212,67.56
1747,1746,212,58.06
2250,2249,212,57.99
2846,2845,212,72.18
1548,1547,212,47.93
57,56,212,44.99
4047,4046,212,69.87
849,848,212,50.17
1148,1147,212,40.15
2247,2346,212,24.62
3746,3745,212,13.61
3264,3263,212,69.12
4053,4152,212,11.2
2149,2248,212,9.49
3756,3856,212,2.36
949,948,212,47.71
2643,2642,213,71.89
3051,3050,213,69.67
1247,1246,213,58.23
3446,3445,213,72.44
3151,3150,213,69.61
2948,2947,213,72.8
3543,3542,213,72.16
2244,2243,213,72.35
2543,2542,213,72.57
1448,1447,213,45.49
1850,1849,213,13.04
3646,3645,213,13.61
3350,3349,213,13.28
2547,2446,213,9.3
496,497,213,1.25
2845,2844,214,71.79
2742,2741,214,65.75
1547,1546,214,72.66
4152,4151,214,69
2449,2448,214,63.94
2346,2345,214,72.48
156,155,214,22.35
355,354,214,22.28
3250,3249,214,13.23
1946,1945,214,13.7
1147,1146,214,57.48
4046,4045,214,70.79
1048,1047,214,44.16
2947,2946,215,55.73
3445,3444,215,72.58
3349,3348,215,72.79
3050,3049,215,62.12
2642,2641,215,65.94
2542,2541,215,71.13
2243,2242,215,71.83
56,55,215,47.32
948,947,215,48.09
1447,1446,215,59.49
1094,1193,215,11.11
561,660,215,8.56
1981,2080,215,7.13
456,455,215,22.28
848,847,215,49.14
3946,3945,215,13.72
4048,4147,215,23.13
795,896,215,1.68
3542,3541,215,72.58
2741,2740,216,65.75
1546,1545,216,72.25
3249,3248,216,72.44
4151,4150,216,71.92
2448,2447,216,72.69
2345,2344,216,72.8
2352,2351,216,13.38
759,758,216,5.65
555,554,216,22.29
255,254,216,22.31
354,353,216,69.32
4045,4044,216,71.16
155,154,216,54.92
1047,1046,216,57.38
396,397,216,1.21
496,597,216,1.57
2946,2945,217,55.78
2641,2640,217,66.54
3444,3443,217,72.29
3541,3540,217,72.13
2541,2540,217,66.92
2242,2241,217,60.16
3348,3347,217,68.51
1446,1445,217,65.94
2743,2842,217,20.59
2744,2843,217,16.11
3545,3644,217,15.28
560,659,217,8.51
947,946,217,58.09
4049,4148,217,25.86
4147,4146,217,69.99
55,54,217,58.42
847,846,217,58.39
2351,2350,218,68.5
154,153,218,64.41
3248,3247,218,54.42
1545,1544,218,72.63
2740,2739,218,62.24
254,253,218,67.63
353,352,218,51.09
4044,4043,218,70.26
758,757,218,60.11
4150,4149,218,70.55
1846,1845,218,14.31
3845,3844,218,13.72
3544,3643,218,16.67
1646,1745,218,16.56
1347,1346,218,13.74
2079,2179,218,2.46
3855,3955,218,2.43
554,553,218,69.48
2842,2841,219,66.88
2945,2944,219,70.26
3347,3346,219,70.24
3443,3442,219,55.81
659,658,219,60.11
4146,4145,219,70.96
54,53,219,62.96
846,845,219,67.54
2241,2240,219,72.34
3540,3539,219,71.71
2540,2539,219,69.28
2640,2639,219,67
1445,1444,219,65.37
2742,2841,219,22.56
2145,2144,219,13.45
2045,2044,219,13.45
1645,1644,219,14.11
559,658,219,8.39
2967,3067,219,2.15
3262,3362,219,2.06
2739,2738,220,62.22
3247,3246,220,55.06
2350,2349,220,63.98
757,756,220,59.77
352,351,220,60.37
3643,3642,220,72.3
3745,3744,220,13.65
2247,2347,220,7.3
553,552,220,56.88
455,454,220,22.28
658,657,221,60.17
3346,3345,221,72.1
2841,2840,221,63.84
845,844,221,68.98
2639,2638,221,67.22
2240,2239,221,72.72
2539,2538,221,70.18
3539,3538,221,70.13
2144,2143,221,72.45
1444,1443,221,72.82
253,252,221,39.64
2741,2840,221,22.56
3150,3149,221,13.11
2446,2445,221,13.56
558,657,221,8.37
4145,4144,221,70.88
1246,1245,221,13.4
1785,1884,221,11.09
3246,3245,222,55.69
2349,2348,222,63.05
756,755,222,60.37
351,350,222,68.94
53,52,222,39.1
153,152,222,31.82
2740,2839,222,25.14
1945,1944,222,13.46
2948,3047,222,13.72
2376,2475,222,10
454,453,222,60.9
1146,1145,222,13.39
1687,1786,222,11.12
3642,3641,222,72.76
2239,2238,223,72.48
2638,2637,223,69.51
844,843,223,68.62
2143,2142,223,72.12
3345,3344,223,56.66
2445,2444,223,72.8
2538,2537,223,70.43
3538,3537,223,71.37
657,656,223,60.13
3945,3944,223,13.77
3049,3048,223,13.37
552,551,223,47.4
4144,4143,223,69.76
4147,4246,223,18.64
350,349,224,69.47
3047,3046,224,55.36
2839,2838,224,56.68
3245,3244,224,55.71
3641,3640,224,72.74
252,251,224,47.28
2739,2838,224,25.15
4149,4248,224,25.8
2842,2941,224,21.62
2344,2343,224,13.41
4150,4249,224,18
2244,2343,224,11.64
755,754,224,61.92
1046,1045,224,13.39
4148,4247,224,21.52
453,452,224,70.1
4143,4142,225,69.05
2142,2141,225,71.69
551,550,225,54.5
3537,3536,225,72.6
2444,2443,225,72.64
3344,3343,225,56.43
843,842,225,67.6
2637,2636,225,72.13
2537,2536,225,71.18
2238,2237,225,70.98
2841,2940,225,24.02
2945,3044,225,18.34
946,945,225,13.38
3954,4054,225,2.6
656,655,225,53.8
4246,4245,225,70.7
3046,3045,226,55.99
349,348,226,67.59
3640,3639,226,72.44
3244,3243,226,55.47
251,250,226,64.18
452,451,226,52.64
152,151,226,29.27
52,51,226,32.78
2840,2939,226,30.31
3844,3843,226,13.88
1544,1543,226,13.73
1845,1844,226,13.55
1745,1744,226,13.98
1346,1345,226,13.41
4043,4042,226,13.88
3540,3639,226,16.44
2243,2342,226,10.95
1883,1982,226,7.9
3361,3461,226,2.13
754,753,226,60.84
842,841,227,69.72
2443,2442,227,59.93
550,549,227,68.12
2141,2140,227,59.82
4245,4244,227,70.23
3343,3342,227,55.73
3536,3535,227,72.73
2536,2535,227,59.66
2237,2236,227,71.51
2839,2938,227,28.36
1644,1643,227,13.91
2944,2943,227,13.88
2044,2043,227,13.41
3539,3638,227,18.48
4151,4250,227,11.05
4142,4141,227,70.22
1390,1489,227,7.24
3442,3441,227,13.64
3264,3363,227,8.63
995,1095,227,3.31
1389,1489,227,1.85
655,654,227,54.83
250,249,228,69.39
348,347,228,72.75
451,450,228,72.29
151,150,228,51.46
2738,2737,228,13.46
3744,3743,228,13.77
3643,3742,228,15.37
4152,4251,228,9.1
753,752,228,66.27
1192,1292,228,2.52
2178,2278,228,2.57
296,297,228,1.19
3638,3637,229,71.41
549,548,229,71.01
2535,2534,229,59.52
2236,2235,229,72.35
2938,2937,229,70.7
841,840,229,64.63
2442,2441,229,72.81
2140,2139,229,58.9
3535,3534,229,51.44
51,50,229,45.03
3149,3148,229,13.39
2240,2339,229,14.19
2541,2440,229,10.77
4244,4243,229,68.33
654,653,229,60.39
2277,2377,229,2.95
1443,1442,229,13.68
4144,4243,229,18.89
1245,1244,229,13.42
3441,3440,229,71.05
249,248,230,69.24
347,346,230,67.39
450,449,230,71.51
150,149,230,61.55
3742,3741,230,72.54
2940,3039,230,29.46
2941,3040,230,24.99
1944,1943,230,13.41
4249,4348,230,26.85
2241,2340,230,11.62
553,652,230,12.06
752,751,230,61.05
1145,1144,230,13.4
3637,3636,231,72.4
840,839,231,72.8
3440,3439,231,70.46
2139,2138,231,72.77
50,49,231,55.07
2339,2338,231,72.36
2440,2439,231,70.17
548,547,231,50.39
3148,3147,231,54.84
2534,2533,231,59.16
2235,2234,231,72.39
2937,2936,231,51.09
4248,4347,231,21.8
4143,4242,231,19.62
3944,3943,231,13.88
2239,2338,231,14.95
2242,2341,231,9.35
552,651,231,13.34
4243,4242,231,67.67
4246,4345,231,17.81
248,247,232,68.41
346,345,232,68.64
449,448,232,70.6
149,148,232,72.5
3039,3038,232,68.83
3741,3740,232,72.79
3534,3533,232,38.28
751,750,232,62.73
2939,3038,232,24.36
550,649,232,20.52
1045,1044,232,13.39
2637,2736,232,15.73
2238,2337,232,17.46
4247,4346,232,18.38
3460,3560,232,2.19
3636,3635,233,58.29
4242,4241,233,69.99
2533,2532,233,59.57
2234,2233,233,72.62
2936,2935,233,57.36
2439,2438,233,71.81
3147,3146,233,55.08
839,838,233,72.73
3439,3438,233,71.49
49,48,233,56.73
3044,3043,233,13.77
945,944,233,13.37
4245,4344,233,18.37
2636,2635,233,13.38
4142,4241,233,18.38
849,748,233,6.18
4345,4344,233,69.73
651,650,233,53.54
345,344,234,72.42
148,147,234,65.29
448,447,234,72.17
3740,3739,234,72.76
3038,3037,234,62.72
247,246,234,61.21
2337,2336,234,71.94
547,546,234,43.31
2937,3036,234,30.46
4250,4349,234,21.4
1844,1843,234,13.44
1744,1743,234,13.55
3243,3242,234,13.68
2237,2336,234,16.74
3640,3739,234,15.07
1543,1542,234,13.87
3067,3166,234,9.55
2842,2942,234,5.95
3843,3842,234,13.81
4244,4343,234,20.32
1345,1344,234,13.42
2869,2969,234,2.63
750,749,234,58.23
4042,4041,234,13.77
850,749,234,5.62
1588,1688,234,3.74
2935,2934,235,60.48
2532,2531,235,59.33
2438,2437,235,71.84
3146,3145,235,56.03
48,47,235,71.57
3438,3437,235,72.52
3533,3532,235,48.7
649,648,235,43.82
3040,3139,235,31.03
347,446,235,21.18
838,837,235,72.17
2043,2042,235,13.4
1643,1642,235,13.63
3342,3341,235,13.72
3639,3738,235,17.19
3045,3144,235,17.25
2233,2232,235,72.49
4241,4240,235,70.44
848,747,235,6.28
1786,1885,235,11.15
4141,4140,235,13.82
696,697,235,1.38
246,245,236,72.82
2336,2335,236,72.34
147,146,236,67.48
344,343,236,72.78
3635,3634,236,47.93
3638,3737,236,16.88
1884,1983,236,9.55
844,943,236,9.89
4243,4342,236,20.92
1344,1343,236,72.46
4343,4342,236,66.1
3437,3436,237,69.89
3532,3531,237,50.08
2437,2436,237,60.22
747,746,237,52.92
3139,3138,237,70.39
47,46,237,70.45
2934,2933,237,62.78
4240,4239,237,67.61
546,545,237,49.66
3533,3632,237,30.99
3040,3140,237,15.98
2937,2836,237,19.06
4348,4447,237,21.05
2940,3041,237,12.42
1094,1194,237,2.94
2232,2231,237,71.79
1442,1441,237,13.76
837,836,237,71.9
1244,1243,237,13.41
2335,2334,238,71.95
343,342,238,72.13
943,942,238,70.58
3737,3736,238,71.7
648,647,238,35.76
446,445,238,43.08
3038,3137,238,24.81
346,445,238,20.03
1943,1942,238,13.4
1144,1143,238,13.42
3742,3841,238,14.8
1343,1342,238,72.82
4053,4153,238,2.61
4342,4341,238,69.73
4239,4238,239,65.71
3436,3435,239,67.36
836,835,239,61.66
2933,2932,239,57.79
3531,3530,239,62.21
2231,2230,239,70.23
545,544,239,55.79
2836,2835,239,56.71
46,45,239,60.24
1243,1242,239,72.33
2436,2435,239,72.05
746,745,239,65.24
4447,4446,239,69.73
245,244,239,49.2
146,145,239,48.63
3634,3633,239,44.52
4347,4446,239,18.39
3943,3942,239,13.88
2138,2137,239,13.91
2838,2837,239,6.76
4345,4444,239,18.92
195,96,239,1.33
3736,3735,240,69.54
3841,3840,240,72.5
942,941,240,72.23
2334,2333,240,70.83
3137,3136,240,67.23
342,341,240,72.82
445,444,240,72.78
1143,1142,240,72.08
3632,3631,240,46.62
3037,3136,240,25.14
4344,4443,240,21.7
1044,1043,240,13.4
3533,3432,240,20.14
840,939,240,13.73
4251,4350,240,12.17
2535,2634,240,11.69
842,941,240,9.44
4349,4448,240,26.93
2475,2574,240,7.94
4346,4445,240,17.77
4341,4340,240,70.44
3140,3240,241,137.93
3041,3141,241,78.95
3138,3238,241,177.55
343,443,241,99.06
3139,3239,241,187.68
3560,3660,241,87.08
839,938,241,19.5
1292,1392,241,102.95
2278,2378,241,75.26
841,940,241,10.72
1982,2082,241,113.49
4349,4449,241,74.01
3067,3167,241,97.24
3955,4055,241,55.94
2080,2180,241,71.02
3856,3956,241,58.51
4152,4252,241,70.73
896,996,241,49.98
1390,1490,241,126.98
2376,2476,241,60.55
2968,3068,241,36.98
2573,2673,241,60.46
3264,3364,241,69.17
3757,3857,241,61.29
3559,3659,241,77.96
3658,3758,241,62.16
1981,2081,241,103.84
3165,3265,241,54.81
1291,1391,241,100.84
1488,1589,241,7.59
1688,1788,241,91.81
1786,1886,241,90.26
696,797,241,12.26
1095,1195,241,93.41
1687,1787,241,71.18
2377,2477,241,100.26
1983,2083,241,104.04
4343,4442,241,20.81
2179,2279,241,106.64
3239,3339,242,179.75
1391,1491,242,126.96
3240,3340,242,123.7
2180,2280,242,105.76
3136,3236,242,66.69
939,1039,242,62.14
4350,4450,242,69.8
2634,2734,242,58.93
3735,3835,242,53.17
2333,2433,242,50.48
2574,2674,242,72.43
4446,4546,242,53.63
835,935,242,61.53
4238,4338,242,59.16
3633,3733,242,49.82
3530,3630,242,58.3
3736,3836,242,68.95
4153,4253,242,53.63
942,1042,242,66.82
2334,2434,242,52.91
3137,3237,242,86.8
342,442,242,57.25
4239,4339,242,62.32
2231,2331,242,50.71
4447,4547,242,55.11
3634,3734,242,80.89
3737,3837,242,54.79
4240,4339,242,21.74
3738,3838,242,46.13
546,646,242,48.48
4448,4548,242,56.65
2969,3069,242,53.13
2942,3042,242,60.96
2532,2632,242,42.58
2635,2735,242,53.89
3740,3839,242,25.47
2533,2633,242,37.49
2534,2633,242,10.4
4251,4351,242,48.46
838,937,242,17.03
4445,4545,242,54.33
3363,3463,242,63.53
3461,3561,242,45.25
3166,3266,242,56.07
1884,1984,242,40.47
4444,4544,242,62.32
3362,3462,242,49.3
1193,1293,242,24.24
2233,2332,242,24.39
2230,2330,242,50.5
2771,2871,242,57.11
2672,2772,242,56.06
2475,2575,242,60.55
4340,4440,242,56.03
2477,2577,242,102.86
1392,1492,242,126.12
2378,2478,242,119.96
2770,2870,242,49.26
2279,2379,242,119.96
4443,4543,242,64.16
2232,2332,242,46.1
4341,4441,242,46.86
837,937,242,70.36
3237,3337,243,108.63
1293,1393,243,112.25
940,1040,243,58.63
4449,4549,243,67.51
2081,2181,243,87.21
3238,3338,243,66.46
996,1096,243,78.6
3141,3241,243,83.22
2577,2677,243,116.94
3659,3759,243,66.92
3167,3267,243,59.73
3660,3760,243,74.11
4055,4155,243,56.55
1788,1888,243,75.89
3840,3940,243,34.61
3364,3464,243,66.99
3841,3941,243,33.32
1194,1294,243,44.39
836,936,243,33.58
2772,2872,243,187.29
3632,3732,243,39.71
2531,2631,243,46.27
2478,2578,243,118.54
2936,3035,243,11.66
4442,4542,243,52.17
2379,2479,243,119.12
938,1038,243,70.36
2230,2229,243,11.02
1886,1986,243,75.57
1195,1295,243,91.22
2083,2183,243,78.05
1787,1887,243,91.03
1589,1689,243,86.29
2476,2576,243,57.15
2082,2182,243,98.04
2631,2731,244,148.3
2677,2777,244,121.26
3732,3832,244,110.8
2575,2675,244,58.29
3069,3169,244,54.83
2871,2971,244,60.06
2330,2430,244,57.75
4544,4644,244,64.26
4339,4439,244,60.7
2872,2972,244,203.13
4450,4550,244,74.01
2734,2834,244,58.35
1984,2084,244,82.06
2633,2733,244,58.93
3835,3935,244,75.61
4253,4353,244,56.69
3463,3563,244,54.77
4545,4645,244,56.4
2674,2774,244,67.09
3734,3834,244,78.51
2632,2732,244,56.03
4338,4438,244,58.9
3630,3730,244,64.85
3733,3833,244,92.72
935,1035,244,70.29
3042,3142,244,59.29
443,543,244,38.46
3068,3168,244,38.03
2578,2678,244,117.93
2673,2773,244,45.75
2870,2970,244,52.04
3631,3731,244,30.31
941,1041,244,31.39
341,441,244,29.11
1492,1592,244,94.01
835,834,244,8.07
4238,4237,244,8.62
3530,3529,244,8.83
4440,4540,244,60.7
545,645,244,24.77
4548,4648,244,55.89
3265,3365,244,38.27
3266,3366,244,62.95
4543,4643,244,66.41
4054,4154,244,19.73
2280,2380,244,74.08
1491,1591,244,72.5
1393,1493,244,126.02
4053,4154,244,25.34
1885,1985,244,22.87
1490,1590,244,49.32
3833,3933,245,149.42
3168,3268,245,138.31
3834,3934,245,111.59
3731,3831,245,107.82
1294,1394,245,75.69
3267,3367,245,76.96
1096,1196,245,93.82
1888,1988,245,58.22
2181,2281,245,66.06
1040,1140,245,60.65
4549,4649,245,63.99
936,1036,245,69.69
3836,3936,245,48.69
442,542,245,45.55
3462,3562,245,44.64
2479,2579,245,75.67
3561,3661,245,45.88
2331,2431,245,47.43
4351,4451,245,42.41
3839,3939,245,40.69
937,1037,245,35.31
3464,3564,245,62.37
3838,3938,245,37.02
3837,3937,245,35.47
4252,4352,245,25.58
544,644,245,23.09
3832,3932,245,109.13
2678,2778,245,108.88
2934,3034,245,21.4
1887,1987,245,76.6
4155,4255,245,55.23
3043,3143,245,21.14
1642,1742,245,20.16
4251,4352,245,26.66
2777,2877,245,121.26
1441,1541,245,20.64
2972,3072,245,203.44
2332,2432,245,45.04
3955,4056,245,24.58
1038,1138,245,66.32
3856,3957,245,23.71
1689,1789,245,87.02
3757,3858,245,22.73
2971,3071,245,208.2
2576,2676,245,58.95
4441,4541,245,47.27
4542,4642,245,56.14
2229,2329,245,81.72
2773,2873,245,106.95
1394,1494,246,123.51
3831,3931,246,140.05
3365,3465,246,62.26
543,643,246,60.28
3563,3663,246,55.41
3730,3830,246,54.49
4438,4538,246,61.34
4353,4453,246,63.63
4550,4650,246,78.93
1035,1135,246,70.2
441,541,246,65.76
3529,3629,246,69.48
4237,4337,246,56.88
4439,4539,246,65.94
2084,2184,246,75.14
4540,4640,246,66.07
1295,1395,246,38.7
2970,3070,246,56.03
3940,4040,246,37.82
1493,1593,246,93.87
4643,4743,246,65.6
1039,1139,246,30.74
3236,3336,246,28.22
797,897,246,24.77
2329,2429,246,108.83
3268,3368,246,188.04
341,440,246,24.54
341,340,246,18.12
4238,4337,246,21.14
3530,3629,246,21.44
3071,3171,246,204.7
4153,4254,246,25.31
2933,3033,246,16.25
3366,3466,246,72.23
2183,2283,246,39.27
4648,4748,246,55.63
3169,3269,246,65.67
2237,2136,246,4.64
2873,2973,246,106.93
2774,2874,246,62.03
2182,2282,246,42.17
2675,2775,246,53.35
296,197,246,4.1
3931,4031,247,112.23
3830,3930,247,144.74
3934,4034,247,53.13
3933,4033,247,68.54
3034,3134,247,71.27
2877,2977,247,85
4352,4452,247,67.86
3564,3664,247,68.58
3938,4038,247,52.24
3937,4037,247,54.5
4649,4749,247,66.69
1988,2088,247,87.71
3661,3761,247,81.98
3367,3467,247,95.59
1140,1240,247,58.76
542,642,247,83.45
3935,4035,247,39.93
2732,2832,247,35.45
2733,2833,247,47.07
3035,3135,247,25.11
4541,4641,247,53.12
1987,2087,247,86.36
1789,1889,247,50.26
3368,3468,247,121.47
3269,3369,247,213.11
4056,4156,247,55.23
4547,4647,247,21.07
4546,4646,247,20.62
3171,3271,247,121.14
1986,2086,247,27.44
2676,2776,247,72.66
2973,3073,247,100.56
4055,4156,247,24.38
835,934,247,20.28
3932,4032,247,86.69
2932,3032,247,15.96
3072,3172,247,95.2
4642,4742,247,57.88
1196,1296,247,93.41
3467,3567,248,114.69
642,742,248,114.43
3629,3729,248,68.16
4337,4437,248,62.73
1135,1235,248,67.41
4539,4639,248,74.1
1494,1594,248,87.09
440,540,248,83.87
541,641,248,97.28
4453,4553,248,64.3
4748,4848,248,57.99
4650,4750,248,85.51
4538,4638,248,65.94
3663,3763,248,99.35
2184,2284,248,53.34
643,743,248,50.15
1395,1495,248,84.69
2281,2381,248,47.69
3939,4039,248,44.2
644,744,248,40.93
1037,1137,248,35.95
1036,1136,248,35.42
3936,4036,248,43.49
4640,4740,248,73.04
3369,3469,248,184.83
4451,4551,248,45.06
3070,3170,248,57.99
2579,2679,248,41.14
1041,1141,248,32.25
2731,2831,248,29.4
3271,3371,248,110.59
3468,3568,248,184.8
3562,3662,248,47.02
3759,3859,248,22.85
2380,2480,248,31.76
3465,3565,248,67.37
4253,4354,248,24.33
3136,3235,248,18.45
1142,1241,248,19.16
2874,2974,248,59.1
341,241,248,13.41
3760,3860,248,23.44
145,144,248,3.98
3466,3566,248,84.53
2778,2878,248,42.95
1985,2085,248,30.02
497,598,248,12.52
1590,1690,248,26.9
641,741,249,107.67
1495,1595,249,101.13
3469,3569,249,153.97
4749,4849,249,66.96
3134,3234,249,86.06
4038,4138,249,51.36
3664,3764,249,61.45
4034,4134,249,52.65
934,1034,249,71.82
4037,4137,249,59.63
3930,4030,249,72.94
2088,2188,249,93.01
4035,4135,249,64.67
1240,1340,249,57
3033,3133,249,33.98
3371,3471,249,114.11
897,997,249,34.48
3568,3668,249,141.15
4641,4741,249,57.15
3567,3667,249,133.01
2283,2383,249,34.28
4645,4745,249,21.27
4644,4744,249,23.74
2429,2529,249,37.3
3172,3272,249,67.42
2974,3074,249,158.1
1592,1692,249,24.79
4742,4842,249,58.36
4031,4131,249,58.03
4032,4132,249,50.95
3073,3173,249,93.22
4155,4256,249,24.81
2775,2875,249,47.64
3761,3861,249,69.57
3566,3666,249,101.53
2776,2876,249,88.38
1138,1238,249,32.78
597,698,249,12.6
397,498,249,12.6
2430,2530,249,24.64
1296,1396,249,63.14
2876,2976,250,121.5
3569,3669,250,100.6
540,640,250,94.79
4750,4850,250,90.34
2085,2185,250,50.92
4638,4738,250,75.01
4036,4136,250,70.15
1137,1237,250,67.72
3662,3762,250,86.8
2381,2481,250,63.19
3235,3335,250,91.7
4551,4651,250,55.24
4639,4739,250,82.45
1136,1236,250,69.8
4553,4653,250,62.37
4437,4537,250,55.16
3729,3829,250,62.71
3667,3767,250,125.55
4033,4133,250,44.52
3074,3174,250,131.52
3170,3270,250,50.36
4740,4840,250,78.64
3666,3766,250,129.45
1139,1239,250,31.54
1541,1641,250,21.93
4255,4355,250,20.07
3957,4057,250,21.82
1742,1842,250,22.13
1235,1335,250,64.11
1595,1695,250,103.57
1594,1694,250,79.63
1591,1691,250,17.13
341,242,250,14.66
341,240,250,14.45
2282,2382,250,28.51
3565,3665,250,79.41
1690,1790,250,82.2
2139,2038,250,7.72
3858,3958,250,22.81
2087,2187,250,44
297,398,250,12.62
3764,3864,250,110.05
1593,1693,250,30.27
1889,1989,250,47.68
3829,3929,251,124.45
3864,3964,251,137.78
2976,3076,251,106.69
4256,4356,251,55.87
3861,3961,251,62.96
4135,4235,251,75.97
3270,3370,251,120.45
2188,2288,251,95.9
1034,1134,251,74.24
2383,2483,251,51.41
1340,1440,251,62.2
3234,3334,251,52.52
4132,4232,251,64.01
4030,4130,251,60.96
4134,4234,251,75.97
3668,3768,251,65.13
4039,4139,251,47.59
4741,4841,251,61.47
3471,3571,251,64.26
3032,3132,251,30.89
3173,3273,251,51.36
4451,4552,251,27.25
4743,4843,251,22.66
3272,3372,251,62.87
4353,4454,251,21.89
4237,4336,251,21.95
4056,4157,251,24.81
2284,2384,251,46
4131,4231,251,68.75
1396,1496,251,51.04
1238,1338,251,64.62
697,798,251,12.63
4648,4747,251,22.39
2139,2039,251,6.83
2236,2135,251,4.66
3763,3863,251,39.69
1692,1792,251,51.3
3929,4029,252,167.62
4739,4839,252,86.18
4537,4637,252,56.65
4355,4455,252,51.09
640,740,252,77.16
4738,4838,252,82.14
2185,2285,252,58.36
2382,2482,252,50.38
4850,4950,252,87.73
4653,4753,252,64.62
1237,1337,252,59.13
4136,4236,252,62.49
1236,1336,252,62.71
4133,4233,252,67.69
3174,3274,252,51.74
1989,2089,252,87.12
2530,2630,252,49.92
3133,3233,252,40.45
4651,4751,252,61.68
3766,3866,252,86.03
2977,3077,252,24.14
3370,3470,252,134.99
1335,1435,252,68.17
340,439,252,25.88
4646,4746,252,20.07
2529,2629,252,43.58
2875,2975,252,44.34
2480,2580,252,29.61
4840,4940,252,80.97
1496,1596,252,101.03
3435,3434,252,3.21
3665,3765,252,87.15
3762,3862,252,69.8
1691,1791,252,67.43
2232,2132,252,7.41
2630,2730,253,148.45
3964,4064,253,50.43
1134,1234,253,66.45
3076,3176,253,51.74
3961,4061,253,61.44
4232,4332,253,83.07
4336,4436,253,59.76
4157,4257,253,55.99
3863,3963,253,83.1
1440,1540,253,65.5
2384,2484,253,53.84
4235,4335,253,60.01
4356,4456,253,53.79
4231,4331,253,87.94
4234,4334,253,73.03
3470,3570,253,128.52
4552,4652,253,52.81
1790,1890,253,46.46
3768,3868,253,66.81
997,1097,253,31.91
3767,3867,253,36.31
3372,3472,253,56.94
2878,2978,253,23.87
1241,1341,253,21.11
4848,4948,253,22.15
2288,2388,253,89.51
2629,2729,253,154.13
1240,1341,253,24.23
4453,4554,253,21.64
4748,4847,253,21.56
2481,2581,253,42.79
3529,3628,253,17.5
4841,4941,253,65.07
1338,1438,253,70.36
797,898,253,12.6
1792,1892,253,51.6
1596,1696,253,165.13
2932,2931,253,3.55
2483,2583,253,52.69
4130,4230,253,71.23
1693,1793,253,35.06
2679,2779,253,23.58
840,739,253,5.65
3859,3959,253,22.33
3860,3960,253,22.85
2233,2133,253,6.63
2232,2131,253,8.34
1435,1535,254,70.92
1791,1891,254,72.66
1336,1436,254,63.44
4838,4938,254,88.45
2285,2385,254,52.32
4233,4333,254,79.1
3862,3962,254,61.93
4839,4939,254,89.08
4753,4853,254,65.76
3868,3968,254,186.2
4950,5050,254,88.04
2089,2189,254,97.17
4637,4737,254,65.94
3132,3232,254,37.45
3273,3373,254,39.07
2975,3075,254,51.2
3571,3671,254,46.79
4029,4129,254,72.79
4751,4851,254,64.02
1239,1339,254,32.47
4849,4949,254,24.61
2580,2680,254,50.19
4744,4844,254,22.91
1240,1339,254,21.91
3629,3728,254,17.94
340,339,254,13.9
4745,4845,254,21
4842,4942,254,21.73
4940,5040,254,83.69
2235,2134,254,4.64
3765,3865,254,91.51
2142,2041,254,4.49
2229,2328,254,13.93
2328,2428,255,185.06
3968,4068,255,208
4230,4330,255,88.32
4436,4536,255,58.03
4332,4432,255,86.45
3963,4063,255,55.82
4335,4435,255,50.64
4331,4431,255,97.97
1097,1197,255,55.89
1890,1990,255,69.51
4334,4434,255,55.63
1234,1334,255,63.42
4456,4556,255,50.16
2484,2584,255,59.06
1540,1640,255,64.97
4652,4752,255,52.18
4257,4357,255,56.11
4061,4161,255,64.48
3233,3333,255,47.39
3671,3771,255,189.23
1641,1741,255,22.96
3669,3769,255,24.67
4256,4357,255,24.6
2729,2829,255,82.9
3958,4058,255,22.9
4553,4654,255,22.34
4437,4536,255,22.55
2086,2186,255,14.23
1438,1538,255,75.55
2482,2582,255,41.73
45,44,255,2.63
297,298,255,6.1
4941,5041,255,68.92
4068,4168,256,128.5
3232,3332,256,83.02
1535,1635,256,73.7
1891,1991,256,93.96
3769,3869,256,182.21
4851,4951,256,70.3
3865,3965,256,60.43
2385,2485,256,55.9
1436,1536,256,72.26
3962,4062,256,71.43
5050,5150,256,88.04
4853,4953,256,66.01
4737,4837,256,77.6
4333,4433,256,70.55
2189,2289,256,93.82
2978,3078,256,49.22
3570,3670,256,42.24
1337,1437,256,31.33
3077,3177,256,27.67
3866,3966,256,25.16
439,539,256,29.97
1339,1439,256,68.09
3075,3175,256,74.78
3274,3374,256,31.76
2388,2488,256,37.88
5040,5140,256,84.6
934,1033,256,16.74
2581,2681,256,43.26
1892,1992,256,37.57
4129,4229,256,60.49
2583,2683,256,43.35
4939,5039,256,89.4
4843,4943,256,22.09
2680,2780,256,64.73
2139,2040,256,7.91
1694,1794,256,19.05
1695,1795,256,17.52
4942,5042,256,59.52
4938,5038,256,92.08
2230,2130,256,6.38
4062,4162,257,104.86
4168,4268,257,118.46
3966,4066,257,161.31
4654,4754,257,52.64
4536,4636,257,53.43
4161,4261,257,88.77
4357,4457,257,55.18
1640,1740,257,66.71
2584,2684,257,50.63
2428,2528,257,58.58
4434,4534,257,51.53
4432,4532,257,72.99
4330,4430,257,94.67
1990,2090,257,86.54
1197,1297,257,94.23
4435,4535,257,61.48
4431,4531,257,84.85
4063,4163,257,52.66
1334,1434,257,66.32
3728,3828,257,46.47
3771,3871,257,72.74
2730,2830,257,28.92
3472,3572,257,25.54
3867,3967,257,32.94
4157,4258,257,24.56
4356,4457,257,25.26
4537,4636,257,22.03
3571,3672,257,26.98
4653,4754,257,21.53
2779,2879,257,25.46
1538,1638,257,78.8
3373,3473,257,33.36
2829,2929,257,60.54
5041,5141,257,71.8
2731,2830,257,11.12
834,933,257,10.99
3533,3433,257,1.33
4066,4166,258,182.27
4268,4368,258,110.05
3967,4067,258,186.07
3672,3772,258,186.19
1991,2091,258,81.16
1536,1636,258,69.57
4953,5053,258,62.49
2485,2585,258,65.09
2780,2880,258,69.51
539,639,258,73.05
4433,4533,258,53.69
1033,1133,258,76.95
4229,4329,258,83.56
1635,1735,258,78.83
4951,5051,258,75.05
3869,3969,258,84.52
2289,2389,258,88.77
3078,3178,258,90.07
1437,1537,258,70.84
3670,3770,258,94.15
5150,5250,258,84.3
2186,2286,258,49.02
5140,5240,258,82.39
4556,4656,258,47.72
1439,1539,258,68.09
898,998,258,24.64
3374,3474,258,70.79
3175,3275,258,56.9
4064,4164,258,24.6
4837,4937,258,82.14
4948,5048,258,22.48
3961,4060,258,20.31
240,239,258,12.81
4943,5043,258,58.6
1034,1133,258,15.99
5042,5142,258,64.78
3960,4060,258,22.72
2582,2682,258,39.2
4746,4846,258,20
4455,4555,258,18.51
897,998,258,11.85
1795,1895,258,60.25
3959,4059,258,22.9
5039,5139,258,90.97
1793,1893,258,21.7
5038,5138,258,91.59
3473,3573,258,117.15
2932,3031,258,7.69
839,738,258,4.77
2681,2781,258,55.34
2683,2783,258,54.02
4847,4947,258,21.41
4368,4468,259,105.33
3969,4069,259,184.92
4067,4167,259,150.07
2090,2190,259,66.25
4162,4262,259,94.95
4457,4557,259,52.97
4534,4634,259,60.62
4535,4635,259,56.59
4430,4530,259,78.11
4532,4632,259,67.35
1740,1840,259,64.37
5141,5241,259,78.95
4754,4854,259,51.88
4636,4736,259,55.36
3828,3928,259,50.22
1297,1397,259,98.45
4531,4631,259,61.83
1434,1534,259,59.56
3871,3971,259,66.35
3177,3277,259,47.01
3474,3574,259,137.4
4554,4655,259,26.32
4949,5049,259,24.75
1638,1738,259,76.49
4456,4557,259,26.27
4257,4358,259,24.52
4258,4358,259,60.28
3176,3276,259,19.94
4753,4854,259,21.12
1134,1233,259,18.53
2929,3029,259,57.75
4751,4852,259,21.74
2684,2784,259,66.68
1992,2092,259,48.73
3573,3673,259,214.21
3432,3431,259,5.33
4844,4944,259,22.39
4845,4945,259,21.07
1696,1796,259,19.25
2230,2129,259,7.22
4167,4267,260,116.74
4069,4169,260,125.29
2091,2191,260,61.92
2781,2881,260,54.58
4937,5037,260,85.87
1537,1637,260,70.62
3574,3674,260,169.8
4656,4756,260,56.91
2389,2489,260,86.69
3770,3870,260,69.99
4164,4264,260,84.72
3178,3278,260,83.33
5051,5151,260,77.25
1735,1835,260,78.51
2286,2386,260,67.99
3772,3872,260,69.46
4329,4429,260,83.43
2783,2883,260,66.88
1539,1639,260,66.46
5240,5340,260,83.02
2585,2685,260,59.65
2880,2980,260,59.64
4533,4633,260,64.51
1636,1736,260,73.02
2528,2628,260,44.13
4261,4361,260,43.68
5250,5350,260,71.87
4058,4158,260,22.33
1741,1841,260,22.99
5142,5242,260,75.33
4060,4160,260,61.82
5043,5143,260,62.37
2879,2979,260,49.57
3673,3773,260,186.15
5139,5239,260,92.19
1794,1894,260,31.24
3032,3131,260,10.96
598,699,260,12.64
3529,3528,260,6.51
2187,2287,260,10.56
5138,5238,260,99.13
244,243,260,2.75
3530,3430,260,4.93
3674,3774,261,197.12
2628,2728,261,138.9
4267,4367,261,104.32
2092,2192,261,80.83
4557,4657,261,53.32
1840,1940,261,62.93
5241,5341,261,82.66
4632,4732,261,67.71
5049,5149,261,65.87
3928,4028,261,55.42
4358,4458,261,64.63
2190,2290,261,72.07
1233,1333,261,60.28
4736,4836,261,58.96
4468,4568,261,95.75
1397,1497,261,98.49
1534,1634,261,56.93
3277,3377,261,56.91
4634,4734,261,56.68
2682,2782,261,45.7
4166,4266,261,41.41
4854,4954,261,52.69
1895,1995,261,45.64
3965,4065,261,23.73
4654,4755,261,25.6
4357,4458,261,24.83
1738,1838,261,71.33
4556,4657,261,26.81
4853,4954,261,21.03
1234,1333,261,19.6
4169,4269,261,119.82
3029,3129,261,61.48
2784,2884,261,84.44
5239,5339,261,104.7
4029,4128,261,16.44
498,599,261,12.57
698,799,261,12.61
1796,1896,261,80.36
5238,5338,261,122.33
4655,4755,261,50.46
4129,4228,261,20.66
4065,4165,262,114.31
4264,4364,262,89.59
3278,3378,262,59.73
2881,2981,262,58.89
2489,2589,262,85.11
1736,1836,262,80.32
2685,2785,262,78.6
2980,3080,262,59.25
5037,5137,262,88.65
4633,4733,262,75.15
1637,1737,262,70.93
3870,3970,262,76.47
1639,1739,262,67.03
4756,4856,262,53.35
4429,4529,262,65.77
2191,2291,262,58.08
2386,2486,262,75.71
1835,1935,262,81.43
3872,3972,262,60.58
4631,4731,262,47.71
5338,5438,262,108.2
4635,4735,262,49.11
3276,3376,262,46.16
4530,4630,262,46.55
5151,5251,262,78.93
5350,5450,262,58.84
4163,4263,262,24.5
5242,5342,262,79.08
4160,4260,262,70.01
2883,2983,262,73.93
44,143,262,21.3
339,438,262,18.24
4269,4369,262,118.3
3773,3873,262,69.99
4851,4952,262,19.52
4853,4952,262,18.69
5340,5440,262,70.92
2979,3079,262,82.36
5143,5243,262,68.09
4943,5044,262,23.68
2829,2930,262,22.99
2829,2928,262,20.64
1497,1597,262,104.51
835,735,262,4.46
3970,4070,263,165.3
4165,4265,263,117.31
4458,4558,263,55.13
4367,4467,263,87.87
4657,4757,263,54.39
1634,1734,263,62.81
4228,4328,263,76.24
4732,4832,263,56.03
5341,5441,263,75.14
5149,5249,263,63.76
3129,3229,263,72.08
5339,5439,263,81.43
1333,1433,263,65.6
4734,4834,263,59.92
3774,3874,263,61.1
4361,4461,263,46.66
4954,5054,263,56.23
4846,4946,263,20.62
3971,4071,263,32.94
5053,5153,263,21.22
4947,5047,263,23
4457,4558,263,25.51
4059,4159,263,22.72
3131,3231,263,35.14
4754,4855,263,25.82
4369,4469,263,120.17
1838,1938,263,66.04
4953,5054,263,22.29
2884,2984,263,88.37
5048,5148,263,21.86
1894,1994,263,35.75
1334,1433,263,18.58
4836,4936,263,64.91
2488,2588,263,15.45
798,899,263,12.63
2192,2292,263,79.5
4755,4855,263,53.31
2929,3030,263,23.97
4568,4668,263,86.48
2290,2390,263,83.68
1597,1697,263,177.21
196,97,263,4.21
2981,3081,264,58.27
438,538,264,60.68
1737,1837,264,75.74
4263,4363,264,64.9
2291,2391,264,75.95
1739,1839,264,60.77
2928,3028,264,58.03
4733,4833,264,68.47
2486,2586,264,87.82
2785,2885,264,86.11
1836,1936,264,84.11
5137,5237,264,96.86
2782,2882,264,48.43
2983,3083,264,80.64
4266,4366,264,33.95
3377,3477,264,42.86
4262,4362,264,24.24
1995,2095,264,43.5
4469,4569,264,112.23
5440,5540,264,54.22
4945,5045,264,21.07
239,338,264,26.06
5450,5550,264,51.1
5342,5442,264,73.2
4260,4360,264,89.01
998,1098,264,19.75
5044,5144,264,60.42
3080,3180,264,65.87
1434,1533,264,20.99
4953,5052,264,19.93
3873,3973,264,55.88
4951,5052,264,17.96
5243,5343,264,65.74
3079,3179,264,92.06
1896,1996,264,49.48
3374,3475,264,19.36
5251,5351,264,81.21
4258,4359,264,23.09
5438,5538,264,56.65
2929,3028,264,21.64
240,140,264,7.69
1893,1993,264,19.91
2729,2828,264,13.64
4070,4170,264,109.86
3530,3429,264,5.62
838,737,264,3.89
2229,2228,264,4.85
4170,4270,265,113.31
5237,5337,265,126.12
4936,5036,265,69.51
1734,1834,265,64.74
3229,3329,265,85.37
4668,4768,265,83.49
5249,5349,265,57.88
4467,4567,265,81.12
2984,3084,265,61.63
5148,5248,265,56.99
4328,4428,265,73.17
4735,4835,265,48.25
3378,3478,265,45.79
4630,4730,265,37.34
4731,4831,265,45.74
4529,4629,265,37.33
3376,3476,265,49.63
4856,4956,265,43.77
3030,3130,265,56.4
1841,1941,265,23.7
4834,4934,265,59.95
4631,4730,265,24.81
4557,4658,265,25.4
4159,4259,265,62.65
4530,4629,265,25.09
239,238,265,14.87
3231,3331,265,78.05
4854,4955,265,25.59
539,638,265,16.36
5439,5539,265,50.78
3275,3375,265,15.65
3232,3331,265,13.6
898,999,265,12.6
2390,2490,265,83.42
2292,2392,265,75.47
4569,4669,265,104.43
3973,4073,265,119.59
5337,5437,266,126.34
2885,2985,266,62.75
4362,4462,266,61.91
3081,3181,266,55.84
3083,3183,266,64.49
1839,1939,266,58.4
3028,3128,266,56.08
2882,2982,266,59.26
4833,4933,266,51.19
2586,2686,266,85.73
2391,2491,266,80.36
1837,1937,266,79.18
3874,3974,266,46.88
4757,4857,266,49.8
4359,4459,266,73.77
4832,4932,266,43.08
1935,2035,266,27.19
5540,5640,266,65.4
2095,2195,266,79.58
4669,4769,266,101.15
5442,5542,266,64.53
5045,5145,266,58.11
5144,5244,266,58.3
4361,4462,266,27.01
4361,4460,266,25.06
4756,4857,266,25.4
3180,3280,266,69.51
3972,4072,266,30.93
4358,4459,266,21.53
1233,1332,266,20.73
1534,1633,266,21.93
1133,1232,266,19.78
1994,2094,266,41.18
5350,5451,266,23.59
5343,5443,266,57.89
3179,3279,266,97.64
1033,1132,266,15.2
5351,5451,266,73.49
3029,3128,266,20.3
240,141,266,8.85
4658,4758,267,56.31
5349,5449,267,54.57
4073,4173,267,87.81
4768,4868,267,80.32
5248,5348,267,56.73
5036,5136,267,75.33
1834,1934,267,72.26
4428,4528,267,57.25
5539,5639,267,55.56
3477,3577,267,44.72
1993,2093,267,39.04
5052,5152,267,44.75
5441,5541,267,28.92
4265,4365,267,31.05
3130,3230,267,72.94
4364,4464,267,23.92
4458,4559,267,24.84
4657,4758,267,25.08
2588,2688,267,31.8
4128,4227,267,25.26
2287,2387,267,15.09
4954,5055,267,24.49
2129,2128,267,13.28
4567,4667,267,76.35
5051,5152,267,17.28
5350,5449,267,21.25
4835,4935,267,56.31
1996,2096,267,49.06
2490,2590,267,84.81
44,43,267,8.74
5538,5638,267,47.99
240,139,267,8.65
834,833,267,4.49
835,736,267,5.23
835,734,267,5.09
4071,4171,267,26.34
298,399,267,12.62
4934,5034,267,56.65
837,736,267,3.95
4171,4271,268,103.51
3577,3677,268,149.05
2686,2786,268,76.2
2491,2591,268,75.06
1633,1733,268,55.15
4072,4172,268,90.14
3128,3228,268,57.2
2982,3082,268,71.39
5437,5537,268,79.58
2094,2194,268,79.58
3478,3578,268,45.31
4629,4729,268,35.84
4270,4370,268,36.31
4730,4830,268,41.85
4831,4931,268,41.02
3280,3380,268,73.64
1098,1198,268,27.12
4366,4466,268,29.82
1936,2036,268,26.55
4461,4561,268,23.14
2195,2295,268,60
5640,5740,268,80.36
3476,3576,268,36.7
5145,5245,268,59.37
4460,4560,268,50.21
5542,5642,268,68.64
4630,4729,268,26.05
4731,4830,268,25.26
4529,4628,268,26.05
4946,5046,268,21.67
4769,4869,268,94.6
4856,4957,268,27.39
3279,3379,268,82.9
5443,5543,268,58.12
3475,3575,268,27.92
5054,5154,268,20.18
5450,5551,268,26.03
5450,5549,268,23.87
5244,5344,268,58.3
5451,5551,268,56.89
5047,5147,268,23.19
498,499,268,5.43
5153,5253,268,20.71
4370,4470,269,119.87
3575,3675,269,138.9
3677,3777,269,189.4
4935,5035,269,66.07
2093,2193,269,79.33
4173,4273,269,94.01
4868,4968,269,80.32
2096,2196,269,79.25
5034,5134,269,60.2
1934,2034,269,71.93
5136,5236,269,88.59
3230,3330,269,84.29
4667,4767,269,71.13
3181,3281,269,48.88
4932,5032,269,41.4
3576,3676,269,122.32
999,1099,269,29.84
4227,4327,269,64.75
3084,3184,269,30.09
4933,5033,269,44.79
4363,4463,269,24.28
4757,4858,269,26.36
4558,4659,269,26.85
3183,3283,269,35.18
438,537,269,20.59
2928,3027,269,21.54
2589,2689,269,15.9
5348,5448,269,53.34
1333,1432,269,18.83
4128,4127,269,12.56
5151,5252,269,16.78
2590,2690,269,78.12
2392,2492,269,30.7
5236,5336,270,118.42
4470,4570,270,123.39
5046,5146,270,61.68
5537,5637,270,55.16
4466,4566,270,76.71
3578,3678,270,60.04
2591,2691,270,93.01
2194,2294,270,79.43
3082,3182,270,65.87
4172,4272,270,97.08
3228,3328,270,66.13
1733,1833,270,60.83
3676,3776,270,173.29
5154,5254,270,56.31
3380,3480,270,61.96
2985,3085,270,25.07
1937,2037,270,27.52
5642,5742,270,72.91
5245,5345,270,62.1
1533,1632,270,25.06
2688,2788,270,42.25
1697,1797,270,16.27
3379,3479,270,57.76
3675,3775,270,181.02
5148,5247,270,21.91
4869,4969,270,87.87
2387,2487,270,40.31
5147,5247,270,59.97
5045,5146,270,23.85
5344,5444,270,56.31
5550,5650,270,18.5
5343,5444,270,23.92
2130,2030,270,7.46
5538,5637,270,24.74
5055,5155,270,46.4
1696,1797,270,8.46
4272,4372,271,105.03
5336,5436,271,126.34
4273,4373,271,99.41
5134,5234,271,68.72
4767,4867,271,71.13
5035,5135,271,68.84
537,637,271,63.21
2193,2293,271,79.25
2786,2886,271,39.38
4729,4829,271,41.23
4628,4728,271,36.23
4931,5031,271,41.4
4271,4371,271,34.35
1198,1298,271,45.32
4830,4930,271,41.57
4327,4427,271,75.99
4365,4465,271,27.53
3974,4074,271,24.42
2295,2395,271,47.22
5541,5641,271,30.53
4462,4562,271,21.14
5740,5840,271,43.75
4658,4759,271,24.46
4629,4728,271,25.96
4730,4829,271,25.88
4831,4930,271,25.96
3028,3127,271,22.23
3281,3381,271,50.83
538,637,271,21.81
4956,5056,271,17.44
5540,5641,271,21.25
2828,2927,271,20.74
5639,5739,271,28.7
2492,2592,271,55.94
933,1032,271,10.31
4955,5056,271,27.18
5033,5133,271,50.78
5251,5352,271,16.13
4570,4670,271,118.93
4373,4473,272,100.25
4670,4770,272,111.61
1797,1897,272,79.86
1632,1732,272,70.55
5146,5246,272,62.81
3678,3778,272,62.85
1833,1933,272,64.81
2691,2791,272,85.88
3777,3877,272,35.94
4968,5068,272,39.22
5032,5132,272,46.53
5254,5354,272,67.87
5840,5940,272,109.32
4371,4471,272,112.53
4464,4564,272,23.26
5345,5445,272,59.75
3775,3875,272,50.22
4566,4666,272,73.45
238,337,272,20.85
5248,5347,272,22
2788,2888,272,72.66
4428,4527,272,21.82
2395,2495,272,118.83
5444,5544,272,53.13
5247,5347,272,59.77
2487,2587,272,90.47
5543,5643,272,28.89
699,800,272,12.64
5443,5544,272,23.84
2129,2029,272,8.06
239,138,272,10.49
5451,5552,272,24.26
5638,5738,272,21.08
5351,5452,272,18.46
3628,3727,272,7.45
197,198,272,3.95
297,198,272,3.98
4770,4870,273,104.73
5436,5536,273,95.4
1298,1398,273,69.92
4867,4967,273,71.62
2592,2692,273,94.65
5234,5334,273,85.12
5135,5235,273,76.5
3480,3580,273,44.99
3085,3185,273,43.23
3182,3282,273,44.99
1099,1199,273,31.91
5940,6040,273,127.76
3776,3876,273,44.3
2196,2296,273,27.17
5742,5842,273,34.29
3479,3579,273,45.72
4561,4661,273,22.09
5253,5353,273,20.24
3283,3383,273,26.91
2689,2789,273,32.15
4528,4627,273,26
2587,2687,273,102.31
3128,3227,273,21.84
4560,4660,273,21.38
5155,5255,273,48.59
4969,5069,273,41.23
1533,1532,273,12.25
3127,3227,273,51.02
5549,5649,273,20.51
4471,4571,273,116.14
599,700,273,12.64
799,900,273,12.62
2130,2031,273,8.61
5133,5233,273,62.33
5055,5156,273,27.05
298,299,273,5.68
2296,2396,274,121.01
2789,2889,274,122.8
1732,1832,274,73.75
1897,1997,274,72.23
337,437,274,54.93
1933,2033,274,66.82
5132,5232,274,55.46
5246,5346,274,64.1
4473,4573,274,97.13
4372,4472,274,33.93
4728,4828,274,41.69
2293,2393,274,39.35
4930,5030,274,41.22
4829,4929,274,41.74
5739,5839,274,39.36
5031,5131,274,43.52
3328,3428,274,26.94
4858,4958,274,20.28
3381,3481,274,46.33
4463,4563,274,20.42
4729,4828,274,25.94
4628,4727,274,25.99
4957,5057,274,18.7
4931,5030,274,25.93
4830,4929,274,25.91
2495,2595,274,62.55
1132,1231,274,18.13
5641,5741,274,35.29
4666,4766,274,70.39
5448,5548,274,20.32
5445,5545,274,52.45
2888,2988,274,97.36
5347,5447,274,53.56
3184,3284,274,23.23
5348,5447,274,23.16
4571,4671,274,112.23
5551,5651,274,18.04
5738,5838,274,60.91
2690,2790,274,24.45
2889,2989,275,126.47
5839,5939,275,105.92
4671,4771,275,112.23
4472,4572,275,106.2
5536,5636,275,65.49
1398,1498,275,76.12
4967,5067,275,72.09
2692,2792,275,89.51
3185,3285,275,81.54
4870,4970,275,94.3
5334,5434,275,95.61
5235,5335,275,99.02
3727,3827,275,48.45
5068,5168,275,39.63
4465,4565,275,26.79
2886,2986,275,26.2
5637,5737,275,21.24
5842,5942,275,79.18
5537,5636,275,22.55
3875,3975,275,41.2
5255,5355,275,59.74
5069,5169,275,89.29
4073,4174,275,14.44
4227,4326,275,19.13
4127,4226,275,25.58
899,1000,275,12.48
3027,3126,275,25.13
2129,2028,275,9.05
5233,5333,275,76.48
3728,3827,275,7.06
2132,2032,275,4.46
3827,3927,276,215.08
5335,5435,276,115.72
4771,4871,276,109.02
3285,3385,276,105.68
4572,4672,276,105.62
1832,1932,276,71.02
1997,2097,276,71.8
4573,4673,276,93.57
2790,2890,276,68.01
5232,5332,276,67.57
5346,5446,276,57.45
6040,6140,276,43.09
1199,1299,276,35.5
3282,3382,276,37.75
3579,3679,276,48.43
3778,3878,276,25.09
3383,3483,276,34.25
5156,5256,276,49.9
4562,4662,276,20.71
5650,5750,276,18.03
2687,2787,276,46.33
3228,3327,276,18.64
5643,5743,276,28.02
2595,2695,276,83.16
4759,4859,276,21.45
2396,2496,276,94.76
5642,5743,276,18.65
5155,5256,276,26.63
4766,4866,276,68.65
2828,2827,276,8.36
2988,3088,276,96.45
3088,3188,277,122.8
2890,2990,277,125.43
6140,6240,277,113.59
4672,4772,277,108.42
2986,3086,277,74.58
5169,5269,277,86.75
4970,5070,277,88.73
5434,5534,277,99.69
1498,1598,277,68.68
2989,3089,277,92.43
5939,6039,277,60.82
5131,5231,277,49.58
2393,2493,277,34.56
1231,1331,277,38.58
4828,4928,277,44.15
4929,5029,277,41.03
3876,3976,277,27.9
3580,3680,277,26.83
5168,5268,277,81.38
4564,4664,277,23.06
5354,5454,277,23.15
2791,2891,277,23.18
4728,4827,277,25.9
4326,4426,277,79.07
2927,3026,277,24.65
5838,5938,277,39.63
4930,5029,277,25.94
4829,4928,277,25.89
5031,5130,277,25.66
537,636,277,19.68
4727,4827,277,39.63
5741,5841,277,39.54
5544,5644,277,24.87
999,1100,277,12.28
238,237,277,8.43
3127,3226,277,23.9
4127,4126,277,13.13
3385,3485,277,110.79
5333,5433,277,83.43
3927,4027,277,182.4
2990,3090,278,125.3
3086,3186,278,123.85
4772,4872,278,112.23
4866,4966,278,66.95
4673,4773,278,90.65
2097,2197,278,79.22
5332,5432,278,72.77
5435,5535,278,99.93
5737,5837,278,49.69
3481,3581,278,28.47
3485,3585,278,123.28
5649,5749,278,20.63
5446,5546,278,52.6
5938,6038,278,107.76
4661,4761,278,22.95
5067,5167,278,33.75
5942,6042,278,40.2
4527,4626,278,26.02
2695,2795,278,52.5
4427,4526,278,21.92
2496,2596,278,54.52
4660,4760,278,21.64
4173,4274,278,13.09
2128,2227,278,13.41
3188,3288,278,101.27
5352,5453,278,23.14
3284,3384,278,28.32
5445,5546,278,25.66
2792,2892,278,47.37
143,142,278,6.31
2294,2394,278,14.11
241,142,278,4.86
2227,2327,279,214.08
2891,2991,279,86.09
3585,3685,279,123.47
5070,5170,279,89.56
5534,5634,279,76.44
6240,6340,279,99.13
3089,3189,279,92.52
2493,2593,279,67.12
1598,1698,279,52.29
1331,1431,279,51.7
1299,1399,279,40.7
4871,4971,279,47.74
3679,3779,279,33.84
3483,3583,279,49.77
4565,4665,279,25.93
5256,5356,279,49.35
4563,4663,279,20.98
4958,5058,279,20.76
4627,4726,279,25.51
337,436,279,22.63
3186,3286,279,119.96
5269,5369,279,86.75
5156,5257,279,26.33
1632,1731,279,17.15
5355,5455,279,25.32
5552,5652,279,16.25
5545,5645,279,24.08
5452,5553,279,21.47
5548,5648,279,21.34
5268,5368,279,78.83
399,500,279,12.51
4566,4665,279,16.23
599,600,279,5.88
2991,3091,280,125.01
1731,1831,280,142.04
2327,2427,280,148.38
3090,3190,280,98.56
4274,4374,280,86.56
5837,5937,280,67.86
5535,5635,280,69.2
4872,4972,280,53.71
2394,2494,280,68.04
4773,4873,280,93.57
5432,5532,280,71.07
5029,5129,280,44.31
4928,5028,280,43.72
3382,3482,280,28.1
3286,3386,280,116.35
5636,5736,280,24.33
5131,5230,280,24.32
3975,4075,280,22.3
5057,5157,280,19.06
4828,4927,280,25.56
4929,5028,280,25.96
5743,5843,280,28.19
2927,2926,280,11.7
2596,2696,280,80.83
3685,3785,280,120.23
3288,3388,280,53.35
6039,6139,280,48.32
3384,3484,280,55.62
4827,4927,280,44.31
5841,5941,280,45
5447,5547,280,19.81
4727,4826,280,26.04
4966,5066,280,65.3
97,98,280,6.05
1697,1798,280,8.38
5433,5533,280,42.88
5651,5751,280,18.38
1831,1931,281,108.25
4972,5072,281,114.27
2427,2527,281,142.46
6340,6440,281,90.78
1431,1531,281,68.99
4971,5071,281,94.89
2593,2693,281,83.89
436,536,281,54.87
3189,3289,281,55.4
5170,5270,281,90.11
5356,5456,281,55.49
6042,6142,281,35.81
5737,5836,281,24.29
437,536,281,22.6
4662,4762,281,22.63
2795,2895,281,37.87
3583,3683,281,62.47
4665,4765,281,67.66
1032,1131,281,14.5
2787,2887,281,23.92
1099,1200,281,12.09
5941,6041,281,103.8
4859,4959,281,20.85
4226,4325,281,24.41
3327,3427,281,22.91
138,137,281,12.41
1132,1131,281,6.84
3484,3584,281,105.32
4666,4765,281,17.2
6038,6138,281,47.42
5553,5653,281,62.77
3386,3486,281,113.22
5072,5172,282,111.92
5230,5330,282,64.24
3091,3191,282,93.32
1798,1898,282,79.28
2494,2594,282,64.73
4374,4474,282,85.02
3190,3290,282,50.58
1399,1499,282,44.45
5652,5752,282,45.46
4664,4764,282,22.54
3226,3326,282,22.84
3680,3780,282,20.22
5231,5331,282,21.8
5532,5632,282,66.58
3878,3978,282,17.33
5256,5357,282,26.46
2028,2127,282,22.39
5369,5469,282,39.63
2527,2627,282,135.42
5232,5331,282,18.15
3877,3977,282,10.47
3785,3885,282,84.73
5644,5744,282,23.96
5842,5943,282,16.7
3486,3586,282,119.96
3388,3488,282,57.01
5368,5468,282,39.05
2892,2992,282,30.84
3584,3684,282,122.43
5750,5850,282,19.58
139,39,282,6.7
735,635,282,5.03
4766,4865,282,17.78
2628,2727,282,6.55
5172,5272,283,106.78
5270,5370,283,85.07
2895,2995,283,98.68
5836,5936,283,64.85
5071,5171,283,92.47
2693,2793,283,87.36
1531,1631,283,68.12
4873,4973,283,41.91
5937,6037,283,46.67
5456,5556,283,70.17
3581,3681,283,24.77
5029,5128,283,25.53
5749,5849,283,21.15
5454,5554,283,17.19
4928,5027,283,25.63
4325,4425,283,68.35
4761,4861,283,22.46
3683,3783,283,84.96
6139,6239,283,47.58
2887,2987,283,58.43
337,336,283,9.72
2696,2796,283,35.66
4760,4860,283,21.88
4827,4926,283,25.53
6138,6238,283,55.45
3586,3686,283,124.86
3684,3784,283,120.49
5533,5633,283,36.43
933,932,283,3.93
5167,5267,283,24.44
5272,5372,284,102.1
6037,6137,284,143.4
4865,4965,284,64.16
5330,5430,284,69.58
3191,3291,284,54.95
4474,4574,284,83.02
2594,2694,284,76.37
1898,1998,284,72.23
6142,6242,284,35.78
5635,5735,284,25.31
3482,3582,284,26.78
6239,6339,284,115.3
4764,4864,284,61.68
3779,3879,284,20.14
5634,5734,284,24.52
3488,3588,284,53.23
4663,4763,284,21.56
2197,2297,284,19.25
3784,3884,284,120.23
4866,4965,284,18.36
5058,5158,284,20.44
5546,5646,284,19.87
4426,4525,284,21.94
4526,4625,284,25.99
4473,4574,284,12.49
5455,5555,284,22.72
5632,5732,284,54.59
2992,3092,284,80.2
4226,4225,284,11.41
3289,3389,284,43.63
5648,5748,284,22.15
2987,3087,284,115.4
5066,5166,284,31.22
4626,4725,284,25.98
2297,2397,285,124.38
5554,5654,285,51.97
5936,6036,285,81.43
4973,5073,285,81.27
2995,3095,285,90.57
5171,5271,285,93.57
2793,2893,285,87.97
1499,1599,285,46.5
3783,3883,285,98.19
5752,5852,285,44.65
3978,4078,285,37.42
5468,5568,285,42.11
4075,4175,285,22.53
5943,6043,285,35
5652,5753,285,27.19
5356,5457,285,24.73
3290,3390,285,45.72
5469,5569,285,41.04
5332,5431,285,16.44
3976,4076,285,14.22
2796,2896,285,51.2
4573,4674,285,13.18
5645,5745,285,18.82
3885,3985,285,42.67
299,400,285,12.53
5547,5647,285,20.49
4127,4026,285,8.92
140,40,285,4.88
3087,3187,285,126.47
6137,6237,286,50.27
2694,2794,286,81.27
1998,2098,286,80.1
5372,5472,286,97.77
5430,5530,286,67.62
5735,5835,286,52.31
3883,3983,286,184.9
4965,5065,286,62.59
4763,4863,286,59.75
3681,3781,286,37.3
5370,5470,286,38.64
3686,3786,286,46.74
3588,3688,286,71.13
3780,3880,286,31.37
4864,4964,286,61.91
2896,2996,286,118.24
2926,3025,286,24.37
5129,5229,286,19.21
5751,5851,286,19.13
436,535,286,22.65
5158,5258,286,50.8
4762,4862,286,22.79
2827,2826,286,10.79
3092,3192,286,80.94
2028,2027,286,9.53
1199,1300,286,11.75
5744,5844,286,25.83
4959,5059,286,21.4
3291,3391,286,54.63
3427,3527,286,21.08
138,38,286,7.38
3884,3984,286,97.45
4966,5065,286,18.93
139,38,286,7.57
3389,3489,286,84.5
3187,3287,286,125.91
3983,4083,287,184.96
5271,5371,287,91.95
4674,4774,287,70.46
5457,5557,287,51.06
5654,5754,287,61.12
3688,3788,287,116.84
3095,3195,287,96.32
5073,5173,287,78.96
4078,4178,287,53.13
3879,3979,287,34.71
5734,5834,287,40.38
5732,5832,287,49.67
3390,3490,287,75.67
5633,5733,287,25.92
3326,3426,287,21.27
5850,5950,287,21.12
5556,5656,287,25.8
3977,4077,287,21.49
3489,3589,287,101.6
5569,5669,287,88.61
5267,5367,287,32.82
5432,5531,287,16.98
3582,3682,287,44.06
4673,4774,287,13.8
2893,2993,287,72.01
2030,1930,287,6.06
5268,5367,287,14.68
735,634,287,5.73
4083,4183,288,185.1
5470,5570,288,80.66
3287,3387,288,86.32
5472,5572,288,97.44
2098,2198,288,77.75
3781,3881,288,52.38
4863,4963,288,59.97
6036,6136,288,35.45
3490,3590,288,100.18
2397,2497,288,47.42
2996,3096,288,77.35
5752,5853,288,27.3
4862,4962,288,59.29
6440,6540,288,15.71
5230,5329,288,19.31
4861,4961,288,22.61
3192,3292,288,67.75
4274,4375,288,14.74
4964,5064,288,62.59
5532,5631,288,18.49
2794,2894,288,53.03
3985,4085,288,33.44
198,199,288,6.36
6041,6141,288,16.5
4860,4960,288,21.9
3391,3491,288,89.21
137,236,288,20.82
6238,6338,288,24.23
5849,5949,288,21.79
3984,4084,288,74.98
5572,5672,289,112.74
4183,4283,289,185.11
3491,3591,289,109.22
5557,5657,289,66.04
5754,5854,289,54.02
5832,5932,289,56.74
3195,3295,289,92.61
5173,5273,289,87.73
5371,5471,289,85.02
6237,6337,289,36.01
3880,3980,289,47.74
5851,5951,289,46.99
5748,5848,289,22.73
4084,4184,289,147.9
5166,5266,289,23.49
6043,6143,289,32.74
4178,4278,289,63.19
5568,5668,289,30.85
5027,5127,289,17.13
5554,5655,289,25.79
5128,5228,289,19.68
5836,5935,289,19.09
2926,2925,289,11.37
5367,5467,289,71.81
5646,5746,289,20.32
2993,3093,289,54.89
1698,1799,289,14.89
3682,3782,289,60.81
4773,4874,289,13.18
6240,6341,289,12.13
1299,1400,289,11.25
4325,4424,289,17.88
2894,2994,289,102.82
5632,5731,289,22.75
734,733,289,4.76
140,41,289,5.71
3628,3627,289,2.79
2497,2597,290,71.51
2198,2298,290,64.54
6136,6236,290,59.71
3979,4079,290,44.42
5733,5833,290,43.46
5065,5165,290,30.94
4962,5062,290,60.42
4375,4475,290,71.45
4625,4724,290,24.97
4961,5061,290,64.16
5734,5833,290,26.01
5732,5833,290,26.39
5732,5831,290,24.29
4926,5026,290,16.02
3096,3196,290,66.63
4077,4177,290,45.59
5669,5769,290,45.58
3881,3981,290,58.65
4963,5063,290,60.85
3292,3392,290,66.72
4374,4475,290,15.12
6340,6441,290,13.77
436,435,290,9.74
4175,4275,290,24.82
6339,6439,290,17.67
5745,5845,290,20.82
336,435,290,22.9
2994,3094,290,108.18
4076,4176,290,24.45
5158,5259,290,26.11
5844,5944,290,32.64
5647,5747,290,21.47
138,37,290,8.32
4425,4524,290,21.82
3387,3487,290,62.76
4525,4624,290,25.22
2298,2398,291,124.04
5657,5757,291,76.5
4874,4974,291,79.51
5471,5571,291,84.77
1799,1899,291,75.47
5935,6035,291,71.58
4283,4383,291,64.53
5672,5772,291,81.99
5570,5670,291,44.2
5853,5953,291,41.82
3788,3888,291,31.85
3590,3690,291,35.64
5834,5934,291,26.5
5273,5373,291,98.82
3025,3125,291,24.91
5530,5630,291,24.56
3786,3886,291,20.21
5457,5558,291,26.04
5852,5952,291,17.21
3589,3689,291,31.93
4184,4284,291,72.3
4725,4825,291,15.34
4225,4324,291,20.71
5330,5429,291,17.47
3392,3492,291,104.51
3782,3882,291,74.08
5059,5159,291,22.16
3295,3395,291,83.87
1598,1699,291,10.27
6140,6241,291,10.02
4278,4378,291,70.48
1032,1031,291,5.1
2030,1929,291,6.87
3980,4080,291,50.87
4974,5074,292,105.13
5772,5872,292,101.91
6236,6336,292,50.24
3487,3587,292,80.64
5063,5163,292,61.69
3981,4081,292,57.01
5932,6032,292,35.97
5769,5869,292,93.53
3591,3691,292,44.18
5951,6051,292,44.21
5854,5954,292,40.87
5064,5164,292,31.64
4475,4575,292,80.67
5061,5161,292,68.09
3426,3526,292,20.13
5950,6050,292,20.18
5654,5755,292,22.79
4177,4277,292,56.82
6242,6342,292,13.78
5430,5529,292,18.13
3492,3592,292,115.23
5467,5567,292,37.71
4973,5074,292,16.11
4474,4575,292,15.64
5373,5473,292,101.43
3094,3194,292,95.48
5258,5358,292,18.16
1399,1500,292,10.91
2597,2697,292,81.77
299,300,292,5.3
3196,3296,292,75.06
43,42,292,4.14
5062,5162,292,63.89
4085,4185,292,27.71
4080,4180,293,50.48
3882,3982,293,81.66
5670,5770,293,99.45
5571,5671,293,95.64
5944,6044,293,35.1
6337,6437,293,26.86
5668,5768,293,29.8
5754,5855,293,25.19
5832,5933,293,24.32
4674,4775,293,19.47
5656,5756,293,19.32
4574,4675,293,17.3
3588,3687,293,16.96
5473,5573,293,109.77
5746,5846,293,28.29
4960,5060,293,22.57
3727,3826,293,7.02
5949,6049,293,21.92
137,136,293,8.41
4079,4179,293,47.57
4378,4478,293,69.62
4775,4875,294,157.57
5074,5174,294,96.03
6336,6436,294,50.23
4081,4181,294,54.49
5872,5972,294,60.06
3886,3986,294,33.71
5934,6034,294,33.98
3888,3988,294,43.15
5953,6053,294,42.51
1899,1999,294,49.01
5558,5658,294,47.28
5845,5945,294,32.54
5228,5328,294,23.61
5557,5658,294,21.02
5832,5931,294,22
4277,4377,294,56.74
5165,5265,294,32.37
5770,5870,294,110.05
3592,3692,294,52.21
5457,5458,294,11.46
5073,5174,294,16.77
5266,5366,294,23.99
5848,5948,294,22.22
6142,6243,294,11.73
4176,4276,294,31.84
3093,3193,294,21.02
4126,4125,294,5.92
336,335,294,9.95
6338,6438,294,19.62
2028,1928,294,5.38
5831,5931,294,33.32
1231,1330,294,7.23
4226,4125,294,7.52
5161,5261,294,71.39
3296,3396,294,82.43
4180,4280,295,51.72
3687,3787,295,79.52
3826,3926,295,74.95
3982,4082,295,79.53
5671,5771,295,61.4
4478,4578,295,66.37
5869,5969,295,49.41
5855,5955,295,50.67
3691,3791,295,40.04
5954,6054,295,41.54
2398,2498,295,33.12
5162,5262,295,34.39
6035,6135,295,25.62
4383,4483,295,30.02
5567,5667,295,37.4
5747,5847,295,22.92
5630,5730,295,27.33
5951,6052,295,27.35
3690,3790,295,31.2
5854,5955,295,27.53
5127,5227,295,19.36
3689,3789,295,29.06
2027,2126,295,17.59
2826,2825,295,11.56
3194,3294,295,39.58
5060,5160,295,66.59
2697,2797,295,44.6
5573,5673,295,72.26
4179,4279,295,57.53
5174,5274,296,85.83
5972,6072,296,52.37
1999,2099,296,54.15
3988,4088,296,56.37
1330,1430,296,50.67
5658,5758,296,59.16
4875,4975,296,65.8
5768,5868,296,42.63
3396,3496,296,77.75
5529,5629,296,26.59
1500,1600,296,26.68
5163,5263,296,31.22
6032,6132,296,28.85
5164,5264,296,31.22
3125,3225,296,22.93
5757,5857,296,23.54
4284,4384,296,20.03
3787,3887,296,178.77
6540,6640,296,13.87
5870,5970,296,61.67
3692,3792,296,51.3
733,832,296,20.5
4375,4476,296,19.13
5259,5359,296,19.95
4225,4224,296,8.34
1499,1600,296,10.73
6439,6539,296,17.24
4377,4477,296,57.8
5367,5466,296,16.75
4185,4285,296,30.22
6438,6538,296,52.63
5931,6031,296,77.06
1430,1530,297,109.79
5771,5871,297,74.57
4279,4379,297,71.43
2126,2226,297,54.73
4578,4678,297,71.23
5969,6069,297,63.59
2498,2598,297,82.2
4280,4380,297,57.77
4181,4281,297,48.5
5227,5327,297,69.23
5933,6033,297,33.23
4082,4182,297,69.41
4825,4925,297,17.42
5558,5659,297,26.9
5026,5126,297,16.6
4724,4824,297,16.37
3986,4086,297,41.4
5730,5830,297,78.49
4524,4623,297,21.6
6044,6144,297,32.64
5160,5260,297,67
2797,2897,297,88.85
6043,6144,297,12.02
4424,4523,297,19.14
5673,5773,297,72.5
5846,5946,297,30.11
2827,2726,297,7.05
5274,5374,297,106.32
6049,6149,297,29.15
2226,2326,298,169.15
5374,5474,298,132.48
5758,5858,298,79.83
4975,5075,298,86.02
6135,6235,298,43.08
6054,6154,298,43.85
5667,5767,298,36.77
5955,6055,298,45.97
6034,6134,298,26.76
6436,6536,298,32.31
6437,6537,298,22.43
3526,3626,298,19.79
5328,5428,298,25.19
3887,3987,298,55.51
6051,6151,298,17.04
5954,6055,298,27.52
6050,6150,298,19.7
5970,6070,298,81.59
4476,4576,298,55.68
6441,6541,298,13.94
2897,2997,298,119.68
5945,6045,298,32.46
4276,4376,298,33.24
5358,5459,298,27.22
4285,4385,298,70.6
4477,4577,298,68.77
5773,5873,298,130.03
2598,2698,299,80.97
1530,1630,299,89.08
4380,4480,299,56.25
6033,6133,299,83.67
4678,4778,299,79.89
5871,5971,299,89.35
4379,4479,299,70.48
4182,4282,299,66.37
1600,1700,299,40.94
5466,5566,299,35.98
4384,4484,299,49.74
2099,2199,299,40.18
5327,5427,299,75.72
3791,3891,299,28.94
6053,6153,299,23.35
5262,5362,299,26.08
5855,5956,299,26.14
3790,3890,299,28.44
4623,4723,299,52.03
5830,5930,299,77.26
3789,3889,299,28.67
5558,5559,299,12.69
37,36,299,11.99
3792,3892,299,39.38
5265,5365,299,23.49
5260,5360,299,62.69
236,235,299,9.73
5948,6048,299,21.38
2028,1927,299,6.12
5261,5361,299,24.85
2199,2299,300,100.54
1700,1800,300,178.82
6235,6335,300,50.22
5075,5175,300,91.04
2326,2426,300,87.5
6536,6636,300,57.85
5474,5574,300,83.75
3987,4087,300,55.96
6055,6155,300,51.58
6069,6169,300,43.18
5858,5958,300,91.44
4281,4381,300,49.04
6132,6232,300,32.07
4088,4188,300,28.94
5868,5968,300,28.65
5629,5729,300,29.76
5847,5947,300,22.07
4483,4583,300,20.52
335,434,300,23.73
4576,4676,300,80.09
6070,6170,300,52.56
5756,5856,300,15.24
4385,4485,300,82.9
6342,6442,300,13.92
6031,6131,300,30.93
3193,3293,300,19.49
6541,6641,300,71.4
4577,4677,300,93.32
5873,5973,300,55.69
2997,3097,300,56.24
4188,4187,301,113.9
6537,6637,301,4.27
2226,2225,301,190.21
3926,3925,301,205.67
5955,6056,301,13.19
5658,5759,301,5.26
5857,5957,301,6.31
136,135,301,52.26
1031,1030,301,81.25
733,732,301,41.24
2027,2026,301,58.06
4026,4025,301,126.72
4424,4423,301,75.67
932,931,301,54.27
1131,1230,301,8.04
1831,1830,301,86.48
1731,1830,301,8.81
1731,1730,301,120.87
2627,2626,301,125.96
2527,2526,301,127.14
4086,4186,301,2.6
6144,6244,301,6.82
1830,1829,302,115.58
1730,1729,302,146.57
1030,1029,302,229.7
4025,4024,302,153.01
2026,2025,302,101.02
2225,2224,302,139.22
4583,4582,302,59.52
5729,5728,302,76.58
6335,6334,302,74.54
2426,2425,302,71.28
36,35,302,47.1
5427,5426,302,76.4
6235,6234,302,74.54
2326,2325,302,89.49
1530,1529,302,63.62
4523,4522,302,75.79
5327,5326,302,63.57
1430,1429,302,90.06
2126,2125,302,64.29
4224,4223,302,68.36
335,334,302,35.44
2726,2725,302,68.98
1330,1329,302,74.54
5227,5226,302,55.32
3826,3825,302,49.09
4623,4622,302,52.05
5830,5829,302,67.66
2826,2725,302,26.4
535,534,302,16.01
832,831,302,43.79
4926,5025,302,7.83
6149,6249,302,7.82
3727,3726,302,27.97
2125,2124,303,141.84
2025,2024,303,132.11
2224,2223,303,113.46
2526,2525,303,83.09
931,930,303,52.69
2626,2625,303,87.8
4423,4422,303,81.47
3925,3924,303,59.41
6232,6231,303,41.88
5427,5527,303,5.73
4778,4777,303,48.58
235,234,303,44.04
1927,1926,303,45.39
1630,1629,303,38.98
1829,1828,303,105.87
6536,6535,303,39.83
6069,6068,303,40.35
5930,5929,303,33.68
5466,5465,303,33.38
1729,1728,303,149.29
5667,5666,303,34.63
5263,5363,303,0.48
4623,4722,303,24.68
1230,1229,303,89.94
6131,6130,303,42.25
6072,6071,303,26.78
634,633,303,17.94
4125,4124,303,39.47
4225,4124,303,24.83
1131,1130,303,21.11
5931,6030,303,19.25
3395,3495,303,3.13
3395,3394,303,22.83
2124,2123,304,124.03
4124,4123,304,103.67
2325,2324,304,74.6
4223,4222,304,53.74
4024,4023,304,97.51
2425,2424,304,61.94
1029,1028,304,74.54
5326,5325,304,68.71
6334,6333,304,74.54
2024,2023,304,149.03
135,134,304,35.63
6636,6635,304,28.05
5968,5967,304,31.89
2725,2724,304,55.1
5566,5565,304,31.34
1728,1727,304,105.7
5767,5766,304,26.08
434,433,304,30.44
5868,5867,304,26.69
5629,5628,304,25.97
4483,4482,304,22.24
6436,6435,304,27.43
1629,1628,304,155.55
2925,2924,304,23.79
5365,5364,304,24.89
733,632,304,26.73
3025,3024,304,23.76
4324,4323,304,27.39
2625,2624,305,59.04
5527,5526,305,91.28
6535,6534,305,50.71
4777,4776,305,59.19
2525,2524,305,61.14
1926,1925,305,79.67
1828,1827,305,75.38
6234,6233,305,45
5829,5828,305,33.91
534,533,305,36.51
334,333,305,37.1
1529,1528,305,36.53
6231,6230,305,67.73
5529,5528,305,22.09
3125,3124,305,20.55
4383,4382,305,16.54
3394,3393,305,53.63
1628,1627,305,193.32
4824,4823,305,19.99
1130,1129,305,89.94
2825,2824,305,21.61
832,731,305,26.5
3326,3325,305,17.78
4422,4421,305,89.17
3495,3494,305,67.64
198,99,305,5.03
1925,1924,306,191.31
6230,6229,306,151.62
1627,1626,306,117.02
3494,3493,306,122.4
4123,4122,306,68.06
6333,6332,306,66.6
5325,5324,306,63.23
5929,5928,306,34.34
6068,6067,306,35.53
6130,6129,306,47.78
1229,1228,306,45.66
3726,3725,306,30.63
3825,3824,306,28.37
5728,5727,306,25.97
4522,4521,306,28.84
6153,6152,306,17.44
1927,1826,306,26.26
1727,1726,306,69.78
4323,4322,306,67.81
3225,3224,306,17.77
4925,4924,306,17.01
5126,5125,306,18.99
3526,3525,306,15.82
234,233,306,46.6
134,133,306,50.71
199,200,306,5.08
1528,1527,306,260.17
3426,3425,306,16.51
6072,6172,306,5.1
6049,6148,306,11.45
1527,1526,307,195.34
5828,5827,307,81.27
4222,4221,307,43.99
2123,2122,307,47.29
632,631,307,47.67
433,432,307,45.77
6435,6434,307,43.64
930,929,307,29.75
3924,3923,307,31.1
6030,6029,307,32.44
5666,5665,307,30.16
1329,1328,307,20.74
5426,5425,307,22.37
931,830,307,24.49
2023,2022,307,43.61
135,34,307,26.51
5226,5225,307,24.77
3626,3625,307,15.29
6055,6156,307,13.43
1924,1923,307,199.83
1429,1428,307,21.04
5465,5464,307,31.28
1129,1128,307,74.54
6045,6145,307,6.95
4122,4121,308,50.08
133,132,308,62.81
5928,5927,308,68.01
6229,6228,308,81.83
6172,6171,308,69.07
5324,5323,308,70.03
6129,6128,308,94.8
6332,6331,308,78.85
2324,2323,308,26.92
6635,6634,308,28.4
4482,4481,308,31.01
2223,2222,308,23.7
4582,4581,308,19.59
5867,5866,308,29.97
6169,6168,308,13.81
6048,6047,308,12.64
5025,5024,308,19.61
1826,1825,308,50.78
6154,6254,308,6.92
6151,6251,308,6.95
5565,5564,308,30.35
6072,6171,308,11.93
4421,4420,308,39.43
4322,4321,308,76.12
1428,1427,308,260.17
1328,1327,308,188.86
533,532,308,43.45
1427,1426,309,258.61
6331,6330,309,242.26
1327,1326,309,260.17
6029,6028,309,86.16
6434,6433,309,58.22
929,928,309,74.66
5425,5424,309,62.75
1526,1525,309,83.37
5827,5826,309,68.38
1626,1625,309,45.39
5526,5525,309,25.58
6534,6533,309,27.8
4023,4022,309,23.82
5225,5224,309,65.65
5766,5765,309,23.19
5967,5966,309,22.74
5628,5627,309,23.98
4321,4320,309,106.74
4221,4220,309,71.63
2924,2923,309,22.99
1726,1725,309,33.51
4722,4721,309,19.4
2824,2823,309,25.53
2724,2723,309,24.73
1426,1425,310,143.04
1326,1325,310,194.21
6228,6227,310,89.48
631,630,310,39.49
1923,1922,310,34.72
34,33,310,48.5
2122,2121,310,36.08
6067,6066,310,25.1
333,332,310,22.28
2624,2623,310,20.87
1028,1027,310,17.95
632,531,310,25.82
433,332,310,26.2
6249,6248,310,13.82
3024,3023,310,19.37
5759,5859,310,11.77
6128,6127,310,60.5
4823,4822,310,21.67
6154,6253,310,11.85
6151,6250,310,11.83
134,33,310,25.06
1228,1227,310,28.48
6149,6248,310,10.9
4521,4520,310,30.29
1325,1324,311,109.98
928,927,311,55.49
6433,6432,311,94.95
5424,5423,311,66.52
5826,5825,311,56.68
6028,6027,311,56.87
5224,5223,311,74.26
5525,5524,311,71.92
5927,5926,311,47.07
5727,5726,311,23.94
731,730,311,17.19
5125,5124,311,22.82
3124,3123,311,17.86
1227,1226,311,260.17
4778,4878,311,2.48
1825,1824,311,37.16
6153,6252,311,11.94
4121,4120,311,46.73
4924,4923,311,23.11
6640,6639,311,9.28
4420,4419,311,42.44
6432,6431,312,260.17
1425,1424,312,61.2
33,32,312,68.15
1625,1624,312,46.38
2222,2221,312,31.27
6634,6633,312,30.77
5323,5322,312,28.95
6168,6167,312,29.42
432,431,312,21.18
3923,3922,312,22.14
830,829,312,20.43
4122,4021,312,25.24
3824,3823,312,19.44
5464,5463,312,24.8
2424,2423,312,12.63
4220,4219,312,40.63
5564,5563,312,25.57
3224,3223,312,19.07
3325,3324,312,16.48
5665,5664,312,23.38
1226,1225,312,243.63
6636,6735,312,11.83
6170,6269,312,11.88
3496,3596,312,4.02
5024,5023,312,25.07
5174,5275,312,4.5
1824,1823,312,244.46
6227,6226,312,73.73
6127,6126,312,70.86
4320,4319,312,45.92
5825,5824,313,56.64
5524,5523,313,60.03
5726,5725,313,54.77
5423,5422,313,75.81
5926,5925,313,56.1
1525,1524,313,31.93
6533,6532,313,31.57
5765,5764,313,28.4
4581,4580,313,24.85
5627,5626,313,28
631,530,313,26.77
5966,5965,313,25.96
133,232,313,21.05
6148,6147,313,14.53
3725,3724,313,15.07
5866,5865,313,22.32
1225,1224,313,151.62
3425,3424,313,15.07
4622,4621,313,9.22
6244,6343,313,12.09
6637,6736,313,11.8
2022,2021,313,17.93
5124,5123,313,77.76
6155,6255,313,8.02
6048,6147,313,10.76
4479,4579,313,2.53
6243,6343,313,2.09
6126,6125,314,55.52
3823,3822,314,58.63
6226,6225,314,50.84
829,828,314,78.14
1424,1423,314,60.49
6027,6026,314,49.03
4878,4877,314,44.29
1324,1323,314,49
6269,6268,314,85.67
1027,1026,314,26.59
2723,2722,314,24.84
4721,4720,314,23.4
5927,6026,314,25.95
6330,6329,314,22.31
2698,2798,314,2.34
2823,2822,314,20.06
4121,4020,314,26.02
5957,6057,314,7.93
4520,4519,314,32.28
4877,4876,315,105.85
6329,6328,315,117.45
1323,1322,315,113.05
5725,5724,315,52.57
5925,5924,315,55.95
1524,1523,315,73.7
5322,5321,315,36.01
5626,5625,315,73.56
4419,4418,315,29.02
5223,5222,315,28.26
332,331,315,23.28
2623,2622,315,24.08
630,629,315,23.54
1625,1724,315,26.09
6066,6065,315,23.17
6047,6046,315,14.88
5563,5562,315,34.83
2323,2322,315,15.78
1224,1223,315,77.62
2524,2523,315,10.59
4120,4119,315,30.02
6249,6348,315,11.17
3496,3595,315,7.89
1725,1724,315,18.39
2121,2120,315,24.35
1128,1127,315,12.74
1523,1522,316,161.66
1026,1025,316,74.55
828,827,316,74.54
6026,6025,316,55.38
5422,5421,316,46.69
5824,5823,316,47.45
6431,6430,316,30.09
5463,5462,316,26.47
6167,6166,316,26.37
4319,4318,316,28.14
4219,4218,316,25.7
3625,3624,316,11.94
4923,4922,316,21.82
6635,6734,316,11.8
5664,5663,316,25.69
6249,6349,316,7.63
2923,2922,316,16.22
3595,3594,316,112.62
5759,5760,316,6.68
3822,3821,316,58.63
4484,4584,316,2.07
1823,1822,316,25.49
6541,6542,316,5.52
3594,3593,317,124.49
5625,5624,317,63.25
629,628,317,74.62
1322,1321,317,74.54
6125,6124,317,41.83
1423,1422,317,38.44
5523,5522,317,27.84
6532,6531,317,28.28
431,430,317,20.16
3123,3122,317,17.47
5764,5763,317,32.9
6248,6247,317,14.96
3023,3022,317,16.5
5965,5964,317,26.27
5525,5624,317,17.94
132,131,317,11.31
3525,3524,317,9.41
5023,5022,317,23.45
5123,5122,317,25.67
6244,6344,317,6.44
3922,3921,317,21.15
1127,1126,317,70.12
4822,4821,317,16.14
2221,2220,317,23.53
6541,6642,317,6.36
2021,2020,317,25.32
1126,1125,318,260.17
5421,5420,318,56.22
1025,1024,318,74.55
1522,1521,318,74.54
3821,3820,318,55.17
6025,6024,318,50.71
5222,5221,318,40.67
5321,5320,318,48.95
5724,5723,318,36.97
5924,5923,318,47.15
3724,3723,318,20.34
5865,5864,318,22.53
3324,3323,318,18.46
3223,3222,318,17.76
1223,1222,318,44
5322,5221,318,26.55
6226,6325,318,25.03
1624,1623,318,19.3
5524,5623,318,22.03
730,729,318,15.94
4621,4620,318,21.21
4720,4719,318,29.38
3891,3990,318,7.75
3890,3989,318,7.64
1724,1723,318,42.34
4021,3920,318,26.17
199,100,318,5.62
5973,6073,318,5.74
1024,1023,319,260.17
1723,1722,319,186.82
1125,1124,319,221.68
628,627,319,74.54
1422,1421,319,74.54
4418,4417,319,29.73
4020,4019,319,23.54
4519,4518,319,23.46
5422,5521,319,26.02
3424,3423,319,16.68
3823,3722,319,22.53
927,926,319,13.77
1922,1921,319,11.89
5022,5021,319,59.86
5122,5121,319,50.28
6228,6327,319,13.29
3892,3991,319,7.4
6227,6326,319,17.37
5623,5622,320,61.57
6325,6324,320,51.03
5221,5220,320,52
729,728,320,78.15
1321,1320,320,41.44
5823,5822,320,32.27
5462,5461,320,25.74
2322,2321,320,24.42
2622,2621,320,24.08
331,330,320,21.89
5562,5561,320,24.85
6125,6224,320,26.69
2722,2721,320,18.42
6147,6146,320,15.98
6633,6632,320,14.24
6065,6064,320,20.56
4318,4317,320,26.83
4119,4118,320,24.53
5663,5662,320,26.5
6430,6429,320,30.11
6254,6353,320,11.91
4582,4681,320,8.05
4583,4682,320,7.31
5759,5660,320,7.65
5759,5860,320,7.65
6170,6270,320,5.02
6324,6323,321,100.94
1023,1022,321,57.14
5320,5319,321,40.76
6024,6023,321,40.3
5723,5722,321,41.89
6166,6165,321,21.24
5763,5762,321,25.78
5924,6023,321,25.93
2120,2119,321,19.23
2523,2522,321,19.43
6268,6267,321,14.53
5121,5120,321,59.16
530,529,321,13.3
1223,1122,321,26.47
4218,4217,321,21.66
32,31,321,11.87
6639,6638,321,10.59
6634,6733,321,11.58
6168,6267,321,11.7
6251,6350,321,11.76
3822,3721,321,22.53
3722,3721,321,58.63
1822,1821,321,24.87
728,727,322,74.54
5822,5821,322,70.59
1124,1123,322,47.1
1722,1721,322,41.29
5521,5520,322,40.64
926,925,322,35.74
5864,5863,322,25.69
1623,1622,322,31.62
1222,1221,322,30.45
430,429,322,21.31
5823,5922,322,25.85
3821,3720,322,23.71
2020,2019,322,20.12
6348,6347,322,16.31
2822,2821,322,13.78
232,231,322,12.45
2423,2422,322,10.91
5964,5963,322,24.27
4417,4416,322,47.57
1224,1123,322,16.21
6253,6352,322,12.01
6145,6245,322,6.89
6637,6737,322,4.9
6155,6256,322,6.47
3892,3992,322,2.4
4719,4718,322,31.71
4620,4619,322,27.43
529,528,323,86.15
6323,6322,323,63.58
6224,6223,323,38.48
627,626,323,25.5
1421,1420,323,26.02
5420,5419,323,21.77
3920,3919,323,22.55
6531,6530,323,19.89
2220,2219,323,19.88
3624,3623,323,16.4
3022,3021,323,16.85
6429,6428,323,36.39
4317,4316,323,40.73
4922,4921,323,16.03
6269,6368,323,14.13
6251,6351,323,7.05
6172,6271,323,8.59
5859,5959,323,7.73
6254,6354,323,6.81
5821,5820,324,66.98
925,924,324,68.04
5863,5862,324,65.14
429,428,324,90.99
5922,5921,324,56.19
1022,1021,324,40.66
5722,5721,324,34.99
1320,1319,324,28.15
330,329,324,26.75
1521,1520,324,16.68
5320,5219,324,26.75
3820,3819,324,19.58
6024,6123,324,26.76
3323,3322,324,17.96
4217,4216,324,36.31
3122,3121,324,15.44
6247,6246,324,16.2
3524,3523,324,15.27
4019,4018,324,20.43
6064,6063,324,28.01
1122,1121,324,39.79
5662,5661,324,29.55
6735,6834,324,12.12
2922,2921,324,14.27
1921,1920,324,23.66
4188,4287,324,6.1
4821,4820,324,15.68
5957,6058,324,6.29
924,923,325,102.83
4287,4286,325,117.93
528,527,325,74.54
6322,6321,325,83.21
6530,6529,325,74.54
6223,6222,325,71.9
1221,1220,325,36.39
5520,5519,325,49.84
5461,5460,325,22.91
5561,5560,325,20.88
5622,5621,325,24.37
3723,3622,325,23.52
6368,6367,325,90.71
4416,4415,325,49.43
6736,6835,325,12.13
4187,4286,325,6.14
3423,3422,325,17.7
2321,2320,325,23.54
5519,5518,326,146.34
329,328,326,90.88
428,427,326,74.54
5820,5819,326,88.28
5721,5720,326,57.02
4718,4717,326,30.88
1622,1621,326,29.88
4619,4618,326,30.05
1721,1720,326,29.35
2522,2521,326,23.76
6165,6164,326,23.5
6267,6266,326,23.97
1821,1820,326,24.61
4316,4315,326,42.15
2621,2620,326,18.75
4518,4517,326,15.97
6428,6427,326,45.31
5762,5761,326,20.41
6063,6062,326,51.18
1121,1120,326,70.23
827,826,326,11.01
4681,4680,326,19.02
4118,4117,326,19.97
5021,5020,326,16.1
5121,5020,326,22.34
6255,6355,326,7.86
4581,4680,326,7.99
5319,5318,326,22.48
3722,3621,326,22.53
6640,6740,326,1.92
5518,5517,327,152.12
923,922,327,74.55
6529,6528,327,74.54
6222,6221,327,74.71
5921,5920,327,43.72
5862,5861,327,46.89
727,726,327,22.23
5963,5962,327,21.67
2422,2421,327,22
2119,2118,327,18.09
2721,2720,327,14.75
5419,5418,327,28.07
6057,6157,327,7.81
328,327,328,74.54
5720,5719,328,50.45
5819,5818,328,63.28
5621,5620,328,37.66
6321,6320,328,42.33
1319,1318,328,30.56
5517,5516,328,108.73
6123,6122,328,27.87
4216,4215,328,33.24
2019,2018,328,18.24
6347,6346,328,17.48
3720,3719,328,17.6
3721,3620,328,23.15
3621,3620,328,54.19
6632,6631,328,14.16
6166,6265,328,12.17
6348,6447,328,11.77
6427,6426,328,72.23
5620,5619,329,215.62
5920,5919,329,92.06
922,921,329,74.55
6528,6527,329,74.55
6221,6220,329,73.04
6740,6739,329,43.98
4517,4516,329,33.93
4717,4716,329,34.25
1220,1219,329,32.06
1920,1919,329,20.72
2219,2218,329,16.7
3919,3918,329,17.56
626,625,329,19.27
5922,6021,329,23.36
4018,4017,329,20.36
6023,6022,329,14.06
4117,4116,329,36.39
6062,6061,329,43.97
4680,4679,329,38.51
4415,4414,329,32.79
5120,5119,329,12.58
6344,6443,329,12.14
4820,4819,329,24.73
6072,6173,329,3.25
6349,6448,329,11.45
5919,5918,330,102.11
5619,5618,330,260.16
6320,6319,330,85.93
427,426,330,27.05
6164,6163,330,25.35
1720,1719,330,25.39
3523,3522,330,17.52
1021,1020,330,19.96
4116,4115,330,104.95
5862,5961,330,25.99
4315,4314,330,28.87
4921,4920,330,15.21
3021,3020,330,15.09
6426,6425,330,95.86
3222,3221,330,8.62
6063,6162,330,24.93
131,130,330,8.21
5418,5417,330,35.07
4878,4977,330,7.62
5318,5317,330,29.19
2320,2319,330,20.63
5219,5218,330,19.8
3596,3695,330,7.94
6349,6449,330,7.39
5618,5617,331,223.66
921,920,331,74.54
5818,5817,331,35.49
6122,6121,331,37.52
5719,5718,331,49.88
2421,2420,331,25.23
2521,2520,331,22.82
4618,4617,331,24.37
1820,1819,331,23.64
1520,1519,331,16.15
6834,6833,331,14.52
3121,3120,331,14.78
3322,3321,331,14.55
231,230,331,11.56
6425,6424,331,103.59
2821,2820,331,11.97
6736,6836,331,5.61
2921,2920,331,14.62
6527,6526,331,74.55
3622,3521,331,25.33
5973,5974,331,3.29
6319,6318,332,66.89
5918,5917,332,51.26
6739,6738,332,48.58
4516,4515,332,43.89
6220,6219,332,42.19
4017,4016,332,33.5
6424,6423,332,154.48
1318,1317,332,31.54
6740,6839,332,26.47
4977,4976,332,76.68
826,825,332,18.9
527,526,332,16.06
4215,4214,332,26.03
3819,3818,332,13.62
6367,6366,332,14.4
6733,6732,332,9.53
6062,6161,332,26.48
3621,3520,332,24.02
3695,3694,332,70.41
5516,5515,332,27.77
3422,3421,332,16.18
4016,4015,333,104.95
920,919,333,74.54
5718,5717,333,64.14
6121,6120,333,68.26
5817,5816,333,60.71
6526,6525,333,74.55
5617,5616,333,55.36
1020,1019,333,38.33
3694,3693,333,108.66
6021,6020,333,30.22
4716,4715,333,29.65
1219,1218,333,26.54
327,326,333,24.93
6265,6264,333,20.48
2118,2117,333,16.68
5020,5019,333,15.58
1621,1620,333,15.69
6165,6264,333,12.13
4414,4413,333,26.16
5417,5416,333,36.46
4819,4818,333,25.93
6219,6218,334,93.56
6346,6345,334,18.82
2018,2017,334,18.75
726,725,334,15.72
6740,6840,334,13.5
2620,2619,334,13.3
4115,4114,334,25.55
1420,1419,334,9.14
6347,6446,334,11.94
6447,6446,334,18.6
3620,3619,334,19.8
6368,6467,334,13.04
3918,3917,334,23.12
5816,5815,334,108.23
6269,6369,334,4.69
6344,6444,334,6.23
6244,6345,334,4.39
6157,6257,334,15.56
5274,5375,334,2.9
6525,6524,335,56.69
6020,6019,335,85.21
919,918,335,61.82
6120,6119,335,94.92
5717,5716,335,50.65
5917,5916,335,33.43
6423,6422,335,37.54
6318,6317,335,45.87
4617,4616,335,28.71
4920,4919,335,24.07
1719,1718,335,22.82
5317,5316,335,23.71
130,129,335,22.23
1919,1918,335,18.01
6739,6838,335,25.61
625,624,335,16.82
6631,6630,335,14.36
3719,3718,335,16.16
4314,4313,335,20.89
6354,6453,335,12.03
6839,6838,335,42.71
6350,6450,335,7.32
5218,5217,335,22.9
2398,2499,335,1.92
6019,6018,336,109.1
6218,6217,336,57.82
1019,1018,336,48.41
825,824,336,26.59
4515,4514,336,30.7
1317,1316,336,25.03
1519,1518,336,20.52
426,425,336,17.59
6162,6261,336,25.94
6467,6466,336,74.91
230,229,336,23.5
6524,6523,336,187.84
1120,1119,336,10.49
6061,6060,336,15.08
3818,3817,336,26.81
31,30,336,7.1
6255,6356,336,6.16
5515,5514,336,32.02
5616,5615,336,37.42
3496,3497,336,2.37
5815,5814,336,75.89
3817,3816,337,109.02
6119,6118,337,96.8
129,128,337,89.92
6422,6421,337,56.18
4715,4714,337,25.54
4818,4817,337,27.44
3520,3519,337,21.08
1819,1818,337,19.15
6366,6365,337,22.31
3120,3119,337,19.97
3321,3320,337,17.56
5961,5960,337,14.52
3917,3916,337,34.84
3221,3220,337,16.07
4214,4213,337,20.27
3020,3019,337,16.5
2420,2419,337,18.54
5119,5118,337,12.7
5716,5715,337,58.37
3096,3197,337,1.36
6421,6420,338,105.91
1018,1017,338,56.57
5514,5513,338,95.78
6018,6017,338,67.45
6317,6316,338,33.35
4616,4615,338,36.45
918,917,338,37.42
5916,5915,338,49.94
6264,6263,338,24.57
1218,1217,338,24.7
4015,4014,338,24.16
1620,1619,338,21.96
5416,5415,338,22.97
326,325,338,20.62
3421,3420,338,18.23
229,228,338,90.06
526,525,338,19.99
6738,6837,338,24.96
2520,2519,338,15.84
2319,2318,338,13.85
4114,4113,338,31.01
2720,2719,338,9.41
5814,5813,338,54.69
6164,6263,338,12.03
4413,4412,338,22.74
6523,6522,338,97.14
6353,6452,338,7.91
3990,4089,338,7.37
6839,6938,338,26.62
4681,4780,338,8.05
5615,5614,338,51.94
3991,4090,338,7.49
6157,6158,338,9.78
3596,3696,338,3.9
6057,6158,338,6.09
5973,5874,338,3.76
5973,6074,338,3.76
6118,6117,339,64.5
3816,3815,339,83.52
6060,6059,339,45.2
6217,6216,339,36.86
824,823,339,47.72
3718,3717,339,27.63
6161,6160,339,15.49
2920,2919,339,13.85
6162,6262,339,12.45
6740,6741,339,7.98
6355,6454,339,11.63
6354,6454,339,6.58
5715,5714,339,76.21
5574,5674,339,2.58
5513,5512,340,62.21
6522,6521,340,65.85
30,29,340,26.23
6840,6939,340,26.74
725,724,340,17.66
3619,3618,340,19.83
228,227,340,74.54
5316,5315,340,22.36
6346,6445,340,12.07
6265,6364,340,12.15
6446,6445,340,19.87
6355,6455,340,7.2
6630,6629,340,23.53
6271,6370,340,8.56
6447,6546,340,12.06
6839,6939,340,13.94
4584,4683,340,5.99
6352,6451,340,7.87
5614,5613,340,84.04
6157,6258,340,10.98
5915,5914,340,53.17
5019,5018,340,14.78
6257,6357,340,17.67
4919,4918,340,24.6
823,822,341,60.92
5714,5713,341,66.64
6420,6419,341,47
4817,4816,341,30.75
128,127,341,29.72
1518,1517,341,22.15
4514,4513,341,24.3
3916,3915,341,30.56
3717,3716,341,95.4
1718,1717,341,17.21
624,623,341,19.91
1918,1917,341,18.67
5217,5216,341,18.73
6840,6940,341,14.53
1419,1418,341,16.52
2017,2016,341,15.35
4313,4312,341,17.8
2218,2217,341,8.99
6448,6547,341,11.91
1119,1118,341,21.32
5813,5812,341,47.3
4682,4781,341,7.02
1217,1216,341,33.67
1017,1016,341,35.63
3496,3597,341,2.7
6117,6116,342,34.7
6316,6315,342,28.21
4014,4013,342,30.99
6017,6016,342,29.89
4615,4614,342,28.49
3119,3118,342,24.34
3320,3319,342,21.61
3519,3518,342,22.84
29,28,342,71.27
6521,6520,342,76.93
3220,3219,342,21.67
6060,6159,342,26.29
425,424,342,18.78
4113,4112,342,31.46
6629,6628,342,74.07
3019,3018,342,21.58
6740,6841,342,9.06
6834,6933,342,7.97
3992,4091,342,7.32
1316,1315,342,19.43
5415,5414,342,32.11
822,821,343,79.9
5512,5511,343,34.92
5914,5913,343,44.49
6216,6215,343,30.37
1619,1618,343,24.53
325,324,343,20.62
3420,3419,343,21.42
4714,4713,343,18.51
5118,5117,343,19.26
6466,6465,343,16.39
6261,6260,343,14.89
6836,6935,343,12.17
6833,6832,343,8.48
2820,2819,343,8.94
4213,4212,343,19.06
6467,6566,343,17.01
4412,4411,343,23.01
6835,6934,343,7.97
5613,5612,343,43.18
6172,6272,343,2.76
917,916,343,22.97
6449,6548,343,11.48
5414,5413,344,61.89
6419,6418,344,42.2
127,126,344,49.97
5812,5811,344,46.7
6364,6363,344,25.16
4918,4917,344,25.12
3618,3617,344,25.98
6520,6519,344,88.41
3815,3814,344,22.91
525,524,344,17.06
5713,5712,344,41.04
6263,6362,344,25.25
4112,4111,344,82.93
1818,1817,344,16.54
6628,6627,344,74.55
6732,6731,344,9.04
1118,1117,344,40.57
5315,5314,344,29.84
6449,6549,344,7.36
126,125,345,101.44
821,820,345,75.94
6262,6361,345,25.27
2919,2918,345,18.62
6566,6565,345,51.5
3915,3914,345,25.25
2619,2618,345,9.74
2117,2116,345,8.5
6546,6545,345,20.31
4680,4779,345,7.74
2398,2399,345,1.66
6257,6358,345,13.48
5018,5017,345,20.63
125,124,346,113.9
5413,5412,346,94.36
6519,6518,346,71.13
6260,6259,346,38.92
4111,4110,346,93.66
3518,3517,346,25.07
3219,3218,346,25.16
6315,6314,346,25.01
6016,6015,346,27.66
6116,6115,346,27.29
4013,4012,346,31.74
4513,4512,346,20.58
1418,1417,346,20.01
4816,4815,346,23.08
724,723,346,18.59
5913,5912,346,42.34
2719,2718,346,13.69
3716,3715,346,24.02
6522,6621,346,19.98
6318,6417,346,10.12
6357,6457,346,17.93
6357,6456,346,25.39
5811,5810,346,50.31
1216,1215,346,20.47
124,123,347,105.62
820,819,347,74.06
5314,5313,347,48.8
5612,5611,347,30.85
5511,5510,347,31.77
324,323,347,25.18
3319,3318,347,21.43
1917,1916,347,18.7
1016,1015,347,19.36
1517,1516,347,18.87
3118,3117,347,22.53
6215,6214,347,27
4312,4311,347,18.73
227,226,347,14.68
5712,5711,347,37.17
4212,4211,347,27.85
6838,6937,347,12.16
6453,6552,347,12.16
3018,3017,347,22.33
2218,2317,347,8.28
6368,6468,347,4.25
5216,5215,347,19.43
6627,6626,347,39.73
1117,1116,347,40.52
6621,6620,348,98.34
3715,3714,348,60.89
3814,3813,348,27.71
3617,3616,348,25.71
5117,5116,348,20.38
3419,3418,348,23.62
1618,1617,348,20.72
6465,6464,348,21.41
424,423,348,18.43
1315,1314,348,17.94
4614,4613,348,19.87
1717,1716,348,15.18
623,622,348,16.39
6317,6416,348,11.32
4411,4410,348,24.41
6836,6936,348,5.97
4287,4386,348,6
6523,6622,348,11.83
2419,2418,348,9.36
3318,3317,349,68.16
5313,5312,349,74.55
5412,5411,349,48.01
4917,4916,349,24.62
6260,6359,349,26.76
916,915,349,18.42
4211,4210,349,83.72
2217,2216,349,13.64
2016,2015,349,12.7
123,122,349,80.62
2519,2518,349,9.74
6566,6665,349,24.84
5912,5911,349,41.97
6840,6941,349,9.97
5810,5809,349,45.29
6841,6941,349,14.89
6015,6014,349,38.34
3496,3397,349,2.7
3714,3713,350,58.98
5510,5509,350,35.76
5611,5610,350,33.9
819,818,350,41.33
323,322,350,40.76
4110,4109,350,31.98
723,722,350,25.74
3813,3812,350,63.41
6518,6517,350,27.15
2918,2917,350,24.15
5017,5016,350,20.47
1817,1816,350,17.31
524,523,350,17.22
2819,2818,350,15.65
4713,4712,350,15.65
6260,6360,350,15.26
6565,6564,350,21.56
226,225,350,37.72
6545,6544,350,21.49
3914,3913,350,22.45
28,27,350,12.91
6316,6415,350,11.81
6452,6551,350,12.05
3695,3794,350,7.08
6115,6114,350,30.51
5711,5710,350,34.87
6626,6625,350,39.8
3317,3316,351,63.67
4012,4011,351,21.9
4512,4511,351,21.36
4815,4814,351,23.45
3517,3516,351,24.96
3218,3217,351,22.79
5312,5311,351,78.52
6454,6553,351,12.13
6620,6619,351,36.09
5215,5214,351,25.48
6467,6567,351,5.94
4977,5076,351,6.95
122,121,351,60.32
6357,6458,351,13.86
4878,4978,351,2.54
6214,6213,351,28.45
6314,6313,351,24.84
3812,3811,352,73.81
4109,4108,352,50.52
322,321,352,67.37
5411,5410,352,34.71
6014,6013,352,38.45
3017,3016,352,23.08
6625,6624,352,74.08
1215,1214,352,17.15
2718,2717,352,17.98
225,224,352,64.21
2618,2617,352,15.48
3117,3116,352,22.45
27,26,352,50.85
6519,6618,352,18.19
4311,4310,352,21.15
6364,6463,352,12.04
6455,6554,352,11.82
5911,5910,352,42.09
1417,1416,352,19.65
2116,2115,352,15.04
6457,6557,352,17.74
6457,6556,352,25.58
1116,1115,352,20.63
6546,6645,352,12.15
1799,1900,352,1.14
224,223,353,108.24
3316,3315,353,59.43
3516,3515,353,64.11
3217,3216,353,65.58
3794,3793,353,46.98
6114,6113,353,33.44
5710,5709,353,49.23
5809,5808,353,29.84
5116,5115,353,21.29
3616,3615,353,22.53
3418,3417,353,22.06
1015,1014,353,16.71
3715,3614,353,21.73
6547,6646,353,12.12
4410,4409,353,24.96
6566,6666,353,11.05
6841,6842,353,9.15
1899,2000,353,1.3
4485,4585,353,1.9
5709,5708,354,101.05
223,222,354,115.56
6624,6623,354,57.05
121,120,354,46.41
5214,5213,354,34.76
5610,5609,354,33.09
5509,5508,354,33
722,721,354,30.63
4916,4915,354,22.74
1314,1313,354,17.18
622,621,354,19.52
4210,4209,354,22.83
423,422,354,16.9
2317,2316,354,14.54
3713,3712,354,26.46
6618,6617,354,50.56
5311,5310,354,48.66
321,320,354,91.59
4108,4107,354,74.78
6315,6414,354,12.05
5910,5909,354,73.43
4188,4288,354,1.86
1516,1515,354,15.89
3196,3297,354,1.25
120,119,355,120.59
3315,3314,355,61.5
3614,3613,355,56.65
3216,3215,355,63.36
5808,5807,355,61.92
3811,3810,355,38.29
4011,4010,355,32.34
6213,6212,355,32.03
6313,6312,355,27.43
6517,6516,355,24
2917,2916,355,22.95
5016,5015,355,20.69
818,817,355,23.61
2818,2817,355,21.42
915,914,355,18.97
6544,6543,355,22.41
6665,6664,355,17.06
1617,1616,355,16.06
3714,3613,355,22.4
4613,4612,355,15.81
6564,6563,355,23.95
26,25,355,48.74
3813,3912,355,20.83
6731,6730,355,9.96
3913,3912,355,22.91
6832,6831,355,8.62
6548,6647,355,11.99
6933,6932,355,8.25
4013,3912,355,11.48
6370,6469,355,10.05
6455,6555,355,6.96
2318,2417,355,8.69
222,221,355,111.45
4107,4106,355,242.26
1716,1715,355,15.46
5213,5212,356,65.96
5410,5409,356,31.13
6013,6012,356,33.08
4511,4510,356,22.92
523,522,356,18.35
2216,2215,356,16.18
3317,3416,356,20.74
3712,3711,356,57
6363,6462,356,12.05
5909,5908,356,54.94
320,319,356,99.74
4106,4105,356,165.01
2518,2517,356,14.39
6841,6742,356,10.31
6841,6942,356,10.31
2015,2014,356,15.14
3696,3795,356,7.94
4105,4104,357,104.26
5212,5211,357,107.75
3215,3214,357,70.49
3314,3313,357,69.82
3613,3612,357,54.11
5508,5507,357,47.59
5609,5608,357,48.28
5708,5707,357,35.25
6113,6112,357,32.82
2717,2716,357,22.59
3016,3015,357,21.65
4814,4813,357,19.91
4310,4309,357,20.22
1816,1815,357,15.71
4712,4711,357,15.76
3116,3115,357,21.73
6545,6644,357,12.17
4090,4189,357,7.6
4780,4879,357,7.86
6457,6558,357,13.58
221,220,357,95.83
6549,6648,357,11.48
6449,6550,357,5.41
4209,4208,358,25.71
721,720,358,31.98
1214,1213,358,18.42
3316,3415,358,22.24
3516,3415,358,20.59
25,24,358,46.73
6622,6721,358,15.27
4409,4408,358,20.87
1916,1915,358,9.98
6618,6717,358,25.1
5310,5309,358,31.77
6619,6718,358,22.55
2617,2616,358,19.59
3810,3809,358,49.04
319,318,358,93.09
1416,1415,358,17.85
6549,6649,358,7.36
6314,6413,358,12.06
5211,5210,359,80.52
220,219,359,83.49
3214,3213,359,80.83
3313,3312,359,75.22
5409,5408,359,34.34
2817,2816,359,26.27
6212,6211,359,32.81
119,118,359,26.41
6312,6311,359,28.89
4915,4914,359,21.67
5115,5114,359,17.22
1014,1013,359,17.96
3515,3514,359,18.32
6012,6011,359,34.98
3812,3911,359,17.34
6621,6720,359,11.63
3115,3114,359,74.72
6617,6616,359,22.95
1115,1114,359,15.86
2115,2114,359,16.55
3809,3808,360,65.92
6112,6111,360,34.34
5507,5506,360,45.87
5608,5607,360,43.27
4104,4103,360,35.89
4510,4509,360,26.35
318,317,360,72.5
6664,6663,360,23.48
5015,5014,360,20.28
2916,2915,360,22.15
5807,5806,360,21.97
4010,4009,360,24.96
621,620,360,19.23
422,421,360,17.82
2316,2315,360,17.3
3315,3414,360,21.51
3614,3513,360,23.21
5808,5907,360,21.36
6516,6515,360,21.82
6563,6562,360,22.03
3711,3710,360,25.94
6416,6515,360,12.08
6936,7035,360,12.16
6717,6716,360,50.24
6272,6371,360,8.54
5909,6008,360,23.78
6271,6371,360,2.75
6311,6310,361,36.79
6211,6210,361,35.55
3213,3212,361,29.2
914,913,361,8.33
817,816,361,8.71
3613,3512,361,43.17
24,23,361,17.03
3114,3113,361,29.75
3712,3611,361,43.79
4781,4880,361,3.31
5910,6009,361,9.25
5474,5475,361,1.87
4208,4207,362,16.82
5707,5706,362,18.78
522,521,362,5.18
1515,1514,362,8.87
1313,1312,362,10.44
4011,3910,362,26.17
3115,3014,362,45.68
6935,7034,362,4.9
123,22,362,27.04
6620,6719,362,6.09
6111,6110,363,34.7
6211,6110,363,46.16
219,218,363,17.17
5210,5209,363,20.66
3213,3112,363,42.66
5408,5407,363,20.63
6413,6412,363,17.86
2716,2715,363,14.16
4105,4004,363,37.35
5309,5308,363,18.83
2417,2416,363,8.31
5508,5407,363,27.71
120,19,363,33.74
121,20,363,25.18
3114,3013,363,43.1
6360,6459,363,7.46
4109,4008,363,25.7
6544,6643,363,7.82
6359,6459,363,5.39
6362,6461,363,4.68
6415,6514,363,7.29
122,21,363,26.5
1616,1615,363,9.18
3611,3610,364,37.1
3512,3511,364,37.62
3513,3412,364,41.8
6111,6010,364,45.95
5211,5110,364,30.15
3312,3311,364,20.52
4104,4003,364,27.24
4309,4308,364,13.89
5212,5111,364,30.06
4612,4611,364,7.5
2215,2214,364,6.67
6666,6765,364,7.5
6011,6010,364,20.27
4108,4007,364,27
4091,4190,364,3.29
6566,6667,364,5.49
3810,3709,364,27.46
6173,6273,364,1.95
6842,6843,364,10.26
3611,3510,365,41.65
3512,3411,365,43.12
4103,4102,365,20.54
3808,3707,365,30.22
5506,5505,365,20.38
5607,5606,365,20.1
118,117,365,16.03
5210,5109,365,27.96
5408,5307,365,27.35
3809,3708,365,29.54
5707,5606,365,21.85
3312,3211,365,26.58
5507,5406,365,27.39
2014,2013,365,7.8
318,217,365,26.93
119,18,365,20.74
4408,4407,365,14.38
6553,6652,365,7.55
3113,3012,365,39.31
6616,6615,365,17.08
6361,6460,365,4.77
4106,4005,365,26.69
2517,2516,365,7.6
2798,2898,365,1.5
6842,6743,365,13.15
1715,1714,365,8.94
6110,6109,366,37.78
5907,5906,366,17.9
5806,5805,366,18.28
4103,4002,366,26.73
3513,3413,366,17.74
3808,3807,366,19.54
5506,5405,366,25.95
2816,2815,366,14.32
6718,6817,366,15.76
4813,4812,366,7.58
5309,5208,366,21.94
3314,3413,366,8.22
6730,6729,366,6.73
2916,2815,366,17.44
4010,3909,366,20.16
6557,6657,366,5.64
6716,6715,366,17.1
6717,6816,366,16.3
5874,5774,366,5.46
3696,3796,366,2.87
6008,6007,366,18.12
3610,3609,367,37.6
6765,6764,367,34.98
4004,3903,367,41.93
6210,6209,367,18.91
6310,6309,367,19.03
5806,5705,367,20.93
2915,2914,367,14.35
6663,6662,367,15.26
118,17,367,21.63
421,420,367,14.81
3015,2914,367,17.97
2716,2615,367,17.43
4711,4710,367,6.93
6623,6722,367,8.49
3311,3310,367,33.84
6554,6653,367,7.34
3212,3111,367,26.85
6936,7036,367,4.46
3112,3011,367,43.05
3112,3111,367,29.69
3710,3609,367,22.1
6074,6174,367,2.44
4009,3908,367,22.57
4107,4006,367,17.59
3992,4092,367,1.63
6842,6943,367,10.08
1815,1814,367,8.51
3411,3410,368,36
3610,3509,368,43.04
3511,3410,368,44.57
4003,3902,368,43.53
4207,4206,368,17.18
2915,2814,368,17.8
4408,4307,368,17.86
1213,1212,368,9.14
3311,3210,368,45.63
6557,6656,368,8.64
6552,6651,368,5.07
916,815,368,11.12
3510,3509,368,37.73
6615,6614,368,35.31
4683,4782,368,2.61
4008,3907,368,29.81
2015,1914,368,11
6556,6655,368,6.76
5474,5575,368,1.83
3596,3697,368,2.31
3709,3608,368,43.74
6007,6006,369,36.57
4007,3906,369,29.42
5110,5009,369,30.23
5308,5207,369,27.01
6412,6411,369,18.22
5407,5306,369,26.98
5706,5605,369,21.09
4407,4306,369,42
4407,4406,369,28.41
6562,6561,369,12.29
6514,6513,369,18.15
1415,1414,369,7.4
6718,6818,369,8.92
6831,6830,369,6.49
1515,1414,369,11.19
3510,3409,369,45.17
3211,3110,369,43.34
1715,1614,369,11.23
6209,6208,370,37.83
6764,6763,370,33.86
6309,6308,370,35.17
4002,3901,370,43.74
4002,4001,370,30.62
4102,4101,370,20.52
5109,5008,370,28.55
5109,5108,370,20.63
1013,1012,370,8.65
3708,3607,370,30.14
2715,2714,370,14.68
6932,6931,370,6.24
6555,6654,370,8.88
5209,5108,370,23.29
3310,3309,370,33.56
2099,2100,370,1.29
6614,6613,371,37.48
3903,3802,371,45.16
2914,2813,371,45
2914,2913,371,32.58
6209,6108,371,44.46
3807,3706,371,30.05
5405,5404,371,20.16
5505,5404,371,23.96
5505,5504,371,19.74
5307,5206,371,27.69
5406,5305,371,26.34
117,16,371,24.25
117,116,371,16.88
3013,2912,371,19.83
217,116,371,26.52
217,216,371,17.2
3707,3606,371,25.9
4005,3904,371,28.02
7034,7033,371,11.76
913,912,371,10.66
720,719,371,4.33
2715,2614,371,18.49
6647,6746,371,7.86
4978,5077,371,5.2
915,814,371,10.78
3111,3010,371,45.08
3310,3209,371,45.51
6411,6410,372,36.32
3902,3801,372,44.46
3210,3109,372,37.7
4006,3905,372,28.54
6816,6815,372,17.14
3807,3806,372,19.95
5405,5304,372,25.16
3012,2911,372,21.1
1312,1311,372,10.42
1514,1513,372,10.2
1114,1113,372,6.97
6311,6410,372,10.57
2014,1913,372,10.46
914,813,372,10.84
817,716,372,11.09
5208,5107,372,26.69
6715,6714,372,16.93
1213,1112,372,11.35
1214,1113,372,10.01
2814,2713,372,44.6
5974,5975,372,2.3
6549,6650,372,4.77
2997,2998,372,1.4
6006,5905,373,40.53
6006,6005,373,26.77
3608,3507,373,28.58
3509,3508,373,20.61
3409,3308,373,42.6
3409,3408,373,29.12
3609,3508,373,26.49
5705,5704,373,18.85
2114,2113,373,6.54
621,520,373,9.77
3011,2910,373,23.73
6938,7037,373,3.17
6613,6612,374,37.82
4306,4205,374,33.7
4306,4305,374,20.58
4406,4305,374,33.09
4406,4405,374,20.09
5009,4908,374,30.06
5207,5106,374,28.66
5705,5604,374,22
5805,5804,374,13.87
1312,1211,374,11.81
1514,1413,374,11.79
913,812,374,11.51
4914,4913,374,6.09
4711,4610,374,9.74
6648,6747,374,8.02
3309,3208,374,37.08
6624,6723,374,4.83
4206,4205,374,17.16
2813,2812,374,34.23
6843,6844,374,10.02
2714,2613,374,44.05
6649,6748,374,8.61
6815,6814,375,34.94
6613,6512,375,44.2
3802,3701,375,46.18
5008,4907,375,30.23
6513,6512,375,18.4
5306,5205,375,25.12
6764,6863,375,18.9
6943,7042,375,18.37
6817,6916,375,16.51
3904,3803,375,46.17
6719,6819,375,8.17
816,715,375,10.78
620,519,375,9.72
620,619,375,6.91
2713,2712,375,33.37
6469,6568,375,5.4
6714,6713,375,36.51
2813,2712,375,45.79
6843,6744,375,12.9
2614,2513,375,43.39
6410,6409,376,32.97
5404,5403,376,20.13
5108,5007,376,28.19
3607,3506,376,24.19
5008,5007,376,19.24
3706,3605,376,34.34
3706,3705,376,21.1
3110,3009,376,21.97
6764,6864,376,11.9
6943,7043,376,11.3
3606,3505,376,33.16
3606,3605,376,20.15
2713,2612,376,45.42
6666,6766,376,3.7
818,717,376,8.17
6939,7038,376,3.12
2099,2200,376,1.26
6649,6749,376,5.59
2812,2811,377,37.63
3806,3805,377,20.61
5304,5303,377,20.23
3109,3008,377,33.77
3109,3108,377,20.63
3209,3108,377,24.96
5504,5503,377,19.78
5305,5204,377,24.06
5404,5303,377,25.06
5206,5105,377,24.53
6308,6207,377,21.08
6308,6307,377,15.82
3906,3805,377,18.41
116,15,377,26.5
116,115,377,17.2
3010,2909,377,26.69
6817,6917,377,9.53
1714,1713,377,8.67
216,115,377,26.38
216,215,377,17.21
6663,6762,377,8.4
5114,5113,377,4.58
5107,5006,377,29.12
6208,6207,377,14.43
4584,4684,377,1.21
6916,6915,378,34.45
6713,6712,378,37.81
2812,2711,378,45.43
5304,5203,378,25.39
3905,3804,378,24.66
6943,6944,378,9.17
1714,1613,378,11.07
6814,6813,378,33.67
5014,5013,378,5.82
4305,4204,378,38.78
4305,4304,378,25.01
6208,6107,378,17.97
2712,2711,378,36.64
6646,6745,378,4.97
4205,4204,378,25.94
5974,5875,378,3.2
6940,7039,378,3.1
2613,2512,378,44.52
2513,2412,379,43.69
4405,4404,379,20.38
3508,3407,379,26.93
3803,3702,379,46.04
6863,6862,379,30.73
3408,3307,379,25.41
2416,2415,379,6.43
6721,6820,379,6.39
6557,6658,379,4.58
2712,2611,379,46.15
3794,3893,379,3.54
2315,2314,379,5.55
6933,7032,379,3.14
3505,3404,380,41.27
3505,3504,380,27.58
6409,6408,380,27.73
4908,4807,380,27.01
5604,5603,380,19.77
3208,3107,380,24.68
6005,5904,380,23.11
6005,6004,380,16.55
5905,5904,380,15.51
3308,3207,380,23.27
3507,3406,380,22.68
5704,5703,380,14.3
6815,6914,380,18.17
1012,1011,380,10.45
6818,6918,380,9.2
1814,1813,380,8.19
5106,5005,380,25.73
6007,6106,380,10.3
4812,4811,380,7.56
3605,3504,380,42.82
3605,3604,380,29.4
3009,2908,380,38.49
6370,6470,380,1.96
2616,2515,380,7.11
2910,2809,380,22.2
2512,2511,381,34.48
6712,6711,381,34.41
4204,4203,381,34.08
3805,3704,381,45.43
5007,4906,381,30.21
3506,3405,381,33.05
6512,6511,381,18.38
4907,4806,381,26.86
4907,4906,381,17.1
5804,5803,381,15.28
912,911,381,10.67
3108,3007,381,39.54
4104,4203,381,5.18
2711,2710,381,35.55
4409,4508,381,4.21
5403,5402,381,20.12
5203,5202,381,33.98
2512,2411,382,45.88
6712,6611,382,45.86
3804,3703,382,45.82
5205,5104,382,21.9
6612,6611,382,13.53
1513,1512,382,10.12
6863,6962,382,20.26
6662,6661,382,7.02
6764,6865,382,9.55
6729,6728,382,6.28
2013,1912,382,8.49
6459,6559,382,5.35
2711,2610,382,46.16
2611,2610,382,36.78
5006,4905,382,28.63
6207,6206,382,22.39
5503,5502,382,20.31
5403,5302,382,25.01
2698,2699,382,1.26
5303,5302,382,20.31
5203,5102,382,45.69
6914,6913,383,34.82
115,14,383,26.35
115,114,383,17.21
2909,2808,383,28.06
6916,7015,383,18.52
4404,4303,383,42.75
4404,4403,383,29.31
1112,1111,383,9.28
6863,6963,383,13.93
815,714,383,9.6
6943,7044,383,9
2013,2012,383,5.64
6814,6913,383,19
1212,1111,383,9.54
4304,4303,383,20.51
5204,5103,383,24
2611,2510,383,46.12
5202,5201,384,34.62
4203,4202,384,34.72
2809,2708,384,43.12
6307,6306,384,16.19
5105,5004,384,21.16
6916,7016,384,11.46
1413,1412,384,10.58
912,811,384,11.58
6411,6510,384,10.02
6561,6560,384,6.75
6657,6756,384,7.87
3107,3006,384,45.37
3107,3106,384,33.27
5212,5112,384,3.94
1313,1412,384,4.31
6813,6812,384,18.48
2710,2709,384,35.29
5502,5501,385,33.37
5302,5301,385,34.21
5102,5101,385,35.42
2610,2609,385,37.48
6711,6610,385,40.14
6711,6710,385,26.37
2511,2410,385,46.05
5202,5101,385,45.93
3007,2906,385,36.4
6408,6407,385,22.59
4807,4706,385,29.2
3307,3206,385,23.99
6830,6829,385,6.62
3405,3304,385,41.19
3604,3603,385,20.52
5603,5602,385,20.54
6844,6845,385,9.95
3406,3305,385,33.74
2214,2213,385,4.98
1311,1310,385,8.24
2614,2514,385,7.52
2710,2609,385,46.11
2997,3098,385,1.36
7015,7014,386,36.54
6913,6912,386,37.52
2510,2509,386,37.6
5502,5401,386,45.42
5102,5001,386,46.14
2610,2509,386,45.66
4906,4805,386,30.19
6962,6961,386,33.07
3703,3602,386,46.21
6862,6861,386,16.62
6915,7014,386,19.16
6762,6761,386,12.19
1211,1210,386,8.95
6931,6930,386,6.41
6655,6754,386,8.11
813,712,386,10.43
3407,3306,386,22.61
6653,6752,386,7.71
3604,3503,386,26.59
814,713,386,9.77
1311,1210,386,10.78
819,718,386,5.04
5005,4904,386,23.9
5974,6075,386,2.25
6656,6755,386,7.99
4202,4201,387,34.73
5103,5002,387,46.04
2510,2409,387,45.48
5904,5903,387,16.42
6004,5903,387,23.17
6004,6003,387,16.57
6106,6105,387,16.33
2412,2311,387,17.95
4905,4804,387,28.42
1211,1110,387,11.24
3404,3403,387,14.48
5703,5702,387,15.67
1913,1812,387,9.56
719,618,387,9.13
812,711,387,11.51
2708,2707,387,37.37
716,615,387,9.93
4403,4302,387,45.27
4403,4402,387,33.08
3106,3105,387,33.68
2609,2608,388,37.57
6710,6709,388,37.53
6510,6509,388,25.35
6661,6660,388,19.69
5803,5802,388,16.38
4806,4705,388,22.93
6914,7013,388,18.25
6407,6406,388,33.86
3702,3601,388,16.71
6917,7017,388,9.89
6819,6919,388,8.06
2513,2413,388,7.71
519,518,388,8.32
520,419,388,9.9
2709,2608,388,44.86
3404,3303,388,18.06
6863,6964,388,11.54
2708,2607,388,42.32
6657,6757,388,4.61
5110,5010,388,4.29
4978,5078,388,2.61
6812,6811,388,31.25
3106,3005,388,45.56
2609,2508,389,42.93
6610,6609,389,29.27
6710,6609,389,45.59
1613,1612,389,9.21
1713,1712,389,8.8
519,418,389,10.83
4913,4912,389,6.76
3603,3502,389,46.21
4710,4609,389,6.56
6844,6945,389,9.77
3206,3205,389,31.08
6944,6945,389,9.73
5104,5003,389,21.69
4287,4387,389,1.21
6941,7040,389,3.2
6206,6205,389,16.33
3105,3104,390,33.49
4706,4605,390,29.81
2808,2807,390,14.63
14,13,390,16.06
6962,7061,390,19.33
717,616,390,10.58
6650,6750,390,5.8
6654,6753,390,7.21
6653,6753,390,4.45
6912,6911,390,29.61
4407,4506,390,5.72
7035,7134,390,4.85
6721,6821,390,3.12
4879,4979,390,3.05
4408,4507,390,4.24
715,614,390,9.65
5175,5176,390,1.19
6649,6750,390,4.53
7013,7012,391,37.34
3105,3004,391,45.48
4805,4704,391,29.82
2906,2805,391,25.92
2906,2905,391,17.2
6829,6828,391,17.69
3006,2905,391,21.64
2411,2310,391,16.35
6962,7062,391,12.44
1011,1010,391,9.21
5875,5775,391,8.32
6406,6405,391,35.1
7034,7133,391,4.9
3795,3894,391,3.65
6469,6569,391,2.61
5002,4901,391,46.2
6272,6372,391,1.79
6306,6305,391,15.14
5004,4903,391,21.28
2598,2599,391,1.04
6609,6608,392,36.1
2608,2507,392,39.77
6509,6508,392,27.82
4402,4401,392,20.44
4302,4301,392,20.08
6861,6860,392,18.66
6961,6960,392,17.09
6761,6760,392,19.65
5602,5601,392,15.61
7015,7114,392,16.63
6918,7018,392,9.06
911,910,392,9.91
6709,6708,392,30.96
6624,6724,392,2.39
6748,6847,392,7.93
7042,7041,392,6.21
7061,7060,393,33.65
6752,6751,393,14.91
3305,3204,393,19.87
7016,7115,393,16.73
6820,6920,393,7.17
4710,4709,393,4
6652,6751,393,5.14
6944,7045,393,9.55
6811,6810,393,24.65
6747,6846,393,7.83
5003,4902,393,44.42
5903,5902,394,16.56
6105,6104,394,16.25
5702,5701,394,16.49
911,810,394,11.71
811,810,394,10.55
6405,6404,394,37.64
2707,2606,394,20.6
2707,2706,394,15.62
6749,6848,394,8.32
2711,2810,394,9.31
6305,6304,394,36.79
6960,6959,395,37.81
6608,6607,395,36.01
7114,7113,395,36.38
6860,6859,395,37.82
6508,6507,395,35.94
6760,6759,395,37.51
4704,4603,395,37.62
4903,4802,395,42.66
3005,2904,395,21.05
6003,6002,395,14.19
2409,2408,395,12.94
7014,7113,395,16.34
2410,2309,395,15.59
1412,1411,395,9.14
7016,7116,395,9.72
1512,1511,395,8.24
6963,7063,395,8.88
5009,4909,395,3.94
6708,6707,395,36.7
3503,3402,395,15.97
3304,3203,395,15.62
4781,4881,395,1.6
6911,6910,395,21.66
6305,6204,395,41
5802,5801,395,16.46
5574,5675,395,1.47
7060,7059,396,37.16
6760,6659,396,42.74
4704,4703,396,23.92
7012,7011,396,24.25
4605,4504,396,27.81
2807,2806,396,16.79
4506,4505,396,19.58
3104,3103,396,17.23
2413,2312,396,19.03
2311,2210,396,16.89
7032,7031,396,6.14
6406,6505,396,18.05
2113,2112,396,4.37
6709,6809,396,13.79
6709,6808,396,20.19
6810,6809,396,37.78
6749,6849,396,5.14
2299,2300,396,1.12
3303,3302,396,13.8
4902,4801,397,45.1
4903,4803,397,17.07
2805,2704,397,25.86
2805,2804,397,17.2
2905,2804,397,24
3004,3003,397,18.33
6828,6827,397,17.39
4605,4604,397,16.21
2409,2308,397,15.19
6304,6303,397,37.71
714,613,397,10.36
811,710,397,11.78
7036,7135,397,4.88
7035,7135,397,2.71
4091,4191,397,1.59
5275,5276,397,1.25
6759,6758,398,37.81
3004,2903,398,21
6910,6909,398,37.02
7061,7160,398,19.02
6304,6203,398,45.22
6707,6706,398,36.23
6607,6606,398,33.97
6406,6506,398,10.96
6002,6001,398,33.41
6404,6403,398,29.23
3696,3797,398,2.24
3303,3202,398,14.48
6808,6807,399,35.05
7059,7058,399,37.83
4603,4502,399,43.33
4603,4602,399,30.05
4802,4701,399,43.28
6828,6727,399,19.44
7061,7161,399,12.04
2514,2414,399,7.58
6728,6727,399,5.95
518,517,399,9.7
6002,5901,399,35.58
6945,6946,399,10.16
3892,3993,399,1.24
7059,6958,400,44.52
6204,6103,400,32.9
2606,2505,400,24.91
2606,2605,400,17.04
2310,2209,400,15.95
7133,7132,400,11.75
6505,6504,400,31.72
7017,7117,400,8.38
6919,7019,400,8.8
711,610,400,11.19
718,617,400,10.82
713,612,400,10.84
1210,1209,400,7.33
712,611,400,10.42
6864,6965,400,6.03
7011,7010,400,28.95
7033,7132,400,4.98
2706,2605,400,26.75
2706,2705,400,17.15
6756,6855,400,8.85
3601,3501,400,8.67
6706,6705,401,37.83
7160,7159,401,36.65
6203,6202,401,33.86
6909,6908,401,35.73
6403,6402,401,34.43
4604,4503,401,37.22
6303,6202,401,41.87
6303,6302,401,28.25
4703,4702,401,20.28
2904,2803,401,24.23
7114,7213,401,16.83
7013,7112,401,11.43
615,514,401,10.55
1110,1009,401,10.3
1110,1109,401,7.6
1210,1109,401,10.08
1912,1811,401,7.85
4811,4810,401,4.8
4504,4503,401,20.65
6667,6767,401,2.74
1310,1309,401,6.57
518,417,401,11.62
6756,6856,401,6.11
6847,6947,401,12.05
6807,6806,402,35.79
6706,6605,402,44.38
6203,6102,402,45.64
3402,3401,402,14.52
1612,1611,402,8
6930,6929,402,6.38
6606,6605,402,32.41
1912,1911,402,5.06
3007,2907,402,4.89
5013,5012,402,4.28
4908,4808,402,3.64
7037,7136,402,4.93
6174,6274,402,2.89
3502,3401,402,11.15
3796,3895,402,3.96
2698,2799,402,1.23
7058,7057,403,31.07
3103,3102,403,14.47
3302,3301,403,14.77
2112,2111,403,14.51
6504,6503,403,33.64
7114,7214,403,9.81
614,513,403,11.57
1712,1711,403,7.49
6964,7064,403,7.15
1812,1711,403,9.19
6752,6851,403,8.5
2704,2603,403,23.59
2704,2703,403,16.7
2314,2313,403,4.19
2408,2407,403,13.47
6371,6471,403,2.37
6002,6101,403,19.15
4502,4501,403,31.4
6827,6826,403,17.79
6705,6704,404,34.37
6908,6907,404,34.1
7159,7158,404,37.69
6958,6957,404,29.99
7058,6957,404,32.51
3202,3201,404,16.89
3003,3002,404,14.45
2312,2211,404,18.13
2112,2011,404,18.13
6910,7009,404,15.96
910,909,404,8.63
6829,6928,404,7.46
2408,2307,404,16.12
6402,6401,404,36.02
7010,7009,404,33.08
616,515,404,10.84
6945,7046,404,9.98
6302,6301,404,37.67
4485,4486,404,0.98
6605,6604,405,35.72
7112,7111,405,26.73
6705,6604,405,36.92
4702,4601,405,44.01
6958,6858,405,21.82
6958,6857,405,31.17
2210,2109,405,16.86
2309,2208,405,15.07
810,809,405,9.61
7061,7162,405,9.69
910,809,405,11.04
6755,6854,405,7.61
6752,6852,405,5.41
6754,6853,405,7.48
4701,4601,405,19.19
6820,6921,405,5.48
4602,4601,405,19.94
6202,6201,405,32.17
6827,6726,405,20.08
6302,6201,405,45.33
7038,7137,405,4.96
6826,6825,406,37.83
6806,6805,406,29.45
2605,2504,406,26.95
2605,2604,406,17.05
2505,2404,406,26.72
2505,2504,406,17.16
3202,3101,406,18.66
7116,7215,406,13.99
6920,7020,406,8.03
7018,7118,406,7.49
2308,2207,406,16.18
2705,2604,406,26.84
6503,6502,406,37.62
6907,6906,407,34.59
6826,6725,407,44.48
4808,4707,407,29.71
7058,7157,407,20.15
2903,2902,407,11.29
7160,7259,407,16.5
3003,2902,407,15.29
810,709,407,11.59
6765,6866,407,3.34
7039,7138,407,4.93
6847,6948,407,9.7
6604,6603,408,37.44
7111,7110,408,35.94
6704,6703,408,31.85
7009,7008,408,28.34
6750,6850,408,5.58
7161,7260,408,16.19
7010,7109,408,19.33
2399,2400,408,1.6
6825,6824,409,37.71
3002,3001,409,20.07
6806,6905,409,20.58
6705,6804,409,18.58
2803,2802,409,14.02
2209,2108,409,15.88
2703,2702,409,16.88
7116,7216,409,7.61
7213,7212,409,13.92
5875,5876,409,3.26
2603,2602,409,19.39
217,316,409,3.24
6722,6822,409,2.44
6502,6501,409,35.57
6928,6927,410,16.78
3002,2901,410,24.87
2111,2110,410,14.56
6947,7047,410,11.78
613,512,410,11.63
710,609,410,11.63
7063,7163,410,7.06
6828,6927,410,7.6
1411,1410,410,6.97
2607,2506,410,6.7
7161,7261,410,9.26
7057,7056,410,14.75
2603,2502,410,23.12
4190,4289,410,3.09
6273,6373,410,2.18
6074,6175,410,1.83
7008,7007,411,37.71
6603,6602,411,35.35
7158,7257,411,20.34
2111,2010,411,18.24
2313,2212,411,18.18
2307,2306,411,14.43
7159,7258,411,14.45
517,516,411,8.93
2507,2406,411,7.59
4912,4911,411,4.61
5875,5776,411,4.41
7109,7108,411,35.41
4683,4783,411,1.24
6824,6823,412,35.21
6703,6702,412,32.44
4707,4606,412,29.71
2604,2503,412,25.61
2504,2403,412,26.58
2504,2503,412,17.19
2404,2303,412,26.7
2404,2403,412,17.17
6907,7006,412,18.42
6704,6803,412,19.87
2307,2206,412,17.97
7117,7217,412,8.52
7031,7030,412,6.33
1511,1510,412,5.95
7212,7211,412,35.09
4706,4606,412,3.78
6957,6956,412,13.39
6667,6668,412,2.11
3497,3498,412,1.35
2902,2801,413,25.59
7019,7119,413,8.06
610,509,413,11.36
5078,5178,413,4.06
5078,5177,413,5.69
6906,7005,414,20.77
6805,6904,414,20.06
7215,7314,414,18.11
2109,2008,414,16.92
7111,7210,414,17.3
2208,2107,414,15.79
6826,6925,414,13.35
7064,7164,414,9.2
514,413,414,11.64
612,511,414,10.65
611,510,414,10.48
6602,6601,414,35.01
2207,2106,414,17.73
6964,7065,414,5.47
7039,7139,414,2.79
3097,3198,414,1.15
7257,7256,415,29.39
2802,2701,415,25.04
2702,2601,415,24.24
2702,2701,415,19.85
517,416,415,9.07
2602,2601,415,17.74
7157,7156,415,13.41
216,315,415,3.27
7108,7107,415,28.47
6702,6701,416,31.86
6803,6802,416,29.04
6804,6903,416,20.77
6703,6802,416,19.63
6948,7048,416,11.9
7215,7315,416,11.02
513,412,416,11.77
6947,7048,416,9.44
6920,7021,416,6.19
6927,6926,416,16.72
4609,4608,416,3.74
6470,6570,416,2.8
4879,4980,416,2.4
3497,3398,416,1.91
7210,7209,417,36.86
6925,6924,417,36.38
2506,2405,417,22.09
709,708,417,10.41
7118,7218,417,9.21
809,808,417,8.71
515,414,417,11.45
1009,908,417,8.95
1209,1108,417,8.47
7132,7131,417,6.24
5078,5079,417,3.46
2602,2501,417,19.99
4092,4192,417,2.01
3796,3896,417,1.99
2303,2202,418,25.47
2303,2302,418,17.15
2010,2009,418,14.62
2306,2305,418,14.45
7257,7357,418,14.72
7257,7356,418,20.59
2110,2009,418,18.11
6948,6949,418,9.73
7005,7004,418,29.92
1009,1008,418,6.08
1209,1208,418,5.62
6849,6949,418,4.71
1109,1008,418,8.78
215,214,418,2.47
7108,7208,418,15.25
7108,7207,418,20.76
2403,2402,419,16.52
6803,6902,419,20.66
2010,1909,419,18.35
2306,2205,419,18.01
7216,7316,419,10.06
2108,2007,419,15.6
709,608,419,11.81
6856,6955,419,8.01
7006,7106,419,15.66
7006,7105,419,20.85
6855,6954,419,7.84
13,12,419,3.48
7161,7262,419,7.22
5375,5376,419,1.23
6924,6923,420,37.05
6802,6801,420,27.4
6702,6801,420,19.87
7258,7358,420,12.34
6851,6950,420,8.74
6767,6867,420,5.29
7133,7232,420,4.91
7134,7233,420,4.85
14,113,420,3.83
7214,7313,420,8.6
4288,4388,420,1.47
2302,2301,421,53.34
2202,2201,421,62.52
7217,7317,421,12.12
2502,2401,421,12.01
1711,1710,421,12.98
6851,6951,421,7.37
7005,7104,421,22.77
1611,1610,421,13.18
1309,1308,421,12.76
7042,7141,421,3.87
6923,6922,422,52.26
6903,7003,422,16.49
7313,7312,422,57.04
7004,7003,422,25.98
7056,7055,422,13.59
6948,7049,422,11.35
6928,7027,422,9.97
7356,7355,422,36.29
1811,1810,422,12.41
4709,4708,422,10.93
5875,5976,422,3.87
6902,6901,423,30.45
2202,2101,423,21.88
7315,7415,423,16.31
7315,7414,423,23.22
6802,6901,423,22.86
6903,7002,423,23.18
6925,7024,423,20.22
7119,7219,423,10.76
509,508,423,12.53
5776,5676,423,7.4
7064,7165,423,8.52
1911,1910,423,12.03
7356,7255,423,30.62
2305,2304,423,30.23
2205,2204,424,22.17
7209,7308,424,23.03
1410,1409,424,12.92
6852,6952,424,6.66
7019,7120,424,5.6
12,11,424,23.92
7212,7311,424,13.27
1909,1908,425,20.29
7357,7457,425,15.57
7357,7456,425,23.29
7207,7206,425,15.84
6924,7023,425,19.09
7156,7155,425,13.54
412,411,425,13.66
2008,1907,425,10.79
6925,7025,425,10.27
7209,7309,425,14.09
7258,7359,425,11.64
7004,7103,425,22.38
516,415,425,7.32
6928,7028,425,5.46
5012,5011,425,10.26
7356,7455,425,23.04
4810,4809,425,10.44
7135,7234,425,6.41
6569,6669,425,3.67
2007,2006,426,16.81
7316,7416,426,14.59
6902,7001,426,23.2
7131,7130,426,13.53
708,707,426,13.73
6767,6768,426,4.31
2204,2203,426,55.25
1510,1509,426,12.43
7414,7413,426,47.4
7355,7354,426,28.93
1810,1809,427,20.7
608,607,427,13.49
808,807,427,13.1
315,314,427,11.77
7065,7066,427,8.05
509,408,427,9.56
7030,7029,427,7.37
6927,7026,427,9.91
2106,2105,427,11.76
7023,7022,428,46
7055,7054,428,17.09
7413,7412,428,52.21
7317,7417,428,14.48
1008,1007,428,12.29
1208,1207,428,12.32
1108,1107,428,12.4
908,907,428,12.36
4608,4607,428,11.34
7217,7318,428,8.82
4911,4910,428,10.26
7455,7454,428,34.16
7211,7310,428,10.15
7355,7254,428,26.72
11,10,428,31.55
7042,7142,428,2.15
7103,7102,429,26.72
7312,7411,429,22.25
7358,7458,429,12.11
6954,6953,429,10.77
214,213,429,11.23
7003,7102,429,22.97
7065,6966,429,9.81
413,312,429,8.77
7141,7140,429,13.73
7136,7235,429,6.43
3597,3598,429,1.1
1710,1709,430,12
113,112,430,10.74
7002,7101,430,23.29
6373,6472,430,8.49
1308,1307,430,11.77
1610,1609,430,12.26
4190,4290,430,1.82
7103,7203,431,17.78
7155,7154,431,17.34
7219,7319,431,13.86
1909,1808,431,11.34
2205,2104,431,11.57
7119,7220,431,7.67
7137,7236,431,6.45
7308,7307,431,15.35
7414,7513,431,19.44
10,9,431,35.14
6174,6275,431,2.6
2006,2005,432,19.84
7456,7556,432,16.13
7456,7555,432,23.25
7457,7556,432,22.82
7206,7205,432,15.57
7103,7202,432,22.57
1907,1906,432,16.62
2007,1906,432,10.77
7065,7166,432,8.55
7455,7555,432,14.96
7455,7554,432,23.25
5078,5179,432,2.81
7454,7453,432,28.54
4092,4093,432,1.54
4585,4685,432,1.47
3992,4093,432,1.31
2104,2103,433,62.89
7354,7353,433,15.9
7416,7516,433,15.22
7416,7515,433,23.28
7457,7557,433,13.58
411,410,433,13.68
7023,7122,433,20.09
1409,1408,433,11.9
7207,7306,433,10.19
414,313,433,8.9
510,409,433,6.33
7138,7237,433,6.45
2499,2500,433,1.02
2399,2500,433,1.68
7026,7125,434,21.55
707,706,434,12.99
508,507,434,9.38
7317,7418,434,11.02
7232,7231,434,7.6
7105,7204,434,10.19
412,311,434,7.23
7414,7514,434,9.6
9,8,434,39.09
7513,7512,435,30.98
607,606,435,13.51
408,407,435,13.44
1509,1508,435,11.55
7023,7123,435,10.16
7413,7512,435,16.88
6951,7050,435,10.14
1709,1708,435,21.41
6767,6868,435,4.61
6471,6571,435,3.57
7454,7553,435,22.95
7453,7452,436,31.87
2103,2102,436,42.85
7411,7410,436,14.63
7102,7201,436,23.03
7054,7053,436,13.28
7026,7126,436,11.64
807,806,436,11.54
6951,7051,436,6.84
7417,7517,436,14.13
2202,2102,436,5.56
7125,7124,437,43.82
8,7,437,34.63
7353,7352,437,28.86
7453,7352,437,28.49
213,212,437,13.54
1207,1206,437,11.54
7354,7253,437,13.47
7359,7459,437,8.89
7219,7320,437,10.41
2101,2001,437,7.4
1107,1106,437,11.62
7120,7121,437,7.72
7358,7459,437,8.81
1808,1807,437,19.49
1007,1006,437,11.39
4485,4586,437,1.04
7556,7656,438,17.59
7513,7613,438,16.21
7513,7612,438,23.24
5178,5277,438,6.32
907,906,438,11.07
5776,5777,438,3.85
6274,6374,438,3.13
7308,7407,438,10.19
7139,7238,438,6.45
2798,2899,438,1.13
7353,7252,439,26.67
7555,7654,439,21.8
7453,7552,439,23.28
7556,7655,439,22.69
1307,1306,439,11.2
1609,1608,439,11.68
2006,1905,439,11.28
7130,7129,439,7.78
7457,7558,439,10.13
7309,7408,439,10.19
7206,7305,439,10.19
1907,1806,439,10.73
7319,7419,439,14.19
6373,6473,439,3.85
3895,3994,439,4.56
3894,3994,439,2.31
5475,5476,439,1.22
7452,7451,440,31.7
1508,1507,440,22.76
1708,1707,440,21.08
2104,2003,440,16.8
112,111,440,10.61
6952,7052,440,6.5
4192,4291,440,6.31
7452,7351,441,28.39
7125,7224,441,21
7418,7518,441,14.82
7309,7409,441,6.51
6669,6769,441,6.48
5776,5677,441,4.67
2005,2004,441,11.85
3797,3897,441,2.49
1707,1706,442,60
7,6,442,24.57
1006,1005,442,20.85
7231,7230,442,13.58
311,310,442,13.73
7556,7657,442,14.8
7154,7153,442,9.73
7513,7614,442,12.93
1507,1506,442,63.15
7066,7067,442,6.97
1408,1407,442,11.27
7120,7221,442,8.2
507,506,442,13.52
7451,7450,443,33.73
2003,2002,443,49.72
7452,7551,443,23.28
7517,7616,443,20.7
7512,7511,443,13.79
7411,7510,443,10.17
7359,7360,443,5.81
6570,6670,443,3.9
7412,7511,443,9.93
407,406,443,13.58
706,705,443,11.97
606,605,443,12.66
3397,3298,443,1.4
7126,7225,443,20.94
1506,1505,444,63.2
1905,1904,444,21.61
1608,1607,444,21.75
7201,7301,444,13.54
7066,6967,444,8.58
7026,7127,444,8.4
1306,1305,444,23.79
7139,7239,444,3.48
7351,7350,445,31.99
7451,7350,445,29.47
7252,7251,445,17.16
7656,7756,445,15.27
7656,7755,445,23.28
7320,7420,445,13.73
212,211,445,13.72
7307,7406,445,10.19
312,211,445,9.18
408,307,445,8.18
4388,4487,445,5.76
7319,7420,445,10.73
4783,4882,445,4.64
806,805,445,11.15
4782,4882,445,1.5
6,5,446,25.21
7351,7250,446,28.56
1707,1606,446,25.76
7655,7754,446,22.34
1607,1606,446,62.41
7612,7611,446,13.85
7517,7617,446,10.73
7205,7304,446,10.19
7203,7303,446,7.02
7203,7302,446,10.08
5178,5278,446,3.19
1106,1105,446,11.35
7126,7226,446,10.97
1407,1406,447,22.66
1706,1705,447,21.43
7451,7550,447,23.27
7418,7519,447,11.37
7306,7405,447,10.15
7066,7167,447,7.42
5776,5877,447,4.08
1206,1205,447,11.03
2998,2999,447,1.33
7350,7349,448,33.34
1806,1805,448,12.05
906,905,448,10.91
7320,7321,448,9.74
7459,7559,448,9.38
1606,1605,448,61.89
7234,7333,448,6.4
7359,7460,448,6.2
4684,4784,448,1.61
1904,1903,449,24.06
7616,7615,449,17.99
7518,7618,449,12.81
7224,7223,449,13.32
1705,1704,449,58.43
7050,7149,449,10.18
4192,4292,449,3.18
1605,1604,450,61.48
5,4,450,28.53
7350,7249,450,29.27
7230,7229,450,13.62
1506,1405,450,18.88
506,505,450,13.47
7252,7151,450,14.03
7654,7653,450,9.39
7656,7757,450,11.85
7410,7509,450,10.15
7051,7150,450,10.18
7123,7222,450,9.86
310,309,450,13.49
5575,5576,450,1.17
1903,1902,451,55.49
1704,1703,451,63.2
7301,7401,451,14.76
7450,7449,451,12.78
1005,1004,451,11.98
7320,7421,451,10.28
7053,7152,451,10.08
6473,6572,451,12.25
111,110,451,9.94
7045,7144,451,2.83
11,110,451,5.27
7044,7143,451,2.46
7349,7348,452,32.97
1205,1204,452,22.89
1105,1104,452,19.73
7755,7854,452,22.74
605,604,452,12.24
705,704,452,11.56
406,405,452,12.35
1905,1804,452,11.51
7129,7128,452,8.02
7612,7711,452,10.12
7613,7712,452,10.19
409,308,452,7.49
2001,1901,452,6.97
3896,3995,452,4.17
7349,7248,453,29.08
211,210,453,12.97
7420,7520,453,14.2
7755,7855,453,13.41
1703,1702,453,63.13
7305,7404,453,10.15
7408,7507,453,10.16
7407,7507,453,7.08
7407,7506,453,10.06
7226,7325,453,21.93
7449,7448,454,34.7
4,3,454,27.48
1605,1504,454,23.82
7611,7610,454,13.96
805,804,454,11.3
307,306,454,11.16
1305,1304,454,10.76
1505,1504,454,10.48
1604,1603,454,25.52
7236,7335,454,6.42
7408,7508,454,6.73
1405,1404,454,25.58
407,306,454,7.69
110,109,454,43.49
3697,3698,454,1.13
7559,7658,455,21.53
7333,7332,455,14.3
7550,7549,455,12.87
7613,7713,455,6.2
1702,1701,455,53.2
7237,7336,455,6.44
6275,6375,455,4.32
7234,7334,455,3.36
7226,7326,455,12.11
7126,7227,455,7.84
1304,1303,456,61.99
7248,7247,456,34.2
7615,7714,456,22.74
1804,1803,456,25.96
1603,1602,456,59.36
4290,4389,456,5.65
7046,7145,456,3.02
7448,7447,457,34.31
7615,7715,457,13.4
7618,7717,457,18.22
7149,7148,457,13.72
905,904,457,11.34
7559,7659,457,11.61
7754,7753,457,9.15
7301,7402,457,11.31
7510,7609,457,10.14
7518,7619,457,9.42
6571,6671,457,4.67
7553,7652,457,6.5
109,108,457,49.02
1303,1302,458,57.13
7549,7548,458,34.96
3,2,458,27.15
7248,7147,458,29.7
7449,7548,458,23.21
7229,7228,458,13.63
505,504,458,12.8
1803,1802,458,58.62
406,305,458,9.67
1702,1601,458,30.78
6768,6869,458,4.47
7232,7331,458,3.74
6669,6770,458,4.41
7164,7263,458,3.49
1602,1601,458,58.25
2699,2700,458,1.3
4092,4193,458,1.65
7448,7347,459,29.75
1104,1103,459,16.15
7711,7710,459,14.7
7421,7521,459,14.27
7321,7322,459,9.82
7420,7521,459,10.74
7459,7560,459,6.57
6473,6573,459,5.16
7047,7146,459,3.11
1302,1301,460,52.5
1802,1801,460,60.44
7404,7403,460,15.48
1004,1003,460,11.89
7304,7403,460,10.13
7406,7505,460,10.05
7755,7856,460,9.97
7855,7955,460,15.53
7855,7954,460,23.29
7067,7068,460,5.85
7238,7337,460,6.44
1603,1502,460,26.44
4388,4488,460,2.53
405,404,460,13.72
6175,6176,460,2.01
108,107,460,49.33
3797,3798,460,1.58
1303,1202,461,28.41
1304,1203,461,22.98
7448,7547,461,23.24
7325,7324,461,12.81
604,603,461,11.75
704,703,461,11.3
1204,1203,461,12.37
7421,7422,461,10.26
7618,7718,461,8.67
7405,7504,461,10.17
7617,7716,461,9.66
7616,7716,461,5.72
7552,7651,461,6.49
1502,1501,462,58.84
2,1,462,29.48
7549,7649,462,14.64
7549,7648,462,23.19
7067,6968,462,7.27
5278,5377,462,9.06
1604,1503,462,11.86
210,209,462,11.3
4881,4981,462,1.61
1602,1501,462,27.5
2699,2600,462,1.64
7326,7425,462,22.83
1302,1201,463,31.08
7145,7244,463,22.78
804,803,463,11.27
5677,5577,463,4.65
4291,4390,463,6.34
7,106,463,5.62
107,106,463,48.44
7326,7426,463,13.58
7226,7327,463,8.8
7659,7758,464,22.92
7609,7608,464,14.8
7247,7246,464,12.52
7145,7245,464,13.47
1404,1403,464,10.69
7509,7608,464,10.18
7854,7853,464,8.94
7224,7323,464,6.4
7425,7424,465,37.28
7447,7446,465,12.62
7659,7759,465,13.79
7421,7522,465,10.81
7559,7660,465,8.38
7855,7956,465,12.14
7551,7650,465,6.45
7067,7168,465,6.25
6374,6474,465,3.8
6175,6076,465,2.54
3897,3996,465,5.92
1403,1402,466,55.29
1202,1101,466,32.51
1003,1002,466,17.05
1502,1401,466,26.96
7955,8055,466,17.73
7710,7709,466,14.99
7521,7621,466,14.72
7521,7620,466,23.21
7331,7330,466,13.37
904,903,466,11.57
7753,7752,466,12.05
7711,7810,466,10.18
7712,7811,466,10.17
7239,7338,466,6.45
305,304,466,12.62
7955,8054,467,22.61
7347,7346,467,12.58
1103,1102,467,13.52
7404,7503,467,10.19
7507,7607,467,7.36
504,503,467,12.27
6275,6276,467,2.81
7141,7240,467,3.09
7424,7423,468,36.66
404,403,468,13.02
7506,7606,468,7.06
7506,7605,468,10.07
7507,7606,468,9.92
7712,7812,468,6.65
7401,7501,468,6.14
6,105,468,5.59
7165,7264,468,3.2
4783,4883,468,1.82
7425,7524,469,22.88
7547,7546,469,12.64
7326,7427,469,10.14
7425,7525,470,13.7
603,602,470,11.31
703,702,470,11.16
7955,8056,470,15.01
7714,7813,470,10.16
7713,7813,470,6.71
5278,5378,470,4.31
7426,7525,470,22.77
7244,7243,471,13.71
7648,7647,471,12.34
7717,7816,471,10.18
7659,7760,471,10.34
7609,7708,471,10.18
7714,7814,471,6.71
7333,7432,471,6.33
4291,4391,471,3.24
7426,7526,471,13.46
903,902,472,19.48
7424,7523,472,22.98
7522,7622,472,14.46
803,802,472,11.41
209,208,472,10.21
7954,7953,472,8.63
7521,7622,472,11.27
7715,7815,472,7.01
7227,7328,472,8.75
7142,7241,472,3.27
7810,7809,473,15.58
8055,8155,473,16.63
8055,8154,473,23.14
7446,7445,473,12.71
7853,7852,473,11.62
7710,7809,473,10.19
7402,7502,473,6.56
7618,7719,473,6.03
5,104,473,5.42
4980,5080,473,1.8
7239,7339,473,3.49
7605,7604,474,17.17
7330,7329,474,13.73
1002,1001,474,13.3
7505,7604,474,10.19
304,303,474,12.67
6573,6672,474,10.01
7717,7817,474,6.14
702,701,475,20.39
7346,7345,475,12.62
7660,7661,475,10.44
7504,7603,475,10.18
7752,7751,475,12.35
7262,7361,475,2.58
2998,3099,475,1.42
104,103,476,48.54
4,103,476,5.47
503,502,476,11.63
7525,7624,477,22.95
7546,7545,477,12.75
7427,7527,477,13.12
403,402,477,12.32
8055,8156,477,13.46
7660,7561,477,12.37
7335,7434,477,6.37
5178,5279,477,2.26
802,801,478,19.48
7760,7860,478,14.66
7760,7859,478,23.19
7525,7625,478,13.88
7522,7623,478,11
7660,7761,478,10.99
7336,7435,478,6.4
7327,7428,478,9.97
6670,6771,478,4.08
7526,7625,478,22.77
103,102,479,47.8
7647,7646,479,12.82
7432,7431,479,13.28
7708,7707,479,13.62
7608,7707,479,10.07
6275,6376,479,3
7526,7626,479,13.46
7243,7242,479,12.96
3897,3997,479,2.68
