7834,7833,10,9.76
7834,7733,12,10.95
7733,7732,16,31.18
7834,7734,16,6.06
7733,7633,17,21.91
7733,7632,17,33.7
7733,7832,20,19.44
7833,7832,20,10.09
7733,7634,22,14.16
7834,7933,27,5.21
7732,7631,28,12.16
7732,7731,28,9.07
7632,7531,29,12.11
7633,7532,29,12.06
7834,7934,30,3.25
7832,7831,32,8.76
7634,7533,34,11.81
7834,7835,37,2.7
7533,7432,38,35.44
7933,7932,38,10
7833,7932,38,5.12
7533,7433,39,21.55
7731,7730,39,9.19
7631,7630,39,9.36
7834,7735,39,3.57
7631,7530,40,12.21
7531,7430,41,12.15
7532,7431,41,12.01
7433,7332,43,36.57
7831,7830,43,9.56
7530,7529,44,30.42
7433,7333,44,21.24
7533,7534,44,10.32
7530,7429,45,32.61
7533,7434,45,13.36
7530,7629,48,19.75
7932,7931,49,9.91
7730,7729,50,9.29
7433,7334,51,12.83
7432,7331,52,10.84
7834,7935,53,2.63
7830,7829,54,9.84
7534,7435,55,12.99
7534,7535,55,9.96
7430,7329,55,10.5
7431,7330,55,10.5
7933,8032,55,5.14
7529,7428,56,12.01
7529,7528,56,8.55
7429,7328,57,12.16
7333,7232,57,11.7
7934,8033,58,5.23
7534,7635,59,9.68
7931,7930,60,9.67
7629,7628,61,4.44
7333,7233,61,12.98
7934,8034,61,2.07
7331,7231,64,14.22
7729,7728,64,1.95
7435,7335,65,14.24
7328,7228,66,15.03
7835,7736,66,10.53
7329,7229,67,13.28
7330,7230,67,12.84
7333,7234,69,9.77
7835,7836,69,4.23
7335,7235,73,13.81
7435,7336,73,10.16
7932,8031,73,2.16
7736,7636,74,13.09
7228,7128,75,11.38
7635,7536,75,9.39
7234,7134,76,14.59
7528,7427,76,5.94
7428,7327,76,6.27
7535,7436,76,9
7231,7131,77,8.14
7229,7129,78,9.29
7328,7227,78,6.27
7230,7130,79,8.99
7233,7133,79,5.56
7232,7132,79,4.87
7935,7936,79,4.32
7336,7236,80,14.59
7335,7236,80,10.03
7227,7127,82,29.25
7736,7637,82,8.95
7528,7527,82,3.08
7134,7034,83,15.34
7427,7326,83,23.24
7427,7426,83,15.64
7327,7226,83,23.24
7327,7326,83,15.46
7234,7135,83,10.25
7836,7737,83,10.48
8034,8035,84,4.43
7227,7126,85,23.01
7133,7033,86,14.68
7236,7136,87,15
7336,7237,87,10.25
7728,7627,87,6.21
7131,7031,88,9.11
7427,7526,88,12.28
7126,7026,89,29.57
7226,7225,89,16.68
7636,7537,89,9.58
7829,7828,89,1.43
7426,7325,90,23.24
7426,7425,90,15.41
7326,7325,90,15.32
7226,7125,90,23.05
7135,7035,90,15.34
7134,7035,90,10.44
7126,7027,91,27.11
7034,6934,91,13.9
7126,7025,92,23.05
7436,7337,92,9.36
7536,7437,92,8.49
7026,6926,93,29.74
7936,7837,93,10.27
7836,7837,93,4.26
7136,7036,94,15.03
7237,7137,94,15.72
7033,6933,94,14.13
7236,7137,94,10.36
7131,7032,94,8.71
7026,6927,95,27.21
7526,7525,95,15.41
7426,7525,95,12.02
7131,7030,95,7.99
7026,6925,96,23.07
7128,7028,96,4.94
7125,7024,97,23.1
7125,7124,97,16.54
7425,7324,97,23.23
7425,7424,97,15.21
7526,7626,97,11.46
7035,6935,98,14.21
7034,6935,98,10.06
7637,7538,98,9.28
7728,7727,98,3.03
6925,6825,99,34.34
7129,7029,99,4.86
6926,6826,100,16.54
7526,7625,100,12.02
7737,7638,100,8.57
6927,6827,101,16.93
7137,7037,101,15.1
7125,7224,101,13.36
7136,7037,101,10.37
7237,7138,101,10.53
6825,6725,102,46.25
7525,7524,102,15.04
7036,6936,102,14.23
7425,7524,102,11.8
7936,7937,102,4.36
6826,6726,103,41.95
6925,6824,103,23.18
6925,6924,103,14.82
7537,7438,103,10.54
6725,6625,104,61.96
7424,7323,104,23.17
7424,7423,104,14.77
6726,6626,105,61.15
6824,6724,105,56.02
6826,6727,105,32.18
8033,8133,105,2.11
6935,6835,106,13.88
6927,6828,106,13.93
7337,7238,106,10.26
7028,6928,107,9.86
7837,7738,107,10.55
8035,8036,107,4.37
6936,6836,108,18.73
7138,7038,108,15.12
7525,7624,108,11.61
7036,6937,108,10.15
7137,7038,108,10.39
7437,7338,108,9.35
8034,8134,108,2.15
6726,6627,109,24.05
7031,6931,109,4.87
7033,6932,109,6.34
6924,6823,110,22.63
7029,6929,110,9.77
7424,7523,110,11.33
6924,6923,111,13.26
7423,7322,111,23.15
7423,7422,111,14.7
7323,7223,111,14.86
6934,6834,111,5.23
6823,6723,112,60.74
6936,6837,112,14.61
6827,6728,112,13.08
7538,7439,112,10.61
6933,6833,113,5.53
7322,7222,114,34.97
6836,6736,114,17.63
6835,6735,114,13.62
6626,6526,114,11.79
7638,7539,114,10.25
6724,6624,115,10.59
7138,7039,115,10.39
7029,6930,115,9.19
7030,6930,115,5.06
8034,8135,115,2.65
7930,7929,115,1.82
7624,7623,116,13.71
7038,6938,116,13.68
7937,7838,116,10.17
7037,6938,116,10.08
6928,6829,117,14.28
6828,6729,117,13.04
7423,7522,117,11.25
6923,6822,118,21.18
7322,7221,118,23.13
7322,7321,118,14.57
6627,6527,118,11.79
6836,6737,118,14.21
6625,6525,118,7.38
6924,7023,118,9.84
7422,7321,118,23.12
7422,7421,118,14.53
6834,6734,119,13.14
7624,7724,119,9.73
7438,7339,119,9.33
6624,6524,119,32.09
7223,7123,119,13.85
8033,8132,119,2.24
6822,6722,120,56.95
6923,6922,120,11.25
7238,7139,120,10.61
7624,7725,121,8.09
7624,7723,121,21.52
6722,6721,122,67.34
6922,6921,122,55.49
6822,6821,122,65.72
7023,7022,122,49.71
7421,7420,122,42.89
7321,7320,122,43.03
7623,7622,122,43.89
6736,6636,122,5.73
6735,6635,122,5.76
7523,7622,122,21.09
6524,6523,122,59.03
7522,7521,122,44.19
6624,6623,122,41.76
7422,7521,122,21.51
8031,8030,122,14.14
7321,7220,123,31.75
6623,6622,124,63.23
6523,6522,124,67
6921,6920,124,56.82
6721,6720,124,66.73
6821,6820,124,62.18
7123,7122,124,25.69
7222,7122,124,3.93
7728,7827,124,6.12
7320,7319,125,44.44
7420,7419,125,43.09
7623,7722,125,21.4
7727,7726,125,14.19
7521,7520,125,42.73
6622,6621,126,64.46
6522,6521,126,59.47
6920,6919,126,52.63
6820,6819,126,55.25
7022,7021,126,26.26
6635,6634,126,28.01
6735,6634,126,15.57
7522,7621,126,21.29
7220,7219,127,25.05
7320,7219,127,31.83
8132,8131,127,14.18
7929,7928,127,14.17
6933,6832,127,5.62
6521,6520,128,63.83
6819,6818,128,51.62
6621,6620,128,67.17
7319,7318,128,44.09
6720,6719,128,30.51
7122,7121,128,25.28
6834,6733,128,10.76
7638,7639,128,1.72
6919,6918,129,49.55
7420,7519,129,21.68
7039,6939,129,3.83
7338,7239,129,2.16
7521,7620,129,21.8
6520,6519,130,66.21
6719,6718,130,52.09
7219,7218,130,44.06
7021,7020,130,26.86
6634,6633,130,28.6
7319,7218,130,31.82
7827,7826,130,18.86
6522,6421,130,26.69
6523,6422,130,17.88
8030,8029,130,14.18
6818,6817,131,49.87
6620,6619,131,34.79
7722,7721,131,18.53
6519,6518,132,61.76
6718,6717,132,51.44
6421,6420,132,67.3
6918,6917,132,49.55
7121,7120,132,25.3
7219,7118,132,31.82
7319,7418,132,21.32
6636,6535,132,15.6
6635,6534,132,15.61
6737,6637,132,5.79
6817,6816,133,50.45
6619,6618,133,54.24
6719,6618,133,30.61
6920,7019,133,17.42
7220,7119,133,15.5
7937,7938,133,1.68
6717,6716,134,51.24
6919,7018,134,18.98
6618,6617,135,51.63
6420,6419,135,41.08
6917,6916,135,48.94
7418,7417,135,43.33
7118,7117,135,48.97
6718,6617,135,30.82
8131,8130,135,14.18
7928,7927,135,14.18
6728,6628,135,1.03
7620,7619,135,18.21
7018,7017,136,53.12
6518,6517,136,30.61
6519,6418,136,24.86
7826,7825,136,18.7
6634,6533,136,15.6
6524,6423,136,8.82
7117,7116,137,50.71
6816,6815,137,26.41
6717,6616,137,30.88
7418,7317,137,31.78
7721,7720,137,18.44
7017,7016,138,51.27
7417,7416,138,43.29
6916,6915,138,46.32
6716,6715,138,26.33
8029,8028,138,14.18
6931,6830,138,5.55
6932,6831,138,5.61
7116,7115,139,53.52
7418,7517,139,21.59
6633,6632,139,11.37
6421,6320,139,16.6
6418,6417,139,35.11
6815,6814,140,46.96
7317,7316,140,42.3
6517,6516,140,28.73
7417,7316,140,31.77
7118,7217,140,19.26
6733,6732,140,9.09
7936,8037,140,1.82
7115,7114,141,53.9
6320,6319,141,54.34
7016,7015,141,48.83
6915,6914,141,44.76
7416,7415,141,40.28
6616,6615,141,26.15
7418,7518,141,11.42
6422,6321,141,14.04
6636,6536,141,5.42
7517,7516,142,50
6715,6714,142,25.95
6815,6714,142,31.73
7317,7216,142,31.68
7417,7516,142,21.61
6535,6434,142,14.8
6319,6318,143,50.07
7316,7315,143,43.07
6814,6813,143,45.38
6417,6416,143,30.61
7416,7315,143,31.35
7927,7926,143,14.2
8130,8129,143,14.18
6524,6424,143,1.94
6714,6713,144,50.79
7015,7014,144,49.71
6914,6913,144,46.73
6615,6614,144,48.24
7114,7113,144,48.56
6516,6515,144,27
7115,7014,144,29.91
7825,7824,144,14.19
6533,6532,144,13.21
7216,7215,145,48.41
7316,7215,145,31.76
7416,7515,145,22.52
7723,7822,145,6.14
6713,6712,146,56.01
6913,6912,146,53.88
6614,6613,146,53.92
7014,7013,146,50.45
7315,7314,146,37.52
6615,6514,146,31.57
7415,7414,146,22.12
7114,7013,146,31.52
8028,8027,146,14.19
6318,6317,146,41.74
6418,6317,146,15.21
8035,8136,146,1.86
6813,6812,147,29.25
6416,6415,147,28.82
7517,7616,147,18.76
6712,6711,148,64.65
6912,6911,148,67.09
6613,6612,148,56.5
7013,7012,148,59.92
7215,7214,148,46.17
7113,7112,148,25.1
7315,7214,148,30.62
7115,7214,148,16.74
6632,6631,148,11.55
7414,7413,148,53.15
7722,7821,148,6.16
6837,6738,148,2.17
7619,7618,148,8.14
6812,6811,149,66.5
6614,6513,149,29.9
7926,7925,149,18.34
7518,7617,149,19.79
7114,7213,149,19.45
6417,6316,149,15.54
6317,6316,149,34.55
7720,7719,149,8.36
6711,6710,150,67.3
7012,7011,150,66.92
6911,6910,150,65.76
7112,7111,150,67.33
7824,7823,150,19.3
7413,7412,150,58.33
6811,6810,151,67.04
6415,6414,151,28.45
6613,6512,151,28.61
7314,7313,151,22.75
8129,8128,151,14.19
7719,7718,151,57.19
6434,6433,151,11.51
6536,6435,151,15.34
6320,6219,151,12.39
6637,6537,151,5.36
7515,7514,151,18.38
7414,7313,151,30.22
7011,7010,152,67.21
6532,6531,152,13.24
6319,6218,152,13.13
6732,6731,152,9
7616,7615,152,22.03
6910,6909,152,52.12
6710,6709,152,59.55
7313,7312,153,62.92
6433,6432,153,50.41
7111,7110,153,48.93
7213,7212,153,25.58
6612,6611,153,24.41
6712,6611,153,21.88
6416,6315,153,15.6
7514,7513,153,55.72
6316,6315,153,31.37
6318,6217,153,14.4
6829,6730,153,3.16
6810,6809,153,58.03
8027,8026,154,14.2
7721,7820,154,6.17
6938,6838,154,2.32
6909,6908,154,54.58
7212,7211,155,64
7110,7109,155,56.73
7010,7009,155,34.62
6512,6511,155,29.41
6414,6413,155,27.44
7718,7717,155,27.79
7412,7411,155,20.65
7615,7614,155,41.29
6611,6610,155,67.16
6737,6638,155,3.33
6908,6907,156,57.78
7312,7311,156,49.77
6809,6808,156,41.41
6217,6216,156,37.39
6709,6708,156,27.96
7513,7512,156,41.19
6317,6216,156,15.26
7820,7819,156,58.31
6710,6609,156,26.63
7109,7108,157,55.42
7925,7924,157,14.19
6631,6630,157,11.21
6415,6314,157,15.6
7009,7008,157,64.8
6315,6314,157,29
6424,6323,157,10.12
6808,6807,158,56.15
6708,6707,158,52.75
7819,7818,158,54.08
6709,6608,158,25.91
7111,7210,158,19.28
6422,6322,158,3.64
6413,6412,159,28.04
6432,6431,159,19.73
8128,8127,159,14.19
6513,6412,159,15.59
7615,7714,159,22.24
6316,6215,159,15.51
6511,6510,159,28.2
6707,6706,160,55.35
7210,7209,160,52.03
6907,6906,160,31.94
7717,7716,160,23.99
6531,6530,160,12.7
7614,7613,160,24.75
7513,7612,160,22.27
7514,7613,160,15.72
7008,7007,160,48.2
6510,6509,161,67.22
6807,6806,161,34.06
6608,6607,161,43.9
6314,6313,161,27.02
6708,6607,161,30.37
6609,6508,161,31.29
6512,6411,161,15.59
6414,6313,161,15.6
7108,7107,161,30.51
6537,6436,161,15.48
7615,7715,161,12.23
7512,7511,162,17.96
8026,8025,162,14.19
7411,7410,162,16.23
7311,7310,162,17.48
6607,6606,163,60.15
6508,6507,163,62.87
6706,6705,163,48.37
6906,6905,163,35.83
6707,6606,163,29.22
7818,7817,163,23.17
6608,6507,163,31.81
7924,7923,163,19.08
6907,7006,163,23.44
6217,6116,163,14.96
6219,6118,163,11.86
6218,6117,163,13.52
6315,6214,163,15.6
6215,6214,163,29.16
7039,6940,163,2.18
6411,6410,163,62.21
6806,6805,164,36.1
7209,7208,164,27.39
7714,7713,164,21.51
7109,7208,164,15.89
7108,7208,164,16.46
7108,7207,164,23.33
7820,7919,164,14.21
6606,6605,165,62
6410,6409,165,65.52
6313,6312,165,28.3
6706,6605,165,31.55
7612,7611,165,20.75
8127,8126,165,19.06
6630,6629,165,13.06
7819,7918,165,16.64
6413,6312,165,15.61
6433,6332,165,10.82
7639,7739,165,2.74
7039,7040,165,1.75
6705,6704,166,39.81
7006,7005,166,35.88
6507,6506,166,43.2
7209,7309,166,17.58
7210,7309,166,17.73
6216,6115,166,15.41
7107,7106,166,22.34
6409,6408,167,67.3
6605,6604,167,57.04
6805,6804,167,40.44
7511,7510,167,20.66
6508,6407,167,23.82
7209,7308,167,22.81
6431,6430,167,13.22
7410,7409,167,21.81
6314,6213,167,15.59
6738,6739,167,5.5
6411,6310,167,24.45
6214,6213,167,27.18
6506,6505,168,53.26
6507,6406,168,31.77
7817,7816,168,22.01
6905,6904,168,23.67
7822,7921,168,6.16
6332,6331,168,48.74
6704,6703,169,36.79
7005,7004,169,39.38
6312,6311,169,30.25
7713,7712,169,22.15
7207,7206,169,22.67
6412,6311,169,15.6
7923,7922,169,18.43
6738,6639,169,6.8
6215,6114,169,15.59
7838,7839,169,1.71
6505,6504,170,62.62
6604,6603,170,44.66
6804,6803,170,35.83
7611,7610,170,21.91
6605,6504,170,28.3
7918,7917,170,22.2
7006,7105,170,23.32
6410,6309,170,20.72
8025,8024,170,14.2
8136,8235,170,6.09
6406,6405,171,47.42
6213,6212,171,30.37
6506,6405,171,30.17
6313,6212,171,15.6
8126,8125,171,19.06
6322,6221,171,10.96
6331,6330,171,47.04
7938,8038,171,2.68
7820,7920,171,6.07
6504,6503,172,59.66
6309,6308,172,63.5
7004,7003,172,37.86
6604,6503,172,31.83
7510,7509,172,21.99
7409,7408,172,22.73
6738,6839,172,5.9
7308,7307,172,22.27
6537,6437,172,4.93
6603,6602,173,38.9
6703,6702,173,33.33
6406,6305,173,31.69
7816,7815,173,22.4
6904,6903,173,22.52
7005,7104,173,22.74
6117,6016,173,15
6430,6429,173,19.56
6116,6015,173,15.56
6114,6113,173,29.35
6214,6113,173,15.6
6405,6404,174,46.52
6221,6220,174,47.12
6803,6802,174,28.33
7712,7711,174,22.52
6505,6404,174,24.06
6407,6306,174,21.42
6118,6017,174,12.94
7714,7813,174,9.82
6320,6220,174,2.93
7206,7205,174,22.09
6305,6304,175,51.49
6308,6307,175,33.77
6503,6502,175,44.22
6212,6211,175,33.09
6603,6502,175,31.02
7610,7609,175,22.57
6312,6211,175,15.56
7917,7916,175,22.24
6311,6210,175,25.2
7339,7340,175,1.75
6404,6403,176,64.38
6602,6601,176,37.92
6702,6701,176,34.03
7003,7002,176,33.04
6504,6403,176,26.55
7004,7103,176,23.04
8024,8023,176,18.57
6115,6014,176,15.59
7715,7814,176,9.95
6330,6329,176,20.21
6903,6902,177,30.62
7003,6902,177,28.8
6503,6402,177,31.82
6803,6902,177,23.01
6309,6208,177,23.18
6213,6112,177,15.56
6310,6209,177,15.51
8125,8124,177,18.74
7509,7508,177,22.55
7307,7306,177,21.97
7408,7407,177,22.18
6113,6112,177,31.42
6304,6303,178,48.2
6502,6501,178,38.34
6802,6801,178,32.27
6602,6501,178,30.74
6305,6204,178,30.8
8235,8234,178,14.13
6429,6428,178,22.71
6329,6328,178,67.06
8037,8137,178,2.67
6332,6231,178,11.01
7139,7140,178,1.76
7813,7812,179,22.81
7003,7102,179,23.47
7919,8018,179,9.57
7713,7812,179,9.73
7711,7710,179,22.56
7205,7204,179,22.05
6114,6013,179,15.59
6637,6538,179,3.03
7103,7102,179,34.65
6303,6302,180,64.89
6402,6401,180,38.65
6112,6111,180,35.04
7002,7001,180,31.11
6304,6203,180,31.58
6502,6401,180,30.87
7609,7608,180,22.63
7920,8019,180,17.42
7918,8017,180,9.72
7916,7915,180,21.28
6530,6529,180,5.06
6802,6901,181,11.06
6739,6740,181,24.79
8136,8236,181,7.68
7339,7240,181,3.86
6305,6205,182,9.88
7920,8020,182,24.66
7920,8021,182,47.99
6839,6840,182,26.8
6739,6840,182,54.99
7639,7640,182,8.32
7103,7203,182,24.38
7339,7440,182,14.94
7838,7939,182,13.67
7639,7740,183,15.12
8133,8232,183,1.3
6740,6841,184,51.78
8127,8226,184,3.81
7102,7202,184,23.83
7938,8039,184,14.71
6740,6741,185,25.75
7001,7101,185,24.75
7002,7101,185,9.7
6739,6640,185,10.21
8037,8138,185,15.63
8021,8121,186,25.33
8021,8122,186,44.99
8021,8022,186,27.18
7813,7914,186,22.62
6840,6941,186,45.84
8127,8227,186,7.65
7915,8016,186,23.69
7608,7709,186,23.86
7204,7305,186,25.71
8136,8237,186,15.15
8132,8231,186,1.33
7812,7913,186,23.26
7439,7540,186,17.62
8019,8120,187,22.94
6305,6206,187,14.63
7712,7811,187,5.65
6017,6018,187,12.58
7711,7811,187,11.67
8018,8119,187,20.67
8017,8118,187,21.85
7710,7811,187,22.6
8132,8233,187,17.06
6204,6104,188,9.54
7140,7241,188,17.66
7306,7406,188,11.57
7407,7507,188,11.6
7739,7840,188,17.06
6118,6119,188,10.63
8235,8336,188,17.25
6841,6942,188,46.33
6841,6842,188,26.98
8127,8228,188,13.81
7203,7304,188,24.84
8128,8229,188,15.96
8129,8230,188,15.97
6211,6110,188,3.47
8137,8238,189,15.49
6204,6105,189,14.25
8038,8139,189,15.62
7839,7940,189,13.67
8236,8337,189,17.9
7915,8015,189,11.6
7608,7708,189,11.59
7101,7201,189,25.16
8017,8117,189,11.69
8234,8335,189,16.22
7710,7810,189,11.66
7812,7912,189,11.63
7202,7303,190,24.15
7240,7341,190,16.51
6204,6103,190,8.32
6402,6301,190,5.24
6208,6207,190,1.85
8022,8123,190,47
8124,8225,190,14.21
8125,8225,190,7.66
7340,7441,190,14.52
8122,8222,190,25.14
8122,8223,190,45.94
8122,8123,190,27.04
6424,6425,190,6.78
7440,7541,191,17.11
7201,7302,192,50.45
7740,7841,192,17.08
7640,7741,192,14.76
7939,8040,192,14.2
6221,6222,192,7.55
8124,8224,192,7.66
6842,6943,192,44.92
6842,6843,192,27.19
6332,6333,192,7.43
7912,8012,193,25.22
7912,8013,193,45.53
7304,7405,194,25.73
7201,7301,194,23.97
8119,8220,194,20.24
8118,8219,194,20.67
8039,8140,194,14.92
6740,6641,194,11.17
6209,6108,194,4.08
6940,7041,194,8.93
8232,8333,194,13.8
8120,8221,194,21.89
8223,8323,194,25.27
8223,8324,194,45.31
8222,8322,194,25.95
8222,8323,194,40.18
8015,8116,195,23.6
8016,8116,195,11.6
7540,7641,195,16.89
8138,8239,195,15.39
7640,7641,195,8.29
6209,6109,195,4.8
8226,8327,195,13.71
7914,8014,195,11.7
6428,6528,195,6.73
6841,6742,195,12.94
6016,5915,195,2.2
7913,8014,195,17.16
7709,7809,195,11.63
6424,6324,195,1.13
7040,7141,195,8.88
7708,7809,195,23.98
8117,8218,196,21.6
7303,7404,196,26.59
8118,8218,196,11.72
8237,8338,196,15.49
6943,7043,196,25.57
6943,7044,196,43.61
6943,6944,196,27.33
6843,6944,196,43.1
6843,6844,196,27.37
7810,7911,196,21.93
7811,7911,196,11.66
6113,6012,196,2.09
7507,7607,197,11.56
7241,7342,197,16.26
7406,7506,197,11.61
6018,6019,197,10.66
6017,5916,197,3.03
8227,8328,197,13.78
8231,8332,197,13.64
8232,8332,197,7.65
6537,6438,197,3.88
8015,8115,198,11.61
8117,8217,198,11.7
8226,8326,198,7.65
7302,7403,198,24.87
7301,7401,198,25.28
7301,7402,198,45.26
8233,8334,198,13.74
8324,8424,198,25.36
8324,8425,198,44.82
8324,8325,198,27.2
7810,7910,198,11.69
7708,7808,198,11.58
8238,8339,199,15.57
8139,8240,199,14.79
6019,6120,199,79.86
8229,8330,199,13.49
7840,7941,199,14.12
8230,8331,199,13.42
8337,8438,199,14.36
8228,8329,199,13.79
6842,6743,199,13.42
8336,8437,199,14.11
8013,8114,200,20.38
7341,7442,200,14.25
6301,6201,200,10.15
6301,6202,200,14.93
7441,7542,200,14.25
8335,8436,200,14.03
7940,8041,200,14.11
8012,8113,200,20.7
6944,7045,200,42.75
6944,6945,200,27.4
7911,8011,200,25.17
6015,5914,200,1.71
6844,6945,200,40.32
6844,6845,200,27.46
8222,8321,200,14.42
6438,6539,201,44.54
8322,8423,201,21.07
7741,7842,201,17.5
6103,6003,201,9.19
6103,6004,201,13.85
6105,6106,201,8.37
6017,5917,201,3.52
8219,8320,202,20.01
8040,8141,202,14.35
7841,7942,202,14.4
7541,7642,202,14.06
6103,6102,202,8.98
8012,8112,202,11.72
7910,8010,202,25.5
7041,7142,202,19.14
6743,6744,203,26.21
8218,8319,203,21.03
7405,7505,203,11.68
8219,8319,203,11.72
8322,8422,203,11.72
8335,8435,203,7.66
6110,6011,203,9.7
7404,7505,203,21.89
6941,7042,203,8.7
6017,5918,203,5.54
6943,7042,203,13.22
6843,6744,203,14.05
6945,7046,204,41.82
6945,6946,204,27.44
8115,8216,204,24.33
7403,7504,204,24.15
7402,7503,204,24.93
8239,8340,204,15.91
7641,7742,204,17.32
8116,8216,204,11.63
7809,7909,204,11.63
8140,8241,204,14.54
7043,7144,204,19.03
7044,7145,204,19.06
6845,6946,204,41.77
6845,6846,204,27.45
7141,7242,204,17.62
7401,7502,205,21.93
8217,8318,205,22.17
8338,8439,205,16.89
8218,8318,205,11.72
6110,6010,205,6
8333,8434,205,13.54
6425,6426,205,6.74
8010,8110,206,25.62
8010,8111,206,43.31
6333,6334,206,7.44
8112,8212,206,25.96
8112,8213,206,40.03
6222,6223,206,7.47
8327,8428,206,13.7
7506,7606,206,11.59
7607,7707,206,11.59
6844,6745,206,15.02
8114,8215,207,22.7
8339,8440,207,19.39
8115,8215,207,11.56
7401,7501,207,11.69
8217,8317,207,11.68
7342,7443,207,14.5
6438,6439,207,10.87
7808,7908,207,11.62
6946,7047,208,40.08
6946,6947,208,27.46
7145,7245,208,25.53
7145,7246,208,43.85
7145,7146,208,27.31
8113,8214,208,20.18
6103,6002,208,8
8332,8433,208,14.06
8333,8433,208,7.64
8425,8526,208,14.68
8328,8429,208,13.44
7045,7146,208,18.72
6428,6427,208,1.36
8424,8525,208,15.08
8320,8421,209,20.65
7442,7543,209,16.86
8321,8421,209,11.68
8240,8341,209,15.51
6019,6020,209,8.68
8423,8524,209,19.52
8327,8427,209,7.65
7910,8009,209,13.07
8326,8427,209,14.02
8325,8426,209,13.59
8319,8420,210,20.62
7142,7243,210,17.75
7842,7943,210,16.6
7941,8042,210,13.85
7342,7343,210,8.28
8422,8523,210,21.14
6324,6325,210,7.04
8423,8523,210,11.72
8331,8432,210,13.76
6745,6746,210,26.36
8330,8431,210,13.44
8329,8430,210,13.4
8438,8539,210,13.32
8437,8538,210,13.3
6330,6229,210,1.46
6845,6746,210,14.51
7146,7247,211,47.75
7502,7603,211,25.71
7504,7605,211,22.59
7503,7604,211,23.28
8436,8537,211,13.29
8041,8142,211,13.87
7542,7643,211,14.07
6120,6121,211,8.73
6947,7048,212,38.73
6947,6948,212,27.4
7146,7147,212,26.72
8318,8419,212,22.3
8319,8419,212,11.72
5918,5919,212,11.7
8141,8242,212,14.26
7642,7743,212,15.01
6743,6644,212,11.72
8422,8522,212,11.71
8112,8211,212,14.47
7046,7147,212,18.2
7501,7602,213,25.37
8212,8313,213,20.8
8340,8441,213,16.94
8216,8316,213,11.64
8010,8109,213,13.33
7942,8043,213,13.65
6106,6107,213,8.38
8213,8314,213,20.75
6743,6643,213,7.47
8318,8418,214,11.68
7742,7843,214,15.36
8241,8342,214,15.32
8435,8536,214,13.32
6946,6847,214,15.11
8317,8418,214,23.29
6004,6005,214,8.28
8436,8536,214,7.63
8214,8315,215,22.43
8212,8312,215,11.72
7606,7706,215,11.62
7707,7807,215,11.62
6744,6645,215,11.81
6201,6101,215,6.89
7145,7244,215,13.14
7501,7601,216,11.48
7443,7544,216,16.35
6439,6540,216,15.95
8434,8535,216,13.55
8317,8417,216,11.63
7908,8008,216,11.69
8440,8541,216,17.59
7047,7148,216,18.26
6110,6009,216,5.13
8439,8540,216,13.78
6948,7049,216,38.92
6948,6949,216,27.42
6013,5913,216,2.7
7604,7705,217,25.34
7603,7704,217,24
8523,8624,217,22.11
8526,8627,217,15.73
8525,8626,217,16
8428,8529,217,13.54
6641,6642,217,4.36
8420,8521,218,20.05
8341,8442,218,16.95
7543,7644,218,16.35
6947,6848,218,15.57
6002,5903,218,14.51
7245,7346,218,14.52
7246,7347,218,14.77
8421,8521,218,11.72
6847,6848,218,27.38
6745,6646,218,11.91
7602,7703,219,24.14
8522,8623,219,20.99
7943,8044,219,16.24
8420,8520,219,11.72
8523,8623,219,11.68
6002,5902,219,9.77
6002,6001,219,9.55
8434,8534,219,7.64
8524,8625,219,14.5
8419,8520,219,21.95
6229,6230,219,11.92
8429,8530,219,13.54
8433,8534,219,13.87
6330,6230,219,1.72
8313,8414,220,21.51
7147,7248,220,19.32
8432,8533,220,14.17
7343,7444,220,14.45
8314,8415,220,21.58
8426,8527,220,14.13
8526,8527,220,8.35
8431,8532,220,14.15
6223,6224,220,7.64
8428,8528,220,7.64
8427,8528,220,13.83
7048,7149,220,18.4
6020,6021,220,9.53
7042,7143,220,8.61
8441,8542,221,19.14
8522,8622,221,11.72
8211,8311,221,11.72
7643,7744,221,15.21
8142,8243,221,14.47
7243,7344,221,14.11
8042,8143,221,13.72
8538,8639,221,13.43
8539,8640,221,13.65
7247,7348,221,14.74
8419,8519,221,11.69
8430,8531,221,13.84
8418,8519,221,22.9
8417,8518,222,23.68
8312,8413,222,21.66
8313,8413,222,11.7
7602,7702,222,11.57
8109,8210,222,16.71
8242,8343,222,15.61
8537,8638,222,13.18
8315,8416,222,22.3
7245,7345,222,7.67
6121,6122,222,9.49
8316,8416,222,11.63
7743,7844,222,15.1
6948,6849,222,15.51
7843,7944,223,16.56
8342,8443,223,16.45
8043,8144,223,14.2
6325,6326,223,7.95
7248,7349,224,41.94
7248,7249,224,27.44
7705,7806,224,22.98
7704,7805,224,23.36
7049,7150,224,18.05
7807,7907,224,11.62
8312,8412,224,11.7
7706,7806,224,11.63
5919,5920,224,9.09
7148,7249,224,19.34
7808,7907,224,5.45
7601,7701,225,11.67
8417,8517,225,11.6
8008,8108,225,11.72
8537,8637,225,7.62
7544,7645,225,16.6
6002,5901,225,8.53
8536,8637,225,13.14
8541,8642,225,16.12
6847,6747,225,9.41
6847,6748,225,14.11
6949,7050,225,16.83
7703,7804,226,23.37
8520,8621,226,20.67
7704,7804,226,11.62
8627,8728,226,15.81
8626,8727,226,16.17
8623,8724,226,22.49
8442,8543,227,16.11
8414,8515,227,21.51
8529,8630,227,14.39
8624,8725,227,14.21
6005,6006,227,8.27
8415,8516,227,22.22
8535,8636,227,13.08
8540,8641,227,13.47
7349,7449,228,25.99
7349,7450,228,39.43
7349,7350,228,27.44
8519,8620,228,22.17
8622,8723,228,21.97
7703,7803,228,11.62
8044,8145,228,16.43
8520,8620,228,11.72
6643,6544,228,9.52
8623,8723,228,11.67
7347,7448,228,14.39
7346,7447,228,14.37
8625,8726,228,17.05
7149,7250,228,19.34
7644,7745,228,15.01
6332,6232,228,1.29
8518,8619,229,22.47
6849,6950,229,21.22
8413,8514,229,22.51
7444,7545,229,16.14
8627,8628,229,8.35
8414,8514,229,11.7
6328,6327,229,1.59
6012,5912,229,3.05
6849,6850,230,12.59
8622,8722,230,11.69
6646,6647,230,8.42
8528,8629,230,14.73
8530,8631,230,14.15
8542,8643,230,17.02
8535,8635,230,7.62
8534,8635,230,13.32
8412,8513,231,22.08
7805,7906,231,21.96
8518,8618,231,11.67
8413,8513,231,11.67
8243,8344,231,15.15
8143,8244,231,14.16
7744,7845,231,14.63
8639,8740,231,14.18
8533,8634,231,13.68
7702,7802,231,11.62
5903,5904,231,8.31
7344,7445,231,14.25
6643,6543,231,5.88
8443,8544,231,18.82
8532,8633,231,13.91
6010,5911,231,5.57
7448,7548,232,26
7448,7549,232,39.03
7449,7549,232,26
7449,7550,232,37.7
7350,7451,232,37.96
7350,7351,232,27.34
7050,7151,232,21.96
8343,8444,232,15.48
7844,7945,232,14.36
8640,8741,232,13.54
8108,8209,232,20.57
6021,6022,232,8.47
7345,7446,232,14.23
7346,7446,232,7.67
8531,8632,232,13.83
7908,8007,232,5.69
5901,5801,233,12.72
6748,6749,233,12.59
7050,7051,233,12.61
8412,8512,233,11.69
7805,7905,233,11.69
7944,8045,233,14.47
7150,7251,233,16.32
6224,6225,233,8.3
8638,8739,233,13.98
7804,7905,233,22.52
8516,8617,234,22.66
5901,5802,234,17.29
8517,8617,234,11.62
8144,8245,234,14.14
8515,8616,234,21.48
8108,8208,234,11.72
7701,7801,234,11.69
6010,5910,234,3.54
8723,8824,235,21.14
8620,8721,235,21.92
8621,8721,235,11.72
6006,6007,235,12.55
7645,7746,235,15.01
6122,6123,235,8.29
8543,8644,235,17.83
7804,7904,235,11.67
7803,7904,235,22.52
5920,5921,235,9.54
6332,6233,235,2.22
7451,7551,236,25.97
7451,7552,236,36.87
7451,7452,236,27.22
8619,8720,236,21.88
8514,8615,236,22.17
7351,7452,236,38.7
7351,7352,236,27.4
8727,8828,236,14.84
7549,7649,236,25.83
7549,7650,236,41.64
8724,8825,236,14.16
8515,8615,236,11.71
8725,8826,236,15.92
8211,8310,236,5.96
8638,8738,236,7.66
5917,5818,236,4.11
6438,6339,236,3.67
8637,8738,236,13.29
6328,6228,236,1.64
8642,8743,236,13.3
6850,6951,237,23.34
8722,8823,237,20.67
8723,8823,237,11.71
8145,8246,237,16.14
8726,8827,237,16.99
7745,7846,237,17.15
8728,8829,237,14.14
6544,6545,237,12.45
8630,8731,237,14.19
5918,5819,237,4.26
7803,7903,237,11.67
6950,6951,237,12.61
8513,8614,238,22.95
8618,8719,238,22.11
6647,6648,238,12.58
6850,6851,238,12.61
8619,8719,238,11.69
8514,8614,238,11.68
7448,7547,238,14.82
8636,8737,238,13.13
7645,7646,238,8.31
7545,7646,238,16.73
8641,8742,238,13.43
8722,8822,239,11.72
8643,8744,239,15.78
8628,8729,239,15.21
8728,8729,239,8.25
8544,8645,239,18.93
8310,8410,240,25.96
8310,8411,240,36.59
7452,7553,240,39.47
7452,7453,240,27.44
7051,7152,240,20.37
8512,8613,240,21.97
8513,8613,240,11.65
8618,8718,240,11.68
6007,6008,240,22.63
8629,8730,240,14.47
8312,8411,240,5.74
8008,8107,240,5.93
7906,8006,240,11.66
7802,7902,240,11.69
7905,8006,240,21.87
6108,6008,240,2.19
6749,6750,241,29.17
7051,7052,241,27.52
7151,7252,241,12.91
8616,8717,241,17.68
7845,7946,241,12.65
8344,8445,241,12.45
8208,8309,241,17.65
8635,8736,241,12.58
8636,8736,241,3.94
8631,8732,241,12.64
6439,6440,241,9.99
7251,7252,241,28.75
5914,5815,241,5.97
7904,8005,242,17.68
6225,6226,242,22.95
8344,8345,242,19.14
8634,8735,242,12.62
8244,8345,242,12.59
8633,8734,242,12.69
6022,6023,242,19.33
5904,5905,242,23.44
7445,7546,242,12.64
6540,6541,242,10
8444,8545,242,12.48
6643,6542,242,3.94
8740,8841,242,4.95
5917,5817,242,2.87
7352,7353,242,27.48
6851,6852,243,30.43
6648,6649,243,28.42
8720,8821,243,17.68
7746,7747,243,19.99
8045,8046,243,19.88
7945,8046,243,12.65
6123,6124,243,23.46
7550,7651,243,12.69
6545,6546,243,29.18
7453,7454,243,49.43
5802,5803,243,19.79
8632,8733,243,12.71
6438,6338,243,2.51
6009,5909,243,3.54
5819,5820,243,22.7
8741,8842,243,12.61
6951,6952,243,29.14
5915,5816,243,4.91
5921,5922,243,16.73
6226,6227,244,53.35
8246,8247,244,19.81
8615,8716,244,17.65
7846,7847,244,19.8
8829,8830,244,19.47
8512,8612,244,5.41
8045,8146,244,12.62
8145,8146,244,11.22
8739,8840,244,12.71
6750,6751,245,29.85
7152,7153,245,22.18
8410,8511,245,34.36
7553,7554,245,21.06
7646,7647,245,20.33
7903,8004,245,17.67
8823,8924,245,17.63
8245,8346,245,12.57
7453,7554,245,33.69
7549,7648,245,6.9
7252,7253,245,29.32
7353,7354,245,49.53
7454,7455,245,51.19
8744,8745,245,19.68
7052,7053,246,21.53
8614,8715,246,17.67
8719,8820,246,17.68
8824,8925,246,12.82
7801,7901,246,5.56
8208,8308,246,5.46
6229,6130,246,5.46
5922,5923,246,42
6649,6650,247,30.05
6852,6853,247,29.06
6546,6547,247,29.22
7946,7947,247,19.86
8828,8929,247,12.49
6023,6024,247,21.18
8738,8839,247,12.81
6007,5908,247,15.61
8445,8446,247,19.75
5905,5906,247,20.7
7649,7750,247,12.77
7455,7456,247,53.5
5913,5814,247,7.05
5820,5821,247,29.89
6952,6953,247,28.56
7552,7653,247,12.83
7551,7652,247,12.74
7650,7751,247,12.69
7747,7748,248,20.25
5803,5804,248,20.84
6124,6125,248,22.03
8410,8510,248,13.06
8246,8347,248,12.6
8829,8930,248,12.53
5910,5811,248,12.69
8545,8546,248,19.64
7454,7555,248,32.63
8743,8844,248,12.52
7354,7355,249,27.91
6751,6752,249,30.33
8247,8248,249,20.04
8612,8713,249,33.69
7847,7848,249,20.16
8046,8047,249,19.93
8842,8843,249,19.66
6024,6025,249,53.82
8718,8819,249,17.68
8645,8646,249,11.47
8737,8838,249,12.7
7902,8003,249,17.68
8731,8832,249,12.57
6333,6234,249,4.05
7456,7457,249,52.3
7053,7054,250,29.85
6125,6126,250,53.86
7153,7154,250,23.34
8146,8147,250,19.81
7555,7556,250,53.84
8717,8818,250,17.68
6339,6340,250,9.92
7253,7254,250,22.6
7455,7556,250,29.31
8830,8831,250,19.57
7355,7356,251,50.67
6650,6651,251,30.31
6025,6026,251,53.38
6547,6548,251,28.57
8745,8746,251,19.51
8005,8106,251,17.67
6440,6441,251,10.05
7553,7654,251,12.87
8310,8409,251,7.54
6007,5907,251,7.39
6953,6954,251,28.32
8744,8845,251,12.58
5923,5924,251,21.99
5922,5823,251,20.07
6340,6341,252,52.59
6126,6127,252,52.88
8713,8714,252,49.25
7751,7752,252,20.48
5821,5822,252,23.36
8821,8922,252,17.68
7556,7557,252,50.23
5909,5810,252,15.99
7947,7948,252,20.23
8823,8923,252,5.54
6853,6854,252,21.22
6544,6445,252,7.21
5811,5812,252,31.98
7456,7557,252,31.52
7457,7458,252,45.27
5921,5822,252,9.72
5823,5824,253,50.59
6752,6753,253,29.59
8510,8611,253,33.77
8347,8348,253,20.1
7356,7357,253,52.88
8716,8817,253,17.68
8612,8712,253,11.48
7748,7749,253,20.56
8736,8837,253,12.61
8446,8447,253,19.91
8732,8833,253,12.62
6026,6027,253,52.77
5912,5813,253,7.46
5924,5925,253,53.75
8047,8048,254,20.1
7848,7849,254,20.33
8713,8814,254,33.77
8248,8249,254,20.21
5804,5805,254,18.9
7555,7656,254,26.31
8004,8105,254,17.65
8734,8835,254,12.66
8735,8836,254,12.64
8841,8942,254,12.62
8546,8547,254,19.19
8930,8931,254,19.21
7054,7055,254,29.58
7457,7558,254,34.46
5925,5926,255,52.67
6127,6128,255,49.59
7154,7155,255,22.73
6548,6549,255,28.39
8715,8816,255,17.67
8820,8921,255,17.68
7901,8002,255,17.63
8733,8834,255,12.7
8842,8943,255,12.57
5824,5825,255,53.75
7254,7255,255,22.23
6027,6028,255,53.58
6541,6442,255,11.17
7556,7657,255,33.29
7357,7358,255,50.8
8646,8647,255,18.93
5819,5720,255,8.69
6445,6446,256,29.16
7654,7655,256,23.07
8845,8846,256,20.04
6651,6652,256,22.47
8147,8148,256,19.96
8840,8941,256,12.56
6954,6955,256,21.94
8924,9025,256,12.88
8925,8926,256,10.98
6128,6129,257,52.46
7948,7949,257,20.41
7752,7753,257,20.49
8746,8747,257,19.87
6854,6855,257,21.43
8819,8920,257,17.68
8510,8610,257,11.6
6028,6029,257,53.66
5909,5809,257,7.63
5926,5927,257,52.68
5818,5719,257,7.35
5825,5826,257,52.71
8826,8927,257,4.71
6229,6129,257,2.23
6753,6754,258,20.89
8712,8813,258,33.72
8818,8919,258,17.68
8713,8813,258,11.6
8003,8104,258,17.65
7358,7359,258,42.3
7055,7056,258,27.1
8828,8928,258,3.97
8108,8207,258,2.99
7656,7757,259,34.29
8249,8250,259,20.25
6549,6550,259,30.34
8348,8349,259,19.96
5822,5722,259,15.4
5822,5723,259,22.59
7155,7156,259,26.97
5927,5928,259,53.53
7849,7850,259,20.13
5826,5827,259,53.27
7355,7256,259,14.5
5720,5721,259,25.17
8048,8049,259,20.08
7653,7754,259,12.84
7751,7852,259,12.75
8929,9030,259,12.51
8447,8448,259,19.49
7750,7851,259,12.68
6029,6030,259,53.87
6544,6444,259,3.24
6446,6447,260,29.43
5805,5806,260,18.32
7458,7459,260,12.73
8409,8509,260,11.85
7558,7559,260,17.28
8547,8548,260,19.29
8844,8945,260,12.57
7358,7459,260,34.1
8410,8509,260,7.36
8931,8932,260,19.66
8930,9031,260,12.47
8647,8648,260,21.33
8846,8847,261,21
6652,6653,261,22.1
5928,5929,261,53.44
8943,8944,261,19.45
8817,8918,261,17.68
5827,5828,261,53.86
6855,6856,261,28.91
8922,9023,261,17.56
6955,6956,261,21.06
5823,5724,261,14.57
8843,8944,261,12.42
8832,8933,261,12.61
6130,6131,261,7.11
8838,8939,261,12.71
7359,7360,261,34.06
5801,5702,261,5.6
6754,6755,262,27.39
7949,7950,262,20.29
7655,7756,262,27.08
8148,8149,262,19.94
7656,7756,262,12.76
7657,7658,262,16.61
8611,8711,262,11.7
8712,8812,262,11.53
6341,6342,262,10.05
7654,7755,262,13.22
8747,8748,262,22.29
5828,5829,263,53.82
7459,7460,263,35.62
6550,6551,263,30.29
8002,8103,263,17.68
8816,8917,263,17.68
8845,8946,263,12.66
8105,8206,263,17.65
5724,5725,263,53.49
7559,7560,263,41.52
7356,7257,263,12.09
7358,7259,263,19.93
7357,7258,263,14.38
7359,7460,263,30.64
5802,5703,263,5.41
6447,6448,264,29.45
5806,5807,264,25.66
8049,8050,264,20.05
8349,8350,264,20.51
7852,7853,264,20.48
8814,8815,264,10.54
7752,7853,264,12.75
6234,6235,264,6.94
6653,6654,265,27.82
6856,6857,265,29.37
5929,5930,265,28.34
8648,8649,265,24.76
8250,8251,265,19.97
8548,8549,265,22.46
5725,5726,265,53.39
8348,8449,265,12.64
8833,8934,265,12.7
8837,8938,265,12.78
7559,7660,265,33.91
7901,8001,265,5.54
8448,8449,265,19.91
8308,8408,265,5.39
7359,7260,265,22.4
6755,6756,266,28.69
8847,8848,266,20.38
7757,7758,266,16.53
8920,9021,266,17.68
6442,6443,266,9.83
8835,8936,266,12.69
8836,8937,266,12.7
8942,9043,266,12.58
7558,7659,266,11.97
9031,9032,266,19.46
9025,9026,266,10.99
8931,9032,266,12.57
5829,5830,267,30.42
5723,5624,267,19.55
5726,5727,267,53.83
8104,8205,267,17.6
7950,7951,267,20.31
8919,9020,267,17.67
8834,8935,267,12.71
8943,9044,267,12.52
8939,8940,267,19.09
7056,7057,267,11.2
5818,5718,267,3.33
8748,8749,267,20.8
8649,8650,268,49.42
6448,6449,268,29.44
5807,5808,268,26.89
8946,8947,268,21.11
6551,6552,268,22.24
7755,7856,268,27.84
7660,7661,268,46.8
8149,8150,268,19.92
8846,8947,268,12.85
8941,9042,268,12.62
5830,5831,269,52.16
6654,6655,269,26.72
7853,7854,269,21.19
8350,8351,269,21.29
6857,6858,269,32.97
5703,5704,269,16.86
5930,5931,269,27.41
8549,8550,269,25.4
5723,5623,269,10.35
7156,7157,269,11.02
7753,7854,269,12.81
5624,5625,269,51.27
7360,7361,269,12.68
8449,8450,270,22.77
8251,8252,270,20.03
8649,8750,270,33.7
8050,8051,270,19.99
6756,6757,270,31.06
8918,9019,270,17.68
6856,6957,270,17.68
7660,7761,270,34.39
9021,9022,270,27.44
7754,7855,270,13.27
8813,8914,270,12.83
8928,9029,270,12.61
8922,9022,270,5.72
6340,6241,270,7.19
5811,5712,270,6.61
7057,7058,271,30.02
7661,7662,271,47.02
7659,7760,271,34.46
5625,5626,271,52.88
9023,9024,271,10.6
7851,7952,271,12.73
7852,7953,271,12.75
9030,9131,271,12.24
5931,5932,271,51.93
8510,8609,271,6.38
5814,5715,271,6.12
6449,6450,272,30.34
9032,9033,272,19.81
7258,7159,272,16.65
8103,8204,272,17.6
7460,7461,272,11.58
5727,5728,272,22.98
7758,7759,272,18.48
8945,9046,272,12.82
8932,9033,272,12.64
7757,7858,272,11.75
8206,8307,272,17.65
6445,6346,272,7.24
7560,7561,272,11.19
9031,9132,272,12.52
5815,5716,272,4.59
5801,5701,272,2.66
6030,6031,272,8.25
8749,8850,272,29.38
7761,7762,273,47.11
5831,5832,273,26.42
7157,7158,273,30.88
6552,6553,273,21.77
6858,6859,273,29.12
5626,5627,273,53.81
8815,8916,273,17.68
7661,7762,273,34.36
9044,9045,273,19.91
6655,6656,273,28.43
8812,8913,273,12.98
8944,9045,273,12.62
8847,8948,273,12.73
6342,6343,273,9.98
8933,9034,273,12.68
6757,6758,273,34.58
5810,5711,273,6.86
8939,9040,273,12.44
8409,8508,273,6.54
5720,5621,273,8.15
7260,7261,273,12.67
8749,8849,273,19.6
5712,5713,274,28.36
8351,8352,274,21.27
7662,7663,274,46.46
8914,8915,274,27.94
8001,8102,274,17.66
8946,9047,274,12.88
8917,9018,274,12.93
6857,6958,274,17.43
6957,6958,274,30.84
8150,8151,274,19.89
5931,6032,274,31.94
5813,5714,274,6.88
5804,5705,274,5.48
5812,5713,274,6.73
7058,7059,274,49.53
6334,6335,274,2.66
7561,7562,275,46.9
7761,7862,275,34.34
7855,7956,275,30.05
8450,8451,275,24.58
7853,7954,275,12.89
5716,5717,275,36.99
8350,8451,275,12.91
7159,7160,275,42
6131,6132,275,7.43
8252,8253,275,20.18
9021,9122,275,17.63
5721,5622,275,9.39
5932,5933,275,28.07
8611,8710,275,6.44
8051,8052,275,20.23
8948,8949,276,36.31
7762,7763,276,47.03
5832,5833,276,48.63
6346,6347,276,29.37
7760,7861,276,34.35
5623,5523,276,15.53
5623,5524,276,22.6
7662,7763,276,34.42
8205,8306,276,17.63
9026,9027,276,10.99
6958,6959,276,50.14
6446,6347,276,7.18
9020,9121,276,17.68
6758,6759,276,48.89
6656,6657,276,35.26
8712,8811,276,6.33
7663,7664,277,46.51
7059,7060,277,38.81
6553,6554,277,27.27
8650,8651,277,12.35
7856,7857,277,11.42
8938,9039,277,12.62
8934,9035,277,12.7
5728,5729,277,24.28
5828,5729,277,9.02
8451,8452,277,53.75
6450,6451,277,22.62
6438,6337,277,1.72
8750,8751,277,15.6
7160,7161,278,44.28
7562,7563,278,46.07
8948,9049,278,31.86
7762,7863,278,34.36
8850,8851,278,17.88
7361,7362,278,11.63
5808,5709,278,15.45
5524,5525,278,51.4
5830,5731,278,13
8936,9037,278,12.71
8937,9038,278,12.76
9032,9133,278,12.61
5627,5628,278,23.31
9043,9144,278,12.62
7758,7859,278,12.29
5806,5707,278,8.04
9132,9133,278,19.76
5624,5525,278,13.94
7858,7859,278,18.76
6759,6760,279,40.17
7763,7764,279,46.8
6657,6658,279,34.19
9040,9041,279,19.53
7663,7764,279,34.42
8948,9048,279,18.28
8849,8950,279,27.95
8352,8353,279,21.69
5705,5706,279,24.34
7760,7860,279,12.99
9122,9123,279,27.28
8914,9015,279,17.65
8935,9036,279,12.71
8940,9041,279,12.58
9022,9123,279,17.61
9044,9145,279,12.63
8452,8453,279,52.96
5933,5934,279,29.15
5729,5730,279,53.73
8151,8152,279,20.22
5709,5710,280,53.78
7664,7665,280,47.24
7954,7955,280,23.79
8052,8053,280,20.32
7060,7061,280,44.55
5525,5526,280,52.86
7854,7955,280,13.33
6347,6348,280,29.83
5833,5834,280,28.04
6241,6242,280,10.05
6447,6348,280,7.18
9042,9143,280,12.53
8550,8551,280,9.82
5932,6033,280,17.66
8253,8254,280,22.01
8651,8652,280,48.06
7563,7564,281,46.42
7161,7162,281,42.21
6759,6860,281,33.5
7763,7864,281,34.39
7059,6960,281,21.31
7561,7462,281,17.38
8204,8305,281,17.6
5623,5522,281,12.42
8453,8454,281,51.13
8103,8203,281,5.64
6554,6555,281,26.45
8451,8552,281,28.29
5720,5620,281,3.88
7261,7262,281,12.51
6033,6034,282,53.87
6760,6761,282,42.24
7764,7765,282,47.6
5731,5732,282,27.77
5707,5708,282,26.3
7664,7765,282,34.32
8916,9017,282,17.65
5832,5733,282,16.17
7953,8054,282,12.96
5808,5708,282,7.28
9029,9130,282,12.48
8913,9014,282,17.64
8452,8553,282,30.53
6451,6452,282,21.38
6758,6659,282,15.97
8651,8752,282,34.16
7061,7062,283,49.4
7665,7666,283,47.57
6759,6660,283,20.83
7562,7463,283,17.9
9123,9124,283,27.74
5934,5935,283,30.46
9018,9119,283,17.66
9131,9232,283,12.45
5628,5629,283,24.04
9015,9016,283,27.11
6445,6345,283,3.26
7564,7565,284,47.24
8152,8153,284,20.08
6760,6861,284,34.08
9145,9146,284,20.01
7764,7865,284,34.26
9049,9050,284,18.8
9133,9134,284,19.74
8851,8852,284,19.65
7956,7957,284,11.92
9033,9134,284,12.61
6860,6861,284,38.29
8850,8951,284,12.13
9046,9147,284,12.84
9122,9223,284,17.62
8001,8101,284,5.41
8453,8554,284,32.68
6448,6349,284,7.18
6343,6344,284,9.8
8454,8455,284,45.02
5834,5835,284,28.29
6348,6349,284,30.12
9132,9233,284,12.59
8928,9028,284,3.93
8353,8354,284,23.34
6960,6961,284,38.64
6340,6240,284,2.99
7858,7959,284,12.36
5733,5734,285,49.53
6555,6556,285,31.34
7955,8056,285,32.45
7665,7766,285,34.27
8306,8407,285,17.61
9040,9141,285,12.54
9034,9135,285,12.62
5935,5936,285,53.86
8811,8912,285,17.68
5526,5527,285,24.68
8254,8255,285,24.2
7666,7667,286,47.83
8354,8355,286,52.18
8552,8653,286,34.09
6033,6134,286,26.71
7563,7464,286,17.69
7954,8055,286,13.33
6452,6453,286,27.78
8454,8555,286,34.45
9020,9120,286,5.3
8652,8653,286,18.52
7463,7464,286,46.46
5734,5735,287,51.46
6761,6762,287,22.1
5527,5528,287,53.52
6760,6661,287,19.96
7362,7363,287,11.14
7565,7566,287,47.68
5524,5425,287,13.81
7862,7963,287,12.67
9124,9125,287,27.51
5936,5937,287,52.5
8455,8456,287,34.83
9025,9126,287,4.67
6556,6557,288,38
8056,8057,288,40.46
5835,5836,288,31.31
6349,6350,288,30.8
7666,7767,288,34.21
8752,8753,288,19.59
7766,7767,288,47.61
6132,6133,288,8.27
9123,9224,288,17.65
8255,8256,288,46.82
5934,6035,288,17.65
5703,5604,288,5.67
5702,5603,288,5.44
6961,6962,288,26.91
7861,7962,288,12.68
9015,9116,288,17.6
7667,7668,289,48.09
5528,5529,289,53.85
8355,8356,289,42.15
7959,7960,289,20.06
8153,8154,289,21.43
7865,7866,289,20.18
7162,7163,289,12.66
5735,5736,289,53.87
9035,9136,289,12.65
5935,6036,289,26.61
6861,6862,289,23.87
8554,8655,289,32.73
9147,9148,289,20.04
5425,5426,289,53.77
8455,8556,289,31.08
7464,7465,289,47.24
5836,5837,290,53.75
8056,8157,290,33.6
7957,7958,290,17.56
8852,8853,290,19.96
8951,8952,290,19.34
6659,6560,290,20.02
8305,8406,290,17.62
8203,8304,290,17.59
7766,7867,290,34.26
9049,9150,290,12.37
9133,9234,290,12.59
9144,9245,290,12.65
9037,9138,290,12.8
7566,7567,290,47.9
8851,8952,290,12.57
9050,9051,290,18.89
9038,9139,290,12.69
7857,7958,290,11.78
8456,8457,290,39.28
8204,8304,290,5.63
8609,8709,290,5.56
5712,5613,290,7.42
9233,9234,290,19.76
6962,6963,290,50.36
7863,7964,290,12.68
8554,8654,290,17.56
6242,6243,290,10.02
9017,9118,290,17.68
6453,6454,290,26.3
5937,5938,290,37
7262,7263,290,11.98
8057,8058,291,41.62
7667,7768,291,34.15
8055,8156,291,33.68
9141,9142,291,19.69
5732,5633,291,15.87
9041,9142,291,12.57
7860,7961,291,12.68
9145,9246,291,12.65
9036,9137,291,12.68
5736,5737,291,53.76
9048,9149,291,12.27
7767,7768,291,47.28
5705,5606,291,8.33
8508,8608,291,5.58
9014,9115,291,17.65
7668,7669,292,46.1
8356,8357,292,33.76
6557,6558,292,31.23
6350,6351,292,29.9
6762,6763,292,20.1
5837,5838,292,53.58
5733,5634,292,15.47
7062,7063,292,11.7
6659,6559,292,10.8
6661,6662,292,22.71
8456,8557,292,33.18
6346,6247,292,7.2
5524,5424,292,6.3
8913,9013,292,5.5
9124,9225,292,17.63
9016,9117,292,17.63
5936,6037,292,22.18
5730,5631,292,10.99
9143,9244,292,12.7
7465,7466,292,47.93
7463,7364,292,17.66
5737,5738,293,53.75
8157,8158,293,41.18
5604,5605,293,23.06
8057,8158,293,33.93
8101,8202,293,17.67
7567,7568,293,48.05
8054,8155,293,13.34
8102,8202,293,5.37
5713,5614,293,7.72
7767,7868,293,34.32
6963,6964,293,42.03
7864,7965,293,12.7
9122,9222,293,5.59
5938,5939,293,47.1
6862,6863,293,28.16
7668,7769,294,34.45
8753,8754,294,19.68
5631,5632,294,52.66
5709,5610,294,8.86
9130,9231,294,12.09
8710,8810,294,5.55
5729,5630,294,8.68
6454,6455,294,26.33
5426,5427,294,22.57
5738,5739,295,53.59
7466,7467,295,47.83
7364,7365,295,47.24
5606,5607,295,25.35
8853,8854,295,20.08
8157,8258,295,33.81
9150,9151,295,20.1
6863,6864,295,50.66
7063,7064,295,35.41
9232,9333,295,12.57
6963,7064,295,34.04
6037,6038,295,40.54
8811,8911,295,5.33
8655,8656,295,19
9146,9247,295,12.88
5838,5839,295,36.22
7464,7365,295,17.15
5427,5428,296,53.79
6964,6965,296,36.08
8158,8159,296,44.28
5614,5615,296,33.83
8156,8257,296,33.25
7568,7569,296,45.95
9234,9235,296,19.9
9139,9140,296,19.72
8356,8257,296,22.44
8952,8953,296,19.68
5734,5635,296,13.75
7959,8060,296,12.66
7865,7966,296,12.69
9028,9129,296,12.71
8852,8953,296,12.64
9134,9235,296,12.62
8951,9052,296,12.5
6247,6248,296,29.71
8457,8458,296,19.68
5707,5608,296,7.89
8256,8257,296,12.72
5714,5615,296,6.45
5634,5635,296,32.82
9233,9334,296,12.59
9029,9129,296,3.98
6347,6248,296,7.09
9147,9248,296,12.66
5939,5940,296,39.66
5718,5619,296,4.98
6455,6456,297,33.86
8058,8059,297,19.17
9126,9127,297,10.99
6351,6352,297,21.22
9135,9236,297,12.62
9141,9242,297,12.58
7063,7164,297,31.4
9026,9127,297,4.66
5839,5840,298,45.98
7467,7468,298,46.74
5739,5740,298,37.46
6964,7065,298,31.75
8158,8259,298,34.41
8357,8358,298,18.9
6864,6865,298,38.41
7064,7065,298,42.4
7365,7366,298,48.36
8557,8558,298,19.75
7465,7366,298,16.67
7868,7869,299,19.92
8406,8507,299,17.58
7963,8064,299,12.69
8304,8405,299,17.64
6134,6135,299,8
8305,8405,299,5.59
8203,8303,299,5.66
5635,5636,299,34.05
5938,6039,299,16.49
5715,5616,299,5.1
5701,5602,299,5.26
7263,7264,299,11.22
5940,5941,299,42.39
5608,5609,300,28.77
8754,8755,300,19.85
8911,9012,300,33.17
9151,9152,300,20.29
7962,8063,300,12.69
6248,6249,300,30.34
6559,6460,300,17.81
7064,7165,300,34.12
7769,7770,300,19.15
5712,5612,300,3.37
6456,6457,300,38.48
5840,5841,301,22.49
8854,8855,301,17.15
7466,7367,301,12.03
7364,7265,301,12.34
9013,9114,301,23.86
8853,8954,301,17.88
7867,7968,301,17.95
7964,8065,301,17.9
9138,9239,301,18.19
9234,9335,301,17.8
9139,9240,301,17.73
9245,9346,301,17.94
7960,8061,301,17.96
7866,7967,301,18
9136,9237,301,17.84
8952,9053,301,17.68
9150,9251,301,18.07
5710,5611,301,5.17
6452,6353,301,5.69
9148,9249,301,17.58
7065,7066,301,40.79
8656,8657,301,17.07
8655,8756,301,17.37
9014,9114,301,5.84
6243,6244,301,6.68
8556,8657,301,17.48
7366,7367,301,40.67
5740,5741,302,23.44
8159,8160,302,17.12
9137,9238,302,18.17
9142,9243,302,17.81
9246,9347,302,18.92
7961,8062,302,17.93
9115,9216,302,17.92
7568,7469,302,12.87
7669,7670,302,6.36
5529,5530,302,4.06
8458,8459,302,17.11
6662,6663,302,6.12
9149,9250,302,17.85
7065,7166,302,41.89
6037,6138,302,20.61
5939,6040,302,24.51
5425,5326,302,7.08
5941,5942,303,24.4
7965,8066,303,17.93
7868,7969,303,17.84
5636,5637,303,23.7
6864,6765,303,17.04
9244,9345,303,18
8101,8201,303,5.72
6457,6458,303,39.62
6560,6561,303,7.34
5424,5325,303,10.26
9225,9226,303,5.81
8557,8658,303,17.7
8259,8260,304,17.15
8558,8559,304,16.96
6864,6764,304,9.56
5528,5429,304,6.4
6865,6866,304,19.39
6863,6764,304,10.19
8358,8359,304,17.11
9231,9332,304,17.19
7769,7870,304,17.51
6346,6246,304,2.6
6345,6246,304,5.44
7066,7067,304,40.75
5940,6041,304,21.95
7367,7368,304,40.79
5326,5327,305,37.41
6460,6461,305,22.49
8854,8955,305,17.81
5941,6042,305,26.2
8911,9011,305,10.52
9151,9252,305,18.18
9247,9348,305,18.77
6559,6459,305,6.53
5631,5532,305,8.56
6249,6250,305,23.52
9333,9434,305,17.87
6661,6562,305,6.58
9027,9128,305,6.34
7066,7167,305,41.96
8656,8757,305,17.71
6235,6236,305,1.14
5841,5842,306,23.52
9236,9337,306,18.03
9242,9343,306,17.77
9235,9336,306,17.97
9140,9241,306,17.64
7966,8067,306,18
8060,8161,306,17.91
9152,9153,306,17.32
8953,9054,306,17.69
5604,5505,306,6.51
9248,9349,306,17.63
6865,6966,306,19.77
8405,8506,306,23.75
9129,9230,306,17.57
8303,8404,306,23.84
9334,9435,306,17.91
9130,9230,306,4.53
9052,9153,306,17.53
7365,7266,306,11.68
6344,6245,306,5.29
6453,6354,306,5.95
6244,6245,306,23.56
5741,5742,307,23.63
9114,9215,307,23.74
8855,8856,307,16.99
9012,9113,307,23.52
8259,8360,307,17.8
8558,8659,307,17.59
6765,6766,307,33.17
5737,5638,307,7.77
5603,5504,307,6.48
7067,7068,307,40.5
6663,6664,307,23.52
9216,9217,308,18.18
5327,5328,308,38.09
8063,8164,308,17.97
7869,7970,308,17.77
8064,8165,308,17.86
5530,5531,308,18.71
9152,9253,308,17.99
8709,8809,308,5.94
8459,8460,308,17.11
5632,5533,308,9.09
5532,5533,308,35.5
7067,7168,308,41.84
5942,5943,308,23.74
9346,9447,309,19.1
8061,8162,309,17.88
7968,8069,309,17.99
8065,8166,309,17.91
9239,9340,309,17.92
9237,9338,309,18.19
7967,8068,309,17.96
9251,9352,309,17.82
7569,7570,309,6.24
9335,9436,309,18.06
8954,9055,309,17.75
8201,8302,309,23.77
8608,8708,309,5.99
8657,8758,309,17.76
5942,6043,309,25.07
5842,5843,310,29.86
8260,8261,310,17.11
8559,8560,310,17
9243,9344,310,17.92
9347,9448,310,18.78
8062,8163,310,17.96
7068,7069,310,39.89
8160,8261,310,17.84
9216,9317,310,18.97
9238,9339,310,18.33
8855,8956,310,17.63
9250,9351,310,17.94
8756,8857,310,17.64
6765,6666,310,20.27
8459,8560,310,17.76
6240,6141,310,4.4
6250,6251,310,23.4
9053,9154,310,17.52
5424,5324,310,5.02
7366,7267,310,11.73
5505,5506,311,22.71
6562,6563,311,17.01
8066,8167,311,17.93
7969,8070,311,17.96
7068,7169,311,41.37
9011,9112,311,23.58
6354,6355,311,22.6
9345,9446,311,18
6765,6665,311,13.12
5613,5514,311,6.03
6042,6143,311,24.98
5524,5423,311,3.41
5716,5617,311,3
6454,6355,311,5.96
5742,5743,312,23.75
5638,5639,312,23.55
8404,8505,312,23.96
8260,8361,312,17.76
9349,9350,312,16.73
5606,5507,312,6.07
9332,9433,312,17.69
8810,8910,312,5.88
9118,9219,312,7.32
8658,8759,312,17.56
9215,9316,313,23.82
9113,9214,313,23.98
8659,8660,313,16.96
8506,8607,313,23.55
7069,7070,313,39.22
8559,8660,313,17.64
9252,9353,313,17.74
6766,6767,313,18.43
9434,9535,313,18.08
9126,9227,313,6.36
9223,9324,313,5.93
5943,5944,313,23.73
7066,6967,313,12.11
5533,5534,313,23.75
8757,8858,313,17.71
7367,7268,313,12.56
6666,6667,314,33.24
9153,9254,314,17.84
9343,9444,314,18.01
8067,8168,314,17.91
8161,8262,314,17.83
9054,9155,314,17.83
9241,9342,314,17.96
7069,7170,314,40.81
9253,9254,314,17.04
9348,9449,314,16.94
9337,9438,314,18.3
9336,9437,314,18.34
8955,9056,314,17.68
9117,9218,314,7.31
6043,6044,314,23.69
9435,9536,314,18.34
9120,9221,314,5.99
8460,8461,314,17.11
5943,6044,314,24.94
5717,5618,314,3.08
6457,6358,315,9.82
9119,9220,315,5.4
6043,6144,315,24.85
6766,6867,315,18.74
6251,6252,315,23.06
9349,9450,315,17.33
8302,8403,315,23.86
9340,9341,315,17.4
5843,5844,315,23.72
9224,9325,316,5.97
8460,8561,316,17.76
8560,8561,316,17.15
7268,7269,316,40.73
7070,7071,316,38.7
5603,5503,316,3.27
9317,9318,316,18.35
6767,6768,316,38.27
5514,5515,316,23.73
6355,6356,316,23.73
7469,7470,316,7.24
6247,6148,316,5.36
8659,8760,316,17.6
8165,8266,316,17.97
8164,8265,316,17.89
6563,6564,316,22.64
9436,9537,317,18.56
6459,6360,317,12.45
7067,6968,317,11.2
9231,9331,317,4.47
7268,7369,317,41.78
7070,7171,317,40.35
6767,6868,317,38.85
9338,9439,317,18.27
7770,7771,317,6.23
9055,9156,317,17.76
9253,9354,317,17.68
5534,5535,317,29.36
6666,6567,317,20.24
9340,9441,317,18.09
9447,9548,317,18.28
8162,8263,317,17.92
8069,8170,317,18.04
8166,8267,317,17.94
8068,8169,317,18.02
5639,5640,317,23.76
5743,5744,317,23.65
5507,5508,317,23.45
5701,5601,318,1.99
9225,9326,318,6.2
8560,8661,318,17.8
5944,5945,318,23.73
9317,9418,318,19.17
9222,9323,318,6.18
9112,9213,318,23.28
9339,9440,318,18.3
8361,8362,318,17.27
9352,9453,318,17.32
6666,6566,318,13.08
8758,8859,318,17.66
8163,8264,318,17.9
9154,9255,318,18.07
9344,9445,318,18.24
8261,8362,318,17.84
8505,8606,318,23.66
7470,7471,319,40.65
6768,6769,319,40.17
7071,7072,319,39.28
6044,6045,319,23.69
7269,7270,319,40.36
5944,6045,319,24.94
9214,9315,319,23.93
8857,8958,319,17.66
9351,9452,319,17.61
6461,6462,319,7.31
9446,9547,319,18.99
9448,9549,319,16.67
7670,7671,319,5.89
8167,8268,319,17.92
7369,7370,320,40.3
7470,7571,320,41.64
6768,6869,320,41.02
7071,7172,320,40.85
5844,5845,320,23.69
6667,6668,320,18.04
6044,6145,320,24.85
9219,9320,320,18.31
8201,8301,320,5.89
9129,9229,320,4.41
7269,7370,320,41.25
9433,9534,320,18.05
6144,6145,320,23.6
9127,9228,320,6.49
8361,8462,320,17.94
5326,5227,320,8.02
9350,9451,320,17.76
9056,9057,320,16.94
5640,5641,321,27.73
5535,5536,321,31.21
6564,6565,321,23.54
6356,6357,321,23.55
6252,6253,321,17.46
8403,8504,321,23.96
9535,9636,321,18.58
6459,6359,321,6.31
6457,6357,321,4.78
9324,9425,321,18.2
8858,8959,321,17.79
6148,6149,321,23.52
5608,5509,321,5.5
5325,5226,321,8.31
7068,6969,321,10.14
7870,7871,321,6.1
8660,8761,321,17.84
7471,7472,322,40.73
7072,7073,322,40.08
5744,5745,322,23.45
6360,6361,322,22.47
8561,8562,322,17.35
9536,9637,322,18.6
9318,9319,322,18.11
7270,7271,322,40.76
5613,5513,322,2.98
5615,5516,322,5.35
9438,9539,322,18.29
9437,9538,322,18.45
5327,5228,322,8.46
9011,9111,322,6
9155,9256,322,17.82
9353,9454,322,17.17
8262,8363,322,17.84
9444,9545,322,18.36
8168,8269,322,17.96
9342,9443,322,17.69
9254,9355,322,17.7
9221,9322,322,17.95
6668,6669,323,38.23
7370,7371,323,40.45
7471,7572,323,41.96
7072,7173,323,41.53
5945,5946,323,23.64
9441,9442,323,16.95
9220,9321,323,18.03
5324,5225,323,11
7270,7371,323,41.83
8911,9010,323,5.1
9449,9550,323,17.05
9056,9157,323,17.57
8606,8707,324,23.67
5945,6046,324,24.76
8661,8662,324,17.45
9213,9314,324,24.01
6567,6568,324,14.41
8266,8367,324,17.92
9325,9426,324,18.3
8561,8662,324,18.03
6340,6239,324,1.7
9318,9419,324,18.9
8859,8860,324,17
8760,8861,324,17.82
6045,6046,324,23.43
7073,7074,325,40.5
6145,6146,325,23.34
5845,5846,325,23.69
6462,6463,325,16.94
9315,9416,325,24.2
5536,5537,325,31.97
8267,8368,325,17.96
8169,8270,325,18.08
9439,9540,325,18.5
9537,9638,325,18.32
6035,6136,325,4.38
8263,8364,325,17.76
6045,6146,325,24.45
7970,7971,325,6
8809,8909,325,5.93
7173,7174,326,40.67
6669,6670,326,39.63
7073,7174,326,41.84
5641,5642,326,23.71
8301,8402,326,23.61
6253,6254,326,22.68
9440,9541,326,18.02
9323,9424,326,18.3
8661,8762,326,18.14
9445,9546,326,18.05
9441,9542,326,17.58
9354,9455,326,17.26
9548,9649,326,17.63
9057,9058,326,16.94
5532,5433,326,7
6042,6142,326,4.83
6149,6150,326,23.62
8956,8957,326,6.58
8264,8365,326,17.84
5611,5512,326,5.75
9226,9327,326,6.32
7069,6970,326,9.39
8708,8808,326,5.95
8362,8463,326,17.94
7173,7274,327,41.94
6669,6770,327,40.37
8959,8960,327,16.84
8958,9059,327,17.72
9547,9648,327,18.38
9453,9554,327,17.44
6566,6467,327,17.58
8504,8605,327,23.97
9332,9432,327,4.4
8859,8960,327,17.64
5609,5510,327,5.41
7074,7075,328,40.61
8562,8563,328,17.33
6361,6362,328,17.04
9256,9257,328,16.94
9229,9330,328,17.87
9534,9635,328,18.34
9549,9650,328,17.4
6566,6466,328,10.03
9320,9421,328,18.1
6335,6336,328,1.14
5537,5538,328,35.24
9452,9553,328,17.36
9112,9212,328,6.17
6670,6671,329,39.06
7174,7175,329,40.17
7074,7175,329,41.91
9550,9551,329,16.92
9157,9158,329,16.89
9636,9737,329,18.49
6668,6569,329,17.36
8761,8862,329,18.27
9451,9552,329,17.61
9057,9158,329,17.57
5324,5224,329,5.45
5424,5323,329,3.7
7070,6971,329,8.92
6247,6147,329,2.58
9425,9526,329,18.43
8070,8071,329,5.87
7274,7275,330,39.7
5642,5643,330,30.25
6670,6771,330,39.72
7174,7275,330,41.6
5846,5847,330,23.62
9314,9415,330,24.17
8662,8663,330,17.41
9419,9420,330,17.74
9443,9544,330,18.42
8562,8663,330,18.01
9538,9639,330,18.11
9545,9646,330,18.29
9637,9738,330,18.31
9539,9640,330,18.19
6359,6260,330,16.5
8959,9060,330,17.46
8363,8464,330,17.8
9322,9423,330,18.23
9319,9420,330,18.33
6037,6137,330,2.75
6354,6255,330,5.97
5429,5430,330,3.97
8269,8370,330,18.02
5505,5406,330,5.9
6240,6140,330,2.02
9426,9427,330,17.62
7075,7076,331,40.28
5538,5539,331,37.87
6467,6468,331,27.76
7274,7375,331,41.22
5433,5434,331,23.66
5846,5947,331,24.74
9442,9543,331,17.92
9256,9357,331,17.57
7471,7372,331,12.02
7071,6972,331,9.44
9321,9422,331,18.15
5504,5405,331,6.13
7175,7176,332,37.26
6671,6672,332,39.45
7075,7176,332,41.68
5510,5511,332,22.66
8402,8503,332,24.07
6463,6464,332,16.48
8861,8962,332,18.07
8662,8763,332,18.09
9419,9520,332,18.47
7173,7273,332,11.97
6669,6570,332,15.84
9550,9651,332,17.54
9157,9258,332,17.51
8762,8763,332,17.55
6359,6259,332,9.11
9316,9417,332,7.46
6250,6151,332,5.33
5328,5329,332,4.22
8365,8366,332,17.18
9426,9527,332,18.34
5430,5431,333,35.88
6771,6772,333,40.66
7275,7276,333,36.5
6260,6261,333,40.78
7175,7276,333,39.03
6671,6772,333,40.16
8605,8706,333,23.78
9638,9739,333,18.34
9540,9641,333,17.86
9554,9555,333,17.24
7072,6973,333,10.41
8364,8465,333,17.76
7671,7672,333,7.35
6468,6469,334,40.74
7076,7077,334,39.6
5539,5540,334,35.22
6771,6872,334,41.67
7275,7376,334,38.31
6362,6363,334,16.81
6467,6367,334,16
6467,6368,334,21.26
9649,9750,334,17.79
9546,9647,334,18.74
9542,9643,334,18.32
9541,9642,334,17.81
8762,8863,334,18.26
7771,7772,334,5.94
9424,9525,334,18.3
8365,8466,334,17.84
8070,8171,334,6.26
7176,7177,335,34.32
6672,6673,335,40.3
7076,7177,335,41.13
5406,5407,335,22.77
5643,5644,335,23.7
9158,9159,335,16.72
9212,9313,335,23.49
9648,9749,335,18.12
6255,6256,335,23.64
6670,6571,335,16.54
7073,6974,335,11.22
9554,9655,335,17.91
9058,9159,335,17.43
7276,7277,336,35.63
6772,6773,336,40.79
7176,7277,336,36.22
6672,6773,336,41.18
5434,5435,336,24.98
9415,9516,336,24.18
9421,9522,336,18.34
9650,9751,336,17.97
9553,9654,336,17.86
9355,9356,336,7.55
7271,7272,336,7.34
6357,6258,336,9.8
9635,9736,336,18.59
5423,5422,336,4.12
5532,5432,336,3.3
9433,9533,336,4.34
6251,6152,336,5.63
9059,9160,336,17.43
9060,9061,336,17.16
9227,9328,336,6.39
7376,7377,337,39.21
6469,6470,337,37.66
6872,6873,337,40.62
6368,6369,337,37.97
7077,7078,337,35.82
7276,7377,337,37.49
6772,6873,337,41.92
6464,6465,337,22.67
9357,9358,337,16.83
9737,9838,337,18.31
9330,9431,337,17.56
7274,7374,337,10.13
7572,7573,337,7.35
6869,6870,337,5.98
5227,5128,337,8.72
8301,8401,337,5.98
9418,9519,337,7.57
6566,6465,337,7.71
8862,8963,337,18.13
6138,6139,337,2.94
6673,6674,338,40.67
7177,7178,338,33.71
6571,6572,338,39.38
6974,6975,338,40.05
7376,7477,338,40.8
7077,7178,338,37.67
9520,9521,338,17.97
9258,9259,338,16.86
5329,5330,338,19.28
9646,9747,338,18.35
9639,9740,338,18.37
9738,9839,338,18.45
9544,9645,338,18.3
9420,9521,338,18.52
9423,9524,338,18.38
6771,6871,338,13.99
9640,9741,338,18.3
9651,9652,338,17.28
9158,9259,338,17.32
6671,6572,338,16.08
6467,6366,338,13.64
5540,5541,338,31.86
8464,8565,338,17.69
7074,6975,338,11.53
5225,5126,338,9.61
9551,9652,338,17.64
8503,8604,338,24.09
7871,7872,338,6.11
9060,9161,338,17.81
9552,9653,338,17.54
7277,7278,339,38.32
6773,6774,339,40.54
6673,6774,339,41.67
7177,7278,339,35.63
6363,6364,339,21.98
6261,6262,339,16.93
8706,8807,339,23.81
9543,9644,339,18.53
9422,9523,339,18.34
5503,5404,339,6.18
9111,9211,339,6.15
5507,5408,339,5.27
6873,6874,340,40.35
7377,7378,340,36.63
6369,6370,340,39.29
7277,7378,340,40.01
6773,6874,340,41.86
5644,5645,340,23.39
6256,6257,340,23.67
8366,8467,340,17.89
6259,6160,340,18.55
9520,9621,340,18.73
9357,9458,340,17.45
9651,9752,340,17.95
9455,9456,340,7.55
9010,9110,340,5.89
8170,8271,340,6.24
8466,8467,340,17.25
5224,5125,340,13.27
5330,5331,341,35.11
6674,6675,341,40.56
6572,6573,341,39.06
7178,7179,341,34.2
6975,6976,341,40.1
7078,7079,341,28.85
7377,7478,341,38.44
5435,5436,341,24.99
6152,6153,341,22.69
9313,9414,341,24.2
7477,7478,341,34.53
9641,9742,341,18.44
9739,9840,341,18.48
9258,9359,341,17.48
6260,6161,341,12.99
8465,8566,341,17.76
6774,6775,342,39.93
7278,7279,342,40.58
6262,6263,342,40.49
6674,6775,342,41.51
7178,7279,342,36.11
9643,9744,342,18.57
9750,9851,342,18.07
9647,9748,342,18.53
9642,9743,342,18.66
7477,7578,342,36.42
6259,6159,342,10.96
7971,7972,342,6.06
7572,7673,342,7.58
8466,8567,342,17.92
9061,9062,342,17.28
8368,8369,342,5.95
8268,8369,342,6.3
6370,6371,343,40.55
7378,7379,343,36.99
6874,6875,343,38.75
6774,6875,343,41.41
7278,7379,343,41.89
6470,6471,343,18.2
8401,8502,343,23.7
5541,5542,343,23.76
6368,6269,343,17.59
8960,8961,343,6.26
9228,9329,343,6.34
9229,9329,343,4.37
8808,8908,343,5.9
8909,9009,343,5.88
7179,7180,344,33.52
6976,6977,344,40.28
6573,6574,344,38.06
6675,6676,344,39.45
7378,7479,344,38.78
6364,6365,344,21.86
9161,9162,344,17.08
8604,8705,344,24.09
9259,9260,344,17.04
9522,9623,344,18.32
9533,9634,344,18.19
9160,9261,344,17.78
6571,6472,344,16.16
9159,9260,344,17.58
6368,6268,344,10.03
9416,9517,344,7.52
5408,5409,344,23.21
7472,7473,344,4.58
5227,5127,344,4.18
9534,9634,344,4.3
9061,9162,344,17.95
9751,9852,344,18.39
5603,5502,344,2.43
6148,6049,344,5.18
5514,5415,344,4.41
5224,5124,344,6.83
6263,6264,345,40.46
7279,7280,345,39.57
6775,6776,345,40.42
5436,5437,345,25.59
7179,7280,345,35.43
6675,6776,345,40.16
9519,9620,345,18.75
7376,7476,345,9.59
8563,8564,345,6.2
9212,9312,345,6.05
9455,9556,345,7.75
5745,5746,345,4.42
6253,6154,345,5.92
6046,6047,345,4.94
6875,6876,346,39
6269,6270,346,39.51
7379,7380,346,36.63
6371,6372,346,40.09
7279,7380,346,41.1
6775,6876,346,41.79
7079,7080,346,24.61
7578,7579,346,29.03
9621,9622,346,17.69
8467,8468,346,17.32
9458,9459,346,16.97
9752,9753,346,17.87
9747,9848,346,18.12
9521,9622,346,18.43
9524,9625,346,18.14
9161,9262,346,17.73
9741,9842,346,18.55
9740,9841,346,18.53
9456,9457,346,16.93
9358,9459,346,17.63
8565,8666,346,17.77
8071,8072,346,5.91
9645,9746,346,18.35
5538,5439,346,8.31
5228,5229,346,4.3
9652,9753,346,17.79
5324,5223,346,4.03
5423,5322,346,4.11
5537,5438,346,6.88
9653,9754,346,18.05
6676,6677,347,36.9
6472,6473,347,35.14
6977,6978,347,39.08
6574,6575,347,34.86
5542,5543,347,31.31
7379,7480,347,38.44
9414,9515,347,24.31
5331,5332,347,18.6
9359,9360,347,17.05
7578,7679,347,30.95
9644,9745,347,18.48
9523,9624,347,18.21
6572,6473,347,16.54
9259,9360,347,17.68
8370,8371,347,6.25
8663,8664,347,6.2
8270,8371,347,6.55
6161,6162,347,16.76
5620,5521,347,1.98
6776,6777,348,40.05
7280,7281,348,34.35
6676,6777,348,37.36
7180,7181,348,31.8
9621,9722,348,18.42
8467,8568,348,18
9752,9853,348,18.62
9427,9428,348,5.84
8368,8469,348,6.34
7772,7773,348,7.35
5439,5440,349,36.83
6876,6877,349,39.66
7476,7577,349,41.68
6776,6877,349,41.5
7280,7381,349,36.25
7479,7580,349,30.94
9359,9460,349,17.69
9742,9843,349,18.4
9458,9559,349,17.61
6262,6163,349,14.27
9456,9557,349,17.56
9655,9656,349,7.58
9527,9528,349,5.93
8763,8764,349,6.21
6259,6158,349,8.52
5409,5410,349,23.18
6049,6050,349,23.71
5503,5403,349,3.07
8502,8603,349,24.2
6978,6979,350,33.71
6154,6155,350,22.88
6264,6265,350,21.8
6047,6048,350,23.39
9517,9518,350,17.44
8705,8806,350,23.94
9743,9844,350,18.31
9744,9845,350,18.19
9748,9849,350,17.92
9851,9952,350,18.03
6573,6474,350,17.51
6675,6576,350,16.08
5746,5747,350,23.62
6677,6678,350,34.76
6159,6060,350,19.31
8863,8864,350,6.33
5513,5414,350,5.12
5332,5333,351,33.24
7080,7081,351,24.34
7380,7481,351,33.32
9312,9413,351,23.83
9162,9163,351,16.62
9329,9430,351,18.04
7480,7481,351,27.94
6270,6271,351,21.03
8171,8172,351,6.18
7573,7574,351,7.31
9330,9430,351,4.42
5510,5411,351,5.93
5512,5413,351,5.68
5516,5517,351,3.52
6159,6059,351,11.8
6777,6778,351,38.31
5440,5441,352,35.8
7181,7182,352,29.69
7281,7282,352,30.49
9262,9263,352,16.73
5229,5230,352,19.04
6676,6577,352,18.4
9623,9724,352,17.92
6472,6373,352,19.44
9517,9618,352,18.14
9852,9953,352,18.69
6574,6475,352,19.57
9009,9109,352,11.91
6269,6170,352,15.99
6263,6164,352,14.36
8666,8667,352,17.06
7480,7581,352,29.84
7872,7873,352,7.34
9634,9735,352,18.27
8370,8471,352,6.65
9526,9627,352,6.16
5543,5544,352,23.73
6877,6878,352,38.47
9635,9735,352,4.27
6777,6878,352,40
6060,6061,353,40.4
7381,7382,353,26.65
7281,7382,353,32.42
9360,9361,353,16.8
8664,8665,353,16.93
9620,9721,353,18.76
9261,9362,353,17.58
9260,9361,353,17.63
9515,9616,353,24.03
6371,6272,353,15.13
8963,8964,353,6.54
6368,6267,353,7.71
9737,9837,353,4.31
6678,6679,353,38.9
6979,6980,354,28.97
7381,7482,354,28.53
9722,9723,354,17.48
6473,6374,354,21.26
6575,6476,354,21.15
9848,9949,354,17.83
9746,9847,354,17.89
9622,9723,354,18.14
9853,9854,354,18.4
8666,8767,354,17.71
6778,6779,354,39.44
8401,8501,354,5.93
9749,9850,354,7.82
9655,9756,354,7.8
8962,9063,354,6.51
5847,5848,354,4.21
5124,5025,354,15.55
5947,5948,354,4.52
9753,9854,354,18.91
9556,9657,354,17.57
6678,6779,354,39.54
9842,9943,354,18.01
9841,9942,354,18.04
5230,5231,355,36.1
5333,5334,355,29.23
6155,6156,355,23.57
6265,6266,355,22.83
9460,9461,355,16.84
8603,8704,355,24.2
9559,9560,355,16.79
9624,9725,355,17.73
9262,9363,355,17.34
9459,9560,355,17.56
9557,9558,355,17.02
9457,9558,355,17.61
7476,7576,355,10.98
6269,6169,355,8.72
8271,8272,355,6.76
6778,6879,355,40.99
7272,7373,355,7.56
9654,9755,355,7.82
9527,9628,355,6.32
7372,7373,355,4.32
9745,9846,355,17.96
5406,5307,355,5.86
6677,6578,355,19.62
6878,6879,355,35.42
7182,7183,356,30.64
7282,7283,356,30.58
7081,7082,356,23.95
5411,5412,356,22.54
8806,8907,356,23.94
9722,9823,356,18.18
9109,9210,356,41.95
8664,8765,356,17.56
9853,9954,356,19.22
9211,9311,356,6.06
5517,5518,356,23.58
5124,5024,356,8.38
7573,7674,356,7.57
9838,9939,356,7.58
5405,5306,356,5.86
7673,7674,356,7.34
6679,6680,356,40
5544,5545,357,23.42
6170,6171,357,20.05
5441,5442,357,23.75
6164,6165,357,21.72
7282,7383,357,32.52
7481,7582,357,25.83
9413,9514,357,24.23
6374,6375,357,35.08
7872,7973,357,7.55
7374,7475,357,7.42
9525,9626,357,6.23
9839,9940,357,7.58
7581,7582,357,23.7
6779,6780,357,40.43
9843,9944,357,17.89
6162,6063,357,14.94
5224,5123,357,5.09
6679,6780,357,41.46
6151,6052,357,5.79
6272,6273,358,21.56
9518,9619,358,18.33
9460,9561,358,17.46
6980,6981,358,25.46
9656,9757,358,17.54
9559,9660,358,17.4
9557,9658,358,17.66
9618,9619,358,17.71
8963,9064,358,6.94
9431,9532,358,6.99
8667,8668,358,17.16
9845,9946,358,17.73
7581,7682,358,25.48
6779,6880,358,41.79
9844,9945,358,17.8
6879,6880,358,33.67
6159,6058,358,9.28
5334,5335,359,26.5
7482,7483,359,23.7
6061,6062,359,16.83
5128,5129,359,4.65
9328,9429,359,6.41
9430,9531,359,17.86
6678,6579,359,16.71
6156,6157,360,23.74
7482,7583,360,25.48
6060,5961,360,14.5
7183,7184,360,30.17
6059,5960,360,17.19
6476,6477,360,19.89
8767,8768,360,17.09
9618,9719,360,18.43
7082,7083,360,26.75
8271,8372,360,7.16
6680,6681,360,31.92
9533,9633,360,4.32
6152,6053,360,5.91
9854,9855,360,18.26
5407,5308,360,5.78
8667,8768,360,17.82
9840,9941,360,7.58
5307,5308,360,21.5
6780,6781,360,40.78
8501,8602,360,23.85
9949,9950,360,17.11
6063,6064,360,39.31
5442,5443,361,9.71
9109,9209,361,7.54
9009,9008,361,45.61
5422,5421,361,41.05
8908,9008,361,3.27
7475,7474,362,44.73
9109,9108,362,45.63
5322,5321,362,43.44
5502,5501,362,44.43
6269,6168,362,22.3
5124,5023,362,25.28
6239,6238,362,47.5
6060,5959,363,35.29
6059,5959,363,4.93
5403,5402,363,30.04
5438,5338,363,18.89
5322,5222,363,14.64
5322,5221,363,36.69
5439,5338,363,36.4
8705,8805,363,3.4
5306,5305,363,30.19
5503,5402,363,19.58
8907,8906,364,25.42
5334,5233,364,36.8
8704,8703,364,24.83
9413,9412,364,25.22
5333,5232,364,34.47
5440,5340,364,16.35
5440,5339,364,35.86
7682,7681,364,26.83
6059,5958,364,24.85
5332,5232,364,18.29
5438,5339,364,12.11
5438,5337,364,32.96
5439,5339,364,15.42
5439,5340,364,8.79
9312,9412,364,3.23
5437,5337,364,19.28
5437,5336,364,32.25
9514,9513,364,24.96
5502,5401,364,26.91
9311,9310,364,26.38
5421,5420,364,36.26
6063,5962,364,33.49
6151,6051,364,5.78
9008,9007,365,25.82
6157,6056,365,31.65
8602,8601,365,24.48
5335,5234,365,34.38
5442,5342,365,18.8
5442,5341,365,33.12
9823,9822,365,20.84
5230,5130,365,18.02
9952,9951,365,20.1
9660,9659,365,21.05
8767,8766,365,20.56
9618,9617,365,19.42
5404,5303,365,19.66
9209,9208,365,25.97
5405,5304,365,19.66
9949,9948,365,20.55
9108,9107,366,25.18
6157,6057,366,19.55
5403,5302,366,19.65
5025,5026,366,1.39
5421,5320,366,33.32
5517,5416,366,25.89
5410,5309,366,19.75
8805,8804,367,25.11
5338,5237,367,36
5443,5343,367,19.61
5221,5220,367,27.83
5412,5311,367,19.2
6170,6069,367,19.71
5411,5310,367,19.67
6155,6054,367,18.39
5222,5121,367,36.84
9310,9309,367,45.86
6168,6167,367,23.22
5306,5205,367,19.62
5307,5206,367,19.12
9412,9411,368,25.76
5308,5207,368,19.33
6171,6070,368,18.63
5545,5444,368,18.9
9513,9512,368,25.07
6267,6166,368,18.39
5230,5131,368,11.12
5413,5312,368,17
9515,9615,368,3.3
6064,5963,368,19.75
7578,7678,368,1.65
6375,6274,368,18.66
6273,6172,368,18.81
5421,5520,368,20.97
7681,7680,368,26.17
6053,5952,368,19.5
5620,5519,368,11.93
5302,5301,369,45.08
5320,5319,369,41.14
5234,5133,369,35.93
5337,5236,369,31.82
5336,5235,369,31.82
5340,5240,369,20.02
5340,5239,369,30.4
8703,8702,369,24.55
5339,5238,369,34.34
5221,5120,369,26.96
5233,5132,369,33.04
8906,8905,369,24.79
6156,6055,369,15.38
5518,5417,369,16.55
5025,4924,369,15.57
5645,5646,369,0.68
6049,5949,369,7.18
5320,5219,370,35.96
9007,9006,370,24.43
5342,5242,370,20.18
5342,5241,370,29.89
5341,5241,370,20.34
9725,9726,370,1.52
5961,5860,370,14.85
6168,6067,370,18.7
9208,9207,370,24.51
6169,6068,370,14.35
9948,9947,370,20.42
8804,8803,371,25.11
6054,5953,371,36.84
9107,9106,371,23.43
6681,6580,371,13.36
5305,5204,371,19.73
5129,5028,371,13.54
9461,9462,371,1.49
9721,9720,371,9.74
7476,7575,371,6.05
5222,5122,371,13.45
5205,5204,371,28.27
7083,6982,371,14
9309,9308,371,25.51
5131,5030,372,36.15
5237,5136,372,31.94
5121,5020,372,34.82
5302,5201,372,27.76
5234,5134,372,16.25
5443,5344,372,13.12
5545,5546,372,2.6
9363,9364,372,1.48
9512,9511,372,25.62
8471,8470,372,8.37
9939,9938,372,8.26
9837,9836,372,8.89
5747,5748,372,5.27
5239,5138,373,36.49
5343,5243,373,19.84
5121,5021,373,17.53
5304,5203,373,19.62
5303,5202,373,19.6
9633,9632,373,8.29
9531,9530,373,7.83
9362,9463,373,1.55
9411,9410,373,20.07
9735,9734,373,7.81
7673,7774,373,0.4
5747,5647,373,7.51
5236,5135,374,33.99
5132,5031,374,33.71
8702,8701,374,24.76
8905,8904,374,24.92
5238,5137,374,32.95
5240,5139,374,34.09
6055,5954,374,34.53
9615,9614,374,19.94
5320,5419,374,18.77
5309,5208,374,19.76
6238,6237,374,8.69
5133,5032,374,31.8
9310,9409,374,14.99
6067,6066,374,25.65
6057,5956,374,18.05
6056,5955,374,15.87
6780,6881,374,1.2
8803,8802,375,25.28
5241,5140,375,33.53
5242,5141,375,32.29
5240,5140,375,18.14
5310,5209,375,19.76
9719,9718,375,6.97
5860,5859,375,20.65
9006,9005,375,23.97
5545,5445,375,6.33
5311,5210,375,19.11
5133,5033,375,19.49
5953,5852,375,36.83
6477,6376,375,9.58
7183,7284,375,0.89
9207,9206,375,23.3
5205,5104,375,19.77
5206,5105,375,19.67
5136,5035,376,35.49
9511,9510,376,25.82
5242,5142,376,19.25
6274,6173,376,19.63
6070,5969,376,19.57
5207,5106,376,18.73
5130,5029,376,13.89
9822,9821,376,9.15
6166,6065,376,19.25
9106,9105,376,24.12
5120,5119,376,16.19
9308,9307,376,24.44
5312,5211,376,17.75
5416,5315,376,14.45
6049,5950,376,4.04
9409,9408,377,44.46
5138,5037,377,36.83
5028,5027,377,18.67
5134,5034,377,20.04
6172,6071,377,17.5
5023,5022,377,6.76
5519,5418,377,17.3
5128,5027,377,8.04
5859,5858,378,46.61
5139,5038,378,36.57
5031,4930,378,36.62
5137,5036,378,36.8
8904,8903,378,25.99
5032,4931,378,36.19
9614,9613,378,25.21
5243,5143,378,20.73
9530,9529,378,20.07
5344,5244,378,19.44
5136,5036,378,16.82
5343,5244,378,13.5
6068,5967,378,19.4
5954,5853,378,36.84
5956,5855,378,35.65
5955,5854,378,36.03
6067,5966,378,19.43
9854,9955,378,1.54
5104,5103,379,28.16
9005,9004,379,25.47
8802,8801,379,25.02
5202,5101,379,27.97
5203,5102,379,27.38
5020,5019,379,16.21
5204,5103,379,19.74
5029,4928,380,36.4
9510,9509,380,25.98
5141,5040,380,34.48
5140,5039,380,35
9105,9104,380,25.85
5859,5758,380,30.21
5033,4932,380,35.12
5860,5759,380,14.76
5969,5968,380,28.17
5952,5951,380,8.67
9206,9205,380,24.45
4930,4929,381,43.68
5858,5857,381,39.46
5037,4936,381,36.81
5022,4921,381,36.75
9408,9407,381,25.11
5142,5041,381,31.48
5141,5041,381,17.83
5033,4933,381,17.23
5445,5345,381,18.02
9718,9717,381,19.42
5444,5345,381,11.7
7678,7677,381,7.86
5219,5218,381,9.87
5035,4934,381,31.14
9307,9306,381,24.03
5956,5856,381,16.63
6064,5964,381,4.77
6057,5957,381,6.93
5038,4937,382,36.83
5966,5965,382,27.96
4930,4829,382,36.74
8903,8902,382,26.05
5855,5754,382,36.79
5854,5753,382,36.77
4931,4830,382,36.76
5142,5042,382,19.63
5208,5107,382,19.36
6066,5965,382,19.66
5243,5144,382,17.26
5028,4927,382,14.03
5319,5318,382,7.86
5119,5118,382,17.11
5035,4935,382,19.76
9823,9824,382,1.51
5853,5752,382,36.83
5758,5757,383,42.09
9004,9003,383,26.32
5143,5043,383,20.44
9613,9612,383,24.88
5104,5003,383,19.77
5209,5108,383,19.77
5210,5109,383,19.19
9409,9508,383,16.38
5344,5245,383,12.86
5105,5004,383,19.75
9756,9857,383,1.51
8767,8868,383,1.57
5020,4919,383,12.96
9634,9733,383,4.87
5747,5648,383,5.97
5040,4939,384,36.75
5039,4938,384,36.81
4932,4831,384,36.76
4928,4827,384,36.63
5102,5001,384,28.51
5103,5002,384,30.66
9104,9103,384,26.63
5211,5110,384,17.75
6173,6072,384,18.22
6376,6275,384,16
5021,4920,384,12.89
5106,5005,384,19.53
9938,9937,384,8.84
4924,4923,384,6.69
9205,9204,384,26.2
5969,5868,384,19.77
9657,9758,384,1.54
5025,4925,384,3.69
5951,5850,384,36.84
9836,9835,384,9.02
4829,4828,385,43.71
4936,4835,385,35.8
4933,4832,385,36.3
4929,4828,385,36.74
4934,4833,385,35.68
9407,9406,385,25.24
6071,5970,385,19.6
5022,4922,385,12.67
5856,5755,385,36.77
5752,5751,385,43.99
5759,5658,385,34.14
9306,9305,385,25.14
5019,5018,385,17.18
9508,9507,386,44.89
8902,8901,386,25.65
4937,4836,386,36.79
5754,5653,386,36.84
4829,4728,386,36.74
4830,4729,386,36.75
5041,4940,386,34.34
5758,5657,386,24.26
5143,5044,386,18.47
5966,5865,386,19.76
9821,9820,386,10.04
5752,5651,386,36.78
9632,9631,386,8.2
9063,9164,386,1.52
4935,4834,386,36.01
5961,5861,386,3.9
4827,4826,387,42.33
9612,9611,387,25.35
9003,9002,387,26.41
5042,4942,387,20.26
5042,4941,387,29.59
5041,4941,387,17.94
5445,5446,387,8.89
5852,5851,387,8.84
5413,5313,387,3.06
8767,8866,387,4.81
4938,4837,388,36.31
4831,4730,388,36.75
4939,4838,388,36.68
4827,4726,388,36.4
5043,4943,388,20.61
5003,4902,388,33.24
5245,5145,388,20.46
4927,4926,388,18.81
9103,9102,388,26.36
5856,5756,388,14.31
5445,5346,388,11.11
8868,8867,388,20.39
9857,9856,388,22.43
5968,5867,388,19.71
9823,9922,388,4.79
9204,9203,388,26.72
4728,4727,389,43.4
4832,4731,389,36.81
4828,4727,389,36.36
9406,9405,389,25.73
4833,4732,389,36.44
5002,4901,389,29.62
5657,5656,389,43.88
4835,4734,389,36.83
9305,9304,389,26.33
9660,9759,389,4.77
4940,4839,390,36.82
4836,4735,390,36.46
4728,4627,390,36.68
9507,9506,390,25.88
4834,4733,390,35.49
4729,4628,390,36.77
5658,5557,390,30.43
5754,5654,390,13.37
5965,5864,390,19.78
5107,5006,390,18.51
5752,5652,390,14.22
5019,4918,390,13.41
5848,5849,390,2.55
9611,9610,391,25.58
9002,9001,391,25.62
5851,5750,391,36.67
5044,4944,391,20.36
5108,5007,391,18.99
5245,5246,391,12.62
5109,5008,391,18.98
5345,5246,391,14.2
6274,6174,391,4.49
5004,4903,391,19.76
5416,5316,391,4.01
4838,4737,392,36.54
4730,4629,392,36.79
5867,5866,392,28.94
4837,4736,392,36.83
4942,4841,392,31.6
4941,4840,392,34.16
9820,9819,392,18.63
6072,5971,392,19.73
9508,9607,392,15.99
4921,4820,392,13.09
8866,8865,392,20.95
5657,5556,392,26.23
9102,9101,392,25.42
5759,5659,392,9.08
5005,4904,392,19.74
9203,9202,392,25.67
7184,7084,392,3.2
4731,4630,393,36.08
4732,4631,393,36.69
4943,4842,393,31.01
4902,4801,393,32.58
5145,5045,393,20.09
4942,4842,393,19.58
5110,5009,393,17.37
5245,5146,393,14.87
5144,5045,393,13.12
5118,5117,393,9.2
7677,7676,393,8.47
5315,5314,393,6.16
5970,5869,393,19.71
4727,4626,393,36.83
4627,4626,393,46.8
4826,4825,393,19.14
9304,9303,393,26.21
9405,9404,393,26.09
4839,4738,394,36.64
4735,4634,394,35.41
9506,9505,394,26.17
4628,4527,394,36.76
5654,5553,394,36.77
5652,5551,394,36.1
4734,4633,394,33.64
4943,4843,394,19.81
4925,4824,394,15.2
5656,5655,394,21.73
9717,9716,394,7.99
5218,5217,394,7.97
9614,9713,394,7.16
4627,4526,394,36.27
4726,4725,394,19.69
9607,9606,395,45.63
9610,9609,395,26.04
4733,4632,395,34.89
5557,5456,395,30.12
9835,9834,395,9.21
9733,9732,395,8.48
9725,9826,395,1.56
4626,4625,396,47.66
4737,4636,396,36.78
4840,4739,396,36.67
4629,4528,396,36.77
4903,4802,396,34.71
5867,5766,396,19.77
5044,4945,396,14.57
5861,5760,396,14.79
4922,4821,396,13.83
5651,5650,396,10.29
9508,9608,396,8.04
5860,5760,396,3.93
4736,4635,396,36.83
9461,9562,396,1.53
9560,9661,396,1.54
9725,9825,396,2.21
9937,9936,396,8.83
5553,5552,397,46.4
4526,4525,397,47.33
4631,4530,397,36.67
4630,4529,397,36.83
9404,9403,397,25.55
4841,4740,397,32.52
5750,5749,397,17.73
5652,5552,397,15.98
5653,5552,397,13.71
5018,5017,397,8.75
9363,9464,397,1.53
9202,9201,397,24.33
5456,5455,398,45.69
4633,4532,398,36.26
9713,9712,398,25.35
4634,4533,398,36.46
5553,5452,398,36.52
5146,5046,398,20.67
4841,4741,398,19.14
9606,9605,398,45.96
4738,4637,398,36.83
9819,9818,398,18.02
5006,4905,398,18.87
5654,5554,398,12.74
5346,5347,398,10.96
9631,9630,398,8.39
9613,9712,398,7.26
5318,5317,398,6.44
9364,9264,398,3.86
9615,9714,398,4.87
9505,9504,398,25.97
9823,9923,398,2.2
9303,9302,398,24.73
4625,4624,399,47.63
4632,4531,399,36.82
4526,4425,399,31.86
5217,5216,399,20.46
5246,5247,399,13.8
6174,6073,399,19.67
5346,5247,399,13.29
4943,4844,399,13.45
9922,9921,399,9.77
5446,5447,399,8.39
5656,5555,399,15.11
5648,5547,399,9.42
5312,5212,399,3.3
4527,4426,399,33.61
4525,4524,400,47.37
4739,4638,400,36.81
5456,5355,400,28.65
9834,9833,400,20.19
5008,4907,400,17.15
5007,4906,400,17.44
5246,5147,400,15.89
5658,5558,400,6.95
5659,5558,400,19.74
5452,5451,401,46.89
4635,4534,401,34.4
4802,4701,401,34.51
4740,4639,401,36.3
5869,5768,401,19.78
7084,6983,401,16.27
5316,5215,401,14.86
4528,4427,401,34.93
6579,6478,401,3.5
9605,9604,401,45.63
4636,4535,401,34.65
5554,5453,402,36.6
4533,4432,402,36.81
5452,5351,402,36.2
4529,4428,402,35.29
4530,4429,402,34.56
9403,9402,402,24.42
4525,4424,402,31.98
9504,9503,402,25.42
9712,9711,402,25.02
5009,4908,402,16.7
9607,9706,402,15.24
5750,5649,402,13.65
4903,4803,402,9.55
4637,4536,402,36.54
4425,4424,402,45.14
5650,5649,402,18.39
7383,7384,402,1.13
9660,9760,402,2.18
4524,4523,403,47.4
4532,4431,403,34.23
5455,5454,403,22.49
5046,4946,403,20.46
4825,4724,403,14.71
5146,5047,403,15.68
4820,4819,403,9.43
4741,4640,403,31.42
9530,9629,403,4.86
8668,8669,403,1.54
9302,9301,403,23.66
5451,5450,404,42.65
4638,4537,404,36.84
4531,4430,404,32.7
4624,4623,404,20.63
9818,9817,404,19.45
5551,5550,404,10.17
5217,5116,404,14.7
4841,4742,404,12.43
4741,4641,404,19.65
6376,6276,404,3.52
9718,9817,404,4.92
4918,4917,404,7.48
9706,9705,405,45.65
5351,5350,405,45.88
4639,4538,405,36.84
5768,5767,405,30.12
5451,5350,405,36.49
9604,9603,405,25.94
4524,4423,405,32.08
9921,9920,405,18.96
4534,4433,405,36.03
5558,5457,405,35.03
9609,9708,405,15.32
4424,4423,405,46.18
7676,7675,405,8.52
4535,4434,405,36.84
9606,9705,405,14.87
5557,5457,405,6.82
6275,6175,405,4.87
4425,4324,405,27.85
6681,6581,405,2.24
4426,4325,405,26.84
4523,4522,406,47.16
5351,5250,406,36.72
9608,9707,406,15.4
9711,9710,406,25.33
9607,9707,406,7.54
4905,4804,406,18.95
6072,5972,406,4.68
9823,9924,406,1.55
5450,5449,407,38.25
4623,4622,407,46.16
4640,4539,407,35.65
9503,9502,407,24.84
4427,4326,407,27.12
9402,9401,407,24.17
5452,5352,407,11.28
4802,4702,407,9.37
4821,4720,407,13.28
4424,4323,407,29.43
9732,9731,407,8.89
9716,9715,407,7.9
5864,5863,407,6.12
5650,5549,407,13.92
5211,5111,407,3.3
5970,5870,407,4.65
9064,9065,407,1.46
4536,4435,407,35.2
5350,5349,408,37.69
4523,4422,408,31.4
4429,4328,408,26.9
4423,4422,408,46.53
5247,5248,408,11.67
5455,5354,408,15.34
5046,4947,408,14.85
9936,9935,408,9
4824,4823,408,7.67
9705,9704,408,45.63
4432,4331,408,27.3
9605,9704,408,15.24
4428,4327,408,27.85
5250,5249,409,41.68
9603,9602,409,25.67
4641,4540,409,32.5
9817,9816,409,21.02
5768,5667,409,19.64
5147,5148,409,12.04
4906,4805,409,17.55
5216,5115,409,14.9
5347,5348,409,9.57
9609,9709,409,7.59
4741,4642,409,13.18
4537,4436,409,35.34
4922,4822,409,4.17
4431,4330,409,23.96
4538,4437,409,36.54
5963,5862,409,3.49
4434,4333,409,36.84
5250,5149,410,36.17
5457,5356,410,34.47
4641,4541,410,19.15
5351,5251,410,12.51
4701,4601,410,11.2
5147,5048,410,14.34
4907,4806,410,15.48
4423,4322,410,30.06
5017,5016,410,7.96
4430,4329,410,25.01
4323,4322,410,47.44
4433,4332,410,33.58
4422,4421,411,46.39
9502,9501,411,25.14
4325,4224,411,25.98
9920,9919,411,18.9
6983,6882,411,14.74
6478,6377,411,15.49
5558,5458,411,9.84
4539,4438,411,36.79
4323,4222,411,35.48
5759,5660,411,4.63
7682,7781,411,2.76
8072,8073,411,0.26
4435,4334,411,35.6
9704,9703,412,26.31
9706,9805,412,15.22
4908,4807,412,15.24
9833,9832,412,8.58
5861,5761,412,3.92
5659,5559,412,5.24
6580,6479,412,3.49
5766,5765,412,6.63
5863,5762,412,29.49
4919,4818,412,5.03
7680,7779,412,3.22
4437,4336,413,36.71
9602,9601,413,25.82
4422,4321,413,29.8
9935,9934,413,20.25
4622,4621,413,17.41
5250,5150,413,15.86
6175,6074,413,19.16
5454,5353,413,14.48
5347,5448,413,9.8
4322,4321,413,47.73
5869,5769,413,5.03
4540,4439,413,36.01
8868,8967,413,4.83
4436,4335,413,36.1
5667,5666,413,30.3
4435,4335,413,16.7
4224,4223,414,40.35
4222,4221,414,34.55
5115,5114,414,20.91
4326,4225,414,21.33
4623,4722,414,14.63
9713,9812,414,7.12
5972,5871,414,19.44
4742,4743,414,10.96
9857,9956,414,4.64
4224,4123,415,35.62
4438,4337,415,36.08
5356,5255,415,34.03
4541,4440,415,34.58
4333,4232,415,24.32
4642,4542,415,19.51
4328,4227,415,23.06
4331,4230,415,20.45
4327,4226,415,21.88
5352,5252,415,13.93
6581,6480,415,15.05
9708,9807,415,15.37
4724,4723,415,8.97
9805,9804,415,45.6
4742,4643,415,13.28
9705,9804,415,15.24
9703,9702,416,26.21
4222,4121,416,32.18
4334,4233,416,29.84
5149,5049,416,19.76
4541,4441,416,17.74
4330,4229,416,21.42
4321,4320,416,43.93
9707,9806,416,15.17
5457,5357,416,9.34
9706,9806,416,7.52
5215,5214,416,6.79
5549,5548,416,11.63
5110,5010,416,3.17
5648,5548,416,3.12
5765,5764,416,29.11
4439,4338,417,36.54
4335,4234,417,36.29
4222,4122,417,19.31
4329,4228,417,22.58
4332,4231,417,21.6
4805,4704,417,18.09
4820,4719,417,5.73
4221,4220,417,46.64
8866,8965,417,4.78
4336,4235,417,36.37
5666,5665,417,29.42
5667,5566,417,19.6
5255,5254,418,47.58
9804,9803,418,45.94
4225,4124,418,36.16
4224,4124,418,16.67
5251,5151,418,12.63
4622,4521,418,13.51
4946,4845,418,9.52
9712,9811,418,7.22
8867,8966,418,4.8
4221,4120,418,36.39
7583,7683,418,1.75
7681,7780,418,2.67
9702,9701,419,45.48
4123,4022,419,36.81
5769,5668,419,28.23
5115,5014,419,14.85
9731,9730,419,8.75
4702,4602,419,8.94
9708,9808,419,7.62
4917,4916,419,6.99
9759,9858,419,4.74
4337,4236,419,36.25
4440,4339,419,36.77
4704,4703,420,36.06
4441,4340,420,36.44
4226,4125,420,32.42
5255,5154,420,35.14
5660,5560,420,11.21
4642,4543,420,12.95
4822,4721,420,13.87
4821,4721,420,4.33
9819,9918,420,5.07
9463,9563,420,2.16
5765,5664,420,19.76
5764,5763,420,30.18
5254,5253,421,11.77
9803,9802,421,13.39
4338,4238,421,58.89
4121,4021,421,52.96
4441,4341,421,53.18
5049,4949,421,56.84
4226,4126,421,61.02
4542,4442,421,53.38
4123,4023,421,56.02
5252,5152,421,49.35
5150,5050,421,62.5
5149,5050,421,29.17
5356,5256,421,34.79
4601,4501,421,33.64
6276,6176,421,60.75
6983,6883,421,61.56
5212,5112,421,46.72
6073,5973,421,33.14
5009,4909,421,47.06
5972,5872,421,23.4
7084,6984,421,20.92
5666,5565,421,10.08
4337,4237,421,59.32
4543,4443,422,58.34
4339,4239,422,59.73
4236,4136,422,61.39
4124,4024,422,62.9
5151,5051,422,61.69
4234,4134,422,62.71
4228,4128,422,62.43
4704,4604,422,62.51
4235,4135,422,62.9
4229,4129,422,61.71
5049,4948,422,13.86
5255,5155,422,30.06
4227,4127,422,63.05
5871,5771,422,38.67
5769,5669,422,53.72
6882,6782,422,62.57
4807,4707,422,51.63
4805,4705,422,35.13
5870,5770,422,26.71
6581,6481,422,47.48
6175,6075,422,26.54
4908,4808,422,38.85
6478,6378,422,46.2
9805,9904,422,11.81
4806,4706,422,53.08
5558,5459,422,30.63
4232,4132,422,61.71
4231,4131,422,61.31
4233,4133,422,62.11
4230,4130,422,61.32
4340,4240,422,58.23
8668,8569,422,10.55
8768,8769,422,4.18
6984,6884,423,60.66
5050,4950,423,62.71
4238,4138,423,57.45
4442,4342,423,54.87
4126,4026,423,55.4
5154,5054,423,44.01
6883,6783,423,61.21
4121,4020,423,16.33
4643,4544,423,28.38
5252,5153,423,31.97
6074,5974,423,33.3
6479,6379,423,35.16
5660,5561,423,31.03
4702,4603,423,29.65
5457,5358,423,30.27
5761,5661,423,19.3
4341,4241,423,54.78
6781,6682,423,20.39
4237,4137,423,59.29
5667,5567,423,20.15
5770,5670,424,59.61
4128,4028,424,58.68
4135,4035,424,62.45
4604,4504,424,62.66
4024,3924,424,63.01
4239,4139,424,58.04
5051,4951,424,60.97
4133,4033,424,63.01
4131,4031,424,63.05
4443,4343,424,58.97
4134,4034,424,62.45
4136,4036,424,63.02
4129,4029,424,62.64
4021,3921,424,42.15
5152,5052,424,40.6
6176,6076,424,38.89
4132,4032,424,63.01
5769,5670,424,30.4
6377,6277,424,18.36
5356,5257,424,29.94
4601,4502,424,29.4
4946,4846,424,12.7
4130,4030,424,63.03
9805,9905,424,11.25
9713,9813,424,3.67
9711,9810,424,4.22
4240,4140,424,56.4
5312,5213,424,15.2
4603,4503,425,57.05
4342,4242,425,55.56
6783,6683,425,58.87
4544,4444,425,57.43
4950,4850,425,62.71
4026,3926,425,61.21
4127,4027,425,49.45
4241,4141,425,52.93
4706,4606,425,48.62
6378,6278,425,45.76
4707,4607,425,49.28
4808,4708,425,49.37
5256,5156,425,31.39
5154,5055,425,32.41
5566,5466,425,18.58
5255,5156,425,27.41
4947,4847,425,12.45
6884,6784,425,54.69
9708,9809,425,13.78
6276,6177,425,24.6
4138,4038,425,58.16
4844,4744,425,12.31
9364,9265,425,10.22
7483,7484,425,3.4
4137,4037,425,60.95
9660,9761,425,2.83
7184,7085,425,11.68
7583,7484,425,11.59
4343,4243,426,58.63
4951,4851,426,60.25
4036,3936,426,62.9
4031,3931,426,57.76
4035,3935,426,63.05
5670,5570,426,56.4
4502,4402,426,55.19
6682,6582,426,48.73
5358,5258,426,36.19
6379,6279,426,46.34
5771,5671,426,32.05
4021,3922,426,32.21
5152,5053,426,31.93
4030,3930,426,55.12
4643,4644,426,8.69
9804,9903,426,11.38
4032,3932,426,57.97
4139,4039,426,57.9
4033,3933,426,58.79
9816,9815,426,2.57
4029,3929,426,55.66
4034,3934,426,62.04
5110,5011,426,14.68
6480,6380,426,16.64
9726,9727,426,4.32
9561,9662,426,2.81
4037,3937,427,62.9
3926,3826,427,50.08
4027,3927,427,61.6
4444,4344,427,58.04
4850,4750,427,62.73
4242,4142,427,54.12
5052,4952,427,36.86
3921,3821,427,39.66
6076,5976,427,42.19
5974,5874,427,26.9
5669,5569,427,20.59
5155,5056,427,28.89
6984,6885,427,24.72
5565,5465,427,18.22
5256,5157,427,28.19
4704,4605,427,21.47
9806,9906,427,11.17
9702,9801,427,13.07
5762,5662,427,13.73
5115,5015,427,9.39
4917,4817,427,13.44
5972,5873,427,15.72
9364,9365,427,4.39
4038,3938,427,61.57
7284,7185,427,11.77
5764,5663,427,9.77
4243,4143,428,56.57
3935,3835,428,53.37
3931,3831,428,62.68
3929,3829,428,58.86
3933,3833,428,50.27
4039,3939,428,58.48
4851,4751,428,58.69
6784,6684,428,36.53
4606,4506,428,47.11
6683,6583,428,46.25
4607,4507,428,39.54
7085,6985,428,35.4
4504,4404,428,28.04
5358,5259,428,30.54
6379,6280,428,32.41
4021,3920,428,21.52
5560,5460,428,13.68
5664,5564,428,13.14
3932,3832,428,57.66
5014,4914,428,13.52
4124,4025,428,17.33
3936,3836,428,59.72
6884,6785,428,29.87
4720,4620,428,11.43
5055,4955,428,37.49
4916,4816,428,13.72
4845,4745,428,12.58
5009,4910,428,13.77
4818,4718,428,12.48
9857,9957,428,3.08
9064,9165,428,2.35
6380,6280,428,55.55
5661,5562,428,29.09
5567,5467,428,21.2
8172,8173,428,3.07
5667,5568,428,15.05
4344,4244,429,57.45
4605,4505,429,59.43
4750,4650,429,62.94
5569,5469,429,56.08
5976,5876,429,50.76
6582,6482,429,44.33
3930,3830,429,36.78
5052,4953,429,30.81
3921,3822,429,31.7
5670,5571,429,28.78
4502,4403,429,29.58
5358,5359,429,17.91
4544,4445,429,28
4604,4505,429,21.07
6481,6381,429,16.64
4023,3923,429,12.78
3937,3837,429,62.4
4719,4619,429,11.19
5871,5772,429,15.22
6074,5975,429,15.84
5212,5113,429,13.84
9834,9933,429,2.33
3927,3827,429,56.31
3934,3834,429,48.78
4142,4042,429,51.45
9826,9925,429,2.33
8471,8472,429,3.53
3938,3838,429,62.03
7583,7584,429,3.64
4025,3925,430,57.34
3831,3731,430,51.78
3833,3733,430,61.53
4404,4304,430,58.53
4751,4651,430,55.72
6583,6483,430,51.25
4952,4852,430,35.95
3821,3721,430,39.8
3939,3839,430,59.71
7085,6986,430,30.21
4951,4852,430,25.23
4024,3925,430,19.47
9806,9907,430,13.1
4139,4040,430,27.61
5055,4956,430,31.03
3835,3735,430,56.47
4948,4848,430,12.62
7384,7285,430,11.88
4908,4809,430,12.05
4949,4849,430,11.96
8868,8968,430,1.91
4143,4043,430,53.49
4244,4144,431,55
3838,3738,431,57.17
4650,4550,431,62.38
5571,5471,431,55.39
3830,3730,431,52.28
6482,6382,431,50.02
4445,4345,431,54.13
3829,3729,431,48.87
4506,4406,431,41.65
3837,3737,431,52.64
5460,5360,431,38.07
6684,6584,431,47.01
3832,3732,431,46.05
4243,4144,431,28.66
5466,5366,431,19.31
4444,4345,431,27.49
5156,5057,431,28.13
7085,7086,431,18.17
3921,3820,431,22.28
4403,4303,431,52.98
5054,4954,431,13.66
5771,5672,431,15.94
4501,4401,431,10.77
6176,6077,431,15.18
4402,4302,431,22.11
3834,3734,431,62.75
3826,3726,431,31.9
8669,8570,431,10.53
8868,8869,431,4.12
6380,6281,431,29.36
4955,4855,431,35.88
6381,6281,431,61.23
3836,3736,431,49.23
5561,5461,431,13.72
6483,6383,432,55.56
4651,4551,432,52.64
4505,4405,432,38.83
4953,4853,432,44.16
3822,3722,432,43.81
5876,5776,432,39.99
5975,5875,432,43.75
4952,4853,432,30.44
3821,3722,432,31.74
5569,5470,432,29
5570,5470,432,19.85
4039,3940,432,27.1
4851,4752,432,26.9
4027,3928,432,23.34
3839,3739,432,58.91
5974,5875,432,16.04
3827,3727,432,45.03
9803,9902,432,9.97
6785,6685,432,28.2
4846,4746,432,12.74
9759,9859,432,2.77
5471,5371,433,52.57
4550,4450,433,61.69
4345,4245,433,53.42
3731,3631,433,46.57
3733,3633,433,44.27
3721,3621,433,38.7
4144,4044,433,51.77
6985,6886,433,30.68
4751,4652,433,29.24
5460,5361,433,31.23
4344,4245,433,27.99
5465,5365,433,18.42
3924,3824,433,11.41
3735,3635,433,34.61
4707,4608,433,13.3
4808,4709,433,13.28
4406,4306,433,62.5
4847,4747,433,12.65
3736,3636,433,52.96
5567,5468,433,15.31
4955,4856,433,30.42
4143,4044,433,30.51
5467,5367,433,20.87
4141,4041,433,12.84
5470,5370,434,52.16
3940,3840,434,54.91
4853,4753,434,50.53
4855,4755,434,33.39
6584,6484,434,44.6
3732,3632,434,47.52
5672,5572,434,34.63
3738,3638,434,45.14
3737,3637,434,45.01
6077,5977,434,43.87
4244,4145,434,29.69
4953,4854,434,32.42
3822,3723,434,32.39
5571,5472,434,29.46
5469,5369,434,24.68
4445,4346,434,30.18
3734,3634,434,42.33
4404,4305,434,27.05
3821,3720,434,22.24
3939,3840,434,25.86
5258,5158,434,13.76
6277,6178,434,15.22
6076,5977,434,14.67
4401,4301,434,38.06
4304,4204,434,26.5
9826,9827,434,4.47
4450,4350,435,61.55
5371,5271,435,55.31
4551,4451,435,49.68
3722,3622,435,43.81
3729,3629,435,32.1
4651,4552,435,30.9
3721,3622,435,31.43
3739,3639,435,49.03
5663,5563,435,12.97
5015,4915,435,13.19
4607,4508,435,15.09
4544,4545,435,8.44
5112,5012,435,7.26
6685,6585,435,42.57
6383,6283,435,34.23
9818,9917,435,2.37
9464,9465,435,4.43
5874,5774,435,14.01
4306,4206,435,62.44
6382,6282,435,28.01
6381,6282,435,23.93
4044,3944,435,50.86
8372,8273,435,8.15
5472,5372,436,57.1
5977,5877,436,52.89
3638,3538,436,52.62
4753,4653,436,50.7
4346,4246,436,51.04
4856,4756,436,37.13
5367,5267,436,49.12
3621,3521,436,34.3
4855,4756,436,29.27
5471,5372,436,30.93
3730,3630,436,24.34
4302,4202,436,21.95
3840,3740,436,56.18
4345,4246,436,30.54
3822,3823,436,14.87
4144,4045,436,31.25
5564,5464,436,13.22
4204,4104,436,57.2
4745,4645,436,12.56
5259,5159,436,13.69
4914,4814,436,13.22
5562,5462,436,13.35
3635,3535,436,39.36
3839,3740,436,26.69
4817,4717,436,12.19
5565,5464,436,10.03
3637,3537,436,50.86
8769,8670,436,10.67
4305,4205,436,62.74
4303,4203,436,23.37
3629,3529,437,55.84
5271,5171,437,59.16
3723,3623,437,42.75
4301,4201,437,36.77
4206,4106,437,58.06
3633,3533,437,29.62
4551,4452,437,31.9
3940,3841,437,29.75
4853,4754,437,31.66
3722,3623,437,32.39
5366,5266,437,19.97
3727,3627,437,23.41
3721,3620,437,22.51
4042,3942,437,13
3739,3640,437,32.04
5468,5368,437,25.53
3636,3536,437,25.76
4718,4618,437,11.69
5873,5773,437,10.05
6279,6179,437,9.45
5875,5775,437,20.81
4620,4520,437,11.3
7484,7385,437,11.91
7085,7186,437,12.32
3634,3534,437,44.94
9802,9901,437,9.14
6484,6384,437,37.34
4350,4250,437,60.22
5877,5777,438,51.49
4202,4102,438,54.54
3630,3530,438,53.1
4246,4146,438,50.17
5372,5272,438,59.13
5774,5674,438,39.52
4451,4351,438,44.09
3622,3522,438,37.86
6178,6078,438,32.12
4755,4655,438,29.79
3632,3532,438,25.05
5158,5058,438,33.05
5369,5269,438,25.79
4856,4757,438,30.9
5367,5268,438,32.03
4652,4553,438,30.78
4245,4146,438,31.44
5371,5272,438,29.51
3631,3531,438,21.25
3621,3522,438,29.71
4205,4105,438,63
4848,4748,438,12.54
4043,3943,438,12.76
3537,3437,438,62.51
4619,4519,438,11.21
4507,4407,438,10.94
4816,4716,438,10.02
4506,4407,438,14.76
3538,3438,438,62.37
4203,4103,438,55.01
3639,3539,438,47.53
6585,6485,438,47.45
9713,9814,438,4.47
4044,3945,438,31.56
4106,4006,439,54.09
3529,3429,439,58.94
5171,5071,439,60.39
3533,3433,439,61.74
3536,3436,439,60.86
4104,4004,439,35.12
3841,3741,439,52.8
4753,4654,439,31.61
4145,4046,439,32.12
3723,3624,439,32.29
3535,3435,439,34.96
5158,5059,439,29.09
4346,4247,439,31.5
5370,5270,439,23.37
4856,4857,439,17.58
6886,6786,439,17.47
5057,4957,439,12.72
3840,3741,439,28.94
5360,5260,439,13.69
4849,4749,439,11.93
7584,7485,439,15.58
5113,5013,439,10.84
4445,4446,439,10.06
5772,5673,439,14.72
6280,6180,439,9.45
4250,4150,439,55.72
5776,5676,439,15.89
9265,9166,439,10.42
7773,7874,439,1.35
4105,4005,440,62.31
3531,3431,440,60.28
4748,4648,440,54.48
3530,3430,440,56.13
5674,5574,440,51.68
5269,5169,440,59.06
5272,5172,440,61.23
3437,3337,440,59.1
3438,3338,440,57.5
4756,4656,440,28.82
4451,4352,440,32.41
4552,4453,440,31.5
3622,3523,440,31.16
5472,5373,440,28.27
4755,4656,440,27.24
5572,5473,440,24.95
3640,3540,440,43.76
3621,3520,440,23.18
4746,4646,440,12.86
5563,5463,440,20.64
3726,3626,440,11.33
3639,3540,440,32.29
3539,3439,440,57.88
6785,6686,440,12
4406,4307,440,16.18
9065,9066,440,4.1
4407,4307,440,60.77
6384,6284,440,37.41
3927,3828,440,10.92
5268,5168,440,55.98
5071,4971,441,60.68
3436,3336,441,62.56
4247,4147,441,51.67
4749,4649,441,58.17
3741,3641,441,55.12
3429,3329,441,61.54
5270,5170,441,57.69
5777,5677,441,36.39
6078,5978,441,43.55
3532,3432,441,33.38
4757,4657,441,37.36
3823,3724,441,32.39
4246,4147,441,31.77
4045,3946,441,32.16
5267,5167,441,21.23
4653,4554,441,32.12
6282,6182,441,17.32
4004,3904,441,63.05
3723,3724,441,15.33
4747,4647,441,12.59
5365,5265,441,13.32
5672,5573,441,15.72
6281,6181,441,10.1
5361,5261,441,13.35
6077,5978,441,14.38
3925,3825,441,9.96
3740,3641,441,29.61
3534,3434,441,31.77
3433,3333,441,62.64
9365,9266,441,10.29
4351,4251,441,38.3
4041,3941,441,12.9
6485,6385,441,36.83
4350,4251,441,25.27
5775,5675,441,26.16
9826,9926,441,2.19
3430,3330,442,58.83
5373,5273,442,57.91
4648,4548,442,53.6
3431,3331,442,59.95
6686,6586,442,52.04
3337,3237,442,58.1
5172,5072,442,62.51
5260,5160,442,43.96
5169,5069,442,59.06
4103,4003,442,32.02
4102,4002,442,30.52
4655,4555,442,30.96
4150,4050,442,49.39
4201,4101,442,23.7
3841,3742,442,30.83
5372,5273,442,26.47
3640,3541,442,32.39
3627,3527,442,20.68
4709,4609,442,11.67
6986,6887,442,11.99
4006,3906,442,38.51
4250,4151,442,29.24
5465,5364,442,10.02
9563,9564,442,4.61
3439,3339,442,63.04
4306,4207,442,16.05
5168,5068,442,57.08
7682,7782,442,1.09
3432,3332,443,62.54
3336,3236,443,63.02
4649,4549,443,58.26
4147,4047,443,50.86
3329,3229,443,62.16
5170,5070,443,59.75
5978,5878,443,52.45
4453,4353,443,45.76
4352,4252,443,49.12
5574,5474,443,46.13
3338,3238,443,36.23
4005,3905,443,38.44
3540,3440,443,47.7
4553,4454,443,32.3
4146,4047,443,32.2
4757,4658,443,30.99
4915,4815,443,13.68
6283,6183,443,13.59
6178,6079,443,15.93
4346,4347,443,11.54
7086,6987,443,12.13
3904,3804,443,58.33
4351,4252,443,31.3
9832,9831,443,1.33
9760,9860,443,2.69
4971,4871,443,61.45
5676,5576,443,28.25
3944,3844,443,12.69
4003,3903,444,62.51
4002,3902,444,61.89
3331,3231,444,58.77
3237,3137,444,62.37
5072,4972,444,63.03
4548,4448,444,53.49
5273,5173,444,58.78
3330,3230,444,60.03
5675,5575,444,42.41
6385,6285,444,42.07
4656,4556,444,30.13
9166,9067,444,32.44
5260,5161,444,32.4
4247,4148,444,31.28
4046,3947,444,32.01
3741,3642,444,29.62
3435,3335,444,24.41
5272,5173,444,23.92
4757,4758,444,17.49
4655,4556,444,27.94
4150,4051,444,31.96
4814,4714,444,12.79
3742,3642,444,51.61
3434,3334,444,36.19
5462,5362,444,13.11
9808,9908,444,4.05
6284,6184,444,25.18
4508,4408,444,12.16
3339,3239,444,58.61
4407,4308,444,24.57
5069,4969,444,60
4549,4449,445,57.53
5070,4970,445,59.92
5878,5778,445,52.93
3229,3129,445,61.55
3332,3232,445,60.72
4207,4107,445,37.44
4050,3950,445,41.21
3541,3441,445,42.52
6887,6787,445,39.09
3440,3340,445,56.73
4453,4354,445,32.43
4352,4253,445,32.02
3540,3441,445,32.27
4716,4616,445,14.58
5266,5166,445,13.21
3942,3842,445,12.98
4618,4518,445,12.92
3629,3528,445,14.53
5012,4912,445,10.56
4545,4546,445,10.48
4555,4455,445,36.88
8869,8770,445,10.85
3727,3628,445,11.68
5160,5060,445,46.6
4657,4557,445,27.04
4717,4617,445,11.63
6586,6486,445,36.85
9857,9958,445,3.62
3333,3233,445,30.99
5575,5475,446,52.55
3903,3803,446,61.23
4148,4048,446,55.94
3947,3847,446,51.1
5173,5073,446,56.5
3230,3130,446,60.56
3902,3802,446,61.55
3231,3131,446,57.48
6183,6083,446,33.9
3804,3704,446,47.31
5576,5476,446,35.39
5474,5374,446,39.75
4658,4558,446,44.01
6079,5979,446,40.11
5068,4968,446,25.79
4101,4001,446,27.78
4147,4048,446,31.56
3642,3542,446,51.74
3641,3542,446,32.23
5373,5274,446,27.6
5473,5374,446,25.99
3943,3843,446,12.67
5058,4958,446,13.42
3522,3422,446,13.7
3945,3845,446,12.93
3335,3235,446,61.88
8472,8373,446,8.84
9761,9762,446,4.88
4448,4348,446,53.15
7683,7684,446,3.83
3238,3138,446,36.64
9266,9167,446,32.3
3239,3139,446,53.29
9817,9916,446,2.53
3137,3037,446,59.76
4251,4152,446,29.01
4972,4872,446,63.03
5778,5678,447,50.25
3232,3132,447,57.21
3129,3029,447,59.66
6285,6185,447,42.84
5161,5061,447,49.46
4871,4771,447,30.19
3527,3427,447,20.91
4050,3951,447,32.05
3541,3442,447,32.26
4151,4052,447,29.71
3825,3725,447,19.95
5013,4913,447,13.28
3624,3524,447,13.63
5059,4959,447,13.71
3905,3805,447,26.36
4519,4419,447,11.42
4150,4049,447,18.33
4520,4420,447,10.5
3521,3421,447,9.7
4555,4456,447,30.81
4450,4349,447,10.16
3742,3643,447,31.31
4449,4349,447,59.48
3904,3805,447,27.23
5160,5061,447,32.39
4250,4149,447,14.61
8073,7974,447,5.27
3340,3240,447,62.56
4970,4870,447,60.16
3847,3747,448,50.74
5274,5174,448,61.7
4001,3901,448,59.89
3037,2937,448,61.32
5073,4973,448,53.27
3130,3030,448,57.72
4348,4248,448,55.95
3802,3702,448,56.36
5979,5879,448,52.62
4048,3948,448,57.99
3803,3703,448,52.39
4253,4153,448,40.46
6486,6386,448,42.29
3950,3850,448,35.59
3804,3705,448,32.32
4353,4254,448,32.31
4047,3948,448,31.43
4347,4248,448,31.32
4658,4559,448,32.41
5273,5174,448,26.81
3139,3039,448,50.45
4107,4007,448,39.69
3523,3423,448,13.53
3520,3420,448,13.65
3440,3341,448,28.54
4247,4248,448,11.24
5060,4960,448,46.98
9827,9728,448,10.14
5463,5363,448,12.99
3441,3341,448,49.17
9662,9663,448,4.6
3626,3526,448,13.4
3235,3135,448,52.18
9266,9267,448,15.3
4350,4249,448,11.37
3138,3038,448,52.83
4969,4869,448,27.82
4049,3949,449,60.58
4870,4770,449,61.56
3029,2929,449,58.28
4771,4671,449,62.88
5476,5376,449,41.24
4872,4772,449,33.7
5475,5375,449,41
3240,3140,449,62.09
5161,5062,449,31.95
3947,3848,449,31.48
5173,5074,449,28.71
4050,3949,449,21.83
3946,3846,449,13.08
4558,4458,449,36.09
3642,3543,449,31.26
5265,5165,449,13.37
5167,5067,449,13.01
4648,4547,449,15.94
4557,4457,449,27.8
4446,4447,449,10.8
4556,4457,449,29.07
4647,4547,449,12.56
3529,3428,449,12.37
9465,9366,449,10.18
7186,7087,449,11.98
4006,3907,449,15.24
7285,7286,449,5.34
9809,9909,449,4.19
3827,3728,449,7.36
9808,9909,449,4.88
3906,3806,449,16.11
5879,5779,450,51.23
4869,4769,450,60.39
3030,2930,450,53.27
3703,3603,450,50.43
4052,3952,450,44.57
4968,4868,450,26.11
4253,4154,450,31.9
3950,3851,450,30.3
3233,3133,450,24.91
3901,3801,450,60.01
4308,4208,450,19.06
2937,2837,450,61.93
4658,4659,450,14.78
4456,4356,450,34.23
5364,5264,450,13.44
5060,4961,450,32.36
5061,4961,450,48.94
5678,5578,450,34.08
3441,3342,450,32.01
4816,4715,450,6.52
8173,8074,450,6.64
5011,4911,450,4.28
3038,2938,450,52.15
5677,5577,450,11.22
4973,4873,450,54.69
3333,3234,450,16
7682,7783,450,1.39
4772,4672,451,63.03
3949,3849,451,59.59
3848,3748,451,59.81
4671,4571,451,63.03
2929,2829,451,57.83
5375,5275,451,54.13
4770,4670,451,62.7
3850,3750,451,35.1
3140,3040,451,59.61
6386,6286,451,41.96
3847,3748,451,31.6
3542,3443,451,32.37
7684,7585,451,28.85
3131,3031,451,24.55
5073,4974,451,30.62
3543,3443,451,51.09
3039,2939,451,48.53
3236,3136,451,13.25
3844,3744,451,12.65
4609,4509,451,12.31
4558,4459,451,30.5
4757,4858,451,11.51
3742,3743,451,11.27
6184,6084,451,16.04
3235,3136,451,31.09
4153,4053,451,37.85
5074,4974,451,62.53
4152,4053,451,31.82
3135,3035,451,46.9
4868,4768,452,57.54
4769,4669,452,61.51
5062,4962,452,46.16
5376,5276,452,47.02
4052,3953,452,32.43
3427,3327,452,20.12
3132,3032,452,21.87
5362,5262,452,12.74
4714,4614,452,13.27
4456,4357,452,29.68
7485,7386,452,11.09
3643,3544,452,31.84
5061,4962,452,32.06
3801,3701,452,56.47
8273,8174,452,8.45
3805,3706,452,30.7
3603,3503,452,50.58
4910,4810,452,4.28
3340,3241,452,21.35
3849,3749,453,57.99
3748,3648,453,59.81
2829,2729,453,60.79
4571,4471,453,63.03
4670,4570,453,63.04
4672,4572,453,62.91
3040,2940,453,59.79
5779,5679,453,49.54
3952,3852,453,41.04
4458,4358,453,26.49
3850,3751,453,30.08
3030,2931,453,30.61
3703,3604,453,31.69
4961,4861,453,49.03
2939,2839,453,50.23
6185,6085,453,18.03
5274,5175,453,23.17
3704,3604,453,15.85
4356,4256,453,34.03
4617,4517,453,12.63
5166,5066,453,13.37
4912,4812,453,13.44
5161,5162,453,12.28
6079,5980,453,15
6787,6687,453,13.9
4518,4418,453,13.47
6180,6080,453,7.3
6786,6687,453,10.62
3429,3328,453,10.17
4455,4355,453,13.53
2938,2838,453,46.23
4153,4054,453,31.16
9267,9168,453,32.42
3907,3807,453,26.09
4973,4874,453,29.88
3135,3036,453,32.36
4974,4874,453,61.98
4768,4668,454,57.54
3706,3606,454,62.98
4669,4569,454,62.41
3241,3141,454,59.02
3750,3650,454,35.77
6286,6186,454,46.23
4459,4359,454,34.38
4873,4773,454,25.69
5577,5477,454,31.78
4208,4108,454,33.26
5062,4963,454,32.42
5067,4967,454,21.72
5174,5075,454,25.42
3705,3605,454,17.26
5165,5065,454,20.32
3422,3322,454,13.68
4616,4516,454,11.13
3543,3444,454,31.49
3233,3134,454,15.9
4207,4108,454,12.09
6887,6788,454,12.04
3544,3444,454,54.48
6084,5984,454,35.27
3845,3745,454,13.08
9809,9910,454,5.03
8471,8572,454,2.06
3648,3548,455,58.08
2940,2840,455,62.02
5679,5579,455,50.31
4570,4470,455,62.95
4572,4472,455,62.63
3749,3649,455,54.54
4471,4371,455,63.05
2839,2739,455,55.48
5980,5880,455,52.34
5276,5176,455,48.93
3952,3853,455,32.02
2929,2830,455,27.67
3702,3602,455,16.44
4913,4813,455,13.22
4961,4862,455,32.04
3524,3424,455,13.64
4959,4859,455,13.72
3847,3746,455,17.61
4356,4257,455,29.58
2729,2629,455,62.19
8968,8969,455,4.16
3603,3504,455,31.65
9267,9268,455,14.7
4962,4862,455,46.18
3141,3041,456,60.84
3605,3505,456,59.57
4967,4867,456,51.99
4668,4568,456,58.32
4773,4673,456,60.39
3134,3034,456,50.32
3606,3506,456,62.58
4569,4469,456,62.73
4874,4774,456,49.73
3807,3707,456,37.51
3852,3752,456,39.97
3751,3651,456,48.85
3743,3644,456,31.45
3750,3651,456,30.37
4459,4360,456,29.75
4053,3954,456,29.81
3133,3033,456,19.02
9366,9367,456,16.3
3747,3647,456,12.76
4256,4156,456,34.04
3423,3323,456,13.28
3420,3320,456,13.73
3725,3625,456,11.49
4960,4860,456,13.4
6083,5983,456,10.19
3329,3228,456,9.49
6686,6587,456,9.25
3643,3644,456,12.08
3526,3426,456,13.04
8869,8870,456,4.06
5363,5263,456,12.94
5074,4975,456,21.44
9760,9861,456,3.23
3135,3034,456,19.57
3548,3448,457,57.7
3649,3549,457,51.89
5880,5780,457,51.13
4472,4372,457,62.57
2840,2740,457,63.01
5176,5076,457,54.97
4470,4370,457,62.79
2739,2639,457,61.19
4359,4259,457,40.31
3650,3550,457,36.79
5477,5377,457,36.55
4108,4008,457,45.84
6186,6086,457,37.9
4358,4258,457,32.19
4355,4255,457,32.44
6085,5985,457,29.34
2829,2730,457,24.55
4459,4460,457,18.49
5062,5063,457,13.82
3444,3344,457,43.53
4419,4319,457,10.65
6788,6688,457,36.52
4356,4255,457,23.2
3129,3028,457,11.82
4371,4271,457,63.02
4408,4309,457,10.91
4308,4209,457,11.16
3229,3128,457,10.16
3544,3445,457,29.99
9827,9828,457,4.43
9858,9959,457,3.88
4962,4863,457,32.41
4963,4863,457,45.79
3505,3405,458,61.32
5983,5883,458,59.6
4568,4468,458,59.15
3506,3406,458,62.45
3651,3551,458,50.66
4673,4573,458,59.58
3707,3607,458,57.13
4867,4767,458,52.31
4469,4369,458,63.03
3041,2941,458,60.59
4257,4157,458,33.53
4874,4775,458,31.88
3852,3753,458,31.78
3751,3652,458,32.08
3032,2932,458,18.89
3241,3142,458,26.58
5066,4966,458,20.23
3443,3343,458,16.04
4715,4615,458,13.24
3342,3242,458,13.28
4256,4157,458,29.59
3029,2928,458,12.86
3853,3753,458,35.74
7684,7685,458,9.01
4007,3908,458,14.94
5264,5164,458,13.38
9465,9466,458,4.41
3603,3502,458,17.69
8472,8473,458,3.56
2629,2529,458,49.7
3907,3808,458,15.99
4862,4762,458,47.14
6587,6487,458,54.4
9826,9927,458,2.69
8471,8571,458,1.66
4974,4875,458,22.65
2740,2640,459,62.85
3448,3348,459,56.85
2639,2539,459,62.95
3034,2934,459,40.59
4359,4260,459,31.86
2931,2831,459,17.46
3954,3854,459,35.44
5577,5478,459,15.96
4370,4270,459,62.98
3444,3345,459,32.37
5579,5479,459,28.31
5065,4965,459,20.52
3421,3321,459,8.87
8770,8671,459,10.52
3035,2935,459,13.54
4658,4759,459,8.97
3624,3525,459,7.42
3701,3601,459,15.54
5076,4976,459,54.56
4963,4864,459,32.43
3503,3403,459,14.8
3405,3305,460,61.6
4767,4667,460,52.62
3607,3507,460,54.5
4468,4368,460,61.28
3406,3306,460,62.55
4573,4473,460,60.39
4775,4675,460,58.45
2941,2841,460,59.88
2928,2828,460,57.76
4258,4158,460,34.86
3550,3450,460,44.78
3549,3449,460,48.28
5780,5680,460,46.71
4259,4159,460,38.38
5377,5277,460,43.88
9268,9169,460,32.4
4257,4158,460,29.34
3141,3042,460,24.48
4773,4674,460,25.06
9168,9068,460,16.6
4572,4473,460,21.16
4614,4514,460,13.42
4911,4811,460,10.56
2929,2828,460,13.18
4256,4155,460,23.2
6386,6287,460,11.89
4509,4409,460,12.13
3853,3754,460,30.36
3037,2936,460,10.39
9167,9068,460,10.74
4863,4763,460,46.57
3620,3519,460,6.22
4814,4713,460,5.96
4369,4269,460,62.99
4862,4763,460,32.34
2640,2540,461,61.58
4976,4876,461,53.06
2539,2439,461,59.23
4966,4866,461,48.11
4260,4160,461,50.9
5883,5783,461,34.53
3808,3708,461,40.94
4209,4109,461,27.85
4157,4057,461,33.79
3752,3653,461,31.16
3651,3552,461,31.63
5985,5885,461,32.11
4812,4712,461,13.1
6487,6387,461,40.3
3327,3227,461,12.15
3954,3855,461,30.23
7286,7187,461,11.98
3753,3653,461,37.4
3504,3404,461,18.67
4861,4761,461,13.12
9464,9565,461,2.65
3348,3248,461,53.92
3042,2942,462,51.75
4368,4268,462,62.65
3306,3206,462,63.05
3507,3407,462,52.02
4667,4567,462,52.62
4473,4373,462,60.97
4675,4575,462,62.77
2841,2741,462,60.07
5680,5580,462,52.12
3550,3451,462,32.44
5063,4964,462,32.44
3448,3349,462,28.46
3445,3346,462,32.2
5983,5884,462,25.97
4673,4574,462,25.99
3041,2942,462,24.81
2828,2728,462,60.83
9268,9269,462,14.82
4472,4373,462,21.31
3745,3645,462,13.36
4271,4171,462,20.5
4269,4169,462,62.92
4810,4710,462,10.94
3032,2933,462,14.66
4864,4764,462,47.89
3954,3955,462,18.16
4965,4865,462,47.32
6080,5981,462,16.06
4460,4361,462,30.88
4863,4764,462,32.39
3322,3222,462,13.71
5984,5884,462,14.26
7779,7778,462,0.92
4963,4964,462,13.99
2540,2440,463,57.92
2439,2339,463,53.41
4155,4055,463,35.28
4159,4059,463,40.2
5277,5177,463,48.79
4372,4272,463,19.53
4157,4058,463,29.47
3754,3654,463,37.25
9367,9368,463,15.32
6287,6187,463,45.01
6086,5986,463,16.68
4517,4417,463,10.97
4459,4560,463,12.74
3746,3646,463,13.48
9366,9467,463,10.3
3753,3654,463,31
4763,4663,463,46.76
4418,4318,463,10.88
3424,3324,463,13.21
2729,2630,463,15.58
4371,4272,463,19.4
5164,5064,463,20.23
2935,2835,463,25.77
3544,3545,463,9.89
4567,4467,464,54.81
3407,3307,464,51.62
5981,5881,464,56.6
2741,2641,464,60.71
2942,2842,464,55.12
4373,4273,464,61.6
4575,4475,464,58.99
4169,4069,464,62.56
4866,4766,464,49.83
5783,5683,464,41.07
4160,4060,464,39.13
3708,3608,464,39.15
4171,4071,464,62.8
4876,4776,464,42.23
4109,4009,464,40.18
4270,4170,464,21.79
2831,2731,464,21.87
3855,3755,464,38.88
4260,4161,464,31.55
4573,4474,464,25.06
2941,2842,464,25.66
2740,2641,464,20.4
3445,3446,464,15.62
3647,3547,464,12.72
4860,4760,464,13.48
5580,5480,464,56.09
5263,5163,464,13.08
5477,5378,464,15.5
3648,3547,464,13.01
7386,7287,464,11.98
3653,3553,464,37.95
4864,4765,464,32.25
7585,7486,464,11.72
5579,5480,464,16.07
3206,3106,464,57.92
6688,6588,464,14.55
8373,8274,464,8.27
2936,2836,464,30.38
2934,2834,464,22.77
4516,4416,464,10.35
4268,4168,464,63.05
3323,3223,464,12.96
3426,3326,464,12.88
3320,3220,464,13.7
3451,3351,464,52.23
3348,3249,464,30.29
7774,7775,464,1.91
2440,2340,465,54.43
4272,4172,465,62.68
4764,4664,465,48.07
3042,2943,465,31.25
4155,4056,465,30.16
3449,3350,465,31.83
3343,3243,465,14.88
2932,2832,465,16.01
4157,4056,465,23.21
3754,3655,465,30.95
3344,3244,465,14.22
4156,4056,465,12.25
4763,4664,465,32.37
2837,2737,465,6.67
2630,2530,465,50.74
6181,6081,465,4.29
6182,6082,465,4.29
3720,3619,465,4.62
9859,9960,465,4.37
4361,4261,465,44.72
3346,3246,465,44.3
3547,3447,466,51.99
4069,3969,466,60.45
4170,4070,466,63.01
5881,5781,466,51.83
4474,4374,466,53.66
3307,3207,466,53.36
4467,4367,466,57.2
2842,2742,466,57.61
4273,4173,466,61.75
4766,4666,466,51.49
3608,3508,466,59.78
2641,2541,466,60.86
2835,2735,466,45.16
5177,5077,466,48.49
2339,2239,466,46.46
4160,4061,466,31.56
9169,9069,466,17.07
3654,3554,466,40.64
4473,4374,466,24.29
2841,2742,466,25.45
2640,2541,466,23.37
3345,3245,466,14.84
3601,3501,466,14.79
3855,3756,466,31.48
4762,4662,466,13.18
3502,3402,466,13.04
6187,6087,466,45.81
4765,4665,466,50.7
7685,7586,466,18.84
5986,5886,466,41.61
3106,3006,466,51.47
3548,3447,466,13.27
6186,6087,466,12.08
3653,3554,466,31.19
3305,3205,466,19.36
6788,6689,466,12.11
4161,4061,466,51.83
4168,4068,466,62.45
3249,3149,467,34.63
2836,2736,467,49.98
4475,4375,467,47.65
4776,4676,467,44.83
2731,2631,467,42.45
3351,3251,467,49.97
3955,3856,467,31.19
2942,2843,467,29.62
2540,2441,467,27.59
3248,3148,467,17.26
4172,4072,467,62.12
5683,5583,467,47.05
4060,3960,467,41.29
3403,3303,467,13.17
5479,5379,467,13.01
3525,3425,467,13.65
3855,3856,467,16.93
4615,4515,467,12.15
3128,3027,467,15.2
5377,5278,467,14.37
4008,3909,467,14.63
4319,4219,467,10.72
3228,3127,467,13.94
3553,3453,467,39.34
4460,4461,467,10.76
9762,9763,467,4.84
3404,3304,467,16.94
5884,5784,467,24.02
4361,4262,467,32.44
9269,9170,467,32.44
3451,3352,467,31.07
3349,3250,467,29.66
3346,3247,467,32.42
4070,3970,468,62.39
4374,4274,468,55.31
3207,3107,468,62.03
4367,4267,468,60.39
4666,4566,468,53.09
2742,2642,468,60.71
3508,3408,468,57.8
2340,2240,468,49.98
3655,3555,468,43.18
3447,3347,468,50.94
2440,2341,468,30.02
2339,2240,468,32.4
3955,3956,468,17.28
2741,2642,468,24.65
4575,4476,468,26.61
4665,4565,468,52.15
3654,3555,468,31.94
4713,4613,468,13.3
3519,3419,468,13.61
4811,4711,468,13.65
3808,3709,468,14.87
3448,3347,468,13.86
5780,5681,468,13.84
3028,2927,468,13.88
5983,5882,468,11.87
4056,3956,468,35.28
2834,2734,468,28.88
3206,3107,468,27.59
4173,4073,468,61.62
4068,3968,468,59.66
5077,4977,468,53.21
4055,3956,468,30.86
3321,3221,468,12.15
4072,3972,469,62.82
2631,2531,469,50.74
9170,9070,469,50.42
3756,3656,469,39.77
3969,3869,469,46.41
6689,6589,469,38.79
2832,2732,469,32.43
3249,3150,469,29.87
4475,4376,469,32.28
3351,3252,469,31.82
4071,3971,469,23.37
3755,3656,469,31.89
3554,3454,469,43.18
2933,2833,469,15.52
4712,4612,469,13.22
3042,3043,469,11.2
4514,4414,469,12.05
4675,4576,469,16.88
4057,3957,469,13.56
4060,3961,469,32.07
2529,2429,469,9.97
2928,2827,469,13.23
4209,4110,469,11.98
5885,5785,469,13.83
3106,3007,469,31.36
3553,3454,469,31.61
8770,8771,469,4.24
4161,4062,469,31.22
4361,4362,469,14.47
2239,2139,469,41.8
9812,9912,469,2.01
4761,4661,469,13.37
4274,4174,470,57.04
3970,3870,470,50.09
3709,3609,470,56.29
3408,3308,470,55.56
2734,2634,470,52.53
5882,5782,470,50.58
2642,2542,470,60.75
4267,4167,470,63.04
4375,4275,470,38.38
3251,3151,470,47.85
5583,5483,470,49.41
2340,2241,470,31.82
3655,3556,470,32.34
4566,4466,470,53.88
2842,2743,470,27.86
2641,2542,470,24.44
5681,5581,470,53.78
3222,3122,470,13.67
4710,4610,470,13
3552,3452,470,11.51
2439,2338,470,16.06
9467,9468,470,16.56
4309,4210,470,11.19
4073,3973,470,62.49
6487,6388,470,11.99
7087,6988,470,7.07
9663,9664,470,4.65
5784,5684,470,49.34
9269,9270,470,14.24
9070,8970,471,50.09
3007,2907,471,63.05
4977,4877,471,46.07
5379,5279,471,30.52
3756,3657,471,31.73
9069,8970,471,32.38
4059,3959,471,13.66
3554,3455,471,32.34
4058,3958,471,13.72
9368,9369,471,14.27
2339,2238,471,19.78
4062,3962,471,60.41
5277,5178,471,13.41
6087,5987,471,24.32
4060,3959,471,21.8
4976,4877,471,12.29
2539,2438,471,12.16
9268,9369,471,9
6086,5987,471,10.74
4663,4563,471,13.39
6588,6488,471,16.49
3646,3546,471,13.37
9828,9729,471,10.2
4061,3962,471,28.69
2240,2140,471,37.03
2827,2727,471,57.92
3908,3809,471,11.04
2239,2140,471,32.16
9761,9862,471,3.13
3324,3224,471,12.68
6587,6488,471,10.1
3308,3208,472,52.1
5782,5682,472,51.27
4167,4067,472,62.31
2743,2643,472,59.53
3972,3872,472,35.83
2833,2733,472,35.31
2732,2632,472,45.89
3971,3871,472,37.43
3869,3769,472,49.4
2139,2039,472,36.49
4466,4366,472,56.97
2441,2342,472,31.64
4375,4276,472,31.33
3251,3152,472,32.25
9170,9071,472,31.7
4515,4415,472,24.24
2541,2442,472,26.47
3402,3302,472,18.7
2742,2643,472,24.65
3246,3146,472,16.64
3244,3144,472,16.38
3220,3120,472,13.67
3006,2906,472,17.97
3223,3123,472,12.69
3326,3226,472,12.62
3973,3873,472,58.36
3856,3757,472,31.19
5785,5685,472,48.7
3961,3861,472,37.66
7684,7784,472,3.93
4318,4218,472,11.39
3454,3354,472,42.79
2728,2628,472,10.27
4760,4660,472,13.67
2727,2627,473,61.86
4877,4777,473,53.98
3870,3770,473,49.23
3556,3456,473,37.66
3151,3051,473,46.95
6988,6888,473,41.21
4110,4010,473,32.44
2341,2242,473,31.26
4274,4175,473,28.31
3709,3610,473,28.86
3107,3008,473,30.48
3303,3203,473,19.38
3148,3048,473,16.75
3247,3147,473,16.95
3245,3145,473,16.54
3501,3401,473,15.32
3243,3143,473,13.41
5581,5481,473,48.18
6387,6288,473,11.95
4876,4777,473,11.87
4109,4010,473,11.99
7187,7088,473,12.02
5886,5786,473,15.26
3856,3857,473,17.28
6388,6288,473,39.74
4262,4162,473,19.3
3106,3005,473,17.19
4664,4564,473,13.11
6287,6188,473,11.6
4409,4310,473,11.14
3205,3105,473,15.68
3206,3105,473,13.12
3968,3868,473,24.97
4173,4074,473,23.31
5684,5584,473,46.23
2240,2141,473,30.87
4161,4162,473,11.16
4417,4317,473,10.17
2239,2138,473,21.64
5483,5383,473,47.86
2733,2633,474,50.11
5682,5582,474,55.05
3208,3108,474,53.7
2628,2528,474,52.76
4067,3967,474,55.34
9071,8971,474,51.18
5987,5887,474,35.67
3657,3557,474,35.81
9070,8971,474,31.79
5279,5179,474,44.47
3656,3557,474,31.98
2139,2040,474,30.66
2642,2543,474,24.6
3304,3204,474,14.38
4662,4562,474,13.41
5480,5380,474,10.4
6082,5982,474,11.6
4416,4316,474,10.15
5177,5078,474,13.47
3962,3862,474,39.8
5479,5380,474,9.78
3961,3862,474,31.09
3454,3355,474,32.3
5481,5381,475,59.32
3871,3771,475,48.54
3872,3772,475,47.83
3769,3669,475,45.85
3609,3509,475,24.36
3556,3457,475,31.09
3151,3052,475,32.36
2542,2443,475,31.9
3873,3773,475,46.88
2627,2527,475,57.42
3149,3049,475,13.71
3425,3325,475,13.25
3960,3860,475,13.66
3608,3509,475,12.97
5685,5585,475,47.59
4062,3963,475,25.04
9467,9567,475,8.72
2639,2538,475,8.15
4362,4263,475,25.35
4073,3974,475,21.52
7974,7875,475,5.09
7684,7785,475,4.95
9270,9171,475,31.99
3452,3353,475,29.97
3861,3761,475,39.77
3453,3353,475,13.66
3048,2948,476,44.54
3770,3670,476,48.79
3051,2951,476,46.59
4777,4677,476,41.45
5786,5686,476,35.73
3145,3045,476,48.02
3610,3510,476,34.27
4415,4315,476,27.3
3657,3558,476,30.39
8970,8871,476,31.81
2743,2644,476,26.05
6589,6489,476,16.31
2139,2038,476,22.94
3221,3121,476,13.6
4711,4611,476,13.14
4613,4513,476,13.47
3419,3319,476,13.44
5379,5280,476,16.02
7486,7387,476,11.89
4009,3910,476,12.03
2906,2806,476,30.1
3962,3863,476,31.74
6188,6088,476,44.6
3027,2926,476,16.96
8473,8374,476,8.01
6187,6088,476,11.5
3127,3026,476,15.94
8074,7975,476,5.5
8174,8075,476,6.06
5584,5484,476,48.39
2241,2142,476,27.44
2530,2430,476,9.69
3355,3255,477,43.18
3757,3658,477,31.17
2643,2544,477,32.17
2442,2343,477,28.51
3302,3202,477,22.08
9071,8972,477,31.46
3657,3658,477,18.03
2527,2427,477,57.89
5179,5079,477,34.42
3007,2908,477,19
5383,5283,477,27.93
4566,4465,477,15.77
2927,2826,477,16.4
4612,4512,477,13.38
9468,9469,477,15.67
4565,4465,477,12.37
9467,9568,477,10.54
4263,4163,477,61.68
4262,4163,477,14.8
5582,5482,477,49.4
2338,2237,477,20.55
9916,9915,477,3.31
9860,9961,477,4.17
4661,4561,477,13.5
3861,3762,477,31.73
9812,9913,477,2.47
4219,4119,477,10.98
3670,3570,478,61.62
3773,3673,478,48.79
3771,3671,478,49.06
3772,3672,478,48.83
5887,5787,478,25.55
3048,2949,478,32.43
3051,2952,478,32.39
3145,3046,478,32.23
3610,3511,478,29.7
3203,3103,478,22.73
3757,3758,478,17.3
4276,4176,478,17.26
3151,3050,478,19.55
3122,3022,478,13.03
4414,4314,478,11.54
6689,6590,478,12.05
3761,3661,478,43.97
5585,5485,478,45.32
5077,4978,478,12.24
2838,2738,478,4.08
2826,2726,479,55.76
2430,2330,479,34.34
4677,4577,479,42.65
3510,3410,479,47.25
3045,2945,479,48.65
5686,5586,479,48.79
2948,2848,479,38.78
3558,3458,479,44.17
2951,2851,479,47.17
2427,2327,479,57.47
3509,3409,479,28.67
5381,5281,479,27.45
3974,3874,479,30.72
8971,8872,479,31.85
3355,3256,479,32.34
5481,5382,479,26.28
3147,3047,479,16.89
3610,3611,479,18.53
4563,4463,479,13.48
2142,2042,479,35.36
4610,4510,479,12.25
2429,2329,479,10.25
4367,4266,479,11.22
7586,7487,479,11.75
3508,3409,479,11.68
3958,3858,479,13.69
6087,5988,479,11.76
9467,9566,479,9.23
4162,4063,479,27.44
9369,9370,479,13.93
3959,3859,479,13.69
3868,3768,479,16.68
3005,2905,479,17.06
3863,3763,479,49.48
4361,4462,479,8.71
9269,9370,479,8.53
9270,9271,479,12.37
5484,5384,479,46.35
3861,3760,479,22.25
2238,2137,479,19.11
2806,2706,479,37.48
