1970,2069,2,48.63
2069,2168,5,53.14
2168,2267,8,55.97
2267,2366,11,55.77
2366,2465,14,56.42
2465,2564,17,56.79
2564,2663,19,130.1
2663,2762,21,130.1
2762,2861,23,118.44
2861,2960,25,135.91
1970,2070,25,3.99
2960,3059,27,85.97
2069,2169,27,4.02
3059,3158,29,91.7
1970,1969,29,3.42
2169,2268,30,50.49
2168,2268,30,4.03
3158,3257,31,76.56
1969,2068,32,52.48
2069,2068,32,3.44
2268,2367,33,54.2
2267,2367,33,4.03
3257,3356,34,48.62
2068,2167,35,55.66
2168,2167,35,3.44
2367,2466,36,54.92
2366,2466,36,4.03
3356,3455,37,48.79
2167,2266,38,55.66
2267,2266,38,3.44
2466,2565,39,55.66
2465,2565,39,4.04
3455,3554,40,54.23
2564,2664,40,4.43
2266,2365,41,57.43
2366,2365,41,3.45
3554,3653,42,86.98
2664,2763,42,126.49
2663,2763,42,4.43
2762,2862,43,4.74
3653,3752,44,79.22
2365,2464,44,60.29
2564,2563,44,3.76
2465,2464,44,3.45
2862,2961,45,125.5
3752,3851,46,75.22
2563,2662,46,139.12
2762,2761,46,4.03
2663,2662,46,3.76
2961,3060,47,133.4
3060,3159,48,149.65
2761,2860,48,79.66
3159,3258,50,87.5
2860,2959,50,138.12
3851,3950,51,29.43
2070,2170,51,3.98
3258,3357,52,103.86
2959,3058,52,82.35
2169,2269,53,4
3058,3157,54,82.17
3950,4049,54,62.91
3357,3456,55,47.67
2268,2368,55,4.02
3157,3256,57,55.24
3653,3753,57,6.8
3554,3654,57,6.18
3257,3256,57,4
3456,3555,58,49.87
2368,2467,58,50.97
4049,4148,58,45.54
3752,3852,58,7.19
2367,2467,58,4.03
3256,3355,59,79.44
3554,3553,59,5.28
1969,1968,59,3.43
3852,3951,60,76.43
3653,3652,60,5.82
3752,3751,61,23.42
3455,3454,61,14.66
2068,2067,61,13.08
4148,4247,62,25.66
4049,4048,62,25.53
3950,3949,62,26.39
2266,2265,62,13.23
2466,2566,62,1.76
2167,2166,62,13.08
4148,4147,63,27.57
4049,4149,63,10.77
2563,2562,63,15.64
2464,2463,63,16
2365,2364,63,13.45
3256,3255,64,23.13
2860,2859,64,15.98
2761,2760,64,15.37
2662,2661,64,15.23
3355,3354,65,21.56
3553,3552,65,22.28
3058,3057,65,15.33
3950,4050,65,4.65
2959,2958,65,15.4
2664,2764,65,1.97
4247,4246,66,28.13
3949,3948,66,26.52
4048,4047,66,26.99
3751,3750,66,21.12
3454,3453,66,21.6
3157,3156,66,14.6
4147,4146,67,28.17
4247,4346,68,25.69
1968,1967,68,13.09
3255,3254,69,21.9
4149,4248,69,24.5
2067,2066,69,13.16
3652,3651,69,11.66
4148,4248,69,8.77
2565,2665,69,1.76
4246,4245,70,28.18
3948,3947,70,26.09
4047,4046,70,28.15
2562,2561,70,15.37
2463,2462,70,14.94
2265,2264,70,13.51
2166,2165,70,13.3
3751,3850,70,17.2
4146,4145,71,28.15
3750,3749,71,24.69
3156,3155,71,22.51
2859,2858,71,15.4
2760,2759,71,15.46
2661,2660,71,15.29
2364,2363,71,13.76
2763,2863,71,1.93
4346,4345,72,28.17
4246,4345,72,25.57
3057,3056,72,14.93
2958,2957,72,15.23
2862,2962,72,2.01
3750,3849,73,20.77
4149,4249,73,10.64
4245,4244,74,28.14
3947,3946,74,28.15
4046,4045,74,28.18
3651,3650,74,20.47
4346,4445,74,25.61
3552,3551,74,11.69
4145,4144,75,28.17
3749,3748,75,27.88
4248,4347,75,25.43
4345,4344,76,27.99
4245,4344,76,25.67
1967,1966,76,13.16
3949,3848,76,10.52
2561,2560,77,15.48
2462,2461,77,15.6
2066,2065,77,13.31
4244,4243,78,27.65
4045,4044,78,28.16
4445,4444,78,27.84
4345,4444,78,25.75
2858,2857,78,15.2
2660,2659,78,15.34
2363,2362,78,14.55
2759,2758,78,15.49
2165,2164,78,13.45
2264,2263,78,13.77
4144,4143,79,28.11
3748,3747,79,26.09
3650,3649,79,23.75
4249,4348,79,23.72
2957,2956,79,14.95
3948,3847,79,10.9
4049,4150,79,6.09
2961,3061,79,1.9
4344,4343,80,26.86
4244,4343,80,25.69
4445,4544,80,25.74
4347,4446,81,25.69
3258,3358,81,2.36
4243,4242,82,27.24
4444,4443,82,26.55
4344,4443,82,25.29
4249,4349,82,11.33
4044,4043,82,28.16
3649,3648,83,28.14
4143,4142,83,27.93
3847,3846,83,28.16
3753,3853,83,3.42
4343,4342,84,26.32
4544,4543,84,26.99
2956,2955,84,20.29
4243,4342,84,25.5
4444,4543,84,25.09
2560,2559,84,15.47
1966,1965,84,13.38
4348,4447,85,25.58
2758,2757,85,15.33
2857,2856,85,14.89
2659,2658,85,15.32
2461,2460,85,13.96
2065,2064,85,13.45
3159,3259,85,1.92
4242,4241,86,27.99
4443,4442,86,25.99
4343,4442,86,24.93
4544,4643,86,25.36
2263,2262,86,14.1
2362,2361,86,14.28
2164,2163,86,13.58
3852,3952,86,3.32
4446,4545,87,25.74
4445,4545,87,8.32
4149,4250,87,5.98
3648,3647,87,26.9
3654,3754,87,3.07
4142,4141,87,28.13
4342,4341,88,27.85
4543,4542,88,26.62
4242,4341,88,25.75
4443,4542,88,24.71
2956,3055,88,16.43
3060,3160,88,1.77
4349,4448,89,22.86
4442,4441,90,27.79
4643,4642,90,27.34
4342,4441,90,25.74
4543,4642,90,25.14
3358,3457,90,15.78
4046,3945,90,7.45
3357,3457,90,2.14
4241,4240,90,28.1
4447,4546,91,25.71
2559,2558,91,15.21
4349,4449,91,11.91
4544,4644,91,9.5
4542,4541,92,27.94
4442,4541,92,25.73
4643,4742,92,25.55
2757,2756,92,14.96
2658,2657,92,15.16
2460,2459,92,15.1
2856,2855,92,14.89
4341,4340,92,28.05
1965,1964,92,13.44
4241,4340,92,25.71
2262,2261,93,14.31
2064,2063,93,13.38
4441,4440,94,28.11
4642,4641,94,28.07
4240,4239,94,27.27
4542,4641,94,25.75
3952,4051,94,18.47
2361,2360,94,13.45
2163,2162,94,13.82
4341,4440,94,25.74
4045,3944,94,7.24
4448,4547,95,25.75
4249,4350,95,6.59
4541,4540,96,28.02
4742,4741,96,28.1
4441,4540,96,25.7
4642,4741,96,25.73
4240,4339,96,25.52
4143,4042,96,8.66
4044,3943,96,7.87
4340,4339,96,26.88
4449,4548,97,24.55
3649,3548,97,8
3648,3547,97,10.14
3456,3556,97,2.12
4239,4238,98,26.55
4641,4640,98,28.01
4541,4640,98,25.74
4742,4841,98,25.71
2756,2755,98,19.6
2459,2458,98,18.19
2558,2557,98,14.98
4643,4743,98,9.09
4440,4439,98,25.8
3847,3746,98,7.84
3354,3353,98,3.07
2170,2270,98,1.73
4340,4439,98,25.3
2657,2656,99,14.89
3453,3452,99,3.09
4540,4539,100,25.33
4741,4740,100,27.77
4339,4338,100,25.8
4239,4338,100,25.09
4641,4740,100,25.74
2261,2260,100,14.39
1964,1963,100,13.43
4545,4645,100,8.07
4440,4539,100,24.57
1970,1869,100,1.88
3547,3546,101,28.11
2360,2359,101,14.57
2063,2062,101,13.45
4449,4549,101,10.59
4142,4041,101,8.01
4238,4237,102,26.86
4640,4639,102,25.17
4841,4840,102,27.2
4540,4639,102,24.22
4741,4840,102,25.72
4339,4438,102,24.57
2162,2161,102,14.01
4349,4450,102,7.17
3254,3253,102,3.07
2269,2369,102,1.74
4548,4647,103,25.75
3547,3646,103,25.7
4338,4337,104,26.34
3452,3451,104,23.06
4238,4337,104,25.29
2755,2754,104,19.58
4640,4739,104,24.1
4841,4940,104,25.48
2458,2457,104,19.84
3155,3154,104,3.09
4241,4140,104,8.15
3546,3545,105,27.92
2557,2556,105,14.8
3556,3655,105,18.65
4539,4538,105,21.54
4240,4139,105,9.72
3649,3549,105,3.93
3555,3655,105,2.06
4439,4538,105,23.31
4438,4437,106,25.94
4338,4437,106,24.95
4740,4839,106,23.76
2656,2655,106,14.99
4742,4842,106,7.68
4237,4236,106,26.61
2368,2468,106,1.75
4639,4638,107,22.43
3546,3645,107,24.81
4549,4648,107,25.32
2755,2854,107,15.77
4539,4638,107,21.03
3846,3845,107,4.2
4438,4537,108,24.67
2359,2358,108,15.94
1963,1962,108,13.5
2260,2259,108,13.37
1869,1868,108,12.86
4239,4138,108,10.49
3551,3550,108,3.01
4237,4336,108,25.13
4337,4336,108,25.78
3545,3544,109,27.9
2754,2753,109,20.94
4739,4738,109,23.3
4940,4939,109,23.85
2457,2456,109,21.46
4639,4738,109,21.82
4840,4939,109,23.26
2161,2160,109,14.7
2062,2061,109,13.51
4841,4941,109,9.26
4437,4436,110,26.99
4236,4235,110,27.95
3451,3450,110,19.89
4337,4436,110,24.55
4839,4838,111,23.24
3545,3644,111,24.78
4739,4838,111,22.57
4940,5039,111,23.03
4450,4550,111,11.91
3853,3953,111,3.63
3548,3447,111,10.26
4537,4536,112,27.34
4138,4137,112,27.77
4437,4536,112,25.36
2556,2555,112,14.9
4236,4335,112,25.75
4549,4649,112,9.58
4238,4137,112,10.18
4638,4637,112,21.89
4336,4335,112,26.31
4538,4637,112,23.31
3544,3543,113,28.18
4648,4747,113,25.75
4839,4938,113,22.52
2655,2654,113,15
2754,2853,113,17.04
4940,5040,113,11.8
2467,2567,113,1.75
4235,4234,114,27.28
4436,4435,114,26.81
2753,2752,114,21.91
4738,4737,114,22.05
2456,2455,114,21.81
4537,4636,114,25.55
2358,2357,114,17.14
4638,4737,114,21.35
4336,4435,114,24.93
5039,5038,115,25.38
3447,3446,115,28.17
3544,3643,115,25.5
3547,3446,115,8.11
4536,4535,116,27.79
4838,4837,116,22.39
4235,4334,116,23.83
4436,4535,116,25.25
4738,4837,116,21.49
2160,2159,116,14.84
1962,1961,116,13.52
2259,2258,116,13.17
1868,1867,116,13.09
4335,4334,116,27.78
4350,4351,116,4.84
4137,4136,116,28.18
4643,4744,116,4.81
4237,4136,116,10.44
3548,3448,116,5.41
3543,3542,117,28.03
5039,5138,117,24.25
2753,2852,117,17.96
2061,2060,117,13.37
3943,3942,117,4.91
4250,4251,117,3.38
2955,2954,117,3.04
2764,2864,117,1.94
4636,4635,118,27.76
4938,4937,118,23.34
2654,2653,118,20.58
4536,4635,118,25.73
4649,4748,118,25.2
4838,4937,118,21.79
4335,4434,118,25.72
4435,4434,118,26.42
4350,4451,118,6.27
3754,3854,118,3.33
3952,4052,118,3.13
4150,4151,118,2.59
4234,4233,118,25.07
5038,5037,119,25.96
3643,3642,119,27.93
3446,3445,119,27.66
2752,2751,119,21.04
2455,2454,119,21.72
3543,3642,119,25.02
5040,5139,119,23.81
2555,2554,119,14.8
4941,5041,119,10.13
4139,4038,119,10.24
4737,4736,119,20.9
4637,4736,119,23.31
4136,4135,120,27.07
4636,4735,120,25.72
2357,2356,120,18.23
4550,4650,120,11.13
4435,4534,120,25.01
4535,4534,120,26.66
2566,2666,120,1.76
4334,4333,120,27.83
5040,5140,121,42.78
4649,4749,121,42.18
3556,3656,121,42.96
4545,4646,121,5.97
3259,3359,121,31.83
3358,3458,121,42.56
3061,3161,121,34.32
2962,3062,121,32.44
2863,2963,121,40.69
2665,2765,121,26.31
4748,4848,122,41.83
5138,5238,122,42.74
5038,5137,122,11.5
3643,3743,122,40.07
3643,3742,122,16.36
4737,4836,122,14.61
3655,3755,122,42.87
3457,3557,122,27.15
3160,3260,122,34.77
4735,4835,123,35.41
4650,4750,123,42.88
5041,5141,123,42.44
2751,2851,123,42.73
5139,5239,123,42.91
4451,4551,123,41.89
4052,4152,123,42.91
2864,2964,123,32.83
2852,2952,123,42.88
2468,2568,123,25.89
4450,4551,123,5.9
2369,2469,123,28.05
4534,4634,123,40.87
2270,2370,123,30.15
4535,4634,123,17.36
4334,4433,123,20.81
4749,4849,124,42.24
5140,5240,124,42.95
3656,3756,124,42.9
3458,3558,124,42.76
3161,3261,124,35.38
2963,3063,124,40.77
2765,2865,124,41.32
2666,2766,124,26.25
2567,2667,124,25.89
3953,4053,124,21.86
5238,5338,125,41.15
3743,3843,125,40.41
5137,5237,125,42.73
3742,3842,125,39.18
3359,3459,125,30.66
3062,3162,125,33.28
4635,4734,125,20.08
3854,3954,125,22.13
4233,4232,125,11.77
3542,3641,125,14.58
3542,3541,125,3.7
3755,3855,125,42.95
4837,4936,125,13.49
4836,4936,125,40.93
4551,4651,126,42.26
5239,5339,126,41.96
4750,4850,126,42.89
2952,3052,126,42.94
4152,4252,126,42.82
4835,4935,126,38.76
2851,2951,126,42.76
5141,5241,126,42.88
3557,3657,126,27.32
3260,3360,126,32.7
4233,4332,126,18.99
4841,4942,126,5.62
4434,4533,126,17.56
4742,4843,126,5.59
5240,5340,127,42.82
3756,3856,127,42.94
3558,3658,127,42.9
3261,3361,127,34.23
3063,3163,127,33.39
2865,2965,127,41.23
4053,4153,127,42.92
2964,3064,127,33.13
2469,2569,127,28.37
2568,2668,127,25.72
3642,3741,127,17.27
4748,4847,127,14.31
2370,2470,127,31.08
3055,3054,127,0.29
5338,5438,128,41.78
5237,5337,128,40.97
3162,3262,128,34.87
3954,4054,128,42.9
3459,3559,128,42.27
2766,2866,128,26.64
2667,2767,128,26.34
4735,4834,128,19.52
4333,4432,128,18.17
3855,3955,128,42.97
4937,5036,128,12.85
4936,5036,128,41.86
3657,3757,129,42.97
5339,5439,129,42.79
4935,5035,129,41.4
5241,5341,129,42.95
4942,5042,129,42.18
4850,4950,129,42.87
4651,4751,129,42.56
4135,4134,129,11.15
4038,4037,129,8.41
4533,4633,129,39.6
2951,3051,129,42.92
1970,2071,129,2.44
3658,3758,130,42.96
5340,5440,130,42.97
3741,3841,130,37.38
3064,3164,130,33.38
4153,4253,130,42.91
2965,3065,130,40.97
3163,3263,130,35.08
3856,3956,130,42.97
3360,3460,130,31.39
5037,5136,130,11.7
2751,2850,130,12.54
4433,4532,130,20.45
5438,5538,131,41.92
5337,5437,131,40.93
4834,4934,131,36.12
3559,3659,131,42.49
2866,2966,131,41.43
3262,3362,131,34.54
2668,2768,131,25.97
3361,3461,131,32.11
2569,2669,131,27.64
2470,2570,131,31.18
4634,4733,131,18.38
3955,4055,131,42.95
4139,4039,131,1.81
4645,4745,131,7.98
5439,5539,132,40.18
5341,5441,132,42.97
5042,5142,132,42.52
4950,5050,132,42.89
3757,3857,132,42.96
4751,4851,132,42.39
5035,5135,132,42.6
2767,2867,132,26.56
4734,4833,132,20.29
3644,3744,132,8.19
3645,3745,132,8.12
3051,3151,132,42.77
5440,5540,133,40.7
3841,3941,133,38.67
4253,4353,133,42.96
3263,3363,133,35.74
2850,2950,133,42.94
5136,5236,133,42.86
4054,4154,133,21.99
4232,4231,133,12.7
4744,4844,133,7.97
2853,2953,133,7.74
2071,2171,133,29.53
4532,4632,133,35.88
4934,5034,134,40.86
5437,5537,134,42.97
5538,5638,134,35.26
3659,3759,134,42.86
3460,3560,134,30.83
3065,3165,134,33.33
4332,4431,134,17.79
3641,3740,134,16.08
4232,4331,134,16.48
4055,4155,134,42.96
4646,4746,134,8.02
5539,5639,135,36.68
5142,5242,135,42.9
5050,5150,135,42.89
4851,4951,135,42.53
4833,4933,135,37.16
2669,2769,135,27.4
2768,2868,135,26.24
3362,3462,135,32.16
2966,3066,135,27.11
3461,3561,135,31.31
4432,4531,135,20.47
3741,3840,135,18.45
2570,2670,135,28.72
5135,5235,135,42.96
4848,4948,135,7.92
3151,3251,135,42.79
4233,4133,135,6.87
5540,5640,136,40.11
4353,4453,136,42.94
3363,3463,136,34.12
5236,5336,136,41.36
2867,2967,136,26.36
4136,4036,136,5.92
2950,3050,136,41.96
4632,4732,136,40.16
1970,1870,136,0.59
5034,5134,137,42.57
5537,5637,137,38.08
3560,3660,137,42.01
5441,5541,137,23.81
4155,4255,137,42.95
3541,3640,137,12.68
4232,4132,137,8.88
4849,4949,137,7.87
4135,4035,137,6.12
4233,4132,137,8.1
4136,4035,137,7.12
2171,2271,137,30.04
3251,3351,138,42.84
3066,3166,138,40.83
4951,5051,138,42.66
5150,5250,138,42.74
5242,5342,138,42.97
3840,3940,138,36.67
4933,5033,138,41.1
3165,3265,138,33.13
4154,4254,138,21.7
5235,5335,138,42.12
4532,4631,138,19.3
4453,4553,139,42.95
5336,5436,139,40.93
5640,5740,139,42.45
3050,3150,139,41.47
4732,4832,139,39.77
2868,2968,139,26.5
3462,3562,139,31.26
3561,3661,139,31.49
2769,2869,139,27.52
2670,2770,139,26.7
4733,4832,139,18.64
4252,4352,139,7.73
4843,4943,139,7.93
3545,3444,139,2.4
3052,3152,139,7.72
5134,5234,140,42.97
3660,3760,140,42.62
3463,3563,140,32.97
2967,3067,140,26.44
5639,5739,140,21.78
5638,5738,140,19.46
4231,4330,140,20.33
4833,4932,140,18.59
4847,4947,140,7.96
4232,4131,140,9.98
4135,4034,140,7.33
2653,2652,140,2.85
3166,3266,141,33.4
5051,5151,141,42.68
5250,5350,141,41.95
5342,5442,141,42.89
3940,4040,141,37.84
5033,5133,141,42.39
4331,4430,141,20.61
4431,4530,141,20.34
5335,5435,141,41.35
4950,5049,141,11.93
2271,2371,141,30.86
4631,4731,141,39.85
3661,3761,142,42.25
5436,5536,142,42.63
4943,5043,142,42.32
4553,4653,142,42.97
4352,4452,142,42.9
5541,5641,142,23.29
4531,4630,142,20.56
5537,5636,142,17.99
3740,3839,142,18.48
4255,4355,142,22.13
3544,3443,142,2.74
5234,5334,143,42.61
3067,3167,143,41.37
4932,5032,143,41.53
5738,5838,143,40.98
3562,3662,143,31.79
5740,5840,143,26.18
2968,3068,143,26.58
2869,2969,143,27.88
5637,5737,143,18.43
4254,4354,143,21.61
3840,3939,143,18.88
4231,4230,143,10.55
3164,3264,143,8.15
3758,3858,143,7.73
3956,4056,143,7.75
3743,3844,143,7.05
4451,4552,143,5.95
2060,2059,143,2.01
3266,3366,144,34.38
5151,5251,144,42.61
5350,5450,144,41.58
5442,5542,144,42.11
5133,5233,144,42.91
5049,5149,144,42.4
4731,4831,144,41.29
3563,3663,144,33.27
5435,5535,144,42.34
5050,5149,144,11.93
4745,4845,144,8.03
2850,2949,144,10.69
5043,5143,145,42.66
4653,4753,145,42.96
5739,5839,145,24.91
3857,3957,145,7.73
4355,4455,145,42.85
3761,3861,145,42.78
4038,3938,145,3.97
2371,2471,145,31.42
4630,4730,145,40.5
1970,1971,145,0.95
3264,3364,146,34.95
3167,3267,146,33.81
5334,5434,146,42.3
4552,4652,146,42.88
5840,5940,146,42.44
4056,4156,146,42.95
5737,5837,146,38.9
5032,5132,146,42.1
2953,3053,146,7.73
4844,4944,146,7.96
3662,3762,146,41.94
3366,3466,147,35.36
5251,5351,147,42.06
5450,5550,147,41.76
5542,5642,147,42.18
5233,5333,147,42.9
4831,4931,147,41.28
5149,5249,147,42.34
5838,5938,147,27.33
3068,3168,147,26.76
5641,5741,147,24.9
2969,3069,147,28
4330,4429,147,20.58
3640,3739,147,14.41
5535,5635,147,42.31
5150,5249,147,12.51
3759,3859,147,7.73
4746,4846,147,8.03
3663,3763,147,41.23
2751,2750,147,2.99
3151,3250,147,10.03
2949,3049,147,42.56
5839,5939,148,42.54
4730,4830,148,41.75
5143,5243,148,42.9
4753,4853,148,42.96
5636,5736,148,19.01
4354,4454,148,21.85
3861,3961,148,42.94
4948,5048,148,7.88
4037,3937,148,5.31
4038,3937,148,4.92
3364,3464,149,34.69
3267,3367,149,35.73
5434,5534,149,42.37
5837,5937,149,42.88
4652,4752,149,42.87
5940,6040,149,41.24
2471,2571,149,32.29
4430,4529,149,19.56
5132,5232,149,42.67
5250,5349,149,14.13
3251,3350,149,10.19
3762,3862,149,42.74
4530,4629,149,19.91
4134,4033,149,7.33
5642,5742,150,42.64
5938,6038,150,41.86
3168,3268,150,39.66
3466,3566,150,36.37
5351,5451,150,40.81
5333,5433,150,42.78
4931,5031,150,41.53
4455,4555,150,21.41
4230,4329,150,20.6
4932,5031,150,14.72
4330,4329,150,10.12
4830,4930,151,41.56
5243,5343,151,42.84
4853,4953,151,42.95
5736,5836,151,37.49
5741,5841,151,26.23
4156,4256,151,22.5
3069,3169,151,28.24
3763,3863,151,30.16
3961,4061,151,42.96
5350,5449,151,14.66
3265,3365,151,8.09
4037,3936,151,6.45
2554,2553,151,2.54
4630,4729,151,15.93
3548,3449,151,1.61
5534,5634,152,42.83
3367,3467,152,37.11
3464,3564,152,34.24
5939,6039,152,31.19
3862,3962,152,42.95
5232,5332,152,42.97
5049,5148,152,13.33
5635,5735,152,20.07
2770,2870,152,8.2
2258,2257,152,1.28
4131,4130,152,8.83
3152,3252,152,7.73
3268,3368,153,36.93
4555,4655,153,42.63
3566,3666,153,37.43
5451,5551,153,40.16
5031,5131,153,41.83
5937,6037,153,29.61
2571,2671,153,29.86
4454,4554,153,21.67
4230,4229,153,10.08
3760,3860,153,7.72
4947,5047,153,7.87
1867,1866,153,1.43
1961,1960,153,1.42
4133,4032,153,8.07
3365,3465,154,34.3
4256,4356,154,42.96
5836,5936,154,42.76
5343,5443,154,42.46
4953,5053,154,42.96
3863,3963,154,42.35
4930,5030,154,41.31
4729,4829,154,41.51
5742,5842,154,25.8
5433,5533,154,28.62
4061,4161,154,42.9
5450,5549,154,14.42
3050,3149,154,8.2
3564,3664,155,35.11
3962,4062,155,42.76
5148,5248,155,42.31
3467,3567,155,38.1
5841,5941,155,28.14
4429,4528,155,19.61
5332,5432,155,42.92
3169,3269,155,30.18
5149,5248,155,13.45
5735,5835,155,37.81
4035,3935,155,5.67
4751,4852,155,5.47
3447,3346,155,2.07
4554,4654,156,42.78
6037,6137,156,39.99
5131,5231,156,42.5
3666,3766,156,38.7
4655,4755,156,42.82
3368,3468,156,38.31
4429,4428,156,11.33
3739,3838,156,16.3
3858,3958,156,7.73
3465,3565,157,34.92
4356,4456,157,42.92
5936,6036,157,42.79
5443,5543,157,42.23
4829,4929,157,41.58
5842,5942,157,42.94
2671,2771,157,27.25
5634,5734,157,22.14
4161,4261,157,42.01
4845,4945,157,8.02
2159,2158,157,1.22
4529,4628,157,18.77
3664,3764,158,34.12
4062,4162,158,41.48
3567,3667,158,38.75
5941,6041,158,42.11
5248,5348,158,42.5
5533,5633,158,26.97
3963,4063,158,32.04
5432,5532,158,42.92
3269,3369,158,35.11
4629,4728,158,15.79
5249,5348,158,13.75
3957,4057,158,7.74
4035,3934,158,6.85
3541,3540,158,3.04
4654,4754,159,42.87
3766,3866,159,36.02
4755,4855,159,42.88
4329,4328,159,12.37
4944,5044,159,7.89
5835,5935,159,25.91
3053,3153,159,7.73
3861,3960,159,10.68
4132,4031,159,6.49
4851,4952,159,5.31
2949,3048,159,9.52
3543,3442,159,2.47
3565,3665,160,36.1
4456,4556,160,42.81
4929,5029,160,41.04
5734,5834,160,40.62
3468,3568,160,30.77
5030,5130,160,19.69
5031,5130,160,14.31
5349,5448,160,13.81
3859,3959,160,7.73
2750,2849,160,11.64
4846,4946,160,8.01
5550,5650,160,8
5735,5834,160,18.17
4728,4828,161,41.14
3667,3767,161,38.54
4162,4262,161,42.06
5942,6042,161,28.59
5231,5331,161,22.24
5532,5632,161,42.97
4261,4361,161,30.76
4729,4828,161,14.75
3764,3864,161,40.84
3447,3347,161,1.63
5044,5144,162,42.6
4855,4955,162,42.66
4952,5052,162,42.45
4063,4163,162,31.65
5543,5643,162,24.56
3369,3469,162,31.18
4229,4228,162,12.22
4754,4854,162,42.86
6040,6140,162,8.04
5935,6035,162,42.89
3961,4060,162,10.82
3048,3148,162,42.24
3665,3765,163,36.54
4556,4656,163,42.67
3568,3668,163,39
5029,5129,163,41
3866,3966,163,26.04
5633,5733,163,24.64
4428,4527,163,20.67
5148,5247,163,13.52
6038,6138,163,8.23
4528,4627,163,18.85
4130,4129,163,9.16
4828,4928,164,41.29
3864,3964,164,39.79
5834,5934,164,26.09
5632,5732,164,42.81
4361,4461,164,42.43
4829,4928,164,14.66
5131,5230,164,13.12
5052,5152,165,42.39
4060,4160,165,42.96
6140,6240,165,41.25
3767,3867,165,29.28
6042,6142,165,27.84
4262,4362,165,25.67
5650,5750,165,20.25
3469,3569,165,39.29
5144,5244,165,42.7
4854,4954,165,42.9
4955,5055,165,42.55
3252,3352,165,7.73
6039,6139,165,8.21
2870,2970,165,8.27
4061,4160,165,10.46
3640,3639,165,3.64
4656,4756,166,42.95
3668,3768,166,34
5733,5833,166,42.07
4627,4727,166,39.18
3765,3865,166,36.44
5247,5347,166,42.7
4163,4263,166,25.75
5331,5431,166,23.03
5734,5833,166,15.81
4628,4727,166,16.43
5248,5347,166,13.13
5047,5147,166,7.85
5551,5651,166,8.11
3966,4066,166,41.85
5332,5431,166,10.53
4928,5028,167,40.47
5230,5330,167,42.97
5643,5743,167,24.47
5732,5832,167,42.72
4328,4427,167,18.57
4929,5028,167,15.34
4428,4427,167,9.91
5053,5153,167,7.75
5549,5649,167,7.96
3149,3249,167,7.75
3148,3248,167,20.38
4034,3933,167,5.38
4362,4462,168,42.03
5152,5252,168,42.2
6240,6340,168,41.69
4160,4260,168,42.73
3964,4064,168,31.06
5934,6034,168,28.33
5129,5229,168,20.42
3569,3669,168,37.1
4328,4327,168,12.01
4728,4827,168,15.22
5244,5344,168,42.7
4954,5054,168,42.96
5055,5155,168,42.6
5351,5452,168,6.78
4131,4030,168,5.23
4263,4363,169,41.64
5347,5447,169,42.22
4756,4856,169,42.89
3768,3868,169,41.5
6142,6242,169,28.21
5348,5447,169,13.74
6137,6237,169,8.17
3958,4058,169,7.73
4066,4166,169,40.4
5432,5531,169,10.56
5251,5352,169,5.8
5330,5430,170,42.92
3249,3349,170,42.73
5833,5933,170,26.61
5832,5932,170,42.96
5029,5128,170,15.38
6036,6136,170,7.84
2771,2871,170,8.33
4229,4128,170,8.8
4945,5045,170,7.94
5451,5552,170,7.22
3739,3738,170,4.42
3865,3965,170,33.07
5750,5850,170,20.8
3048,3147,170,13.64
4827,4927,171,41
4260,4360,171,41.89
5155,5255,171,42.73
5743,5843,171,25.16
3867,3967,171,17.11
4228,4227,171,12.46
5344,5444,171,42.44
4828,4927,171,15.04
6041,6141,171,8.33
4057,4157,171,7.75
5532,5631,171,10.99
6340,6440,171,42.04
3937,3837,171,4.47
4527,4626,171,19.26
4856,4956,172,42.41
3868,3968,172,35.13
4064,4164,172,25.87
3248,3348,172,20.22
3669,3769,172,25.88
4627,4726,172,17.15
4361,4460,172,13.27
3448,3348,172,1.53
5430,5530,173,42.94
5045,5145,173,42.49
5229,5329,173,22.38
4928,5027,173,15.96
4946,5046,173,7.92
5448,5548,173,7.98
3959,4059,173,7.73
5632,5731,173,12.3
5255,5355,174,42.97
4157,4257,174,42.96
3967,4067,174,38.43
5933,6033,174,28.34
4427,4526,174,20.77
5932,6032,174,29.29
5444,5544,174,42.15
3965,4065,174,25.45
3937,3836,174,5.49
3968,4068,175,39.99
4164,4264,175,42.94
4460,4560,175,42.13
5843,5943,175,27.09
3769,3869,175,42.34
4727,4826,175,15.94
6138,6238,175,8.39
5247,5346,175,12.62
3147,3247,175,20.08
6035,6135,175,7.73
5145,5245,176,42.66
5552,5652,176,17.89
4327,4426,176,19.56
5046,5146,176,42.56
4060,4159,176,10.86
5732,5831,176,12.59
5055,5154,176,12.91
4257,4357,177,42.96
4067,4167,177,41.25
6033,6133,177,42.19
4327,4326,177,11.36
4065,4165,177,42.85
5147,5246,177,13.04
5347,5446,177,13.67
2970,3070,177,8.34
4461,4561,177,7.95
3446,3345,177,1.95
4068,4168,178,41.73
4264,4364,178,42.93
5530,5630,178,23.24
5329,5429,178,23.54
4827,4926,178,15.38
6139,6239,178,8.25
4228,4127,178,9.3
4130,4029,178,5.49
5652,5752,179,41.53
5245,5345,179,42.79
5154,5254,179,42.93
4159,4259,179,42.95
5943,6043,179,27.77
4626,4725,179,18.86
5544,5644,179,24.63
5651,5751,179,7.94
4357,4457,180,42.95
4167,4267,180,41.61
5446,5546,180,41.33
5831,5931,180,28.62
5153,5253,180,7.77
5649,5749,180,7.94
5832,5931,180,11.41
4165,4265,180,42.48
4227,4226,181,24.84
6240,6339,181,26.62
2750,2749,181,23.51
2652,2651,181,23.37
4526,4625,181,27.42
2356,2355,181,17.35
3542,3441,181,11.32
4460,4559,182,27.75
5255,5354,182,28.13
5631,5730,182,27.94
5430,5529,182,27.92
4260,4359,182,26.31
3540,3539,182,25.49
6340,6439,182,27.25
2553,2552,182,23.67
2059,2058,182,18.41
2949,2948,182,20.01
3048,3047,182,23.02
4326,4325,183,22.79
4426,4525,183,28.16
4426,4425,183,25.37
4460,4459,183,24.51
3738,3737,183,22.62
5447,5547,183,3.81
3933,3932,183,25.29
6142,6241,183,10.77
3639,3638,183,24.38
1960,1959,183,15.22
3936,3835,183,9.46
4526,4525,183,25.59
3445,3344,183,11.17
4033,3932,183,11.38
4029,4028,184,25.06
4159,4258,184,27.51
4159,4158,184,24.15
5346,5445,184,22.7
6033,6132,184,27.02
4226,4225,185,25.2
3441,3440,185,25.08
5931,5930,185,22.84
5254,5353,185,27.06
4259,4358,185,27.51
2257,2256,185,15.19
3541,3440,185,10.86
4032,3931,185,13.24
4127,4126,185,20.67
5752,5851,185,25.75
3539,3538,186,25.57
4625,4624,186,24.99
2651,2650,186,22.71
2749,2748,186,20.94
5931,6030,186,26.51
6239,6338,186,24.78
5446,5545,186,18.48
5452,5553,186,7.18
5932,6031,186,12.24
2158,2157,186,12.97
3935,3834,186,12.69
3444,3343,186,11.65
5752,5852,186,11.16
4425,4424,187,25.63
4459,4458,187,25.75
4325,4324,187,25.23
3638,3637,187,25.75
2058,2057,187,20.01
5730,5729,187,23.71
4625,4724,187,26.4
2552,2551,187,23.01
2749,2848,187,24.85
4267,4366,187,20.46
4267,4266,187,16.58
4168,4268,187,2.56
4167,4266,187,19.14
3869,3969,187,1.89
5352,5453,187,8.92
2948,2947,187,24.94
4525,4524,187,25.42
6242,6342,187,1.31
3737,3736,188,23.64
5730,5829,188,27.19
5731,5830,188,11.59
5129,5228,188,5.71
4456,4557,188,3.87
1866,1865,188,8.66
4031,3930,188,13.39
1966,1865,188,1.71
3440,3439,189,25.65
4459,4558,189,27.98
3347,3246,189,13.03
4556,4657,189,4.59
3934,3833,189,12.52
3346,3245,189,11.84
4126,4125,189,25.2
5750,5849,189,5.9
4128,4027,189,11.86
1959,1958,190,14.5
4030,3929,190,12.77
4424,4423,191,25.75
3637,3636,191,25.55
3538,3537,191,23.05
2848,2847,191,25.74
4225,4224,191,19.34
5851,5950,191,25.91
2650,2649,191,22.26
3836,3735,191,12.93
4462,4562,191,0.49
4524,4523,191,25.29
4955,5056,191,4.43
2455,2354,191,5.12
4127,4026,191,12.89
2057,2056,192,21.74
5729,5728,192,21.82
2551,2550,192,22.44
2256,2255,192,15.49
5229,5328,192,6.16
2554,2453,192,5.23
2057,2156,193,25.58
5729,5828,193,25.64
2157,2156,193,15.52
5028,5127,193,5.48
3933,3832,193,9.63
4524,4623,193,26.86
3439,3438,194,21.77
5830,5929,194,26.57
5553,5653,194,12.69
5930,5929,194,11.28
4029,3928,194,9.98
6034,6134,194,0.53
5649,5648,194,6.85
5549,5648,194,7.57
4423,4422,195,25.75
4224,4223,195,25.7
4268,4367,195,20.01
5851,5951,195,11.04
4523,4522,195,25.62
5630,5629,195,6.54
5652,5753,195,8.1
5530,5629,195,6.74
5027,5026,195,6.89
6237,6337,195,0.51
4656,4757,195,4.41
4225,4124,196,13.23
5930,6029,196,12.94
3441,3340,196,9.95
5329,5428,196,6.51
2847,2846,196,22.87
5055,5156,196,4.05
3537,3536,196,20.32
4224,4323,197,27.68
1958,1957,197,15.12
2649,2648,197,19.57
4523,4622,197,27.48
4926,4925,197,5.79
2550,2549,197,20.92
2056,2055,197,20.01
2847,2946,197,23.66
4026,4025,197,18.06
5649,5748,197,7.47
4756,4857,197,4.51
3147,3146,197,5.22
5749,5748,197,6.22
1965,1864,197,1.71
5828,5827,198,20.84
3835,3734,198,9.45
4826,4825,198,5.43
5027,5126,198,7.5
5548,5647,198,7.67
4726,4825,198,5.61
2056,2155,198,23.97
4856,4957,198,4.63
2255,2254,198,16.84
4422,4421,199,25.6
5828,5927,199,24.75
5829,5928,199,12.92
5546,5645,199,7.84
5128,5227,199,6.92
5155,5256,199,4.32
4223,4222,200,24.9
4623,4722,200,20.93
3441,3341,200,5.44
5850,5949,200,6.5
2071,2172,200,0.85
3340,3339,201,24.74
4422,4521,201,28.17
4223,4322,201,26.27
2846,2845,201,23.99
3438,3437,201,16.02
4623,4723,201,13.37
5951,6050,201,26.13
2648,2647,201,25.52
5644,5744,201,3.63
4725,4824,201,6.96
4926,5025,201,6.34
4124,4123,201,21.07
2553,2452,201,5.19
3536,3535,201,21.6
5749,5848,201,6.96
6029,6128,202,23.88
6029,6028,202,19.92
4367,4466,202,22.76
2846,2945,202,25.04
3832,3831,202,11.95
4558,4658,202,8.19
3736,3635,202,10.25
5547,5646,202,7.85
6043,6143,202,3.37
3636,3635,202,9.84
3536,3635,202,25.45
3047,3046,202,5.24
5927,5926,203,25.75
5827,5826,203,23.19
2055,2054,203,17.94
2549,2548,203,18.33
1957,1956,203,18.44
5553,5554,203,5.98
2648,2747,203,28.18
2847,2746,203,11.9
6440,6540,203,1.11
5752,5853,203,6.12
5227,5226,204,24.98
2055,2154,204,21.9
4025,4024,204,16.2
3343,3342,204,5.56
6242,6341,204,5.04
4322,4321,205,25.46
2647,2646,205,25.06
4222,4221,205,20.68
5927,6026,205,27.91
5928,6027,205,26.65
5227,5326,205,28.01
5728,5727,205,7.74
5951,6051,205,10.86
5553,5654,205,7.69
4362,4463,205,2.22
6128,6127,206,25.73
2845,2844,206,21.85
4123,4122,206,24.76
6439,6438,206,4.31
6440,6539,206,5.01
1964,1863,206,1.71
5926,5925,207,25.14
5826,5825,207,25.74
2548,2547,207,25.37
4466,4465,207,20.51
3339,3338,207,17.57
6128,6227,208,28.06
4466,4565,208,24.44
2845,2944,208,22.46
3245,3244,208,5.34
2945,2944,208,18.39
1956,1955,208,21.8
3437,3436,208,15.43
3734,3733,208,11.1
4221,4220,209,25.08
5926,6025,209,26.63
5853,5952,209,25.27
4024,4023,209,21.3
2846,2745,209,11.11
5851,5952,209,6.02
6127,6126,210,25.62
4321,4320,210,24.07
5326,5325,210,22.83
2054,2153,210,20.33
2054,2053,210,16.46
4122,4121,210,25.75
2945,3045,210,13.69
2945,3044,210,18.65
5553,5454,210,5.93
5849,5948,210,6.78
5825,5824,211,25.48
4321,4420,211,27.46
6026,6125,211,24.21
5326,5425,211,26.51
2154,2253,211,20.41
3831,3830,211,12.18
4724,4823,211,6.08
5256,5356,211,8.83
5255,5356,211,3.39
3535,3534,211,10.05
6439,6538,211,4.94
2171,2272,211,0.84
6227,6226,212,25.64
5925,5924,212,25
2547,2546,212,24.76
6127,6226,212,27.48
5853,5953,212,11.5
5950,6049,212,6.94
2552,2451,212,4.81
5429,5528,212,4.41
6237,6236,212,3.04
3635,3634,212,10.4
2745,2744,213,25.71
1955,1954,213,21.22
5925,6024,213,26.41
2845,2744,213,12.43
4925,4924,213,6.63
5654,5754,213,13.1
6227,6326,214,27.53
5227,5327,214,6.69
5648,5747,214,7.33
6237,6336,214,3.78
5554,5555,214,9.84
5748,5747,214,5.98
5325,5324,215,23.78
6438,6437,215,11.21
6128,6228,215,8.31
4121,4120,215,23.77
3436,3435,215,16.02
1963,1862,215,1.71
1869,1768,215,1.7
6125,6124,216,20.3
5425,5424,216,24.15
5824,5823,216,24.64
2053,2052,216,16.81
5325,5424,216,27.25
2153,2152,216,18.75
6025,6124,216,23.54
5025,5024,216,6.92
6342,6441,216,5.04
3146,3145,216,5.42
5554,5655,216,11.12
5924,5923,217,24.34
6226,6225,217,23.49
5528,5527,217,22.87
5425,5524,217,27.51
5824,5923,217,25.89
2153,2252,217,22.72
6126,6225,217,23.01
5356,5455,217,28.12
3733,3732,217,11.59
5647,5746,217,7.57
2451,2450,217,23
5529,5628,217,4.09
4560,4659,217,3.63
3045,3144,217,21.54
6024,6023,218,23.19
5924,6023,218,25.5
6226,6325,218,24.41
5953,6052,218,26.2
5528,5627,218,26.54
6125,6224,218,20.72
6438,6537,218,12.82
5848,5847,218,6.05
2744,2743,218,21.45
4561,4660,218,3.63
5748,5847,218,6.75
1954,1953,219,19.45
6024,6123,219,24.04
6227,6327,219,9.37
5727,5726,219,7.56
4658,4758,219,6.15
4622,4621,219,4.75
4027,3926,219,4.73
6133,6232,219,3.58
6032,6131,219,3.46
5324,5323,220,22.42
5327,5426,220,27.19
3830,3829,220,12.22
5025,5124,220,7.8
5949,6048,220,7.13
3340,3239,220,6
2744,2843,220,22.01
3338,3337,220,7.8
5823,5822,221,24.96
5424,5423,221,23.04
5324,5423,221,26.16
5754,5854,221,13.63
2547,2446,221,10.35
5826,5725,221,7.9
5646,5745,221,7.71
2152,2151,221,20.44
6050,6149,221,7.36
2450,2449,222,20.91
5524,5523,222,24.18
5823,5922,222,26.36
5424,5523,222,26.68
5953,6053,222,10.8
5848,5947,222,6.81
2152,2251,222,24.37
5026,5125,222,5.33
2052,2051,222,17.61
3634,3633,222,11.01
2944,2943,222,7.44
5524,5623,223,27.53
5527,5526,223,19.28
5825,5724,223,9.25
4121,4020,223,11.28
6029,6129,223,3.84
2743,2742,223,20.27
6136,6235,223,3.01
5654,5755,223,8.26
2271,2372,223,0.84
5527,5626,224,23.25
2548,2447,224,6.78
4723,4822,224,6.36
4367,4467,224,3.47
4122,4021,224,8.05
4268,4368,224,2.76
6135,6234,224,3.08
1962,1861,224,1.71
1868,1767,224,1.7
5124,5123,225,21.32
3435,3434,225,10.76
5824,5723,225,10.5
2646,2645,225,5.04
1953,1952,225,17.18
5156,5157,225,3.47
2744,2643,225,12.6
5328,5427,225,4.33
2743,2842,225,20.69
4123,4022,225,6.03
2871,2971,225,0.36
3044,3043,225,6.99
5822,5821,226,22.99
5423,5422,226,21.43
5124,5223,226,25.19
2745,2644,226,8.55
5356,5456,226,7.03
5853,5954,226,6.42
4722,4721,226,3.95
4622,4721,226,5.05
2744,2644,226,8.04
3732,3731,226,11.9
5922,5921,227,24.72
5822,5921,227,26.63
5423,5522,227,25.3
3239,3238,227,16.07
3337,3336,227,15.3
3926,3925,227,13.33
4466,4566,227,4.05
3244,3243,227,5.32
5156,5257,227,4.7
6537,6536,227,11.21
1960,1859,227,2.35
5623,5622,228,24.26
2742,2741,228,21.39
5922,6021,228,27.87
2151,2250,228,20.53
2151,2150,228,16.65
5754,5855,228,9.52
2449,2448,228,18.15
5425,5525,228,5.91
4366,4365,228,2.46
4562,4661,228,3.93
2251,2350,228,23.66
2251,2250,228,19.69
6132,6231,228,3.25
5723,5722,229,25.52
5626,5625,229,22.35
5623,5722,229,27.58
3829,3828,229,12.1
6325,6324,229,9.37
4521,4520,229,3.7
2743,2642,229,13.01
6049,6148,229,8.72
6337,6436,229,4.19
3044,3143,229,7.57
5422,5421,230,25.74
2742,2841,230,21.94
2051,2050,230,14.28
6224,6223,230,8.82
6228,6328,230,6.76
5948,6047,230,7.21
6051,6150,230,5.86
4722,4821,230,4.77
5744,5844,230,3.56
6537,6636,230,12.81
2354,2353,230,2.64
6031,6130,230,3.25
6325,6424,231,11.17
6326,6425,231,8.66
2546,2545,231,5.48
3534,3533,231,5.27
5126,5225,231,4.36
3340,3240,231,2.94
1861,1860,231,14.89
5256,5357,231,4.43
5422,5521,232,27.84
1952,1951,232,15.54
6123,6122,232,7.97
6224,6323,232,10.37
6540,6639,232,5.04
5625,5624,233,25.18
2842,2942,233,13.69
2842,2941,233,18.67
4566,4665,233,25.19
4521,4620,233,4.51
5746,5845,233,9.39
2741,2740,233,21.39
1867,1766,233,1.7
5421,5420,234,25.75
2642,2641,234,21.47
2350,2349,234,18.19
3336,3335,234,16.42
4757,4858,234,3.67
4027,3927,234,2.26
2841,2840,235,21.32
2250,2249,235,15.15
5821,5820,235,11.96
5954,6054,235,11.19
3731,3730,235,11.88
6123,6222,235,9.2
6023,6022,235,6.25
1859,1858,235,13
4824,4923,235,4.17
6539,6638,235,5
6048,6147,235,9.48
2545,2544,235,25.57
2741,2840,235,21.94
2371,2472,235,0.84
1970,1871,235,0.61
5225,5224,236,23.22
5421,5520,236,27.92
2150,2149,236,13.83
5855,5955,236,13.58
5921,5920,236,11.59
5821,5920,236,14.32
6053,6152,236,10.5
5847,5846,236,5.68
6536,6535,236,11.38
3533,3532,236,23.12
6134,6233,236,3.43
5747,5846,236,6.56
2841,2940,237,21.86
3434,3433,237,8.64
6149,6248,237,9.35
6128,6229,237,4.11
3533,3632,237,26.74
2643,2542,237,12.61
1956,1855,237,4.25
2050,2049,238,13.36
5921,6020,238,13.53
2447,2346,238,10.39
6536,6635,238,13.13
5156,5057,238,3.44
2643,2543,238,8.05
2740,2739,238,24.8
4665,4664,238,22.22
2641,2640,239,21.75
2840,2839,239,25.72
2941,3040,239,24.3
4024,3923,239,4.05
2740,2839,239,26.12
4665,4764,239,25.99
2349,2348,240,17.61
1951,1950,240,13.18
6424,6423,240,12.46
6324,6423,240,13.48
5947,5946,240,5.82
5847,5946,240,6.48
3335,3334,240,18.11
2942,3041,240,21.5
3969,4069,240,1.92
3043,3042,240,6.83
1869,1769,240,0.81
6424,6523,241,1.62
5855,5956,241,34.43
5855,5856,241,9.16
2840,2939,241,3.19
6538,6637,241,0.61
5843,5944,241,17.03
6142,6243,241,17.52
2571,2672,241,19.06
3169,3270,241,19.88
2471,2572,241,20.59
1971,2072,241,14.89
3069,3170,241,18.27
2149,2148,242,5.12
6054,6153,242,7.43
2642,2541,242,2.09
5954,6055,242,31.82
6327,6426,242,1.46
6228,6329,242,36.48
5356,5457,242,33.44
4658,4759,242,31.84
4367,4468,242,36.99
5456,5556,242,19.43
4168,4269,242,37.68
4068,4169,242,37.59
5943,6044,242,17.44
2251,2351,242,19.2
3769,3870,242,35.05
3669,3770,242,13.27
3569,3670,242,26.39
3469,3570,242,29.45
2671,2772,242,18.27
3269,3370,242,29.06
6054,6154,243,21.31
4467,4567,243,18.59
4466,4567,243,35.5
4566,4666,243,19.77
4268,4369,243,37.77
4021,3920,243,1.84
6043,6144,243,16.85
3969,4070,243,34.86
3369,3470,243,26.8
3041,3142,244,37.77
6229,6330,244,36.57
2149,2248,244,8.85
5955,6056,244,33.86
6054,6155,244,32.48
6129,6230,244,36.72
4069,4170,244,37.65
6149,6249,244,8.27
4368,4469,244,37.78
1955,1854,244,4.17
4467,4568,244,36.49
1957,1856,244,1.99
4566,4667,244,35.35
5456,5557,244,35.74
2251,2352,244,35.96
4665,4765,244,20.72
4665,4766,244,33.93
6523,6624,245,36.96
5856,5957,245,36.21
5956,6057,245,37.6
4764,4864,245,21.21
4764,4865,245,32.8
6424,6525,245,28.79
2971,3072,245,29.52
2447,2347,245,1.67
6047,6046,245,1.26
3040,3141,245,34.66
3670,3771,246,35.86
4269,4370,246,37.54
4468,4569,246,37.65
6425,6526,246,24.11
4169,4270,246,37.59
2272,2373,246,19.62
2772,2873,247,30.83
3370,3471,247,28.68
6055,6156,247,35.22
3270,3371,247,27.97
6020,6121,247,20.19
6329,6430,247,34.37
4369,4470,247,37.36
4070,4171,247,37.72
2372,2473,247,20.89
6149,6250,247,15.75
2172,2273,247,17.66
5457,5558,247,32.13
3869,3970,247,11.46
4567,4668,247,35.92
4170,4271,248,37.72
6426,6527,248,24.37
2572,2673,248,21.19
6635,6736,248,18.45
5844,5945,248,16.83
6636,6737,248,18.08
6326,6427,248,16.13
4469,4570,248,37.67
4568,4669,248,37.04
4666,4767,248,34.61
6230,6331,249,33.28
4667,4768,249,34.96
4765,4866,249,33.63
3470,3571,249,28.26
6248,6349,249,15.45
3141,3242,249,37.66
5557,5658,249,35.12
4766,4866,249,20.43
4766,4867,249,34.43
6637,6738,249,18.03
3570,3671,250,18.54
6523,6623,250,12.26
2072,2173,250,16.47
4864,4964,250,21.16
4864,4965,250,32.94
2049,2048,250,5.38
6152,6253,250,13.51
5557,5657,250,19.96
6328,6429,250,14.16
2971,3071,250,7.08
6636,6735,250,2.1
4865,4965,250,20.94
4865,4966,250,33.48
4370,4471,250,37.4
5944,6045,250,17.45
6327,6428,250,13.49
3040,3140,250,9.81
4569,4670,250,37.78
4171,4272,251,37.76
4470,4571,251,37.26
2873,2974,251,36.74
4668,4769,251,36.72
3072,3173,251,26.26
6624,6725,251,24.1
3970,4071,251,36.07
6044,6145,251,16.83
6248,6348,251,8.26
6152,6252,251,8.12
6147,6247,251,8.25
6424,6524,251,7.96
4821,4922,251,12.37
4669,4770,252,37.75
5558,5659,252,31.17
6144,6245,252,16.36
6020,6120,252,8.24
6223,6322,252,1.49
5457,5458,252,10.66
4570,4671,252,37.49
4768,4869,253,36.25
4767,4868,253,34.96
3371,3472,253,27.56
2373,2474,253,20.33
6056,6157,253,17.62
6153,6254,253,13.68
3141,3241,253,13.98
1871,1972,253,11.4
5855,5756,253,4.13
5822,5721,253,3.89
6342,6442,253,2.92
6738,6839,253,36.66
6623,6724,254,37.11
4670,4771,254,37.71
4867,4968,254,35.18
3471,3572,254,22.69
6057,6158,254,15.74
6155,6256,254,15.46
6249,6350,254,15.53
6154,6255,254,13.81
5856,5857,254,7.75
6330,6431,254,14.27
6331,6432,254,29.63
5658,5758,254,21.2
5658,5759,254,32.81
4471,4572,254,37.54
5422,5321,254,1.84
5555,5656,254,8.59
4866,4967,254,34.26
2939,3039,254,8.25
4462,4563,254,8.72
5657,5758,254,36.47
6242,6343,254,6.96
4769,4870,255,37.53
3671,3772,255,34.64
4966,5066,255,20.63
4966,5067,255,34.1
2473,2574,255,18.89
6156,6257,255,17.95
6430,6531,255,17.69
2273,2374,255,20.17
5957,6058,255,14.78
6427,6528,255,22.5
4821,4921,255,5.7
4272,4373,255,37.78
4965,5065,255,21
4965,5066,255,33.33
4964,5064,255,21
4964,5065,255,33.33
4021,3921,255,1.95
3238,3237,255,0.76
1956,1857,255,5.94
6050,6151,255,7.26
6725,6826,255,35.38
4571,4672,255,37.67
6440,6541,255,7.04
6738,6838,255,18.36
4770,4871,256,37.78
4671,4772,256,37.67
2974,3075,256,34.59
6524,6625,256,31.49
3071,3172,256,28.12
3571,3672,256,22.45
2873,2973,256,11.92
5558,5559,256,11.21
6144,6244,256,8.28
2772,2872,256,7.61
3870,3971,256,10.65
4764,4863,256,7.26
4463,4564,256,8.39
4857,4958,256,8.23
6342,6443,256,6.95
4363,4464,256,8.21
4561,4662,256,8
5657,5757,256,18.62
4868,4969,257,36.25
6157,6258,257,36.32
4869,4970,257,36.99
6736,6837,257,16.44
6250,6351,257,15.05
3770,3871,257,9.94
6047,6146,257,2.37
4957,5058,257,7.92
4562,4663,257,7.97
4967,5068,258,35.38
3572,3673,258,37.49
4771,4872,258,37.73
6839,6939,258,20.13
6839,6940,258,34.88
6623,6723,258,12.52
6429,6530,258,19.07
2173,2274,258,18.74
2673,2774,258,15.22
4572,4673,258,37.77
6428,6529,258,19.97
4858,4959,258,7.87
6150,6251,258,7.42
4272,4372,258,14.98
4659,4760,258,7.98
1954,1853,258,2.8
4758,4859,258,7.88
4660,4761,258,7.73
6540,6641,258,6.95
5157,5258,258,7.78
3433,3432,258,1.35
6539,6640,258,7.02
5257,5358,258,7.97
5758,5859,258,36.57
6541,6642,259,37.46
4373,4474,259,37.78
4870,4971,259,37.5
4672,4773,259,37.75
5759,5860,259,31.42
6120,6221,259,23.45
3173,3274,259,19.1
6349,6450,259,15.66
5057,5158,259,7.75
6441,6542,259,6.95
6826,6927,259,37.75
4661,4762,259,7.48
6735,6836,259,16.76
4772,4873,260,37.67
2973,3074,260,37.26
6257,6358,260,35.19
4270,4371,260,10.11
3771,3872,260,10.27
4764,4763,260,4.01
6638,6739,260,6.98
6639,6740,260,6.94
2545,2445,260,2.9
2871,2972,260,6.4
5758,5858,260,18.49
4970,5071,261,37.17
6257,6357,261,19.9
6432,6533,261,20.6
2474,2575,261,18.69
6145,6246,261,15.37
6348,6449,261,15.58
6253,6354,261,13.55
4759,4860,261,7.66
3672,3773,261,31.93
2049,1949,261,4.53
4863,4963,261,21.29
5422,5322,261,1.95
3070,3171,261,6.41
6725,6825,261,10.41
4673,4774,262,37.47
4373,4473,262,15.29
1972,2073,262,16.34
6245,6346,262,15.39
2473,2573,262,6.68
6243,6344,262,6.84
6826,6926,262,15.63
2545,2444,262,2.75
4773,4874,263,37.61
4971,5072,263,37.56
5358,5459,263,31.13
4970,5070,263,17.53
3075,3176,263,20.9
3172,3273,263,23.41
2374,2475,263,19.88
4922,5023,263,11.88
6253,6353,263,8.13
5859,5960,263,35.2
5520,5621,263,6.18
4474,4575,263,37.31
3673,3774,263,32.35
6231,6332,263,6.32
6234,6335,263,6.16
2346,2345,263,2.16
6232,6333,263,6.08
6735,6835,263,8.29
3074,3175,264,35.97
5158,5259,264,32.59
5858,5959,264,37.57
2973,3073,264,12.8
6350,6451,264,15.22
6255,6356,264,15.59
3472,3573,264,12.9
6254,6355,264,13.56
5759,5760,264,11.08
5659,5760,264,12.72
6247,6347,264,8.25
6348,6448,264,8.26
2672,2773,264,6.34
3170,3271,264,6.33
5859,5959,264,19.89
2574,2675,264,17.45
6740,6841,264,35.87
6233,6334,264,6.09
4371,4472,264,37.65
4968,5069,264,14.52
6739,6840,264,36.44
5071,5172,265,37.49
4871,4972,265,16
5857,5958,265,13.48
6245,6345,265,8.25
6120,6220,265,8.13
2274,2375,265,20.56
4474,4574,265,17.21
6244,6345,265,16.44
4963,5063,266,21.11
6357,6457,266,20.36
6357,6458,266,34.54
5066,5167,266,13.74
5067,5168,266,14.03
5064,5165,266,13.63
4171,4172,266,5.55
2542,2442,266,2.88
5065,5166,266,13.6
5072,5173,267,37.69
5070,5171,267,37.31
4874,4975,267,37.78
3171,3272,267,28.04
5071,5171,267,16.77
4872,4973,267,16.78
5358,5359,267,11.24
4921,5022,267,12.36
6322,6422,267,7.04
6525,6626,267,6.49
4575,4676,267,36.99
3073,3174,268,37.73
2773,2874,268,36.78
5069,5170,268,37.27
6251,6352,268,14.32
5064,5164,268,8.14
6838,6938,268,8.23
6927,7028,268,16
2640,2639,268,2.81
2774,2875,268,15.5
5068,5169,268,14.72
4472,4573,268,37.76
3039,3139,268,7.69
6825,6925,268,14.7
4972,5073,269,37.68
5172,5273,269,37.74
5158,5159,269,10.38
6836,6937,269,15.39
6841,6941,269,20.31
6841,6942,269,34.62
3573,3674,269,33.17
2739,2838,269,3.02
2542,2443,269,4.16
6840,6941,269,34.5
4574,4675,269,37.07
5168,5269,270,36.57
3271,3372,270,27.39
6333,6434,270,21.96
4874,4974,270,14.94
6332,6433,270,21.3
2573,2674,270,17.9
4873,4974,270,15.41
3772,3873,270,9.91
2049,1948,270,4.31
5820,5919,270,2.29
2575,2676,270,16.23
4272,4273,270,5.3
4172,4273,270,37.61
5173,5274,271,37.53
4973,5074,271,36.94
6457,6557,271,20.33
6457,6558,271,34.59
5063,5163,271,20.91
4774,4875,271,16.24
6449,6550,271,15.45
3274,3375,271,12.28
6926,7027,271,16.27
5171,5272,271,37.61
2641,2540,271,2.16
6344,6445,271,16.15
4021,3922,271,2.86
3921,3922,271,6.52
4574,4674,271,17.71
5168,5268,272,18.49
3175,3276,272,18.24
6346,6447,272,15.64
6354,6455,272,13.33
2073,2174,272,15.11
5169,5270,272,37.1
6836,6936,272,8.25
6158,6259,272,8
2475,2576,272,16.73
5170,5271,272,37.4
3871,3972,272,9.56
6925,7026,272,37.07
1866,1765,272,0.61
5073,5174,273,36.75
5273,5374,273,37.75
6355,6456,273,16.21
2375,2476,273,17.8
6351,6452,273,9.23
4921,5021,273,5.7
2739,2738,273,1.55
5820,5819,273,1.21
6740,6741,273,8.05
6826,6827,273,5.64
4676,4777,273,23.92
4974,5075,274,36.41
3674,3775,274,34.17
4675,4776,274,34.47
4975,5076,274,22.43
3272,3373,274,22.67
5022,5122,274,15.44
2675,2776,274,15.56
6448,6549,274,15.38
3273,3374,274,13.7
6354,6454,274,8.11
6449,6549,274,8.26
6450,6551,274,9.8
6221,6321,274,6.89
5269,5370,274,37.1
5559,5660,274,8.25
4373,4374,274,5.47
6058,6159,274,7.8
6442,6543,274,6.86
4273,4374,274,37.75
6925,7025,274,17.71
5074,5175,275,37.01
4674,4775,275,36.9
6345,6446,275,15.61
5274,5375,275,36.36
5760,5861,275,13.32
6346,6446,275,8.26
5272,5373,275,37.77
5860,5961,275,8.86
6343,6444,275,6.78
6431,6532,275,6.77
4474,4475,275,6.55
6344,6444,275,8.28
4958,5059,275,7.67
5268,5369,276,36.26
6433,6534,276,24.46
5270,5371,276,37.09
5271,5372,276,37.62
3773,3874,276,9.94
3872,3973,276,8.89
6258,6359,276,7.64
5269,5369,276,17.65
6531,6632,276,6.94
6841,6842,276,9.03
4863,4962,276,7.39
7026,7127,276,36.15
4024,3924,276,0.89
5174,5275,277,37.56
6259,6360,277,32.49
3372,3473,277,21.54
2676,2777,277,20.61
3174,3275,277,16.31
5165,5266,277,13.99
6448,6548,277,8.25
4760,4861,277,7.62
4859,4960,277,7.77
6443,6544,277,6.77
4959,5060,277,7.68
4761,4862,277,7.68
5374,5475,278,34.4
5268,5368,278,18.88
2875,2976,278,14.92
2874,2975,278,14.8
2542,2441,278,2.73
7026,7126,278,19
4475,4576,279,37.78
6159,6260,279,32.59
5660,5761,279,30.87
3374,3474,279,21.66
3374,3475,279,30.86
5373,5474,279,37.54
4875,4976,279,20
5164,5265,279,13.74
5165,5265,279,8.17
3774,3875,279,8.93
6358,6459,279,7.47
5076,5177,279,29.11
6625,6726,279,6.41
2674,2775,279,16.47
5920,6019,279,2.11
5371,5472,280,37.38
5372,5473,280,37.78
5122,5222,280,17.64
2576,2677,280,18.53
6445,6546,280,15.83
5375,5476,280,28.97
6451,6552,280,9.4
6422,6522,280,8.16
3176,3277,280,8.55
3973,4074,280,37.77
6641,6742,280,6.63
4860,4961,280,7.76
4775,4876,280,32.61
4777,4878,280,22.4
2174,2275,280,19.13
3473,3574,281,37.74
6359,6460,281,33.43
4962,5062,281,21.2
5075,5176,281,22.69
2776,2877,281,22.6
2476,2577,281,18.24
6827,6928,281,17.87
6455,6556,281,16.71
6557,6658,281,15.1
6550,6651,281,15.49
5164,5264,281,8.15
6842,6943,281,34.22
5459,5560,281,8.1
4963,5062,281,7.12
6642,6743,281,6.63
6542,6643,281,6.7
4776,4877,281,23.39
6940,7041,281,6.39
6530,6631,281,6.4
6939,7040,281,6.4
1870,1770,281,0.64
5060,5160,282,20.23
5060,5161,282,34.75
5371,5471,282,17.06
7126,7227,282,36.44
5175,5276,282,23.06
6936,7037,282,14.84
5259,5360,282,7.88
5960,6061,282,7.64
6723,6824,282,6.12
6459,6560,283,36.11
3474,3575,283,37.49
2777,2878,283,25.44
5660,5661,283,11.38
6452,6553,283,14.62
6835,6935,283,5.22
3973,4073,283,15.45
2148,2247,283,3.54
3971,4072,283,5.28
5421,5320,283,1.42
6533,6634,283,6.72
4172,4173,283,6.05
5473,5574,284,36.82
5472,5573,284,37.72
6260,6361,284,32.21
2976,3077,284,24.35
5275,5376,284,22.97
7126,7226,284,18.66
6446,6547,284,15.87
6549,6650,284,15.45
6159,6160,284,10.38
6445,6545,284,8.27
6557,6657,284,8.24
6550,6650,284,8.26
5163,5263,284,8.15
6352,6453,284,8.94
6353,6453,284,4.91
4976,5077,284,28.66
6743,6844,285,35.5
6643,6744,285,36.81
6459,6559,285,19.04
5474,5575,285,25.12
6454,6555,285,13.92
6455,6555,285,8.29
6936,7036,285,8.23
5177,5278,285,25.8
5475,5576,285,22.54
5359,5460,285,8.02
5959,6060,285,6.89
1871,1872,285,2.16
3574,3675,285,35.81
1953,1852,285,1.85
4961,5061,285,20.94
5471,5572,286,37.58
5176,5277,286,29.72
5062,5162,286,20.66
2677,2778,286,25.44
6943,7043,286,20.74
6943,7044,286,33.88
5159,5260,286,8.81
7227,7328,286,35.76
5166,5267,286,7.41
5958,6059,286,6.9
4877,4978,286,28.63
5369,5470,286,14.72
6544,6645,286,16.24
4576,4677,286,21.78
5161,5262,286,35.67
5160,5261,287,34.94
6743,6843,287,19.64
2577,2678,287,25.14
6548,6649,287,14.89
6549,6649,287,8.26
6454,6554,287,8.16
6522,6622,287,16.34
5476,5577,287,21.9
4876,4977,287,22.1
6842,6843,287,9.31
2975,3076,287,17
1949,1849,287,3.93
1949,1850,287,5.56
6939,7039,287,3.5
4878,4979,287,20.45
4173,4274,287,37.46
3575,3676,287,37.39
4073,4174,287,36.15
5276,5377,288,24.18
5661,5762,288,32.59
7226,7327,288,35.77
2877,2978,288,22.27
5368,5469,288,14.83
6543,6644,288,10.7
6360,6461,288,13.84
3873,3974,288,8.29
7028,7129,288,7.25
7227,7327,288,19.41
2275,2376,288,18.1
6744,6845,289,35.44
6559,6660,289,35.37
5471,5571,289,16.48
6546,6647,289,15.84
6260,6261,289,10.62
2775,2876,289,14.86
5077,5178,289,28.61
6551,6652,289,9.9
2776,2876,289,7.07
4621,4720,289,0.36
6626,6727,289,6.63
5572,5673,290,36.72
5460,5561,290,31.63
6844,6944,290,21.21
6844,6945,290,32.79
3675,3776,290,35.08
6060,6161,290,31.79
5574,5675,290,27.13
5575,5676,290,28.81
7226,7326,290,19.39
5761,5862,290,13.4
6548,6648,290,8.23
4374,4375,290,6.45
6558,6659,290,7.53
5376,5477,290,24.06
3676,3777,291,35.45
5260,5361,291,34.09
5573,5674,291,23.15
6824,6924,291,12.37
6928,7029,291,15.45
5368,5468,291,8.23
5021,5121,291,5.79
6460,6561,291,14.88
4821,4920,291,1.45
4821,4820,291,0.76
5277,5378,292,25.02
4978,5079,292,24.42
5576,5677,292,20.93
5470,5570,292,17.54
6019,6119,292,8.2
5861,5962,292,8.6
3276,3377,292,7.17
6937,7038,292,6.23
4677,4778,292,23.58
6941,7042,292,6.33
5961,6062,292,8.71
2346,2246,292,1.77
5571,5672,293,37.7
7327,7427,293,20.38
7327,7428,293,34.52
2678,2779,293,24.52
4977,5078,293,23.99
6545,6646,293,16.02
6657,6758,293,16
6553,6654,293,15.17
5661,5662,293,10.38
6546,6646,293,8.27
3775,3876,293,7.65
4375,4476,294,37.31
5377,5478,294,24.34
5577,5678,294,22
6650,6751,294,15.48
6845,6946,294,33.28
6556,6656,294,8.27
4475,4476,294,5.33
7027,7128,294,6.41
3532,3631,294,2.06
7326,7426,295,20.34
2876,2977,295,25.46
6622,6722,295,13.89
6659,6759,295,21.01
6659,6760,295,33.3
2778,2879,295,15.9
5460,5461,295,10.96
6552,6653,295,9.89
3276,3376,295,4.53
3375,3476,295,6.14
7227,7228,295,8.15
6945,7045,295,21.02
6945,7046,295,33.29
6944,7045,295,33.62
5862,5963,295,32.02
5674,5775,296,28.89
5675,5776,296,24.02
2376,2477,296,18.83
1872,1973,296,13.32
6651,6752,296,9.86
3874,3975,296,7.14
6532,6633,296,6.82
5278,5379,296,13.19
6634,6734,296,8.26
3076,3177,296,17.6
6526,6627,296,2.85
6924,7024,297,16.8
5571,5671,297,14.18
6649,6750,297,15.6
6744,6745,297,8.4
5477,5578,297,22.44
6650,6750,297,8.26
6657,6757,297,8.27
7037,7138,297,9.76
6554,6655,297,14.9
5266,5367,297,7.37
2148,2147,297,1.82
3277,3378,297,8.53
6632,6733,297,7.06
6062,6162,297,21.63
6062,6163,297,31.07
5673,5774,298,20.04
6758,6858,298,21.31
6758,6859,298,32.48
5676,5777,298,19.41
5121,5221,298,14.65
7427,7527,298,20.44
7427,7528,298,34.41
2442,2343,298,4.43
3432,3531,298,3.59
6527,6628,298,2.85
6946,7047,299,32.74
5672,5773,299,24.12
6647,6748,299,15.45
2878,2979,299,9.08
5265,5366,299,7.41
2442,2342,299,3.08
4778,4879,299,21.1
6722,6823,299,35.79
7026,7125,299,5.31
1861,1761,299,1.43
2839,2938,299,2.01
6760,6860,300,21.37
6760,6861,300,32.28
6759,6860,300,32.56
6648,6749,300,15.3
6649,6749,300,8.26
7036,7137,300,9.52
6845,6846,300,9.95
4074,4175,300,7.31
6645,6746,300,10.48
5862,5863,300,10.73
1949,1848,300,3.73
2640,2539,300,2.19
2444,2344,300,2.66
7426,7526,300,20.36
5469,5569,301,1.57
2639,2638,301,37.25
3432,3431,301,35.96
2048,2047,301,38.46
2541,2440,301,21.21
4220,4219,301,6.89
4120,4119,301,7.38
6522,6521,302,34.47
1948,1947,302,39.77
3237,3236,302,38.73
5721,5720,302,19.1
6361,6462,302,0.85
6062,6063,302,5.23
1952,1851,302,10.73
3039,3038,302,37.18
4420,4419,302,6.86
2346,2245,302,21.15
3921,3821,302,9.33
1848,1847,303,38.64
6823,6822,303,39.69
3531,3530,303,32.54
2147,2146,303,37.99
6924,6923,303,30
7326,7325,303,23.59
6622,6621,303,38.04
5121,5120,303,31.96
7226,7225,303,25.78
7126,7225,303,13.32
5320,5319,303,23.23
2442,2341,303,19.45
3139,3138,303,37.55
6722,6721,303,40.11
5919,5918,303,25.6
3730,3729,303,8.59
1761,1760,303,39.78
1861,1762,303,1.09
1861,1760,303,9.87
4320,4319,303,6.84
3921,3820,303,21.24
2938,2937,303,36.7
4020,4019,303,8.22
5569,5568,304,39.08
2638,2637,304,39.75
2047,2046,304,38.49
2539,2538,304,31.47
6119,6118,304,24.7
6647,6747,304,2.47
5221,5220,304,29.26
6019,6018,304,26.2
5320,5419,304,14.45
5819,5818,304,20.19
2540,2439,304,21.28
2345,2244,304,21.09
6422,6421,304,18
5321,5220,304,21.19
7426,7425,304,23.77
3433,3332,304,15.82
7125,7124,304,27.4
1865,1764,304,5.26
3921,3822,304,5.56
6521,6520,305,37.34
1947,1946,305,37.98
3431,3430,305,31.91
7526,7525,305,23.77
5773,5772,305,24.32
1849,1749,305,11.92
1849,1748,305,19.13
2441,2340,305,19.52
3432,3331,305,19.38
3335,3234,305,14.07
3038,3037,305,38.16
1847,1846,306,39.45
6621,6620,306,39.84
6822,6821,306,39.21
6946,6947,306,6.81
5468,5467,306,15.64
5264,5365,306,0.22
6721,6720,306,39.55
1760,1759,306,38.81
5320,5219,306,19.81
6162,6262,306,7
3237,3136,306,16.8
2937,2936,306,39.79
3434,3333,306,7.67
1860,1759,306,9.13
3336,3235,306,12.02
3433,3333,306,4.01
1864,1763,306,5.52
3138,3137,306,38.19
2538,2537,307,35.19
6421,6420,307,40.06
2637,2636,307,39.88
6923,6922,307,32.55
3530,3529,307,27.8
2539,2438,307,21.13
5671,5670,307,15.87
2246,2145,307,21.05
6758,6857,307,14.61
5121,5020,307,21.04
1748,1747,308,34.66
6520,6519,308,39.07
2244,2243,308,29.47
3431,3330,308,21.05
2440,2339,308,20.82
5720,5719,308,17.35
3037,3036,308,35.44
7041,7142,308,0.51
6436,6435,308,7.62
3829,3728,308,7.79
1859,1758,308,8.13
4520,4519,308,7.21
6735,6834,308,4.38
3430,3429,309,30.73
6018,6017,309,20.8
6118,6117,309,20.17
5918,5917,309,17.65
2245,2144,309,21.1
3821,3720,309,21.25
6924,7023,309,12.27
7425,7424,309,23.41
1849,1750,309,8.18
1854,1753,309,8.73
4620,4619,309,7.7
1858,1757,309,8.4
6821,6820,309,36.74
3926,3825,309,8.18
2537,2536,310,38.35
5772,5771,310,21.16
3136,3135,310,27.77
7526,7625,310,14.35
5670,5669,310,39.05
7525,7524,310,23.13
4375,4376,310,3.69
4274,4275,310,1.69
5661,5562,310,6.07
6162,6263,310,5.04
1855,1754,310,8.03
3927,3826,310,9.3
3828,3827,310,7.2
3731,3630,310,7.87
6519,6518,311,35.99
1747,1746,311,34.9
3529,3528,311,31.34
3332,3231,311,20.45
3822,3721,311,21.08
2244,2143,311,21.28
2439,2338,311,20.87
2341,2241,311,12.64
2438,2437,311,29.85
6760,6761,311,4.57
6922,6921,311,33.08
6935,7035,311,1.2
6827,6828,311,1.43
1853,1752,311,8.62
3920,3919,311,8.44
7125,7224,311,13.35
1757,1756,312,39.88
3429,3428,312,34.79
2243,2242,312,31.28
3330,3329,312,33.04
3430,3329,312,21.22
3331,3230,312,21.16
5818,5817,312,13.29
2341,2240,312,17.27
6860,6959,312,12.34
7526,7626,312,8.58
7425,7324,312,19.88
5721,5620,312,7.93
6820,6819,313,33.01
2340,2239,313,19.26
1748,1647,313,20.12
1749,1648,313,18.73
3234,3233,313,12.79
3136,3035,313,21.15
7023,7022,313,28.72
4820,4819,313,8.09
4920,4919,313,8.2
6757,6756,313,7.78
3135,3134,313,33.5
6321,6320,313,7.52
6220,6219,313,7.52
2937,2836,313,14.88
5520,5519,313,6.84
1768,1667,313,4.84
1761,1660,313,11.43
1856,1755,313,7.75
1752,1751,314,39.68
3630,3629,314,27.01
7424,7423,314,23.04
6420,6419,314,16.13
6620,6619,314,13.32
5467,5466,314,13.67
6520,6419,314,16.31
1749,1649,314,12.12
3530,3629,314,13.2
2438,2337,314,21.27
6946,6847,314,8.08
4219,4218,314,7.79
4720,4719,314,7.51
7328,7429,314,0.88
6921,6920,314,33.52
4119,4118,314,7.98
2738,2737,314,6.89
2838,2837,314,7.2
3875,3976,314,0.62
3329,3328,315,36.18
3230,3229,315,34.67
2143,2142,315,29.67
2243,2142,315,21.16
3330,3229,315,20.76
6720,6719,315,11.69
7525,7624,315,14.46
5620,5619,315,35.95
7039,7140,315,0.87
3820,3819,315,8.96
5819,5718,315,7.9
5319,5318,315,8.45
4019,4018,315,8.72
6631,6630,315,6.75
5771,5770,316,17.35
2144,2043,316,21.19
6519,6418,316,19.36
1747,1646,316,20
5519,5518,316,39.09
2339,2238,316,18.54
2537,2436,316,17.29
1946,1945,316,9.17
2046,2045,316,8.88
3134,3133,316,34.88
5863,5763,316,6.48
5862,5763,316,5.94
1767,1666,316,4.99
4419,4418,316,7.41
6819,6818,317,31.93
6117,6116,317,13.35
7424,7323,317,19.72
3822,3722,317,7.95
6860,6960,317,6.19
5669,5668,317,14.3
6751,6851,317,3.14
3135,3034,317,20.6
2536,2535,317,15.28
4319,4318,317,7.49
3229,3228,318,35.44
6920,6919,318,31.72
3629,3628,318,29.13
5817,5816,318,18.54
2143,2042,318,21.28
3231,3130,318,21
2241,2140,318,21.26
3721,3620,318,21.18
6619,6618,318,31.78
5917,5916,318,12.47
6017,6016,318,11.85
1846,1845,318,8.53
5568,5567,318,7.16
6320,6319,318,22.9
5219,5218,318,8.93
6219,6218,318,24.09
5619,5618,318,33.36
1760,1659,318,9.94
2836,2835,318,20.01
5419,5418,318,7.62
2936,2935,318,8.87
1766,1665,318,5.28
6631,6732,318,0.42
5518,5517,319,38.82
5770,5769,319,39.58
6719,6718,319,31.56
2142,2141,319,31.55
7423,7422,319,22.87
1757,1656,319,14.63
7424,7523,319,14.47
7142,7141,319,9.19
5365,5364,319,7.96
3332,3232,319,6.92
6935,6934,319,4.81
2337,2336,320,17.64
1647,1546,320,21.01
7624,7623,320,21.4
3230,3129,320,20.11
2144,2044,320,9.58
3720,3719,320,9.18
2436,2435,320,32.89
2338,2237,320,16.86
6751,6852,320,2.51
6654,6754,320,2.2
7036,7136,320,1.2
5618,5617,321,35.61
6818,6817,321,29.82
1646,1645,321,20.23
5718,5717,321,19.35
2239,2139,321,12.9
2240,2139,321,17.37
6518,6517,321,10.8
4519,4518,321,8.18
6947,6948,321,6.82
6760,6661,321,5.65
7023,7122,321,12.84
6922,7021,321,10.7
3134,3033,321,20.01
6928,6929,321,1.71
3034,3033,321,29.91
3228,3227,322,29.26
6919,6918,322,30.82
5769,5768,322,38.29
5517,5516,322,40.09
2142,2041,322,21.11
5466,5465,322,12.94
7423,7322,322,19.65
1649,1548,322,18.75
3728,3727,322,7.22
6618,6617,322,28.57
1749,1650,322,8.49
7526,7627,322,6.44
3919,3918,322,9.17
2636,2635,322,6.91
6654,6755,322,1.57
1656,1655,322,38.44
6263,6362,322,12.74
3825,3824,322,7.71
6262,6362,322,6.55
1756,1655,322,15.58
1769,1668,322,4.7
1546,1545,323,34
6718,6717,323,29.85
5816,5815,323,24.92
2535,2534,323,17.18
3229,3128,323,19.7
2337,2236,323,16.58
2239,2138,323,15.1
1649,1549,323,12.11
4619,4618,323,7.44
6319,6318,323,20.21
6857,6856,323,6.56
2436,2335,323,20.8
1765,1664,323,5.61
7422,7421,324,22.34
7523,7522,324,22.21
3722,3621,324,21.08
7423,7522,324,14.5
6418,6417,324,12.86
6959,6958,324,8.76
3231,3131,324,7.75
1752,1651,324,11.22
1746,1745,324,7.94
3721,3621,324,8.23
6947,6848,324,8.09
2238,2137,324,19.51
6218,6217,324,18.68
2835,2834,324,17.01
1753,1652,324,9.83
1754,1653,324,10.23
1759,1658,324,7.99
3034,2933,324,21.27
6817,6816,325,28.51
7623,7622,325,21.65
5916,5915,325,16.38
3228,3127,325,21.27
3130,3029,325,21.18
1655,1654,325,40.12
7624,7723,325,14.64
3428,3427,325,7.71
3528,3527,325,7.5
6750,6850,325,3.06
7023,7123,325,6.62
4375,4276,325,4.62
6653,6753,325,2.41
6921,7020,325,10.45
1758,1657,325,8.74
7124,7123,325,4.9
6918,6917,326,30.27
2041,2040,326,30.22
5567,5566,326,13.73
7140,7139,326,9.19
4218,4217,326,8.37
1647,1547,326,7.78
7624,7724,326,9.53
4919,4918,326,8.12
4819,4818,326,7.92
4118,4117,326,8.69
6947,7048,326,7.13
6063,6064,326,4.18
6263,6363,326,6.53
1545,1544,327,26.13
6717,6716,327,28.39
2236,2235,327,25.41
7322,7321,327,23.17
3129,3028,327,20.97
1546,1445,327,20.41
7422,7321,327,19.4
6116,6115,327,10.77
1945,1944,327,9.19
3133,3132,327,9.68
6920,7019,327,11.43
5776,5876,327,2.52
2237,2136,327,20.64
5478,5579,327,1.36
2073,2074,327,0.62
4018,4017,327,8.64
5815,5814,328,21.2
6016,6015,328,10.57
3328,3327,328,8.21
3819,3818,328,7.72
2737,2736,328,7.18
4719,4718,328,7.31
1870,1771,328,0.81
7522,7521,329,22.25
2335,2334,329,19.12
2534,2533,329,17.51
2041,1940,329,21.26
2139,2039,329,12.53
7422,7521,329,14.56
3127,3126,329,25.24
6960,7059,329,12.37
3827,3726,329,7.55
7421,7420,329,22.5
5020,5019,329,4.61
1770,1669,329,4.47
5318,5317,329,7.51
3034,2934,329,8.77
6630,6629,329,7.58
1764,1663,329,5.8
1545,1444,330,20.82
6717,6616,330,21.22
3128,3027,330,20.93
2236,2135,330,20.62
5768,5767,330,13.71
6958,6957,330,17.95
7322,7221,330,19.78
5717,5716,330,11.94
2139,2038,330,17.65
7623,7722,330,14.62
2435,2434,330,10.96
3620,3619,330,8.88
6917,6916,330,28.44
6919,7018,330,11.88
3722,3622,330,7.95
4418,4417,330,7.3
5517,5416,330,13.58
5817,5716,330,7.94
1549,1448,330,21.06
6834,6833,330,4.68
6063,5964,330,5.19
6318,6317,330,16.01
6750,6849,330,4.55
5776,5875,330,4.5
3077,3178,330,0.64
5120,5119,330,3.75
5218,5217,330,8.38
1762,1661,330,5.33
2235,2234,331,25.5
5915,5914,331,17.1
3621,3520,331,21.26
5465,5464,331,12.32
7322,7222,331,11.49
3130,3030,331,8.22
5518,5417,331,9.95
1649,1550,331,8.48
3719,3718,331,9.18
5668,5667,331,7.33
4318,4317,331,7.59
2836,2735,331,7.91
7321,7320,332,23.17
3029,2928,332,21.27
6217,6216,332,13.79
4518,4517,332,9.19
3127,3026,332,20.56
6517,6516,332,9.81
7035,7034,332,4.88
7224,7223,332,4.81
3822,3823,332,3.62
7421,7320,332,19.47
5364,5363,332,8.07
1763,1662,332,5.66
1940,1939,333,30.69
1652,1551,333,17.66
1653,1552,333,17.59
1645,1644,333,8.72
3033,3032,333,8.58
1655,1554,333,13.19
7059,7058,333,30.51
6860,6961,333,4.38
6263,6264,333,4.4
7122,7121,333,8.67
7018,7017,334,32.85
2334,2333,334,21.63
5814,5813,334,17.84
3028,2927,334,21.21
2235,2134,334,20.64
1547,1446,334,19.88
7522,7621,334,14.57
6918,7017,334,12.15
3227,3226,334,9.01
6958,7057,334,14.45
6417,6416,334,10.8
2041,1941,334,8.63
6916,6915,334,25.29
6960,7060,334,6.21
1549,1449,334,9.96
7521,7520,334,21.82
1444,1443,334,26.98
7421,7520,334,14.55
7420,7419,334,22.6
1656,1555,334,9.55
5278,5279,334,1.32
1654,1553,334,17.23
7321,7220,335,19.78
5566,5565,335,12.35
1845,1844,335,6.15
7624,7725,335,7.4
6063,6164,335,4.42
2533,2532,335,17.96
6856,6855,335,8.53
3918,3917,335,8.18
3575,3576,335,0.72
2234,2233,336,22.9
1940,1839,336,21.23
6015,6014,336,13.63
6115,6114,336,11.5
1745,1744,336,8.77
3621,3521,336,8.68
5516,5515,336,7.69
6948,6949,336,6.91
5617,5616,336,6.87
4618,4617,336,8.15
3822,3723,336,4.53
6752,6853,336,2.23
2835,2734,336,7.96
5863,5864,336,2.82
1939,1938,337,27.54
6816,6815,337,9.08
3029,2929,337,8.75
2635,2634,337,7.04
6916,6815,337,20.58
5816,5715,337,7.73
6917,7016,337,12.95
1444,1343,337,21.01
1448,1447,337,15.64
7420,7319,337,19.52
7320,7319,337,23.34
4017,4016,337,10.11
3826,3725,337,5.27
5914,5913,338,15.39
2135,2034,338,19.88
1544,1543,338,9.14
2333,2332,338,25.41
3027,2926,338,20.06
2834,2833,338,7.57
6317,6316,338,12.69
6915,6914,339,24.02
2928,2827,339,21.27
2234,2133,339,19.66
5667,5666,339,13.32
2135,2035,339,11.41
2334,2433,339,14.62
1944,1943,339,9.04
6716,6715,339,8.94
4818,4817,339,7.72
4918,4917,339,8.03
3628,3627,339,4.83
6732,6731,339,5
5769,5868,339,7.3
7521,7620,339,14.61
2134,2133,339,24.35
6857,6956,339,4.56
5678,5778,339,1.49
7420,7519,339,14.53
1839,1838,340,27.69
1939,1838,340,21.11
3327,3326,340,8.82
7019,7118,340,11.32
5770,5869,340,6.06
1444,1344,340,10.05
7320,7219,340,19.85
4016,4015,340,40.11
5863,5764,340,3.56
1660,1559,340,5.37
7016,7015,341,28.94
2734,2733,341,22.68
2532,2531,341,19.11
5813,5812,341,16.33
1941,1840,341,21.12
6216,6215,341,11.83
3030,2930,341,10.72
2038,2037,341,9.17
3622,3522,341,9.68
1940,1840,341,8.42
6815,6814,341,26.08
1343,1342,341,25.8
5815,5714,341,7.87
2333,2232,341,20.62
6948,7049,341,7.23
6916,7015,341,14.01
3126,3125,341,8.51
6934,6933,341,4.58
2927,2826,341,20.35
1667,1566,341,5.17
4117,4116,341,6.96
7059,7158,341,12.04
2134,2033,341,20.26
4217,4216,341,6.97
6263,6364,341,4.66
3825,3724,341,4.49
1938,1937,342,24.62
7319,7318,342,22.64
2926,2925,342,25.76
6616,6615,342,8.62
3619,3618,342,8.81
4718,4717,342,7.37
5875,5874,342,8.85
3033,2932,342,6.81
7136,7135,342,4.68
2332,2331,342,25.78
3818,3817,342,7.65
6914,6913,343,25.98
1839,1738,343,21.14
1559,1558,343,37.98
5767,5766,343,7.81
1666,1565,343,5.42
7058,7157,343,14.53
6828,6728,343,3.13
3520,3519,343,8.63
2133,2132,343,26.32
1659,1558,343,5.87
4116,4115,344,40.11
7118,7117,344,30.1
1838,1837,344,26.1
1938,1837,344,20.36
6014,6013,344,13.72
5565,5564,344,12.05
6915,7014,344,14.3
2928,2828,344,9.04
6516,6515,344,9.02
5464,5463,344,7.98
7018,7117,344,10.83
5317,5316,344,6.91
3026,3025,344,8.57
6815,6714,344,20.81
2929,2828,344,21.27
1343,1242,344,20.73
1657,1556,344,7.53
1665,1564,344,5.61
5776,5877,344,1.85
3817,3816,345,40.11
7219,7218,345,23.13
5913,5912,345,15.12
7319,7218,345,19.54
6114,6113,345,12.29
2826,2825,345,27.46
2926,2825,345,20.72
7060,7159,345,13.24
2033,2032,345,26.32
1644,1643,345,9.02
7121,7120,345,8.56
6416,6415,345,9.92
2034,1933,345,20.67
2333,2432,345,13.98
1443,1442,345,9.15
1658,1557,345,6.9
5363,5362,345,7.73
3718,3717,345,7.56
2332,2231,345,20.72
2978,3078,345,0.93
3917,3916,345,10.36
4417,4416,345,6.84
6615,6614,346,25.01
2331,2330,346,26.42
5714,5713,346,20.31
2733,2732,346,20.74
6814,6813,346,23.84
6914,6813,346,20.78
2827,2726,346,21.28
2833,2832,346,12.62
1844,1843,346,9.19
3226,3225,346,8.82
5416,5415,346,6.63
5814,5713,346,7.96
2035,1934,346,20.96
7019,7119,346,5.4
1554,1453,346,11.4
4317,4316,346,6.86
1738,1737,347,28.62
1838,1737,347,20.81
7319,7418,347,14.53
1839,1739,347,9.75
7017,7116,347,11.64
1941,1841,347,8.06
1343,1243,347,10.53
6913,6912,347,29.95
1344,1243,347,21.25
4517,4516,347,7.06
1549,1450,347,6.08
6855,6854,347,8.86
6316,6315,347,11.15
5219,5118,347,3.52
7014,7013,348,28.99
1837,1836,348,32.24
5812,5811,348,16.15
5666,5665,348,11.96
3816,3815,348,38.84
3723,3623,348,8.5
2826,2725,348,21.1
2033,1932,348,20.87
3032,3031,348,7.02
3717,3716,348,39.84
6714,6713,348,26.43
3130,3031,348,4.73
6851,6951,348,3.29
1448,1347,348,7.95
4476,4577,348,0.66
4016,3915,348,13.3
2132,2131,348,24.45
5217,5216,348,5.75
6615,6514,349,20.49
2331,2230,349,20.89
1543,1542,349,9.16
7016,7115,349,12.74
7060,7160,349,7.02
2135,2036,349,7.53
2929,2829,349,9.01
2035,1935,349,10.16
1664,1563,349,5.51
6851,6950,349,4.47
1555,1454,349,9.52
2332,2431,349,13.88
2330,2329,350,29.38
1738,1637,350,21.24
6956,6955,350,9.17
6614,6613,350,28.65
4617,4616,350,7.5
1668,1567,350,5.1
6913,6812,350,21.27
6912,6911,350,39.43
6960,7061,350,4.4
5773,5872,350,2.86
5515,5514,350,7.23
5379,5479,350,1.36
2032,2031,350,24.36
2132,2031,350,20.3
1737,1736,351,30.59
1837,1736,351,20.97
2828,2727,351,20.78
7158,7258,351,10.47
7158,7257,351,14.58
4216,4215,351,10.09
6215,6214,351,10.58
3326,3325,351,9.11
1943,1942,351,8.9
2827,2727,351,8.88
5616,5615,351,7
1836,1835,351,33.97
7013,7012,351,34.32
2634,2633,351,7.17
1552,1451,351,7.96
2041,1942,351,5.02
7418,7417,352,21.69
2725,2724,352,31.92
1933,1832,352,21.18
5912,5911,352,15.11
1342,1341,352,9.17
7118,7217,352,12.23
5868,5867,352,7.77
1744,1743,352,6.28
6713,6712,352,29.8
2732,2731,352,17.78
5813,5712,352,7.96
7057,7056,352,5.8
3030,2931,352,6.78
6833,6832,352,4.73
5019,5018,352,4.46
3527,3526,352,3.78
1553,1452,352,7.96
1344,1244,352,8.57
4917,4916,352,8.08
5772,5871,352,3.05
7129,7229,352,1.18
1932,1931,352,28.81
2032,1931,352,20.26
2329,2328,353,40.01
2230,2229,353,26.92
7115,7114,353,32.12
2431,2430,353,32.47
2131,2130,353,22.12
2330,2229,353,21.27
1934,1833,353,21.26
2231,2130,353,20.05
6013,6012,353,12.5
2331,2430,353,13.68
7015,7114,353,12.84
6812,6811,353,38.51
6614,6513,353,21.24
7034,7033,353,4.79
4015,4014,353,7.82
4817,4816,353,7.36
6911,6910,353,39.85
3125,3124,353,8.66
5771,5870,353,3.37
1444,1345,353,6.16
7722,7721,353,4.38
5811,5810,354,16.99
1739,1638,354,21.12
1737,1636,354,21.23
1243,1142,354,21.22
7012,7011,354,40.1
6113,6112,354,12.25
1738,1638,354,9.35
1937,1936,354,8.35
1840,1740,354,8.15
3816,3715,354,16.66
6613,6612,354,30.83
2726,2625,354,19.07
3427,3426,354,3.52
3727,3626,354,4.45
6852,6952,354,2.97
1637,1636,354,28.4
1449,1348,354,7.38
2031,2030,355,20.49
7418,7317,355,19.07
2832,2831,355,11.22
2725,2624,355,21.04
1242,1241,355,9.16
6712,6711,355,36.83
2925,2924,355,8.08
1836,1735,355,20.42
3622,3523,355,5.84
1736,1735,355,33.03
3717,3616,355,14.73
5514,5513,355,24.5
1835,1834,355,32.62
3618,3617,355,7.77
6928,6829,355,2.09
1932,1831,355,21.25
2328,2327,356,37.05
2229,2228,356,38.85
7217,7216,356,25.7
1931,1930,356,30.99
6811,6810,356,40.11
2230,2129,356,21
7014,7113,356,12.72
5766,5765,356,8.25
6415,6414,356,9.63
5715,5614,356,7.86
1559,1458,356,9.14
2829,2728,356,20.8
7257,7256,356,22.86
1442,1441,356,9.18
1663,1562,356,5.3
2531,2530,356,6.91
5078,5179,356,1.04
3519,3518,356,8.28
7011,7010,357,39.63
6910,6909,357,27.17
7417,7416,357,22.71
7418,7517,357,14.62
3225,3224,357,9.12
2825,2824,357,8.43
5564,5563,357,7.87
4115,4114,357,8.21
4717,4716,357,7.12
3025,3024,357,8.09
6613,6512,357,21.21
1669,1568,357,5.09
5463,5462,357,7.74
1637,1536,357,21.22
6315,6314,357,10.07
1447,1346,357,7.21
1872,1772,357,1.6
1831,1830,358,38.7
6711,6710,358,40.02
1142,1141,358,27.08
1739,1639,358,9.8
7418,7518,358,9.41
2330,2429,358,12.55
1643,1642,358,8.28
1843,1842,358,8.96
7158,7259,358,8.5
6731,6730,358,5.39
3715,3714,358,33.15
1736,1635,358,20.76
1636,1635,358,30.2
1835,1734,358,20.88
1661,1560,358,5.14
5911,5910,359,15.15
2731,2730,359,15.6
1243,1143,359,8.41
5714,5613,359,7.9
2733,2632,359,7.88
5812,5711,359,7.96
5764,5663,359,7.79
5874,5873,359,5.96
2327,2326,359,38.8
7257,7156,359,19.64
1832,1731,359,21.28
5118,5117,359,9.01
4879,4779,359,1.72
6909,6908,360,36.52
1930,1929,360,32.92
7216,7215,360,28.25
2030,2029,360,20.13
7317,7316,360,22.17
6910,6809,360,21.05
7417,7316,360,19.57
7116,7215,360,11.03
5415,5414,360,7.25
5316,5315,360,6.6
6712,6611,360,18.75
6810,6809,360,31.61
4416,4415,360,6.86
3378,3477,360,2.29
1833,1732,360,21.1
2978,3079,360,0.62
1770,1670,360,1.47
1662,1561,360,5.17
3714,3713,361,36
1830,1829,361,62.66
2129,2128,361,24.47
5810,5809,361,19.3
6012,6011,361,14.99
6214,6213,361,12.73
5665,5664,361,13.19
3915,3914,361,13.64
6710,6709,361,36.15
4316,4315,361,17.04
4014,4013,361,13.01
7258,7357,361,17.67
3815,3814,361,13.03
7517,7516,361,30.66
5867,5866,361,12.95
1536,1535,361,31.69
7257,7356,361,18.61
5513,5512,361,25.68
1731,1730,361,64.45
1637,1537,361,6.56
7138,7237,361,3.13
1635,1634,361,38.16
4516,4515,361,17.36
5910,5909,362,43.87
1141,1140,362,27.14
7416,7415,362,23.35
7010,7009,362,22.17
6611,6610,362,59.76
1142,1041,362,14.69
3325,3324,362,10.94
4616,4615,362,16.04
2727,2626,362,7.18
7115,7214,362,17.04
6112,6111,362,14.85
7160,7260,362,9.56
2326,2325,362,51.75
7258,7358,362,11.32
7061,7161,362,10.24
2625,2524,362,12.56
7060,7161,362,5.66
7013,7112,362,16.18
3715,3614,362,12.49
5875,5974,362,6.01
7137,7236,362,3.13
4979,5080,362,0.77
1734,1733,362,29.02
2128,2127,363,50.38
1829,1828,363,59.05
6809,6808,363,35.57
1929,1928,363,38.25
6908,6907,363,46.33
1341,1340,363,10.3
2724,2723,363,13.66
3526,3525,363,10.61
4215,4214,363,8.59
1542,1541,363,9.46
1743,1742,363,10.65
7056,7055,363,9.83
7135,7134,363,4.78
6933,6932,363,5.12
4916,4915,363,13.08
7620,7619,363,4.1
7114,7213,363,18.19
5018,5017,363,12.48
1730,1729,363,71.98
7047,7146,363,3.55
2275,2175,363,1.03
7009,7008,364,54.09
6610,6609,364,53.79
1535,1534,364,35.4
1458,1457,364,14.07
2129,2028,364,15.75
2228,2227,364,21.11
7112,7111,364,56.16
2829,2729,364,5.65
3124,3123,364,11.49
2530,2529,364,19.95
7046,7145,364,3.49
2127,2126,365,74.58
6111,6110,365,44.51
5909,5908,365,33.64
7356,7355,365,25.68
5414,5413,365,20.5
7316,7315,365,23.83
5613,5612,365,18.29
2632,2631,365,21.04
4114,4113,365,12.98
7216,7315,365,18.36
2924,2923,365,13.2
3426,3425,365,10.92
3626,3625,365,10.42
2624,2623,365,12.55
5216,5215,365,6.76
2325,2324,365,44.62
3614,3613,365,34.68
2929,2830,365,4.69
1729,1728,365,72.72
6855,6954,365,6.21
1634,1633,365,27.78
2227,2226,366,87.82
6808,6807,366,46.38
1928,1927,366,38.44
1828,1827,366,45.37
1140,1139,366,27.32
5711,5710,366,15.8
7416,7515,366,18.17
7010,7109,366,17.86
2824,2823,366,13.86
3518,3517,366,13.63
1441,1440,366,11.33
1241,1240,366,10.75
1142,1042,366,7.23
2429,2428,366,16.29
7517,7616,366,18.51
6709,6708,366,23.39
1536,1435,366,14.27
5876,5975,366,6.11
7008,7007,367,35.4
6907,6906,367,27.11
1340,1339,367,32.11
5315,5314,367,14.82
3714,3813,367,17.32
1141,1040,367,15.42
7010,7110,367,11.15
7256,7255,367,10.38
3224,3223,367,12.01
3024,3023,367,12.04
7518,7617,367,18.63
6414,6413,367,9.83
1453,1352,367,4.3
6512,6511,367,11.25
7061,7062,367,5.93
3723,3624,367,3.9
7724,7823,367,5.15
2631,2630,367,77.27
4816,4815,367,7.93
7142,7241,367,3.75
6314,6313,367,11.03
1728,1727,367,58.66
7045,7144,367,3.28
3777,3877,367,1.25
5379,5480,367,1.03
2376,2276,367,1.04
2678,2578,367,1.03
2226,2225,368,80.57
5413,5412,368,37
1534,1533,368,25.06
5809,5808,368,14.79
7215,7314,368,18.58
6110,6109,368,36.19
6011,6010,368,15.18
6609,6608,368,29.07
1642,1641,368,11.05
5512,5511,368,15.05
1639,1538,368,14.13
6861,6862,368,1.52
4716,4715,368,10.06
7138,7238,368,1.56
3777,3677,368,1.02
5117,5116,368,12.34
1352,1351,369,64.06
6708,6707,369,39.5
7109,7108,369,43.49
1440,1439,369,35.06
2028,2027,369,23.47
7357,7456,369,17.96
5866,5865,369,12.9
7356,7455,369,18.58
4013,4012,369,13.3
3616,3615,369,7.66
1452,1351,369,5.53
7518,7618,369,9.85
3914,3913,369,12.87
2630,2629,369,77.21
6213,6212,369,14.17
4175,4075,369,1.14
3613,3612,369,33.24
1973,1873,369,1.08
4615,4614,369,14.42
1633,1632,369,26.14
1240,1239,370,27.5
1927,1926,370,29.12
1435,1434,370,32.56
6807,6806,370,29.72
7355,7354,370,20.12
2126,2125,370,20.43
2529,2528,370,18.51
7358,7457,370,18.57
1140,1239,370,18.69
5909,6008,370,17.96
1827,1826,370,32.58
4415,4414,370,10.74
5910,6009,370,14.57
1740,1640,370,5.68
2225,2224,370,69.22
3813,3812,370,38.51
5974,5973,370,12.84
7156,7155,370,9.92
7258,7359,370,8.13
6363,6463,370,2.78
3713,3712,370,11.56
1451,1350,370,4.94
1727,1726,370,41.81
2779,2679,370,1.05
6364,6463,370,6.31
4778,4678,370,1.03
5808,5807,371,37.59
1339,1338,371,31.33
5710,5709,371,20.81
1457,1456,371,14.53
6907,7006,371,18.68
2723,2722,371,13.68
1040,1039,371,28.18
3324,3323,371,11.79
7061,6962,371,6.46
7061,7162,371,6.89
2428,2427,371,20.6
5869,5968,371,6.34
2625,2525,371,5.41
1536,1436,371,6.79
4915,4914,371,12.73
2629,2628,371,78.64
7146,7245,371,18.62
1344,1245,371,4.05
1732,1631,371,13.49
1449,1349,371,2.16
7044,7143,371,2.95
4515,4514,371,10.11
2125,2124,372,70
6707,6706,372,38.96
2027,2026,372,36.37
7145,7244,372,18.48
6111,6210,372,14.34
7358,7458,372,10.03
7161,7261,372,10.04
7111,7210,372,18.4
4315,4314,372,9.48
6730,6729,372,7.5
1742,1741,372,12.09
2224,2223,372,61.19
6832,6831,372,5.34
2325,2424,372,14.3
2326,2425,372,11.81
1541,1540,372,12.2
7140,7239,372,3.67
3378,3278,372,1.03
2477,2377,372,1.03
5017,5016,372,12.37
7725,7824,372,5.33
5709,5708,373,56.64
2628,2627,373,73.94
1926,1925,373,47.79
3812,3811,373,44.27
1439,1438,373,31.33
5412,5411,373,20.3
5314,5313,373,18.31
6906,6905,373,17.67
5215,5214,373,13.83
4113,4112,373,13.15
7315,7414,373,17.78
5612,5611,373,13.33
7008,7107,373,17.5
3123,3122,373,11.27
2324,2323,373,14.16
2427,2426,373,67.56
6608,6607,373,22.54
1639,1539,373,6.65
2623,2622,373,13.47
3614,3513,373,13.28
1533,1532,373,22.03
3712,3711,373,35.07
1454,1353,373,4.29
2026,2025,374,56.91
1434,1433,374,25.96
7455,7454,374,24
3517,3516,374,13.61
7355,7454,374,17.12
1534,1433,374,15.7
7111,7211,374,10.43
1826,1825,374,32.46
6110,6209,374,17.26
6609,6508,374,15.01
2124,2123,374,64.91
7146,7246,374,9.86
7627,7726,374,3.83
6461,6562,374,1.09
7129,7230,374,0.88
7210,7209,375,39.4
1338,1337,375,32.1
4815,4814,375,13.24
7355,7254,375,15.55
3425,3424,375,10.29
5908,5907,375,10.06
2823,2822,375,12.29
1456,1455,375,25.66
7033,7032,375,4.8
1925,1924,375,80.71
2923,2922,375,10.69
1726,1725,375,22.04
7141,7240,375,3.63
2025,2024,376,67.56
6607,6606,376,42.5
1438,1437,376,34.97
6706,6705,376,31.22
6806,6805,376,16.92
2528,2527,376,17.96
6212,6211,376,14.32
5116,5115,376,12.63
6906,7005,376,15.96
7109,7208,376,14.72
5511,5510,376,13.72
3525,3524,376,7.92
4112,4111,376,47.84
3223,3222,376,11.49
1143,1043,376,5.85
1042,941,376,14.7
3813,3912,376,16.52
6313,6312,376,12.17
3613,3512,376,13.77
4715,4714,376,13.77
6209,6208,377,37.01
7414,7413,377,32.66
7456,7555,377,17.94
7618,7717,377,17.75
7455,7554,377,18.32
1339,1238,377,14.38
3023,3022,377,10.78
3516,3515,377,38.55
1435,1334,377,14
7616,7615,377,9.28
1040,939,377,15.21
1924,1923,377,82.11
7213,7212,377,7.22
6413,6412,377,10.63
7055,7054,377,7.44
6608,6507,377,15.78
1566,1465,377,2.66
6508,6507,377,42.7
6951,7050,377,5.12
1533,1432,377,15.76
7048,7147,377,3.69
7136,7235,377,3.15
7721,7720,377,4.11
2024,2023,378,72.19
2527,2526,378,66.05
4111,4110,378,52.82
5313,5312,378,23.16
7457,7556,378,18.19
4414,4413,378,13.85
7108,7207,378,17.48
4614,4613,378,11.97
6109,6108,378,10.12
1139,1138,378,8.59
4214,4213,378,6.68
6609,6509,378,7.61
6951,7051,378,3.7
5867,5966,378,6.38
5877,5976,378,5.6
5678,5679,378,0.99
6606,6605,379,45.24
4514,4513,379,13.37
5968,5967,379,14.05
6511,6510,379,8.93
5870,5969,379,6.22
3614,3514,379,5.93
1726,1625,379,15.76
3612,3611,379,10.68
7413,7412,380,36.38
7454,7453,380,16.72
5708,5707,380,15.17
5611,5610,380,14.62
5214,5213,380,15.78
1631,1630,380,12.19
2722,2721,380,11.63
7457,7557,380,10.76
3812,3911,380,14.43
1434,1333,380,15.6
5808,5707,380,12.23
3323,3322,380,11.6
3811,3810,380,16.63
1040,940,380,7.91
2123,2122,380,17.91
3512,3511,380,29.65
1042,942,380,7.24
1243,1144,380,3.99
5871,5970,380,5.9
5411,5410,380,14.89
4914,4913,380,12.3
1726,1626,380,10.03
6852,6953,380,2.51
6861,6762,380,1.67
1350,1250,380,10.74
1350,1249,380,15.51
7006,7106,380,12.16
7006,7105,380,16.24
1632,1531,380,14.04
1238,1237,381,28.93
7615,7614,381,26.66
7414,7513,381,18.17
7210,7309,381,16.21
939,938,381,28.3
7314,7313,381,7.8
6008,6007,381,10
5973,5972,381,9.86
2622,2621,381,13.47
6705,6704,381,20.8
7723,7822,381,3.06
5016,5015,381,12.43
5312,5311,382,31.62
7005,7004,382,18.44
1436,1335,382,13.7
5807,5806,382,9.56
1435,1335,382,6.52
1565,1464,382,2.65
7049,7148,382,4.18
3711,3710,382,11.37
6605,6604,382,39.45
6805,6804,382,17.2
5678,5779,382,1.19
6364,6464,382,2.77
7244,7243,382,10.57
3611,3610,383,29.55
5510,5509,383,15.34
7209,7308,383,18.44
6209,6308,383,17.01
1825,1824,383,12.21
3122,3121,383,10.18
3513,3412,383,15.03
1625,1624,383,29.69
7359,7459,383,8
1039,1038,383,8.46
6932,6931,383,5.15
6952,7052,383,3.65
1564,1463,383,2.66
4012,4011,383,7.24
6507,6506,383,18.94
7313,7312,384,41.06
1333,1332,384,29.78
6007,6006,384,40.54
2023,2022,384,17.34
7454,7353,384,14.64
7454,7553,384,15.42
7155,7154,384,7.62
7618,7718,384,7.1
1923,1922,384,15.81
4112,4211,384,13.13
7161,7262,384,6.69
1348,1247,384,4.07
3511,3510,384,30.86
4814,4813,384,12.13
6312,6311,384,12.7
1824,1823,385,87.28
1237,1236,385,25.97
1249,1248,385,21.18
5213,5212,385,21.15
7615,7714,385,18.66
7555,7654,385,18.68
4714,4713,385,11.5
7005,7104,385,16.35
5907,5906,385,10.04
3424,3423,385,11.05
2223,2222,385,7.99
938,937,385,32.1
7134,7133,385,4.74
6512,6411,385,4.89
3810,3809,385,20.93
5974,6073,385,6.38
7515,7514,385,5.34
7034,7133,385,3.2
7146,7247,385,6.51
3378,3478,385,1.25
7722,7821,385,3.02
7328,7329,385,0.85
7428,7529,385,0.99
6006,6005,386,57.88
3412,3411,386,34.34
6506,6505,386,34.46
7453,7452,386,17.66
4413,4412,386,12.95
7413,7512,386,17.21
7005,6904,386,15.19
2922,2921,386,9.58
6211,6310,386,14.6
3516,3415,386,11.88
6604,6603,386,28.37
2822,2821,386,9.43
3512,3411,386,14.86
1560,1459,386,4.77
3522,3421,386,2.08
7513,7512,386,20.71
6805,6904,386,15.69
3610,3609,387,30.37
5311,5310,387,20.52
5610,5609,387,15.45
1531,1530,387,15.48
7556,7656,387,12.18
7556,7655,387,16.19
3022,3021,387,10.9
1334,1233,387,14.81
7212,7311,387,15.41
1238,1137,387,15.04
1437,1336,387,13.79
1337,1336,387,8.4
1038,1037,387,29.84
4314,4313,387,6.87
3513,3413,387,7.65
1436,1336,387,6.27
4211,4210,387,48.28
1625,1724,387,18.61
939,838,387,15.18
2122,2121,387,16.03
5966,5965,387,11.26
6507,6407,387,11.06
6507,6406,387,15.31
1350,1251,387,8.38
7725,7825,387,2.25
6704,6703,387,18.34
5212,5211,388,41.38
6804,6803,388,17.67
1630,1629,388,13.19
4513,4512,388,12.26
4110,4109,388,10.4
4613,4612,388,10.03
7615,7715,388,9.68
7004,7003,388,18.55
4113,4212,388,6.39
5410,5409,388,13.43
6411,6410,388,42.31
3510,3509,388,31.48
5972,5971,388,15.37
1728,1627,388,6.25
1236,1235,389,27.88
3411,3410,389,36.92
1250,1149,389,15.76
7453,7552,389,15.95
5707,5706,389,11.58
6962,6963,389,5.83
4913,4912,389,12.09
1625,1524,389,14.85
6208,6207,389,8.95
3809,3808,389,27.2
6505,6504,389,46.52
1629,1628,390,74.28
7353,7352,390,16.69
5509,5508,390,15.43
2621,2620,390,11.8
1250,1150,390,10.01
1333,1232,390,14.82
1626,1525,390,15.27
7453,7352,390,14.96
940,839,390,15.45
6007,6106,390,15.8
5015,5014,390,12.27
6209,6309,390,6.37
7210,7310,390,5.75
7457,7558,390,7.44
939,839,390,7.86
7617,7716,390,6.29
5975,6074,390,5.97
3521,3420,390,1.76
7513,7613,390,11.56
7513,7612,390,17.36
2524,2523,390,3.63
6207,6206,391,65.07
1137,1136,391,30.95
3610,3709,391,18.54
4011,4010,391,13.51
3710,3709,391,12.15
6804,6903,391,15.96
1237,1136,391,15.6
3322,3321,391,9.85
942,841,391,13.6
838,837,391,32.45
1334,1234,391,7.36
6831,6830,391,5.5
7004,7103,391,16.41
2721,2720,391,9.94
6410,6409,391,48.89
7207,7206,391,7.75
6603,6602,391,24
3410,3409,392,35.52
6504,6503,392,44.38
5211,5210,392,32.35
5609,5608,392,20.39
7452,7451,392,17.67
6073,6072,392,14.46
2222,2221,392,15.12
7312,7411,392,18.54
6308,6307,392,12.17
1524,1523,392,44.85
3222,3221,392,6.41
6962,7063,392,6.79
6604,6503,392,15.17
6406,6405,392,23.68
2323,2322,392,5.43
7135,7234,392,3.16
3808,3807,392,33.82
7620,7719,392,3
5806,5805,392,10.32
6703,6702,392,22.07
3709,3708,393,50.43
1149,1148,393,27.31
6803,6802,393,22.31
1530,1529,393,19.96
6005,6004,393,14.97
7353,7253,393,11.72
1247,1246,393,11.96
1626,1526,393,8
940,840,393,8.32
7556,7657,393,9.59
5115,5114,393,5.95
6008,6107,393,6.24
4813,4812,393,11.61
1567,1466,393,2.7
6409,6408,393,57.18
1563,1462,393,2.67
7003,7002,393,20.98
3609,3608,394,15.56
1523,1522,394,75.1
4412,4411,394,13.04
7353,7252,394,14.63
3121,3120,394,9.31
3412,3311,394,13.39
3911,3910,394,7.56
3423,3422,394,11.49
6962,6863,394,6.36
5968,6067,394,6.38
1043,943,394,5.75
5508,5507,395,20.17
4109,4108,395,16.12
2121,2120,395,13.6
7655,7754,395,18.69
5310,5309,395,13.72
1136,1135,395,32.05
7452,7551,395,15.95
4713,4712,395,10.17
837,836,395,32.1
1236,1135,395,15.28
5409,5408,395,14.85
4211,4310,395,12.98
3516,3416,395,4.97
7359,7360,395,4.16
1724,1723,395,13.61
3509,3508,395,15.92
3409,3408,395,48.99
7054,7053,395,5.62
6603,6502,395,15.78
3608,3607,396,74.36
6405,6404,396,28.82
6903,6902,396,21.69
4512,4511,396,12.54
6803,6902,396,17.9
3807,3806,396,29.48
7656,7756,396,11.68
7656,7755,396,17.19
7452,7351,396,14.96
7459,7559,396,8.25
7032,7031,396,4.84
2424,2423,396,4.32
6406,6305,396,15.79
1143,1044,396,3.87
937,936,396,9.21
6602,6601,396,23.83
3508,3507,397,76.89
3311,3310,397,40.53
1148,1147,397,28.32
5210,5209,397,20.81
7451,7450,397,20.01
2921,2920,397,9.71
1137,1036,397,14.5
942,842,397,6.19
1823,1822,397,8.57
1723,1722,397,79.89
7103,7102,397,19.94
4912,4911,397,13.62
3708,3707,397,29.84
3408,3407,397,79.27
7308,7307,397,7.54
4276,4176,397,1.18
7003,7102,397,17.46
6702,6701,397,20.8
1233,1132,397,15.54
3607,3606,398,81.89
6404,6403,398,51.58
5608,5607,398,18.43
3021,3020,398,9.79
2821,2820,398,8.58
6106,6105,398,13.46
3413,3312,398,14.1
838,737,398,14.03
6406,6306,398,9.45
3420,3419,398,12.59
1771,1671,398,1.3
7002,7001,398,23.55
3507,3506,399,84.17
3407,3406,399,84.08
3707,3706,399,79.45
6206,6205,399,13.46
5014,5013,399,12.5
1235,1134,399,15.13
4612,4611,399,9.82
2523,2522,399,12.06
5706,5705,399,10.39
1524,1623,399,14.21
1250,1151,399,7.5
1353,1252,399,5.61
7359,7460,399,4.95
1522,1521,399,22.59
6802,6801,399,19.95
1624,1623,399,6.66
1135,1134,399,30.66
3976,4076,399,1.37
7142,7242,399,1.24
1233,1133,399,8.52
6502,6501,399,25.06
3606,3605,400,66.23
3310,3309,400,41.15
6305,6304,400,27.84
4108,4107,400,23.37
936,935,400,31.95
2322,2321,400,13.61
1525,1425,400,10.39
1525,1424,400,15.67
3410,3309,400,12.98
5906,5905,400,7.09
2022,2021,400,6.31
839,738,400,15.06
3513,3414,400,5.27
7103,7203,400,11.77
7103,7202,400,17.05
7241,7340,400,4.31
2221,2220,400,13.38
7033,7132,400,3.16
6004,6003,400,15.02
3406,3405,401,64.62
3506,3505,401,66.17
3706,3705,401,64.88
6403,6402,401,43.91
1132,1131,401,30.85
5507,5506,401,19.49
5408,5407,401,19.1
1529,1528,401,12.52
5114,5113,401,13.53
7451,7550,401,17.08
3321,3320,401,11.12
7719,7818,401,17.36
1150,1049,401,14.09
4210,4209,401,7.49
1136,1035,401,14.16
6072,6071,401,11.23
2620,2619,401,9.33
3806,3805,401,21.18
6902,6901,401,21.93
5966,6065,401,6.34
6661,6662,401,1.27
7528,7628,401,1.08
7002,7101,401,18.22
3309,3308,402,58.26
4107,4106,402,89.1
7351,7350,402,18.96
4411,4410,402,13.42
3221,3220,402,10.28
7451,7350,402,15.53
837,736,402,14.14
6931,6930,402,5.31
5969,6068,402,6.2
7717,7816,402,5.75
7050,7149,402,5.72
737,736,402,30.28
4812,4811,402,11.75
7512,7511,402,6.28
6264,6265,402,1.48
1432,1431,402,4.16
7721,7820,402,3
1528,1527,403,92.94
6304,6303,403,35.4
4911,4910,403,17.69
1722,1721,403,16.9
3505,3504,403,52.21
3120,3119,403,12.05
1462,1461,403,10.18
1424,1423,403,37.98
3605,3604,403,49.57
6067,6066,403,11.18
3413,3313,403,6.62
840,739,403,15.58
3405,3404,403,52.09
7207,7306,403,5.84
935,934,404,32.52
7755,7854,404,18.66
4511,4510,404,12.98
2120,2119,404,12.01
4010,4009,404,8.19
7206,7205,404,7.77
4106,4105,404,75.82
7656,7757,404,8.66
7559,7658,404,18.66
3308,3307,404,82.71
3805,3804,404,44.28
7051,7150,404,5.61
5976,6075,404,5.66
5309,5308,404,12.08
5970,6069,404,5.98
3810,3909,404,6.13
5379,5380,404,0.85
6303,6302,405,54.12
7820,7819,405,37.14
1049,1048,405,32.61
1132,1231,405,18.48
1822,1821,405,13.68
5209,5208,405,12.95
1147,1146,405,12.8
4712,4711,405,10.34
7063,7163,405,8.27
4313,4312,405,5.85
7714,7713,405,5.24
7105,7204,405,5.68
6464,6563,405,6.29
5607,5606,405,15.17
840,740,405,8.61
1458,1357,405,2.7
6863,6763,405,9.72
1568,1467,405,2.8
6402,6401,405,26.25
1135,1034,405,14.58
1035,1034,405,32.42
1454,1354,405,1.69
6502,6401,405,15.7
3307,3306,406,81.61
6105,6104,406,13.33
4105,4104,406,57.25
7351,7251,406,11.05
7351,7250,406,15.32
6305,6204,406,15.28
7252,7251,406,8.43
936,835,406,14.19
5805,5804,406,7.33
3419,3418,406,13.24
1150,1050,406,6.61
7309,7408,406,5.69
6164,6165,406,1.44
7054,7153,406,5
7102,7201,406,17.56
7350,7349,407,20.22
5113,5112,407,16.98
5407,5406,407,18.09
2522,2521,407,13.42
1132,1031,407,14.52
7755,7855,407,9.71
3311,3210,407,11.17
7411,7410,407,7.09
7559,7659,407,9.68
5013,5012,407,13.89
7718,7817,407,6.3
5779,5878,407,5.66
7051,7151,407,3.46
7717,7817,407,3.37
7240,7339,407,4.56
3804,3803,407,34.21
7237,7336,407,3.12
7236,7335,407,3.16
1357,1356,407,74.22
2720,2719,407,6.66
7627,7727,407,1.28
5506,5505,407,16.68
3306,3305,408,58.92
6302,6301,408,35.48
1034,1033,408,34.42
934,933,408,33.08
4910,4909,408,23.4
2321,2320,408,13.38
2021,2020,408,13.83
4611,4610,408,11.85
3020,3019,408,10.47
1525,1426,408,7.94
6073,6172,408,6.37
1922,1921,408,4.32
1332,1331,408,4.29
7134,7233,408,3.15
1456,1355,408,3.9
737,636,408,14.69
7308,7407,408,5.77
7244,7343,408,4.02
3210,3209,409,56.68
1048,1047,409,28.56
2220,2219,409,12.25
1133,1032,409,15.24
2920,2919,409,8.44
5705,5704,409,10.97
6963,6964,409,5.17
1623,1622,409,10.52
3320,3319,409,12.63
1431,1430,409,16
1031,1030,410,48.73
3803,3802,410,34.23
835,834,410,27.53
1721,1720,410,14.71
4811,4810,410,13.33
3604,3603,410,14.99
4410,4409,410,13.54
5308,5307,410,17.75
738,637,410,15.39
4211,4311,410,3.98
3220,3219,410,12.65
3809,3908,410,5.88
6863,6864,410,6.63
5905,5904,410,10.93
7129,7130,410,0.74
7350,7449,411,17.16
7820,7919,411,16.97
6304,6203,411,13.02
4310,4309,411,6.64
1423,1422,411,12.65
7612,7611,411,4.84
3805,3904,411,14.42
7459,7560,411,5.15
3119,3118,411,13.43
7309,7409,411,3.41
6364,6365,411,1.45
6172,6171,412,27.5
5112,5111,412,22.46
7349,7348,412,20.51
5208,5207,412,16.45
1461,1460,412,11.19
739,638,412,15.79
7350,7249,412,15.56
6071,6070,412,9.38
4510,4509,412,13.89
1424,1323,412,12.09
3605,3704,412,12.53
1425,1324,412,12.27
7714,7814,412,3.8
3804,3903,412,17.82
2074,1974,412,1.03
1030,1029,412,86
1430,1429,413,26.24
3603,3602,413,37.85
7819,7918,413,18.24
1821,1820,413,13.64
4104,4103,413,14.95
4209,4208,413,8.41
1146,1145,413,13.33
842,741,413,9.35
6074,6173,413,6.3
6963,7064,413,6.08
2119,2118,413,11.54
5012,5011,413,17.67
3802,3801,413,37.28
6003,6002,413,8.13
5406,5405,413,16.94
1323,1322,414,61.45
6203,6202,414,45.23
4909,4908,414,17.19
4009,4008,414,10.71
739,639,414,9.68
7715,7815,414,3.87
7654,7653,414,3.54
7825,7924,414,5.29
4711,4710,414,11.26
1043,944,414,3.8
7238,7337,414,3.11
5606,5605,414,12.21
6863,6764,414,7.19
1670,1569,414,2.63
3808,3907,414,5.68
1669,1569,414,1.05
5877,5977,414,1.55
7823,7922,414,3.04
7659,7758,415,18.04
5505,5504,415,13.79
3803,3902,415,17.81
7855,7954,415,18.18
2521,2520,415,13.17
934,833,415,13.82
736,735,415,8.08
1131,1130,415,7.48
3903,3902,415,42.08
7714,7813,415,4.8
942,843,415,4.13
2820,2819,415,6.08
3804,3703,415,13.44
2720,2819,415,6.08
5579,5580,415,1.16
5079,5180,415,0.71
4979,4980,415,0.64
7449,7448,416,21.44
4810,4809,416,16.78
3209,3208,416,14.7
1047,1046,416,14.94
4610,4609,416,13.77
1921,1920,416,13.4
7349,7448,416,17.28
835,734,416,15.35
6204,6103,416,15.51
6302,6201,416,12.99
3504,3503,416,8.09
3019,3018,416,12.62
5307,5306,416,18.6
5804,5803,416,10.08
1422,1421,416,23.73
7031,7030,416,5.11
3311,3211,416,4.55
7206,7305,416,5.84
1521,1520,416,6.04
5207,5206,417,20.63
2320,2319,417,12.5
2020,2019,417,12.3
7659,7759,417,10.95
7855,7955,417,10.77
7349,7248,417,15.61
5111,5110,417,23.7
7201,7301,417,9.94
3404,3403,417,7.18
7613,7712,417,5.32
7612,7712,417,3.84
3807,3906,417,5.8
6067,6166,417,6.34
2323,2422,417,3.27
1231,1230,417,8.35
7245,7344,417,3.12
1331,1330,417,11.77
4879,4880,417,0.82
5904,5903,418,14.15
1720,1719,418,13.84
3803,3702,418,13.43
7820,7920,418,6.33
2619,2618,418,6.19
4105,4204,418,10.17
3208,3207,418,80.06
6171,6170,418,19.66
7411,7510,418,5.63
4908,4907,418,28.99
5011,5010,418,23.41
3313,3212,418,10
2919,2918,418,11.54
3478,3577,418,4.29
3703,3702,418,37.86
6464,6564,418,2.81
3902,3901,418,44.04
7239,7338,418,3.09
7824,7923,418,3.09
3516,3417,418,3.25
3219,3218,418,13.64
6002,6001,419,17.82
1322,1321,419,23.35
2219,2218,419,10.96
933,932,419,9.85
4008,4007,419,23.26
2719,2718,419,8.46
740,640,419,7.29
7755,7856,419,6.38
7559,7660,419,6.35
3413,3314,419,4.46
1622,1621,419,10.06
7032,7131,419,3.25
7726,7826,419,2.25
1130,1129,419,26.15
3207,3206,420,65.83
5405,5404,420,15.27
1029,1028,420,13.82
5110,5109,420,35.43
7449,7549,420,11.36
7449,7548,420,17.62
3305,3304,420,8.63
3904,4003,420,16.99
4509,4508,420,13.72
7063,7164,420,5.16
1425,1325,420,5.22
3405,3304,420,7.66
3806,3905,420,6.12
7246,7345,420,3.09
637,536,420,14.97
4809,4808,421,20.97
7448,7447,421,23.82
4208,4207,421,14.71
638,537,421,18.16
1032,931,421,17.52
4103,4102,421,16.32
4204,4203,421,43.57
1820,1819,421,13.12
1230,1229,421,23.39
3602,3601,422,11.81
6002,5902,422,11.55
6002,6102,422,10.46
6002,6101,422,15.64
636,635,422,7.34
3603,3502,422,15.76
1050,949,422,13.89
5704,5703,422,8.79
1324,1223,422,18.64
4907,4906,422,27.98
7612,7711,422,4.9
1150,1051,422,5.56
6103,6102,422,20.16
7235,7334,422,2.67
4710,4709,422,13.98
2620,2519,422,6.3
3802,3701,422,15.91
7307,7406,422,5
4003,4002,423,48.67
3206,3205,423,49.57
5504,5503,423,14.67
6002,5901,423,17.37
638,538,423,10.79
3319,3318,423,8.4
1031,930,423,13.86
639,538,423,18.53
5605,5604,423,12.39
7754,7753,423,4.06
3903,4002,423,9.77
6764,6663,423,18.46
5306,5305,423,15.72
2118,2117,423,10.55
4808,4807,424,47.06
4203,4202,424,42.83
5010,5009,424,17.16
5803,5802,424,14.75
833,832,424,11.24
735,634,424,18.39
4409,4408,424,8.32
1046,1045,424,13.83
4609,4608,424,14.18
1421,1420,424,13.68
4105,4004,424,9.58
4007,4006,424,23.52
1353,1253,424,2.26
3118,3117,424,8.74
5206,5205,425,14.68
7448,7347,425,18.28
7448,7547,425,15.78
1920,1919,425,12.26
1321,1320,425,16.81
5109,5108,425,23.31
4906,4905,425,34.15
2422,2421,425,12.62
639,539,425,10.14
842,742,425,4.3
2819,2818,425,10.7
6764,6664,425,10.32
1330,1329,425,13.92
4807,4806,426,51.56
949,948,426,33.08
3318,3317,426,42.91
1223,1222,426,25.61
4002,4001,426,48.52
536,535,426,19.7
3210,3109,426,9.66
7855,7956,426,8.21
6068,6167,426,4.58
1520,1519,426,9.98
1324,1224,426,8.74
6170,6169,426,13.35
7053,7152,426,4.91
7955,8055,426,11.13
7955,8054,426,15.25
2918,2917,426,13.66
1719,1718,426,12.89
2019,2018,426,11.38
5009,5008,427,42.77
4207,4206,427,18.92
5404,5403,427,16.01
4202,4201,427,42.94
1429,1428,427,6.87
4309,4308,427,7.13
7611,7610,427,7.33
7659,7760,427,6.28
2619,2518,427,5.9
7203,7302,427,4.95
4106,4205,427,3.86
1129,1128,427,13.92
3109,3108,428,66.21
832,831,428,25.81
2718,2717,428,11.66
932,831,428,18.27
7920,8019,428,14.33
2618,2617,428,10.62
2319,2318,428,9.12
7301,7401,428,9.35
4102,4101,428,16.27
7918,7917,428,7.52
7818,7917,428,5.01
4508,4507,428,14.14
3313,3213,428,4.21
7262,7361,428,1.94
1465,1364,428,3.8
7343,7342,428,5.54
4806,4805,428,85.68
6364,6465,428,1.46
3317,3316,429,40.5
5503,5502,429,16.76
931,830,429,18.51
1229,1228,429,12.83
7549,7648,429,15.76
1428,1427,429,93.21
734,733,429,7.87
7813,7812,429,7.91
536,436,429,11.83
536,435,429,16.95
3211,3110,429,12.66
7233,7232,429,4.93
4709,4708,429,15.66
3018,3017,429,8.63
537,436,429,18.68
948,947,430,26.89
4905,4904,430,22.62
5305,5304,430,14.67
1223,1122,430,18.57
5108,5107,430,21.74
5604,5603,430,14.32
3108,3107,430,57.34
5008,5007,430,37.93
7205,7304,430,5
7203,7303,430,3.05
4006,4005,430,19.97
3218,3217,430,8.89
7305,7304,430,7.53
1819,1818,430,11.61
7306,7405,430,4.98
7822,7921,430,2.57
538,437,431,17.81
7549,7649,431,9.25
5703,5702,431,11.91
5802,5801,431,15.02
4608,4607,431,14.95
7854,7853,431,3.97
7816,7915,431,4.98
4204,4303,431,10.12
6764,6765,431,6
1772,1672,431,1.48
5502,5501,432,48.15
1320,1319,432,14.54
832,731,432,18.59
538,438,432,11.19
3502,3501,432,11.09
3206,3105,432,12.53
4805,4804,432,29.09
7510,7509,432,7.45
1223,1123,432,10.04
7816,7916,432,2.96
1463,1362,432,3.8
3316,3315,432,38.17
1464,1363,432,3.73
1355,1254,432,7.46
3217,3216,433,41.41
2818,2817,433,12.88
7920,8020,433,6.84
5007,5006,433,34.53
2421,2420,433,13.52
6864,6865,433,4.22
1050,950,433,4.4
740,641,433,5.41
3107,3106,433,46.7
1459,1358,433,4.03
7247,7346,433,2.58
7955,8056,433,8.92
1357,1256,433,6.45
2779,2880,433,0.67
733,732,434,23.84
5403,5402,434,15.8
5205,5204,434,12.12
7064,7065,434,4.76
1919,1918,434,11.2
7553,7652,434,2.57
7408,7507,434,4.99
1356,1255,434,6.45
3105,3104,435,47.12
4607,4606,435,32.23
1122,1121,435,23.44
2018,2017,435,11.54
1519,1518,435,12.12
5107,5106,435,24.49
3205,3204,435,8.97
4507,4506,435,16.39
7711,7710,435,7.7
4203,4302,435,10.37
3304,3303,435,6.75
1047,946,435,6.39
6964,6965,435,3.74
930,929,435,8.63
4708,4707,435,18.97
6764,6665,435,6.97
3777,3878,435,0.65
5379,5280,435,1.01
2717,2716,436,13.21
7760,7859,436,15.77
3117,3116,436,8.7
634,633,436,8.39
7660,7661,436,6.07
8055,8155,436,10.38
8055,8154,436,15.67
5603,5602,436,18.25
1718,1717,436,10.76
639,540,436,6.79
3403,3402,436,5.5
2218,2217,436,6.09
7407,7506,436,4.94
3216,3215,436,40.19
5304,5303,437,16.49
733,632,437,18.28
2617,2616,437,12.26
2518,2517,437,10.18
1222,1221,437,9.55
4408,4407,437,8.23
436,335,437,18.15
1420,1419,437,7.94
1252,1152,437,2.84
5579,5680,437,1.18
4606,4605,438,42.61
4506,4505,438,33.56
1121,1120,438,41.46
4904,4903,438,13.76
1122,1021,438,18.19
7760,7860,438,9.27
5006,5005,438,23.31
7301,7402,438,6.81
4202,4301,438,10.34
5702,5701,438,15.12
4707,4706,438,46.79
7242,7341,438,2.68
1466,1365,438,4.04
7408,7508,438,2.95
2917,2916,438,8.84
4577,4477,438,1.25
4804,4803,439,15.89
1319,1318,439,15
1228,1227,439,10.45
4308,4307,439,8.6
437,336,439,17.69
436,336,439,10.81
2117,2116,439,6.41
535,534,439,7.78
4407,4406,439,53.55
7064,7165,439,5.23
7919,8018,439,5
1324,1225,439,5.53
1462,1361,439,3.86
7552,7651,439,2.57
3777,3778,439,0.58
3215,3214,439,44.14
4605,4604,440,78.02
1818,1817,440,10.39
1122,1022,440,10.75
5502,5401,440,13.02
2318,2317,440,8.94
437,337,440,11.3
7610,7609,440,7.71
7660,7561,440,7.04
1028,1027,440,5.23
7814,7913,440,4.99
6172,6271,440,3.73
438,337,440,18.49
1425,1326,440,3.67
7447,7446,440,5.39
1227,1226,441,93.58
929,928,441,19.99
5204,5203,441,14.62
4406,4405,441,68.46
632,631,441,27.69
538,439,441,7.97
3017,3016,441,8.91
7660,7761,441,6.61
5206,5105,441,6.37
3212,3111,441,6.3
3213,3112,441,11.68
1621,1620,441,4.6
3107,3006,441,13.54
4706,4705,441,45.6
7234,7333,441,2.58
7825,7925,441,1.31
2817,2816,441,14.17
4903,4902,442,31.98
4505,4504,442,31.35
335,334,442,20.68
4604,4603,442,63.18
731,730,442,10.75
946,945,442,15.16
2420,2419,442,11.38
7549,7650,442,6.71
3108,3007,442,10.15
7918,8017,442,4.98
7954,7953,442,3.87
6074,6174,442,1.66
1329,1328,442,6.02
3216,3115,442,15.93
2779,2780,442,0.6
5303,5302,443,16.93
1918,1917,443,11.49
3105,3004,443,13.39
7812,7811,443,7.54
1518,1517,443,12.71
7753,7752,443,5.16
7813,7912,443,5
1467,1366,443,4.39
4204,4304,443,3.98
6171,6270,443,4.07
1671,1570,443,3.76
1328,1327,444,82.21
5203,5202,444,47.03
3106,3005,444,13.46
435,434,444,7.04
633,532,444,18.5
534,533,444,22.34
3109,3008,444,8.09
1223,1124,444,6.68
8055,8156,444,7.92
7815,7914,444,4.9
7405,7404,444,7.64
3079,3179,444,1.04
7305,7404,444,4.98
4603,4602,444,53.03
7547,7546,444,5.41
3115,3114,445,46.12
4902,4901,445,36.57
4405,4404,445,25.82
2616,2615,445,13.6
5005,5004,445,14.38
1121,1020,445,15.46
632,531,445,18.7
8155,8254,445,15.79
5602,5601,445,12.03
6169,6168,445,5.36
1461,1360,445,3.93
438,338,445,8.26
943,844,445,2.92
1873,1773,445,1.48
4879,4780,445,0.94
5302,5301,446,46.75
1318,1317,446,15.09
4903,4802,446,18.31
2517,2516,446,11.13
1221,1220,446,12.02
3104,3103,446,9.93
3204,3203,446,9.96
2017,2016,446,9.85
335,235,446,11.57
335,234,446,17.35
6173,6272,446,3.89
830,829,446,5.95
631,630,446,23.27
5202,5201,447,45.83
6270,6269,447,27.99
4404,4403,447,53.17
4504,4503,447,22.11
334,333,447,21.33
928,927,447,18.79
3114,3113,447,52.81
8155,8255,447,9.83
534,433,447,17.91
949,848,447,5.7
2519,2418,447,5.88
1419,1418,447,10.37
1717,1716,447,9.6
4705,4704,447,19.84
2217,2216,447,9.6
4307,4306,448,12.09
4903,5002,448,14.18
7710,7709,448,7.87
3303,3302,448,7.73
5205,5104,448,6.37
337,236,448,18.53
1569,1468,448,4.48
3402,3401,448,8.75
843,743,448,3.18
5976,6076,448,1.26
3877,3977,448,1.08
1568,1468,448,1.25
7648,7647,448,5.3
2716,2715,448,8.63
6269,6268,449,51.92
7912,7911,449,18.49
2116,2115,449,10.32
4802,4801,449,33.38
7760,7861,449,6.73
1620,1619,449,12.59
7920,8021,449,4.63
7232,7231,449,5.23
631,530,449,18.16
2679,2579,449,1.39
4704,4703,449,62.77
1128,1127,449,4.63
2879,2980,449,0.65
4306,4305,450,66.98
234,233,450,27.02
7561,7461,450,10.43
1817,1816,450,10.86
1123,1023,450,5.88
4403,4402,450,47.52
1122,1023,450,7.44
337,237,450,10.14
2317,2316,450,10.16
4779,4679,450,1.26
2916,2915,450,8.54
5002,5001,451,41.66
829,828,451,20.69
433,432,451,26.59
948,847,451,5.89
7711,7810,451,4.99
848,847,451,28.93
7340,7439,451,2.58
1460,1359,451,3.98
1027,1026,451,9.67
7406,7505,451,4.93
7506,7505,451,7.13
4602,4601,451,15.03
1020,1019,452,16.11
1917,1916,452,11.51
3004,3003,452,11.55
7912,8012,452,11.19
5203,5102,452,13.42
7853,7852,452,4.99
3111,3010,452,13.45
1517,1516,452,11.63
5779,5879,452,1.26
2615,2614,452,14.77
7912,8011,453,15.2
3115,3014,453,13.75
4903,5003,453,6.7
7661,7662,453,6.16
1255,1154,453,7.69
4503,4502,453,18.7
7609,7608,453,7.77
947,846,453,6.32
3016,3015,453,8.39
1256,1155,453,7.22
4301,4401,453,6.7
2175,2075,453,1.26
2816,2815,453,8.9
2614,2613,454,52.47
1127,1126,454,21.94
2516,2515,454,12.7
234,133,454,18.68
1317,1316,454,13.59
235,134,454,18.57
4802,4701,454,18.02
3112,3011,454,11.45
8054,8053,454,3.7
3010,3009,454,79.99
4376,4377,454,0.72
630,629,454,12.99
5102,5101,455,43.94
1220,1219,455,11.52
333,332,455,12.62
5202,5101,455,13.86
433,332,455,18.66
8017,8016,455,8.04
7859,7858,455,5.42
7911,7910,455,19.59
4502,4501,455,50.73
1126,1125,456,93.63
1026,1025,456,23.75
828,827,456,22.26
4703,4702,456,16.66
8255,8354,456,15.77
235,135,456,10.04
236,135,456,17.81
7661,7562,456,7.13
8056,8057,456,4.45
950,849,456,6.15
8155,8256,456,7.3
1418,1417,456,12
1254,1153,456,5.99
7065,7066,456,4.75
2276,2176,456,1.27
2613,2612,457,49.86
1619,1618,457,13.38
133,132,457,36.51
2216,2215,457,10.84
2016,2015,457,9.5
5104,5103,457,11.86
7404,7403,457,8.08
236,136,457,11.19
5204,5103,457,6.37
6166,6266,457,2.53
8019,8118,457,4.98
2578,2478,457,1.25
1019,1018,458,17.79
8255,8355,458,9.3
2418,2417,458,9.89
1716,1715,458,9.98
7333,7332,458,6.13
7761,7762,458,6.19
7661,7762,458,6.7
3114,3013,458,11.47
2318,2417,458,4.81
2115,2114,459,10.98
3302,3301,459,9.31
3103,3102,459,8.33
3203,3202,459,7.91
7912,8013,459,9.02
846,845,459,17.59
7911,8010,459,15.45
7405,7504,459,4.99
7336,7435,459,2.58
7335,7434,459,2.58
2316,2315,459,11.37
7446,7445,459,5.43
2715,2714,459,9.55
629,628,460,19.88
432,431,460,12.29
1816,1815,460,10.22
8021,8120,460,13.83
7561,7462,460,7.08
8056,7957,460,5.27
7915,8014,460,4.94
7439,7438,460,11.14
7339,7438,460,2.58
3007,2906,460,8.24
438,339,460,5.15
7065,6966,460,5.62
4276,4277,460,0.77
4678,4578,460,1.25
2714,2713,461,51.07
8354,8353,461,21.57
7916,8015,461,4.93
7910,7909,461,19.97
337,238,461,6.79
7343,7442,461,2.58
134,33,462,18.61
1516,1515,462,10.38
2915,2914,462,8.84
7709,7708,462,7.61
7752,7751,462,5.28
7761,7862,462,6.74
8020,8119,462,5.02
8056,8157,462,4.91
3113,3012,462,9.57
2515,2514,462,14.22
8019,8119,462,2.99
7065,7166,462,5.23
2377,2277,462,1.25
133,32,463,17.17
332,331,463,12.93
1316,1315,463,11.81
7507,7606,463,4.89
1717,1616,463,5.27
7953,7952,463,4.82
7546,7545,463,5.45
3378,3379,463,0.58
2713,2712,464,47.24
1018,1017,464,19.03
1025,1024,464,13.51
2815,2814,464,9.28
1916,1915,464,8.51
7810,7809,464,8.14
1120,1119,464,3.94
7710,7809,464,5
7910,7809,464,17.06
1364,1263,464,4
1718,1617,464,3.79
742,642,464,2.59
730,729,464,4.6
2514,2513,464,52.34
2914,2913,465,48.55
2612,2611,465,14.01
8354,8253,465,17.67
8354,8453,465,15.73
8021,8121,465,6.37
135,35,465,11.6
135,34,465,17.3
540,440,465,3.51
136,35,465,18.18
8154,8153,465,3.47
1417,1416,465,11.95
7910,8009,465,15.52
8010,8009,465,18.85
1050,951,465,2.53
539,440,465,3.54
2906,2905,465,22.57
7401,7501,465,2.74
7506,7605,465,4.95
2215,2214,466,11.96
8354,8454,466,10.19
1219,1218,466,9.56
2613,2512,466,12.43
3003,3002,466,7.57
6268,6267,466,5.89
133,232,466,12.62
6269,6368,466,7.7
3004,2903,466,6.35
236,137,466,7.96
7507,7607,466,3.18
1672,1571,466,4.07
640,541,466,3.04
6465,6565,466,2.64
2513,2512,466,52.07
2814,2813,467,49.74
2712,2711,467,40.76
3102,3101,467,13.39
2315,2314,467,12.62
2015,2014,467,10.47
7647,7646,467,5.5
927,926,467,5.11
6365,6366,467,1.79
1357,1257,467,1.69
6368,6367,468,54.31
2913,2912,468,45.64
628,627,468,13.92
2114,2113,468,12.03
2417,2416,468,10.56
2611,2610,468,40.98
8255,8356,468,6.76
8018,8117,468,5.01
7337,7436,468,2.58
7924,8023,468,2.58
7438,7437,469,11.28
3202,3201,469,11.03
729,728,469,20.68
1715,1714,469,9.49
8453,8452,469,27.52
1363,1262,469,3.9
8010,8110,469,11.08
8010,8109,469,15.29
7758,7857,469,2.58
2512,2511,469,46
1362,1261,469,3.93
431,430,469,12.04
2813,2812,470,45.83
2711,2710,470,43.29
1815,1814,470,10.07
3009,2908,470,9.12
2610,2609,471,39.28
2905,2904,471,17.12
1017,1016,471,15.63
7462,7362,471,9.89
7504,7503,471,8.54
8355,8455,471,7.82
7662,7663,471,5.78
7852,7851,471,5.29
8017,8116,471,5.01
136,36,471,7.68
7442,7441,471,10.81
331,330,471,12.59
8452,8451,472,36.79
1315,1314,472,11.14
1365,1264,472,4.2
7344,7443,472,2.58
2511,2510,472,41.01
848,747,472,5.82
2812,2811,473,37.15
3002,3001,473,14.95
951,850,473,17.75
1119,1118,473,12.31
7545,7544,473,10.91
1515,1514,473,9.42
2710,2709,473,44.55
8453,8352,473,18.69
6174,6273,473,4.62
7402,7502,473,2.9
1152,1052,473,2.85
7923,8022,473,2.57
2609,2608,474,34.04
728,727,474,23.41
2214,2213,474,13.18
1416,1415,474,11.28
951,851,474,11.25
1915,1914,474,10.41
1616,1615,474,9.3
238,138,474,7.78
7562,7563,474,5.67
847,746,474,6.22
6765,6766,474,2.35
8451,8450,475,38.11
2510,2509,475,38.84
2908,2907,475,21.58
1261,1260,475,19.75
7762,7763,475,5.97
530,529,475,3.86
2314,2313,475,13.91
8053,8052,475,4.79
8453,8552,475,15.35
7909,7908,475,7.46
8156,8257,475,4.65
1361,1260,475,4
8010,8111,475,8.85
7345,7444,475,2.58
926,925,475,12.84
2514,2413,475,11.62
627,626,476,13.52
2912,2911,476,14.01
2709,2708,476,38.11
2113,2112,476,13.71
7434,7433,476,5.99
7708,7707,476,7.26
1366,1265,476,4.4
8454,8553,476,15.63
846,745,476,6.27
3010,2909,476,5.97
7340,7440,476,1.25
3478,3578,476,1.03
2014,2013,477,11.04
7605,7604,477,8.9
3003,2902,477,5.78
1155,1054,477,5.91
7709,7808,477,4.99
1570,1469,477,4.18
339,239,477,6.23
1154,1053,477,6.04
2416,2415,477,11.93
2512,2411,477,13.79
2513,2412,477,11.7
2608,2607,478,29.41
8452,8351,478,17.08
7462,7463,478,5.6
7562,7463,478,6.61
8057,8058,478,4.7
7332,7331,478,5.19
8454,8554,478,8.74
8009,8008,478,8.16
7164,7263,478,2.48
2609,2508,479,17.86
2708,2707,479,33.91
137,37,479,7.81
1468,1367,479,4.63
6271,6370,479,3.72
1218,1217,479,8.11
1714,1713,479,10.2
8552,8551,479,28.23
2511,2410,479,15.63
7727,7827,479,1.27
