5539,5438,2,48.19
5539,5538,2,35.08
5538,5437,5,47.47
5538,5537,5,35.53
5438,5437,5,35.25
5438,5337,6,41.32
5539,5439,7,13.84
5537,5436,8,47.31
5537,5536,8,35.61
5437,5336,8,48.41
5437,5436,8,34.88
5438,5338,8,19.28
5337,5236,10,45.26
5536,5435,11,47.86
5536,5535,11,35.32
5436,5335,11,49.52
5338,5237,11,48.64
5336,5235,12,45.26
5539,5638,12,10.99
5439,5339,13,18.39
5535,5434,14,47.47
5535,5534,14,35.53
5335,5234,14,47.5
5236,5135,14,46.85
5235,5134,15,49.51
5237,5136,15,45.27
5538,5637,15,11.75
5339,5238,16,47.79
5534,5433,17,48.54
5534,5533,17,34.76
5234,5133,17,48.46
5234,5233,17,34.83
5537,5636,17,11.9
5539,5639,17,5.83
5136,5035,18,49.47
5135,5034,18,47
5134,5033,19,42.89
5233,5232,20,35.93
5339,5239,20,14.34
5133,5032,21,38.82
5536,5635,21,11.36
5539,5540,21,4.65
5035,4934,22,46.47
5034,4933,22,40.56
5232,5231,23,35.38
5232,5131,24,41.71
5033,4932,24,31.12
5136,5036,24,11.37
5535,5634,24,11.75
5032,5031,25,27.57
5035,4935,25,15.7
4934,4833,26,44.52
4933,4832,26,36.08
5032,4931,26,28.81
4935,4834,28,47.8
5131,5130,28,25.99
4934,4834,28,17.28
5534,5633,28,10.58
4832,4831,29,34.84
5031,5030,29,28.07
4932,4831,29,31.24
5232,5331,29,15.92
4833,4732,30,46.91
4832,4731,30,40.26
4931,4930,30,29.43
5031,4930,30,29.44
4834,4733,31,49.09
4931,4830,31,31.24
5131,5230,31,20.64
4935,4835,32,14.33
5036,4936,32,13.28
5239,5139,32,8.88
4733,4632,34,49.56
5230,5229,34,34.36
4732,4631,34,46.01
4731,4630,34,35.65
4731,4730,34,32.43
4930,4929,34,30.55
4831,4730,34,32.92
5339,5240,34,6.84
5638,5737,34,6.54
5139,5038,35,49.51
4830,4829,35,29.33
5230,5129,35,39.16
4930,4829,35,32.8
4835,4734,36,47.13
4830,4729,36,31.11
4632,4531,37,49.06
5737,5736,37,35.99
5038,4937,38,49.27
4631,4530,38,42.12
4630,4529,38,36.25
4630,4629,38,32.8
4929,4928,38,31.67
4930,5029,38,19.7
4734,4633,39,49.46
5038,5037,39,29.86
4829,4828,39,29.23
4929,4828,39,34.45
4835,4735,39,15.06
5639,5738,39,6.72
4531,4430,40,49.56
5736,5735,40,35.19
4936,4836,40,13.7
5230,5329,40,17.28
5636,5735,40,6.21
4530,4429,41,47.73
4529,4528,41,36
4928,4927,41,33.95
4729,4628,41,31.37
5230,5330,41,10.53
5331,5330,41,9
4735,4634,42,47.43
4633,4532,42,49.56
5029,5028,42,32.83
4529,4428,42,44.87
4928,4827,42,38.34
4929,5028,42,19.2
5240,5140,42,13.59
5139,5039,42,10.01
5735,5734,43,35.82
5635,5734,43,6.47
4429,4328,44,48.73
4528,4527,44,36
4628,4627,44,33.79
4430,4329,44,46.72
4828,4727,44,34.53
5634,5733,44,7.4
5540,5441,44,6.17
5540,5541,44,4.37
5639,5739,44,3.73
4634,4533,45,48.05
4532,4431,45,49.56
4428,4327,45,49.45
5039,4938,45,49.25
4528,4427,45,45.11
5737,5836,45,14.04
5633,5732,45,8.61
4827,4726,46,36.3
4827,4826,46,32.83
4735,4635,46,14.75
5029,5128,46,18.54
5229,5228,46,8.54
4627,4626,47,34.92
4527,4526,47,35.88
4928,5027,47,17.67
5737,5837,47,7.86
4533,4432,48,48.73
4938,4837,48,48.85
4427,4326,48,49.41
5836,5835,48,35.75
4329,4228,48,45.01
4527,4426,48,46.43
4836,4736,48,14.18
4635,4534,49,48.24
4431,4330,49,45.35
4327,4226,49,45.98
5732,5731,49,28.21
4626,4625,50,36
4526,4425,50,48.02
4526,4525,50,35.21
4827,4926,50,18.54
4432,4331,51,48.06
4426,4325,51,49.39
5733,5833,51,16.25
5733,5832,51,20.63
5734,5833,51,18.51
5140,5040,51,11.94
5330,5429,51,15.6
5329,5328,51,9.71
4226,4125,52,48.97
5732,5831,52,20.37
5734,5834,52,11.84
5735,5834,52,12.45
4625,4524,53,48.55
4625,4624,53,34.74
4525,4424,53,48.74
4525,4524,53,34.52
4425,4324,53,49.45
4534,4433,53,46.43
4533,4433,53,13.08
5039,4939,53,9.25
5330,5430,53,9.05
4325,4224,54,48.26
4635,4535,54,13.79
5738,5838,54,6.94
4331,4230,55,41.77
4736,4636,55,14.39
5836,5935,55,15.12
5540,5641,55,4.21
4424,4323,56,49.24
4524,4423,56,49.53
4433,4332,56,49.08
4939,4838,56,49.21
4534,4434,56,15.73
4726,4725,56,10.39
4224,4123,57,49.49
4524,4523,57,32.47
5837,5936,57,14.41
4826,4825,57,9.16
5836,5936,57,8.67
5240,5141,57,6.39
5240,5241,57,4.54
5935,5934,58,35.82
4224,4223,58,32.75
5731,5630,58,17.25
4837,4737,58,10.23
5128,5127,58,8.86
5331,5431,58,3.57
4323,4222,59,49.55
4423,4322,59,48.44
5832,5931,59,17.98
4523,4422,60,49.18
4123,4022,60,49.01
4123,4122,60,34.12
4423,4422,60,27.74
4332,4231,60,44.12
4434,4333,60,45.62
5832,5932,60,11.25
5027,5026,60,8.08
5837,5937,60,8.13
4434,4334,61,59.35
4636,4536,61,62.15
4224,4124,61,61.78
4535,4435,61,60.51
4939,4839,61,63.04
5040,4940,61,62.71
4231,4131,62,60.6
4737,4637,62,62.82
4123,4023,62,55.27
5141,5041,62,61.07
4838,4738,62,63.05
4230,4130,62,60.62
4926,4925,62,2.8
5140,5041,62,23.64
4536,4436,63,61.7
4124,4024,63,62.95
4839,4739,63,63.05
4435,4335,63,59.44
4940,4840,63,62.79
4637,4537,64,62.37
4130,4030,64,62.84
4131,4031,64,62.98
5041,4941,64,60.47
4738,4638,64,62.89
5430,5529,64,8.24
5832,5933,64,15.6
4436,4336,65,59.08
4024,3924,65,62.94
4739,4639,65,62.97
4840,4740,65,62.54
4523,4522,65,2.83
5241,5142,65,25.76
5430,5530,65,7.76
5541,5442,65,15.85
4537,4437,66,62.05
4030,3930,66,56.48
4031,3931,66,59.08
4638,4538,66,62.59
5931,5930,66,11.98
5141,5042,66,24.15
4740,4640,67,62.16
4639,4539,67,62.87
4122,4021,67,20.67
4222,4121,67,14.73
5639,5740,67,2.41
4437,4337,68,60.74
3931,3831,68,62.54
4538,4438,68,62.37
4022,3922,68,13.7
5641,5542,68,15.88
4624,4623,68,2.37
5738,5839,68,3.94
4640,4540,69,61.34
4539,4439,69,62.67
3930,3830,69,36.07
5935,6035,69,6.64
3831,3731,70,51.09
4438,4338,70,62.23
4021,3921,70,42.29
4031,3932,70,26.52
4941,4842,70,25.56
4840,4741,70,21.41
4131,4032,70,17.77
4023,3923,70,12.93
4124,4025,70,17.59
4222,4221,70,6.48
5935,6034,70,7.07
5430,5531,70,9.48
4125,4025,70,10.37
4439,4339,71,62.37
3830,3730,71,51.61
4540,4440,71,60.72
5042,4943,71,28.69
5142,5043,71,26.35
4024,3925,71,19.94
4231,4132,71,13.66
5837,5938,71,5.46
3932,3832,72,57.49
4741,4641,72,56.23
4740,4641,72,22.31
5931,6031,72,8.2
4440,4340,73,60.77
4943,4843,73,53.72
3731,3631,73,45.77
3921,3821,73,38.08
4640,4541,73,23.75
5241,5242,73,7.21
4625,4724,73,2.79
5542,5443,74,25.47
4021,3920,74,21.47
3924,3824,74,11.55
5931,6032,74,9.97
5935,6036,74,8.19
4541,4441,75,54.67
3832,3732,75,45.04
4741,4642,75,28.9
3921,3822,75,31.23
4540,4441,75,24.64
4030,3929,75,14.11
3821,3721,76,37.17
4943,4844,76,30.39
3730,3630,76,23.47
5043,4944,76,30.5
3932,3833,76,27.95
4032,3933,76,26.14
4021,4020,76,11.58
5931,6030,76,8.7
4642,4542,77,54.15
4441,4341,77,55.25
3929,3829,77,59.36
4641,4542,77,29.95
4440,4341,77,24.58
3921,3820,77,22.65
3833,3733,78,61.87
3630,3530,78,54.22
3732,3632,78,46.81
3822,3722,78,41.43
3821,3722,78,30.92
3631,3531,78,22.48
4541,4442,78,29.89
4842,4742,78,12.54
3923,3823,78,13.52
5641,5642,78,4.76
5329,5428,78,2.17
3721,3621,79,35.26
5242,5143,79,26.11
4132,4033,79,18.25
5142,5143,79,7.51
3530,3430,80,57.57
3531,3431,80,61.05
4442,4342,80,56.63
3829,3729,80,47.9
4642,4543,80,30.17
3822,3723,80,32.09
4441,4342,80,29.54
3821,3720,80,22.83
5930,5829,80,10.17
3733,3633,81,43.74
3722,3622,81,41.43
3933,3834,81,31.56
3721,3622,81,30.15
5043,5044,81,10.36
3430,3330,82,59.85
3431,3331,82,60.84
4543,4443,82,59.34
3632,3532,82,25.79
4542,4443,82,29.66
4843,4743,82,12.34
3925,3825,82,9.98
4121,4120,82,7.02
5630,5629,82,3.66
3834,3734,83,62.65
3723,3623,83,40.77
3621,3521,83,30.04
3722,3623,83,32.09
4442,4343,83,28.62
4742,4643,83,30.32
3823,3724,83,32.09
3721,3620,83,23.1
4025,3926,83,11.61
5542,5543,83,7.07
5930,5929,83,6.23
5932,6033,83,6.33
3622,3522,84,36.46
3531,3432,84,24.19
5443,5444,84,10.12
3331,3231,84,59.61
3330,3230,84,60.63
4422,4321,84,5.91
3926,3826,85,50.62
3633,3533,85,30.07
3723,3624,85,31.96
4033,3934,85,25.25
4844,4744,85,12.13
3933,3934,85,11.62
4925,4824,85,6.25
5936,6037,85,5.22
4825,4824,85,2.93
3432,3332,86,62.82
3230,3130,86,60.87
3734,3634,86,42.25
3622,3523,86,30.65
5044,4945,86,30.97
3431,3332,86,24.47
3621,3520,86,23.11
3231,3131,86,57.9
3533,3433,87,61.57
5242,5243,87,7.39
3130,3030,88,58.44
3332,3232,88,61.22
3825,3725,88,18.95
4443,4344,88,25.53
3834,3735,88,21.09
3331,3232,88,25.96
3433,3333,89,62.4
3634,3534,89,45.11
3826,3726,89,30.63
4643,4544,89,27.5
3030,2930,90,54.93
3131,3031,90,25.94
3934,3835,90,31.58
5938,5939,90,5.52
4623,4622,90,4.7
3232,3132,90,57.26
3231,3132,90,27.61
3735,3635,91,35.17
5044,5045,91,10.86
5839,5840,91,4.53
5740,5741,91,4.34
3332,3233,92,23.94
3522,3422,92,13.71
3534,3434,93,32.74
3030,2931,93,29.73
3624,3524,93,13.7
5444,5445,93,11.65
5642,5643,93,7.02
3635,3535,94,39.69
4945,4845,94,12.64
3523,3423,94,13.48
4744,4644,94,11.98
3934,3935,94,11.65
5829,5728,94,10.15
4033,4034,94,6.97
3520,3420,94,13.58
3232,3133,94,28.14
2930,2830,95,21.4
3835,3736,95,28.37
3132,3032,95,22.82
3131,3032,95,15.99
4132,4133,95,4.34
4925,4924,95,3.09
3434,3334,96,37.31
5045,4946,96,31.25
3725,3625,96,12.9
3433,3334,96,15.97
3521,3421,96,8.07
3736,3636,97,53.73
3535,3435,97,35.37
3826,3727,97,12.09
5243,5244,97,10.34
4121,4220,97,4.8
5930,6029,97,4.7
3333,3234,98,15.94
3726,3626,98,11.43
3030,2929,98,15.12
6033,6133,98,7.03
2931,2831,99,19.72
3031,2932,99,15.88
3620,3619,99,6.46
5929,5928,99,6.33
3729,3628,99,7.86
2929,2829,100,59.15
2830,2730,100,24.72
3736,3637,100,30.39
3133,3033,100,19.06
3422,3322,100,13.73
5045,5046,100,11.2
3132,3033,100,15.63
3926,3827,100,8.81
6033,6134,100,8.65
5443,5544,100,5.64
3636,3536,101,26.33
3524,3424,101,13.54
3635,3536,101,15.07
3620,3519,101,8.1
3233,3134,101,15.88
2829,2729,102,61.66
3637,3537,102,50.17
3435,3335,102,23.7
3727,3627,102,23.04
3423,3323,102,13.2
3420,3320,102,13.73
4544,4545,102,7.87
6033,6132,102,7.48
3536,3436,103,60.08
3625,3525,103,16.43
4845,4745,103,12.37
5445,5446,103,10.51
4623,4723,103,2.94
2729,2629,104,61.63
3537,3437,104,62.12
3335,3235,104,60.94
2831,2731,104,24.28
3628,3528,104,24.79
4946,4846,104,12.52
3133,3034,104,14.72
3829,3728,104,5.42
3134,3034,104,48.05
4422,4421,104,2.3
3436,3336,105,62.87
2932,2832,105,18.28
5244,5245,105,12.52
3421,3321,105,11.96
3736,3737,105,10.25
3032,2933,105,15.23
3935,3936,105,9.34
5728,5628,105,9.57
5046,4947,105,30.26
3929,3828,105,4.77
3437,3337,106,59.67
3626,3526,106,13.24
5444,5545,106,6.65
3134,3035,106,32.22
3336,3236,107,63.04
2629,2529,107,48.78
3235,3135,107,49.45
3034,2934,107,38.44
2731,2631,107,44.38
3627,3527,107,22.31
3934,4035,107,6.65
5937,6038,107,3.04
4926,5025,107,1.93
3337,3237,108,58.65
2832,2732,108,34.87
3322,3222,108,13.72
4824,4823,108,4.46
3235,3136,109,31.95
3034,2935,109,31.35
3537,3438,109,22.39
3424,3324,109,13.06
3519,3419,109,13.62
3637,3638,109,11.95
3620,3719,109,5.52
5641,5742,109,2.59
3237,3137,110,62.2
2631,2531,110,49.81
3320,3220,110,13.68
2730,2630,110,10.35
2929,2828,110,12.21
3323,3223,110,12.83
5046,5047,110,10.13
4025,4026,110,2.52
3438,3338,111,57.87
2732,2632,111,47.55
2934,2834,111,25.35
2933,2833,111,17.79
3936,3837,111,24.27
3525,3425,111,13.5
6029,6028,111,7.39
3137,3037,112,59.9
2828,2728,112,61.69
3136,3036,112,36.76
3527,3427,112,22.79
4745,4645,112,12.36
4846,4746,112,12.53
3135,3036,112,32.43
5643,5644,112,5.41
5328,5327,112,0.98
2630,2530,113,49.82
2935,2835,113,28.22
3737,3738,113,13.44
3321,3221,113,13.38
4545,4546,113,9.67
5939,5940,113,4.39
4623,4722,113,3.15
3338,3238,114,35.83
2833,2733,114,37.65
3037,2937,114,61.59
3526,3426,114,12.83
5245,5246,114,11.53
3528,3428,114,10.75
5446,5447,114,9.69
4947,4847,114,12.29
2834,2734,115,31.33
3237,3138,115,22.21
5840,5841,115,4.29
4622,4521,115,5.79
2733,2633,116,51.32
2835,2735,116,46.87
3137,3038,116,25.64
5928,6027,116,8.43
3222,3122,116,13.52
5728,5627,116,6.5
2937,2837,116,61.47
5642,5743,116,3.77
2734,2634,117,53.38
3419,3319,117,13.44
5628,5528,117,8.35
3427,3327,117,22.06
3324,3224,117,12.53
4033,4134,117,3.74
3738,3639,118,32.25
3220,3120,118,13.64
2935,2836,118,16.06
2529,2429,118,9.93
2929,2928,118,5.14
5728,5727,118,4.18
5445,5546,118,5.9
3038,2938,118,51.86
5327,5226,119,22.62
3425,3325,119,13.05
3223,3123,119,12.5
6029,6129,119,4.74
2836,2736,120,51.19
4746,4646,120,12.63
4026,3927,120,14.58
3036,2936,120,13.56
5938,6039,120,2.92
5127,5126,120,1.33
3738,3739,121,10.56
3936,3937,121,3.86
3935,4036,121,7.66
4321,4320,121,66.89
3929,3928,121,65.84
5528,5527,122,60.11
2828,2727,122,31.09
2828,2827,122,50.51
3737,3838,122,13.7
2629,2628,122,59.97
6129,6128,122,66.52
4622,4621,122,14.4
2928,2927,123,41.85
6027,5926,123,29.7
6027,6026,123,35.04
5246,5247,123,12.04
5025,5024,123,25.08
2929,3028,123,21.97
6029,6130,123,2.33
4925,5024,123,5.91
5527,5526,124,66.54
2628,2627,124,63.37
2727,2726,124,66.45
3319,3318,124,26.45
5528,5427,124,26.21
3221,3121,124,1.12
5727,5726,124,25.18
5627,5626,124,28.15
2827,2826,125,46.19
5327,5426,125,14.11
5446,5547,125,11.41
2938,2838,125,1.94
3820,3819,125,14.19
2726,2725,126,57.88
2627,2626,126,67.1
3318,3317,126,63.64
5626,5625,126,61.41
2927,2926,126,37.64
3028,3027,126,40.46
6026,6025,126,41.9
6027,6126,126,23.4
5926,5925,126,41.41
3619,3618,126,13.56
4924,4923,126,13.08
3920,3919,126,14.11
5726,5725,127,48.97
3639,3640,127,12.43
3426,3326,127,3.6
4722,4721,127,14.19
2531,2431,127,0.33
3220,3219,127,13.21
3719,3718,127,14.1
4823,4822,127,13.72
3519,3518,127,13.04
4120,4119,127,12.97
4020,4019,127,14.05
3327,3326,127,14.16
2626,2625,128,63.36
3317,3316,128,62.14
5625,5624,128,51.09
2826,2825,128,42.69
5526,5525,128,25.54
5126,5125,128,13.83
5226,5225,128,13.05
3120,3119,128,13.5
4521,4520,128,12.81
3738,3839,128,11.16
5926,5825,128,31.55
3419,3418,128,12.9
6132,6131,128,12.42
4220,4219,128,11.93
2431,2430,129,52.45
2725,2724,129,48.22
2926,2925,129,39.01
3027,3026,129,37.92
6126,6125,129,43.4
6128,6227,129,20.34
2429,2428,129,12.12
4847,4747,129,3.08
5925,5924,129,41.24
3438,3339,129,1.47
2529,2528,129,11.6
4421,4420,129,11.96
6025,6024,129,37.48
3316,3315,130,60.47
5225,5224,130,60.48
5725,5724,130,39.54
3028,3127,130,22.47
4621,4620,130,14.2
3639,3740,130,13.03
4320,4319,130,11.72
5742,5842,130,7.92
2625,2624,131,49.17
5624,5623,131,43.25
2725,2624,131,31.58
3318,3217,131,23.03
3028,3128,131,12.56
5024,5023,131,12.68
5825,5824,131,42.22
3319,3218,131,11.43
5925,5824,131,31.53
3315,3314,132,61.55
5224,5223,132,64.79
3418,3417,132,26.9
5924,5923,132,33.6
2431,2330,132,30.48
3317,3216,132,24.52
6128,6228,132,10.17
5623,5622,133,61.44
3127,3126,133,36.81
6125,6124,133,31.56
2625,2524,133,31.41
5624,5523,133,31.77
4822,4821,133,17.85
2626,2525,133,23.32
2926,3025,133,22.82
3027,3126,133,23.03
6126,6225,133,21.57
3819,3818,133,14.09
6024,6023,133,25.93
5545,5645,133,5.2
6025,6124,133,23.11
6037,6136,133,7.03
3325,3225,133,7.21
3314,3313,134,64.48
3216,3215,134,61.76
5724,5723,134,28.76
5525,5424,134,27.42
3316,3215,134,25.94
5225,5124,134,25.93
2725,2824,134,19.61
4923,4922,134,13.53
3618,3617,134,12.53
2627,2526,134,14.45
3919,3918,134,13.17
3837,3938,134,7.02
5643,5744,134,4.62
2330,2329,135,42.18
4019,4018,135,14.19
3518,3517,135,12.68
4721,4720,135,13.86
4119,4118,135,13.67
5743,5843,135,5.99
5124,5123,136,65.83
3215,3214,136,64.3
3313,3312,136,65.63
5723,5722,136,50.61
3315,3214,136,25.04
6125,6224,136,23.42
3119,3118,136,12.79
4219,4218,136,13.36
3718,3717,136,12.32
2628,2527,136,10.63
6024,6123,136,22.42
5841,5941,136,5.92
4520,4519,136,12.67
2329,2328,137,65.65
2330,2229,137,31.66
3217,3116,137,24.09
5623,5522,137,25.13
3127,3226,137,23.21
2724,2723,137,13.55
2925,2924,137,13.75
2431,2331,137,11.08
3427,3328,137,3.05
3214,3213,138,66.5
3717,3716,138,67.34
3617,3616,138,29.52
2525,2424,138,31.29
3216,3115,138,24.85
3128,3228,138,14.66
3128,3227,138,23.39
5923,5922,138,17.39
3127,3227,138,14.01
4319,4318,138,12.83
4620,4619,138,13.44
2428,2427,138,11.36
6227,6326,138,16.05
3317,3416,138,11.84
5426,5325,138,11.3
3640,3641,138,9.24
4420,4419,138,11.83
3929,4028,138,5.12
2328,2327,139,60.41
2229,2228,139,62.87
6224,6223,139,34.4
3312,3311,139,37.37
6023,6022,139,19.01
2330,2230,139,15.5
2624,2623,139,14.09
5023,5022,139,13.09
3316,3415,139,12.91
5225,5324,139,12.9
4036,4135,139,8.01
3338,3239,139,1.77
6037,6137,139,2.72
3213,3212,140,67.08
3115,3114,140,65.05
2427,2426,140,67.25
3118,3117,140,27.03
6123,6122,140,27.98
2526,2425,140,26.08
5424,5323,140,25.32
4922,4921,140,17.7
2524,2523,140,14.6
5922,5921,140,58.03
5842,5942,140,10.91
4821,4820,140,16.13
3739,3840,140,7.5
2327,2326,141,65.47
5022,5021,141,52.45
3311,3310,141,63.86
3025,3024,141,13.77
5622,5621,141,12.77
3126,3125,141,14.12
5223,5222,141,12.32
3114,3113,142,67.06
6223,6222,142,47.33
3616,3615,142,26.47
5723,5822,142,18.46
2824,2823,142,13.45
6136,6135,142,11.29
3315,3414,142,12.22
6128,6229,142,7.14
3818,3817,142,12.41
3918,3917,142,12.91
3716,3715,142,28.18
3640,3741,142,9.82
3936,4037,142,4.16
2326,2325,143,64.7
3212,3211,143,38.65
3310,3309,143,64.36
6326,6325,143,23.57
2229,2128,143,23.82
4018,4017,143,13.36
4720,4719,143,13
3517,3516,143,12.72
4118,4117,143,13.45
5921,5920,143,43.38
3123,3022,143,6.29
3122,3021,143,6.04
3113,3112,144,67.2
3615,3614,144,59.29
5222,5221,144,44.82
5822,5821,144,64.58
6022,6021,144,24.62
2331,2231,144,15.8
5123,5122,144,12.64
2230,2129,144,31.41
4519,4518,144,13.98
6122,6121,144,33.26
6228,6327,144,12.03
5922,5821,144,27.69
6227,6327,144,7.11
3715,3714,144,59.42
3817,3816,144,66.79
4218,4217,144,13.14
2325,2324,145,60.42
3211,3210,145,66.24
3309,3308,145,66.9
2128,2127,145,64.14
3516,3515,145,61.28
5920,5919,145,58.29
3917,3916,145,36.4
2425,2324,145,30.72
2424,2423,145,15.33
3115,3014,145,21.36
5522,5521,145,13.08
2723,2722,145,13.5
2924,2923,145,13.87
5722,5721,145,11.82
6222,6221,145,47.21
3839,3939,145,6.16
5939,6040,145,2.88
3614,3613,146,56.2
3112,3111,146,67.07
4017,4016,146,35.7
6325,6324,146,38.47
5222,5121,146,31.83
6121,6120,146,50.1
4419,4418,146,12.74
4028,4027,146,13.84
4619,4618,146,12.96
5821,5820,146,52.99
2230,2130,146,16.13
3314,3413,146,10.21
3816,3815,146,66.77
3714,3713,146,57.49
5545,5646,146,3.7
3308,3307,147,54.78
2127,2126,147,63.67
5919,5918,147,59.61
5221,5220,147,38.36
3210,3209,147,67.21
2623,2622,147,13.59
4318,4317,147,12.44
4921,4920,147,15.49
2431,2432,147,5.11
3224,3124,147,2.36
6324,6323,148,53.34
4016,4015,148,67.01
3111,3110,148,65.7
5721,5720,148,49.59
3916,3915,148,33.71
6021,6020,148,31.82
6221,6220,148,47.12
3615,3514,148,26.83
2326,2225,148,21.81
5021,5020,148,15.38
5222,5321,148,21.05
4820,4819,148,13.72
3114,3013,148,17.72
2523,2522,148,14.19
6120,6119,148,57.56
5820,5819,148,57.78
3413,3412,148,58.16
3613,3612,148,54.57
2631,2532,148,1.1
3307,3306,149,55.78
5121,5120,149,46.76
3614,3513,149,28.78
5221,5120,149,30.87
2325,2224,149,25.97
2129,2028,149,31.5
3024,3023,149,14.2
5323,5322,149,12.28
2228,2227,149,10.92
3118,3017,149,11.46
5842,5943,149,7.73
3412,3411,150,59.95
6020,6019,150,56.61
5918,5917,150,46.53
3209,3208,150,41.91
2128,2027,150,22.47
6119,6118,150,58.3
2823,2822,150,14.17
5621,5620,150,11.87
5819,5818,150,51.59
3116,3015,150,11.43
2331,2332,150,8.24
2231,2131,150,18.37
2431,2332,150,6.34
3713,3712,150,29.72
5743,5844,150,4.42
3306,3305,151,66.78
2224,2223,151,67.34
3110,3109,151,34.4
5720,5719,151,45.62
5321,5320,151,34.94
5221,5320,151,22.95
2129,2029,151,15.93
4719,4718,151,12.66
3021,3020,151,14.2
2130,2029,151,30.6
2327,2226,151,12.1
3513,3512,151,52.64
3613,3512,151,29.6
3411,3410,152,61.93
6019,6018,152,60.17
3712,3711,152,55.31
5620,5619,152,54.68
4015,4014,152,29.21
3612,3611,152,28.93
3013,3012,152,31.21
3208,3207,152,57.01
2423,2422,152,14.31
4518,4517,152,14.1
4117,4116,152,11.77
3113,3012,152,14.77
2130,2030,152,17.32
2424,2323,152,10.18
6118,6117,152,51.23
2331,2232,152,9.96
5644,5745,152,3.69
3512,3511,153,54.43
3109,3108,153,65.59
2027,2026,153,45.87
3017,3016,153,27.31
3111,3010,153,20.46
2722,2721,153,14.19
4217,4216,153,11.78
3112,3011,153,17.68
5818,5817,153,35.69
6229,6328,153,13.04
3117,3016,153,11.46
6228,6328,153,4.95
3715,3814,153,13.55
2923,2922,153,14.02
3611,3610,154,52.49
3410,3409,154,60.88
3207,3206,154,64.83
4116,4115,154,67.01
5320,5319,154,39.85
4618,4617,154,13.5
5521,5520,154,11.87
5917,5916,154,32.24
3641,3642,154,6.6
5941,6041,154,5.79
6018,6017,154,52.55
3840,3940,154,7.39
5942,6041,154,10.18
4036,4136,154,3.13
3714,3813,154,14.7
3010,3009,155,59.02
3511,3510,155,56.55
2026,2025,155,65.65
3108,3107,155,67.3
4014,4013,155,36.01
3305,3304,155,30.5
2027,1926,155,31.81
2028,1928,155,19.3
2028,1927,155,27.63
6117,6116,155,37.06
5321,5421,155,14.76
5321,5420,155,23.4
5220,5219,155,13.99
2622,2621,155,13.59
4920,4919,155,13.78
4418,4417,155,12.21
3939,4038,155,14.98
5020,5019,155,15.33
3813,3812,156,59.56
3610,3609,156,54.47
3206,3205,156,66.54
3409,3408,156,67.03
4216,4215,156,35.59
3711,3710,156,29.05
2522,2521,156,13.77
4819,4818,156,13.46
3915,3914,156,12.59
2126,2125,156,11.34
2131,2031,156,18.85
6220,6219,156,12.64
5817,5816,156,41.67
3741,3841,156,7.53
2231,2132,156,12.75
4317,4316,156,11.67
3510,3509,157,57.43
3107,3106,157,65.48
2025,2024,157,67.23
1926,1925,157,57.92
3009,3008,157,67.04
6017,6016,157,33.57
5916,5915,157,36.63
2223,2222,157,19.38
5120,5119,157,14.11
2029,1929,157,16.68
2030,1929,157,31.32
3238,3139,157,1.89
3812,3811,158,62.72
3408,3407,158,57.68
4013,4012,158,36.57
4115,4114,158,30.31
2125,2124,158,65.9
5619,5618,158,19.76
5320,5419,158,22.63
2822,2821,158,13.88
2224,2123,158,16.04
5322,5422,158,12.27
6219,6218,158,57.02
5816,5815,158,55.32
5942,6042,158,5.68
3106,3105,159,65.27
2024,2023,159,66.31
1925,1924,159,61
3609,3608,159,39.29
2323,2322,159,15.49
4718,4717,159,12.57
3020,3019,159,14.04
6116,6115,159,30.18
2030,1930,159,16.31
5819,5718,159,12.88
3641,3742,159,7.07
5618,5617,160,53.11
3407,3406,160,53.54
3509,3508,160,40.58
5915,5914,160,38.99
3710,3709,160,30.98
3205,3204,160,27.77
4215,4214,160,30.69
3304,3303,160,22.72
1927,1826,160,31.3
1928,1827,160,30.12
2422,2421,160,14.09
5818,5717,160,15.15
1924,1923,161,59.79
3608,3607,161,61.1
3105,3104,161,65.4
3811,3810,161,35.75
4114,4113,161,36.04
6218,6217,161,47.65
5815,5814,161,49.34
6016,6015,161,26.97
1926,1825,161,27.75
2721,2720,161,13.9
2922,2921,161,14.04
4517,4516,161,11.87
3013,2912,161,11.59
6323,6322,161,7.9
2131,2032,161,13.46
6229,6329,161,5.46
3406,3405,162,65.28
3508,3507,162,59.42
3709,3708,162,66.81
4012,4011,162,27.45
3107,3006,162,20.78
5319,5318,162,13.57
1929,1828,162,30.33
4014,3913,162,15.11
2232,2233,162,10.68
3017,2916,162,11.47
2031,1931,162,17.24
5019,5018,162,16.11
3607,3606,163,55.81
5914,5913,163,38.32
6115,6114,163,29.18
5219,5218,163,14.14
2621,2620,163,14.19
4919,4918,163,13.59
5520,5519,163,11.62
4617,4616,163,12.33
3108,3007,163,15.32
3015,2914,163,11.48
5817,5716,163,14.41
2332,2333,163,8.16
6326,6425,163,5.85
3405,3404,164,67.32
3708,3707,164,54.12
3507,3506,164,53.55
5814,5813,164,44.86
6217,6216,164,37.39
3810,3809,164,41.28
6322,6321,164,49.29
4113,4112,164,36.09
4214,4213,164,26.01
3204,3203,164,26.74
3106,3005,164,21.08
2521,2520,164,13.97
4818,4817,164,12.94
1930,1829,164,30.12
2232,2133,164,12.55
4417,4416,164,11.58
5119,5118,164,15.3
3606,3605,165,64.82
5519,5518,165,64.66
6425,6424,165,52.89
4011,4010,165,36.85
3104,3103,165,26.39
6015,6014,165,31.74
3303,3302,165,20.81
1826,1725,165,30.49
1827,1726,165,30.29
4316,4315,165,11.65
4013,3912,165,15.05
2222,2221,165,12.73
3009,2908,165,14.28
3813,3912,165,13.47
3940,4040,165,9.34
2914,2913,165,65.96
3012,2911,165,11.62
2223,2122,165,10.85
6037,6138,165,1.79
3506,3505,166,64.79
3707,3706,166,58.03
4112,4111,166,66.58
5913,5912,166,39.65
2916,2915,166,26.44
1825,1824,166,24.22
3105,3004,166,20.89
5419,5418,166,12.61
2821,2820,166,13.85
5716,5715,166,36.44
3011,2910,166,11.53
3016,2915,166,11.42
4038,4137,166,13.51
6327,6426,166,6.45
3118,3018,166,3.37
3605,3604,167,67.07
6424,6423,167,61.73
5518,5517,167,63.9
5813,5812,167,42.34
3809,3808,167,49.35
6114,6113,167,29.35
2322,2321,167,13.75
3841,3941,167,9.44
5745,5845,167,6.86
1931,1830,167,31.19
2332,2433,167,8.7
4747,4647,167,2.7
3706,3705,168,65.44
3505,3504,168,67.32
4111,4110,168,67.28
6216,6215,168,32.86
2910,2909,168,52.66
1828,1727,168,24.93
2032,1932,168,14.63
2421,2420,168,13.65
3404,3403,168,26.96
2023,2022,168,11.86
4717,4716,168,12.04
5715,5714,168,51.59
5844,5944,168,5.58
5943,6043,168,5.54
5517,5516,169,67.2
3808,3807,169,55.57
5912,5911,169,40.11
1824,1823,169,48.99
4010,4009,169,29.62
3912,3911,169,25.18
4315,4314,169,32.66
6014,6013,169,33
4213,4212,169,24.62
2921,2920,169,14.12
2720,2719,169,13.95
5617,5616,169,11.58
3812,3911,169,11.45
5745,5746,169,6.16
3604,3603,170,39.08
5812,5811,170,41.71
3004,3003,170,29.2
1726,1625,170,29.68
3302,3301,170,20.01
3203,3202,170,17.64
5318,5317,170,12.58
5018,5017,170,13.93
1923,1922,170,12.47
4516,4515,170,11.62
3303,3202,170,14.9
3742,3842,170,9.78
5714,5713,170,50.83
3741,3842,170,5.13
3807,3806,171,53.2
6113,6112,171,31.42
1726,1626,171,18.16
2620,2619,171,13.6
4918,4917,171,13.23
2132,2033,171,10.08
5218,5217,171,13.56
2914,2813,171,20.04
1931,1831,171,12.09
2734,2635,171,1.61
3603,3602,172,62.4
4009,4008,172,35.02
6013,6012,172,33.44
5911,5910,172,40.24
4716,4715,172,31.03
6215,6214,172,29.16
4110,4109,172,33.11
3504,3503,172,29.28
3705,3704,172,30.73
1725,1724,172,14.29
2520,2519,172,13.08
6321,6320,172,12.73
4616,4615,172,11.79
4011,3910,172,15.02
2913,2812,172,21.83
6042,6141,172,10.18
3642,3643,172,5.66
6229,6230,172,3.38
5118,5117,172,14.1
1625,1624,173,36.7
5811,5810,173,43.54
4314,4313,173,26.39
4515,4514,173,33.97
3103,3102,173,14.07
1829,1728,173,17.5
4817,4816,173,12.34
2221,2220,173,13.92
5713,5712,173,39.91
4038,4138,173,5.7
5547,5647,173,2.11
4416,4415,173,11.55
6320,6319,174,54.34
5910,5909,174,63.42
3806,3805,174,46.04
6112,6111,174,35.04
1823,1822,174,20.02
2812,2811,174,59.09
3403,3402,174,19.35
2820,2819,174,14.05
2333,2334,174,9.61
2233,2134,174,11.87
2122,2121,174,12.27
3007,2906,174,13.41
3339,3439,174,2.23
4008,4007,175,49.58
4109,4108,175,42.9
6012,6011,175,36.62
3202,3201,175,20.71
1625,1524,175,30.34
5317,5316,175,23.63
6423,6422,175,12.9
2321,2320,175,13.91
5418,5417,175,12.01
3302,3201,175,14.71
2916,2815,175,11.43
2908,2907,175,10.64
3006,2905,175,11.62
3742,3743,175,6.37
6328,6427,175,6.61
5745,5846,175,6.28
6327,6427,175,3.27
6111,6110,176,64.38
3805,3804,176,65.41
5810,5809,176,41.12
3910,3909,176,28.61
6214,6213,176,27.18
3704,3703,176,27.32
1724,1723,176,29.83
1626,1525,176,31.17
5217,5216,176,21.25
1625,1525,176,17.59
3603,3502,176,24.27
2420,2419,176,14.11
5517,5416,176,17.18
3004,2903,176,15.59
1830,1729,176,16.21
5909,5908,176,55.52
6042,6142,176,5.67
5712,5711,176,36.97
3940,4041,176,6.49
5716,5615,176,11.61
6319,6318,176,50.07
4415,4414,176,35.22
4108,4107,177,50.71
1524,1523,177,54.77
4816,4815,177,25.69
2719,2718,177,14.2
2920,2919,177,14.2
5516,5515,177,13.17
1932,1832,177,12.16
1726,1627,177,12.47
3103,3002,177,12.38
2333,2434,177,10.2
2022,2021,177,11.85
3005,2904,177,11.62
2032,1933,177,8.95
1831,1730,177,24.09
5715,5614,177,12.88
1723,1722,178,60.4
3703,3702,178,62.4
6110,6109,178,57.92
3804,3803,178,59.69
4007,4006,178,47.12
6011,6010,178,37.37
4313,4312,178,23.4
3102,3101,178,22.81
6422,6421,178,44.24
5017,5016,178,13.75
4212,4211,178,12.39
2812,2711,178,26.97
2813,2712,178,21.64
3841,3942,178,6.56
1523,1522,179,65.05
6318,6317,179,41.74
2815,2814,179,27.94
3402,3401,179,21.54
2619,2618,179,14.16
4917,4916,179,13.1
3018,2917,179,11.45
2915,2814,179,11.47
5909,5808,179,29.14
5614,5613,179,55.98
5714,5613,179,13
3017,2917,179,3.35
3803,3802,180,59.85
4211,4210,180,66.49
4107,4106,180,45.08
6213,6212,180,30.37
2711,2710,180,63.51
3909,3908,180,33.23
5316,5315,180,23.01
1524,1423,180,29.51
5908,5907,180,28.77
1624,1623,180,15.1
2519,2518,180,14.16
5117,5116,180,13.78
4715,4714,180,12.67
1626,1526,180,12.06
1922,1921,180,10.91
3602,3601,180,13.82
6329,6428,180,7.69
3742,3843,180,6.83
5713,5612,180,14.64
6328,6428,180,3.81
6421,6420,180,67.3
4107,4208,181,206.14
2134,2034,181,5.99
2334,2435,181,55.26
6230,6331,181,147.83
5811,5710,181,1.81
6424,6525,181,144.34
2133,2034,181,9.94
6217,6316,181,4.35
6329,6430,181,138.66
3139,3240,181,191.65
5844,5945,181,30.25
6229,6330,181,99.95
5943,6044,181,32.3
3339,3440,181,158.54
2938,3039,181,198.65
3039,3140,182,195.64
6331,6432,182,212.53
6427,6528,182,83.26
2134,2235,182,56.89
3643,3744,182,43.58
3643,3644,182,27.33
3743,3844,182,49.59
4106,4207,182,138.52
6426,6527,182,104.6
6425,6526,182,105.51
6042,6143,182,33.37
6328,6429,182,36.66
2432,2533,182,26.84
2836,2737,182,2.96
6421,6522,182,108.19
6432,6533,183,184.82
3240,3341,183,127.3
6428,6529,183,61.52
6110,6211,183,56.85
3804,3904,183,26.01
4108,4209,183,52.56
3805,3906,183,58.92
2134,2135,183,24.16
6422,6523,183,58.41
3140,3241,183,143.22
5845,5946,183,30.24
6138,6239,183,54.5
2220,2219,183,0.3
5909,6009,183,23.05
5944,6045,183,32.3
6137,6238,183,50.35
6136,6237,183,59.55
5547,5648,183,21.77
6039,6140,183,47.84
5447,5548,183,21.11
4847,4948,183,22.55
6038,6139,183,46.5
4546,4547,183,2.18
4947,5048,183,24
2838,2939,183,50.63
2939,3040,184,183.3
6525,6626,184,50.9
6430,6531,184,49.64
3802,3902,184,25.51
3802,3903,184,43.97
2712,2713,184,25.23
3803,3903,184,25.99
1933,1934,184,23.08
1525,1425,184,7.65
1525,1424,184,6.6
6213,6314,184,38.52
6318,6419,184,41.19
6110,6210,184,21.86
3804,3905,184,38.34
6142,6243,184,32.26
3805,3905,184,21.12
6214,6315,184,36.87
3806,3907,184,36.98
5746,5847,184,27.76
6216,6315,184,4.74
1832,1833,184,21.44
5646,5747,184,21.34
2433,2534,184,28.75
6135,6236,184,41.38
4747,4848,184,22.43
6131,6232,184,38.12
6420,6521,184,46.38
6043,6144,184,30.26
6130,6231,184,43.37
6239,6340,185,109.44
3241,3342,185,81.51
6140,6241,185,109.91
6527,6628,185,50.44
2235,2336,185,61.16
6526,6627,185,50.45
6528,6629,185,50.43
6429,6530,185,58.49
6212,6313,185,34.01
6317,6418,185,31.32
4006,4005,185,3.05
2434,2535,185,30.1
5846,5947,185,28.24
6423,6524,185,34.7
5909,6008,185,10.09
6523,6624,185,96.79
6522,6623,185,67.74
6132,6233,185,29.05
6134,6235,185,29.04
6133,6234,185,26.61
6521,6622,186,76.33
3040,3141,186,137.58
6211,6312,186,69.84
6524,6625,186,177.54
6330,6431,186,31.62
2034,2035,186,22.67
5945,6046,186,29.3
1526,1527,186,18.04
2710,2810,186,18.89
4211,4311,186,17.26
5216,5215,186,1.98
5647,5748,186,22.58
1626,1527,186,13.28
4647,4748,186,22.37
6529,6630,186,50.39
6044,6145,186,30.25
1527,1628,187,170.27
6340,6441,187,84.5
6623,6724,187,91.55
6231,6332,187,57.35
3902,4003,187,58.33
3903,4004,187,56.77
6236,6337,187,50.36
6139,6240,187,46.46
4207,4308,187,30.99
6316,6417,187,26.95
2435,2536,187,27.82
4041,4142,187,20.4
4615,4614,187,0.35
3941,4042,187,19
4040,4141,187,20.99
3843,3944,187,20.85
5447,5448,187,2.35
3141,3242,188,86.63
6622,6723,188,82.78
6628,6729,188,50.43
2336,2437,188,49.05
6235,6336,188,50.37
6530,6631,188,50.35
6419,6520,188,39.31
6232,6333,188,38.44
6626,6727,188,39.71
6237,6338,188,34.71
2135,2136,188,23.42
6533,6634,188,32.98
4208,4309,188,23.5
3440,3441,188,15.68
3942,4043,188,19.71
1525,1426,188,11.95
5416,5415,188,1.71
6142,6242,188,10.79
3842,3943,188,18.55
5808,5807,188,5.57
6629,6730,188,58.05
6624,6725,188,68.57
6332,6433,189,78.33
4004,4105,189,73.01
6240,6341,189,93.33
6234,6335,189,44.9
2535,2636,189,45.94
6627,6728,189,39.74
6144,6245,189,28.37
3902,4002,189,21.33
2713,2714,189,21.71
6210,6311,189,28.56
1934,1935,189,20.36
6314,6415,189,29.67
6211,6311,189,17.29
6045,6146,189,25.74
3341,3442,189,25.67
4748,4849,189,62.64
6109,6209,189,11.34
3744,3845,189,20.43
3601,3701,189,11.56
5907,6007,189,11.64
1833,1834,189,23.87
3844,3945,189,21.62
6625,6726,189,58.08
6333,6434,190,78.01
6520,6621,190,87.01
4003,4104,190,63.92
2336,2436,190,24.37
6418,6519,190,30.79
6313,6414,190,32.58
6233,6334,190,33.42
6315,6416,190,25.35
5548,5649,190,22.52
5648,5749,190,23.25
5946,6047,190,20.29
4948,5049,190,23.38
6316,6416,190,11.34
2435,2436,190,12.4
4547,4648,190,22.4
6238,6339,190,22.9
3644,3745,190,19.54
6725,6826,190,114.87
4105,4206,191,86.61
6433,6534,191,105.13
6336,6437,191,50.37
6724,6825,191,42.52
2536,2637,191,38.33
2035,2036,191,21.11
6312,6413,191,31.59
6431,6532,191,30.45
5847,5948,191,22.38
4848,4949,191,23.25
5747,5848,191,23.54
6531,6632,191,22.62
6726,6827,191,110.53
4748,4749,191,22.13
3802,3901,191,13.1
4312,4413,191,13.04
4313,4413,191,7.56
6621,6722,192,95.67
6519,6620,192,72.01
6209,6310,192,64.2
6311,6412,192,65.71
6335,6436,192,50.37
4002,4103,192,60.39
6723,6824,192,42.31
6634,6735,192,39.21
5947,6048,192,20.66
3342,3443,192,21.85
4209,4310,192,17.06
6630,6731,192,26.75
6145,6246,192,24.91
3802,3801,192,8.89
2917,2918,192,8.39
2815,2816,192,8.43
4142,4143,192,24.41
6007,6108,192,61.25
1832,1731,192,4.04
4206,4307,193,118.52
6825,6926,193,75.68
2637,2738,193,121.04
6334,6435,193,50.39
6434,6535,193,51.93
2436,2537,193,57.16
6417,6518,193,26.34
3141,3142,193,14.64
5748,5849,193,23.47
6340,6440,193,13.18
6144,6244,193,11.2
6826,6927,193,70.35
6337,6438,193,25.05
2712,2612,193,6.66
2712,2613,193,10.62
4312,4412,193,7.62
2903,2902,193,2.83
2819,2818,193,1.23
6722,6823,194,111.73
6824,6925,194,92.58
4002,4102,194,20.59
2437,2538,194,24.83
3944,4045,194,21.71
5448,5549,194,21.34
6046,6147,194,19.24
6007,6107,194,20.28
1834,1835,194,20.4
1832,1732,194,4.75
2537,2638,195,79.86
6209,6309,195,19.22
6311,6411,195,18.69
2714,2715,195,19.02
6245,6346,195,24.75
6146,6247,195,24.13
3242,3343,195,21.27
3002,3001,195,1.74
4648,4649,195,22.98
2711,2611,195,5.87
3943,4044,195,21.68
4043,4144,195,21.89
5808,5709,195,9.29
6823,6924,196,108.05
2738,2839,196,50.45
6535,6636,196,62.24
6620,6721,196,37.65
6532,6633,196,28.31
6534,6635,196,30.19
6416,6517,196,24.44
6414,6515,196,23.59
6415,6516,196,22.79
2437,2438,196,12.57
6727,6828,196,19.62
6417,6517,196,11.39
6047,6148,196,24.85
6241,6342,196,14.01
6827,6928,196,32.97
1835,1936,196,79.89
3945,4046,196,20.5
3901,4001,196,23.36
6338,6439,196,18.14
1832,1733,196,7.84
2839,2940,197,150.51
2638,2739,197,96.44
6309,6410,197,76.83
6925,7026,197,59.61
2538,2639,197,68.13
6435,6536,197,43.93
6412,6513,197,28.72
6735,6836,197,28.94
6436,6537,197,30.35
6413,6514,197,26.01
5749,5850,197,21.67
4104,4205,197,23.28
5649,5750,197,21.47
6519,6619,197,16.59
4045,4146,197,52.9
4105,4205,197,12.7
6728,6829,197,19.02
6631,6732,197,16.88
6729,6830,197,17.18
6243,6344,197,11.5
3040,3041,197,7.74
3845,3946,197,19.99
6438,6539,197,44.54
5808,5708,197,5.72
5712,5611,197,2.28
6721,6822,198,93.68
6411,6512,198,68
4044,4145,198,56.66
6048,6149,198,26.89
6246,6347,198,24.08
6437,6538,198,20.36
5948,6049,198,22.15
5848,5949,198,22.87
2036,2137,198,23.14
3745,3846,198,19.11
6245,6345,198,11.53
6634,6734,198,10.05
6410,6511,199,80.71
2739,2840,199,109.9
2639,2740,199,80.16
4205,4306,199,73.03
6924,7025,199,64.11
4046,4147,199,55.08
6925,7025,199,20.87
6926,7027,199,27.28
2613,2614,199,20
4104,4204,199,11.63
6441,6542,199,12.51
6730,6831,199,14.12
2711,2610,199,5.02
3402,3501,199,4.53
6927,7028,199,26.38
1833,1734,199,9.46
6822,6923,200,96.3
6536,6637,200,49.09
6619,6720,200,65.26
7026,7127,200,53.26
2438,2439,200,25.59
4412,4513,200,20.8
3142,3243,200,21.76
5849,5950,200,22.3
6147,6248,200,24.93
6341,6442,200,13.91
6242,6343,200,12.67
1426,1427,200,8.51
4311,4411,200,7.65
2710,2809,200,7.26
6107,6208,200,23.69
4514,4513,200,0.56
1427,1528,201,206.07
4306,4407,201,96.23
2740,2841,201,82.7
6537,6638,201,41.04
6636,6737,201,33.82
6635,6736,201,35.26
6828,6929,201,30.91
4001,4101,201,23.51
4046,4047,201,24.76
6346,6447,201,25.46
6247,6348,201,24.93
6735,6835,201,11.14
6735,6736,201,12.32
4103,4203,201,11.71
6632,6733,201,15.35
5549,5650,201,21.42
1835,1836,201,16.41
6923,7024,202,70.92
4204,4305,202,48.3
7026,7126,202,23.09
6829,6930,202,29.45
1936,2037,202,26.55
6924,7024,202,19.25
6309,6409,202,15.15
4307,4408,202,15.73
6518,6618,202,11.39
6148,6249,202,26.45
4308,4408,202,7.06
6928,7029,202,24.65
1425,1326,202,8.09
1528,1629,202,185.11
2841,2942,203,72.47
2439,2540,203,48.54
6049,6150,203,30.07
6513,6614,203,23.92
6619,6719,203,18.85
6344,6445,203,27.04
6515,6616,203,21.17
6516,6617,203,23.06
4102,4202,203,11.67
6440,6541,203,14.43
3343,3444,203,19.5
1836,1937,203,84.85
4309,4409,203,7.01
6836,6937,203,24.44
4308,4409,203,9.04
2710,2709,203,4.54
6409,6510,204,98.67
4305,4406,204,77.5
4047,4148,204,59.26
4407,4508,204,67.04
2439,2440,204,26.56
6720,6821,204,35.53
4204,4304,204,24.58
4147,4148,204,23.25
6512,6613,204,26.12
6347,6448,204,25.69
6345,6446,204,25.28
6514,6615,204,21.66
2639,2640,204,16.33
3041,3042,204,15.48
6346,6446,204,11.47
1734,1735,204,22.67
2816,2817,204,8.43
4309,4410,204,8.85
5850,5951,204,21.24
6149,6250,204,27.72
2903,2803,204,2.91
5808,5707,204,4.89
7126,7227,205,54.99
6637,6738,205,33.65
2614,2615,205,18.23
5949,6050,205,22.76
5750,5851,205,18.1
6731,6832,205,11.56
6836,6837,205,12.58
1425,1325,205,4.91
6439,6540,205,15.95
2640,2741,206,71.18
6510,6611,206,103.91
4406,4507,206,101.6
6821,6922,206,78.37
6719,6820,206,68.75
4202,4303,206,47.15
2540,2641,206,60.33
2942,3043,206,65.26
6541,6642,206,63.85
4047,4048,206,23.34
4203,4303,206,24.95
6923,7023,206,16.94
2740,2741,206,15.63
6511,6612,206,22.63
3846,3947,206,19.14
6344,6444,206,11.33
6836,6936,206,11.55
4714,4814,206,3.87
6248,6349,206,25.68
2903,2804,206,4.73
2904,2805,206,5.29
5907,6006,206,5.49
6613,6714,207,49.21
3042,3143,207,61.79
2440,2541,207,55.48
6614,6714,207,25.58
6614,6715,207,43.58
6618,6718,207,22.93
7126,7226,207,22.51
6737,6838,207,27.05
6447,6548,207,25.51
2841,2842,207,18.69
3243,3344,207,20.63
4411,4512,207,20.89
5950,6051,207,20.54
7028,7129,207,19.16
2715,2716,207,8.44
3343,3344,207,8.45
4648,4549,207,8.81
3444,3445,207,27.01
6348,6449,207,25.75
6007,6106,207,8.08
6611,6712,208,97.75
6738,6839,208,56.56
7227,7328,208,51.22
6615,6716,208,44.71
4202,4302,208,24.86
2942,2943,208,21.19
2037,2138,208,26.31
6538,6639,208,14.55
6342,6443,208,12.55
1836,1837,208,15.08
5951,6052,208,40.71
5951,5952,208,27.47
6539,6640,208,13.88
5612,5513,208,5.1
6107,6207,208,7.57
5907,5906,208,3.63
6249,6350,208,26.33
7023,7124,209,59.44
6820,6921,209,70.35
2641,2742,209,69.67
7227,7228,209,25.9
6613,6713,209,24.33
2440,2441,209,24.63
6719,6819,209,17.65
6541,6641,209,19.35
6445,6546,209,25.89
4305,4405,209,14.96
1937,2038,209,27.96
5750,5751,209,8.43
2438,2339,209,10.99
6209,6308,209,7.44
5851,5852,209,27.29
4648,4548,209,5.39
1837,1938,210,79.56
2541,2642,210,66.2
7226,7327,210,51.31
6738,6739,210,24.27
7227,7327,210,23.74
6446,6547,210,26.09
6616,6717,210,22.85
6447,6547,210,11.47
7029,7130,210,19.14
1733,1634,210,10.65
6448,6549,210,24.88
6250,6351,210,24.69
6819,6920,211,71.54
6712,6813,211,57.81
6714,6814,211,25.75
6714,6815,211,42.36
7023,7123,211,20.93
4507,4608,211,28.43
3947,3948,211,24.31
1735,1736,211,16.54
4101,4201,211,11.04
7026,7125,211,10.13
6830,6931,211,10.11
6732,6833,211,10.38
2438,2338,211,6.93
2611,2512,211,9.33
6839,6940,211,47.35
1733,1633,211,6.67
3445,3446,211,27.4
6150,6251,211,19.36
2441,2542,212,53.86
6921,7022,212,69.58
2742,2843,212,70.37
2541,2542,212,20.85
6718,6818,212,20.28
2842,2843,212,21.11
7226,7326,212,23.72
6922,7022,212,17.15
4410,4511,212,19.54
4508,4609,212,19.59
6445,6545,212,11.43
6409,6509,212,10.46
2439,2340,212,12.2
6050,6151,212,20.36
6839,6840,212,26.8
5612,5512,212,3.17
6349,6450,212,26.48
2909,2808,212,0.9
2441,2442,213,25.14
4405,4506,213,37.55
6712,6812,213,21.52
6715,6816,213,24.5
6936,7037,213,22.8
4304,4404,213,11.72
6442,6543,213,11.62
6542,6643,213,10.43
3043,3144,213,22.05
5650,5651,213,8.39
2611,2511,213,5.75
1938,2039,213,61.15
6839,6939,213,24.81
6449,6550,213,25.68
4816,4915,213,3.1
5613,5514,213,4.35
6509,6610,214,98.86
6920,7021,214,68.59
6815,6916,214,53.58
6814,6915,214,48.11
7327,7427,214,25.14
7327,7428,214,45.91
6350,6451,214,24.88
6716,6817,214,25.14
3143,3244,214,21.61
6733,6834,214,11.21
6837,6938,214,16.02
2613,2514,214,7.04
6831,6932,214,9.89
3444,3345,214,13.01
1922,1821,214,1.61
6548,6649,214,23.21
4404,4505,215,71.17
2542,2643,215,51.76
6546,6647,215,25.94
2943,3044,215,22.52
1837,1838,215,16.5
4302,4403,215,20.37
1634,1635,215,22.68
4512,4613,215,19.87
6936,7036,215,11.65
4303,4403,215,11.72
4202,4301,215,12.03
7027,7128,215,9
1938,1939,215,22.67
6835,6935,215,7.69
6739,6740,215,24.79
3446,3447,215,27.36
6610,6711,216,86.82
6643,6744,216,57.5
6812,6913,216,61.17
4506,4607,216,53.65
2340,2341,216,25.85
7326,7426,216,25.1
6840,6941,216,45.84
2512,2513,216,20.54
7125,7225,216,22.48
6814,6914,216,24.62
7228,7329,216,20.24
6611,6711,216,10.6
2038,2139,216,22.44
2710,2609,216,3.97
5851,5752,216,13.73
2903,2802,216,2.48
6051,6152,216,16.18
5807,5806,216,3.65
6547,6648,216,24.37
6548,6648,216,11.63
6549,6650,216,25.68
6915,7016,217,50.22
6916,7017,217,51.71
6817,6918,217,56.76
2442,2443,217,27.38
7123,7224,217,27.22
6920,7020,217,17.7
4302,4402,217,11.72
4408,4509,217,9.55
1629,1630,217,6.74
1424,1324,217,3.08
3445,3346,217,14.2
4403,4504,218,62.87
1939,2040,218,49.26
4505,4606,218,51.48
6916,6917,218,25.77
7427,7527,218,25.23
7427,7528,218,45.52
6643,6743,218,21.63
6643,6644,218,23.95
6812,6912,218,20.31
6545,6646,218,26.48
4608,4709,218,23.19
5852,5953,218,15.95
6546,6646,218,11.43
6052,6153,218,15.53
7328,7429,218,15.26
5952,6053,218,15.55
1736,1737,218,15.86
6929,7030,218,8.57
6251,6352,218,21.94
3644,3645,218,2.84
6914,7015,219,53.66
6744,6845,219,49.74
4607,4708,219,53.66
6913,7014,219,54.8
1939,1940,219,26.39
2643,2644,219,26.87
6740,6741,219,25.75
4301,4401,219,26
6915,7015,219,24.04
7021,7122,219,29.74
2716,2717,219,8.42
6930,7031,219,8.78
2843,2944,219,22.56
6550,6651,219,25.71
6251,6252,219,12.61
2610,2510,219,5.23
1732,1632,219,4.07
2805,2806,219,8.13
6151,6252,219,20.28
3447,3448,219,25.25
6912,7013,220,77.53
7016,7117,220,62.11
7017,7118,220,68.99
6918,7019,220,66.85
6744,6745,220,26.28
7426,7526,220,25.13
1838,1839,220,21.89
2341,2342,220,27.42
6649,6750,220,25.74
2514,2515,220,18.11
4606,4707,220,79.63
4609,4710,220,19.81
4511,4612,220,18.61
7123,7223,220,11.31
3144,3245,220,20.93
6351,6452,220,15.43
2139,2140,220,27.27
1326,1327,220,5.86
6832,6933,220,10.08
5752,5853,220,42.05
5752,5753,220,27.44
6207,6307,220,8.58
1327,1428,221,185.16
6917,7018,221,59.7
6743,6844,221,50.02
6744,6844,221,24.18
4403,4503,221,19.69
6545,6645,221,11.38
6647,6748,221,24.65
6106,6206,221,7.38
7226,7325,221,10.71
4409,4510,221,8.29
6450,6551,221,17.32
6937,7038,221,8.31
6550,6551,221,12.53
3346,3347,221,26.67
4707,4808,222,95.67
7019,7120,222,71.54
7015,7116,222,59.44
7014,7115,222,59.17
4401,4502,222,56.21
5953,6054,222,38.89
5953,5954,222,27.41
4504,4605,222,36.39
7020,7121,222,30.3
6650,6751,222,25.7
1635,1636,222,15.97
3044,3145,222,20.83
6610,6710,222,12.65
6509,6609,222,10.43
6443,6544,222,10.88
7129,7230,222,9.91
7037,7138,222,16.58
6309,6408,222,5.39
1428,1529,222,185.15
6648,6749,222,24.26
4040,4140,222,2.05
4605,4706,223,141.47
7018,7119,223,73.88
7118,7219,223,66.98
7013,7114,223,64.12
7117,7218,223,69.13
1940,1941,223,25.28
6845,6945,223,25.82
6845,6946,223,41.77
6845,6846,223,27.45
4708,4809,223,42.6
2644,2645,223,27.3
6743,6843,223,24.1
6451,6552,223,15.85
3947,3847,223,6.08
1633,1534,223,12.46
6745,6846,223,49.42
7116,7217,224,71.01
4502,4603,224,72.48
1839,1840,224,26.45
4401,4501,224,22.09
4808,4909,224,102.4
1737,1738,224,17.95
4709,4810,224,27.13
7036,7137,224,15.88
5853,5854,224,27.47
7428,7529,224,15.18
2442,2343,224,14.07
7326,7425,224,12.36
6641,6742,224,10.06
6712,6811,224,8.9
6647,6747,224,11.54
7526,7626,224,25.13
7526,7627,224,45.99
1633,1533,224,8.04
7329,7430,224,17.68
3745,3746,224,3.01
6711,6811,224,13.3
3448,3449,224,20.68
6152,6253,224,19.48
6745,6746,224,26.36
4706,4807,225,91.85
7120,7221,225,55.59
7115,7216,225,68.13
6844,6944,225,25.94
6912,7012,225,14.95
4509,4610,225,19.56
7130,7231,225,9.58
6833,6934,225,10.14
3145,3246,225,53.17
4603,4704,226,78.74
7114,7215,226,62.18
7119,7220,226,60.22
7219,7320,226,48.55
1941,2042,226,55.33
4809,4910,226,53.7
4503,4604,226,31.66
6750,6851,226,24.91
7013,7113,226,19.25
3347,3348,226,24.27
7528,7629,226,18.09
2443,2544,226,16.07
7429,7530,226,17.68
5954,6055,226,39.39
5954,5955,226,27.44
2341,2242,226,14.28
6053,6154,226,19.94
6931,7032,226,9.56
6054,6154,226,25.92
6054,6155,226,40.58
6054,6055,226,27.47
7527,7628,226,18.65
2944,3045,226,21.81
5752,5653,226,14.42
3145,3146,226,25.35
6153,6254,226,20.02
6153,6154,226,12.53
4909,5010,227,50.64
6945,7045,227,25.81
6945,7046,227,41.82
6710,6810,227,23.82
6609,6709,227,24.06
6452,6553,227,22.32
4710,4811,227,20.37
6843,6943,227,25.65
2515,2616,227,22.58
2040,2141,227,16.11
4807,4908,227,113.11
1634,1535,227,8.61
7217,7318,227,56.34
6940,7041,227,8.93
5710,5610,227,2.21
6946,7046,227,25.96
6946,7047,227,40.08
6946,6947,227,27.46
6748,6849,227,24.05
4604,4705,228,98.24
4704,4805,228,99.55
1840,1841,228,25.68
7425,7525,228,25.07
1941,1942,228,24.68
6749,6850,228,24.75
6751,6852,228,25.69
7121,7222,228,25.62
6452,6453,228,12.61
7122,7222,228,11.38
6352,6453,228,14.51
7426,7525,228,12.41
7216,7317,228,59.86
4548,4448,228,5.37
6651,6752,228,17.35
1636,1637,228,18.12
5708,5609,228,4.67
3449,3450,228,27.32
4908,5009,229,78.02
7320,7421,229,48.43
4910,5011,229,50.62
4810,4911,229,35.24
1738,1739,229,20.32
6944,7044,229,25.7
7114,7214,229,19.94
4502,4602,229,16.44
7215,7316,229,58.16
4510,4611,229,20.17
7223,7324,229,17.31
4612,4713,229,15.97
2443,2444,229,8.37
7036,7136,229,7.69
6935,7035,229,7.69
5955,6056,229,49.73
2709,2708,229,3.98
6055,6156,229,52.12
6939,7040,229,8.97
6932,7033,229,9.73
6252,6353,229,14.59
3346,3247,229,12.39
5010,5111,230,50.64
7320,7321,230,26.58
7530,7630,230,25.46
7530,7631,230,44.3
7530,7531,230,27.26
3045,3046,230,25.49
2644,2545,230,13.78
1630,1631,230,7.83
7128,7229,230,9.93
5955,5956,230,26.28
6551,6652,230,17.3
7230,7331,230,19.56
7038,7139,230,17.15
5707,5608,230,5.46
6747,6848,230,23.83
6748,6848,230,11.58
5009,5110,231,99.33
4805,4906,231,54.35
6947,7048,231,38.73
6947,6948,231,27.4
7320,7420,231,24.54
4603,4703,231,14.62
6810,6910,231,25.03
6810,6911,231,46.43
7215,7315,231,21.39
6812,6911,231,8.1
3348,3349,231,21.94
2512,2413,231,7.33
6943,7043,231,25.57
2803,2704,231,5.38
5448,5449,231,2.3
6938,7039,231,8.66
2610,2509,231,4.46
2511,2412,231,8.26
5011,5112,232,50.63
7421,7522,232,48.85
7525,7625,232,25.02
4705,4806,232,46.94
6851,6952,232,25.53
6155,6256,232,26.77
6709,6809,232,22.42
7627,7728,232,17.83
6746,6847,232,19.25
6253,6354,232,19.52
6552,6653,232,17.08
2645,2746,232,16.11
1839,1740,232,12.04
2806,2807,232,7.72
7526,7625,232,12.41
1633,1532,232,6.95
5956,6057,232,76.23
7138,7239,232,15.43
5807,5706,232,3.23
2219,2319,232,2.06
5611,5511,232,2.92
4806,4907,233,181.19
7321,7422,233,50.66
4911,5012,233,40.4
2444,2445,233,26.61
7316,7417,233,47.05
7421,7422,233,26.49
6553,6654,233,23.79
1637,1638,233,20.31
4610,4711,233,19.71
7626,7727,233,17.49
1535,1536,233,17.5
7317,7417,233,24.39
5111,5212,233,50.64
5110,5211,233,78.85
6941,7042,233,8.7
7130,7131,233,4.49
7231,7332,233,19.42
2511,2411,233,5.02
6154,6255,233,20.53
4906,5007,234,69.04
7420,7521,234,48.8
2545,2646,234,45.17
2545,2546,234,27.15
7321,7322,234,26.05
7316,7416,234,24.89
7421,7521,234,24.43
6752,6853,234,24.92
4811,4912,234,22.95
7628,7729,234,18.16
2042,2143,234,19.87
6254,6355,234,19.82
7221,7322,234,16.53
7315,7416,234,49.41
6408,6508,234,8.51
7223,7323,234,7.68
6307,6407,234,7.3
6843,6942,234,13.4
6849,6950,234,21.22
1533,1433,234,10.26
1533,1434,234,15.04
7137,7238,234,15.4
2803,2703,234,3.39
2609,2608,234,5.75
5707,5607,234,3.45
7629,7730,234,18.53
5212,5313,235,93.19
6948,7049,235,38.92
6948,6949,235,27.42
6910,7010,235,25.93
6910,7011,235,40.45
6852,6953,235,23.35
6453,6554,235,20.94
6850,6951,235,23.34
6553,6554,235,12.6
7047,7148,235,18.26
7041,7142,235,19.14
6851,6951,235,11.47
3450,3551,235,23.37
7012,7112,235,10.15
1942,2043,235,20.56
6609,6708,235,11.06
1324,1225,235,8.18
7045,7146,235,18.72
7031,7132,235,9.25
3349,3350,235,27.43
5854,5755,235,13.08
1529,1530,235,8.19
5112,5213,235,58.33
5211,5312,235,70.83
6933,7034,235,9.77
7046,7147,235,18.2
6206,6306,235,7.38
2419,2418,235,0.8
3449,3350,235,13.86
7417,7518,236,48.75
4907,5008,236,68.74
7522,7622,236,25.32
7522,7623,236,45.02
7522,7523,236,27.17
4703,4804,236,29.95
7420,7520,236,24.44
6453,6454,236,12.58
6752,6753,236,12.57
4704,4804,236,10.32
7315,7415,236,24.27
7425,7524,236,12.32
1740,1741,236,25.38
6609,6608,236,7.25
3347,3248,236,9.78
3948,3849,236,5.72
5956,5957,236,17.49
5216,5115,236,1.74
7112,7213,237,85.18
7322,7423,237,50.66
7422,7423,237,26.88
7416,7517,237,49.28
5012,5113,237,40.51
2445,2446,237,25.99
7530,7431,237,13.64
7425,7424,237,8.25
1941,1842,237,10.12
7044,7145,237,19.06
5007,5108,237,68.01
7430,7431,237,8.33
7010,7111,238,51.65
3849,3950,238,72.3
7146,7247,238,47.75
5213,5314,238,55.39
7229,7330,238,19.61
6057,6158,238,28.26
7214,7314,238,11.21
4602,4702,238,11.46
5449,5550,238,21.47
2242,2243,238,8.42
2143,2144,238,25.7
4501,4601,238,7.69
1324,1224,238,4.97
1324,1323,238,4.84
5312,5413,238,67.35
2514,2415,238,6.11
6653,6754,238,24.28
5313,5414,238,50.69
7137,7237,238,7.68
3001,2901,238,2.36
5008,5109,238,80.9
5549,5550,238,2.28
7033,7134,238,16.77
1536,1537,238,20.31
3146,3147,238,8.39
7531,7632,238,18.32
7630,7731,238,18.18
7631,7732,238,17.83
1434,1435,239,23.5
7521,7621,239,24.87
6355,6456,239,30.77
6255,6356,239,28.03
6654,6755,239,24.36
7416,7516,239,24.31
6809,6909,239,15.24
6952,7053,239,21.54
1638,1639,239,18.76
7048,7149,239,18.4
7320,7419,239,11.61
3045,2946,239,10.88
1534,1435,239,9.37
6810,6909,239,12.27
7043,7144,239,19.03
2510,2410,239,5.13
7331,7432,239,15.81
7523,7624,240,43.21
7518,7619,240,44.99
7518,7519,240,27.18
7623,7723,240,25.58
7623,7724,240,43.54
7623,7624,240,27.34
7010,7110,240,23.61
7146,7246,240,24.72
4912,5013,240,24.62
6354,6455,240,18.96
7139,7240,240,15
4611,4712,240,13.05
7525,7624,240,12.25
4805,4905,240,8.77
3847,3747,240,6.02
2513,2414,240,5.99
1533,1432,240,8.99
7039,7140,240,17
5650,5551,240,3.66
2144,2145,241,49.59
3950,3951,241,48.18
3849,3850,241,53.12
2243,2344,241,33.5
6654,6655,241,26.72
6407,6507,241,8.55
4703,4803,241,6.02
6057,6058,241,32.17
3045,2945,241,5.17
3349,3249,241,8.65
3349,3250,241,17.47
6950,7051,241,17.68
7131,7232,241,3.9
3046,3047,241,22.54
1435,1436,242,53.64
1537,1538,242,53.77
3950,4051,242,34.12
7145,7245,242,12.33
6554,6555,242,26.45
6953,7054,242,17.67
6953,6954,242,28.32
1530,1531,242,37.07
6951,7052,242,17.68
1639,1640,242,52.74
1225,1226,242,46.43
7728,7829,242,12.73
7625,7726,242,4.39
6952,7052,242,5.33
6910,7009,242,8.67
1739,1640,242,14.89
2704,2705,242,19.47
5806,5905,242,3.25
5957,5958,242,30.02
5108,5209,242,17.51
6853,6854,243,21.22
7239,7340,243,12.69
7111,7212,243,34.42
7032,7133,243,5.95
3645,3646,243,9.88
3350,3451,243,3.89
5755,5756,243,24.53
5109,5210,243,17.61
3850,3851,244,45.19
6755,6756,244,28.69
4702,4802,244,13.48
3147,3148,244,23.75
4601,4701,244,15.1
3950,4050,244,12.31
7517,7617,244,10.12
1538,1539,244,53.47
7035,7135,244,3.88
7111,7211,244,14.51
1740,1641,244,17.4
5806,5805,244,2.55
1436,1437,244,53.87
7624,7725,245,33.84
7247,7248,245,20.46
6655,6656,245,28.43
7238,7339,245,12.68
4711,4812,245,5.36
2143,2044,245,16.04
6709,6808,245,4.12
7432,7433,245,20.33
7136,7236,245,3.87
2716,2617,245,5.6
2946,2947,245,22.51
2609,2508,245,4.44
7054,7055,246,29.58
6555,6556,246,31.34
1226,1227,246,31.03
6456,6557,246,16.13
6754,6855,246,17.62
7727,7828,246,4.48
3551,3652,246,4.42
1539,1540,246,53.31
2515,2516,246,10.99
5512,5412,246,3.5
6950,7050,246,5.3
3047,3048,246,23.29
2843,2844,246,8.55
2705,2706,246,28.45
1437,1438,246,53.72
6954,6955,247,21.94
7053,7154,247,17.67
6755,6856,247,17.68
2546,2647,247,3.26
1942,1943,247,10.42
1327,1328,247,11.22
1428,1429,247,11.22
7531,7532,247,10.49
6006,6105,247,2.9
7248,7249,248,48.36
7340,7341,248,20.21
7433,7434,248,48.09
7212,7313,248,33.85
6756,6757,248,31.06
6656,6657,248,35.26
2144,2045,248,15.43
7142,7143,248,10.72
3451,3552,248,34.4
3048,3049,248,52.46
7332,7333,248,8.9
4906,5006,248,4.02
7315,7414,248,5.21
1438,1439,248,53.59
7040,7141,248,6.01
5756,5757,248,21.26
4802,4903,249,34.44
4050,4151,249,32.87
7247,7348,249,12.75
7632,7633,249,10.87
7732,7733,249,11.04
2415,2416,249,11.65
1842,1843,249,10.31
1741,1742,249,10.78
1434,1335,249,10.6
7730,7831,249,4.61
4448,4348,249,4.18
2647,2648,249,53.05
7237,7338,249,12.69
7134,7235,249,12.68
3249,3150,249,19.56
3148,3149,249,24.18
7729,7830,249,4.61
1540,1541,249,47.86
1439,1440,250,53.68
2706,2707,250,27.84
6557,6558,250,31.23
7055,7056,250,27.1
7433,7534,250,34.15
7212,7312,250,16.15
4803,4904,250,17.35
3951,3952,250,11.93
7051,7152,250,17.63
7240,7241,250,10.99
1328,1329,250,42.03
4912,4913,250,9.1
6507,6607,250,12.37
7149,7150,250,10.16
7432,7533,250,12.72
2947,2948,250,22.62
7621,7722,250,12.85
1335,1336,251,53.87
6657,6658,251,34.19
1429,1430,251,28.85
6856,6857,251,29.37
5209,5310,251,17.48
4051,4052,251,11.92
7054,7155,251,17.68
5551,5552,251,9.47
5013,5014,251,9.16
7415,7515,251,5.13
2608,2607,251,5.26
7733,7734,252,45.97
6955,6956,252,21.06
4701,4801,252,13.18
4802,4902,252,13.5
2145,2146,252,9.65
3850,3750,252,9.38
7723,7824,252,12.77
7619,7620,252,8.93
7246,7347,252,12.75
1224,1125,252,10.91
2648,2649,252,46.06
3451,3352,252,17.51
7521,7620,252,5.9
5958,5959,252,10.66
5108,5208,252,5.84
2510,2409,252,4.38
5211,5311,252,3.86
1623,1622,252,1.13
5210,5311,252,17.63
6006,6005,252,2.23
1440,1441,253,48.75
7333,7334,253,20.51
3952,3953,253,40.86
3851,3852,253,12.13
7052,7153,253,12.96
7534,7535,253,46.89
1336,1337,253,53.35
7142,7243,253,4.39
7617,7718,253,17.67
5113,5114,253,7.6
2948,2949,253,48.19
5007,5107,253,4.11
7232,7233,253,8.86
1430,1431,254,35.03
7733,7834,254,34.45
4903,5004,254,34.39
7434,7435,254,19.91
7341,7342,254,19.93
4151,4252,254,34.34
3646,3647,254,9.8
7245,7346,254,12.69
1641,1642,254,10.82
2648,2749,254,34.45
2647,2748,254,23.26
7111,7210,254,8.43
5113,5214,254,2.29
1329,1330,254,32.65
5707,5606,254,2.59
5608,5509,254,7.33
5609,5510,254,7.17
5611,5510,254,2.49
2649,2650,255,49.28
6857,6858,255,32.97
7155,7156,255,26.97
7312,7413,255,34.39
7150,7151,255,21.11
1227,1228,255,11.2
7055,7156,255,17.6
7340,7441,255,12.69
7050,7151,255,17.66
7534,7635,255,34.37
7145,7244,255,6.86
2516,2517,255,11.91
1434,1334,255,4.6
1125,1126,255,35.25
7533,7634,255,34.24
1324,1223,255,3.13
2703,2604,255,7.6
5607,5508,255,7.72
7133,7234,255,12.78
4903,5003,256,14.69
4052,4153,256,34.28
6856,6957,256,17.68
3852,3853,256,39.16
4812,4813,256,9.87
6608,6707,256,5.75
2949,2950,256,47.4
7312,7412,257,14.73
7733,7833,257,13.66
5757,5758,257,11.82
1943,1944,257,10.47
7236,7337,257,12.72
7339,7440,257,12.73
7824,7825,257,20.16
7718,7719,257,28.1
2648,2549,257,17.91
1337,1338,257,30.51
6306,6406,257,3.84
2416,2417,258,11.83
7414,7514,258,10.56
7154,7255,258,13.17
3652,3753,258,12.21
7212,7311,258,9.77
7249,7250,258,10.45
2950,2951,258,52.43
2650,2651,258,47.71
4814,4914,258,0.94
2803,2702,258,2.15
2844,2845,258,8.57
1423,1422,258,1.06
2549,2550,259,51.82
4153,4154,259,40.58
6858,6859,259,29.12
5004,5005,259,24.45
7342,7343,259,20.18
4902,5002,259,14.59
1440,1341,259,16.07
7056,7057,259,11.2
3853,3854,259,41.76
7241,7242,259,11.15
2749,2850,259,34.27
1843,1844,259,10.23
1338,1339,259,53.83
1541,1542,259,10.91
1742,1743,259,10.56
7831,7832,259,10.83
2045,2046,259,9.79
7719,7720,259,50.24
4905,5005,259,5.34
2608,2507,259,5.51
2948,2849,259,16.49
5653,5554,259,5.05
1228,1229,260,21.13
6957,6958,260,30.84
7435,7436,260,19.91
7834,7835,260,19.84
6857,6958,260,17.43
7155,7256,260,17.59
7341,7442,260,12.63
5209,5309,260,5.88
1224,1124,260,4.75
7010,7109,260,4.5
6507,6506,260,5.41
2604,2605,260,22.4
5310,5411,260,17.56
3753,3754,261,41.02
5003,5104,261,34.1
4153,4254,261,33.64
7734,7735,261,11.25
3352,3353,261,11.54
4801,4901,261,11.45
7150,7251,261,12.88
7348,7449,261,12.71
7152,7253,261,13.07
1339,1340,261,53.68
5014,5015,261,10.28
5554,5555,261,53.83
2648,2548,261,8.98
7517,7616,261,5.44
2951,2952,261,42.09
7338,7439,261,12.74
2413,2314,261,5.55
2412,2313,261,5.46
2651,2652,261,47.66
6958,6959,262,50.14
7535,7536,262,11.14
5959,5960,262,10.65
3750,3650,262,10.7
7722,7823,262,12.81
2850,2851,262,42.06
7719,7820,262,33.28
7718,7819,262,17.66
6507,6606,262,6.88
2411,2312,262,5.4
2121,2120,262,0.17
7514,7615,263,33.35
5003,5103,263,15.63
4153,4054,263,20.67
4153,4253,263,16.49
4252,4253,263,11.52
5004,5105,263,17.26
1441,1442,263,10.65
2951,3052,263,34.05
7617,7717,263,5.39
2703,2603,263,3.49
1229,1230,263,37.13
2651,2752,263,34.25
7449,7450,264,46.89
2652,2653,264,41.67
3754,3755,264,42.1
7343,7344,264,20.12
7635,7636,264,11.13
7413,7513,264,11.79
7347,7448,264,12.71
1126,1127,264,11.17
1335,1236,264,9.5
1642,1643,264,10.66
7824,7925,264,12.68
7820,7821,264,50.64
1336,1237,264,11.33
7153,7254,264,13.27
5806,5705,264,2.67
7620,7721,264,12.86
5607,5507,264,3.57
2952,2953,264,44.55
2605,2606,264,28.41
7251,7252,265,28.75
6958,7059,265,33.34
4154,4155,265,18.77
7156,7157,265,11.02
7334,7335,265,8.86
5554,5655,265,27.73
5755,5656,265,5.06
7449,7550,266,34.37
2652,2753,266,33.95
7835,7836,266,19.9
2851,2852,266,28.87
7346,7447,266,12.71
7834,7935,266,12.61
7342,7443,266,12.69
5758,5659,266,16.99
1230,1231,266,35.16
2951,2852,266,20.03
2410,2311,266,5.38
1237,1238,266,52.8
2952,3053,266,34.43
3755,3756,267,43.77
4254,4255,267,19.19
5002,5102,267,13.99
1944,1945,267,10.37
7441,7542,267,12.63
5208,5308,267,6.87
7312,7411,267,8.59
5555,5556,267,19.58
6557,6458,267,6.78
7825,7826,267,10.89
7820,7921,267,33.03
7819,7920,267,33.94
6106,6205,267,2.02
2651,2552,267,16.86
1238,1239,268,53.69
4155,4156,268,42.91
2653,2654,268,32.21
7615,7716,268,31.11
5103,5204,268,34.46
5105,5106,268,24.63
2652,2553,268,20.22
4253,4354,268,33.4
6859,6860,268,12.49
5005,5106,268,17.25
7514,7614,268,10.99
2549,2450,268,13.38
5006,5106,268,5.25
7245,7345,268,3.9
2752,2853,268,29.84
7448,7549,269,34.3
3755,3856,269,34.35
2653,2754,269,29.51
4054,4055,269,18.26
2548,2449,269,17.71
7449,7549,269,13.11
3754,3655,269,20.02
2550,2451,269,15.69
1844,1845,269,10.49
1341,1342,269,10.07
7833,7934,269,12.5
7337,7438,269,12.73
4902,5001,269,8.48
1231,1232,269,33.92
1743,1744,269,10.27
1432,1333,269,4.96
5309,5410,269,17.63
5310,5410,269,5.74
3756,3757,270,44.55
7059,7160,270,33
4155,4256,270,34.22
7335,7336,270,20.4
5104,5205,270,17.26
7735,7736,270,11.27
7251,7352,270,17.68
3353,3354,270,11.44
7436,7437,270,10.88
1340,1241,270,15.72
1542,1543,270,9.88
5107,5207,270,6.17
1334,1235,270,10
7450,7451,270,19.99
2553,2554,271,48.46
2654,2655,271,35.33
7935,7936,271,20.2
6860,6861,271,38.29
2653,2554,271,22.57
5103,5203,271,13.79
7536,7537,271,11.13
5960,5961,271,11.42
2046,2047,271,8.34
7343,7444,271,12.67
3750,3649,271,7.8
7550,7551,271,20.18
2314,2315,271,10.56
4448,4347,271,2.87
7819,7919,271,11.91
3856,3857,272,42.75
2451,2452,272,43.97
1239,1240,272,30.73
3756,3857,272,34.43
2753,2854,272,25.34
7836,7837,272,19.47
7448,7548,272,12.82
3755,3656,272,19.21
5105,5206,272,17.29
7717,7818,272,17.66
3655,3656,272,45.22
7253,7354,272,13.15
7826,7827,272,20.64
7718,7818,272,5.42
4256,4257,273,43.9
7160,7161,273,44.28
3757,3758,273,44.56
6860,6961,273,32.79
7542,7543,273,19.97
7513,7613,273,11.22
2548,2448,273,8.83
4254,4355,273,12.46
7829,7930,273,4.69
2047,2048,274,46.75
2554,2555,274,39.38
7352,7353,274,27.48
2754,2855,274,31.22
3856,3957,274,34.19
7549,7650,274,34.16
7252,7353,274,17.68
7636,7637,274,11.04
6406,6405,274,6.16
3552,3453,274,5.5
6808,6908,274,3.55
1232,1233,274,22.84
5554,5455,274,9.99
7823,7924,274,12.75
2953,2954,274,11.07
7925,7926,274,10.77
7160,7261,275,34.41
3757,3858,275,34.43
7451,7552,275,34.32
7920,8020,275,12.78
5102,5202,275,12.6
6860,6761,275,21.48
7615,7715,275,8.93
1442,1443,275,8.81
7254,7355,275,13.08
6707,6807,275,5.39
3053,3054,275,11.23
1643,1644,275,9.49
6158,6258,275,2.79
5659,5760,275,17.26
7161,7162,276,42.21
4355,4356,276,44.15
1233,1234,276,53.28
5203,5304,276,32.31
3856,3956,276,15.42
2450,2351,276,19.09
6861,6862,276,23.87
7411,7512,276,17.44
6860,6760,276,12.53
7344,7445,276,12.63
5308,5409,276,17.42
6406,6505,276,7.79
7210,7310,276,4.69
1230,1331,276,10.9
7716,7817,276,17.68
1237,1138,276,12.19
5508,5409,276,6.96
7821,7822,276,8.7
7721,7822,276,12.82
2048,2049,277,46.71
5961,5962,277,19.4
7936,7937,277,19.71
7160,7260,277,14.61
5001,5101,277,12.73
2451,2352,277,19.11
2553,2454,277,16.29
5204,5305,277,17.38
2552,2453,277,14.73
3655,3556,277,18.41
5002,5101,277,8.03
7537,7538,277,19.75
1231,1332,277,13.87
1236,1137,277,11.08
7161,7262,278,34.08
4257,4358,278,34.41
7837,7838,278,19.53
2554,2455,278,21.12
7549,7649,278,12.39
1945,1946,278,9.89
7935,8036,278,12.69
7550,7651,278,12.69
7828,7929,278,4.52
7926,7927,279,21.05
2655,2656,279,13.79
5205,5306,279,17.27
7736,7737,279,11.17
3354,3355,279,11.23
2449,2350,279,14.74
1744,1745,279,10.05
2450,2350,279,9.93
7542,7643,279,12.64
6406,6305,279,6.45
7826,7927,279,12.78
7921,7922,279,8.4
5552,5453,279,5.06
2901,2801,279,2.45
2409,2310,279,5.39
5760,5761,279,26.15
3556,3557,280,44.8
2049,2050,280,38.55
6862,6863,280,28.16
5202,5303,280,32.93
7552,7553,280,20.88
6761,6762,280,22.1
4355,4455,280,14.68
2315,2316,280,11.58
7345,7446,280,12.68
3656,3557,280,18.18
1238,1139,280,10.56
4354,4455,280,12.47
5455,5456,280,18.21
1127,1128,280,6.56
3655,3555,280,9.37
1845,1846,280,9.84
7346,7446,280,3.89
7830,7931,280,4.59
1138,1139,280,31.55
2455,2456,281,47.19
4356,4457,281,34.28
7161,7062,281,19.97
2448,2349,281,19.1
4257,4158,281,18.94
5206,5307,281,16.46
1241,1242,281,9.43
7934,8035,281,12.68
2603,2504,281,8.28
1223,1123,281,3.93
7441,7541,281,3.92
1342,1343,281,8.67
7831,7932,281,4.49
5606,5506,281,3.85
6863,6864,282,50.66
3355,3356,282,45.22
2049,2150,282,32.89
2555,2556,282,13.89
3758,3759,282,11.52
7613,7714,282,17.67
1240,1141,282,15.26
1543,1544,282,8.71
1228,1129,282,5.3
1343,1344,283,52.57
2050,2051,283,48.62
4358,4459,283,33.06
8036,8037,283,20.17
7538,7539,283,19.9
7937,7938,283,19.73
3957,3958,283,11.68
7543,7544,283,11.1
5961,6062,283,12.51
2655,2756,283,12.69
7936,8037,283,12.58
7551,7652,283,12.74
7833,7933,283,3.97
7537,7638,283,12.59
7651,7652,283,20.65
5554,5454,283,4.3
3453,3454,283,11.18
2954,2955,283,11.34
5761,5762,283,25.51
5706,5605,283,2.7
2604,2505,283,5.21
1141,1142,284,53.13
2456,2457,284,35.26
1139,1140,284,30.34
7643,7644,284,20.42
3355,3456,284,34.46
7838,7839,284,19.62
2049,1950,284,21.4
7817,7918,284,17.68
4457,4458,284,47.4
7162,7163,284,12.66
2351,2252,284,19.57
8020,8121,284,17.62
3858,3859,284,11.62
2448,2348,284,9.94
6760,6661,284,19.96
7448,7547,284,7.19
5308,5408,284,5.98
6606,6706,284,4.75
7715,7816,284,17.66
3054,3055,284,11.39
7922,7923,284,20.14
7827,7928,284,12.76
2855,2856,284,11.1
1235,1136,284,10.44
5659,5560,284,8.31
7819,7918,284,6.58
5760,5861,284,17.51
1344,1345,285,52.57
2051,2052,285,52.03
6864,6865,285,38.41
6863,6964,285,33.02
3557,3558,285,24.85
7553,7554,285,21.06
6762,6763,285,20.1
3556,3457,285,18.65
5304,5405,285,17.47
6862,6963,285,17.66
5202,5302,285,10.5
7926,8027,285,12.86
7109,7209,285,4.02
5959,6060,285,4.32
1142,1143,286,52.77
1950,1951,286,51.38
3454,3455,286,45.74
6062,6063,286,42.62
2756,2757,286,47.9
3356,3357,286,25.07
1343,1444,286,31.15
2456,2557,286,31.32
2656,2657,286,16.12
5305,5406,286,17.35
2352,2353,286,11.39
5962,5963,286,11.77
2049,1949,286,12.41
4457,4558,286,34.3
2351,2251,286,10.36
6760,6660,286,10.74
7650,7751,286,12.69
7924,8025,286,12.72
2052,2053,287,52.17
6864,6965,287,32.84
3355,3256,287,18.41
7262,7263,287,11.98
2455,2356,287,17.18
7552,7653,287,12.83
1644,1645,287,8.72
1233,1134,287,11.45
7160,7259,287,8.5
7920,8019,287,7.16
2313,2214,287,5.51
2505,2506,287,26.15
1444,1445,288,52.82
1143,1144,288,51.67
3558,3559,288,43.83
2457,2458,288,30.49
1344,1445,288,31.15
7638,7639,288,20.25
4459,4560,288,34.36
6062,6163,288,34.16
2756,2857,288,34.19
2456,2357,288,22.22
5456,5357,288,18.34
6060,6061,288,42.98
5306,5407,288,16.88
4358,4259,288,14.57
7445,7546,288,12.64
5102,5201,288,7.04
7513,7612,288,6.13
2312,2213,288,5.49
5761,5862,288,17.43
2053,2054,289,53.75
1134,1135,289,53.82
6063,6064,289,39.19
1951,1952,289,47.61
4558,4559,289,42.13
3457,3458,289,25.28
2457,2558,289,28.37
1142,1243,289,30.85
4458,4559,289,33.78
7644,7645,289,20.2
8037,8038,289,19.95
7938,7939,289,19.64
6864,6765,289,21.44
5303,5404,289,17.53
7737,7738,289,11.07
7937,8038,289,12.59
2316,2317,289,11.38
6661,6662,289,22.71
2603,2503,289,3.98
2357,2358,290,52.55
6963,7064,290,34.04
4259,4260,290,51.28
5302,5403,290,31.9
2052,2153,290,31.67
7839,7840,290,19.62
3357,3358,290,25.58
6062,6162,290,15.49
7062,7063,290,11.7
4158,4159,290,11.81
6863,6764,290,14.51
6060,6161,290,34.23
3355,3255,290,9.37
2455,2355,290,8.44
7649,7750,290,12.77
1946,1947,290,8.68
8036,8137,290,12.68
4355,4454,290,8.56
3256,3257,290,46.27
7549,7648,290,6.9
7411,7511,290,4.52
7651,7752,290,12.78
2054,2055,291,53.87
1243,1244,291,52.29
1952,1953,291,53.82
5862,5863,291,42.57
2458,2459,291,42.42
3559,3560,291,48.86
2757,2758,291,23.91
6063,6164,291,33.15
1444,1545,291,30.78
1143,1244,291,32.2
4558,4659,291,34.06
6865,6866,291,18.43
3454,3554,291,13.79
4459,4360,291,19.16
3759,3760,291,11.57
7714,7815,291,17.68
7553,7654,291,12.87
1745,1746,291,8.51
7643,7744,291,12.74
3655,3554,291,6.73
7922,8023,291,12.68
7921,8022,291,6.13
5659,5559,291,4.01
2703,2602,291,2.44
1137,1038,291,10.41
2153,2154,292,52.25
2358,2359,292,53.05
3458,3459,292,45.36
2053,2154,292,28.31
4260,4261,292,53.73
2657,2658,292,18.74
7544,7545,292,11.12
3958,3959,292,11.52
2349,2250,292,13.51
6060,6160,292,15.31
1445,1446,292,31.4
6807,6907,292,6.17
5762,5763,292,12.22
4455,4556,292,12.35
2311,2212,292,5.49
3560,3561,293,52.14
1953,1954,293,52.5
2055,2056,293,53.16
1947,1948,293,47.46
6765,6766,293,31.38
7639,7640,293,20.33
2458,2559,293,34.12
3358,3359,293,47.42
6063,5964,293,21.19
4558,4658,293,15.74
8121,8222,293,17.58
3859,3860,293,11.63
7163,7164,293,12.01
7816,7917,293,17.68
2252,2253,293,11.47
2348,2249,293,15.97
1545,1546,293,53.6
7539,7540,293,11.01
4159,4160,293,44.04
7932,8033,293,12.58
7541,7642,293,12.59
1846,1847,293,8.01
2049,1948,293,9.29
2857,2858,293,22.33
8020,8120,293,5.59
2448,2347,293,7.19
7613,7713,293,5.07
2856,2957,293,16.88
8035,8136,293,12.71
2459,2460,293,50.69
7542,7642,293,3.92
1123,1024,293,12.15
1038,1039,293,53.83
7439,7540,293,4.5
3052,3153,293,4.77
5560,5561,293,12.08
2955,2956,293,11.03
2409,2309,293,2.47
3055,3056,293,11.18
5760,5860,293,5.82
2154,2155,294,53.67
3459,3460,294,50.1
6064,6065,294,22.32
1949,1850,294,18.09
5863,5864,294,41.67
2359,2360,294,51.01
3257,3258,294,25.79
7645,7646,294,20.2
1233,1133,294,5.03
4156,4057,294,5.54
7840,7841,295,20.02
7064,7165,295,34.12
2153,2254,295,31.58
7752,7753,295,20.49
1546,1547,295,53.86
8038,8039,295,19.61
2758,2759,295,26.17
7939,7940,295,19.66
8137,8138,295,20.13
6162,6263,295,34.04
4160,4161,295,50.2
6865,6966,295,15.34
8027,8028,295,10.68
1140,1041,295,13.89
1344,1245,295,12.5
7652,7753,295,12.85
7638,7739,295,12.7
8037,8138,295,12.64
7933,8034,295,12.57
7938,8039,295,12.57
1141,1042,295,11.71
6305,6304,295,6.58
7260,7361,295,7.94
7261,7362,295,7.24
3256,3157,295,17.78
7934,8034,295,3.9
1223,1222,295,2.56
3053,3154,295,4.94
2155,2156,296,52.54
1847,1848,296,46.06
2460,2461,296,49.71
4261,4262,296,32.8
6164,6165,296,23.33
8022,8123,296,34.43
8023,8024,296,20.44
1954,1955,296,46.98
2055,2156,296,30.15
6765,6665,296,15.53
6765,6666,296,22.6
7263,7264,296,11.22
2353,2354,296,10.56
2056,2057,296,49.92
5302,5402,296,9.54
1142,1043,296,12.24
8025,8026,296,10.69
7644,7745,296,12.69
1545,1646,296,28.98
1446,1447,296,30.83
4560,4561,296,12.54
7744,7745,296,20.07
1345,1346,296,9.35
2459,2560,296,33
8222,8223,296,46.74
7923,8024,296,12.82
7925,8026,296,4.44
1547,1548,297,52.16
4161,4162,297,53.37
6163,6264,297,17.18
5357,5358,297,11.75
2214,2215,297,10.48
1143,1044,297,13.53
3258,3259,297,49.72
1949,1849,297,9.12
6162,6262,297,15.78
6305,6404,297,8.29
2857,2958,297,16.77
4556,4657,297,34.45
3561,3562,297,26.85
2360,2361,297,46.05
5761,5662,297,8.07
1229,1130,297,3.86
1039,1040,297,29.87
2156,2157,298,51.73
1646,1647,298,53.22
2956,3057,298,34.16
2154,2255,298,25.16
6907,7008,298,27.35
2658,2659,298,19.08
4658,4759,298,31.94
5404,5505,298,17.44
3359,3360,298,23.03
2558,2659,298,16.25
2056,2157,298,33.46
5863,5764,298,20.22
6706,6806,298,7.28
2348,2248,298,7.62
4159,4060,298,19.07
7310,7410,298,4.75
6662,6663,298,11.27
3255,3156,298,18.62
8222,8323,298,34.39
1223,1322,298,3.32
7751,7852,298,12.75
2858,2859,298,22.58
4162,4163,299,51.01
6666,6667,299,35.69
2461,2462,299,42.85
3157,3158,299,26.85
7640,7641,299,19.94
6866,6867,299,12.54
4659,4660,299,12.68
4658,4758,299,18.22
5403,5504,299,17.26
1447,1448,299,35.73
1144,1145,299,9.17
1955,1956,299,45.79
7653,7754,299,12.84
7209,7309,299,7.5
7646,7647,299,20.33
3460,3461,299,24.87
2057,2058,299,46.28
6505,6605,299,4.47
8223,8224,299,44.46
6506,6605,299,3.64
2759,2760,299,28.34
1136,1037,299,9.91
1231,1132,299,4.38
2317,2318,299,10.83
1647,1648,300,53.02
2255,2256,300,52.68
5358,5359,300,43.5
2361,2362,300,40.36
1548,1549,300,40.34
2560,2561,300,27.94
6263,6364,300,34.25
7841,7842,300,20.08
6766,6767,300,16.33
1130,1131,300,35.07
6164,6265,300,17.03
4360,4461,300,17.65
7639,7740,300,12.72
6165,6166,300,25.28
3760,3761,300,11.44
6305,6204,300,6.89
5202,5301,300,5.67
4556,4656,300,13.62
3957,4058,300,5.52
1123,1023,300,5.39
7815,7916,300,17.67
5358,5459,301,41.38
6262,6363,301,41.43
3562,3563,301,23.16
1646,1747,301,39.42
8138,8139,301,17.06
7940,7941,301,17.22
8039,8040,301,17.11
8120,8221,301,24.08
2957,3058,301,22.75
7713,7814,301,24.13
7840,7941,301,17.89
2157,2158,301,24.97
7752,7853,301,18.09
7648,7749,301,18.32
8038,8139,301,17.82
7939,8040,301,17.76
4060,4061,301,40.29
6765,6664,301,10.52
8137,8238,301,18.02
7750,7851,301,17.95
4159,4059,301,7.31
2057,2158,301,41.76
3355,3254,301,5.22
6661,6562,301,6.58
7645,7746,301,18.02
3561,3662,301,23.63
8223,8324,301,41.69
5705,5704,301,2.33
3255,3155,301,7.06
8222,8322,301,12.83
7917,8018,301,24.11
2058,2059,302,40.7
2156,2257,302,31.45
5662,5663,302,21.59
3959,3960,302,6.46
8023,8124,302,18.07
1954,1855,302,16.79
1134,1035,302,6.99
5456,5355,302,5.31
7262,7363,302,7.46
3259,3260,302,22.05
1956,1957,302,40.68
7744,7845,302,17.95
2958,2959,302,22.2
2559,2660,302,18.52
5805,5804,302,1.59
1125,1026,302,2.25
2858,2959,302,21.58
3761,3762,303,40.79
1549,1550,303,33.61
6767,6768,303,38.27
2058,2159,303,41.73
1647,1748,303,32.97
6666,6567,303,20.24
1448,1449,303,22.41
8136,8237,303,18.09
3860,3861,303,6.52
8033,8134,303,18.01
7642,7743,303,18.02
7640,7741,303,17.91
1953,1854,303,11.62
5764,5765,303,21.12
4560,4661,303,10.98
5964,5965,303,7.04
5561,5562,303,6.95
3360,3361,303,22.15
2759,2860,303,23.59
2859,2860,303,21.93
4061,4062,304,40.02
3761,3862,304,41.94
1549,1650,304,35.53
6767,6868,304,38.85
3461,3462,304,22.55
4163,4164,304,22.44
5358,5458,304,14.63
6262,6362,304,14.54
2560,2661,304,21.02
5402,5503,304,22.97
4262,4363,304,23.11
6666,6566,304,13.08
2461,2562,304,24.71
8324,8325,304,40.6
2157,2258,304,26.79
1135,1036,304,7.14
1955,1856,304,18.22
4656,4757,304,41.33
3158,3159,304,22.88
7646,7747,304,18.08
6165,6266,304,23.13
7930,8031,304,6.04
2958,3059,304,22.92
2462,2463,304,21.6
2760,2761,304,22.62
1957,1958,305,33.49
2059,2060,305,40.79
6364,6365,305,21.86
6166,6167,305,23.44
6667,6668,305,18.04
6264,6365,305,22.45
8024,8125,305,18.18
8138,8239,305,17.71
8034,8135,305,18.1
7940,8041,305,17.88
7753,7854,305,18.24
8039,8140,305,17.75
7841,7942,305,17.93
1024,1025,305,4.86
8324,8425,305,41.58
5764,5865,305,21.68
8224,8225,305,17.04
3662,3763,305,39.43
5864,5865,305,6.5
5905,5904,305,1.5
2859,2960,305,22.61
2059,2160,306,41.94
3563,3564,306,23.55
1648,1749,306,24.78
6166,6267,306,24.48
6768,6769,306,40.17
4163,4264,306,23.2
5358,5259,306,14.35
4561,4562,306,9.45
6265,6366,306,23.67
1952,1853,306,8.26
7259,7360,306,8.29
7916,8017,306,24.29
6162,6261,306,8.02
7932,8032,306,4.38
6065,6066,306,6.27
2362,2363,306,16.68
2462,2563,306,22.23
2760,2861,306,23.42
1650,1651,307,39.53
3260,3261,307,22.7
8322,8423,307,23.86
3563,3664,307,24.63
8018,8119,307,23.82
6364,6465,307,22.53
6768,6869,307,41.02
8323,8424,307,17.49
4164,4165,307,40.5
7814,7915,307,24.08
6907,7007,307,7.23
3861,3962,307,41.66
4060,3961,307,14.73
1849,1750,307,12.78
8019,8119,307,5.58
6562,6563,307,17.01
1950,1851,307,5.69
7852,7953,307,18.09
2310,2211,307,4.34
2311,2211,307,2.12
7929,8030,307,6.16
2060,2061,308,40.77
1650,1751,308,40.26
4757,4858,308,40.51
2463,2464,308,29.51
3361,3362,308,22.81
7845,7846,308,17.25
5965,5966,308,22.12
1449,1450,308,23.52
6363,6464,308,22.66
2561,2662,308,19.7
4062,4063,308,25.92
4164,4265,308,41.43
7165,7166,308,5.9
1042,943,308,9.35
7647,7748,308,18.08
6966,6967,308,6.15
6806,6906,308,10.14
4659,4760,308,8.85
2158,2259,308,21.34
7612,7712,308,5.48
6668,6669,308,38.23
3862,3963,308,41.87
8028,8029,308,5.87
6405,6504,308,4.17
1038,939,308,6.97
2860,2961,308,35.23
5765,5766,308,21.81
2563,2564,309,33.59
2861,2862,309,33.73
2060,2161,309,41.96
1958,1959,309,27.78
3462,3463,309,22.77
2463,2564,309,31.44
7941,8042,309,17.84
7853,7954,309,18.41
7749,7850,309,17.94
8040,8141,309,17.82
1043,944,309,9.74
7746,7847,309,17.91
8238,8339,309,17.79
3059,3060,309,23.45
7851,7952,309,18.06
3159,3160,309,23.24
2959,3060,309,23.27
5453,5354,309,4.05
2761,2762,309,21.98
1651,1652,310,40.79
2563,2664,310,35.51
2861,2962,310,35.64
4264,4365,310,41.96
7845,7946,310,17.92
5301,5401,310,10.15
8139,8240,310,17.57
5358,5258,310,7.53
1856,1857,310,18.21
6666,6565,310,10.48
1133,1034,310,7.74
7511,7611,310,5.47
8325,8326,310,17.14
7264,7265,310,5.92
4656,4756,310,10.31
6567,6568,310,14.41
6661,6561,310,3.34
6266,6367,310,25.05
4165,4166,310,36.27
1223,1122,310,2.27
3763,3764,310,23.44
2363,2364,310,26.46
5765,5866,310,22.47
1751,1752,311,38.56
2464,2465,311,35.22
1651,1752,311,41.92
3564,3565,311,23.74
8225,8226,311,17.27
7942,7943,311,17.1
8425,8426,311,16.9
6365,6466,311,24.56
8125,8126,311,17.39
4757,4857,311,15.95
6066,6067,311,22.92
8237,8338,311,18.14
2159,2260,311,19.86
5503,5604,311,22.99
4461,4462,311,9.3
6267,6268,311,23.76
4561,4662,311,9.81
1128,1029,311,4
7743,7844,311,18.07
1851,1852,311,31.51
4165,4266,311,38.09
6669,6670,311,39.63
5905,6004,311,2.06
3763,3864,311,24.47
939,940,311,38.09
2862,2863,312,36.15
2762,2763,312,38.94
2564,2565,312,36.48
2961,3062,312,36.2
2464,2565,312,37.1
3664,3665,312,23.73
6563,6564,312,22.64
3261,3262,312,23.48
3564,3665,312,25.07
8017,8118,312,23.98
2960,3061,312,23.51
6267,6368,312,25
1040,941,312,9.19
7747,7848,312,18.01
5402,5502,312,6.33
2215,2216,312,5.85
8120,8220,312,5.69
7713,7813,312,5.66
6366,6467,312,25.06
7263,7364,312,6.53
4556,4655,312,6.69
6669,6770,312,40.37
2504,2405,312,4.02
2562,2663,312,19.19
1652,1653,313,40.7
2862,2963,313,37.99
1959,1960,313,29.39
2564,2665,313,38.29
3362,3363,313,23.09
3664,3765,313,25.07
7007,7108,313,24.42
5966,5967,313,22.64
2160,2261,313,23.51
7942,8043,313,17.75
6362,6463,313,17.42
1650,1551,313,15.96
8041,8142,313,17.78
8140,8241,313,17.71
4063,4064,313,23.58
2664,2665,313,36.99
1245,1246,313,4.49
8027,8128,313,6.05
3963,3964,313,23.46
7915,8016,313,24.3
6670,6671,314,39.06
1752,1753,314,38.12
1652,1753,314,41.95
3463,3464,314,23.13
8423,8524,314,23.5
4264,4364,314,12.59
3160,3161,314,23.55
8239,8340,314,17.64
8425,8526,314,17.52
4164,4065,314,14.25
1346,1347,314,4.7
2664,2765,314,38.78
4454,4554,314,4.45
6668,6569,314,17.36
8222,8321,314,6.45
2161,2162,314,22.73
6105,6104,314,1.46
3060,3161,314,30.11
2863,2864,315,34.63
2763,2764,315,35.96
6368,6369,315,37.97
7364,7365,315,40.78
6670,6771,315,39.72
3764,3865,315,28.72
7953,8054,315,18.58
5359,5360,315,7.09
2061,2062,315,14.51
6605,6705,315,6.48
2506,2407,315,4.54
2161,2262,315,24.47
2409,2408,315,1.52
2505,2406,315,4.01
2963,2964,316,34.92
1653,1654,316,40.78
1960,1961,316,35.03
2863,2964,316,36.52
5502,5603,316,40.58
6368,6469,316,38.52
7364,7465,316,41.96
3565,3566,316,23.26
8326,8327,316,17.37
7946,7947,316,17.18
7846,7947,316,17.82
6067,6068,316,23.56
8424,8525,316,17.41
4758,4859,316,8.51
6467,6468,316,27.76
6262,6361,316,7.55
7748,7849,316,18.14
1042,942,316,4.52
5459,5460,316,6.91
6671,6672,317,39.45
2765,2766,317,37.12
2963,3064,317,36.81
1653,1754,317,41.96
3665,3666,317,22.73
3262,3263,317,23.71
3062,3063,317,23.11
3565,3666,317,24.78
8126,8127,317,17.28
8226,8227,317,17.27
2962,3063,317,23.38
2364,2365,317,14.97
7847,7948,317,17.97
8141,8242,317,17.78
6067,6168,317,24.64
8042,8143,317,17.78
6268,6269,317,16.84
7842,7843,317,6.03
7850,7951,317,17.98
7410,7510,317,5.54
1044,1045,317,4.38
8426,8427,317,17.3
8136,8236,317,4.34
8033,8133,317,4.35
7642,7742,317,4.35
4660,4761,317,7.95
7361,7462,317,6.99
7952,8053,317,18.18
2603,2502,317,2.29
4065,4066,317,36.15
6669,6570,317,15.84
6771,6772,318,40.66
6369,6370,318,39.29
6671,6772,318,40.16
2765,2866,318,38.9
3765,3766,318,22.21
3363,3364,318,23.41
3665,3766,318,24.32
3062,3163,318,24.03
7813,7914,318,24.09
8118,8219,318,23.73
3864,3965,318,22.21
2465,2466,318,14.91
7946,8047,318,17.83
8240,8341,318,17.76
6906,7006,318,10.05
7309,7409,318,5.56
4759,4860,318,7.5
5662,5563,318,6.56
7365,7366,318,40.66
3061,3162,318,24.38
3964,3965,318,23.6
5663,5664,318,6.39
1654,1655,319,40.44
6469,6470,319,37.66
6771,6872,319,41.67
6369,6470,319,40.86
3464,3465,319,23.67
3765,3866,319,23.82
8016,8117,319,24.31
8043,8044,319,17.26
1551,1552,319,19.07
2565,2566,319,15.28
7844,7945,319,17.92
4756,4856,319,11.35
1651,1552,319,12.73
4562,4563,319,8.15
1450,1451,319,9.45
8322,8422,319,5.83
7465,7466,319,40.73
8426,8527,319,17.98
7165,7266,319,6.29
7362,7463,319,6.43
7365,7466,319,41.93
5460,5461,319,39.58
1132,1033,319,7.18
5764,5665,319,6.79
8028,8129,319,6.26
1038,938,319,3.28
6672,6673,320,40.3
1654,1755,320,41.8
2864,2865,320,22.84
2162,2163,320,18.09
7848,7949,320,18.03
7364,7464,320,12.6
6670,6571,320,16.54
6269,6270,320,39.51
4363,4464,320,9.38
7465,7566,320,41.96
6867,6968,320,6.92
2665,2666,320,16.08
4655,4755,320,13.41
5659,5558,320,2.36
6772,6773,321,40.79
2866,2867,321,36.52
6672,6773,321,41.18
2964,2965,321,23.12
3566,3567,321,21.99
2262,2263,321,18.7
3865,3966,321,24.89
2864,2965,321,23.69
8043,8144,321,17.93
6068,6069,321,23.67
6370,6371,321,40.55
5259,5260,321,7.13
8142,8243,321,17.87
7462,7563,321,41.93
1145,1146,321,4.51
8241,8342,321,17.94
4554,4654,321,15.87
7209,7208,321,2.65
7366,7367,321,40.67
2802,2701,321,1.23
1655,1656,322,34
6872,6873,322,40.62
6772,6873,322,41.92
7006,7107,322,41.14
2866,2967,322,38.33
3064,3065,322,23.34
7466,7467,322,40.74
3666,3667,322,20.55
3263,3264,322,23.76
2964,3065,322,24.05
8327,8328,322,17.27
3566,3667,322,23.61
4066,4067,322,21.05
8524,8625,322,17.89
8340,8441,322,17.98
6068,6169,322,25.06
6370,6471,322,41.87
1451,1452,322,38.25
4462,4463,322,9.56
1652,1553,322,11.86
6168,6169,322,23.73
8526,8627,322,18.01
5358,5257,322,5.65
7360,7461,322,8.94
6706,6805,322,3.78
7366,7467,322,41.94
4661,4762,322,7.49
2062,2063,322,15.05
2310,2210,322,2.13
6673,6674,323,40.67
1755,1756,323,35.02
1655,1756,323,35.91
4856,4957,323,41.44
6872,6973,323,41.91
6571,6572,323,39.38
7463,7564,323,41.92
3766,3767,323,22.47
3364,3365,323,23.64
2766,2767,323,17.19
8427,8428,323,17.28
3064,3165,323,24.34
3063,3164,323,24.16
7466,7567,323,41.96
8227,8228,323,17.28
6771,6871,323,13.99
8054,8155,323,19.45
6671,6572,323,16.08
5502,5602,323,9.36
3163,3164,323,23.72
4562,4663,323,8.55
1035,936,323,6.97
7566,7567,323,40.73
2212,2113,323,4.35
7209,7308,323,3.65
5563,5564,323,21.48
6773,6774,324,40.54
2965,2966,324,34.86
5260,5261,324,39.86
7464,7565,324,41.96
6673,6774,324,41.67
2865,2966,324,38.2
3465,3466,324,23.69
3866,3867,324,21.34
8047,8048,324,17.26
3766,3867,324,24.07
2365,2366,324,15.09
6371,6372,324,40.09
7947,8048,324,18.02
7849,7950,324,17.94
4365,4366,324,7.25
8423,8523,324,6.05
7367,7368,324,40.79
6869,6870,324,5.98
7566,7667,324,41.96
7914,8015,324,23.98
1452,1453,325,40.29
6873,6874,325,40.35
7467,7468,325,40.79
6773,6874,325,41.86
2965,3066,325,36.75
5260,5361,325,40.64
8117,8218,325,23.97
2466,2467,325,15.69
8219,8320,325,23.56
8242,8343,325,18.08
8427,8528,325,17.96
7948,8049,325,18.1
6371,6472,325,40.91
6361,6462,325,17.68
8525,8626,325,17.51
1653,1554,325,12.37
6270,6271,325,21.03
8053,8154,325,18.48
7563,7664,325,41.91
943,844,325,8.51
8143,8244,325,17.9
7462,7562,325,12.94
7367,7468,325,41.94
1957,1858,325,6.17
8527,8528,325,17.49
7166,7167,325,5.93
7951,8052,325,18.02
5460,5361,325,15.9
5766,5767,325,6.12
1123,1022,325,2.94
6204,6203,325,4.12
5765,5666,325,6.44
939,840,325,8.46
7567,7568,326,40.7
6572,6573,326,39.06
936,937,326,35.16
6973,6974,326,40.44
6674,6675,326,40.56
6873,6974,326,41.73
7467,7568,326,41.94
3567,3568,326,20.27
4856,4956,326,14.51
3866,3967,326,21.93
4067,4068,326,27.8
8047,8148,326,17.93
3966,3967,326,24.1
8155,8156,326,40.73
2566,2567,326,15.99
7712,7812,326,5.69
6269,6170,326,15.99
940,841,326,9.47
8134,8235,326,6.31
1756,1757,326,40.53
6868,6969,326,6.49
8341,8442,326,18.16
6204,6303,326,5.61
2163,2164,326,16.76
6774,6775,327,39.93
7667,7668,327,40.71
7567,7668,327,41.95
6973,7074,327,41.79
6674,6775,327,41.51
3667,3668,327,20.74
1656,1657,327,23.68
2867,2868,327,18.04
2666,2667,327,16.58
7945,8046,327,17.91
4067,4168,327,29.7
3264,3265,327,23.68
7564,7665,327,41.96
8155,8256,327,41.96
8144,8145,327,17.23
4858,4959,327,7.73
6871,6972,327,41.94
5866,5867,327,5.89
8031,8132,327,6.26
8237,8337,327,4.33
8527,8628,327,18.19
4760,4861,327,7.59
6806,6905,327,4.89
2263,2264,327,17.24
6874,6875,328,38.75
6774,6875,328,41.41
7667,7768,328,41.95
6472,6473,328,35.14
3767,3768,328,23.35
3365,3366,328,23.76
3165,3166,328,23.45
2967,2968,328,18.37
3065,3166,328,24.48
4654,4754,328,16.49
7006,7106,328,10.02
8328,8329,328,17.17
4364,4465,328,10.27
7943,7944,328,6.08
7565,7666,328,41.96
7611,7711,328,5.61
6504,6604,328,5.08
7949,8050,328,18.03
1447,1348,328,4.36
5453,5353,328,1.93
7568,7569,329,40.79
6675,6676,329,39.45
4068,4069,329,33.72
6573,6574,329,38.06
8156,8157,329,39.3
6874,6975,329,40.4
7664,7765,329,41.96
1554,1555,329,28.33
1757,1758,329,39.14
3066,3067,329,33.34
3466,3467,329,22.88
3767,3868,329,24.34
2767,2768,329,17.92
3165,3266,329,24.48
8428,8429,329,17.19
8243,8344,329,17.98
4755,4855,329,11.15
1858,1859,329,25.69
1654,1555,329,11.07
1961,1962,329,8.07
7562,7663,329,41.88
4857,4958,329,7.97
8144,8245,329,17.9
4365,4466,329,7.66
7563,7663,329,13.06
4662,4763,329,7.99
6974,6975,329,40.05
8228,8229,329,17.28
1132,1032,329,3.39
8342,8443,329,18.22
2063,2064,329,15.09
6775,6776,330,40.42
7668,7669,330,40.79
7568,7669,330,41.9
6675,6776,330,40.16
4068,4169,330,35.63
7074,7075,330,40.61
8156,8257,330,40
3066,3167,330,35.26
5666,5667,330,21.89
844,845,330,23.75
8523,8624,330,24.07
8015,8116,330,24.29
4168,4169,330,36.4
2967,3068,330,19.19
6271,6272,330,21.86
8627,8728,330,18.18
7813,7913,330,5.69
8030,8131,330,6.21
6974,7075,330,41.5
6869,6970,330,6.37
2216,2217,330,5.89
1128,1028,330,1.9
6258,6358,330,1.9
3768,3769,331,38.1
6875,6876,331,39
6775,6876,331,41.79
7665,7766,331,41.96
7668,7769,331,41.89
841,842,331,23.38
7074,7175,331,41.91
8528,8529,331,17.41
8320,8421,331,23.7
8218,8319,331,23.86
844,945,331,25
2366,2367,331,15.43
5602,5703,331,17.96
4168,4269,331,38.22
8428,8529,331,17.84
5260,5161,331,15.51
6170,6171,331,20.05
4563,4564,331,8.55
6972,7073,331,41.88
942,843,331,9.6
8029,8130,331,6.29
7166,7267,331,6.32
4554,4653,331,8.5
7366,7267,331,11.73
6574,6575,332,34.86
6676,6677,332,36.9
8157,8158,332,39.8
4069,4070,332,34.71
3768,3869,332,38.65
6473,6474,332,27.38
6875,6976,332,40.61
3668,3669,332,23.37
3568,3569,332,19.82
4763,4764,332,37.7
2467,2468,332,16.33
8048,8149,332,17.92
6372,6373,332,13.81
8148,8149,332,17.17
7666,7767,332,41.96
4266,4267,332,4.95
2567,2568,332,16.71
4466,4467,332,39.71
6871,6971,332,11.97
5867,5868,332,22.6
7950,8051,332,18.04
6975,6976,332,40.1
2504,2404,332,1.91
6776,6777,333,40.05
8257,8258,333,39.66
4169,4170,333,35.84
6676,6777,333,37.36
1859,1860,333,25.46
7075,7076,333,40.28
8157,8258,333,40.57
7663,7764,333,41.92
4069,4170,333,36.6
1348,1349,333,22.05
2968,2969,333,20.04
8628,8629,333,17.43
2868,2869,333,19.93
3366,3367,333,23.47
2164,2165,333,15.78
4763,4864,333,38.22
8244,8345,333,17.78
7664,7764,333,12.6
8626,8727,333,17.93
8528,8629,333,18.1
8049,8150,333,17.9
8343,8444,333,17.89
1758,1759,333,27.04
5260,5160,333,8.35
7562,7662,333,13.26
1034,935,333,6.27
8339,8440,333,6.07
4466,4567,333,40.46
1035,935,333,3.28
7367,7268,333,12.56
2667,2668,333,17.45
5461,5462,333,7.34
6975,7076,333,41.54
8052,8153,333,18
939,839,333,4.05
6876,6877,334,39.66
5161,5162,334,40.51
6776,6877,334,41.5
7175,7176,334,37.26
8257,8358,334,40.4
4169,4270,334,37.69
7075,7176,334,41.68
3067,3168,334,34.47
3467,3468,334,21.32
3166,3267,334,24.78
7106,7207,334,24.28
8329,8330,334,17.16
2264,2265,334,15.9
1657,1658,334,16.64
8148,8249,334,17.82
1453,1454,334,12.41
1555,1556,334,23.94
1960,1861,334,6.79
5967,5968,334,4.86
8338,8439,334,6.42
5401,5501,334,4.34
3266,3267,334,23.75
5867,5968,334,23.4
4269,4270,334,35.71
8442,8543,334,18.05
6677,6678,335,34.76
4764,4765,335,37.75
4467,4468,335,40.66
4070,4071,335,38.66
6876,6977,335,41.18
6474,6475,335,37.7
5161,5262,335,41.45
845,846,335,23.76
3068,3069,335,20.13
7175,7276,335,39.03
5667,5668,335,21.7
8429,8430,335,17.19
8245,8246,335,17.06
8229,8230,335,17.18
4754,4854,335,15.83
6473,6374,335,21.26
2968,3069,335,21.18
8628,8729,335,18.12
8337,8438,335,18
6675,6576,335,16.08
8156,8057,335,16.26
4763,4863,335,18.09
8046,8147,335,17.85
3867,3968,335,14.13
7766,7867,335,41.96
6272,6273,335,21.56
4464,4565,335,9.5
4563,4664,335,8.94
7510,7610,335,5.61
4761,4862,335,8.26
4859,4960,335,7.64
4267,4268,335,39.5
1246,1247,335,4.58
7073,7174,335,41.84
8155,8056,335,12
6976,6977,335,40.28
4663,4664,335,8.49
4269,4370,335,37.57
2768,2769,335,19.68
6204,6103,335,4.1
8158,8159,335,40.55
6777,6778,336,38.31
4170,4171,336,37.27
4764,4865,336,38.28
4467,4568,336,41.66
4070,4171,336,40.31
845,946,336,25.03
3167,3268,336,25.07
8116,8217,336,24.25
4864,4865,336,37.96
8050,8151,336,17.86
2064,2065,336,15.01
7944,8045,336,17.96
1452,1353,336,10.76
8044,8045,336,5.97
7268,7269,336,40.73
7767,7868,336,41.96
4267,4368,336,41.05
4567,4568,336,40.34
1451,1352,336,8.58
4860,4961,336,8.32
4466,4566,336,16.01
6976,7077,336,41.68
7409,7509,336,5.63
7914,8014,336,5.76
7076,7077,336,39.6
8158,8259,336,41.51
6877,6878,337,38.47
6777,6878,337,40
7764,7865,337,41.96
7176,7177,337,34.32
4170,4271,337,39.04
3569,3570,337,21.81
4653,4753,337,17.19
8319,8420,337,23.74
8421,8522,337,23.62
7769,7770,337,16.89
3769,3770,337,19.16
3068,3169,337,21.28
8257,8357,337,16.09
5667,5768,337,22.34
3869,3870,337,20.42
6676,6577,337,18.4
8429,8530,337,17.84
7663,7763,337,13.01
8245,8346,337,17.7
7765,7866,337,18.07
4864,4965,337,38.5
7568,7469,337,12.87
1861,1862,337,35.12
6171,6172,337,18.81
7662,7763,337,41.92
4654,4753,337,8.97
7268,7369,337,41.78
4567,4668,337,41.22
8529,8530,337,17.34
8422,8522,337,5.78
7076,7177,337,41.13
6678,6679,338,38.9
6475,6476,338,33.74
4765,4766,338,38.14
6877,6978,338,40.14
1349,1350,338,22.85
7176,7277,338,36.22
6374,6375,338,35.08
2568,2569,338,18.95
2367,2368,338,16.03
2468,2469,338,18.32
8728,8829,338,17.73
8624,8725,338,18.07
4855,4955,338,12.1
4370,4371,338,34.84
8344,8445,338,17.56
1759,1760,338,22.63
4856,4955,338,7.53
3367,3368,338,22.32
7276,7277,338,35.63
2869,2870,338,20.55
4266,4367,338,5.31
4466,4367,338,15.73
6906,7005,338,4.84
6977,6978,338,39.08
1449,1350,338,4.09
2969,2970,338,20.53
8057,8058,338,39.98
2212,2112,338,2.14
4468,4469,338,40.05
6661,6560,338,2.48
6778,6779,339,39.44
1353,1354,339,40.04
4171,4172,339,39.22
6678,6779,339,39.54
4862,4963,339,37.77
4765,4866,339,38.7
5162,5163,339,21.02
3869,3970,339,21.67
7269,7270,339,40.36
4370,4471,339,36.73
4864,4964,339,17.88
7174,7275,339,41.6
5968,5969,339,23.69
4863,4964,339,38.44
4268,4369,339,39.67
4865,4866,339,38.32
8629,8630,339,17.29
2668,2669,339,19.39
6361,6461,339,4.4
7276,7377,339,37.49
4961,4962,339,38.32
4368,4369,339,38.4
8529,8630,339,18.02
7462,7561,339,6.52
6977,7078,339,40.69
4568,4569,339,40.79
2309,2209,339,2.12
1962,1963,339,10.33
4468,4569,339,41.5
7077,7078,339,35.82
6878,6879,340,35.42
4965,4966,340,38.54
7177,7178,340,33.71
6778,6879,340,40.99
4171,4272,340,40.81
1247,1248,340,23.67
3069,3070,340,20.51
7369,7370,340,40.3
846,847,340,23.72
8330,8331,340,17.17
6677,6578,340,19.62
4764,4665,340,17.77
7769,7870,340,17.51
2165,2166,340,15.34
7269,7370,340,41.25
6604,6704,340,8.45
8149,8250,340,17.83
6273,6274,340,22.31
4566,4667,340,40.61
8249,8250,340,17.33
1556,1557,340,19.15
2769,2770,340,20.56
4865,4966,340,38.9
5361,5362,340,7.12
8133,8234,340,6.23
8051,8152,340,17.96
8358,8359,340,17.11
4961,5062,340,38.9
4567,4667,340,14.93
7073,7173,340,11.46
1023,924,340,3.56
4568,4669,340,41.95
2969,3070,340,21.93
7077,7178,340,37.67
4668,4669,340,40.74
5563,5464,340,6.61
5564,5565,340,6.16
2409,2308,340,1.52
6679,6680,341,40
1350,1351,341,40.79
6878,6979,341,37.29
7763,7864,341,41.94
4965,5066,341,39.15
7177,7278,341,35.63
8230,8231,341,17.16
7369,7470,341,41.17
846,947,341,25.07
8430,8431,341,17.28
8246,8247,341,17.12
2265,2266,341,15.43
3168,3269,341,22.41
8150,8251,341,17.82
8727,8828,341,17.84
8345,8446,341,17.71
5162,5263,341,21.56
8729,8730,341,17.1
840,741,341,9.16
7662,7762,341,13.04
2113,2114,341,5.7
8629,8730,341,17.96
1045,1046,341,4.17
7277,7278,341,38.32
6978,6979,341,33.71
4766,4767,341,39.04
8153,8254,341,18.47
8159,8160,341,17.12
4668,4769,341,41.8
4371,4372,341,36.68
6779,6780,342,40.43
7377,7378,342,36.63
1354,1355,342,40.2
4172,4173,342,40.21
4955,5056,342,41.44
6679,6780,342,41.46
5768,5769,342,22.87
3169,3170,342,20.29
8259,8260,342,17.15
8217,8318,342,24.11
3069,3170,342,21.91
3570,3571,342,23.73
8439,8540,342,17.81
1658,1659,342,12.92
8444,8545,342,17.66
7270,7271,342,40.76
4471,4472,342,35.79
3870,3871,342,20.24
6172,6173,342,22.14
1760,1761,342,32.49
4469,4570,342,38.64
8249,8350,342,18.01
7167,7168,342,6.01
8523,8623,342,5.7
7308,7408,342,5.5
8358,8459,342,17.76
7277,7378,342,40.01
4961,5061,342,17.56
1454,1455,342,13.48
6978,7079,342,35.63
7868,7869,342,17.18
4766,4867,342,39.7
4866,4867,342,39.11
4371,4472,342,38.48
1622,1621,342,1.12
4569,4570,342,38.83
8014,8115,342,24.05
4966,4967,343,39.22
6879,6880,343,33.67
4669,4670,343,39.44
7370,7371,343,40.45
4665,4666,343,38.23
4963,5064,343,39.23
4962,5063,343,38.85
6779,6880,343,41.79
7377,7478,343,38.44
4172,4273,343,41.63
6375,6376,343,23.73
8346,8347,343,17.23
8530,8531,343,17.31
5768,5869,343,23.73
4965,5065,343,17.36
2569,2570,343,20.57
4854,4954,343,14.13
8147,8248,343,17.83
2469,2470,343,20.57
8420,8521,343,23.62
3770,3771,343,19.9
8430,8531,343,17.96
8246,8347,343,17.78
3570,3671,343,24.93
7270,7371,343,41.83
4471,4572,343,37.64
8438,8539,343,17.76
7867,7968,343,17.95
4964,5065,343,39.15
8729,8830,343,17.75
4566,4666,343,15.83
1033,934,343,6.06
5062,5063,343,39.5
7275,7376,343,38.31
2065,2066,343,15.09
5258,5159,343,4.35
3368,3369,343,20.87
4272,4273,343,38.55
7178,7179,343,34.2
4866,4967,343,39.78
8158,8059,343,14.1
4569,4670,343,40.47
4767,4768,344,39.52
7278,7279,344,40.58
4966,5067,344,39.91
6879,6980,344,35.59
4669,4770,344,40.99
7370,7471,344,41.37
2669,2670,344,20.56
3970,3971,344,22.71
6476,6477,344,19.89
3169,3270,344,21.73
8259,8360,344,17.8
8045,8146,344,17.83
6678,6579,344,16.71
8151,8252,344,17.96
7470,7471,344,40.65
3870,3971,344,21.42
2368,2369,344,17.44
8145,8146,344,6.13
7812,7912,344,5.61
4769,4770,344,40.39
4957,5058,344,6.9
936,837,344,6.85
8625,8726,344,6.52
1146,1147,344,4.4
7268,7169,344,13.38
5969,5970,344,23.53
6705,6804,344,4.96
5502,5601,344,4.47
4272,4373,344,40.21
5163,5164,344,20.96
7868,7969,344,17.84
8056,7957,344,15.84
7178,7279,344,36.11
4667,4768,344,40.24
7173,7274,344,41.94
7378,7379,345,36.99
1355,1356,345,38.24
6780,6781,345,40.78
4173,4174,345,40.52
4867,4868,345,39.81
4767,4868,345,40.24
6680,6681,345,31.92
7762,7863,345,41.95
7278,7379,345,41.89
1248,1249,345,21.49
8630,8631,345,17.25
8346,8447,345,17.9
7763,7863,345,12.85
8530,8631,345,17.99
4472,4473,345,37.93
4071,4072,345,10.82
7470,7571,345,41.64
7865,7966,345,17.96
6274,6275,345,23.76
4653,4652,345,7.24
847,848,345,22.63
7866,7967,345,18
4769,4870,345,41.76
5969,6070,345,24.98
4570,4571,345,35.37
1761,1762,345,38.32
3368,3469,345,22.5
8057,7958,345,15.32
5565,5566,345,21.73
4670,4671,346,37.18
7179,7180,346,33.52
4967,4968,346,40.06
7378,7479,346,38.78
1355,1456,346,39.93
6780,6881,346,41.95
5769,5870,346,36.72
4173,4274,346,41.85
4867,4968,346,40.58
741,742,346,23.45
947,948,346,23.02
1557,1558,346,19.29
8331,8332,346,17.28
924,925,346,19.94
8445,8546,346,17.87
4472,4573,346,39.65
5160,5060,346,7.91
3571,3572,346,31.64
4653,4752,346,9.54
847,948,346,24.22
6979,7080,346,30.89
7669,7670,346,6.36
7269,7170,346,14.59
7569,7570,346,6.24
7711,7811,346,5.68
4956,5057,346,7.12
4959,5060,346,7.56
5602,5702,346,4.36
8441,8542,346,5.97
6170,6071,346,7.28
2502,2403,346,4.91
4570,4671,346,37.24
8357,8458,346,17.29
2406,2307,346,4.58
4572,4573,346,38.25
4273,4274,346,39.35
5163,5264,346,21.5
7259,7359,346,1.63
6304,6403,346,2.79
1622,1721,346,1.55
2405,2306,346,4.26
7279,7280,347,39.57
4670,4771,347,38.96
7179,7280,347,35.43
4967,5068,347,40.88
7376,7477,347,40.8
8231,8232,347,17.25
947,1048,347,24.57
8431,8432,347,17.39
837,838,347,33.94
8630,8731,347,17.92
7561,7661,347,12.85
8829,8930,347,17.67
3968,3969,347,8.85
3571,3672,347,31.84
8257,8356,347,8.66
7106,7206,347,5.55
6173,6174,347,23.08
8730,8731,347,17.09
2166,2167,347,15.42
4572,4673,347,39.94
4770,4771,347,38.69
1862,1863,347,10.62
7562,7661,347,6.71
4273,4374,347,40.92
8056,7956,347,8.61
7471,7472,347,40.73
4373,4374,347,38.94
8160,8161,347,17.18
4072,4073,348,40.72
6781,6782,348,40.06
7379,7380,348,36.63
7279,7380,348,41.1
8115,8216,348,24.42
8623,8724,348,24.09
5066,5167,348,21.5
2570,2571,348,20.37
8459,8460,348,17.11
3771,3772,348,20.13
7005,7105,348,10.88
8540,8541,348,17.13
2266,2267,348,15.36
3871,3872,348,19.8
1659,1660,348,18.86
8319,8419,348,5.91
2470,2471,348,20.18
8318,8419,348,24.13
4870,4871,348,40.46
8116,8216,348,5.57
840,740,348,4.42
5666,5567,348,6.4
8250,8351,348,17.89
6880,6981,348,35.23
6805,6904,348,5.58
8350,8351,348,17.78
7006,7105,348,4.82
7912,8013,348,41.41
8359,8460,348,17.76
4770,4871,348,40.34
8152,8253,348,17.88
4473,4474,348,39.48
8260,8261,348,17.11
7471,7572,348,41.96
6980,6981,348,25.46
4373,4474,348,40.56
1963,1964,348,12.25
5563,5463,348,3.36
4868,4869,348,40.47
7274,7375,348,41.22
4768,4869,348,41.4
6781,6882,349,40.88
7379,7480,349,38.44
1356,1357,349,32.51
3270,3271,349,20.25
2670,2671,349,20.55
8531,8532,349,17.28
4671,4672,349,36.85
8347,8348,349,17.26
5164,5165,349,20.96
8446,8547,349,17.89
8254,8355,349,19.6
8247,8348,349,17.89
7864,7965,349,18.01
7762,7862,349,12.72
4573,4574,349,40.13
8431,8532,349,18.08
1147,1148,349,23.59
6681,6682,349,27.27
6376,6377,349,16.87
3871,3972,349,20.88
8830,8831,349,17.04
3571,3472,349,20.73
4274,4275,349,40.49
4870,4971,349,41.81
4958,5059,349,7.13
8235,8336,349,6.17
2369,2370,349,20.33
8730,8831,349,17.74
8251,8352,349,17.9
4571,4672,349,38.64
2217,2218,349,5.48
1122,1121,349,2.58
6881,6882,349,35.78
5970,5971,349,22.85
8059,8060,349,17.14
4473,4574,349,41.04
7173,7273,349,11.97
4868,4969,349,41.4
7280,7281,350,34.35
7180,7181,350,31.8
742,743,350,29.63
1249,1250,350,22.19
848,849,350,20.49
1356,1457,350,34.44
4771,4772,350,37.5
2066,2067,350,15.19
4671,4772,350,38.64
8545,8646,350,17.84
4673,4674,350,40.44
7869,7970,350,17.77
8828,8929,350,17.63
8521,8622,350,23.49
4573,4674,350,41.57
8360,8361,350,17.14
8459,8560,350,17.76
1350,1251,350,12.45
5065,5166,350,21.36
8540,8641,350,17.79
1353,1254,350,10.36
6275,6276,350,21.99
7270,7171,350,13.2
3571,3471,350,13.97
842,743,350,7.49
4274,4375,350,41.83
6171,6072,350,7.77
7969,7970,350,17.29
7359,7460,350,36.53
3572,3573,350,28.21
8350,8451,350,18.52
1122,1221,350,3.56
6881,6982,350,37.63
8260,8361,350,17.76
6980,7081,350,27.3
4374,4375,350,40.36
3352,3253,350,1.11
4073,4074,351,40.54
4474,4475,351,40.36
7477,7578,351,36.42
7280,7381,351,36.25
7479,7580,351,30.94
5870,5871,351,23.6
8447,8448,351,17
8631,8632,351,17.17
3270,3371,351,21.85
2670,2771,351,21.93
8531,8632,351,17.96
4771,4872,351,39.25
8248,8349,351,17.98
8347,8448,351,17.93
4673,4774,351,41.8
5164,5265,351,21.5
1351,1252,351,15.17
6782,6783,351,40.58
8539,8640,351,17.92
948,949,351,20.85
4954,5054,351,13.92
1352,1253,351,9.85
925,926,351,20.48
7958,7959,351,16.84
6477,6478,351,15.57
8337,8437,351,4.35
8132,8233,351,6.11
3572,3673,351,30.12
3469,3470,351,19.04
8543,8544,351,6.06
7968,8069,351,17.99
4374,4475,351,41.74
8356,8457,351,36.57
5067,5168,351,21.2
4574,4575,352,40.35
4474,4575,352,41.74
1048,1049,352,21.01
5068,5069,352,20.32
8332,8333,352,17.38
4174,4175,352,14.72
4869,4970,352,41.92
6782,6883,352,41.54
8360,8461,352,17.79
6679,6580,352,10.3
4753,4852,352,10
4971,4972,352,40.31
8830,8931,352,17.68
5667,5568,352,6.5
1558,1559,352,18.94
8252,8353,352,17.94
7969,8070,352,17.96
7359,7459,352,19.17
6174,6175,352,21.95
6882,6883,352,37.93
8451,8452,353,35.76
4674,4675,353,39.72
4574,4675,353,41.73
7480,7481,353,27.94
4772,4773,353,36.85
8731,8732,353,17.04
8432,8433,353,17.39
7863,7964,353,17.95
7966,8067,353,18
2471,2472,353,20.32
8631,8732,353,17.83
3269,3370,353,12.81
4672,4773,353,39.55
1354,1255,353,10.6
7206,7307,353,24.42
2571,2572,353,20.47
4971,5072,353,41.71
7967,8068,353,17.96
7610,7710,353,5.68
7207,7307,353,5.53
6276,6277,353,40.53
5703,5803,353,4.59
1357,1358,353,32.4
6882,6983,353,39.65
8355,8456,353,40.86
4375,4376,353,38.06
8161,8162,353,17.18
7380,7481,353,33.32
8356,8456,353,19.14
4475,4476,354,33.59
7281,7282,354,30.49
7181,7182,354,29.69
8451,8552,354,37.61
4674,4775,354,41.23
1148,1149,354,21.01
2370,2371,354,20.42
3271,3272,354,20.54
7480,7581,354,29.84
8261,8262,354,17.18
8216,8317,354,24.26
4772,4873,354,38.64
2671,2672,354,20.45
1048,1149,354,22.63
8013,8114,354,23.78
2167,2168,354,15.69
5068,5169,354,20.78
8447,8548,354,17.64
8458,8559,354,17.76
7376,7476,354,9.59
1762,1763,354,11.41
6981,7082,354,26.42
3872,3873,354,19.41
7770,7771,354,6.23
8217,8317,354,5.67
3772,3773,354,19.97
8420,8520,354,5.98
8419,8520,354,24.05
1032,933,354,5.82
7509,7609,354,5.68
5168,5169,354,40.7
1357,1458,354,34.34
7912,8012,354,10.44
1660,1661,354,16.88
935,836,354,7
3472,3473,354,21.43
4375,4476,354,39.77
2211,2111,354,2.15
7274,7374,354,10.13
8014,8114,354,5.71
7578,7579,355,29.03
4475,4576,355,35.51
7281,7382,355,32.42
743,744,355,23.76
849,850,355,20.31
8532,8533,355,17.35
6883,6884,355,40.78
6682,6683,355,19.5
8731,8832,355,17.69
8432,8533,355,18.08
8546,8647,355,17.6
5069,5070,355,40.71
3872,3973,355,20.41
4854,4953,355,7.28
6783,6784,355,32.31
7661,7761,355,12.78
5168,5269,355,41.73
4972,4973,355,36.8
2267,2268,355,15.79
7662,7761,355,6.58
8831,8832,355,17.04
6072,6073,355,20.38
8060,8061,355,17.24
4275,4276,355,17.5
6103,6003,355,5.19
7381,7382,355,26.65
7578,7679,356,30.95
5871,5872,356,22.45
3371,3372,356,20.68
8361,8362,356,17.27
6883,6984,356,41.96
3271,3372,356,22.15
8261,8362,356,17.84
1964,1965,356,14.02
4970,5071,356,41.96
7459,7560,356,38.04
6377,6378,356,14.87
8622,8723,356,23.94
2671,2772,356,21.87
8930,9031,356,17.57
8560,8561,356,17.15
8460,8561,356,17.76
5069,5170,356,41.95
5165,5266,356,21.57
8724,8825,356,18.08
1255,1256,356,37.21
5668,5669,356,4.97
5262,5363,356,6.74
8641,8642,356,17.12
8727,8827,356,4.38
5072,5073,356,37.02
7271,7272,356,7.34
4972,5073,356,38.6
844,745,356,4.69
6982,7083,356,28.06
5362,5363,356,6.49
8543,8644,356,6.46
8253,8354,356,18.75
8355,8455,356,15.49
1863,1864,356,11.79
7471,7372,356,12.02
6161,6260,356,2.16
7381,7482,356,28.53
3473,3474,357,34.84
8552,8553,357,40.01
8452,8553,357,39.49
4575,4676,357,28.96
8448,8449,357,17.15
6478,6479,357,19.67
8632,8633,357,17.28
5871,5972,357,24.05
926,927,357,18.58
7959,7960,357,17.23
949,950,357,19.68
849,950,357,21.92
8532,8633,357,18.03
7965,8066,357,17.93
8348,8449,357,17.85
7862,7963,357,17.92
8456,8557,357,39.32
2067,2068,357,15.43
4774,4875,357,24.34
4773,4874,357,41.57
1049,1050,357,20.29
7870,7871,357,6.1
5464,5465,357,6.25
5072,5173,357,38.8
6277,6278,357,25.72
1559,1560,357,24.7
7073,7172,357,5.63
5258,5158,357,2.14
1130,1031,357,2.36
1132,1031,357,2.47
3573,3574,357,14.55
5269,5270,358,40.78
4973,4974,358,40.77
7182,7183,358,30.64
5169,5270,358,41.96
7282,7283,358,30.58
8552,8653,358,40.82
8333,8334,358,17.19
6175,6176,358,19.08
2572,2573,358,20.07
8547,8648,358,17.61
8361,8462,358,17.94
7459,7559,358,18.22
8560,8661,358,17.8
7476,7577,358,41.68
8929,9030,358,17.7
8641,8742,358,17.77
8438,8538,358,4.39
6983,7084,358,29.98
2114,2115,358,5.96
4175,4176,358,16.72
8831,8932,358,17.68
7359,7358,358,8.87
8931,8932,358,17.09
4376,4377,358,20.37
5170,5171,359,40.57
3973,3974,359,33.24
5269,5370,359,41.96
4973,5074,359,41.96
1149,1150,359,21.18
3272,3273,359,23.16
2371,2372,359,20.51
7282,7383,359,32.52
8433,8434,359,17.28
8732,8733,359,17.11
4074,4075,359,12.67
8640,8741,359,17.83
8448,8549,359,17.81
8632,8733,359,17.95
8349,8450,359,18.1
8069,8170,359,18.04
926,1027,359,19.44
8646,8747,359,17.49
4476,4477,359,20.52
7581,7582,359,23.7
4073,3974,359,14.14
8456,8556,359,17.2
5070,5171,359,41.94
6378,6379,359,36.46
6884,6885,359,32.93
1049,1150,359,21.9
1256,1257,359,36
5073,5074,359,40.79
5168,5268,359,13.81
7359,7458,359,11.43
6984,6985,359,38.79
1761,1662,359,8.63
7481,7582,359,25.83
3573,3674,359,15.79
8162,8163,359,17.25
5170,5271,360,41.88
850,851,360,20.75
3272,3373,360,24.69
8262,8263,360,17.18
3773,3774,360,19.9
2572,2673,360,21.52
5071,5172,360,41.81
8317,8418,360,24.29
7581,7682,360,25.48
4775,4776,360,16.99
8457,8558,360,17.67
7408,7508,360,5.61
8521,8621,360,6.05
3873,3874,360,18.85
4276,4277,360,20.04
8520,8621,360,23.82
5073,5174,360,41.95
8318,8418,360,5.66
5173,5174,360,40.08
8353,8454,360,19.37
6984,7085,360,40.43
8931,9032,360,17.74
8012,8113,360,23.82
4675,4776,360,22.16
3052,3152,360,1.02
8114,8215,360,24.2
839,739,360,3.77
6704,6703,361,42.32
7561,7660,361,14.78
7005,7004,361,43.3
4652,4651,361,47.74
6604,6703,361,15.88
6604,6603,361,45.01
7661,7660,361,45.97
7912,7911,361,42.44
2502,2402,361,7.1
1122,1021,361,33.9
6504,6503,361,47.72
935,835,361,15.47
5904,5903,361,27.15
1023,923,361,3.25
2602,2601,361,16.68
6103,6202,361,16.97
6103,6102,361,43.76
2702,2601,361,16.5
2405,2305,361,2.99
6073,6074,362,1.56
8552,8652,362,5.82
8552,8551,362,47.48
4576,4577,362,1.54
1121,1120,362,47.53
6403,6402,362,47.6
5158,5157,362,47.54
6683,6684,362,1.02
6804,6803,362,41.59
7476,7475,362,42.36
7762,7861,362,14.75
7761,7760,362,45.92
7005,7104,362,17.32
4954,5053,362,11.33
7559,7558,362,47.59
4652,4751,362,10.9
845,746,362,2.21
1032,932,362,14.72
6303,6302,362,46.7
1033,932,362,36.46
6361,6360,362,20.82
2502,2501,362,21
6103,6002,362,36.75
5453,5352,362,13.97
1622,1521,362,12.69
839,738,362,36.14
5268,5267,363,41.82
740,639,363,36.76
7408,7407,363,24.48
837,737,363,18.57
934,834,363,16.58
934,833,363,35.68
7811,7810,363,24.82
5702,5701,363,27.57
1032,931,363,36.67
1031,1030,363,45.44
5353,5254,363,2.04
935,834,363,36.38
2309,2208,363,15.1
8725,8826,363,0.38
2209,2208,363,22.43
6703,6702,364,39.91
7004,7003,364,42.46
6503,6502,364,44.02
6102,6101,364,47.51
6603,6602,364,42.71
6202,6201,364,47.57
7682,7681,364,26.83
8621,8620,364,25.76
5370,5369,364,31.05
8723,8722,364,25.42
7609,7608,364,24.79
7710,7709,364,24.83
7911,7910,364,42.63
2168,2169,364,1.28
8646,8645,364,21.6
8317,8316,364,24.22
1121,1020,364,35.3
6904,6903,364,24.79
1048,1047,364,27.55
740,640,364,12.7
7307,7306,364,24.12
6804,6903,364,18.5
8929,8928,364,21.21
8113,8112,364,25.7
1221,1220,364,24.61
837,736,364,33.48
7660,7659,364,46.09
7206,7205,364,24.05
8520,8519,364,25.51
5803,5802,364,27.26
1031,930,364,36.8
7912,8011,364,17.94
2502,2401,364,17.75
8012,8011,364,25.51
2111,2110,364,24.24
2211,2110,364,15.69
739,638,364,35.83
2021,2020,364,8.4
8551,8550,365,46.28
6402,6401,365,41.78
7760,7759,365,45.93
6803,6802,365,37.26
6302,6301,365,45.06
835,734,365,36.05
2305,2304,365,27.62
7508,7507,365,24.44
8215,8214,365,24.22
8418,8417,365,24.38
8556,8555,365,20.95
9030,9029,365,21.81
8538,8537,365,20.37
5669,5670,365,1.65
8644,8643,365,20.8
8661,8660,365,19.92
8640,8639,365,20.45
8437,8436,365,20.5
1253,1152,365,20.17
1252,1151,365,20.07
740,641,365,6.84
8741,8740,365,20.58
8336,8335,365,20.27
8066,8065,365,20.34
7475,7474,365,44.73
5903,5902,365,27.5
7963,7962,365,20.3
1023,922,365,16.28
6002,6001,365,44.38
2405,2304,365,15.99
8747,8746,366,19.04
1050,1051,366,5.43
4874,4975,366,6.59
5254,5253,366,47.05
932,831,366,35.84
5567,5466,366,19.53
6002,5901,366,36.83
2210,2109,366,15.53
5565,5466,366,2.34
6702,6701,367,40.58
7003,7002,367,39.36
6502,6501,367,42.04
6602,6601,367,42.15
6903,6902,367,38.06
7810,7809,367,25.16
7482,7483,367,0.8
850,749,367,19.73
738,637,367,31.25
7861,7860,367,20.33
7558,7557,367,22.36
743,642,367,19.47
7910,7909,367,43.36
849,748,367,19.69
848,747,367,19.75
639,538,367,36.84
1621,1620,367,12.6
1254,1153,367,18.44
2112,2011,367,15.77
7659,7658,367,46.68
7104,7103,367,24.16
745,644,367,19.74
744,643,367,19.66
8652,8651,367,22.76
5353,5252,367,14.55
2404,2303,367,15.51
8112,8111,367,44.71
5465,5364,367,19.71
5369,5368,368,31.48
1220,1219,368,25.78
2208,2207,368,22.36
835,735,368,16.06
1257,1156,368,17.78
7407,7406,368,24.05
6176,6075,368,17.53
1120,1119,368,17.42
3272,3171,368,18.71
836,735,368,18.36
8011,8010,368,25.14
5254,5153,368,31.15
926,825,368,16.1
8722,8721,368,25.79
2067,1966,368,16.2
2307,2206,368,15.77
5802,5801,368,27.49
933,832,368,18.13
7957,7856,368,15.26
924,823,368,15.21
1255,1154,368,16.03
737,636,368,31.6
2308,2207,368,15.39
925,824,368,16.11
7958,7857,368,14.92
5174,5273,368,20.14
2306,2205,368,15.78
2403,2302,368,16.28
931,830,368,29.62
6802,6801,368,39.53
851,750,368,18.82
1222,1321,368,4.83
2209,2108,368,15.32
2120,2119,368,10.51
7681,7680,368,26.17
1921,1920,368,8.89
8928,8927,369,20.65
7608,7607,369,24.05
7709,7708,369,24.48
8519,8518,369,24.74
640,539,369,31.56
638,537,369,30.18
4751,4851,369,14.46
1560,1459,369,16.27
8533,8534,369,1.54
7959,7858,369,14.68
2370,2269,369,14.47
1662,1561,369,16.28
8316,8315,369,24.22
6683,6582,369,15.53
2068,1967,369,16.16
7306,7305,369,24.19
7205,7204,369,24.16
8620,8619,369,24.89
5174,5274,369,11.63
1256,1155,369,15.05
2402,2301,369,19.38
6985,6986,369,6.86
2111,2010,369,15.79
1821,1820,369,8.27
8651,8650,370,47.01
8436,8435,370,20.51
9029,9028,370,21.03
7507,7506,370,23.71
734,733,370,24.16
7103,7102,370,40.49
8537,8536,370,20.51
8214,8213,370,24.62
6074,5973,370,19.02
2305,2204,370,16.28
8417,8416,370,24
3273,3172,370,15.35
2372,2271,370,15.34
7960,7859,370,14.64
927,826,370,13.94
8832,8833,370,1.52
2371,2270,370,14.89
8639,8638,370,20.05
8660,8659,370,20.4
7759,7758,370,20.49
8061,8062,370,1.53
1028,928,370,5.29
8065,8064,370,20.38
746,645,370,19.43
7962,7961,370,20.3
7002,7001,370,37
6461,6460,370,8.59
6902,6901,370,38.08
8068,8169,370,1.59
8163,8062,370,14.66
7085,7184,370,15.54
7274,7373,370,6.67
8555,8554,370,22.45
8746,8745,371,20.72
5670,5569,371,26.74
5273,5272,371,40.57
8010,8009,371,43.33
1521,1520,371,11.12
1621,1520,371,11.02
1028,929,371,3.29
5257,5256,371,8.09
8111,8110,371,25.49
8067,8168,371,1.58
5368,5367,372,31.29
735,634,372,36.3
823,822,372,28.03
7809,7808,372,24.45
7909,7908,372,24.43
736,635,372,18.54
641,540,372,23.06
7658,7657,372,21.89
4953,5052,372,8.47
7557,7556,372,21.89
8825,8824,372,8.79
6682,6581,372,11.82
8721,8720,372,25.15
5174,5175,372,8.58
6684,6583,372,14.71
538,437,372,34.46
1219,1218,373,24.12
2108,2107,373,22.18
7406,7405,373,24.09
734,633,373,19.03
2302,2201,373,32.66
832,731,373,33.53
2208,2107,373,15.3
1021,920,373,12.66
7577,7576,373,8.2
950,951,373,2.61
1120,1019,373,13.51
637,536,373,27.1
2110,2009,373,15.78
5074,5075,373,6.07
537,536,373,30.07
6379,6279,373,7.19
7085,7185,373,7.74
7102,7101,373,39.45
538,438,373,17.85
8112,8211,373,16.16
2204,2203,374,27.26
7708,7707,374,24.08
8619,8618,374,24.9
8518,8517,374,24.6
8315,8314,374,24.67
7607,7606,374,24.07
7305,7304,374,24.19
832,732,374,18.54
7679,7678,374,7.2
7204,7203,374,23.48
5567,5467,374,4.34
642,541,374,21.69
8213,8212,374,25.49
1721,1720,374,7.01
733,732,374,32.28
537,436,374,28.8
2304,2203,374,15.74
2219,2118,374,7.08
5466,5365,374,19.65
5367,5366,375,45.01
5052,5051,375,45.45
7506,7505,375,24.05
9028,9027,375,20.21
8416,8415,375,24.19
8638,8637,375,20.07
8536,8535,375,20.6
643,542,375,19.69
644,543,375,19.74
7103,7202,375,19.14
7758,7757,375,21.54
749,648,375,19.38
8659,8658,375,20.78
2020,2019,375,9.55
748,647,375,19.66
3253,3252,375,6.52
5157,5156,375,8.23
2112,2012,375,3.62
1153,1052,375,19
8064,8063,375,20.42
733,632,375,30.52
6985,7086,375,7.05
822,821,376,28.87
7908,7907,376,25.23
8745,8744,376,20.8
1156,1055,376,17.82
636,535,376,18.56
536,535,376,36.7
750,649,376,19.58
747,646,376,16.03
6884,6785,376,2.56
2303,2202,376,16.06
6276,6177,376,1.84
1154,1053,376,18.52
8168,8167,376,20.27
6985,6886,376,8.78
930,829,376,11.81
851,751,376,6.39
2109,2008,376,15.56
437,336,377,32.62
7808,7807,377,24.51
8720,8719,377,24.43
7657,7656,377,22.81
5569,5468,377,24.13
1155,1054,377,18
1966,1865,377,16.27
2207,2106,377,15.73
2205,2104,377,15.91
1219,1118,377,15.77
823,722,377,16.27
436,435,377,36.29
8010,8109,377,17.3
7474,7473,377,8.35
8740,8739,377,8.49
8548,8649,377,1.67
5254,5154,377,7.29
1521,1420,377,10.06
8211,8210,377,25.53
5174,5275,377,8.8
1119,1118,377,12.01
438,337,377,36.2
1620,1619,377,10.12
8314,8313,378,25.13
1218,1217,378,20.2
633,532,378,32.37
540,439,378,25.52
8824,8823,378,19.83
3172,3071,378,18.39
645,544,378,19.42
7405,7404,378,24.8
1967,1866,378,16.21
2010,1909,378,15.83
2108,2007,378,15.25
825,724,378,15.61
7857,7756,378,15.45
6582,6481,378,16.02
1561,1460,378,16.27
7102,7201,378,19.68
7707,7706,379,24.6
8618,8617,379,24.83
7606,7605,379,24.78
633,533,379,19.21
543,442,379,35.67
7304,7303,379,23.53
436,335,379,33.34
8517,8516,379,24.18
632,631,379,27.93
8723,8822,379,7.1
5871,5771,379,4.54
4775,4876,379,1.72
1920,1919,379,9.62
7476,7575,379,6.05
7907,7906,380,25.49
821,820,380,28.17
7505,7504,380,24.92
8637,8636,380,20.51
8415,8414,380,24.8
541,440,380,24.41
8658,8657,380,20.85
635,534,380,19.06
826,725,380,15.09
829,828,380,25.53
8561,8562,380,1.55
5274,5373,380,13.11
2104,2103,380,35.9
929,828,380,16.03
1520,1519,380,11.89
2271,2170,380,14.6
337,236,381,36.84
542,441,381,28.15
822,721,381,16.08
8927,8926,381,8.87
632,531,381,27.05
3474,3475,381,0.75
1820,1819,381,8.96
8362,8363,381,1.54
8744,8743,381,20.68
8167,8166,381,20.36
8313,8312,382,25.14
7807,7806,382,24.93
336,235,382,33.9
8719,8718,382,24.78
7404,7403,382,25.14
8739,8738,382,20.24
6581,6480,382,15.05
335,334,382,37.85
631,630,382,37.46
435,434,382,24.07
8009,8008,382,9.77
2202,2101,382,23.84
1521,1421,382,5.23
2218,2117,382,6.57
4277,4177,382,4.71
7475,7574,382,7.12
438,338,382,11.27
7605,7604,383,25.06
7706,7705,383,25.33
1909,1908,383,24.11
2007,2006,383,22.44
731,730,383,11.09
1218,1117,383,14.61
724,723,383,21.4
5373,5372,383,42.44
8651,8750,383,8.95
831,730,383,8.51
2009,1908,383,15.71
927,827,383,4.15
4176,4076,383,4.32
1119,1018,383,9.93
648,547,383,19.21
647,546,383,18.91
8414,8413,384,25.14
7504,7503,384,25.28
8617,8616,384,24.15
7303,7302,384,23.39
534,433,384,36.06
1053,952,384,18.99
751,650,384,19.68
830,729,384,9.31
335,234,384,34.3
631,530,384,34.07
5670,5570,384,5.52
1021,921,384,4.5
6583,6482,384,12.02
533,432,384,33.15
8516,8515,384,24.52
646,545,384,18.72
1358,1258,384,3.13
4576,4677,384,1.59
2203,2102,384,15.38
442,341,384,35.3
2217,2116,384,5.73
6379,6380,384,2.7
236,135,385,35.97
7906,7905,385,24.99
8636,8635,385,20.68
1054,953,385,17.88
337,237,385,13.76
821,720,385,16.26
1055,954,385,16.27
8657,8656,385,20.55
543,443,385,10.53
334,333,385,35.37
3172,3072,385,6.71
649,548,385,16.51
8722,8821,385,6.99
829,728,385,16.05
2104,2003,385,18.92
440,339,385,28.56
8008,8007,386,25.74
7806,7805,386,25.46
1865,1764,386,16.26
8649,8748,386,16
5372,5371,386,40.02
441,340,386,31.76
2008,1907,386,15.35
2112,2013,386,1.8
5274,5374,386,6.22
2019,2018,386,9.79
8166,8165,386,20.31
7085,7186,386,5.6
7705,7704,387,25.56
8718,8717,387,24.79
7403,7402,387,24.46
235,134,387,30.05
1909,1808,387,15.76
1866,1765,387,16.27
1460,1359,387,16.27
9027,9026,387,8.81
1720,1719,387,8.21
334,233,387,32.74
7678,7677,387,7.86
3273,3173,387,3.76
5370,5469,387,5.18
2372,2272,387,3.76
2573,2473,387,3.6
8312,8311,387,24.99
1321,1320,387,5.46
1520,1419,387,9.37
7503,7502,388,25.11
8515,8514,388,25.15
2006,2005,388,23.94
7604,7603,388,24.95
8750,8749,388,23.53
8738,8737,388,19.88
236,136,388,16.19
2007,1906,388,15.33
724,623,388,15.01
8109,8108,388,9.26
6074,5974,388,3.9
4075,3975,388,3.55
2068,1968,388,3.43
9031,9130,388,4.78
8721,8820,388,7.18
1763,1663,388,2.98
443,342,389,36.61
7905,7904,389,25.13
341,240,389,33.8
433,332,389,28.74
7302,7301,389,24.45
8413,8412,389,24.58
8210,8209,389,8.83
951,852,389,8.95
5973,5873,389,5.46
649,549,389,7.72
8747,8846,389,4.96
8616,8615,389,24.18
1257,1157,389,3.31
8661,8760,389,4.87
1919,1918,389,10.43
8742,8841,389,4.8
8741,8840,389,4.81
1619,1618,389,8.47
2115,2014,389,4.95
442,342,389,10.1
134,133,390,35.5
340,239,390,36.3
7805,7804,390,25.37
8635,8634,390,20.66
2003,2002,390,22.77
234,133,390,26.12
8007,8006,390,25.74
339,238,390,32.97
8656,8655,390,20.63
3475,3374,390,16.18
725,624,390,14.96
135,34,390,33.79
1519,1518,390,10.53
8556,8655,390,4.78
9030,9129,390,4.69
6176,6076,390,3.23
1662,1562,390,3.27
7572,7573,390,0.4
9032,9131,390,4.81
4377,4378,390,2.03
8653,8752,390,4.61
8165,8164,391,20.27
135,35,391,18.36
546,445,391,19.45
2169,2069,391,3.71
2170,2069,391,13.98
1819,1818,391,10.97
7704,7703,392,24.88
7402,7401,392,24.12
134,33,392,32.83
8717,8716,392,24.09
1808,1807,392,23.85
2006,1905,392,15.72
530,529,392,13.14
8108,8107,392,25.72
8720,8819,392,7.4
630,629,392,10.99
2102,2001,392,18.32
532,431,392,10.3
545,444,392,19.55
547,446,392,16.24
133,132,393,40.04
7502,7501,393,24.05
8737,8736,393,20.25
8514,8513,393,24.81
7603,7602,393,24.92
3072,2971,393,19.75
729,628,393,16.04
8209,8208,393,26.02
623,622,393,21.04
548,447,393,18.5
8926,8925,393,8.8
8651,8751,393,3.99
8615,8614,393,25.45
8652,8751,393,4.61
239,138,394,36.84
133,32,394,35.47
7904,7903,394,24.81
240,139,394,35.17
443,343,394,12.15
8006,8005,394,25.11
8840,8839,394,20.75
1217,1216,394,6.48
2106,2105,394,6
8760,8759,394,20.46
8832,8933,394,1.57
2118,2017,394,7.17
8412,8411,394,24.84
8211,8310,394,7.07
8655,8654,395,21.17
9129,9128,395,20.87
7804,7803,395,24.79
342,241,395,27.85
8846,8845,395,19.72
233,232,395,13.52
238,137,395,35.34
954,853,395,15.69
827,726,395,12.86
9029,9128,395,4.77
8554,8654,395,4.12
6379,6280,395,3.58
8107,8106,396,25.45
1905,1904,396,25.04
1765,1664,396,16.01
529,528,396,26.16
6482,6381,396,11.86
1419,1418,396,11.22
1907,1806,396,15.32
2772,2871,396,3.87
2271,2171,396,3.97
8614,8613,397,25.11
8716,8715,397,24.06
8819,8818,397,24.43
7703,7702,397,24.57
8310,8309,397,46.15
8208,8207,397,25.42
1968,1867,397,16.18
1808,1707,397,15.7
650,550,397,8.3
530,429,397,11.34
8719,8818,397,7.29
2010,1910,397,3.6
1220,1319,397,4.31
549,448,397,19.01
7903,7902,398,25.03
7602,7601,398,24.49
8513,8512,398,24.44
8736,8735,398,20.58
8005,8004,398,25.11
1157,1056,398,16.2
623,522,398,14.89
135,36,398,11.49
751,651,398,4.58
136,36,398,10.97
138,37,398,36.65
1719,1718,398,9.32
7870,7971,398,0.32
139,38,399,35.34
6076,5975,399,17.54
1918,1917,399,10.27
7677,7676,399,8.47
2003,1902,399,10.83
720,719,399,7.28
9026,9025,399,8.78
332,331,399,10.93
8823,8922,399,7.01
1562,1461,399,16.25
2772,2773,399,1.11
1707,1706,400,43.05
8106,8105,400,25.49
1904,1903,400,26.1
241,140,400,28.7
8845,8844,400,20.41
139,39,400,17
132,131,400,14.3
1818,1817,400,11.16
240,140,400,9.98
1117,1116,400,6.09
7803,7802,400,24.79
531,430,400,7.81
6886,6786,400,4.23
9028,9127,400,4.85
1219,1318,400,4.48
1618,1617,400,9.62
8659,8758,400,4.79
8169,8268,400,4.86
8309,8308,401,25.99
853,752,401,27.22
32,31,401,14.67
1905,1804,401,15.96
1518,1517,401,9.25
8715,8714,401,25.12
8207,8206,401,25.15
429,428,401,26.6
529,428,401,16.15
5771,5671,401,4.57
8824,8923,401,4.88
343,242,401,21.26
5370,5470,401,2.28
8661,8761,401,2.26
446,345,401,16.27
445,344,401,14.78
5274,5375,401,4.44
6684,6584,401,2.59
8168,8267,401,4.84
8512,8511,402,25.25
8818,8817,402,24.48
8004,8003,402,25.51
7702,7701,402,24.58
8718,8817,402,7.29
1902,1901,402,33.72
447,346,402,16.27
8747,8847,402,2.33
8661,8662,402,1.56
4875,4976,402,1.86
8742,8842,402,2.21
8735,8734,403,20.47
550,449,403,25.44
1707,1606,403,25.28
232,231,403,14
8922,8921,403,26.33
1018,1017,403,5.14
1218,1317,403,4.85
7185,7284,403,4.76
7902,7901,403,24.81
1216,1215,404,10.91
8310,8409,404,14.64
8749,8848,404,9.22
5374,5473,404,7.95
4177,4077,404,4.55
8105,8104,404,25.43
2017,2016,404,10.5
1706,1705,404,25.17
5373,5472,404,6.08
2573,2574,404,1.35
7802,7801,404,25.23
8653,8753,404,2.08
8308,8307,405,25.17
8758,8757,405,20.75
1904,1803,405,16.15
1664,1563,405,16.12
8925,8924,405,8.79
2005,2004,405,6
726,625,405,14.73
3072,2972,405,5.21
8844,8843,405,20.71
1804,1803,405,26.8
8658,8757,405,4.78
8206,8205,405,25.43
8362,8463,405,1.58
2170,2070,405,4.13
8821,8920,405,7.27
8511,8510,405,45.31
448,347,405,18.98
1606,1605,406,42.1
140,40,406,18.55
1867,1766,406,16.25
622,621,406,8.04
8717,8816,406,7.5
8003,8002,406,25.57
429,328,406,16.21
827,727,406,4.44
1909,1809,406,3.62
8267,8266,406,20.28
8839,8838,406,8.43
9031,9132,406,1.55
8411,8410,406,8.96
8511,8410,406,36.82
9032,9132,406,2.21
8167,8266,406,4.83
5472,5471,407,42.36
31,30,407,16.92
131,130,407,16.5
5975,5874,407,17.83
8409,8408,407,44.66
1418,1417,407,9.9
8820,8919,407,7.5
1705,1704,407,44.09
6785,6685,407,3.3
4377,4478,407,2.09
8510,8509,408,44.38
1056,955,408,15.1
8613,8612,408,9.92
1902,1801,408,17.36
8104,8103,408,26.04
1718,1717,408,11.08
242,141,408,20.88
1461,1360,408,16.23
449,348,408,33.36
6986,6987,408,2.61
1605,1604,409,42.38
1606,1505,409,24.27
1116,1115,409,11.8
1917,1916,409,10.18
331,330,409,10.16
1803,1802,409,29.01
820,819,409,3.48
3172,3073,409,3.66
4076,3976,409,3.99
8205,8204,409,25.8
1020,919,409,3.2
7482,7583,409,0.83
5871,5772,409,2.26
8307,8306,409,25.43
347,246,409,36.57
8757,8756,410,20.65
231,230,410,16.17
346,245,410,19.13
1617,1616,410,10.54
651,551,410,8.67
1817,1816,410,10.7
1704,1703,410,37.13
7186,7285,410,6.1
1804,1703,410,16.23
8657,8756,410,4.81
4277,4278,410,2.04
8612,8611,411,44.46
8838,8837,411,20.22
7676,7675,411,8.52
9025,9024,411,8.77
719,718,411,8.69
8716,8815,411,7.51
2116,2015,411,5.27
8816,8815,411,24.45
8408,8407,411,25.44
8266,8265,411,20.31
344,243,411,14.78
8002,8001,411,24.55
8166,8265,411,4.84
8103,8102,412,26.07
8919,8918,412,23.67
1605,1504,412,24.56
1517,1516,412,9.69
8714,8713,412,9.22
9127,9126,412,8.65
522,521,412,7.42
8819,8918,412,7.4
7186,7286,412,3.99
8509,8508,412,25.42
7682,7781,412,2.76
8511,8610,412,15.58
7680,7779,412,3.22
348,247,412,36.76
347,247,412,15.02
246,145,413,36.8
8204,8203,413,26.05
1215,1214,413,11.45
8306,8305,413,25.96
140,41,413,11.7
1604,1603,413,26.45
853,753,413,5.69
1703,1702,413,36.29
8749,8849,413,4.13
345,244,413,12.67
141,41,413,20.75
954,854,413,3.65
1806,1805,413,6.01
6986,6887,413,3.26
8510,8609,414,16.45
1116,1015,414,10.5
623,523,414,3.89
3475,3375,414,3.11
2272,2172,414,3.76
4277,4178,414,2.63
1563,1462,414,16.27
8713,8712,415,44.38
8407,8406,415,25.93
8756,8755,415,20.83
1766,1665,415,16.25
1809,1708,415,15.86
625,524,415,14.92
430,329,415,10.06
3374,3274,415,4.03
1808,1708,415,3.64
141,142,415,14.35
5374,5474,415,3.5
1802,1701,415,26.47
8656,8755,415,4.81
2070,1969,415,14.57
449,349,415,8.53
8169,8269,415,2.25
145,144,416,46.76
1603,1602,416,45.23
8815,8814,416,24.88
30,29,416,12.19
8508,8507,416,25.86
2473,2373,416,3.57
8165,8264,416,4.84
8837,8836,416,20.01
2372,2373,416,1.43
1258,1158,416,3.18
8102,8101,416,25.12
348,248,416,12.68
8203,8202,417,26.16
8918,8917,417,24.12
246,146,417,14.13
8612,8711,417,16.38
130,129,417,10.14
1317,1316,417,7.55
1360,1259,417,16.27
2773,2872,417,8.1
550,450,417,5.11
1707,1607,417,5.06
8818,8917,417,7.38
6381,6281,417,4.84
8305,8304,417,25.99
141,42,417,16.34
6584,6483,417,9.17
2772,2872,417,1.64
145,44,418,30.51
1115,1114,418,11.78
1417,1416,418,9.24
5874,5773,418,13.74
1017,1016,418,6.7
752,652,418,5.97
1702,1601,418,34.81
1604,1503,418,16.19
3976,3875,418,15.76
8846,8945,418,4.89
1968,1868,418,3.42
1717,1716,418,10.82
5670,5571,418,2.71
8609,8608,418,25.77
7681,7780,418,2.67
8406,8405,419,26.31
1603,1502,419,27.97
621,620,419,8.3
9130,9229,419,4.67
8841,8940,419,4.81
7186,7187,419,3.09
8840,8939,419,4.79
8760,8859,419,4.82
3574,3575,419,0.62
8755,8754,420,20.84
8507,8506,420,26.19
1616,1615,420,10.46
8922,9021,420,6.82
9131,9230,420,4.76
8655,8754,420,4.76
9129,9228,420,4.78
2014,1913,420,4.7
1916,1915,420,9.8
8611,8710,420,16.3
8752,8851,420,4.79
2012,1911,420,3.19
4676,4777,420,1.39
44,43,421,18.2
1602,1501,421,16.19
145,45,421,52.08
8713,8812,421,10.45
3073,2973,421,53.83
4077,3977,421,23.94
1606,1506,421,55.54
1816,1815,421,0.58
5975,5875,421,43.75
651,552,421,16.05
1056,956,421,55.14
1664,1564,421,28.5
6076,5976,421,42.19
1157,1057,421,33.73
726,626,421,10.75
6482,6382,421,50.02
2171,2071,421,23.42
1502,1402,422,55
1503,1403,422,48.9
5773,5673,422,48.94
6483,6383,422,55.56
1607,1507,422,57.15
146,46,422,52.64
29,28,422,1.68
854,754,422,49.11
247,147,422,60.64
551,451,422,39.04
246,147,422,31.8
5772,5672,422,41.84
6887,6787,422,39.09
2574,2474,422,30.28
6685,6585,422,42.57
6786,6686,422,16.08
1867,1767,422,19.44
329,229,422,48.61
7186,7087,422,11.98
6584,6484,422,44.6
349,249,422,62.72
243,143,422,55.38
1461,1361,422,19.21
450,350,422,47.25
248,148,422,47.41
7570,7671,422,1.92
348,249,422,32.23
5976,5876,423,50.76
1501,1401,423,53.83
1506,1406,423,60.45
2373,2273,423,29.29
1158,1058,423,38.92
1665,1565,423,31.5
3375,3275,423,36.41
3875,3775,423,42.95
955,855,423,25.31
1766,1666,423,25.77
2973,2873,423,56.37
1360,1260,423,27.31
8817,8916,423,3.49
2773,2674,423,26.78
1707,1608,423,29.78
4178,4078,423,30.73
1259,1159,423,32.09
3273,3174,423,9.77
2372,2273,423,12.11
6176,6077,423,15.18
1563,1463,423,19.91
6277,6178,423,15.22
9032,9033,423,4.4
6686,6586,424,52.04
1507,1407,424,59.6
1402,1302,424,52.57
552,452,424,38.88
1057,957,424,49.26
956,856,424,34.68
854,755,424,32.03
753,653,424,16.61
8713,8813,424,9.91
3073,2974,424,30.34
5874,5774,424,14.01
1809,1709,424,13.67
625,525,424,10.48
6381,6282,424,23.93
8304,8303,424,5.75
3976,3876,424,19.39
2013,1912,424,3.62
2070,1970,424,11.13
450,351,424,32.33
2172,2072,424,21.64
8661,8762,424,2.45
148,48,424,62.25
147,47,425,47.4
1403,1303,425,45.71
6383,6283,425,34.23
6484,6384,425,37.34
1503,1404,425,32.07
1607,1508,425,28.22
1462,1362,425,18.09
5672,5572,425,34.63
6585,6485,425,47.45
3173,3074,425,15.47
720,619,425,1.31
249,149,425,44.85
350,250,425,37.44
7383,7384,425,3.41
8202,8201,425,5.38
2974,2874,426,59.84
755,655,426,62.78
6077,5977,426,43.87
3775,3675,426,46.06
5876,5776,426,39.99
1401,1301,426,45.76
1058,958,426,49.38
1361,1261,426,27.39
2474,2374,426,31.54
1564,1464,426,20.54
5875,5775,426,20.81
1868,1768,426,17.88
1969,1869,426,15.6
8712,8811,426,10.25
5673,5573,426,28.1
2973,2874,426,28.8
727,627,426,12.15
1260,1160,426,36.14
8736,8835,426,2.3
2014,1914,426,13.48
8836,8835,426,3.28
5275,5176,426,11.53
5175,5076,426,11.06
8833,8834,426,4.36
1159,1059,426,43.01
8070,8071,426,6.19
2071,1971,426,20.87
5774,5674,427,39.52
351,251,427,40.85
957,857,427,40.95
1302,1202,427,45.23
1666,1566,427,29.93
6178,6078,427,32.12
2273,2173,427,29.12
754,654,427,21.47
451,352,427,32.34
1403,1304,427,32.43
1767,1667,427,21.88
4078,3978,427,27.51
521,421,427,13.66
3876,3776,427,38.24
8849,8850,427,12.93
2773,2774,427,7.73
522,422,427,13.66
3977,3877,427,17.7
8749,8850,427,7.8
1015,915,427,13.55
4378,4279,427,12.1
4677,4578,427,11.84
6586,6486,427,36.85
3475,3376,427,12.1
1909,1810,427,9.83
8751,8850,427,2.1
718,618,427,13.7
4577,4578,427,2.87
2272,2173,427,11.95
149,49,427,53.46
1910,1810,427,12.7
5977,5877,428,52.89
6384,6284,428,37.41
1303,1203,428,49.3
1565,1465,428,23.1
1507,1408,428,25.97
1615,1515,428,13.48
1911,1811,428,13.17
1114,1014,428,12.39
6485,6385,428,36.83
1913,1813,428,13.64
620,520,428,13.29
1016,916,428,13.21
250,150,428,37.51
1304,1204,429,55.18
958,858,429,44.56
1059,959,429,49.39
1301,1201,429,36.35
655,555,429,36.5
1261,1161,429,39.19
1362,1262,429,27.21
653,553,429,24.15
1463,1363,429,18.28
8608,8607,429,5.58
652,553,429,15.39
3275,3175,429,17.76
1505,1405,429,11.01
5674,5574,429,51.68
8920,9019,429,3.52
1160,1060,429,44.12
524,424,429,9.39
1017,917,429,10.61
5375,5276,429,11.88
1018,918,429,10
8562,8563,429,4.28
6279,6179,429,9.45
1815,1715,429,13.66
4976,4877,429,12.29
5877,5777,430,51.49
6486,6386,430,42.29
3376,3276,430,41.77
3776,3676,430,45.38
352,252,430,44.45
6078,5978,430,43.55
2374,2274,430,33.02
6282,6182,430,17.32
1406,1306,430,14.92
6787,6687,430,13.9
5775,5675,430,26.16
626,526,430,12.5
6281,6181,430,10.1
4478,4379,430,12.13
523,423,430,7.69
2574,2475,430,12.08
6786,6687,430,10.62
8845,8944,430,2.21
6280,6180,430,9.45
8922,9022,430,3.51
718,717,430,1.48
149,50,430,30.52
2072,1972,430,18.71
8363,8364,430,4.36
4278,4179,430,12.13
1667,1567,431,27.9
1566,1466,431,28.04
1202,1102,431,30.74
3877,3777,431,26.78
654,554,431,25.99
1768,1668,431,20.37
1709,1609,431,15.2
755,656,431,20.66
552,453,431,15.18
6385,6285,431,42.07
6887,6788,431,12.04
251,151,431,32.1
2173,2073,431,25.48
7583,7484,431,11.59
4178,4079,431,12.09
8816,8915,431,3.64
5978,5878,432,52.45
959,859,432,48.24
1060,960,432,49.34
6284,6184,432,25.18
1465,1365,432,26
421,321,432,21.61
1304,1205,432,29.58
1464,1364,432,19.98
1407,1307,432,13.99
6178,6079,432,15.93
7187,7088,432,12.02
1809,1710,432,9.99
3978,3878,432,20.83
8849,8949,432,6.09
1161,1061,432,44.74
1262,1162,432,39.72
1912,1812,432,13.72
4777,4678,432,11.92
656,556,433,60.47
453,353,433,55.03
2274,2174,433,33.79
3276,3176,433,42.72
3676,3576,433,46.74
5777,5677,433,36.39
6386,6286,433,41.96
1363,1263,433,29.33
1201,1101,433,30.29
1202,1103,433,27.82
5776,5676,433,15.89
1869,1769,433,16.01
6283,6183,433,13.59
856,756,433,11.35
1868,1769,433,10.97
1969,1870,433,10.51
129,128,433,1.54
252,152,433,48.07
9024,9023,433,1.39
8919,9018,433,3.44
8405,8404,433,5.85
619,519,433,13.6
5675,5575,433,42.41
8849,8948,433,6.49
3074,2975,433,18.51
1971,1871,433,15.25
5878,5778,434,52.93
554,454,434,33.84
1466,1366,434,36.32
6788,6688,434,36.52
3777,3677,434,42.28
1567,1467,434,36.13
2474,2375,434,12.11
6285,6185,434,42.84
1914,1814,434,13.72
422,322,434,15.98
3175,3075,434,24.4
8920,9020,434,3.31
7971,7872,434,9.82
8846,8946,434,2.22
8933,8934,434,4.43
7088,6988,434,53.3
3576,3476,435,57.35
5575,5475,435,52.55
6079,5979,435,40.11
960,860,435,49.39
1364,1264,435,34.92
1162,1062,435,44.95
321,221,435,48.52
1668,1568,435,28.14
1405,1305,435,17.04
555,455,435,16.87
1061,961,435,48.79
915,815,435,13.41
627,527,435,11.54
2974,2875,435,13.02
2674,2575,435,12.03
1365,1265,435,41.87
525,425,435,9.96
4078,3979,435,11.97
3575,3476,435,9.75
329,228,435,4.12
151,51,435,32.31
8760,8860,435,2.09
618,518,435,13.71
7871,7772,435,8.06
6286,6186,436,46.23
6183,6083,436,33.9
353,253,436,37.73
556,456,436,39.23
453,354,436,29.68
1014,914,436,12.96
916,816,436,13.53
1515,1415,436,13.24
6687,6587,436,19.56
5778,5678,436,50.25
1813,1713,436,13.64
8841,8941,436,2.03
1972,1872,436,18.6
1811,1711,436,13.54
1263,1163,436,40.34
152,52,436,48.26
1467,1367,437,46.41
3677,3577,437,44.4
2174,2074,437,29.05
1306,1206,437,15.74
1204,1104,437,13.56
1408,1308,437,12.35
322,222,437,44.12
1608,1509,437,10.32
1366,1266,437,47.41
5979,5879,437,52.62
8849,8950,437,7.55
7971,7972,437,5.58
5676,5576,437,28.25
9131,9231,437,2.14
2072,1973,437,11.11
6988,6888,437,41.21
8070,8171,437,4.3
8662,8663,437,4.25
221,121,438,48.76
1568,1468,438,44.26
961,861,438,49.39
717,617,438,13.5
2374,2275,438,12.13
2874,2775,438,11.96
1709,1610,438,10.41
526,426,438,13.14
1062,962,438,48.25
1264,1164,438,43.17
8506,8505,438,5.75
6587,6487,438,54.4
1265,1165,438,47.41
8752,8852,438,2
917,817,438,12.5
3577,3477,439,55.17
5879,5779,439,51.23
5678,5578,439,34.08
6186,6086,439,37.9
1163,1063,439,44.2
1769,1669,439,19.03
1205,1105,439,15.66
6184,6084,439,16.04
3878,3778,439,14.58
423,323,439,12
520,420,439,9.74
2774,2675,439,11.98
3376,3277,439,11.9
3877,3778,439,11.93
4279,4180,439,12.11
857,757,439,8.51
1768,1669,439,11.35
918,818,439,10.58
5076,4977,439,11.67
253,153,439,48.31
9132,9133,439,4.36
7186,7287,439,1.81
4578,4479,439,12.12
9032,9133,439,2.62
1266,1166,440,49.33
222,122,440,49.4
5576,5476,440,35.39
354,254,440,25.27
1367,1267,440,48.14
860,760,440,20.11
859,759,440,14.26
858,758,440,9.65
8071,8072,440,7.27
1869,1770,440,10.6
5176,5077,440,10.25
1508,1409,440,9.92
6185,6085,440,18.03
3978,3879,440,11.41
8758,8857,440,2.29
1812,1712,440,13.28
7682,7683,440,2.68
7771,7672,440,6.17
8710,8709,440,5.16
1165,1065,441,48.18
121,21,441,36.67
1164,1064,441,46.02
6487,6387,441,40.3
1468,1368,441,49.24
455,355,441,16.88
6688,6588,441,14.55
1307,1207,441,12.19
527,427,441,19.04
962,862,441,49.39
424,324,441,8.52
8269,8270,441,4.41
9126,9125,441,1.48
8815,8914,441,3.77
3176,3076,441,13.29
4877,4778,441,11.94
7572,7673,441,1.24
323,223,442,33.79
1063,963,442,48.09
757,657,442,36.77
861,761,442,30.04
456,356,442,16.89
1101,1001,442,12.42
6079,5980,442,15
656,557,442,13.54
1102,1002,442,9.14
2274,2175,442,12.13
3276,3177,442,11.83
3477,3377,442,34.02
6386,6287,442,11.89
4379,4280,442,12.13
3277,3177,442,45.76
4179,4080,442,11.89
8948,8947,442,11.61
6084,5984,442,35.27
1814,1714,442,13.73
5677,5577,442,11.22
5779,5679,442,49.54
153,53,442,47.66
8844,8943,442,2.16
8267,8366,442,2.29
5476,5376,443,41.24
122,22,443,42.33
1166,1066,443,45.52
758,658,443,37.89
1669,1569,443,28.44
3778,3678,443,31.49
518,418,443,13.32
815,715,443,12.99
1668,1569,443,12
2074,1974,443,18.98
7484,7385,443,11.91
6788,6689,443,12.11
3777,3678,443,11.86
2475,2376,443,11.67
5276,5177,443,10.71
1267,1167,443,45.15
1972,1873,443,11.09
8303,8302,443,5.56
5679,5579,444,50.31
5980,5880,444,52.34
557,457,444,59.87
1368,1268,444,45.49
1065,965,444,47.42
1064,964,444,49.01
914,814,444,13.38
1415,1315,444,12.68
816,716,444,13.41
1103,1003,444,9.91
4678,4579,444,12.13
862,762,444,39.99
519,419,444,9.71
1713,1613,444,13.62
1711,1611,444,13.73
4079,3980,444,11.56
7583,7584,444,3.64
6085,5985,444,29.34
6180,6080,444,7.3
1872,1772,444,13.86
963,863,445,49.16
6287,6187,445,45.01
223,123,445,49.4
6086,5986,445,16.68
1308,1208,445,12.94
354,255,445,15.93
2174,2075,445,12.04
8811,8810,445,5.32
8939,8938,445,3.27
8859,8858,445,3.27
8608,8708,445,3.84
8918,9017,445,3.39
3177,3077,445,37.33
1569,1469,446,45.58
6689,6589,446,38.79
1167,1067,446,40.45
658,558,446,36.87
3678,3578,446,45.67
5577,5477,446,31.78
324,224,446,22.98
3076,2976,446,24.62
1770,1670,446,17.38
254,154,446,19.59
617,517,446,13.6
1206,1106,446,11.82
1769,1670,446,11.16
2975,2876,446,11.35
1205,1106,446,10.52
3878,3779,446,10.25
8607,8606,446,5.89
9033,9034,446,4.4
6083,5983,446,10.19
5880,5780,446,51.13
8948,9048,446,7.9
8506,8606,446,3.99
3075,2976,446,12.12
6988,6889,446,11.94
1610,1510,446,13.23
964,864,447,46.96
457,357,447,47.97
1066,966,447,32.8
2376,2276,447,25.9
1105,1005,447,13.98
1104,1004,447,10.84
2375,2276,447,11.79
965,865,447,34.4
1268,1168,447,45.53
8267,8367,447,2.15
7088,6989,447,9.69
6187,6087,448,45.81
5986,5886,448,41.61
863,763,448,43.01
5579,5479,448,28.31
761,661,448,18.31
356,256,448,16.88
1409,1309,448,13.15
1712,1612,448,12.93
5985,5885,448,32.11
6186,6087,448,12.08
2575,2476,448,11.61
1870,1771,448,9.92
123,23,448,46.8
424,325,448,7.7
5983,5883,448,59.6
8948,9049,448,9.63
1871,1771,448,7.04
6588,6488,448,16.49
3979,3880,448,11.17
8762,8763,448,4.25
6889,6789,449,47.24
2876,2776,449,47.46
3578,3478,449,41.43
224,124,449,49.3
5477,5377,449,36.55
1469,1369,449,49.34
1067,967,449,45.82
1207,1107,449,12.55
5578,5478,449,10.37
420,320,449,10.79
2875,2776,449,10.47
8304,8403,449,4.23
5780,5680,449,46.71
7682,7782,449,1.09
1772,1672,449,23.42
8761,8861,449,2.02
864,764,450,36.09
357,257,450,42.01
1670,1570,450,27.94
3077,2977,450,22.55
1002,902,450,13.22
865,765,450,34.65
254,155,450,14.88
6487,6388,450,11.99
427,327,450,11.63
1714,1614,450,13.73
2074,1975,450,11.15
426,326,450,8.4
1168,1068,450,48.43
8948,9047,450,8.38
5984,5884,450,14.26
8842,8942,450,2.03
153,54,450,13.65
5680,5580,451,52.12
2276,2176,451,27.82
558,458,451,22.99
715,615,451,12.95
1001,901,451,12.01
760,660,451,9.44
3778,3679,451,12.11
2775,2676,451,10.89
2275,2176,451,11.72
966,866,451,32.36
3477,3378,451,12.13
5883,5783,451,34.53
8071,8172,451,5.89
9021,9121,451,3.3
8757,8856,451,2.26
4479,4380,451,12.09
1872,1773,451,10.05
8202,8301,451,3.89
8563,8464,451,6.5
320,220,452,49.28
5377,5277,452,43.88
1672,1572,452,42.52
814,714,452,13.27
716,616,452,13.19
1611,1511,452,13.72
1613,1513,452,13.72
1369,1269,452,46.87
5077,4978,452,12.24
758,659,452,12.08
4180,4081,452,11.59
2675,2576,452,11.35
124,24,452,49.08
1973,1874,452,9.64
967,867,452,43.58
1974,1874,452,12.01
3277,3178,452,11.51
8608,8707,452,4.07
8838,8937,452,2.33
8405,8504,452,4.32
8753,8853,452,2.07
4977,4878,452,11.46
5580,5480,453,56.09
1570,1470,453,38.6
257,157,453,46.63
1068,968,453,45.52
6388,6288,453,39.74
6087,5987,453,24.32
765,665,453,38.13
1208,1108,453,13.38
5579,5480,453,16.07
6080,5981,453,16.06
418,318,453,10.67
6387,6288,453,11.95
6086,5987,453,10.74
155,55,453,38.84
8916,9016,453,3.44
7285,7386,453,3.87
6589,6489,453,16.31
8266,8365,453,2.25
4778,4679,453,12.13
2176,2076,454,37.56
1771,1671,454,16.92
3880,3780,454,19.7
866,766,454,40.13
256,156,454,16.82
517,417,454,13.73
419,319,454,10.53
5177,5078,454,13.47
5980,5881,454,12.52
3377,3278,454,12
324,225,454,11.64
1770,1671,454,10.88
1105,1006,454,10.08
5783,5683,454,41.07
7584,7485,454,15.58
6182,6082,454,4.29
6181,6081,454,4.29
8811,8911,454,3.61
7187,7188,454,2.9
3378,3278,454,41.64
9132,9232,454,2.09
3177,3078,454,12.1
8506,8605,454,4.23
1510,1410,454,13.56
659,559,455,39.98
1572,1472,455,48.4
764,664,455,21.98
5884,5784,455,24.02
867,767,455,42.48
763,663,455,14.9
1005,905,455,13.22
1004,904,455,13.1
6689,6590,455,12.05
2376,2277,455,11.87
658,559,455,12.11
220,120,455,47.95
761,662,455,11.04
6287,6188,455,11.6
762,662,455,9.87
4080,3981,455,11.47
3679,3579,455,32.13
9021,9122,455,4.06
4280,4181,455,11.68
1773,1673,455,27.78
5886,5786,455,15.26
1269,1169,455,41.47
318,218,456,47.82
5987,5887,456,35.67
1470,1370,456,40.44
458,358,456,20.2
5478,5378,456,14.77
1612,1512,456,13.6
1309,1209,456,13.72
5479,5379,456,13.01
5477,5378,456,15.5
1003,903,456,8.88
968,868,456,37.85
157,57,456,48.55
5880,5781,456,12.85
4579,4480,456,12.1
5881,5781,456,51.83
5885,5785,456,13.83
319,219,457,49.18
766,666,457,48.09
225,125,457,42.5
2076,1976,457,44.56
120,20,457,60.63
3980,3881,457,11.41
5683,5583,457,47.05
1975,1875,457,14.78
3078,2978,457,48.33
8934,8935,457,4.37
5780,5681,457,13.84
1673,1573,458,46.93
5786,5686,458,35.73
2277,2177,458,39.01
6188,6088,458,44.6
5784,5684,458,49.34
1671,1571,458,32.12
326,226,458,13.38
1107,1007,458,12.4
3578,3479,458,11.92
1670,1571,458,11.99
6187,6088,458,11.5
902,802,458,13.42
1614,1514,458,13.7
1472,1372,458,49.37
767,667,458,49.12
3579,3479,458,38.2
6590,6490,458,39.6
5983,5882,458,11.87
5785,5685,459,48.7
218,118,459,44.91
1169,1069,459,30.47
559,459,459,32.11
663,563,459,32.09
901,801,459,13.72
615,515,459,13.18
2977,2877,459,11.59
5377,5278,459,14.37
357,258,459,11.88
6889,6790,459,11.25
558,459,459,11.64
5681,5581,459,53.78
2976,2877,459,11.59
2876,2777,459,11.2
868,768,459,42.62
327,227,459,12.28
8072,7973,459,7.79
7972,7873,459,6.69
6989,6890,459,12.12
8811,8912,459,4.41
1370,1270,459,35.93
8303,8402,459,4.05
8663,8564,459,6.5
1873,1774,459,9.39
8710,8809,459,3.69
219,119,460,46.02
125,25,460,49.35
5379,5279,460,30.52
1976,1876,460,38.75
1511,1411,460,13.54
5583,5483,460,49.41
714,614,460,13.31
616,516,460,13.38
1513,1413,460,13.73
6488,6389,460,12.12
2978,2878,460,39.29
8914,8913,460,5.45
5887,5787,460,25.55
8950,8951,460,4.47
7872,7773,460,5.61
156,56,460,16.81
3779,3680,460,10.34
1214,1213,460,0.48
5882,5782,460,50.58
5686,5586,461,48.79
2177,2077,461,37.56
5684,5584,461,46.23
1571,1471,461,40.75
3881,3781,461,27.53
1108,1008,461,13.27
2776,2677,461,12.07
6087,5988,461,11.76
3880,3781,461,11.26
2476,2377,461,11.75
1573,1473,461,49.36
667,567,461,38.36
8911,8910,461,16.14
3479,3379,461,39.13
3478,3379,461,12.11
128,27,461,5.07
9021,9120,461,3.51
8755,8855,461,2.23
8756,8855,461,2.32
1372,1272,461,49.38
8837,8936,461,2.41
5782,5682,462,51.27
1069,969,462,34.7
5685,5585,462,47.59
563,463,462,45.73
666,566,462,24.58
664,564,462,16.59
118,18,462,36.28
1006,906,462,13.53
6388,6289,462,12.01
6789,6690,462,11.32
768,668,462,46.17
5581,5481,462,48.18
258,158,462,37.44
4978,4879,462,14.71
9133,9134,462,4.35
665,565,462,11.74
6790,6690,462,46.59
8607,8706,462,4.37
8916,9015,462,3.66
8269,8369,462,2.13
7779,7778,462,0.92
1270,1170,462,38.79
1410,1310,462,13.71
5279,5179,463,44.47
5483,5383,463,47.86
417,317,463,11.32
5480,5380,463,10.4
5277,5178,463,13.41
2676,2577,463,12.1
5479,5380,463,9.78
8911,9011,463,12.31
6082,5982,463,11.6
904,804,463,12.73
3679,3580,463,12.12
3378,3279,463,11.91
1773,1674,463,11.98
8267,8368,463,2.65
1774,1674,463,29.52
5481,5381,464,59.32
5682,5582,464,55.05
1272,1172,464,49.38
5584,5484,464,48.39
5586,5486,464,47.15
2077,1977,464,35.03
459,359,464,21.5
6490,6390,464,18.99
1512,1412,464,13.41
1209,1109,464,13.68
659,560,464,12
2576,2477,464,11.8
1471,1371,464,45.93
119,19,464,31.46
458,359,464,11.33
4380,4281,464,11.58
8911,9012,464,14.21
905,805,464,12.37
9018,9118,464,3.33
5787,5687,464,26.21
4878,4779,464,12.13
1473,1373,464,49.36
1170,1070,465,47.73
6289,6189,465,39.76
564,464,465,45.69
158,58,465,47.38
463,363,465,40.17
5585,5485,465,45.32
565,465,465,40.53
969,869,465,44.41
5988,5888,465,29.51
5379,5280,465,16.02
668,568,465,39.21
5987,5888,465,12.12
6288,6189,465,11.89
8911,9010,465,12.87
968,869,465,12.08
4081,3982,465,11.76
3178,3079,465,11.4
9022,9123,465,4.15
4679,4580,465,11.95
8939,9039,465,2.19
8859,8959,465,2.18
1875,1775,465,13.5
8761,8862,465,2.5
5179,5079,466,34.42
3781,3681,466,24.05
1514,1414,466,13.55
225,126,466,11.85
1674,1574,466,48.18
7188,7089,466,11.91
9229,9329,466,2.16
1876,1776,466,19.07
3279,3179,466,46.49
8753,8854,466,2.56
560,460,467,35.33
1172,1072,467,49.27
5687,5587,467,43.44
5486,5386,467,42.97
5383,5283,467,27.93
3580,3480,467,25.18
568,468,467,50.72
515,415,467,13.22
5582,5482,467,49.4
1007,907,467,12.33
2277,2178,467,12.04
559,460,467,12.12
5484,5384,467,46.35
227,127,467,13.57
1373,1273,467,49.36
7683,7684,467,3.83
3078,2979,467,10.96
3579,3480,467,12.07
903,803,467,9.89
801,701,467,13.13
3981,3882,467,11.92
6590,6491,467,12.02
8940,9040,467,2.12
9132,9233,467,2.58
1371,1271,467,49.37
8945,9045,467,2.05
1070,970,468,49.38
5485,5385,468,46.32
6189,6089,468,44.34
5381,5281,468,27.45
1977,1877,468,32.42
5481,5382,468,26.28
516,416,468,13.42
1413,1313,468,13.65
614,514,468,13.56
358,259,468,11.83
6188,6089,468,11.65
4181,4082,468,11.45
5078,4979,468,10.52
2878,2778,468,13.28
465,365,468,41.26
566,466,468,19.24
464,364,468,41.59
1213,1113,468,13.02
8914,9014,468,3.72
868,769,468,11.84
5887,5788,468,11.85
9018,9119,468,4.1
363,263,468,33.48
4480,4381,468,11.8
8404,8503,468,4.11
869,769,468,43.83
126,26,469,48.88
1574,1474,469,49.4
5280,5180,469,26.36
1008,908,469,13.31
802,702,469,9.6
3881,3782,469,11.97
567,467,469,13.59
8172,8073,469,8.32
8708,8808,469,4.3
2978,2879,469,12.03
1775,1675,469,31.01
1271,1171,470,49.39
5587,5487,470,41.73
1273,1173,470,46.43
3480,3380,470,38.06
1072,972,470,41.82
568,469,470,31.61
2177,2078,470,12.09
6088,5989,470,12.01
9034,9035,470,4.33
5386,5286,470,43.01
3479,3380,470,12.04
9049,9050,470,4.66
6491,6391,470,41.77
970,870,471,49.41
5281,5181,471,40.18
460,360,471,29.57
906,806,471,11.77
1411,1311,471,9.57
466,366,471,38.5
258,159,471,12.09
364,264,471,35.12
769,669,471,40.14
1310,1210,471,11.84
8269,8370,471,2.63
1776,1676,471,21.38
8763,8664,471,6.23
2879,2779,472,39.18
5180,5080,472,40.03
7684,7585,472,28.85
6390,6290,472,14.13
1412,1312,472,13.38
263,163,472,28.26
804,704,472,12.33
365,265,472,31.29
1109,1009,472,13.7
5382,5282,472,29.2
6389,6290,472,12.04
2777,2678,472,11.19
661,561,472,4.28
1675,1575,472,48.38
1877,1777,472,27.47
6790,6691,472,11.37
5787,5688,472,11.89
1474,1374,472,49.4
1173,1073,473,37.42
1171,1071,473,49.38
5487,5387,473,42.16
2078,1978,473,34.7
5989,5889,473,33.47
3380,3280,473,42.26
3782,3682,473,32.53
3681,3581,473,15.42
805,705,473,12.34
2077,1978,473,12.13
5988,5889,473,12.05
8564,8465,473,10.24
5384,5284,473,16.76
5286,5186,473,44.44
8605,8604,473,5.42
9018,9117,473,3.54
8851,8952,473,2.7
8859,8960,473,2.68
9229,9330,473,2.66
5080,4980,474,50.9
669,569,474,33.87
972,872,474,27.64
1414,1314,474,13.11
264,164,474,36.81
6289,6190,474,12.01
568,569,474,11.69
2377,2278,474,11.75
2677,2578,474,11.19
467,367,474,24.84
5385,5285,474,16.74
870,770,474,41.39
668,569,474,12.04
1676,1576,474,47.25
6890,6791,474,9.55
8940,9041,474,2.61
1575,1475,475,49.38
5688,5588,475,40.55
1374,1274,475,46.54
561,461,475,36.42
265,165,475,33.9
159,59,475,32.15
5284,5184,475,61.93
415,315,475,12.72
803,703,475,12.52
366,266,475,30.67
5282,5182,475,44.25
3580,3481,475,11.83
158,59,475,11.22
6690,6591,475,11.34
6691,6591,475,45.45
802,703,475,8.33
7089,6990,475,16.24
8945,9046,475,2.53
8170,8271,475,2.09
5889,5789,476,34.5
5387,5287,476,36.77
1071,971,476,49.38
5181,5081,476,22.51
770,670,476,60.83
468,368,476,12.19
907,807,476,12.05
5283,5183,476,11.24
1977,1878,476,12.12
2577,2478,476,11.28
514,414,476,13.64
5186,5086,476,47.67
872,772,476,50.37
1209,1110,476,7.14
3280,3180,476,43.38
4779,4680,476,12.02
1113,1013,476,12.73
3279,3180,476,11.39
6190,6090,477,44.67
4980,4880,477,41.03
1073,973,477,27.61
3682,3582,477,25.65
164,64,477,33.9
2779,2679,477,21.89
6391,6291,477,16.48
416,316,477,11.96
1576,1476,477,49.41
4281,4182,477,11.38
2477,2378,477,11.66
360,260,477,17.41
8708,8807,477,4.53
8914,9013,477,3.95
8910,8909,477,6.39
469,369,477,14.83
367,267,477,34.1
908,808,477,13.56
8707,8807,477,4.11
1310,1211,477,9.82
3982,3883,477,12.07
4580,4481,477,12.11
5287,5187,478,60.86
5086,4986,478,56.85
670,570,478,61.48
1274,1174,478,36.03
5588,5488,478,45.84
165,65,478,38.69
461,361,478,33.48
163,63,478,19.81
772,672,478,50.37
701,601,478,9.14
5182,5082,478,43.42
1475,1375,478,48.86
4879,4780,478,9.26
971,871,479,43.43
5183,5083,479,44.39
3180,3080,479,44.33
266,166,479,29.13
569,470,479,32.25
1878,1778,479,33.52
702,602,479,10.52
3882,3783,479,12.1
3480,3381,479,12.08
7684,7685,479,9.01
2178,2079,479,12.02
3179,3080,479,10.95
3079,2980,479,10.77
317,217,479,6.66
872,773,479,31.71
662,562,479,4.28
8944,9044,479,2.07
8939,9038,479,2.33
8859,8958,479,2.32
369,269,479,60.49
6491,6392,479,11.9
1776,1677,479,11.47
