1374,1373,2,38.02
1373,1372,5,40.36
1372,1371,8,37.97
1371,1370,11,36.19
1374,1473,11,12.58
1370,1369,14,38.57
1473,1472,14,40.36
1373,1472,14,12.4
1369,1368,17,44.16
1472,1471,17,38.8
1372,1471,17,12.59
1368,1367,20,44.52
1371,1470,20,12.66
1367,1366,23,42
1470,1469,23,41.57
1370,1469,23,12.55
1473,1572,23,12.4
1366,1365,26,40.06
1469,1468,26,43.7
1572,1571,26,34.16
1472,1571,26,12.53
1365,1364,29,38.15
1468,1467,29,44.81
1471,1570,29,12.68
1374,1273,30,4.69
1364,1363,32,36.52
1467,1466,32,41.36
1570,1569,32,40.12
1367,1466,32,12.19
1470,1569,32,12.25
1273,1272,34,32.28
1373,1272,34,4.52
1374,1474,34,2.93
1363,1362,35,37.22
1466,1465,35,37
1569,1568,35,44.43
1366,1465,35,12.43
1572,1671,35,12.7
1372,1271,36,4.69
1362,1361,38,39.06
1568,1567,38,43.2
1465,1464,38,36.19
1365,1464,38,12.58
1571,1670,38,12.64
1371,1270,38,4.8
1567,1566,41,40.21
1464,1463,41,37.13
1670,1669,41,36.87
1361,1360,41,40.57
1270,1269,41,33.48
1364,1463,41,12.65
1467,1566,41,12.28
1570,1669,41,12.43
1360,1359,44,41.28
1269,1268,44,44.81
1463,1462,44,39.07
1566,1565,44,40.09
1669,1668,44,39.72
1363,1462,44,12.62
1466,1565,44,12.63
1474,1573,46,12.02
1359,1358,47,41.61
1268,1267,47,44.38
1668,1667,47,40
1462,1461,47,40.18
1565,1564,47,41.2
1362,1461,47,12.52
1568,1667,47,11.95
1465,1564,47,12.66
1671,1770,47,12.61
1358,1357,50,42.98
1267,1266,50,42.35
1770,1769,50,37.07
1461,1460,50,41.17
1667,1666,50,40.95
1564,1563,50,41.79
1567,1666,50,12.42
1464,1563,50,12.63
1670,1769,50,12.64
1361,1460,50,12.38
1357,1356,53,44.45
1266,1265,53,42.48
1769,1768,53,38.96
1666,1665,53,42.93
1563,1562,53,42.24
1460,1459,53,41.79
1360,1459,53,12.29
1463,1562,53,12.52
1566,1665,53,12.43
1669,1768,53,12.46
1374,1274,53,1.89
1356,1355,56,44.54
1265,1264,56,40.06
1459,1458,56,42.37
1562,1561,56,42.07
1665,1664,56,44.05
1768,1767,56,40.02
1359,1458,56,12.25
1668,1767,56,12.44
1462,1561,56,12.42
1565,1664,56,12.3
1572,1672,56,3.1
1355,1354,59,48.61
1264,1263,59,38.23
1767,1766,59,41.01
1458,1457,59,43.14
1561,1560,59,42.59
1664,1663,59,43.89
1358,1457,59,12
1770,1869,59,12.63
1461,1560,59,12.31
1667,1766,59,12.33
1564,1663,59,12.22
1273,1172,59,5.02
1364,1263,59,4.78
1356,1455,61,82.46
1459,1558,61,75.98
1562,1661,61,76.31
1665,1764,61,76.53
1768,1867,61,73.17
1357,1456,61,82.17
1769,1868,61,72.11
1666,1765,61,74.95
1563,1662,61,76.26
1460,1559,61,75.58
1766,1865,62,75.59
1354,1453,62,87.95
1869,1968,62,74.12
1457,1556,62,76.4
1560,1659,62,81.86
1663,1762,62,76.51
1355,1454,62,86.22
1767,1866,62,74.15
1458,1557,62,76.46
1561,1660,62,76.63
1664,1763,62,76.7
1455,1554,63,84.75
1559,1658,63,75.73
1558,1657,63,76.4
1662,1761,63,76.38
1661,1760,63,76.45
1765,1864,63,76.58
1764,1863,63,76.93
1868,1967,63,74.99
1867,1966,63,75.44
1456,1555,63,87.94
1672,1771,63,31.42
1865,1964,64,76.11
1453,1552,64,81.09
1557,1656,64,76.21
1968,2067,64,75.04
1556,1655,64,76.6
1660,1759,64,76.99
1659,1758,64,75.69
1763,1862,64,76.71
1762,1861,64,75.88
1866,1965,64,75.79
1454,1553,64,82.09
1363,1262,64,2.37
1554,1653,65,82.84
1761,1860,65,85.09
1760,1859,65,81.39
1864,1963,65,76.47
1863,1962,65,76.61
1967,2066,65,75.29
1966,2065,65,75.96
1555,1654,65,77.23
1552,1651,66,86.64
1656,1755,66,77.33
2067,2166,66,75.32
1655,1754,66,85.55
1758,1857,66,76.22
1862,1961,66,75.99
1861,1960,66,84.61
1965,2064,66,76.11
1553,1652,66,87.7
1964,2063,66,75.98
1658,1757,66,51.51
1657,1756,66,61.68
1771,1870,66,62.72
1272,1171,66,3.61
1474,1574,66,5.6
1653,1752,67,88.27
1860,1959,67,82.61
1859,1958,67,79.07
1963,2062,67,75.93
1962,2061,67,75.71
2066,2165,67,75.78
2065,2164,67,76.17
1654,1753,67,88.16
1759,1858,67,69.83
1354,1353,67,8.01
1754,1853,68,88.23
1870,1969,68,73.14
1961,2060,68,74.8
2166,2265,68,75.81
1755,1854,68,87.39
1651,1750,68,88.27
1756,1855,68,86.4
1652,1751,68,88.27
1960,2059,68,86.03
1757,1856,68,88.21
2064,2163,68,75.96
2063,2162,68,76.17
1271,1170,68,3.67
1752,1851,69,88.27
1353,1452,69,88.18
1959,2058,69,85.93
1958,2057,69,87.85
2062,2161,69,76.34
2061,2160,69,75.87
2165,2264,69,76.21
2164,2263,69,76.58
1753,1852,69,88.19
1858,1957,69,84.65
1853,1952,70,86.01
1969,2068,70,74.17
2060,2159,70,87.42
2265,2364,70,76.39
1854,1953,70,87.9
1855,1954,70,87.58
1751,1850,70,88.37
2059,2158,70,87.48
2163,2262,70,76.99
1856,1955,70,87.7
2162,2261,70,76.93
1574,1673,70,45.56
1851,1950,71,83.75
1452,1551,71,87.47
2058,2157,71,88.11
2057,2156,71,88.37
2161,2260,71,74.47
2160,2259,71,74.89
2264,2363,71,76.9
2263,2362,71,76.88
1852,1951,71,83.98
1957,2056,71,87.22
1952,2051,72,85.13
2068,2167,72,75.09
2364,2463,72,76.83
1953,2052,72,86.98
1954,2053,72,88.29
2158,2257,72,72.62
2262,2361,72,75.97
1955,2054,72,88.04
2261,2360,72,75.04
1270,1169,72,2.73
1362,1261,72,2.25
1950,2049,73,81.62
1551,1650,73,85.76
2157,2256,73,83.17
2156,2255,73,84.22
2363,2462,73,75.62
2362,2461,73,76.52
1951,2050,73,78.14
2056,2155,73,88.03
2159,2258,73,67.2
2051,2150,74,81.91
2167,2266,74,75.09
2463,2562,74,78.94
2257,2356,74,82.65
2360,2459,74,74.43
2054,2153,74,85.09
2260,2359,74,62.01
2259,2358,74,60.25
1857,1956,74,18.45
1650,1749,75,88.35
2256,2355,75,83.09
2255,2354,75,85.33
2462,2561,75,89.72
2461,2560,75,72.11
2258,2357,75,74.45
2155,2254,75,83.96
2361,2460,75,65.83
1673,1772,75,30.96
1672,1772,75,6.1
2150,2249,76,80.79
2358,2457,76,85.18
2266,2365,76,75.57
2562,2661,76,87.64
2459,2558,76,88.06
2153,2252,76,87.39
2359,2458,76,81.89
1956,2055,76,85.98
1750,1849,76,18.22
2356,2455,76,86.08
1749,1848,77,83.15
2561,2660,77,88.32
2560,2659,77,87.71
2460,2559,77,80.98
2357,2456,77,86.71
2457,2556,78,87.72
2365,2464,78,76.17
2661,2760,78,86.98
2558,2657,78,79.95
1849,1948,78,82.28
2458,2557,78,88.32
2055,2154,78,86.78
2455,2554,78,88.13
1772,1871,78,50.08
1850,1949,78,18.48
2660,2759,79,87.42
2659,2758,79,87.11
2559,2658,79,83.32
2456,2555,79,87.82
2464,2563,80,83.33
2760,2859,80,89.2
2657,2756,80,81.9
1948,2047,80,71.3
2557,2656,80,77.67
2154,2253,80,85.01
2554,2653,80,87.94
1949,2048,80,82.78
1848,1947,80,57.67
1353,1352,80,8.29
1361,1260,80,2.17
2556,2655,80,79.74
2759,2858,81,89.41
2758,2857,81,88.12
2658,2757,81,85.36
2555,2654,81,79.45
1871,1970,81,70.52
1848,1847,81,27.1
1374,1375,81,1.38
2563,2662,82,82.15
2047,2146,82,80.62
2859,2958,82,88.61
2653,2752,82,87.48
1947,2046,82,72
2756,2855,82,88.27
1352,1451,82,87.76
2655,2754,82,82.53
1273,1173,82,1.81
2858,2957,83,86.4
2757,2856,83,83.7
2654,2753,83,88.21
1970,2069,83,72.25
2857,2956,83,82.53
1749,1748,83,13.53
1551,1550,83,8.88
2254,2353,83,18.48
2354,2453,83,18.32
2355,2454,83,18.47
1374,1475,83,2.14
2662,2761,84,86.5
2958,3057,84,87.04
2752,2851,84,87.98
1847,1946,84,49.19
2249,2348,84,18.37
1169,1168,84,8.85
2252,2351,84,18.19
1574,1674,84,5.64
2754,2853,84,88.16
2856,2955,85,82.56
2753,2852,85,87.51
2069,2168,85,74.2
2956,3055,85,88.37
2957,3056,85,83.7
1847,1846,85,29.74
2761,2860,86,88.35
3057,3156,86,83.93
2851,2950,86,87.74
2351,2450,86,88.37
2852,2951,87,87.67
2168,2267,87,75.12
1673,1773,87,6.12
2860,2959,88,82.8
3156,3255,88,87.77
2950,3049,88,86.72
2450,2549,88,88.33
2253,2352,88,18.35
1360,1259,88,2.12
2267,2366,89,75.1
1748,1747,89,19.14
2554,2553,89,9.93
2959,3058,90,88.72
3255,3354,90,88
2549,2648,90,87.21
2855,2954,90,18.23
2653,2652,90,10.45
2366,2465,91,75.32
2453,2552,91,18.12
2353,2452,91,18.19
2046,2145,91,17.52
1773,1872,91,45.02
2348,2347,91,14.55
3058,3157,92,88.47
2853,2952,92,18
2465,2564,93,75.49
2552,2651,93,88.29
2955,3054,93,18.19
3056,3155,93,18.19
3055,3154,93,18.11
1946,2045,93,17.38
1847,1746,93,12.6
1352,1351,93,7.85
2347,2446,93,77.52
3157,3256,94,79.57
1872,1971,94,67.14
1846,1945,94,16.91
2851,2850,94,10.18
2564,2663,95,84.34
1351,1450,95,88.22
1359,1258,95,2.08
3256,3355,96,87.32
1971,2070,96,72.16
2850,2949,96,88.35
3049,3148,96,18.22
2352,2451,96,18.11
1267,1166,96,2.4
2351,2350,96,8.91
2663,2762,97,84.34
2348,2448,97,7.9
1266,1165,97,2.71
3355,3454,98,88.15
2949,3048,98,88.12
2451,2550,98,88.25
2954,3053,98,18.11
3354,3453,98,18.11
2450,2449,98,8.6
2350,2449,98,87.55
2762,2861,99,86.48
2070,2169,99,70.66
3148,3247,99,58.17
2648,2647,99,11.41
3255,3254,99,9.84
1172,1071,99,3.58
3048,3147,100,78.64
2550,2649,100,88.27
2449,2548,100,87.47
2861,2960,101,83.38
2169,2268,101,72.91
2647,2746,101,77.35
3154,3253,101,18.11
3054,3153,101,18.11
1265,1164,101,2.71
2649,2748,102,87.92
3247,3346,102,58
1746,1845,102,16.33
2045,2144,102,17.64
2446,2545,102,17.5
1674,1774,102,5.69
2754,2854,102,5.01
2960,3059,103,89.22
2268,2367,103,74.53
3147,3246,103,58.08
1945,2044,103,17.6
1168,1167,103,5.48
3346,3445,104,78.63
2144,2243,104,86.53
2545,2644,104,83.8
2746,2845,104,63.53
1450,1549,104,17.68
2651,2650,104,9.21
1358,1257,104,1.98
3059,3158,105,89.64
2367,2466,105,74.83
1774,1873,105,50.92
2647,2646,105,16.88
3048,3047,105,16.15
1351,1350,105,8.34
1475,1575,105,4.72
1773,1873,105,5.66
2243,2342,106,87.57
2650,2749,106,88.36
2845,2944,106,77.03
1549,1648,106,79
3246,3345,106,58.7
3453,3552,106,18.06
3053,3152,106,18.11
2850,2849,106,8.71
1171,1070,106,3.56
3158,3257,107,87.45
2466,2565,107,75.09
1350,1449,107,81.88
3254,3353,107,18.11
1264,1163,107,2.63
3047,3146,108,58.09
1873,1972,108,65.65
1747,1646,108,7.6
2150,2250,108,3
1172,1072,108,2.08
3257,3356,109,76.03
2565,2664,109,75.03
3345,3444,109,61.17
3253,3352,109,18.06
3153,3252,109,18.11
2949,2948,109,8.19
1646,1745,110,78.9
1449,1548,110,59.22
2845,2844,110,17.06
2545,2544,110,13.14
1972,2071,110,73.11
2250,2349,110,84.18
1748,1647,110,5.4
2854,2953,110,18.06
2350,2349,110,7.69
3356,3455,111,76.27
2664,2763,111,85.18
3146,3245,111,59.39
2044,2143,111,17.77
1845,1944,111,17.4
2144,2143,111,11.28
2952,3052,111,5.28
1350,1349,112,14.29
2071,2170,112,71.99
1170,1069,112,3.26
1374,1275,112,1.25
2763,2862,113,84.62
2143,2242,113,87.08
3455,3554,113,79.6
2544,2643,113,67.87
2644,2643,113,12.09
2170,2269,114,70.93
3245,3344,114,58.82
3346,3446,114,8.9
2342,2441,114,17.87
2862,2961,115,85.52
2643,2742,115,76.13
1349,1448,115,55.26
1646,1645,115,16
2944,3043,115,17.16
2845,2945,115,9.48
2269,2368,116,71.48
2441,2540,116,74.2
2242,2341,116,69.89
3444,3443,116,15.91
2948,2947,116,14.31
3047,3046,116,9.68
1257,1256,116,8.68
3148,3248,116,5.21
1263,1162,116,2.49
2961,3060,117,83.96
2945,3044,117,72.74
3352,3451,117,17.93
2545,2645,117,7.04
2368,2467,118,73.23
2742,2841,118,59.45
1448,1547,118,61.42
3552,3551,118,9.01
2341,2440,118,81.75
3060,3159,119,80.25
3046,3145,119,58.91
3248,3347,119,57.43
2540,2639,119,65.87
2742,2741,119,26.33
2643,2642,119,17.56
1944,2043,119,17.76
1745,1844,119,16.95
2844,2943,119,17.02
3146,3145,119,9.61
3247,3347,119,5.22
2467,2566,120,74.53
1274,1174,120,1.45
2841,2940,121,46.41
2742,2842,121,16.35
1349,1348,121,18.9
3245,3244,121,15.43
1774,1874,121,4.28
3159,3258,122,33.25
2639,2638,122,36.05
2741,2840,122,45.88
2841,2840,122,35.99
2440,2439,122,32.99
1069,1068,122,15.44
2341,2340,122,25.36
2639,2738,123,44.47
2642,2641,123,36.06
2741,2740,123,36.06
3145,3144,123,29.9
1448,1447,123,18.55
3344,3343,123,15.38
2243,2343,123,4.7
2940,2939,124,35.92
1547,1546,124,21.27
2947,2946,124,15.43
3046,3045,124,15.42
3443,3442,124,15.42
2540,2640,124,13.1
2441,2541,124,10.12
2638,2637,125,35.82
2439,2538,125,49.6
2940,3039,125,43.58
2566,2665,125,31.36
2639,2739,125,17.44
3451,3450,125,15.37
1162,1161,125,14.63
1262,1161,125,2.81
2638,2737,126,47.1
2840,2839,126,30.62
2439,2438,126,30.96
1874,1973,126,31.1
2340,2339,126,30.79
3258,3357,127,33.66
1348,1347,127,18.71
2940,3040,127,18.05
1256,1255,127,11.06
1645,1744,127,9.2
2647,2546,127,7.36
2637,2736,128,49.67
2538,2537,128,34.91
2939,3038,128,46.34
3244,3243,128,15.43
3043,3142,128,7.75
2839,2938,129,48.87
2839,2838,129,34.59
2637,2636,129,31.67
3039,3138,129,40.46
2739,2838,129,40.02
2939,2938,129,24.44
1447,1446,129,17.63
2842,2942,129,13.71
3347,3447,129,10.24
3552,3652,129,3.82
1575,1675,129,3.48
1354,1253,129,2.38
3040,3139,130,49.65
2665,2764,130,31.24
1546,1545,130,18.5
3343,3342,130,15.4
3356,3456,130,4.25
2339,2338,130,28.29
2438,2437,130,31.72
2348,2248,130,2.7
2537,2536,131,34.57
1973,2072,131,31.54
2942,3041,132,49.5
3038,3137,132,44.19
3044,3143,132,7.56
1161,1160,132,14.38
1068,1067,132,10.71
1355,1254,132,2.1
2938,3037,133,42.08
3138,3237,133,40.48
3038,3037,133,22.09
1545,1644,134,45.87
3139,3238,134,38.58
2938,2937,134,20.18
2642,2542,134,7.27
2742,2843,134,8.15
3455,3555,134,4.06
3041,3140,135,49.09
3137,3236,135,48.93
2764,2863,135,33.81
1545,1544,135,23.88
2071,2171,135,3.73
1353,1252,135,2.45
3037,3136,136,49.66
3137,3136,136,28.62
2536,2635,136,31.81
1446,1445,136,16.62
2943,3042,136,8.04
2437,2436,136,18.42
3237,3336,137,43.97
3037,3036,137,32.32
2536,2535,137,18.76
2170,2270,137,3.78
1350,1249,137,5.26
2545,2444,137,4.82
3140,3239,138,48.36
2937,2936,138,27.62
2252,2251,138,2.31
3042,3141,139,49.64
3238,3337,139,28.3
3551,3650,139,5.63
3248,3348,139,4.22
1160,1159,139,14.39
1071,970,139,3.72
3048,3149,139,3.65
3136,3235,140,43.95
2436,2435,140,31.92
2863,2962,140,28.53
1844,1943,140,6.29
2269,2369,140,3.72
3136,3135,141,21.86
2937,2837,141,15.42
2937,2836,141,20.53
2446,2445,141,2.84
3141,3240,142,49.59
3239,3338,142,37.92
2535,2634,142,31.44
2444,2443,142,21.39
1445,1444,142,16.74
1067,1066,142,10.38
3336,3435,142,30.33
2936,3035,143,32.32
1249,1248,143,18.93
2535,2534,143,18.84
1252,1251,143,13.53
2368,2468,143,3.59
1173,1073,143,1.76
3650,3649,144,20.1
2936,2935,144,18.64
3235,3334,144,36.87
1165,1064,144,3.24
1166,1065,144,3.21
3337,3436,144,30.99
3240,3339,145,48.39
3135,3234,145,40.9
2962,3061,145,33.94
1070,969,145,3.75
3336,3335,145,12.59
1444,1543,146,44.12
2435,2434,146,18.62
1159,1158,146,14.61
1259,1158,146,2.74
3435,3534,147,34.88
1444,1443,147,22.03
3135,3134,147,19.22
2836,2835,147,19.04
1874,1974,147,3.9
3338,3437,147,30.82
2467,2567,147,3.48
2441,2442,147,3.15
1350,1250,147,2.61
2343,2442,147,5.9
2534,2633,148,31.2
3435,3434,148,17.01
3348,3448,148,11.18
3141,3241,148,11.35
3142,3241,148,7.29
1744,1843,148,6.92
1072,971,148,3.73
3339,3438,149,38.75
2935,3034,149,33.59
3334,3433,149,30.71
3436,3535,149,30.07
1248,1247,149,18.69
2534,2533,149,18.88
2566,2666,149,3.47
3159,3259,149,3.36
1164,1063,149,3.15
3061,3160,150,32.91
2935,2934,150,18.16
3342,3441,150,7.14
3234,3333,150,35
3134,3233,151,40.31
1644,1743,151,8.44
3143,3242,151,7.49
3357,3457,151,4.29
3433,3432,152,35.4
3437,3536,152,30.85
1974,2073,152,31.48
2434,2433,152,18.78
969,968,152,15.16
3258,3358,152,3.41
2143,2042,152,3.75
3034,3133,153,42.86
3433,3532,153,41.61
3434,3533,153,30.83
2835,2834,153,18.93
3534,3633,153,25.14
1158,1157,153,14.77
3134,3133,153,18.77
2636,2735,153,5.95
3441,3440,154,27.57
3034,3033,154,20.85
3535,3634,154,33.29
1247,1346,154,34.2
2533,2632,154,31.36
2666,2765,154,31.37
3456,3556,154,4.2
3438,3537,154,33.98
3432,3431,155,35.41
1247,1246,155,17.79
2533,2532,155,18.85
1544,1643,155,7.32
3533,3632,156,49.68
3432,3531,156,41.63
3536,3635,156,39.15
3333,3332,156,18.53
2934,2933,156,17.75
1063,1062,156,15.03
3233,3332,156,34.69
1674,1775,156,1.81
2073,2172,157,31.26
3233,3232,157,17.33
3431,3430,158,35.94
3440,3439,158,25.83
3556,3655,158,39.95
3537,3636,158,37.8
3532,3631,158,31.01
2433,2432,158,18.71
3241,3341,158,10.39
3531,3530,159,35.89
3332,3331,159,34.68
3431,3530,159,46.65
3033,3132,159,34.8
3634,3733,159,33.22
2765,2864,159,31.17
3633,3732,159,28.14
3133,3132,159,17.11
3650,3750,159,5.11
2764,2864,159,3.49
3531,3630,160,46.87
2532,2631,160,31.11
3033,3032,160,17.17
2834,2833,160,15.4
1157,1156,160,14.56
968,967,160,13.82
2436,2336,160,4.21
3635,3734,161,33
2532,2531,161,18.89
3232,3231,161,26.89
3331,3330,162,34.62
3655,3754,162,38.17
2172,2271,162,31.43
3632,3731,162,28.16
2635,2734,162,5.58
2171,2271,162,3.74
1072,972,162,1.91
3630,3729,163,49.59
3750,3849,163,43.52
3636,3735,163,34.15
1062,1061,163,14.3
2933,2932,163,15.35
2631,2730,164,40.97
3733,3832,164,34.95
2864,2963,164,33.82
3732,3831,164,34.88
3631,3730,164,28.23
2432,2431,164,18.58
1543,1642,164,7.89
2270,2370,164,3.75
3032,3131,165,34.48
3132,3131,165,17.65
3231,3230,165,29.96
2242,2141,165,2.85
3849,3948,166,48.98
3754,3853,166,40.92
3734,3833,166,34.16
3032,3031,166,17.55
2833,2832,166,18.3
2631,2630,166,19.27
2431,2530,167,48.82
2431,2430,167,34.64
3731,3830,167,34.86
1156,1155,167,15.27
1443,1542,167,7.09
3348,3449,167,5.06
2369,2469,167,3.84
3729,3828,168,34.86
3735,3834,168,32.98
2734,2733,168,18.43
3754,3753,168,19.24
3348,3349,168,3.55
1249,1148,168,4.6
3948,4047,169,48.12
3948,3947,169,35.3
3832,3931,169,34.63
2963,3062,169,29.06
3730,3829,169,31.29
3831,3930,169,33.59
3729,3728,169,17.06
2962,3062,169,3.53
3451,3350,169,2.78
3853,3952,170,42.51
2630,2729,170,41.3
2932,2931,170,15.38
967,966,170,10.79
1250,1149,170,6.17
3853,3852,171,20.55
3031,3130,171,33.93
3833,3932,171,34.96
1061,1060,171,13.82
3131,3130,171,18.07
2468,2568,171,3.71
2445,2344,171,4.88
1375,1476,171,1.49
3947,4046,172,49.66
4047,4146,172,49.65
3834,3933,172,44.09
3830,3929,172,33.2
2430,2529,172,31.21
3031,3030,172,17.97
2832,2831,172,18.26
2630,2629,172,19.54
2141,2140,172,14.98
1843,1942,172,6.07
1274,1175,172,1.21
2729,2828,173,48.18
2729,2728,173,35.26
3947,3946,173,31.5
3931,4030,173,43.24
2430,2429,173,18.88
3728,3827,174,30.46
3829,3928,174,33.97
3062,3161,174,33.71
2733,2732,174,18.48
1155,1154,174,15.12
3948,4048,174,14.11
1148,1147,174,18.39
1743,1842,174,6.37
3952,4051,174,39.78
2435,2334,174,4.22
1446,1345,174,3.18
3148,3249,174,1.79
4046,4145,175,49.51
3933,4032,175,48.37
3932,4031,175,47.04
3852,3951,175,40.92
1643,1742,175,7.15
3457,3557,175,4.31
1444,1343,175,4.38
1475,1576,175,1.45
2828,2827,176,36.05
4046,4045,176,30.45
2568,2667,176,31.37
3728,3727,176,15.35
3556,3656,176,4.6
1974,2074,176,3.55
2567,2667,176,3.53
970,869,176,3.87
4048,4147,177,48.98
2828,2927,177,46.05
3929,4028,177,32.09
2831,2930,177,28.91
3852,3851,177,19.24
2931,2930,177,15.43
3750,3850,177,5.56
1375,1376,177,1.03
4032,4131,178,48.88
4031,4130,178,48.35
2629,2628,178,18.41
966,965,178,13.12
2729,2829,178,14.05
2431,2330,178,10.38
3259,3359,178,3.56
2666,2766,178,3.48
2334,2333,178,30.28
1774,1875,178,1.84
2827,2926,179,48.85
2827,2826,179,34.61
4145,4144,179,30.1
3161,3260,179,32.39
1343,1442,179,44.67
2831,2830,179,15.44
2140,2139,179,15.17
1060,1059,179,13.44
3948,3847,179,11.23
4045,4144,179,49.43
3636,3736,179,4.83
3537,3637,179,4.14
2927,3026,180,49.67
3656,3755,180,38.81
2732,2731,180,18.7
1343,1342,180,22.57
2828,2928,180,16.21
1147,1146,180,17.82
4045,4044,180,30.11
2632,2731,180,5.49
3358,3458,180,3.59
1250,1150,180,3.09
1445,1344,180,3.23
2926,2925,181,69.99
2826,2825,181,69.92
2628,2627,181,72.69
2330,2329,181,67.06
2930,2929,181,54.46
3727,3726,181,53.21
869,868,181,53.59
1154,1153,181,69.58
3827,3826,181,58.37
4144,4143,181,69.76
3847,3846,181,70.27
2333,2332,181,69.84
2139,2138,182,72.77
965,964,182,60.89
3827,3926,182,6.35
1059,1058,182,57.15
4044,4043,182,70.26
3826,3825,183,57.38
2627,2626,183,64.69
868,867,183,61.05
1153,1152,183,69.44
2074,2173,183,8.31
1246,1245,183,13.4
2073,2173,183,2.05
2332,2331,183,70.89
4143,4142,183,69.05
971,870,183,5.18
4131,4230,183,18.55
964,963,184,60.23
3926,3925,184,66.33
2628,2727,184,12.4
4048,4148,184,6.59
1058,1057,184,58.41
3735,3835,184,3.3
2329,2328,184,36.17
2336,2235,184,7.05
3825,3824,185,57.29
2626,2625,185,52.9
867,866,185,57.35
1152,1151,185,64.47
4142,4141,185,70.22
2926,3025,185,18.64
2429,2428,185,14.3
1542,1541,185,13.53
1642,1641,185,13.43
2727,2726,186,69.25
963,962,186,60.96
1057,1056,186,59.32
2529,2528,186,13.44
3754,3854,186,2.49
3946,3945,186,13.72
2328,2327,186,68.83
3824,3823,187,58.74
2625,2624,187,63.5
866,865,187,55.81
2928,3027,187,21.52
4028,4027,187,13.72
4032,4132,187,5.06
1742,1741,187,13.4
3928,3927,187,13.33
1842,1841,187,13.39
1942,1941,187,13.39
3951,3950,187,13.38
4051,4050,187,13.38
2329,2228,187,23.65
1174,1074,187,1.56
2726,2725,188,65.91
962,961,188,57.67
2626,2725,188,29.92
2327,2326,188,60.4
1056,1055,188,67.98
2925,2924,188,14.47
2929,3028,188,21.46
1442,1441,188,13.76
1146,1145,188,13.39
1342,1341,188,13.74
3834,3934,188,4.43
2329,2229,188,14.52
4027,4026,189,72.37
865,864,189,59.5
3823,3822,189,72.71
1941,1940,189,71.73
2825,2824,189,14.19
3726,3725,189,13.48
3933,4033,189,4.47
2172,2272,189,2.18
3846,3845,189,13.64
1055,1054,190,69.09
961,960,190,57.15
2326,2325,190,61.83
2725,2724,190,66.56
2138,2137,190,13.91
4043,4042,190,13.88
2766,2865,190,8.72
4026,4025,191,72.81
3822,3821,191,72.71
1940,1939,191,71.89
3725,3724,191,57.64
864,863,191,60.71
2626,2525,191,18.2
1245,1244,191,13.42
3853,3953,191,2.65
1054,1053,192,69.46
960,959,192,57.41
2325,2324,192,65.33
3025,3024,192,14.48
3925,3924,192,13.36
4230,4329,192,16.15
2327,2426,192,26.32
2328,2427,192,19.84
2334,2233,192,8.35
4025,4024,193,72.75
3821,3820,193,72.68
2525,2524,193,61.64
1939,1938,193,72.47
863,862,193,60.78
2528,2527,193,14.4
4141,4140,193,13.82
1541,1540,193,13.39
1641,1640,193,13.39
2627,2526,193,12.01
1148,1047,193,7.29
1053,1052,194,68.47
4329,4328,194,72.79
959,958,194,59.89
2326,2425,194,25.41
2233,2232,194,72.49
2426,2425,194,54.51
1149,1048,194,7.35
4045,3944,194,8.12
2864,2964,194,2.04
2329,2230,194,10.89
2333,2232,194,9.03
3945,3944,194,13.77
2524,2523,195,52.81
1640,1639,195,71.11
1938,1937,195,71.86
1540,1539,195,71.43
4024,4023,195,72.34
1047,1046,195,57.38
2924,2923,195,14.39
3028,3127,195,20.8
1741,1740,195,13.39
1841,1840,195,13.39
862,861,195,61.07
2228,2227,195,13.38
2624,2623,195,14.14
2271,2371,195,2.34
4131,4231,195,4.8
1052,1051,196,67.41
4328,4327,196,72.63
958,957,196,61.05
2824,2823,196,14.57
1341,1340,196,13.48
1441,1440,196,13.42
1145,1144,196,13.4
3027,3126,196,17.56
2327,2226,196,14.34
2232,2231,196,71.79
2425,2424,196,63.24
3847,3746,196,8.74
1740,1739,197,71.28
1639,1638,197,72.72
1539,1538,197,72.82
1840,1839,197,71.63
2724,2723,197,14.47
3845,3844,197,13.72
861,860,197,60.79
1150,1049,197,8.72
2370,2470,197,2.41
3729,3628,197,5.28
971,871,197,1.99
4044,3943,197,8.75
1051,1050,198,60.04
4327,4326,198,72.27
957,956,198,60.9
1440,1439,198,71.59
2226,2225,198,72.11
4042,4041,198,13.77
2137,2136,198,13.93
2424,2423,198,51.82
1340,1339,198,72.19
1739,1738,199,72.56
1839,1838,199,72.44
1638,1637,199,72.52
860,859,199,59.76
3724,3723,199,13.42
2324,2323,199,14.3
1244,1243,199,13.41
3823,3922,199,12.45
1538,1537,199,72.46
2229,2128,199,13.5
4326,4325,200,72.23
956,955,200,60.63
3628,3627,200,47.28
3924,3923,200,13.42
3024,3023,200,14.04
4026,4125,200,13.58
2423,2422,200,52.33
3824,3923,200,9.72
2225,2224,200,72.27
1343,1242,200,6.06
1439,1438,200,72.75
2469,2569,200,2.52
1339,1338,200,72.75
1838,1837,201,72.08
3723,3722,201,72.8
1738,1737,201,72.35
2128,2127,201,63.36
3820,3819,201,13.6
3822,3921,201,12.45
859,858,201,59.27
1941,2040,201,10.84
1637,1636,201,72.17
1537,1536,201,72.81
4325,4324,202,72.72
955,954,202,60.1
3627,3626,202,50.16
1938,2037,202,16.19
1940,2039,202,11.02
2623,2622,202,14.31
3835,3935,202,5.56
1338,1337,202,71.9
2139,2038,202,6.35
2323,2322,202,48.65
2224,2223,202,67.05
1438,1437,202,72.07
1837,1836,203,68.62
3722,3721,203,72.71
1737,1736,203,70.48
2127,2126,203,71.79
3921,3920,203,72.82
1536,1535,203,71.49
3126,3125,203,14.29
1937,1936,203,14.06
1046,1045,203,13.39
4023,4022,203,13.47
3127,3226,203,18.86
4024,4123,203,15.29
4329,4428,203,13.8
4025,4124,203,12.63
3821,3920,203,12.35
858,857,203,59.68
2523,2522,203,14.03
2923,2922,203,13.76
1636,1635,203,68.3
954,953,204,59.9
1437,1436,204,72.82
2723,2722,204,14.41
3746,3745,204,13.61
2823,2822,204,14.1
1144,1143,204,13.42
1337,1336,204,62.8
3952,4052,204,2.37
3721,3720,205,72.42
1836,1835,205,67.61
4123,4122,205,72.42
857,856,205,59.94
1635,1634,205,65.05
1535,1534,205,66.34
4428,4427,205,72.82
3943,3942,205,13.88
3844,3843,205,13.88
2235,2134,205,6.99
1736,1735,205,66.69
1073,973,205,1.68
4231,4330,205,15.57
2223,2222,205,42.57
953,952,206,70.85
1336,1335,206,72.67
4041,4040,206,13.77
2136,2135,206,13.65
3028,3128,206,5.62
1436,1435,206,72.68
3637,3737,206,3.72
1143,1142,206,72.08
2229,2129,206,5.58
856,855,207,60.31
4427,4426,207,72.79
1534,1533,207,70.79
1634,1633,207,71.75
4122,4121,207,72.56
2134,2133,207,72.69
1835,1834,207,70.77
869,768,207,4.74
2422,2421,207,14.39
1735,1734,207,67.94
952,951,208,71.21
1335,1334,208,71.99
1435,1434,208,70.79
1242,1241,208,13.54
3023,3022,208,13.74
1142,1141,208,72.82
4426,4425,209,72.74
1633,1632,209,72.78
4121,4120,209,69.07
768,767,209,60.92
1734,1733,209,72.43
2322,2321,209,14.63
2622,2621,209,14.31
3819,3818,209,13.51
2133,2132,209,72.81
855,854,209,60.47
1533,1532,209,72.82
3847,3747,209,3.38
1834,1833,209,72.68
1434,1433,210,71.5
1836,1935,210,20.98
2522,2521,210,14.48
4324,4323,210,14
3626,3625,210,13.68
4325,4424,210,14.22
2037,2036,210,14.11
2964,3063,210,9
870,769,210,5.25
1334,1333,210,72.19
951,950,210,72.69
2568,2668,210,2.27
1141,1140,210,72.63
767,766,211,55.95
1833,1832,211,72.79
1733,1732,211,72.77
3920,3919,211,13.8
3125,3124,211,14.23
854,853,211,69.05
2922,2921,211,13.63
3226,3225,211,14.15
4022,4021,211,13.44
3935,4034,211,16.34
1045,1044,211,13.39
2128,2027,211,12.74
3934,4034,211,4.49
1632,1631,211,70.55
2132,2131,211,72.71
1050,949,211,11.44
2126,2125,211,13.39
3062,3162,211,2.03
1532,1531,211,53.75
1575,1676,211,0.93
4323,4322,212,63.1
3625,3624,212,57.51
4424,4423,212,71.53
2722,2721,212,13.86
3745,3744,212,13.65
2822,2821,212,13.64
4124,4223,212,17.33
3921,4020,212,13.12
1140,1139,212,72.81
2222,2221,212,14.65
1433,1432,212,57.64
1333,1332,212,72.68
1732,1731,213,72.37
1832,1831,213,72.82
766,765,213,55.68
853,852,213,69.25
3128,3227,213,20.32
3843,3842,213,13.81
3942,3941,213,13.71
3720,3719,213,13.45
4123,4222,213,15.12
2131,2130,213,71.93
1835,1934,213,17.73
2027,2026,213,62.21
2231,2130,213,8.77
2125,2124,213,68.31
4322,4321,214,60.52
1332,1331,214,55.61
1432,1431,214,54.29
4423,4422,214,67.25
949,948,214,47.71
4428,4527,214,13.51
1139,1138,214,63.1
4033,4133,214,4.05
1631,1630,214,39.55
2224,2123,214,10.7
2421,2420,214,14.71
4222,4221,215,68.47
1831,1830,215,72.82
765,764,215,59.83
1531,1530,215,28.83
4121,4220,215,19.61
4122,4221,215,14.76
4330,4429,215,14.82
1048,947,215,6.81
4329,4228,215,6.27
1731,1730,215,72.14
1934,1933,215,72.58
852,851,215,58.37
4321,4320,216,54.3
1630,1629,216,50.72
4422,4421,216,60.46
4527,4526,216,72.75
2026,2025,216,36.17
2321,2320,216,14.56
4120,4119,216,14.67
1138,1137,216,62.02
3022,3021,216,13.7
3656,3756,216,2.32
1241,1240,216,13.54
764,763,217,60.47
947,946,217,58.09
1933,1932,217,72.8
851,850,217,59.16
2621,2620,217,13.97
3818,3817,217,13.37
1830,1829,217,70.17
2521,2520,217,14.46
1730,1729,217,69.68
1629,1628,218,61.44
4526,4525,218,72.82
1240,1239,218,72.72
1530,1529,218,36.5
1331,1330,218,32.14
1431,1430,218,25.96
1137,1136,218,72.66
2036,2035,218,13.73
1874,1975,218,1.2
763,762,219,58.18
3817,3816,219,62.79
1932,1931,219,72.7
850,849,219,56.22
1729,1728,219,62.87
2025,2024,219,41.59
4321,4420,219,29.4
2026,1925,219,23.65
4423,4522,219,21.3
4020,4019,219,14.31
2921,2920,219,13.63
3124,3123,219,13.94
3919,3918,219,13.72
3225,3224,219,13.92
4424,4523,219,16.72
4052,4151,219,9.71
2221,2220,219,14.56
2128,2028,219,5.2
1338,1237,219,7.51
1044,1043,219,13.4
1829,1828,219,69.65
4525,4524,220,72.65
1529,1528,220,60.81
1136,1135,220,72.63
2035,2034,220,71.56
4422,4521,220,26.28
2026,1926,220,14.52
3624,3623,220,13.49
2721,2720,220,13.68
3744,3743,220,13.77
2821,2820,220,13.61
4425,4524,220,13.51
1239,1238,220,63.01
1275,1276,220,0.78
762,761,221,58.57
1828,1827,221,71.53
2024,2023,221,59.61
1925,1924,221,68.48
1728,1727,221,65.7
849,848,221,50.17
1931,1930,221,72.82
3816,3815,221,67.09
1628,1627,221,49.17
3719,3718,221,13.43
3842,3841,221,13.63
3941,3940,221,13.65
2124,2023,221,17.97
1237,1236,221,72.64
2123,2122,221,14.77
972,872,221,1.74
1043,1042,221,71.89
2034,2033,222,72.43
3743,3742,222,71.43
4220,4219,222,14.76
1135,1134,222,72.58
4325,4224,222,6.49
2420,2419,222,14
2667,2767,222,2.06
4231,4331,222,3.84
761,760,223,60.56
1930,1929,223,72.78
1827,1826,223,72.33
1627,1626,223,62.18
3940,3939,223,72.14
1924,1923,223,71.14
1430,1429,223,21.82
3841,3840,223,72.5
4119,4118,223,14.58
1236,1235,223,72.48
1042,1041,223,72.71
4320,4319,223,14.47
1727,1726,223,69.9
3742,3741,224,72.54
848,847,224,49.14
2320,2319,224,14.21
3021,3020,224,13.57
3723,3622,224,5.81
4327,4226,224,5.12
3359,3459,224,2.13
2033,2032,224,72.81
3161,3261,224,1.88
1134,1133,224,72.24
1826,1825,225,66.68
1429,1428,225,56.78
1235,1234,225,72.22
1528,1527,225,22.41
2520,2519,225,13.77
4429,4528,225,14.52
4527,4626,225,14.04
3840,3839,225,72.75
3128,3228,225,5.44
946,945,225,13.38
3628,3527,225,5.06
1929,1928,225,72.81
1041,1040,225,62.68
2620,2619,225,13.65
1626,1625,225,72.55
1726,1725,225,72.38
3939,3938,225,72.53
3741,3740,226,72.79
1133,1132,226,72.54
3622,3621,226,72.82
2032,2031,226,72.82
4523,4622,226,20.64
2026,1927,226,10.89
847,846,226,58.39
871,770,226,4.88
2074,2174,226,1.91
4420,4419,226,14.7
3938,3937,227,72.82
4626,4625,227,72.57
3527,3526,227,50.67
3224,3223,227,14.04
2920,2919,227,13.48
3123,3122,227,13.86
3918,3917,227,13.38
4019,4018,227,14.21
4526,4625,227,13.44
2220,2219,227,14.15
1625,1624,227,67.54
1040,1039,227,72.82
3935,4035,227,4.08
2766,2866,227,2.01
1234,1233,227,71.97
3839,3838,227,72.81
4521,4520,227,14.8
1132,1131,228,72.64
3621,3620,228,72.32
2031,2030,228,72.6
1527,1526,228,47.44
1725,1724,228,44.46
2023,2022,228,14.64
2720,2719,228,13.58
2820,2819,228,13.55
4525,4624,228,14.48
3458,3558,228,2.09
3260,3360,228,2.03
4622,4621,228,53.51
3740,3739,228,72.76
846,845,228,67.54
3937,3936,229,72.8
3917,3916,229,60.81
1825,1824,229,29.36
1233,1232,229,72.41
3838,3837,229,72.71
3815,3814,229,13.38
3718,3717,229,13.36
4524,4623,229,17.25
1039,1038,229,63.32
4219,4218,229,14.47
3739,3738,230,72.57
2030,2029,230,72.75
845,844,230,68.98
1923,1922,230,14.8
2419,2418,230,13.53
1428,1427,230,22.37
1624,1623,230,43.87
1526,1525,230,67.72
3916,3915,231,61.05
1824,1823,231,70.89
3814,3813,231,67.37
3717,3716,231,65.03
2022,2021,231,44.36
1131,1130,231,46.32
1232,1231,231,56.8
4118,4117,231,13.4
1038,1037,231,72.19
860,759,231,4.22
4319,4318,231,14.14
844,843,232,68.62
1922,1921,232,50.08
1525,1524,232,72.47
3228,3327,232,22.14
2319,2318,232,13.64
1724,1723,232,33.23
3020,3019,232,13.43
3813,3812,233,71.09
3716,3715,233,60.94
1623,1622,233,33.67
2619,2618,233,13.51
2519,2518,233,13.51
1037,1036,233,61.76
1330,1329,233,6.94
4330,4430,233,3.62
2122,2121,233,8.86
859,758,233,4.29
4331,4430,233,14.04
945,944,233,13.37
3939,4038,233,14.84
843,842,234,67.6
1524,1523,234,54.14
1427,1426,234,28.17
1231,1230,234,39.93
4419,4418,234,14.23
1823,1822,234,40.72
1723,1722,234,72.22
2272,2372,234,2.23
3812,3811,235,70.41
758,757,235,60.11
3715,3714,235,71.01
4038,4037,235,72.32
3223,3222,235,13.92
3526,3525,235,13.77
4520,4519,235,14.13
2919,2918,235,13.4
3122,3121,235,13.65
4018,4017,235,13.39
4626,4725,235,14.72
4528,4627,235,14.81
1036,1035,235,62.66
2219,2218,235,13.82
858,757,235,4.23
842,841,236,69.72
1523,1522,236,62.48
1622,1621,236,34.19
4621,4620,236,14.17
3620,3619,236,13.4
2819,2818,236,13.44
1329,1328,236,44.92
2173,2273,236,1.92
2719,2718,236,13.48
1426,1425,236,58.05
757,756,237,59.77
4037,4036,237,72.82
3714,3713,237,71.55
3811,3810,237,68.21
4017,4016,237,60.96
1130,1129,237,18.13
4623,4722,237,19.4
4625,4724,237,15.41
857,756,237,4.19
1035,1034,237,72.73
4218,4217,237,13.39
841,840,238,64.63
1425,1424,238,71.77
2021,2020,238,14.68
2418,2417,238,13.48
3743,3642,238,7.91
2470,2570,238,2.5
3713,3712,239,66.6
3810,3809,239,69.19
756,755,239,60.37
1621,1620,239,46.69
3915,3914,239,13.38
4318,4317,239,13.39
1034,1033,239,72.57
4016,4015,239,64.16
1921,1920,239,14.53
4035,4134,239,12.29
2569,2669,239,2.62
4117,4116,239,13.2
2371,2471,239,2.31
1328,1327,239,48.65
1424,1423,240,63.73
3642,3641,240,72.76
3327,3326,240,14.15
2318,2317,240,13.51
840,839,240,72.8
2121,2120,240,14.64
3019,3018,240,13.39
4622,4721,240,10.41
842,942,241,87.73
3812,3912,241,85.5
4430,4530,241,78.11
843,943,241,105.61
4623,4723,241,52.03
2866,2966,241,96.93
2174,2274,241,75.94
3228,3328,241,66.13
3459,3559,241,84.34
4035,4135,241,64.67
4429,4529,241,65.77
1676,1776,241,53.65
3162,3262,241,67.84
3063,3163,241,57.94
2668,2768,241,32.57
3756,3856,241,62.96
2865,2965,241,101.72
2964,3064,241,56.13
3637,3638,241,5.54
4331,4431,241,97.97
3537,3638,241,9.41
1675,1776,241,7.92
2965,3065,242,105.74
3809,3909,242,76.64
2669,2769,242,49.67
2570,2670,242,59.84
4036,4136,242,70.15
3810,3910,242,63.03
1129,1229,242,50.67
2273,2373,242,77.27
4037,4137,242,59.63
3811,3911,242,50.71
2372,2472,242,75.55
4038,4138,242,51.36
4038,4137,242,23.79
3813,3913,242,72.36
840,940,242,58.18
3360,3460,242,46.65
839,939,242,63.71
4626,4726,242,36.14
4528,4628,242,36.37
2767,2867,242,32.57
2471,2571,242,73.38
3261,3361,242,63.99
1975,2075,242,33.72
4116,4216,242,87.24
3249,3250,242,12.28
3856,3956,243,58.51
3064,3164,243,57.12
2274,2374,243,88.36
3163,3263,243,69.83
3262,3362,243,64.56
841,941,243,33.18
4627,4727,243,32.72
3656,3757,243,21.28
4431,4531,243,84.85
2571,2671,244,60.52
2373,2473,244,77.31
3065,3165,244,56.23
2768,2868,244,34.31
2966,3066,244,34.71
4529,4629,244,37.33
4530,4630,244,46.55
4721,4821,244,28.34
4317,4417,244,32.09
1621,1721,244,27.52
4620,4720,244,31.98
4519,4619,244,26.25
3741,3640,244,13.16
872,771,244,12.75
3224,3324,244,22.93
2472,2572,244,50.23
3225,3325,244,21.73
3625,3524,244,2.13
769,668,244,1.77
855,754,244,1.65
1775,1876,244,8.33
4231,4332,244,14.41
3066,3166,245,107.2
2374,2474,245,84.96
3263,3363,245,76.42
3757,3857,245,61.29
4531,4631,245,61.83
2075,2175,245,44.88
3361,3461,245,49.67
3910,4010,245,34.21
2769,2869,245,49.88
3909,4009,245,40.12
2670,2770,245,49.7
3328,3428,245,26.94
3326,3426,245,21.27
1620,1720,245,24.45
3712,3711,245,6.61
3914,4014,245,20.75
4418,4518,245,23.01
2618,2617,245,1.21
2518,2517,245,1.34
3327,3427,245,22.91
3223,3323,245,21.6
3460,3560,245,43.23
872,873,245,17.51
3743,3643,245,8.11
4151,4252,245,24.64
851,750,245,1.62
4052,4153,245,21.22
3018,3118,245,23.87
3019,3119,245,21.36
3740,3639,245,12.96
4722,4822,245,24.23
1174,1075,245,2.69
2572,2672,246,76.79
2671,2771,246,54.45
3165,3265,246,54.81
3164,3264,246,40.95
3362,3462,246,49.3
2867,2967,246,31.91
3911,4011,246,27.79
4727,4827,246,39.63
4332,4432,246,86.45
3912,4012,246,24.57
4723,4823,246,20.25
3121,3221,246,16.43
3222,3322,246,18.1
1033,1032,246,5.41
872,772,246,11.64
2473,2573,246,66.32
853,752,246,4.49
4015,4115,246,17.99
3020,3120,246,16.9
854,753,246,3.41
3166,3266,247,56.07
4153,4253,247,53.63
2869,2969,247,51.68
3363,3463,247,63.53
2175,2275,247,55.06
4417,4517,247,37.18
4619,4719,247,34.71
2868,2968,247,36.11
4216,4316,247,22.77
3913,4013,247,22.28
4720,4820,247,34.11
3856,3957,247,23.71
1876,1976,247,40.9
4724,4824,247,16.37
4725,4825,247,15.34
4629,4729,247,35.84
4630,4730,247,37.34
2474,2574,247,78.64
2573,2673,248,60.46
4432,4532,248,72.99
2672,2772,248,56.06
2771,2871,248,57.11
3264,3364,248,69.17
2770,2870,248,49.26
1721,1821,248,29.47
3461,3561,248,45.25
4631,4731,248,47.71
4821,4921,248,28.96
839,938,248,19.5
3249,3150,248,7.9
2772,2872,249,187.29
2275,2375,249,64.06
3266,3366,249,62.95
2969,3069,249,53.13
2574,2674,249,72.43
3265,3365,249,38.27
1976,2076,249,82.97
3428,3528,249,30.06
1720,1820,249,26.55
3325,3425,249,20.75
3324,3424,249,22.73
4727,4828,249,27.51
4727,4826,249,26.04
3462,3562,249,44.64
3463,3563,249,54.77
872,773,249,12.98
4827,4927,249,44.31
4822,4922,249,27.93
2872,2972,250,203.13
4532,4632,250,67.35
3364,3464,250,66.99
2870,2970,250,52.04
4719,4819,250,36.2
4730,4830,250,41.85
4729,4829,250,41.23
2968,3068,250,36.98
2967,3067,250,32.31
3119,3219,250,23.27
2617,2717,250,20.37
3118,3218,250,23.32
3323,3423,250,22.63
3757,3858,250,22.73
4531,4632,250,22.53
4823,4923,250,25.39
849,748,250,1.25
850,749,250,1.28
4014,4114,250,23.66
2871,2971,250,60.06
3953,4054,250,8.46
2972,3072,251,203.44
2971,3071,251,208.2
3365,3465,251,62.26
2674,2774,251,67.09
3069,3169,251,54.83
3366,3466,251,72.23
2673,2773,251,45.75
4731,4831,251,45.74
4316,4416,251,33.29
4517,4617,251,27.34
2375,2475,251,65.29
4153,4254,251,25.31
2076,2176,251,97.2
4820,4920,251,29.7
4631,4732,251,26.81
3622,3521,251,4.37
3743,3644,251,9.31
4009,4109,251,17.85
1074,974,251,2.04
4116,4215,251,12.64
1073,974,251,3.08
2773,2873,252,106.95
2970,3070,252,56.03
3067,3167,252,97.24
3562,3662,252,47.02
4921,5021,252,28.67
3957,4057,252,21.82
3120,3220,252,19.4
3221,3321,252,17.77
3322,3422,252,19.62
3071,3171,252,204.7
3464,3564,252,62.37
1132,1031,252,4.26
4824,4924,252,22.04
4011,4111,252,19.72
4013,4113,252,23.01
4827,4928,252,27.34
4827,4926,252,25.53
4828,4928,252,44.15
2873,2973,253,106.93
2774,2874,253,62.03
3072,3172,253,95.2
4732,4832,253,56.03
3169,3269,253,65.67
3068,3168,253,38.03
2176,2276,253,72.55
4830,4930,253,41.57
4518,4618,253,14.06
3809,3808,253,2.51
3171,3271,253,121.14
4253,4354,253,24.33
3465,3565,253,67.37
3466,3566,253,84.53
4825,4925,253,17.42
4010,4110,253,13.07
4922,5022,253,27.89
4012,4112,253,14.57
4829,4929,253,41.74
1376,1477,253,7.47
1576,1677,253,7.32
2475,2575,253,60.55
852,751,253,1.93
1476,1577,253,7.28
3168,3268,254,138.31
3271,3371,254,110.59
3566,3666,254,101.53
2973,3073,254,100.56
3167,3267,254,59.73
3564,3664,254,68.58
4111,4211,254,70.92
3070,3170,254,57.99
4831,4931,254,41.02
4416,4516,254,38.88
4819,4919,254,30.79
4432,4533,254,18.62
771,671,254,10.44
4332,4433,254,14.77
3269,3369,254,213.11
3662,3762,254,86.8
839,838,254,7.6
768,667,254,1.49
1275,1176,254,1.77
3369,3469,255,184.83
3371,3471,255,114.11
3666,3766,255,129.45
3565,3665,255,79.41
4112,4212,255,61.14
2575,2675,255,58.29
3808,3908,255,88.69
2276,2376,255,58.27
4928,5028,255,43.72
4920,5020,255,29.03
4109,4209,255,29.01
4617,4717,255,28.29
4114,4214,255,20.66
3218,3318,255,22.25
2717,2817,255,22.98
3219,3319,255,23.51
3858,3958,255,22.81
3423,3523,255,22.67
4532,4633,255,20.55
4153,4154,255,10.67
2874,2974,255,59.1
3757,3758,255,8.63
5022,5122,255,78.13
3268,3368,255,188.04
3172,3272,255,67.42
1038,937,255,4.42
4923,5023,255,24.65
1676,1777,255,7.99
2974,3074,256,158.1
3664,3764,256,61.45
4211,4311,256,62.41
3073,3173,256,93.22
4930,5030,256,41.22
3267,3367,256,76.96
4929,5029,256,41.03
4832,4932,256,43.08
5021,5121,256,30.31
4927,5027,256,15.52
3762,3862,256,69.8
3170,3270,256,50.36
3368,3468,256,121.47
3621,3520,256,4.34
770,669,256,2.41
1276,1377,256,7.92
3469,3569,256,153.97
764,663,256,2.52
3074,3174,257,131.52
3764,3864,257,110.05
3665,3765,257,87.15
3766,3866,257,86.03
3318,3418,257,62.97
4931,5031,257,41.4
4516,4616,257,35.29
4618,4718,257,28.83
3272,3372,257,62.87
3569,3669,257,100.6
3422,3522,257,20.83
3220,3320,257,21.07
4732,4833,257,24.55
4215,4315,257,17.08
2376,2476,257,60.55
771,672,257,11.77
771,670,257,11.54
2675,2775,257,53.35
5122,5222,257,66.86
3270,3370,257,120.45
4632,4733,257,20.42
3622,3522,257,3.82
3468,3568,257,184.8
4924,5024,257,23.78
3471,3571,257,64.26
4633,4733,257,75.15
3370,3470,258,134.99
3864,3964,258,137.78
5121,5221,258,79.79
3367,3467,258,95.59
3908,4008,258,39.42
4717,4817,258,35.61
4919,5019,258,29.37
4113,4213,258,17.85
3862,3962,258,61.93
3321,3421,258,19.47
3568,3668,258,141.15
3173,3273,258,51.36
848,747,258,1.28
763,662,258,2.26
3765,3865,259,91.51
4833,4933,259,51.19
2476,2576,259,57.15
4932,5032,259,41.4
5029,5129,259,44.31
5020,5120,259,29.44
3372,3472,259,56.94
4354,4454,259,19.55
4832,4933,259,27.45
2817,2917,259,26.01
4926,5026,259,16.02
5222,5322,259,55.04
3174,3274,259,51.74
3467,3567,259,114.69
3470,3570,259,128.52
4925,5025,259,19.46
3018,3117,259,7.57
3567,3667,260,133.01
5221,5321,260,71.39
3964,4064,260,50.43
3962,4062,260,71.43
2775,2875,260,47.64
4718,4818,260,34.88
5031,5131,260,43.52
3668,3768,260,65.13
3958,4058,260,22.9
3319,3419,260,21.13
4212,4312,260,21.52
4433,4534,260,25.29
3571,3671,260,46.79
4110,4210,260,16.59
1776,1877,260,7.69
5023,5123,260,24.77
1777,1877,260,21.76
840,740,260,4.95
3667,3767,261,125.55
3865,3965,261,60.43
2576,2676,261,58.95
3273,3373,261,39.07
4616,4716,261,32.32
3866,3966,261,25.16
3671,3771,261,189.23
4533,4634,261,21.57
4062,4162,261,104.86
5322,5422,261,52.42
4008,4108,261,36.55
3966,4066,262,161.31
5321,5421,262,67.18
3768,3868,262,66.81
1877,1977,262,64.44
4933,5033,262,44.79
5019,5119,262,27.33
4817,4917,262,32.97
3418,3518,262,21.85
3320,3420,262,21.26
3669,3769,262,24.67
5024,5124,262,23.87
4932,5033,262,27.53
5027,5127,262,17.13
5029,5130,262,27.34
5029,5128,262,25.53
5028,5128,262,15.81
4211,4310,262,19.96
873,874,262,6.04
5122,5223,262,20.72
1876,1977,262,8.24
3662,3763,262,14.68
3868,3968,263,186.2
4066,4166,263,182.27
3769,3869,263,182.21
4162,4262,263,94.95
5131,5231,263,49.58
3771,3871,263,72.74
5120,5220,263,25.42
3274,3374,263,31.76
4833,4934,263,26.01
4315,4415,263,17.01
2676,2776,263,72.66
3318,3417,263,19.76
3571,3672,263,26.98
3862,3963,263,22.5
5422,5522,263,65.6
2875,2975,263,44.34
3762,3861,263,17.4
5222,5323,263,24.87
3715,3615,263,3.86
840,739,263,5.65
3472,3572,263,25.54
4634,4734,263,56.68
4633,4734,263,17.93
3968,4068,264,208
1977,2077,264,77.77
5421,5521,264,76.65
5033,5133,264,50.78
5124,5224,264,73.45
3767,3867,264,36.31
4716,4816,264,33.59
4108,4208,264,46.67
3117,3217,264,23.54
3672,3772,264,186.19
4214,4314,264,12.23
4209,4309,264,11.95
4433,4434,264,10.65
3862,3961,264,20.14
4818,4918,264,31.38
2917,3017,264,24.72
3118,3217,264,7.58
3373,3473,264,33.36
3662,3761,264,12.73
840,741,264,5.8
4068,4168,265,128.5
3473,3573,265,117.15
3963,4063,265,55.82
3871,3971,265,66.35
4934,5034,265,56.65
3869,3969,265,84.52
4734,4834,265,59.92
4064,4164,265,24.6
4058,4158,265,22.33
3419,3519,265,22.74
4933,5034,265,27.28
5025,5125,265,19.28
5129,5229,265,19.21
4733,4834,265,20.16
3374,3474,265,70.79
4454,4554,265,19.06
2975,3075,265,51.2
2776,2876,265,88.38
3714,3614,265,3.68
3715,3614,265,4.42
3573,3673,266,214.21
3474,3574,266,137.4
3969,4069,266,184.92
4168,4268,266,118.46
3772,3872,266,69.46
5133,5233,266,62.33
5224,5324,266,74.33
4166,4266,266,41.41
2077,2177,266,77.6
3961,4061,266,61.44
3965,4065,266,23.73
5131,5232,266,26.41
5131,5230,266,24.32
5026,5126,266,16.6
3217,3317,266,62.81
2876,2976,266,121.5
4332,4333,266,4.68
4917,5017,266,27.37
1035,935,266,3.46
3574,3674,267,169.8
4268,4368,267,110.05
4065,4165,267,114.31
4069,4169,267,125.29
3075,3175,267,74.78
4063,4163,267,52.66
5034,5134,267,60.2
4164,4264,267,84.72
5521,5621,267,43.26
5119,5219,267,24.58
3518,3618,267,23.87
2976,3076,267,106.69
5221,5320,267,16.88
4534,4635,267,22.96
3673,3773,267,186.15
5522,5622,267,29.77
4054,4155,267,8.46
4634,4735,267,24.34
4368,4468,268,105.33
4165,4265,268,117.31
3674,3774,268,197.12
4169,4269,268,119.82
4061,4161,268,64.48
5230,5330,268,64.24
5324,5424,268,75.1
3872,3972,268,60.58
2177,2277,268,68.36
3867,3967,268,32.94
4816,4916,268,29.74
5231,5331,268,21.8
5128,5228,268,19.68
5321,5420,268,18.28
4311,4411,268,8.55
3417,3517,268,22.34
5422,5523,268,21.18
3712,3612,268,3.59
4254,4355,268,8.45
3714,3613,268,4.21
4918,5018,268,28.98
764,664,268,2.23
4554,4654,268,49.95
1035,934,268,3.97
3967,4067,269,186.07
4269,4369,269,118.3
4264,4364,269,89.59
5134,5234,269,68.72
4266,4366,269,33.95
4155,4255,269,55.23
3076,3176,269,51.74
3971,4071,269,32.94
4208,4308,269,21.24
3773,3873,269,69.99
4934,5035,269,24.35
4415,4515,269,19.08
3669,3770,269,12.6
3175,3275,269,56.9
762,661,269,1.77
4369,4469,270,120.17
5330,5430,270,69.58
2277,2377,270,73.36
4468,4568,270,95.75
4161,4261,270,88.77
4654,4754,270,52.64
4355,4455,270,51.09
4735,4835,270,48.25
5229,5329,270,23.77
5125,5225,270,22.53
4434,4535,270,25.92
4734,4835,270,23.21
5124,5225,270,18.47
4213,4313,270,9.04
3774,3874,270,61.1
4354,4455,270,8.46
5621,5721,270,38.68
3711,3710,270,4.08
1425,1325,270,3.17
3715,3616,270,4.54
838,837,270,6.27
839,738,270,4.77
1677,1778,270,8.47
4469,4569,271,112.23
3873,3973,271,55.88
5035,5135,271,68.84
5017,5117,271,23.44
5126,5226,271,20.93
3861,3960,271,19.76
3961,4060,271,20.31
3770,3870,271,69.99
3374,3475,271,19.36
772,673,271,5.74
2377,2477,271,100.26
2218,2217,271,1.07
4554,4655,271,26.32
4554,4653,271,24.21
3973,4073,272,119.59
4569,4669,272,104.43
2477,2577,272,102.86
1778,1878,272,53.59
4835,4935,272,56.31
4568,4668,272,86.48
5225,5325,272,74.68
5430,5530,272,67.62
3972,4072,272,30.93
5523,5623,272,27.54
5420,5520,272,25.39
4265,4365,272,31.05
5219,5319,272,24.44
4834,4935,272,23.2
5224,5325,272,18.19
5421,5520,272,15.28
4754,4854,272,51.88
3217,3316,272,19.82
1176,1277,272,8.23
5622,5722,272,23.15
1424,1324,272,2.86
4916,5016,272,25.21
1777,1878,272,8.47
1577,1678,272,7.51
4008,4107,272,10.35
2577,2677,273,116.94
4107,4207,273,203.29
4653,4753,273,64.62
4655,4755,273,50.46
4060,4160,273,61.82
5135,5235,273,76.5
5721,5821,273,44.17
4071,4171,273,26.34
4366,4466,273,29.82
3870,3970,273,76.47
5018,5118,273,24.69
5228,5328,273,23.61
5331,5431,273,23.89
4735,4836,273,26.71
4635,4736,273,26.52
4155,4256,273,24.81
4434,4435,273,11.31
3761,3860,273,17.47
3874,3974,273,46.88
4309,4409,273,12.2
3517,3617,273,24.21
670,570,273,6.56
1477,1578,273,7.2
3808,3907,273,7.16
3317,3416,273,21.34
4669,4769,273,101.15
1035,936,273,4.08
4171,4271,274,103.51
3970,4070,274,165.3
2677,2777,274,121.26
1878,1978,274,76.23
4072,4172,274,90.14
4668,4768,274,83.49
4073,4173,274,87.81
4854,4954,274,52.69
5329,5429,274,26.71
4364,4464,274,23.92
4411,4511,274,18.74
5320,5419,274,21.08
4314,4414,274,11.04
4310,4410,274,8.69
4312,4412,274,7.4
3712,3611,274,4.11
1033,933,274,2.9
5623,5723,274,55.11
2777,2877,275,121.26
4070,4170,275,109.86
4160,4260,275,70.01
4836,4936,275,64.91
4256,4356,275,55.87
4466,4566,275,76.71
4755,4855,275,53.31
5520,5620,275,49.4
3475,3575,275,27.92
4515,4615,275,19.86
5235,5335,275,99.02
4262,4363,275,12.61
3908,4007,275,7.21
4769,4869,275,94.6
3176,3276,275,19.94
847,746,275,1.57
3575,3675,276,138.9
4170,4270,276,113.31
5335,5435,276,115.72
4954,5054,276,56.23
4173,4273,276,94.01
1978,2078,276,72.5
4172,4272,276,97.08
5821,5921,276,49.09
4365,4465,276,27.53
5117,5217,276,23.45
4308,4408,276,15.69
3275,3375,276,15.65
5424,5525,276,18.29
4635,4636,276,12.08
3274,3375,276,8.39
5722,5822,276,28.1
670,571,276,7.61
1377,1478,276,7.18
4433,4334,276,6.68
5620,5720,276,207.12
4535,4636,276,24.36
1424,1323,276,3.28
4768,4868,276,80.32
4272,4372,277,105.03
3675,3775,277,181.02
4936,5036,277,69.51
2877,2977,277,85
4566,4666,277,73.45
4260,4360,277,89.01
4869,4969,277,87.87
4271,4371,277,34.35
5328,5428,277,25.19
4207,4307,277,29.88
4655,4756,277,26.2
5430,5531,277,20.46
5530,5630,277,24.56
5035,5136,277,20.03
4155,4156,277,10.21
670,569,277,7.43
3217,3216,277,7.79
5016,5116,277,23.38
1425,1326,277,3.74
4371,4471,278,112.53
5435,5535,278,99.93
2078,2178,278,85.84
5525,5625,278,91.26
4273,4373,278,99.41
5720,5820,278,50.13
3276,3376,278,46.16
5429,5529,278,26.24
5419,5519,278,30.37
5118,5218,278,23.41
4854,4955,278,25.59
5430,5529,278,18.13
3974,4074,278,24.42
4855,4955,278,48.24
5822,5922,278,60.55
2917,3016,278,7.55
4868,4968,278,80.32
5623,5724,278,24.85
5519,5619,279,156.09
4471,4571,279,116.14
4373,4473,279,100.25
3775,3875,279,50.22
4666,4766,279,70.39
5921,6021,279,37.48
4270,4370,279,36.31
4464,4564,279,23.26
4414,4514,279,20.05
3416,3516,279,19.47
4755,4856,279,25.41
3316,3415,279,22.91
4653,4752,279,19.17
4060,4159,279,20.18
4854,4953,279,23.37
4756,4856,279,53.35
5136,5236,279,88.59
2417,2516,279,3.62
1074,975,279,2.36
5535,5635,280,69.2
2178,2278,280,59.93
5820,5920,280,66.32
5724,5824,280,56.87
4372,4472,280,33.93
4969,5069,280,41.23
4465,4565,280,26.79
5217,5317,280,28.23
4363,4463,280,24.28
4615,4715,280,24.99
4410,4510,280,19.26
4412,4512,280,18.08
4836,4937,280,21.42
4511,4611,280,17.26
4435,4536,280,22.66
4409,4509,280,15.13
4736,4837,280,23.55
5325,5426,280,17.71
4655,4656,280,11.65
5723,5824,280,26.97
4571,4671,280,112.23
3761,3760,280,6.49
5922,6022,280,58.04
5236,5336,280,118.42
4054,4055,280,3.41
1075,1076,280,2.93
5619,5719,280,184.76
5625,5725,280,83.87
767,666,280,1.3
4472,4572,281,106.2
4671,4771,281,112.23
5336,5436,281,126.34
4766,4866,281,68.65
4159,4259,281,62.65
4473,4573,281,97.13
4968,5068,281,39.22
5428,5528,281,26.71
5054,5154,281,20.18
4954,5053,281,22.18
4953,5053,281,62.49
4753,4852,281,18.77
4468,4567,281,11
4855,4956,281,26.71
739,639,281,5.57
4716,4815,281,7.34
4356,4457,281,25.26
3376,3476,281,49.63
842,742,281,2.27
1033,932,281,3.33
4771,4871,282,109.02
5725,5825,282,72.42
5920,6020,282,74
5824,5924,282,66.79
4937,5037,282,85.87
2278,2378,282,75.26
3875,3975,282,41.2
5529,5629,282,26.59
5218,5318,282,26.76
4572,4672,282,105.62
4307,4407,282,21.48
2977,3077,282,24.14
4636,4737,282,24.77
4073,4174,282,14.44
4313,4413,282,8.75
4568,4667,282,12.8
4368,4467,282,9.56
4268,4367,282,8.98
5069,5169,282,89.29
4312,4413,282,6.63
5623,5624,282,10.24
5116,5216,282,23.99
4672,4772,283,108.42
5436,5536,283,95.4
5528,5628,283,86.29
5154,5254,283,56.31
5719,5819,283,47.61
5317,5417,283,35.87
4408,4508,283,16.63
4256,4257,283,10.03
4668,4767,283,13.49
6021,6121,283,32.59
3316,3315,283,9.95
3016,3116,283,23.27
4756,4857,283,25.4
4168,4267,283,8.09
5822,5923,283,22.99
3017,3116,283,7.56
1031,1030,283,3.31
738,737,283,8
1423,1422,283,2.34
4866,4966,283,66.95
4573,4673,283,93.57
2378,2478,283,119.96
2478,2578,284,118.54
4772,4872,284,112.23
5169,5269,284,86.75
4407,4507,284,75.32
6020,6120,284,78.08
5825,5925,284,76.06
3476,3576,284,36.7
4565,4665,284,25.93
5924,6024,284,66.17
5426,5526,284,31.46
2516,2616,284,21.14
4564,4664,284,23.06
4566,4665,284,16.23
4955,5056,284,27.18
4060,4059,284,8
4569,4670,284,11.27
4469,4570,284,10.19
4434,4335,284,7.16
4816,4915,284,7.43
5068,5168,284,39.63
740,640,284,4.28
5922,6023,284,23.87
6022,6122,284,26.12
753,653,284,2.69
4669,4770,284,11.79
2317,2416,284,3.26
4768,4867,284,14.28
4769,4870,284,12.98
5635,5735,284,25.31
766,665,284,1.34
846,745,284,1.79
3576,3676,285,122.32
4673,4773,285,90.65
5254,5354,285,67.87
4871,4971,285,47.74
5819,5919,285,52.07
4463,4563,285,20.42
2578,2678,285,117.93
4510,4610,285,21.14
4509,4609,285,20.77
4514,4614,285,18.81
4869,4970,285,14.43
4173,4274,285,13.09
6121,6221,285,79.12
4435,4436,285,8.58
4653,4652,285,7.41
3611,3610,285,9.53
3076,3177,285,8.03
4856,4957,285,27.39
5536,5636,285,65.49
873,774,285,3.59
4966,5066,285,65.3
3415,3515,285,18.2
761,660,285,1.45
3676,3776,286,173.29
5269,5369,286,86.75
4872,4972,286,53.71
4665,4765,286,67.66
5925,6025,286,74.19
5168,5268,286,81.38
5417,5517,286,38.96
5318,5418,286,32.23
5216,5316,286,28.09
5053,5153,286,21.22
4512,4612,286,16.95
2678,2778,286,108.88
4656,4757,286,24.26
4666,4765,286,17.2
4636,4637,286,10.17
6024,6124,286,59.16
5735,5835,286,52.31
837,836,286,6.36
739,638,286,6.33
4536,4637,286,25.37
6120,6220,286,96.82
4867,4967,286,71.62
4868,4967,286,14.28
5628,5728,286,34.62
3176,3277,286,8.46
4972,5072,287,114.27
4970,5070,287,88.73
4971,5071,287,94.89
4773,4873,287,93.57
5526,5626,287,36.77
3975,4075,287,22.3
4274,4374,287,86.56
5919,6019,287,83.23
4611,4711,287,15.99
4766,4865,287,17.78
6221,6321,287,88.74
5535,5634,287,17.6
5525,5626,287,13.66
4953,5052,287,19.93
5517,5617,287,127.86
4457,4558,287,25.51
6122,6222,287,49.23
5136,5237,287,14.26
4455,4556,287,8.44
5072,5172,288,111.92
3277,3377,288,56.91
5268,5368,288,78.83
6025,6125,288,66.39
4507,4607,288,30.74
4508,4608,288,20.92
4413,4513,288,17.41
4967,5067,288,72.09
5154,5253,288,22.15
1778,1879,288,7.99
3907,4006,288,9.65
5237,5337,288,126.12
569,568,288,9.74
1229,1228,288,2.22
5625,5726,288,15.41
5337,5437,289,126.34
5071,5171,289,92.47
4865,4965,289,64.16
5418,5518,289,36.71
5316,5416,289,33.75
3776,3876,289,44.3
6220,6320,289,41.49
4374,4474,289,85.02
4915,5015,289,23.84
4664,4764,289,22.54
2616,2716,289,24.1
4257,4358,289,24.52
5070,5170,289,89.56
6019,6119,289,95.56
4837,4938,289,15.87
4360,4461,289,12.08
6023,6123,289,21.26
2778,2878,289,42.95
6222,6322,289,91.9
740,641,289,5.02
5617,5717,289,54.12
5066,5166,289,31.22
4866,4965,289,18.36
5172,5272,289,106.78
4007,4106,289,10.85
1678,1779,289,8.43
5369,5469,289,39.63
4106,4206,290,132.18
6322,6422,290,100.59
5272,5372,290,102.1
4607,4707,290,67.63
6125,6225,290,56.9
1879,1979,290,90.64
4873,4973,290,41.91
6321,6421,290,43.35
5835,5935,290,28.63
5636,5736,290,24.33
4563,4663,290,20.98
4609,4709,290,21.66
5354,5454,290,23.15
5518,5618,290,160.36
4610,4710,290,21.36
5254,5355,290,20.37
3315,3414,290,23.32
4558,4658,290,47.52
4937,5038,290,14.91
3216,3215,290,8.22
5435,5534,290,10.32
5735,5836,290,25.7
5056,5156,290,18.27
5536,5637,290,21.21
4536,4537,290,10.73
4707,4807,291,114.77
6421,6521,291,120.28
4206,4306,291,117.65
4965,5065,291,62.59
4764,4864,291,61.68
5717,5817,291,76.97
5437,5537,291,79.58
5067,5167,291,33.75
4474,4574,291,83.02
4614,4714,291,17.13
5254,5353,291,18.04
6119,6219,291,92.76
4737,4838,291,17.17
5825,5926,291,17.64
4656,4657,291,9.74
4473,4574,291,12.49
4957,5057,291,18.7
4360,4459,291,10.83
4358,4458,291,64.63
1277,1378,291,7.67
5735,5834,291,23.5
6124,6224,291,21.65
3614,3514,291,3.89
3377,3477,291,42.86
4457,4458,291,10.87
6320,6420,291,99.98
5618,5718,291,211.03
4966,5065,291,18.93
5170,5270,291,90.11
842,743,291,2.68
5171,5271,291,93.57
1578,1679,291,8.28
5368,5468,291,39.05
4306,4406,292,102.84
4807,4907,292,133.03
6422,6522,292,71.61
5935,6035,292,71.58
5836,5936,292,64.85
5372,5472,292,97.77
1979,2079,292,87.46
4973,5073,292,81.27
5416,5516,292,36.92
5469,5569,292,41.04
4608,4708,292,25.83
4075,4175,292,22.53
5634,5734,292,24.52
3610,3709,292,23.06
4652,4751,292,23.54
5925,6026,292,18.23
4658,4758,292,56.31
4407,4506,292,15.67
4757,4858,292,26.36
6123,6223,292,37.3
5335,5434,292,8.36
1176,1177,292,2.67
1032,931,292,3.13
753,654,292,3.14
4573,4674,292,13.18
845,744,292,1.77
4864,4964,293,61.91
5817,5917,293,86.26
5271,5371,293,91.95
5718,5818,293,84.58
6219,6319,293,98.9
5270,5370,293,85.07
6420,6520,293,58.56
2716,2816,293,25.56
3876,3976,293,27.9
4711,4811,293,19.18
4612,4712,293,14.53
6025,6126,293,20.89
4335,4336,293,11.59
3315,3314,293,10.31
5528,5627,293,12.85
4558,4659,293,26.85
4637,4738,293,21.05
5156,5256,293,49.9
3611,3511,293,5.38
6521,6621,293,87.93
3613,3513,293,4.11
753,652,293,3.06
6621,6721,294,108.64
4674,4774,294,70.46
5472,5572,294,97.44
2079,2179,294,91.16
5936,6036,294,81.43
4907,5007,294,85.92
5569,5669,294,88.61
4506,4606,294,66.41
4751,4851,294,64.02
5468,5568,294,42.11
3477,3577,294,44.72
5355,5455,294,25.32
4709,4809,294,30.36
4461,4561,294,23.14
5015,5115,294,22.73
5073,5173,294,78.96
4673,4774,294,13.8
6223,6323,294,85.28
2977,3078,294,8.47
6522,6622,294,78.13
6224,6324,294,48.61
2878,2978,294,23.87
4459,4559,294,47.53
2917,2916,294,2.94
5166,5266,294,23.49
5630,5731,294,8.44
6721,6821,295,106.02
2179,2279,295,106.64
5572,5672,295,112.74
6324,6424,295,110.85
5371,5471,295,85.02
3577,3677,295,149.05
4708,4808,295,46.04
4964,5064,295,62.59
6225,6325,295,23.45
4710,4810,295,23.26
4663,4763,295,21.56
5637,5737,295,21.24
4513,4613,295,15.4
5052,5051,295,12.9
3610,3609,295,10.08
4652,4651,295,10.51
5168,5267,295,14.01
5065,5165,295,30.94
4274,4375,295,14.74
5834,5934,295,26.5
6319,6419,295,75.72
6520,6620,295,99.35
1478,1579,295,7.65
3677,3777,296,189.4
4808,4908,296,122.15
2279,2379,296,119.96
6424,6524,296,162.65
5007,5107,296,85
4606,4706,296,96.83
4809,4909,296,56.14
5173,5273,296,87.73
3078,3178,296,90.07
5818,5918,296,43.71
5917,6017,296,46.48
5516,5616,296,32.54
6035,6135,296,25.62
5736,5837,296,24.34
5454,5554,296,17.19
4764,4863,296,20.23
5268,5367,296,14.68
4773,4874,296,13.18
4436,4437,296,9.44
4658,4759,296,24.46
6323,6423,296,51.32
5156,5257,296,26.33
935,835,296,3.45
569,469,296,5.51
6622,6722,296,94.12
4537,4638,296,24.35
5627,5727,296,37.22
5370,5470,296,38.64
6524,6624,297,188.43
6722,6822,297,123.92
4706,4806,297,110.68
6821,6921,297,88.81
5672,5772,297,81.99
6325,6425,297,68.01
5471,5571,297,84.77
5669,5769,297,45.58
6036,6136,297,35.45
4811,4911,297,25.77
4175,4275,297,24.82
4714,4814,297,19.51
5353,5453,297,17.08
5836,5937,297,21.45
6419,6519,297,50.81
4858,4958,297,20.28
4374,4475,297,15.12
5057,5157,297,19.06
5426,5527,297,8.39
3016,3115,297,7.58
3611,3512,297,6.28
4459,4560,297,26.85
3808,3807,297,2.33
5537,5638,297,24.83
4375,4475,297,71.45
2379,2479,297,119.12
4806,4906,298,192.78
6425,6525,298,119.77
5772,5872,298,101.91
6822,6922,298,106.92
5470,5570,298,80.66
5107,5207,298,51.67
5273,5373,298,98.82
4909,5009,298,50.28
4908,5008,298,95.51
4874,4974,298,79.51
6620,6720,298,47.53
4810,4910,298,38.86
3178,3278,298,83.33
5934,6034,298,33.98
5568,5668,298,30.85
5731,5831,298,31.23
5437,5538,298,16.59
568,567,298,11.11
5734,5833,298,26.01
737,736,298,6.93
4863,4963,298,59.97
3611,3510,298,6.12
638,637,298,8.52
5367,5467,298,71.81
5009,5109,299,118.53
5373,5473,299,101.43
4974,5074,299,105.13
2479,2579,299,75.67
6921,7021,299,78.6
6136,6236,299,59.71
5571,5671,299,95.64
6017,6117,299,33.69
6135,6235,299,43.08
3777,3877,299,35.94
5918,6018,299,47.24
5455,5555,299,22.72
5926,6027,299,18.08
4973,5074,299,16.11
6519,6619,299,82.96
4474,4575,299,15.64
4712,4812,299,19.59
4561,4661,299,22.09
5734,5733,299,14.42
3975,4076,299,8.47
6423,6523,299,38.25
5256,5357,299,26.46
5064,5164,299,31.64
6624,6724,299,79.32
5165,5265,299,32.37
5769,5869,299,93.53
934,834,299,3.31
5616,5716,299,41.16
4475,4575,299,80.67
5266,5366,299,23.99
5115,5215,299,24.23
5473,5573,300,109.77
5008,5108,300,99.17
5872,5972,300,60.06
4910,5010,300,50.27
4906,5006,300,86.13
6525,6625,300,51.76
5937,6037,300,46.67
4911,5011,300,43.88
3278,3378,300,59.73
6126,6227,300,20.4
4674,4775,300,19.47
6523,6623,300,109.29
6922,7022,300,78.58
5534,5633,300,15.35
4938,5039,300,13.49
639,539,300,5.5
3314,3413,300,22.45
1324,1224,300,3.69
4060,3959,300,5.05
569,470,300,6.43
569,468,300,6.27
4963,5063,300,60.85
1621,1521,300,1.54
4574,4675,300,17.3
4806,4805,301,209.16
4706,4705,301,114.71
4763,4762,301,63.54
4606,4605,301,104.5
4406,4405,301,128.7
931,930,301,52.69
3709,3708,301,87.31
5434,5433,301,78.68
4306,4305,301,123.83
6219,6218,301,93.56
3215,3214,301,70.49
4206,4205,301,147.64
4106,4105,301,165.01
5534,5533,301,60.35
1030,1029,301,229.7
6119,6118,301,96.8
5216,5315,301,8.05
639,538,301,26.77
3314,3313,301,69.82
5074,5174,301,5.62
1324,1223,301,25.51
1323,1322,301,113.05
3907,3906,301,44.34
934,833,301,24.65
4537,4538,301,4.73
1129,1128,301,74.54
4006,4105,301,10.37
4006,4005,301,43.05
4605,4604,302,166.67
4305,4304,302,101.62
5063,5062,302,63.16
5006,5005,302,52.58
3413,3412,302,54
5716,5715,302,58.37
637,636,302,45.09
3510,3509,302,52.67
5207,5206,302,49.57
5872,5871,302,71.04
4906,4905,302,81.86
6921,6920,302,63.32
5772,5771,302,76.19
3807,3806,302,72.85
5107,5106,302,54.52
5554,5653,302,26.18
6821,6820,302,74.54
4763,4862,302,20.79
5737,5838,302,8.21
3115,3114,302,74.72
4506,4505,302,77.51
5817,5816,302,60.71
6519,6518,302,71.13
6419,6418,302,42.2
4105,4104,302,104.26
6235,6234,302,74.54
3610,3509,302,25.25
660,659,302,74.55
639,540,302,10.31
4863,4862,302,63.51
1422,1421,302,74.54
3016,3015,302,21.65
5769,5768,302,82.39
6319,6318,302,66.89
4963,4962,302,63.36
5038,5139,302,3.45
6619,6618,302,58.55
1621,1520,302,8.01
2020,2019,302,20.12
5816,5815,303,108.23
3214,3213,303,80.83
4405,4404,303,57.16
4205,4204,303,95.5
4805,4804,303,67.36
4705,4704,303,56.54
4604,4603,303,114.61
1322,1321,303,74.54
3313,3312,303,75.22
6117,6116,303,34.7
5671,5670,303,46.44
5207,5307,303,3.35
5467,5466,303,35.86
3708,3707,303,74.2
5570,5670,303,4.01
1029,1028,303,74.54
6017,6016,303,29.89
6135,6134,303,40.07
3609,3608,303,36.91
5568,5567,303,32.86
652,651,303,35.74
5917,5916,303,33.43
6218,6217,303,57.82
568,467,303,21.62
1228,1227,303,28.48
5869,5868,303,36.08
1324,1225,303,7.7
5616,5615,303,37.42
5972,5971,303,34.64
6724,6723,303,41.67
638,537,303,26.76
2317,2316,303,14.54
1620,1619,303,21.96
6619,6719,303,9.08
1920,1919,303,20.72
5366,5365,303,32.74
4704,4703,304,113.86
5062,5061,304,65.32
4962,4961,304,63.44
4905,4904,304,50.84
3114,3113,304,88.49
4505,4504,304,71.99
3707,3706,304,179.28
5871,5870,304,63.8
3806,3805,304,50.84
6820,6819,304,61.99
5715,5714,304,76.21
1223,1222,304,44
7021,7020,304,24.72
3412,3411,304,57.64
5733,5732,304,28.43
1227,1226,304,260.17
5668,5667,304,30.57
3608,3607,304,157.25
5934,5933,304,21.58
3511,3410,304,24.85
2816,2815,304,23.3
5215,5214,304,25.48
5516,5515,304,27.77
4838,4939,304,3.44
5416,5415,304,22.97
2716,2715,304,22.53
2616,2615,304,24
932,831,304,24
659,658,304,84.38
4463,4462,304,23.11
3760,3759,304,23.33
5834,5933,304,11.91
3860,3859,304,22.66
5164,5163,304,30.99
6618,6617,304,50.56
1820,1819,304,23.64
2916,2915,304,22.15
4862,4861,304,63.6
1720,1719,304,25.39
4005,4004,304,39.6
2120,2119,304,19.23
3706,3705,305,124.37
3113,3112,305,104.44
4204,4203,305,68.86
4603,4602,305,89.81
5815,5814,305,75.89
3213,3212,305,86.06
4104,4103,305,35.89
4304,4303,305,35.81
5768,5767,305,36.64
6318,6317,305,45.87
6418,6417,305,33.79
6234,6233,305,45
5106,5105,305,35.18
3509,3508,305,38.09
3607,3606,305,191.9
930,929,305,29.75
4404,4403,305,88.97
5733,5832,305,24.59
567,566,305,20.96
5833,5832,305,18.73
6034,6033,305,22.95
835,734,305,26.59
5554,5655,305,8.52
5315,5314,305,29.84
931,830,305,24.49
4814,4813,305,19.91
4663,4662,305,23.08
6719,6718,305,58.24
5637,5738,305,3.25
5015,5014,305,20.28
5253,5252,305,19.67
4563,4562,305,22.42
4915,4914,305,21.67
2416,2415,305,18.62
932,832,305,10.23
5528,5427,305,18.35
2516,2515,305,20.84
5428,5427,305,22.52
5615,5614,305,51.94
5328,5327,305,20.67
4661,4660,305,23.55
5265,5264,305,24.27
5115,5114,305,17.22
3606,3605,306,128.74
3410,3409,306,59.71
4961,4960,306,68
5061,5060,306,69.95
5567,5566,306,35.99
5916,5915,306,49.94
4804,4803,306,34.55
537,536,306,46.3
5005,5004,306,30.79
5206,5205,306,30.99
5307,5306,306,44.2
1421,1420,306,26.02
467,466,306,39.49
1321,1320,306,41.44
637,536,306,26.31
3510,3409,306,24.5
6518,6517,306,27.15
658,657,306,76.23
5971,5970,306,49.99
6217,6216,306,36.86
3312,3311,306,33.46
835,735,306,13.83
3508,3507,306,168.02
6819,6818,306,59.28
5714,5713,306,66.64
4714,4713,306,18.51
5353,5352,306,12.47
3906,3905,306,22.96
4762,4761,306,24.45
3805,3804,306,75.32
736,735,306,17.53
2217,2216,306,13.64
4004,4003,306,86.04
755,655,306,2.84
5466,5465,306,33.38
3507,3506,307,204.83
4403,4402,307,77.41
6033,6032,307,67.41
6718,6717,307,53.89
4203,4202,307,67.48
3112,3111,307,88.56
5214,5213,307,34.76
5667,5666,307,34.63
4504,4503,307,48.87
4703,4702,307,36.24
6016,6015,307,27.66
6134,6133,307,27.68
6116,6115,307,27.29
5868,5867,307,26.69
5063,5162,307,20.92
1223,1122,307,26.47
5831,5931,307,5.13
3015,3014,307,23.12
5814,5813,307,54.69
4336,4337,307,6.15
929,928,307,74.66
5614,5613,307,84.04
747,646,307,10.92
653,553,307,8.04
750,649,307,9.22
538,437,307,26.69
539,438,307,21.27
3506,3505,308,128.65
3804,3803,308,57.25
3605,3604,308,86.37
6818,6817,308,54.04
657,656,308,54.7
5915,5914,308,53.17
5060,5059,308,67.42
4103,4102,308,34.21
466,465,308,69.46
5314,5313,308,48.8
6317,6316,308,33.35
3212,3211,308,34.98
2715,2714,308,25.05
2615,2614,308,28.86
3311,3310,308,68.7
1619,1618,308,24.53
651,650,308,23.66
5970,5969,308,57.97
3409,3408,308,85.37
1222,1221,308,30.45
5515,5514,308,32.02
5837,5938,308,7.65
5415,5414,308,32.11
4738,4839,308,3.97
746,645,308,11.74
2019,2018,308,18.24
749,648,308,9.11
4375,4476,308,5.87
4003,4002,308,79.44
5365,5364,308,24.89
3746,3645,308,8.73
3111,3110,309,75.54
5213,5212,309,65.96
6717,6716,309,50.24
5931,5930,309,67.96
928,927,309,55.49
5713,5712,309,41.04
5306,5305,309,33.65
536,535,309,34.61
2515,2514,309,26.4
6417,6416,309,27.15
566,565,309,31.53
6233,6232,309,32.66
4303,4302,309,32.48
5933,5932,309,22.64
7020,7019,309,23.56
4861,4860,309,24.48
2316,2315,309,17.3
537,436,309,26.1
2815,2814,309,24.27
1520,1519,309,16.15
6920,7019,309,22.53
6227,6326,309,17.37
1224,1123,309,16.21
1223,1123,309,13.5
4202,4201,309,67.72
1719,1718,309,22.82
5538,5438,309,10.12
4702,4701,309,54.46
3408,3407,309,179.16
636,635,309,16.31
4602,4601,309,32.18
5437,5438,309,4.57
1128,1127,309,12.74
1028,1027,309,17.95
6617,6616,309,22.95
4904,4903,309,24.63
3705,3704,309,26.86
5767,5766,309,26.08
1919,1918,309,18.01
747,647,309,4.04
2915,2914,309,22.95
653,552,309,10.51
748,647,309,8.72
3746,3646,309,6.77
5212,5211,310,107.75
3407,3406,310,204.57
3505,3504,310,92.18
3803,3802,310,57.46
2614,2613,310,88.01
6817,6816,310,50.75
5414,5413,310,61.89
3211,3210,310,80.32
465,464,310,78.54
5313,5312,310,74.55
5514,5513,310,95.78
4503,4502,310,40.84
4402,4401,310,37.33
3310,3309,310,69.91
6015,6014,310,38.34
5813,5812,310,47.3
2714,2713,310,85.03
1122,1121,310,39.79
6216,6215,310,30.37
4803,4802,310,28.52
5205,5204,310,25.42
5264,5263,310,24.25
5105,5104,310,23.35
5114,5113,310,24.41
2415,2414,310,23.43
1819,1818,310,19.15
5062,5161,310,20.16
5162,5161,310,34.04
5014,5013,310,20.94
830,829,310,20.43
1320,1319,310,28.15
4914,4913,310,20.36
5566,5565,310,31.34
5613,5612,310,43.18
3905,3904,310,28.35
4002,4001,310,78.76
2119,2118,310,18.09
2218,2118,310,6.95
5465,5464,310,31.28
3406,3405,311,124.09
565,564,311,81.41
2514,2513,311,87.82
1221,1220,311,36.39
3604,3603,311,35.76
6133,6132,311,25.34
3014,3013,311,30.87
6032,6031,311,26.23
5867,5866,311,29.97
4960,4959,311,23.67
3210,3209,311,102.92
5004,5003,311,23.47
832,731,311,26.5
6517,6516,311,24
6115,6114,311,30.51
5139,5238,311,17.25
7021,7120,311,12.07
3309,3308,311,106.84
5914,5913,311,44.49
7019,7018,311,59.28
4102,4101,311,34.02
2814,2813,311,82.23
4437,4438,311,5.76
6819,6918,311,22.3
1127,1126,311,70.12
5666,5665,311,30.16
745,644,311,10.68
5969,5968,311,44.3
4761,4760,311,23.7
2914,2913,311,79.68
3308,3307,312,197.17
564,563,312,104.8
5211,5210,312,80.52
1126,1125,312,260.17
464,463,312,84.17
5312,5311,312,78.52
2613,2612,312,82.4
5513,5512,312,62.21
5413,5412,312,94.36
1121,1120,312,70.23
4502,4501,312,84.54
2713,2712,312,77.05
4903,4902,312,49.55
5930,5929,312,33.68
6232,6231,312,41.88
5712,5711,312,37.17
436,435,312,39.7
6316,6315,312,28.21
6818,6917,312,24.07
536,435,312,26.35
5061,5160,312,18.58
734,733,312,16.53
5161,5160,312,72.02
735,634,312,26.77
7021,7121,312,5.4
834,733,312,11.91
3904,3903,312,62.35
4802,4801,312,52.34
3802,3801,312,62.81
652,551,312,11.08
829,828,312,78.14
7022,7121,312,12.12
664,563,312,7.9
663,562,312,7.37
2218,2117,312,8.28
3307,3306,313,191.09
3405,3404,313,91.98
2513,2512,313,87.42
5003,5002,313,54.08
2913,2912,313,74.08
7018,7017,313,61.74
5812,5811,313,46.7
5113,5112,313,41.27
3110,3109,313,31.37
5305,5304,313,31.56
4302,4301,313,31.34
5364,5363,313,24.17
5059,5058,313,22.09
1122,1021,313,26.77
3804,3703,313,23
2216,2215,313,16.18
437,336,313,26.7
1618,1617,313,20.72
832,732,313,13.57
438,337,313,25.53
540,439,313,13.71
5109,5209,313,3.21
6014,6013,313,38.45
1125,1124,313,221.68
743,642,313,9.92
1027,1026,313,26.59
744,643,313,10.28
2813,2812,313,74.34
3603,3602,313,63.65
5972,6071,313,11.19
539,439,313,8.22
3306,3305,314,108.37
828,827,314,74.54
6231,6230,314,67.73
463,462,314,83.19
2712,2711,314,64.79
6917,6916,314,50.84
5913,5912,314,42.34
7120,7119,314,47.34
5565,5564,314,30.35
1319,1318,314,30.56
5263,5262,314,25.78
5204,5203,314,31.48
6215,6214,314,27
2414,2413,314,28.83
2315,2314,314,20.66
6716,6715,314,21.97
4860,4859,314,23.01
6817,6916,314,25.05
6416,6415,314,24.46
1122,1022,314,14.96
3903,3902,314,71.48
1519,1518,314,20.52
5060,5159,314,19.43
5160,5159,314,67.28
2018,2017,314,18.75
6114,6113,314,33.44
5109,5208,314,9.54
6027,6028,314,6.72
3209,3208,314,45.4
4902,4901,314,57.55
3109,3108,314,121.64
5013,5012,314,25.79
4874,4975,314,5.5
5538,5639,314,6.43
5538,5539,314,5.58
5612,5611,314,30.85
5766,5765,314,23.19
5728,5829,314,1.84
6616,6615,314,20.7
562,561,314,76.3
653,554,314,6.51
4375,4376,314,5.08
6230,6229,315,151.62
2512,2511,315,75.34
7017,7016,315,57.66
5811,5810,315,50.31
5512,5511,315,34.92
5711,5710,315,34.87
5929,5928,315,34.34
5311,5310,315,48.66
5412,5411,315,48.01
6031,6030,315,29.5
3208,3207,315,183.58
1220,1219,315,32.06
3013,3012,315,29.26
6132,6131,315,29.84
6816,6815,315,22.45
5104,5103,315,24.75
3504,3503,315,24.34
436,335,315,26.77
3803,3702,315,22.93
2812,2811,315,58.29
5931,6030,315,19.25
3703,3702,315,63.67
5968,5967,315,31.89
1026,1025,315,74.55
651,550,315,12.12
5174,5274,315,7.33
1718,1717,315,17.21
5002,5001,315,66.63
2778,2879,315,1.9
5112,5111,315,74.15
5237,5338,315,2.02
1918,1917,315,18.67
5464,5463,315,24.8
2711,2710,316,69.47
5203,5202,316,77.55
3207,3206,316,127.88
6315,6314,316,25.01
5304,5303,316,35.96
2612,2611,316,25.57
5665,5664,316,23.38
4913,4912,316,19.68
6516,6515,316,21.82
3111,3010,316,16.82
3108,3107,316,97.71
3112,3011,316,13.48
438,338,316,11.85
6027,6128,316,7.69
462,461,316,71.66
7019,7118,316,22.3
5453,5552,316,7.7
561,560,316,70.53
4638,4739,316,4.57
3902,3901,316,75.34
5866,5865,316,22.32
535,534,316,16.01
6229,6228,317,81.83
5111,5110,317,74.55
7016,7015,317,52.03
5103,5102,317,64.01
6916,6915,317,44.15
5611,5610,317,33.9
6615,6614,317,42.77
5912,5911,317,41.97
2912,2911,317,25.79
5363,5362,317,26.54
7120,7219,317,25.89
6013,6012,317,33.08
5003,5102,317,24.06
927,926,317,13.77
731,730,317,17.19
550,549,317,98.46
734,633,317,11.8
5307,5406,317,10.26
3010,3009,317,176.96
6227,6327,317,6.11
1420,1419,317,9.14
4874,4875,317,4.76
3802,3701,317,21.05
1025,1024,317,74.55
4075,4176,317,1.89
2511,2510,317,66.38
1818,1817,317,16.54
2217,2116,317,7.39
1024,1023,318,260.17
3009,3008,318,110.1
549,548,318,133.13
461,460,318,63.02
6815,6814,318,45.79
5710,5709,318,49.23
5411,5410,318,34.71
6131,6130,318,42.25
2314,2313,318,25.28
5765,5764,318,28.4
1318,1317,318,31.54
5262,5261,318,27.35
5564,5563,318,25.57
6214,6213,318,28.45
3305,3304,318,25.96
2413,2412,318,27.15
3404,3403,318,21.52
7018,7117,318,21.43
3107,3106,318,75.42
335,334,318,35.44
1121,1020,318,18.49
5810,5809,318,45.29
733,632,318,26.73
560,559,318,68.38
5161,5260,318,17.9
470,369,318,8.29
4437,4338,318,6.63
2710,2709,318,72.59
7118,7117,318,54.77
6113,6112,318,32.82
469,368,318,7.9
2611,2610,318,65.73
3603,3502,318,20.75
6071,6070,318,21.5
5202,5201,318,75.09
672,572,318,2.55
3206,3205,318,80.78
3746,3647,318,5.53
5709,5708,319,101.05
2510,2509,319,62.81
7015,7014,319,51.39
1219,1218,319,26.54
6030,6029,319,32.44
5310,5309,319,31.77
6715,6714,319,21.24
337,236,319,26.77
5511,5510,319,31.77
2215,2214,319,18.96
6415,6414,319,23.4
2811,2810,319,25.18
1518,1517,319,22.15
5306,5405,319,11.29
336,235,319,26.77
5139,5239,319,6.05
2579,2679,319,3.11
3602,3601,319,18.27
7022,7122,319,5.55
5102,5101,319,71.05
5303,5302,319,37.06
5463,5462,319,26.47
534,533,319,36.51
4475,4576,319,5.07
548,547,320,77.85
2610,2609,320,63.41
460,459,320,54.81
5260,5259,320,62.87
2709,2708,320,62.94
7117,7116,320,57.28
6012,6011,320,34.98
2911,2910,320,38.96
6915,6914,320,41.75
6614,6613,320,49.55
7219,7218,320,40
926,925,320,35.74
5664,5663,320,25.69
6615,6514,320,26.61
337,237,320,14.88
7017,7116,320,22.86
3106,3105,320,76.63
435,434,320,13.54
7120,7220,320,12.37
5967,5966,320,22.74
645,544,320,12.13
553,452,320,11.7
5867,5966,320,11.65
5160,5259,320,19.48
5159,5158,320,18.51
7119,7218,320,25.38
646,546,320,7.72
646,545,320,11.05
4638,4639,320,3.94
5538,5439,320,6.43
1617,1616,320,16.06
559,558,320,62.49
874,875,320,0.99
5911,5910,320,42.09
7014,7013,321,51.93
5563,5562,321,34.83
1020,1019,321,38.33
368,367,321,42.22
6814,6813,321,41.16
6130,6129,321,47.78
6112,6111,321,34.34
632,631,321,47.67
5610,5609,321,33.09
5362,5361,321,27.39
5865,5864,321,22.53
6314,6313,321,24.84
7016,7115,321,24.69
1917,1916,321,18.7
334,333,321,37.1
2017,2016,321,15.35
335,234,321,26.48
6922,6923,321,4.4
6070,6069,321,35.33
640,541,321,4.34
2910,2909,321,215.95
5653,5752,321,7.56
5302,5301,321,77.14
4375,4276,321,5.87
2909,2908,322,171.62
6613,6612,322,54.78
2609,2608,322,54.68
925,924,322,68.04
2708,2707,322,55.54
6714,6713,322,45.08
5708,5707,322,35.25
533,532,322,43.45
5410,5409,322,31.13
5764,5763,322,32.9
5809,5808,322,29.84
3008,3007,322,33.1
1317,1316,322,25.03
2313,2312,322,25.11
2512,2411,322,16.88
1120,1119,322,10.49
3105,3104,322,76.89
552,451,322,11.54
5305,5404,322,11.5
553,453,322,7.13
5405,5404,322,35.56
5738,5739,322,6.22
467,366,322,7.72
2810,2809,322,37.37
6213,6212,322,32.03
7118,7217,322,23.84
5510,5509,322,35.76
6922,7023,322,5.1
5969,6068,322,10.26
1717,1716,322,15.18
534,433,322,26.61
5910,5909,322,73.43
3007,3006,323,124.38
924,923,323,102.83
6111,6110,323,74.97
7013,7012,323,65.04
7115,7114,323,59.58
6914,6913,323,45.62
459,458,323,42.08
6011,6010,323,35.56
5309,5308,323,27.71
7015,7114,323,24.87
1817,1816,323,17.31
6614,6513,323,25.37
7219,7318,323,26.77
558,557,323,46.24
5462,5461,323,25.74
830,729,323,8.04
2511,2410,323,19.79
3205,3204,323,22.92
7012,7011,324,113.14
2809,2808,324,96.09
451,450,324,51.25
6713,6712,324,51.28
5909,5908,324,54.94
2908,2907,324,71.34
5808,5807,324,61.92
1019,1018,324,48.41
234,233,324,46.6
5609,5608,324,48.28
5663,5662,324,26.5
1218,1217,324,24.7
2214,2213,324,22.7
632,531,324,25.82
3304,3303,324,16.86
2510,2409,324,21.05
2116,2115,324,15.04
334,233,324,26.67
827,826,324,11.01
1419,1418,324,16.52
6414,6413,324,22.55
644,543,324,11.65
5438,5339,324,9.71
557,556,324,165.25
5968,6067,324,11.47
631,630,324,39.49
5966,5965,324,25.96
3502,3501,324,17.28
4538,4539,324,4.4
5972,6072,324,4.25
7114,7113,325,51.84
729,728,325,78.15
923,922,325,74.55
6110,6109,325,59.39
6913,6912,325,53.51
366,365,325,47.84
2608,2607,325,46.1
7217,7216,325,45.32
5864,5863,325,25.69
5752,5751,325,29.08
2509,2508,325,18.75
533,432,325,26.54
7014,7113,325,24.72
5260,5359,325,21.03
235,134,325,26.47
7117,7216,325,22.99
6229,6328,325,15.07
236,135,325,26.57
1517,1516,325,18.87
5738,5839,325,7.13
5409,5408,325,34.34
540,440,325,4.52
6313,6312,325,27.43
556,555,325,251.41
5404,5403,325,34.8
2878,2979,325,1.96
5653,5753,325,4.48
6071,6170,325,12.17
433,432,325,45.77
2907,2906,326,74.55
6712,6711,326,72.54
7011,7010,326,93.23
1018,1017,326,56.57
458,457,326,42.04
3006,3005,326,37.62
5763,5762,326,25.78
543,542,326,50.23
2707,2706,326,32.09
6212,6211,326,32.81
5707,5706,326,26.69
5509,5508,326,33
5361,5360,326,24.29
6813,6812,326,23.07
5562,5561,326,24.85
6613,6512,326,23.83
5259,5258,326,19.81
2708,2807,326,23.58
3403,3402,326,13.67
236,136,326,16.22
2312,2311,326,25.03
438,339,326,7.72
5552,5551,326,10.89
333,332,326,22.28
457,456,327,232.43
6912,6911,327,90.5
6711,6710,327,101.02
7216,7215,327,50.47
134,133,327,50.71
922,921,327,74.55
1217,1216,327,33.67
5608,5607,327,43.27
5863,5862,327,65.14
1119,1118,327,21.32
234,133,327,26.04
5752,5651,327,24.84
5752,5852,327,18.37
5752,5851,327,24.84
728,727,327,74.54
7116,7215,327,21.82
3104,3103,327,20.61
6010,6009,327,27.26
337,238,327,10.31
5174,5175,327,3.88
631,530,327,26.77
6922,6823,327,5.1
6612,6611,327,20.74
1616,1615,327,14.52
6911,6910,328,123.41
6812,6811,328,80.83
2906,2905,328,64.51
6211,6210,328,73.27
2706,2705,328,76.04
365,364,328,46.76
2213,2212,328,27.49
5965,5964,328,26.27
450,449,328,31.12
2608,2507,328,26.14
451,350,328,24.91
7217,7316,328,26.28
3204,3203,328,20.41
5909,6008,328,23.78
1316,1315,328,19.43
7013,7112,328,20.26
7115,7214,328,22.19
5461,5460,328,22.91
550,449,328,11.61
6067,6066,328,25.1
5655,5755,328,4.46
456,455,328,260.17
6611,6610,328,109.09
5302,5401,328,16.35
5403,5402,328,34.11
5408,5407,328,45
6811,6810,329,105.43
7112,7111,329,100.47
921,920,329,74.54
6710,6709,329,59.89
5508,5507,329,47.59
7010,7009,329,34.13
1017,1016,329,35.63
3005,3004,329,33.41
2607,2606,329,25.46
6170,6169,329,27.4
6312,6311,329,28.89
1418,1417,329,20.01
5807,5806,329,21.97
5908,5907,329,23.33
7114,7213,329,24.74
453,352,329,22.85
5808,5907,329,21.36
1716,1715,329,15.46
455,454,329,260.17
2016,2015,329,12.7
2807,2806,329,49.22
7120,7221,329,8.12
3105,3004,329,16.42
6413,6412,329,24.24
630,629,329,23.54
133,132,329,62.81
7121,7221,329,6.02
570,471,329,2.58
4538,4439,329,5.1
449,448,330,63.98
364,363,330,58.37
350,349,330,68.98
5607,5606,330,35.25
1118,1117,330,40.57
6512,6511,330,25.77
6109,6108,330,22.86
3303,3302,330,17.11
450,349,330,25.53
1816,1815,330,15.71
6110,6209,330,22.26
7217,7317,330,13.05
543,442,330,25.19
6610,6609,330,94.3
432,431,330,21.18
5862,5861,330,46.89
5460,5459,330,51.03
2705,2704,330,78.69
2409,2408,330,18.52
5938,6038,330,4.67
3877,3977,330,3.09
826,825,330,18.9
6071,6171,330,5.94
1075,976,330,1.57
448,447,331,129.52
349,348,331,112.13
6311,6310,331,67.96
2806,2805,331,83.86
920,919,331,74.54
6810,6809,331,56.19
7009,7008,331,94.38
6910,6909,331,46.24
2905,2904,331,46.93
5851,5850,331,29.68
2606,2605,331,52.45
332,331,331,23.28
5561,5560,331,20.88
352,351,331,68.43
5762,5761,331,20.41
2311,2310,331,21.89
7216,7315,331,25.13
134,33,331,25.06
5359,5358,331,18.79
135,34,331,26.51
451,351,331,11.12
2115,2114,331,16.55
5752,5853,331,14.57
5406,5505,331,10.68
7219,7320,331,10.31
369,268,331,11.28
7316,7315,331,37.92
5573,5673,331,3.24
629,628,331,74.62
5706,5705,331,24.07
363,362,332,63.02
6209,6208,332,60.17
5507,5506,332,45.87
7111,7110,332,40.53
6709,6708,332,35.4
7010,7110,332,16.87
7010,7109,332,26.26
1216,1215,332,20.47
135,35,332,16.38
5863,5962,332,20.22
3103,3102,332,21.29
1916,1915,332,9.98
136,35,332,24.62
545,444,332,12
727,726,332,22.23
236,137,332,11.67
2212,2211,332,25.18
5405,5504,332,11.09
7023,7123,332,11.08
5966,6065,332,11.99
3402,3401,332,19.95
233,232,332,12.59
1516,1515,332,15.89
3377,3478,332,1.36
348,347,333,56.3
6809,6808,333,56.1
919,918,333,61.82
2805,2804,333,61.82
7008,7007,333,56.85
6909,6908,333,71.16
268,267,333,61.17
628,627,333,74.54
1117,1116,333,40.52
2605,2604,333,81.91
5851,5750,333,25.06
5851,5951,333,18.21
5851,5950,333,25.06
442,441,333,44.11
7215,7314,333,25.82
5551,5550,333,14.8
2507,2506,333,22.59
5751,5750,333,12.81
6008,6007,333,23.14
453,353,333,9.3
543,443,333,11.44
5862,5961,333,25.99
544,443,333,11.25
6412,6411,333,26.29
5964,5963,333,24.27
2704,2703,333,44.16
5174,5075,333,4.5
5174,5275,333,4.5
33,32,333,68.15
6609,6608,333,46.9
447,446,333,56.04
5074,5075,333,2.92
1579,1479,333,2.78
7109,7108,334,71.48
6708,6707,334,64.25
5606,5605,334,28.29
6511,6510,334,26.14
3004,3003,334,24.38
7213,7212,334,21.24
3203,3202,334,19.38
5460,5559,334,24.98
3104,3003,334,12.16
5539,5540,334,5.2
5139,5140,334,3.16
7316,7415,334,26.72
5039,5040,334,2.96
362,361,334,60.17
825,824,334,26.59
1315,1314,334,17.94
2678,2779,334,1.27
5806,5805,334,23.88
5907,5906,334,23.1
6510,6509,335,110.56
446,445,335,63.23
267,266,335,57.05
6908,6907,335,77.01
6808,6807,335,76.67
2904,2903,335,31.8
6310,6309,335,29.18
7111,7210,335,26.76
1016,1015,335,19.36
1417,1416,335,19.65
3102,3101,335,34.14
2604,2603,335,58.26
6411,6410,335,70.35
6327,6426,335,8.04
6229,6329,335,5.08
4338,4339,335,6.09
7316,7416,335,15.6
6068,6167,335,11.1
546,445,335,9.46
431,430,335,20.16
530,529,335,13.3
5404,5503,335,11.17
1277,1278,335,1.01
5705,5704,335,25.53
6007,6006,335,67.43
3302,3301,335,22.41
6509,6508,336,101.76
6006,6005,336,104.01
7212,7211,336,70.12
2506,2505,336,36.44
2804,2803,336,34.77
6208,6207,336,26.08
5761,5760,336,20.33
2408,2407,336,19.94
7111,7211,336,14.7
2015,2014,336,15.14
442,341,336,26.46
238,138,336,11.23
918,917,336,37.42
5459,5458,336,17.81
5965,6064,336,11.97
136,36,336,10.81
6108,6107,336,18.98
461,360,336,7.24
5274,5374,336,4.83
6608,6607,336,36.91
6067,6166,336,12.05
6609,6508,336,25.98
5357,5456,336,3.85
331,330,336,21.89
7122,7222,336,5.94
347,346,336,49.87
6707,6706,336,63.85
346,345,337,136.83
7210,7209,337,63.94
6309,6308,337,76.4
529,528,337,86.15
2211,2210,337,23.72
2114,2113,337,19.09
2310,2309,337,19.42
7320,7419,337,26.76
6209,6308,337,21.98
5851,5952,337,14.3
6169,6168,337,13.81
5853,5953,337,18.43
5853,5952,337,24.75
6170,6269,337,11.88
6410,6409,337,83.28
7315,7414,337,26.2
824,823,337,47.72
627,626,337,25.5
6207,6206,337,123.83
7317,7417,337,15.43
1679,1780,337,1.83
6706,6705,338,50.39
6508,6507,338,71.25
266,265,338,47.32
5503,5502,338,36.42
7108,7107,338,31.26
2703,2702,338,20.31
1116,1115,338,20.63
348,247,338,23.33
7008,7107,338,23.14
7320,7420,338,14.77
1815,1814,338,13.98
1715,1714,338,12.49
1615,1614,338,9.83
5651,5650,338,9.16
442,342,338,13.46
339,239,338,8.74
2505,2504,338,74.15
6409,6408,338,101.96
5861,5860,338,13.95
345,344,338,204.52
5850,5849,338,16.12
460,359,338,7.41
4939,4940,338,2.96
6037,6137,338,2.69
6907,6906,338,41.84
6807,6806,338,46.18
6607,6606,338,70.85
1215,1214,338,17.15
5605,5604,338,26.09
132,131,338,11.31
5403,5502,338,11.24
3202,3201,338,27.34
4575,4676,338,3.46
344,343,339,174.31
6269,6268,339,85.67
6005,6004,339,44.56
5906,5905,339,20.67
5805,5804,339,21.49
1915,1914,339,14.92
6408,6407,339,123.27
5853,5854,339,13.54
341,340,339,49.76
7414,7413,339,52.9
3103,3002,339,12.17
459,358,339,7.67
5951,6051,339,17.84
5951,6050,339,25.49
2603,2602,339,28.74
7314,7313,339,17.48
823,822,339,60.92
528,527,339,74.54
726,725,339,15.72
7023,7024,339,6.21
1177,1077,339,2.32
347,246,339,25.29
247,246,339,155.81
265,264,340,52.73
7209,7208,340,37.53
6206,6205,340,40.02
6308,6307,340,35.87
6064,6063,340,28.01
330,329,340,26.75
5704,5703,340,22.85
430,429,340,21.31
5559,5558,340,17.43
7108,7208,340,17.76
7108,7207,340,25.57
2504,2503,340,71.46
6606,6605,340,76.15
7109,7208,340,18.08
1515,1514,340,14.13
5502,5501,340,79.94
5961,5960,340,14.52
5950,5949,340,15.18
470,370,340,2.55
6066,6165,340,12.14
6107,6106,340,29.65
1314,1313,340,17.18
246,245,341,51.09
2702,2701,341,35.29
2407,2406,341,24.12
5550,5549,341,13.17
137,37,341,11.27
7413,7412,341,59.79
5853,5954,341,14.68
7416,7515,341,26.62
917,916,341,22.97
1416,1415,341,17.85
7313,7312,341,68.67
822,821,341,79.9
5655,5656,341,2.82
5139,5240,341,3.67
5838,5939,341,3.7
6907,7006,341,26.69
1015,1014,341,16.71
6407,6406,341,79.07
1879,1980,341,1.37
232,231,341,12.45
264,263,342,59.09
6063,6062,342,51.18
358,357,342,47.94
6004,6003,342,44.7
3002,3001,342,38.42
6705,6704,342,33.31
6906,6905,342,25.57
5604,5603,342,30.41
2113,2112,342,24.5
6706,6805,342,25.15
6605,6604,342,65
2210,2209,342,21.13
138,38,342,18.55
7210,7309,342,20.65
2903,2902,342,15.88
7212,7311,342,18.52
348,248,342,9.67
429,428,342,90.99
341,240,342,25.32
458,357,342,7.67
329,328,342,90.88
7416,7516,342,16.06
4839,4840,342,2.96
2409,2308,342,8.05
32,31,342,11.87
7023,6924,342,7.13
7023,7124,342,7.13
6507,6506,342,32.03
3976,4077,342,2.04
6106,6105,343,40.02
5804,5803,343,29.73
5905,5904,343,32.19
2602,2601,343,25.26
7209,7308,343,26.7
5953,6053,343,17.53
5953,6052,343,25.78
2803,2802,343,15.21
2014,2013,343,16.48
7320,7321,343,9.04
2503,2502,343,33.66
6328,6427,343,8.05
7414,7513,343,24.43
821,820,343,75.94
5555,5556,343,2.26
626,625,343,19.27
5455,5556,343,2.12
6307,6306,343,39.83
328,327,344,74.54
6506,6505,344,56.28
428,427,344,74.54
357,356,344,92.13
5703,5702,344,31.65
6205,6204,344,27.95
7420,7519,344,26.77
6705,6804,344,26.09
239,139,344,17.93
7417,7517,344,15.12
138,139,344,13.79
5750,5749,344,9.19
6072,6172,344,5.1
6406,6405,344,39.05
5849,5848,344,17.23
1214,1213,344,18.42
5603,5602,345,39.66
2902,2901,345,39.89
2406,2405,345,26.34
7006,7005,345,26.9
6604,6603,345,45.44
246,145,345,24.96
725,724,345,17.66
7420,7520,345,15.18
1814,1813,345,15.28
1714,1713,345,14.39
6906,7005,345,23.3
6165,6164,345,23.5
7107,7106,345,15.57
263,262,345,49.41
7320,7421,345,10.2
6171,6270,345,9.95
6062,6061,345,43.97
350,249,345,8.6
6170,6270,345,5.02
341,241,345,11.59
820,819,345,74.06
1115,1114,345,15.86
356,355,345,260.17
5972,5973,345,2.27
773,674,345,1.42
6505,6504,346,78.67
6105,6104,346,39.55
355,354,346,260.17
5904,5903,346,42.04
5803,5802,346,40.35
2802,2801,346,38.32
6704,6703,346,28.33
5960,5959,346,18.8
6063,6162,346,24.93
6268,6267,346,14.53
527,526,346,16.06
6050,6049,346,15.07
1914,1913,346,15.58
138,39,346,14.91
5949,5948,346,17.78
7413,7512,346,22.12
352,251,346,8.62
7415,7514,346,11.82
7207,7206,346,17.38
2212,2111,346,7.98
369,269,346,3.59
2405,2404,347,58.52
5702,5701,347,41.04
6306,6305,347,29.74
6003,6002,347,23.78
7006,7105,347,23.93
5954,6054,347,17.97
353,252,347,10.49
6405,6404,347,46.45
6406,6305,347,26.77
7312,7411,347,26.68
916,915,347,18.42
145,144,347,77.95
1014,1013,347,17.96
1415,1414,347,16.91
6504,6503,348,73.98
6804,6803,348,25.57
427,426,348,27.05
6204,6203,348,32.27
2013,2012,348,20.25
2308,2307,348,19.36
6805,6904,348,24.7
6704,6803,348,24.54
5549,5548,348,16.47
6604,6503,348,26.25
246,146,348,11.17
6269,6368,348,14.13
6064,6163,348,11.83
7210,7310,348,7.84
351,250,348,8.38
2408,2307,348,8.05
6603,6602,348,37.83
6062,6161,348,26.48
5502,5601,348,15.57
5760,5659,348,12.08
4739,4740,348,3.18
819,818,348,41.33
7311,7310,348,19.69
245,244,348,16.26
6923,6824,348,5.31
262,261,348,45.98
2209,2208,348,18.4
1313,1312,348,14.23
6166,6265,348,12.17
1679,1680,348,1.58
6404,6403,349,89.02
5802,5801,349,40.85
5903,5902,349,43.89
7005,7004,349,29.35
327,326,349,24.93
625,624,349,16.82
7308,7307,349,16.85
7513,7613,349,17.2
7513,7612,349,26.05
5954,5955,349,12.73
2404,2403,349,73.94
5650,5649,349,9.5
239,140,349,13.85
6703,6702,349,33.73
1614,1613,349,9.74
5373,5474,349,2.44
3477,3578,349,1.4
6368,6367,350,90.71
6203,6202,350,75.25
5959,5958,350,28.1
6305,6304,350,45.7
6204,6103,350,25.85
6204,6304,350,17.46
6204,6303,350,25.85
7517,7616,350,25.45
2502,2501,350,14.32
5848,5847,350,17.83
2211,2110,350,8.01
4539,4540,350,3.91
6405,6304,350,26.07
4639,4640,350,3.42
5655,5756,350,3.16
7123,7223,350,5.8
231,230,350,11.56
1979,2080,350,1.4
6403,6402,351,72.75
261,260,351,35.64
6002,6001,351,29.92
6267,6266,351,23.97
724,723,351,18.59
7005,7104,351,24.94
6602,6601,351,37.38
6804,6903,351,23.3
1514,1513,351,9.16
7417,7518,351,10.54
6503,6502,351,48.42
6329,6428,351,9.14
268,167,351,7.28
244,243,351,34.31
6603,6502,351,26.72
5749,5748,351,16.55
6803,6802,351,33.45
5961,6060,351,7.97
1114,1113,351,19.07
1213,1212,351,16.48
131,130,351,8.21
672,573,351,1.51
7206,7205,352,17.25
526,525,352,19.99
6202,6201,352,79.35
7421,7521,352,15.24
1913,1912,352,17.81
5954,6055,352,13.92
7420,7521,352,10.6
5948,5947,352,17.14
2403,2402,352,41.22
6165,6264,352,12.13
243,242,352,140.65
5550,5449,352,7.82
1813,1812,352,16.27
4439,4440,352,4.4
6303,6302,352,94.49
6162,6261,352,25.94
7207,7306,352,11.93
5639,5740,352,3.79
1713,1712,352,15.13
167,166,353,73.73
2307,2306,353,23.12
6702,6701,353,31.66
818,817,353,23.61
915,914,353,18.97
6002,5901,353,25.14
6002,6102,353,18.14
6002,6101,353,25.14
6054,6154,353,17.92
6054,6153,353,25.4
1013,1012,353,17.13
6049,6048,353,14.81
7517,7617,353,11.74
7004,7003,353,28.65
267,166,353,7.36
4339,4340,353,5.62
2012,2011,353,24.82
6302,6301,354,57.08
6402,6401,354,41.24
5958,5957,354,29.09
326,325,354,20.62
2208,2207,354,18
426,425,354,17.59
5548,5547,354,17.77
1414,1413,354,15.18
7512,7511,354,12.99
6602,6501,354,26.69
139,40,354,14.61
330,229,354,7.96
266,165,354,7.56
7411,7410,354,14.72
6803,6902,354,26.12
7311,7410,354,12.13
6502,6501,354,39.35
145,44,354,16.12
5972,5873,354,2.62
5972,6073,354,2.62
6802,6801,355,29.35
260,259,355,28.85
723,722,355,25.74
7616,7615,355,20.36
624,623,355,19.91
6702,6801,355,25.68
6161,6160,355,15.49
2110,2109,355,24.16
6053,6152,355,11.92
7321,7322,355,9.04
7308,7407,355,11.85
7513,7614,355,12.84
7004,7103,355,24.67
7309,7408,355,11.78
2210,2109,355,8.04
360,259,355,7.84
5540,5541,355,4.85
6162,6262,355,12.45
229,228,356,90.06
165,164,356,68.93
1312,1311,356,13.68
7421,7422,356,9.48
2502,2401,356,11.32
5847,5846,356,17.33
5649,5648,356,16.47
359,258,356,7.89
130,129,356,22.23
5672,5773,356,1.76
7003,7002,357,31.37
6264,6263,357,24.57
6802,6901,357,24.94
6903,7002,357,25.88
6367,6366,357,14.4
44,43,357,47.34
6164,6263,357,12.03
2011,2010,357,28.02
5748,5747,357,18.46
7309,7409,357,7.02
1113,1112,357,17.77
31,30,357,7.1
1912,1911,357,21.56
4076,4177,357,2.35
5473,5574,357,2.31
1613,1612,357,14.09
228,227,358,74.54
164,163,358,52.73
258,257,358,70.36
129,128,358,89.92
2306,2305,358,23.17
525,524,358,17.06
1712,1711,358,17.23
6055,6155,358,17.64
7612,7611,358,12.3
5955,5956,358,11.97
6054,6155,358,13.84
7206,7305,358,11.91
7521,7620,358,26.7
358,257,358,7.55
370,270,358,5.59
3877,3878,358,1.65
1812,1811,358,19
1579,1580,358,1.45
257,256,359,105.14
722,721,359,30.63
7103,7102,359,29.79
325,324,359,20.62
7003,7102,359,25.6
43,42,359,71.28
2207,2206,359,22.45
7205,7204,359,16.53
5947,5946,359,15.39
6261,6260,359,14.89
6368,6467,359,13.04
7105,7204,359,11.79
5449,5448,359,16.47
7521,7621,359,15.72
6049,6148,359,11.45
7421,7522,359,10.66
817,816,359,18.47
246,147,359,7.2
6051,6150,359,7.38
6269,6369,359,4.69
5938,6039,359,2.8
2579,2580,359,1.67
914,913,359,18.88
256,255,360,260.17
7002,7001,360,35.63
5547,5546,360,17.18
425,424,360,18.78
6902,7001,360,25.98
42,41,360,101.36
5955,6056,360,13.19
6265,6364,360,12.15
44,143,360,25.89
6049,6149,360,7.39
251,150,360,10.11
354,253,360,10.71
5659,5758,360,12.17
2109,2108,360,20.83
6924,6925,360,5.62
5140,5141,360,3.98
1212,1211,360,11.47
5540,5441,360,5.6
5540,5641,360,5.6
140,141,360,9.59
353,253,360,3.74
7411,7510,360,11.42
6171,6271,360,3.42
3977,3978,360,3.38
1513,1512,360,12.06
2209,2108,360,8.05
6467,6466,361,32.49
7615,7714,361,19.91
6152,6151,361,17.04
7103,7203,361,16.93
7103,7202,361,20.92
6048,6047,361,13.27
249,148,361,30.23
263,162,361,22.73
1012,1011,361,10.45
821,720,361,26.16
2305,2304,362,16.48
2010,2009,362,14.62
2401,2301,362,21.24
623,622,362,12.44
6262,6361,362,14.79
250,149,362,29.4
252,151,362,29.45
269,168,362,24.2
7613,7712,362,7.91
2405,2304,362,25.68
2404,2303,362,26.7
7307,7406,362,8.53
6229,6330,362,3.32
145,45,362,10.39
262,161,362,22.42
2079,2180,362,1.28
1313,1412,362,4.31
30,29,362,14.12
143,142,363,36.91
128,127,363,15.43
7002,7101,363,20.93
7615,7715,363,13.3
6055,6156,363,13.77
7616,7715,363,8.52
7612,7711,363,8.31
2208,2107,363,15.79
261,160,363,20.18
6924,6825,363,9.66
2403,2302,363,23.01
243,142,363,30.73
5040,5041,363,3.9
6366,6365,363,14.53
573,472,363,26.86
6624,6725,363,1.79
5846,5845,364,12.24
1311,1310,364,8.24
165,64,364,25.38
166,65,364,25.47
5648,5647,364,7.43
260,159,364,18.92
167,66,364,25.85
5240,5241,364,5.75
6924,7025,364,7.03
5758,5757,364,31.46
5274,5375,364,3.13
253,152,365,29.27
324,323,365,15.42
147,46,365,30.15
257,156,365,26.59
7611,7610,365,15.37
7305,7304,365,14.88
164,63,365,23.14
258,157,365,26.76
129,28,365,26.97
259,158,365,22.35
2306,2205,365,18.01
7613,7713,365,4.65
7521,7622,365,10.87
7520,7619,365,5.08
6263,6362,365,14.74
149,48,366,46.09
6364,6363,366,18.9
7102,7201,366,20.58
2305,2204,366,22.9
524,523,366,12.45
5747,5746,366,7.88
1911,1910,366,4.03
2207,2106,366,17.73
2109,2008,366,16.92
5739,5840,366,3.08
7422,7423,366,10.66
148,47,366,34.26
7322,7323,366,10.77
7306,7405,366,8.51
324,223,367,20.11
6148,6147,367,13.4
128,27,367,20.15
2010,1909,367,18.35
1612,1611,367,8
7510,7509,367,15.24
2302,2201,367,45.49
6427,6526,367,3.37
4940,4941,367,3.84
5040,4941,367,5.45
1212,1111,367,9.54
163,62,367,18.65
1177,1178,367,1.19
1112,1111,367,9.28
168,67,368,25.27
2303,2202,368,25.47
6047,6046,368,14.42
2304,2203,368,26.38
424,423,368,12.75
913,912,368,10.66
6260,6360,368,11.01
5846,5745,368,12.62
623,522,368,14.36
6153,6252,368,7.85
6154,6253,368,7.95
7617,7716,368,7.48
7616,7716,368,5.43
354,254,368,6.16
5946,5945,368,10.57
1012,911,368,11.81
6466,6465,368,15.12
916,815,368,11.12
127,26,369,25.64
127,126,369,17.17
162,61,369,19.45
270,169,369,15.25
227,226,369,8.02
4340,4341,369,6.21
472,371,369,25.7
4540,4541,369,5.64
7522,7523,369,10.39
2679,2680,369,2.06
4376,4377,369,2.22
2579,2480,369,2.75
152,51,370,28.89
159,58,370,26.01
160,59,370,20.75
151,50,370,19.3
2009,1908,370,17.71
161,60,370,19.27
7711,7710,370,15.62
4440,4441,370,5.53
2108,2007,370,15.6
5448,5447,370,8.69
5548,5447,370,10.39
915,814,370,10.78
3977,4078,370,3.1
4276,4277,370,2.55
5957,6057,370,5.49
976,876,370,3.79
7408,7507,370,8.4
7123,7224,370,3.6
158,57,371,26.28
323,222,371,24.31
323,322,371,16.9
149,49,371,12.4
150,49,371,13.78
6152,6251,371,7.75
6154,6254,371,4.7
7407,7506,371,8.5
4640,4641,371,5.16
817,716,371,11.09
157,56,371,25.79
6072,6173,371,2.45
3877,3778,371,2.19
2204,2103,372,27.42
7610,7609,372,15.62
913,812,372,11.51
1811,1810,372,4.44
1711,1710,372,5.14
1612,1511,372,10.6
1211,1210,372,8.95
5547,5446,372,10.53
1311,1210,372,10.78
2202,2101,372,43.44
4740,4741,372,4.49
4840,4741,372,5.77
1077,977,372,4.11
1011,1010,372,9.21
914,813,372,10.84
2978,3079,372,1.13
223,122,373,25.81
7304,7303,373,14.1
6925,6926,373,7.84
5546,5545,373,8.22
7405,7404,373,15.72
816,715,373,10.78
5747,5646,373,10.51
1211,1110,373,11.24
2205,2104,373,18.91
1312,1411,373,4.26
1412,1411,373,9.14
1479,1379,373,3.53
7522,7623,373,10.21
7409,7508,373,8.35
5845,5844,373,12.08
7408,7508,373,5.26
2203,2102,374,26.84
7201,7301,374,12.59
6925,6826,374,10.45
5546,5445,374,10.76
6155,6255,374,6.05
326,225,374,8.71
6147,6146,374,14.64
6329,6429,374,2.14
1011,910,374,11.39
5573,5674,374,1.89
26,25,375,17.13
126,25,375,26.57
6465,6464,375,14.56
254,153,375,23.57
1909,1808,375,17.98
2008,1907,375,16
169,68,375,23.72
6148,6247,375,8.84
7617,7717,375,4.24
818,717,375,8.17
4675,4776,375,1.93
1579,1480,375,2.02
126,125,376,16.03
423,422,376,12.83
876,775,376,25.93
523,422,376,14.56
6149,6249,376,6.3
6149,6248,376,8.91
6148,6248,376,6.09
325,224,376,7.95
5973,5974,376,3.35
5845,5744,376,12.43
4476,4477,376,1.66
5945,5944,376,13.47
2104,2003,377,37.84
322,221,377,26.83
322,321,377,17.12
222,121,377,26.06
5746,5645,377,13.32
622,521,377,9.48
7710,7709,377,15.61
6467,6566,377,7.38
7423,7424,377,9.96
5839,5940,377,2.78
2102,2001,378,36.92
5445,5444,378,33.3
56,55,378,15.95
6251,6250,378,15.97
2007,2006,378,13.35
622,621,378,6.64
7203,7302,378,8.63
270,170,378,5.25
1711,1610,378,7.95
7423,7324,378,12.83
6466,6565,378,8.44
7506,7505,378,14.87
6046,6045,378,10.67
1810,1809,379,14.53
7609,7608,379,15.6
2007,1906,379,15.92
7523,7524,379,10.12
7714,7813,379,8.2
6925,7026,379,7.68
122,21,379,26.5
6368,6468,379,2.61
5973,5874,379,4.52
370,271,379,4.09
1908,1807,379,16.79
153,52,380,28.74
225,124,380,26.69
5545,5544,380,15.29
1810,1709,380,18.16
2103,2002,380,19.04
4541,4542,380,9.2
7404,7403,380,15.94
5745,5644,380,11.8
1310,1209,380,9.41
1310,1309,380,6.57
7715,7814,380,8.37
5141,5142,380,5.1
6428,6527,380,3.83
7712,7811,380,8.25
25,24,381,17.07
6464,6463,381,18.22
6146,6145,381,15.28
4541,4442,381,12.01
7623,7723,381,12.69
7623,7722,381,19.51
912,811,381,11.58
6364,6463,381,6.83
255,154,381,6.95
256,155,381,6.95
5141,5042,381,7.04
7711,7810,381,8.28
5041,5042,381,5.71
911,810,381,11.71
6826,6726,381,15.3
2179,2280,381,1.19
224,123,382,26.24
7301,7401,382,12.92
5844,5843,382,12.25
4641,4642,382,9.38
5444,5443,382,30.79
6156,6256,382,5.36
720,619,382,6.99
2206,2105,382,6.42
7712,7812,382,5.05
573,473,382,3.74
5641,5741,382,4.62
6247,6246,382,14.71
21,20,383,32.67
321,220,383,26.89
121,20,383,25.18
121,120,383,17.1
4441,4342,383,11.04
4341,4342,383,7.41
7623,7624,383,10.48
5241,5242,383,5.32
7715,7815,383,5.21
221,120,383,26.77
815,714,383,9.6
5744,5743,383,14.4
55,54,384,17.13
321,320,384,16.43
2003,1902,384,22.97
422,421,384,13.63
5944,5943,384,13.24
7709,7708,384,15.23
7405,7504,384,8.25
2679,2780,384,2.01
5957,6058,384,4.44
1808,1707,384,17.61
1907,1806,384,15.88
5541,5542,384,3.55
2006,2005,385,14.32
6565,6564,385,15.75
6045,6044,385,14.49
1010,1009,385,7.84
6465,6564,385,8.59
5444,5543,385,20.24
4941,4842,385,8.29
812,711,385,11.51
170,69,385,23.19
720,719,385,4.33
4741,4742,385,8.33
721,620,385,5.84
1611,1510,385,8.2
5441,5442,385,4.01
5443,5442,385,33.93
2479,2380,385,2
5945,6044,385,8.83
814,713,385,9.77
20,19,386,35.5
124,23,386,26.38
2006,1905,386,17.75
910,909,386,8.63
1010,909,386,10.49
716,615,386,9.93
7608,7607,386,14.87
6467,6567,386,3.64
813,712,386,10.43
7620,7719,386,4.99
5973,6074,386,3.28
819,718,386,5.04
5744,5643,386,15.22
7026,7125,387,17.82
910,809,387,11.04
1110,1109,387,7.6
1210,1109,387,10.08
7507,7606,387,8.56
7623,7724,387,10.3
6253,6352,387,7.74
7621,7720,387,4.98
6363,6462,387,6.88
1809,1708,387,18.54
7403,7402,387,15.15
1709,1708,387,14.85
1707,1606,388,45.2
1707,1706,388,32.94
120,119,388,20.61
123,22,388,27.04
7810,7809,388,15.96
6145,6144,388,14.99
1807,1706,388,17.25
7424,7425,388,9.84
1411,1410,388,6.97
7716,7816,388,5.09
7710,7809,388,8.29
472,372,388,4.03
6566,6665,388,13.35
715,614,388,9.65
1902,1801,388,35.58
1709,1608,388,18.83
7506,7605,388,8.51
1177,1078,388,1.7
5641,5642,388,3.7
3378,3379,388,1.15
7719,7718,389,37.82
6246,6245,389,15.46
154,53,389,19.33
7424,7325,389,12.71
7026,7126,389,10.73
717,616,389,10.58
6251,6350,389,8.17
220,219,389,16.72
4875,4876,389,1.49
1902,1901,389,22.12
6254,6353,390,7.83
7722,7721,390,11.62
6037,6138,390,1.59
3278,3279,390,1.08
421,420,391,14.81
5743,5742,391,13.23
5843,5842,391,11.5
7708,7707,391,14.83
7026,7027,391,8.65
6255,6354,391,8.74
7404,7503,391,8.17
6564,6563,391,17
320,319,391,16.1
6270,6370,391,1.88
6566,6666,391,7.17
7504,7503,391,16.01
3777,3678,391,1.69
1606,1505,392,44.14
1606,1605,392,31.19
4542,4443,392,11.86
4542,4543,392,9.07
7424,7525,392,9.66
7026,6927,392,11.4
5944,6043,392,8.87
6255,6355,392,5.84
2104,2004,392,5.28
6251,6351,392,4.95
6360,6460,392,4.22
5943,5942,392,13.09
6361,6460,392,4.77
6172,6272,392,1.8
6826,6827,392,5.61
6247,6346,392,8.55
7624,7625,393,10.64
4642,4643,393,9.6
621,520,393,9.77
6249,6349,393,6.08
6249,6348,393,8.84
6248,6347,393,8.73
6826,6727,393,7.7
1905,1904,393,14.94
5842,5841,394,37.68
19,18,394,12.51
5042,5043,394,8.01
7709,7808,394,8.4
811,710,394,11.78
810,709,394,11.59
1710,1609,394,6.52
4975,4976,394,1.33
4476,4577,394,1.62
1905,1804,394,19.03
3178,3179,394,0.99
219,118,395,26.7
219,218,395,17.17
1608,1607,395,14.89
7605,7604,395,15.87
119,118,395,15.68
1706,1705,395,15.02
1708,1607,395,18.74
5042,4943,395,10.66
4442,4343,395,10.54
1605,1504,396,44.48
1605,1604,396,31.7
6245,6244,396,15.51
6144,6143,396,13.33
1608,1507,396,18.93
6462,6461,396,12.36
4742,4743,396,9.75
6665,6664,396,12.92
6565,6664,396,8.24
6726,6626,396,6.87
7026,7127,396,8.49
7717,7817,396,4.86
977,877,396,4.21
876,776,396,3.99
6362,6461,396,4.68
6563,6562,397,17.75
7125,7225,397,10.22
7719,7818,397,13.14
7624,7725,397,10.46
619,518,397,9.62
619,618,397,6.79
714,613,397,10.36
1209,1108,397,8.47
7813,7912,397,8.28
7403,7502,397,8.43
5142,5143,397,6.09
1705,1704,398,34.19
7811,7910,398,8.29
7814,7913,398,8.26
1209,1208,398,5.62
5874,5774,398,5.46
711,610,398,11.19
319,318,398,16.4
7707,7706,398,15.32
1607,1506,399,43.34
6346,6345,399,15.59
7425,7426,399,9.86
7126,7226,399,10.14
713,612,399,10.84
6246,6345,399,8.33
7812,7911,399,8.41
7810,7909,399,8.17
1610,1509,399,6.8
809,808,399,8.71
5939,6040,399,2.47
5942,5941,399,14.94
6057,6158,399,5.01
1507,1406,400,41.62
7425,7326,400,12.73
718,617,400,10.82
712,611,400,10.42
4742,4843,400,9.57
1801,1701,400,8.38
620,519,400,9.72
7814,7914,400,5.06
1480,1380,400,4.04
809,708,400,11.09
5943,6042,400,8.89
4943,4843,400,20.77
615,514,400,10.55
1904,1803,400,20.43
1904,1903,400,15.55
1906,1805,400,6.83
218,117,401,25.88
218,217,401,17.2
1804,1703,401,21.43
7719,7819,401,7.03
1009,908,401,8.95
909,908,401,6.73
7708,7807,401,8.52
1309,1308,401,4.91
614,513,401,11.57
7808,7807,401,15.25
271,171,401,4.76
170,70,401,4.35
6428,6528,401,1.9
5242,5243,401,5.71
1378,1279,401,1.45
1704,1603,402,39.82
7604,7603,402,15.83
118,17,402,21.63
18,17,402,12.91
7525,7526,402,10.07
1009,1008,402,6.08
6330,6430,402,2.55
7504,7603,402,8.15
1506,1405,403,40.82
6244,6243,403,14.62
1604,1503,403,20.98
776,675,403,22.67
6664,6663,403,16.43
616,515,403,10.84
7815,7915,403,5.11
7401,7501,403,4.86
775,675,403,3.76
6566,6667,403,5.49
2879,2880,403,1.16
318,317,404,17.06
7912,8012,404,15.15
7912,8011,404,20.73
6256,6356,404,4.66
6255,6356,404,4.78
473,373,404,4.56
1603,1602,405,34.62
1703,1602,405,38.72
1803,1702,405,30.12
7910,8010,405,14.4
7910,8009,405,20.47
7809,7908,405,8.41
1510,1409,405,7.16
3978,3979,405,2.25
5474,5475,405,1.87
3878,3879,405,2.15
5043,5044,405,9.61
7606,7705,405,8.32
7706,7705,405,16.07
1503,1502,406,36.16
1603,1502,406,45.93
1803,1802,406,17.85
6345,6344,406,15.95
6562,6561,406,12.29
709,608,406,11.81
6350,6449,406,8.62
7605,7704,406,8.2
4943,4944,406,9.82
5043,4944,406,12.46
1902,1802,406,4.68
1903,1802,406,27.13
1503,1402,407,46.21
217,116,407,26.52
217,216,407,17.2
117,16,407,24.25
117,116,407,16.88
4643,4644,407,7.22
7525,7626,407,9.89
6350,6450,407,5.61
7126,7227,407,7.97
710,609,407,11.63
3878,3779,407,2.91
4943,4844,407,12.68
1406,1305,408,19.64
518,517,408,9.7
4643,4544,408,9.71
1602,1601,408,36.7
520,419,408,9.9
4543,4544,408,6.49
6043,6142,408,8.97
6042,6041,408,13.15
7707,7806,408,8.38
7807,7806,408,15.66
7603,7602,409,15.66
7912,8013,409,12.85
1602,1501,409,46.14
6355,6454,409,8.65
4443,4344,409,8.34
1502,1501,409,36.45
7503,7602,409,8.21
1608,1508,409,4.8
7816,7916,409,4.81
675,574,409,24.32
1405,1304,410,20.8
1405,1404,410,15.7
6663,6662,410,15.26
7426,7427,410,9.6
518,417,410,11.62
6347,6446,410,8.51
6355,6455,410,5.67
6346,6445,410,8.29
1502,1401,410,46.19
6354,6453,410,7.66
7723,7822,410,4.92
6349,6448,410,8.84
613,512,410,11.63
1402,1401,410,37.46
6348,6447,410,8.64
6666,6765,410,7.5
7722,7821,410,4.94
373,272,411,21.39
7819,7918,411,14.94
7426,7327,411,12.45
7326,7327,411,9.73
610,509,411,11.36
7808,7907,411,8.4
1402,1301,411,45.68
6467,6568,411,2.72
1503,1403,412,11.51
708,707,412,8.53
1507,1407,412,6.61
1078,978,412,4.29
8010,8109,412,20.33
5243,5244,412,9.13
6765,6764,413,34.98
7704,7703,413,15.6
7526,7527,413,9.6
708,607,413,10.98
617,516,413,10.91
6344,6343,413,15.67
6244,6343,413,8.58
7604,7703,413,8.21
612,511,413,10.65
7719,7820,413,5.37
216,115,413,26.38
216,215,413,17.21
116,15,413,26.5
116,115,413,17.2
8010,8110,413,14.07
514,413,413,11.64
6330,6331,413,2
513,412,414,11.77
7819,7919,414,8.29
519,418,414,10.83
611,510,414,10.48
7502,7601,414,8.54
4643,4744,414,7.07
6664,6763,414,8
1304,1203,414,44.33
1304,1303,414,31.48
5044,5045,415,10.32
7818,7917,415,8.17
1402,1302,415,13.52
1580,1581,415,1.76
5175,5176,415,1.19
8009,8008,415,10.46
7806,7805,415,16.19
6453,6452,416,17.47
5044,4945,416,13.21
515,414,416,11.45
6352,6451,416,4.91
4078,4178,416,2.2
6142,6141,416,14.19
6042,6141,416,8.88
5275,5276,416,1.25
5075,5076,416,1.25
3378,3479,416,1.12
1301,1201,417,16.7
6445,6444,417,16.23
6345,6444,417,8.17
808,807,417,5.77
6271,6371,417,1.79
1580,1481,417,2.44
1680,1681,417,1.48
1980,1981,417,1.36
7907,7906,418,16.23
608,507,418,11.81
7526,7627,418,9.42
171,71,418,5.89
1108,1007,418,6.94
877,777,418,4.56
7723,7823,418,2.78
8010,8111,418,11.69
6369,6469,418,1.7
6368,6469,418,1.94
1303,1202,418,46.03
115,14,419,26.35
115,114,419,17.21
7227,7228,419,8.85
1208,1107,419,6.93
6460,6560,419,3.8
776,676,419,4.41
6666,6766,419,3.7
7703,7702,420,15.29
1407,1306,420,19.14
609,508,420,11.13
7227,7128,420,11.62
6243,6242,420,6.1
7915,8014,420,8.48
7603,7702,420,8.27
6663,6762,420,8.4
5974,5975,420,2.3
1980,1881,420,1.92
6927,6928,420,3.71
5244,5245,421,10.12
6764,6863,421,23.11
7427,7428,421,9.18
1208,1207,421,12.32
5974,5875,421,3.1
2080,2081,421,1.33
6927,6828,421,4.43
1202,1101,422,32.51
8008,8007,422,16.59
7805,7804,422,16.21
6764,6864,422,14.35
7327,7328,422,9.44
7908,8007,422,10.19
7915,8015,422,7.1
908,907,422,12.36
7427,7328,422,11.05
8109,8108,422,12.33
6173,6273,422,2.46
6449,6548,422,10.07
4676,4677,422,1.14
4576,4677,422,1.36
14,13,423,28.54
7704,7803,423,10.19
7819,7920,423,6.74
1308,1307,423,11.77
6344,6443,423,10.08
6355,6456,423,4.93
4544,4545,423,6.36
6429,6529,423,2.29
6662,6661,423,13.67
6449,6549,423,7.05
6073,6174,423,2.36
6863,6862,424,33.36
412,411,424,13.66
607,606,424,13.51
1409,1408,424,11.9
8012,8112,424,6.25
509,408,424,9.56
517,416,424,9.59
1304,1204,424,5.98
6142,6241,424,10.07
1202,1102,425,14.5
5045,5046,425,9.47
707,706,425,12.99
7602,7701,425,10.19
6827,6728,425,3.74
3978,4079,425,2.01
5574,5575,425,1.36
7906,7905,425,15.58
7806,7905,425,10.16
507,506,426,13.52
6447,6546,426,10.16
6446,6545,426,10.08
6448,6547,426,10.19
6455,6554,426,10.19
7916,8016,426,7.09
6454,6553,426,10.01
7427,7528,426,9.71
6661,6660,427,26.28
5045,4946,427,11.36
413,312,427,8.77
6764,6865,427,10.88
7907,8006,427,10.17
7918,8017,427,10.19
6445,6544,427,10.04
6453,6552,427,9.93
6455,6555,427,6.3
6863,6963,428,15.28
6762,6761,428,14.04
807,806,428,11.54
6343,6342,428,7.84
8013,8113,428,6.19
373,273,428,3.49
1780,1781,428,1.07
8108,8107,429,16.5
1107,1106,429,11.62
1007,1006,429,11.39
6141,6140,429,8.99
7703,7802,429,10.18
215,214,429,9.94
7918,8018,429,6.41
4544,4645,429,6.78
516,415,429,7.32
6862,6861,430,18.5
7920,8019,430,20.46
1207,1206,430,11.54
7805,7904,430,10.18
3779,3679,430,3.92
675,575,430,3.12
6726,6627,430,2.4
6140,6139,431,62.59
8112,8212,431,16.23
8112,8211,431,23.23
114,113,431,9.76
6452,6551,431,10.13
412,311,431,7.23
317,316,431,7.04
5874,5775,431,2.33
2979,2980,431,0.96
6927,7028,431,3.86
6761,6760,432,25.9
411,410,432,13.68
408,407,432,13.44
13,12,432,11.42
907,906,432,11.07
414,313,432,8.9
6544,6543,432,20.05
606,605,432,12.66
6864,6964,432,10.46
7920,8020,433,10.5
5245,5246,433,8.75
1306,1205,433,11.72
1279,1179,433,2.63
510,409,433,6.33
509,409,433,4.62
8111,8210,433,10.19
7906,8005,433,10.19
706,705,434,11.97
1006,1005,434,20.85
7702,7801,434,10.18
1202,1103,434,8.73
4277,4278,434,1.46
4377,4378,434,1.45
506,505,434,13.47
6449,6550,434,5.64
6861,6860,435,22.13
6963,7062,435,21.27
8112,8213,435,12.96
6241,6240,435,9.48
507,406,435,7.93
4545,4546,435,8.56
1380,1280,435,2.45
2480,2481,435,1.52
6330,6431,435,1.91
7822,7921,435,6.49
6443,6442,436,8.1
7804,7903,436,10.18
8007,8106,436,10.17
6548,6647,436,10.17
8108,8207,436,10.18
8014,8114,436,6.59
8107,8106,436,15.9
6667,6767,436,3.48
6240,6239,437,59.93
12,11,437,23.92
6963,7063,437,11.32
806,805,437,11.15
7803,7902,437,10.18
8015,8115,437,7.1
6371,6470,437,7.86
5974,6075,437,2.65
2480,2381,437,1.92
574,474,437,3.14
6860,6859,438,47.55
214,213,438,11.23
5046,5047,438,8.16
1106,1105,438,11.35
8110,8209,438,6.76
7725,7824,438,4.76
8109,8208,438,6.66
6549,6649,438,7.05
6549,6648,438,10.07
6239,6238,439,62.79
311,310,439,13.73
7905,8004,439,10.19
6862,6961,439,10.03
414,314,439,3.63
4545,4646,439,9.07
6555,6655,440,7.96
5046,4947,440,9.93
6342,6341,440,8.97
273,172,440,12.1
6455,6556,440,4.78
978,878,440,3.37
6543,6542,440,13.58
2580,2581,440,1.23
7822,7922,440,3.63
11,10,441,31.55
605,604,441,12.24
113,112,441,10.74
8017,8116,441,10.19
6546,6645,441,10.05
6547,6646,441,10.09
8016,8116,441,7.09
6554,6653,441,9.69
6553,6652,441,9.81
6545,6644,441,9.94
1481,1381,441,4.06
8006,8105,441,10.19
216,315,441,4.79
316,315,441,10.24
3578,3579,441,1.1
906,905,442,10.91
6555,6654,442,9.44
408,307,442,8.18
505,504,442,12.8
1006,905,442,11.42
6544,6643,442,9.84
6864,6965,442,7.42
2380,2281,442,2.27
6860,6959,443,19.37
1005,1004,443,11.98
6964,7064,443,9.4
7802,7901,443,10.19
8018,8117,443,10.19
8017,8117,443,6.42
312,211,443,9.18
6273,6372,443,6.78
8107,8206,443,10.19
6272,6372,443,2.24
8207,8206,443,15.31
705,704,443,11.56
10,9,444,35.14
1105,1104,444,19.73
8019,8118,444,10.19
7904,8003,444,10.18
1101,1001,444,4.6
406,405,444,12.35
7063,7162,445,19.15
8212,8311,445,10.19
777,677,445,3.65
6430,6530,445,2.44
6643,6642,445,44.44
8211,8310,445,10.19
6859,6858,446,13.17
213,212,446,13.54
5246,5247,446,8.12
6767,6866,446,15.24
8019,8119,446,6.37
6568,6668,446,3.09
4477,4478,446,1.35
805,804,446,11.3
5275,5376,446,1.25
9,8,447,39.09
310,309,447,13.49
8005,8104,447,10.19
8212,8312,447,6.31
676,576,447,3.59
171,72,447,2.81
7823,7923,447,3.57
6928,6929,447,3.73
2180,2181,447,1.13
6238,6237,448,11.99
7063,7163,448,9.38
6240,6339,448,11.75
6442,6441,448,8.66
6555,6656,448,7.05
8310,8309,448,35.03
6469,6569,448,3.42
1178,1079,448,1.64
6552,6651,449,6.49
5875,5876,449,3.65
6550,6650,449,6.94
6643,6742,449,20.75
6549,6650,449,5.64
8,7,450,34.63
8003,8002,450,16.72
8206,8205,450,15.89
7903,8002,450,10.19
8106,8205,450,10.19
8020,8120,450,6
604,603,450,11.75
6371,6471,450,3.12
6174,6274,450,3.79
8207,8306,450,10.19
406,305,450,9.67
6959,6958,451,13.28
211,210,451,12.97
504,503,451,12.27
112,111,451,10.61
6341,6340,451,9.64
7902,8001,451,10.19
6647,6746,451,9.97
8114,8214,451,6.76
8213,8313,451,6.26
6767,6867,451,6.76
407,306,451,7.69
307,306,451,11.16
905,904,451,11.34
405,404,452,13.72
7064,7164,452,11.78
1004,1003,452,11.89
704,703,452,11.3
8208,8307,452,10.19
8209,8308,452,10.14
6649,6748,452,10.19
8115,8215,452,7.13
409,308,452,7.49
8310,8410,452,14.61
8310,8409,452,23.18
6643,6743,452,10.78
7725,7825,452,2.25
8207,8307,452,6.45
6928,6829,452,4.54
8104,8103,453,17.18
6858,6857,453,14.36
7162,7161,453,13.38
8004,8103,453,10.18
6648,6747,453,10.07
6542,6541,453,8
4946,4845,453,5.56
5875,5776,453,4.45
6655,6754,454,10.13
6649,6749,454,6.54
6239,6338,454,8.83
5574,5675,454,1.46
4676,4777,454,1.23
473,374,454,1.85
6958,6957,455,28.42
804,803,455,11.27
8105,8204,455,10.19
7,6,455,24.57
7161,7160,456,41.19
6541,6540,456,48.53
8409,8408,456,30.35
8306,8305,456,17.17
6653,6752,456,9.9
8116,8216,456,6.97
6928,7029,456,3.96
6654,6753,457,9.53
6655,6755,457,5.89
6742,6741,457,13.73
6828,6729,457,3.94
4078,4179,457,1.63
6541,6440,458,32.24
1003,1002,458,17.05
305,304,458,12.62
6958,7057,458,22.93
6858,6757,458,12.67
8003,8102,458,10.17
8118,8217,458,10.17
6273,6373,458,2.79
5875,5976,458,3.87
8310,8411,458,11.15
6642,6641,458,7.82
6074,6175,458,2.11
6,5,459,25.21
8409,8509,459,16.45
8409,8508,459,23.19
6746,6745,459,13.71
603,602,459,11.31
8410,8510,459,14.81
8410,8509,459,23.23
3879,3880,459,1.83
575,475,459,3.56
7161,7260,460,21.92
404,403,460,13.02
6743,6843,460,13.06
210,209,460,11.3
503,502,460,11.63
904,903,460,11.57
8119,8218,460,10.18
7064,7165,460,8.52
6857,6856,460,14.98
6767,6768,460,4.31
273,173,460,3.23
1581,1582,460,2.25
2680,2681,460,1.1
7160,7059,461,32.23
8204,8203,461,17.39
6541,6640,461,18.88
6958,7059,461,14.18
8104,8203,461,10.14
703,702,461,11.16
7627,7726,461,3.4
6643,6744,461,7.68
8305,8304,462,17.67
7161,7261,462,12.1
6340,6439,462,13.69
111,110,462,9.94
7160,7259,463,21.7
8408,8407,463,15.89
6752,6751,463,15.25
6338,6337,463,11.24
5,4,463,28.53
8119,8219,463,6.11
6652,6751,463,6.51
6957,6956,463,12.52
8312,8412,463,6.54
803,802,464,11.41
6757,6756,464,17.69
8002,8101,464,10.19
8306,8405,464,10.14
6857,6756,464,13.01
6650,6750,464,6.97
3779,3780,464,1.77
3979,3980,464,1.66
110,109,465,43.49
8508,8507,465,16.92
8213,8314,465,4.73
8020,8121,465,4.47
8410,8511,465,11.36
7328,7329,465,2.34
7428,7429,465,2.32
6741,6740,465,13.73
702,701,466,20.39
903,902,466,19.48
6856,6855,466,19.01
6745,6844,466,22.24
304,303,466,12.67
1003,902,466,10.82
8120,8220,466,6.41
1001,901,466,4.56
6470,6570,466,3.56
8510,8610,466,16.19
8510,8609,466,23.24
8307,8406,466,10.19
2979,3080,466,1.03
8203,8202,467,17.63
6843,6943,467,14.4
6843,6942,467,23.13
6745,6845,467,12.55
8103,8202,467,10.12
8215,8315,467,6.83
6748,6847,467,10.03
5776,5676,467,7.4
4,3,467,27.48
1381,1281,467,3.91
7824,7924,467,3.48
8313,8413,467,6.45
6767,6868,467,4.61
7057,7056,467,12.47
1581,1482,467,2.76
109,108,468,49.02
6740,6739,468,40.23
8304,8303,468,17.4
6540,6539,468,8.87
6749,6848,468,10.17
6747,6846,468,9.99
1078,979,468,1.71
403,402,469,12.32
502,501,469,11.4
602,601,469,11.11
6754,6853,469,9.73
878,778,469,3.54
7923,8022,469,6.49
877,778,469,1.88
4876,4877,469,1.23
6740,6639,470,31.9
8405,8404,470,18.12
209,208,470,10.21
802,801,470,19.48
6752,6851,470,10.19
7161,7262,470,8.79
4947,4846,470,4.74
8510,8611,470,12.91
3779,3680,470,2.22
6739,6738,471,43.97
108,107,471,49.33
3,2,471,27.15
6956,6955,471,13.68
8507,8506,471,18.07
8216,8316,471,6.71
6749,6849,471,6.11
6855,6854,472,19.72
6740,6839,472,22.2
6337,6336,472,12.15
6439,6438,472,10.45
8102,8201,472,10.19
6752,6852,472,6.47
6757,6657,472,7.58
6755,6854,472,9.73
7328,7229,472,2.85
7057,7157,472,7.34
8609,8608,472,16.69
6739,6638,473,32.48
6844,6944,473,14.84
6843,6944,473,10.94
8508,8607,473,10.16
304,203,473,9.45
677,577,473,3.62
7057,7156,473,9.93
6738,6737,474,45.91
8303,8302,474,16.97
6847,6946,474,23.09
6845,6945,474,14.77
6943,7042,474,22.7
303,302,474,13.73
6740,6840,474,12.49
8218,8317,474,10.19
8217,8317,474,6.66
6456,6557,474,2.79
107,106,474,48.44
4477,4578,474,1.45
6233,6332,474,0.79
6839,6838,475,39.49
2,1,475,29.48
6739,6838,475,20.94
6847,6947,475,14.25
6943,7043,475,13.32
7056,7055,475,13.59
8511,8512,475,10.94
6373,6472,475,8.49
7923,8023,475,3.64
1681,1682,475,1.73
1581,1682,475,2.39
576,476,475,3.69
6438,6437,476,29.28
6738,6637,476,32.51
8404,8403,476,16.73
8304,8403,476,10.13
8218,8318,476,6.28
6569,6669,476,3.67
8611,8711,477,15.93
8611,8710,477,23.28
8506,8505,477,18.56
402,401,478,12.02
8511,8612,478,11.5
6751,6850,478,10.08
1481,1382,478,2.32
6174,6275,478,2.6
373,274,478,1.9
4976,4977,478,1.18
6737,6736,479,20.26
8607,8606,479,18.64
6839,6938,479,22.4
6738,6837,479,20.12
6539,6538,479,9.68
1281,1180,479,12.13
8405,8504,479,10.07
8120,8221,479,4.89
6471,6571,479,3.57
7428,7529,479,2.46
