1683,1682,5,18.95
1682,1681,11,18.11
1683,1782,12,11.53
1681,1680,14,34.65
1782,1781,15,42.06
1680,1679,17,41.19
1781,1780,18,44.58
1679,1678,20,36.95
1780,1779,21,44.72
1678,1677,23,33.46
1779,1778,24,42.52
1782,1881,24,12.18
1683,1582,24,5.81
1683,1783,25,3.94
1677,1676,26,40.32
1778,1777,27,33.58
1676,1675,29,44.59
1582,1581,29,23.19
1777,1776,31,29.07
1675,1674,32,43.77
1780,1879,32,10.68
1779,1878,33,12.1
1581,1580,34,20.06
1674,1673,35,39.81
1776,1775,35,32.14
1878,1877,36,35.73
1778,1877,36,12.7
1580,1579,37,34.17
1783,1882,37,12.47
1683,1583,37,2.67
1673,1672,38,34.01
1775,1774,38,34.24
1877,1876,39,35.5
1777,1876,39,12.59
1881,1980,39,9.67
1579,1578,40,39.44
1980,1979,42,41.68
1672,1671,42,28.58
1774,1773,42,29.43
1578,1577,43,44.1
1876,1875,43,29.14
1776,1875,43,12.69
1879,1978,44,12.38
1878,1977,45,12.67
1577,1576,46,43.88
1671,1670,46,29.57
1875,1874,47,29.78
1773,1772,47,22.86
1673,1772,47,12.7
1775,1874,47,12.69
1977,1976,48,38.32
1877,1976,48,12.68
1576,1575,49,43.77
1670,1669,49,36.87
1672,1771,50,12.57
1774,1873,50,12.61
1582,1481,50,5.52
1876,1975,51,12.6
1980,2079,51,12.24
1575,1574,52,44.76
1669,1668,52,39.72
1882,1981,52,9.91
2079,2078,54,37.9
1771,1770,54,31.21
1873,1872,54,29.97
1979,2078,54,12.66
1671,1770,54,12.61
1773,1872,54,12.1
1581,1480,54,5.73
1574,1573,55,42.7
1668,1667,55,40
1975,1974,55,29.79
1875,1974,55,12.62
1783,1883,55,3.42
1978,2077,56,12.66
1770,1769,57,37.07
1480,1479,57,41.93
1977,2076,57,12.57
1683,1684,57,1.74
1573,1572,58,40.6
1667,1666,58,40.95
1974,1973,58,38.24
1872,1871,58,30.42
1769,1768,60,38.96
1479,1478,60,44.8
2076,2075,60,33.48
1976,2075,60,12.7
1770,1869,61,70.06
1872,1971,61,67.14
2078,2177,61,76.48
1668,1767,61,70.08
1981,2080,61,73.6
1975,2074,61,66.57
2079,2178,61,74.33
1771,1870,61,62.72
1873,1972,61,65.65
1768,1867,62,73.17
1871,1970,62,70.52
1666,1765,62,74.95
1666,1665,62,8.18
1973,2072,62,72.96
1769,1868,62,72.11
2076,2175,62,66.58
2077,2176,62,71.72
1667,1766,62,71.98
1974,2073,62,73.83
1883,1982,62,75.45
1869,1968,63,74.12
1971,2070,63,72.16
1767,1866,63,74.15
2080,2179,63,74.56
2074,2173,63,76.74
1870,1969,63,73.14
1972,2071,63,73.11
2075,2174,63,70.49
1683,1784,63,3.11
1867,1966,64,75.44
1970,2069,64,72.25
1665,1764,64,76.53
1765,1864,64,76.58
2072,2171,64,74.31
1868,1967,64,74.99
2175,2274,64,75.24
1766,1865,64,75.59
2073,2172,64,75.66
1982,2081,64,72.49
2177,2276,64,57.11
2178,2277,64,67.85
1572,1571,64,10.19
1968,2067,65,75.04
1866,1965,65,75.79
2179,2278,65,76.33
2173,2272,65,77.02
1969,2068,65,74.17
2071,2170,65,71.99
2174,2273,65,76.29
2176,2275,65,61.74
1966,2065,66,75.96
2069,2168,66,74.2
1764,1863,66,76.93
1864,1963,66,76.47
2171,2270,66,72.03
1967,2066,66,75.29
2274,2373,66,74.72
1865,1964,66,76.11
2172,2271,66,75.13
2081,2180,66,76.42
2070,2169,66,70.66
1582,1482,66,2.56
2067,2166,67,75.32
2275,2374,67,76.97
1965,2064,67,76.11
2272,2371,67,75.41
2068,2167,67,75.09
2170,2269,67,70.93
2273,2372,67,76.97
2277,2376,67,58.59
2276,2375,67,67.92
2065,2164,68,76.17
2169,2268,68,72.91
2168,2267,68,75.12
1863,1962,68,76.61
1963,2062,68,75.93
2270,2369,68,71.85
2066,2165,68,75.78
2373,2472,68,77.02
1964,2063,68,75.98
2271,2370,68,73.24
2180,2279,68,77.01
2278,2377,68,62.84
2166,2265,69,75.81
2374,2473,69,74.75
2064,2163,69,75.96
2376,2475,69,72.51
2371,2470,69,74.08
2167,2266,69,75.09
2375,2474,69,76.98
2269,2368,69,71.48
2372,2471,69,75.13
2164,2263,70,76.58
2268,2367,70,74.53
2267,2366,70,75.1
1962,2061,70,75.71
2062,2161,70,76.34
2165,2264,70,76.21
2063,2162,70,76.17
2370,2469,70,72.44
2279,2378,70,74.57
2377,2476,70,72.16
2265,2364,71,76.39
2473,2572,71,76.71
2163,2262,71,76.99
2475,2574,71,77
2470,2569,71,71.27
2266,2365,71,75.57
2474,2573,71,75.11
2368,2467,71,73.23
2471,2570,71,75.04
2369,2468,71,69.71
2263,2362,72,76.88
2367,2466,72,74.83
2366,2465,72,75.32
2061,2160,72,75.87
2161,2260,72,74.47
2264,2363,72,76.9
2162,2261,72,76.93
2378,2477,72,74.57
2476,2575,72,72.35
2364,2463,73,76.83
2572,2671,73,73.87
2468,2567,73,71.36
2262,2361,73,75.97
2574,2673,73,75.53
2365,2464,73,76.17
2573,2672,73,76.46
2467,2566,73,74.53
2469,2568,73,67.1
2362,2461,74,76.52
2466,2565,74,75.09
2465,2564,74,75.49
2160,2259,74,74.89
2363,2462,74,75.62
2261,2360,74,75.04
2477,2576,74,71.79
2575,2674,74,77.02
2569,2668,74,63.75
2570,2669,74,63.98
1571,1570,74,10.28
1478,1477,74,7.39
2463,2562,75,78.94
2567,2666,75,73.84
2673,2772,75,74.79
2464,2563,75,83.33
2566,2665,75,74.52
2260,2359,75,62.01
1665,1664,75,7.74
2461,2560,76,72.11
2565,2664,76,75.03
2462,2561,76,89.72
2360,2459,76,74.43
2576,2675,76,72.68
2674,2773,76,76.01
2671,2770,76,59.62
2361,2460,76,65.83
2568,2667,76,69.51
2564,2663,76,84.34
1683,1584,76,1.93
2666,2765,77,74.53
2772,2871,77,87.81
2359,2458,77,81.89
1664,1763,77,76.7
2669,2768,77,62.85
2668,2767,77,68.78
2259,2358,77,60.25
2562,2661,77,87.64
2563,2662,77,82.15
2665,2764,77,75.12
2459,2558,78,88.06
2667,2766,78,73.62
2675,2774,78,76.92
2773,2872,78,88.16
2460,2559,78,80.98
2663,2762,78,84.34
2560,2659,78,87.71
2561,2660,78,88.32
2664,2763,78,85.18
2765,2864,79,86.75
2661,2760,79,86.98
2767,2866,79,73.32
2458,2557,79,88.32
1763,1862,79,76.71
2764,2863,79,88.14
2358,2457,79,85.18
2662,2761,79,86.5
1863,1862,79,7.7
2558,2657,80,79.95
2774,2873,80,76.41
2872,2971,80,85.19
2762,2861,80,86.48
2763,2862,80,84.62
2660,2759,80,87.42
2768,2867,80,68.37
2559,2658,80,83.32
1784,1884,80,6
2766,2865,80,74.43
2659,2758,80,87.11
1583,1483,80,2.67
2864,2963,81,88.17
2760,2859,81,89.2
2557,2656,81,77.67
2457,2556,81,87.72
2761,2860,81,88.35
2863,2962,81,84.49
1862,1961,81,75.99
2672,2771,81,18.48
1962,1961,81,8.01
2866,2965,81,87.47
2873,2972,82,88.24
2971,3070,82,83.51
2867,2966,82,72.76
2861,2960,82,83.38
2862,2961,82,85.52
2758,2857,82,88.12
2759,2858,82,89.41
1884,1983,82,72.14
2657,2756,82,81.9
2658,2757,82,85.36
2865,2964,82,86.78
2963,3062,83,85.01
2859,2958,83,88.61
2556,2655,83,79.74
2860,2959,83,82.8
2962,3061,83,87.82
1961,2060,83,74.8
2572,2571,83,8.38
2061,2060,83,7.97
2965,3064,83,86.46
2972,3071,84,84.72
2960,3059,84,89.22
2961,3060,84,83.96
2857,2956,84,82.53
2858,2957,84,86.4
1983,2082,84,74
2756,2855,84,88.27
2757,2856,84,83.7
2966,3065,84,74.64
2770,2869,84,18.31
2671,2670,84,9.6
2964,3063,84,88.16
3062,3161,85,88.49
2958,3057,85,87.04
2959,3058,85,88.72
3061,3160,85,89.64
2060,2159,85,87.42
2871,2970,85,17.85
1570,1569,85,9.38
3064,3163,85,88.1
2655,2754,85,82.53
3059,3158,86,89.64
2957,3056,86,83.7
2082,2181,86,74.76
2856,2955,86,82.56
3060,3159,86,80.25
2956,3055,86,88.37
3065,3164,86,87.64
3063,3162,86,88.48
3161,3260,87,89.93
3057,3156,87,83.93
3058,3157,87,88.47
3160,3259,87,89.77
2754,2853,87,88.16
3071,3170,87,53.41
2869,2968,87,64
2670,2769,87,59.62
3163,3262,87,89.58
3158,3257,88,87.45
2181,2280,88,77.01
3159,3258,88,89.27
2159,2258,88,67.2
3162,3261,88,89.39
3260,3359,89,88.17
3156,3255,89,87.77
3157,3256,89,79.57
3259,3358,89,87.4
2771,2870,89,18.48
2457,2456,89,10.2
1664,1663,89,7.66
3262,3361,89,88.82
3257,3356,90,76.03
2280,2379,90,75.97
3258,3357,90,88.04
2258,2357,90,74.45
2968,3067,90,67.55
2769,2868,90,63.3
1477,1476,90,6.64
3261,3360,90,89.26
3359,3458,91,85.63
3255,3354,91,88
3256,3355,91,87.32
3358,3457,91,88.28
2456,2555,91,87.82
1663,1762,91,76.51
1763,1762,91,7.65
3361,3460,91,86.62
1481,1380,91,2.8
3356,3455,92,76.27
2379,2478,92,73.42
3357,3456,92,75.49
3067,3166,92,88.2
2855,2954,92,18.23
3070,3169,92,14.45
1862,1861,92,7.93
3360,3459,92,86.2
3458,3557,93,88.36
3355,3454,93,88.15
3457,3556,93,74.98
2555,2654,93,79.45
2868,2967,93,67.94
2970,3069,93,18.48
3460,3559,93,84.76
3455,3554,94,79.6
2478,2577,94,72.51
3456,3555,94,77
1861,1960,94,84.61
3166,3265,94,86.81
3056,3155,94,18.19
2955,3054,94,18.19
3055,3154,94,18.11
3164,3263,94,18.32
1961,1960,94,8.21
2477,2577,94,4.55
3459,3558,94,88.03
3557,3656,95,75.7
3556,3655,95,87.62
2967,3066,95,72.33
3169,3268,95,68.52
2853,2952,95,18
2654,2753,95,88.21
1960,2059,96,86.03
2577,2676,96,74.73
3069,3168,96,64.08
3263,3362,96,89.92
3656,3755,97,88
3655,3754,97,88.15
3066,3165,97,86.64
3268,3367,97,81.36
2753,2852,97,87.51
2870,2969,97,18.43
1569,1568,97,8.56
2059,2158,98,87.48
2676,2775,98,73.97
3168,3267,98,87.88
3362,3461,98,86.04
3755,3854,99,87.83
3754,3853,99,87.12
3165,3264,99,87.2
3367,3466,99,88.4
2852,2951,99,87.67
3354,3453,99,18.11
2456,2455,99,10.08
1572,1471,99,3.38
1573,1472,99,3.09
1574,1473,99,2.76
2158,2257,100,72.62
2775,2874,100,76.3
3267,3366,100,87.14
2969,3068,100,63.8
2954,3053,100,18.11
3461,3560,100,85.23
3255,3254,100,9.84
3853,3952,101,86.14
3264,3363,101,89.61
3466,3565,101,87.79
2455,2554,101,88.13
2257,2356,102,82.65
2874,2973,102,76.58
3366,3465,102,87.3
3854,3953,102,67.5
3265,3364,102,18.46
3054,3153,102,18.11
3154,3253,102,18.11
1663,1662,102,7.75
3952,4051,103,87.6
3363,3462,103,89.27
3565,3664,103,88.32
3068,3167,103,67.59
2554,2653,103,87.94
3170,3269,103,8.99
1884,1984,103,4.53
1684,1785,103,3.2
2973,3072,104,88.23
3465,3564,104,87.59
1662,1761,104,76.38
3364,3463,104,89.43
1762,1761,104,7.96
1575,1474,104,2.27
3664,3763,105,86.12
3269,3368,105,75.29
3167,3266,105,85.07
3462,3561,105,84.64
3953,4052,105,66.58
1984,2083,105,75
2753,2752,105,10.42
1380,1379,105,7.39
1476,1475,105,7.15
2754,2854,105,5.01
2653,2752,105,87.48
1684,1685,105,2.18
3072,3171,106,77.96
1761,1860,106,85.09
3463,3562,106,87.8
3266,3365,107,87.19
4052,4151,107,88.14
2752,2851,107,87.98
3368,3467,107,89.3
3763,3862,107,79.21
3453,3552,107,18.06
3754,3753,107,10.79
2083,2182,107,75.96
2852,2851,107,10.25
3171,3270,108,79.88
1860,1959,108,82.61
3254,3353,108,18.11
3053,3152,108,18.11
3853,3852,108,11.58
1668,1567,108,2.21
3365,3464,109,87.68
3862,3961,109,87.1
3467,3566,109,89.28
2851,2950,109,87.74
2182,2281,109,76.09
1471,1470,109,10.28
1481,1381,109,1.54
1959,2058,110,85.93
3270,3369,110,84.22
3852,3951,110,87.05
3253,3352,110,18.06
3153,3252,110,18.11
2455,2454,110,9.65
2059,2058,110,7.65
1583,1484,110,2.23
3464,3563,111,88.56
3961,4060,111,87.62
3566,3665,111,88.6
2950,3049,111,86.72
2281,2380,111,77.02
2058,2157,112,88.11
2554,2553,112,9.93
3563,3662,113,87.05
4060,4159,113,87.83
3665,3764,113,87.85
2854,2953,113,18.06
2380,2479,113,70.96
2379,2479,113,4.43
2653,2652,113,10.45
2157,2256,114,83.17
2952,3052,114,5.28
3662,3761,115,88.25
3369,3468,115,34.61
1662,1661,115,7.8
3656,3756,115,5.15
2478,2578,115,4.5
2256,2355,116,83.09
3763,3762,116,9.65
1667,1566,116,2.15
1661,1760,117,76.45
3761,3860,117,88.25
2578,2677,117,71.49
3862,3861,117,10.8
2851,2850,117,10.18
1584,1585,117,2.46
3951,4050,118,18.14
3352,3451,118,17.93
3852,3851,118,10.86
1379,1378,118,8.04
1785,1885,118,6.89
1760,1859,119,81.39
2850,2949,119,88.35
3861,3960,119,87.83
2677,2776,119,75.96
3049,3148,119,18.22
3961,3960,119,10.31
3552,3551,119,9.01
2676,2776,119,4.38
3468,3567,120,34.45
1470,1469,120,9.21
4060,4059,121,17.97
2949,3048,122,33.75
4159,4158,122,18.02
2058,2057,122,14.45
1959,1958,122,11.48
2553,2552,122,17.5
2652,2651,122,17.17
3148,3247,123,29.46
2776,2875,123,31.54
3761,3760,124,16.9
3048,3147,125,48.76
3567,3666,125,33.32
2850,2849,125,15.16
1566,1565,125,14.6
1661,1660,125,13.5
2157,2156,125,11.43
3072,3172,125,4.33
1482,1382,125,2.11
1666,1565,125,2.53
3048,3047,126,28.23
3451,3450,126,15.37
2256,2255,126,11.39
3862,3962,126,4.93
2973,3073,126,3.7
2949,2948,127,14.46
1378,1377,127,12.59
3247,3346,128,29.46
2875,2974,128,31.46
1760,1759,128,10.4
3171,3271,128,4.21
2057,2056,129,15.71
1469,1468,129,11.98
3961,4061,129,4.6
2651,2650,129,16.53
3147,3246,130,29.48
3666,3765,130,33.24
3247,3246,130,15.44
1958,1957,130,12.69
3552,3652,130,3.82
3346,3445,131,48.7
2948,2947,131,25.1
2255,2354,131,29.7
3047,3146,131,29.52
1859,1858,131,9.44
3270,3370,131,3.94
3346,3345,132,28.1
4060,4160,132,4.44
3047,3046,133,15.43
1660,1659,133,13
1565,1564,133,14.12
2650,2749,133,36.51
2056,2155,134,33.66
2156,2155,134,11.74
2182,2282,134,3.35
3445,3444,135,26.78
3765,3864,135,34.69
2255,2254,135,12.27
3860,3959,135,5.83
4159,4259,135,4.45
3146,3245,136,29.82
3370,3469,136,34.09
2056,2055,136,14.41
2380,2480,136,3.74
2650,2649,136,16.13
1957,1956,137,16.57
1468,1467,137,13.88
1377,1376,137,10.75
3756,3856,137,4.46
2479,2579,137,3.95
1984,2084,137,2.7
3046,3145,138,29.74
3146,3145,138,15.42
2947,2946,138,15.43
2083,2183,138,2.83
3444,3443,139,27.68
3864,3963,139,35.4
4259,4358,139,39.56
2282,2381,139,31.21
1659,1758,139,27.68
3345,3344,139,15.39
3851,3950,139,5.74
2281,2381,139,3.07
3046,3045,140,15.42
2749,2748,140,15.2
1885,1985,140,4.55
1472,1371,140,3.6
1483,1383,140,1.91
3145,3244,141,49.38
3469,3568,141,32.52
2055,2154,141,31.04
1564,1563,141,13.82
1858,1857,141,10.84
3346,3446,141,8.31
2578,2678,141,3.8
1471,1370,141,3.67
3145,3144,142,29.9
1659,1658,142,11.63
3551,3650,142,5.63
4358,4457,143,41.52
1956,1955,143,18.64
3148,3248,143,4.19
1473,1372,143,3.44
3045,3044,144,30.23
3963,4062,144,34.86
1467,1466,144,15.22
2055,2054,144,12.96
2649,2648,144,14.12
1584,1485,144,1.8
2946,2945,145,15.43
1785,1786,145,2.04
3244,3343,146,29.66
3568,3667,146,33.01
2154,2253,146,29.11
3443,3442,146,15.42
3344,3343,146,15.38
1376,1375,146,11.54
2678,2777,146,31.43
4158,4257,146,5.9
2677,2777,146,3.47
1785,1886,146,2.83
4457,4556,147,43.88
3650,3649,147,20.1
3247,3347,147,4.19
2776,2876,147,3.65
4062,4161,148,40.78
3244,3243,148,15.43
1370,1369,148,15.14
3172,3272,148,4.55
2945,2944,149,32.08
2054,2153,149,29.02
1563,1562,149,13.6
3760,3859,149,5.8
2648,2647,149,20.48
4257,4356,150,41.62
1955,1954,150,16.43
1758,1757,150,9.22
2554,2453,150,3.27
4556,4655,151,44.79
3667,3766,151,33.42
1466,1465,151,15.31
4161,4260,152,39.86
2876,2975,152,31.31
4257,4256,152,19.79
3271,3371,152,4.28
2647,2746,152,49.48
2875,2975,152,3.53
1474,1373,152,3.11
1375,1374,153,14.39
3343,3342,153,15.4
2054,2053,153,11.92
2647,2646,153,30.3
4356,4455,154,42.06
2153,2252,154,32.08
4655,4754,155,43.84
4356,4355,155,20.16
1757,1856,155,33.54
3073,3173,155,3.55
1685,1686,155,1.94
4655,4654,156,21.75
3766,3865,156,34.77
3371,3470,157,34.86
2746,2845,157,30.52
2975,3074,157,31.53
1954,1953,157,14.53
1757,1756,157,14.34
1562,1561,157,13.61
1369,1368,157,11.71
3347,3447,157,10.24
4159,4058,157,3.37
4256,4255,158,19.76
1465,1464,158,15.12
1381,1280,158,3.05
2553,2452,158,3.25
4355,4454,159,43.15
4455,4554,159,31.05
3856,3956,159,4.7
4654,4753,160,41.47
4355,4354,160,21.11
4754,4753,160,20.1
4358,4458,160,4.98
2845,2844,161,29.22
1756,1855,161,39.87
3865,3964,161,34.99
1658,1657,161,5.46
2254,2353,161,5.47
3048,3149,161,3.65
1484,1384,161,2.06
3470,3569,162,33.75
1953,2052,162,30.61
4654,4653,162,19.68
2053,2052,162,12.18
3650,3750,162,5.11
3963,4063,162,4.4
3851,3850,162,2.33
1380,1279,162,2.16
1756,1755,163,18.43
1886,1986,163,6.12
3044,3143,163,7.56
2579,2679,163,3.95
4753,4852,164,37.16
4556,4656,164,6.01
2282,2382,164,3.41
1464,1463,165,14.85
1953,1952,165,12.74
1368,1367,165,13.76
1561,1560,165,13.42
4255,4254,165,15.11
4062,4162,165,4.79
2480,2580,165,3.47
1382,1281,165,3.58
4653,4752,166,37.63
3750,3849,166,43.52
1755,1854,167,37.05
3569,3668,167,34.48
2944,3043,167,7.98
3248,3348,167,4.22
3760,3759,167,2.36
1585,1586,167,2.02
4656,4755,168,44.66
2679,2778,168,31.25
4653,4652,168,16.86
1985,2085,168,3.66
2678,2778,168,3.78
2552,2451,168,3.1
1379,1278,168,2.34
4162,4261,169,43.23
2382,2481,169,29.29
2647,2546,169,7.36
3849,3948,169,48.98
2651,2550,169,3.03
1952,2051,170,28.29
1755,1754,170,16.48
2052,2051,170,12.82
2183,2283,170,3.22
3451,3350,170,2.78
3272,3372,171,4.38
3450,3449,171,2.26
3948,4047,172,48.12
3948,3947,172,35.3
4755,4854,172,44.97
4652,4751,172,41.98
3668,3767,172,34.96
1463,1462,172,14.47
1367,1366,172,15.26
2253,2352,172,5.61
4254,4253,172,15.2
4652,4651,173,20.1
2085,2184,173,29.29
2778,2877,173,30.64
3342,3441,173,7.14
3656,3757,173,1.82
4261,4360,174,34.99
1952,1951,174,11.57
2451,2450,174,16.79
3859,3958,174,5.87
3947,4046,175,49.66
4047,4146,175,49.65
3449,3448,175,26.2
1754,1853,175,34.42
1854,1853,175,12.62
1560,1559,175,10.75
4151,4252,175,2.1
3947,3946,176,31.5
4854,4953,176,42.65
3372,3471,176,34.99
2051,2150,176,25.9
2550,2549,176,15.07
1657,1656,176,7.01
2944,2943,176,3.72
1278,1277,176,13.25
3441,3440,177,27.57
3767,3866,177,34.98
1754,1753,177,14.85
3948,4048,177,14.11
2876,2976,177,3.45
4046,4145,178,49.51
4458,4558,178,5.78
1485,1385,178,2.98
1371,1270,178,3.78
4046,4045,179,30.45
4360,4459,179,34.94
1366,1365,179,15.42
2252,2351,179,5.71
4048,4147,180,48.98
4953,5052,180,38.66
1462,1461,180,14.21
2051,2050,180,10.43
1951,2050,180,23.64
3865,3965,180,4.2
2975,3075,180,3.68
3243,3242,180,3.16
4045,4044,181,71.16
4145,4144,181,70.88
3440,3439,181,70.46
3471,3570,181,11.08
2549,2548,181,64.61
1853,1852,181,56.91
1277,1276,181,53.27
1951,1950,181,50.08
1753,1752,181,62.12
2450,2449,181,67.56
1382,1282,181,2.24
5052,5051,182,72.82
1461,1460,182,60.83
2351,2350,182,68.5
1365,1364,182,60.19
1656,1655,182,55.78
1559,1558,182,52.81
4751,4851,182,5.86
1270,1269,182,57.79
3948,3847,182,13.18
2050,2049,182,50.98
4656,4756,182,3.1
2844,2843,182,13.97
3342,3341,182,13.72
3859,3858,182,13.39
1886,1887,182,1.68
2646,2645,182,13.62
1372,1271,182,5.05
4044,4043,183,70.26
4144,4143,183,69.76
1752,1751,183,63.46
3439,3438,183,71.49
1852,1851,183,54.38
1276,1275,183,55.09
2449,2448,183,63.94
3173,3273,183,2.24
1950,1949,183,54.27
4257,4156,183,4.93
1558,1557,184,57.53
1460,1459,184,60.62
1364,1363,184,60.25
2350,2349,184,63.98
2645,2644,184,59.14
3847,3846,184,70.27
1269,1268,184,56
1655,1654,184,63.52
3043,3042,184,13.86
3143,3142,184,13.79
4058,4057,184,13.39
2049,2048,184,72.28
2252,2251,184,13.37
3438,3437,185,72.52
4143,4142,185,69.05
1751,1750,185,66.32
1949,1948,185,72.81
1275,1274,185,60.61
4558,4657,185,11.73
4162,4262,185,3.61
2546,2545,185,13.61
4156,4155,185,59.86
1851,1850,185,55.32
1557,1556,186,57.39
1459,1458,186,60.34
1654,1653,186,67.68
1363,1362,186,60.77
2349,2348,186,63.05
2644,2643,186,72.62
2048,2047,186,58.18
3042,3041,186,69.54
2251,2250,186,66.08
1268,1267,186,53.31
3350,3349,186,13.28
1986,2086,186,2.83
3964,4064,186,2.77
3759,3758,186,13.38
3437,3436,187,69.89
4142,4141,187,70.22
1274,1273,187,58.46
3946,3945,187,13.72
2943,2942,187,13.93
2545,2544,187,72.82
3958,3957,187,13.38
1485,1486,187,1.75
4155,4154,187,71.87
2250,2249,188,57.99
2047,2046,188,63.94
3041,3040,188,61.64
2643,2642,188,71.89
2348,2347,188,72.76
1362,1361,188,61.07
1653,1652,188,67.92
1458,1457,188,59.8
1556,1555,188,58.21
1948,1947,188,46.24
1267,1266,188,61.05
3242,3241,188,13.68
2150,2249,188,5.58
4063,4163,188,2.71
1886,1987,188,2.08
4052,4153,188,1.18
3436,3435,189,67.36
1273,1272,189,51.07
4755,4855,189,3.09
1652,1651,190,68.03
1361,1360,190,60.98
3241,3240,190,65.32
2642,2641,190,65.94
1555,1554,190,55.47
1266,1265,190,60.28
2843,2842,190,13.98
3858,3857,190,13.38
1947,1946,190,55.12
4048,4148,190,6.59
1457,1456,190,59.62
3953,4054,190,1.19
3040,3039,191,40.92
4043,4042,191,13.88
3435,3434,191,62.51
1651,1650,192,67.85
1456,1455,192,68.93
1360,1359,192,60.81
2842,2841,192,66.88
3240,3239,192,59.21
2641,2640,192,66.54
1554,1553,192,61.03
2047,2146,192,23.95
3041,3140,192,25.54
1948,1847,192,21.14
3846,3845,192,13.64
3142,3141,192,13.75
3042,3141,192,19.12
1265,1264,192,59.84
3956,4055,192,1.52
3039,3038,193,68.83
3040,3139,193,31.03
1750,1749,193,13.35
1850,1849,193,13.04
1264,1263,194,59.99
1553,1552,194,69.58
3239,3238,194,71.41
2640,2639,194,67
2841,2840,194,63.84
1455,1454,194,69.56
1359,1358,194,60.69
3434,3433,194,46.93
3569,3669,194,2.44
1384,1283,194,5.8
3038,3037,195,62.72
3139,3138,195,70.39
1849,1848,195,72.82
3040,2939,195,22.84
2642,2741,195,22.4
4141,4140,195,13.82
3945,3944,195,13.77
2643,2742,195,16.15
1948,1848,195,10.65
3438,3537,195,11.96
2347,2446,195,22.98
3075,3174,195,10.01
3440,3339,195,8.62
1749,1748,195,72.82
1847,1846,195,43.8
1263,1262,196,60.78
1552,1551,196,69.57
2840,2839,196,51.63
1454,1453,196,69.5
2046,2045,196,13.63
2249,2248,196,13.27
3040,2940,196,12.67
2639,2638,196,67.22
2679,2779,196,2.25
1358,1357,196,59.93
2939,2938,197,63.37
3037,3036,197,62.24
3537,3536,197,72.6
3138,3137,197,68.53
2741,2740,197,65.75
3339,3338,197,71.98
3238,3237,197,39.48
2641,2740,197,21.91
3433,3432,197,40.87
1748,1747,197,62.06
1262,1261,198,61.04
2839,2838,198,56.68
1357,1356,198,54.58
2638,2637,198,69.51
1453,1452,198,69.44
1551,1550,198,69.58
4044,3943,198,8.75
1946,1945,198,13.7
2938,2937,199,70.7
3536,3535,199,72.73
3237,3236,199,71.37
3137,3136,199,67.23
2740,2739,199,62.24
1747,1746,199,58.06
2640,2739,199,21.52
4042,4041,199,13.77
3432,3431,199,56.56
3847,3746,199,8.74
3433,3532,199,31.02
1847,1746,199,22.01
1261,1260,200,60.73
1356,1355,200,54.77
2637,2636,200,72.13
3338,3337,200,48.48
3845,3844,200,13.72
2146,2145,200,13.67
4855,4954,200,13.12
1452,1451,200,62.18
3668,3768,200,2.51
2937,2936,201,51.09
3535,3534,201,51.44
3136,3135,201,72.82
2739,2738,201,62.22
3532,3531,201,50.08
2642,2541,201,11.32
2639,2738,201,21.33
3431,3430,201,63.68
3433,3332,201,22.85
3433,3533,201,16
2778,2878,201,2.51
1355,1354,202,59.85
3337,3336,202,70.32
1846,1845,202,14.31
2086,2185,202,9.23
1260,1259,202,60.88
3433,3333,202,12.69
1451,1450,202,59.94
2936,2935,203,57.36
3135,3134,203,72.57
2541,2540,203,66.92
3531,3530,203,62.21
3332,3331,203,61.15
2446,2445,203,13.56
2641,2540,203,10.99
1385,1284,203,6.03
1354,1353,204,63
3336,3335,204,67.12
2638,2737,204,19.15
3372,3472,204,2.61
2045,2044,204,13.45
1259,1258,204,60.97
3134,3133,205,72.53
2445,2444,205,72.8
3331,3330,205,64.04
3036,3035,205,13.55
2643,2542,205,7.52
2935,2934,205,60.48
3148,3249,205,1.32
3335,3334,206,68.58
1258,1257,206,60.72
3533,3632,206,30.99
1746,1745,206,14.49
3943,3942,206,13.88
1945,1944,206,13.46
1353,1352,206,63.58
1550,1549,206,13.37
1748,1647,206,13.45
1886,1787,206,1.82
2444,2443,207,72.64
2934,2933,207,62.78
3531,3630,207,25.16
2937,2836,207,19.06
3236,3235,207,13.39
4041,4040,207,13.77
3746,3745,207,13.61
2637,2736,207,15.73
1747,1646,207,15.57
3537,3636,207,12.13
3133,3132,207,63.33
3767,3867,207,2.48
1549,1548,208,70.16
1257,1256,208,69.08
2636,2635,208,13.38
3844,3843,208,13.88
2145,2144,208,13.45
2639,2538,208,10.6
1352,1351,208,62.37
2443,2442,209,59.93
3235,3234,209,71.01
2933,2932,209,57.79
1646,1645,209,71.63
3636,3635,209,58.29
3632,3631,209,46.62
3533,3633,209,12.82
3536,3635,209,12.53
1282,1181,209,5.16
2836,2835,209,56.71
3132,3131,209,60.51
1256,1255,210,57.77
2538,2537,210,70.43
1351,1350,210,64.92
1845,1844,210,13.55
1450,1449,210,13.39
1271,1170,210,5.16
2144,2143,210,72.45
1281,1180,210,3.44
1485,1386,210,1.89
2877,2977,210,2.53
3234,3233,211,65.49
2932,2931,211,57.4
2442,2441,211,72.81
3131,3130,211,58.13
1548,1547,211,47.93
2937,2837,211,8.91
3535,3634,211,12.8
1270,1169,211,4.44
2835,2834,211,58.41
2537,2536,212,71.18
1350,1349,212,72.81
1449,1448,212,51.67
1180,1179,212,50.8
2044,2043,212,13.41
1255,1254,212,59.22
3332,3231,212,13.94
3847,3747,212,3.38
3471,3571,212,2.63
1279,1178,212,3.09
3233,3232,213,60.87
1547,1546,213,72.66
2834,2833,213,55.25
3035,3034,213,13.48
2931,2930,213,56.15
1169,1168,213,61.01
4954,5053,213,11.12
2441,2440,213,70.7
4558,4658,213,2.75
2382,2482,213,1.64
1686,1687,213,1.53
2536,2535,214,59.66
1178,1177,214,60.19
1745,1744,214,13.98
3942,3941,214,13.71
1944,1943,214,13.41
1549,1648,214,18.44
3231,3230,214,67.47
4459,4559,214,2.84
1748,1648,214,5.55
1254,1253,214,69.46
1546,1545,215,72.25
2833,2832,215,62.03
1349,1348,215,44.24
1448,1447,215,45.49
3630,3729,215,19.71
3745,3744,215,13.65
3034,3033,215,72.77
4756,4856,215,3.05
2930,2929,215,54.46
2440,2439,215,70.17
2976,3076,215,2.62
2535,2534,216,59.52
1177,1176,216,58.17
1253,1252,216,64.45
3843,3842,216,13.81
2635,2634,216,13.3
1168,1167,216,45.65
3866,3966,216,2.44
2580,2680,216,1.59
1447,1446,217,59.49
2929,2928,217,67.06
2832,2831,217,61.75
3729,3728,217,60.2
2439,2438,217,71.81
1645,1644,217,14.11
1272,1171,217,5.13
1545,1544,217,72.63
1273,1172,217,4.88
1586,1587,217,1.58
3033,3032,217,63.97
1176,1175,218,57.99
1252,1251,218,64.48
1348,1347,218,41.7
1844,1843,218,13.44
1167,1166,218,58.36
1283,1182,218,6.09
1274,1173,218,4.38
2534,2533,218,59.16
1385,1285,218,2.56
2928,2927,219,67
3032,3031,219,62.29
3728,3727,219,52.4
2438,2437,219,71.84
3636,3735,219,11.86
1446,1445,219,65.94
2831,2830,219,55.57
2283,2383,219,1.74
1175,1174,220,60.7
1251,1250,220,61.01
2043,2042,220,13.4
3635,3734,220,13.27
3632,3731,220,10.87
1166,1165,220,59.2
2144,2243,220,11.81
2533,2532,220,59.57
2927,2926,221,70.41
3031,3030,221,60.29
3727,3726,221,53.21
2830,2829,221,53.66
2437,2436,221,60.22
4855,4955,221,3.13
4657,4757,221,2.81
2481,2581,221,1.65
1445,1444,221,65.37
3731,3730,222,62.56
1250,1249,222,71.98
3734,3733,222,50.61
1165,1164,222,58.73
2532,2531,222,59.33
2929,3028,222,21.46
1744,1743,222,13.55
3941,3940,222,13.65
1943,1942,222,13.4
3634,3733,222,13.71
3633,3732,222,10.99
3965,4065,222,2.43
2243,2242,222,71.83
1444,1443,223,72.82
2829,2828,223,66.14
3744,3743,223,13.77
2926,2925,223,69.99
2736,2735,223,6.34
2436,2435,223,72.05
3075,3175,223,2.38
1164,1163,224,59.77
3028,3027,224,67.81
3940,3939,224,72.14
2928,3027,224,21.52
3842,3841,224,13.63
2185,2284,224,6.54
2828,2827,225,66.34
3743,3742,225,71.43
1249,1248,225,39.66
1644,1643,225,13.91
1987,2087,225,2.75
1544,1543,225,13.73
2435,2434,225,58.97
1163,1162,226,60.91
3841,3840,226,72.5
3939,3938,226,72.53
3027,3026,226,70.91
1347,1346,226,13.74
1843,1842,226,13.41
2634,2633,226,10.39
2445,2344,226,6.24
2827,2826,227,69.28
3742,3741,227,72.54
2434,2433,227,57.17
4064,4164,227,2.49
3840,3839,228,72.75
3938,3937,228,72.82
1248,1247,228,38.96
3729,3828,228,11.59
1162,1161,228,60.77
1284,1183,228,5.76
2441,2340,228,8.45
2826,2825,229,69.92
3741,3740,229,72.79
2433,2432,229,57.45
3028,3127,229,20.8
3726,3725,229,13.48
2926,3025,229,18.64
3839,3838,230,72.81
3937,3936,230,72.8
1247,1246,230,58.23
2531,2530,230,13.38
1942,1941,230,13.39
1743,1742,230,13.45
3735,3834,230,12.88
2925,2924,230,14.47
2340,2339,230,71.16
1161,1160,230,60.36
2440,2339,230,8.81
2432,2431,231,58.43
3725,3724,231,57.64
3740,3739,231,72.76
1443,1442,231,13.68
3734,3833,231,12.92
3728,3827,231,10.51
2444,2343,231,5.48
3537,3637,231,2.86
3273,3373,231,2.13
3127,3126,231,69.78
2533,2632,231,11.68
3838,3837,232,72.71
3936,3935,232,72.71
1160,1159,232,60.41
1941,1940,232,71.73
2339,2338,232,72.36
2431,2430,233,70.15
3739,3738,233,72.57
3833,3832,233,72.35
3827,3826,233,58.37
1543,1542,233,13.87
3731,3830,233,11.22
2532,2631,233,11.71
3727,3826,233,10.44
4955,5054,233,12.2
2086,2186,233,2.15
2243,2342,233,10.95
1643,1642,233,13.63
1159,1158,234,60.79
3935,3934,234,71.77
3939,4038,234,14.84
2829,2728,234,11.21
1842,1841,234,13.39
2442,2341,234,5.89
3669,3769,234,2.51
1346,1345,234,13.41
1940,1939,234,71.89
2430,2429,235,55.76
3738,3737,235,72.06
3830,3829,235,68.39
3826,3825,235,57.38
2631,2630,235,70.69
3832,3831,235,64.99
3732,3831,235,11.32
3934,3933,236,70.86
4038,4037,236,72.32
1158,1157,236,61.03
1939,1938,236,72.47
3025,3024,236,14.48
2828,2727,236,11.1
2835,2734,236,5.43
3737,3736,237,71.7
3825,3824,237,57.29
2630,2629,237,70.9
2825,2824,237,14.19
2924,2923,237,14.39
3127,3226,237,18.86
3933,3932,238,70.91
4037,4036,238,72.82
1157,1156,238,60.94
2734,2733,238,63.3
1938,1937,238,71.86
2727,2726,238,69.25
3126,3125,238,14.29
2530,2529,238,13.37
3175,3274,238,10.02
1246,1245,238,13.4
1742,1741,238,13.4
2629,2628,239,70.15
3824,3823,239,58.74
1442,1441,239,13.76
3724,3723,239,13.42
1170,1069,239,4.88
1586,1487,239,1.72
3932,3931,240,70.53
4036,4035,240,72.47
2733,2732,240,62.97
3936,4035,240,14.25
3028,3128,240,5.62
1250,1149,240,7.43
2726,2725,240,65.91
1156,1155,240,69.48
3931,4031,241,112.23
2629,2729,241,154.13
3829,3929,241,124.45
2630,2730,241,148.45
3769,3869,241,182.21
3830,3930,241,144.74
2631,2731,241,148.3
3935,4034,241,26.03
3827,3927,241,215.08
4164,4264,241,84.72
3743,3642,241,9.1
3735,3835,241,53.17
4856,4956,241,43.77
3076,3176,241,51.74
3571,3671,241,46.79
4065,4165,241,114.31
4658,4758,241,56.31
3472,3572,241,25.54
2185,2285,241,58.36
2878,2978,241,23.87
3768,3868,241,66.81
3966,4066,241,161.31
2779,2879,241,25.46
3127,3227,241,51.02
4066,4166,242,182.27
3927,4027,242,182.4
3572,3672,242,137.4
4165,4265,242,117.31
3671,3771,242,189.23
4035,4135,242,64.67
3823,3923,242,75.96
3932,4032,242,86.69
4036,4136,242,70.15
3933,4033,242,68.54
4037,4137,242,59.63
1938,2038,242,63.12
3825,3925,242,47.55
3934,4033,242,23.23
4038,4138,242,51.36
1939,2039,242,58.5
3826,3926,242,74.95
2186,2286,242,49.02
3828,3928,242,50.22
2087,2187,242,44
3868,3968,242,186.2
2284,2384,242,46
4757,4857,242,49.8
2581,2681,242,43.26
2383,2483,242,51.41
3175,3275,242,56.9
2680,2780,242,64.73
1941,2040,242,18.73
2482,2582,242,41.73
3867,3967,242,32.94
2977,3077,242,24.14
3128,3228,242,57.2
4756,4857,242,25.4
5052,5153,242,27.28
4558,4659,242,26.85
4459,4560,242,26.85
1940,2040,242,63.79
3926,4026,243,205.47
3967,4067,243,186.07
3672,3772,243,186.19
3968,4068,243,208
2285,2385,243,52.32
3930,4030,243,72.94
4031,4131,243,58.03
4034,4134,243,52.65
4264,4364,243,89.59
3824,3924,243,31.74
3869,3969,243,84.52
3373,3473,243,33.36
3473,3573,244,117.15
4068,4168,244,128.5
3969,4069,244,184.92
3925,4025,244,56.5
2384,2484,244,53.84
4032,4132,244,50.95
2681,2781,244,55.34
3771,3871,244,72.74
2286,2386,244,67.99
3928,4028,244,55.42
2879,2979,244,49.57
1937,2037,244,27.52
3274,3374,244,31.76
2780,2880,244,69.51
1938,2037,244,19.71
2483,2583,244,52.69
3228,3328,244,66.13
3742,3641,244,12.88
2978,3078,244,49.22
4856,4957,244,27.39
3573,3673,245,214.21
4069,4169,245,125.29
4025,4125,245,169.71
4168,4268,245,118.46
3772,3872,245,69.46
2385,2485,245,55.9
4030,4130,245,60.96
4033,4133,245,44.52
2582,2682,245,39.2
4166,4266,245,41.41
3823,3822,245,5.54
1441,1541,245,20.64
3723,3722,245,5.89
3125,3225,245,22.93
3024,3124,245,21.16
5054,5154,245,20.18
3741,3640,245,13.16
4757,4858,245,26.36
4658,4759,245,24.46
3249,3250,245,12.28
4955,5056,245,27.18
1887,1988,245,7.48
1887,1888,245,2.24
4360,4461,245,12.08
3226,3326,245,22.84
4131,4231,245,68.75
3673,3773,246,186.15
4169,4269,246,119.82
2880,2980,246,59.64
3078,3178,246,90.07
2386,2486,246,75.71
3374,3474,246,70.79
2979,3079,246,82.36
3924,4024,246,35.52
3923,4023,246,26.61
3077,3177,246,27.67
2781,2881,246,54.58
4265,4365,246,31.05
3740,3639,246,12.96
2484,2584,246,59.06
1249,1148,246,1.6
4268,4368,246,110.05
3729,3628,246,1.7
3227,3327,246,21.54
4262,4363,246,12.61
3871,3971,246,66.35
2923,3023,246,18.69
4368,4468,247,105.33
4024,4124,247,119.93
3474,3574,247,137.4
2485,2585,247,65.09
3822,3922,247,75.96
5154,5254,247,56.31
4130,4230,247,71.23
2038,2138,247,22.28
4560,4660,247,21.38
5153,5253,247,20.71
3176,3276,247,19.94
3642,3643,247,18.86
1988,2088,247,87.71
3739,3638,247,12.41
3743,3643,247,8.11
1444,1343,247,4.64
2040,2140,247,22.02
2583,2683,247,43.35
2437,2336,247,4.59
4269,4369,247,118.3
2436,2336,247,7.51
3872,3972,247,60.58
3669,3770,247,12.6
2039,2139,247,20.14
4231,4331,247,87.94
4369,4469,248,120.17
4124,4224,248,125.65
3574,3674,248,169.8
3773,3873,248,69.99
3178,3278,248,83.33
3079,3179,248,92.06
2980,3080,248,59.25
2881,2981,248,58.89
2486,2586,248,87.82
2682,2782,248,45.7
2037,2137,248,25.58
4364,4464,248,23.92
2584,2684,248,50.63
4266,4366,248,33.95
3328,3428,248,26.94
1250,1150,248,5.77
3674,3774,249,197.12
4469,4569,249,112.23
5254,5354,249,67.87
4230,4330,249,88.32
2585,2685,249,59.65
3770,3870,249,69.99
4468,4568,249,95.75
2683,2783,249,54.02
3177,3277,249,47.01
3275,3375,249,15.65
2088,2188,249,93.01
1642,1641,249,0.76
2431,2330,249,6.97
4331,4431,249,97.97
4569,4669,250,104.43
2981,3081,250,58.27
3179,3279,250,97.64
3278,3378,250,59.73
3080,3180,250,65.87
2586,2686,250,85.73
4224,4324,250,85.65
3276,3376,250,46.16
3971,4071,250,32.94
4365,4465,250,27.53
4023,4123,250,28.6
4759,4859,250,21.45
4461,4561,250,23.14
2684,2784,250,66.68
3225,3325,250,21.73
4858,4958,250,20.28
3124,3224,250,20.8
3326,3426,250,21.27
4957,5057,250,18.7
3873,3973,250,55.88
4669,4769,251,101.15
3973,4073,251,119.59
4568,4668,251,86.48
2188,2288,251,95.9
3277,3377,251,56.91
4330,4430,251,94.67
4431,4531,251,84.85
3972,4072,251,30.93
3922,4022,251,25.33
5056,5156,251,18.27
4363,4463,251,24.28
2782,2882,251,48.43
3327,3427,251,22.91
2783,2883,251,66.88
3870,3970,251,76.47
3774,3874,251,61.1
2685,2785,251,78.6
3970,4070,252,165.3
4123,4223,252,89.11
2686,2786,252,76.2
3081,3181,252,55.84
3279,3379,252,82.9
3180,3280,252,69.51
3375,3475,252,35.56
4366,4466,252,29.82
4660,4760,252,21.64
5253,5353,252,20.24
3374,3475,252,19.36
3428,3528,252,30.06
2187,2287,252,10.56
2431,2331,252,6.15
3743,3644,252,9.31
3023,3123,252,18.2
2784,2884,252,84.44
2725,2724,252,8.67
4070,4170,253,109.86
4769,4869,253,94.6
4073,4173,253,87.81
2288,2388,253,89.51
4668,4768,253,83.49
2882,2982,253,59.26
4430,4530,253,78.11
4072,4172,253,90.14
2883,2983,253,73.93
3376,3476,253,49.63
3378,3478,253,45.79
4464,4564,253,23.26
4531,4631,253,61.83
1587,1688,253,7.72
1069,1068,253,3.27
1687,1788,253,7.6
2785,2885,253,86.11
3249,3150,253,7.9
2435,2334,253,4.13
4170,4270,254,113.31
3280,3380,254,73.64
4223,4323,254,72.33
2884,2984,254,88.37
4466,4566,254,76.71
3377,3477,254,42.86
5156,5256,254,49.9
4324,4424,254,25.22
4465,4565,254,26.79
5354,5454,254,23.15
5254,5355,254,20.37
3379,3479,254,57.76
4071,4171,254,26.34
2628,2627,254,2.08
3874,3974,254,46.88
2983,3083,255,80.64
4768,4868,255,80.32
4869,4969,255,87.87
4173,4273,255,94.01
2982,3082,255,71.39
4022,4122,255,25.28
2885,2985,255,62.75
3426,3526,255,20.13
4859,4959,255,20.85
4561,4661,255,22.09
4172,4272,255,97.08
4171,4271,255,103.51
3224,3324,255,22.93
3181,3281,255,48.88
3722,3821,255,15.48
3822,3921,255,15.48
2786,2886,255,39.38
1444,1344,255,4.06
4958,5058,255,20.76
1284,1184,255,0.93
3325,3425,255,20.75
4231,4332,255,14.41
3380,3480,256,61.96
4566,4666,256,73.45
4323,4423,256,69.62
2984,3084,256,61.63
3476,3576,256,36.7
2388,2488,256,37.88
3475,3575,256,27.92
3427,3527,256,21.08
5057,5157,256,19.06
4272,4372,256,105.03
4463,4563,256,20.42
3478,3578,256,45.31
2434,2333,256,3.71
1250,1151,256,6.73
4424,4524,256,64.71
4530,4630,256,46.55
4631,4731,256,47.71
1254,1153,256,2.07
3575,3675,257,138.9
3576,3676,257,122.32
4868,4968,257,80.32
4122,4222,257,69.58
3083,3183,257,64.49
3082,3182,257,65.87
4332,4432,257,86.45
3921,4021,257,68.85
4270,4370,257,36.31
3477,3577,257,44.72
4273,4373,257,99.41
4760,4860,257,21.88
5156,5257,257,26.33
3479,3579,257,45.72
3281,3381,257,50.83
2431,2332,257,7.15
3676,3776,258,173.29
3577,3677,258,149.05
3675,3775,258,181.02
4373,4473,258,100.25
4524,4624,258,57.87
4565,4665,258,25.93
5355,5455,258,25.32
4271,4371,258,34.35
5353,5453,258,17.08
3123,3223,258,19.6
4224,4325,258,14.96
3578,3678,258,60.04
4564,4664,258,23.06
4666,4766,258,70.39
4969,5069,258,41.23
4531,4632,258,22.53
4423,4523,258,76.12
3677,3777,259,189.4
4371,4471,259,112.53
4222,4322,259,59.01
4432,4532,259,72.99
4630,4730,259,37.34
4731,4831,259,45.74
4021,4121,259,65.19
3480,3580,259,44.99
2985,3085,259,25.07
4372,4472,259,33.93
2287,2387,259,15.09
2886,2986,259,26.2
4431,4532,259,15.16
4230,4329,259,12.41
3974,4074,259,24.42
1487,1588,259,7.65
1939,1839,259,4.9
2040,2141,259,8.47
1182,1081,259,1.89
4530,4629,259,25.09
4631,4732,259,26.81
4631,4730,259,24.81
4472,4572,260,106.2
4471,4571,260,116.14
3775,3875,260,50.22
4665,4765,260,67.66
5069,5169,260,89.29
4766,4866,260,68.65
4523,4623,260,70.4
4473,4573,260,97.13
4325,4425,260,68.35
5058,5158,260,20.44
3579,3679,260,48.43
4661,4761,260,22.95
5256,5357,260,26.46
5454,5554,260,17.19
3678,3778,260,62.85
4468,4567,260,11
1343,1342,260,7.87
3381,3481,260,46.33
3084,3184,260,30.09
3182,3282,260,44.99
1939,1838,260,5.59
3183,3283,260,35.18
3324,3424,260,22.73
1173,1072,260,1.86
4959,5059,260,21.4
1172,1071,260,1.28
4968,5068,260,39.22
4571,4671,261,112.23
4572,4672,261,105.62
4329,4429,261,83.43
4121,4221,261,65.07
4322,4422,261,77.49
3776,3876,261,44.3
2986,3086,261,74.58
3527,3627,261,22.27
3526,3626,261,19.79
3425,3525,261,19.75
4073,4174,261,14.44
4563,4663,261,20.98
4430,4529,261,14.88
4568,4667,261,12.8
4368,4467,261,9.56
2330,2329,261,8.98
1248,1147,261,1.45
4268,4367,261,8.98
3728,3627,261,1.48
1171,1070,261,1.21
1941,1840,261,4.48
4424,4525,261,21.49
4732,4832,261,56.03
2725,2625,261,4.83
1940,1840,261,4.16
4671,4771,262,112.23
4672,4772,262,108.42
4765,4865,262,65.76
5158,5258,262,50.8
4573,4673,262,93.57
5169,5269,262,86.75
4623,4723,262,52.03
4629,4729,262,35.84
4730,4830,262,41.85
2387,2487,262,40.31
3085,3185,262,43.23
4831,4931,262,41.02
4866,4966,262,66.95
4860,4960,262,21.9
4630,4729,262,26.05
4731,4830,262,25.26
4524,4625,262,23.93
4769,4870,262,12.98
4668,4767,262,13.49
4669,4770,262,11.79
3777,3877,262,35.94
4569,4670,262,11.27
4469,4570,262,10.19
3086,3186,262,123.85
4168,4267,262,8.09
1174,1073,262,2.63
4772,4872,263,112.23
4771,4871,263,109.02
4221,4321,263,79.34
3282,3382,263,37.75
3679,3779,263,33.84
5068,5168,263,39.63
3580,3680,263,26.83
4664,4764,263,22.54
3223,3323,263,21.6
5455,5555,263,22.72
2488,2588,263,15.45
3921,4020,263,17.71
4768,4867,263,14.28
4869,4970,263,14.43
1938,1837,263,4.85
1888,1989,263,7.89
3186,3286,263,119.96
4422,4522,263,88.09
1253,1152,263,2.54
3875,3975,263,41.2
3286,3386,264,116.35
4321,4421,264,107.16
4673,4773,264,90.65
5269,5369,264,86.75
4865,4965,264,64.16
2487,2587,264,90.47
4832,4932,264,43.08
3283,3383,264,26.91
3778,3878,264,25.09
4173,4274,264,13.09
3821,3920,264,16.87
3481,3581,264,28.47
3722,3721,264,5.54
3185,3285,264,81.54
4966,5066,264,65.3
1386,1387,264,2.36
3386,3486,265,113.22
3285,3385,265,105.68
2587,2687,265,102.31
4764,4864,265,61.68
4867,4967,265,71.62
1989,2089,265,87.12
4872,4972,265,53.71
5168,5268,265,81.38
4830,4930,265,41.57
4931,5031,265,41.4
4625,4725,265,47.05
4729,4829,265,41.23
4761,4861,265,22.46
5059,5159,265,22.16
3424,3524,265,21.48
4730,4829,265,25.88
4831,4930,265,25.96
4432,4533,265,18.62
4021,4120,265,18.97
4868,4967,265,14.28
4332,4433,265,14.77
1988,2089,265,7.21
3184,3284,265,23.23
4970,5070,265,88.73
3876,3976,265,27.9
4632,4733,265,20.42
1386,1286,265,1.17
2726,2626,265,3.75
4732,4833,265,24.55
4972,5072,266,114.27
3486,3586,266,119.96
3385,3485,266,110.79
4773,4873,266,93.57
4274,4374,266,86.56
4871,4971,266,47.74
5158,5259,266,26.11
4623,4724,266,25.78
4623,4722,266,23.59
4532,4633,266,20.55
4629,4628,266,16
5554,5655,266,25.79
5554,5653,266,23.6
4325,4426,266,20.2
4663,4763,266,21.56
4425,4526,266,24.14
4965,5065,266,62.59
2725,2624,266,5.51
3485,3585,267,123.28
3586,3686,267,124.86
2089,2189,267,97.17
5268,5368,267,78.83
4864,4964,267,61.91
3383,3483,267,34.25
4932,5032,267,41.4
4522,4622,267,27.56
3382,3482,267,28.1
2588,2688,267,31.8
4723,4823,267,20.25
4525,4626,267,27.12
3525,3625,267,18.54
5070,5170,267,89.56
4832,4933,267,27.45
4121,4220,267,19.01
4523,4622,267,17.2
2331,2231,267,7.08
2088,2189,267,7.08
4421,4521,267,37.43
4960,5060,267,22.57
5072,5172,267,111.92
4833,4933,267,51.19
1178,1077,267,1.72
4967,5067,267,72.09
5369,5469,267,39.63
2336,2235,267,7.22
3585,3685,268,123.47
5172,5272,268,106.78
4374,4474,268,85.02
4763,4863,268,59.75
2687,2787,268,46.33
4930,5030,268,41.22
5031,5131,268,43.52
3779,3879,268,20.14
3975,4075,268,22.3
4830,4929,268,25.91
4931,5030,268,25.93
4625,4726,268,26.94
4729,4828,268,25.94
5258,5358,268,18.16
5066,5166,268,31.22
3680,3780,268,20.22
4529,4528,268,15.48
4971,5071,268,94.89
3323,3423,268,22.63
4829,4929,268,41.74
1181,1080,268,1.55
1155,1154,268,3.59
3685,3785,269,120.23
5272,5372,269,102.1
2189,2289,269,93.82
5060,5160,269,66.59
3284,3384,269,28.32
5170,5270,269,90.11
3581,3681,269,24.77
4873,4973,269,41.91
2330,2230,269,5.02
4964,5064,269,62.59
4863,4963,270,59.97
4474,4574,270,83.02
5469,5569,270,41.04
4933,5033,270,44.79
3686,3786,270,46.74
3483,3583,270,49.77
2688,2788,270,42.25
5065,5165,270,30.94
5067,5167,270,33.75
3524,3624,270,20.57
4932,5033,270,27.53
4861,4961,270,22.61
4220,4320,270,39.43
4329,4428,270,13.51
4473,4574,270,12.49
2331,2232,270,8.18
2786,2887,270,8.26
1174,1074,270,2.34
3878,3978,270,17.33
5368,5468,270,39.05
5071,5171,270,92.47
5372,5472,271,97.77
2289,2389,271,88.77
5160,5260,271,67
3384,3484,271,55.62
5270,5370,271,85.07
4929,5029,271,41.03
3785,3885,271,84.73
5358,5458,271,45.29
3482,3582,271,26.78
4823,4923,271,25.39
4521,4621,271,30.71
4722,4822,271,24.23
4930,5029,271,25.94
5031,5130,271,25.66
4433,4534,271,25.29
4573,4674,271,13.18
4973,5073,271,81.27
5131,5231,271,49.58
2388,2489,271,8.29
2288,2389,271,7.17
1343,1243,271,4.34
3723,3623,271,3.17
3879,3979,271,34.71
4833,4934,271,26.01
4829,4928,271,25.89
4828,4928,271,44.15
1166,1065,271,1.54
3484,3584,272,105.32
2887,2987,272,58.43
3583,3683,272,62.47
5569,5669,272,88.61
5171,5271,272,93.57
4526,4627,272,27.53
5259,5359,272,19.95
3681,3781,272,37.3
4725,4825,272,15.34
4533,4634,272,21.57
3780,3880,272,31.37
4628,4727,272,25.99
3821,3820,272,6.19
2886,2987,272,8.45
1788,1889,272,7.5
4961,5061,272,64.16
2788,2888,272,72.66
2333,2233,272,6.38
3877,3977,272,10.47
4963,5063,272,60.85
1179,1078,272,1.61
4426,4527,272,24.26
5033,5133,272,50.78
2987,3087,273,115.4
5472,5572,273,97.44
4674,4774,273,70.46
2489,2589,273,85.11
5260,5360,273,62.69
5468,5568,273,42.11
5064,5164,273,31.64
3423,3523,273,22.67
4075,4175,273,22.53
4933,5034,273,27.28
3978,4078,273,37.42
5653,5753,273,16.66
4763,4862,273,20.92
4724,4824,273,16.37
4320,4420,273,42.62
1837,1936,273,14.58
4673,4774,273,13.8
5166,5266,273,23.49
5655,5755,273,15.28
5073,5173,273,78.96
4325,4326,273,7.14
2488,2589,273,8.34
3976,4076,273,14.22
4934,5034,273,56.65
1688,1789,273,7.11
3584,3684,273,122.43
4733,4834,273,20.16
3684,3784,274,120.49
5572,5672,274,112.74
3087,3187,274,126.47
4634,4734,274,56.68
5271,5371,274,91.95
5063,5163,274,61.69
2888,2988,274,97.36
3683,3783,274,84.96
5133,5233,274,62.33
5061,5161,274,68.09
3979,4079,274,44.42
3582,3682,274,44.06
5029,5129,274,44.31
5165,5265,274,32.37
4929,5028,274,25.96
3781,3881,274,52.38
5358,5459,274,27.22
4928,5028,274,43.72
5060,5161,274,20.82
4633,4734,274,17.93
4274,4375,274,14.74
5168,5267,274,14.01
5131,5232,274,26.41
5131,5230,274,24.32
2330,2229,274,5.72
5370,5470,274,38.64
3885,3985,274,42.67
4828,4927,274,25.56
3187,3287,275,125.91
5669,5769,275,45.58
4822,4922,275,27.93
4621,4721,275,25.31
4078,4178,275,53.13
4863,4962,275,20.84
4727,4827,275,39.63
5268,5367,275,14.68
4433,4434,275,10.65
4773,4874,275,13.18
4862,4962,275,59.29
3784,3884,275,120.23
5455,5556,275,8.47
3786,3886,275,20.21
1343,1244,275,5.09
5034,5134,275,60.2
3880,3980,275,47.74
5173,5273,275,87.73
5371,5471,276,85.02
2988,3088,276,96.45
3682,3782,276,60.81
5161,5261,276,71.39
5230,5330,276,64.24
4375,4475,276,71.45
3783,3883,276,98.19
4923,5023,276,24.65
5231,5331,276,21.8
5160,5261,276,20.68
5470,5570,276,80.66
4374,4475,276,15.12
5672,5772,276,81.99
4726,4826,276,13.91
1343,1242,276,4.96
1247,1146,276,2.14
4420,4520,276,40.09
1182,1082,276,1.66
3881,3981,276,58.65
3088,3188,277,122.8
3287,3387,277,86.32
5273,5373,277,98.82
4874,4974,277,79.51
4079,4179,277,47.57
5164,5264,277,31.22
5568,5668,277,30.85
1936,2036,277,26.55
3977,4077,277,21.49
5458,5558,277,17.69
5029,5128,277,25.53
4178,4278,277,63.19
5772,5872,277,101.91
4928,5027,277,25.63
3980,4080,277,50.87
3985,4085,277,33.44
5453,5552,277,7.69
4332,4333,277,4.68
4934,5035,277,24.35
1150,1050,277,3.46
5769,5869,277,93.53
5134,5234,277,68.72
2329,2428,277,9.12
4961,5062,277,21.69
4962,5062,277,60.42
4963,5062,277,20.53
5367,5467,277,71.81
3884,3984,277,97.45
3883,3983,277,184.9
4426,4427,277,9.74
3188,3288,278,101.27
3983,4083,278,184.96
5373,5473,278,101.43
5471,5571,278,84.77
4475,4575,278,80.67
4175,4275,278,24.82
5360,5460,278,21.17
4076,4176,278,24.45
4824,4924,278,22.04
4634,4735,278,24.34
4825,4925,278,17.42
3981,4081,278,57.01
4534,4635,278,22.96
5260,5361,278,22.22
4474,4575,278,15.64
5163,5263,278,31.22
4763,4762,278,8.48
5266,5366,278,23.99
4974,5074,278,105.13
3782,3882,278,74.08
4174,4275,278,8.44
5330,5430,278,69.58
4973,5074,278,16.11
3723,3622,278,3.64
3886,3986,278,33.71
4083,4183,279,185.1
5473,5573,279,109.77
3387,3487,279,62.76
3984,4084,279,74.98
4179,4279,279,57.53
4721,4821,279,28.34
4922,5022,279,27.89
5265,5365,279,23.49
4278,4378,279,70.48
5063,5162,279,20.22
2428,2528,279,58.58
4674,4775,279,19.47
4520,4620,279,33.78
5061,5162,279,20.29
4080,4180,279,50.48
5570,5670,279,44.2
4574,4675,279,17.3
5556,5656,279,25.8
5062,5162,279,63.89
5872,5972,279,60.06
5035,5135,279,68.84
1165,1064,279,1.41
1177,1076,279,1.54
4084,4184,280,147.9
4775,4875,280,157.57
5074,5174,280,96.03
5430,5530,280,67.62
3288,3388,280,53.35
5460,5560,280,51.26
5467,5567,280,37.71
4077,4177,280,45.59
5459,5559,280,18.21
4183,4283,280,185.11
5753,5853,280,16.19
2589,2689,280,15.9
5571,5671,280,95.64
4081,4181,280,54.49
2588,2689,280,8.39
5129,5229,280,19.21
5073,5174,280,16.77
4834,4935,280,23.2
1588,1689,280,6.99
1839,1739,280,4.92
5869,5969,280,49.41
3882,3982,280,81.66
3487,3587,281,80.64
5022,5122,281,78.13
5972,6072,281,52.37
4279,4379,281,71.43
3986,4086,281,41.4
4735,4835,281,48.25
4378,4478,281,69.62
5668,5768,281,29.8
4085,4185,281,27.71
5023,5123,281,24.77
4434,4535,281,25.92
4180,4280,281,51.72
4734,4835,281,23.21
5135,5235,281,76.5
5366,5466,281,34.01
5331,5431,281,23.89
3721,3720,281,6.18
4329,4328,281,4.67
5573,5673,281,72.26
4827,4926,281,25.53
4875,4975,282,65.8
3982,4082,282,79.53
4177,4277,282,56.82
4184,4284,282,72.3
4283,4383,282,64.53
4176,4276,282,31.84
5264,5364,282,23.54
2036,2136,282,23.21
3388,3488,282,57.01
5161,5262,282,19.15
5230,5329,282,19.31
4375,4476,282,19.13
5162,5262,282,34.39
5174,5274,282,85.83
1387,1488,282,8.13
5353,5352,282,3.43
5969,6069,282,63.59
5671,5771,282,61.4
5673,5773,283,72.5
5122,5222,283,66.86
4379,4479,283,70.48
5567,5667,283,37.4
4478,4578,283,66.37
5853,5953,283,41.82
4280,4380,283,57.77
4821,4921,283,28.96
5361,5461,283,23.44
4924,5024,283,23.78
5558,5659,283,26.9
4620,4720,283,31.98
5027,5127,283,17.13
5128,5228,283,19.68
4181,4281,283,48.5
5263,5363,283,24.68
5235,5335,283,99.02
1989,2090,283,7.23
1837,1836,283,5.13
5655,5756,283,8.33
1150,1051,283,4.08
2231,2131,283,6.33
5274,5374,283,106.32
1167,1066,283,1.53
5374,5474,284,132.48
5773,5873,284,130.03
4277,4377,284,56.74
4082,4182,284,69.41
3488,3588,284,53.23
3587,3687,284,49.23
5768,5868,284,42.63
2689,2789,284,32.15
5365,5465,284,24.38
5466,5566,284,35.98
4925,5025,284,19.46
4635,4736,284,26.52
4735,4836,284,26.71
5460,5561,284,25.99
4476,4576,284,55.68
4975,5075,284,86.02
4434,4435,284,11.31
5771,5871,284,74.57
5335,5435,284,115.72
1839,1740,284,5.75
2232,2132,284,7.41
1150,1049,284,3.97
1164,1063,284,1.52
1176,1075,284,1.54
4479,4579,285,68.68
4380,4480,285,56.25
4578,4678,285,71.23
2090,2190,285,66.25
5222,5322,285,55.04
4086,4186,285,33.06
5530,5630,285,24.56
5430,5531,285,20.46
3686,3787,285,8.13
5653,5752,285,7.69
5330,5429,285,17.47
1839,1738,285,5.61
2229,2328,285,13.93
4185,4285,285,30.22
2230,2130,285,6.38
6069,6169,285,43.18
5035,5136,285,20.03
2789,2889,285,122.8
2889,2989,286,126.47
4182,4282,286,66.37
3588,3688,286,71.13
4576,4676,286,80.09
4377,4477,286,57.8
5667,5767,286,36.77
5953,6053,286,42.51
4836,4936,286,64.91
4276,4376,286,33.24
5123,5223,286,24.97
5853,5954,286,27.51
5853,5952,286,25.88
5430,5529,286,18.13
4383,4483,286,30.02
5474,5574,286,83.75
4720,4820,286,34.11
3787,3887,286,178.77
5262,5362,286,26.08
4281,4381,286,49.04
5075,5175,286,91.04
5435,5535,286,99.93
5871,5971,286,89.35
5873,5973,286,55.69
5769,5870,286,13.19
3688,3788,287,116.84
4676,4776,287,101.66
4579,4679,287,73.74
4480,4580,287,53.88
4678,4778,287,79.89
5136,5236,287,88.59
2190,2290,287,72.07
5322,5422,287,52.42
4186,4286,287,62.48
5566,5666,287,33.84
4921,5021,287,28.67
5364,5464,287,23.75
4535,4636,287,24.36
6072,6172,287,18.34
5853,5854,287,14.57
4635,4636,287,12.08
5465,5565,287,33.97
4284,4384,287,20.03
5363,5463,287,25.4
4433,4334,287,6.68
2625,2525,287,3.97
2232,2133,287,8.54
4935,5036,287,21.01
3722,3621,287,3.41
4285,4385,287,70.6
5574,5674,287,108.92
5236,5336,288,118.42
5175,5275,288,97.67
4477,4577,288,68.77
5868,5968,288,28.65
5752,5852,288,44.65
5024,5124,288,23.87
4282,4382,288,85.92
5853,5852,288,13.91
5971,6071,288,50.47
4926,5026,288,16.02
4381,4481,288,61.64
5674,5774,288,140.44
5535,5635,288,69.2
5870,5970,288,61.67
2989,3089,288,92.43
5228,5328,288,23.61
3887,3987,288,55.51
1179,1079,288,1.4
4580,4680,289,74.87
4778,4878,289,74.98
2290,2390,289,83.68
5422,5522,289,65.6
4776,4876,289,96.2
4679,4779,289,96.72
5954,6054,289,41.54
5953,6054,289,27.48
5953,6052,289,25.8
5336,5436,289,126.34
5222,5323,289,24.87
5122,5221,289,18.39
5022,5121,289,14.87
4385,4485,289,82.9
2289,2390,289,7.18
2230,2129,289,7.22
4286,4386,289,92.21
2923,3022,289,2.78
5124,5224,290,73.45
3987,4087,290,55.96
4382,4482,290,91.52
6172,6272,290,44.25
5973,6073,290,30.17
5767,5867,290,26.3
5025,5125,290,19.28
4577,4677,290,93.32
5222,5321,290,22.59
5275,5375,290,92.96
5362,5462,290,25.96
4481,4581,290,73.98
5774,5874,290,99.53
4820,4920,290,29.7
4384,4484,290,49.74
2589,2690,290,8.36
1889,1990,290,8.11
5455,5456,290,3.23
5970,6070,290,81.59
3089,3189,290,92.52
1163,1062,290,1.59
4426,4327,290,6.03
5529,5629,290,26.59
6169,6269,290,21.79
4876,4976,291,83.37
4878,4978,291,69.13
2390,2490,291,83.42
4386,4486,291,82.05
4680,4780,291,62.5
4779,4879,291,63.01
5968,6068,291,45.11
4485,4585,291,85.73
5666,5766,291,33.25
5436,5536,291,95.4
4736,4837,291,23.55
5752,5851,291,25.47
4435,4536,291,22.66
5565,5665,291,32.9
4483,4583,291,20.52
4836,4937,291,21.42
5463,5563,291,25.57
2489,2590,291,7.28
2389,2490,291,7.24
3788,3888,291,31.85
5375,5475,291,139.96
2233,2134,291,7.69
6053,6153,291,23.35
1789,1890,291,8.06
1156,1056,291,1.95
4482,4582,292,52.38
4677,4777,292,97.72
5321,5421,292,67.18
5224,5324,292,74.33
6054,6154,292,43.85
5464,5564,292,24.58
5954,6055,292,27.52
5322,5421,292,23.46
3588,3689,292,19.24
4484,4584,292,68.51
4976,5076,292,133.03
6071,6171,292,29.44
5635,5735,292,25.31
2625,2526,292,4.66
1838,1737,292,4.46
4325,4226,292,4.29
2235,2135,292,4.06
3189,3289,292,55.4
5328,5428,292,25.19
6269,6369,292,64.52
6070,6170,292,52.56
1155,1055,292,1.94
4937,5037,293,85.87
4978,5078,293,75.1
6272,6372,293,45.62
5867,5967,293,35.78
4581,4681,293,42.21
5522,5622,293,29.77
5536,5636,293,65.49
5854,5955,293,27.53
4636,4737,293,24.77
5954,5955,293,14.67
5752,5751,293,12.93
6068,6168,293,53.92
4585,4685,293,93.82
5076,5176,293,143.37
6072,6173,293,12.39
4486,4586,293,89.12
4763,4662,293,5.38
2625,2524,293,4.54
5475,5575,293,86.95
5874,5974,293,35.36
5176,5276,294,165.54
5421,5521,294,76.65
6055,6155,294,51.58
5735,5835,294,52.31
4777,4877,294,85.71
5324,5424,294,75.1
5851,5951,294,46.99
4087,4187,294,32.34
4583,4683,294,38.69
5422,5523,294,21.18
4584,4684,294,88.36
1836,1935,294,13.34
4920,5020,294,29.03
5563,5663,294,36.32
6369,6469,294,96.56
5575,5675,294,136.3
3888,3988,294,43.15
1069,969,294,1.85
3023,3122,294,3.01
4877,4977,295,133.16
5675,5775,295,103.48
5276,5376,295,110.18
3289,3389,295,43.63
2690,2790,295,24.45
5026,5126,295,16.6
5125,5225,295,22.53
5136,5237,295,14.26
5462,5562,295,24.8
5659,5760,295,12.64
4586,4686,295,51.49
4434,4335,295,7.16
5535,5634,295,17.6
2129,2228,295,25.65
2229,2228,295,4.85
1184,1185,295,2.54
6052,6152,295,16.97
1167,1067,295,1.33
5237,5337,296,126.12
4977,5077,296,102.99
4187,4287,296,80.2
3988,4088,296,56.37
6173,6273,296,36.43
6168,6268,296,46.96
3689,3789,296,29.06
4684,4784,296,72.71
5766,5866,296,23.66
4879,4979,296,24.14
5564,5664,296,25.18
4780,4880,296,20.46
4683,4783,296,81.62
5665,5765,296,23.35
4685,4785,296,44.97
6171,6271,296,29.38
4435,4436,296,8.58
5659,5758,296,11.68
5376,5476,296,104.63
5552,5651,296,7.69
5656,5757,296,8.46
6469,6569,296,75.76
5428,5528,296,26.71
6153,6253,296,23.58
5337,5437,297,126.34
3389,3489,297,84.5
5775,5875,297,60.28
5521,5621,297,43.26
6372,6472,297,29.5
5967,6067,297,25.21
5078,5178,297,26.47
5077,5177,297,131.95
4536,4637,297,25.37
5225,5325,297,74.68
5851,5950,297,24.99
4636,4637,297,10.17
5951,6051,297,44.21
2129,2128,297,13.28
6154,6254,297,23.71
6269,6370,297,21.56
2790,2890,297,68.01
2890,2990,298,125.43
3489,3589,298,101.6
5523,5623,298,27.54
1935,2035,298,27.19
5835,5935,298,28.63
5622,5722,298,23.15
5974,6074,298,22.18
6055,6156,298,25.9
5735,5836,298,25.7
4582,4682,298,19.47
4785,4885,298,53.01
5321,5420,298,18.28
5663,5763,298,25.52
5636,5736,298,24.33
5221,5320,298,16.88
5536,5637,298,21.21
5973,6074,298,12.25
5020,5120,298,29.44
5435,5534,298,10.32
6155,6255,298,27.29
5476,5576,298,81.34
5528,5628,298,86.29
6170,6270,298,19.95
6269,6368,298,19.21
4287,4387,298,87.18
2990,3090,299,125.3
6370,6470,299,85.56
5437,5537,299,79.58
6271,6371,299,44.91
4686,4786,299,31.44
5955,6056,299,27.12
4681,4781,299,18.94
4885,4985,299,126.02
5735,5834,299,23.5
4783,4883,299,49.96
6472,6572,299,68.08
5121,5220,299,14.42
5177,5277,299,89.75
2130,2030,299,7.46
1073,973,299,2.71
4786,4886,300,126.78
4387,4487,300,58.2
5621,5721,300,38.68
4088,4188,300,28.94
3789,3889,300,28.67
6273,6373,300,28.22
5760,5860,300,23.15
5634,5734,300,24.52
6368,6468,300,71.57
3122,3222,300,17.24
6152,6252,300,23.25
4880,4980,300,26.56
5836,5936,300,64.85
5851,5850,300,12.14
5765,5865,300,31.24
5562,5662,300,24.48
5126,5226,300,20.93
5623,5723,300,55.11
4985,5085,300,125.01
6067,6167,300,37.48
5935,6035,300,71.58
4837,4938,300,15.87
5951,6050,300,25.55
1243,1143,300,3.56
5335,5434,300,8.36
1153,1053,300,2.28
1689,1790,300,7.23
1157,1057,300,1.61
6569,6669,300,30
5576,5676,300,73.04
1182,1083,300,1.95
1162,1061,300,1.53
6468,6467,301,108.07
3090,3190,301,2.09
4682,4782,301,2.21
2128,2127,301,86.52
6253,6353,301,6.63
6368,6367,301,90.71
5955,5956,301,11.97
4885,4884,301,102.09
5421,5520,301,23.36
1055,1054,301,97.06
5664,5764,301,0.49
4536,4537,301,4.98
3621,3620,301,54.19
1836,1835,301,64.25
1049,1048,301,81.85
2130,2031,301,16.7
2130,2029,301,22.91
4985,4984,301,99.77
1739,1639,301,12
1243,1142,301,23.54
3721,3620,301,23.15
2129,2029,301,15.24
1158,1058,301,2.45
2328,2327,301,192.14
1155,1054,301,9.19
2923,2922,301,16.22
2127,2126,302,160.39
5721,5720,302,57.02
5434,5433,302,78.68
1061,1060,302,95.29
2035,2034,302,47.17
5534,5533,302,60.35
969,968,302,53.67
1737,1736,302,55.5
4937,5038,302,3.7
6472,6471,302,78.16
1739,1638,302,25.64
5935,5934,302,51.78
2528,2527,302,47.71
3622,3522,302,11.6
3622,3521,302,25.33
5352,5252,302,10.13
5552,5551,302,10.89
2228,2227,302,70.38
2428,2427,302,66.11
6669,6668,302,65.27
4320,4319,302,45.92
1837,1736,302,22.27
2129,2028,302,26.76
5528,5527,302,70.64
2327,2326,302,150.87
1160,1059,302,7.15
1069,968,302,7.83
6572,6571,302,83.5
1161,1060,302,7.1
2824,2823,302,25.53
2227,2226,303,245.81
2427,2426,303,132.04
1835,1834,303,60.79
5734,5733,303,33.91
6467,6466,303,74.91
5320,5319,303,40.76
5621,5620,303,37.66
4883,4882,303,39.43
1053,1052,303,41.72
5851,5750,303,25.06
4984,4983,303,98.65
2133,2032,303,26.08
1048,1047,303,69.54
2132,2032,303,13.83
4520,4519,303,32.28
4220,4219,303,40.63
4329,4228,303,11.42
1153,1052,303,10.44
4120,4119,303,30.02
4463,4462,303,23.11
1441,1440,303,17.91
6569,6568,303,33.55
4420,4419,303,42.44
5620,5619,304,215.62
2226,2225,304,190.21
6668,6667,304,72.89
2126,2125,304,64.29
968,967,304,56.49
5720,5719,304,50.45
1638,1637,304,56.46
1142,1141,304,48.04
6167,6166,304,26.37
5320,5419,304,26.75
5520,5519,304,49.84
4979,5079,304,2.98
1736,1735,304,61.22
5763,5762,304,25.78
2134,2033,304,26.6
5867,5966,304,11.65
3621,3520,304,24.02
1738,1637,304,24.86
5527,5526,304,91.28
1740,1640,304,9.05
2133,2033,304,12.67
1488,1589,304,1.4
6067,6066,304,25.1
4820,4819,304,24.73
1146,1145,304,23.53
4720,4719,304,29.38
4620,4619,304,27.43
2326,2325,304,89.49
1243,1144,304,6.22
2624,2623,304,20.87
1073,972,304,8.02
2724,2723,304,24.73
4563,4562,304,22.42
4020,4019,304,23.54
1641,1640,304,21.47
3920,3919,304,22.55
1541,1540,304,20.16
1441,1540,304,3.47
6571,6570,304,77.89
5628,5627,304,23.98
2125,2124,305,141.84
4882,4881,305,71.56
2426,2425,305,71.28
2225,2224,305,139.22
6035,6034,305,20.8
5085,5084,305,24.39
6156,6256,305,6.13
5320,5219,305,26.75
6254,6354,305,6.81
1834,1833,305,52.88
1440,1439,305,57.47
5634,5633,305,18.4
6152,6151,305,17.91
1935,1934,305,22.19
5619,5618,305,260.16
4983,4982,305,51.24
1737,1636,305,23.6
5865,5864,305,22.53
5519,5518,305,146.34
2525,2424,305,21.64
4920,4919,305,24.07
5935,6034,305,24.76
3820,3819,305,19.58
1242,1241,305,17.99
3423,3422,305,17.7
1387,1388,305,1.54
1342,1341,305,17.47
5428,5427,305,22.52
5328,5327,305,20.67
2028,2027,305,35.48
3323,3322,305,17.96
6572,6672,305,4.9
1735,1734,306,59.04
6568,6567,306,42.21
2224,2223,306,113.46
5734,5833,306,26.22
1540,1539,306,58.1
5834,5833,306,17.23
5875,5975,306,6.21
5518,5517,306,152.12
3122,3121,306,15.44
2030,1930,306,16.62
2030,1929,306,26.4
4737,4838,306,4.24
967,966,306,92.16
5618,5617,306,223.66
6268,6267,306,14.53
3022,3021,306,16.85
5020,5019,306,15.58
3720,3719,306,17.6
5723,5822,306,26.69
2325,2324,306,74.6
4319,4318,306,28.14
1147,1046,306,11.83
2124,2123,306,124.03
6255,6355,306,7.86
6672,6671,307,86.14
2027,2026,307,58.06
5084,5083,307,97.58
6667,6666,307,35.84
4419,4418,307,29.02
1636,1635,307,54
5733,5732,307,28.43
3620,3619,307,19.8
1142,1041,307,25.74
1934,1933,307,52.33
5427,5426,307,76.4
1143,1042,307,23.14
6050,6049,307,15.07
5850,5849,307,16.12
5277,5377,307,2.91
4219,4218,307,25.7
1141,1140,307,42.27
5719,5718,307,49.88
4436,4336,307,11.71
6152,6251,307,11.99
1639,1538,307,24.87
6073,6174,307,2.62
5630,5731,307,2.32
5517,5516,307,108.73
2029,1928,307,26.76
1050,949,307,15.25
5934,5933,307,21.58
5950,5949,307,15.18
2823,2822,307,20.06
1069,970,307,1.67
5617,5616,308,55.36
5822,5821,308,70.59
966,965,308,53.49
2026,2025,308,101.02
4619,4618,308,30.05
4819,4818,308,25.93
4719,4718,308,31.71
5419,5418,308,28.07
1833,1832,308,48.78
4519,4518,308,23.46
4119,4118,308,24.53
6367,6366,308,14.4
5966,5965,308,25.96
1439,1438,308,49.38
5319,5318,308,22.48
2031,1931,308,16.29
5120,5119,308,12.58
6253,6352,308,12.01
4982,4981,308,40.63
5424,5525,308,4.5
5627,5626,308,28
2090,2191,308,1.36
5526,5525,308,25.58
6669,6768,308,20.18
1081,980,308,7.79
2028,1927,308,26.48
2524,2523,308,10.59
1386,1287,308,1.51
6671,6670,309,80.62
5083,5082,309,94.23
6666,6665,309,75.54
6567,6566,309,41.96
1635,1634,309,60.76
4019,4018,309,20.43
3520,3519,309,21.08
5762,5761,309,20.41
972,971,309,20.99
6166,6165,309,21.24
5733,5832,309,24.59
1933,1932,309,50.1
5551,5550,309,14.8
5864,5863,309,25.69
2025,2024,309,132.11
1638,1537,309,23.27
949,948,309,93.66
1834,1733,309,24.43
1538,1537,309,58.54
1734,1733,309,45.21
2922,2921,309,14.27
5718,5717,309,64.14
6066,6065,309,23.17
2723,2722,309,24.84
2623,2622,309,24.08
2123,2122,309,47.29
3746,3646,309,6.77
3746,3645,309,8.73
1438,1437,310,55.24
5821,5820,310,66.98
1140,1139,310,43.45
1046,1045,310,25.68
2324,2323,310,26.92
4919,4918,310,24.6
6034,6033,310,22.95
3919,3918,310,17.56
6768,6767,310,64.94
2024,2023,310,149.03
5626,5625,310,73.56
1141,1040,310,26.66
1141,1240,310,26.66
1440,1339,310,22.93
4436,4437,310,6.65
1637,1536,310,25.01
1832,1831,310,53.28
6466,6465,310,16.39
1081,981,310,2.7
4318,4317,310,26.83
6566,6565,311,51.5
948,947,311,73.18
5863,5862,311,65.14
965,964,311,39.33
5616,5615,311,37.42
5418,5417,311,35.07
5516,5515,311,27.77
980,979,311,35.98
4418,4417,311,29.73
5717,5716,311,50.65
6267,6266,311,23.97
1833,1732,311,25.56
1636,1535,311,24.08
1439,1338,311,25.42
1143,1043,311,9.52
2223,2222,311,23.7
5178,5278,311,3.66
5651,5650,311,9.16
5219,5218,311,19.8
1927,1926,311,45.39
5628,5728,311,3.07
1437,1436,312,52.71
5820,5819,312,88.28
6033,6032,312,67.41
1634,1633,312,42.8
4818,4817,312,27.44
4718,4717,312,30.88
5318,5317,312,29.19
1341,1340,312,15.54
6151,6150,312,16.67
4218,4217,312,21.66
5625,5624,312,63.25
3322,3321,312,14.55
3422,3421,312,16.18
6767,6766,312,63.44
5832,5831,312,45.97
3222,3221,312,8.62
5637,5737,312,5.1
1734,1633,312,26.29
5965,5964,312,26.27
5836,5937,312,8.31
5836,5837,312,7.28
1831,1830,312,86.48
5936,6036,312,8.54
5082,5081,312,42.36
5933,5932,312,22.64
1050,950,312,5.16
5723,5724,312,8.57
2122,2121,312,36.08
1830,1829,313,115.58
1926,1925,313,79.67
1338,1337,313,50.23
1732,1731,313,53.74
4317,4316,313,40.73
1535,1534,313,55.82
6366,6365,313,22.31
4618,4617,313,24.37
1140,1039,313,26.54
1140,1239,313,26.54
5849,5848,313,17.23
3619,3618,313,19.83
1930,1829,313,21.36
3021,3020,313,15.09
5019,5018,313,14.78
3719,3718,313,16.16
964,963,313,70.06
5716,5715,313,58.37
1929,1828,313,21.5
3819,3818,313,13.62
3121,3120,313,14.78
5615,5614,313,51.94
2023,2022,313,43.61
1240,1239,313,44.21
1078,977,313,7.66
5949,5948,313,17.78
1077,976,313,7.47
2424,2423,313,12.63
1073,974,313,1.94
1042,941,313,25.65
1040,1039,313,44.72
1925,1924,314,191.31
1436,1435,314,52.88
979,978,314,39.84
4417,4416,314,47.57
5862,5861,314,46.89
5417,5416,314,36.46
4918,4917,314,25.12
1045,1044,314,25.96
4018,4017,314,20.36
3519,3518,314,22.84
4118,4117,314,19.97
6165,6164,314,23.5
6251,6250,314,16.27
6049,6048,314,14.81
5822,5921,314,18.37
5750,5749,314,9.19
2622,2621,314,24.08
1731,1730,314,120.87
5819,5818,314,63.28
1053,952,314,10.49
6065,6064,314,20.56
1052,951,314,13.57
947,946,314,40.82
6669,6769,314,7.57
1928,1827,314,21.36
2523,2522,314,19.43
1927,1826,314,26.26
976,975,315,74.34
4717,4716,315,34.25
5081,5080,315,48.07
1633,1632,315,41.95
5728,5727,315,25.97
3918,3917,315,23.12
6665,6664,315,17.06
1634,1533,315,26.61
4217,4216,315,36.31
4518,4517,315,15.97
2222,2221,315,31.27
6766,6765,315,35.86
6768,6867,315,20.29
2722,2721,315,18.42
963,962,315,93.99
5832,5931,315,26.16
5515,5514,315,32.02
1924,1923,315,199.83
1733,1632,315,26.16
6465,6464,315,21.41
2822,2821,315,13.78
1730,1729,315,146.57
1076,975,315,7.39
5723,5824,315,9.7
5715,5714,315,76.21
5614,5613,315,84.04
1435,1434,316,50.86
4316,4315,316,42.15
6032,6031,316,26.23
4817,4816,316,30.75
5218,5217,316,22.9
6565,6564,316,21.56
6266,6265,316,23.81
1437,1336,316,24.49
1139,1138,316,19.03
1339,1238,316,25.42
5863,5962,316,20.22
5119,5118,316,12.7
1729,1728,316,149.29
6672,6771,316,14.02
6166,6265,316,12.17
6352,6351,316,12.94
2921,2920,316,14.62
5537,5538,316,5.76
4637,4738,316,5.1
4436,4337,316,7.61
962,961,316,113.42
1826,1825,316,50.78
1042,942,316,12.02
1040,939,316,26.37
961,960,317,113.97
1632,1631,317,50.59
5514,5513,317,95.78
4117,4116,317,36.39
4416,4415,317,49.43
4017,4016,317,33.5
3618,3617,317,25.98
4617,4616,317,28.71
3718,3717,317,27.63
3818,3817,317,26.81
2121,2120,317,24.35
5964,5963,317,24.27
5317,5316,317,23.71
1338,1237,317,25.2
5862,5961,317,25.99
1732,1631,317,24.17
5550,5549,317,13.17
6765,6764,317,68.28
6671,6770,317,15.39
6354,6453,317,12.03
6767,6866,317,20.82
1054,953,317,8.98
2323,2322,317,15.78
5626,5725,317,17.42
5818,5817,317,35.49
1728,1727,317,105.7
5921,5920,317,43.72
5931,5930,317,67.96
1184,1084,317,2.64
5714,5713,317,66.64
960,959,318,113.69
4116,4115,318,104.95
3817,3816,318,109.02
4016,4015,318,104.95
3917,3916,318,34.84
4517,4516,318,33.93
6064,6063,318,28.01
1533,1532,318,36.1
3518,3517,318,25.07
946,945,318,31.92
5018,5017,318,20.63
1436,1335,318,24.43
3321,3320,318,17.56
1633,1532,318,26.68
6033,6132,318,19.44
1923,1922,318,34.72
3421,3420,318,18.23
5860,5959,318,7.95
5085,5184,318,8
5537,5638,318,6.63
973,872,318,8.05
4637,4638,318,4.4
969,868,318,7.43
1055,954,318,7.52
6164,6163,318,25.35
5613,5612,318,43.18
1040,940,318,13.25
3746,3647,318,5.53
3717,3716,319,95.4
939,938,319,44.56
1825,1824,319,37.16
1434,1433,319,39.62
1727,1726,319,69.78
4716,4715,319,29.65
5416,5415,319,22.97
4917,4916,319,24.62
6365,6364,319,18.53
2022,2021,319,17.93
1039,1038,319,18.85
5848,5847,319,17.83
1534,1433,319,26.73
5817,5816,319,60.71
3120,3119,319,19.97
4216,4215,319,33.24
6355,6454,319,11.63
6353,6452,319,7.91
3221,3220,319,16.07
5437,5438,319,4.57
5513,5512,319,62.21
2522,2521,319,23.76
5974,6075,319,2.9
5920,5919,319,92.06
5948,5947,319,17.14
6255,6356,319,6.16
5919,5918,320,102.11
3816,3815,320,83.52
6063,6062,320,51.18
959,958,320,87.75
1237,1236,320,40.37
4616,4615,320,36.45
5713,5712,320,41.04
1631,1630,320,36.19
4315,4314,320,28.87
5727,5726,320,23.94
6664,6663,320,23.48
6764,6763,320,37.62
2621,2620,320,18.75
1435,1334,320,25.02
6150,6149,320,13.08
868,867,320,59
3020,3019,320,16.5
2221,2220,320,23.53
951,850,320,26.45
6251,6350,320,11.76
6049,6148,320,11.45
6355,6455,320,7.2
6464,6463,320,24.15
5930,5929,320,33.68
1824,1823,320,244.46
1056,955,320,6.74
5816,5815,320,108.23
1826,1725,320,25.05
6031,6030,320,29.5
938,937,321,50.23
4516,4515,321,43.89
872,871,321,49.83
3617,3616,321,25.71
4415,4414,321,32.79
4816,4815,321,23.08
6564,6563,321,23.95
1632,1531,321,25.1
1533,1432,321,26.57
5749,5748,321,16.55
5824,5923,321,25.87
6265,6264,321,20.48
951,851,321,16.52
952,851,321,21.24
6165,6264,321,12.13
5956,5957,321,5.01
958,957,322,64.76
6132,6131,322,29.84
3916,3915,322,30.56
4115,4114,322,25.55
6866,6865,322,23.04
1038,1037,322,46.45
5316,5315,322,22.36
5959,5958,322,28.1
939,838,322,26.39
1238,1137,322,26.32
5612,5611,322,30.85
1336,1235,322,26.38
1138,1137,322,18.7
5118,5117,322,19.26
1434,1333,322,26.77
5217,5216,322,18.73
6048,6047,322,12.64
6250,6249,322,13.87
5815,5814,322,75.89
5650,5649,322,9.5
1043,943,322,9.31
5822,5922,322,6.6
945,944,322,31.63
6768,6868,322,7.63
942,841,322,23.87
6373,6473,322,4.66
850,849,322,78.26
2721,2720,322,14.75
867,866,322,72.22
2190,2291,322,1.27
5918,5917,322,51.26
2322,2321,322,24.42
1083,982,322,6.47
5512,5511,322,34.92
5929,5928,323,34.34
6062,6061,323,43.97
1630,1629,323,38.98
5712,5711,323,37.17
4715,4714,323,25.54
6364,6363,323,25.16
3320,3319,323,21.61
5017,5016,323,20.47
4015,4014,323,24.16
3420,3419,323,21.42
3517,3516,323,24.96
1237,1136,323,26.76
2120,2119,323,19.23
2021,2020,323,25.32
6764,6863,323,26.71
2423,2422,323,10.91
6163,6162,323,23.15
6765,6864,323,19.14
5415,5414,323,32.11
1057,956,323,6.41
5875,5876,323,3.68
4215,4214,323,26.03
4537,4538,323,4.73
2690,2791,323,2.52
5082,5181,323,10.43
838,837,324,50.9
849,848,324,83.2
866,865,324,71.85
1531,1530,324,47.88
4615,4614,324,28.49
6030,6029,324,32.44
1823,1822,324,25.49
4916,4915,324,22.74
2521,2520,324,22.82
3716,3715,324,24.02
1335,1234,324,25.72
872,771,324,25.3
5549,5548,324,16.47
939,839,324,13.3
1629,1628,324,155.55
3119,3118,324,24.34
5824,5924,324,12.33
940,839,324,26.62
5961,5960,324,14.52
5184,5183,324,16.79
6033,6133,324,7.15
5814,5813,324,54.69
2920,2919,324,13.85
3220,3219,324,21.67
2821,2820,324,11.97
3516,3515,325,64.11
5414,5413,325,61.89
1136,1135,325,50.44
1333,1332,325,46.69
4414,4413,325,26.16
4515,4514,325,30.7
3815,3814,325,22.91
1727,1626,325,18.63
5847,5846,325,17.33
4314,4313,325,20.89
3019,3018,325,21.58
5724,5825,325,11.36
953,852,325,19.77
6131,6130,325,42.25
1628,1627,325,193.32
5875,5976,325,4.18
5437,5338,325,5.28
1726,1626,325,17.07
1726,1625,325,26.14
941,840,325,12.06
5611,5610,325,33.9
6472,6573,325,3.32
947,846,325,10.57
5917,5916,325,33.43
6452,6451,325,18.47
865,864,326,52.16
6029,6028,326,86.16
1530,1529,326,63.62
837,836,326,50.23
848,847,326,79.65
3715,3714,326,60.89
5181,5180,326,39.61
5315,5314,326,29.84
6563,6562,326,22.03
4815,4814,326,23.45
3616,3615,326,22.53
6264,6263,326,24.57
6062,6161,326,26.48
6663,6662,326,19.88
6463,6462,326,16.96
1334,1233,326,26.07
5947,5946,326,15.39
6763,6762,326,18.28
6863,6862,326,36.19
2220,2219,326,19.88
6771,6870,326,14.8
3915,3914,326,25.25
6162,6161,326,47.1
5183,5182,326,86.99
4114,4113,326,31.01
5737,5738,326,7.19
948,847,326,8.4
5956,6057,326,5.79
942,842,326,10.11
5711,5710,326,34.87
6164,6263,326,12.03
1725,1724,326,18.39
5511,5510,326,31.77
5413,5412,327,94.36
771,770,327,49.72
5813,5812,327,47.3
2321,2320,327,23.54
5117,5116,327,20.38
1037,1036,327,20.83
937,936,327,19.86
871,870,327,18.62
5748,5747,327,18.46
6148,6147,327,14.53
872,772,327,11.56
1922,1921,327,11.89
6250,6349,327,11.18
6350,6349,327,15.1
980,879,327,7.79
6672,6772,327,4.64
5837,5838,327,6.69
4014,4013,327,30.99
4537,4438,327,5.47
5936,6037,327,5.31
770,769,328,104.73
3615,3614,328,61.92
6028,6027,328,56.87
1135,1134,328,48.07
5180,5179,328,72.4
3219,3218,328,25.16
3319,3318,328,21.43
5016,5015,328,20.69
3419,3418,328,23.62
6263,6262,328,50.03
1333,1232,328,26.02
5216,5215,328,19.43
838,737,328,25.01
1235,1134,328,26.43
2620,2619,328,13.3
2020,2019,328,20.12
5550,5449,328,7.82
6130,6129,328,47.78
6363,6362,328,24.99
4214,4213,328,20.27
981,880,328,8.01
1625,1624,328,46.38
3714,3713,328,58.98
5921,6020,328,10.31
2422,2421,328,22
846,845,328,41.32
5916,5915,328,49.94
936,935,329,50.26
864,863,329,41.07
5510,5509,329,35.76
5314,5313,329,48.8
1822,1821,329,24.87
4915,4914,329,21.67
4714,4713,329,18.51
6864,6963,329,25.86
1136,1035,329,25.14
2119,2118,329,18.09
6047,6046,329,14.88
5649,5648,329,16.47
5610,5609,329,33.09
5922,6021,329,23.36
3118,3117,329,22.53
1529,1528,329,36.53
6162,6261,329,25.94
6453,6552,329,12.16
5710,5709,329,49.23
970,869,329,6.61
6174,6274,329,4.66
3814,3813,329,27.71
1724,1723,329,42.34
3318,3317,330,68.16
5915,5914,330,53.17
6129,6128,330,94.8
6870,6869,330,28.92
1723,1722,330,186.82
4514,4513,330,24.3
5548,5547,330,17.77
1234,1133,330,26.54
771,670,330,25.33
5924,6023,330,25.93
837,736,330,25.2
4614,4613,330,19.87
3516,3415,330,20.59
6061,6060,330,15.08
839,738,330,26.29
6249,6248,330,13.82
1528,1527,330,260.17
5812,5811,330,46.7
879,878,330,42.57
1432,1431,330,11.13
3018,3017,330,22.33
5709,5708,330,101.05
979,878,330,7.71
2919,2918,330,18.62
5930,5829,330,11.28
973,873,330,3.31
1287,1186,330,6.46
5412,5411,330,48.01
3614,3613,330,56.65
4113,4112,330,31.46
6020,6019,330,85.21
4413,4412,330,22.74
6019,6018,331,109.1
1035,1034,331,51.19
935,934,331,51.38
5313,5312,331,74.55
6027,6026,331,49.03
845,844,331,45.77
1527,1526,331,195.34
1135,1034,331,25.73
1626,1525,331,26.26
3515,3514,331,18.32
2520,2519,331,15.84
3914,3913,331,22.45
6862,6861,331,20.22
5438,5439,331,8.58
769,768,331,43.15
840,739,331,26.74
6454,6553,331,12.13
953,853,331,7.33
5837,5938,331,7.65
1625,1524,331,26.09
863,862,331,56.42
5278,5378,331,5.03
4313,4312,331,17.8
4013,4012,331,31.74
3813,3812,331,63.41
6452,6551,331,12.05
3317,3316,332,63.67
670,669,332,68.95
5215,5214,332,25.48
2421,2420,332,25.23
2320,2319,332,20.63
5116,5115,332,21.29
836,835,332,18.99
6662,6661,332,18.13
4814,4813,332,19.91
1233,1132,332,26.75
5609,5608,332,48.28
6864,6964,332,12.32
1921,1920,332,23.66
4112,4111,332,82.93
2219,2218,332,16.7
840,740,332,14.51
5846,5845,332,15.46
977,876,332,7.55
4437,4338,332,6.63
6455,6554,332,11.82
5811,5810,332,50.31
5875,5776,332,4.18
2690,2691,332,2.21
3613,3612,332,54.11
3713,3712,332,26.46
1034,1033,333,54.45
6026,6025,333,55.38
934,933,333,52.14
6018,6017,333,67.45
862,861,333,51.35
1524,1523,333,73.7
1431,1430,333,49.88
1722,1721,333,41.29
5509,5508,333,33
3418,3417,333,22.06
5015,5014,333,20.28
5747,5746,333,18.51
5946,5945,333,15.83
6562,6561,333,14.46
3812,3811,333,73.81
771,671,333,11.6
5924,6024,333,12.43
6762,6761,333,15.37
5708,5707,333,35.25
2720,2719,333,9.41
5922,6022,333,9.7
6148,6247,333,11.37
978,877,333,7.81
5824,5925,333,8.1
6350,6449,333,11.52
5914,5913,333,44.49
6161,6160,333,15.49
3218,3217,333,22.79
5085,5185,333,3.05
768,767,333,72.27
5312,5311,333,78.52
6462,6461,333,14.6
5411,5410,333,34.71
876,875,334,60.78
844,843,334,42.4
4914,4913,334,20.36
2019,2018,334,18.24
6027,5926,334,25.5
6027,6126,334,25.5
737,636,334,25.96
6147,6146,334,15.98
3316,3315,334,59.43
1332,1331,334,11.71
6262,6361,334,25.27
4111,4110,334,93.66
3712,3711,334,57
1523,1522,334,161.66
1821,1820,334,24.61
5438,5339,334,9.71
5438,5539,334,9.71
6349,6348,334,14.81
5538,5539,334,5.58
6350,6450,334,7.32
976,875,334,7
3117,3116,334,22.45
6355,6456,334,5.21
1185,1085,334,2.79
4213,4212,334,19.06
767,766,334,104.9
1624,1623,334,19.3
6451,6450,334,12.27
875,874,335,258.66
1033,1032,335,57.2
1430,1429,335,90.06
835,834,335,43.04
5214,5213,335,34.76
1132,1131,335,48.44
2918,2917,335,24.15
6963,7062,335,26.23
5648,5647,335,18.41
935,834,335,24.88
5449,5448,335,16.47
2118,2117,335,16.68
3017,3016,335,23.08
5608,5607,335,43.27
3217,3216,335,65.58
851,750,335,10.23
669,668,335,33.74
975,874,335,7.28
6455,6555,335,6.96
4412,4411,335,23.01
4513,4512,335,20.58
842,741,335,16.31
3614,3513,335,23.21
5810,5809,335,45.29
5917,6016,335,11.31
6126,6125,336,55.52
5508,5507,336,47.59
766,765,336,96.04
4012,4011,336,21.9
5311,5310,336,48.66
736,735,336,17.53
5547,5546,336,17.18
6046,6045,336,15.28
6861,6860,336,23.82
2820,2819,336,8.94
3516,3416,336,7.8
738,637,336,26.69
6261,6260,336,14.89
5913,5912,336,42.34
5184,5283,336,8.04
3811,3810,336,38.29
2920,2819,336,7.17
6661,6660,336,29.6
3415,3414,336,17.91
5038,5039,336,2.96
1522,1521,336,74.54
4713,4712,336,15.65
3913,3912,336,22.91
3613,3512,336,24.05
3813,3912,336,20.83
3315,3314,336,61.5
5213,5212,337,65.96
3216,3215,337,63.36
1032,1031,337,59.64
1331,1330,337,35.28
1721,1720,337,29.35
861,860,337,32.91
750,749,337,57.87
3612,3611,337,24.54
934,833,337,24.65
4312,4311,337,18.73
6128,6227,337,21.87
6963,7063,337,12.95
1232,1231,337,11.24
6772,6871,337,14.15
6761,6760,337,28.93
5181,5280,337,10.69
5707,5706,337,26.69
1920,1919,337,20.72
739,638,337,26.49
872,773,337,7.49
6771,6871,337,4.96
4613,4612,337,15.81
1525,1425,337,17.56
1525,1424,337,25.76
5410,5409,337,31.13
4938,4939,337,2.75
765,764,338,56.05
3711,3710,338,25.94
4212,4211,338,27.85
933,932,338,21.41
5014,5013,338,20.94
835,734,338,26.59
5115,5114,338,17.22
2420,2419,338,18.54
3314,3313,338,69.82
670,569,338,18.91
4110,4109,338,31.98
740,639,338,25.73
668,667,338,49.97
6862,6961,338,12.15
739,639,338,16.42
5607,5606,338,35.25
955,854,338,7.98
5846,5745,338,11.6
5845,5844,338,17.48
4813,4812,338,18.45
4487,4587,338,2.67
5212,5211,338,107.75
6860,6859,338,51.33
5377,5477,338,3.26
1623,1622,338,31.62
749,748,339,59.68
1424,1423,339,60.49
1031,1030,339,81.25
1330,1329,339,74.54
5912,5911,339,41.97
5507,5506,339,45.87
6125,6124,339,41.83
3810,3809,339,49.04
6016,6015,339,27.66
5809,5808,339,29.84
6024,6123,339,26.76
6025,6124,339,25.06
5945,5944,339,18.16
2619,2618,339,9.74
853,752,339,18.42
1820,1819,339,23.64
5538,5639,339,6.43
3116,3115,339,21.73
3215,3214,339,70.49
3512,3511,339,49.06
846,745,339,10.53
1030,1029,340,229.7
4211,4210,340,83.72
932,931,340,54.27
569,568,340,61.57
3611,3610,340,48.3
5409,5408,340,34.34
5211,5210,340,80.52
4011,4010,340,32.34
1429,1428,340,21.04
1131,1130,340,21.11
2917,2916,340,22.95
4512,4511,340,21.36
4913,4912,340,19.68
2018,2017,340,18.75
6126,6225,340,23.59
6247,6246,340,16.2
6449,6448,340,14.96
2319,2318,340,13.85
3313,3312,340,75.22
6146,6145,340,16.87
6129,6228,340,12.25
6147,6246,340,11.71
3016,3015,340,21.65
3812,3911,340,17.34
5310,5309,340,31.77
958,857,340,7.2
959,858,340,6.71
6349,6448,340,11.45
5280,5279,340,49.33
4411,4410,340,24.41
6373,6374,340,2.53
6551,6550,340,12.11
1084,983,340,6.4
4109,4108,340,50.52
667,666,340,52.4
2290,2391,340,1.17
4838,4839,340,2.95
1428,1427,341,260.17
3511,3510,341,51.46
748,747,341,66.5
3809,3808,341,65.92
1720,1719,341,25.39
5647,5646,341,17.77
5339,5238,341,21.77
2719,2718,341,13.69
636,635,341,16.31
772,672,341,7.42
740,640,341,12.13
6864,6965,341,8.09
957,856,341,7.47
6348,6347,341,16.31
3214,3213,341,80.83
960,859,341,6.11
5808,5807,341,61.92
5283,5282,341,21.35
3115,3114,341,74.72
6361,6360,341,14.4
847,746,341,9.96
1790,1690,341,2.46
3513,3412,341,25.85
3189,3290,341,1.54
3889,3989,341,2.49
1130,1129,342,89.94
931,930,342,52.69
1029,1028,342,74.54
3610,3609,342,50.03
1423,1422,342,38.44
752,751,342,47.28
5911,5910,342,42.09
6015,6014,342,38.34
5013,5012,342,25.79
3710,3709,342,27.91
1622,1621,342,29.88
1231,1230,342,24.12
4311,4310,342,21.15
735,634,342,26.77
5506,5505,342,38.92
637,536,342,26.31
3414,3413,342,17.85
6125,6224,342,26.69
5448,5447,342,16.48
5706,5705,342,24.07
1427,1426,342,258.61
6964,7064,342,11.05
2519,2518,342,9.74
4108,4107,342,74.78
845,744,342,10.13
5606,5605,342,28.29
956,855,342,7.74
1521,1520,342,16.68
568,567,342,61.19
6860,6959,342,24.89
1525,1426,342,13.32
3512,3411,342,25.5
745,744,342,39.77
3510,3509,343,52.67
3808,3807,343,84.95
5408,5407,343,45
5210,5209,343,49.23
6123,6122,343,27.87
5114,5113,343,24.41
833,832,343,18.46
7063,7162,343,24.88
4712,4711,343,15.76
6045,6044,343,16.67
638,537,343,26.76
5546,5545,343,16.57
2819,2818,343,15.65
1919,1918,343,18.01
4107,4106,343,242.26
6553,6652,343,12.16
5738,5739,343,6.22
5282,5281,343,87.54
6033,6134,343,4.38
764,763,343,23.65
981,881,343,3.1
3114,3113,343,88.49
6859,6858,343,20.52
3213,3212,343,86.06
3312,3311,343,33.46
6572,6673,343,2.95
3113,3112,344,104.44
1230,1229,344,89.94
1129,1128,344,74.54
3411,3410,344,62.19
1422,1421,344,74.54
3709,3708,344,87.31
1329,1328,344,20.74
5844,5843,344,17.62
932,831,344,24
4612,4611,344,15.4
4106,4105,344,165.01
1424,1323,344,21.87
666,665,344,27.71
638,538,344,14.72
5185,5284,344,13.3
639,538,344,26.77
2218,2217,344,8.99
6554,6653,344,12.14
6057,6058,344,5.58
6037,6136,344,8.71
4638,4639,344,3.94
5957,6058,344,6.29
5845,5744,344,11.94
5914,6013,344,10.24
5038,5139,344,3.45
5309,5308,344,27.71
1425,1324,344,21.62
842,742,344,5.62
6561,6560,344,9.78
4812,4811,344,18.73
5910,5909,344,73.43
1328,1327,345,188.86
1323,1322,345,113.05
3807,3806,345,72.85
744,743,345,44.05
3609,3608,345,36.91
6224,6223,345,38.48
536,535,345,34.61
4105,4104,345,104.26
4511,4510,345,22.92
4210,4209,345,22.83
2916,2915,345,22.15
5944,5943,345,19.59
569,468,345,21.49
734,733,345,16.53
3311,3310,345,68.7
639,539,345,14.88
844,743,345,10.43
670,570,345,6.88
1819,1818,345,19.15
5707,5806,345,11.94
2791,2891,345,4.56
3911,3910,345,22.04
3015,3014,345,23.12
4410,4409,345,24.96
4010,4009,345,24.96
5012,5011,345,45.1
4912,4911,345,24.67
3608,3607,346,157.25
1327,1326,346,260.17
3112,3111,346,88.56
3410,3409,346,59.71
3708,3707,346,74.2
5113,5112,346,41.27
5407,5406,346,42.55
3509,3508,346,38.09
6122,6121,346,37.52
930,929,346,29.75
5705,5704,346,25.53
6246,6245,346,17.34
931,830,346,24.49
6448,6447,346,17.27
2618,2617,346,15.48
6227,6326,346,17.37
6145,6144,346,16.96
1719,1718,346,22.82
5339,5239,346,8.54
5909,5908,346,54.94
6247,6346,346,11.75
5746,5645,346,10.95
6449,6548,346,11.48
5605,5604,346,26.09
6146,6245,346,11.86
5505,5504,346,31.96
5738,5839,346,7.13
879,778,346,7.66
5808,5907,346,21.36
880,779,346,8.01
4738,4739,346,3.42
1388,1288,346,2.47
4538,4539,346,4.4
6136,6135,346,67.23
6461,6460,346,7.81
3212,3211,346,34.98
6020,6119,346,7.91
6017,6116,346,11.66
3707,3706,347,179.28
3607,3606,347,191.9
3508,3507,347,168.02
3806,3805,347,50.84
5011,5010,347,74.55
6223,6222,347,71.9
1322,1321,347,74.54
1229,1228,347,45.66
1326,1325,347,194.21
4310,4309,347,20.22
5209,5208,347,29.97
2718,2717,347,17.98
6550,6549,347,15.34
2017,2016,347,15.35
3310,3309,347,69.91
6871,6970,347,14.26
7063,7163,347,11.08
6016,6115,347,11.86
2117,2116,347,8.5
6449,6549,347,7.36
5439,5540,347,9.19
6552,6651,347,7.88
6021,6120,347,7.9
853,753,347,6.62
854,753,347,17.44
5913,6012,347,10.43
5308,5307,347,41.86
6174,6175,347,2.53
568,467,347,21.62
567,566,347,20.96
3507,3506,348,204.83
3606,3605,348,128.74
3706,3705,348,124.37
929,928,348,74.66
3409,3408,348,85.37
6119,6118,348,96.8
4911,4910,348,45.22
733,732,348,41.24
2818,2817,348,21.42
634,633,348,17.94
536,436,348,16.72
536,435,348,26.35
1028,1027,348,17.95
4104,4103,348,35.89
3309,3308,348,106.84
6555,6655,348,7.84
6018,6117,348,8.67
2519,2418,348,8.65
878,777,348,7.92
1421,1420,348,26.02
5112,5111,348,74.15
6959,6958,348,20
3111,3110,348,75.54
3211,3210,348,80.32
3408,3407,349,179.16
3506,3505,349,128.65
6222,6221,349,74.71
5010,5009,349,74.55
3805,3804,349,75.32
3014,3013,349,30.87
4811,4810,349,23.65
4009,4008,349,32.82
832,731,349,26.5
4711,4710,349,17.94
5406,5405,349,39.7
6044,6043,349,17.62
1520,1519,349,16.15
5447,5446,349,16.59
2518,2517,349,14.39
1621,1620,349,15.69
1918,1917,349,18.67
6555,6654,349,10.88
5706,5805,349,12.1
4338,4339,349,6.09
3308,3307,349,197.17
7162,7161,349,19.33
3210,3209,349,102.92
6772,6872,349,4.7
4510,4509,349,26.35
4438,4439,349,4.59
6455,6556,349,4.93
4209,4208,349,25.71
6373,6474,349,2.92
3910,3909,349,27.36
863,762,349,7.37
2690,2591,349,2.52
5009,5008,350,109.45
928,927,350,55.49
4910,4909,350,74.55
3605,3604,350,86.37
1321,1320,350,41.44
3407,3406,350,204.57
4611,4610,350,19.59
5111,5110,350,74.55
1324,1223,350,25.51
5843,5842,350,17.71
538,437,350,26.69
7064,7164,350,13.47
5307,5306,350,44.2
5844,5743,350,11.96
569,469,350,8.36
5604,5603,350,30.41
5912,6011,350,10.47
5504,5503,350,31.56
5909,6008,350,23.78
2218,2317,350,8.28
6858,6857,350,15.12
862,761,350,7.48
3307,3306,350,191.09
6012,6011,350,34.98
6057,6158,350,6.09
4409,4408,350,20.87
740,641,350,7.94
665,664,350,17.37
6326,6325,350,28.67
5208,5207,350,38.89
2915,2914,350,22.95
6551,6650,350,7.79
3289,3390,350,1.53
467,466,350,39.49
1488,1489,350,1.2
3306,3305,351,108.37
4008,4007,351,57.38
633,632,351,42.8
6970,6969,351,29.74
1228,1227,351,28.48
5704,5703,351,22.85
830,829,351,20.43
5943,5942,351,19.45
733,632,351,26.73
6221,6220,351,73.04
6115,6114,351,30.51
538,438,351,15.8
3406,3405,351,124.09
5907,5906,351,23.1
6228,6327,351,13.29
3505,3504,351,92.18
4103,4102,351,34.21
877,776,351,7.87
750,649,351,9.22
566,565,351,31.53
3804,3803,351,57.25
3689,3790,351,1.49
5910,6009,351,17.46
1227,1226,352,260.17
5008,5007,352,93.35
4909,4908,352,74.55
5842,5841,352,59.36
4208,4207,352,39.1
7161,7160,352,42.68
4810,4809,352,40.2
3909,3908,352,34.16
5446,5445,352,40.14
3705,3704,352,26.86
1027,1026,352,26.59
2817,2816,352,26.27
3110,3109,352,31.37
2717,2716,352,22.59
6245,6244,352,18.1
6447,6446,352,18.6
2617,2616,352,19.59
6548,6547,352,17.93
535,534,352,16.01
1128,1127,352,12.74
2217,2216,352,13.64
5110,5109,352,89.49
5545,5544,352,11.76
5405,5404,352,35.56
6246,6345,352,11.92
6448,6547,352,11.91
6144,6143,352,17.26
6145,6244,352,11.87
6346,6345,352,18.82
639,540,352,10.31
861,760,352,7.85
2914,2913,352,79.68
876,775,352,7.28
1818,1817,352,16.54
1718,1717,352,17.21
466,465,352,69.46
6958,6957,352,30.35
6325,6324,352,51.03
3209,3208,352,45.4
5280,5379,352,9.83
4886,4986,352,1.95
2090,2091,352,1.17
3208,3207,353,183.58
3109,3108,353,121.64
829,828,353,78.14
4007,4006,353,51.38
1226,1225,353,243.63
6011,6010,353,35.56
5306,5305,353,33.65
4710,4709,353,25.2
3013,3012,353,29.26
1223,1222,353,44
5645,5644,353,14.3
1324,1224,353,11.83
5503,5502,353,36.42
6550,6649,353,11.57
5911,6010,353,10.46
5603,5602,353,39.66
749,648,353,9.11
1085,984,353,7.53
5938,6038,353,4.67
6324,6323,353,100.94
4309,4308,353,17.71
5207,5206,353,49.57
4509,4508,353,25.65
565,564,353,81.41
3405,3404,353,91.98
3604,3603,353,35.76
3803,3802,353,57.46
2390,2491,353,1.17
1890,1991,353,1.39
745,644,353,10.68
3207,3206,354,127.88
564,563,354,104.8
4809,4808,354,63.93
760,759,354,71.34
5007,5006,354,82.56
465,464,354,78.54
1127,1126,354,70.12
775,774,354,76.82
4207,4206,354,51.11
4908,4907,354,90.32
6220,6219,354,42.19
632,631,354,47.67
4610,4609,354,25.81
664,663,354,29.83
1519,1518,354,20.52
436,335,354,26.77
633,532,354,26.61
2116,2115,354,15.04
6114,6113,354,33.44
1320,1319,354,28.15
5109,5108,354,53.15
1620,1619,354,21.96
634,533,354,11.99
747,646,354,10.92
5705,5804,354,12.02
752,651,354,10
2913,2912,354,74.08
5805,5804,354,21.49
6129,6229,354,3.95
6958,7057,354,25.28
5283,5382,354,8.03
4102,4101,354,34.02
1026,1025,354,74.55
4188,4288,354,1.86
746,645,354,11.74
563,562,355,104.49
4206,4205,355,147.64
4808,4807,355,120.94
3108,3107,355,97.71
828,827,355,74.54
6323,6322,355,63.58
3802,3801,355,62.81
3603,3602,355,63.65
3908,3907,355,36.61
5445,5444,355,37.67
6969,6968,355,27.64
5703,5702,355,31.65
4408,4407,355,20.67
7161,7260,355,26.62
731,730,355,17.19
436,336,355,14.99
5502,5501,355,79.94
6043,6042,355,17.76
6008,6007,355,23.14
2016,2015,355,12.7
1917,1916,355,18.7
5404,5403,355,34.8
3112,3011,355,13.48
1126,1125,355,260.17
854,754,355,6.14
3305,3304,355,25.96
4686,4787,355,1.82
4686,4687,355,1.57
3111,3010,355,16.82
4807,4806,356,135.27
3010,3009,356,176.96
1125,1124,356,221.68
3206,3205,356,80.78
6219,6218,356,93.56
663,662,356,56.82
759,758,356,74.55
464,463,356,84.17
1025,1024,356,74.55
5006,5005,356,52.58
4907,4906,356,82.06
648,647,356,45.39
4006,4005,356,43.05
5841,5840,356,27.3
5942,5941,356,23.06
6857,6856,356,16.94
2517,2516,356,16.65
435,434,356,13.54
2418,2417,356,13.64
1223,1122,356,26.47
3805,3904,356,16.88
5906,5905,356,20.67
6653,6752,356,12.17
5843,5742,356,11.97
744,643,356,10.28
748,647,356,8.72
5185,5285,356,4.36
6858,6757,356,11.52
6672,6773,356,2.78
6174,6275,356,2.92
3804,3703,356,23
3804,3903,356,23
3504,3503,356,24.34
3009,3008,357,110.1
1024,1023,357,260.17
3107,3106,357,75.42
4407,4406,357,89.13
6322,6321,357,83.21
4205,4204,357,95.5
335,334,357,35.44
631,630,357,39.49
5382,5381,357,40.44
5206,5205,357,30.99
4709,4708,357,33.02
2616,2615,357,24
5602,5601,357,32.6
632,531,357,25.82
2317,2316,357,14.54
5842,5741,357,22.27
2716,2715,357,22.53
437,337,357,15.73
7161,7261,357,13.95
2816,2815,357,23.3
1222,1221,357,30.45
5305,5304,357,31.56
5108,5107,357,48.26
4806,4805,357,209.16
6007,6006,357,67.43
538,439,357,11.22
438,337,357,25.53
562,561,357,76.3
6013,6112,357,11.35
4508,4507,357,25.69
4406,4405,358,128.7
5941,5940,358,82.27
4906,4905,358,81.86
662,661,358,74.54
758,757,358,78.92
463,462,358,83.19
3703,3702,358,63.67
5702,5701,358,41.04
5444,5443,358,35.42
3907,3906,358,44.34
4609,4608,358,25.88
4308,4307,358,21.65
6006,6005,358,104.01
6547,6546,358,19.48
6446,6445,358,19.87
5403,5402,358,34.11
534,433,358,26.61
6244,6243,358,18.99
3404,3403,358,21.52
927,926,358,13.77
1223,1123,358,13.5
6116,6215,358,11.89
1319,1318,358,30.56
6245,6344,358,12.01
6447,6546,358,12.06
6548,6647,358,11.99
7064,7165,358,9.04
4105,4004,358,10.73
4104,4003,358,11.06
4104,4203,358,11.06
858,757,358,8.05
5804,5803,358,29.73
6345,6344,358,19.45
2912,2911,358,25.79
6144,6243,358,11.91
1817,1816,358,17.31
5744,5643,358,10.39
6346,6445,358,12.07
857,756,358,8.04
7160,7059,358,26.41
7160,7259,358,26.41
2791,2792,358,2.94
3803,3702,358,22.93
3803,3902,358,22.93
6218,6217,358,57.82
3903,3902,358,71.48
5940,5939,359,106.6
1023,1022,359,57.14
4805,4804,359,67.36
1122,1121,359,39.79
6968,6967,359,25.75
1619,1618,359,24.53
651,650,359,23.66
6957,6956,359,14.39
2216,2215,359,16.18
4708,4707,359,51.35
6872,6971,359,14.28
1518,1517,359,22.15
5107,5106,359,54.52
561,560,359,70.53
672,571,359,8.29
6871,6971,359,4.74
1717,1716,359,15.18
6555,6656,359,6.12
753,652,359,12.12
772,673,359,4.56
1420,1419,359,9.14
856,755,359,7.99
3106,3105,359,76.63
1287,1187,359,1.99
643,642,359,39.52
4905,4904,360,50.84
3902,3901,360,75.34
462,461,360,71.66
4405,4404,360,57.16
5381,5380,360,43.81
4203,4202,360,67.48
5005,5004,360,30.79
661,660,360,74.54
335,234,360,26.48
631,530,360,26.77
5382,5481,360,26.76
6649,6648,360,16.67
3802,3701,360,21.05
3802,3901,360,21.05
3603,3502,360,20.75
5905,5904,360,32.19
1221,1220,360,36.39
5304,5303,360,35.96
6549,6648,360,11.48
6655,6754,360,12.07
6321,6320,360,42.33
3806,3905,360,9.72
533,432,360,26.54
6112,6111,360,34.34
6115,6214,360,11.6
438,338,360,11.85
4707,4706,360,118.62
334,333,360,37.1
2914,2813,360,15.64
5776,5777,360,3.65
6012,6111,360,11.15
6473,6574,360,3.81
4507,4506,360,36.5
4003,4002,360,79.44
3105,3104,361,33.49
1121,1120,361,35.03
5443,5442,361,33.93
6005,6004,361,16.55
3008,3007,361,3.29
6856,6855,361,16.39
1122,1021,361,36.57
336,235,361,36.57
5444,5543,361,20.24
335,235,361,21.42
2115,2114,361,8.29
5382,5482,361,11.9
5544,5543,361,14.88
6042,6041,361,13.15
5502,5401,361,45.42
881,780,361,24.8
2913,2812,361,45.86
5339,5240,361,8.38
983,882,361,26.86
880,780,361,4.79
3689,3690,361,1.27
3205,3204,361,14.6
2715,2714,362,14.68
5741,5740,362,16.94
6757,6756,362,15.3
3107,3006,362,45.37
4407,4306,362,42
5205,5204,362,18.8
336,236,362,20.56
3602,3601,362,6.51
730,729,362,10.73
2815,2814,362,14.55
337,236,362,34.76
649,548,362,23.87
6654,6753,362,7.21
6043,6142,362,8.97
5803,5802,362,16.38
778,677,362,20.88
779,678,362,23.52
830,729,362,14.56
560,559,362,17.14
6653,6753,362,4.45
6652,6751,362,5.14
3304,3303,362,13.19
5378,5478,362,2.34
4102,4001,362,26.57
7057,7056,362,14.75
2915,2814,362,17.8
5085,5086,362,1.94
926,925,362,15.79
6217,6216,362,20.28
6117,6216,362,5.79
3105,3004,363,45.48
1121,1020,363,46.05
433,332,363,35.72
3009,2908,363,38.49
2015,2014,363,8.57
648,547,363,27.41
337,237,363,21.15
5206,5105,363,24.53
234,233,363,34.94
829,728,363,26.57
6650,6749,363,8.72
777,676,363,19.47
6008,6107,363,7.26
4202,4201,363,34.73
5284,5383,363,3.42
6111,6110,363,34.7
5743,5642,363,13.78
334,233,363,28.71
466,365,363,25.44
3106,3005,363,45.56
644,543,363,22.22
467,366,363,20.38
5442,5441,364,37.18
5481,5480,364,32.63
4404,4303,364,42.75
4404,4403,364,29.31
755,654,364,36.88
642,541,364,40.08
6546,6545,364,16.17
6647,6646,364,16.78
6445,6444,364,16.23
4805,4704,364,29.82
2615,2614,364,3.56
4406,4305,364,33.09
2516,2515,364,5.38
647,546,364,25.3
464,363,364,26.55
651,550,364,17.65
2812,2811,364,37.63
465,364,364,26.19
234,133,364,37.78
775,674,364,26.82
5403,5302,364,25.01
2813,2712,364,45.79
469,368,364,19.85
6344,6343,364,15.67
2016,1915,364,11.58
776,675,364,22.67
6228,6328,364,3.34
753,653,364,8.09
5477,5577,364,3.27
645,544,364,17.96
984,883,364,26.62
643,542,364,25.63
3007,2906,365,36.4
4706,4605,365,29.81
5443,5542,365,18.85
462,361,365,25.78
4405,4304,365,29.53
1023,922,365,24.65
2417,2416,365,8.31
758,657,365,26.35
463,362,365,26.54
5205,5104,365,21.9
3010,2909,365,26.69
646,545,365,16.93
2812,2711,365,45.43
234,134,365,20.06
6650,6750,365,5.8
5304,5203,365,25.39
6655,6755,365,4.88
235,134,365,37.23
6007,6106,365,10.3
5402,5301,365,24.18
561,460,365,25.64
6009,6108,365,7.72
569,470,365,5.77
4707,4606,365,29.71
570,470,365,7.41
2791,2692,365,4.29
3011,2910,365,23.73
757,656,365,26.27
2714,2613,366,44.05
2714,2713,366,31.06
6320,6319,366,19.68
6214,6213,366,17.97
461,360,366,24.86
5004,5003,366,18.48
4706,4705,366,18.23
2814,2713,366,44.6
756,655,366,24.11
630,629,366,5.05
5303,5202,366,25.66
5742,5641,366,15.62
827,826,366,7.99
1187,1086,366,23.38
927,826,366,11.59
7161,7262,366,7.22
652,551,366,23.62
4806,4705,366,22.93
6114,6213,366,6.75
235,135,366,20.3
560,459,366,25.46
5642,5641,366,37.81
5776,5677,366,4.97
4506,4505,366,19.58
6037,6137,366,2.14
2791,2892,366,3.47
6110,6109,366,37.78
926,825,366,21.02
3988,4089,366,1.28
548,447,367,30.23
6855,6854,367,16.84
882,781,367,27.01
3204,3203,367,17.47
133,132,367,37.61
3104,3103,367,17.23
5004,4903,367,21.28
1220,1119,367,22.41
1220,1219,367,16.32
673,572,367,20.35
5904,5903,367,16.42
2316,2315,367,7.41
3503,3402,367,15.97
3403,3402,367,11.83
6649,6748,367,8.61
4339,4340,367,5.53
236,136,367,21.92
237,136,367,45.62
3304,3203,367,15.62
5642,5541,367,44.09
5776,5877,367,3.67
543,442,367,41.72
1890,1891,367,1.26
2614,2513,368,43.39
541,440,368,43.47
5302,5201,368,45.78
4403,4302,368,45.27
4403,4402,368,33.08
542,441,368,45.87
2711,2710,368,35.55
559,458,368,24.89
559,558,368,17.04
550,449,368,39.84
550,549,368,26.06
729,628,368,26.56
925,824,368,25.94
925,924,368,17.2
2712,2611,368,46.15
133,32,368,45.45
6004,6003,368,16.57
650,549,368,17.71
5240,5140,368,15.56
5204,5103,368,24
540,440,368,8.12
438,339,368,10.18
4704,4603,368,37.62
6326,6425,368,4.33
5203,5102,369,45.69
5003,5002,369,37.83
134,33,369,41.75
546,445,369,29.4
2711,2610,369,46.16
547,446,369,25.58
3004,3003,369,18.33
3104,3003,369,19.17
6757,6657,369,9.2
5802,5801,369,16.46
678,577,369,21.95
5382,5483,369,9.55
337,238,369,13.3
1916,1815,369,11.52
1816,1815,369,8.06
1717,1616,369,11.35
5039,5040,369,3.39
1085,985,369,4.08
1718,1617,369,10.44
4704,4703,369,23.92
3589,3590,369,1.41
3006,2905,369,21.64
543,443,369,17.8
4903,4902,370,37.48
2713,2612,370,45.42
2613,2512,370,44.52
2613,2612,370,31.77
656,555,370,28.92
470,369,370,34.55
883,782,370,26.92
5003,4902,370,44.42
675,574,370,24.32
3005,2904,370,21.05
365,264,370,21.97
3004,2903,370,21
6142,6141,370,14.19
363,262,370,24.86
1716,1715,370,8.47
5941,6040,370,8.61
364,263,370,24.07
677,576,370,19.74
6956,6955,370,8.76
3403,3302,370,13.39
1419,1418,370,8.42
6042,6141,370,8.88
3303,3302,370,13.8
5202,5101,370,45.93
366,265,370,22.23
4939,4940,370,3.31
5976,6076,370,1.59
7057,7157,370,5.47
7057,7156,370,8.54
4903,4802,371,42.66
449,448,371,35.74
2909,2808,371,28.06
460,359,371,23.77
362,261,371,24.61
657,556,371,24.27
134,34,371,17.78
2710,2709,371,35.29
654,553,371,23.57
780,679,371,15.13
6545,6544,371,16.59
135,35,371,21.75
676,575,371,19.94
531,430,371,11.76
136,35,371,41.87
2015,1914,371,11
6319,6318,371,20.31
368,267,371,21.35
368,367,371,15.92
236,137,371,16.06
237,137,371,13.64
4605,4504,371,27.81
442,341,371,41.34
2906,2805,371,25.92
2610,2609,372,37.48
441,340,372,45.68
4603,4502,372,43.33
4603,4602,372,30.05
2513,2412,372,43.69
2611,2510,372,46.12
629,528,372,26.36
551,450,372,25.66
655,554,372,26.72
449,348,372,46.19
361,260,372,22.2
545,444,372,23.5
2710,2609,372,46.11
1021,920,372,12.91
5002,5001,372,36.38
6213,6212,372,19.01
3502,3501,372,8.81
6106,6105,372,16.33
530,529,372,8.62
6752,6851,372,8.5
6113,6212,372,6.6
1318,1317,372,3.18
3303,3202,372,14.48
4605,4604,372,16.21
4539,4540,372,4.07
2910,2809,372,22.2
2512,2511,373,34.48
4902,4901,373,37.75
2610,2509,373,45.66
4302,4301,373,20.08
4402,4401,373,20.44
447,346,373,25.84
4903,4803,373,17.07
781,680,373,27.04
6646,6645,373,11.53
1120,1019,373,12.55
5002,4901,373,46.2
674,573,373,15.87
3502,3401,373,11.15
1716,1615,373,10.93
2215,2214,373,6.67
136,36,373,17.69
827,727,373,6.05
827,726,373,8.25
459,358,373,21.7
532,431,373,10.24
4439,4440,373,4.3
4839,4840,373,3.29
442,342,373,18.07
4608,4607,373,3.38
5480,5479,373,11.41
4639,4640,373,3.75
4487,4488,373,1.41
4088,4189,373,1.3
3789,3890,373,1.28
443,342,373,41.97
2512,2411,374,45.88
4902,4801,374,45.1
924,823,374,27.02
924,923,374,16.72
4802,4801,374,37.66
6425,6424,374,16.76
3103,3102,374,14.47
360,259,374,19.34
825,724,374,18.04
2709,2708,374,37.8
5903,5902,374,16.56
653,552,374,14.4
369,268,374,41.97
6748,6747,374,16.62
6752,6852,374,5.41
6243,6242,374,6.1
1219,1118,374,20.71
1219,1218,374,15.67
652,552,374,7.33
1517,1516,374,6.19
6865,6966,374,2.32
6327,6426,374,5.3
4703,4702,374,20.28
348,347,375,37.35
446,345,375,26.39
2905,2804,375,24
2609,2608,375,37.57
445,344,375,26.26
339,239,375,14.35
4802,4701,375,43.28
2709,2608,375,44.86
7056,7055,375,8.23
341,240,375,44.95
985,884,375,26.3
6647,6746,375,7.86
233,232,375,8.34
6872,6972,375,3.29
6344,6443,375,8.26
238,138,375,17.41
1489,1389,375,4.84
558,457,375,22.71
558,557,375,16.42
6110,6209,375,12.75
458,357,375,22.7
458,457,375,16.42
443,343,375,17.61
2510,2409,376,45.48
4502,4501,376,31.4
4604,4503,376,37.22
4504,4503,376,20.65
348,247,376,42.29
782,681,376,27.04
2904,2803,376,24.23
3003,3002,376,14.45
577,476,376,20.33
574,473,376,23.96
2609,2508,376,42.93
6003,6002,376,14.19
6854,6853,376,11.39
2014,2013,376,7.8
432,331,376,9.34
530,429,376,9.01
264,163,376,24.16
6229,6329,376,4.42
1517,1416,376,9.05
4839,4740,376,4.62
4739,4740,376,3.54
5085,5186,376,1.89
826,725,376,15.26
6318,6317,376,20.63
2511,2410,377,46.05
554,453,377,29.26
2805,2704,377,25.86
3302,3301,377,14.77
6544,6543,377,16.87
342,241,377,44.81
450,350,377,21.77
450,349,377,31.67
2014,1913,377,10.46
2114,2113,377,6.54
263,162,377,22.73
262,161,377,22.42
3402,3301,377,15.38
6215,6314,377,7.14
2516,2415,377,8.22
265,164,377,23.14
1915,1814,377,10.92
137,37,377,17.49
1518,1417,377,7.72
6111,6210,377,8.66
2708,2707,377,37.37
6573,6674,377,2.36
367,266,377,23.77
267,166,377,23.9
267,266,377,16.79
3202,3201,378,16.89
346,245,378,31.86
4602,4601,378,19.94
679,578,378,21.26
2808,2807,378,14.63
348,248,378,17.37
32,31,378,10.41
6209,6208,378,37.83
2614,2514,378,7.52
6212,6211,378,19.54
2608,2607,378,36.15
576,475,378,19.23
529,428,378,26.81
132,131,378,9.43
6112,6211,378,6.1
2708,2607,378,42.32
4702,4601,378,44.01
347,246,379,43.22
358,257,379,24.41
6955,6954,379,11.44
2903,2902,379,11.29
3003,2902,379,15.29
573,472,379,26.86
575,474,379,20.1
240,139,379,45.43
6105,6104,379,16.25
6142,6241,379,8.68
261,160,379,20.18
2608,2507,379,39.77
1021,921,379,5.59
5481,5580,379,7.46
6002,6001,379,33.41
359,258,379,19.57
5240,5141,379,7.88
5240,5241,379,5.75
6751,6850,379,8.73
1690,1590,379,3.32
343,242,379,36.16
453,452,380,37.41
552,451,380,24.37
823,722,380,25.07
823,822,380,17.07
3102,3101,380,19.04
3202,3101,380,18.66
2412,2311,380,17.95
138,38,380,21.82
553,452,380,16.76
6214,6313,380,7.33
6002,5901,380,35.58
260,159,380,18.92
268,167,380,24.66
6424,6423,380,16.96
3190,3191,380,1.32
1790,1791,380,1.29
453,352,381,42.44
3002,3001,381,20.07
7055,7054,381,16.82
357,256,381,27.02
357,356,381,16.69
557,456,381,28.28
247,146,381,30.81
3102,3001,381,22.37
556,455,381,15.46
241,140,381,44.51
344,243,381,26.26
6657,6557,381,8.79
2513,2413,381,7.71
2711,2810,381,9.31
6749,6848,381,8.32
1218,1217,381,15
332,231,381,8.23
6343,6342,381,6.23
1288,1188,381,3.52
259,158,381,22.35
5938,6039,381,2.98
6772,6873,381,2.39
884,783,381,26.94
3589,3490,381,1.99
6217,6316,381,5.75
350,249,382,29.46
3002,2901,382,24.87
429,328,382,26.91
681,580,382,27.03
6645,6644,382,11.58
345,244,382,22.87
430,329,382,13.6
7156,7155,382,8.6
1715,1714,382,8.94
1616,1515,382,11.37
6750,6849,382,8.61
450,351,382,14.8
3007,2907,382,4.89
6545,6644,382,7.94
1218,1117,382,19.17
1815,1714,382,10.96
6474,6475,382,2.88
724,723,382,12.83
6327,6427,382,3.22
242,141,383,36.43
166,65,383,25.47
166,165,383,17.14
2704,2603,383,23.59
2704,2703,383,16.7
246,145,383,39.55
453,353,383,17.25
2411,2310,383,16.35
2509,2408,383,15.13
680,579,383,14.38
248,147,383,30.19
2903,2802,383,11.53
1715,1614,383,11.23
1119,1018,383,8.96
6215,6315,383,3.94
6757,6658,383,5.54
1187,1087,383,4.33
473,372,383,21.22
4587,4588,383,2.37
4487,4388,383,1.99
2707,2606,384,20.6
2707,2706,384,15.62
163,62,384,18.65
476,375,384,19.84
139,39,384,21.93
4340,4341,384,6.21
6002,6101,384,19.15
571,471,384,4.1
758,658,384,3.9
164,63,384,23.14
724,623,384,15.01
6374,6375,384,2.2
726,625,384,13.82
2807,2706,384,23.9
2807,2806,384,16.79
2902,2801,385,25.59
472,371,385,25.7
162,61,385,19.45
1914,1813,385,10.65
578,477,385,22.91
258,157,385,26.76
369,269,385,6.77
6748,6847,385,7.93
6002,6102,385,12.21
257,156,385,26.59
6208,6207,385,14.43
6229,6230,385,3.4
161,60,385,19.27
145,144,386,34.97
352,251,386,29.22
5580,5579,386,16.28
5141,5041,386,14.3
2803,2702,386,14.75
2409,2308,386,15.19
140,40,386,21.93
1615,1514,386,11.58
6141,6140,386,6.6
2315,2314,386,5.55
6313,6312,386,18.12
6209,6308,386,13.37
2515,2414,386,6.43
6543,6542,386,11.47
475,374,386,19.1
822,721,386,26.52
822,821,386,17.2
725,624,386,14.73
160,59,386,20.75
159,58,386,26.01
167,66,386,25.85
243,142,386,30.73
145,44,387,46.04
249,148,387,30.23
158,57,387,26.28
783,682,387,26.61
2410,2309,387,15.59
6104,6103,387,14.18
474,373,387,18.65
351,250,387,29.65
7157,7256,387,8.84
6847,6846,388,33.63
7155,7154,388,16.88
329,228,388,26.91
146,45,388,23.26
7054,7053,388,15.12
147,46,388,30.15
6746,6745,388,7.98
1516,1415,388,10.45
431,330,388,9.97
470,370,388,4.45
1086,986,388,4.75
31,30,388,10.04
5481,5581,388,3.68
353,252,389,25.02
2802,2701,389,25.04
141,41,389,19.63
2603,2602,389,19.39
2413,2312,389,19.03
244,143,389,22.39
2311,2210,389,16.89
6954,6953,389,10.89
165,64,389,25.38
6209,6309,389,7.18
6543,6442,389,12.84
6851,6950,389,8.74
372,271,389,25.29
6140,6139,390,32.23
2806,2705,390,26.96
2706,2605,390,26.75
2706,2705,390,17.15
2606,2505,390,24.91
2606,2605,390,17.04
2603,2502,390,23.12
4540,4541,390,5.64
6544,6643,390,7.82
5478,5578,390,3.64
6207,6206,390,22.39
6851,6951,390,5.85
727,626,390,8.62
131,130,390,9.09
44,43,390,36.32
3190,3091,390,1.87
1790,1691,390,1.83
6745,6744,391,34.69
269,168,391,24.2
375,274,391,20.32
580,479,391,15.92
2408,2407,391,13.47
579,478,391,19.06
4540,4441,391,7.74
555,454,391,6.95
4340,4441,391,6.08
1814,1713,391,10.74
1020,919,391,5.23
371,270,391,25.45
157,56,391,25.79
1388,1289,391,2
148,47,392,34.26
821,720,392,26.16
821,820,392,17.21
2702,2601,392,24.24
250,149,392,29.4
477,376,392,20.38
2310,2209,392,15.95
2408,2307,392,16.12
251,150,392,25.98
1913,1812,392,9.56
1913,1912,392,6.73
1416,1315,392,9.41
331,230,392,9
6312,6311,392,18.74
43,42,393,36.71
143,42,393,46.07
374,273,393,20.24
142,42,393,14.68
5041,4941,393,15.49
6847,6946,393,19.03
682,581,393,27.03
6308,6307,393,15.82
453,354,393,9.11
4640,4641,393,5.16
6643,6642,393,35.97
623,622,393,12.44
6744,6743,394,34.25
252,151,394,29.45
986,885,394,26.36
373,272,394,21.39
6847,6947,394,12.05
625,524,394,14.49
1614,1613,394,9.75
6241,6240,394,6.73
1417,1316,394,8.57
2013,2012,394,5.64
2214,2213,394,4.98
1317,1216,394,6.61
6852,6952,394,5.25
2892,2991,394,5.17
623,522,394,14.36
6211,6310,394,9.31
5086,4987,394,4.43
5086,5087,394,3.15
6322,6421,394,3.2
760,659,394,4.03
2692,2592,394,3.47
7053,7052,395,15.37
6103,6202,395,19.31
1515,1414,395,11.19
6275,6276,395,2.53
2308,2207,395,16.18
149,48,396,46.09
6946,6945,396,33.77
2705,2604,396,26.84
2505,2404,396,26.72
2505,2504,396,17.16
2605,2504,396,26.95
2605,2604,396,17.05
30,29,396,14.12
6745,6844,396,18.35
1514,1513,396,10.2
1614,1513,396,11.65
6103,6203,396,12.41
6850,6949,396,8.4
6314,6413,396,7.55
6474,6575,396,2.82
6950,6949,396,15.6
6240,6239,397,35.84
6946,6845,397,36.08
6206,6205,397,16.33
2602,2501,397,19.99
271,170,397,19.31
330,229,397,16.22
6745,6845,397,11.28
2312,2211,397,18.13
7256,7255,397,10.02
2309,2208,397,15.07
2603,2503,397,7.49
6342,6341,397,6.65
168,67,397,25.27
6743,6742,397,33.78
6275,6176,397,3.51
5284,5384,397,1.63
5185,5286,397,1.96
6421,6420,398,27.26
56,55,398,15.95
274,173,398,22.82
2210,2109,398,16.86
7154,7153,398,10.41
1514,1413,398,11.79
353,253,398,6.87
7054,7153,398,8.44
478,377,398,22.57
4840,4741,398,5.77
4341,4342,398,7.41
6657,6558,398,4.91
6320,6419,398,3.74
6229,6330,398,3.32
5241,5242,398,5.32
130,129,398,13.07
4886,4887,398,1.09
2507,2406,398,7.59
273,172,399,23.89
581,480,399,26.97
6744,6843,399,18.65
2307,2306,399,14.43
6844,6843,399,33.51
5141,5142,399,5.1
6202,6201,399,32.17
1813,1712,399,10.43
2892,2992,399,3.06
479,378,399,18.41
5241,5142,399,7.32
4587,4688,399,2.33
6317,6416,399,6.19
2191,2192,399,1.11
6318,6417,399,5.13
6945,6944,400,33.2
2307,2206,400,17.97
6847,6948,400,9.7
6849,6948,400,7.96
6307,6306,400,16.19
272,171,400,25.47
5141,5042,400,7.04
2113,2112,400,4.37
885,784,400,26.89
6313,6412,400,7.25
6319,6418,400,4.18
376,275,400,19.69
2507,2506,400,4.83
2607,2506,400,6.7
6239,6138,401,44.4
6239,6238,401,31.58
2209,2108,401,15.88
149,49,401,12.4
6946,7045,401,18.95
270,169,401,15.25
4541,4542,401,9.2
2502,2402,401,9.5
2502,2401,401,13.16
7155,7254,401,7.82
6314,6414,401,4.3
3889,3990,401,1.3
2504,2403,402,26.58
2404,2303,402,26.7
2404,2403,402,17.17
29,28,402,17.21
6946,7046,402,11.95
4541,4442,402,12.01
1415,1314,402,10.14
624,523,402,9.1
6103,6204,402,10.03
6947,7046,402,18.8
6316,6415,402,6.75
2413,2313,402,4.79
356,255,402,6.95
456,355,402,6.96
1590,1490,402,4.55
6542,6541,402,6.41
151,50,402,19.3
256,155,402,6.95
6773,6774,402,2.2
6944,6943,403,33.85
253,152,403,29.27
2207,2106,403,17.73
625,525,403,5.36
6947,7047,403,11.78
1019,918,403,4.75
1118,1017,403,5.04
229,128,403,26.94
6328,6428,403,2.63
1188,1088,403,4.62
3190,3291,403,1.29
173,72,404,24.38
55,54,404,17.13
6945,7044,404,19.26
7052,7051,404,11.41
4641,4642,404,9.38
1713,1612,404,11.15
1087,987,404,5
524,423,404,14.37
170,69,404,23.19
722,621,404,5.98
2211,2110,405,17.75
6541,6540,405,37.22
7053,7152,405,8.36
6557,6458,405,5.94
2406,2405,405,15.01
6309,6408,405,9.01
6442,6441,405,6.59
6872,6973,405,2.46
5876,5977,405,1.56
6943,6942,406,34.66
2401,2301,406,21.24
6412,6411,406,18.22
2306,2305,406,14.45
1513,1512,406,10.12
6541,6440,406,41.94
784,683,406,26.57
172,71,406,21.03
2406,2305,406,19.18
378,277,406,21.02
151,51,406,8.58
6311,6410,406,10.57
377,276,406,19.87
2208,2107,406,15.79
275,174,407,21.11
2112,2111,407,14.51
2306,2205,407,18.01
1315,1214,407,9.86
169,68,407,23.72
6306,6305,407,15.14
2109,2008,407,16.92
2892,2893,407,2.46
7164,7263,407,2.05
6950,7049,407,8.29
2303,2202,408,25.47
2303,2302,408,17.15
155,154,408,17.11
6944,7043,408,18.9
2112,2011,408,18.13
1413,1412,408,10.58
1414,1313,408,11.35
622,521,408,9.48
1812,1711,408,9.19
1812,1811,408,6.33
1217,1116,408,5.4
6951,7050,408,8.32
2191,2092,408,1.58
5677,5678,408,2.39
4641,4742,409,9.2
6240,6339,409,9.56
6742,6741,409,8.4
6642,6641,409,6.36
6947,7048,409,9.44
6948,7048,409,11.9
480,379,409,15.26
5086,5187,409,3.08
987,886,410,26.51
128,127,410,15.43
6204,6304,410,13.53
6204,6303,410,20.04
6408,6407,410,22.59
1316,1215,410,8.85
2313,2212,410,18.18
6305,6304,410,36.79
354,254,410,6.16
2312,2212,410,4.89
6423,6422,410,3.36
2892,2793,410,3.26
6410,6409,410,32.97
54,53,411,16.51
6943,7042,411,18.37
128,27,411,20.15
7254,7253,411,10.7
28,27,411,12.49
1413,1312,411,11.26
1216,1115,411,8.76
2405,2304,411,25.68
4941,4842,411,8.29
1117,1016,411,5.04
721,620,411,5.84
2108,2007,411,15.6
2302,2201,412,45.49
2202,2101,412,43.44
2202,2201,412,30.21
423,422,412,12.83
523,422,412,14.56
4342,4343,412,7.27
6541,6640,412,15.62
522,421,412,7.99
1912,1911,412,5.06
6341,6340,412,6.75
5481,5582,412,2.75
6275,6376,412,2.48
6407,6406,413,33.86
277,176,413,21.63
2110,2009,413,18.11
525,424,413,14.46
4542,4443,413,11.86
4542,4543,413,9.07
1712,1611,413,10.21
683,582,413,23.4
5042,5043,413,8.01
6201,6301,413,7.25
2305,2204,413,22.9
524,424,413,5.38
720,619,413,6.99
6303,6302,414,28.25
154,153,414,17.33
174,73,414,23.37
276,175,414,19.82
423,322,414,15.01
5042,4943,414,10.66
6203,6302,414,8.13
171,70,414,10.81
2111,2010,415,18.24
2205,2104,415,18.91
7152,7151,415,10.8
4642,4643,415,9.6
1018,917,415,4.55
1489,1390,415,2.29
379,278,415,24.52
6406,6405,416,35.1
53,52,416,20.42
886,785,416,26.44
2008,1907,416,16
1314,1213,416,10.53
5242,5243,416,5.71
6413,6512,416,7.39
5142,5143,416,6.09
6305,6404,416,16.3
6425,6524,416,2.96
127,26,416,25.64
127,126,416,17.17
720,719,416,4.33
2304,2203,417,26.38
1612,1511,418,10.6
6239,6338,418,6.96
1691,1591,418,3.64
6574,6675,418,2.46
4943,4843,419,20.77
421,420,419,14.81
2007,2006,419,13.35
1412,1411,419,9.14
582,481,419,25.81
2104,2003,419,37.84
621,520,419,9.77
6416,6515,419,7.23
2204,2103,419,27.42
480,380,419,5.25
5777,5778,419,1.72
6404,6403,420,29.23
322,221,420,26.83
322,321,420,17.12
176,75,420,23.08
421,320,420,18.76
2007,1906,420,15.92
4742,4743,420,9.75
1313,1212,420,11.81
4642,4743,420,9.42
6414,6513,420,7.49
6412,6511,420,7.2
6238,6237,420,5.55
1289,1189,420,3.54
6417,6516,420,6.89
126,125,421,48.44
6524,6523,421,52.9
278,177,421,12.08
175,74,421,12
6406,6505,421,22.86
7253,7252,421,10.91
1115,1114,421,13.63
6741,6740,421,13.73
1412,1311,421,8.09
1312,1311,421,12.11
6411,6510,421,13.59
6540,6539,421,8.87
26,25,421,35.44
6440,6439,421,9.81
6421,6520,421,7.27
6426,6525,421,4.37
6403,6402,422,59.49
2003,2002,422,49.72
6406,6506,422,13.64
6301,6401,422,14.26
2202,2102,422,5.56
6415,6514,422,9.66
7051,7150,422,10.18
2009,1908,422,11.28
5579,5679,422,3.58
6773,6874,422,2.37
6523,6522,423,63.07
320,319,423,48.32
1711,1710,423,12.98
6942,6941,423,6.87
525,425,423,4.3
221,220,423,47.86
6520,6519,423,62.26
6510,6509,423,62.99
6427,6526,423,4.75
6329,6429,423,2.38
6505,6504,423,61.29
1016,1015,423,13.52
1214,1113,423,5.05
6419,6518,423,7.51
726,627,423,2.66
6418,6517,423,8.37
6740,6739,424,40.23
619,618,424,13.43
1811,1810,424,12.41
1312,1211,424,9.76
423,323,424,4.27
2106,2105,424,11.76
424,323,424,10.64
785,684,424,11.2
2592,2492,424,2.54
125,124,424,49.27
7165,7264,424,3.2
25,24,424,34.42
2291,2292,424,0.99
6522,6521,425,55.24
2006,2005,425,19.84
2010,1909,425,11.42
4943,4944,425,8.75
1611,1610,425,13.18
2101,2001,425,7.4
1115,1014,425,7.44
6509,6508,425,63.2
7050,7149,425,10.18
5043,5044,425,8.17
6504,6503,425,59.99
319,318,426,47.55
6740,6639,426,31.9
719,718,426,13.15
917,916,426,12.71
6640,6639,426,8.24
220,219,426,46.01
1911,1910,426,12.03
7256,7355,426,4.41
2892,2993,426,2.26
6739,6738,427,43.97
124,123,427,48.79
7252,7251,427,17.16
24,23,427,33.91
1411,1410,427,13.64
520,519,427,13.6
1511,1510,427,13.4
4943,4844,427,10.57
7042,7041,427,7.16
6508,6507,427,57.86
1088,988,427,3.48
7254,7353,427,6.53
6575,6576,427,3.51
6740,6839,428,22.2
1907,1806,428,10.73
6338,6337,428,11.24
6503,6502,428,46.6
6575,6476,428,4.43
820,819,428,7.07
3790,3791,428,1.3
6739,6638,429,32.48
6402,6501,429,22.01
219,218,429,41.55
1906,1905,429,12.28
420,419,429,11.06
23,22,429,63
5243,5244,429,7.56
4343,4344,429,6.02
318,317,429,43.68
6401,6501,429,14.79
6237,6236,429,11.94
919,818,429,1.56
1311,1310,429,13.72
1810,1809,429,20.7
6738,6737,430,45.91
123,122,430,45.41
6740,6840,430,12.49
380,279,430,11.88
4643,4644,430,6.43
7355,7354,430,28.93
4543,4544,430,5.89
1016,915,430,4.84
6839,6838,431,39.49
6739,6838,431,20.94
22,21,431,61.41
6439,6438,431,10.45
1113,1112,431,13.68
7353,7352,431,28.86
6506,6605,431,16.85
3790,3691,431,1.66
6738,6637,432,32.51
618,617,432,13.55
1211,1210,432,13.46
6539,6538,432,9.68
6972,7073,432,2.71
218,217,432,38.12
1710,1709,432,12
6605,6604,433,56.77
122,121,433,40.06
7149,7148,433,13.72
1014,1013,433,13.69
6522,6621,433,15.04
177,76,433,12.14
21,20,433,59.64
6512,6611,433,9.39
6503,6602,433,19.81
221,120,433,11.12
683,583,433,3.14
5581,5680,433,4.26
7251,7250,433,17.45
528,527,433,4.26
2005,2004,434,11.85
718,717,434,13.67
6515,6614,434,9.85
2003,1902,434,8.53
6507,6607,434,15.76
6507,6606,434,23.29
128,227,434,5.58
1905,1904,434,21.61
428,427,434,4.26
1809,1808,434,21.32
1610,1609,434,12.26
6519,6618,434,13.44
6611,6610,435,63.04
120,119,435,61.72
217,216,435,41.67
6438,6437,435,29.28
6737,6736,435,20.26
6839,6938,435,22.4
6738,6837,435,20.12
519,518,435,13.73
7041,7040,435,13.69
6621,6620,435,63.12
1908,1807,435,11.04
6513,6612,435,9.47
6516,6615,435,9.85
20,19,435,55.91
6502,6601,435,22.42
6428,6527,435,5.26
1410,1409,435,12.92
328,327,435,4.26
3390,3391,435,1.16
6604,6603,436,44.63
6839,6939,436,12.79
323,222,436,12.12
4643,4744,436,6.86
6503,6603,436,9.92
6504,6603,436,11.7
6520,6619,436,9.56
1902,1901,436,62.16
424,324,436,4.18
1510,1509,436,12.43
2792,2693,436,1.64
4488,4489,436,1.5
6330,6430,436,2.77
5976,6077,436,1.31
6637,6636,437,24.45
6614,6613,437,45.68
1709,1708,437,21.41
6514,6613,437,9.66
6618,6617,437,45.67
5044,5045,437,8.8
818,817,437,12.58
6610,6609,437,62.93
6337,6336,437,12.15
625,526,437,2.54
1310,1309,437,13.54
1806,1805,437,12.05
1212,1111,437,8.63
6840,6940,438,13.35
216,215,438,41.2
915,914,438,13.6
6941,6940,438,7
219,118,438,11.92
4089,4090,438,1.4
6517,6616,438,9.59
1904,1903,439,24.06
419,418,439,10.82
5244,5245,439,10.12
6522,6622,439,6.65
6523,6622,439,8.27
5044,4945,439,10.64
6507,6608,439,12.4
6575,6676,439,3.76
4189,4289,439,1.76
5483,5583,439,1.68
4488,4389,439,1.89
6602,6701,440,22.78
6604,6703,440,20.67
617,616,440,13.64
1210,1209,440,13.72
6736,6735,440,20.84
6873,6974,440,2.55
6674,6775,440,2.45
1013,1012,441,13.73
6602,6702,441,13.47
7148,7147,441,13.72
6637,6536,441,15.88
7250,7249,441,13.68
6614,6713,441,20.23
988,887,441,10.86
6618,6717,441,20.23
987,887,441,2.4
4987,4988,441,2.09
3590,3591,441,1.4
218,117,441,12.08
6538,6537,442,10.42
6605,6704,442,14.04
6615,6714,442,22.31
1211,1110,442,8.12
717,716,442,13.56
1905,1804,442,11.51
1708,1707,442,21.08
6636,6635,442,24.22
227,226,442,13.55
1805,1804,442,20.86
127,226,442,5.05
5777,5878,442,1.92
518,517,443,13.46
427,426,443,11.83
1609,1608,443,11.68
6615,6715,443,12.65
19,18,443,13.28
6837,6836,443,13.09
279,178,443,10.89
3590,3491,443,1.77
2391,2392,443,0.98
6713,6712,444,47.47
217,116,444,11.92
117,116,444,33.64
6609,6708,444,21.34
1591,1491,444,3.91
6618,6718,444,10.29
6717,6716,444,45.4
1902,1801,444,15.33
1707,1706,444,60
6437,6436,444,11.87
317,316,444,7.04
1991,1992,444,1.09
327,326,444,12.28
1409,1408,444,11.9
2091,1992,444,1.43
6536,6535,445,31.77
817,816,445,13.67
1509,1508,445,11.55
583,482,445,12.14
7352,7451,445,10.17
4987,4888,445,2.58
6735,6734,445,21.03
7262,7361,445,2.58
1309,1308,445,12.76
6712,6711,446,58.8
914,913,446,13.61
6607,6706,446,12.37
6838,6937,446,9.97
6708,6707,446,56.04
4544,4545,446,6.36
6608,6707,446,22.74
6609,6709,446,11.4
1804,1803,446,25.96
6703,6803,447,15
6703,6802,447,23.26
6701,6801,447,16.18
6606,6705,447,11.11
216,115,447,11.95
116,115,447,41.88
6635,6634,447,24.42
1112,1011,447,9.09
1189,1089,447,3.76
6276,6277,447,1.94
7073,7172,447,9.98
3890,3891,447,1.34
7165,7265,447,1.38
1991,1892,447,1.38
6711,6710,448,63.2
6535,6534,448,37.35
7451,7450,448,33.73
418,417,448,11.14
1608,1607,448,21.75
616,615,448,13.61
5045,5046,448,9.47
425,325,448,4.16
6717,6816,448,20.35
1707,1606,448,25.76
4787,4788,448,1.03
1209,1208,448,13.26
1803,1802,448,58.62
1706,1705,449,21.43
6704,6804,449,16.46
6713,6812,449,19.4
215,214,449,9.94
6714,6813,449,21.63
324,223,449,11.6
7040,7039,449,7.42
7147,7146,449,13.72
7249,7248,449,13.6
6429,6528,449,5.47
886,786,449,2.39
6836,6835,449,19.41
6619,6719,449,8.24
1606,1605,450,61.89
1508,1507,450,22.76
716,715,450,13.34
6536,6435,450,15.99
115,114,450,41.12
5045,4946,450,11.36
7042,7141,450,3.87
1110,1109,450,13.73
18,17,450,15.52
6276,6177,450,2.47
118,17,450,11.93
1805,1704,450,11.42
6812,6811,451,61.35
6714,6814,451,11.73
4544,4645,451,6.78
6621,6720,451,8.09
5245,5246,451,8.75
6634,6633,451,26.04
6717,6817,451,10.4
1605,1604,452,61.48
1704,1703,452,63.2
7146,7145,452,38.76
517,516,452,12.48
7451,7551,452,15.13
7451,7550,452,23.27
6622,6721,452,11.01
7248,7247,452,34.2
916,815,452,5.5
6523,6623,452,3.3
126,225,452,4.16
1507,1506,452,63.15
2993,3092,452,5.53
5582,5681,452,3.87
226,225,452,10.51
7261,7360,452,2
6330,6331,452,1.79
6133,6232,452,1.11
6811,6810,453,63.11
6802,6902,453,17.31
6709,6809,453,14.84
6709,6808,453,23.23
1408,1407,453,11.27
6704,6805,453,13.25
6816,6815,453,20.21
117,16,453,12.14
6236,6235,453,4.23
7259,7358,453,1.99
1703,1702,454,63.13
1506,1505,454,63.2
6802,6901,454,22.86
6801,6901,454,16.42
6803,6903,454,15.71
913,912,454,13.58
6708,6807,454,14.53
316,315,454,10.24
1111,1010,454,8.49
177,77,454,3.12
1390,1290,454,2.45
7263,7362,454,3.46
481,381,454,2.83
1308,1307,454,11.77
5284,5385,454,1.37
1802,1701,454,25.23
7145,7144,455,37.82
6804,6904,455,19.12
6535,6434,455,15.43
380,280,455,2.8
225,224,455,41.23
6735,6834,455,9.7
785,685,455,2.52
6718,6818,455,9.44
7260,7359,455,1.84
1604,1603,456,25.52
1605,1504,456,23.82
7146,7245,456,22.58
615,614,456,13.54
7172,7171,456,11.67
1012,911,456,9.53
7248,7348,456,14.94
7248,7347,456,23.25
6707,6806,456,14.45
116,15,456,11.9
6634,6533,456,16.02
7450,7449,456,12.78
7146,7246,457,13.09
6734,6733,457,8.38
684,584,457,3.13
1208,1207,457,12.32
7039,7038,457,13.2
417,416,457,12.34
7073,7173,457,4.07
6330,6231,457,2.23
1603,1602,458,59.36
6814,6913,458,22.74
715,714,458,13.24
7141,7140,458,13.73
1109,1108,458,13.44
6804,6905,458,17.68
214,213,458,11.23
4545,4546,458,8.56
7451,7552,458,11.7
915,814,458,5.11
1507,1406,458,19.65
6837,6936,458,6.42
1407,1406,458,22.66
6817,6916,458,20.25
6836,6935,458,9.93
1702,1601,459,30.78
7145,7244,459,22.78
6814,6914,459,13.4
115,14,459,11.95
7042,7142,459,2.15
6973,7074,459,2.73
4987,5088,459,2.22
7449,7448,459,34.7
6902,7002,460,16.41
6902,7001,460,23.2
1506,1405,460,18.88
6901,7001,460,16.89
7550,7549,460,12.87
516,515,460,13.65
6676,6776,460,4.9
6913,6912,461,47.9
6903,7003,461,16.49
6807,6906,461,21.07
6916,6915,461,40.39
6633,6632,461,10.95
6336,6335,461,4.23
6430,6529,461,5.67
114,113,461,9.76
7264,7363,461,3.93
5046,5047,461,8.16
6810,6909,461,17.87
6817,6917,461,10.3
6809,6908,461,18.06
1891,1792,461,1.39
6719,6819,461,8.35
7448,7447,462,34.31
1603,1502,462,26.44
4545,4646,462,9.07
6622,6722,462,4.55
1010,1009,462,13.71
7358,7458,462,12.11
4488,4589,462,1.6
6912,6911,463,62.66
14,13,463,28.54
7144,7143,463,13.72
6834,6833,463,13.01
315,314,463,11.77
6812,6911,463,10.52
1011,910,463,9.1
5680,5779,463,4.84
7549,7548,463,34.96
5046,4947,463,9.93
1307,1306,463,11.2
3191,3192,463,1.21
5383,5484,463,1.51
6908,6907,463,60.5
7449,7548,463,23.21
1502,1501,464,58.84
1602,1501,464,27.5
7347,7346,464,12.58
1604,1503,464,11.86
5246,5247,464,8.12
1405,1404,464,25.58
614,613,464,13.73
6911,6910,465,61.82
7038,7037,465,12.96
6903,7004,465,13.28
6916,7015,465,22.16
913,812,465,7.69
583,483,465,3.15
6810,6910,465,8.43
6533,6532,465,11.92
416,415,465,13.21
7448,7547,466,23.24
6935,6934,466,13.27
814,813,466,13.3
6913,7012,466,19.19
1207,1206,466,11.54
213,212,466,13.54
6914,7013,466,21.81
7171,7170,466,10.77
6434,6433,466,9.84
6818,6918,466,9.43
714,713,466,13.48
914,813,466,5.16
7140,7139,466,13.72
6276,6377,466,2.09
4189,4190,466,1.09
4089,4190,466,1.5
2692,2593,466,1.3
6906,7006,467,19.12
7003,7103,467,17.08
7002,7102,467,15.45
7002,7101,467,23.29
7244,7243,467,13.71
6916,7016,467,12.43
7359,7459,467,8.89
6775,6875,467,3.81
7549,7649,467,14.64
7549,7648,467,23.19
7001,7101,467,16.17
1108,1107,467,12.4
7012,7011,468,62.81
7015,7014,468,46
1306,1305,468,23.79
6906,7005,468,21.18
1502,1401,468,26.96
6914,7014,468,11.96
6915,7014,468,22.67
515,514,468,13.72
1791,1692,468,1.51
6733,6732,469,8.44
280,179,469,10.78
6433,6432,469,46.72
988,888,469,2.41
2993,3093,469,2.34
6721,6820,469,8.72
7447,7446,470,12.62
6906,7007,470,17.68
7011,7010,470,62.9
1503,1402,470,27.45
911,811,470,7.25
1009,1008,470,13.48
7004,7104,471,18.03
113,112,471,10.74
6632,6631,471,10.93
314,313,471,13.7
910,909,471,13.52
6917,7017,471,10.33
1490,1391,471,1.96
6910,7009,472,21.21
613,612,472,13.63
7346,7345,472,12.62
13,12,472,11.42
7173,7272,472,9.91
911,810,472,9.27
1405,1304,472,11.86
7039,7138,472,6.41
6676,6677,472,3.07
6330,6431,472,1.91
7103,7203,473,17.78
7102,7202,473,16.93
7006,7106,473,19.02
7015,7114,473,20.09
415,414,473,13.68
6936,7035,473,9.96
7037,7036,473,13
7549,7650,473,11.18
6909,7008,473,12.73
6576,6577,473,2.21
1304,1303,474,61.99
7005,7105,474,17.47
7102,7201,474,23.03
7006,7105,474,21.32
7547,7546,474,12.64
1404,1403,474,10.69
212,211,474,13.72
6532,6531,474,12.07
713,712,474,13.7
7101,7201,474,16.27
1402,1301,475,28.87
7243,7242,475,12.96
7016,7115,475,19.91
7459,7558,475,19.16
7015,7115,475,10.16
6623,6723,475,4.46
1591,1592,475,1.76
3890,3991,475,1.44
1303,1302,476,57.13
7114,7113,476,46.25
7014,7113,476,19.89
1107,1106,476,11.62
7013,7112,476,15.23
7170,7169,476,10.98
514,513,476,13.61
7006,7107,476,17.44
1206,1205,476,11.03
1306,1205,476,11.72
4946,4845,476,5.56
7648,7647,476,12.34
5583,5682,476,3.9
12,11,477,23.92
7103,7204,477,15.09
6918,7018,477,9.14
6833,6832,477,7.64
483,382,477,11.91
6235,6234,477,4.22
7010,7110,477,14.76
7010,7109,477,23.22
1088,989,477,1.89
7112,7111,478,63.2
7446,7445,478,12.71
7016,7116,478,10
7459,7559,478,9.38
7245,7344,478,6.44
6834,6933,478,6.43
7359,7460,478,6.2
6430,6530,478,2.44
6576,6477,478,2.81
1303,1202,479,28.41
1304,1203,479,22.98
6433,6332,479,11.36
7109,7108,479,58.85
909,908,479,13.6
1008,1007,479,12.29
