6692,6691,4,20.96
6691,6690,7,37.55
6690,6689,10,39.49
6689,6688,14,32.99
6692,6791,16,8.5
6791,6790,20,25.43
6691,6790,20,9.01
6688,6687,21,16.18
6790,6789,23,39.88
6690,6789,23,8.98
6789,6788,26,39.23
6689,6788,26,9
6687,6686,27,17.8
6686,6685,29,55.14
6788,6787,30,28
6685,6684,31,50.33
6791,6890,33,8.77
6684,6683,34,38.36
6692,6591,34,4.14
6890,6889,35,55.57
6683,6682,37,33.44
6591,6590,37,38.98
6889,6888,38,38.33
6787,6786,38,13.33
6682,6681,39,55.47
6681,6680,41,57.65
6888,6887,41,38.98
6590,6589,41,31.75
6692,6792,41,2.44
6680,6679,43,58.46
6686,6785,44,8.43
6679,6678,45,59.58
6887,6886,45,32.53
6689,6588,46,3.94
6678,6677,47,58.64
6684,6783,47,9
6688,6587,48,4.26
6677,6676,49,57.35
6783,6782,49,59.24
6785,6784,49,21.81
6587,6586,50,54.98
6890,6989,50,8.62
6676,6675,51,55.78
6782,6781,51,58.58
6886,6885,51,16.86
6889,6988,51,9
6675,6674,53,57.04
6781,6780,53,59.33
6586,6585,53,47.29
6678,6777,54,16.3
6679,6778,54,13.63
6888,6987,54,8.99
6674,6673,55,58.44
6780,6779,55,59.59
6585,6584,55,52.58
6677,6776,55,18.12
6680,6779,55,10.55
6987,6986,56,50.25
6673,6672,57,58.44
6776,6775,57,58.68
6584,6583,57,50.98
6676,6775,57,19.82
6782,6881,58,16.39
6792,6891,58,8.74
6692,6592,58,1.71
6672,6671,59,58.04
6583,6582,59,55.92
6775,6774,59,58.33
6675,6774,59,18.49
6885,6884,59,12.88
6881,6880,60,59.45
6783,6882,60,11.66
6890,6990,61,53.89
6880,6980,62,59.55
6882,6982,62,59.13
6671,6771,62,52.56
6774,6874,62,57.6
6884,6984,62,48.27
6881,6981,62,59.51
6891,6991,62,55.67
6672,6772,62,54.43
6775,6875,62,55.83
6673,6773,62,55.32
6776,6876,62,56.55
6779,6879,62,58.57
6777,6877,62,58.87
6778,6878,62,58.76
6987,7087,62,47.72
6674,6773,62,20.33
6783,6883,62,59.59
6988,7088,63,37.66
6989,7089,63,33.04
6886,6985,63,8.4
6792,6892,63,19.11
6874,6974,64,57.78
6771,6871,64,53.9
6876,6976,64,57.17
6772,6872,64,54.83
6980,7080,64,58.36
6982,7082,64,58.41
6878,6978,64,59.58
6883,6983,64,57.24
6773,6873,64,56.39
6981,7081,64,58
6877,6977,64,58.86
7087,7187,64,52.02
6879,6979,64,59.56
6875,6975,64,57.28
6991,7091,64,59.6
6984,7084,64,58.18
7088,7188,65,56.68
7089,7189,65,59.57
6986,7086,65,22.31
6978,7078,66,59.59
7082,7182,66,58.16
7080,7180,66,57.99
6872,6972,66,55.07
6976,7076,66,57.03
6871,6971,66,55.04
6975,7075,66,57.08
7091,7191,66,58.53
6974,7074,66,56.55
6977,7077,66,58.15
6979,7079,66,59.22
6983,7083,66,58.77
6873,6973,66,55.86
7081,7181,66,57.26
6985,7085,66,41.29
6671,6770,66,22.53
6892,6992,67,27.75
6671,6670,67,6.65
7076,7176,68,56.65
7180,7280,68,59.32
7182,7282,68,58.93
7078,7178,68,59.49
6973,7073,68,55.17
7077,7177,68,58.42
7181,7281,68,58.65
7079,7179,68,58.32
7083,7183,68,58.56
7075,7175,68,57.03
7191,7291,68,59.59
7074,7174,68,55.74
7187,7287,68,27.69
6990,7090,68,15.35
7188,7288,69,28.72
6771,6870,69,21.5
7175,7275,70,57.93
7291,7391,70,55.14
7287,7387,70,53.09
7183,7283,70,58.9
7179,7279,70,59.59
7177,7277,70,58.84
7281,7381,70,58.92
7073,7173,70,55.14
7178,7278,70,59.29
7282,7382,70,59.11
7280,7380,70,59.51
7176,7276,70,58.49
7174,7274,70,55.92
7085,7185,70,31.69
7189,7289,70,21.47
7086,7186,70,20.64
7084,7184,70,19.25
6676,6575,70,4.23
6677,6576,70,3.73
7288,7388,71,53.13
7090,7190,71,45.82
6992,7092,71,31.09
6871,6970,71,20.52
6678,6577,71,3.12
7275,7375,72,57.01
7381,7481,72,58.43
7277,7377,72,58.23
7173,7273,72,55.04
7278,7378,72,57.4
7380,7480,72,59.43
7276,7376,72,58.04
7274,7374,72,54.67
7279,7379,72,58.99
7391,7491,73,47.46
6670,6769,73,25.46
7481,7581,74,57.62
7377,7477,74,59.37
7378,7478,74,59.36
7480,7580,74,59.18
7376,7476,74,56.72
7379,7479,74,59.37
7382,7482,74,25.31
7387,7487,74,31.42
7388,7488,75,27.96
7092,7192,75,33.15
7289,7389,75,24.56
7184,7284,75,21.45
7283,7383,75,24.18
7291,7390,75,20.43
7073,7172,75,20.43
6692,6793,75,4.15
7581,7681,76,57.23
7477,7577,76,59.43
7476,7576,76,55.22
7479,7579,76,59.37
7482,7582,76,57.23
7491,7591,76,45.67
7391,7490,76,25.51
7186,7286,76,18.88
7192,7292,77,52.44
7389,7489,77,59.6
7173,7272,77,20.52
7274,7373,77,20.85
7191,7290,77,12.97
7681,7781,78,56.87
7582,7682,78,57.31
7591,7691,78,53.34
6793,6893,78,36.98
7487,7587,78,31.02
7292,7392,79,58.49
7489,7589,79,57.65
7488,7588,79,26.42
7383,7483,79,26.43
7491,7590,79,26.22
6670,6669,79,8.65
6675,6574,79,3.64
7682,7782,80,57.33
7691,7791,80,57.6
7284,7384,80,23.56
7376,7475,80,18.85
7185,7285,80,10.71
6679,6578,80,2.26
7392,7492,81,59.55
7589,7689,81,59.5
6893,6993,81,34.5
7286,7386,81,21.52
7476,7575,81,20.35
7391,7492,81,14.03
6692,6693,81,1.71
7791,7891,82,52.65
7587,7687,82,28.84
6769,6869,82,11.71
7492,7592,83,59.59
7483,7583,83,27.29
7588,7688,83,27.68
7591,7690,83,21.94
7478,7578,83,11.5
7491,7592,83,14.96
7374,7474,83,9.91
7384,7484,84,25.72
7580,7680,84,10.67
7690,7790,85,56.95
7592,7692,85,59.59
7578,7678,85,59.49
7891,7991,85,47.11
6993,7093,85,29.23
6669,6768,85,25.84
7579,7679,85,11.62
7680,7780,86,58.73
7687,7787,86,27.62
7386,7486,86,22.38
7577,7677,86,10.36
7387,7486,86,8.97
7688,7788,87,26.63
7689,7789,87,19.78
7791,7890,87,22.46
7475,7574,87,22.34
7272,7372,87,10.41
7373,7473,87,10.48
7576,7676,87,9.29
7780,7880,88,59.43
7991,8091,88,47.41
6768,6868,88,46.94
7093,7193,88,33.89
7484,7584,88,28.34
7583,7683,88,23.43
7891,7990,88,25.66
7285,7385,88,13.04
7781,7881,88,10.7
7789,7889,89,57.09
7880,7980,90,59.53
8091,8191,90,52.47
7584,7684,90,58.58
7881,7981,90,58.11
7692,7792,90,21
7782,7882,90,10.71
7487,7586,90,8.96
6674,6573,90,3.02
7787,7887,91,24.96
7991,8090,91,25.52
6768,6867,91,25.73
6869,6969,91,11.7
6669,6668,91,9.02
6582,6581,91,2.36
8191,8291,92,55.64
7684,7784,92,57.69
7981,8081,92,59.04
7792,7892,92,58.92
7882,7982,92,57.71
7788,7888,92,20.32
7891,7992,92,14.21
7575,7675,92,9.62
6575,6475,92,4.57
7683,7783,93,21.13
7890,7989,93,27.12
6670,6570,93,3.91
7982,8082,94,58.12
7992,8092,94,52.23
7887,7987,94,49.42
8291,8391,94,59.6
7586,7686,94,26.39
7193,7293,94,19.3
7679,7779,94,11.39
7587,7686,94,8.91
6671,6571,94,2.9
7888,7988,95,48.65
8091,8190,95,22.59
7385,7485,95,15.45
7678,7778,95,10.89
6575,6474,95,5.67
6673,6572,95,3
6679,6579,95,1.79
8082,8182,96,57.26
7987,8087,96,58.62
7686,7786,96,57.89
8092,8192,96,58.91
7677,7777,96,10.09
8391,8491,96,52.72
8190,8290,97,50.55
7293,7393,97,34
7887,7986,97,24.53
6668,6767,97,24.53
6868,6968,97,11.89
7372,7472,97,10.8
7473,7573,97,10.85
6768,6767,97,8.9
6670,6569,97,4.87
7786,7886,98,58.29
8192,8292,98,58.3
7783,7883,98,22.51
7784,7884,98,17.27
7574,7674,98,9.99
7676,7776,98,9.92
7780,7879,98,12.15
7980,8080,99,11.13
6575,6476,99,4.92
8290,8390,100,49.93
7485,7585,100,23.78
6867,6967,100,12.08
7880,7979,100,12.53
8292,8392,100,56.25
6591,6490,100,1.07
7884,7984,101,44.26
7393,7493,101,28.68
8190,8289,101,23.87
8081,8181,101,11.38
8392,8492,102,59.44
8390,8490,102,59.15
7675,7775,102,10.97
7984,8084,103,57.42
7883,7983,103,21.04
8290,8389,103,24.24
6767,6866,103,26.46
7987,8086,103,16.33
7585,7685,104,28.28
7886,7985,104,25.15
6668,6667,104,7.9
6681,6580,104,1.33
8084,8184,105,55.34
7983,8083,105,58.83
8389,8489,105,50.45
8492,8592,105,43.71
7493,7593,105,25.52
8182,8282,105,11.66
8087,8187,105,11.69
7778,7878,105,10.17
7992,8093,105,11.4
7892,7993,105,11.41
6590,6489,105,1.15
7685,7785,106,59.46
7777,7877,106,10.07
6474,6473,106,9.44
7989,8089,106,7.93
8491,8591,106,10.61
6589,6488,106,1.35
8592,8692,107,50.39
7593,7693,107,59.22
8489,8589,107,59.58
8289,8388,107,26.89
7472,7572,107,10.98
6669,6568,107,5.11
7785,7885,108,59.6
8089,8189,108,51.94
8093,8193,108,45.59
7776,7876,108,10.41
7573,7673,108,9.84
6767,6766,108,9.72
7988,8088,108,7.75
7674,7774,108,10.16
7693,7793,109,59.49
8591,8691,109,42.11
8389,8488,109,23.93
8080,8180,109,10.68
7979,8079,110,10.47
8691,8791,111,59
8488,8588,111,54.93
8492,8593,111,15.93
8289,8288,111,10.37
8181,8281,111,10.65
7792,7893,111,6.88
8591,8690,112,27.15
6866,6966,112,12.15
8490,8590,112,10.44
7775,7875,112,10.39
6793,6894,112,3.86
8588,8688,113,57.41
8593,8693,113,57.96
8692,8792,113,17.16
8089,8188,113,22.97
7985,8085,113,11.89
8086,8186,113,10.68
8282,8382,114,11.45
8193,8293,114,19.31
8688,8788,115,59.43
8690,8790,115,42.05
8083,8183,115,10.71
8187,8287,115,10.68
6893,6994,115,3.91
7172,7271,115,3.59
6588,6487,115,1.54
8293,8393,116,58.93
8488,8587,116,20.62
7878,7978,116,9.98
8492,8493,116,7.49
8790,8890,117,55.35
8183,8283,117,50.71
8791,8891,117,17.72
8589,8689,117,10.7
7877,7977,117,10
6693,6794,117,4.04
6993,7094,117,4
6576,6477,117,3.02
8587,8687,118,52.3
8690,8789,118,27.16
6473,6472,118,8.74
7572,7672,118,9.48
7272,7371,118,3.48
7774,7874,118,10.05
8890,8990,119,52.62
8891,8991,119,50.38
8792,8892,119,17.71
8180,8280,119,10.76
7876,7976,119,9.71
6474,6374,119,4.34
7673,7773,119,9.65
8693,8793,120,15.82
8079,8179,120,10.59
6766,6865,120,11.95
6767,6666,121,43.38
6474,6373,121,51.24
6572,6471,121,55.88
6571,6470,121,52.8
6668,6567,121,49.67
6583,6482,121,80.18
6584,6483,121,79.62
6585,6484,121,80.21
6586,6485,121,77.62
6587,6486,121,79.96
6477,6376,122,79.13
8588,8487,122,61.8
8488,8387,122,55.88
8488,8487,122,20.7
6473,6372,122,49.67
6476,6375,122,80.18
6579,6478,122,74.57
6582,6481,122,33.14
6592,6491,122,34.18
6692,6593,122,1.9
6483,6382,123,78.86
6482,6381,123,80.31
6486,6385,123,78.48
8990,8889,123,58.89
6374,6273,123,63.21
6472,6371,123,52.8
8587,8486,123,51.24
6581,6480,123,40.92
6481,6380,124,74.57
6666,6565,124,51.24
8587,8586,124,22.8
6487,6386,124,34.18
6480,6379,125,74.57
8990,8989,125,19.22
6568,6467,125,22.82
6488,6387,125,24.92
6580,6479,125,34.29
6766,6765,125,11.02
6569,6468,125,17.93
6570,6469,125,16.67
7093,7194,125,0.95
6381,6280,126,54.35
6371,6270,126,63.21
6375,6274,126,38.66
6478,6377,126,37.44
6491,6390,126,44.6
6666,6665,126,22.8
6485,6384,126,28.33
6766,6665,126,19.24
6667,6566,126,19.24
6479,6378,127,77.62
8586,8485,127,57.4
6385,6284,127,36.33
6484,6383,127,27.44
8587,8686,127,7.84
6490,6389,127,18.55
8989,8888,128,65.92
6467,6366,128,51.24
6468,6367,128,67.21
6469,6368,128,60.36
6380,6279,128,46.53
6386,6285,128,36.33
8889,8888,128,22.8
6273,6172,128,29.52
6372,6271,128,23.59
6567,6466,128,22.82
6379,6278,129,38.7
6765,6664,129,46.53
6371,6370,129,17.04
6471,6370,129,18.58
6865,6764,129,16.07
6470,6369,129,18.58
6387,6286,130,34.18
8586,8585,130,19.96
6593,6492,130,17.95
6373,6272,130,17.29
6270,6169,130,35.42
6865,6864,130,10.72
6592,6492,130,4.38
7672,7571,130,14.79
6369,6268,131,71.89
6368,6267,131,60.36
6378,6277,131,40.25
6384,6283,131,28.33
6566,6465,131,34.09
6274,6173,131,29.52
6381,6281,131,13.21
8387,8286,131,15.82
7272,7171,131,11.04
6172,6071,132,38.66
6271,6170,132,38.66
8686,8685,132,24.55
8989,8988,132,15.67
6376,6275,132,15.7
8179,8078,132,11.86
6285,6184,132,36.33
8281,8381,132,0.21
6370,6269,132,68.46
6277,6176,133,77.13
8585,8484,133,57.4
6492,6391,133,52.43
6565,6464,133,16.07
6489,6388,133,9.3
6272,6171,134,38.66
6383,6282,134,23.35
6565,6564,134,10.72
8486,8385,134,12.92
6764,6763,134,23.21
6286,6185,134,42.12
7271,7170,134,10.48
8484,8383,135,73.88
6269,6168,135,58.89
6173,6072,135,35.42
6389,6288,135,19.82
6280,6179,135,17.52
6864,6863,135,24.96
6764,6663,135,26.56
8990,9090,135,3.25
7371,7270,135,9.63
7572,7471,135,9.35
8585,8584,136,19.96
6366,6265,136,19.92
6284,6183,136,17.36
8487,8386,136,10.76
8793,8893,136,6.29
6176,6075,137,38.66
6279,6178,137,17.52
8793,8694,137,8.37
8991,9091,137,2.69
7270,7169,138,52.8
6388,6287,138,32.13
6278,6177,138,17.05
6366,6365,138,11.04
8888,8787,138,14.62
8485,8384,138,13.89
7471,7370,138,49.67
8793,8794,138,5.69
6664,6563,138,17.29
6267,6166,139,19.24
6465,6364,139,17.93
6288,6187,140,34.18
7270,7269,140,22.13
9090,9089,140,22.8
6171,6070,140,27.72
6281,6180,140,16.93
8286,8185,140,17.46
6183,6082,140,37.44
7471,7470,140,23.44
6184,6083,140,18.55
6863,6762,140,31.06
6863,6862,140,24.96
6864,6964,140,10.25
6864,6963,140,14.89
8393,8394,140,4.06
7571,7470,140,14.62
6391,6290,141,17.95
6275,6174,141,16.67
6267,6266,141,11.02
6277,6276,141,10.01
8393,8294,141,6.14
6287,6186,142,39.73
6178,6077,142,32.37
6168,6067,142,22.82
6282,6181,142,19.82
8484,8483,142,11.7
6283,6182,142,13.25
8892,8992,142,1.91
6170,6069,142,14.89
7370,7369,143,24.55
6564,6463,143,16.67
8385,8284,143,16.93
6464,6463,143,10.25
8988,8887,143,12.92
8686,8785,143,9.35
6794,6694,143,4.39
6276,6175,144,63.21
6179,6078,144,16.68
6763,6662,144,14.29
6176,6175,144,9.97
6464,6363,144,13.76
7470,7469,144,25.37
6071,5970,144,12.67
6593,6493,144,4.58
7269,7168,144,41.82
7269,7268,144,25.66
6187,6086,144,40.92
6390,6289,144,8.3
6168,6167,145,11.04
6072,5971,145,14.89
8386,8285,145,16.68
6071,5971,145,8.12
6267,6167,145,7.66
6663,6562,145,14.89
7773,7772,145,4.08
8393,8494,145,3.69
7976,7975,145,4.08
6077,5976,146,37.56
9089,9088,146,18.48
6075,5974,146,15.91
6185,6084,146,12.81
8686,8786,146,5.52
6070,5969,146,25.18
6966,6965,146,3.62
6177,6076,147,16.21
7369,7368,147,25.86
6265,6264,147,9.54
6186,6085,147,29.24
6078,5977,148,37.56
6290,6189,148,23.35
6072,5972,148,8.08
6173,6073,148,5.91
8793,8894,148,5.21
7268,7267,148,25.66
5970,5869,148,38.66
9088,8987,149,55.88
6493,6392,149,34.18
6289,6188,149,30.18
6266,6165,149,19.92
6180,6079,149,17.53
6166,6065,149,14.89
6166,6165,149,10.52
6265,6165,149,8.07
6265,6164,149,11.6
6168,6068,149,7.21
6169,6068,149,7.66
7268,7167,149,34.09
6083,5982,149,16.68
5976,5875,150,46.94
6084,5983,150,38.57
6963,7063,150,10.83
6963,7062,150,15.36
6364,6263,150,13.21
6082,5981,150,15.38
6563,6462,150,12.13
5977,5876,151,53.39
6076,5975,151,35.42
9088,9087,151,20.7
5969,5868,151,30.45
6175,6074,151,22.07
6069,5968,151,15.91
6067,5966,151,17.29
6862,6861,151,9.93
6964,7064,151,9.14
5981,5880,152,78.35
8987,8886,152,51.24
6189,6088,152,36.33
6085,5984,152,32.13
6086,5985,152,17.95
6067,6066,152,10.88
6862,6761,152,12.67
6166,6066,152,8.08
5983,5882,153,60.36
6392,6291,153,43.35
8294,8194,153,8.36
6188,6087,153,37.44
8585,8684,153,6.16
7471,7570,153,8.32
6263,6262,154,25.66
8987,8986,154,22.8
6079,5978,154,33.37
5972,5871,154,25.18
5869,5768,154,23.59
5971,5870,154,16.56
6363,6362,154,10.1
9090,9189,154,7.84
7470,7569,154,10.45
8179,8178,154,3.03
5882,5781,155,80.37
9087,9086,155,25.86
6263,6163,155,20.46
6263,6162,155,34.09
6068,5967,155,26.01
5974,5873,155,16.67
6662,6561,155,12.92
6067,5967,155,7.88
5880,5779,155,48.2
7268,7367,155,13.86
5975,5874,156,34.38
5876,5775,156,29.52
5974,5973,156,10.81
7369,7468,156,11.6
5978,5877,157,52.07
5985,5884,157,35.24
6262,6261,158,25.66
5968,5867,158,21.34
9090,9190,158,4.51
9086,8985,159,46.53
5781,5680,159,45.7
6262,6161,159,34.09
9189,9188,159,20.7
5982,5881,159,15.58
7267,7166,159,13.43
6181,6080,159,8.65
6182,6081,159,8.65
8694,8594,159,4.61
5779,5678,159,45.7
7693,7794,159,1.63
7693,7694,159,1.8
5870,5769,159,29.52
5877,5776,160,49.48
9086,9085,160,24.55
6162,6062,160,20.77
6162,6061,160,31.06
7367,7266,160,31.06
7367,7366,160,24.96
8194,8094,160,15.2
6088,5987,160,19.82
5983,5883,160,10.79
6065,5964,160,13.83
6164,6063,160,13.21
7064,7164,160,11.44
7064,7163,160,15.79
6762,6661,160,7.35
5768,5667,161,21.34
6087,5986,161,19.18
5966,5865,161,14.89
5966,5965,161,10.52
5868,5767,161,14.93
7063,7162,161,13.86
5981,5980,161,9.3
6165,6064,161,12.67
8381,8380,161,3.56
5881,5780,162,50.77
5769,5668,162,58.89
5775,5674,162,25.73
6761,6660,162,15.47
6761,6760,162,10.63
9087,9186,162,13.31
5680,5579,162,50.77
6861,6860,162,9.74
8078,8077,162,3.34
9087,9187,163,8.62
5972,5872,163,6.93
7772,7671,163,8.23
5880,5879,163,9.3
7293,7394,163,0.95
5986,5885,164,47.15
5987,5886,164,39.73
5873,5772,164,17.05
6291,6190,164,13.25
5966,5866,164,8.08
6290,6190,164,4.5
7062,6961,164,10.81
7693,7594,164,2.81
5674,5573,165,61.51
7366,7365,165,23.88
6062,5962,165,20.72
6063,5963,165,20.46
6063,5962,165,34.09
7367,7467,165,10.25
7367,7466,165,14.89
6262,6361,165,13.86
5678,5577,165,24.38
7366,7265,166,28.06
6062,5961,166,28.06
5883,5782,166,25.73
5884,5783,166,16.24
5874,5773,166,14.19
5875,5774,166,8.9
6079,5979,166,6.08
7064,7165,166,10
6080,5979,166,22.82
6694,6594,166,4.39
6860,6859,166,25.66
5780,5679,166,40.93
5879,5778,166,48.2
5779,5778,166,9.47
9091,9191,166,3.47
7874,7873,166,2.18
5867,5766,167,17.29
6493,6393,167,4.38
5772,5671,168,46.94
6190,6089,168,37.44
5769,5669,168,11.36
7975,7974,168,4.39
8785,8784,168,4.08
5773,5672,169,57.42
5782,5681,169,50.77
5667,5566,169,19.24
7366,7465,169,15.79
6661,6560,169,16.07
5979,5878,169,52.07
7772,7771,169,4.33
5678,5677,169,10.98
6393,6292,170,47.15
5774,5673,170,42.12
5679,5578,170,46.94
7365,7364,170,23.21
5573,5472,170,34.38
5577,5476,170,29.52
5964,5863,170,14.52
5579,5478,170,18.58
6462,6461,170,5.13
6562,6461,170,5.82
9091,9092,170,3.11
7393,7494,170,0.99
5783,5682,171,33.14
7365,7264,171,26.56
5965,5864,171,14.32
5865,5764,171,14.29
5767,5666,171,14.79
5667,5666,171,11.02
9086,9185,171,9.35
8684,8583,171,8.23
5681,5580,172,56.06
5878,5777,172,53.39
5872,5771,172,17.52
5668,5567,172,15.1
5776,5675,172,12.67
8794,8695,172,4.21
5472,5371,173,61.8
5672,5571,173,38.66
5671,5570,173,29.52
7466,7566,173,12.74
5886,5785,173,17.36
5776,5676,173,8.12
8986,8885,173,7.68
6860,6959,173,13.86
5580,5479,174,78.35
5682,5581,174,62.88
5476,5375,174,38.57
5863,5762,174,44.96
7465,7464,174,22.44
7365,7464,174,16.18
7466,7565,174,16.51
5866,5765,174,14.29
9187,9286,174,13.31
8380,8279,174,11.59
6088,5988,174,4.55
7467,7567,174,12.07
7364,7363,175,22.44
5863,5862,175,25
5673,5572,175,30.18
5669,5568,175,22.82
5573,5572,175,10.3
5577,5576,175,10.67
9187,9287,175,8.62
6291,6191,175,4.7
8194,8095,175,6.54
8794,8795,175,2.73
5472,5471,176,17.75
7364,7263,176,25.05
5863,5763,176,17.17
5771,5670,176,35.42
5675,5574,176,44.6
9189,9288,176,6.54
5571,5470,176,60.36
5371,5270,176,57.4
5375,5274,177,64.25
5785,5684,177,42.09
5766,5665,177,14.41
5962,5861,177,12.18
6261,6260,177,5.29
9190,9289,177,7.84
6561,6460,177,6.6
8194,8195,177,4.34
8684,8683,177,4.33
8483,8482,177,2.93
5581,5480,178,44.6
9286,9285,178,25.66
5566,5465,178,17.29
7465,7564,178,16.51
5478,5377,178,19.24
5885,5784,178,10.75
6161,6160,178,5.43
7893,7894,178,1.44
7993,7994,178,1.27
7293,7294,178,1.05
5470,5369,179,54.35
7464,7463,179,22.44
5988,5887,179,32.13
5574,5473,179,50.77
5764,5663,179,17.93
7364,7463,179,16.51
5566,5565,179,10.88
7771,7670,179,14.29
6061,6060,179,5.29
8985,8884,179,7.13
5270,5169,179,58.89
7467,7568,179,10.65
5676,5575,179,27.44
5471,5370,179,55.88
5371,5370,179,19.96
5670,5569,179,61.8
5274,5173,180,65.92
5862,5761,180,31.06
5576,5475,180,33.14
6191,6090,180,35.24
5567,5466,180,19.92
5472,5372,180,10.25
5478,5477,180,11.02
5570,5469,180,22.07
5784,5683,181,66.64
5684,5583,181,59.67
8095,7995,181,21.72
9190,9290,181,3.19
5569,5468,182,67.61
5377,5276,182,35.45
5372,5271,182,73.67
6061,5960,182,10.98
9085,8984,182,6.78
8985,8984,182,4.16
7566,7666,182,10.66
7566,7665,182,14.83
5270,5269,182,14.66
7162,7161,182,2.6
5575,5474,182,64.35
5169,5068,182,73.02
5371,5271,182,12.13
5583,5482,183,82.82
5173,5072,183,68.35
6060,5959,183,37.64
7564,7563,183,23.77
5568,5467,183,22.98
5765,5664,183,20.12
7464,7563,183,14.47
6959,6858,183,16.49
5478,5378,183,8.48
9085,9084,183,4.21
7565,7664,183,14.71
7567,7667,183,10.72
5683,5582,184,66.18
5887,5786,184,29
5369,5268,184,29.98
7463,7362,184,32.08
7463,7462,184,24.01
5274,5273,184,16.85
6090,5989,184,44.18
8095,8096,184,10.06
9286,9386,184,13.45
9286,9385,184,16.49
5269,5168,184,73.02
6361,6360,184,6.06
8178,8177,184,2.82
5271,5170,184,73.69
5072,4971,185,91.63
5276,5175,185,54.4
5475,5374,185,33.71
5469,5368,185,29.13
5465,5364,185,21.83
5763,5662,185,19.52
8095,7996,185,13.6
5273,5172,186,72.68
5170,5069,186,74.87
5582,5481,186,83.28
5482,5381,186,50.11
5477,5376,186,25.39
5565,5464,186,21.33
5274,5174,186,12.98
5665,5564,186,18
5961,5860,186,10.65
8194,8295,186,6.07
5268,5167,187,66.75
5468,5367,187,30.17
5466,5365,187,23.11
5663,5562,187,19.84
8884,8783,187,18.33
7363,7262,187,13.47
7161,7160,187,24.27
4971,4870,187,79.99
5168,5067,187,68.8
5474,5373,187,34.71
5068,4967,187,29.98
5172,5071,188,85.71
5069,4968,188,75.35
5175,5074,188,48.76
5786,5685,188,39.25
7563,7562,188,24.02
7564,7663,188,14.47
7664,7663,188,23.77
9286,9387,188,12.37
6594,6494,188,5.01
5989,5888,188,43.2
5481,5380,189,65.44
5174,5073,189,53.15
5467,5366,189,24.87
5173,5073,189,11.58
8095,8196,189,9.21
7462,7361,189,32.21
7462,7461,189,24.03
7567,7668,189,9.48
4870,4769,189,80.3
5367,5266,190,57.34
4967,4866,190,60.59
5373,5272,190,69.62
5376,5275,190,46.23
5368,5267,190,28.72
7996,7896,190,21.76
7996,7895,190,30.95
8683,8582,190,11.85
6393,6293,190,4.93
5372,5272,190,10.31
5071,4970,190,77.41
9091,9192,190,2.18
5074,4973,191,62.24
5685,5584,191,65.44
7160,7059,191,36.34
5664,5563,191,19.39
8984,8883,191,16.04
5761,5760,191,9.94
6292,6192,191,5.17
4769,4668,191,80.15
7896,7795,192,123.31
4970,4869,192,75.66
5073,4972,192,63
5888,5787,192,38.07
5662,5561,192,21.04
9386,9486,192,12.63
9285,9284,192,7.72
7666,7766,192,10.62
7666,7765,192,14.79
7665,7765,192,10.44
7665,7764,192,14.65
5272,5171,192,79.72
5271,5171,192,10.3
4866,4765,193,57.33
4968,4867,193,30.21
4967,4966,193,17.79
5381,5280,193,22.53
5364,5263,193,18.52
9386,9485,193,16.12
9084,8983,193,14.62
7667,7767,193,10.79
5377,5277,193,6.93
7664,7763,193,14.47
7663,7662,193,24
8695,8595,193,5.09
7562,7561,193,24.1
4668,4567,193,71.19
5067,4966,193,24.7
4869,4768,194,76.1
4972,4871,194,94.77
4973,4872,194,65.15
5584,5483,194,69.3
5380,5279,194,28.85
5464,5363,194,18.78
5564,5463,194,19.22
5170,5070,194,10.05
6858,6857,194,9.36
9285,9184,194,8.57
7161,7260,194,12.02
6994,6895,194,1.86
5171,5070,194,76.76
7059,6958,195,44.21
5167,5066,195,19.64
5562,5461,195,18.85
5365,5264,195,18.92
7362,7261,195,13.59
6858,6757,195,12.38
5480,5379,195,8.35
7161,7261,195,7.83
5479,5379,195,5.15
5070,4969,196,75.19
4867,4766,196,60.89
4765,4664,196,58
6192,6091,196,32.9
4866,4865,196,18.95
5267,5166,196,23.98
5366,5265,196,23.19
5074,4974,196,13.31
7996,7897,196,13.35
7996,7997,196,9.78
4567,4466,196,64.75
4966,4865,196,55.28
7094,6995,196,1.85
4768,4667,197,69.39
5483,5382,197,67.72
5279,5178,197,61.8
5277,5176,197,44.85
5563,5462,197,24.37
9386,9487,197,11.47
9191,9291,197,2.79
8380,8379,197,2.52
6894,6795,197,1.77
4872,4771,198,41.33
5280,5179,198,30.8
9485,9384,198,29.91
9485,9484,198,23.57
7561,7460,198,31.37
7561,7560,198,23.89
5787,5686,198,27.41
5266,5165,198,19.14
4871,4770,198,36.15
7763,7762,198,23.92
7667,7768,198,9.55
7662,7661,198,24.01
8177,8076,198,10.21
5176,5075,199,94.58
4766,4665,199,59.44
4974,4873,199,63.23
6091,5990,199,57.45
5379,5278,199,37.35
4765,4764,199,18.71
7160,7259,199,12.59
7568,7669,199,7.15
4966,4965,199,19.7
4865,4764,199,55.95
4466,4365,199,67.9
4771,4670,200,88.82
5686,5585,200,76.7
4667,4566,200,61.17
6958,6957,200,22.19
4869,4868,200,13.08
8783,8682,200,10.95
7461,7360,200,13.28
4770,4669,200,86.89
4567,4566,200,16.37
4768,4767,201,14.92
5263,5162,201,19.52
4867,4767,201,13.73
5561,5460,201,16.62
5760,5659,201,15.68
7996,8097,201,8.93
4567,4467,201,12.56
4668,4568,201,10.87
7094,7095,201,1.16
4665,4564,202,59.97
5179,5078,202,43.25
9484,9383,202,39.17
5382,5282,202,21.67
5382,5281,202,29.56
5363,5262,202,19.9
5463,5362,202,19.8
9284,9183,202,14.44
9486,9586,202,10.54
9486,9585,202,14.73
7766,7866,202,10.47
7766,7865,202,14.67
4670,4569,202,91.79
7764,7864,202,10.38
7764,7863,202,14.6
4965,4864,202,53.94
8582,8481,202,12.11
5990,5889,202,55.63
4865,4864,202,19.45
4764,4663,202,54.45
8794,8895,202,1.8
5585,5484,203,60.52
9484,9483,203,24.17
4667,4666,203,17.59
8379,8278,203,24.63
5461,5360,203,17.95
5264,5163,203,18.65
9485,9584,203,14.75
7767,7867,203,10.23
7561,7660,203,14.28
7661,7660,203,23.85
7762,7761,203,23.85
7763,7862,203,14.23
4566,4465,203,63.09
4466,4465,203,15.37
4873,4772,204,30.3
4974,4874,204,13.01
5166,5065,204,18.68
5265,5164,204,18.68
6958,7057,204,15.91
9184,9083,204,14.31
4569,4468,204,87.05
4965,4964,204,20.18
4467,4366,204,68.95
6757,6656,204,15.78
4664,4563,204,19.13
6794,6695,204,1.69
5460,5359,205,42.48
5165,5064,205,23.02
5462,5361,205,19.46
4864,4763,205,54.33
4764,4763,205,20
4772,4671,206,91.46
4666,4565,206,61.59
5484,5383,206,64.29
5281,5180,206,39.81
5282,5181,206,46.23
5460,5459,206,23.65
5278,5177,206,20.46
4468,4367,206,79.51
6857,6856,206,8.69
4365,4264,206,23.43
6757,6756,206,9.92
5889,5788,206,43.84
4566,4565,206,16.93
5162,5061,207,24.3
4964,4863,207,53.94
8883,8782,207,8.92
7668,7769,207,8.26
6757,6657,207,8.62
4864,4863,207,20.04
4671,4570,208,91.46
4763,4662,208,52.74
4874,4773,208,43.19
7660,7559,208,31.52
7660,7659,208,23.92
7761,7760,208,23.82
9384,9283,208,14.78
7460,7359,208,14.33
5382,5283,208,13.82
8595,8495,208,6.96
7661,7760,208,14.34
9486,9587,208,9.3
6494,6394,208,5.06
7762,7861,208,14.35
4264,4163,208,91.7
4367,4266,208,76.1
7771,7770,208,2.39
5180,5079,209,51.64
5262,5161,209,20.32
5362,5261,209,20.39
4964,4963,209,20.18
7560,7459,209,13.56
7767,7868,209,8.99
4773,4672,210,76.76
4570,4469,210,96.84
5061,4960,210,56.62
5177,5076,210,45.03
4763,4762,210,20.61
4874,4774,210,19.83
5163,5062,210,22.54
4465,4364,210,22.26
4663,4562,210,18.3
5659,5558,210,17.47
6293,6193,210,5.06
9289,9388,210,4.22
4863,4762,210,52.62
4366,4265,210,24.23
4564,4463,210,19.56
5164,5063,211,22.54
9484,9583,211,11.62
5178,5077,211,10.54
7897,7796,211,9.44
6192,6092,211,5.03
5076,4975,212,72.93
4469,4368,212,91.46
4672,4571,212,89.15
7559,7458,212,38.68
5181,5080,212,23.61
4563,4462,212,17.95
5360,5259,212,17.24
9483,9382,212,15.81
5161,5060,212,57.66
9383,9282,212,15.44
8682,8581,212,12.3
6957,6956,212,8.76
8983,8882,212,7.45
5787,5687,212,5.06
4963,4862,212,52.12
4863,4862,212,20.65
7796,7695,213,98.41
5062,4961,213,53.13
7459,7358,213,44.98
7659,7558,213,34.02
7659,7658,213,24.25
7559,7558,213,24.22
7359,7358,213,22.41
5361,5260,213,18.72
7660,7759,213,14.23
9586,9686,213,9.69
9586,9685,213,13.99
7760,7759,213,23.83
5659,5559,213,8.54
7761,7860,213,14.39
6656,6555,213,17.55
7974,7973,213,2.08
4565,4464,213,21.15
5080,4979,214,79.7
4368,4267,214,86.56
5077,4976,214,64.6
6092,5991,214,56.67
5079,4978,214,34.23
5063,4962,214,51.58
9083,8982,214,14.67
4963,4962,214,20.83
6656,6655,214,10.02
8177,8176,214,3.42
4266,4165,214,27.01
5687,5586,215,55.24
4862,4761,215,52.97
5558,5458,215,21.04
5060,4959,215,54.41
6657,6556,215,17.8
5359,5258,215,15.52
7057,7056,215,9.42
5161,5160,215,18.83
8892,8993,215,1.23
5260,5159,216,50.88
4662,4561,216,18.45
4165,4064,216,109.01
5459,5358,216,14.99
7897,7797,216,5.15
4267,4166,216,91.1
4265,4164,216,26.13
9290,9389,216,4.12
4961,4860,216,55.95
4976,4875,217,64.46
5991,5890,217,61.43
4862,4861,217,20.52
5060,5059,217,20.01
6856,6855,217,9.44
5460,5560,217,6.62
4163,4062,217,15.81
4962,4861,217,52.37
7194,7195,217,1.1
5586,5485,218,70.04
4762,4661,218,19.03
6856,6755,218,12.74
9283,9182,218,14.87
7760,7859,218,14.37
4164,4063,218,86.75
4960,4859,218,18.47
7873,7872,218,1.81
4978,4877,219,33.37
4562,4461,219,17.48
7659,7758,219,13.4
4773,4673,219,9.66
6657,6557,219,8.52
5181,5081,219,7.99
9586,9687,219,8.47
4163,4162,219,9.92
4062,3961,220,61.61
5358,5257,220,36.26
9583,9482,220,15.9
8782,8681,220,11.07
4874,4775,220,9.23
4673,4572,221,74.54
5485,5384,221,67.72
5358,5357,221,24.33
4464,4363,221,20.12
9382,9281,221,15.9
9282,9181,221,16.8
5259,5158,221,16.07
5890,5789,221,44.13
4166,4065,221,31.31
4775,4674,222,100.98
4162,4061,222,54.74
6556,6455,222,23.55
4979,4878,222,18.43
8982,8881,222,18.28
9686,9786,222,11.59
4774,4674,222,8.6
5283,5182,222,10.8
4877,4776,222,67.79
9191,9292,222,2.33
4572,4471,223,86.39
4065,3964,223,109.42
4761,4660,223,18.53
9686,9785,223,15.51
7694,7595,223,2.42
8176,8075,223,17.59
3961,3860,224,45.26
5081,4980,224,34.59
4860,4759,224,18.15
4959,4858,224,17.09
8581,8480,224,12.5
4469,4369,224,7.34
6695,6595,224,5.12
9290,9390,224,2.37
4471,4370,225,93.8
3961,3960,225,22.99
4162,4161,225,19.89
4062,3962,225,13.5
4861,4760,225,19.11
4978,4977,225,9.18
7658,7557,225,12.23
4368,4268,225,7.99
4064,3963,225,17.63
6655,6654,225,9.44
5158,5057,225,37.68
6555,6554,225,9.07
4776,4675,226,40.39
4674,4573,226,45.48
3961,3861,226,19.16
4461,4360,226,22.37
4661,4560,226,18.26
7797,7696,226,15.12
7056,6955,226,13.72
5788,5688,226,5.11
9183,9082,226,6.1
5158,5058,226,21.22
5158,5157,226,24.29
5059,4958,226,17.29
6555,6454,226,11.39
4370,4269,227,96.35
4980,4879,227,54.16
4061,4060,227,24.12
9182,9081,227,16.8
4859,4758,227,16.77
9685,9684,227,7.42
9686,9787,227,10.36
8882,8781,227,9.99
4675,4574,228,80.62
4573,4472,228,76.76
4878,4777,228,25.14
4674,4574,228,19.09
4363,4262,228,22.79
6855,6754,228,13.51
6855,6854,228,9.61
6556,6456,228,8
5283,5183,228,5.17
6394,6294,228,5.05
6757,6658,228,4.39
4269,4168,229,97.16
4977,4876,229,43.89
8495,8395,229,4.79
3861,3760,229,47.27
9487,9488,229,3.15
4472,4371,230,86.05
4060,3959,230,48.37
4161,4160,230,21.15
8881,8780,230,18.85
5688,5587,230,43.28
9482,9381,230,15.44
9281,9180,230,16.22
7658,7657,230,6.21
9181,9080,230,17.03
6193,6093,230,5.14
7057,7156,230,5.48
5257,5156,230,14.33
3962,3862,230,20.9
4168,4067,231,101.32
4574,4473,231,56.36
5357,5256,231,14.66
7057,7157,231,3.8
9192,9093,231,3.47
4371,4270,232,91.29
5183,5082,232,46.04
4060,4059,232,22.08
4660,4559,232,17.63
8681,8580,232,11.92
6092,5992,232,4.83
3861,3761,232,18.48
4473,4372,233,78.68
4067,3966,233,127.3
4777,4676,233,33.88
3860,3759,233,17.56
4858,4757,233,16.49
4759,4658,233,17.06
5587,5486,233,48.49
6455,6354,233,13.9
5659,5758,233,4.55
4560,4459,234,20.02
3960,3859,234,17.66
4760,4659,234,17.48
6455,6355,234,8.62
5081,4981,234,7
6654,6553,234,16.32
9587,9588,234,3.99
6554,6453,234,15.82
3966,3865,235,135.45
4160,4159,235,22.66
4574,4474,235,15.24
4758,4657,235,17.82
9082,8981,235,16.97
4958,4857,235,16.13
5992,5891,235,57.25
3964,3864,235,8.49
3862,3762,235,20.77
7859,7858,235,6.01
5991,5891,235,4.79
5156,5056,235,21.74
7594,7495,235,2.08
5486,5385,236,55.22
9081,8980,236,17.51
4360,4259,236,15.1
5058,4957,236,15.65
5057,4956,236,13.89
9785,9784,236,7.73
7758,7757,236,6.16
6654,6653,236,9.96
7797,7697,236,5.15
7056,7055,236,4.81
6454,6353,236,15.09
7975,8074,236,1.48
3864,3763,237,84.09
4981,4880,237,67.56
4757,4656,237,41.15
4676,4575,237,41.73
9192,9193,237,2.15
5385,5284,238,96.9
4159,4058,238,47.59
4474,4373,238,63.74
4459,4358,238,36.18
4757,4756,238,23.9
4270,4169,238,25.77
8780,8679,238,18
7697,7596,238,98.41
4360,4260,238,8.63
5890,5790,238,4.95
4459,4458,239,24.33
4658,4558,239,17.75
3959,3858,239,17.52
4262,4261,239,9.94
6754,6753,239,9.85
4065,3965,239,5.6
4162,4261,239,7.12
4169,4068,240,100.78
4373,4272,240,80.98
4259,4158,240,44.88
4159,4158,240,22.33
4657,4556,240,35.23
4372,4271,240,23.02
5758,5757,240,15.92
9080,8979,240,15.27
9180,9079,240,14.54
9381,9280,240,15.7
4656,4655,241,32.33
3762,3662,241,9.84
4059,3958,241,3.32
7657,7556,241,7.45
4067,4066,241,45.26
6456,6356,241,4.35
8781,8680,241,4.65
7557,7556,241,9.43
5256,5355,241,19.44
7394,7295,241,1.3
7772,7871,241,2.34
4756,4755,242,30.97
9583,9582,242,11.3
5959,5958,242,9.48
5789,5689,242,2.68
4458,4457,243,32.54
4358,4257,243,28.51
3865,3764,243,12.82
6955,6954,243,7.46
6855,6954,243,7.48
6657,6558,243,3.33
6553,6552,243,14.29
4757,4856,244,17.82
7657,7656,244,10.49
6854,6853,244,7.86
4878,4778,244,2.47
9482,9481,244,11.43
7494,7395,244,1.39
6354,6253,244,10.39
6453,6452,244,13.39
4655,4654,245,32.97
7156,7155,245,11.29
9787,9886,245,12.13
9684,9683,245,11.57
9687,9688,245,3.69
7973,7972,245,10.15
6653,6652,245,13.86
8176,8175,245,10.42
6453,6352,245,10.98
4257,4256,246,38.26
4755,4754,246,30.45
4556,4455,246,26.33
4756,4855,246,19.5
4880,4779,246,9.27
7055,7054,246,11.51
4474,4374,246,6.24
6355,6254,246,10.69
9180,9179,246,11.64
8278,8277,246,8.91
8379,8378,246,8.56
4655,4554,247,27.33
3662,3561,247,23.75
7757,7756,247,10.71
8480,8479,247,9.74
8881,8880,247,10.09
9381,9380,247,11.4
6895,6796,247,1.82
6895,6896,247,1.46
4654,4653,248,39.4
4257,4156,248,28.47
4956,4955,248,11.66
9784,9783,248,11.36
7858,7857,248,8.96
3759,3758,248,10.59
8780,8779,248,10.42
6595,6495,248,2.46
7866,7965,248,4.47
7865,7964,248,4.47
7864,7963,248,4.46
7863,7962,248,4.47
9291,9391,248,2.75
4256,4255,249,38.38
4754,4753,249,38.06
4457,4356,249,27.28
4272,4171,249,16.39
4058,4057,249,10.76
4575,4475,249,6.53
8074,8073,249,10.48
6355,6255,249,5.95
8580,8579,249,9.64
9280,9279,249,11.65
6557,6458,249,4.76
8679,8678,249,10.9
7867,7966,249,4.47
9079,9078,249,11.54
8979,8978,249,11.65
7862,7961,249,4.47
4855,4854,250,27.89
4755,4854,250,19.57
7871,7870,250,11.14
3858,3857,250,10.59
5082,4982,250,3.8
9787,9887,250,5.36
5757,5756,250,10.21
8695,8596,250,1.34
4171,4170,251,51.9
4653,4652,251,46.76
4256,4155,251,28.48
9582,9581,251,11.43
3958,3957,251,10.6
5355,5354,251,10.22
7897,7898,251,1.94
4753,4752,252,47.68
4356,4355,252,37.4
4955,4954,252,32.22
3561,3560,252,23.77
4068,3967,252,11.84
7157,7256,252,7.45
7861,7960,252,4.47
7897,7798,252,2.33
6253,6252,253,11.91
5958,5957,253,9.32
4374,4273,253,22.17
9481,9480,253,11.51
6452,6451,253,11.85
5688,5588,253,2.4
7868,7967,253,4.46
7867,7967,253,2.57
6753,6752,253,7.84
4155,4154,254,38.66
9683,9682,254,11.38
4652,4651,254,37.98
3560,3559,254,50.82
7155,7154,254,11.71
9390,9489,254,6.58
4355,4354,255,34.82
4954,4953,255,38.2
4554,4454,255,13.15
9886,9885,255,11.04
7972,7971,255,10.83
8175,8174,255,10.71
9787,9788,255,3.45
7860,7959,255,4.47
9179,9178,255,11.61
4155,4054,256,28.49
4955,5054,256,19.27
9380,9379,256,11.61
3865,3765,256,3.92
8277,8276,256,10.05
8880,8879,257,11.06
8378,8377,257,9.27
6552,6551,257,7.51
3662,3562,257,6.63
9783,9782,257,11.54
8779,8778,257,11.52
4777,4677,257,2.38
6294,6194,257,2.37
3559,3558,257,49.3
4355,4254,258,27.9
9279,9278,258,11.62
9078,9077,258,11.56
8978,8977,258,11.51
4171,4070,258,16.32
3758,3757,258,10.6
7857,7856,258,10.68
6253,6152,258,10.27
8678,8677,258,11.58
7054,7053,258,8.35
6452,6351,258,10.24
9292,9392,258,3.45
7859,7958,258,4.47
7868,7968,258,2.53
6795,6696,258,1.97
8795,8696,258,1.38
8695,8696,258,1.05
6853,6852,258,7.28
7870,7869,259,11.6
8073,8072,259,10.45
3561,3460,259,12.82
8479,8478,259,8.73
6954,6953,259,6.5
3560,3459,259,22.48
5183,5083,259,2.26
7769,7869,259,2.4
3558,3557,260,45.34
4155,4055,260,12.41
3857,3856,260,10.76
4475,4375,260,9.35
8579,8578,260,9.54
9581,9580,260,11.61
4070,4069,260,50.61
6652,6651,260,7.11
4652,4751,260,17.44
9588,9589,260,3.89
3559,3458,260,24.38
8595,8496,260,1.59
3757,3756,261,41.82
4953,4852,261,27.5
4954,5053,261,17.34
3957,3956,261,10.92
4753,4852,261,11.96
6253,6153,261,6.13
4273,4172,261,17.69
5354,5353,261,10.95
6093,5993,261,2.48
9785,9884,261,3.34
7256,7255,261,11.48
6254,6153,261,10.02
9887,9986,262,12.51
4982,4881,262,12.82
9480,9479,262,11.64
7798,7698,262,10.2
4779,4678,262,9.23
5587,5487,262,2.36
8979,8878,262,6.52
9192,9293,262,2.18
3458,3457,263,48.06
3757,3656,263,28.29
3558,3457,263,27.19
6752,6751,263,10.69
3764,3664,263,5.08
6356,6256,263,4.66
9682,9681,263,11.48
6254,6154,263,6.22
8895,8994,263,3.45
3756,3755,264,43
7971,7970,264,11.52
5756,5755,264,7.35
4374,4274,264,5.85
7155,7254,264,7.64
9178,9177,264,11.65
8174,8173,265,10.66
4154,4153,265,9.21
9379,9378,265,11.51
6255,6155,265,6.29
3656,3655,266,43.94
9986,9985,266,27.34
3458,3357,266,25.5
9782,9781,266,11.64
8276,8275,266,11.08
4953,5052,266,13.99
3459,3358,266,22.09
8778,8777,266,11.56
7054,7153,266,7.23
8795,8796,266,1.07
6995,6996,266,1.24
3755,3754,267,43.15
3557,3556,267,15.65
6152,6151,267,11.82
9077,9076,267,11.62
8977,8976,267,11.64
6252,6251,267,7.43
5957,5956,267,7.67
8377,8376,267,10.86
9787,9888,267,3.67
9390,9490,267,2.65
8677,8676,267,11.29
9278,9277,267,11.64
8072,8071,268,11.12
9887,9987,268,5.57
6451,6450,268,7.07
5992,5892,268,2.25
3656,3555,269,27.75
8578,8577,269,11.41
6953,6952,269,10.08
8478,8477,269,10.19
6852,6851,269,9.67
7053,7052,269,9.38
3562,3461,269,12.82
9580,9579,269,11.36
8978,8877,269,7.4
4070,3969,269,14.01
9688,9689,269,4.19
5284,5184,269,3.08
8678,8577,269,7.1
9588,9689,269,4.14
5486,5386,269,2.3
4676,4576,269,2.31
3754,3753,270,40
5956,5955,270,45.13
5052,5051,270,25.88
4153,4052,270,28.51
3457,3456,270,15.06
4852,4851,270,11.65
9884,9883,270,11.39
4254,4253,270,8.86
5957,6057,270,6.11
7958,7957,270,8.69
4172,4071,270,17.56
9985,9984,270,31.41
7858,7957,270,4.41
4375,4275,270,10.77
4274,4173,271,21.31
3460,3359,271,12.82
9479,9478,271,11.32
3556,3455,272,28.3
3655,3554,272,27.28
6152,6051,272,10.23
4069,3968,272,12.23
6551,6550,272,6.9
3969,3968,272,40.54
9681,9680,272,11.61
9984,9983,273,36.49
4253,4252,273,41.5
4052,4051,273,45.41
3357,3356,273,15.31
7970,7969,273,11.65
9177,9176,273,11.66
6351,6350,273,7.05
5756,5655,273,6.22
3358,3257,273,23.42
5891,5791,273,2.33
5955,5954,274,29.66
9378,9377,274,11.52
3755,3854,274,14.86
6751,6750,274,9.67
5957,6056,274,7
4475,4476,274,4.13
7798,7799,274,4.59
4880,4780,274,2.51
9392,9491,274,9.2
9781,9780,275,11.65
8275,8274,275,11.13
8173,8172,275,10.92
3664,3563,275,12.77
6152,6052,275,6.14
8777,8776,275,11.64
3753,3652,275,28.51
9478,9477,275,26.02
5353,5352,275,7.44
7897,7998,275,2.04
6494,6395,275,1.3
5955,5854,276,25.91
4052,3951,276,27.15
3754,3853,276,16.52
9076,9075,276,11.63
8976,8975,276,11.5
8376,8375,276,11.62
6651,6650,276,6.48
8676,8675,276,11.64
4054,3953,276,7.21
4982,4882,276,3.93
8677,8576,276,7.96
5790,5690,276,2.53
9277,9276,276,11.39
8071,8070,277,11.62
6151,6150,277,11.04
6251,6250,277,10.39
4678,4577,277,9.64
6852,6951,277,7.51
7053,7152,277,7.46
4475,4376,277,5.21
7798,7699,277,5.77
9688,9789,277,4.45
3455,3454,278,18.82
3554,3453,278,27.28
5955,6054,278,19.66
5956,6055,278,13.67
8877,8876,278,11.65
6153,6053,278,6.21
3966,3866,278,1.92
8477,8476,278,11.6
6154,6053,278,9.78
9377,9376,278,26.3
3853,3852,279,36.73
9883,9882,279,11.54
9579,9578,279,10.41
3357,3256,279,11.69
5052,5153,279,11.31
9780,9779,279,29.37
5957,6058,279,5.53
5756,5656,279,3.53
3753,3852,279,16.95
5954,5953,279,24.13
9478,9578,279,13.95
9478,9577,279,19.7
9477,9476,279,31.69
4173,4072,279,18.21
9276,9275,280,25.66
5854,5853,280,30.11
3356,3355,280,15.96
9888,9988,280,7.99
7254,7253,280,6.39
7964,8063,280,4.47
7963,8062,280,4.47
7962,8061,280,4.47
7965,8064,280,4.46
4052,3952,281,9.1
4052,4151,281,13.49
3461,3360,281,12.82
6851,6850,281,8.85
7698,7597,281,7.86
9780,9679,281,25.77
7957,7956,281,9.86
7966,8065,281,4.47
7961,8060,281,4.47
7857,7956,281,4.3
7596,7496,281,2.23
9376,9375,281,35.31
7095,7096,281,1.16
3256,3255,282,40.11
3852,3851,282,40.5
9276,9175,282,23.61
5854,5753,282,26.13
9176,9175,282,11.37
9983,9982,282,11.47
6151,6050,282,9.79
7798,7899,282,4.88
6255,6156,282,4.39
9476,9475,282,44.16
3358,3258,282,6.46
9779,9778,282,33.79
9577,9576,282,39.62
3355,3354,283,45.13
7699,7598,283,23.68
4051,4050,283,10.55
6550,6549,283,9.84
4274,4174,283,5.48
9780,9880,283,12.62
9780,9879,283,19.68
3562,3462,283,3.97
9275,9274,283,35.96
4375,4276,283,6.16
5357,5456,283,2.75
3256,3155,284,28.49
5953,5952,284,24.62
3454,3353,284,27.32
8172,8171,284,11.44
6350,6349,284,9.47
5386,5285,284,9.87
7052,7051,284,6.77
8776,8775,284,11.51
5353,5252,284,6.26
9375,9374,284,44.47
7960,8059,284,4.47
3255,3254,285,44.09
9576,9575,285,47.11
8975,8974,285,11.59
8375,8374,285,11.54
8576,8575,285,11.53
9075,9074,285,11.17
6750,6749,285,9.73
9679,9678,285,29.02
8274,8273,285,11.07
7967,8066,285,4.47
6450,6449,285,6.1
3257,3156,285,11.79
9779,9678,285,27.61
9475,9474,285,49.73
9778,9777,285,37.77
9392,9492,285,3.85
5853,5852,285,23.43
5456,5455,286,47.15
9879,9878,286,39.46
8070,8069,286,11.66
6150,6149,286,11.37
3951,3950,286,10.03
8675,8674,286,11.09
9888,9889,286,5.32
9274,9273,286,40.53
9175,9174,286,27.22
4779,4679,286,2.52
5689,5589,286,2.3
9275,9174,286,28.17
4071,3970,286,8.99
8476,8475,287,11.5
8876,8875,287,11.45
6650,6649,287,9.76
3969,3868,287,8.29
7959,8058,287,4.47
9578,9677,287,19.56
9374,9373,287,46.18
9292,9393,287,2.32
9778,9677,287,28.43
6695,6596,287,1.5
5853,5752,287,22.1
8895,8995,287,1.36
9575,9574,288,49.47
9777,9776,288,41.64
9474,9473,288,47.94
3255,3154,288,27.7
4072,3971,288,17.37
9274,9173,288,28.46
7256,7355,288,4.01
9577,9676,288,16.7
9882,9881,289,10.39
6250,6249,289,8.35
6951,6950,289,9.04
6051,5950,289,8.64
6851,6950,289,7.36
9878,9877,289,44.28
9074,9073,289,26.61
3258,3157,289,22.03
7255,7354,289,5.21
5355,5254,289,2.97
5354,5253,289,3.81
9273,9272,289,43.4
9373,9372,290,44.76
7968,8067,290,4.46
3765,3665,290,3.03
7958,8057,290,4.43
9776,9775,291,46.97
9473,9472,291,43.13
9574,9573,291,43.57
9676,9675,291,45.85
6050,6049,291,11.65
4882,4781,291,9.9
9173,9172,291,37.11
9074,8973,291,24.22
3664,3564,291,3.65
3156,3055,291,28.19
9880,9979,291,19.43
9272,9271,292,40.79
5752,5751,292,21.22
3950,3850,292,16.86
3950,3849,292,23.94
9879,9978,292,16.78
3851,3850,292,10.01
6850,6849,292,9.61
7152,7151,292,6.99
6051,5951,292,5.23
9880,9980,292,11.79
9877,9876,292,48.29
9372,9371,293,40.3
9073,9072,293,30.75
8171,8170,293,11.66
3360,3259,293,12.79
7699,7599,293,6.59
8775,8774,293,11.22
8057,8056,293,33.92
9173,9072,293,28.36
9888,9989,293,5.64
3968,3867,293,6.95
6193,6094,293,1.49
9876,9875,294,50.38
9775,9774,294,45.95
9472,9471,294,38.96
9573,9572,294,35.6
9675,9674,294,46.63
9272,9171,294,28.43
5752,5651,294,20.47
6749,6748,294,11.61
8374,8373,294,11.26
8575,8574,294,11.52
7051,7050,294,11.01
3353,3352,294,10.43
8273,8272,294,11.53
6549,6548,294,9.58
9172,9171,294,37.78
9271,9270,295,38.04
9978,9977,295,44.65
9073,8972,295,26.43
5752,5851,295,18.78
3254,3253,295,10.27
5852,5851,295,10.77
6349,6348,295,9.79
8674,8673,295,11.23
5456,5555,295,12.34
3462,3361,295,12.82
7253,7252,295,6.83
3652,3551,295,7.35
3461,3361,295,3.9
3156,3056,295,10.65
4173,4073,295,4.33
9371,9370,296,36.64
8875,8874,296,11.54
8475,8474,296,11.63
5455,5454,296,10.87
6149,6148,296,10.24
6449,6448,296,9.58
9072,9071,296,33.41
9982,9981,296,7.4
7254,7353,296,4.46
9172,9071,296,28.43
9471,9470,297,36.54
9171,9170,297,36.94
9774,9773,297,33.49
9875,9874,297,44.66
9271,9170,297,28.46
6649,6648,297,10.74
5752,5653,297,14.73
5655,5554,297,6.14
5588,5488,297,2.32
5082,4983,297,2.06
9270,9269,298,34.1
5950,5949,298,11.64
3154,3153,298,10.26
9574,9673,298,14.61
3866,3766,298,5.23
8057,8156,298,18.86
7968,8068,298,2.56
9977,9976,298,46.84
9370,9369,299,35.59
9171,9070,299,28.33
5951,5850,299,21.93
9573,9672,299,18.34
9072,8971,299,27.48
7598,7497,299,9.16
3850,3750,299,15.71
8972,8971,299,28.28
5353,5453,299,2.67
7195,7196,299,1.17
9470,9469,300,35.44
9170,9169,300,33.67
9472,9571,300,17.01
6049,6048,300,12.09
6950,6949,300,9.76
6249,6248,300,9.28
6349,6248,300,9.02
6850,6949,300,7.5
8057,8157,300,10.75
3258,3158,300,5.79
5254,5154,300,9.42
8496,8396,300,2.52
9269,9268,301,47.45
9976,9975,301,42.34
9773,9772,301,49.27
9874,9873,301,43.23
7353,7352,301,39.56
6748,6747,301,23.67
6849,6848,301,22.86
4679,4578,301,7.19
8056,8155,301,15.37
3055,3054,301,18.32
8972,8871,301,24.84
8156,8155,301,53.82
3849,3948,301,21.26
9469,9468,302,51.07
9369,9368,302,49.63
9070,9069,302,41.85
9672,9671,302,51.24
5851,5750,302,25.05
7050,7049,302,22.16
8373,8372,302,16.37
8170,8169,302,15.67
5751,5750,302,14.04
8774,8773,302,16.37
7252,7251,302,22.02
8272,8271,302,16.31
6548,6547,302,22.28
5456,5556,302,3.78
8574,8573,302,17.24
9491,9590,302,5.04
8972,8872,302,11.22
8971,8970,302,40.56
5184,5084,302,2.48
9071,8970,302,24.79
9873,9872,303,51.29
9772,9771,303,58.1
6648,6647,303,23.22
6448,6447,303,21.09
3253,3252,303,18.2
6348,6347,303,20
9471,9570,303,16.08
8673,8672,303,15.99
5651,5650,303,13.82
7151,7150,303,16.86
3970,3869,303,5.66
7051,7150,303,7.69
4276,4175,303,6.52
9689,9690,303,1.89
9671,9670,304,54.28
9268,9267,304,47.06
3948,3947,304,34.61
9975,9974,304,37.65
9269,9168,304,23.32
8474,8473,304,17.05
6148,6147,304,18.55
8874,8873,304,15.71
9875,9974,304,18.06
3564,3463,304,8.87
3563,3463,304,2.64
4780,4680,304,2.43
3971,3870,304,7.18
5993,5893,304,1.94
8155,8154,304,42.58
9771,9770,305,56.76
9468,9467,305,47.7
9069,9068,305,44.19
9368,9367,305,47.65
9070,8969,305,24.7
3153,3152,305,18.39
9874,9973,305,18.86
6049,5948,305,10.15
5487,5387,305,2
8971,8870,305,24.89
8970,8969,305,41.42
9670,9669,306,52.87
6747,6746,306,24.12
6848,6847,306,23.71
6048,6047,306,17.4
6248,6247,306,19.26
9470,9569,306,15.83
4073,3972,306,9.93
4072,3972,306,2.56
9789,9790,306,2.27
3750,3649,306,21.84
8097,8197,306,1.08
9770,9769,307,51.3
9973,9972,307,56.1
9267,9266,307,45.9
3948,3847,307,24.99
6949,6948,307,15.2
7251,7250,307,22.59
6547,6546,307,22.95
3054,3053,307,18.39
8155,8054,307,24.56
6394,6295,307,1.15
9467,9466,308,47.54
9367,9366,308,46.33
3947,3946,308,27.38
6347,6346,308,20.81
6447,6446,308,21.73
6647,6646,308,24.03
8169,8168,308,17.12
9069,8968,308,24.22
9268,9167,308,23.44
3948,4047,308,21.02
5850,5849,308,12
9492,9591,308,5.97
8970,8869,308,24.77
9972,9971,309,57.37
9669,9668,309,49.42
6847,6846,309,44.56
8372,8371,309,15.9
7150,7149,309,17.12
8773,8772,309,15.62
7049,7048,309,15.36
9469,9568,309,15.93
8271,8270,309,16.21
3361,3260,309,9.02
8573,8572,309,16.43
6147,6146,309,20.25
6057,6158,309,2.9
8157,8256,309,15.84
8155,8254,309,19.08
8795,8896,309,1.03
6948,6947,310,44.19
9266,9265,310,46.14
9267,9166,310,23.78
5650,5649,310,14.31
5750,5749,310,13.63
8672,8671,310,15.48
3948,4048,310,11.75
3652,3552,310,2.28
9193,9194,310,1.06
9366,9365,311,47.27
3847,3846,311,26.54
6247,6246,311,20.37
9068,9067,311,17.83
8473,8472,311,16.59
3947,3846,311,23.19
3947,4046,311,21
9468,9567,311,17.23
9889,9890,311,2.81
8063,8162,311,4.86
8064,8163,311,4.85
3750,3650,311,7.84
8061,8160,311,4.85
8062,8161,311,4.86
8154,8153,312,12.77
6546,6545,312,22.91
9772,9871,312,13.29
9393,9493,312,3.33
3462,3362,312,2.78
8065,8164,312,4.85
6047,6046,312,19.69
8060,8159,312,4.86
9166,9165,313,46.11
6947,6946,313,44.49
6346,6345,313,21.93
9266,9165,313,23.71
3053,3052,313,18.34
6746,6745,313,15.9
7599,7498,313,7
6446,6445,313,22.46
5892,5792,313,1.93
9293,9294,313,1.44
9567,9566,314,49.16
8968,8967,314,17.35
9466,9465,314,19.16
8168,8167,314,17.34
6646,6645,314,17.32
3847,3747,314,15.95
3847,3746,314,22.84
9467,9566,314,17.29
9770,9869,314,15.84
7250,7249,314,15.48
9771,9870,314,13.77
6048,5947,314,10.44
6146,6145,314,21.18
4046,4045,315,27.55
4047,4147,315,15.52
8869,8868,315,16.32
6948,7047,315,18.53
8054,8053,315,13.23
9669,9768,315,16.57
3157,3057,315,3.22
8057,8158,315,4.35
5386,5286,315,1.93
3156,3057,315,3.5
8059,8158,315,4.85
9566,9565,316,50.36
6946,6945,316,44.37
6745,6744,316,46.21
9265,9264,316,18.35
9166,9065,316,23.72
8772,8771,316,15.31
7149,7148,316,15.78
8371,8370,316,16.11
6846,6845,316,15.52
9668,9667,316,16.29
8270,8269,316,15.67
3946,3945,316,12.9
4047,4146,316,20.1
8572,8571,316,15.83
6246,6245,316,21.51
8066,8165,316,4.85
8157,8257,316,6.63
9365,9364,317,18.81
9067,9066,317,17.99
8671,8670,317,15.48
6545,6544,317,23.68
8254,8253,317,12.93
4046,4145,318,21.03
8472,8471,318,15.93
6947,7046,318,18.42
4048,4148,318,13.24
6345,6344,318,22.51
6445,6444,318,23.02
5791,5691,318,1.97
6744,6743,319,45.41
6845,6844,319,43.82
4045,4044,319,29.58
6145,6144,319,20.86
9165,9164,319,18.5
6745,6644,319,23.69
8153,8152,319,15.82
6046,6045,319,14.48
3846,3845,319,13.26
9971,9970,319,10.58
7497,7396,319,7.21
5949,5848,319,7.25
6945,6944,319,43.73
4276,4176,319,2.66
5653,5552,319,6.56
9193,9094,319,1.29
9465,9464,320,19.49
9869,9868,320,16.76
9567,9666,320,16.67
8167,8166,320,17.49
7352,7451,320,7.69
5651,5550,320,4.58
8067,8166,320,4.85
6047,5946,320,10.52
4045,3944,321,23.97
8868,8867,321,16.99
8967,8966,321,15.65
6946,7045,321,18.46
9989,9990,321,3
7249,7248,321,15.38
6245,6244,321,21.73
4145,4144,322,27.18
9264,9263,322,19.17
6744,6643,322,23.91
9565,9564,322,19.59
8269,8268,322,17.14
9065,9064,322,18.7
8053,8052,322,15.87
9768,9767,322,16.52
4045,4144,322,21.23
3746,3745,322,13.55
6544,6543,322,24.2
6844,6843,322,43.95
4578,4477,322,7.05
6743,6742,322,44.6
5749,5748,322,8.43
7699,7700,322,1.71
6944,6943,322,44.9
8871,8770,322,6.81
4577,4477,322,2.14
7295,7296,322,1.29
5649,5648,322,8.52
4044,4043,323,26.81
9364,9363,323,19.13
9066,8965,323,23.58
8571,8570,323,15.6
8370,8369,323,15.76
9566,9665,323,16.2
6344,6343,323,22.07
7148,7147,323,15.78
7451,7450,323,43.34
6045,6044,324,20.23
8253,8252,324,15.33
8670,8669,324,15.2
4175,4074,324,7.05
6945,7044,324,18.69
4882,4782,324,1.89
7248,7247,324,43.45
4982,4883,324,1.51
6943,6942,325,46.33
6643,6642,325,47.46
9868,9867,325,20.12
9164,9163,325,19.39
6144,6143,325,18.96
8152,8151,325,17.45
8471,8470,325,15.95
4680,4579,325,6.87
3869,3768,325,6.6
5650,5549,325,6.68
6743,6642,325,24.12
8257,8356,325,15.85
6244,6243,326,20.49
9464,9463,326,19.01
4044,3943,326,22.95
4044,4143,326,20.91
3260,3159,326,8.68
3972,3871,326,7.19
5948,5847,326,6.95
3870,3769,326,6.71
8870,8769,326,6.79
5690,5590,326,1.82
3768,3767,327,79.07
8867,8866,327,17.57
3845,3844,327,12.9
8356,8355,327,57.99
3665,3565,327,2.63
6944,7043,327,18.27
5552,5551,327,13.03
9665,9664,328,20.37
9564,9563,328,19.82
9767,9766,328,16.79
9064,9063,328,19.36
8052,8051,328,17.21
5946,5945,328,13.93
6543,6542,328,17.28
3362,3261,328,9.17
3564,3464,328,2.53
7451,7550,328,18.82
9363,9362,329,19.16
9263,9262,329,16.58
8268,8267,329,15.46
9970,9969,329,10.04
7450,7449,329,17.5
7498,7397,329,9.34
8869,8768,329,6.8
8054,7953,329,6.6
8355,8354,329,50.05
6742,6741,329,15.68
8158,8258,329,7.56
7899,7999,329,2.01
7248,7347,329,18.78
7997,8098,329,1.06
5649,5548,329,7.77
4143,4142,330,26.4
9867,9866,330,21.14
6044,6043,330,17.73
8252,8251,330,17.4
8570,8569,330,15.48
8965,8964,330,16.24
8369,8368,330,15.4
6943,7042,330,17.75
3745,3744,330,13.29
3057,2956,330,9.47
4073,3973,330,2.66
6596,6496,330,2.19
9492,9592,330,2.08
7147,7146,330,15.81
7699,7600,330,2.09
8669,8668,330,16.73
7247,7246,330,17.25
8151,8150,331,17.35
3552,3451,331,6.99
6544,6443,331,10.39
6444,6443,331,8.19
9163,9162,331,16.86
9463,9462,332,19.2
8470,8469,332,15.6
5648,5647,332,10.55
3747,3646,332,7.86
2956,2955,332,70.24
9393,9394,332,1.88
7449,7448,332,44.38
7451,7551,332,8.81
8257,8357,332,6.64
8354,8353,332,36.95
3451,3450,333,72.94
9664,9663,333,20.16
9766,9765,333,20.41
8866,8865,333,18.08
7146,7145,333,45.54
4143,4042,333,22.78
6045,5944,333,10.52
4043,4042,333,10.82
7248,7348,333,8.78
9563,9562,334,19.57
9063,9062,334,19.12
8051,8050,334,17.34
4142,4141,334,28.32
3766,3666,334,2.82
7550,7549,334,17.62
5748,5747,334,8.69
9262,9261,335,18.51
8768,8767,335,16.77
7347,7346,335,17.33
9362,9361,335,18.42
3844,3843,335,12.6
3943,3942,335,12.33
8267,8266,335,17.35
7599,7499,335,2.28
7448,7447,335,44
7246,7245,336,17.2
8251,8250,336,17.69
6043,6042,336,17.85
7953,7952,336,15.89
7145,7144,336,45.94
5847,5846,336,10.82
6343,6342,336,7.99
8053,7952,336,6.78
8355,8454,336,16.33
8356,8455,336,13.33
6741,6740,336,15.67
8668,8667,336,16.83
5947,5846,336,6.57
7549,7548,337,44.09
8150,8149,337,17.76
9162,9161,337,18.78
8368,8367,337,15.4
8964,8963,337,16.2
4142,4041,337,23.54
3768,3667,337,11.93
6642,6641,337,8.59
8569,8568,337,15.18
7449,7548,337,18.46
5284,5185,337,1.17
5589,5489,337,1.88
9765,9764,338,21.38
9462,9461,338,18.98
3744,3743,338,12.93
6942,6941,338,8.22
6044,5943,338,10.46
3747,3647,338,4.26
2955,2954,338,18.77
6740,6739,339,45.25
9663,9662,339,19.24
8469,8468,339,15.32
8353,8352,339,15.14
5548,5547,339,10.75
7699,7800,339,1.92
3450,3449,339,19.56
9562,9561,340,19.14
8050,8049,340,17.65
8865,8864,340,16.13
3646,3645,340,13.9
9866,9865,340,10.53
9969,9968,340,9.49
6243,6242,340,7.35
6542,6541,340,8.63
2956,2855,340,14.69
3158,3058,340,2.53
6094,5994,340,2.09
7448,7547,340,18.59
6093,5994,340,1.13
3743,3742,341,36.01
9261,9260,341,17.98
8767,8766,341,17.4
7346,7345,341,17.37
8266,8265,341,17.31
7447,7446,341,17.36
9062,9061,341,15.85
7145,7244,341,17.89
6143,6142,341,6.61
4176,4075,341,6.73
8162,8261,341,4.86
8160,8259,341,4.85
8161,8260,341,4.85
4781,4681,341,1.95
8163,8262,341,4.85
6294,6195,341,1.15
6739,6738,342,48.22
3449,3448,342,38.35
8250,8249,342,17.88
6042,6041,342,17.21
7952,7951,342,17
5846,5845,342,17.72
6740,6639,342,23.95
7549,7648,342,18.56
3451,3350,342,13.78
7042,7041,342,8.44
5945,5844,342,10.51
8667,8666,342,17.28
8164,8263,342,4.85
5549,5449,342,6.08
9161,9160,343,17.49
8149,8148,343,17.73
7144,7143,343,16.08
3843,3842,343,13.23
3942,3941,343,13.52
4141,4140,343,12.09
6443,6442,343,8.51
6543,6442,343,6.85
6541,6540,343,49.94
5549,5448,343,7.9
6738,6737,344,50.1
3742,3741,344,44.57
9461,9460,344,19.23
3743,3642,344,25.09
5943,5942,344,17.75
8963,8962,344,15.86
6740,6839,344,18.15
5747,5746,344,10.55
5647,5646,344,8.73
6043,5942,344,10.46
5847,5746,344,7.86
8367,8366,344,15.32
3463,3363,344,2.52
8568,8567,344,15.25
2954,2953,344,18.37
7451,7552,344,5.92
3449,3348,345,25.08
7499,7398,345,15.09
8352,8351,345,17.52
3261,3160,345,8.51
4041,4040,345,13.02
9662,9661,345,19.01
8356,8456,345,5.24
8454,8553,345,17.65
3741,3740,346,51.34
3448,3447,346,29.54
8049,8048,346,17.67
7547,7546,346,17.38
9968,9967,346,17.04
6739,6638,346,23.07
8468,8467,346,15.33
3743,3643,346,12.95
7549,7649,346,8.58
9561,9560,346,19.11
2855,2854,346,19.04
8165,8264,346,4.86
8054,7954,346,2.59
4578,4478,346,2.24
4579,4478,346,6.97
3642,3641,347,47.64
7446,7445,347,17.46
9061,9060,347,17.12
7345,7344,347,17.57
8766,8765,347,17.73
6142,6141,347,19.06
3742,3641,347,24.13
8864,8863,347,16.18
8455,8554,347,13.13
6740,6640,347,9.75
9361,9360,347,8.64
5944,5843,347,10.47
3871,3770,347,6.84
5548,5447,347,7.89
6839,6838,347,46.42
6541,6440,347,22.49
4680,4580,347,2.38
9393,9494,347,2.1
3350,3349,347,20.44
9260,9259,347,18.05
5488,5388,347,2.01
3740,3739,348,50.6
7951,7950,348,17.33
3448,3347,348,23.96
8249,8248,348,17.54
7648,7647,348,17
3645,3644,348,14.16
6342,6341,348,8.88
9764,9763,348,10.29
8666,8665,348,17.62
5547,5546,348,11.83
7244,7243,348,15.86
6737,6736,349,24.47
8148,8147,349,17.62
7041,7040,349,16.05
6738,6637,349,22.43
3742,3841,349,18.39
6740,6840,349,8.24
8995,9095,349,1.63
9160,9159,349,17.52
8257,8358,349,4.33
3447,3446,350,30.98
5746,5745,350,16.81
3941,3940,350,14.63
7143,7142,350,15.88
9865,9864,350,10.81
6042,5941,350,10.42
5846,5745,350,10.46
2953,2952,350,18.28
3641,3640,350,44.53
3973,3872,350,7.17
7953,7852,350,6.78
9460,9459,350,19.01
3362,3262,350,2.69
3057,2957,350,2.87
8366,8365,350,17.21
8962,8961,351,15.5
8567,8566,351,15.29
8351,8350,351,18.11
6738,6837,351,16.31
6941,6940,351,8.24
8553,8552,351,16.97
9661,9660,351,19.04
3739,3738,351,42.78
5941,5940,352,54.59
2952,2951,352,60.99
3841,3840,352,45.3
3347,3346,352,27.09
9967,9966,352,17.58
3447,3346,352,24.36
7546,7545,352,17.51
8048,8047,352,17.63
3348,3248,352,16.57
3348,3247,352,21.44
5943,5842,352,10.46
2854,2853,352,18.29
9560,9559,352,18.91
6839,6938,352,17.72
8467,8466,352,16.89
8197,8296,352,3.13
4376,4377,352,1.38
6696,6697,352,1.1
3940,3939,353,44.9
3446,3445,353,37.63
9259,9258,353,18.23
7445,7444,353,17.69
8765,8764,353,18.17
7344,7343,353,17.93
3740,3639,353,22.25
6637,6636,353,26.93
6242,6241,353,8.2
6541,6441,353,8.33
3640,3639,353,37.36
9360,9359,353,19.1
5893,5793,353,2.08
5084,4984,353,2
9060,9059,353,17.44
3769,3668,353,5.3
2951,2950,354,67.16
3840,3839,354,51.6
5940,5939,354,67.88
8552,8551,354,49.75
3738,3737,354,34.19
7950,7949,354,17.46
7243,7242,354,17.73
8248,8247,354,17.46
7647,7646,354,17.54
5646,5645,354,10.9
6736,6735,354,24.81
3667,3566,354,8.38
8665,8664,354,17.95
5387,5287,354,2.06
9763,9762,354,19.19
2956,2856,354,4.26
3739,3638,354,24.53
8863,8862,354,15.68
3346,3345,355,33.89
5842,5841,355,37.71
8147,8146,355,17.6
9159,9158,355,18.13
3347,3246,355,23.07
8456,8555,355,15.12
6041,6040,355,8.18
3939,3938,355,54.1
6540,6539,355,8.61
6796,6797,355,0.96
6896,6897,355,0.97
3445,3444,356,38.33
9459,9458,356,18.81
7852,7851,356,17.1
5447,5446,356,12.36
3348,3249,356,13.28
2950,2949,356,87.68
5845,5744,356,10.45
5844,5743,356,10.46
3839,3838,356,56.12
8365,8364,356,17.31
3739,3838,356,19.01
8551,8550,357,44.85
3638,3637,357,39.97
3938,3937,357,62.61
8961,8960,357,16.88
8350,8349,357,16.86
6837,6836,357,17.66
9660,9659,357,18.91
3738,3637,357,24.95
5941,5840,357,20.73
7142,7141,357,15.76
6636,6635,357,26.51
5546,5545,357,12.23
6839,6939,357,7.9
6840,6939,357,18.01
4276,4277,357,1.35
8596,8597,357,0.91
3838,3837,358,52.12
3737,3736,358,30.39
3346,3245,358,24.91
5842,5741,358,25.11
8047,8046,358,17.61
8466,8465,358,17.15
9559,9558,358,19.31
9966,9965,358,17.52
8566,8565,358,15.49
8552,8451,358,22.55
3738,3837,358,21.08
2952,2851,358,18.16
8554,8653,358,13.11
2949,2948,358,78.53
7499,7399,358,4.42
9592,9691,358,5.19
6440,6439,358,9.33
2853,2852,358,18.19
5184,5085,358,1.47
5840,5839,359,57.14
3444,3443,359,35.43
5939,5938,359,20.08
9258,9257,359,18.78
3445,3344,359,25.09
7343,7342,359,17.7
9059,9058,359,18.4
9359,9358,359,18.36
7545,7544,359,15.78
6341,6340,359,9.31
7549,7650,359,5.75
3937,3936,359,64.99
6735,6734,359,24.59
8451,8450,360,55.99
3637,3636,360,44.32
5446,5445,360,29.15
3737,3636,360,24.2
8551,8450,360,24.06
9762,9761,360,18.85
3638,3537,360,24.96
8247,8246,360,17.57
7646,7645,360,17.75
7949,7948,360,17.49
8764,8763,360,16.02
7444,7443,360,15.84
8552,8651,360,16.44
9864,9863,360,10.87
6141,6140,360,7.78
8664,8663,360,18.08
2851,2850,360,68.68
4176,4076,360,2.49
5839,5838,361,56.21
5938,5937,361,60.88
8146,8145,361,20.37
6040,6039,361,29.53
9158,9157,361,21.42
8862,8861,361,18.73
7242,7241,361,18.39
5842,5742,361,11.32
7040,7039,361,9.48
5843,5742,361,9.4
4075,3974,361,5.97
8353,8452,361,5.57
3936,3935,361,57.68
6340,6339,361,60.38
6836,6835,361,27.67
6635,6634,361,29.85
2948,2947,361,45.19
6140,6139,362,68.96
3537,3536,362,77.91
8651,8650,362,62.22
9659,9658,362,22.3
9458,9457,362,21.71
3444,3343,362,23.08
7851,7850,362,19.65
8364,8363,362,20.02
8551,8650,362,19.73
3736,3735,362,32.3
5645,5644,362,13.77
8456,8556,362,6.28
2850,2849,362,92.77
4883,4783,362,2.4
9558,9557,363,21.96
8349,8348,363,19.45
8960,8959,363,18.4
7141,7140,363,18.95
3160,3059,363,6.61
5545,5544,363,20.55
5792,5692,363,1.85
3939,4038,363,17.17
8653,8652,363,23.63
3249,3148,363,18.18
6039,6038,364,35.13
5445,5444,364,28.65
9358,9357,364,21.4
9058,9057,364,20.96
8465,8464,364,20.02
8565,8564,364,20.1
8046,8045,364,20.35
8550,8549,364,16.56
3536,3535,364,71.04
6241,6240,364,9.63
6938,6937,364,9.15
6637,6536,364,8.56
3935,3934,364,41.58
8696,8697,364,0.91
8895,8996,364,0.92
6139,6138,365,35.82
6634,6633,365,30.25
9863,9862,365,23.3
8246,8245,365,20.37
7948,7947,365,20.03
7645,7644,365,20.57
9761,9760,365,22.54
7342,7341,365,20.16
7544,7543,365,18.86
3245,3244,365,15.75
5840,5739,365,17.19
3736,3635,365,23.18
3736,3835,365,22.61
4038,4037,365,58.7
6696,6597,365,1.26
2948,3047,365,20.65
9157,9156,366,20.95
7039,7038,366,20.31
6835,6834,366,20.15
8763,8762,366,18.15
6240,6239,366,64.03
7443,7442,366,18.55
6539,6538,366,10.42
8450,8449,366,17.36
8663,8662,366,18.21
3443,3442,366,15.77
7899,7900,366,1.1
6536,6535,367,36.23
6038,6037,367,35.12
9457,9456,367,21.71
8650,8649,367,21.76
9658,9657,367,22.68
8145,8144,367,18.78
5937,5936,367,19.09
7241,7240,367,18.66
5839,5738,367,18.02
9965,9964,367,11.52
5644,5643,367,20.58
8861,8860,367,19.09
8554,8654,367,5.29
3565,3465,367,2.3
9990,9991,367,2.06
4037,4036,367,71.93
3835,3834,368,35.35
5444,5443,368,29.76
9557,9556,368,21.6
8348,8347,368,20.16
8959,8958,368,21
8363,8362,368,19.99
7850,7849,368,19.92
5838,5837,368,14.34
6138,6137,368,45.65
5938,5837,368,16.48
6439,6438,368,10.93
5741,5740,368,10.81
3262,3161,368,7.01
5544,5543,368,20.46
3934,3933,368,29.76
6239,6238,368,74.78
7398,7297,368,5.81
2947,2946,368,16.11
3936,4035,368,16.51
9493,9593,368,1.9
8356,8457,368,3.25
3735,3734,368,16.86
3935,3834,368,22.49
3935,4034,368,21.62
6037,6036,369,89.65
9357,9356,369,22.06
8045,8044,369,20.42
8464,8463,369,20.44
9057,9056,369,20.62
8564,8563,369,20.49
7140,7139,369,18.87
3668,3567,369,8.17
7954,7853,369,5.87
8261,8360,369,5.58
8262,8361,369,5.58
8260,8359,369,5.58
4580,4479,369,5.94
3343,3342,369,15.38
8796,8797,369,0.95
2948,3048,369,9.11
4034,4033,370,63.91
8649,8648,370,46.96
5936,5935,370,43.92
7947,7946,370,20.3
9862,9861,370,22.75
8245,8244,370,20.57
7644,7643,370,20.57
9760,9759,370,22.73
7341,7340,370,20.53
3148,3147,370,14.47
3535,3534,370,18.32
8651,8750,370,15.08
9257,9256,370,9.99
3834,3833,370,64.13
7648,7747,370,5.58
6734,6733,370,9.61
6137,6136,370,59.52
3770,3669,370,5.46
3464,3364,370,2.21
3635,3634,370,20.97
6535,6534,370,42.65
4276,4177,370,1.47
6438,6437,371,33.44
5738,5737,371,31.38
7543,7542,371,18.55
8549,8548,371,15.94
6339,6338,371,10.76
5743,5642,371,9.43
3933,3932,371,35.85
9890,9891,371,1.59
3249,3149,371,6.77
6495,6396,371,1.04
5837,5836,372,29.9
9456,9455,372,21.82
8144,8143,372,20.21
9964,9963,372,24.42
9657,9656,372,21.91
7038,7037,372,19.98
8762,8761,372,18.33
3833,3832,372,98.24
7442,7441,372,18.5
6834,6833,372,19.73
3047,3046,372,15.35
3244,3243,372,15.32
8662,8661,372,18.78
3537,3436,372,12.03
3734,3733,372,28.27
8449,8448,372,17.14
7552,7651,372,5.58
6136,6135,372,52.03
4038,4137,372,16.18
3436,3435,373,113.04
5935,5934,373,44.65
4033,4032,373,49.66
8958,8957,373,20.22
7849,7848,373,20.07
5443,5442,373,23.7
9556,9555,373,22.09
8347,8346,373,20.11
8860,8859,373,18.53
3442,3441,373,14.29
6633,6632,373,13.04
3536,3435,373,13.59
7852,7751,373,5.92
3349,3250,373,5.15
7240,7239,373,18.32
6996,6997,373,0.96
8596,8497,373,1.05
4137,4136,374,53.67
3832,3831,374,52.45
5737,5736,374,38
8750,8749,374,26.31
9056,9055,374,20.62
5738,5637,374,23.08
5936,5835,374,21.94
5936,6035,374,21.01
3634,3633,374,27.74
6036,6035,374,22.94
3872,3771,374,5.57
7649,7748,374,5.58
3932,3931,374,47.01
5691,5591,374,1.67
9861,9860,375,24.03
7340,7339,375,20.13
8244,8243,375,20.76
9759,9758,375,23.16
9256,9255,375,21.53
7946,7945,375,20.62
7747,7746,375,20.07
7643,7642,375,20.24
8563,8562,375,18.21
8044,8043,375,18.44
8463,8462,375,18.38
3733,3732,375,37.74
5443,5542,375,20.67
5642,5641,375,31.76
8649,8748,375,20.1
5738,5638,375,13.88
7139,7138,375,19.91
6538,6537,375,12.26
6937,6936,375,9.14
5287,5186,375,6.4
5543,5542,375,15.86
7647,7746,375,5.58
2950,3049,375,7.02
2850,2749,375,9.59
6238,6237,375,15
6836,6935,375,8.31
2946,2945,375,16.26
6534,6533,375,23.06
4136,4135,376,72.08
3441,3440,376,34.96
6135,6134,376,32.84
7542,7541,376,20.3
8648,8647,376,17.74
3831,3830,376,72.06
3247,3146,376,5.86
4032,4031,376,39.44
3931,3930,376,65.52
6194,6095,376,1.11
3435,3434,377,26.37
5442,5441,377,26.02
8448,8447,377,20.12
9656,9655,377,23.21
8143,8142,377,20.19
9963,9962,377,24.09
7441,7440,377,20.53
8548,8547,377,18.39
5935,5834,377,21.74
5935,6034,377,20.81
3342,3341,377,13.39
9156,9155,377,9.63
5736,5735,377,42.71
2749,2748,377,89.66
7037,7036,377,20.15
5934,5933,377,25.72
4135,4134,378,89.35
8859,8858,378,20.92
8346,8345,378,20.21
8957,8956,378,20.84
3732,3731,378,49.65
6437,6436,378,15.89
5737,5636,378,23.08
4033,4132,378,19.22
4034,4133,378,14.57
5642,5541,378,23.12
8661,8660,378,18.52
8761,8760,378,18.31
7600,7500,378,1.98
3830,3829,378,76.52
3440,3439,379,44.95
9055,9054,379,20.02
7751,7750,379,19.51
7239,7238,379,19.81
7848,7847,379,19.76
6338,6337,379,12.65
6533,6532,379,26.81
8651,8751,379,5.45
3246,3145,379,5.87
3046,3045,379,16.26
2945,2944,379,30.9
4132,4131,380,66.09
6134,6133,380,25.41
8243,8242,380,21.02
7746,7745,380,20.64
7945,7944,380,20.41
7642,7641,380,20.57
8043,8042,380,20.11
9860,9859,380,24.86
7339,7338,380,20.03
6237,6236,380,23.52
9356,9355,380,9.88
6935,6934,380,20.51
4032,4131,380,22.07
4031,4030,380,31.83
9790,9791,380,1.31
3243,3242,380,13.55
4038,4138,380,6.02
3930,3929,380,30.87
5735,5734,380,41.12
3829,3828,380,63.7
3929,3928,381,114.99
3439,3438,381,69.62
3731,3730,381,48.9
7541,7540,381,20.76
8647,8646,381,20.91
8462,8461,381,17.57
8562,8561,381,19.11
8748,8747,381,19.38
5736,5635,381,22.24
7138,7137,381,19.82
8456,8557,381,3.89
3534,3533,381,9.48
6733,6732,381,9.75
6632,6631,381,13.61
5933,5932,381,27.81
3438,3437,382,112.96
6236,6235,382,66.12
9155,9154,382,20.44
8547,8546,382,22
8447,8446,382,20.92
6034,6033,382,21.94
8142,8141,382,20.75
9962,9961,382,21.63
9455,9454,382,10.56
5738,5639,382,9.89
5739,5639,382,6.21
6536,6435,382,8.16
3828,3827,382,64.6
3245,3144,382,5.87
7399,7298,382,5.96
2852,2752,382,4.25
4131,4130,382,62.51
2945,2844,382,23.01
2945,3044,382,22.51
5834,5833,382,24.69
7036,7035,382,20.6
5734,5733,383,39.2
3827,3826,383,184.48
6532,6531,383,25.93
8345,8344,383,21.21
8858,8857,383,20.33
7440,7439,383,18.91
3440,3339,383,21.66
9555,9554,383,10.86
3633,3632,383,12.45
9593,9692,383,9.45
6833,6832,383,9.13
3533,3532,383,67.8
2945,2845,383,14.04
4983,4884,383,1.55
6235,6234,384,61.26
9859,9858,384,25.01
7847,7846,384,20.19
7750,7749,384,20.04
8956,8955,384,19.13
9758,9757,384,11.17
8749,8848,384,14.27
3928,3927,384,45.47
4076,3975,384,5.93
7238,7237,384,20.07
3058,2958,384,2.17
8660,8659,384,19.49
8653,8752,384,5.58
6033,6032,384,64.79
8760,8759,384,19.92
5735,5634,384,22.59
6435,6434,385,34.92
5932,5931,385,32.65
6133,6132,385,23.92
7944,7943,385,20.22
8242,8241,385,21.03
8042,8041,385,20.36
9054,9053,385,19.78
6337,6336,385,17.82
3339,3338,385,98.86
3974,3873,385,5.92
7338,7337,385,20.48
3927,3926,385,131.9
5733,5732,386,42.4
3730,3729,386,21.58
8646,8645,386,23.34
3926,3925,386,157.11
7641,7640,386,19.44
7745,7744,386,18.84
9655,9654,386,11.12
3434,3433,386,11.98
9255,9254,386,9.73
5833,5832,386,25.8
5541,5540,386,13.79
7645,7744,386,5.58
4782,4682,386,1.54
7096,7097,386,0.97
5931,5930,387,72.13
6336,6335,387,64.51
6234,6233,387,37.3
3826,3825,387,30.54
9154,9153,387,20.43
7035,7034,387,20.85
8446,8445,387,20.97
8141,8140,387,21
9961,9960,387,22.54
8546,8545,387,22.7
8561,8560,387,18.92
8747,8746,387,18.73
8461,8460,387,17.68
5734,5633,387,22.92
3669,3568,387,8.64
7137,7136,387,19.87
7540,7539,387,19.21
5590,5490,387,1.56
9858,9857,388,26.61
8857,8856,388,20.67
9554,9553,388,20.93
8344,8343,388,22.44
2944,2943,388,11.12
3242,3241,388,13.66
8556,8655,388,5.58
3433,3432,388,57.65
5832,5831,388,53.72
7954,7854,388,2.3
6434,6433,388,46.46
5993,5894,388,1.03
6032,6031,388,25.86
6335,6334,389,66.08
5540,5539,389,38.55
3925,3924,389,45.86
5732,5731,389,46.59
7846,7845,389,20.9
9757,9756,389,23.72
8955,8954,389,20.21
6531,6530,389,16.73
7439,7438,389,18.95
6631,6630,389,12.51
8848,8847,389,21.28
4132,4231,389,13.96
3435,3334,389,8.92
7237,7236,389,20.13
6132,6131,389,28.99
4681,4581,389,2.03
8659,8658,389,20.34
5930,5929,390,39.48
9053,9052,390,20.94
7337,7336,390,20.54
8241,8240,390,21.45
8759,8758,390,18.79
2844,2843,390,13.94
9355,9354,390,10.11
8041,8040,390,20.55
3338,3337,390,23.85
5637,5536,390,9.04
3161,3060,390,6.53
3244,3143,390,5.86
2749,2648,390,10.02
6433,6432,390,69.92
3363,3263,390,2.09
2957,2857,390,2.47
4131,4230,390,14.99
7899,8000,390,1.28
3729,3728,390,27.82
3249,3150,390,4.14
6432,6431,391,231.24
3241,3240,391,36.46
6530,6529,391,59.91
8645,8644,391,20.47
7640,7639,391,20.93
7744,7743,391,20.53
9254,9253,391,22.47
7943,7942,391,18.68
3337,3336,391,120.81
6934,6933,391,9.22
5638,5537,391,9.19
3436,3335,391,7.58
3567,3466,391,6.66
7644,7743,391,5.58
6233,6232,391,29.36
6334,6333,391,66.03
3432,3431,391,42.86
4478,4378,391,2.18
3044,3043,391,12.29
5539,5538,392,44.57
9857,9856,392,27.52
8140,8139,392,21.77
7034,7033,392,20.44
8445,8444,392,22.03
6031,6030,392,29.52
8746,8745,392,21.28
8545,8544,392,22.88
3825,3824,392,21.84
9153,9152,392,22.88
7136,7135,392,20.15
2648,2647,392,57.23
8460,8459,392,20.02
6732,6731,392,9.69
6131,6130,392,40.53
3240,3239,393,69.37
6529,6528,393,66.04
3924,3923,393,25.52
9553,9552,393,20.56
7539,7538,393,18.64
5540,5439,393,23.01
5536,5535,393,33.72
9454,9453,393,9.98
3632,3631,393,10.17
3434,3333,393,8.94
8343,8342,393,21.96
7853,7752,393,5.91
8654,8753,393,5.58
8560,8559,393,19.47
5929,5928,393,39.57
7552,7652,393,2.11
5489,5389,393,1.73
6333,6332,393,50.97
3239,3238,394,117.58
3431,3430,394,33.72
7845,7844,394,20.38
9756,9755,394,24.56
8856,8855,394,19.65
8658,8657,394,20.59
8749,8849,394,5.06
7236,7235,394,20.34
6832,6831,394,9.35
2856,2756,394,2.52
4580,4480,394,2.08
6232,6231,394,39.66
8496,8397,394,0.93
6528,6527,395,65.95
6130,6129,395,44.31
6431,6430,395,26.92
9354,9353,395,22.73
7336,7335,395,20.86
8240,8239,395,22.68
8758,8757,395,20.66
8954,8953,395,19.96
3241,3140,395,23.22
6630,6629,395,18.95
8847,8846,395,19.67
2752,2651,395,11.22
3532,3531,395,8.36
9052,9051,395,21.61
3433,3332,395,17.53
3262,3162,395,2.19
8359,8458,395,5.58
7438,7437,395,19.12
8040,8039,395,20.9
3432,3331,395,22.2
3432,3531,395,21.3
6332,6331,395,70.14
6331,6330,396,215.71
5439,5438,396,33.52
7942,7941,396,20.43
8644,8643,396,21.14
9253,9252,396,23.75
7639,7638,396,20.38
7743,7742,396,20.43
5539,5438,396,21.77
6231,6230,396,60.94
7643,7742,396,5.58
6030,6029,396,32.05
7499,7400,396,2.21
2647,2646,396,33.08
3140,3139,397,80.94
2651,2650,397,75.54
6527,6526,397,65.93
6129,6128,397,89.26
8139,8138,397,22.76
9152,9151,397,23.92
8444,8443,397,23.34
8544,8543,397,21.09
3824,3823,397,21.32
8745,8744,397,20.73
5535,5534,397,29.92
7135,7134,397,20.56
6629,6628,397,61.19
3241,3141,397,12.17
9960,9959,397,10.85
9654,9653,397,9.23
5536,5435,397,23.26
5635,5534,397,9.38
6230,6229,397,139.01
3728,3727,397,16.21
8796,8897,397,1.1
3139,3138,398,126.44
3531,3530,398,33.41
9453,9452,398,21.54
3923,3922,398,20.16
8342,8341,398,21.34
7033,7032,398,19.72
3431,3330,398,23.26
3431,3530,398,22.64
9552,9551,398,21.35
2843,2842,398,13.65
5536,5436,398,13.1
5537,5436,398,22.67
3731,3630,398,7.45
7538,7537,398,20.4
8197,8297,398,1.15
8559,8558,398,20.06
6029,6028,398,87.48
3138,3137,399,115.64
5435,5434,399,53.93
2650,2649,399,78.33
6526,6525,399,65.92
7844,7843,399,20.38
8855,8854,399,20.74
3823,3822,399,56.09
6628,6627,399,65.95
8657,8656,399,20.02
5538,5437,399,20.7
6229,6228,399,62.6
3143,3142,399,11.52
2647,2546,399,23.23
2647,2746,399,22.64
6028,6027,400,55.59
7335,7334,400,21.15
5534,5533,400,34.17
8239,8238,400,23.83
8757,8756,400,20.38
8039,8038,400,21.97
9353,9352,400,22.56
3238,3237,400,17.48
5439,5338,400,23.25
5634,5533,400,9.43
9856,9855,400,13.54
8953,8952,400,20.17
6228,6227,401,56.61
6330,6329,401,20.88
9252,9251,401,23.58
7742,7741,401,20.7
7941,7940,401,20.19
7437,7436,401,19.17
3822,3821,401,56.09
8846,8845,401,19.02
5439,5339,401,13.17
5434,5433,401,53.53
2943,2942,401,8.19
7638,7637,401,20.75
3929,4028,401,6.87
7642,7741,401,5.58
9593,9693,401,3.07
5388,5288,401,1.83
6596,6497,401,1.18
5338,5337,402,61.77
3237,3236,402,62.69
6525,6524,402,48.07
3137,3136,402,43.65
6627,6626,402,33.54
8543,8542,402,20.55
8443,8442,402,21.25
8138,8137,402,22.82
8643,8642,402,19.08
7134,7133,402,20.41
6430,6429,402,15.9
6731,6730,402,10.09
8744,8743,402,20.28
2842,2841,402,30.86
3332,3231,402,23.24
9151,9150,402,23.4
9653,9652,402,20.81
6933,6932,402,9.11
3331,3231,402,14.45
3331,3230,402,22.8
6395,6296,402,1.06
6524,6523,403,168.4
6329,6328,403,77.3
8341,8340,403,22.44
3922,3921,403,20.06
9452,9451,403,21.4
7537,7536,403,20.76
3727,3726,403,17.48
3821,3820,403,55.1
3043,3042,403,8.39
9755,9754,403,11.52
3669,3569,403,3.12
9551,9550,403,21.37
2646,2645,403,14.73
7196,7197,403,0.98
4231,4330,403,10.21
3729,3628,403,8.8
5337,5336,404,75.1
6027,6026,404,28.92
3141,3040,404,22.9
4230,4329,404,10.4
3332,3232,404,12.3
6523,6522,405,94.72
3136,3135,405,49.88
3921,3920,405,50.77
6626,6625,405,33.72
8756,8755,405,20.92
8038,8037,405,22.54
8238,8237,405,22.61
9352,9351,405,21.74
8854,8853,405,19.97
7843,7842,405,18.92
5436,5335,405,20.26
8849,8948,405,13.7
3823,3722,405,18.06
2841,2840,405,34.52
2842,2741,405,23.01
5930,5829,405,7.95
7235,7234,405,9.16
8751,8850,405,5.58
5085,4985,405,2.15
5793,5693,405,1.94
9494,9594,405,1.75
8952,8951,405,20.28
6831,6830,405,9.89
3040,3039,406,76.95
4329,4328,406,85.31
9251,9250,406,21.8
3137,3036,406,22.01
3141,3041,406,11.21
2842,2742,406,14.05
2648,2548,406,6.48
9859,9958,406,5.58
5731,5630,406,8.72
7940,7939,406,20.26
9051,9050,406,9.86
8098,8198,406,1.35
2546,2545,406,14.52
3039,3038,407,131.78
3722,3721,407,56.09
6625,6624,407,61.89
3135,3134,407,59.77
8948,8947,407,61.93
6522,6521,407,67.86
8642,8641,407,20.74
3236,3235,407,23.22
8137,8136,407,21.21
8442,8441,407,21.88
7436,7435,407,19.5
7741,7740,407,19.16
8845,8844,407,19.77
7133,7132,407,20.15
6027,5926,407,22.64
6027,6126,407,22.22
2840,2839,407,53.21
4028,4027,407,18.55
2651,2550,407,12.54
3822,3721,407,18.06
8743,8742,407,20.61
3335,3234,407,9.24
3826,3725,407,5.97
9150,9149,407,22.71
5287,5187,407,1.9
9652,9651,407,22.61
7637,7636,407,19.68
3038,3037,408,114.53
6026,6025,408,29.65
9451,9450,408,20.59
8340,8339,408,23.44
6429,6428,408,17.53
8542,8541,408,19.8
6227,6326,408,20.74
5339,5238,408,21.94
6228,6327,408,16.87
2645,2644,408,21.88
2756,2655,408,10.35
2741,2740,408,40.24
4328,4327,408,84.01
3975,3874,408,5.94
4076,3976,408,2.12
7399,7299,408,2
9095,9195,408,1.72
9550,9549,408,23.21
3927,4026,408,5.93
6521,6520,409,78.42
3134,3133,409,62.12
3721,3720,409,58.28
2550,2549,409,86.23
2545,2544,409,46.81
7536,7535,409,19.55
3231,3130,409,23.19
2839,2838,409,97.61
5338,5237,409,16.2
2650,2549,409,11.95
3821,3720,409,18.39
2841,2940,409,22.63
7032,7031,409,9.1
3568,3467,409,6.55
9855,9854,409,12.25
4026,4025,410,93.18
2655,2654,410,51.59
5926,5925,410,33.72
6624,6623,410,47.61
8951,8950,410,20.91
7234,7233,410,20.81
9351,9350,410,20.58
8037,8036,410,21.76
8237,8236,410,20.48
8755,8754,410,21.06
2644,2643,410,52.99
3136,3035,410,20.15
3820,3819,410,16.49
4327,4326,410,88.81
9858,9957,410,5.58
8752,8851,410,5.58
3465,3365,410,2.35
3872,3772,410,1.67
6520,6519,411,88.4
2940,2939,411,62.75
6126,6125,411,30.97
3234,3233,411,32.39
9050,9049,411,23.04
7842,7841,411,18.86
2838,2837,411,62.4
3920,3919,411,16.83
6026,6125,411,22.34
3231,3131,411,12.02
3232,3131,411,22.13
3921,4020,411,18.85
7334,7333,411,9.76
2740,2739,411,49.62
5237,5236,411,74.63
4025,4024,411,111.34
6730,6729,411,11.75
3825,3724,411,5.94
2752,2652,411,3.55
9250,9249,411,20.56
7939,7938,411,21.07
8853,8852,411,19.87
2939,2938,412,121.91
6623,6622,412,74.25
6428,6427,412,31.37
6025,6024,412,25.37
9549,9548,412,25.87
9149,9148,412,21.38
8136,8135,412,20.34
8441,8440,412,20.74
7435,7434,412,21.51
7636,7635,412,20.27
8641,8640,412,20.09
5339,5239,412,9.74
2741,2640,412,22.75
3823,3723,412,6.7
5630,5629,412,19.85
7640,7739,412,5.58
8742,8741,412,20.25
8844,8843,412,20.17
4326,4325,412,91.04
2654,2653,412,84.85
9651,9650,412,24.03
6519,6518,413,72.72
2938,2937,413,141.66
4024,4023,413,72.03
3133,3132,413,25.44
6326,6325,413,24.03
8339,8338,413,21.57
2643,2642,413,37.31
8947,8946,413,19.15
2837,2836,413,57.18
2545,2444,413,21.12
3722,3621,413,18.06
6932,6931,413,9.21
2739,2738,413,73.25
5236,5235,413,68.7
2742,2641,413,22.75
7854,7753,413,5.87
3059,2959,413,2.04
9754,9753,413,10.56
6622,6621,414,80.1
5925,5924,414,32.95
5926,5825,414,23.26
6126,6225,414,22.51
6427,6426,414,55.09
3135,3034,414,16.84
9854,9853,414,24.29
8541,8540,414,18.8
9857,9956,414,5.58
9957,9956,414,25.59
2852,2753,414,2.53
4325,4324,414,73.91
7998,8099,414,1.04
2937,2936,415,64.98
8036,8035,415,21.15
8950,8949,415,22.6
7535,7534,415,19.98
3720,3719,415,18.11
6025,6124,415,21.3
3037,2936,415,22.44
3621,3620,415,58.18
2640,2639,415,45.78
6830,6829,415,10.42
8948,9047,415,15.16
6522,6421,415,14.42
2740,2639,415,20.24
8849,8949,415,4.8
2444,2443,415,52.93
9350,9349,415,20.02
5235,5234,415,56.19
3728,3627,415,5.88
4479,4379,415,2.2
5335,5234,415,14.38
6621,6620,416,97.5
3034,3033,416,53.27
6518,6517,416,33.35
6325,6324,416,46.39
9650,9649,416,25.73
6024,6023,416,28.9
7938,7937,416,21.58
7333,7332,416,21.73
7841,7840,416,20.32
9049,9048,416,22.82
8236,8235,416,18.34
2836,2835,416,44.71
3134,3033,416,16.09
6426,6425,416,72.13
2738,2737,416,42.49
3162,3061,416,6.83
4177,4077,416,2.21
6094,5995,416,1.12
7534,7533,417,53.28
5825,5824,417,36.21
9148,9147,417,21.79
7434,7433,417,21.51
7635,7634,417,20.41
9548,9547,417,23.02
5925,5824,417,23.22
2643,2542,417,23.15
2639,2638,417,55.65
3819,3818,417,16.34
3921,4021,417,7.64
6421,6420,417,99.48
7639,7738,417,5.58
5629,5628,417,24.13
8843,8842,417,21.12
8741,8740,417,20.01
3130,3030,417,13.92
6324,6323,418,90.48
5924,5923,418,30.22
4023,4022,418,20.35
8440,8439,418,19.94
8135,8134,418,19.08
4020,4019,418,15.77
6125,6224,418,20.89
6425,6424,418,84.17
2545,2445,418,8.9
7132,7131,418,9.34
4329,4228,418,10.68
2737,2736,418,60.85
8640,8639,418,19.89
3364,3264,418,2.09
5234,5233,418,48.2
9753,9752,418,23.39
7433,7432,419,52.96
7533,7532,419,52.1
6620,6619,419,39.04
6424,6423,419,137.43
6829,6828,419,29.49
9956,9955,419,22.35
4324,4323,419,21.76
8338,8337,419,19.21
8946,8945,419,18.31
2835,2834,419,36.83
6024,6123,419,22.22
6729,6728,419,14.04
2638,2637,419,72.62
3919,3918,419,13.78
4329,4428,419,9.92
4330,4429,419,9.26
6523,6422,419,9.35
9450,9449,419,9.25
5692,5592,419,1.82
9853,9852,419,23.61
8540,8539,419,20.04
4231,4331,419,3.35
6323,6322,420,54.53
6420,6419,420,49.21
6517,6516,420,30.84
3033,3032,420,25.72
8035,8034,420,20.7
3620,3619,420,21.13
2642,2541,420,22.67
2641,2540,420,22.38
3723,3622,420,19.02
3722,3622,420,6.7
2736,2735,420,67.99
4328,4427,420,10.12
9349,9348,420,22
2443,2442,420,24.52
7031,7030,420,9.5
9649,9648,421,6.93
7534,7633,421,65.16
2936,2935,421,10.23
2637,2636,421,16.86
6621,6720,421,101.94
5825,5724,421,6.42
6622,6721,421,92.05
6519,6618,421,85.86
4024,4123,421,88.27
6623,6722,421,90.28
4026,4125,421,100.93
6624,6723,421,70.87
9693,9792,421,44.12
5237,5136,421,2.81
4327,4426,421,62.47
4025,4124,421,108.91
7638,7737,421,30.22
4326,4425,421,63.59
8996,9096,421,4.75
5185,5086,421,1.62
4325,4424,421,49.44
6619,6718,422,75.98
7533,7632,422,64.6
4021,4120,422,63.1
7937,7936,422,6.91
6620,6719,422,55.97
6518,6617,422,46.16
5233,5232,422,17.05
2655,2754,422,54.03
2550,2449,422,2.74
8237,8336,422,30.01
8845,8944,422,27.11
7133,7232,422,29.74
2444,2343,422,4.91
9652,9751,422,32.56
4783,4683,422,1.05
9651,9750,422,35.16
4883,4784,422,1.1
6722,6821,423,106.29
6721,6820,423,99.43
4331,4430,423,62.57
4323,4322,423,23.57
6123,6222,423,47.29
4123,4222,423,74.65
4429,4528,423,47.44
6224,6223,423,6.82
6023,6022,423,6.9
6517,6616,423,42.38
9047,9046,423,1.81
4124,4223,423,87.96
6829,6928,423,44.24
5628,5727,423,42.85
5628,5627,423,6.93
9650,9749,423,37.53
9548,9647,423,32.73
7840,7839,423,6.88
9149,9248,423,30.64
4427,4526,423,51.67
9854,9953,423,38.18
4428,4527,423,48.76
3727,3626,423,2.04
8742,8841,423,27.39
8844,8943,423,26.98
9853,9952,423,37.68
6718,6817,424,72.48
6719,6818,424,74.22
6618,6717,424,70.71
6720,6819,424,50.15
6516,6615,424,40.03
6828,6927,424,43.91
9852,9951,424,35.38
4426,4525,424,52.82
6023,6122,424,30.25
9649,9748,424,36.11
3719,3718,424,1.76
8946,9045,424,25.99
9148,9247,424,30.4
2639,2538,424,14.4
9349,9448,424,29.88
4327,4226,424,5.57
8640,8739,424,27.34
8843,8942,424,27.59
8741,8840,424,27.07
9752,9851,424,38.27
4425,4524,424,48.76
6222,6321,425,82.22
4424,4523,425,40.17
8034,8133,425,30.75
4323,4423,425,21.4
4323,4422,425,29.06
8337,8436,425,28.14
7432,7531,425,30.14
8439,8538,425,28.2
9547,9646,425,28.47
8842,8941,425,27
5232,5331,425,60.14
6821,6920,425,87.58
3621,3520,425,4.07
9147,9246,425,28.02
6625,6724,425,31.44
6626,6725,425,27.73
6627,6726,425,27.68
5236,5135,425,3.08
5235,5134,425,3.8
9348,9447,425,34.28
8639,8738,425,26.81
4325,4224,425,8.46
6831,6930,425,13.04
6818,6917,426,71.5
4526,4625,426,47.48
4430,4529,426,49.82
6617,6716,426,41.25
9751,9850,426,38.7
9648,9747,426,31.36
5724,5723,426,21.09
6819,6918,426,73.86
2442,2441,426,18.07
8539,8638,426,26.69
4429,4529,426,17.88
5627,5726,426,47.43
4021,4121,426,12.36
2835,2934,426,19.41
8339,8438,426,20.75
9147,9146,426,6.88
3919,4018,426,17.81
2548,2448,426,2.55
5629,5728,426,22.9
8945,9044,426,26.16
7637,7736,426,19.67
6920,7019,427,74.77
6122,6221,427,56.9
6615,6714,427,64.44
6717,6816,427,70.44
6022,6121,427,38.56
4528,4627,427,42.41
6616,6715,427,38.8
6928,7027,427,39.4
4222,4321,427,43.63
9750,9849,427,35
4527,4626,427,45.11
7131,7230,427,20.4
9547,9546,427,6.88
7634,7733,427,19.68
6726,6825,427,101.23
6723,6822,427,27.51
3034,2933,427,4.25
8338,8437,427,19.25
4023,4122,427,21.37
6817,6916,427,70.53
7739,7838,427,19.18
7635,7734,427,20
8135,8234,427,19.36
6725,6824,427,101.22
4020,4119,427,18.09
8236,8335,427,19.1
3918,4017,427,21.16
7636,7735,427,19.97
3818,3917,427,22.55
9855,9954,427,15.27
4322,4421,428,35.22
9647,9746,428,29.3
6927,7026,428,40.34
4222,4221,428,23.87
8944,9043,428,27.28
4331,4431,428,12.52
7532,7631,428,19.51
8134,8233,428,19.45
8740,8839,428,18.11
5232,5231,428,18.26
8235,8334,428,19.08
5825,5725,428,3.75
6728,6827,428,18.58
3030,2929,428,10.48
6519,6418,428,3
8336,8435,428,27.75
6830,6929,428,13.5
7738,7837,428,19.39
9248,9347,428,32.73
6628,6727,428,18.07
6918,7017,428,71.46
4525,4624,428,42.98
6822,6921,429,96.29
6121,6220,429,83.83
7019,7118,429,73.86
6824,6923,429,87.1
6221,6320,429,81.75
4121,4220,429,51.02
5723,5822,429,56.22
4422,4521,429,43.48
4423,4522,429,38.11
4524,4623,429,35.2
9851,9950,429,32.2
9748,9847,429,28.4
8841,8940,429,26.72
4528,4628,429,19.6
8943,9042,429,27.57
4430,4530,429,17.01
6825,6924,429,79.47
7633,7732,429,19.39
7737,7836,429,19.46
4019,4118,429,15.95
2538,2537,429,24.19
3030,2930,429,6.53
2653,2552,429,3.99
7132,7231,429,12.11
3569,3468,429,2.03
9247,9346,429,29.86
9046,9145,429,25.41
7031,7130,429,12.51
5234,5133,429,4.5
6917,7016,429,69.86
3130,3031,429,3.98
6916,7015,430,65.43
7733,7832,430,61.58
4321,4420,430,55.9
9646,9745,430,30.03
4523,4622,430,34.46
8840,8939,430,27.08
6615,6614,430,16.7
9045,9144,430,26.58
8942,9041,430,27.34
4120,4219,430,17.96
7632,7731,430,19.34
2541,2440,430,14.81
2540,2440,430,10.31
2540,2439,430,14.64
6714,6813,430,65.7
5923,5922,430,6.87
5331,5430,430,29.69
6716,6815,430,40.56
8739,8838,430,26.92
5339,5240,430,2.41
7017,7116,430,73.38
4625,4724,430,39.36
5893,5794,430,0.93
6921,7020,431,79.45
6923,7022,431,76.2
6924,7023,431,72.01
5822,5921,431,78.54
7026,7125,431,67.27
6816,6915,431,41.16
4626,4725,431,42.73
9850,9949,431,29.03
8941,9040,431,27.28
4017,4116,431,42.96
3718,3817,431,22.81
6724,6823,431,27.03
4627,4726,431,44.74
7332,7431,431,12.47
6715,6814,431,39.69
3917,4016,431,45.75
3818,3817,431,1.23
2756,2656,431,1.55
8000,8100,431,4.83
8538,8637,431,26.6
8436,8535,431,26.99
2654,2553,431,3.32
7118,7217,431,70.88
4625,4725,431,20.46
9246,9345,431,27.8
8738,8837,431,26.99
5922,6021,432,73.45
4221,4320,432,39.86
6827,6926,432,45.54
9546,9645,432,29.08
9044,9143,432,27.81
8638,8737,432,26.42
9747,9846,432,27.62
4529,4629,432,19.98
5723,5722,432,19.74
6516,6515,432,9.01
2834,2833,432,6.6
7116,7215,432,75.93
8438,8537,432,27.28
9146,9245,432,26.35
7552,7553,432,1.15
7016,7115,432,70.2
7030,7129,432,12.3
5430,5529,433,64.96
6614,6713,433,68.9
4628,4727,433,44.53
6823,6922,433,97.2
9347,9446,433,28.85
9746,9845,433,28.48
7015,7114,433,70.5
7531,7630,433,19.31
5231,5330,433,28.34
4016,4115,433,95.61
3817,3916,433,101.17
8133,8232,433,19.13
4627,4727,433,18.84
4116,4215,433,95.61
2929,3028,433,34.3
2929,2928,433,24.61
6815,6914,433,66.58
8100,8199,433,106.02
8335,8434,433,27.9
8437,8536,433,26.99
4231,4332,433,6.11
7217,7316,434,65.29
5921,6020,434,57.02
7023,7122,434,70.5
7125,7224,434,68.69
7836,7935,434,29.8
4530,4630,434,21.2
6220,6319,434,28.75
4623,4723,434,21.35
4623,4722,434,28.57
9043,9142,434,27.85
8435,8534,434,27.28
7736,7835,434,19.75
7232,7331,434,12.51
2537,2536,434,24.45
4018,4117,434,19.44
2538,2438,434,10.01
2538,2437,434,14.38
9042,9141,434,28.4
9594,9694,434,5.15
8897,8997,434,4.66
9693,9793,434,4.77
6814,6913,434,63.29
6915,7014,434,63.56
8233,8332,434,27.67
6813,6912,434,39.55
8334,8433,434,27.42
7115,7214,434,76.06
8199,8298,435,124.82
6922,7021,435,78.04
6021,6120,435,48.21
7020,7119,435,42.1
7022,7121,435,42.55
9745,9844,435,28.79
9847,9946,435,27.2
9346,9445,435,27.35
4431,4531,435,16.13
7734,7833,435,19.07
7733,7833,435,12.83
7026,7025,435,15.72
7019,7018,435,13.68
7735,7834,435,19.3
8940,9039,435,27.95
9749,9848,435,12.53
8034,8033,435,6.9
9145,9244,435,28.07
9144,9243,435,28.93
9041,9140,435,28.37
8939,9038,435,29.37
7215,7314,435,67.07
8234,8333,435,18.82
7230,7329,435,20.15
6020,6119,436,90.66
9793,9892,436,105.17
6913,7012,436,73.06
7114,7213,436,69.96
6914,7013,436,66.4
6912,7011,436,96.79
7014,7113,436,71.12
9345,9444,436,29.8
7431,7530,436,29.39
9040,9139,436,29.29
4220,4319,436,20.26
7231,7330,436,20.25
6727,6826,436,19.02
8839,8938,436,18.3
7631,7730,436,19.17
4421,4520,436,19.43
5330,5429,436,65.36
6713,6812,436,68.08
8838,8937,436,28.07
8837,8936,436,28.57
7118,7117,436,14.56
6120,6219,437,99.53
9245,9344,437,29.92
9143,9242,437,28.68
9645,9744,437,30.76
8535,8634,437,27.31
8637,8736,437,26.99
6614,6613,437,15.19
4420,4519,437,20.43
4118,4217,437,18.8
7732,7831,437,19.19
7026,7126,437,11.15
4119,4218,437,14.61
6930,7029,437,12.47
4727,4826,437,44.18
3916,4015,437,42.06
7316,7415,437,60.74
3028,3127,437,35.58
7298,7198,437,1.16
2958,2858,437,1.22
6119,6218,438,98.97
7013,7112,438,81.73
6812,6911,438,86.31
6826,6925,438,77.79
7122,7221,438,40.09
4630,4729,438,45.74
2928,3027,438,34.76
2928,2927,438,24.65
7117,7216,438,72.79
9846,9945,438,27.56
8737,8836,438,28.14
5722,5821,438,24.05
2833,2932,438,23.87
8537,8636,438,26.66
4629,4729,438,17.9
7217,7216,438,16.4
4726,4825,438,21.28
4622,4721,438,19.83
7731,7830,438,19.23
7832,7931,438,19.27
7125,7124,438,15.26
5822,5821,438,12.42
4521,4620,438,16.78
4215,4314,438,34.43
5627,5626,438,6.91
4115,4214,438,35.35
3723,3623,438,2.39
3028,3128,438,21.22
3028,3027,438,24.69
2444,2344,438,2.82
7012,7111,438,108.33
7119,7218,438,68.24
7214,7313,438,36.72
7011,7110,438,98.54
2445,2344,438,5.77
6219,6318,439,99.34
6613,6712,439,73.39
7021,7120,439,43.62
7121,7220,439,39.59
7530,7629,439,62.06
7224,7323,439,31.09
7835,7934,439,29.03
7331,7430,439,30.56
9142,9241,439,29.62
9141,9240,439,29.67
8536,8635,439,27.11
8434,8533,439,27.3
8232,8331,439,26.88
9845,9944,439,27.57
9446,9545,439,26.97
4320,4419,439,21.35
5430,5530,439,11.8
4522,4621,439,15.11
6928,7028,439,6.41
4727,4827,439,19.03
3030,2931,439,5.52
2929,2828,439,13.43
2857,2757,439,1.34
4724,4823,439,17.44
9195,9295,439,4.33
9194,9295,439,1.51
7314,7413,439,35.63
7126,7225,440,68.86
9445,9544,440,30.26
4531,4631,440,21.52
7833,7932,440,29.85
8033,8132,440,30.34
9244,9343,440,28.68
9243,9342,440,28.91
7834,7933,440,29.09
4630,4730,440,18.49
4117,4216,440,25.05
4723,4822,440,27.05
7217,7317,440,11.71
6924,7024,440,9.95
2441,2340,440,10.4
6218,6317,440,75.21
5724,5623,440,7.62
8332,8431,440,26.53
5330,5329,440,16.37
2929,2829,440,9.02
8433,8532,440,27.17
7316,7315,440,18.04
6911,7010,440,110.87
8534,8633,440,27.28
7313,7412,440,83.31
7113,7212,440,38.74
9140,9239,440,29.82
5591,5491,440,1.08
7112,7211,440,101.66
7213,7312,440,38.07
4729,4828,441,49.08
5821,5920,441,67.47
9444,9543,441,30.7
9139,9238,441,28.33
9844,9943,441,27.83
9848,9947,441,27.33
7630,7729,441,19.44
3127,3226,441,39.12
7023,7123,441,10.31
4219,4318,441,13.94
6418,6417,441,8.28
9849,9948,441,10.83
7413,7512,441,77.71
8333,8432,441,27.14
4725,4824,441,15.65
6712,6811,441,84.1
9991,9992,441,1.35
4332,4432,441,13.41
9038,9137,441,27.27
7130,7229,441,12.76
7111,7210,441,60.67
7110,7209,442,37.19
9344,9443,442,29.09
9242,9341,442,30.21
9744,9843,442,28.61
4722,4821,442,19.65
7530,7529,442,17.55
2536,2635,442,19.95
2833,2832,442,10.13
3127,3227,442,20.52
3127,3126,442,24.6
2440,2339,442,12.51
4015,4114,442,35.12
2441,2341,442,6.47
2927,3026,442,39.48
2537,2436,442,11.3
7212,7311,442,82.44
7316,7416,442,13.11
7120,7219,442,67.58
8936,9035,442,26.92
7854,7754,442,1.25
3027,3126,442,40.55
3128,3227,442,40.76
8938,9037,442,28.19
4277,4278,442,1.1
7415,7514,442,34.73
3628,3527,442,2.29
8937,9036,442,26.95
5920,6019,443,88.02
6811,6910,443,100.44
4730,4829,443,50.71
4827,4926,443,43.64
7110,7109,443,24.71
7124,7223,443,32.19
4217,4316,443,24.84
5429,5528,443,20.3
7329,7428,443,19.27
7129,7228,443,13.01
2439,2338,443,11.5
5231,5230,443,6.88
2927,2926,443,24.56
2655,2554,443,2.36
2545,2446,443,2.86
8736,8835,443,28.25
7221,7320,443,29.1
3128,3228,443,20.09
7312,7411,443,61.93
7315,7414,443,56.65
6317,6416,443,52.99
9039,9138,443,19.36
8634,8733,443,27.28
7514,7613,444,75.14
4216,4315,444,41.41
9545,9644,444,31.61
4214,4313,444,27.91
4520,4619,444,18.59
8636,8735,444,27.49
7730,7829,444,19.13
4825,4924,444,27.77
2536,2535,444,10.27
2928,2827,444,13.27
6515,6514,444,9.06
4314,4413,444,26.7
4826,4925,444,23.51
2828,2827,444,21.87
9096,9196,444,4.38
5724,5624,444,4.52
3817,3816,444,8.16
9241,9340,444,30.45
7323,7422,444,29.22
7330,7429,444,19.48
7552,7653,444,1.82
8836,8935,444,28.14
6019,6118,445,101.7
7219,7318,445,62.3
7123,7222,445,40.99
4828,4927,445,45.44
9544,9643,445,30.2
7932,8031,445,29.67
7933,8032,445,30.21
9342,9441,445,29.77
9343,9442,445,29.76
4822,4921,445,32.89
7412,7511,445,30.58
4631,4731,445,21.05
7010,7009,445,23.89
4827,4927,445,19.21
4721,4820,445,20.86
4620,4719,445,20.45
7831,7930,445,19.04
6613,6612,445,13.81
7029,7128,445,19.86
7225,7324,445,31.02
4218,4317,445,19.11
5329,5428,445,29
5239,5139,445,2.06
3621,3521,445,2.31
7414,7513,445,72.55
8635,8734,445,27.56
3771,3671,445,1.04
8331,8430,445,26.8
8533,8632,445,26.71
7416,7515,445,59.2
3816,3915,446,89.03
4829,4928,446,49.26
7320,7419,446,62.59
4114,4213,446,39.11
7210,7310,446,21.44
7210,7309,446,33.58
9543,9642,446,28.48
4730,4830,446,16.68
8532,8631,446,26.34
9239,9338,446,27.39
8633,8732,446,26.64
7209,7308,446,46.22
4823,4922,446,21.3
7931,8030,446,18.92
7830,7929,446,18.87
4319,4418,446,14.7
4531,4632,446,12.93
4531,4532,446,9.43
4519,4618,446,16.12
8431,8530,446,26.73
5232,5131,446,5.98
2835,2734,446,4.3
5331,5431,446,4.89
7211,7310,446,24.29
6118,6217,447,77.53
3228,3327,447,45.53
7109,7208,447,40.98
4821,4920,447,31.4
2436,2435,447,24.7
9443,9542,447,29.8
9137,9236,447,26.11
7209,7208,447,23.21
7028,7127,447,19.84
7126,7226,447,10.73
7629,7728,447,19.74
7422,7521,447,61.15
5723,5622,447,6.78
2828,2728,447,12.74
5136,5035,447,5.55
2926,3025,447,37.68
2929,2830,447,7.78
7512,7611,447,26.91
8432,8531,447,26.79
9843,9942,447,28.48
9238,9337,447,26.1
9240,9339,447,19.2
7009,7108,448,50.64
7428,7527,448,29.51
7109,7108,448,24.37
7223,7322,448,30.27
9035,9134,448,27.02
4621,4720,448,17.26
8232,8231,448,6.86
7317,7417,448,13.05
2828,2727,448,16.26
9036,9135,448,26.62
2926,2925,448,24.69
5135,5034,448,6.22
9037,9136,448,25.94
7513,7612,448,57.14
4824,4923,448,20.72
8132,8231,448,18.74
5134,5033,448,6.28
5626,5625,448,10.61
4830,4929,449,49.19
9340,9439,449,28.4
9644,9743,449,29.56
4925,5024,449,32.22
4315,4414,449,33.95
3228,3328,449,18.57
4926,5025,449,25.74
4829,4929,449,17.22
5230,5229,449,18.07
7411,7510,449,26.71
4316,4415,449,25.65
7229,7328,449,20.1
7729,7828,449,19.13
2829,2729,449,12.43
6612,6711,449,38.47
8733,8832,449,26.74
4419,4518,449,15.14
4318,4417,449,19.65
2827,2826,449,24.01
7311,7410,449,21.99
8835,8934,449,27.27
6712,6711,449,11.11
3466,3366,449,1.16
3975,3875,449,1.15
9138,9237,449,26.24
6295,6196,449,0.8
7226,7325,450,66.22
7521,7620,450,60.46
4928,5027,450,41.46
9442,9541,450,28.91
9643,9742,450,29.1
7009,7008,450,21.79
7613,7712,450,26.9
7324,7423,450,29.79
7228,7327,450,20.23
4921,5020,450,30.55
7422,7421,450,17.89
2448,2347,450,5.91
2442,2342,450,3.42
7511,7610,450,30.49
6217,6316,450,56.2
7222,7321,450,29.7
7529,7628,450,19.51
8935,9034,450,26.95
5133,5032,450,6.74
4581,4481,450,1.15
7515,7614,450,32
6910,6909,450,16.15
7416,7516,450,13.62
9441,9540,450,28.87
9341,9440,450,19.29
8735,8834,450,27.75
7108,7207,451,48.89
4922,5021,451,32.71
4632,4732,451,21.52
7309,7408,451,34.43
5131,5130,451,20.52
8734,8833,451,27.12
7308,7407,451,34.96
4317,4416,451,25.15
8632,8731,451,26.82
4731,4831,451,18.95
4619,4718,451,22.3
7320,7420,451,12.52
5821,5820,451,7.71
3226,3325,451,15.37
4924,5023,451,21.99
2535,2634,451,20.7
8430,8529,451,27
3725,3624,451,2.09
4313,4412,451,23.07
8100,8200,451,5.03
6711,6810,451,101.29
9642,9741,451,30.35
7611,7710,452,31.6
7208,7307,452,34.6
4830,4930,452,17.24
8631,8730,452,27.74
8530,8629,452,27.64
4213,4312,452,24.19
4928,5028,452,19.89
4719,4818,452,23.48
4927,5026,452,21.3
7829,7928,452,18.71
7429,7528,452,19.27
8732,8831,452,27.28
3227,3326,452,15.22
3126,3225,452,14.15
2832,2831,452,10.1
7728,7827,452,28.46
7422,7522,452,12.97
4820,4919,452,21.01
4015,4014,452,6.93
7310,7409,452,28.01
5428,5527,452,21.45
9542,9641,452,28.77
9338,9437,452,27.45
5820,5919,453,81.05
7327,7426,453,63.1
6316,6415,453,47.32
7612,7711,453,28.47
7108,7107,453,22.39
8531,8630,453,26.97
9337,9436,453,28.13
9339,9438,453,27.2
7521,7520,453,18.14
8032,8131,453,19.34
9236,9335,453,27.39
2727,2726,453,22.64
3026,3125,453,12.89
2829,2730,453,11.2
7421,7520,453,61.38
5136,5036,453,3.21
7930,8029,453,18.95
4618,4717,453,21.93
4415,4514,453,35.77
8031,8130,453,18.9
4413,4512,453,17.25
7420,7519,454,61.53
5025,5124,454,34.04
7328,7427,454,29.39
2435,2534,454,20.73
5622,5721,454,22.15
4418,4517,454,19.57
3816,3815,454,10.12
4114,4113,454,9.07
7410,7509,454,33.33
2826,2825,454,24.65
9793,9893,454,5.1
2535,2534,454,10.26
9134,9233,454,27.28
7510,7609,454,32.35
9135,9234,454,27.28
8231,8330,454,26.68
9136,9235,454,27.09
9743,9842,454,29.49
4920,5019,454,20.97
7929,8028,454,18.8
8030,8129,454,18.58
8331,8330,454,6.86
9294,9395,454,1.39
5919,6018,455,94.12
7522,7621,455,60.81
4930,5029,455,47.59
7207,7306,455,35.52
9541,9640,455,29.11
7712,7811,455,31.86
7516,7615,455,30.27
6909,6908,455,23.81
7325,7424,455,29.64
5032,5031,455,21.76
7610,7709,455,32.55
4929,5029,455,18.41
7614,7713,455,33.34
9237,9336,455,26.96
8832,8931,455,27.86
5229,5328,455,26.67
4417,4516,455,26.43
9439,9538,455,27.69
4720,4819,455,22.55
7521,7621,455,13.2
7008,7007,455,23.85
2436,2336,455,7.97
4923,5022,455,21.53
5329,5328,455,6.89
8934,9033,455,27.23
7400,7300,455,1.23
5020,5119,455,30.66
9742,9841,455,29.86
5124,5223,456,87.15
7426,7525,456,62.99
9741,9840,456,30.81
2634,2733,456,29.28
4732,4832,456,21.52
7620,7719,456,26.92
7327,7326,456,17.17
9540,9639,456,28.09
9440,9539,456,28.07
9034,9133,456,27.28
8834,8933,456,26.93
7226,7326,456,11.44
4532,4633,456,14.23
4532,4533,456,10.89
7128,7227,456,12.98
6514,6513,456,8.94
5024,5123,456,22.47
7527,7626,456,19.65
9694,9794,456,4.75
8997,9097,456,4.75
7417,7517,456,12.8
2448,2348,456,3.43
7407,7506,456,31.74
7408,7507,456,33
5021,5120,456,30.99
3669,3570,456,1.35
8200,8299,456,34.79
6018,6117,457,77.39
7427,7526,457,63.62
8629,8728,457,28.79
9641,9740,457,30.45
7710,7809,457,33.24
9437,9536,457,28.89
4831,4931,457,17.85
8529,8628,457,28.07
4416,4515,457,27.26
8731,8830,457,27.96
2435,2434,457,10.26
8831,8930,457,28.38
8833,8932,457,27.12
3327,3426,457,15.48
7307,7406,457,34.5
7409,7508,457,34.19
7828,7927,457,18.54
3263,3163,457,1.09
4414,4513,457,19.67
5022,5121,457,74.77
4718,4817,457,24.23
8797,8798,457,1.36
6897,6898,457,1.02
3628,3528,457,1.34
3527,3526,457,6.7
7719,7818,458,77.02
4113,4212,458,35.56
9436,9535,458,28.29
7711,7810,458,32.48
8630,8729,458,28.4
7107,7206,458,33.42
8730,8829,458,27.92
4930,5030,458,17.83
4518,4617,458,17.32
3328,3427,458,17.09
4632,4733,458,12.82
2726,2725,458,23.2
7424,7523,458,61.77
3025,3124,458,14.04
5023,5122,458,22.21
7628,7727,458,19.46
3622,3522,458,2.67
2550,2450,458,1.55
9438,9537,458,28.86
3874,3773,458,1.93
7423,7523,458,12.84
7827,7926,458,27.64
7615,7714,458,62.08
9494,9495,458,0.92
7326,7425,459,62.77
5029,5128,459,43.64
7509,7608,459,32.42
7609,7708,459,32.82
5019,5118,459,30.71
7520,7619,459,27.74
7426,7425,459,17.21
8299,8398,459,58.34
5028,5127,459,21.36
9335,9434,459,27.9
5027,5126,459,15.85
9842,9941,459,28.66
4432,4433,459,5.82
4717,4816,459,26.09
7525,7624,459,62.18
6810,6809,459,13.79
2925,3024,459,13.9
4919,5018,459,21.62
7517,7616,459,69.53
4312,4411,459,22.55
8797,8898,459,2.18
4818,4917,459,23.3
7526,7625,460,62.99
5121,5220,460,66.76
9640,9739,460,30.2
6908,6907,460,23.17
7713,7812,460,30.55
7811,7910,460,33.16
9841,9940,460,28.57
7709,7808,460,33
5119,5218,460,28.4
9234,9333,460,27.81
7007,7106,460,28.91
7522,7622,460,13.08
5026,5125,460,18.32
7528,7627,460,19.51
9233,9332,460,27.92
9235,9334,460,27.73
8330,8429,460,27.01
6117,6216,460,52.65
7008,6907,460,14.84
8931,9030,460,29.22
6612,6611,460,6.93
9538,9637,460,28.91
7306,7405,460,33.33
4412,4511,460,16.64
8430,8429,460,6.86
6217,6216,460,8.15
7419,7518,460,10.84
4517,4616,460,23.79
4480,4380,460,1.14
4177,4178,460,1.08
7928,8027,460,18.71
6797,6798,460,0.98
3325,3424,460,16.36
4515,4614,461,37.82
4832,4932,461,20.44
9639,9738,461,29.98
7507,7606,461,30.76
5029,5129,461,19.21
9336,9435,461,27.87
7621,7720,461,27.09
3815,3914,461,21.64
4514,4613,461,19.74
9033,9132,461,27.87
7506,7605,461,31.91
2534,2633,461,20.6
3225,3324,461,16.2
4516,4615,461,26.71
5122,5221,461,69.18
4682,4582,461,1.05
8131,8230,461,18.39
8029,8128,461,18.4
8130,8229,461,18.25
7425,7524,462,62.53
7206,7305,462,35.36
9740,9839,462,30.88
8728,8827,462,29.73
8628,8727,462,29.47
7809,7908,462,32.67
8932,9031,462,28.55
7508,7607,462,31.74
9536,9635,462,28.97
5120,5219,462,27.52
9539,9638,462,27.94
9133,9232,462,27.57
8933,9032,462,27.85
5328,5427,462,20.51
8129,8228,462,18.16
8028,8127,462,18.36
4512,4611,462,16.02
8830,8929,462,28.82
4732,4833,462,12.94
6316,6315,462,8.58
2726,2626,462,11.37
7525,7524,462,17.51
8930,9029,462,30.96
7406,7505,462,31.14
4819,4918,462,21.77
7624,7723,462,59.43
6611,6710,462,106.72
3326,3425,462,15.64
6711,6710,462,8.15
5223,5322,462,23.7
6697,6698,462,0.93
7910,8009,463,54.94
7518,7617,463,64.18
7616,7715,463,38
7810,7909,463,33.52
8829,8928,463,29.8
9537,9636,463,28.77
9535,9634,463,29.9
8729,8828,463,28.3
7714,7813,463,28.85
3125,3224,463,14.61
4817,4916,463,24.91
4816,4915,463,41.58
5035,4934,463,9.18
2726,2625,463,15.46
2725,2724,463,23.06
5430,5531,463,4.39
5086,4986,463,2.42
5123,5222,463,22.85
3162,3062,463,1.13
7615,7715,463,12.67
7818,7917,463,32.94
6897,6998,463,1.63
7608,7707,464,31.91
7708,7807,464,32.46
5221,5320,464,56.22
7926,8025,464,27.74
7719,7718,464,12.81
9434,9533,464,29.58
6909,6808,464,10.14
5229,5228,464,6.86
6907,7006,464,43.21
7626,7725,464,18.88
4014,4013,464,8.88
5527,5526,464,8.59
5240,5140,464,3.01
2725,2824,464,27.55
2534,2533,464,10.26
5427,5526,464,89.34
6809,6808,464,20.24
4617,4716,464,24.13
4332,4333,464,3.28
7808,7907,465,33.25
5322,5421,465,59.14
9739,9838,465,30.32
7405,7504,465,31.92
9333,9432,465,28.53
7812,7911,465,32.75
7106,7205,465,33.93
9332,9431,465,29.77
4113,4112,465,9.31
9334,9433,465,28.42
6415,6414,465,8.91
5820,5819,465,7.29
5035,4935,465,5.58
6907,6906,465,23.96
5034,4933,465,8.59
9637,9736,465,29.49
2729,2628,465,9.02
9030,9129,465,31.61
7605,7704,465,37.05
7624,7623,465,18.53
9494,9595,465,1.49
7927,8026,465,18.53
9738,9837,466,29.68
2633,2732,466,29.33
7606,7705,466,34.54
8429,8528,466,27.14
4616,4715,466,26.11
9435,9534,466,28.67
4917,5016,466,22.67
5126,5225,466,20.24
5018,5117,466,20.76
3526,3625,466,15.98
4513,4612,466,16.73
8529,8528,466,6.88
4212,4311,466,19.01
2825,2924,466,12.44
5240,5241,466,2.81
5086,5087,466,2.25
7727,7826,466,18.49
4533,4534,466,10.26
5222,5321,466,62.88
5819,5918,467,71.35
5320,5419,467,60.91
9635,9734,467,29.04
7607,7706,467,32.28
9031,9130,467,28.86
7908,8007,467,33.94
8727,8826,467,30.66
7305,7404,467,33.33
9132,9231,467,27.58
8229,8328,467,27.05
5125,5224,467,21.68
7910,8010,467,15.11
5218,5317,467,21.74
5127,5226,467,18.42
4411,4510,467,17.91
5118,5217,467,20.16
9638,9737,467,30.09
5721,5720,467,7.83
7006,7105,467,52.21
2434,2433,467,10.27
2727,2627,467,5.34
8929,9028,467,32.03
4716,4815,467,48.2
7505,7604,467,33.81
9029,9128,467,29.87
7624,7724,467,13.54
8230,8329,467,27
4533,4634,467,13.71
7617,7716,467,42.68
3426,3525,467,15.71
5421,5520,468,63.88
4112,4211,468,67.61
9636,9735,468,29.49
2625,2624,468,24.19
7813,7912,468,33.38
7917,8016,468,30.4
9634,9733,468,28.96
7909,8008,468,32.43
8228,8327,468,26.85
7623,7722,468,59.72
8127,8226,468,26.9
9232,9331,468,27.96
8928,9027,468,29.57
4615,4714,468,23.17
8027,8126,468,18.26
7627,7726,468,19.17
5220,5319,468,18.55
7622,7721,468,18.55
7723,7822,468,27.59
7719,7819,468,8.86
8828,8927,468,30.91
6906,7005,468,51.45
6513,6512,468,8.79
2725,2624,468,15.57
4511,4610,468,18.48
9032,9131,468,27.89
2729,2629,468,5.47
5225,5324,468,82.16
3124,3223,468,15.07
7715,7814,468,28.68
4733,4834,468,14.23
4733,4734,468,10.89
7718,7817,468,42.89
5321,5420,469,51.44
7807,7906,469,35.06
7707,7806,469,33.76
4918,5017,469,22.56
8128,8227,469,18.08
9533,9632,469,29.26
4614,4713,469,19.42
6018,6017,469,7.4
3424,3523,469,17.19
5224,5323,469,86.5
6496,6397,469,0.88
8010,8109,470,52.56
7705,7804,470,36.72
7504,7603,470,35.21
7907,8006,470,34.98
7704,7803,470,34.89
6808,6807,470,19.71
5219,5318,470,20.05
6710,6709,470,12.89
8827,8926,470,19.02
3324,3423,470,16.77
5322,5422,470,13.64
9433,9532,470,29.66
9840,9939,470,10.84
7205,7304,470,34.62
4916,5015,470,21.94
6906,6905,470,21.51
4915,5014,470,21.49
6117,6116,470,8.31
7819,7918,470,72.3
5139,5038,470,5.87
9196,9296,470,3.9
5624,5523,470,5.58
3024,3123,470,13.79
4613,4712,470,17.25
9129,9228,470,28.39
4611,4710,470,18.92
4884,4885,470,1.11
7912,8011,471,53.66
4211,4310,471,63.11
7706,7805,471,36.16
5217,5316,471,36.59
5317,5416,471,42.26
8528,8627,471,28.37
9534,9633,471,30.09
2533,2632,471,21.44
7005,7104,471,54.49
7604,7703,471,37.57
3425,3524,471,16.48
5490,5390,471,0.95
4433,4434,471,8.94
4533,4434,471,9.46
8007,8106,472,33.79
9231,9330,472,31.01
9130,9229,472,31.3
7826,7925,472,27.37
4112,4111,472,15.61
8025,8124,472,18.27
7725,7824,472,18.31
5228,5327,472,19.47
8009,8108,472,17.58
9431,9530,472,20.62
7105,7204,472,34.37
7716,7815,472,30.88
5036,4936,472,5.4
9737,9836,472,29.49
2553,2452,472,3.47
7404,7503,472,33.28
5427,5426,472,10.06
6216,6215,472,8.45
8597,8598,472,0.89
8200,8300,472,4.85
3224,3323,472,16.31
5422,5521,473,64.26
7806,7905,473,35.72
8016,8115,473,31.65
5520,5619,473,29.66
8008,8107,473,33.83
7817,7916,473,29.47
7814,7913,473,32.04
9131,9230,473,28.83
5419,5518,473,24
5117,5216,473,20.89
4311,4410,473,23.31
4715,4814,473,22.88
5016,5115,473,21.05
8026,8125,473,18.32
2625,2525,473,10.01
2625,2524,473,14.38
9028,9127,473,27.58
7005,7004,473,20.39
5036,5037,473,5.06
8329,8428,473,26.99
8328,8427,473,27.01
2552,2451,473,3.22
5994,5895,473,0.93
7906,8005,474,34.18
4211,4210,474,17.17
8226,8325,474,26.74
7722,7821,474,26.99
4815,4914,474,22.21
2433,2532,474,20.29
8010,8110,474,15.99
7822,7921,474,26.86
9837,9936,474,18.31
7721,7820,474,26.7
8126,8225,474,26.88
2533,2532,474,10.24
2724,2823,474,13.77
5226,5325,474,22.75
6315,6314,474,8.77
2336,2235,474,7.47
8327,8426,474,26.73
6907,6806,474,10.36
7603,7702,474,35.91
3569,3469,474,1.14
4510,4609,474,21.15
2824,2923,474,14.41
6611,6610,474,7.44
5518,5617,475,120.18
5619,5718,475,112.16
5416,5515,475,40.64
5316,5415,475,40.83
7918,8017,475,28.44
8006,8105,475,32.78
7803,7902,475,32.82
9532,9631,475,31.05
7804,7903,475,32.82
8227,8326,475,26.83
7912,8012,475,15.58
5319,5418,475,21.67
7724,7823,475,18.38
8826,8925,475,18.29
4634,4635,475,12.56
7304,7403,475,33.58
5139,5039,475,3.4
4612,4711,475,16.82
9128,9227,475,18.05
6709,6708,475,23.06
2655,2555,475,1.34
3060,2960,475,0.9
8697,8698,475,0.93
4610,4709,475,21.45
7820,7919,476,78.71
8300,8399,476,38.76
7503,7602,476,35.58
7004,7103,476,53.93
8627,8726,476,30.56
7805,7904,476,34.55
7703,7802,476,33.59
5318,5417,476,24.23
5426,5525,476,41.03
5420,5519,476,21.37
5017,5116,476,20.94
9733,9832,476,19.18
2732,2731,476,10.19
4013,4012,476,8.9
4834,4835,476,13.68
7104,7203,476,33.13
9839,9938,476,10.55
8927,9026,476,18.33
9893,9993,476,4.67
5623,5522,476,4.02
9027,9126,476,18.16
2448,2349,476,2.85
4714,4813,476,19.85
7726,7825,476,18.31
6997,7098,476,1.61
5325,5424,476,80.19
6597,6598,476,0.91
7718,7717,476,8.83
5718,5817,477,78.36
5216,5315,477,37.45
8106,8205,477,32.35
9330,9429,477,30.97
8108,8207,477,33.51
4310,4409,477,24.04
4713,4812,477,18.72
3223,3322,477,16.04
2433,2432,477,10.27
6414,6413,477,8.95
9432,9531,477,12.59
9632,9731,477,19.7
2235,2334,477,61.58
7204,7303,477,33.33
5015,5114,477,20.87
4634,4735,477,15.42
9794,9894,477,4.79
5014,5113,477,21.17
7815,7914,477,28.4
2924,3023,477,13.59
4433,4334,477,8.16
4710,4809,477,22.31
5519,5618,478,118.71
8107,8206,478,32.56
7916,8015,478,31.06
5115,5214,478,34.41
7905,8004,478,33.17
8115,8214,478,28.91
7824,7923,478,27.85
9530,9629,478,27.07
9229,9328,478,28.07
7004,7003,478,20.6
8109,8208,478,17.75
8124,8223,478,27.3
8926,9025,478,18.19
4712,4811,478,18.81
9228,9327,478,18.16
9736,9835,478,11.09
7103,7202,479,53.05
6806,6805,479,21.91
8005,8104,479,32.89
8428,8527,479,27.15
8125,8224,479,26.71
7817,7816,479,9.76
5521,5620,479,27.02
9331,9430,479,13.22
5819,5818,479,7.58
9838,9937,479,10.43
2626,2526,479,5.93
4534,4535,479,8.26
4634,4535,479,11.82
9097,9197,479,4.44
4111,4110,479,14.93
8427,8526,479,26.97
7702,7801,479,33.68
8399,8498,479,49.93
5389,5289,479,0.97
