3875,3874,2,33.78
3874,3873,5,35.88
3873,3872,8,38.69
3872,3871,11,39.87
3871,3870,14,41.24
3875,3974,15,9.01
3870,3869,17,43.31
3874,3973,18,9.02
3973,3972,20,58.18
3869,3868,20,44.68
3972,3971,24,29.09
3872,3971,24,8.97
3868,3867,26,19.26
3871,3970,27,8.93
3970,3969,29,53.78
3867,3866,30,30.18
3969,3968,31,51.55
3973,4072,32,10.27
3974,4073,32,8.76
4072,4071,34,59.53
3968,3967,34,46.15
3866,3865,35,21.22
3875,3774,36,3.92
3774,3773,39,40.08
3865,3864,39,27.09
4071,4070,39,23.58
3874,3773,39,3.88
3967,3966,40,19.21
4070,4069,41,59.14
3966,3965,42,54.2
3773,3772,42,42.1
4073,4172,42,14.52
3866,3965,42,12.01
4069,4068,43,58.03
4072,4171,43,14.05
4068,4067,45,57.69
4171,4170,45,59.59
3772,3771,45,41.91
3875,3975,45,2.22
4067,4066,47,55.52
4170,4169,47,59.27
3965,3964,47,21.58
3865,3964,47,11.89
3771,3770,48,42.57
4066,4065,49,51.87
4169,4168,49,58.84
3864,3963,50,13.67
4065,4064,51,58.62
3770,3769,51,42.1
3866,3765,51,6.79
3769,3768,53,52.05
4172,4271,53,13.91
3765,3764,54,36.77
4171,4270,54,12.98
3768,3767,55,57.54
3963,3962,55,24.59
3764,3763,56,58.06
4064,4063,57,19.74
3962,3961,58,46.63
4270,4269,58,26.14
4170,4269,58,11.74
3974,4074,58,2.35
4269,4268,60,59.08
3767,3766,60,21.74
4169,4268,60,11.01
3961,3960,61,10.14
3962,4061,61,25.23
4172,4272,61,58.32
4073,4173,61,57.3
4268,4368,62,59.44
4269,4369,62,59.6
3763,3762,62,4.13
3962,4062,62,48.05
3963,4062,62,11.75
4065,4165,62,59.58
4065,4164,62,12.87
4168,4267,62,13.05
4066,4166,62,54.36
4067,4166,62,9.82
4272,4372,63,59.09
4173,4273,63,57.86
4368,4468,64,59.1
4369,4469,64,59.6
4062,4162,64,58.28
4164,4264,64,57.27
4165,4265,64,59.55
4267,4367,64,59.19
4061,4161,64,44.68
3961,4060,64,26.75
4063,4163,64,27.79
4064,4163,64,10.95
4273,4373,65,58.47
3762,3862,65,48.07
4270,4370,65,19.67
4271,4371,65,18.67
3975,4075,65,15.39
4468,4568,66,57.99
4469,4569,66,59.48
4162,4262,66,56.55
4264,4364,66,58.22
4161,4261,66,54.9
4367,4467,66,56.68
4373,4473,67,58.52
4371,4471,67,59.49
4060,4160,67,44.74
4061,4160,67,26.55
4074,4174,67,13.81
4568,4668,68,56.17
4569,4669,68,59.06
4467,4567,68,54.64
3762,3861,68,25.22
3875,3775,68,1
4473,4573,69,58.09
4471,4571,69,59.58
4372,4472,69,18.32
4668,4768,70,55.4
4669,4769,70,58.76
4567,4667,70,52.9
4160,4260,70,48.11
4060,4159,70,26.53
4573,4673,71,57.55
4571,4671,71,59.48
4472,4572,71,59.13
4768,4868,72,54.51
4769,4869,72,57.9
4667,4767,72,50.79
4260,4360,72,55.05
4367,4466,72,18.89
4166,4266,72,10.6
4267,4366,72,15.19
4673,4773,73,56.97
4671,4771,73,59.48
4572,4672,73,59.11
4159,4259,73,44.98
4160,4259,73,25.2
4467,4566,73,20.88
4075,4175,73,12.65
4264,4363,73,16.97
4868,4968,74,54.51
4767,4867,74,50.79
4869,4969,74,56.68
4174,4274,74,14.96
4265,4365,74,10.87
3762,3761,74,8.44
4773,4873,75,57.55
4771,4871,75,59.33
4672,4772,75,59.32
4566,4666,75,51.82
4567,4666,75,22.28
4364,4464,75,11.65
4060,4059,75,9.82
4867,4967,76,50.9
4274,4374,76,55.8
4667,4766,76,23.72
4772,4872,77,59.48
4967,5067,78,51
4374,4474,78,55.2
4969,5069,78,25.38
4767,4866,78,23.72
4471,4570,78,13.71
3875,3976,78,4.05
4873,4973,79,25.21
4871,4971,79,28.34
4968,5068,79,24.19
4259,4358,79,25.15
4466,4565,79,21.86
4571,4670,79,14.26
3861,3860,79,9.68
4474,4574,80,54.48
5069,5169,80,56.83
4867,4966,80,23.65
4566,4665,80,23.05
4973,5073,81,54.21
4971,5071,81,57.93
4670,4770,81,59.47
4872,4972,81,31.1
4666,4765,81,23.82
4175,4275,81,12.77
4671,4770,81,14.26
4159,4158,81,9.72
5169,5269,82,56.2
4574,4674,82,52
4358,4458,82,44.7
4967,5066,82,23.59
4766,4865,82,24.4
4363,4463,82,11.52
5073,5173,83,53.36
5071,5171,83,57.45
4972,5072,83,59.56
4770,4870,83,59.08
5067,5167,83,20.77
4365,4465,83,11.21
4771,4870,83,14.8
5269,5369,84,56.2
5068,5168,84,24.3
4866,4965,84,24.93
4464,4564,84,11.85
3768,3667,84,3.65
5173,5273,85,55.94
5171,5271,85,57.55
5072,5172,85,59.48
4870,4970,85,57.88
4674,4774,85,48.18
4458,4558,85,38.34
4358,4457,85,26.54
4360,4459,85,11.77
5168,5268,86,54.68
4966,5065,86,25.43
4665,4764,86,24.53
5273,5373,87,57.95
5271,5371,87,57.1
4970,5070,87,56.77
5172,5272,87,59.15
4765,4864,87,25.09
3761,3760,87,8.2
3768,3668,87,2.91
3875,3876,87,1.62
5268,5368,88,53.82
4558,4658,88,34.36
4459,4559,88,33.78
4865,4964,88,25.57
5066,5166,88,19.14
5373,5473,89,58.11
5070,5170,89,56.86
5272,5372,89,58.62
5371,5471,89,55.2
5369,5469,89,24.3
5071,5170,89,18
3762,3662,89,3.8
3975,4076,89,4.28
4965,5064,90,26.01
4275,4375,90,12.35
4274,4375,90,9.25
4060,3959,90,5.64
5473,5573,91,58.92
5372,5472,91,57.88
5471,5571,91,54.72
5170,5270,91,56.92
4658,4758,91,42.34
4558,4657,91,26.9
4774,4874,91,18.62
4457,4556,91,27.33
5168,5267,91,20.84
5171,5270,91,17.88
4463,4563,91,12.25
4374,4475,91,9.63
4773,4874,91,8.06
5065,5165,92,19.05
4764,4863,92,26.11
4360,4461,92,7.25
5571,5671,93,57.08
5270,5370,93,55.61
4475,4575,93,52.14
5472,5572,93,57.56
4874,4974,93,51.7
5368,5468,93,23.81
4864,4963,93,26.08
5268,5367,93,21.56
4558,4659,93,19.43
5271,5370,93,18.42
4459,4560,93,19.56
4564,4664,93,11.92
4674,4775,93,13.65
4574,4675,93,11.53
4665,4664,93,7.9
4973,5074,93,10.23
4474,4575,93,10.08
5573,5673,94,35.08
4657,4757,94,38.29
5469,5569,94,24.65
4964,5063,94,26.01
4658,4757,94,27.11
5371,5470,94,20.38
5572,5672,95,59.18
5367,5467,95,50.38
4775,4875,95,58.03
5074,5174,95,57.33
4556,4656,95,33.24
5073,5174,95,10.74
5569,5669,96,56.05
5470,5570,96,53.64
5064,5164,96,19.55
5471,5570,96,20.81
4159,4058,96,5.58
5174,5274,97,54.68
5063,5163,97,45.35
4757,4857,97,36.6
5671,5771,97,31.55
5468,5568,97,25.26
4556,4655,97,26.61
4657,4756,97,27.41
4658,4759,97,16.57
5166,5266,97,11.94
4764,4763,97,9.3
5672,5772,98,38.1
5673,5773,98,30.8
5165,5265,98,19.77
4863,4962,98,26.5
4076,4176,98,12
4075,4176,98,4.39
5274,5374,99,58.52
4875,4975,99,29.1
4963,5062,99,26.42
5367,5466,99,23.97
5571,5670,99,18.44
5771,5871,100,35.81
4756,4856,100,37.01
4655,4755,100,35.59
5669,5769,100,25.69
5467,5567,100,22.49
5063,5162,100,26.33
4757,4856,100,27.28
4758,4858,100,12.23
4563,4663,100,12.25
5374,5474,101,59.54
5772,5872,101,43.05
5773,5873,101,48.4
4461,4561,101,11.66
4375,4476,101,13.62
3768,3669,101,3.14
5769,5869,102,56.51
4975,5075,102,35.23
5164,5264,102,19.14
5569,5668,102,19.56
4560,4660,102,12.05
5871,5971,103,39.97
4755,4855,103,36.92
5163,5263,103,19.14
4763,4862,103,26.52
4756,4855,103,27.33
4655,4754,103,27.14
4863,4862,103,9.78
5267,5366,103,11.96
4457,4356,103,8.06
3767,3666,103,2.52
5474,5574,104,38.54
5466,5566,104,21.4
4962,5061,104,26.46
4475,4576,104,11.45
4856,4956,104,30.78
3774,3673,104,1.18
5075,5175,105,37.11
5567,5667,105,22.41
5162,5262,105,20.96
5062,5161,105,25.86
4176,4276,105,15.29
4655,4654,105,13.62
4358,4257,105,5.66
4754,4854,106,38.09
5869,5969,106,26.65
4755,4854,106,27.32
4759,4859,106,12.25
4556,4455,106,9.46
4857,4957,106,12.4
4856,4955,106,25.79
5161,5261,107,50.29
5574,5674,107,44.58
4576,4676,107,33.38
5265,5365,107,11.94
4375,4376,107,5.99
5175,5275,108,38.98
5769,5868,108,19.08
4763,4762,108,9.81
5669,5768,108,11.96
5566,5666,109,20.21
4862,4961,109,26.56
4858,4958,109,12.37
4962,4961,109,9.72
3976,4077,109,4.57
4854,4954,109,37.75
4855,4954,109,26.59
4676,4776,110,39.18
5674,5774,110,49.96
5969,6069,110,32.06
5667,5767,110,21.92
5061,5160,110,24.79
4561,4661,110,12.04
5771,5870,110,11.15
3764,3664,110,1.65
5275,5375,111,37.44
5161,5260,111,24.03
4654,4753,111,27.42
4754,4753,111,12.61
4660,4760,111,12.2
5264,5364,111,11.93
5872,5972,111,10.65
5873,5973,111,10.72
5466,5565,111,12.01
4954,5054,112,40.32
4955,5054,112,26.32
5263,5363,112,11.75
4356,4355,112,12.31
4854,4953,112,27.38
5375,5475,113,50.18
4776,4876,113,38.01
5774,5874,113,38.38
4956,5056,113,12.13
5971,6071,113,10.65
5260,5360,114,45.64
5870,5970,114,31.38
4077,4177,114,21.34
4257,4256,114,11.69
5262,5362,114,11.54
4654,4653,114,12.22
4862,4861,114,9.87
5869,5968,114,11.91
5871,5970,114,10.73
4655,4554,114,8.59
4953,5053,115,45.58
5972,6072,115,27.66
5666,5766,115,19.75
4961,5060,115,25.57
4954,5053,115,27.37
4859,4959,115,12.32
5366,5465,115,11.98
3773,3672,115,1.16
4957,5057,115,12.37
5475,5575,116,35.41
4876,4976,116,34.7
5160,5259,116,25.23
5261,5361,116,11.73
5566,5665,116,11.96
5970,6070,117,37.85
5973,6073,117,17.14
5260,5359,117,26.23
4753,4852,117,25.09
4177,4277,118,25.66
4355,4454,118,27.27
4953,5052,118,26.25
4958,5058,118,12.35
5575,5675,119,49.48
4976,5076,119,49.13
5968,6068,119,24.64
5874,5974,119,16.85
5767,5867,119,11.58
4661,4761,119,12.02
5969,6068,119,11.5
4653,4752,120,25.52
6071,6171,120,16.64
4355,4354,120,13.26
4760,4860,120,12.19
5364,5464,120,11.92
6069,6169,120,10.6
3976,3977,120,2.44
5160,5159,121,24.55
4961,4960,121,24.55
4356,4255,121,34.09
4763,4662,121,43.38
3662,3561,121,55.88
3772,3671,121,47.15
3672,3571,122,70.24
4653,4652,122,24.55
5054,5154,122,0.63
4257,4156,122,35.61
3673,3572,122,74.57
3662,3562,122,12.57
3667,3566,122,56.06
3766,3665,122,40.93
5060,5059,123,24.55
4256,4155,123,35.61
4355,4254,123,31.06
3671,3570,123,79.62
5160,5059,123,46.53
5666,5765,123,4.89
3666,3565,123,57.42
3668,3567,123,31.4
3775,3674,123,38.57
3774,3674,123,4.26
3572,3471,124,79.3
5052,5051,124,21.56
3674,3573,125,79.13
3664,3563,125,29.52
3567,3466,126,58.77
4652,4651,126,25.66
5154,5153,126,25.86
3665,3564,126,40.93
3566,3465,126,46.94
6068,5967,126,26.01
3571,3470,126,43.38
5056,5156,126,2.81
5565,5564,126,10.81
3669,3569,126,7.94
3573,3472,127,77.62
3565,3464,127,37.56
4155,4054,127,35.61
4155,4154,127,25.86
3561,3460,127,23.59
5565,5664,127,4.89
4155,4055,128,20.18
3562,3461,128,23.59
6070,6170,128,2.14
3669,3568,128,10.54
3470,3369,129,57.42
3471,3370,129,31.4
5867,5866,129,10.88
6068,6067,129,10.9
4158,4057,129,14
3860,3759,129,14.29
4059,3958,129,14.29
3960,3859,129,14.29
3569,3468,130,46.94
3466,3365,130,39.79
4663,4562,130,14.29
4058,3957,130,14.15
4563,4462,130,14.15
3959,3858,130,14.29
3875,3776,130,1.66
3568,3467,131,61.51
3564,3463,131,33.37
3465,3364,131,32.37
3563,3462,131,27.72
3570,3469,131,19.92
3561,3560,131,11.02
5359,5258,131,12.92
6072,6172,131,3.34
5259,5158,131,13.43
3369,3268,132,70.24
3370,3269,132,60.14
3464,3363,132,31.4
3775,3675,132,4.33
4852,4751,132,11.64
3468,3367,133,70.24
5765,5764,133,10.63
4852,4851,133,7.45
3675,3574,134,79.98
3467,3366,134,52.07
3469,3368,134,65.61
3560,3459,134,57.4
3461,3360,134,23.59
3460,3359,134,22.82
3269,3168,134,79.13
3268,3167,134,80.31
3365,3264,135,30.45
5156,5256,135,11.44
5154,5253,135,11.6
3574,3473,136,80.34
3168,3067,136,74.79
3463,3362,136,28.61
5158,5157,136,24.96
5156,5157,136,10.66
5564,5463,136,14.71
5154,5254,136,7.16
3364,3263,136,34.38
3459,3358,137,57.4
3560,3559,137,19.96
5664,5563,137,14.71
6169,6168,137,5.91
3363,3262,137,33.37
3368,3267,137,54.72
3367,3266,137,44.48
3473,3372,138,76.41
3462,3361,138,22.82
6067,5966,138,17.29
5359,5358,138,5.59
3067,2966,139,60.36
3264,3163,139,35.42
3366,3265,139,34.38
3167,3066,139,28.61
6067,6066,139,10.88
3958,3857,139,14.29
3859,3758,139,14.15
3472,3371,139,12.67
3358,3257,140,54.35
3559,3458,140,52.8
3263,3162,140,38.66
3459,3458,140,19.96
3360,3259,140,25.18
3359,3258,140,24.38
3858,3757,140,14.29
4057,3956,140,13.64
6073,6173,140,2.52
3267,3166,141,36.48
5764,5663,141,17.93
5158,5257,141,14.89
3957,3856,141,14
5156,5257,141,10
3977,3877,141,4.79
3371,3270,142,53.39
3066,2965,142,65.92
3358,3357,142,21.42
3559,3558,142,22.13
3266,3165,142,30.45
3362,3261,142,25.18
3262,3161,142,32.37
4254,4253,142,5.43
4354,4253,142,6.74
3258,3157,143,57.4
3163,3062,143,35.42
5764,5763,143,10.94
5358,5357,143,23.21
3757,3656,144,40.25
3757,3756,144,25.86
3372,3271,144,27.72
3361,3260,144,26.01
5256,5355,144,15.79
5973,6074,144,3.16
3270,3169,145,56.06
2965,2864,145,65.92
3856,3755,145,38.7
3162,3061,145,34.38
3458,3457,145,23.44
5563,5462,145,19.24
4154,4153,145,5.56
4254,4153,145,6.44
4253,4252,146,25.96
3259,3158,146,27.72
3066,3065,146,15.67
3067,2967,146,10.79
3161,3060,146,38.66
3271,3170,147,53.39
3558,3557,147,25
3261,3160,147,33.37
5563,5562,147,11.02
6168,6167,147,11.04
4054,3953,147,7.35
5358,5458,147,12.07
3756,3655,148,41.82
3656,3555,148,43.38
3656,3655,148,25.37
3062,2961,148,30.45
3165,3064,148,27.72
5966,5865,148,14.89
5966,5965,148,10.52
3060,2959,148,76.41
3755,3754,149,25.66
4153,4052,149,35.61
3260,3159,149,29.52
2965,2964,149,15.67
2966,2865,149,14.68
3265,3164,149,15.58
6066,6065,149,10.25
3061,2960,149,35.42
2961,2860,150,71.89
2864,2763,150,29.52
3656,3556,150,17.79
3257,3256,150,10.25
3169,3068,150,29.24
3160,3059,151,36.48
3257,3156,151,13.76
5254,5353,151,9.89
5765,5864,151,5.12
2860,2759,152,73.88
2763,2662,152,70.8
2865,2764,152,64.59
3655,3554,152,44.96
3158,3057,152,27.72
3157,3056,152,17.29
3357,3356,152,10.1
5358,5459,152,10.65
3754,3753,153,25.96
3064,2963,153,29.52
2959,2858,153,31.4
5763,5662,153,14.71
5254,5354,153,5.89
3776,3676,153,4.35
4052,3951,153,44.96
3556,3455,154,40.25
3256,3155,154,38.7
3256,3255,154,25.96
2960,2859,154,33.37
3159,3058,154,33.37
2964,2863,154,29.52
3372,3272,154,6.64
4052,4051,154,25
3676,3575,155,80.21
3156,3055,155,41.82
3473,3373,155,5.51
3059,2958,155,35.42
4052,3952,155,17.17
5974,5875,155,3.97
5974,5975,155,2.75
2863,2762,156,70.8
2963,2862,156,69.66
3554,3453,156,44.96
3556,3456,156,18.91
4252,4151,156,14.86
3457,3456,156,9.93
3163,3063,156,5.91
6170,6269,156,5.23
3575,3474,157,79.66
3753,3652,157,35.61
2759,2658,157,34.38
2764,2663,157,29.52
3555,3454,157,17.29
5562,5461,157,14.62
3170,3069,157,15.39
5253,5252,157,4.65
3255,3154,158,43.38
3255,3254,158,25.37
2662,2561,158,26.86
2967,2866,158,12.81
3755,3854,158,11.02
5965,5964,158,10.39
6170,6270,158,3.34
2663,2562,159,71.89
2762,2661,159,65.92
2862,2761,159,68.46
2859,2758,159,31.4
3272,3171,159,31.4
3057,2956,159,22.07
3062,2962,159,6.35
3058,2957,159,30.45
2858,2757,159,26.01
6067,6166,159,4.78
4277,4377,159,1.25
3952,3851,159,40.25
2865,2765,160,9.25
4151,4050,160,35.61
3454,3353,161,44.96
3754,3853,161,12.75
2958,2857,161,26.86
3952,3852,161,18.91
2956,2855,162,51.24
3171,3070,162,57.42
2561,2460,162,37.56
6269,6268,162,19.22
5662,5561,162,16.07
3056,2955,162,14.71
3356,3355,162,10.25
3256,3355,162,12.17
2765,2664,163,64.59
2658,2557,163,25.18
3454,3354,163,17.17
2862,2861,163,14.4
3455,3354,163,16.67
3951,3850,163,14.62
2961,2861,163,6.88
3877,3777,163,4.68
3069,2968,163,24.92
2460,2359,164,78.86
2562,2461,164,31.4
2761,2660,164,30.45
2758,2657,164,29.52
2661,2560,164,28.61
3155,3054,164,14.41
5764,5863,164,4.67
5076,5176,164,1.13
4051,3950,164,14.29
2861,2760,165,72.91
3055,2954,165,14.52
6066,6165,165,5.46
2359,2258,166,74.79
2461,2360,166,80.37
2664,2563,166,69.66
2956,2856,166,14.53
2957,2856,166,21.34
2757,2656,166,21.34
3453,3352,166,14.41
5360,5460,167,0.57
2360,2259,168,79.3
2563,2462,168,75.63
2258,2157,168,79.66
5863,5762,168,44.96
2560,2459,168,40.93
3850,3750,168,20.27
3850,3849,168,22.44
3154,3053,168,14.52
2866,2766,168,10.25
3254,3153,168,14.52
3373,3273,168,7.94
2967,2867,168,4.71
2660,2559,169,30.45
5863,5862,169,25
2557,2456,169,24.38
2759,2659,169,5.99
2857,2756,169,19.92
5875,5775,169,7.56
2757,2756,169,11.06
2157,2056,170,74.79
2259,2158,170,79.62
5252,5352,170,8.11
3272,3172,170,6.26
2459,2358,171,65.92
3070,2969,171,17.53
2765,2665,171,9.25
6171,6271,171,1.98
3353,3252,171,14.41
2158,2057,172,79.96
2462,2361,172,40.93
2657,2556,172,19.92
2855,2754,172,14.79
2955,2854,172,14.71
2658,2558,172,6.93
2756,2655,172,54.35
2056,1955,173,57.4
2456,2355,173,43.38
2456,2455,173,25.37
3750,3650,173,20.79
3750,3649,173,29.56
3354,3253,173,14.52
6168,6267,173,3.98
2656,2555,173,22.07
2361,2260,174,80.34
2358,2257,174,69.66
2559,2458,174,34.38
5862,5761,174,31.06
5862,5861,174,24.96
3054,2953,174,14.52
5974,6075,174,2.53
2057,1956,175,51.24
3172,3071,175,34.38
2456,2356,175,17.79
2954,2853,175,14.52
2754,2653,175,48.1
6065,6064,175,3.92
5965,6064,175,5.35
3652,3551,175,7.98
2257,2156,176,76.41
2260,2159,176,79.98
1955,1854,176,58.89
2056,2055,176,19.96
6165,6164,176,9.93
5875,5876,176,4.9
3071,2970,177,76.51
2458,2357,177,57.4
2455,2354,177,44.96
2558,2457,177,28.61
2969,2868,177,24.12
2664,2564,177,7.57
2754,2753,177,24.02
1854,1753,178,79.66
2159,2058,178,80.37
2356,2255,178,69.66
1956,1855,178,63.21
2455,2454,178,25
5460,5560,178,9.14
5460,5559,178,13.86
3575,3475,178,4.36
6073,6174,178,2.08
3153,3052,178,14.52
3652,3552,178,4.8
3053,2952,178,14.52
2564,2463,179,71.89
2055,1954,179,64.59
2653,2552,179,41.82
2653,2652,179,25.66
1955,1954,179,19.22
2057,1957,179,14.53
2655,2554,179,22.82
5862,5962,179,10.25
5862,5961,179,14.89
5863,5962,179,9.89
2754,2654,179,15.87
3977,3878,179,2.4
1753,1652,180,77.13
1855,1754,180,80.37
2357,2256,180,67.21
3474,3374,180,4.52
5875,5776,180,5.87
2463,2362,181,116.97
1957,1856,181,103.26
2255,2154,181,82.24
2653,2553,181,16.74
6269,6368,181,3.96
3977,3978,181,2.07
4476,4477,181,1.3
1754,1653,182,111.37
2256,2155,182,92.53
2552,2451,182,50.92
1954,1853,182,79.23
2952,2851,182,47.27
2355,2254,182,22.92
5863,5963,182,4.55
3676,3576,182,3.76
2554,2453,182,51.72
2753,2752,182,19.15
1856,1755,183,141.12
1652,1551,183,62.31
2952,2951,183,22.42
2055,2054,183,12.67
6267,6266,183,9.5
2154,2053,183,85.71
2970,2869,183,32.95
3253,3152,183,18
2953,2852,183,18.17
4476,4577,183,1.15
1853,1752,184,127.81
2553,2452,184,48.35
3551,3450,184,20.69
2652,2651,184,20.62
1755,1654,185,100.93
2054,1953,185,87.6
1653,1552,185,62.83
2451,2350,185,53.64
2362,2261,185,41.05
6164,6063,185,18.79
6064,6063,185,10.02
5761,5760,185,9.94
2053,1952,185,85.88
2354,2253,185,19.98
1752,1651,186,101.86
2951,2850,186,54.56
1652,1651,186,17.19
6164,6163,186,10.04
3172,3072,186,7.65
3849,3948,186,9.26
3777,3677,186,4.92
6166,6265,186,5.55
2350,2249,187,82.33
2651,2550,187,53.52
2451,2450,187,20.29
1953,1852,187,90.09
2058,1958,187,11.46
1952,1851,187,102.9
2454,2353,187,18.09
4077,4078,187,1.44
1654,1553,188,63.92
1551,1450,188,35.18
5353,5453,188,1.81
1958,1857,189,122.32
2850,2749,189,69.24
1651,1550,189,63.17
2261,2160,189,41.23
2651,2650,189,20.33
2951,2950,189,19.96
2451,2351,189,16.2
6368,6367,189,12.65
1852,1751,189,127.91
2766,2666,189,5.13
3273,3173,189,5.15
2867,2767,189,5.16
3948,3847,189,50.56
1851,1750,189,119.77
2254,2153,189,23.36
2550,2449,190,62.13
2450,2349,190,65.48
3072,2971,190,41.86
1552,1451,190,31.67
6063,6062,190,23.56
2453,2352,190,17.9
6269,6369,190,2.28
5875,5976,190,2.56
6173,6272,190,2.43
5458,5558,190,0.8
2160,2059,191,115.15
2153,2052,191,73.16
2950,2849,191,82.61
3450,3349,191,20.92
1751,1650,191,79.84
3374,3274,191,9.92
3948,3947,191,21.36
3552,3451,191,11.7
2449,2348,192,82.09
1451,1350,192,103.83
2349,2248,192,87.88
2971,2870,192,133.32
2351,2250,192,60.89
2749,2648,192,65.88
2869,2768,192,16.45
2564,2464,192,6.98
5776,5676,192,8.59
5861,5860,192,6.07
2665,2565,192,5.11
2650,2549,192,55.82
2052,1951,193,83.07
1857,1756,193,37.76
1553,1452,193,32.44
1654,1554,193,12.8
6165,6264,193,4.67
3847,3746,193,35.38
2549,2448,194,76.92
2464,2363,194,100.2
3451,3350,194,61.4
1650,1549,194,59.02
3847,3747,194,21.58
3847,3846,194,24.32
1951,1850,195,126.71
1756,1655,195,77.7
1452,1351,195,96.35
1554,1453,195,93.21
6062,6061,195,24.3
2353,2252,195,18.85
5760,5659,195,15.68
2650,2649,195,19.5
5357,5456,195,1.27
2363,2262,196,121.48
3349,3249,196,21.78
3349,3248,196,31.61
3349,3348,196,23.93
3947,3946,196,24.33
2749,2748,196,16
6163,6162,196,10.03
5961,5960,196,6.07
1351,1250,197,84.13
1350,1250,197,21.79
1350,1249,197,31.88
1350,1349,197,23.98
2348,2347,197,23.42
2351,2251,197,13.73
1550,1449,197,20.2
1450,1349,197,17.38
2648,2548,197,21.22
2648,2647,197,24.29
2870,2769,197,30.52
2950,2949,198,11.6
1549,1448,198,37.47
4177,4178,198,1.28
2251,2150,199,72.46
1453,1352,199,35.46
3878,3778,199,5.17
3475,3375,199,5.02
1549,1548,199,24.3
3249,3148,200,37.54
3348,3247,200,39.58
2262,2161,200,39.08
2052,2051,200,11.51
2150,2049,201,118.5
1352,1251,201,99.19
2647,2546,201,43.49
3249,3149,201,21.25
3348,3347,201,24.12
6162,6161,201,24.17
1850,1749,201,27.16
5456,5455,201,19.77
3349,3448,201,14.2
6267,6366,201,5.41
5575,5476,201,1.9
4976,4877,201,1.9
5375,5276,201,1.84
4676,4677,201,1.07
2161,2060,202,116.64
2051,1950,202,112.78
1249,1148,202,34.86
1250,1150,202,21.12
2647,2646,202,23.43
2059,1959,202,9.27
3349,3250,202,13.12
3349,3449,202,9.93
3173,3073,202,7.76
3072,2972,202,6.51
3576,3476,202,5.06
5475,5376,202,1.79
4876,4777,202,1.79
1250,1149,203,26.28
1349,1248,203,27.7
6264,6263,203,10.04
3947,4047,203,8.45
3947,4046,203,12.72
1448,1347,203,31.39
1950,1849,204,115.84
1959,1858,204,122.7
2972,2871,204,129.99
1756,1656,204,9.48
3746,3645,204,13.13
3747,3646,204,15.24
1548,1447,204,28.8
4277,4278,204,1.26
2049,1948,205,42.02
3347,3246,205,35.79
2949,2948,205,15.05
3846,3745,205,13.58
1449,1348,205,19.12
6173,6273,205,1.4
1858,1757,206,130.45
1656,1555,206,110.01
1150,1049,206,38.97
2049,1949,206,20.18
2049,2048,206,23.74
1749,1748,206,23.1
3347,3346,206,24.33
1148,1047,206,46.46
3448,3447,206,23.21
2769,2668,206,15.78
3946,3845,206,14.53
1549,1648,206,12.2
5076,4977,206,1.81
1948,1847,207,78.24
1149,1048,207,44.81
1248,1147,207,41.7
1150,1050,207,20.96
1250,1151,207,14.9
2768,2667,207,9.54
3948,4048,207,4.91
5575,5576,207,1.18
1555,1454,208,110.4
2871,2770,208,36.48
6263,6262,208,24.02
4046,3945,208,33.41
4046,4045,208,24.19
1554,1454,208,7.13
2464,2364,208,6.39
1847,1746,209,77.08
1049,948,209,53.87
1748,1647,209,54.35
2048,1947,209,67.15
1849,1848,209,24.07
3249,3150,209,11.06
6162,6261,209,11.62
1348,1247,209,35.65
2666,2566,209,5.12
5776,5677,209,4.89
5776,5777,209,3.48
1050,949,210,63.73
2948,2947,210,23.65
3073,2973,210,13.37
3149,3048,210,17.12
1453,1353,210,6.93
6266,6365,210,5.39
1548,1547,210,9.52
1848,1747,211,70.79
3346,3245,211,28.8
3346,3345,211,23.27
1748,1747,211,20.03
3447,3446,211,24.33
1048,947,211,45.98
2647,2746,211,10.19
3274,3174,211,5.17
1347,1246,211,18.56
1353,1252,212,96.8
1947,1846,212,65.58
948,847,212,47.44
6061,6060,212,6.11
2565,2465,212,5.1
2973,2872,213,62.24
949,848,213,60.04
1547,1446,213,50.79
4045,3944,213,32.77
4045,4044,213,24.11
2364,2263,213,29.52
2048,2047,213,15.6
1047,946,213,20.33
2060,1960,213,9.33
1647,1546,213,44.31
2770,2669,213,29.01
1447,1346,214,14.91
4046,4146,214,9.3
4046,4145,214,13.6
2646,2545,214,12.82
2546,2445,214,11.78
2051,2050,214,7.4
3248,3147,214,8.26
6265,6364,214,5.1
1747,1646,214,56.81
1647,1646,214,23.24
2872,2771,215,130.02
1960,1859,215,112.03
3048,3047,215,23.07
3150,3049,215,25.28
1050,950,215,12.86
2948,3047,215,14.64
4047,4147,215,8.48
3677,3577,215,3.51
5076,5077,215,1.12
2047,1946,216,66.27
6060,5959,216,37.64
1947,1946,216,16.1
3446,3445,216,23.87
3346,3445,216,15.09
1047,1046,216,10.03
3845,3744,216,14.53
3745,3644,216,13.64
6263,6362,216,11.21
1150,1051,216,10.57
5456,5555,216,7.05
848,747,216,51.22
1746,1645,216,20.34
1147,1046,216,17.1
1859,1758,217,132.71
1546,1445,217,47.02
4044,3943,217,35.59
847,746,217,29.42
947,846,217,25.04
1757,1657,217,9.25
6263,6363,217,7.16
3247,3146,217,8.62
2347,2446,217,7.44
2262,2162,217,4.99
1147,1146,217,10.01
1546,1545,218,22.5
4044,4043,218,24.33
2973,2873,218,13.31
3945,3844,218,14.92
5455,5454,218,6.22
6161,6160,218,6.12
1657,1556,219,138.76
4145,4144,219,24.09
2545,2544,219,22.84
2445,2444,219,22.22
4045,4144,219,13.82
3778,3678,219,5.03
5456,5556,219,4.19
6368,6467,219,3.77
950,849,220,34.61
2445,2344,220,25.88
2047,2046,220,15.88
946,845,220,21.55
1246,1145,220,16.36
2646,2645,220,5.86
2771,2670,220,33.84
2161,2061,220,5.11
3375,3275,220,4.97
1846,1745,220,18.08
2873,2772,221,65
6262,6361,221,11.25
2668,2567,221,9.46
3246,3145,221,9
3445,3344,221,29.52
3445,3444,221,23.47
747,646,222,24.16
1446,1345,222,16.34
2669,2568,222,15.79
3476,3376,222,5.01
6269,6370,222,1.9
2772,2671,223,120.12
849,748,223,53.19
1545,1444,223,31.94
1545,1544,223,23.99
846,745,223,24.41
3944,3843,223,15.51
1252,1152,223,9.13
1454,1354,223,6.96
4047,4148,223,7.33
1556,1455,224,33.08
2444,2343,224,33.49
2444,2443,224,24.2
4144,4143,224,24.33
2545,2644,224,15.46
1346,1245,224,15.37
1046,945,224,18.4
1354,1253,225,96.69
1353,1253,225,6.73
5776,5877,225,3.16
3444,3343,226,28.83
3444,3443,226,23.27
3145,3045,226,21.79
3145,3044,226,32.14
3145,3144,226,24.02
845,744,226,27.88
6467,6466,226,16.3
746,645,226,16.63
3744,3643,226,15.01
6261,6260,226,6.08
1146,1045,226,17.21
2873,2773,227,12.49
3943,3842,227,15.55
1445,1344,227,15.54
1946,1845,227,14.01
2947,2946,227,5.99
6366,6465,227,5.45
5659,5758,227,4.55
748,647,227,44.41
4143,4042,228,39.14
1444,1343,228,33.04
1444,1443,228,24.15
4043,3942,228,15.24
3844,3743,228,15.64
3345,3244,228,8.39
2364,2264,228,5.05
6368,6468,228,2.16
6174,6274,228,1.99
2644,2643,229,24.22
4143,4142,229,24.17
745,644,229,24.2
1145,1044,229,16.19
2670,2569,229,16.63
1745,1644,229,17.48
1545,1644,229,14.09
2566,2466,229,5.12
5677,5577,229,5.06
2773,2672,230,65.52
2344,2243,230,14.53
2046,1945,230,15.31
950,850,230,7
6074,6175,230,1.47
1344,1243,231,39.54
3045,2945,231,21.76
3045,2944,231,33.18
3643,3642,231,24.19
945,844,231,21.52
845,844,231,9.59
3147,3046,231,8.56
3174,3074,231,5.12
3073,2974,231,5.01
2671,2570,231,18.88
1344,1244,232,20.83
647,546,232,29.51
744,643,232,26.78
1345,1244,232,15.06
646,545,232,15.12
1960,1860,232,5.41
2465,2365,232,5.09
4142,4041,233,36.59
3743,3742,233,24.25
1343,1242,233,31.02
1343,1342,233,23.82
2264,2163,233,28.56
850,749,233,48.96
2343,2242,233,16.41
3843,3742,233,15.55
5555,5554,233,6.07
2263,2163,233,5.02
3747,3647,233,2.6
1860,1759,234,119.42
4142,4141,234,24.33
2643,2542,234,34.97
2643,2642,234,24.31
5758,5757,234,15.92
1245,1144,234,15.46
1444,1543,234,13.73
1152,1052,234,9.15
6365,6464,234,6.01
1045,944,234,18.59
1243,1142,235,40.33
2945,2844,235,38.01
2672,2571,235,32.95
2243,2143,235,20.06
3878,3779,235,2.53
1759,1658,236,132.47
1052,951,236,75.52
546,445,236,46.84
1243,1143,236,20.63
2945,2845,236,21.16
3642,3641,236,23.26
2773,2673,236,12.34
3044,2943,236,14.34
1253,1153,236,9.2
1051,951,236,5.16
1658,1557,237,148.89
2642,2541,237,54.28
844,743,237,25.72
644,543,237,18.21
3842,3741,237,15.41
3144,3043,237,14.14
744,743,237,9.67
645,544,237,13.02
6260,6360,237,9.54
2443,2342,237,11.65
2568,2467,237,9.92
2162,2062,237,5.04
749,648,237,39.04
445,344,238,127.42
643,542,238,24.5
545,444,238,24.75
2570,2469,238,20.31
2569,2468,238,15.77
1044,943,238,16.51
4042,3941,238,14.63
1343,1442,238,14.4
3942,3841,238,14.96
1354,1254,238,6.74
3577,3477,238,4.48
3878,3879,238,1.7
2143,2042,239,39.6
2642,2641,239,20.06
2542,2442,239,21.62
2542,2441,239,35.02
1556,1456,239,5.03
2973,2874,239,4.98
444,343,240,80.66
344,243,240,127.42
3741,3640,240,49.33
2541,2440,240,49.89
1143,1042,240,41.73
1142,1042,240,21.76
1142,1041,240,33.23
1142,1141,240,24.17
2143,2043,240,20.81
2643,2742,240,13.07
1455,1355,240,6.66
2061,1961,240,5.08
3275,3175,240,5.14
1845,1844,240,7.87
3741,3740,241,39.96
2541,2540,241,42.58
643,642,241,23.12
844,843,241,24.37
2944,2843,241,4.97
647,547,241,3.95
3678,3578,241,2.24
2047,2146,241,8.46
3344,3243,241,5.49
1845,1744,241,8.63
343,342,242,51.45
2641,2640,242,45.23
542,441,242,24.26
542,541,242,49.42
444,443,242,52.14
943,842,242,26.03
943,942,242,47.35
3841,3840,242,36.03
543,442,242,28.41
1143,1043,242,11.01
951,851,242,16.54
5453,5552,242,4.44
642,641,243,52.14
243,242,243,48.77
2440,2439,243,36.28
1141,1140,243,33.42
2742,2741,243,45.01
743,742,243,26.54
6464,6463,243,15.4
5577,5477,243,4.06
2046,2045,243,11.02
6467,6566,243,10.69
1945,1944,243,11.66
3978,3979,243,1.3
4377,4378,243,1.07
342,341,244,50.04
541,540,244,51.76
3740,3739,244,39.72
2441,2340,244,27.04
3443,3442,244,5.21
3144,3143,244,11.65
242,241,245,51.63
441,440,245,43.79
942,941,245,40.38
3840,3839,245,40.87
2640,2639,245,46.52
3640,3639,245,23.87
1042,941,245,28.29
2442,2341,245,25.43
1142,1241,245,17.94
5554,5653,245,17.06
742,741,245,52.04
641,640,245,52.18
3443,3342,245,4.91
3343,3342,245,5.88
951,952,245,10.07
842,841,245,49.6
2571,2470,245,9.15
6271,6371,245,1.87
2439,2438,246,35.57
2741,2740,246,45.01
6566,6565,246,38.75
2440,2339,246,28.23
1141,1040,246,27.49
540,539,246,51.4
3376,3276,246,2.31
6363,6462,246,7.24
241,240,247,50.68
341,340,247,39.57
1140,1139,247,33.3
3841,3940,247,18.2
1543,1542,247,11.49
4141,4140,247,11.57
4041,3940,247,5.67
4041,4040,247,11.62
1342,1341,247,11.51
1644,1643,247,11.27
951,852,247,11.78
5959,5958,247,9.48
3839,3838,248,44.41
3639,3638,248,34.46
440,439,248,49.32
3739,3738,248,31.83
1141,1240,248,18.99
1442,1441,248,11.6
2639,2638,248,50
3043,3042,248,11.51
2943,2942,248,11.37
2242,2141,248,7.59
2243,2144,248,6.42
6467,6567,248,4.59
640,639,248,46.64
2438,2437,249,40.19
1040,1039,249,34.32
2439,2338,249,28.08
1140,1039,249,27.45
1844,1843,249,11.65
2740,2739,249,49.57
5757,5756,249,10.21
6465,6564,249,7.44
3343,3242,249,5.37
539,538,249,44.28
2673,2572,249,8.74
240,239,250,42.59
3940,3939,250,37.87
2843,2842,250,11.14
5757,5656,250,2.96
2638,2637,250,52.17
741,740,250,20.85
6273,6372,250,5.36
3838,3837,251,41.84
3638,3637,251,43.08
1240,1239,251,33.57
340,339,251,29.51
440,339,251,24.37
2439,2538,251,18.35
1140,1239,251,19.02
2146,2145,251,11.04
2742,2841,251,13.74
2639,2538,251,23.61
2467,2366,251,8.59
2739,2738,251,52.1
3042,3041,251,35.74
2637,2636,252,50.77
3738,3737,252,25.68
639,638,252,30.64
1040,939,252,27.76
241,140,252,22.7
2045,2044,252,11.62
6566,6665,252,17.1
243,142,252,12.25
539,438,252,27.63
1944,1943,252,11.48
3939,3938,253,44.7
740,739,253,36.46
240,139,253,28.14
1040,940,253,14.3
841,840,253,14.23
3442,3441,253,11.65
242,141,253,15.63
538,537,253,30.6
2469,2368,253,8.72
3143,3142,253,11.6
339,338,254,43.1
3041,3040,254,46.9
239,238,254,26.26
3638,3537,254,28.02
3342,3341,254,11.6
2741,2840,254,13.74
851,750,254,12.75
1744,1743,254,8.27
2538,2537,254,47.39
2841,2840,254,44.36
850,750,254,2.77
3637,3636,254,43.63
638,637,255,34.26
939,938,255,34.57
6566,6666,255,8.78
5552,5551,255,8.14
538,437,255,26.36
2437,2436,255,16.85
2468,2367,255,7.87
438,437,255,36.77
2873,2774,255,2.78
6369,6469,255,2.08
3040,3039,256,51.12
3938,3937,256,48.79
3441,3440,256,37.48
239,138,256,24
6564,6563,256,15.44
537,536,256,38.54
1240,1339,256,18.95
639,738,256,19.54
1341,1340,256,11.43
1139,1138,256,12.42
1643,1642,256,11.37
547,446,256,9.75
6464,6563,256,7.32
546,446,256,3.15
2264,2164,256,2.49
2537,2536,256,50.99
2840,2839,256,51.43
3042,3141,256,18.3
3737,3736,256,29.8
3537,3536,256,52.18
238,237,257,37.96
840,839,257,31.91
3041,2940,257,26.33
1441,1440,257,11.62
1542,1541,257,10.58
5554,5655,257,6.23
438,337,257,28.31
3536,3535,258,51.64
938,937,258,39.42
141,40,258,28.49
140,39,258,26.91
939,838,258,27.84
1843,1842,258,11.37
1039,1038,258,12.22
537,436,258,28.49
3242,3241,258,11.65
2141,2140,258,10.37
5958,5957,258,9.32
637,636,258,37.19
142,41,258,26.85
6462,6461,258,8.56
2436,2435,258,44.14
6362,6461,258,4.4
749,649,258,3.08
6174,6275,258,2.09
2940,2939,259,52.19
3937,3936,259,49.6
3141,3140,259,47.8
738,737,259,34.58
3039,3038,259,43.79
1339,1338,259,38.1
2839,2838,259,48.9
3736,3735,259,39.96
3440,3439,259,46.24
238,137,259,28.45
139,38,259,24.26
1239,1238,259,12.8
3837,3936,259,18.43
1153,1053,259,3.81
6274,6373,259,5.68
1440,1439,260,41.82
2536,2535,260,25.11
536,535,260,29.78
938,837,260,28.51
3636,3635,260,17.16
2470,2369,260,9.46
237,236,260,44.73
3439,3438,261,52.19
3140,3139,261,50.74
1038,1037,261,36.87
436,435,261,34.62
3241,3240,261,45.87
437,336,261,27.3
1943,1942,261,11.31
3939,4038,261,13.94
2437,2336,261,12.12
6361,6460,261,4.44
337,336,261,30.64
3038,3037,262,46.02
737,736,262,37.71
137,136,262,37.88
1338,1337,262,39.42
2939,2938,262,45.17
1238,1237,262,35.72
3440,3339,262,26.72
5677,5678,262,1.73
3537,3436,262,18.69
3936,3935,262,45.03
1439,1438,263,38.1
3240,3239,263,51.99
837,836,263,39.42
3535,3534,263,22.92
3536,3435,263,20.92
1743,1742,263,11.6
6665,6664,263,9.81
5756,5755,263,7.35
3139,3138,264,44.6
4038,4037,264,47.35
336,335,264,34.76
2535,2534,264,28.1
3635,3634,264,26.1
137,36,264,28.44
38,37,264,23.66
3735,3734,264,22.23
2435,2434,264,18.15
138,37,264,19.58
436,335,264,27.85
1138,1137,264,12.52
536,635,264,19.65
5551,5550,264,11.65
2738,2737,264,8.15
2572,2471,264,9.58
3438,3437,264,47.84
142,42,264,8.79
648,548,264,3.44
6563,6562,264,14.15
2365,2265,264,2.55
236,235,264,28.68
5076,5177,264,1.03
2938,2937,265,42.8
3339,3338,265,49.16
3935,3934,265,35.47
3736,3835,265,16.54
1642,1641,265,11.66
2636,2635,265,8.15
3037,3036,265,48.65
6371,6470,265,7.24
136,135,265,38.96
5677,5578,265,2.11
5976,6076,265,1.68
3936,3835,265,27.33
4037,4036,266,50.65
1438,1437,266,42.17
3239,3238,266,46.04
1237,1236,266,31.97
937,936,266,13.64
1541,1540,266,11.21
6566,6667,266,6.26
1254,1154,266,3.37
3779,3679,266,2.93
1860,1760,266,2.34
2937,2936,267,52.2
235,234,267,37.19
3138,3137,267,46.06
1137,1136,267,37.77
36,35,267,35.46
1440,1539,267,15.59
136,35,267,28.5
2163,2063,267,2.48
3835,3834,268,43.7
3734,3733,268,29.5
3634,3633,268,30.64
335,334,268,31.7
2534,2533,268,28.64
3935,3834,268,28.06
1842,1841,268,11
2141,2040,268,7.41
2336,2235,268,23.29
4078,4079,268,1.11
4036,4035,268,52.04
1437,1436,269,39.95
1236,1235,269,34.43
936,935,269,38.92
3934,3933,269,31.41
235,134,269,28.37
1137,1036,269,28.43
3534,3533,269,16.95
3435,3434,269,20
1037,1036,269,14.06
1439,1538,269,17.39
6666,6765,269,10.69
6564,6663,269,7.31
852,751,269,6.64
5477,5377,269,3.86
6467,6568,269,3.12
135,134,269,30.01
4477,4478,269,1.03
3834,3833,270,51.94
4035,4034,270,51.56
234,233,270,38.5
1136,1135,270,38.99
2434,2433,270,18.09
1237,1336,270,19.32
3935,4034,270,18.39
535,534,270,10.08
2435,2334,270,12.39
3338,3337,270,23.65
2140,2139,270,8.75
3137,3136,270,47.89
952,953,270,4.08
3533,3532,271,51.99
936,835,271,28.5
836,835,271,12.84
736,735,271,11.74
1942,1941,271,10.98
446,345,271,9.87
2368,2267,271,8.24
1456,1356,271,3.09
3238,3237,271,22.07
2773,2674,271,2.75
135,34,271,26.09
2673,2573,271,2.65
3833,3832,272,50.45
935,934,272,39.38
1436,1435,272,40.41
134,133,272,41.4
3933,3932,272,38.89
1538,1537,272,43.69
1235,1234,272,35.43
3733,3732,272,32.32
334,333,272,31.41
234,133,272,28.49
1136,1035,272,28.5
335,434,272,19.37
1742,1741,272,11.29
2838,2837,272,7.75
2367,2266,272,8.68
5957,5956,272,7.67
6765,6764,272,47.07
2533,2532,272,29.3
3237,3236,273,51.7
1336,1335,273,35.04
1135,1134,273,37.53
4034,4033,273,48.57
3136,3135,273,37.8
3337,3336,273,47.64
2937,2836,273,18.19
3934,4033,273,19.42
635,634,273,11.5
5550,5549,273,11.45
3436,3335,273,13.76
4038,4137,273,12.2
952,853,273,5.15
6274,6374,273,2.45
835,834,274,33.79
1941,1940,274,41.54
534,533,274,28.89
2334,2333,274,31.44
3434,3433,274,21.53
935,834,274,28.51
134,33,274,28.36
3633,3632,274,17.04
5552,5651,274,4.46
2936,2935,274,15.12
2235,2134,274,28.12
2062,1962,274,2.54
34,33,274,40.21
3036,3035,274,11.41
3335,3334,275,52.17
1234,1233,275,35.1
3932,3931,275,47.24
934,933,275,40.12
1537,1536,275,39.7
3832,3831,275,35.2
1035,1034,275,39.3
3732,3731,275,35.53
1435,1434,275,40.25
735,734,275,31.16
1135,1034,275,28.41
2139,2138,275,24.49
1437,1536,275,16.55
1641,1640,275,10.89
3435,3334,275,12.65
133,132,275,46.99
6372,6471,275,5.73
5957,6057,275,6.11
1355,1255,275,2.94
6563,6662,275,7.48
5956,5955,275,45.13
3433,3432,276,52.1
1335,1334,276,38.09
3135,3134,276,45.31
4137,4136,276,45.96
1134,1133,276,36.94
4033,4032,276,42.75
2532,2531,276,31.03
434,433,276,25.28
1941,1840,276,28.34
534,433,276,25.52
2334,2233,276,26.74
2139,2039,276,17.15
334,433,276,19.42
1539,1638,276,17.66
1540,1639,276,15.42
6562,6561,276,8.47
1557,1457,276,2.39
2235,2135,276,13.71
2433,2432,276,16.78
6764,6763,276,28.49
5777,5778,276,1.5
3931,3930,277,51.96
33,32,277,48.81
1940,1939,277,40.42
2836,2835,277,32.48
934,833,277,28.49
3532,3531,277,18.54
2139,2038,277,22.84
2737,2736,277,7.95
2369,2268,277,8.36
6666,6766,277,4.59
852,752,277,3.38
548,447,277,11.72
5653,5752,277,4.46
2333,2332,277,35.65
533,532,277,35.1
2134,2133,277,33.7
1536,1535,278,39.15
1034,1033,278,41.44
3731,3730,278,35.01
3831,3830,278,39.46
1134,1033,278,28.33
534,633,278,19.72
1436,1535,278,16.32
1760,1659,278,12.31
2635,2634,278,8.12
3477,3377,278,2.39
4136,4135,278,51.01
3432,3431,279,49.04
1638,1637,279,42.58
4032,4031,279,40.86
1840,1839,279,41.04
1334,1333,279,36.87
3134,3133,279,47.12
1133,1132,279,34.6
5955,5954,279,29.66
1434,1433,279,33.04
1233,1232,279,32.72
1940,1839,279,28.47
3135,3034,279,27.2
3136,3235,279,17.51
1538,1637,279,14.55
433,432,279,37.34
142,143,279,3.83
5957,6056,279,7
243,143,279,2.61
3175,3075,279,2.58
4577,4578,279,0.96
2471,2370,279,9.52
4135,4134,280,52.2
3531,3530,280,45.16
1939,1938,280,36.13
2332,2331,280,35.49
4038,4138,280,5.4
2133,2132,280,35.57
2333,2232,280,28.1
2134,2033,280,27.58
6764,6864,280,12.97
6764,6863,280,19.74
1033,1032,281,42.83
1535,1534,281,43.63
3830,3829,281,39.96
3930,3929,281,27.45
1840,1739,281,28.41
5955,5854,281,25.91
1537,1636,281,16.67
1435,1534,281,16.4
3434,3333,281,12.77
751,650,281,11.93
433,332,281,28.39
6373,6472,281,6.61
633,632,281,34.86
1961,1861,281,2.49
2134,2034,281,14.55
2835,2834,281,27.92
5876,5977,281,1.48
4134,4133,282,52.2
3431,3430,282,44.28
1839,1838,282,36.31
3235,3234,282,49.55
4031,4030,282,40.88
3034,3033,282,40.62
5752,5751,282,21.22
3432,3331,282,24.65
3134,3033,282,26.19
933,932,282,14.5
3632,3631,282,13.68
3433,3332,282,19.32
5549,5548,282,11.59
3335,3234,282,17.63
1741,1740,282,10.9
233,232,282,8.6
1333,1332,282,36.45
1132,1131,282,37.69
142,43,282,4.85
1938,1937,283,34.98
2033,2032,283,35.57
5955,6054,283,19.66
1434,1533,283,19.09
4033,4132,283,15.08
2332,2231,283,28.07
5550,5449,283,7.59
2432,2431,283,15.85
2133,2032,283,28.08
2135,2035,283,14.65
5956,6055,283,13.67
2331,2330,283,36.54
2132,2131,283,33.79
649,549,283,4.04
2935,2934,283,11.86
1636,1635,284,42.48
1739,1738,284,36.5
632,631,284,38.66
6863,6862,284,27.8
5954,5953,284,24.13
3034,2933,284,28.45
3730,3729,284,17.56
5752,5852,284,15.71
1536,1635,284,16.92
2138,2137,284,11.39
6662,6661,284,11.59
3829,3828,284,37.54
1132,1031,284,28.43
3929,3928,284,48.29
5957,6058,284,5.53
344,244,284,2.11
1032,1031,284,44.04
1838,1837,285,36.74
3331,3330,285,43.77
5854,5853,285,30.11
3431,3330,285,27.63
5752,5851,285,18.78
5752,5753,285,13.51
6763,6762,285,11.44
4032,4131,285,16.1
734,733,285,10.54
5651,5650,285,9.83
2836,2735,285,12.18
4132,4131,285,50.68
3578,3478,285,2.29
5653,5753,285,2.55
2235,2136,285,8.46
932,931,285,41.37
1031,1030,286,51.21
2330,2329,286,40.94
2431,2430,286,44.06
632,531,286,28.49
2033,1932,286,28.08
3133,3132,286,16.46
2038,2037,286,11.51
1638,1737,286,15.18
853,753,286,7.9
833,832,286,11.36
6469,6569,286,3.23
2231,2230,286,33.75
633,732,286,18.58
2331,2230,286,28.27
6764,6865,286,10.11
2132,2031,286,27.61
1635,1634,287,45.86
1533,1532,287,27.31
3234,3233,287,21.56
2034,1933,287,28.13
5954,6053,287,19.47
3731,3630,287,11.86
2573,2472,287,9.29
1333,1432,287,18.04
4131,4130,287,50.86
2131,2130,287,31.81
5577,5478,287,2.23
932,831,287,28.36
4178,4179,287,1.05
2329,2328,288,52.09
1837,1836,288,44.92
931,930,288,41.43
631,630,288,32.19
2330,2229,288,28.42
3332,3231,288,26.32
3331,3230,288,27.81
6863,6963,288,13.25
6864,6963,288,18.04
1637,1736,288,16.69
132,131,288,8.28
2266,2165,288,8.91
2267,2166,288,8.76
2035,1934,288,28.43
6275,6375,288,3.42
1132,1231,288,17.56
6460,6560,288,3.71
1030,1029,289,40.36
1932,1931,289,38.81
5953,5952,289,24.62
3729,3728,289,24.4
2834,2833,289,14.22
1534,1633,289,19.15
752,651,289,12.7
2032,1931,289,27.26
32,31,289,8.8
2131,2030,289,26.89
2835,2734,289,12.64
432,431,289,10.71
2531,2530,289,8.15
2229,2228,290,51.66
5851,5850,290,21.72
931,830,290,28.36
631,530,290,27.04
1131,1130,290,13.21
3033,3032,290,14.03
632,731,290,17.14
6054,6154,290,15.05
3276,3176,290,2.32
6661,6660,290,18.5
6175,6176,290,1.68
1736,1735,291,45.9
2328,2327,291,43.61
1836,1835,291,46.97
1932,1831,291,28.5
2230,2129,291,28.4
1533,1632,291,19.76
5548,5547,291,11.37
1636,1735,291,15.23
6864,6964,291,9.71
6055,6155,291,13.11
6374,6473,291,8.27
6054,6153,291,19.27
2035,1935,291,12.82
332,331,291,10.19
2634,2633,291,8.01
1933,1832,292,28.46
2430,2429,292,18.24
5851,5750,292,20.85
5851,5951,292,15.53
5953,6052,292,19.55
631,730,292,19.28
5449,5448,292,11.6
2330,2429,292,16.06
5751,5750,292,10.17
447,346,292,9.78
1931,1930,292,42.36
6862,6861,292,12.98
2031,1930,292,25.35
2135,2036,292,9.36
2734,2733,292,35.86
1934,1833,293,28.48
3233,3232,293,18.98
3132,3131,293,14.67
5851,5950,293,18.93
1937,1936,293,10.22
3333,3232,293,12.44
1659,1558,293,9.82
1831,1830,293,51.58
2030,2029,293,26.92
1632,1631,294,40.18
2327,2326,294,47.69
2129,2128,294,34.18
1735,1734,294,44.87
1130,1129,294,33.05
2833,2832,294,20.49
930,929,294,17.57
3231,3130,294,27.41
1835,1834,294,45.23
2268,2167,294,8.58
6057,6156,294,7.62
549,448,294,12.89
1830,1829,295,51.63
1231,1230,295,15.02
1634,1733,295,18.58
232,231,295,8.33
3033,2932,295,11.24
6472,6571,295,10.17
2370,2269,295,9.32
1154,1054,295,3.47
2030,1929,295,24.4
4877,4778,295,1.27
1930,1929,295,44.79
2326,2325,296,52.1
2128,2127,296,51.95
2733,2732,296,33.19
1632,1531,296,28.48
3728,3727,296,15.15
3729,3628,296,12.82
6963,7062,296,18.65
2164,2064,296,2.53
2533,2632,296,5.13
2029,2028,297,30.63
1832,1731,297,28.48
2129,2028,297,27.72
1633,1732,297,19.33
6762,6761,297,8.84
3828,3827,297,7.75
1829,1828,297,52.13
1332,1331,297,7.06
3928,3927,297,8.15
4278,4279,297,1.02
4877,4878,297,0.99
2325,2324,298,50.46
6571,6570,298,49.79
929,928,298,30.55
830,829,298,13.19
630,629,298,10.05
6471,6570,298,6.35
953,954,298,3.61
6963,7063,298,10.45
4132,4231,298,9.5
1929,1928,298,44.66
1831,1730,298,21.06
2127,2126,299,46.67
1230,1229,299,33.12
3032,3031,299,11.62
431,430,299,11.07
753,652,299,11.66
3132,3031,299,11.48
5850,5849,299,11.65
5550,5649,299,4.1
5951,6051,299,15.01
6861,6860,299,15.37
4231,4230,300,52.08
3827,3826,300,39.93
2732,2731,300,28.93
2832,2831,300,18.16
6153,6152,300,11.45
5547,5546,300,11.48
3927,3926,300,46.29
1828,1827,300,49.3
5951,6050,300,19.3
5377,5277,300,3.28
4777,4678,300,1.24
1631,1630,300,19.69
1928,1927,301,51.51
2028,2027,301,31.42
5448,5447,301,10.9
331,330,301,15.63
2228,2227,301,24.82
651,550,301,9.04
2530,2529,301,24.19
1432,1431,301,11.7
1730,1729,301,89.85
650,550,301,6.28
6864,6965,301,3.93
3926,3925,301,102.37
2532,2631,301,6.01
6666,6767,301,2.01
1531,1530,301,17.84
2227,2226,302,106.97
829,828,302,30.14
629,628,302,28.69
2326,2225,302,17.07
2429,2428,302,19.06
530,529,302,9.24
6860,6859,302,56.35
953,854,302,2.67
1827,1826,302,52.52
5950,5949,302,11.91
6761,6760,302,32.42
2325,2224,303,20.21
3727,3726,303,15.27
3130,3030,303,14.31
730,729,303,6.73
31,30,303,12.11
1729,1728,303,95.28
131,130,303,12.03
6374,6474,303,3.49
6862,6961,303,7.55
6275,6276,303,1.63
2631,2630,303,99.92
2027,2026,304,36.5
1927,1926,304,38.39
3826,3825,304,26.44
2126,2125,304,24.24
928,927,304,22.09
2932,2931,304,16.53
6964,7064,304,5.47
3032,2931,304,10.52
2731,2730,304,32.91
1828,1727,304,17.22
5777,5878,304,1.31
1331,1330,304,12.75
2224,2223,305,77.42
2630,2629,305,99.76
6152,6151,305,23.37
1229,1228,305,17.05
2324,2323,305,17.17
1530,1529,305,25.09
346,245,305,10.07
5750,5749,305,13.63
6473,6572,305,9.21
1029,1028,305,14.69
2166,2065,305,7.21
2629,2628,306,101.2
2125,2124,306,87.71
1926,1925,306,50.23
2026,2025,306,65.15
529,528,306,33.15
2529,2528,306,22.46
1129,1128,306,14.7
1826,1825,306,27.71
3925,3924,306,23.26
143,144,306,5.36
1727,1726,306,66.59
1760,1660,306,1.86
1630,1629,306,18.46
231,230,306,12.52
2471,2371,306,2.17
729,728,307,30.09
828,827,307,24.95
2428,2427,307,23.81
1431,1430,307,18.67
2831,2830,307,16.54
448,347,307,10.13
2025,2024,308,78.97
1925,1924,308,97.39
2124,2123,308,78.5
2628,2627,308,95.39
1629,1628,308,97.24
2325,2424,308,14.1
3728,3627,308,6.67
651,551,308,5.98
753,653,308,3.45
143,44,308,6.38
2063,1963,308,2.06
7063,7162,308,13.78
6859,6858,308,17.45
1628,1627,309,105.85
2427,2426,309,78.74
1228,1227,309,28.16
3726,3725,309,18.02
628,627,309,14.71
6050,6049,309,11.95
430,429,309,10.46
2326,2425,309,11.4
1826,1725,309,23.32
6154,6253,309,7.69
6569,6668,309,6.32
1529,1528,309,27.87
6860,6959,309,13.92
1726,1725,309,35.04
3679,3579,309,1.99
5477,5378,309,2.75
5546,5545,309,12.23
4977,4978,309,0.99
2024,2023,310,85.01
2627,2626,310,81.49
1924,1923,310,99.06
1430,1429,310,34.62
6151,6150,310,22.37
3825,3824,310,18.71
3030,2930,310,16.21
3030,2929,310,22.35
5447,5446,310,12.36
330,329,310,11.44
6153,6252,310,7.63
6155,6254,310,8.21
5077,5078,310,1.14
2730,2729,310,19.18
1227,1226,311,54.42
1627,1626,311,90.32
1528,1527,311,95.1
2528,2527,311,21.15
927,926,311,15.63
1330,1329,311,14.7
5649,5648,311,8.52
6571,6670,311,8.59
550,449,311,14.36
5549,5648,311,7.41
853,754,311,2.45
1255,1155,311,2.09
3929,4028,311,5.81
6765,6866,311,2.32
5849,5848,311,8.24
1527,1526,312,106.39
2729,2728,312,69.96
2626,2625,312,59.93
429,428,312,35.53
1226,1225,312,106.64
1726,1625,312,25.03
3924,3923,312,18.35
6156,6255,312,8.19
2527,2526,313,77.2
6670,6669,313,67.7
2929,2928,313,34.43
329,328,313,35.4
2123,2122,313,20.83
6858,6857,313,20.56
347,246,313,25.1
1128,1127,313,14.32
528,527,313,14.7
2223,2222,313,13.14
7064,7163,313,16.03
2167,2066,313,7.2
1825,1824,313,15.04
2573,2473,313,2.13
3779,3780,313,1.05
1225,1224,314,99.25
7162,7161,314,17.11
728,727,314,14.71
2323,2322,314,11.59
1824,1823,314,105.85
1526,1525,314,75.06
5446,5445,314,29.15
2830,2829,314,14.4
2526,2525,315,53.74
2625,2624,315,40.84
926,925,315,32.93
5545,5544,315,18.71
347,247,315,12.93
2269,2168,315,6.98
6057,6158,315,2.9
6156,6256,315,5.3
30,29,315,8.88
6959,6958,315,17.31
1224,1223,316,69.32
7161,7160,316,50.06
2928,2927,316,34.02
2929,2828,316,24.98
1923,1922,316,18.19
2023,2022,316,19.98
3725,3724,316,15.82
627,626,316,15.82
6049,6048,316,14.85
6252,6251,316,16.85
827,826,316,12.14
5949,5948,316,7.67
3824,3823,316,18.15
4231,4330,316,8.23
3727,3626,316,6.74
1625,1624,316,28.38
2674,2574,316,1.96
3879,3880,316,1.13
925,924,317,51.3
1127,1126,317,25.76
2929,3028,317,21.05
2425,2524,317,18.65
2424,2423,317,12.41
1429,1428,317,15.84
1525,1524,317,35.88
4230,4329,317,8.37
6473,6573,317,3.35
5548,5647,317,6.68
5749,5748,317,8.43
6958,6957,318,39.14
2728,2727,318,19.99
449,348,318,21.18
4028,4027,318,15.9
6150,6149,318,13.06
3823,3822,318,51.17
1962,1862,318,2.02
1356,1256,318,1.75
5445,5444,318,27.69
130,129,318,6.88
924,923,319,65.93
1428,1427,319,94.56
4329,4328,319,76.67
2828,2827,319,43.25
29,28,319,27.41
2122,2121,319,18.63
2928,2827,319,24.93
246,145,319,23.81
2222,2221,319,17.65
428,427,319,14.69
1126,1125,319,54.51
230,229,319,8.05
7064,7164,319,6.75
1625,1724,319,21.13
3923,3922,319,16.4
3074,2975,319,1.25
1427,1426,320,102.64
1125,1124,320,107.42
2727,2726,320,70.38
4027,4026,320,59.03
2927,2926,320,33.03
6857,6856,320,16.17
328,327,320,14.68
2928,3027,320,21.1
2625,2724,320,19.63
1524,1523,320,46.11
1525,1424,320,25.09
652,552,320,4.96
3822,3821,320,51.17
4328,4327,321,75.37
826,825,321,21.01
5544,5543,321,18.54
727,726,321,14.49
2322,2321,321,15.62
6251,6250,321,21.69
129,128,321,34.81
1457,1357,321,2.02
1223,1222,321,21.5
1426,1425,322,97.88
2726,2725,322,52.24
2827,2826,322,39.95
229,228,322,34.62
3821,3820,322,50.25
5444,5443,322,27.24
4026,4025,322,79.45
2927,2826,322,24.79
6048,6047,322,17.4
2624,2623,322,14.82
2626,2725,322,12.65
551,450,322,10.38
6858,6757,322,10.52
1823,1822,322,13.31
1525,1425,322,12.99
3628,3527,322,5.29
1523,1522,322,89.26
2370,2270,322,2.25
1223,1123,322,16.9
4327,4326,323,78.14
2926,2925,323,33.71
3027,3026,323,33.95
1424,1423,323,35.93
626,625,323,16.41
2927,3026,323,21.19
7160,7059,323,22.31
3724,3723,323,16.38
6958,7057,323,20.11
7161,7260,323,16.32
527,526,323,10.07
1524,1423,323,23.72
3823,3722,323,22.04
5547,5646,323,5.6
6275,6376,323,1.82
1223,1323,323,16.09
1123,1122,324,59.04
1724,1723,324,20.81
6957,6956,324,18.49
6149,6148,324,16.78
3028,3127,324,21.19
246,146,324,9.58
5848,5847,324,8.07
347,248,324,8.46
6572,6671,324,7.84
4025,4024,324,88.58
1223,1122,324,20.16
1223,1322,324,19.34
5976,6077,324,1.05
4326,4325,325,79.47
2826,2825,325,37.02
825,824,325,25.98
6856,6855,325,23.3
427,426,325,16.77
7160,7259,325,16.17
3626,3625,325,12.11
449,349,325,7.39
6670,6769,325,10.23
1524,1623,325,17.83
2065,1964,325,7.22
3722,3721,325,51.17
3822,3721,325,22.04
3779,3680,325,1.27
1723,1722,326,99.17
2121,2120,326,15.47
28,27,326,14.47
2221,2220,326,15.15
3028,3128,326,12.3
2423,2422,326,11.93
2524,2523,326,12.26
1329,1328,326,7.02
3922,3921,326,16.35
1660,1559,326,7.21
6767,6867,326,4.14
3628,3528,326,3.49
1659,1559,326,1.93
3377,3277,326,1.92
4024,4023,326,65.67
5443,5442,327,21.86
726,725,327,18.61
2926,3025,327,21.13
3027,3126,327,21.1
327,326,327,16.51
2724,2723,327,16.16
3821,3720,327,22.38
4325,4324,327,68.99
6250,6249,327,19.33
1922,1921,327,9.24
6857,6756,327,10.33
6669,6768,327,10.79
1328,1327,327,105.83
5545,5644,327,8.09
1028,1027,327,4.62
923,922,327,13.94
1522,1521,327,24.94
1223,1324,327,13.94
3721,3720,327,52.94
1122,1121,328,26.79
6047,6046,328,19.69
2321,2320,328,15.19
5543,5542,328,14.39
1222,1221,328,15.94
6253,6352,328,7.57
1861,1761,328,1.85
3979,3980,328,1.16
5546,5645,328,5.09
1327,1326,329,54.37
27,26,329,47.02
625,624,329,19.65
7057,7056,329,19.07
526,525,329,16.68
228,227,329,14.71
2623,2622,329,16.16
3820,3819,329,14.6
3821,3920,329,16.25
4329,4228,329,12.62
3921,3920,329,46.44
128,127,329,14.21
7161,7261,329,6.94
1822,1821,329,16.36
6254,6353,329,7.64
653,553,329,4.79
450,350,329,14.62
5748,5747,329,8.69
1326,1325,330,106.1
1121,1120,330,50.19
6855,6854,330,24.17
824,823,330,22.71
6148,6147,330,18.55
2925,2924,330,15.7
1423,1422,330,14.49
3723,3622,330,22.91
2725,2824,330,19.65
1123,1022,330,18.94
5948,5947,330,7.22
6048,5947,330,10.44
6255,6354,330,8.3
3725,3624,330,6.77
3722,3621,330,22.04
5442,5441,331,29.34
1027,1026,331,25.98
1722,1721,331,20.2
426,425,331,19.26
3127,3226,331,21.27
6956,6955,331,15.59
1322,1321,331,14.63
1122,1021,331,22.95
2022,2021,331,7.03
6474,6574,331,3.58
3176,3076,331,2.27
5542,5541,332,33.16
725,724,332,20.1
3127,3227,332,12.88
127,126,332,43.42
6256,6356,332,6.09
3627,3526,332,5.96
26,25,332,45.39
3621,3620,332,52.88
3721,3620,332,21.37
4278,4379,332,1.23
1221,1220,333,23.54
5644,5643,333,18.75
6756,6755,333,18.91
4324,4323,333,17.62
6249,6248,333,18.29
326,325,333,17.11
2422,2421,333,14.59
823,822,333,45.06
4023,4022,333,16.53
4327,4226,333,12.19
1623,1622,333,13.46
5544,5643,333,8.1
2473,2372,333,7.19
44,45,333,4.15
2066,1965,333,7.21
4231,4331,333,2.95
6352,6351,334,17.08
3126,3125,334,14.51
3720,3719,334,15.43
2723,2722,334,16.31
3025,3024,334,15.65
1921,1920,334,15.46
2220,2219,334,13.67
2523,2522,334,14.13
2120,2119,334,13.45
5847,5846,334,10.82
126,125,334,70.96
552,451,334,10.48
3921,4020,334,17.71
450,451,334,8.84
3478,3378,334,1.92
3128,3228,334,14.24
25,24,335,44.74
6147,6146,335,20.25
624,623,335,16.85
525,524,335,19.66
6046,6045,335,14.48
5542,5641,335,21.18
1121,1020,335,22.4
3723,3623,335,8.69
822,821,335,53.06
4329,4428,335,8.05
4325,4224,335,15.12
2168,2067,335,7.19
6256,6355,335,7.42
6251,6350,335,7.77
922,921,335,14.01
4330,4429,335,7.45
5678,5679,335,1.19
4323,4322,336,49.25
3622,3521,336,23.77
6854,6853,336,16.92
7056,7055,336,15.63
2622,2621,336,16.16
2320,2319,336,14.2
3819,3818,336,14.49
1122,1023,336,11.89
227,226,336,15.31
6047,5946,336,10.52
3920,3919,336,15.04
4328,4427,336,8.33
1821,1820,336,15.98
1321,1320,336,20.3
6573,6672,336,7.8
450,351,336,10.17
125,124,336,76.3
6755,6754,337,25.27
724,723,337,20.59
1721,1720,337,17.4
6955,6954,337,16.74
2824,2823,337,16.34
2924,2923,337,15.42
1220,1219,337,26.85
5542,5642,337,12.27
425,424,337,19.98
6757,6656,337,9.62
3626,3525,337,6.81
1422,1421,337,14.69
7064,7165,337,4.41
6375,6475,337,2.12
3621,3520,337,21.4
6374,6475,337,2.21
5647,5746,337,7.4
124,123,338,72.93
4322,4321,338,54.38
821,820,338,47.16
2021,2020,338,16
4427,4426,338,66.49
4224,4223,338,41.98
24,23,338,44.45
246,147,338,5.8
6670,6770,338,3.78
2269,2169,338,2.3
5177,5178,338,1.53
3620,3619,338,16.78
4024,4123,338,10.82
6248,6247,339,19.26
1026,1025,339,13.75
3226,3225,339,13.02
1120,1119,339,12.18
1521,1520,339,8.54
4026,4125,339,7.49
6250,6349,339,8.02
3921,4021,339,7.9
325,324,339,17.54
123,122,340,60.86
6146,6145,340,21.18
6045,6044,340,20.23
5846,5845,340,17.72
2421,2420,340,15.82
4323,4222,340,22.73
4426,4425,340,67.08
23,22,340,88.19
6757,6657,340,5.62
4325,4424,340,9.88
4321,4320,340,71.08
5541,5540,340,13.54
5377,5278,340,2.22
6754,6753,341,25.92
4123,4122,341,49.91
7055,7054,341,23.01
1020,1019,341,19.26
524,523,341,19.54
2722,2721,341,14.37
2522,2521,341,15.65
1920,1919,341,14.48
4020,4019,341,14.82
623,622,341,19.41
3622,3522,341,9.54
6756,6655,341,10.5
226,225,341,21.56
7057,7156,341,8.05
3228,3327,341,21.09
3719,3718,341,15.87
122,121,342,50.02
4424,4423,342,61.99
820,819,342,25.5
22,21,342,74.04
3024,3023,342,13.97
3125,3124,342,13.93
2219,2218,342,12.94
2119,2118,342,13.57
4323,4422,342,16.64
1622,1621,342,11.42
3818,3817,342,19.3
3228,3328,342,14.09
424,423,342,20.37
1320,1319,342,18.62
1219,1218,342,22.45
5578,5579,342,1.12
324,323,343,27.99
723,722,343,18.33
5746,5745,343,16.81
6853,6852,343,16.49
4322,4221,343,20.81
553,452,343,10.19
1820,1819,343,15.41
552,452,343,4.54
921,920,343,14.22
1558,1458,343,1.97
225,224,343,53.43
3520,3519,343,17.41
5540,5539,343,40.84
4122,4121,344,41.03
21,20,344,70.92
6247,6246,344,20.37
1720,1719,344,16.12
6954,6953,344,15.47
2621,2620,344,13.84
2319,2318,344,13.67
4422,4421,344,63.09
5946,5945,344,13.93
3619,3618,344,17.18
5642,5741,344,21.1
1421,1420,344,15.87
3817,3816,344,89.73
224,223,345,73.13
121,120,345,42.29
6145,6144,345,20.86
4320,4319,345,20.86
4125,4124,345,19.36
6349,6348,345,18.67
2020,2019,345,14.43
2823,2822,345,14.29
3525,3524,345,13.83
2923,2922,345,13.43
3919,3918,345,12.47
5644,5743,345,8.08
6249,6348,345,8.13
4224,4124,345,10.85
1964,1863,345,7.22
3527,3426,345,6.16
2874,2875,345,0.91
20,19,346,65.02
3816,3815,346,77.74
323,322,346,38.77
1019,1018,346,21.24
6655,6654,346,22.69
5845,5844,346,17.61
4221,4220,346,47.76
1125,1024,346,5.4
6044,6043,346,17.73
7161,7262,346,4.54
5539,5538,346,45.49
5478,5479,346,1.58
350,249,346,8.71
5642,5742,346,11.99
5540,5439,346,24.85
120,119,347,91.21
223,222,347,75.31
423,422,347,20.3
7054,7053,347,19.64
3718,3717,347,19.51
6753,6752,347,17.2
819,818,347,20.43
4021,4120,347,20.03
920,919,347,25.59
523,522,347,19.85
1119,1118,347,13.78
322,321,348,54.09
6852,6851,348,20.73
2521,2520,348,15.06
2420,2419,348,12.97
1520,1519,348,12.11
7156,7155,348,15.55
4428,4527,348,11.03
622,621,348,16.59
653,654,348,2.55
753,654,348,2
1319,1318,348,18.94
5540,5639,348,19.63
222,221,349,73.82
5439,5438,349,34.34
6246,6245,349,21.51
6953,6952,349,21.32
722,721,349,19.3
3519,3518,349,18.09
1218,1217,349,15.32
2721,2720,349,13.5
1919,1918,349,13.29
4429,4528,349,10.42
6045,5944,349,10.52
6574,6673,349,8.1
6354,6453,349,7.54
553,453,349,5.09
3327,3326,349,12.94
5538,5537,349,48.04
5539,5438,349,23.89
4019,4018,349,13.18
3717,3716,349,83.79
321,320,350,64.79
4527,4526,350,52.67
6654,6653,350,27.37
3618,3617,350,19.05
2218,2217,350,13.85
2118,2117,350,12.84
3023,3022,350,13.94
6356,6456,350,5.75
4427,4526,350,10.57
7057,7157,350,3.73
4421,4420,350,19.66
221,220,351,67.22
4319,4318,351,17.67
2318,2317,351,14.68
3124,3123,351,12.47
1719,1718,351,15.06
1420,1419,351,14.42
6348,6347,351,20
6248,6347,351,8.03
6356,6455,351,7.84
1819,1818,351,12.97
6144,6143,351,18.96
1018,1017,351,22.6
5539,5638,351,18.06
3918,3917,351,18.31
320,319,352,66.29
4526,4525,352,56.67
5537,5536,352,41.96
119,118,352,23.24
422,421,352,21.81
6752,6751,352,20.72
6043,6042,352,17.85
3815,3814,352,18.14
2620,2619,352,13.33
5439,5338,352,24.97
5745,5744,352,11.22
4424,4523,352,11.96
3225,3224,352,8.07
6656,6555,352,9.47
6355,6454,352,8.37
3526,3425,352,7.19
4426,4525,352,10.41
919,918,352,23.61
6768,6868,352,4.1
5844,5843,352,17.73
2371,2271,352,2.22
4220,4219,352,19.7
220,219,353,59.82
3716,3715,353,26.78
6453,6452,353,25.16
19,18,353,16.06
2822,2821,353,13.63
2019,2018,353,14
2922,2921,353,13.92
7053,7052,353,19.21
7155,7154,353,23.27
3524,3523,353,13.39
4425,4524,353,11.03
351,250,353,8.76
6350,6449,353,7.98
5641,5740,353,7.98
1965,1864,353,7.22
522,521,353,17.43
5538,5437,353,23.13
4120,4119,353,17.17
854,855,353,2
1118,1117,353,19.44
4079,4080,353,1.2
319,318,354,60.92
5338,5337,354,57.99
4523,4522,354,58.48
6245,6244,354,21.73
6952,6951,354,20.92
6851,6850,354,18.86
1318,1317,354,18.62
5439,5339,354,13.54
451,352,354,7.28
3617,3616,354,28.29
4423,4522,354,12.12
818,817,354,16.33
6044,5943,354,10.46
4331,4430,354,7.02
4330,4430,354,2.65
3917,3916,354,36.5
3715,3714,355,61.03
6653,6652,355,24.74
5537,5436,355,24.68
3518,3517,355,18.75
1217,1216,355,18.25
2419,2418,355,14.51
4420,4419,355,20.18
6655,6554,355,10.46
6657,6556,355,10.09
6656,6556,355,5.73
721,720,355,19.33
6672,6771,355,7.6
4018,4017,355,17.45
4422,4521,355,11.61
821,720,355,7.19
5536,5535,355,36.44
5538,5637,355,17.1
1155,1055,355,2.32
653,554,355,3.02
621,620,355,16.38
2067,1966,355,7.2
219,218,356,46.11
3814,3813,356,30.57
1519,1518,356,13.79
6347,6346,356,20.81
1521,1620,356,4.96
3527,3427,356,2.96
5337,5336,356,68.22
1660,1560,356,2.02
5478,5379,356,1.91
421,420,357,24.74
118,117,357,20.86
4318,4317,357,19.01
2217,2216,357,14.88
3022,3021,357,14.44
5537,5636,357,19.28
2720,2719,357,13.97
2520,2519,357,12
1918,1917,357,13.57
318,317,357,47.16
3225,3325,357,5.85
6349,6448,357,8.09
147,46,357,7.75
3714,3713,357,58.21
1017,1016,357,18.72
4017,4016,358,35.44
6452,6451,358,22.99
6042,6041,358,17.21
6751,6750,358,19.32
2317,2316,358,15.28
2117,2116,358,14.13
4528,4627,358,16.67
453,353,358,12.16
4527,4626,358,15.31
2169,2068,358,7.09
918,917,358,19.27
6352,6451,358,4.86
5536,5435,358,25.11
3916,3915,358,33.03
3813,3812,358,61.09
5436,5435,358,48.36
5843,5842,358,16.88
5336,5335,358,68.22
218,217,359,35.23
6554,6553,359,26.58
6951,6950,359,20.21
6850,6849,359,20.69
6244,6243,359,20.49
1117,1116,359,19.42
4219,4218,359,16.56
2619,2618,359,14.68
3123,3122,359,13.46
7054,7153,359,7.99
3225,3324,359,7.16
521,520,359,16.99
5536,5635,359,20.72
6757,6658,359,3.87
5535,5534,359,32.72
3616,3615,359,24.93
2874,2775,359,1.1
3812,3811,360,66.03
5435,5434,360,51.82
5338,5237,360,19.37
1818,1817,360,11.93
1419,1418,360,11.76
5339,5238,360,24.74
6043,5942,360,10.46
4016,4015,360,88.18
7052,7051,360,15.59
6657,6557,360,5.21
5943,5942,360,17.75
1718,1717,360,12.18
4478,4479,360,1.15
5678,5779,360,1.33
4119,4118,360,15.84
3615,3614,361,67.89
4626,4625,361,50.9
4317,4316,361,41.16
620,619,361,20.1
3517,3516,361,26.97
1317,1316,361,18.84
6346,6345,361,24.76
2018,2017,361,13.94
2921,2920,361,15.25
2821,2820,361,14.88
5842,5841,361,38.98
4419,4418,361,22.26
3224,3223,361,8.57
317,316,361,57.92
4526,4625,361,15.99
6752,6651,361,9.16
5741,5841,361,5.65
4429,4529,361,4.34
4521,4520,361,21.28
817,816,361,16.34
720,719,361,24.2
3425,3424,361,13.02
2473,2373,361,1.91
854,755,361,2.17
3713,3712,361,32.22
5877,5978,361,1.05
5434,5433,362,53.53
217,216,362,36.74
117,116,362,24.32
6448,6447,362,23.74
420,419,362,30.05
2418,2417,362,17.27
18,17,362,12.57
4525,4624,362,16.31
5534,5533,362,34.17
3579,3479,362,1.73
5237,5236,362,74.63
5535,5634,362,22.38
3811,3810,363,40.34
6553,6552,363,28.93
6750,6749,363,22.37
3915,3914,363,27.59
3712,3711,363,61.04
2216,2215,363,18.55
1518,1517,363,15.55
1620,1619,363,14.59
1216,1215,363,13.08
4524,4623,363,16.66
5740,5739,363,10.17
4523,4622,363,16.08
4528,4628,363,7.69
5741,5840,363,8.48
6350,6450,363,3.65
6351,6450,363,5.57
3516,3515,363,72
3714,3613,363,15.33
3614,3613,363,62.54
5236,5235,364,68.7
4316,4315,364,42.48
6849,6848,364,25.55
4218,4217,364,23.44
6950,6949,364,23.44
2316,2315,364,19.6
2116,2115,364,17.8
2519,2518,364,16.5
2719,2718,364,17.29
1016,1015,364,15.88
316,315,364,33.36
3021,3020,364,16.33
5339,5239,364,9.74
6043,6142,364,8.92
917,916,364,18.1
4015,4014,364,31.75
5840,5839,365,58.69
116,115,365,34.13
3613,3612,365,60.06
6345,6344,365,25.45
2618,2617,365,18.3
4418,4417,365,28.99
216,215,365,33.69
7051,7050,365,24.82
5842,5941,365,22.15
1917,1916,365,13.65
453,454,365,6.21
249,148,365,6.47
5639,5738,365,9.09
7053,7152,365,8.86
4118,4117,365,21.99
520,519,365,20.04
4978,4979,365,1.78
5235,5234,366,56.19
3810,3809,366,49.22
419,418,366,30.92
719,718,366,20.17
619,618,366,20.09
3122,3121,366,15.21
4626,4725,366,18.8
4627,4726,366,20.36
5534,5633,366,22.64
1863,1762,366,5.8
7155,7254,366,8.47
6574,6674,366,2.99
6474,6575,366,2.28
854,955,366,2.14
4520,4519,366,22.03
5839,5838,367,56.21
4315,4314,367,35.6
3711,3710,367,31.39
4217,4216,367,37.86
6447,6446,367,24.54
6651,6650,367,17.36
2920,2919,367,17.35
1116,1115,367,14.01
6751,6650,367,9.27
5941,5940,367,57.33
7157,7256,367,8.91
4014,4013,367,39.35
2270,2170,367,2.07
3813,3912,367,13.35
3809,3808,368,67.34
4417,4416,368,46.49
6848,6847,368,26.55
3914,3913,368,24.81
6749,6748,368,24.49
2417,2416,368,18.19
2820,2819,368,15.71
215,214,368,44.4
1316,1315,368,14.31
1717,1716,368,13.37
1418,1417,368,14.23
4117,4116,368,38.01
453,354,368,7.13
6673,6772,368,8.35
1817,1816,368,12.78
2215,2214,368,20.69
816,815,368,16.28
3515,3514,368,24.76
4116,4115,369,112.86
5234,5233,369,48.2
6344,6343,369,25.02
5738,5737,369,31.38
6142,6141,369,21.73
3612,3611,369,31.13
6552,6551,369,18.88
1619,1618,369,17.17
115,114,369,33.21
2017,2016,369,13.76
3424,3423,369,12.76
2315,2314,369,22.62
3324,3323,369,10.18
5940,5939,369,73.69
2718,2717,369,20.26
6042,6141,369,8.97
5638,5737,369,8.73
2574,2474,369,1.76
3808,3807,370,88.68
3710,3709,370,33.86
4216,4215,370,41.23
2518,2517,370,17.64
6949,6948,370,17.52
3020,3019,370,19.15
315,314,370,18.87
4628,4727,370,21.34
1517,1516,370,14.49
4623,4722,370,21.62
7050,7049,370,24.77
4625,4724,370,17.28
6041,6040,370,8.67
4627,4727,370,8.84
6449,6548,370,8.83
418,417,370,26.96
2617,2616,370,21.7
4013,4012,370,39.94
2115,2114,370,18.73
6865,6966,370,1.58
3614,3513,370,15.96
6847,6846,371,48.34
4416,4415,371,48.41
4314,4313,371,26.63
6446,6445,371,25.43
3611,3610,371,57.07
7152,7151,371,18.04
1015,1014,371,14.92
3812,3911,371,11.76
352,251,371,7.79
519,518,371,18.77
4622,4621,371,13.64
3680,3580,371,2.05
1256,1156,371,1.74
916,915,371,16.23
3912,3911,371,27.51
3807,3806,372,79.72
3513,3512,372,57.14
3709,3708,372,93.82
5233,5232,372,41.32
5737,5736,372,38
6748,6747,372,26.74
114,113,372,48.73
6650,6649,372,21.77
718,717,372,18.11
618,617,372,18.89
7254,7253,372,17.43
3121,3120,372,17.85
5738,5837,372,22.55
5235,5134,372,18.02
17,16,372,11.07
3613,3512,372,16.74
5236,5135,372,14.19
2919,2918,372,20.9
1916,1915,372,15.46
6771,6870,372,9.08
3516,3415,372,13.35
4331,4431,372,2.8
5237,5136,372,12.74
6243,6242,372,8.07
250,149,372,7.04
6948,6947,373,47.66
3610,3609,373,59.64
2214,2213,373,23.99
2416,2415,373,20.9
4215,4214,373,33.34
7256,7255,373,17.25
5234,5133,373,20.69
4115,4114,373,33.1
4519,4518,373,15.51
1215,1214,373,10.49
4623,4723,373,10.2
214,213,373,22.06
1718,1617,373,6.6
2314,2313,373,26.79
3708,3707,374,82.84
3512,3511,374,59.33
3806,3805,374,59.47
4415,4414,374,39.32
2616,2615,374,25.81
6548,6547,374,25.03
2717,2716,374,24.44
2819,2818,374,18.43
5839,5938,374,17
6040,6039,374,29.53
4529,4629,374,8.03
5939,5938,374,21.51
353,252,374,9.25
6448,6547,374,8.66
3076,2976,374,2.18
5636,5735,374,8.8
4231,4332,374,2.02
4012,4011,374,28.82
815,814,374,16.93
3276,3177,374,1.01
3707,3706,375,178.57
5232,5231,375,38.43
3911,3910,375,27.76
6445,6444,375,26.07
2114,2113,375,20.89
6551,6550,375,17.92
6847,6746,375,20.65
1417,1416,375,15.24
2016,2015,375,16.92
3223,3222,375,7.42
3019,3018,375,23.75
1816,1815,375,14.46
5635,5734,375,8.96
4578,4579,375,1.04
3706,3705,376,131.27
6947,6946,376,47.98
6870,6869,376,30.58
3609,3608,376,45.73
5837,5836,376,29.9
3511,3510,376,61.89
4313,4312,376,22.63
7049,7048,376,17.89
4114,4113,376,38.68
5737,5836,376,22.31
6847,6946,376,19.66
1115,1114,376,12.5
5938,5937,376,60.88
1315,1314,376,12.7
4722,4721,376,17.3
417,416,376,19.55
2517,2516,376,19.19
1864,1763,376,5.85
3805,3804,376,84.36
113,112,376,27.36
1716,1715,376,13.98
2918,2917,376,26.1
4978,4879,376,2.07
3608,3607,377,160.74
2213,2212,377,28.57
6649,6648,377,22.79
4214,4213,377,26.55
2313,2312,377,31.37
3120,3119,377,22.34
2415,2414,377,25.4
7151,7150,377,19.4
4727,4826,377,22
6039,6038,377,35.13
3423,3422,377,14.29
3323,3322,377,12.51
6846,6845,377,18.17
4011,4010,377,39.38
518,517,377,17.53
7051,7150,377,8.56
5339,5240,377,6.23
1761,1661,377,1.91
1516,1515,377,14.79
3415,3414,377,25
3607,3606,378,189.28
5734,5733,378,39.2
2716,2715,378,29.22
2615,2614,378,30.46
6547,6546,378,25.9
4414,4413,378,26.97
3510,3509,378,62.64
617,616,378,16.88
7253,7252,378,17.58
717,716,378,16.96
6948,7047,378,19.88
3513,3412,378,17.7
3804,3803,378,67.26
5634,5733,378,9.05
1560,1459,378,6.15
1966,1865,378,5.93
6376,6476,378,1.95
4179,4180,378,1.09
1915,1914,378,17.96
4079,4180,378,1.32
915,914,378,16.28
3606,3605,379,135.57
112,111,379,33.55
3705,3704,379,34.77
3910,3909,379,32.34
2113,2112,379,26.05
3018,3017,379,29.41
4113,4112,379,37.82
5736,5835,379,21.34
5232,5131,379,23.03
5232,5331,379,22.24
5837,5936,379,22.38
5135,5034,379,23.17
5134,5033,379,23.23
1014,1013,379,12.51
5136,5035,379,21.89
4518,4517,379,18.22
6946,6945,379,47.95
4621,4620,379,13.75
314,313,379,12.26
2818,2817,379,23.46
2774,2675,379,1.05
2917,2916,380,29.98
6550,6549,380,21.84
5133,5032,380,23.27
6038,6037,380,35.12
4727,4827,380,10.76
3803,3802,380,66.15
16,15,380,13.63
3412,3411,380,66.46
6845,6844,380,47.44
814,813,380,17.6
6077,6177,380,1.9
213,212,380,14.6
4978,5079,380,2.04
2614,2613,380,95.36
3605,3604,381,95.47
111,110,381,53.31
5733,5732,381,42.4
3509,3508,381,47.03
2212,2211,381,31.51
6648,6647,381,26.21
4312,4311,381,23.1
6746,6745,381,19.05
5231,5230,381,17.6
1617,1616,381,13.46
6947,7046,381,19.78
6141,6140,381,8.45
3119,3118,381,26.5
4010,4009,381,30.68
2312,2311,381,31.23
6142,6241,381,8.82
4430,4530,381,3.84
2516,2515,381,22.94
4112,4111,381,84.98
5735,5834,381,21.72
1357,1257,381,1.56
2015,2014,381,18.06
6343,6342,381,8.78
2414,2413,381,30.4
5239,5139,381,6.14
1815,1814,381,17.29
2613,2612,382,90.15
3508,3507,382,169.87
5131,5130,382,39.59
6945,6944,382,47.34
4517,4516,382,35.49
3909,3908,382,39.26
6546,6545,382,25.94
3414,3413,382,24.93
2715,2714,382,31.99
4213,4212,382,24.14
3802,3801,382,70.01
3222,3221,382,15.66
5734,5833,382,22.11
6037,6036,382,89.65
149,48,382,15.31
5936,5935,382,43.92
1416,1415,382,15
4721,4720,382,19.28
6344,6443,382,8.54
7050,7149,382,8.57
2068,1967,382,5.95
3411,3410,382,70.84
6276,6277,382,1.23
2372,2272,382,1.96
3507,3506,383,199.17
6745,6744,383,50.43
5032,5031,383,38.06
3704,3703,383,29.79
3017,3016,383,30.22
6140,6139,383,68.96
2112,2111,383,31.16
4413,4412,383,22.66
7252,7251,383,24.88
1715,1714,383,16.46
2817,2816,383,27.94
4111,4110,383,92.4
3422,3421,383,16.74
5136,5036,383,9.68
6674,6773,383,8.33
110,109,383,68.39
6844,6843,383,47.49
4826,4825,383,16.92
6657,6558,383,3.23
3506,3505,384,135.41
3604,3603,384,44.63
5732,5731,384,46.59
2916,2915,384,29.09
3410,3409,384,68.3
716,715,384,16.99
5230,5229,384,40.14
1515,1514,384,14.86
517,516,384,15.67
4009,4008,384,38.25
3322,3321,384,16.34
1914,1913,384,18.41
416,415,384,14.23
6946,7045,384,19.79
2413,2412,384,33.7
3516,3416,384,4.4
2714,2713,384,92.42
3505,3504,385,101
109,108,385,97.72
3703,3702,385,73.41
6944,6943,385,48.71
4516,4515,385,44.44
3908,3907,385,42.99
3118,3117,385,29.76
2515,2514,385,28.23
6647,6646,385,27.2
2211,2210,385,30.17
5331,5330,385,17.72
5733,5832,385,21.42
616,615,385,16.04
914,913,385,16.04
48,47,385,39
5935,5934,385,44.65
4629,4729,385,9.64
6772,6871,385,8.79
4628,4729,385,6.44
353,253,385,3.78
2311,2310,385,28.08
4311,4310,385,25.32
1314,1313,385,11.39
4620,4619,385,19.52
2713,2712,386,85.07
3603,3602,386,73.37
5031,5030,386,39.68
2612,2611,386,27.39
6139,6138,386,35.82
6545,6544,386,26.86
3409,3408,386,93.5
5131,5030,386,22.86
5033,4932,386,23.26
212,211,386,17.85
313,312,386,14.81
5936,6035,386,21.01
6744,6743,386,49.55
4008,4007,386,63.18
5035,4935,386,15.05
5035,4934,386,22.33
813,812,386,18.51
5034,4934,386,15.43
5034,4933,386,21.93
2169,2069,386,2
1214,1213,386,8.27
4212,4211,386,27.36
5832,5831,387,53.72
3907,3906,387,52.75
2111,2110,387,31.41
7251,7250,387,25.49
3408,3407,387,178.57
3016,3015,387,28.7
108,107,387,99.93
2014,2013,387,19.01
5032,4931,387,23.07
6945,7044,387,19.98
2816,2815,387,30.03
4110,4109,387,32.77
15,14,387,16.14
6943,6942,387,50.35
1814,1813,387,18.21
4827,4926,387,22.55
3804,3903,387,13.64
2514,2513,387,94.95
4720,4719,387,22.97
2712,2711,388,73.3
3407,3406,388,198.65
2611,2610,388,72.84
4515,4514,388,38.23
5330,5329,388,44.69
2412,2411,388,30.78
4412,4411,388,22.29
4825,4824,388,20.07
7149,7148,388,18.79
3221,3220,388,18.72
4211,4210,388,82.88
2915,2914,388,29.98
5230,5129,388,22.77
5230,5329,388,21.93
1114,1113,388,8.53
4007,4006,388,57.07
3412,3311,388,14.81
5240,5140,388,9.98
5139,5038,388,21.34
3406,3405,389,130.85
2513,2512,389,94.06
6138,6137,389,45.65
3702,3701,389,25.39
3504,3503,389,32.06
3117,3116,389,29.63
1714,1713,389,17.64
3903,3902,389,74.16
1913,1912,389,20.27
6745,6644,389,19.97
3421,3420,389,19.98
5935,6034,389,20.81
6743,6742,389,48.66
251,150,389,8.25
3803,3902,389,13.94
4827,4927,389,12.09
4529,4630,389,5.09
2210,2209,389,27.8
3805,3904,389,10.07
107,106,389,79.11
5934,5933,389,25.72
1616,1615,389,14.06
2310,2309,389,25.78
3405,3404,390,100.6
4931,4930,390,40.43
6544,6543,390,27.5
2610,2609,390,68.36
6646,6645,390,20.05
4310,4309,390,24.96
5031,4930,390,22.85
6944,7043,390,19.54
4109,4108,390,48.77
3321,3320,390,19.69
4619,4618,390,22.71
4727,4828,390,7.16
6744,6643,390,20.26
2711,2710,390,77.74
3311,3310,390,74.19
3378,3278,390,1.73
715,714,390,16.67
2914,2913,390,87.57
1415,1414,390,13.98
2512,2511,391,81.5
6137,6136,391,59.52
3902,3901,391,79.05
2110,2109,391,30.99
3906,3905,391,30.57
3602,3601,391,20.67
1514,1513,391,15.22
5036,4936,391,13.05
4719,4718,391,25.06
211,210,391,22.58
5229,5228,391,15
4006,4005,391,47.31
3802,3901,391,12.94
1013,1012,391,8.51
3015,3014,391,30.3
2815,2814,391,31.2
106,105,391,66.01
4778,4779,391,1.04
5038,5037,391,46.92
4514,4513,392,25.77
2411,2410,392,26.91
2013,2012,392,22.38
3310,3309,392,76.54
5030,5029,392,16.76
5330,5429,392,20.79
913,912,392,14.95
4108,4107,392,70.43
516,515,392,13.85
3413,3312,392,15.68
4210,4209,392,25.24
6241,6240,392,9.63
6342,6341,392,9.78
312,311,392,17.24
6140,6239,392,13.2
3410,3309,392,14.3
149,49,392,5.26
615,614,392,15.64
252,151,392,8.17
7254,7353,392,5.57
6643,6642,392,51.94
2609,2608,392,59.05
812,811,392,17.57
2710,2709,392,78.72
5139,5039,392,9.11
2913,2912,392,81.79
4107,4106,393,216.53
6136,6135,393,52.03
2511,2510,393,71.64
105,104,393,66.05
4930,4929,393,39.59
2209,2208,393,25.21
3116,3115,393,28.84
3220,3219,393,23.93
4824,4823,393,21.45
4926,4925,393,19.05
7250,7249,393,18.15
4933,4832,393,23.26
3309,3308,393,112.67
4932,4831,393,22.72
1313,1312,393,13.66
5832,5931,393,17.84
5933,5932,393,27.81
4935,4834,393,23.22
2814,2813,393,89.78
6943,7042,393,18.99
1813,1812,393,18.91
4411,4410,393,24.29
6575,6675,393,3.78
4934,4833,393,22.9
6443,6442,393,9.37
4279,4280,393,1.04
4106,4105,394,154.83
6239,6238,394,74.78
3404,3403,394,29.01
2309,2308,394,23.7
1912,1911,394,23.72
3503,3502,394,24.45
7148,7147,394,18.79
3308,3307,394,191.89
4931,4830,394,22.72
4935,4835,394,13.36
4005,4004,394,42.01
14,13,394,15.19
6034,6033,394,21.94
314,413,394,5.93
3420,3419,394,23.46
2709,2708,394,61.9
2608,2607,394,53.92
4105,4104,395,102.08
5931,5930,395,72.13
104,103,395,66.94
2510,2509,395,67.21
7353,7352,395,42.39
2109,2108,395,27.74
3307,3306,395,187.63
4309,4308,395,23.99
1713,1712,395,17.97
5029,5028,395,35.85
5329,5328,395,15.67
4718,4717,395,26.8
4729,4829,395,10.54
5129,5128,395,14.92
2813,2812,395,82.32
4618,4617,395,21.69
210,209,395,30.04
3320,3319,395,23.81
6543,6542,395,20.09
3115,3114,395,83.11
3014,3013,395,32.53
1213,1212,395,11.13
6742,6741,395,18.59
5038,4937,395,21.09
4004,4003,396,83.97
3306,3305,396,115.94
4929,4928,396,39.02
2410,2409,396,25.22
2012,2011,396,26.69
1615,1614,396,15.4
5330,5430,396,9.25
4209,4208,396,28.72
6033,6032,396,64.79
5240,5241,396,5.56
1458,1358,396,1.84
2912,2911,396,26.96
2708,2707,396,55.82
3415,3314,396,5.95
6135,6134,397,32.84
4513,4512,397,20.82
714,713,397,16.61
4629,4730,397,6.28
103,102,397,64.94
3219,3218,397,27.38
5140,5040,397,11.39
2812,2811,397,67.28
4410,4409,397,26.28
1314,1413,397,6.78
3114,3113,397,96.43
3113,3112,398,111.44
3314,3313,398,78.71
3013,3012,398,36.06
5930,5929,398,39.48
4104,4103,398,40.54
2607,2606,398,27.17
2308,2307,398,26.07
4823,4822,398,21.15
4003,4002,398,81.06
2208,2207,398,24.87
4925,4924,398,23.85
5429,5428,398,18.3
1911,1910,398,27.54
1513,1512,398,16.62
3419,3418,398,25.79
311,310,398,19.4
1812,1811,398,21.13
1013,1112,398,7.51
415,414,398,7.42
811,810,398,16.67
209,208,398,44.16
3176,3077,398,1.23
2707,2706,399,38.66
3305,3304,399,33.83
4208,4207,399,42.75
2911,2910,399,38.76
3403,3402,399,20.1
7249,7248,399,17.94
4308,4307,399,28.84
1312,1311,399,16.7
4717,4716,399,33.09
4936,4836,399,13.2
4617,4616,399,30.13
2609,2508,399,17.07
13,12,399,22.27
102,101,399,65.97
5039,4938,399,21.09
912,911,399,15.21
3319,3318,399,28.79
614,613,399,15.61
6942,6941,399,9.01
7164,7263,399,1.85
1012,1011,399,14.2
2674,2575,399,1.04
2910,2909,400,202.87
4002,4001,400,83
2606,2605,400,59.19
3112,3111,400,96.58
2011,2010,400,29.71
2108,2107,400,24.56
3502,3501,400,18.19
4833,4732,400,22.19
4832,4731,400,23.07
4834,4733,400,21.01
515,514,400,13.78
7147,7146,400,18.85
3311,3210,400,12.84
5240,5141,400,6.41
6032,6031,400,25.86
3780,3781,400,1.13
2608,2507,400,18.79
4578,4679,400,1.21
208,207,400,59.99
2909,2908,401,160.24
2706,2705,401,79.73
3318,3317,401,77.6
4207,4206,401,54.69
3012,3011,401,40.3
5929,5928,401,39.57
4103,4102,401,40.86
3218,3217,401,30.25
2409,2408,401,24.34
6741,6740,401,18.55
5328,5327,401,19.05
1712,1711,401,19.52
4835,4734,401,22.97
6238,6237,401,15
3210,3209,401,104
6134,6133,401,25.41
6871,6970,401,8.91
5731,5630,401,8.72
413,412,401,16.33
1763,1662,401,5.81
4431,4531,401,3.57
2711,2810,401,11.23
2271,2171,401,2.03
2811,2810,401,27.43
6773,6872,401,8.2
3527,3428,401,1.72
4409,4408,401,27.95
4206,4205,402,146.61
2605,2604,402,85.32
3111,3110,402,84.92
7248,7247,402,47.04
2207,2206,402,29.63
2307,2306,402,30.3
3418,3417,402,29.45
4716,4715,402,35.86
4307,4306,402,39.06
1910,1909,402,29.77
4512,4511,402,20.72
4616,4615,402,38.07
5028,5027,402,15.67
6240,6339,402,14.54
6341,6340,402,10.25
1811,1810,402,25.75
253,152,402,8.49
1865,1764,402,5.9
2709,2808,402,15.17
207,206,402,65.9
6276,6377,402,1.43
1212,1211,402,15.43
4205,4204,403,100.72
3317,3316,403,73.33
3011,3010,403,51.4
3217,3216,403,74.83
3209,3208,403,50.71
2705,2704,403,81.96
2908,2907,403,60.08
4924,4923,403,24.78
5428,5427,403,21
4306,4305,403,130.3
713,712,403,18.35
5430,5529,403,20.77
1614,1613,403,16.5
5128,5127,403,13.77
4835,4735,403,11.36
6642,6641,403,9.46
12,11,403,32.13
310,309,403,21.39
7146,7145,403,49.63
2710,2809,403,11.05
2708,2807,403,17.13
5379,5279,403,2.15
3208,3207,404,179.9
3010,3009,404,173.1
2604,2603,404,64.76
4305,4304,404,109.83
6740,6739,404,49.42
4102,4101,404,41.5
6031,6030,404,29.52
2107,2106,404,25.96
2010,2009,404,31.5
3402,3401,404,22.83
1512,1511,404,18.61
4822,4821,404,18.84
1413,1412,404,15.26
5040,4939,404,22.29
6442,6441,404,9.88
6239,6338,404,11.84
3304,3303,404,23.84
6674,6774,404,2.66
5039,4939,404,8.87
6033,6132,404,14.32
7042,7041,404,9.26
810,809,404,17.45
3207,3206,405,133.8
3009,3008,405,114.6
2704,2703,405,51.17
5427,5426,405,77.26
4204,4203,405,76.9
2408,2407,405,26.22
4408,4407,405,27.97
3110,3109,405,38.59
1011,1010,405,17.35
613,612,405,17.46
1112,1111,405,14.88
206,205,405,48.71
2907,2906,405,66.03
3216,3215,405,72.72
3316,3315,405,69.35
6970,6969,405,31.23
2507,2506,405,24.44
2807,2806,405,52.16
1311,1310,405,18.83
5078,5179,405,1.46
6739,6738,406,52.79
2206,2205,406,28.28
2306,2305,406,30.38
1711,1710,406,23.54
1909,1908,406,30.54
6237,6236,406,23.52
3109,3108,406,125.52
4715,4714,406,27.34
911,910,406,16.5
6542,6541,406,9.51
4937,4837,406,9.36
4615,4614,406,30.73
1810,1809,406,31.1
1967,1866,406,5.95
7145,7144,406,49.93
11,10,406,45.11
110,9,406,5.76
4938,4837,406,20.23
3206,3205,407,90.02
4203,4202,407,76.49
2906,2905,407,67.39
4407,4406,407,98.02
2603,2602,407,36
4304,4303,407,44.72
3108,3107,407,105.44
4733,4632,407,20.24
4732,4631,407,23.27
4836,4736,407,12.83
2806,2805,407,85.66
7248,7347,407,20.08
5040,4940,407,10.18
5430,5530,407,9.23
4511,4510,407,23.84
4630,4631,407,5.85
412,411,407,17.99
5630,5629,407,19.85
514,513,407,15.21
5140,5041,407,7.54
3115,3214,407,10.27
3215,3214,407,79.82
4406,4405,408,135.5
6738,6737,408,54.94
6236,6235,408,66.12
205,204,408,37.36
6030,6029,408,32.05
2106,2105,408,28.81
2009,2008,408,29.8
5529,5528,408,20.04
4923,4922,408,22.27
1211,1210,408,17.95
6740,6639,408,20.3
3314,3213,408,11.87
6541,6540,408,54.74
7247,7246,408,19.73
7146,7245,408,19.23
6132,6131,408,28.99
2506,2505,408,44.01
3880,3881,408,1.08
4332,4432,408,3.03
309,308,408,22.48
9,8,408,62.59
4202,4201,409,76.91
2905,2904,409,53.45
2805,2804,409,67.27
3008,3007,409,32.04
2703,2702,409,27.21
2407,2406,409,26.06
1511,1510,409,21.77
1613,1612,409,17.42
5127,5126,409,16.92
2305,2304,409,47.62
6740,6839,409,19.3
4734,4633,409,19.12
3107,3106,409,84.59
712,711,409,19.21
5027,5026,409,15.25
3303,3302,409,22.03
5330,5431,409,5.98
755,655,409,2.1
151,50,409,8.53
6969,6968,409,28.89
3007,3006,410,118.91
6235,6234,410,61.26
2505,2504,410,79.06
5528,5527,410,68.28
4405,4404,410,67
4303,4302,410,41.16
6029,6028,410,87.48
1710,1709,410,27.81
1908,1907,410,27.51
2205,2204,410,33.27
809,808,410,18.39
8,7,410,51.84
7041,7040,410,19.37
1412,1411,410,17.89
3213,3212,410,94.88
4735,4634,410,20.84
4821,4820,410,16.92
7353,7354,410,5.72
1809,1808,410,32.1
2069,1968,410,5.96
3312,3211,410,7.95
354,254,410,2.4
151,51,410,5.82
1310,1309,410,20.84
5778,5879,410,1.07
2204,2203,411,168.61
3106,3105,411,84.18
6839,6838,411,50.6
6131,6130,411,40.53
204,203,411,43.05
3205,3204,411,30.49
1010,1009,411,18.98
612,611,411,19.02
1111,1110,411,17.76
4714,4713,411,20.73
5327,5226,411,14.9
4614,4613,411,22.21
6941,6940,411,9.03
7248,7348,411,8.59
7145,7244,411,19.13
2304,2303,411,73.39
4510,4509,411,28.23
4939,4838,411,21
1560,1460,411,1.82
5527,5526,412,90.59
2504,2503,412,76.46
4404,4403,412,97.5
2904,2903,412,39
2804,2803,412,35.82
2105,2104,412,27.11
2008,2007,412,25.57
6737,6736,412,27.81
6028,6027,412,55.59
5629,5628,412,24.13
6739,6638,412,19.18
5928,6027,412,13.11
6338,6337,412,12.65
5241,5242,412,6.36
7352,7451,412,8.56
6340,6439,412,15.64
7144,7143,412,19.4
2406,2405,412,33.72
910,909,412,18.13
2104,2103,413,117.29
3105,3104,413,84.73
4302,4301,413,39.86
6234,6233,413,37.3
3006,3005,413,42.22
1510,1509,413,25.64
6968,6967,413,26.88
308,307,413,23.57
513,512,413,17.1
2203,2202,413,81.96
5930,5829,413,7.95
411,410,413,19.78
4926,5025,413,5.58
2303,2302,413,63.63
7347,7346,413,19.78
107,6,413,5.65
2103,2102,414,221.92
4403,4402,414,85.83
6130,6129,414,44.31
1709,1708,414,32.46
5126,5125,414,20.74
1907,1906,414,25.21
4922,4921,414,18.68
1210,1209,414,19.68
6738,6637,414,18.44
4940,4839,414,22.23
6740,6640,414,8.21
6740,6840,414,7.97
4736,4635,414,22.95
3302,3301,414,20.91
6541,6440,414,18.51
1808,1807,414,29.41
6641,6640,414,9.41
6557,6458,414,2.64
2405,2404,414,65.35
5141,5142,414,7.26
2102,2101,415,121.02
2302,2301,415,67.64
2503,2502,415,34.76
7451,7450,415,46.39
3204,3203,415,28.1
6838,6837,415,27.66
808,807,415,21.98
1411,1410,415,20.27
1612,1611,415,18.72
5041,4941,415,13.72
6738,6837,415,17.43
203,202,415,26.31
2202,2201,415,95
2170,2070,415,2.1
711,710,415,18.25
4509,4508,415,27.64
1309,1308,415,24.23
2373,2273,415,1.87
6129,6128,416,89.26
2404,2403,416,78.59
3005,3004,416,40.21
2007,2006,416,25.44
6736,6735,416,28.25
5628,5627,416,26.86
5526,5525,416,27.97
5226,5225,416,24.82
6027,6026,416,28.92
4633,4532,416,21.5
4836,4737,416,8.81
4736,4636,416,11.31
1009,1008,416,21.47
4820,4819,416,19.6
3104,3103,417,27.87
1509,1508,417,29.59
307,306,417,26.66
909,908,417,20.59
2803,2802,417,21.77
7244,7243,417,18.86
1110,1109,417,19.19
4634,4533,417,22.24
2702,2701,417,13.88
6839,6938,417,18.91
4713,4712,417,18.08
4613,4612,417,18.07
4940,4840,417,10.1
6233,6232,417,29.36
6872,6971,417,8.94
5025,5024,417,26.86
4402,4401,417,45.37
6575,6576,417,1.97
611,610,417,19.26
3780,3681,417,1.32
4279,4380,417,1.2
5225,5224,418,70.21
1708,1707,418,31.94
6637,6636,418,30.87
2903,2902,418,17.41
1906,1905,418,26.56
6337,6336,418,17.82
104,3,418,5.77
1807,1806,418,28.01
6,5,418,21.3
7143,7142,418,18.95
5141,5042,418,8.27
7165,7264,418,1.81
3478,3379,418,1.02
2403,2402,419,48.25
807,806,419,28.85
1209,1208,419,22.41
5125,5124,419,24.89
7346,7345,419,19.83
512,511,419,18.73
7451,7550,419,20.28
6027,5926,419,22.64
6027,6126,419,22.22
4508,4507,419,27.73
6540,6539,419,9.46
253,153,419,3
1308,1307,419,28.75
410,409,419,19.98
5579,5580,419,1.3
5224,5223,420,82.15
1707,1706,420,84.97
2006,2005,420,29.89
3004,3003,420,31.39
5627,5626,420,31.6
1008,1007,420,26.5
1410,1409,420,23.22
1611,1610,420,22.82
6026,6025,420,29.65
6837,6836,420,20.34
4634,4534,420,10.11
6336,6335,420,64.51
2602,2601,420,8.25
6735,6734,420,28.02
1508,1507,420,33.76
5430,5531,420,5.96
3303,3202,420,9.25
103,2,420,5.79
1156,1056,420,2.07
5978,6078,420,1.72
6232,6231,420,39.66
6128,6227,421,64.78
7450,7449,421,6.87
6129,6228,421,99.09
4921,4920,421,6.9
6840,6939,421,63.21
2302,2401,421,79.25
4403,4502,421,87.71
4404,4503,421,93.67
4405,4504,421,67.62
4406,4505,421,108.52
6774,6873,421,99.7
4407,4506,421,88.85
4716,4815,421,48.2
7259,7358,421,19.54
7260,7359,421,19.32
7261,7360,421,18.99
6773,6873,421,5.97
5626,5725,422,86.51
5124,5123,422,10.48
5224,5323,422,86.5
5225,5324,422,82.16
5525,5624,422,82.26
2502,2501,422,9.8
202,201,422,3.01
7451,7551,422,15.12
6736,6835,422,42.24
6026,6125,422,45.29
6838,6937,422,38.8
2702,2801,422,24.99
7040,7039,422,2.86
206,305,422,22.62
4839,4738,422,8.21
4402,4501,422,54.94
7256,7355,422,18.74
7262,7361,422,18.97
3980,3981,422,1.05
1507,1606,422,101.78
6873,6972,423,94.99
5627,5726,423,47.43
4505,4604,423,81.47
4506,4605,423,82.94
2903,3002,423,30.2
5628,5727,423,42.85
5526,5625,423,44.62
7245,7344,423,28.71
4922,5021,423,32.71
6735,6834,423,42.55
1508,1607,423,46.12
6675,6775,423,6.97
6126,6225,423,40.79
7347,7446,423,28.07
4502,4601,423,93.42
1606,1705,424,93.33
6228,6327,424,62.45
7449,7548,424,57.48
4504,4603,424,65.61
5926,5925,424,20.24
4921,5020,424,30.55
7346,7445,424,28.12
7348,7447,424,27.58
6837,6936,424,30.26
205,304,424,16.21
1905,2004,424,40.32
6227,6326,424,50.03
6836,6935,424,39.78
4503,4602,424,58.98
7359,7458,424,64.76
6025,6124,424,46.04
1706,1805,424,37.28
5625,5724,425,72.25
5726,5825,425,70.88
4605,4704,425,122.66
7550,7649,425,28.74
7345,7444,425,28.34
6636,6635,425,8.59
2902,3001,425,26.62
2802,2901,425,27.13
7450,7549,425,27.33
5725,5824,425,58.49
6130,6229,425,29.55
6775,6874,425,94.94
6234,6333,425,27.97
6336,6435,425,31.01
6235,6334,425,31.57
6131,6230,425,28.36
4636,4535,425,15.22
1905,1904,425,6.93
4736,4637,425,10.25
4604,4703,425,108.21
4717,4816,425,26.09
4718,4817,425,24.23
4719,4818,425,23.48
7243,7342,425,28.49
6025,6024,425,23.26
6231,6330,425,31.7
5624,5723,425,62.39
6232,6331,425,28.23
7042,7141,425,12.07
1705,1804,426,78.33
3003,3102,426,28.22
1007,1106,426,23.97
1307,1406,426,24.76
806,905,426,25.23
3103,3102,426,9.64
807,906,426,24.25
1509,1608,426,24.12
6439,6438,426,2.24
5226,5325,426,22.75
4507,4606,426,25.47
808,907,426,21.31
1510,1609,426,22.29
204,303,426,23.44
5629,5728,426,22.9
6233,6332,426,25.15
7041,7140,426,19.86
4923,5022,426,21.53
4715,4814,426,22.88
4924,5023,426,21.99
7263,7362,426,18.84
7243,7242,426,6.88
6575,6676,426,3.62
5223,5322,426,23.7
1308,1407,426,23.49
1309,1408,426,21.71
6125,6224,426,43.59
4603,4702,426,96.87
4820,4919,426,21.01
6229,6328,427,81.98
6230,6329,427,119.96
4602,4701,427,50.4
7551,7650,427,28.4
7449,7448,427,19.26
6874,6973,427,100.15
6333,6432,427,74.11
4819,4918,427,21.77
1008,1107,427,22.18
7244,7343,427,19.01
4713,4812,427,18.72
4508,4607,427,21.16
4636,4536,427,11.04
4533,4433,427,10.75
6337,6436,427,20.62
4714,4813,427,19.85
6331,6430,427,122.95
6338,6437,427,16.71
4511,4610,427,18.48
4512,4611,427,16.02
411,510,427,19.85
7039,7138,427,30.95
4510,4609,427,21.15
6835,6934,427,30.81
4509,4608,427,21.07
4704,4803,427,108.34
410,509,427,19.75
309,408,427,19.27
1009,1108,427,20.09
5325,5424,428,80.19
4702,4801,428,73.29
4606,4705,428,101.88
5825,5924,428,57.92
5723,5822,428,56.22
6024,6123,428,50.42
6936,7035,428,38.87
4703,4802,428,55.13
6326,6425,428,44.47
6834,6933,428,31.16
6225,6324,428,30.14
7344,7443,428,29.01
3002,3101,428,29.08
6332,6431,428,84.82
4815,4914,428,22.21
7549,7648,428,59.65
5022,5121,428,74.77
7264,7363,428,18.69
6335,6434,428,18.37
4712,4811,428,18.81
409,508,428,18.46
7142,7241,428,19.23
4840,4739,428,9.24
307,406,428,17.48
6439,6538,428,15.16
308,407,428,17.96
5021,5120,428,30.99
203,302,428,16.96
3580,3480,428,1.12
5824,5923,428,54.47
5624,5623,428,17.43
5323,5422,428,24.1
4920,5019,428,20.97
610,709,428,18.95
710,709,428,1.79
5322,5421,429,59.14
4607,4706,429,83.35
6330,6429,429,38.76
6935,7034,429,30.76
7446,7545,429,27.9
6438,6537,429,53.48
7360,7459,429,19.39
6124,6223,429,29.44
202,301,429,15.65
6224,6323,429,57.88
4816,4915,429,41.58
6432,6531,429,71
5123,5222,429,22.85
306,405,429,17.05
4612,4711,429,16.82
7040,7139,429,12.35
6329,6428,429,79.69
5020,5119,429,30.66
6327,6426,429,30.2
1904,2003,429,42.87
4332,4333,429,3.28
5424,5523,430,82.68
5623,5722,430,73.88
6425,6524,430,94.15
4802,4901,430,71.66
1406,1505,430,46.14
3102,3201,430,37.13
7649,7748,430,28.73
7448,7547,430,57.93
6024,6023,430,21.87
5822,5921,430,78.54
7445,7544,430,28.13
7361,7460,430,18.91
1407,1506,430,45.21
7548,7647,430,27.98
6324,6423,430,94.68
7447,7546,430,27.78
151,52,430,1.93
1804,1903,430,44.8
7342,7441,430,28.74
6223,6322,431,81.56
6123,6222,431,47.29
5422,5521,431,64.26
5121,5220,431,66.76
6426,6525,431,89.02
4803,4902,431,46.99
4817,4916,431,24.91
6435,6534,431,28.06
5,4,431,5.72
6938,7037,431,11.99
6734,6833,431,13.25
4706,4805,431,108.15
2474,2374,431,0.98
1506,1605,432,103.43
6428,6527,432,55.59
5222,5321,432,62.88
5421,5520,432,63.88
7650,7749,432,28.74
1903,2002,432,121.14
1106,1205,432,23.68
906,1005,432,25.93
905,1004,432,24.72
5322,5321,432,18.64
907,1006,432,25.39
4818,4917,432,23.3
6430,6529,432,35.12
5142,5143,432,4.32
5242,5243,432,3.78
7459,7558,432,65.98
4534,4434,432,8.73
7138,7237,432,29.09
6524,6623,432,125.75
7343,7442,432,28.81
2976,2876,432,1.06
7458,7557,432,19.75
5579,5680,432,2.23
4902,5001,433,75.11
4805,4904,433,81.9
5019,5118,433,30.71
6434,6533,433,29.45
4919,5018,433,21.62
4814,4913,433,20.69
5023,5122,433,22.21
6334,6433,433,18.25
1705,1704,433,12.47
304,403,433,16.77
305,404,433,13.39
7035,7134,433,30.66
6939,7038,433,12.22
4840,4740,433,5.62
4636,4537,433,9.75
7444,7543,433,18.84
7141,7240,433,19.32
5921,6020,433,57.02
4705,4804,433,31
7648,7747,433,28.77
6429,6528,433,37.13
6222,6321,433,82.22
6322,6421,433,86.26
5119,5218,434,28.4
7139,7238,434,28.84
7034,7133,434,30.7
5923,6022,434,27.7
4918,5017,434,22.56
1107,1206,434,23.02
4608,4707,434,23.54
6436,6535,434,23.15
1108,1207,434,21.74
7362,7461,434,19.02
303,402,434,19.41
6431,6530,434,25.23
4610,4709,434,21.45
6377,6477,434,4.88
5120,5219,434,27.52
6937,7036,434,11.84
7140,7239,434,19.29
4609,4708,434,21.62
7242,7341,434,18.72
4535,4435,434,11.22
6623,6722,434,90.28
6421,6520,435,104.66
6433,6532,435,87.95
1704,1803,435,95.52
5321,5420,435,51.44
5222,5221,435,17.25
5421,5420,435,16.89
4914,5013,435,20.9
302,401,435,21.45
4811,4910,435,22.33
7441,7540,435,29.01
509,608,435,18.21
4813,4912,435,20.01
6437,6536,435,19.19
7647,7746,435,29.01
4812,4911,435,20.1
5042,5043,435,5.27
6023,6122,435,30.25
4611,4710,435,18.92
6323,6422,435,27.88
6328,6427,435,19.81
4637,4638,435,10.81
510,609,435,19.46
6020,6119,435,90.66
4707,4806,436,109.96
1205,1304,436,43.74
1006,1105,436,41.39
6525,6624,436,29.3
7037,7136,436,30.45
5722,5821,436,24.05
1505,1604,436,27.51
4915,5014,436,21.49
7363,7462,436,18.98
5623,5622,436,13.67
406,505,436,17.81
7546,7645,436,28.28
7241,7340,436,18.81
408,507,436,16.66
2,1,436,6.52
7451,7552,436,6.06
5879,5979,436,5.16
1662,1561,436,1.91
6722,6821,436,106.29
6423,6522,436,27.75
7547,7646,436,28.14
5523,5622,436,23.81
7748,7847,436,28.18
7443,7542,436,18.77
5878,5979,436,1.68
6520,6619,437,96.66
6422,6521,437,73.96
1803,1902,437,116.03
6535,6634,437,65.63
6427,6526,437,77.45
5321,5320,437,21.51
7237,7336,437,28.71
5521,5620,437,27.02
6534,6633,437,23.63
405,504,437,19.65
407,506,437,16.09
5422,5522,437,12.01
6119,6218,437,98.97
508,607,437,17.66
4536,4436,437,11.08
6635,6634,437,8.59
4711,4810,437,19.6
7557,7656,437,29.43
4941,4842,437,5.47
7545,7644,437,18.96
6531,6630,437,19.87
7749,7848,437,28.34
7558,7657,437,29.98
5520,5619,437,29.66
5579,5480,437,1.24
6522,6621,438,82.11
1304,1403,438,95.06
6022,6121,438,38.56
6321,6420,438,28.58
6122,6221,438,56.9
4916,5015,438,21.94
7460,7559,438,18.91
6821,6920,438,87.58
7038,7137,438,30.66
7747,7846,438,28.66
7459,7559,438,11.51
7134,7233,438,29.26
7544,7643,438,19.01
1257,1157,438,1.21
4806,4905,438,127.14
6624,6723,438,70.87
3980,4081,438,1.67
1902,2001,439,108.83
6521,6620,439,89.78
7462,7561,439,61.25
7341,7440,439,29.01
7036,7135,439,30.46
7238,7337,439,28.34
7133,7232,439,29.74
4804,4903,439,26.13
6533,6632,439,25.32
1004,1103,439,23.52
4917,5016,439,22.67
1005,1104,439,23.34
4708,4807,439,30.16
6934,7033,439,12.33
6326,6325,439,6.92
6619,6718,439,75.98
6218,6317,439,75.21
5220,5319,439,18.55
5821,5920,439,67.47
5620,5719,439,127.12
6530,6629,439,31.74
4379,4480,439,1.69
6077,6178,439,1.8
5619,5718,439,112.16
1403,1502,440,81.66
6621,6720,440,101.94
6634,6733,440,48.84
1604,1703,440,47.02
1105,1204,440,38.52
6920,7019,440,74.77
1207,1306,440,23.7
1206,1305,440,24.94
5018,5117,440,20.76
403,502,440,22.7
4913,5012,440,20.57
404,503,440,21.45
4904,5003,440,22.59
6527,6626,440,18.01
4911,5010,440,29.06
7746,7845,440,29.43
6933,7032,440,12.38
5822,5922,440,8.56
4709,4808,440,25.29
7442,7541,440,18.89
6775,6875,440,6.13
7239,7338,440,27.8
6676,6776,440,7.62
5320,5419,440,60.91
6121,6220,440,83.83
6221,6320,440,81.75
4637,4538,440,10
6529,6628,440,18.27
7340,7439,441,28.71
7542,7641,441,28.53
7136,7235,441,29.39
6532,6631,441,24.7
5218,5317,441,21.74
7559,7658,441,62.3
5718,5817,441,78.36
402,501,441,23.23
7645,7744,441,29.73
5017,5116,441,20.94
4910,5009,441,27.2
5118,5217,441,20.16
4905,5004,441,69.02
6528,6627,441,18.07
1406,1405,441,6.91
7646,7745,441,29.58
4807,4906,441,116.93
7847,7946,441,28.76
6420,6519,441,66.56
1764,1663,441,1.87
1459,1359,441,1.09
1763,1663,441,1.07
6718,6817,441,72.48
7240,7339,441,18.69
5920,6019,441,88.02
7543,7642,441,18.77
1703,1802,442,101.68
7019,7118,442,73.86
6875,6974,442,98.52
5003,5102,442,71.93
1502,1601,442,84.18
6317,6416,442,52.99
7561,7660,442,58.58
6620,6719,442,55.97
7657,7756,442,31.29
4903,5002,442,68.9
7336,7435,442,30.3
7552,7651,442,27.45
4912,5011,442,22.7
7461,7560,442,18.93
5219,5318,442,20.05
6325,6424,442,67.16
4902,5002,442,9.25
4434,4334,442,10.27
4536,4437,442,9.79
4710,4809,442,22.31
5013,5112,442,23.17
4808,4907,442,111.91
5922,6021,442,73.45
1865,1765,442,1.09
5420,5519,442,21.37
7644,7743,442,29.73
6320,6419,442,95.1
3076,2977,442,0.95
4537,4437,442,12.43
4906,5005,443,92.3
6720,6819,443,50.15
7846,7945,443,29.6
7137,7236,443,29.14
4810,4909,443,27.82
5622,5721,443,22.15
5014,5113,443,21.17
505,604,443,21.85
6019,6118,443,101.7
609,708,443,18.29
608,707,443,18.71
6833,6932,443,12.53
7848,7947,443,28.05
7540,7639,443,19.25
6973,7073,443,6.31
5009,5108,443,107.51
6519,6618,443,85.86
3680,3581,443,0.98
6623,6622,443,9.89
7643,7742,443,29.47
1802,1901,444,90.08
6424,6523,444,122.98
7118,7217,444,70.88
1405,1504,444,48.99
6817,6916,444,70.53
6719,6818,444,74.22
7135,7234,444,29.38
7337,7436,444,30.06
6629,6728,444,31.53
1104,1203,444,34.77
7033,7132,444,30.05
5817,5916,444,69.86
6630,6729,444,21.34
607,706,444,20.47
5522,5621,444,22.94
506,605,444,20.54
504,603,444,22.8
7462,7562,444,12.94
5002,5101,444,81.6
6723,6822,444,27.51
5519,5618,444,118.71
507,606,444,18.81
2272,2172,444,1.08
4907,5006,444,86.63
5102,5201,444,84.99
5001,5101,444,9.35
5719,5818,444,30.01
6819,6918,445,73.86
6622,6721,445,92.05
6118,6217,445,77.53
7660,7759,445,58.68
6419,6518,445,62.04
5217,5316,445,36.59
5317,5416,445,42.26
5004,5103,445,40.45
7541,7640,445,29.16
7338,7437,445,30.01
5012,5111,445,29.03
5015,5114,445,20.87
6526,6625,445,18
7073,7172,445,93.33
5042,4943,445,4.73
6021,6120,445,48.21
7845,7944,445,28.91
6220,6319,445,28.75
5618,5717,446,126.77
5108,5207,446,65.97
6618,6717,446,70.71
5721,5820,446,64.02
6416,6515,446,43.07
7339,7438,446,28.94
1305,1404,446,26.06
503,602,446,24.05
502,601,446,24.52
5005,5104,446,49.25
5419,5518,446,24
6626,6725,446,27.73
1103,1202,446,20.38
5016,5115,446,21.05
5319,5418,446,21.67
7642,7741,446,29.73
7559,7659,446,12.61
6822,6921,446,96.29
6821,6820,446,10.4
7658,7757,446,29.35
4840,4741,446,4.72
6633,6732,446,16.8
7946,8045,446,29.07
1967,1867,446,1.1
6818,6917,446,71.5
7744,7843,446,29.35
4537,4438,446,11.2
6319,6418,447,82.78
6916,7015,447,65.43
5818,5917,447,55.3
7562,7661,447,60.35
7651,7750,447,28.57
7435,7534,447,31.11
6120,6219,447,99.53
7743,7842,447,29.62
6627,6726,447,27.68
1204,1303,447,22.53
5117,5216,447,20.89
5006,5105,447,70.55
7561,7661,447,13.83
7440,7539,447,19.16
1403,1402,447,11.66
5916,6015,447,61.69
5103,5202,447,79.98
7557,7556,447,6.89
4809,4908,447,31.76
5112,5211,447,30.81
6918,7017,447,71.46
7217,7316,447,65.29
554,555,447,1.15
4435,4335,447,8.23
6217,6316,448,56.2
7639,7738,448,29.58
7947,8046,448,29.17
7236,7335,448,29.55
7945,8044,448,28.93
5318,5417,448,24.23
5011,5110,448,27.19
5116,5215,448,21.31
6817,6816,448,14.67
7019,7018,448,13.68
6628,6727,448,18.07
6921,7020,448,79.45
7742,7841,448,30.18
4739,4639,448,5.2
5518,5617,448,120.18
6632,6731,448,17.04
6725,6824,448,101.22
5820,5919,448,81.05
1402,1501,449,80.03
6219,6318,449,99.34
5211,5310,449,91.9
5202,5301,449,88.26
1202,1301,449,69.84
6917,7016,449,69.86
5717,5816,449,55.11
5207,5306,449,64.46
6518,6617,449,46.16
7234,7333,449,30.26
604,703,449,23.81
5113,5212,449,28.12
7659,7758,449,58.32
7118,7117,449,14.56
7439,7538,449,19.32
7641,7740,449,19.46
7745,7844,449,19.14
6726,6825,449,101.23
5316,5415,449,40.83
5010,5109,449,17.68
4908,5007,449,90.57
4436,4336,449,8.87
7017,7116,449,73.38
5416,5515,449,40.64
5919,6018,450,94.12
7661,7760,450,58.43
7534,7633,450,65.16
6418,6517,450,53.31
7015,7114,450,70.5
6515,6614,450,39.15
5104,5203,450,42.2
7640,7739,450,29.98
7944,8043,450,28.79
1504,1603,450,27.85
6015,6114,450,54.45
603,702,450,24.82
5621,5720,450,27.08
6824,6923,450,87.1
7660,7760,450,13.79
7233,7332,450,12
6625,6724,450,31.44
5917,6016,450,52.9
7316,7415,450,60.74
4538,4539,450,10.81
6631,6730,450,16.51
5110,5209,450,97.26
855,856,450,1.06
5379,5380,450,1.07
5679,5780,450,1.75
5212,5311,451,106.5
5216,5315,451,37.45
6825,6924,451,79.47
8045,8144,451,28.61
7757,7856,451,32.63
5115,5214,451,34.41
5109,5208,451,71.71
7759,7858,451,27.77
605,704,451,22.87
6916,6915,451,16.35
1203,1302,451,21
5105,5204,451,40.45
706,805,451,23.36
606,705,451,22.09
5816,5915,451,96.12
7019,7119,451,9.52
7232,7331,451,12.51
1403,1503,451,7.99
5007,5106,451,92.36
7116,7215,451,75.93
6316,6415,451,47.32
4740,4640,451,5.74
7117,7216,451,72.79
4437,4337,451,11.87
7217,7216,451,16.4
2069,1969,451,1.12
354,355,451,1.24
6733,6832,451,13.35
6018,6117,452,77.39
6923,7022,452,76.2
1603,1702,452,88.26
6318,6417,452,65.37
7016,7115,452,70.2
5306,5405,452,51.45
7750,7849,452,28.32
602,701,452,25.3
5114,5213,452,22.64
7436,7535,452,19.62
6728,6827,452,18.58
5418,5517,452,26.29
7562,7662,452,13.23
7118,7218,452,10.22
7032,7131,452,12.1
4909,5008,452,17.68
5310,5409,452,51.05
5203,5302,452,89.93
1302,1401,453,76.75
1503,1602,453,86.86
6114,6213,453,50.58
6614,6713,453,68.9
5209,5308,453,48.93
7760,7859,453,58.35
6617,6716,453,41.25
6924,7023,453,72.01
7335,7434,453,31.26
1202,1201,453,14.89
6717,6716,453,14.7
7437,7536,453,19.52
6729,6828,453,17.63
1802,1801,453,9.92
7114,7213,453,69.96
7316,7315,453,18.04
7841,7940,453,28.86
7217,7317,453,11.71
8046,8145,453,28.56
5720,5819,453,67.15
7172,7271,453,18.61
4438,4338,453,14.55
5617,5716,453,29.61
5517,5616,454,103.2
5302,5401,454,89.79
7115,7214,454,76.06
6915,7014,454,63.56
5311,5410,454,67.41
5208,5307,454,55.9
702,801,454,43.5
6517,6616,454,42.38
7333,7432,454,32.46
5915,6014,454,65.88
7538,7637,454,28.59
7534,7533,454,16.44
7015,7014,454,14.68
7438,7537,454,19.51
5106,5205,454,52.32
6016,6115,454,45.92
7741,7840,454,19.38
5204,5303,454,50.28
7215,7314,454,67.07
7235,7334,454,11.7
5417,5516,454,26.41
7758,7857,454,29.62
5111,5210,454,17.68
5008,5107,454,99.28
4438,4439,454,14.22
7844,7943,454,28.91
7843,7942,454,19.02
5819,5918,455,71.35
1602,1701,455,84.17
5405,5504,455,54.9
7662,7761,455,60.1
703,802,455,25.19
5415,5514,455,25.41
6117,6216,455,52.65
5515,5614,455,25.39
5215,5314,455,23.02
7661,7761,455,13.88
7842,7941,455,19.01
6932,7031,455,12.45
5409,5508,455,54.08
7539,7638,455,18.94
1601,1701,455,8.06
6415,6514,455,41.58
5143,5244,455,6.41
7415,7514,455,34.73
6576,6677,455,3.97
7316,7416,455,13.11
8043,8142,455,28.38
354,455,455,1.98
4080,4181,455,1.68
7014,7113,456,71.12
5308,5407,456,60.39
6713,6812,456,68.08
5716,5815,456,61.85
7023,7122,456,70.5
6213,6312,456,50.88
7022,7121,456,42.55
6417,6516,456,46.16
7331,7430,456,30.56
7315,7414,456,56.65
8144,8243,456,28.46
6724,6823,456,27.03
7738,7837,456,19.39
8044,8143,456,18.73
7534,7634,456,11.74
6727,6826,456,19.02
7132,7231,456,12.11
6827,6926,456,45.54
7858,7957,456,29.85
5979,6079,456,5.02
4479,4580,456,1.75
5514,5613,457,99.43
5614,5713,457,91.98
5303,5402,457,56.28
5410,5509,457,50.13
5307,5406,457,61.37
5210,5309,457,68.41
6014,6113,457,56.05
7533,7632,457,64.6
6716,6815,457,40.56
7213,7312,457,38.07
6828,6927,457,43.91
6915,6914,457,17.01
805,904,457,24.84
704,803,457,24.84
6614,6613,457,15.19
5107,5206,457,69.51
7740,7839,457,19.17
6115,6214,457,49.16
705,804,457,24.21
6732,6831,457,13.05
6776,6876,457,5.93
7552,7652,457,4.9
7514,7613,457,75.14
5214,5313,457,26.29
5315,5414,457,24.61
5213,5312,457,31.77
4438,4339,457,13.64
855,956,457,1.69
5043,5044,457,4.76
7849,7948,457,28.34
5815,5914,458,85.36
7414,7513,458,72.55
6812,6911,458,86.31
6823,6922,458,97.2
6216,6315,458,49.66
5918,6017,458,65.9
7761,7860,458,58.31
6616,6715,458,38.8
7314,7413,458,35.63
7214,7313,458,36.72
5205,5304,458,43.11
5508,5607,458,66.92
7633,7732,458,19.39
7760,7860,458,13.91
6923,6922,458,13.02
7739,7838,458,19.18
7416,7515,458,59.2
6875,6975,458,5.74
7940,8039,458,28.49
6921,7021,458,8.39
5504,5603,458,50.31
6826,6925,458,77.79
5312,5411,459,90.4
6312,6411,459,48.35
5407,5506,459,61.66
802,901,459,41.84
7942,8041,459,28.3
7432,7531,459,30.14
7537,7636,459,29.16
7859,7958,459,27.87
7131,7230,459,20.4
7840,7939,459,28.48
6613,6712,459,73.39
6731,6830,459,13.71
6178,6278,459,5.04
6974,7074,459,5.93
7073,7173,459,6.31
6477,6577,459,4.05
6576,6577,459,2.5
7857,7956,459,32.79
7313,7412,460,83.31
7413,7512,460,77.71
6911,7010,460,110.87
5406,5505,460,58.92
5206,5305,460,47.71
5613,5712,460,61.76
5402,5501,460,50.35
6914,7013,460,66.4
7312,7411,460,61.93
5713,5812,460,60.26
6516,6615,460,40.03
7122,7221,460,40.09
7113,7212,460,38.74
5314,5413,460,29.82
6926,7025,460,40.86
5616,5715,460,24.66
7121,7220,460,39.59
7662,7762,460,13.31
6614,6714,460,10.72
6730,6829,460,15.54
6113,6212,460,52.04
7638,7737,460,30.22
755,756,460,0.98
8142,8241,460,29.5
2574,2475,460,0.81
6411,6510,461,85.48
6712,6811,461,84.1
7513,7612,461,57.14
5603,5702,461,57.6
6017,6116,461,48.17
5607,5706,461,54.73
6214,6313,461,46.52
7837,7936,461,29.29
7430,7529,461,29.39
8243,8342,461,30.41
7941,8040,461,28.14
5516,5615,461,22.4
5914,6013,461,63.55
7533,7532,461,16.64
8145,8244,461,18.84
7536,7635,461,19.49
6925,7024,461,70.08
7271,7370,461,18.24
5309,5408,461,46.91
7119,7219,461,10.89
7957,8056,461,31.07
7317,7417,461,13.05
8143,8242,461,28.44
5304,5403,461,55.06
6927,7026,461,40.34
7173,7272,461,93.19
7013,7112,462,81.73
7212,7311,462,82.44
5413,5512,462,99.49
5715,5814,462,88.87
5506,5605,462,58.54
5411,5510,462,53.8
6715,6814,462,39.69
6315,6414,462,43.81
5313,5412,462,29.38
5414,5513,462,31.63
7652,7751,462,28.57
7948,8047,462,28.94
7839,7938,462,28.8
7637,7736,462,19.67
7332,7431,462,12.47
7021,7120,462,43.62
2775,2776,462,1
7943,8042,462,18.81
6510,6609,463,107.62
6811,6910,463,100.44
5505,5604,463,51.17
5305,5404,463,50.31
5812,5911,463,66.29
5712,5811,463,56.93
6714,6813,463,65.7
7762,7861,463,59.61
7838,7937,463,28.8
7370,7469,463,81.47
5509,5608,463,25.72
904,1003,463,24.19
804,903,463,24.9
7231,7330,463,20.25
6212,6311,463,52.6
7761,7861,463,13.92
6713,6813,463,10.93
7023,7123,463,10.31
803,902,463,24.55
6832,6931,463,12.69
4741,4641,463,6.16
8039,8138,463,31.36
7416,7516,463,13.62
7515,7614,463,32
4740,4641,463,4.83
7613,7712,463,26.9
4943,4843,463,5.73
5513,5612,464,78.53
7112,7211,464,101.66
5814,5913,464,73.31
5615,5714,464,70.4
5702,5801,464,58.25
5403,5502,464,52.72
7026,7125,464,67.27
7010,7109,464,43.56
8041,8140,464,28.69
6013,6112,464,52.89
7860,7959,464,27.87
7958,8057,464,29.37
6829,6928,464,44.24
6914,6913,464,16.02
7634,7733,464,19.68
5408,5507,464,64.3
4439,4540,464,14.17
4439,4440,464,10.81
7219,7318,464,62.3
4741,4742,464,5.79
4539,4540,464,7.66
8056,8155,464,63.5
7939,8038,464,29.69
4943,4944,464,5.37
4979,4980,464,1.07
5510,5609,465,54.99
5412,5511,465,67.15
5512,5611,465,54.52
6116,6215,465,46.52
6313,6412,465,46.5
5706,5805,465,41.98
7010,7009,465,23.89
8241,8340,465,31.07
7412,7511,465,30.58
7221,7320,465,29.1
6311,6410,465,83.82
7632,7731,465,19.34
6613,6612,465,13.81
7462,7563,465,4.93
4879,4880,465,1.13
5779,5880,465,1.75
5502,5601,466,91.54
6913,7012,466,73.06
5714,5813,466,81.88
6609,6708,466,67.86
5605,5704,466,44.03
8040,8139,466,29.6
7936,8035,466,30.69
8244,8343,466,29.16
7010,7110,466,19.24
7732,7831,466,19.19
5608,5707,466,62.76
7334,7433,466,12.51
5811,5910,466,69.51
5911,6010,466,61.49
8342,8441,466,31.79
6414,6513,466,40.92
5604,5703,466,48.14
7512,7611,466,26.91
8242,8341,466,30.79
5404,5503,466,53.83
7612,7711,466,28.47
7411,7510,466,26.71
6410,6509,467,93.79
7125,7224,467,68.69
6112,6211,467,54.08
5507,5606,467,65.37
5913,6012,467,62.15
5612,5711,467,49.98
7733,7832,467,61.58
1003,1102,467,37.22
7123,7222,467,40.99
6813,6912,467,39.55
7431,7530,467,29.39
8047,8146,467,28.38
903,1002,467,41.51
7531,7630,467,19.31
7636,7735,467,19.97
7230,7329,467,20.15
7938,8037,467,30.74
8057,8156,467,62.41
7031,7130,467,12.51
8155,8254,467,56.28
4979,5080,467,1.71
7165,7265,467,1.11
7012,7111,468,108.33
5511,5610,468,51.05
5609,5708,468,67.27
5611,5710,468,53.38
7009,7108,468,50.64
7109,7208,468,40.98
7320,7419,468,62.59
8138,8237,468,32.65
7712,7811,468,31.86
8042,8141,468,28.25
7751,7850,468,27.77
6928,7027,468,39.4
7762,7862,468,13.48
7516,7615,468,30.27
4339,4340,468,9.72
7937,8036,468,31.24
5910,6009,468,87.54
6831,6930,468,13.04
7737,7836,468,19.46
7750,7850,468,4.9
7614,7713,468,33.34
6211,6310,469,87.45
6509,6608,469,103.58
6912,7011,469,96.79
5703,5802,469,49.09
5503,5602,469,55.16
5813,5912,469,66.73
6215,6314,469,46.28
6412,6511,469,45.49
5805,5904,469,38.84
8140,8239,469,30.84
7109,7209,469,20.03
7861,7960,469,27.87
7311,7410,469,21.99
7529,7628,469,19.51
7635,7734,469,20
7532,7631,469,19.51
7272,7371,469,18.99
6712,6711,469,11.11
7417,7517,469,12.8
6612,6711,469,38.47
6677,6777,469,7.4
7462,7463,469,3.13
8038,8137,469,32.52
7530,7629,470,62.06
8340,8439,470,34.37
7009,7008,470,21.79
7959,8058,470,28.01
7211,7310,470,24.29
6910,6909,470,16.15
5707,5806,470,45.45
6012,6111,470,53.88
7026,7126,470,11.15
6830,6929,470,13.5
7370,7369,470,11.71
902,1001,470,22.89
6010,6109,470,45.79
7736,7835,470,19.75
5704,5803,470,39.67
8155,8154,470,19.72
254,154,470,1.48
3278,3178,470,1.02
7511,7610,470,30.49
6711,6810,471,101.29
5710,5809,471,68.41
5708,5807,471,54.73
5606,5705,471,46.89
7711,7810,471,32.48
6708,6808,471,21.52
6708,6807,471,31.74
6708,6707,471,24.24
7510,7609,471,32.35
8139,8238,471,32.14
8341,8440,471,33.35
7611,7710,471,31.6
8343,8442,471,31.78
8035,8134,471,30.18
7125,7124,471,15.26
7330,7429,471,19.48
7615,7714,471,62.08
7111,7210,471,60.67
7430,7429,471,6.89
7110,7210,471,20.94
7108,7207,471,48.89
4579,4680,471,1.7
5802,5901,472,58.33
6310,6409,472,48.64
5904,6003,472,60.62
7517,7616,472,69.53
6111,6210,472,88.23
5602,5701,472,51.38
5912,6011,472,61.43
7222,7321,472,29.7
7224,7323,472,31.09
7733,7833,472,12.83
8057,8157,472,12.57
6009,6108,472,38.87
7369,7468,472,75.05
7562,7663,472,5.07
8037,8136,472,31.67
1358,1258,472,1.1
7126,7225,473,68.86
6314,6413,473,43.78
6511,6610,473,44.86
8141,8240,473,29.66
8237,8336,473,30.01
7811,7910,473,33.16
8036,8135,473,30.88
5711,5810,473,26.32
7731,7830,473,19.23
6609,6709,473,10.99
7320,7420,473,12.52
7836,7935,473,29.8
7209,7308,473,46.22
7108,7107,473,22.39
7208,7307,473,34.6
8441,8540,473,20.4
7713,7812,473,30.55
8254,8353,473,24.35
5803,5902,473,58.4
4180,4281,473,1.69
8146,8245,473,28.26
7849,7949,473,4.9
6409,6508,474,103.7
6808,6907,474,56.29
5806,5905,474,41.88
8239,8338,474,34.05
6608,6607,474,23.67
5610,5709,474,25.74
7862,7961,474,27.92
7831,7930,474,19.04
1002,1101,474,20.9
7469,7568,474,14.13
6109,6208,474,41.64
7370,7470,474,8.03
4741,4642,474,5.2
8137,8236,474,30.92
7410,7509,474,33.33
6210,6309,475,47.72
8157,8256,475,61.81
6011,6110,475,53.93
5705,5804,475,43.12
7207,7306,475,35.52
7008,7007,475,23.85
7610,7709,475,32.55
6909,6908,475,23.81
7960,8059,475,27.77
7265,7364,475,18.82
7832,7931,475,19.27
7630,7729,475,19.44
7735,7834,475,19.3
4440,4541,475,13.21
4440,4441,475,9.72
6931,7030,475,12.79
7329,7428,475,19.27
6876,6976,475,5.75
5807,5906,475,40.16
6079,6179,475,5.29
7835,7934,475,29.03
6807,6906,475,44.34
7209,7309,475,18.32
52,53,475,2.28
2171,2071,475,1.12
7173,7273,475,6.33
4943,4844,475,4.82
5709,5808,476,103.26
5810,5909,476,64.96
7420,7519,476,61.53
7616,7715,476,38
7710,7809,476,33.24
7124,7223,476,32.19
8238,8337,476,32.56
7609,7708,476,32.82
7810,7909,476,33.52
8439,8538,476,28.2
7470,7569,476,78.33
6108,6207,476,36.48
6707,6706,476,21.1
7615,7715,476,12.67
7074,7174,476,6.14
8442,8541,476,32.15
6975,7075,476,5.77
5910,5909,476,10.41
7910,8009,476,54.94
6807,6806,476,23.71
7310,7409,476,28.01
6003,6102,476,42.07
7714,7813,476,28.85
6309,6408,477,89.34
5905,6004,477,51.24
5902,6001,477,41.43
7833,7932,477,29.85
7323,7422,477,29.22
5809,5908,477,24.67
7631,7730,477,19.17
7628,7727,477,19.46
6413,6512,477,43.09
6708,6809,477,12.93
6110,6209,477,77.48
8136,8235,477,29.55
8154,8253,477,23.3
7568,7667,477,67.06
5909,6008,478,74.08
5808,5907,478,79.32
8245,8344,478,28.36
6207,6306,478,112.65
8240,8339,478,32.59
7225,7324,478,31.02
7629,7728,478,19.74
6208,6307,478,45.17
6906,7005,478,51.45
6907,7006,478,43.21
7652,7752,478,4.9
7948,8048,478,4.89
7935,8034,478,29.73
5804,5903,478,48.21
7949,8048,478,28.6
7369,7368,478,13.34
8353,8452,478,29.06
7812,7911,478,32.75
7307,7406,478,34.5
5044,5045,478,4.78
7107,7206,478,33.42
7308,7407,478,34.96
6408,6507,479,112.49
6607,6606,479,24.38
6806,6905,479,50.31
7509,7608,479,32.42
8336,8435,479,27.75
8540,8639,479,27.49
8440,8539,479,19.74
7429,7528,479,19.27
8134,8233,479,19.45
7517,7617,479,10.55
4340,4341,479,9.44
6209,6308,479,77.76
7130,7229,479,12.76
5906,6005,479,38.42
5244,5245,479,4.32
7468,7567,479,20.35
