70,71,1,64.34
71,72,4,46.77
72,73,12,13.68
73,74,21,11.5
72,173,24,7.12
71,172,25,6.08
70,171,25,5.6
74,75,28,15.4
173,174,30,17.98
75,76,34,19.87
174,175,36,18.37
76,77,39,20.8
175,176,41,23.97
77,78,42,37.11
78,79,44,80.56
176,177,45,31.17
173,274,45,7
79,80,46,69.92
172,273,46,7.02
171,272,47,6.6
177,178,48,48.82
80,81,49,46.68
178,179,50,91.48
70,170,50,1.98
174,275,51,6.98
179,180,52,91.79
81,82,52,48.18
180,181,54,88.24
82,83,54,56.01
181,182,56,84.15
83,84,57,46.23
175,276,57,6.76
182,183,58,83.58
183,184,60,86.32
84,85,61,24.97
184,185,63,44.6
276,277,63,16.79
85,86,64,40.76
171,271,64,2.46
86,87,66,51.75
185,186,66,48.34
274,375,66,6.43
87,88,68,51.26
186,187,68,50.16
277,278,68,23.66
273,374,68,6.09
272,373,70,5.82
187,188,71,47.39
278,279,71,44.53
88,89,71,45.51
275,376,72,6.54
279,280,73,54.72
188,189,74,44.07
89,90,74,42.61
280,281,75,54.55
281,282,77,54.06
189,190,77,47.3
90,91,77,35.87
282,283,80,40.01
190,191,80,47.65
91,92,80,35.34
276,377,80,6.28
283,284,83,39.5
191,192,83,36.44
92,93,83,33.37
284,285,85,52.19
192,193,86,37.4
271,372,86,6.57
285,286,88,49.92
375,476,88,6.57
277,378,88,5.85
374,475,90,6.52
375,475,90,4.23
70,69,90,1.13
286,287,91,43.38
93,94,92,12.01
271,371,92,3.59
373,474,93,6.3
287,288,94,41.2
378,379,94,17.55
376,477,94,6.57
193,194,95,12.4
288,289,97,34.49
379,380,97,37.35
380,381,99,51.25
194,195,99,27.28
289,290,100,36.67
94,95,101,12.14
381,382,102,38.94
195,196,102,33.6
377,478,102,6.6
290,291,103,46.82
192,293,103,7.26
373,473,104,3.01
293,294,105,57.82
382,383,105,35.4
282,383,105,5.11
291,292,106,41.49
196,197,106,31.32
271,270,106,2.43
170,270,106,1.8
294,295,107,64.74
383,384,107,51.04
384,385,109,54.74
95,96,109,13.22
195,96,109,15.35
295,296,110,36.44
476,576,110,4.59
385,386,111,52.29
197,198,111,21.92
478,479,111,11.7
476,577,111,6.43
378,479,111,6.23
196,97,112,15.51
386,387,113,50.19
293,394,113,14.51
296,297,114,32.11
394,395,115,65.64
198,199,115,30.68
474,575,115,6.6
475,575,115,4.03
70,169,115,1.22
97,98,116,29.81
371,472,116,6.04
395,396,117,64.59
297,298,118,30.39
477,578,118,6.15
474,574,118,4.03
199,200,119,31.82
387,388,119,19.54
479,480,119,12.74
287,388,119,5.06
271,370,119,2.59
293,393,120,6.23
198,99,121,1.79
396,397,122,1.27
288,389,122,1.24
370,269,124,41.36
169,68,125,33.23
69,68,125,13.92
393,392,127,15.97
169,168,127,13.91
370,369,128,13.02
574,573,129,11.44
472,471,129,10.71
369,268,132,45.9
168,67,132,35.12
269,268,132,13.7
392,391,134,15.16
369,368,135,15.65
168,167,135,13.74
289,390,137,1.28
573,572,139,10.45
368,267,140,34.94
167,66,140,31.35
67,66,140,13.94
268,267,140,13.78
200,100,142,4.4
368,367,143,13.76
167,166,143,13.94
471,470,143,7.28
395,494,146,5.06
384,484,146,3.15
384,483,146,5.03
394,493,147,4.65
367,266,148,28.71
166,65,148,32.72
66,65,148,13.91
267,266,148,13.91
478,579,148,0.84
383,482,150,4.18
367,366,151,13.85
166,165,151,13.93
298,299,151,1.26
395,495,152,2.57
493,492,153,17.17
470,469,153,10.36
386,485,153,4.06
366,265,156,29.1
65,64,156,13.94
266,265,156,13.94
382,481,157,3.17
388,487,158,3.72
366,365,159,13.87
165,164,159,13.81
386,486,159,2.21
492,491,162,12.13
469,468,162,12.4
577,676,163,2.34
64,63,164,13.93
265,264,164,13.67
389,488,164,3.4
577,677,166,1.17
576,675,166,2.39
365,364,167,13.75
164,163,167,13.67
395,496,167,1.98
484,584,169,4.39
163,62,172,34.37
63,62,172,13.43
264,263,172,13.48
491,490,172,10.13
494,593,172,5.46
484,583,172,5.6
575,674,172,2.37
364,363,175,13.81
163,162,175,13.83
572,571,175,2.84
483,582,176,4.87
487,586,177,7.82
593,592,178,18.03
162,61,179,37.01
488,587,179,10.02
363,262,180,34.35
263,262,180,13.89
490,489,180,13.96
389,489,180,1.75
298,398,180,1.56
262,261,181,120.44
61,60,181,122.96
586,585,181,67
363,362,181,118.16
571,570,181,129.03
162,161,181,119.91
674,673,181,124.24
574,673,181,5.09
261,260,182,119.35
60,59,182,126.82
362,361,182,121.34
570,569,182,152.51
161,160,182,121.74
673,672,182,134.88
592,591,182,73.06
582,581,182,27.78
488,588,182,7.8
468,467,182,37.26
482,581,182,8.53
494,594,182,5.43
368,467,182,6.46
480,580,182,2.34
467,466,183,105.69
591,590,183,114.83
59,58,183,127.12
160,159,183,124.79
569,568,183,141.76
361,360,183,116.82
672,671,183,157.67
260,259,183,120.81
367,466,183,7.09
200,300,183,2.17
590,589,184,155.26
58,57,184,117.99
159,158,184,128.98
568,567,184,140.87
360,359,184,116.59
671,670,184,117.24
259,258,184,126.94
466,465,184,106.94
397,497,184,2.27
57,56,185,118.94
158,157,185,120.95
359,358,185,122.21
670,669,185,130.11
258,257,185,128.17
465,464,185,109.01
593,692,185,24.8
56,55,186,121.52
157,156,186,119.7
358,357,186,128.83
669,668,186,113.89
257,256,186,122.82
464,463,186,117.91
55,54,187,129.08
357,356,187,124.82
668,667,187,124.45
463,462,187,122.97
567,566,187,35.53
54,53,188,115.55
667,666,188,127.25
462,461,188,121.79
566,565,188,108.25
156,155,188,95.43
256,255,188,95.38
692,691,188,40.56
666,665,189,120.78
461,460,189,118.16
565,564,189,118.83
155,154,189,128.02
356,355,189,95.3
587,686,189,15.69
593,693,189,9.47
665,664,190,113.51
460,459,190,118.01
564,563,190,125.11
154,153,190,120.59
255,254,190,95.34
691,690,190,88.76
53,52,190,59.81
664,663,191,112.29
690,689,191,122.36
459,458,191,120.77
563,562,191,124.56
254,253,191,134.56
686,685,191,88.96
355,354,191,95.3
579,678,191,6
663,662,192,112.45
689,688,192,119.9
458,457,192,126.9
562,561,192,120.45
354,353,192,146.62
52,51,192,51.16
584,683,192,8.83
496,595,192,8.37
688,687,193,112.97
457,456,193,132.79
561,560,193,119.21
685,684,193,63.78
153,152,193,43.83
583,682,193,8.76
560,559,194,119.98
51,50,194,72.41
353,352,194,75.84
253,252,194,49.66
559,558,195,121.85
456,455,195,95.3
582,681,195,8.97
558,557,196,123.43
50,49,196,93.33
352,351,196,93.23
252,251,196,60.95
662,661,196,26.09
152,151,196,42.66
557,556,197,152.16
351,350,197,135.05
251,250,197,111.96
455,454,197,95.3
556,555,198,122.58
350,349,198,143.28
454,453,198,125.59
250,249,198,141.66
49,48,198,96.21
151,150,198,83.74
676,775,198,5.86
48,47,199,105.14
349,348,199,147.2
249,248,199,153.2
775,774,199,127.56
150,149,199,109.34
581,680,199,8.68
677,776,199,5.9
47,46,200,140.27
348,347,200,122.77
248,247,200,157.56
774,773,200,133.44
555,554,200,95.3
453,452,200,97.41
661,660,200,25.91
149,148,200,125
580,679,200,8.25
46,45,201,157.8
247,246,201,156.83
773,772,201,156.79
554,553,201,155.81
148,147,201,151.43
497,596,201,8.33
300,399,201,7.87
45,44,202,157.29
246,245,202,119.91
772,771,202,144.27
347,346,202,95.27
452,451,202,89.9
147,146,202,160.41
692,791,202,8.83
44,43,203,127.97
771,770,203,118.03
451,450,203,109.76
553,552,203,97.52
146,145,203,148.76
670,769,203,7.71
593,694,203,5.72
450,449,204,107.98
769,768,204,107.54
346,345,204,96.21
245,244,204,86.47
660,659,204,25.68
145,144,204,139.82
449,448,205,106.74
345,344,205,125.69
768,767,205,126.71
659,658,205,125.04
43,42,205,76.33
552,551,205,77.38
791,790,205,48.11
448,447,206,113.37
344,343,206,116.83
767,766,206,128.25
658,657,206,125.27
790,789,206,110.23
244,243,206,80.77
144,143,206,97.88
343,342,207,114.18
766,765,207,128.14
657,656,207,126.59
789,788,207,123.53
243,242,207,121.86
42,41,207,67.62
551,550,207,94.52
693,792,207,8.09
342,341,208,124.34
765,764,208,128.62
656,655,208,152.85
788,787,208,121.04
242,241,208,122.61
447,446,208,77.99
143,142,208,82.44
685,784,208,8.33
686,785,208,7.59
341,340,209,125.07
764,763,209,118.26
787,786,209,120.35
241,240,209,114.59
655,654,209,128.09
550,549,209,98.42
41,40,209,97.69
682,781,209,8.93
683,782,209,8.77
763,762,210,108.18
340,339,210,125.1
654,653,210,127.58
549,548,210,105.91
40,39,210,122.35
240,239,210,111.21
446,445,210,76.17
784,783,210,77.68
684,783,210,8.67
142,141,210,80.73
762,761,211,107.94
339,338,211,137.38
39,38,211,121.64
239,238,211,117.22
653,652,211,103.82
445,444,211,116.83
681,780,211,8.96
761,760,212,114.73
38,37,212,113.12
238,237,212,131.49
548,547,212,85.58
780,779,212,107.72
141,140,212,97.59
37,36,213,117.74
237,236,213,137.74
140,139,213,109.17
779,778,213,128.04
652,651,213,69.91
444,443,213,93.57
36,35,214,130.75
236,235,214,115.38
139,138,214,109.94
443,442,214,112.38
778,777,214,124.69
547,546,214,76.85
338,337,214,37.19
138,137,215,116.84
442,441,215,129.75
337,336,215,121.65
651,650,215,86.71
760,759,215,38.83
137,136,216,131.28
441,440,216,139.71
336,335,216,100.47
546,545,216,84.47
235,234,216,96.84
136,135,217,129.11
440,439,217,144.89
335,334,217,104.31
650,649,217,86.37
135,134,218,109.06
334,333,218,106.99
545,544,218,97.01
35,34,218,32.66
770,869,218,9.66
771,870,218,9.08
596,695,218,8.58
234,233,218,96.15
544,543,219,111.97
649,648,219,67.25
759,758,219,25.41
791,890,219,8.69
399,498,219,8.16
543,542,220,130.43
758,757,220,125.33
134,133,220,89.9
34,33,220,92.12
869,868,220,98.98
439,438,220,38
233,232,220,89.02
542,541,221,145.63
438,437,221,128.36
757,756,221,126.36
868,867,221,125.58
890,889,221,83.13
648,647,221,55.02
541,540,222,150.85
437,436,222,102.67
756,755,222,125.89
867,866,222,128.95
889,888,222,111.39
133,132,222,78.41
33,32,222,73.38
333,332,222,26.62
694,793,222,7.73
232,231,222,91.07
540,539,223,149.22
436,435,223,100.42
755,754,223,157.35
866,865,223,128.41
888,887,223,121.17
647,646,223,70.71
539,538,224,135.69
435,434,224,111.08
754,753,224,126.06
865,864,224,128.79
887,886,224,118.58
646,645,224,104.01
132,131,224,88.32
32,31,224,86.75
792,891,224,8.83
231,230,224,97.82
772,871,224,6.36
538,537,225,111.12
434,433,225,113.19
753,752,225,127.63
864,863,225,120.65
886,885,225,121.94
645,644,225,119.31
781,880,225,8.96
782,881,225,8.91
433,432,226,101.8
752,751,226,100.1
863,862,226,121.38
885,884,226,117.73
644,643,226,128.67
880,879,226,119.91
31,30,226,95.88
131,130,226,96.45
332,331,226,27.2
652,751,226,9.72
784,883,226,7.95
230,229,226,69.12
776,875,226,5.35
643,642,227,138.56
879,878,227,128.28
862,861,227,124.27
875,874,227,109.26
751,750,227,100.18
537,536,227,95.05
783,882,227,8.46
642,641,228,153.78
878,877,228,123.74
861,860,228,120.83
874,873,228,152.35
536,535,228,107.9
130,129,228,68.17
30,29,228,61.19
497,597,228,2.33
641,640,229,152.16
877,876,229,125.15
860,859,229,114.8
535,534,229,113.65
750,749,229,89
873,872,229,151.98
640,639,230,139.79
859,858,230,112.02
534,533,230,115.79
432,431,230,28.28
331,330,230,30.16
300,400,230,2.18
639,638,231,121.65
858,857,231,112.84
533,532,231,108.46
749,748,231,65.44
229,228,231,20.61
638,637,232,102.51
857,856,232,113.22
330,329,232,74.6
856,855,233,114.65
748,747,233,54.11
29,28,233,23.14
648,747,233,10.69
855,854,234,115.83
637,636,234,99.98
431,430,234,30.97
854,853,235,146.39
636,635,235,109.65
747,746,235,80.96
28,27,235,97.29
532,531,235,28.24
228,227,235,29.58
129,128,235,15.33
329,328,235,34.16
853,852,236,146.54
635,634,236,114.57
746,745,236,120.48
27,26,236,128.18
430,429,236,82.33
695,794,236,8.06
870,969,236,8
634,633,237,114.76
745,744,237,136.2
26,25,237,127.66
852,851,237,107.94
969,968,237,100.33
128,127,237,63.04
633,632,238,107.17
744,743,238,138.7
25,24,238,128
968,967,238,128.79
127,126,238,124.45
890,989,238,7.78
743,742,239,143.49
24,23,239,128.19
967,966,239,125.01
126,125,239,128.4
851,850,239,94.83
429,428,239,35.65
531,530,239,30.49
227,226,239,32.19
328,327,239,29.18
742,741,240,153.66
23,22,240,155.26
966,965,240,129.08
125,124,240,126.62
632,631,240,99.57
989,988,240,97.17
891,990,240,8.91
637,736,241,69.36
638,737,241,67.95
748,847,241,63.9
639,738,241,73.31
640,739,241,79.07
749,848,241,64.76
641,740,241,78.32
750,849,241,69.51
882,981,241,32.06
872,971,241,66.87
881,980,241,19.26
871,970,241,25.62
873,972,241,79.12
888,987,241,36.53
793,892,241,18.74
792,892,241,10.63
596,696,241,14.03
399,499,241,13.11
22,121,242,71.34
631,730,242,71.42
742,841,242,77.29
23,122,242,78.42
850,949,242,72.95
632,731,242,70.66
743,842,242,72.13
967,1066,242,68.15
633,732,242,71.63
744,843,242,70.6
851,950,242,65.84
745,844,242,68.67
429,528,242,64.27
853,952,242,78.28
635,734,242,52.8
746,845,242,62.23
854,953,242,79.19
636,735,242,51.32
430,529,242,48.25
855,954,242,57.09
747,846,242,58.06
856,955,242,57.77
857,956,242,54.95
858,957,242,50.84
876,975,242,67.08
859,958,242,45.76
877,976,242,56.81
860,959,242,41.82
878,977,242,53.49
861,960,242,39.75
874,973,242,73.23
883,982,242,27.74
879,978,242,60.19
862,961,242,38.46
863,962,242,32.45
885,984,242,31.31
880,979,242,48.37
864,963,242,35.26
886,985,242,37.15
865,964,242,55.91
887,986,242,34.73
737,836,243,72.58
740,839,243,75.9
849,948,243,71.53
739,838,243,71.1
741,840,243,65.59
124,223,243,60.06
966,1065,243,61.09
125,224,243,62.72
24,123,243,54.77
126,225,243,58.14
968,1067,243,53.72
634,733,243,52.9
852,951,243,47.82
884,983,243,18.21
949,1048,244,72.39
845,944,244,71.27
735,834,244,72.95
953,1052,244,72.62
952,1051,244,72.36
843,942,244,78.66
842,941,244,79.39
738,837,244,70.52
847,946,244,66.53
736,835,244,52.41
980,1079,244,55.64
848,947,244,70.45
965,1064,244,37.95
530,629,244,42.17
875,974,244,36.5
498,598,244,13.34
951,1050,245,71.29
838,937,245,74.8
840,939,245,73.57
839,938,245,74.49
978,1077,245,58.2
962,1061,245,54.6
844,943,245,69.9
979,1078,245,59.13
950,1049,245,63.44
977,1076,245,64.68
976,1075,245,68.27
975,1074,245,66.84
734,833,245,51.51
961,1060,245,55.81
841,940,245,56.7
959,1058,245,47.16
960,1059,245,55.21
846,945,245,69.28
529,628,245,60.09
988,1087,245,32.56
695,795,245,10.3
1052,1151,246,77.73
835,934,246,73.83
837,936,246,74.2
942,1041,246,77.44
224,323,246,58.56
1067,1166,246,68.34
223,322,246,59.15
948,1047,246,68.55
123,222,246,49.71
225,324,246,48.77
836,935,246,53.51
733,832,246,69.51
986,1085,246,39.75
973,1072,246,43.21
121,220,246,42.55
730,829,246,39.81
1066,1165,246,39.47
122,221,246,43.41
963,1062,246,40.4
985,1084,246,41.78
956,1055,246,35.53
955,1054,246,38.93
954,1053,246,43.06
958,1057,246,38.66
987,1086,246,34.73
989,1088,246,24.93
597,697,246,13.75
891,991,246,10.69
1050,1149,247,76.95
943,1042,247,79.2
938,1037,247,74.2
939,1038,247,74.6
629,728,247,51.67
947,1046,247,63.64
834,933,247,52.27
1048,1147,247,65.64
974,1073,247,56.07
1079,1178,247,61.71
984,1083,247,31.59
957,1056,247,34.57
964,1063,247,28.64
972,1071,247,27.56
981,1080,247,24.33
970,1069,247,25.97
941,1040,247,53.66
400,500,247,12.88
793,893,247,10.14
940,1039,247,74.25
936,1035,248,75.38
832,931,248,72.63
934,1033,248,75.7
935,1034,248,76.01
1058,1157,248,52.71
1061,1160,248,51.24
1059,1158,248,55.81
1060,1159,248,54.58
1078,1177,248,61.53
1049,1148,248,68.05
1075,1174,248,57.3
1076,1175,248,64.3
937,1036,248,53.69
1077,1176,248,64.18
1051,1150,248,47.12
982,1081,248,27.91
696,796,248,14.58
969,1068,248,15.75
1042,1141,249,76
1038,1137,249,73.65
1151,1250,249,52.53
1041,1140,249,53.93
222,321,249,58.03
1047,1146,249,59.35
1057,1156,249,49.49
1053,1152,249,49.6
221,320,249,52.52
1054,1153,249,52.05
1055,1154,249,59.81
829,928,249,52.16
1074,1173,249,45.24
1064,1163,249,31.39
1065,1164,249,25.96
983,1082,249,27.37
1040,1139,249,74.88
499,599,249,13.32
531,630,249,15.48
227,326,249,15.6
1035,1134,250,75.91
1033,1132,250,76.93
931,1030,250,72.64
1150,1249,250,71.98
1034,1133,250,76.23
1080,1179,250,62.75
1147,1246,250,56.34
1056,1155,250,64.52
1149,1248,250,61.9
1178,1277,250,53.59
1037,1136,250,54.97
933,1032,250,55.21
323,422,250,42.23
322,421,250,45.9
324,423,250,43.58
1062,1161,250,46.47
220,319,250,43.37
22,21,250,10.12
990,1089,250,15.54
226,325,250,15.38
327,426,250,15.39
989,1089,250,10.55
794,894,250,9.17
1039,1138,250,53.81
1141,1240,251,73.4
1152,1251,251,79.36
1137,1236,251,75.17
1140,1239,251,74.51
1176,1275,251,59.44
1068,1167,251,68.1
1177,1276,251,58.77
1148,1247,251,63.25
1175,1274,251,51.02
1036,1135,251,55.67
1063,1162,251,36.82
991,1090,251,29.53
1084,1183,251,29.89
1087,1186,251,27
990,1090,251,9.73
970,1070,251,10.59
1132,1231,252,75.06
21,120,252,72.62
1032,1131,252,77.39
1136,1235,252,75.49
1134,1233,252,73.79
1030,1129,252,72.28
1133,1232,252,73.59
1154,1253,252,62.74
1153,1252,252,62.06
1156,1255,252,61.91
1250,1349,252,68.5
321,420,252,49.53
1160,1259,252,45.9
1159,1258,252,43.36
1081,1180,252,42.5
1174,1273,252,36.14
1157,1256,252,46.67
1158,1257,252,42.12
1073,1172,252,30.19
893,992,252,28.9
832,932,252,18.33
1166,1265,252,24.88
1165,1264,252,25.03
1139,1238,252,54.01
598,698,252,13.69
730,830,252,10.66
731,830,252,15.45
732,831,252,15.49
892,992,252,9.43
1236,1335,253,73.34
1240,1339,253,74.7
1135,1234,253,74.83
426,525,253,51.42
1155,1254,253,64.22
1277,1376,253,64.28
1248,1347,253,59.22
423,522,253,48.65
1249,1348,253,53.35
1179,1278,253,58.19
320,419,253,46.71
1083,1182,253,27.42
1086,1185,253,22.82
1069,1168,253,26.45
1071,1170,253,27.42
1138,1237,253,53.47
1235,1334,254,73.08
1233,1332,254,72.41
1253,1352,254,79.34
1252,1351,254,79.37
1255,1354,254,77.56
1256,1355,254,77.15
932,1031,254,76.12
120,219,254,75.39
1167,1266,254,56.97
1275,1374,254,48.47
1251,1350,254,52.02
1186,1285,254,64.56
1239,1338,254,54.44
1276,1375,254,62.8
1247,1346,254,55.71
1161,1260,254,45.96
319,418,254,38.22
422,521,254,45.5
421,520,254,41.36
1163,1262,254,33.34
1250,1350,254,21.21
931,1031,254,18.32
1042,1142,254,15.64
1238,1337,254,73.64
697,797,254,14.2
1088,1187,254,18.28
943,1043,254,11.82
629,729,254,10.27
944,1043,254,15.47
946,1045,254,15.55
1234,1333,255,72.31
1339,1438,255,75.58
1259,1358,255,47.15
1349,1448,255,50.01
1257,1356,255,67.88
1180,1279,255,67.64
1258,1357,255,52.12
1162,1261,255,42.68
1141,1241,255,17.75
1164,1263,255,26.71
500,600,255,12.98
1085,1184,255,17.64
945,1044,255,15.55
795,895,255,10.21
1237,1336,255,72.86
1335,1434,255,73.77
1338,1437,256,74.2
1031,1130,256,77.13
1355,1454,256,78.88
1354,1453,256,79.35
1351,1450,256,79.18
1352,1451,256,79.39
1334,1433,256,73.65
1348,1447,256,56.76
1185,1284,256,49.45
1168,1267,256,67.9
1376,1475,256,65.51
525,624,256,50.17
1254,1353,256,68.74
1278,1377,256,56.35
1232,1331,256,44.28
1131,1230,256,44.11
1231,1330,256,37.47
830,929,256,38.33
1082,1181,256,20.36
324,424,256,10.58
991,1091,256,10.67
1088,1188,256,10.1
829,929,256,10.25
1357,1456,257,76.17
1438,1537,257,75.66
1333,1432,257,74.73
1356,1455,257,76.39
729,828,257,52.8
1285,1384,257,66.25
1350,1449,257,68.54
1187,1286,257,67.14
1240,1340,257,16.73
1070,1169,257,27.49
1090,1189,257,26.14
1274,1373,257,26.42
1183,1282,257,24.17
1173,1272,257,17.73
599,699,257,13.7
1337,1436,257,53.54
1046,1145,257,15.43
893,993,257,10.66
1336,1435,257,74.17
1069,1169,257,10.6
1071,1171,257,10.63
1353,1452,258,79.2
1437,1536,258,76.62
1451,1550,258,78.93
1279,1378,258,56.06
1448,1547,258,56.8
1358,1457,258,57.9
1375,1474,258,45.9
1260,1359,258,46.08
1262,1361,258,41.41
1332,1431,258,45
1264,1363,258,27.91
1265,1364,258,27.31
796,896,258,10.18
1434,1533,258,69.86
1340,1439,259,76.78
1537,1636,259,76.37
424,523,259,51.89
1130,1229,259,56.97
1188,1287,259,64.53
1377,1476,259,67.53
1230,1329,259,53.35
1447,1546,259,56.59
1475,1574,259,47.87
1181,1280,259,56.76
1454,1553,259,60.94
929,1028,259,47.61
1453,1552,259,59.44
1284,1383,259,62.81
1436,1535,259,76.13
1261,1360,259,45.9
1266,1365,259,31.94
1172,1271,259,22.33
1435,1534,259,72.84
326,425,259,15.38
928,1027,259,15.56
1146,1245,259,15.4
931,930,259,9.51
1547,1646,260,78.4
1536,1635,260,73.37
1452,1551,260,79.37
1449,1548,260,48.72
1384,1483,260,62.4
1456,1555,260,69.83
1455,1554,260,64.55
1286,1385,260,68.35
1189,1288,260,53.56
1331,1430,260,39.46
1267,1366,260,38.6
895,994,260,31.13
1184,1283,260,30.8
1263,1362,260,33.66
219,318,260,26.71
1533,1632,260,70.98
698,798,260,14.08
426,526,260,10.28
894,994,260,10.03
1246,1345,260,15.39
1169,1268,260,47.56
1433,1532,260,45.26
428,527,260,7.26
328,427,260,7.23
1439,1538,261,75.58
1546,1645,261,78.82
1553,1652,261,71.86
1636,1735,261,70.82
1457,1556,261,61.04
1378,1477,261,60.67
1361,1460,261,50.15
1359,1458,261,54.07
993,1092,261,35.58
1432,1531,261,43.43
797,897,261,14.63
1142,1242,261,15.85
1374,1473,261,23.33
1090,1190,261,10.59
21,20,261,9.52
1554,1653,262,75.27
1555,1654,262,71.02
1535,1634,262,69.09
425,524,262,52.68
1287,1386,262,66.97
1280,1379,262,68.06
1552,1651,262,69.5
1383,1482,262,63.2
1027,1126,262,58.69
523,622,262,52.16
1476,1575,262,64.91
1360,1459,262,52.4
1363,1462,262,40.03
1431,1530,262,45.38
1282,1381,262,30.76
1373,1472,262,28.34
1534,1633,262,66.94
1632,1731,262,72.42
1043,1143,262,13.75
1182,1281,262,17.24
420,519,262,15.58
1170,1269,262,16.12
528,627,262,7.33
1735,1834,263,72.56
1652,1751,263,79.35
1538,1637,263,76.81
20,119,263,71.2
1268,1367,263,65.25
1288,1387,263,65.06
1646,1745,263,67.88
1385,1484,263,60.15
1430,1529,263,59.15
1283,1382,263,52.76
1551,1650,263,66.96
1635,1734,263,70.37
1548,1647,263,56.99
1483,1582,263,52.02
930,1029,263,36.37
1229,1328,263,42.02
1028,1127,263,37.76
1329,1428,263,41.68
1474,1573,263,33.08
1364,1463,263,33.11
1272,1371,263,27.49
1171,1270,263,27.42
522,621,263,15.39
1347,1446,263,15.38
419,518,263,15.64
525,625,263,10.34
600,700,263,13.3
1273,1372,263,13.95
1634,1733,264,71.63
1651,1750,264,79.33
1653,1752,264,79.34
1654,1753,264,79.39
1458,1557,264,61.53
1477,1576,264,67.06
1531,1630,264,47.22
1460,1559,264,59.5
1731,1830,264,78.96
1556,1655,264,67.57
1633,1732,264,73.94
527,626,264,45.7
1362,1461,264,46.21
1365,1464,264,29.26
1574,1673,264,32.5
1340,1440,264,14.94
1346,1445,264,15.38
418,517,264,15.53
521,620,264,15.38
1045,1144,264,15.44
520,619,264,15.4
1532,1631,264,41.09
1637,1736,265,74.8
1650,1749,265,78.73
1647,1746,265,76.22
1734,1833,265,73.77
1751,1850,265,78.51
1834,1933,265,76.13
1281,1380,265,53.14
1462,1561,265,56.73
524,623,265,50.61
1379,1478,265,57.72
1459,1558,265,60.34
1575,1674,265,47.99
1530,1629,265,59.55
1190,1289,265,40.01
1092,1191,265,35.92
1646,1746,265,21.62
1636,1736,265,19.63
1271,1370,265,27.6
1449,1549,265,12.84
895,995,265,10.7
699,799,265,14.03
1269,1368,265,62.59
628,727,265,7.43
1830,1929,266,77.36
1752,1851,266,79.1
1440,1539,266,77.73
1732,1831,266,75.76
1733,1832,266,75.31
1655,1754,266,77.7
1753,1852,266,79.3
1463,1562,266,53.7
1484,1583,266,47.29
1529,1628,266,63.89
1328,1427,266,65.95
1446,1545,266,61.39
625,724,266,49.67
1386,1485,266,43.98
1482,1581,266,43.63
1381,1480,266,38.82
1473,1572,266,28.34
1366,1465,266,27.31
1439,1539,266,16
624,723,266,15.39
1749,1848,267,71.03
1736,1835,267,72.23
1933,2032,267,76.28
1833,1932,267,76.03
1629,1728,267,71.08
1445,1544,267,60.77
1461,1560,267,58.63
1630,1729,267,58.86
1559,1658,267,70.54
1464,1563,267,48.06
1576,1675,267,62.4
1557,1656,267,67.94
1382,1481,267,45.25
1387,1486,267,45.65
1735,1835,267,18.37
318,417,267,22.94
1145,1244,267,15.38
993,1093,267,10.7
798,898,267,14.35
1631,1730,267,49.6
728,827,267,7.44
1929,2028,268,78.12
1851,1950,268,77.32
1539,1638,268,75.76
1545,1644,268,74.5
1831,1930,268,79.39
1832,1931,268,76.84
1754,1853,268,78.12
1852,1951,268,77.35
1478,1577,268,62.99
1549,1648,268,70.66
1380,1479,268,62.99
1561,1660,268,63.22
623,722,268,49.1
1558,1657,268,67.71
1368,1467,268,52.31
1289,1388,268,65.49
1367,1466,268,32.47
1573,1672,268,28.6
1126,1225,268,27.35
1472,1571,268,27.42
1538,1638,268,14.91
1550,1649,268,15.38
897,997,268,14.64
897,996,268,23.45
1932,2031,269,76.75
1729,1828,269,72.14
1656,1755,269,70.99
1835,1934,269,75.57
1728,1827,269,77.7
2032,2131,269,74.19
1560,1659,269,75.01
1628,1727,269,64.08
724,823,269,51.96
1562,1661,269,62.17
1370,1469,269,36.8
119,218,269,24.64
1372,1471,269,27.37
1371,1470,269,23.91
1582,1681,269,27.9
1428,1527,269,27.37
1245,1344,269,15.38
1028,1128,269,10.69
1329,1429,269,10.62
1730,1829,269,74.56
1853,1952,270,78.55
1951,2050,270,73.29
1225,1324,270,71.8
1950,2049,270,75.74
1638,1737,270,76.52
1931,2030,270,77.39
1649,1748,270,71.85
1930,2029,270,78.23
1848,1947,270,64.32
1563,1662,270,61.71
1465,1564,270,40.97
1427,1526,270,35.97
1480,1579,270,45.47
995,1094,270,33.61
1191,1290,270,33.53
1637,1737,270,16.65
1270,1369,270,23.35
1647,1747,270,15.45
1143,1243,270,13.86
1345,1444,270,15.38
994,1094,270,10.22
1344,1443,271,77.51
1755,1854,271,75.67
1827,1926,271,77.02
1727,1826,271,79.09
2031,2130,271,71.32
1828,1927,271,79.37
1934,2033,271,75.81
1577,1676,271,64.05
1479,1578,271,56.57
1660,1759,271,64.79
2028,2127,271,69.09
1657,1756,271,57.11
1658,1757,271,46.53
1675,1774,271,40.73
1388,1487,271,64.3
1581,1680,271,31.87
1485,1584,271,31.58
1583,1682,271,33.08
1749,1849,271,19.48
1736,1836,271,18.61
1674,1773,271,25.66
827,926,271,43.69
1242,1341,271,15.43
1645,1744,271,15.64
20,19,271,10.18
1092,1192,271,10.7
1829,1928,271,77.97
700,800,271,13.57
1129,1228,271,7.51
1243,1342,272,77.65
1444,1543,272,75.69
2029,2128,272,72.45
1947,2046,272,72.11
1526,1625,272,79.37
2030,2129,272,71.3
2050,2149,272,73.69
1952,2051,272,78.19
2049,2148,272,72.32
1324,1423,272,75.38
1661,1760,272,62.3
1429,1528,272,53.9
2131,2230,272,70.48
1681,1780,272,57.05
823,922,272,68.26
1659,1758,272,68.11
1527,1626,272,64.48
1848,1948,272,23.85
1440,1540,272,13.98
519,618,272,15.43
622,721,272,15.39
627,726,272,15.4
1469,1568,272,63.48
2127,2226,273,73.96
1757,1856,273,79.22
1756,1855,273,72.65
2033,2132,273,75.37
1836,1935,273,74.06
1854,1953,273,79.36
1290,1389,273,65.94
1748,1847,273,70.03
1579,1678,273,48.36
1564,1663,273,59.5
1747,1846,273,62.71
1662,1761,273,61.82
1128,1227,273,46.47
1470,1569,273,41.26
1467,1566,273,32.87
1466,1565,273,32.69
1481,1580,273,26.25
2032,2132,273,17.14
1539,1639,273,15.85
1673,1772,273,16.02
1745,1844,273,15.57
1928,2027,273,78.23
621,720,273,15.39
518,617,273,15.47
625,725,273,10.36
1927,2026,273,73.9
799,899,273,14.28
1369,1468,273,65.32
1948,2047,274,74.37
2051,2150,274,75.9
2149,2248,274,76.7
1626,1725,274,74.7
1760,1859,274,75.3
1758,1857,274,71.74
1228,1327,274,59.43
2130,2229,274,67.21
1826,1925,274,65.59
1759,1858,274,67.18
1926,2025,274,68.75
1578,1677,274,54.18
1676,1775,274,50.58
1680,1779,274,65.2
926,1025,274,63.18
1486,1585,274,22.7
517,616,274,15.51
620,719,274,15.39
619,718,274,15.38
1127,1226,274,13.01
898,998,274,14.55
996,1095,274,27.59
1855,1954,275,78.99
1953,2052,275,79.19
1761,1860,275,78.05
1639,1738,275,76.7
2132,2231,275,73.83
2226,2325,275,78.49
1856,1955,275,78.75
2148,2247,275,69.54
2230,2329,275,55.24
1780,1879,275,66.79
726,825,275,48.78
1625,1724,275,59.92
2129,2228,275,57.23
19,118,275,36.05
1192,1291,275,36.04
1094,1193,275,28.88
2131,2231,275,19.86
1638,1738,275,15.18
1572,1671,275,17.47
1850,1949,275,15.54
1746,1845,275,15.51
1191,1291,275,10.71
727,826,275,15.45
2150,2249,276,75.11
1925,2024,276,78.21
1858,1957,276,77.69
2047,2146,276,76.85
1859,1958,276,73.9
1565,1664,276,55.52
1847,1946,276,61.55
1663,1762,276,61.79
1389,1488,276,66.39
1468,1567,276,50.84
725,824,276,50.81
1566,1665,276,48.21
1423,1522,276,35.94
2230,2330,276,28.43
2128,2227,276,40.86
1682,1781,276,35.02
1584,1683,276,32.56
1737,1837,276,17.34
1934,2034,276,15.81
2027,2126,276,58.46
723,822,276,15.43
2026,2125,276,66.61
724,824,276,10.26
1583,1683,276,10.71
2025,2124,276,77.49
997,1096,276,19.86
1569,1668,276,51.15
1568,1667,276,43.98
1954,2053,277,79.09
1955,2054,277,76.84
2052,2151,277,79
2247,2346,277,75.18
1860,1959,277,76.52
1226,1325,277,50.4
2248,2347,277,68.86
1779,1878,277,68.08
1678,1777,277,46.75
1580,1679,277,46.06
1773,1872,277,25.51
1836,1936,277,17.24
1774,1873,277,27.73
1324,1424,277,16.17
1487,1586,277,27.61
1571,1670,277,16.49
417,516,277,14.25
1244,1343,277,15.38
1486,1586,277,10.44
1544,1643,277,15.59
827,927,277,10.57
318,317,277,6.25
828,927,277,7.44
1957,2056,278,75.53
1958,2057,278,79.38
2034,2133,278,73.77
2227,2326,278,74.71
2024,2123,278,79.38
1291,1390,278,68.33
1949,2048,278,69.52
2329,2428,278,66.61
1879,1978,278,67.55
825,924,278,58.69
826,925,278,52.08
1677,1776,278,44.06
2229,2328,278,41.61
1772,1871,278,30.82
1948,2048,278,16.99
1626,1726,278,16.73
1528,1627,278,27.36
2033,2133,278,16.19
722,821,278,15.53
1644,1743,278,15.66
997,1097,278,10.25
1959,2058,279,78.62
2054,2153,279,77.68
2347,2446,279,73
1343,1442,279,75
2346,2445,279,75.03
2053,2152,279,78.15
2151,2250,279,78.72
1781,1880,279,66.52
1665,1764,279,60.79
2330,2429,279,54.65
822,921,279,67.79
1664,1763,279,61.92
1762,1861,279,59.29
2231,2331,279,26.07
1193,1292,279,35.94
1095,1194,279,34.17
1775,1874,279,32.73
1585,1684,279,32.5
2248,2348,279,20.97
1725,1824,279,29.45
1227,1326,279,27.36
2132,2232,279,17.41
1625,1624,279,15.52
1826,1825,279,12.8
800,900,279,13.75
2125,2224,279,69.14
2325,2425,279,29.07
1470,1570,279,10.63
2124,2223,279,67.83
1668,1767,279,47.88
1667,1766,279,50.89
2056,2155,280,79.39
2328,2427,280,79.27
2048,2147,280,74.73
2057,2156,280,79.11
1872,1971,280,52.32
927,1026,280,47.67
1679,1778,280,58.99
1873,1972,280,49.29
1424,1523,280,68.58
1878,1977,280,64.3
1488,1587,280,35.92
1567,1666,280,41.18
2330,2430,280,28.66
1327,1426,280,27.38
1639,1739,280,15.01
1540,1640,280,13.96
2325,2424,280,35.14
2325,2324,280,23.94
1672,1771,280,12
899,999,280,14.42
1027,1026,280,4.84
1861,1960,281,77.91
2058,2157,281,79.38
2153,2252,281,79.15
1824,1923,281,72.36
2152,2251,281,79.34
2250,2349,281,77.54
924,1023,281,64.99
925,1024,281,68.35
821,920,281,68.18
1978,2077,281,64.37
1871,1970,281,54.02
1390,1489,281,65.06
1777,1876,281,45.59
1670,1769,281,40.55
2445,2544,281,73.03
1096,1195,281,34.73
1671,1770,281,25.18
1744,1843,281,15.59
1682,1782,281,10.71
2125,2225,281,20.78
1443,1542,281,15.54
1739,1838,282,75.97
2156,2255,282,76.33
1426,1525,282,73.41
2155,2254,282,76.4
2427,2526,282,78.01
2147,2246,282,75.48
1523,1622,282,79.18
1292,1391,282,68.35
1764,1863,282,62.63
2348,2447,282,68.41
1763,1862,282,61.53
1326,1425,282,64.18
1880,1979,282,66.29
2326,2426,282,30.7
1776,1875,282,38.88
2425,2524,282,48.08
1424,1524,282,21.15
2034,2134,282,17.46
2224,2323,282,54.74
1837,1937,282,17.81
1738,1838,282,16.32
1955,2055,282,14.88
1767,1866,282,55.93
721,820,282,15.55
618,717,282,15.39
1342,1441,282,15.52
1543,1642,282,15.65
2046,2145,282,15.42
823,923,282,8.17
1766,1865,282,58.57
2251,2350,283,79.36
1960,2059,283,78.77
2349,2448,283,79.33
2157,2256,283,74.85
1971,2070,283,58.6
1666,1765,283,56.36
1977,2076,283,65.91
1778,1877,283,60.18
1972,2071,283,60.68
1684,1783,283,35.92
1570,1669,283,38.35
2331,2431,283,28.44
1874,1973,283,46.92
2425,2525,283,30.41
1586,1685,283,26.63
1724,1823,283,18.81
1846,1945,283,15.67
617,716,283,15.42
720,819,283,15.44
1844,1943,283,15.43
1324,1323,283,8.2
1569,1669,283,10.3
2055,2154,284,78.81
2255,2354,284,77.24
2134,2233,284,73.73
2246,2345,284,73.92
1770,1869,284,50.13
2077,2176,284,63.65
1782,1881,284,67.35
1769,1868,284,52.82
1023,1122,284,68.05
1970,2069,284,55.82
1876,1975,284,53.83
1771,1870,284,42.08
1624,1723,284,28.43
1194,1293,284,28.86
2232,2332,284,24.18
1825,1924,284,29.88
2544,2643,284,49.71
118,217,284,15.82
616,715,284,15.43
719,818,284,15.38
1857,1956,284,15.62
718,817,284,15.41
1856,1956,284,9.39
999,1098,284,36.93
218,217,284,6.76
998,1098,284,10.67
2350,2449,285,79.35
1323,1422,285,72.96
2448,2547,285,71.33
2256,2355,285,74.82
2059,2158,285,79.3
1524,1623,285,67.21
1862,1961,285,58.8
1979,2078,285,65.17
1863,1962,285,60.91
1391,1490,285,65.16
2526,2625,285,63.72
1489,1588,285,44.42
2430,2529,285,32.51
1587,1686,285,29.37
1866,1965,285,59.93
2447,2546,285,69.84
2445,2545,285,18.03
1845,1944,285,15.55
2228,2327,285,15.62
2424,2523,285,31.99
1865,1964,285,60.31
1097,1196,285,22.15
2345,2444,286,75.96
2154,2253,286,77.41
1924,2023,286,76.65
1723,1822,286,78.84
1973,2072,286,58.57
1877,1976,286,63.05
2071,2170,286,60.16
2070,2169,286,55.5
2076,2175,286,63.34
1765,1864,286,61.01
2525,2624,286,53.25
1875,1974,286,44.68
1195,1294,286,34.9
1783,1882,286,52.93
2146,2245,286,15.43
1946,2045,286,15.5
2223,2322,286,23.12
1668,1768,286,10.44
2449,2548,287,79.33
1870,1969,287,56.15
1293,1392,287,68.21
1881,1980,287,63.49
2176,2275,287,57.21
1122,1221,287,61.66
2069,2168,287,58.01
1975,2074,287,52.04
2643,2742,287,61.83
1868,1967,287,58.66
1869,1968,287,57.28
2431,2531,287,30.7
2431,2530,287,43.74
1622,1721,287,31.89
2526,2626,287,24.2
2323,2422,287,28.73
1024,1123,287,27.35
1739,1839,287,15.67
2430,2530,287,14.55
2524,2623,287,34.54
900,1000,287,13.81
1643,1742,287,15.6
516,615,287,15.53
1936,2035,287,15.43
1685,1784,287,35.92
2545,2644,287,72.25
2245,2344,288,76.03
2444,2543,288,74.99
2158,2257,288,66.94
1962,2061,288,58.59
2078,2177,288,67.39
1961,2060,288,56.12
1490,1589,288,59.63
2547,2646,288,70.28
2625,2724,288,50.97
1965,2064,288,60.91
1122,1222,288,25.37
2643,2743,288,25.28
2332,2432,288,28.15
1838,1938,288,17.79
2134,2234,288,17.5
2427,2527,288,13.66
1640,1740,288,13.56
1743,1842,288,15.45
2123,2222,288,15.38
2428,2527,288,15.6
317,416,288,13.65
999,1099,288,14.16
1964,2063,288,60.34
1097,1197,288,10.41
2548,2647,289,75.93
1882,1981,289,63.97
2175,2274,289,63.62
1976,2075,289,62.82
1768,1867,289,54.36
1974,2073,289,58.25
2169,2268,289,56.98
1294,1393,289,65.81
2072,2171,289,62.04
2170,2269,289,58.23
2625,2725,289,29.82
1588,1687,289,38.43
2233,2333,289,21.03
1864,1963,289,60.81
1442,1541,289,15.57
2429,2528,289,15.51
1767,1867,289,10.03
19,18,289,5.72
2257,2356,290,73.89
1938,2037,290,71.98
2060,2159,290,79.28
2742,2841,290,47.52
2168,2267,290,59.34
2074,2173,290,64.91
1967,2066,290,59.31
1968,2067,290,58.91
1980,2079,290,67.54
1969,2068,290,57.49
2275,2374,290,66.8
1392,1491,290,66.72
1196,1295,290,34.17
1823,1922,290,22.96
2251,2351,290,11.24
2543,2642,290,74.67
2324,2423,290,14.87
1686,1785,290,33.08
2177,2276,291,53.73
2061,2160,291,60.27
2064,2163,291,60.68
2743,2842,291,47.45
2742,2842,291,30.49
2626,2726,291,29.17
1623,1722,291,26.97
1122,1121,291,14.68
1843,1942,291,15.39
1542,1641,291,15.52
1923,2022,291,15.39
2063,2162,291,61.21
118,117,291,6.64
2545,2645,291,18.6
2351,2450,292,78.94
2356,2455,292,77.43
2171,2270,292,60.92
2269,2368,292,56.73
2075,2174,292,57.84
1867,1966,292,59.39
2725,2824,292,48.46
2073,2172,292,62.94
2268,2367,292,58.55
2274,2373,292,68.17
1393,1492,292,66.83
2743,2843,292,30.5
2742,2741,292,21.12
1784,1883,292,30.33
1963,2062,292,59.66
1937,2036,292,15.45
2145,2244,292,15.41
717,816,292,15.41
2254,2353,292,15.58
2647,2746,292,70.53
1099,1198,292,36.19
1642,1741,292,15.43
1981,2080,292,67.32
2068,2167,293,59.14
2159,2258,293,62.46
1491,1590,293,66.79
2267,2366,293,59.21
2079,2178,293,66.38
2067,2166,293,59.47
2374,2473,293,68.24
2841,2940,293,54.71
2173,2272,293,67.32
2066,2165,293,60.32
2725,2825,293,30.35
2333,2433,293,27.32
1589,1688,293,31.53
1197,1296,293,35.32
2644,2744,293,17.22
2035,2135,293,18.22
716,815,293,15.4
819,918,293,15.62
2431,2532,293,14.7
1945,2044,293,15.43
1943,2042,293,15.39
2244,2343,294,77
2455,2554,294,78.39
2450,2549,294,79.17
2160,2259,294,69.11
2276,2375,294,58.44
2162,2261,294,66.57
2842,2941,294,55.91
1922,2021,294,35.71
1295,1394,294,45.68
2841,2941,294,28.63
1938,2038,294,18.8
2234,2334,294,18.24
2548,2648,294,15.7
1839,1939,294,15.86
217,316,294,15.08
818,917,294,15.38
715,814,294,15.41
817,916,294,15.43
2354,2453,294,15.47
1323,1322,294,9.36
2163,2262,294,64.73
922,1021,294,6.52
2080,2179,295,64.82
2172,2271,295,63.73
2367,2466,295,58.83
2373,2472,295,67.84
1966,2065,295,60.68
2174,2273,295,68.28
2741,2840,295,47.52
1492,1591,295,68.04
2062,2161,295,61.63
2270,2369,295,61.01
1883,1982,295,67.91
2368,2467,295,57.08
1121,1220,295,44.69
2726,2826,295,29.57
2842,2942,295,28.16
2642,2641,295,21.32
1785,1884,295,29.3
2527,2627,295,15.78
1123,1223,295,12.7
1000,1100,295,13.66
2423,2522,295,34.13
2355,2454,295,15.59
2529,2628,295,15.43
1944,2043,295,15.4
2647,2747,295,19.83
2523,2622,295,15.63
1686,1786,295,10.71
2554,2653,296,77.58
2473,2572,296,66.45
2272,2371,296,65.18
2167,2266,296,59.14
2258,2357,296,68.18
2940,3039,296,68.56
2166,2265,296,60.49
2366,2465,296,59.47
2178,2277,296,58.69
2165,2264,296,61.39
1121,1120,296,22.12
2022,2121,296,33.63
1222,1321,296,19.9
1740,1840,296,13.97
2746,2845,296,46.6
2253,2352,296,15.47
2045,2144,296,15.42
2023,2122,296,15.42
1822,1921,296,15.31
820,919,296,10.4
2624,2723,296,15.56
1099,1199,296,14.24
2322,2421,296,15.67
1522,1621,296,7.34
1025,1124,296,6.47
2747,2846,297,71.7
2628,2727,297,72.4
2259,2358,297,55.01
2261,2360,297,68.34
2941,3040,297,62.06
1394,1493,297,65.97
2741,2740,297,21.12
2744,2844,297,25.4
2262,2361,297,67.96
1721,1820,297,15.65
615,714,297,15.44
2531,2630,297,15.38
2530,2629,297,15.41
2623,2722,297,15.26
2375,2474,297,67.43
2422,2521,297,15.67
1742,1841,297,15.39
3039,3138,298,78
2357,2456,298,78.1
2144,2243,298,76.15
2653,2752,298,76.28
2271,2370,298,62.65
2466,2565,298,59.14
2467,2566,298,58.46
2065,2164,298,61.21
2273,2372,298,67.98
2161,2260,298,69.25
2369,2468,298,56.9
2840,2939,298,55.29
2179,2278,298,68.08
1884,1983,298,58.33
2826,2925,298,53.71
2942,3041,298,62.5
2941,3041,298,25.15
1688,1787,298,32.06
1296,1395,298,31.46
2344,2443,298,15.39
1589,1689,298,10.7
416,515,298,15.64
1842,1941,298,15.38
2222,2321,298,15.64
1197,1297,298,10.71
2444,2443,298,8.39
2646,2745,298,15.5
1982,2081,298,66.35
2724,2823,298,15.48
3040,3139,299,76.81
2358,2457,299,77.25
2630,2729,299,76.27
2629,2728,299,77.45
2265,2364,299,61.91
2465,2564,299,59.59
2266,2365,299,59.95
2277,2376,299,55.59
2264,2363,299,63.87
2572,2671,299,64.9
2371,2470,299,63.8
2826,2926,299,28.99
2334,2434,299,23.69
2135,2235,299,19.3
2351,2451,299,12.37
2845,2944,299,63.9
1221,1320,299,12.78
217,216,299,6.68
2752,2851,300,77.03
1941,2040,300,77.7
2243,2342,300,77.67
2939,3038,300,79.38
2456,2555,300,77.11
3138,3237,300,78.17
1493,1592,300,67.99
2360,2459,300,69.83
2361,2460,300,63.2
2641,2640,300,21.89
1786,1885,300,30.28
2846,2945,300,68.58
2942,3042,300,24.9
2532,2631,300,20.66
2433,2533,300,14.35
2455,2555,300,13.2
1621,1720,300,35.81
2726,2827,300,17.31
1785,1885,300,10.67
2037,2136,300,15.52
2474,2573,300,68.35
2543,2542,300,8.55
1225,1224,300,3.16
2164,2263,301,19.31
2372,2471,301,18.4
1395,1494,301,17.43
1983,2082,301,15.95
3041,3140,301,34.7
2370,2469,301,18.9
2740,2839,301,39.7
2653,2753,301,39.16
2747,2847,301,39.11
2846,2946,301,42.23
1939,2039,301,38.42
2554,2654,301,37.06
2532,2632,301,15.09
2450,2550,301,33.32
1942,2041,301,3.61
1722,1821,301,3.8
1120,1219,301,17.08
1199,1298,301,21.49
2163,2263,301,23.44
1198,1298,301,19.12
2648,2748,301,39.08
2081,2180,301,17.18
2926,3026,302,42.94
2457,2556,302,33.97
2729,2829,302,41.35
2752,2852,302,38.68
2565,2664,302,19.34
2468,2567,302,19.3
2456,2556,302,38
3041,3141,302,40.18
2566,2665,302,19.33
2630,2730,302,32.86
1591,1690,302,14.37
2549,2649,302,28.6
1688,1788,302,22.54
1296,1396,302,21.89
1100,1200,302,24.55
1199,1299,302,23.63
2278,2377,302,19.07
1840,1940,302,36.65
2851,2951,303,39.21
3042,3142,303,42.51
2827,2927,303,41.14
2235,2335,303,38.88
2926,3025,303,39.8
2457,2557,303,39.56
2729,2828,303,39.06
2451,2551,303,35.07
2260,2359,303,10.92
2740,2739,303,13.86
2572,2672,303,22.91
2179,2279,303,21.32
1786,1886,303,22.24
1884,1984,303,23.41
2945,3045,303,43.3
1220,1319,303,11.5
2262,2362,303,22.79
2375,2475,303,22.75
921,1020,303,1.03
2041,2141,304,37.23
2753,2853,304,39.76
2654,2754,304,37.43
2459,2559,304,33.06
2847,2947,304,42.6
3237,3337,304,29.19
2555,2655,304,26.43
2631,2731,304,32.85
2470,2570,304,23.21
2434,2534,304,21.98
2376,2476,304,23.36
2364,2464,304,23.46
2564,2663,304,19.83
1787,1887,304,22.39
1395,1495,304,21.8
2468,2568,304,23.09
1689,1789,304,21.55
3138,3238,304,21.43
2566,2666,304,23.22
1297,1397,304,23.35
1493,1593,304,21.74
2358,2458,304,24.08
1591,1691,304,15.56
2945,3044,304,39.64
2842,2943,304,12.91
2671,2771,304,23.36
2474,2574,304,21.82
2278,2378,304,23.39
2081,2181,304,21.53
2824,2923,304,5.33
2852,2952,305,38.78
2829,2929,305,41.74
3141,3241,305,38.52
2550,2650,305,31.47
3140,3240,305,27.55
2851,2950,305,33.58
2460,2560,305,22.87
2040,2140,305,22.16
2470,2569,305,18.83
3139,3239,305,20.26
2364,2463,305,19.3
1983,2083,305,20.11
816,915,305,3.82
2573,2673,305,23.12
2642,2541,305,7.93
2671,2770,305,19.35
2363,2463,305,19.82
2363,2462,305,15.58
2927,3027,306,43.11
2951,3051,306,35.51
2335,2435,306,42.21
2828,2928,306,41.53
2664,2764,306,25.43
2829,2928,306,39.3
2556,2656,306,26.32
2180,2280,306,20.88
2471,2571,306,22.9
2082,2182,306,20.6
1494,1594,306,21.81
2946,3046,306,20.05
2459,2558,306,27.26
1885,1985,306,19.18
3237,3336,306,23.66
2640,2639,306,16.68
1592,1692,306,18.67
2361,2461,306,16.49
2825,2924,306,6.16
2353,2452,306,3.39
2039,2139,306,21.72
1298,1398,306,22.21
3045,3145,306,43.25
2649,2749,306,30.53
2754,2854,307,37.09
2551,2651,307,32.77
2557,2657,307,26.01
2739,2838,307,38.63
2665,2765,307,23.31
1788,1888,307,20.97
1690,1790,307,20.68
1396,1496,307,23.43
2567,2667,307,23.19
2839,2938,307,27.07
2377,2477,307,22.24
3045,3144,307,39.08
1299,1399,307,24.42
1200,1300,307,24.03
3241,3341,308,38.81
2929,3029,308,43.12
2952,3052,308,36.5
2655,2755,308,26.59
2559,2659,308,26.53
1984,2084,308,21.6
2279,2379,308,21
1886,1986,308,22.1
2951,3050,308,29.67
2475,2575,308,22.95
3038,3137,308,18.17
2729,2830,308,16.31
18,17,308,4.3
216,315,308,16.57
2928,3028,309,43.17
3027,3127,309,43.09
3051,3151,309,34.08
2650,2750,309,33.24
2929,3028,309,39.79
3240,3340,309,29.21
2560,2660,309,26.53
3238,3338,309,23.46
1593,1693,309,21.09
2666,2766,309,23.27
2141,2241,309,22.55
1397,1497,309,23.33
1887,1987,309,21.81
2570,2670,309,23.46
2947,3047,309,20.13
2568,2668,309,23.01
2664,2763,309,20.32
2533,2633,309,12.1
2663,2763,309,24.86
2462,2562,309,25.92
2476,2576,309,23.41
1594,1694,309,35.71
2044,2143,309,3.8
2378,2478,309,21
2574,2674,309,22.22
1495,1595,309,20.4
2039,2138,309,18.62
117,116,309,4.64
1122,1022,309,4.02
1023,1022,309,2.78
2181,2281,309,22.79
2139,2239,309,42.02
3145,3245,309,43.12
2749,2849,309,33.66
2651,2751,310,33.75
2656,2756,310,26.61
2764,2864,310,26.12
2639,2738,310,37.4
3027,3126,310,39.79
2558,2658,310,26.24
2140,2240,310,22.04
2463,2563,310,21.36
2569,2669,310,23.38
3239,3339,310,20.56
2083,2183,310,21.93
1691,1791,310,18.71
3337,3437,310,19.25
1320,1420,310,10.58
2673,2773,310,23.46
2942,3043,310,10.52
2021,2120,310,4.81
2554,2553,310,5.86
815,914,310,3.65
2139,2238,310,37.01
3145,3244,310,38.76
3029,3129,311,43.33
2765,2865,311,26.73
2657,2757,311,26.61
1399,1499,311,25.67
2435,2535,311,21.77
2280,2380,311,22.77
3046,3146,311,20.43
3336,3436,311,21.62
1985,2085,311,23.1
1789,1889,311,15.77
2731,2831,311,14.59
2829,2930,311,15.86
2653,2652,311,6.72
2641,2540,311,8.47
1398,1498,311,23.22
918,1017,311,3.01
2182,2282,311,23.46
2622,2721,311,6.29
2750,2850,312,37.97
3028,3128,312,43.16
2239,2339,312,42.92
2241,2341,312,37.19
3127,3227,312,43.22
3151,3251,312,34.21
3050,3150,312,26.34
2659,2759,312,26.47
2755,2855,312,32.89
3029,3128,312,39.51
2667,2767,312,23.24
1692,1792,312,18.37
2461,2561,312,18.92
2639,2638,312,17.46
3051,3150,312,28.25
2950,3049,312,22.6
1300,1400,312,24.21
2477,2577,312,22.17
2663,2762,312,19.83
2462,2561,312,21.1
2038,2137,312,4.27
1496,1596,312,20.8
920,1019,312,1.04
2722,2822,312,7.75
1026,1125,312,1.02
2522,2621,312,5.4
2749,2848,312,27.84
2240,2340,313,41.91
3340,3440,313,32.48
2239,2338,313,38.38
3127,3226,313,39.75
2660,2760,313,26.44
2575,2675,313,23.04
3137,3236,313,29.97
2084,2184,313,22.05
2379,2479,313,21.22
1888,1988,313,18.53
2764,2863,313,21.35
1595,1695,313,27.5
2673,2772,313,19.22
916,1015,313,3.87
2562,2662,313,26.43
1219,1318,313,12.27
2238,2338,313,42.02
3129,3229,314,42.03
2864,2964,314,26.06
2756,2856,314,31.9
2658,2758,314,26.56
3047,3147,314,20.41
2143,2242,314,31.36
2766,2866,314,23.31
2668,2768,314,23.05
3151,3250,314,28.38
3338,3438,314,23.26
1987,2087,314,21.4
1790,1890,314,16.22
2773,2873,314,26.46
2534,2634,314,10.57
2478,2578,314,21.37
2576,2676,314,23.38
2674,2774,314,22.55
1320,1419,314,9.61
1319,1419,314,9.34
1497,1597,314,21.83
316,415,314,3.6
2343,2442,314,3.61
814,913,314,3.63
2135,2236,314,7.98
2281,2381,314,23.39
2238,2337,314,37
3245,3345,314,20.55
2339,2439,315,43.32
2341,2441,315,42.49
3251,3351,315,34.56
3128,3228,315,43.3
3129,3228,315,37.02
2865,2965,315,26.54
2757,2857,315,26.55
1499,1599,315,26.48
3339,3439,315,22.31
2183,2283,315,23.46
1791,1891,315,22.38
2669,2769,315,23.35
3340,3439,315,26.71
3050,3149,315,21.11
1986,2086,315,16.51
3336,3435,315,17.08
3042,3143,315,9.79
1820,1920,315,6.18
917,1016,315,3.5
2453,2552,315,3.4
3244,3344,315,20.7
2722,2821,315,6.53
2848,2948,315,41.61
2340,2440,316,43.32
3440,3540,316,35.2
2638,2737,316,39.31
2339,2438,316,39.6
2341,2440,316,37.69
2561,2661,316,26.42
2762,2862,316,27.11
1400,1500,316,25.35
2759,2859,316,25.79
2085,2185,316,23.32
3436,3536,316,20.86
3146,3246,316,20.63
3437,3537,316,19.51
1693,1793,316,16.6
2938,3037,316,17.45
2929,3030,316,13.47
2640,2539,316,9.39
2121,2221,316,5.69
1921,2020,316,5.12
2562,2661,316,21.81
1498,1598,316,23.46
2380,2480,316,23.13
2338,2438,316,43.26
2282,2382,316,22.9
3229,3329,317,38.37
2760,2860,317,25.88
2236,2336,317,38.97
1792,1892,317,21.25
3251,3350,317,28.72
2767,2867,317,23.26
2850,2949,317,28.62
1889,1989,317,17.08
2831,2931,317,18.18
2864,2963,317,21.27
2773,2872,317,21.22
1694,1794,317,13.48
2337,2437,317,42.84
2577,2677,317,21.14
2338,2437,317,39.1
3351,3451,318,34.22
2948,3048,318,42.75
3228,3328,318,42.34
2866,2966,318,27.47
2964,3064,318,26.01
2758,2858,318,26.14
2856,2956,318,26.6
2675,2775,318,23.24
1988,2088,318,21.7
2184,2284,318,23.31
3440,3539,318,29.36
1596,1696,318,19.37
2873,2973,318,26.59
116,215,318,17.06
2479,2579,318,23.24
2337,2436,318,38.25
2121,2220,318,4.61
2421,2520,318,4.55
2043,2142,318,3.73
3244,3343,318,18
3030,3130,319,43.2
3540,3640,319,38.84
2438,2538,319,38.65
2857,2957,319,26.6
2965,3065,319,25.8
3435,3535,319,26.53
2439,2538,319,39.26
3228,3327,319,37.47
3147,3247,319,20.57
3345,3445,319,21.08
3438,3538,319,20.18
2768,2868,319,23.11
1890,1990,319,22.11
2381,2481,319,22.9
2638,2637,319,14.98
2762,2861,319,21.79
2774,2874,319,22.83
2923,3023,319,6.93
3025,3125,319,6.56
1820,1919,319,5.05
1321,1421,319,4.84
2676,2776,319,23.02
2578,2678,319,21.52
1120,1119,319,4.09
2521,2620,319,5.1
2823,2922,319,5.87
3329,3429,320,38.43
2859,2959,320,26.1
1598,1698,320,26.6
3537,3637,320,25.75
3536,3636,320,27.45
2438,2537,320,37.12
3351,3450,320,28.38
2769,2869,320,23.36
1891,1991,320,23.39
2086,2186,320,20.24
2283,2383,320,23.12
2661,2761,320,26.46
2731,2832,320,9.21
2534,2635,320,9.15
1500,1600,320,26
2862,2962,320,25.38
1597,1697,320,18.81
2662,2761,320,21.9
1621,1620,320,3.92
3344,3444,320,21.44
2436,2536,321,34.17
3539,3639,321,34.73
3048,3148,321,42.84
2185,2285,321,23.17
3246,3346,321,20.51
3037,3136,321,31.76
3540,3639,321,33.17
2964,3063,321,21.21
2856,2955,321,22.23
1695,1795,321,13.47
2873,2972,321,21.33
2924,3024,321,6.78
2731,2732,321,6
2382,2482,321,23.34
2925,3024,321,5.47
1319,1418,321,8.18
2480,2580,321,23.13
1219,1218,321,5.06
3445,3545,322,43.09
3640,3740,322,43.23
3130,3230,322,40.57
3451,3551,322,32.65
2858,2958,322,26.44
2956,3056,322,32.68
3064,3164,322,25.97
2867,2967,322,23.21
1989,2089,322,22.6
2860,2960,322,23.23
3329,3428,322,32.72
2931,3031,322,20.07
3435,3534,322,22.02
2973,3073,322,27.44
2087,2187,322,13.42
3142,3242,322,5.53
2677,2777,322,20.63
2238,2237,322,8.6
1698,1798,323,42.74
3444,3544,323,43.08
1600,1700,323,36.92
3429,3529,323,40.86
3637,3737,323,35.06
3445,3544,323,38.71
3640,3739,323,39.04
2957,3057,323,26.55
3538,3638,323,29.19
3535,3635,323,26.6
2637,2736,323,37.96
3065,3165,323,26.01
2088,2188,323,22.74
2966,3066,323,23.37
3539,3638,323,28.89
2775,2875,323,23.41
2284,2384,323,23.45
1892,1992,323,17.54
1793,1893,323,14.47
3536,3635,323,22.09
2772,2871,323,14.92
2852,2953,323,7.04
2862,2961,323,20.28
2579,2679,323,23.28
3343,3443,323,21.41
3344,3443,323,18.45
3346,3446,324,43.04
1698,1797,324,39.76
2959,3059,324,26.01
3444,3543,324,38.68
3636,3736,324,26.59
1600,1699,324,35.72
3429,3528,324,35.5
3247,3347,324,20.54
2481,2581,324,23.46
2868,2968,324,23.16
1990,2090,324,22.9
3451,3550,324,26.86
2956,3055,324,26.9
2874,2974,324,22.98
2678,2778,324,21.89
2776,2876,324,22.52
2321,2420,324,4.77
2962,3062,324,26.15
918,1018,324,3.85
3740,3840,325,40.53
3545,3645,325,42.76
3230,3330,325,37.72
3639,3738,325,35.67
3063,3163,325,25.93
2832,2932,325,22.32
1991,2091,325,21.83
2186,2286,325,23.45
2869,2969,325,23.4
1696,1796,325,14.3
3064,3163,325,21.15
2973,3072,325,22.08
2537,2636,325,33.05
2383,2483,325,23.34
1794,1894,325,12.57
1422,1521,325,1.14
3737,3837,326,42.13
3739,3839,326,42.92
3544,3644,326,41.23
3529,3629,326,42.39
3740,3839,326,38.52
2960,3060,326,25.86
3545,3644,326,39.76
3031,3131,326,25.97
2958,3058,326,26.3
2285,2385,326,23.44
3148,3248,326,20.73
2580,2680,326,23.38
3136,3235,326,31.23
3073,3173,326,28.43
2482,2582,326,23.46
3535,3634,326,22.27
3241,3342,326,7.06
714,813,326,3.74
3343,3442,326,18.44
1699,1799,327,35.43
3347,3447,327,43.24
3550,3650,327,36.91
3446,3546,327,43.27
3736,3836,327,39.96
3066,3166,327,25.57
3737,3836,327,37.15
3165,3265,327,26.08
3739,3838,327,39.79
3057,3157,327,26.47
3635,3735,327,26.55
3544,3643,327,38.99
1700,1800,327,25.05
3529,3628,327,37.54
2967,3067,327,23.21
2089,2189,327,23.26
3636,3735,327,22.47
1795,1895,327,17.71
3543,3643,327,42.5
2777,2877,327,20.63
1420,1520,327,5.92
515,614,327,4.18
2962,3061,327,21.4
3330,3430,328,40.95
3840,3940,328,39.75
3059,3159,328,25.5
2188,2288,328,23.13
1798,1898,328,21.47
2384,2484,328,23.33
2187,2287,328,17.17
3063,3162,328,21.11
2872,2971,328,13.15
2875,2975,328,23.46
3543,3642,328,39.68
3341,3441,328,5.01
2679,2779,328,22.36
3062,3162,328,25.95
3629,3729,329,41.38
3837,3937,329,41.73
3839,3939,329,37.7
3163,3263,329,25.35
3840,3939,329,37.96
2090,2190,329,20.47
3550,3649,329,31.1
2581,2681,329,23.45
2968,3068,329,23.17
3736,3835,329,34.44
3073,3172,329,22.96
3072,3172,329,25.37
2778,2878,329,23.28
2952,3053,329,6.09
2923,3022,329,5.75
2876,2976,329,20.56
1720,1819,329,4.99
1797,1897,329,20.95
3838,3938,330,38.65
3447,3547,330,43.32
3650,3750,330,39.87
3546,3646,330,43.22
3836,3936,330,43.32
3629,3728,330,36.16
3837,3936,330,39.29
3634,3734,330,26.26
3058,3158,330,25.92
3235,3335,330,29.29
3839,3938,330,36.36
3131,3231,330,26.34
2286,2386,330,23.04
2932,3032,330,20.56
2969,3069,330,23.42
3165,3264,330,21.29
3057,3156,330,21.9
3635,3734,330,22.07
1992,2092,330,14.84
3534,3633,330,19.01
2483,2583,330,23.34
2974,3074,330,19.16
3226,3326,330,6.02
3643,3743,330,42.8
2854,2954,330,4.54
3025,3124,330,5.4
3173,3273,330,26.25
1419,1519,330,6.32
1796,1896,330,20.78
3441,3541,331,39.76
3642,3742,331,42.23
3940,4040,331,40.36
3430,3530,331,43.24
3166,3266,331,26.04
3067,3167,331,27.89
3157,3257,331,26.61
3836,3935,331,39.34
2680,2780,331,23.09
2582,2682,331,23.25
2385,2485,331,23.31
3248,3348,331,20.63
3060,3160,331,21.06
1894,1994,331,17.18
1893,1993,331,12.99
3740,3841,331,17.11
1218,1317,331,14.46
3061,3161,331,25.54
3643,3742,331,39.77
914,1014,331,4.82
3052,3152,331,4.51
2821,2921,331,6.36
2091,2191,331,17.83
3443,3542,331,18.04
3062,3161,331,21.13
3939,4039,332,34.39
3649,3749,332,42.58
3642,3741,332,39.56
3940,4039,332,38.4
3159,3259,332,25.72
3650,3749,332,34.33
1800,1900,332,21.55
2189,2289,332,22.87
1799,1899,332,21.77
3235,3334,332,23.75
3163,3262,332,20.45
2972,3071,332,13.04
3640,3741,332,11.3
3072,3171,332,20.47
2877,2977,332,22.76
3937,4037,332,35.66
3162,3262,332,25.45
17,16,332,4.26
3547,3647,333,43.33
3750,3850,333,41.14
3231,3331,333,38.27
3938,4038,333,34.03
3156,3256,333,36.06
3729,3829,333,26.29
3649,3748,333,37.83
1898,1998,333,20.16
2288,2388,333,22.09
3634,3733,333,21.54
3840,3941,333,17.76
3172,3272,333,26.26
2975,3075,333,23.45
3023,3123,333,7.27
3037,3036,333,6.04
3143,3243,333,5.76
1015,1115,333,5.18
3743,3843,333,42.96
3936,4036,333,35.31
2770,2870,333,3.7
2484,2584,333,23.13
3173,3272,333,21.53
2779,2879,333,22.61
3263,3363,333,25.01
3742,3842,334,42.14
3348,3448,334,42.97
3541,3641,334,41.8
3935,4035,334,41.73
3530,3630,334,43.33
3750,3849,334,35.86
3158,3258,334,26.16
3264,3364,334,25.38
3032,3132,334,26.37
3734,3834,334,26.15
3835,3934,334,33.1
3068,3168,334,23.21
1897,1997,334,20.16
2681,2781,334,23.38
2287,2387,334,19.87
3735,3834,334,22.38
1895,1995,334,14.49
2976,3076,334,21.86
1919,2019,334,6.86
2220,2320,334,6.49
913,1013,334,5.27
3743,3842,334,39.8
116,115,334,4.09
2878,2978,334,22.58
4039,4139,335,38.37
3266,3366,335,25.78
3167,3267,335,26
3160,3260,335,25.38
3935,4034,335,39.29
3257,3357,335,26.52
2386,2486,335,22.57
2583,2683,335,23.36
3069,3169,335,23.44
3156,3255,335,30.23
3728,3828,335,23.34
2190,2290,335,19.69
3628,3727,335,18.26
3074,3174,335,22
3273,3373,335,23.43
4037,4137,335,35.08
3161,3261,335,25.11
2620,2720,335,6.32
3125,3225,335,6.35
3162,3261,335,20.56
2092,2192,335,20.7
3748,3848,336,42.29
3256,3356,336,37.36
3331,3431,336,42.15
3850,3950,336,41.87
3749,3848,336,37.81
4039,4138,336,36.9
3259,3359,336,26.27
2780,2880,336,23.16
2682,2782,336,23.46
2485,2585,336,22.89
4036,4136,336,40.6
3172,3271,336,21.54
1418,1518,336,6.91
3327,3427,336,5.97
1318,1417,336,6.17
3262,3362,336,25.63
2120,2219,336,5.45
3151,3252,336,5.34
1016,1116,336,4.79
315,414,336,5.17
3448,3548,337,43.25
3630,3730,337,41.44
3849,3949,337,42.48
3363,3463,337,25.67
3748,3847,337,37.39
3850,3949,337,36.8
3733,3833,337,25.42
3334,3434,337,22.89
2289,2389,337,21.93
1994,2094,337,18.57
1993,2093,337,17.29
4036,4135,337,38.57
3734,3833,337,21.39
3272,3372,337,26.27
3940,4041,337,17.26
2977,3077,337,22.19
4035,4135,337,38.6
2191,2291,337,16.98
2732,2833,337,9.33
2732,2733,337,6.6
3149,3249,337,4.75
3643,3744,337,14.25
2721,2820,337,5.51
1017,1117,337,3.92
1896,1996,337,16.1
4139,4239,338,43.05
3255,3355,338,35.9
3364,3464,338,25.49
3132,3232,338,26.54
3258,3358,338,30.58
3934,4033,338,38.49
3849,3948,338,37.66
1998,2098,338,20.86
2879,2979,338,23.44
3256,3355,338,31.57
3829,3929,338,23.37
1899,1999,338,18.18
3266,3365,338,20.93
3075,3175,338,22.95
3633,3732,338,19.31
3728,3827,338,19.35
4035,4134,338,37.08
2584,2684,338,23.46
3251,3352,338,5.45
4136,4236,339,34.05
3950,4050,339,42.12
3431,3531,339,43.33
3261,3361,339,25.64
3357,3457,339,26.49
4139,4238,339,39.8
3267,3367,339,25.31
3366,3466,339,25.45
3260,3360,339,26.08
1997,2097,339,20.85
3168,3268,339,22.84
2387,2487,339,23.27
2781,2881,339,23.46
1900,2000,339,16.1
3076,3176,339,23.45
4137,4237,339,31.48
4138,4238,339,40.16
3136,3135,339,5.85
3373,3473,339,26.6
3262,3361,339,20.75
2978,3078,339,23.43
3949,4049,340,41.89
3249,3349,340,40.98
3847,3947,340,43.18
3548,3648,340,43.16
3356,3456,340,26.52
3950,4049,340,37.14
3359,3459,340,26.48
3848,3947,340,37.39
2192,2292,340,21.19
2486,2586,340,21.65
3169,3269,340,23.39
3255,3354,340,30.07
2290,2390,340,20.86
4034,4133,340,30.62
2683,2783,340,23.45
3363,3462,340,20.8
3733,3832,340,20.52
3334,3433,340,19.22
4039,4140,340,18.72
3171,3270,340,19.56
3841,3942,340,16.04
3272,3371,340,21.57
4135,4235,340,42.2
3649,3648,340,9.24
2971,3070,340,12.47
3645,3745,340,6.7
2832,2933,340,7.08
2020,2119,340,6.02
3174,3274,340,23.37
3362,3462,340,26.29
4239,4339,341,43.3
3355,3455,341,35.3
3232,3332,341,35.84
3948,4048,341,42.29
3949,4048,341,36.84
3847,3946,341,38.91
2585,2685,341,23.4
2880,2980,341,23.44
3427,3527,341,20.19
2782,2882,341,23.44
3372,3472,341,26.32
3834,3933,341,23.32
3829,3928,341,18.56
4135,4234,341,39.54
3463,3563,341,26.07
3743,3844,341,13.9
4134,4234,341,42.2
4236,4336,342,33.86
4050,4150,342,42.8
3531,3631,342,43.01
4237,4337,342,42.02
4239,4338,342,39.27
3464,3564,342,25.73
3365,3465,342,25.78
3358,3458,342,32.06
3948,4047,342,37.39
2389,2489,342,21.47
3730,3830,342,23.46
3366,3465,342,20.56
1997,2096,342,18.09
2388,2488,342,11.34
4238,4338,342,43.31
3550,3549,342,5.8
2291,2391,342,20.56
2094,2194,342,22.47
3351,3452,342,5.35
2093,2193,342,22.17
3077,3177,342,22.84
1995,2095,342,14.07
3226,3325,342,4.91
4134,4233,342,39.54
3349,3449,343,41.82
3433,3533,343,38.81
4049,4149,343,42.17
4050,4149,343,38.17
3360,3460,343,26.38
3457,3557,343,26.45
3355,3454,343,29.46
2098,2198,343,20.16
2979,3079,343,23.06
4033,4132,343,34.97
2684,2784,343,23.35
3727,3826,343,19.34
3361,3461,343,26.28
115,214,343,16.69
3022,3122,343,7.66
3473,3573,343,28.69
1218,1217,343,4.59
3023,3122,343,6.07
3175,3275,343,23.42
3362,3461,343,21.6
2821,2920,343,5.21
4048,4148,344,42.48
4339,4439,344,42.88
3332,3432,344,40.55
4133,4232,344,36.1
3459,3559,344,30.43
4235,4335,344,32.32
3947,4046,344,39.13
3648,3747,344,37.82
4049,4148,344,37.22
3456,3556,344,26.54
4236,4335,344,33.07
2487,2587,344,21.74
3466,3566,344,24.98
2881,2981,344,23.42
3367,3467,344,24.51
3929,4029,344,19.88
4033,4032,344,19.17
1999,2099,344,17.34
3078,3178,344,22.38
3271,3370,344,19.95
3372,3471,344,21.64
4234,4334,344,41.36
3176,3276,344,21.92
1919,2018,344,5.68
3463,3562,344,21.28
2097,2197,344,21.85
415,514,344,4.73
3462,3562,344,26.45
4233,4333,345,42.33
3452,3552,345,37.44
4336,4436,345,43.15
3458,3558,345,33.82
4047,4147,345,42.93
4150,4250,345,42.71
4048,4147,345,37.66
4339,4438,345,39.79
3455,3555,345,26.6
2783,2883,345,23.24
3472,3572,345,26.31
2390,2490,345,20.82
2933,3033,345,20.74
3832,3932,345,24.28
3433,3532,345,33.14
2586,2686,345,22.39
3268,3368,345,17.21
3135,3234,345,26.9
2292,2392,345,21.07
3427,3526,345,17.68
3274,3374,345,23.13
4337,4437,345,43.3
4338,4438,345,42.92
4234,4333,345,39.07
3563,3663,345,26.06
2220,2319,345,5.33
2922,3021,345,5.58
4149,4249,346,42.04
3454,3554,346,35.2
4233,4332,346,39.6
3465,3565,346,25.6
4336,4435,346,39.78
4047,4146,346,38.4
4150,4249,346,38.04
3527,3627,346,20.24
2882,2982,346,23.45
2980,3080,346,23.43
3732,3831,346,19.53
3827,3927,346,12.79
4139,4240,346,13.67
3646,3746,346,6.51
3124,3224,346,6.46
3650,3751,346,7.61
3551,3651,346,4.21
1418,1517,346,5.72
3564,3664,346,25.48
2520,2619,346,5.15
2685,2785,346,23.2
2938,2937,346,2.57
4439,4539,347,42.56
3556,3656,347,37.01
4029,4129,347,39.56
4148,4248,347,42.69
3460,3560,347,26.49
4149,4248,347,37.03
3557,3657,347,26.48
2194,2294,347,22.32
3830,3930,347,22.23
2193,2293,347,22.01
2489,2589,347,21.13
3631,3731,347,21.8
2000,2100,347,13.62
3847,3846,347,10.4
2096,2196,347,21.55
3326,3426,347,6.12
3750,3851,347,8.44
2391,2491,347,20.78
2095,2195,347,21.13
3177,3277,347,23.43
3055,3155,347,4.42
2635,2735,347,3.84
2620,2719,347,5.18
3461,3561,347,26.43
2097,2196,347,18.7
1519,1619,347,6.22
3462,3561,347,21.86
4333,4433,348,38.3
4147,4247,348,42.75
4250,4350,348,42.51
4438,4538,348,40.63
3558,3658,348,35.59
4046,4145,348,38.73
3562,3662,348,26.38
4439,4538,348,39.7
3559,3659,348,32.01
4335,4434,348,37.22
4232,4331,348,39.33
4032,4131,348,38.82
4148,4247,348,38
3079,3179,348,22.43
4132,4231,348,29.94
4132,4131,348,20.92
3826,3926,348,22.93
3454,3553,348,29.35
2784,2884,348,22.56
3275,3375,348,20.99
2488,2588,348,18.91
3270,3369,348,19.25
3269,3369,348,14.02
3472,3571,348,22.64
3832,3931,348,19.39
4436,4536,348,43.17
4437,4537,348,40.83
3929,4028,348,15.64
3471,3571,348,26.11
3374,3474,348,37.72
4334,4434,348,27.22
2198,2298,348,23.47
3371,3470,348,19.42
3563,3662,348,21.27
3123,3223,348,7.02
3843,3943,348,6.88
913,1012,348,4.23
1015,1114,348,4.15
4249,4349,349,42.18
3554,3654,349,35.3
4146,4246,349,42.79
4240,4340,349,43.32
4332,4432,349,42.46
4435,4535,349,43.33
4333,4432,349,36.84
4147,4246,349,38.1
4250,4349,349,37.72
3572,3672,349,26.4
3555,3655,349,26.61
3033,3133,349,26.55
3532,3632,349,25.83
3467,3567,349,23.65
2587,2687,349,21.15
3566,3666,349,24.27
3556,3655,349,31.2
4029,4128,349,33.98
2981,3081,349,23.45
3663,3763,349,27.18
3533,3632,349,25.55
3276,3376,349,22.84
3527,3626,349,17.71
4436,4535,349,39.77
3850,3951,349,9.06
3178,3278,349,22.45
2634,2734,349,2.88
2197,2297,349,20.39
4539,4639,350,43.26
3657,3757,350,37.56
3656,3756,350,35.76
4248,4348,350,43.25
4249,4348,350,37.23
4146,4245,350,38.16
4332,4431,350,39.66
3565,3665,350,25.1
4435,4534,350,39.51
3368,3468,350,23.39
2883,2983,350,23.24
2490,2590,350,21.07
3932,4031,350,28.58
2686,2786,350,23.22
3552,3652,350,22.21
3573,3673,350,15.05
3664,3764,350,25.9
1620,1719,350,4.86
3553,3653,351,36.41
3658,3758,351,36.75
4538,4638,351,42.56
3659,3759,351,35.25
4537,4637,351,37.46
4247,4347,351,43.33
4539,4638,351,39.12
3930,4030,351,26.01
3560,3660,351,29.64
4129,4229,351,30.73
4248,4347,351,39.08
3554,3653,351,29.46
3080,3180,351,23.45
2982,3082,351,23.28
3562,3661,351,21.74
3826,3925,351,18.51
4536,4636,351,36.15
3571,3671,351,42.58
4350,4450,351,42.93
3471,3570,351,21.35
2785,2885,351,22.61
3022,3121,351,6.45
2420,2519,351,5.38
1115,1215,351,5.78
3561,3661,351,26.41
3654,3754,352,36.7
4340,4440,352,42.59
4128,4228,352,36.87
4432,4532,352,36.83
3655,3755,352,35.3
4349,4449,352,42.79
4535,4635,352,41.85
4246,4346,352,43.3
4433,4533,352,31.87
4145,4244,352,38.41
3662,3762,352,29.8
4331,4430,352,39.45
4231,4330,352,39.63
4247,4346,352,39.43
3656,3755,352,29.92
4129,4228,352,30.23
3927,4027,352,18.12
3234,3333,352,21.73
3370,3469,352,18.25
3663,3762,352,21.86
3571,3670,352,37.83
4339,4440,352,14.1
3474,3574,352,26.4
4350,4449,352,38.4
4434,4533,352,39.05
4041,4141,352,6.7
3950,4051,352,9.32
1518,1618,352,6.65
2491,2591,352,20.04
3053,3153,352,4.42
1013,1113,352,5.81
3277,3377,352,23.26
2197,2296,352,17.81
2099,2199,352,13.29
1219,1118,352,2.8
4639,4739,353,41.67
4431,4531,353,41.66
4245,4345,353,43.28
3756,3856,353,36.5
3757,3857,353,37.05
4348,4448,353,43.3
4128,4227,353,35.67
4432,4531,353,35.63
3763,3863,353,26.59
3133,3233,353,26.61
4349,4448,353,38.16
4535,4634,353,39.36
4246,4345,353,39.26
2884,2984,353,22.61
2588,2688,353,22.97
4131,4230,353,34.73
2294,2394,353,16.96
3375,3475,353,22.58
4534,4634,353,43.28
4050,4151,353,10.23
1317,1416,353,6.44
2954,3054,353,4.43
2195,2295,353,17.85
3179,3279,353,21.56
4030,4130,354,42.95
3653,3753,354,37.92
4638,4738,354,43.08
4229,4329,354,41.57
4347,4447,354,43.32
4637,4737,354,42.56
4639,4738,354,36.53
4431,4530,354,39.26
4245,4344,354,39.19
4031,4130,354,39.77
4348,4447,354,39.25
3654,3753,354,30.88
3567,3667,354,22.77
3081,3181,354,23.33
2687,2787,354,23.46
3666,3766,354,22.88
3764,3864,354,26.3
3662,3761,354,24.21
2298,2398,354,19.73
4131,4130,354,19.3
3376,3476,354,23.32
4129,4130,354,14.9
4636,4736,354,35.29
3627,3726,354,18.16
4450,4550,354,42.79
4046,4045,354,10.16
4439,4540,354,14.71
4534,4633,354,39.68
2734,2834,354,21.45
2733,2834,354,8.39
3255,3254,354,5.46
3071,3170,354,6.6
2100,2200,354,16.04
3278,3378,354,23.46
2738,2837,354,3.24
4346,4446,355,43.31
3754,3854,355,38.58
3755,3855,355,36.65
4532,4632,355,40.25
4228,4328,355,40.93
3762,3862,355,34.53
4449,4549,355,43.05
4229,4328,355,39.2
4347,4446,355,39.37
3665,3765,355,24.88
3756,3855,355,30.68
2786,2886,355,23.19
3652,3752,355,22.06
2983,3083,355,23
4128,4127,355,18.76
2590,2690,355,20.98
4635,4735,355,33.8
3670,3770,355,36.02
3926,4026,355,15.64
2293,2393,355,13.71
2589,2689,355,14.12
4450,4549,355,38.16
3942,4042,355,6.86
3660,3760,355,33.08
2297,2397,355,19.6
4345,4445,356,43.28
4531,4631,356,34.41
4739,4839,356,40.66
3856,3956,356,37.92
4448,4548,356,43.17
4227,4327,356,37.82
4346,4445,356,39.62
4532,4631,356,38.33
4228,4327,356,38.79
4430,4529,356,37.63
4330,4429,356,39.73
4449,4548,356,38.63
4244,4343,356,39.38
3082,3182,356,23.45
3470,3569,356,18.33
2885,2985,356,23.31
3671,3771,356,20.13
4634,4734,356,40.25
3745,3845,356,6.29
3180,3280,356,23.16
2833,2934,356,7.6
1116,1216,356,5.01
4151,4251,356,38.84
2921,3020,356,5.72
3761,3861,357,34.43
4540,4640,357,43.3
4633,4733,357,43.33
4737,4837,357,42.92
4447,4547,357,43.16
4738,4838,357,41.84
4530,4630,357,34.7
3753,3853,357,39.34
4345,4444,357,39.69
4448,4547,357,38.88
3863,3963,357,32.57
4227,4326,357,36.45
3754,3853,357,32.88
3377,3477,357,22.96
2296,2396,357,20.7
3762,3861,357,28.7
4550,4650,357,41.39
4736,4836,357,42.05
3670,3769,357,30.18
3574,3674,357,22.35
4634,4733,357,38.32
3844,3944,357,6.58
2392,2492,357,8.71
2199,2299,357,22.19
2591,2691,357,22.74
2019,2118,357,6.17
1819,1918,357,5.17
4344,4444,357,43.31
16,15,357,4.1
3855,3955,358,38.11
4632,4732,358,43.19
3862,3962,358,37.16
3752,3852,358,39.43
4328,4428,358,40.43
4446,4546,358,43.31
4329,4428,358,39.23
4633,4732,358,39.48
4045,4144,358,38.96
4447,4546,358,38.86
3475,3575,358,22.09
2984,3084,358,23.43
3856,3955,358,32.16
2394,2494,358,23.46
2688,2788,358,23.46
2295,2395,358,23.09
4735,4835,358,36.31
3570,3669,358,22.21
4550,4649,358,36.17
4736,4835,358,39.47
2937,2936,358,8.46
4240,4341,358,12.48
4549,4649,358,43.04
3122,3222,358,7.14
1417,1516,358,6.55
3766,3866,358,25.16
3123,3222,358,5.83
4344,4443,358,39.62
3279,3379,358,22.5
4251,4351,359,41.13
4529,4629,359,39.2
4548,4648,359,43.26
4445,4545,359,43.33
4734,4834,359,35.14
4327,4427,359,42.03
4631,4731,359,42.5
4632,4731,359,39.76
4328,4427,359,38.46
4446,4545,359,39.31
4127,4226,359,39.72
3761,3860,359,28.59
2200,2300,359,23.03
3864,3964,359,23.13
2787,2887,359,22.52
3667,3767,359,23.1
4530,4629,359,33.81
3476,3576,359,23.23
4227,4226,359,18.22
4027,4126,359,23.41
3378,3478,359,23.02
4839,4939,359,40.15
4340,4441,359,14.66
4549,4648,359,38.61
214,314,359,6.47
3325,3425,359,5.89
115,114,359,4.16
3326,3425,359,4.99
3181,3281,359,23.42
4837,4937,360,41.84
3853,3953,360,40.25
4838,4938,360,40.57
4630,4730,360,43.09
4326,4426,360,42.46
4650,4750,360,39.72
4733,4833,360,41.42
3861,3961,360,36.5
4640,4740,360,42.43
4529,4628,360,37.55
4548,4647,360,39.13
4445,4544,360,39.53
4327,4426,360,39.46
4631,4730,360,39.68
2397,2497,360,22.78
3855,3954,360,32.37
2689,2789,360,23.22
3862,3961,360,31.36
3854,3954,360,21.91
3083,3183,360,23.38
2886,2986,360,22.85
2398,2498,360,19.86
2934,3034,360,25.51
3770,3870,360,23.28
4836,4936,360,43.32
3926,4025,360,12.2
3765,3865,360,24.93
1517,1617,360,7.41
4343,4442,360,39.76
2320,2419,360,5.45
2869,2970,360,3.59
4444,4544,360,43.3
4732,4832,361,33.46
3852,3952,361,26.3
3955,4055,361,25.9
3853,3952,361,55.82
4630,4729,361,45.25
4326,4425,361,53.71
4650,4749,361,55.77
4733,4832,361,42.72
3861,3960,361,56.57
3182,3282,361,13.07
4429,4528,361,43.66
3771,3871,361,12.86
2690,2790,361,12.37
4835,4935,361,32.76
2393,2493,361,12.33
2394,2493,361,35.95
4836,4935,361,47.29
3469,3568,361,43.98
4244,4243,361,17.89
4649,4749,361,32.51
2985,3085,361,13.29
3135,3134,361,7.13
3280,3380,361,11.95
2219,2318,361,12.1
4443,4543,361,33.52
614,713,361,9.94
4444,4543,361,48.32
4441,4541,362,33.66
4731,4831,362,33.77
4834,4934,362,31.45
4126,4225,362,55.77
4648,4748,362,33.57
4427,4527,362,33.79
4545,4645,362,33.38
4351,4451,362,31.85
4428,4527,362,42.25
4732,4831,362,42.09
3962,4062,362,23.16
3962,4061,362,56.53
3955,4054,362,56.46
3963,4063,362,15.46
3963,4062,362,40.71
3569,3668,362,45.2
2397,2496,362,30.48
4026,4125,362,46.39
4835,4934,362,39.52
4939,5038,362,55.81
3770,3869,362,38.73
4440,4541,362,15.01
4649,4748,362,51.28
4240,4241,362,7.83
3454,3453,362,7.83
2119,2218,362,12.35
4350,4451,362,11.04
2720,2819,362,11.56
4443,4542,362,48.51
813,912,362,9.4
1013,1112,362,11.11
3055,3154,362,8.82
1115,1214,362,11.07
3954,4053,363,56.13
4544,4643,363,50.49
4750,4849,363,56.1
4426,4526,363,33.83
3961,4060,363,56.61
4628,4728,363,33.72
4730,4829,363,49.71
4731,4830,363,46.95
4834,4933,363,36.29
4648,4747,363,48.27
4427,4526,363,44.47
4545,4644,363,49.07
4629,4728,363,46.13
3576,3675,363,49.81
3669,3768,363,33.5
2691,2791,363,13.3
3477,3577,363,13
4937,5036,363,55.12
4936,5035,363,50.72
4045,4044,363,16.87
4938,5037,363,56.05
4939,5039,363,27.89
3769,3868,363,39.59
3674,3773,363,36.24
2396,2495,363,40.11
2492,2592,363,12.92
3866,3966,363,16.77
3866,3965,363,34.38
3225,3324,363,11.13
4343,4342,363,19.12
2820,2919,363,11.48
4832,4932,364,33.36
4729,4828,364,48.66
4055,4154,364,56.49
4425,4525,364,33.49
2789,2888,364,37.7
4740,4840,364,30.4
4025,4124,364,42.71
4750,4850,364,27.18
4426,4525,364,45.33
4628,4727,364,43.72
2300,2399,364,40.77
4226,4325,364,31.36
2494,2593,364,29.91
3870,3969,364,39.39
4935,5034,364,48.76
4749,4848,364,51.54
2018,2117,364,12.39
3122,3221,364,12.38
2299,2399,364,10.74
414,513,364,10.75
4543,4642,364,51
4061,4160,365,56.61
4062,4161,365,53.15
4748,4847,365,49.04
4831,4931,365,33.68
4831,4930,365,47.65
4541,4641,365,33.72
4832,4931,365,41.66
3282,3381,365,36.67
4528,4627,365,37.27
2790,2889,365,40.39
4055,4155,365,25.76
4425,4524,365,42.25
3871,3970,365,38.01
2497,2596,365,29.13
3767,3867,365,16.17
3964,4064,365,15.81
3576,3676,365,14.51
2494,2594,365,13.24
4144,4143,365,16.61
3084,3184,365,13.28
2936,3035,365,23.82
5038,5137,365,56.39
2498,2597,365,32.33
3380,3479,365,40.11
1517,1616,365,12.59
4450,4551,365,10.56
3021,3120,365,12.27
4542,4641,365,48.81
214,313,365,10.94
3325,3424,365,11.22
3943,4043,365,4.67
3379,3479,365,12.77
4830,4929,366,48.81
4829,4929,366,33.43
4829,4928,366,48.88
4060,4159,366,56.59
4933,5033,366,33.82
4053,4152,366,56.16
5039,5138,366,56.26
4225,4324,366,45.77
4063,4162,366,40.23
4527,4626,366,38.81
4934,5033,366,45.48
3952,4052,366,24.68
4425,4424,366,20.59
5036,5135,366,54.22
2887,2987,366,13.04
5037,5136,366,56.16
5038,5138,366,26.24
3869,3968,366,40.2
3674,3774,366,8.66
3478,3578,366,13.03
3526,3625,366,11.58
2319,2418,366,11.91
5035,5134,366,53.18
3953,4052,366,27.74
2920,3019,366,11.18
4643,4742,366,51.81
4932,5032,367,33.46
4932,5031,367,48.73
4727,4827,367,33.81
4828,4927,367,47.15
4124,4223,367,51.09
4850,4949,367,55.89
4728,4827,367,46.91
4526,4625,367,40.29
4933,5032,367,46.27
4053,4153,367,27.01
5039,5139,367,26.71
5034,5133,367,52.54
4243,4242,367,18.88
3966,4065,367,41.72
4642,4741,367,50.52
2300,2400,367,11.95
3773,3872,367,38.73
3846,3945,367,11.6
3426,3525,367,11.65
1619,1718,367,11.29
2619,2718,367,11.18
4643,4743,367,32.22
4161,4260,368,54.76
4155,4254,368,56.36
4931,5030,368,48.73
4160,4259,368,56.24
4930,5030,368,33.66
4930,5029,368,47.74
4727,4826,368,44.71
4850,4950,368,27.71
4225,4224,368,18.92
5137,5236,368,56.37
3183,3283,368,13.22
3969,4068,368,37.93
2498,2598,368,13.3
1416,1515,368,12.78
1618,1717,368,12.14
4840,4940,368,30.01
1719,1818,368,11.4
3223,3323,368,3.95
3223,3322,368,11.23
2719,2818,368,11
3224,3323,368,10.89
514,613,368,10.27
3673,3772,368,12.72
1012,1111,368,11.4
1114,1213,368,11.05
5134,5233,369,55.86
4162,4261,369,55.02
5138,5237,369,56.33
2889,2988,369,37.29
4551,4651,369,32.71
4155,4255,369,26.34
4627,4726,369,42.29
4525,4624,369,35.28
3970,4069,369,41.64
2791,2890,369,24.68
5135,5234,369,56.27
2496,2595,369,22.21
4063,4163,369,15.6
5136,5235,369,56.61
3282,3382,369,13.15
2593,2692,369,31.95
3871,3971,369,13
2986,3086,369,12.39
2519,2618,369,11.21
3085,3185,369,13.29
3626,3725,369,10.91
3121,3220,369,11.11
4928,5028,369,33.75
3381,3480,369,38.36
1217,1316,369,9.34
3676,3775,369,42.58
4742,4841,369,50.97
4524,4624,369,29.42
5033,5132,369,51.8
4159,4258,369,56.58
1215,1314,369,11.58
5032,5131,370,50.7
5139,5238,370,56.61
4153,4252,370,56.26
4065,4164,370,49.76
4223,4322,370,55.37
5133,5232,370,54.96
5031,5130,370,49.76
3774,3873,370,37.41
4626,4725,370,37.5
2596,2695,370,32.88
2597,2696,370,32.45
4154,4253,370,27.43
3578,3677,370,39.97
4424,4523,370,39.41
4928,5027,370,43.96
2594,2693,370,29.51
4742,4842,370,32.67
4524,4623,370,32.51
4524,4523,370,22.84
1113,1212,370,11.08
4259,4358,371,56.26
4224,4323,371,56.34
5029,5129,371,33.83
4260,4359,371,54.22
4827,4926,371,45.93
4223,4323,371,28.71
4143,4142,371,17.31
5236,5335,371,52.29
4950,5049,371,55.99
2791,2891,371,12.84
4545,4646,371,12.19
1516,1615,371,12.41
2118,2217,371,12.05
4547,4646,371,11.63
2936,2935,371,8.74
1918,2017,371,12.23
4424,4423,371,21.62
1216,1315,371,11.27
1215,1315,371,4.31
5132,5231,372,53.24
5029,5128,372,45.93
4940,5040,372,29.36
5139,5239,372,24.32
5235,5334,372,55.1
4625,4724,372,31.1
4162,4262,372,19.37
5234,5333,372,56.38
5237,5336,372,50.82
4950,5050,372,27.48
1617,1716,372,12.07
4068,4167,372,45.88
314,413,372,11.91
3222,3321,372,11.17
3625,3724,372,25.54
2734,2835,372,5.09
5233,5332,372,56.56
4258,4357,372,56.6
3020,3119,372,10.71
5131,5230,373,52.67
4164,4263,373,54.71
5238,5337,373,51.51
4253,4352,373,56.53
5232,5331,373,56
2890,2989,373,37.06
2988,3087,373,40.8
4261,4360,373,39.46
4651,4751,373,31.76
4069,4168,373,46.3
3479,3579,373,13.08
3184,3284,373,13.25
3867,3967,373,13.3
2597,2697,373,13.3
4647,4746,373,11.68
4322,4422,373,33.56
4322,4421,373,48.3
3966,4066,373,10.54
3425,3524,373,11.33
4351,4452,373,10.17
2598,2697,373,31.12
4251,4352,373,8.3
2419,2518,373,11.42
3480,3579,373,37.45
3185,3284,373,39.09
4841,4941,373,32.5
3759,3858,373,9.03
3381,3481,373,12.95
3826,3825,373,4.12
2594,2694,373,13.22
2399,2499,373,11.12
5049,5148,374,52.05
5335,5434,374,52.42
4253,4353,374,25.49
3775,3874,374,34.6
3677,3776,374,38.1
4523,4622,374,42.09
4254,4353,374,27.16
4065,4165,374,14.48
3774,3874,374,13.08
3725,3824,374,29.48
3971,4070,374,32.16
3873,3972,374,36.46
3578,3678,374,12.55
2318,2417,374,11.1
4623,4723,374,30.98
4927,5026,374,21.55
3968,4067,374,19.71
3254,3353,374,8.82
3760,3859,374,8.92
4358,4457,374,56.61
4359,4458,374,56.22
5332,5431,375,56.51
5239,5338,375,54.51
2891,2990,375,40.71
5049,5149,375,32.07
5334,5433,375,55.62
2693,2792,375,32.6
4255,4354,375,28.13
4826,4925,375,23.11
4523,4522,375,20.65
5336,5435,375,50.69
4423,4522,375,45.86
4060,4059,375,8.64
2218,2317,375,11.36
4451,4552,375,11.76
4645,4744,375,11.48
912,1011,375,11.19
4623,4722,375,35.34
5333,5432,375,56.59
5050,5149,375,55.99
1214,1313,375,11.35
4167,4266,375,47.45
1112,1211,375,11.02
4357,4456,375,56.24
4263,4362,376,56.58
5230,5329,376,55.87
5040,5140,376,28.67
4164,4264,376,18.93
5130,5229,376,24.83
4726,4825,376,21
5337,5436,376,50.69
4261,4361,376,15.8
5028,5127,376,21.69
3283,3383,376,13.3
4422,4521,376,52.25
4223,4222,376,11.69
4747,4846,376,11.58
713,812,376,9.59
4322,4321,376,17.45
2819,2918,376,10.67
2598,2698,376,13.28
5050,5150,376,27.48
3856,3957,376,6.21
3925,4024,376,7.39
4359,4459,376,21.84
3860,3959,376,9.03
4457,4556,377,55.67
4263,4363,377,25.11
5230,5330,377,27.76
3825,3924,377,35.93
3087,3186,377,38.61
4751,4851,377,32.2
2989,3088,377,40.62
5434,5533,377,55.65
5129,5228,377,24.01
4926,5025,377,24.24
2695,2794,377,22.11
4458,4557,377,55.82
3775,3875,377,13.27
3382,3482,377,13.29
4168,4267,377,46.95
4255,4355,377,13.15
4070,4169,377,49.18
4941,5041,377,32.21
2400,2500,377,10.99
5148,5247,377,51.11
4069,4169,377,12.53
1616,1715,377,11.86
3971,4071,377,13.3
2117,2216,377,11.19
3324,3423,377,10.71
4849,4948,377,10.68
3480,3580,377,13.07
3185,3285,377,12.81
2937,2836,377,5.02
4848,4947,377,11.14
15,14,377,5.47
4456,4555,378,55.59
5432,5531,378,56.5
5338,5437,378,53.91
5435,5534,378,55.57
5149,5248,378,51.6
4067,4166,378,42.46
3678,3777,378,39.54
2694,2793,378,31.15
5239,5339,378,18.66
5049,5048,378,14.85
2695,2795,378,12.51
4458,4558,378,27.88
2693,2793,378,13.3
5148,5248,378,32.6
4551,4652,378,11.12
313,412,378,11.1
3221,3320,378,10.54
3873,3973,378,13.17
114,213,378,7.76
513,612,378,10.13
4847,4946,378,11.37
2919,3018,378,9.89
4159,4158,378,8.54
4361,4460,379,55.24
4362,4461,379,56.55
4024,4123,379,51.41
5436,5535,379,56.26
5432,5532,379,25.69
5433,5532,379,35.78
2990,3089,379,37.05
4353,4453,379,23.14
5149,5249,379,32.34
5331,5430,379,28.16
3824,3923,379,32.3
1718,1817,379,11.82
4321,4420,379,56.4
3424,3523,379,10.7
3154,3253,379,8.83
5150,5249,379,55.26
2418,2517,379,11.06
4742,4843,379,11.07
4556,4655,380,54.55
4355,4454,380,55.67
5330,5429,380,56.52
4557,4656,380,55.52
4362,4462,380,25.31
5140,5240,380,27.55
5431,5530,380,28.36
5247,5346,380,53.34
2891,2991,380,11.51
2696,2796,380,10.84
4459,4559,380,29.46
3525,3624,380,11.13
3120,3219,380,9.78
1515,1614,380,12.01
5150,5250,380,28.9
3955,4056,380,6.57
4267,4366,380,49.7
4723,4822,380,26.09
4258,4257,380,9.15
4555,4654,381,54.97
4558,4657,381,55.07
4851,4951,381,31.38
3285,3384,381,40.51
5437,5536,381,56.18
4355,4455,381,28.17
3088,3187,381,39.18
4557,4657,381,28.45
5329,5428,381,28.53
5339,5438,381,56.6
5436,5536,381,21.97
4925,5024,381,27.93
5338,5438,381,17.93
5247,5347,381,31.12
4622,4721,381,21.24
2499,2599,381,13.28
3579,3679,381,12.95
3284,3384,381,13.24
5534,5633,381,54.89
4169,4268,381,46.58
3973,4072,381,49.69
4168,4268,381,12.86
1213,1312,381,11.22
1717,1816,381,11.77
1818,1917,381,11.74
5148,5147,381,15.56
2698,2797,381,30.04
5041,5141,381,31.51
5248,5347,381,52.12
1316,1415,381,12.41
3481,3581,381,13.29
5535,5634,382,52.07
5532,5631,382,56.17
5430,5529,382,56.45
4652,4752,382,27.32
4558,4658,382,29.19
3875,3974,382,32.98
5437,5537,382,26.95
5533,5632,382,33.13
5025,5124,382,28.43
4825,4924,382,25.61
4264,4364,382,18.24
5229,5328,382,26.83
4165,4265,382,13.7
3874,3974,382,13.27
3678,3778,382,12.7
3776,3876,382,13.28
5534,5634,382,29.44
4071,4170,382,32.66
4725,4824,382,12.7
5027,5126,382,12.18
4070,4170,382,14.12
3323,3422,382,10.48
3322,3421,382,10.48
3019,3118,382,9.31
2718,2817,382,9.99
5248,5348,382,32.03
5249,5348,382,50.52
1314,1413,382,11.72
4723,4823,382,12.99
4357,4356,382,10.36
1111,1210,382,10.71
4655,4754,383,55.38
4656,4755,383,55.86
4460,4560,383,28.11
5535,5635,383,32.06
3089,3188,383,40.64
2793,2892,383,33.06
4222,4221,383,16.28
5346,5445,383,51.5
5339,5439,383,23.97
2017,2116,383,11.99
1212,1311,383,10.93
5250,5349,383,51.38
613,712,383,10.05
1315,1414,383,12.04
3018,3117,383,31.07
2618,2717,383,10.69
4055,4156,383,6.51
4841,4942,383,10.86
5249,5349,383,32.87
4654,4753,384,56.17
4657,4756,384,56
5536,5636,384,33.61
2991,3090,384,37.03
4656,4756,384,27.79
4453,4553,384,22.8
5531,5630,384,27.9
2794,2893,384,23.14
4268,4367,384,48.4
5346,5446,384,32.39
3383,3483,384,13.27
4072,4171,384,52.98
1716,1815,384,12.09
1615,1714,384,11.68
4646,4745,384,11.7
5250,5350,384,32.46
2818,2917,384,9.26
5147,5246,384,52.36
2698,2798,384,13.24
5347,5446,384,50.72
4267,4367,384,14.44
5631,5730,385,56.27
5124,5223,385,55.45
5632,5731,385,54.35
4658,4757,385,56.53
3187,3286,385,38.98
4951,5051,385,30.47
5438,5538,385,33.3
4657,4757,385,27.45
5530,5629,385,28.43
2796,2895,385,31.75
2795,2894,385,22.45
2794,2894,385,12.66
3875,3975,385,13.3
2797,2896,385,39.63
4170,4269,385,47.77
5025,5125,385,13.16
14,113,385,19.99
4169,4269,385,12.67
5128,5227,385,11.11
2217,2316,385,10.74
3973,4073,385,14.44
3220,3319,385,9.36
3482,3582,385,13.29
5348,5447,385,50.54
4822,4921,385,30.26
5240,5340,385,24.14
5347,5447,385,32.78
3580,3680,385,13.3
5141,5241,385,28.85
4755,4854,386,55.32
4754,4853,386,56.02
5632,5732,386,30.12
4658,4758,386,25.48
5633,5732,386,29.62
5537,5637,386,31.97
2500,2600,386,11.95
5445,5545,386,33.55
5445,5544,386,48.35
3285,3385,386,12.27
4746,4845,386,11.74
2518,2617,386,10.97
413,512,386,10.34
3777,3877,386,13.21
5348,5448,386,32.86
4155,4256,386,6.76
4221,4320,386,51.85
5349,5448,386,50.3
5439,5539,386,33.57
4756,4855,387,55.42
5246,5345,387,54.28
4753,4852,387,56.34
4942,5042,387,32.84
4755,4855,387,28.8
3188,3287,387,40.39
5124,5224,387,20.07
5446,5546,387,33.78
5633,5733,387,17.13
4455,4554,387,27.02
4171,4270,387,49.7
4555,4554,387,12.17
5350,5450,387,33.59
5350,5449,387,48.17
4367,4466,387,52.9
5346,5345,387,15.27
4072,4172,387,16.97
4751,4852,387,10.53
3321,3420,387,9.98
3118,3217,387,30.87
4941,5042,387,10.54
3524,3623,387,10.54
5349,5449,387,32.96
4757,4856,388,55.68
5227,5326,388,56.53
5730,5829,388,55.63
4756,4856,388,28.63
3090,3189,388,39.96
3089,3189,388,11.4
3117,3216,388,30.95
1011,1110,388,10.92
4522,4621,388,11.34
5634,5734,388,16.83
2417,2516,388,10.81
2798,2897,388,40.79
5147,5146,388,14.6
4822,4922,388,13.25
3724,3823,388,9.13
1313,1412,388,11.31
3119,3218,388,8.92
5732,5831,389,54.31
4853,4952,389,56.32
4854,4953,389,55.97
5731,5830,389,35.91
4757,4857,389,28.16
5051,5151,389,30.13
2895,2994,389,40.06
2894,2993,389,39.5
2896,2995,389,40.77
2917,3016,389,31.51
5630,5729,389,30.36
2893,2992,389,33.67
4553,4653,389,23.37
4269,4368,389,46.73
3384,3484,389,13.05
3582,3681,389,35.76
4268,4368,389,13.65
5445,5444,389,17.43
2599,2699,389,12.89
4846,4945,389,11.62
5538,5638,389,26.03
2317,2416,389,10.76
1211,1310,389,10.53
3581,3681,389,13.27
4421,4520,389,8.94
3679,3779,389,13.27
5340,5440,389,27.23
5241,5341,389,25.9
4855,4954,390,54.17
5224,5323,390,55.35
5733,5832,390,51.1
3217,3316,390,56.53
5732,5832,390,30.16
4854,4954,390,27.53
5450,5550,390,33.5
5450,5549,390,48.59
5227,5327,390,23.18
3975,4074,390,29.52
4172,4271,390,51.01
5635,5735,390,15.88
3319,3418,390,29.69
3974,4074,390,13.24
4466,4565,390,54.96
3876,3976,390,13.05
4367,4467,390,16.9
4948,5047,390,10.9
4921,5020,390,29.56
1715,1814,390,11.62
213,312,390,12.67
5127,5226,390,10.43
5539,5639,390,30.52
3778,3878,390,13.24
3859,3958,390,9.13
4221,4220,390,15
5326,5425,391,55.07
3216,3315,391,56.6
4856,4955,391,53.76
4855,4955,391,30.32
3287,3386,391,40.39
5733,5833,391,32.6
5042,5142,391,31.78
5545,5644,391,29.29
5636,5736,391,15.16
4270,4369,391,36.5
3823,3922,391,56.3
4073,4173,391,17.33
2991,3091,391,9.44
5544,5643,391,29.82
5146,5245,391,53.4
5734,5834,391,33.82
3423,3522,391,10.16
2216,2315,391,10.31
4521,4620,391,10.05
812,911,391,9.92
1817,1916,391,12.06
4722,4821,391,9.43
4946,5045,391,11.18
4947,5046,391,10.84
5830,5929,392,55.38
5440,5540,392,33.81
5729,5828,392,53.5
4953,5052,392,56.56
3189,3288,392,39.49
5829,5928,392,40.66
4856,4956,392,30.74
3217,3317,392,23.23
5545,5645,392,17.13
2917,3017,392,13.29
2897,2996,392,40.66
3188,3288,392,11.14
5444,5543,392,50.36
2918,3017,392,8.85
3483,3583,392,13.12
3959,4058,392,9.02
5327,5426,393,55.81
5832,5931,393,56.19
4954,5053,393,56.4
5341,5441,393,27.78
2994,3093,393,39.7
2995,3094,393,37.52
5151,5251,393,30.19
5831,5930,393,37.4
4922,5021,393,30.19
5224,5324,393,19.91
4467,4566,393,54.16
3975,4075,393,13.22
3319,3419,393,13.23
4466,4566,393,19.29
2517,2616,393,10.41
412,511,393,10.06
5637,5737,393,15.11
3582,3682,393,13.22
4921,5021,393,13.22
1816,1915,393,12.29
1917,2016,393,12.28
1415,1514,393,12.39
2798,2898,393,11.71
1614,1713,393,11.21
612,711,393,9.8
4266,4365,393,8.03
3680,3780,393,13.17
3316,3415,393,56.39
4955,5054,394,54.34
5245,5344,394,53.94
4173,4272,394,51.64
5425,5524,394,55.83
3315,3414,394,56.24
5735,5835,394,31.24
5832,5932,394,26.94
4954,5054,394,26.17
2993,3092,394,33.64
3016,3115,394,30.71
4271,4370,394,35.9
5345,5344,394,14.74
4172,4272,394,15.34
3090,3190,394,10.82
5045,5144,394,52.06
3523,3622,394,9.99
4123,4122,394,7.15
5046,5145,394,52.52
5539,5640,394,18.84
5250,5351,394,10.81
3316,3416,394,26.23
5928,6027,395,55.14
5828,5927,395,52.64
4955,5055,395,30.13
5736,5836,395,31.66
5142,5242,395,28.98
5327,5427,395,20.79
3386,3485,395,40.59
5020,5119,395,29.76
4369,4468,395,46.3
3385,3485,395,11.97
3877,3977,395,11.92
5446,5547,395,13.43
1413,1512,395,11.1
4462,4561,395,9.51
1312,1411,395,10.67
14,13,395,5.57
4222,4121,395,7.67
3924,4023,395,8.15
3624,3723,395,10.04
3923,4022,395,8.87
3418,3517,395,30.13
5931,6030,396,55.37
5324,5423,396,55.42
3288,3387,396,39.29
5929,6028,396,40.45
5052,5152,396,31.49
5644,5743,396,29.22
5643,5742,396,28.99
5834,5933,396,32.85
5425,5525,396,20.84
5638,5738,396,15.74
4566,4665,396,55.45
4922,5022,396,13.25
3189,3289,396,12.71
3218,3318,396,13.26
3287,3387,396,12.35
4467,4567,396,18.22
4942,5043,396,11.29
4821,4920,396,29.94
1414,1513,396,11.77
5639,5739,396,16.68
5639,5738,396,23.85
5429,5528,396,9.09
4558,4659,396,8.21
5350,5451,396,12.69
4420,4519,396,8.6
5444,5443,396,16.1
1210,1309,396,10.12
3219,3318,396,8.88
3115,3214,397,55.52
5144,5243,397,53.31
4272,4371,397,49.32
3094,3193,397,36.19
5930,6029,397,40.1
5737,5837,397,32.39
2996,3095,397,34.8
3622,3721,397,56.58
5644,5744,397,17.13
5145,5244,397,53.04
5834,5934,397,16.94
3017,3116,397,31.4
2995,3095,397,13.07
3016,3116,397,13.27
2699,2799,397,13.27
4745,4844,397,11.68
2897,2997,397,11.43
1815,1914,397,11.39
2116,2215,397,10.57
3422,3521,397,10.1
5126,5225,397,9.57
3421,3520,397,9.72
5124,5123,397,6.85
1714,1813,397,11.03
5543,5642,397,29.07
3681,3781,397,13.3
2898,2997,397,40.75
3779,3879,397,13.2
3317,3417,397,24.64
3682,3781,397,38.35
2600,2700,397,9.72
5524,5623,397,56.27
3723,3822,398,56.51
5427,5526,398,53.68
5836,5935,398,53.76
5055,5154,398,54.87
5932,6031,398,38.09
3092,3191,398,40.69
5324,5424,398,20.02
4370,4469,398,46.37
3622,3722,398,25.05
4173,4273,398,15.82
3976,4076,398,12.91
5020,5120,398,13.23
4074,4174,398,13.28
4075,4174,398,30.73
6027,6126,398,54.43
4566,4666,398,20.07
3484,3584,398,11.44
5927,6026,398,56.38
5021,5120,398,30.06
1311,1410,398,10.04
712,811,398,9.57
5045,5044,398,14.84
4824,4923,398,9.32
4364,4463,398,8.91
4924,5023,398,8.89
5529,5628,398,8.88
4721,4820,398,8.83
5428,5527,398,8.79
3878,3978,398,12.92
5640,5740,398,30.45
4366,4465,398,8.23
3418,3518,398,13.25
5022,5121,399,56.23
5528,5627,399,54.61
5443,5542,399,50.75
5525,5624,399,54.6
5738,5838,399,33.8
6028,6127,399,56.43
5423,5522,399,54.72
5836,5936,399,30.74
5055,5155,399,29.47
5242,5342,399,27.36
3115,3215,399,20.2
3093,3192,399,25.71
5441,5541,399,17.1
5440,5541,399,14.58
6027,6127,399,30.02
5451,5551,399,33.68
4845,4944,399,11.63
5450,5551,399,12.46
113,212,399,10.58
2316,2415,399,10.12
2717,2816,399,9.01
2817,2916,399,8.56
4665,4764,399,56.17
3416,3515,399,28.4
5524,5624,399,22
3415,3514,399,27.5
5244,5343,400,53.31
3214,3313,400,55.81
6029,6128,400,51.88
4371,4470,400,47.8
3289,3388,400,38.24
5933,6032,400,36.36
5152,5252,400,32.41
3387,3486,400,36.24
3721,3820,400,56.43
3414,3513,400,26.5
3288,3388,400,12.76
2996,3096,400,13.26
3386,3486,400,12.21
5043,5143,400,31.35
4942,4943,400,6.25
5449,5548,400,11.3
5623,5722,400,56.46
3583,3683,400,12.93
5642,5741,400,53.73
6026,6125,401,52.8
3722,3821,401,56.3
4273,4372,401,50.46
4666,4765,401,55.87
5935,6034,401,56.57
6126,6225,401,50.7
5154,5253,401,56.53
5424,5523,401,55.71
5527,5626,401,50.68
5934,6033,401,36.08
3095,3194,401,35.73
5837,5937,401,29.69
5022,5122,401,21.87
5743,5842,401,30.35
4469,4568,401,47.87
5119,5218,401,27.79
3094,3194,401,13.19
3315,3314,401,10.35
4075,4175,401,13.27
3781,3880,401,36.13
512,611,401,9.83
2617,2716,401,9.6
5742,5841,401,31.12
4056,4157,401,6.76
3822,3921,401,56.3
5623,5723,401,25.88
3682,3782,401,12.95
3780,3880,401,13.29
4665,4765,401,21.7
5936,6035,402,56.6
5155,5254,402,54.98
5542,5641,402,51.55
3191,3290,402,39.93
5935,6035,402,25.19
6126,6226,402,32.79
5154,5254,402,25.48
5225,5325,402,20.57
3193,3292,402,28.92
5743,5843,402,17.11
5525,5625,402,18.77
5739,5839,402,17.12
5744,5843,402,30.52
4567,4667,402,19.33
3190,3290,402,12.74
5121,5220,402,56.6
4621,4720,402,10.19
1110,1209,402,10.41
5629,5728,402,8.41
6127,6226,402,55.87
1412,1511,402,10.42
2898,2998,402,11.59
5223,5322,402,8.48
4764,4863,402,56.58
3416,3516,402,13.16
5343,5442,403,51.88
3313,3412,403,55.47
5252,5352,403,33.67
3513,3612,403,55.99
6128,6227,403,56.61
5624,5724,403,28.33
5155,5255,403,29.32
5627,5726,403,35.67
3192,3291,403,40.71
5342,5442,403,29.32
4666,4766,403,20.91
5628,5727,403,34.32
5443,5442,403,15.82
5744,5844,403,17.1
4121,4120,403,13.25
3977,4077,403,12.77
5119,5219,403,13.12
5550,5649,403,11.57
3420,3519,403,9.26
5549,5648,403,11.39
3978,4077,403,30.75
1814,1913,403,10.89
6127,6227,403,27.75
4320,4419,403,8.38
5723,5822,404,50.88
5122,5221,404,56.6
3821,3920,404,56.53
3314,3413,404,56.29
6033,6132,404,55.16
5626,5725,404,54.07
3313,3413,404,28.55
4765,4864,404,56.34
3513,3613,404,27.49
3388,3487,404,39.91
4470,4569,404,45.71
3486,3585,404,40.63
5936,6036,404,23.97
3514,3613,404,28.93
2916,3015,404,31.21
2816,2915,404,32.11
6029,6129,404,16.01
3289,3389,404,12.97
3387,3487,404,13.19
5842,5941,404,56.47
911,1010,404,11.13
312,411,404,10.61
5121,5221,404,23.86
2416,2515,404,9.89
1310,1409,404,9.57
1916,2015,404,11.71
2516,2615,404,9.38
4856,4957,404,9.24
6125,6224,404,49.57
4757,4858,404,7.64
5740,5840,404,17.01
3515,3614,404,29.66
3921,4020,404,56.61
4764,4864,404,23.59
5254,5353,405,56.28
5322,5421,405,54.54
5723,5823,405,32.71
4372,4471,405,35.74
6128,6228,405,24.29
5838,5938,405,16.85
4273,4373,405,14.95
3516,3615,405,56.32
3095,3195,405,13.22
3782,3881,405,39.49
2700,2800,405,12.77
3193,3293,405,13.19
4371,4471,405,13.31
6226,6325,405,53.52
5842,5942,405,25.85
3622,3621,405,9.33
2997,3097,405,13.12
4863,4962,405,56.61
3781,3881,405,13.19
5927,5926,405,10.04
5839,5938,405,55.72
4520,4619,405,9.17
4658,4759,405,6.39
3879,3979,405,13.3
3880,3979,405,36.11
4766,4865,406,56.07
3412,3511,406,53.57
5726,5825,406,56.57
5352,5452,406,33.6
3292,3391,406,40.69
5322,5422,406,29.89
5122,5222,406,24.83
2716,2815,406,31.76
4765,4865,406,22.27
6026,6025,406,14.24
4076,4176,406,13.22
2799,2899,406,11.55
5841,5940,406,35.09
4174,4274,406,13.3
6226,6326,406,30.96
4175,4274,406,31.14
1514,1613,406,11.47
5255,5354,406,56.55
6227,6326,406,55.54
1915,2014,406,10.93
5451,5552,406,15.2
3978,4078,406,13.27
3958,4057,406,9.02
5351,5452,406,11.98
2016,2115,406,11.03
3921,4021,406,24.48
5941,6040,407,54.91
3614,3713,407,56.54
4569,4668,407,49.47
3613,3712,407,56.61
3413,3512,407,53.46
5725,5824,407,56.05
5724,5824,407,31.18
3291,3390,407,39.89
3412,3512,407,30.92
3612,3711,407,36.56
4667,4767,407,20.7
5728,5827,407,35.13
6033,6133,407,19.59
4568,4668,407,17.12
3516,3616,407,22.2
6225,6324,407,28.23
4864,4963,407,56.57
13,112,407,11.97
5052,5153,407,9.84
5255,5355,407,25.37
6227,6327,407,28.41
2315,2414,407,9.34
4863,4963,407,24.17
5221,5320,407,55.67
5840,5939,407,55.34
1713,1812,407,10.64
5839,5939,407,20.59
5822,5921,407,56.61
4565,4664,407,8.56
4220,4319,407,8.61
5938,6037,408,54.13
5823,5922,408,53.45
3621,3720,408,56.58
3389,3488,408,40.58
3487,3586,408,39.38
6224,6323,408,38.54
4766,4866,408,21.4
4373,4472,408,50.28
5727,5826,408,34.11
5726,5826,408,23.51
3585,3684,408,39.96
5421,5520,408,56.58
5937,6037,408,16.28
3388,3488,408,12.58
3096,3196,408,13.09
3584,3684,408,11
4955,5056,408,8.81
4620,4719,408,8.74
5221,5321,408,28.17
511,610,408,9.73
6125,6124,408,16.64
3615,3714,408,56.23
5623,5622,408,9.81
5547,5646,408,11.72
4962,5061,408,56.61
5843,5943,408,16.86
711,810,408,10.01
5844,5943,408,33.77
3511,3610,409,55.08
5825,5924,409,56.16
5422,5521,409,56.33
4865,4964,409,56.46
5823,5923,409,31.03
3293,3392,409,38.39
6325,6424,409,40.39
2915,3014,409,31.51
5940,6039,409,51.37
3015,3114,409,31.36
4471,4570,409,47.09
5421,5521,409,25.1
3313,3312,409,11.57
3683,3783,409,12.27
4470,4570,409,12.24
3881,3980,409,37.01
4864,4964,409,23.51
3782,3882,409,12.71
1513,1612,409,10.94
3115,3114,409,6.91
4175,4275,409,13.28
1512,1611,409,10.42
3880,3980,409,13.19
5942,6041,409,35.81
5844,5944,409,16.84
3712,3811,410,56.47
3512,3611,410,55.74
3511,3611,410,29.17
3391,3490,410,40.39
5825,5925,410,27.03
6228,6328,410,22.77
6326,6425,410,36.28
3195,3294,410,34.29
5320,5419,410,55.56
3194,3294,410,11.75
4963,5062,410,56.6
1411,1510,410,9.7
2616,2715,410,8.82
4519,4618,410,10.56
3615,3715,410,21.89
4962,5062,410,24.03
4365,4464,410,8.44
4866,4965,411,56.24
3714,3813,411,56.42
5922,6021,411,56.57
3713,3812,411,37.71
4472,4571,411,49.06
3390,3489,411,40.79
3711,3810,411,37.63
6324,6423,411,38.79
2815,2914,411,32.37
4865,4965,411,22.78
5938,6038,411,18.18
6129,6229,411,14.49
4569,4669,411,14.3
5320,5420,411,28.38
4077,4177,411,13.3
3412,3411,411,13.57
3214,3213,411,7.17
5551,5650,411,12.05
1813,1912,411,10.55
5321,5420,411,54.29
4078,4177,411,34.96
1914,2013,411,10.8
6037,6136,411,47.18
4561,4660,411,9.14
5020,5019,411,4.94
5939,6038,411,39.75
2998,3098,411,12.1
5921,6020,411,39.88
212,311,411,11.93
5061,5160,411,56.14
4764,4763,411,8.54
5924,6023,412,54.62
3610,3709,412,56.17
3488,3587,412,39.3
5922,6022,412,25.15
6327,6426,412,30.16
3586,3685,412,39.48
4767,4867,412,20.7
4274,4374,412,17.11
4964,5063,412,56.54
3487,3587,412,12.74
4373,4473,412,14.82
811,910,412,10.52
4963,5063,412,23.89
2215,2314,412,9.57
5055,5156,412,8.38
3521,3620,412,9.48
1309,1408,412,9
5942,6042,412,16.55
5925,6024,413,55.47
3611,3710,413,56.25
5924,6024,413,29.8
3610,3710,413,26.99
6424,6523,413,41.23
3392,3491,413,39.22
4866,4966,413,21.91
3714,3814,413,22.59
3196,3295,413,29.19
4668,4768,413,17.72
6025,6024,413,14.48
3882,3981,413,39.7
3293,3393,413,12.94
5353,5453,413,12.88
3195,3295,413,13.28
3715,3814,413,56.43
5352,5453,413,15.46
3097,3197,413,12.64
5548,5647,413,11.42
3881,3981,413,13.12
3520,3619,413,9.21
4463,4562,413,9.5
5061,5161,413,21.6
3979,4079,413,13.26
5062,5161,413,56.49
3980,4079,413,36.85
4763,4862,414,56.61
4965,5064,414,56.54
2914,3013,414,54.64
3813,3912,414,56
3411,3510,414,54.67
4571,4670,414,47.87
3812,3911,414,54.18
3490,3589,414,39.73
3811,3910,414,41.91
5944,6043,414,34.79
6425,6524,414,38.26
6124,6223,414,27.5
4176,4276,414,13.28
2899,2999,414,12.83
4964,5064,414,23.3
2800,2900,414,12.25
5552,5651,414,19.96
1410,1509,414,8.97
5160,5259,414,56.26
4078,4178,414,13.26
4863,4862,414,8.85
5943,6043,414,16.72
3709,3808,415,52.85
3810,3909,415,43.79
3489,3588,415,39.51
2715,2814,415,32.74
5944,6044,415,16.71
6020,6119,415,45.18
6327,6427,415,13.25
5452,5553,415,15.87
4473,4572,415,50.93
5063,5162,415,56.58
3715,3815,415,22.64
5552,5652,415,12.15
4820,4919,415,8.73
2415,2514,415,8.94
3518,3617,415,8.83
3820,3919,415,9.51
5119,5118,415,5.06
5645,5745,415,4.38
3616,3716,415,13.29
4465,4564,415,8.48
5062,5162,415,22.92
6523,6622,416,49.43
6024,6123,416,52.89
4966,5065,416,56.39
5161,5260,416,55.76
5156,5256,416,29.6
3587,3686,416,36.44
4965,5065,416,23.3
3813,3913,416,21.23
3196,3296,416,13.21
3685,3784,416,40.6
5320,5319,416,11.45
6021,6120,416,35.01
611,710,416,9.88
6031,6130,416,8.19
5649,5748,416,11.3
6426,6525,416,39.09
5160,5260,416,21.98
6037,6137,416,12.98
5648,5747,416,11.14
5522,5621,416,8.4
4419,4518,416,11.51
5822,5821,416,8.87
3510,3609,417,54.04
4670,4769,417,48.01
3710,3809,417,38.18
3393,3492,417,38.52
3491,3590,417,38.81
6022,6121,417,31.61
4867,4967,417,20.56
6229,6329,417,17.83
4862,4961,417,56.61
3981,4080,417,36.79
5063,5163,417,23.65
3882,3982,417,12.65
1913,2012,417,10.22
1209,1308,417,9.5
6032,6131,417,8.39
5650,5749,417,24.03
4275,4375,417,13.26
1511,1610,417,9.61
6042,6141,417,34.75
3980,4080,417,13.14
4962,4961,417,8.77
2814,2913,418,54.11
3588,3687,418,55.77
4966,5066,418,22.44
3295,3394,418,31.66
5161,5261,418,20.68
6023,6122,418,27.72
4572,4671,418,49.19
6328,6428,418,12.94
5652,5752,418,33.62
5652,5751,418,48.02
3783,3883,418,11.86
1010,1109,418,10.4
2514,2613,418,53.03
2015,2114,418,10.74
6035,6134,418,9.16
4374,4474,418,17.45
5218,5317,418,8.73
4178,4277,418,37.28
6223,6322,418,40.7
4120,4219,418,9.46
6042,6142,418,16.71
6622,6721,419,52.67
3909,4008,419,37.03
6119,6218,419,45.3
3808,3907,419,45.32
6427,6526,419,40.66
3013,3112,419,34.65
3912,4011,419,31.09
3910,4009,419,35.01
6524,6623,419,35.22
3589,3688,419,35.1
3911,4010,419,32.38
4768,4868,419,18.41
3098,3198,419,13.3
4473,4573,419,15.28
5553,5653,419,33.31
3519,3618,419,9.08
5219,5318,419,9.29
5650,5750,419,12.77
5260,5359,419,56.55
411,510,419,9.73
4020,4119,419,9.66
4319,4418,419,11.87
6120,6219,420,45.25
5065,5164,420,37.36
6123,6222,420,35.66
5256,5356,420,29.32
4961,5060,420,56.46
6043,6143,420,16.83
3814,3914,420,16.27
3686,3785,420,36.28
3411,3410,420,12.5
1613,1712,420,10.87
4720,4819,420,8.31
2014,2113,420,10.4
2115,2214,420,10.17
5821,5920,420,41.86
3920,4019,420,9.22
6044,6143,420,33.77
6121,6220,421,13.47
4967,5067,421,44.29
3809,3908,421,13.58
6622,6722,421,38.62
5065,5165,421,37.2
3808,3908,421,36.2
3296,3395,421,13.49
3013,3113,421,33.96
3912,4012,421,33.17
4276,4376,421,33.45
2900,3000,421,31.66
3589,3689,421,33.76
5752,5852,421,50.99
4670,4770,421,36.56
3295,3395,421,25.72
4079,4179,421,34.22
4572,4672,421,37.4
3981,4081,421,34.18
4375,4475,421,44.17
2514,2614,421,40.51
5260,5360,421,46.32
4178,4278,421,34.13
3197,3297,421,16.36
5162,5262,421,37.51
6044,6144,421,36.81
4868,4968,422,42.78
3688,3788,422,42.93
3112,3212,422,41.4
2613,2713,422,41.95
2913,3012,422,17.35
5066,5166,422,37.24
6121,6221,422,36.73
3590,3690,422,34.1
3687,3787,422,43.89
3687,3786,422,17.83
4769,4869,422,39.78
3609,3708,422,16.23
6329,6429,422,40.13
3716,3816,422,33.12
6427,6527,422,30.15
3617,3717,422,33.24
3982,4082,422,33.73
5163,5263,422,37.24
2999,3099,422,21.21
5752,5851,422,26.15
3393,3493,422,27.71
3491,3591,422,27.8
3686,3786,422,34.22
4474,4574,422,41.19
3784,3884,422,30.23
4080,4180,422,34.21
6142,6242,422,37.23
5356,5456,423,47.96
5164,5264,423,37.24
6219,6319,423,35.42
6623,6723,423,38.01
5750,5850,423,31.14
4008,4108,423,34.25
6218,6318,423,37.61
6721,6821,423,36.24
3907,4007,423,37.89
4011,4111,423,34.13
4277,4377,423,34.21
5317,5417,423,34.12
6428,6528,423,33.3
2613,2712,423,16.45
3394,3494,423,33.81
3492,3592,423,27.02
3296,3396,423,21.16
6322,6422,423,29.02
6524,6624,423,24.13
4671,4771,423,36.32
4573,4673,423,39.54
3785,3885,423,33.84
1409,1508,423,2.2
5165,5265,424,37.35
6722,6822,424,33.38
5067,5167,424,37.45
4010,4110,424,27.94
4770,4870,424,37.75
4009,4109,424,27.69
4672,4772,424,37.04
5851,5951,424,50.69
2614,2714,424,40.69
4081,4181,424,34.18
3510,3509,424,6.14
4475,4575,424,42.68
5653,5753,424,28.77
4376,4476,424,33.72
3312,3311,424,4.34
4278,4378,424,34.02
6036,6135,424,2.15
2615,2714,424,2.2
4179,4279,424,34.14
112,211,424,4.55
6144,6244,424,36.77
3591,3691,425,34.23
2713,2813,425,43.09
3816,3916,425,44.5
6429,6529,425,34.23
4869,4969,425,41.34
3717,3817,425,42.33
4968,5068,425,37.72
3689,3789,425,29.42
4012,4112,425,29.96
4082,4182,425,34.12
3198,3298,425,20.35
4574,4674,425,42.39
4763,4762,425,4.31
4180,4280,425,34.2
5553,5654,425,13.19
5744,5845,425,5.18
6142,6241,425,16.38
6319,6419,426,36.94
3592,3692,426,34.12
6318,6418,426,37.88
1508,1608,426,33.99
4007,4107,426,33.56
4111,4211,426,48.87
5456,5556,426,44.35
6821,6921,426,39.89
2712,2812,426,45.55
3884,3984,426,32.36
4673,4773,426,40.13
3690,3790,426,29.41
6221,6321,426,30.43
5951,6051,426,50.93
3787,3887,426,30.11
3493,3593,426,26.37
3788,3888,426,32.34
6422,6522,426,37.22
4771,4871,426,36.8
3395,3495,426,24.45
3786,3886,426,32.21
4008,4107,426,17.72
3112,3211,426,16.09
5317,5416,426,13.95
3885,3985,426,33.93
6624,6724,426,37.04
6322,6421,426,10.22
4377,4477,426,34.19
810,909,426,2.7
1812,1911,426,2.52
6132,6231,426,2.11
4561,4661,426,6.9
4463,4563,426,7.12
5654,5754,427,50.77
4112,4212,427,50.26
6822,6922,427,36.44
4108,4208,427,25.93
3494,3594,427,27.4
4772,4872,427,36.32
4575,4675,427,40.24
4181,4281,427,34.23
3099,3199,427,21.16
4870,4970,427,39.91
3297,3397,427,18.59
5356,5455,427,21.51
6218,6317,427,14.31
6721,6820,427,13.13
3907,4006,427,15.5
4476,4576,427,34.23
4378,4478,427,34.21
5646,5746,427,7.78
4279,4379,427,33.6
6244,6344,427,37
4969,5069,428,37.79
3817,3917,428,41.16
5068,5168,428,37.75
4674,4774,428,44.09
4111,4210,428,34.54
4182,4282,428,34.11
5750,5849,428,14.65
4280,4380,428,33.93
5851,5950,428,25.47
5753,5853,428,30.03
5845,5945,428,36.78
610,709,428,2.59
4957,5057,428,7.21
4619,4718,428,2.15
6041,6140,428,3.47
5060,5159,428,19.05
5754,5854,429,50.66
3888,3988,429,34.23
3593,3693,429,33.76
6418,6518,429,37.85
1608,1708,429,33.34
4211,4311,429,46.72
6421,6521,429,33.96
2812,2912,429,46.96
3984,4084,429,33.56
6921,7021,429,42.49
6419,6519,429,37.92
5416,5516,429,34.12
3887,3987,429,34.02
3916,4016,429,32.41
4773,4873,429,39.54
3691,3791,429,31.49
4871,4971,429,37.93
3789,3889,429,31.65
4109,4209,429,21.44
3886,3986,429,33.98
4477,4577,429,34.03
3985,4085,429,33.87
3495,3595,429,33.79
3396,3496,429,19.48
4858,4958,429,6.99
5553,5554,429,6.05
4759,4859,429,6.86
5853,5953,430,51.36
4281,4381,430,34.22
6820,6920,430,42.74
6317,6417,430,37.85
4872,4972,430,37.93
3790,3890,430,31.06
4970,5070,430,40.95
4675,4775,430,35.65
3692,3792,430,33.25
4107,4207,430,32.5
4576,4676,430,33.62
3816,3915,430,18.31
5951,6050,430,26.01
4379,4479,430,34.02
3000,3100,430,11.61
5920,6019,430,14.62
6344,6444,430,37.07
4478,4578,430,34.21
3883,3983,430,9.51
5746,5846,430,35.95
5354,5454,430,6.69
1612,1711,430,2.73
1611,1711,430,7.04
6922,7022,430,42.7
6144,6243,430,16.7
5069,5169,431,40.7
5945,6045,431,36.91
5168,5268,431,42.31
3594,3694,431,30.36
4006,4106,431,31.39
5455,5555,431,32.82
4208,4308,431,25.98
4774,4874,431,37.3
4211,4310,431,35.21
3211,3310,431,33.31
4380,4480,431,33.96
4007,4106,431,17.89
5456,5555,431,18.19
2712,2811,431,19.17
5854,5954,431,51.7
5156,5257,431,7.01
4862,4861,431,4.36
3720,3819,431,2.47
6140,6240,431,37.75
6132,6232,431,6.25
6518,6618,432,37.52
3988,4088,432,33.63
4873,4973,432,37.85
3693,3793,432,34.18
4971,5071,432,39.65
3889,3989,432,34.21
3987,4087,432,33.74
4282,4382,432,33.2
3199,3299,432,24.44
3986,4086,432,34.23
5953,6053,432,51.09
4085,4185,432,33.61
6521,6621,432,39.85
3708,3807,432,14.26
4016,4116,432,44.84
3917,4017,432,32.83
5747,5847,432,7.29
5748,5848,432,7.36
6519,6619,432,41.04
4660,4760,432,6.85
6133,6233,432,6.38
3619,3719,432,7.04
4562,4662,432,6.97
7021,7121,432,37.55
4972,5072,433,36.33
3890,3990,433,34.23
6417,6517,433,37.52
4381,4481,433,33.7
4311,4411,433,26.34
1708,1808,433,32.83
5070,5170,433,40.58
3791,3891,433,31.35
4479,4579,433,34.23
3397,3497,433,16.97
5954,6054,433,51.3
2812,2911,433,20.47
3298,3398,433,14.21
3509,3608,433,16.81
3012,3111,433,13.56
4084,4184,433,32.82
4577,4677,433,32.26
5419,5519,433,6.3
6920,7020,433,43.61
7022,7122,433,37.47
3595,3695,433,31.05
4578,4678,433,33.64
3496,3596,433,27.61
6244,6343,433,16.55
5846,5946,433,36.45
5268,5368,434,42.87
4106,4206,434,47.72
6045,6145,434,36.58
4480,4580,434,34.21
5169,5269,434,41.16
4874,4974,434,43.73
3792,3892,434,33.28
4207,4307,434,28.01
4209,4309,434,24.66
4775,4875,434,33.1
5853,5952,434,27.23
4676,4776,434,32.5
1508,1607,434,14.07
5359,5459,434,7.16
3694,3794,434,33.61
1610,1710,434,6.75
3913,4013,434,6.79
1509,1609,434,6.37
5520,5620,434,5.71
6039,6139,434,5.94
6240,6340,434,39.42
6242,6342,434,8.77
5071,5171,435,40
4973,5073,435,41.85
4310,4410,435,27.07
4308,4408,435,30.54
5555,5655,435,31.29
6054,6154,435,50.99
6053,6153,435,35.81
4086,4186,435,33.69
4006,4105,435,18.24
4211,4312,435,16.7
3793,3893,435,34.09
3916,4015,435,14.56
4116,4216,435,44.84
3100,3200,435,20.54
3410,3409,435,6.78
6618,6718,435,46.35
3618,3718,435,6.73
2012,2112,435,6.6
7121,7221,435,37.09
6619,6719,435,43.74
3914,4014,435,7
5261,5361,435,6.59
6038,6138,435,5.93
5622,5721,435,2.37
4579,4679,436,34.03
5072,5172,436,36.44
3990,4090,436,33.43
6517,6617,436,37.16
4184,4284,436,46.53
4185,4285,436,32.64
3989,4089,436,33.16
4382,4482,436,32.82
5170,5270,436,40.35
4088,4188,436,32.14
3891,3991,436,34.18
4087,4187,436,33.07
3299,3399,436,25.5
6820,6919,436,17
1608,1707,436,14.38
5953,6052,436,26.42
4112,4213,436,13.39
6221,6320,436,10.86
4017,4117,436,32.16
2113,2213,436,6.55
3695,3795,436,34.1
5318,5418,436,6.25
6134,6234,436,6.29
7020,7120,436,37.5
5256,5357,436,6.99
6344,6443,436,16.5
5360,5460,436,6.9
7122,7222,436,37.19
2414,2513,436,2.2
4105,4205,437,50.46
6145,6245,437,36.56
5269,5369,437,41.16
4580,4680,437,33.89
5368,5468,437,37.74
3892,3992,437,34.15
4974,5074,437,40.15
4206,4306,437,45.53
3497,3597,437,31
5519,5619,437,28.78
4481,4581,437,32.89
5168,5267,437,16.7
6317,6416,437,15.6
3211,3210,437,9.96
4875,4975,437,34.23
5416,5515,437,13.95
5654,5755,437,12.69
3794,3894,437,34.11
5166,5266,437,6.69
4016,4115,437,18.58
4776,4876,437,33.34
4013,4113,437,35.56
6130,6230,437,5.8
1808,1908,437,33.05
5262,5362,437,6.52
6340,6440,437,40.84
6241,6341,437,8.57
3596,3696,437,32.53
4678,4778,437,32.73
4677,4777,437,32.27
5171,5271,438,39.54
2112,2212,438,33.65
5073,5173,438,42.34
4309,4409,438,29.28
4307,4407,438,31.5
6154,6254,438,35.84
6153,6253,438,35.87
4186,4286,438,33.78
3398,3498,438,22.13
3893,3993,438,34.15
6421,6520,438,12.01
3984,4083,438,12.68
5264,5364,438,6.68
5263,5363,438,6.6
6718,6818,438,44.98
6136,6236,438,4.96
5159,5258,438,14.56
6719,6819,438,43.71
4014,4114,438,35.84
4205,4305,439,50.92
4285,4385,439,34.22
6617,6717,439,37.07
6919,7019,439,44.28
4482,4582,439,34.22
5270,5370,439,41.29
1707,1807,439,46.47
4090,4190,439,33.54
5172,5272,439,36.96
4216,4316,439,31.64
3991,4091,439,34.08
4408,4508,439,31.05
4187,4287,439,33.85
5620,5720,439,20.94
4312,4412,439,26.89
6417,6516,439,16.11
1708,1807,439,14.49
7221,7321,439,32.01
5754,5855,439,12.86
5265,5365,439,6.69
3795,3895,439,33.83
6521,6620,439,15.13
5460,5560,439,49.03
4961,4960,439,4.03
5019,5018,439,2.96
311,410,439,2.66
6920,7019,439,17.62
6140,6239,439,13.93
7120,7220,439,46.75
6320,6420,439,35.26
6245,6345,440,36.71
4680,4780,440,34.18
4581,4681,440,34.2
5369,5469,440,37.75
5468,5568,440,37.85
4306,4406,440,42.33
4778,4878,440,33.56
5074,5174,440,44.96
3992,4092,440,34.03
4188,4288,440,32.52
4284,4384,440,32.08
3597,3697,440,33.65
4679,4779,440,31.84
4089,4189,440,32.26
4105,4204,440,33.26
5267,5367,440,37.37
5268,5367,440,17.09
4975,5075,440,33.62
3894,3994,440,34.07
6051,6151,440,7.64
6723,6823,440,5.94
4213,4313,440,27.57
4116,4215,440,18.58
4876,4976,440,34.03
5417,5517,440,6.07
4777,4877,440,33.68
7222,7322,440,32.27
5855,5955,441,50.24
2212,2312,441,33.77
5271,5371,441,39.61
4114,4214,441,34.87
4407,4507,441,46.19
5173,5273,441,40.25
1908,2008,441,32.96
6230,6330,441,28.19
3696,3796,441,32.34
6254,6354,441,35.76
6253,6353,441,35.91
4286,4386,441,34.11
3993,4093,441,34.04
4184,4283,441,20.05
6019,6118,441,13.32
6053,6152,441,17.19
3200,3300,441,18.09
4661,4761,441,6.73
6135,6235,441,6.01
909,1009,441,6.98
6818,6918,441,44.84
4719,4818,441,2.1
6240,6339,441,14.87
4563,4663,441,6.96
910,1009,441,2.74
4204,4304,442,51.35
5370,5470,442,37.74
4385,4485,442,33.55
5720,5820,442,37.94
6717,6817,442,46.37
6516,6616,442,36.96
6620,6720,442,37.94
4305,4405,442,44.96
5272,5372,442,37.46
4409,4509,442,30.39
4091,4191,442,34.1
3210,3309,442,30.02
4287,4387,442,34.23
3409,3508,442,22.97
3498,3598,442,32.16
7019,7119,442,43.51
6517,6616,442,16.43
3399,3499,442,18.37
5849,5949,442,7.37
5057,5157,442,7.17
7321,7421,442,48.5
1911,2011,442,6.57
5556,5656,442,6.52
4084,4183,442,11.49
6444,6544,442,9.04
7020,7119,442,16.13
709,809,442,7.19
5156,5157,442,2.96
7220,7320,442,36.66
5258,5358,442,31.58
6525,6625,442,4.48
5955,6055,443,51.67
4406,4506,443,38.81
4384,4484,443,34.22
6151,6251,443,35.71
5174,5274,443,46.01
4092,4192,443,33.67
6345,6445,443,36.91
3697,3797,443,34.22
4779,4879,443,33.98
6823,6923,443,35.34
5469,5569,443,37.83
3895,3995,443,28.76
4190,4290,443,29.55
4582,4682,443,32.06
5367,5467,443,44.03
5368,5467,443,15.82
5075,5175,443,34.14
4411,4511,443,10.26
3807,3906,443,13.9
5517,5617,443,33.44
4976,5076,443,35.64
1807,1907,443,32.42
4877,4977,443,36.36
5356,5457,443,6.18
5460,5559,443,22.8
1808,1907,443,14.45
4878,4978,443,34.15
6340,6439,443,15.73
7322,7422,443,48.5
7120,7219,443,20.26
6724,6824,443,5.97
5371,5471,444,40.84
5273,5373,444,37.68
6330,6430,444,34.1
2312,2412,444,33.79
6152,6252,444,35.84
4681,4781,444,31.91
4215,4315,444,30.41
4780,4880,444,31.94
4288,4388,444,31.61
6354,6454,444,35.8
4283,4383,444,34.14
4189,4289,444,25.78
4386,4486,444,33.69
6919,7018,444,18.13
1707,1806,444,20
5358,5458,444,50.27
1607,1706,444,15.7
6153,6252,444,17.16
6050,6150,444,7.68
3994,4094,444,29.17
4859,4959,444,6.92
4313,4413,444,27.5
6918,7018,444,44.56
3796,3896,444,34.01
4958,5058,444,6.93
6055,6155,445,50.89
4485,4585,445,33.45
6544,6644,445,37.3
6817,6917,445,45.97
5470,5570,445,41.71
4304,4404,445,36.75
6616,6716,445,36.83
5372,5472,445,38.01
4405,4505,445,37.87
2008,2108,445,32.63
4093,4193,445,31.9
4387,4487,445,34.23
6353,6453,445,31.19
6617,6716,445,16.5
4214,4314,445,29.01
2112,2211,445,14.27
3608,3707,445,11.87
7421,7521,445,48.88
5516,5616,445,6.33
7320,7420,445,48.67
1711,1811,445,6.84
4484,4584,446,34.1
5457,5557,446,49.03
4506,4606,446,37.8
5274,5374,446,39.32
6251,6351,446,36.06
5569,5669,446,39.93
5656,5756,446,31.97
4191,4291,446,31.21
5175,5275,446,34.2
4204,4303,446,27.2
5467,5567,446,37.72
6416,6515,446,16.35
3598,3698,446,32.63
3499,3599,446,30.66
4105,4104,446,9.91
4978,5078,446,37.93
5267,5366,446,16.25
5848,5948,446,7.38
5847,5947,446,7.28
5076,5176,446,35.55
6445,6545,446,37.05
7219,7319,446,48.72
6824,6924,446,38.6
7422,7522,446,49.14
4618,4717,446,2.2
2513,2612,446,15.32
6342,6442,446,8.68
6923,7023,446,43.03
5471,5571,447,40.6
4383,4483,447,33.43
5373,5473,447,37.03
6430,6530,447,34.2
2412,2512,447,33.82
4682,4782,447,33.23
3995,4095,447,28.38
3797,3897,447,32.86
4879,4979,447,32.71
4192,4292,447,33.31
6454,6554,447,36.37
4290,4390,447,28.97
1907,2007,447,32.47
4977,5077,447,32.83
6717,6816,447,19.9
1908,2007,447,14.47
6253,6352,447,17.15
4410,4510,447,8.38
5946,6046,447,7.15
7018,7118,447,42.87
6231,6331,447,4.83
4760,4860,447,6.82
5060,5059,447,3.8
5570,5670,448,37.92
6155,6255,448,35.83
5472,5572,448,37.83
6917,7017,448,45.75
4585,4685,448,33.9
7420,7520,448,48.85
4404,4504,448,42.22
4505,4605,448,37.73
4781,4881,448,32.57
4880,4980,448,31.73
2211,2311,448,33.58
4487,4587,448,33.66
4388,4488,448,33.06
6453,6553,448,36.61
4289,4389,448,25.37
4486,4586,448,33.26
6516,6615,448,16.58
2212,2311,448,14.21
5619,5719,448,9.36
5367,5466,448,17.94
7521,7621,448,49.26
6443,6543,448,8.91
3896,3996,448,26.45
5519,5618,448,9.77
3300,3400,448,15.66
6232,6332,448,5.97
4094,4194,448,26.5
4315,4415,448,29.4
5419,5518,448,2.14
4418,4517,448,4.74
4606,4706,449,36.09
5669,5769,449,37.94
4303,4403,449,36.9
7319,7419,449,49.08
4584,4684,449,34.18
5557,5657,449,45.35
2108,2208,449,32.37
6644,6744,449,32.8
5567,5667,449,37.7
3309,3408,449,21.93
6151,6250,449,17.23
3698,3798,449,33.77
5720,5819,449,15.09
5374,5474,449,34.54
4412,4512,449,10.82
7522,7622,449,49.41
6440,6540,449,8.45
4314,4414,449,28.2
5275,5375,449,33.94
4193,4293,449,29.36
6233,6333,449,6.16
6545,6645,449,37.19
7023,7123,449,45.63
4006,4005,449,4.68
1807,1906,449,14.56
5176,5276,449,35.76
6924,7024,449,44.74
7320,7419,449,22.35
6341,6441,449,8.5
5571,5671,450,38.16
3897,3997,450,34.13
6816,6916,450,37.23
4782,4882,450,34.15
6351,6451,450,31.4
5756,5856,450,29.96
6554,6654,450,37.06
4390,4490,450,33.65
4291,4391,450,31.37
5077,5177,450,35.9
6817,6916,450,19.54
5473,5573,450,35.67
7119,7218,450,19.61
3599,3699,450,33.32
5855,5956,450,13.41
3210,3209,450,7.7
5078,5178,450,32.55
3718,3818,450,6.78
5361,5461,450,6.69
1609,1709,450,6.55
2911,3011,450,6.09
7118,7218,450,44.69
6239,6338,450,13.3
2712,2711,450,3.84
7219,7318,450,22.41
4518,4617,450,3.17
1710,1810,450,6.6
4586,4686,451,33.97
5572,5672,451,35.07
6615,6715,451,48.75
5670,5770,451,37.45
5466,5566,451,37.63
4881,4981,451,37.82
4504,4604,451,37.94
6255,6355,451,35.5
4980,5080,451,34.18
4685,4785,451,33.78
4979,5079,451,32.61
4095,4195,451,30.82
2007,2107,451,32.66
6352,6452,451,31.36
4483,4583,451,32.27
2311,2411,451,33.46
4488,4588,451,34.09
6553,6653,451,37.06
4389,4489,451,34.2
6544,6643,451,16.32
6616,6715,451,16.66
6118,6217,451,14.58
2008,2107,451,14.53
2312,2411,451,14.2
6353,6452,451,14.65
4292,4392,451,33.02
7017,7117,451,43.89
5956,6056,452,51.37
5819,5919,452,37.91
4684,4784,452,33.99
6250,6350,452,36.04
5657,5757,452,42.91
5769,5869,452,38.64
6744,6844,452,48.09
4403,4503,452,43.56
4706,4806,452,34.84
6332,6432,452,29.76
7520,7620,452,31.68
4605,4705,452,29.72
4587,4687,452,33.12
5667,5767,452,37.67
7420,7519,452,22.57
3798,3898,452,33.97
7621,7721,452,31.28
6251,6350,452,17.08
5820,5919,452,15.39
3996,4096,452,27.85
7521,7620,452,23.11
2213,2313,452,6.39
5474,5574,452,37.37
5375,5475,452,35.55
4117,4217,452,6.58
5276,5376,452,33.69
4194,4294,452,32.42
4415,4515,452,29.24
7123,7223,452,37.29
5671,5771,453,37.69
6916,7016,453,47.69
2208,2308,453,32.28
6333,6433,453,30.83
6654,6754,453,37.26
6331,6431,453,18.13
5177,5277,453,37.92
7319,7418,453,22.86
6917,7016,453,19.34
3699,3799,453,34.06
5618,5718,453,20.07
5569,5668,453,15.18
1907,2006,453,14.55
4508,4608,453,7.43
5573,5673,453,37.33
6645,6745,453,32.79
4293,4393,453,30.75
3211,3110,453,5.27
5362,5462,453,6.53
4219,4318,453,3.64
5560,5660,453,7.25
2314,2413,453,2.25
1810,1910,453,33.47
4882,4982,453,33.66
6844,6944,454,50.29
6452,6552,454,36.5
4604,4704,454,35.7
6355,6455,454,35.45
5770,5870,454,35.74
4785,4885,454,33.85
6643,6743,454,46.2
4686,4786,454,33.96
6715,6815,454,37.03
6451,6551,454,31.58
5079,5179,454,33.7
3997,4097,454,32.42
2411,2511,454,33.53
4490,4590,454,25.66
5178,5278,454,32.31
6653,6753,454,37.05
4104,4203,454,18.21
6716,6815,454,16.45
2412,2511,454,14.19
5566,5666,454,37.49
5672,5772,454,36.76
3508,3607,454,11.91
4391,4491,454,32.86
1709,1809,454,33.11
6453,6552,454,16.8
7117,7217,454,44.01
6234,6334,454,5.88
5515,5615,454,6.24
1706,1805,454,14.6
4413,4513,454,10.19
5364,5464,454,6.66
5363,5463,454,6.56
5317,5316,454,2.74
5080,5180,454,37.4
6138,6238,454,5.46
4981,5081,454,37.94
5869,5969,455,37.94
5475,5575,455,33.43
4294,4394,455,34.02
5574,5674,455,35.93
4503,4603,455,37.89
6350,6450,455,36.27
4195,4295,455,31.17
4583,4683,455,32.16
6615,6714,455,22.44
4588,4688,455,29.77
4489,4589,455,27.3
6515,6614,455,16.73
4303,4402,455,16.62
5366,5465,455,16.14
2108,2207,455,14.56
2211,2310,455,14.29
4511,4611,455,9.08
4316,4416,455,6.67
5365,5465,455,6.61
6056,6156,455,35.83
4392,4492,455,30.49
3919,4018,455,2.59
5660,5760,455,50.7
5771,5871,456,37.23
7016,7116,456,45.38
7620,7720,456,31.23
5376,5476,456,33.08
4784,4884,456,32.64
5277,5377,456,37.8
4687,4787,456,31.86
6744,6843,456,21.66
4096,4196,456,31.02
3799,3899,456,33.45
3898,3998,456,31.2
2512,2611,456,16.39
5718,5818,456,36.57
6816,6915,456,16.37
5669,5768,456,15.28
7721,7821,456,31.08
6754,6854,456,37.17
5949,6049,456,7.5
4509,4609,456,7.49
7418,7518,456,49.52
6745,6845,456,48.02
6439,6539,456,8.26
7017,7116,456,17.83
1408,1507,456,2.14
4515,4615,456,30.74
7223,7323,456,32.34
4982,5082,456,37.66
4704,4804,457,35.22
6944,7044,457,49.61
5870,5970,457,37.76
5615,5715,457,37.79
5179,5279,457,34.23
2006,2106,457,33.21
6433,6533,457,27.35
5673,5773,457,32.73
2308,2408,457,32.77
4806,4906,457,23.85
4393,4493,457,30.49
6916,7015,457,21.21
5278,5378,457,36.84
5466,5565,457,15.97
2007,2106,457,14.52
5666,5766,457,37.44
6553,6652,457,16.5
6455,6555,457,35.8
4507,4607,457,6.46
5559,5659,457,7.43
5772,5872,457,35.65
7217,7317,457,47.18
4818,4918,457,6.3
1809,1909,457,33.53
5180,5280,457,37.88
5081,5181,457,37.85
5760,5860,458,35.89
4603,4703,458,39.2
4683,4783,458,34.1
5969,6069,458,37.72
5674,5774,458,33.34
4402,4502,458,37.73
6714,6814,458,48.85
4394,4494,458,34.07
5575,5675,458,34.75
4885,4985,458,26.88
6551,6651,458,31.89
6156,6256,458,36.26
4097,4197,458,31
4786,4886,458,26.18
6844,6943,458,24.7
6753,6853,458,31.96
6250,6349,458,17.09
4403,4502,458,17.58
6543,6642,458,14.48
7520,7619,458,14.63
1805,1905,458,32.16
2311,2410,458,14.34
4590,4690,458,25.91
6845,6945,458,50.02
5458,5558,458,7.39
4491,4591,458,26.3
2011,2111,458,6.45
2711,2810,458,18.36
5460,5561,458,6.7
6442,6542,458,8.77
4415,4514,458,14.64
6049,6149,459,35.65
4884,4984,459,36.95
5082,5182,459,37.79
5377,5477,459,37.92
4295,4395,459,31.36
2207,2307,459,32.98
6450,6550,459,31.52
5476,5576,459,34.03
4492,4592,459,28.42
4688,4788,459,29.36
5818,5918,459,37.91
6643,6742,459,19.75
5768,5868,459,37.9
4589,4689,459,26.8
5819,5918,459,15.42
2208,2307,459,14.57
5769,5868,459,14.42
7518,7618,459,48.76
5871,5971,459,36.65
3707,3806,459,10.17
7117,7216,459,17.92
7116,7216,459,43.08
3817,3918,459,4.24
4512,4612,459,10.41
5058,5158,459,6.96
5660,5759,459,25.51
5773,5873,460,33.6
5715,5815,460,35.92
7015,7115,460,45.63
5565,5665,460,37.41
5181,5281,460,37.89
5970,6070,460,37
4607,4707,460,37.65
4203,4302,460,25.12
6944,7043,460,23.6
4787,4887,460,27.59
4196,4296,460,31.32
6653,6752,460,16.52
5948,6048,460,7.53
5947,6047,460,7.39
6945,7045,460,50.03
3209,3308,460,14.63
5566,5665,460,16.14
6555,6655,460,35.99
7317,7417,460,48.97
7418,7517,460,23.48
5279,5379,460,37.42
6854,6954,460,32.2
6045,6146,460,4.9
6317,6316,460,3.08
4906,5006,460,36.36
3998,4098,460,32.69
5118,5217,460,2.38
7323,7423,460,31.94
5280,5380,460,37.7
3899,3999,460,31.45
2410,2510,461,33.34
4703,4803,461,37.84
4502,4602,461,40.76
5558,5658,461,49.86
6349,6449,461,36.33
4494,4594,461,33.65
6814,6914,461,48.56
2408,2508,461,33.14
6256,6356,461,36.12
1909,2009,461,33.33
4493,4593,461,30.45
6815,6914,461,20.72
6743,6842,461,21.77
5378,5478,461,32.72
6350,6449,461,16.98
2411,2510,461,14.32
4706,4805,461,12.32
3408,3507,461,11.98
4510,4610,461,7.54
6540,6640,461,8.71
3400,3500,461,8.28
5617,5717,461,5.58
7217,7316,461,20.68
6441,6541,461,8.67
4119,4218,461,3.19
7024,7124,461,9.02
6550,6650,462,36.38
5477,5577,462,37.81
6149,6249,462,35.92
5774,5874,462,30.64
4886,4986,462,26.57
5860,5960,462,31.6
4783,4883,462,33.33
5576,5676,462,33.9
4985,5085,462,27.59
1905,2005,462,32.93
5675,5775,462,30.96
6651,6751,462,31.71
6843,6942,462,23.69
6614,6713,462,21.82
5918,6018,462,37.92
6714,6813,462,22.56
6853,6953,462,31.67
4591,4691,462,26.43
5869,5968,462,15.12
7620,7719,462,14.65
5919,6018,462,14.2
4784,4883,462,14.53
7618,7718,462,45.23
7721,7820,462,14.66
4197,4297,462,30.74
5616,5716,462,6.13
4690,4790,462,27.77
4515,4614,462,14.66
5759,5859,462,49.34
6048,6148,463,35.92
5006,5106,463,37.82
6146,6246,463,36.48
7115,7215,463,43.37
6752,6852,463,36.53
4707,4807,463,34.48
6047,6147,463,36.23
4984,5084,463,27.99
4395,4495,463,32.39
2307,2407,463,33.11
5182,5282,463,29.5
6915,7014,463,21.85
4592,4692,463,27.31
4788,4888,463,28.1
2006,2105,463,14.41
5815,5915,463,35.65
4689,4789,463,28.81
2308,2407,463,14.51
6432,6532,463,9.36
2511,2610,463,17.24
7517,7617,463,46.46
5856,5957,463,11.79
5666,5765,463,16.18
7518,7617,463,22.46
6338,6438,463,7.94
6070,6170,463,37.94
7622,7722,463,7.3
4105,4004,463,5.24
6655,6755,463,36.7
6145,6246,463,4.91
5416,5415,463,2.75
5379,5479,463,37.59
6624,6725,463,3.58
7423,7523,463,49.31
4717,4817,463,6.14
6449,6549,464,36.31
4803,4903,464,37.45
4602,4702,464,37.59
4805,4905,464,37.36
5658,5758,464,47.35
5281,5381,464,30.08
5380,5480,464,32.13
6954,7054,464,31.42
5465,5564,464,16.13
4887,4987,464,26.96
4402,4501,464,15.83
2611,2710,464,18.05
5615,5714,464,14.59
6356,6456,464,36.24
4296,4396,464,30.2
4594,4694,464,33.85
1805,1904,464,14.59
5718,5817,464,13.35
7317,7416,464,22.72
7316,7416,464,49.21
6541,6641,464,44.61
5478,5578,464,37.83
6137,6237,464,2.26
4098,4198,464,31.75
3999,4099,464,28.2
5874,5974,465,33.96
4883,4983,465,37.52
5085,5185,465,34.18
5859,5959,465,45.29
7719,7819,465,44.69
6751,6851,465,36.34
6813,6913,465,36.52
6650,6750,465,36.36
2009,2109,465,33.23
7124,7224,465,32.8
3500,3600,465,30.68
5775,5875,465,33.97
7820,7920,465,44.12
5968,6068,465,37.91
6943,7042,465,23
6814,6913,465,22.21
4593,4693,465,32.2
7015,7114,465,19.24
5969,6068,465,14.46
2310,2409,465,14.46
2207,2306,465,14.46
7718,7818,465,37.35
5676,5776,465,33.91
6953,7053,465,35.72
5577,5677,465,37.92
4513,4613,465,9.69
6246,6346,466,36.54
6725,6825,466,34.07
6147,6247,466,36.42
5106,5206,466,37.57
6438,6538,466,37.94
6148,6248,466,36.28
5765,5865,466,37.26
4986,5086,466,31.74
4691,4791,466,27.5
5565,5664,466,16.21
4790,4890,466,32.83
7617,7717,466,37.35
6755,6855,466,37.33
6852,6952,466,36.15
5818,5917,466,15.42
5768,5867,466,15.48
5716,5816,466,32.19
7215,7315,466,46.56
5915,6015,466,37.3
6170,6270,466,35.13
5957,6057,466,35.73
4017,4118,466,4.22
4297,4397,466,29.88
6526,6626,466,2.18
7523,7623,466,49.69
5479,5579,466,34.22
5759,5858,466,23.22
5185,5285,467,51.13
4099,4199,467,34.07
5381,5481,467,33.41
7054,7154,467,35.69
5714,5814,467,37.27
6549,6649,467,36.31
4702,4802,467,46.63
5282,5382,467,29.08
5084,5184,467,28.42
7417,7516,467,22.54
4692,4792,467,31.81
4987,5087,467,33.42
7722,7822,467,31.17
6349,6448,467,16.95
2408,2507,467,14.43
4888,4988,467,28.91
1507,1606,467,13.51
7416,7516,467,49.3
5757,5857,467,6.68
7821,7921,467,9.31
4789,4889,467,28.48
4807,4907,467,32.72
4495,4595,467,32.21
6416,6415,467,3.35
6456,6556,467,36.38
4694,4794,467,33.51
4905,5005,467,37.86
4903,5003,467,48.24
211,310,467,3.3
7819,7919,468,46.35
6750,6850,468,36.33
6851,6951,468,36.13
6913,7013,468,45.77
7114,7214,468,45.43
4983,5083,468,37.41
4501,4601,468,32.91
5480,5580,468,33.29
5086,5186,468,51.08
4004,4103,468,35.29
6068,6168,468,37.94
6914,7013,468,20.75
4693,4793,468,34.23
2410,2509,468,14.38
4502,4601,468,15.68
1905,2004,468,14.48
7818,7918,468,35.91
1904,2004,468,33.01
6842,6941,468,23.28
3607,3706,468,10.28
4217,4317,468,6.64
7517,7616,468,19.99
4104,4103,468,4.63
7920,8020,468,47.41
5974,6074,468,35.45
6539,6639,468,8.48
5875,5975,468,35.8
2111,2210,468,14.28
7316,7415,468,23.04
4611,4711,468,7.87
7053,7153,468,35.34
4396,4496,468,32.31
5776,5876,468,36.89
6527,6627,468,2.18
5578,5678,468,32.74
1109,1208,468,2.58
4198,4298,468,26.67
5481,5581,469,51.54
6247,6347,469,36.45
6015,6115,469,37.9
6270,6370,469,33.58
5206,5306,469,37.24
6248,6348,469,36.31
5867,5967,469,37.62
6825,6925,469,41.8
5917,6017,469,37.93
6346,6446,469,36.85
2109,2209,469,32.91
7224,7324,469,32.42
3600,3700,469,32.57
2306,2406,469,33.09
6713,6812,469,23.21
4302,4401,469,16.55
4791,4891,469,34.23
7717,7817,469,36.25
2307,2406,469,14.44
6855,6955,469,37.21
3806,3905,469,15.2
5918,6017,469,15.37
6952,7052,469,35.42
1910,2010,469,6.45
5462,5562,469,6.59
6431,6531,469,6.56
4608,4708,469,6.64
7623,7723,469,49.78
6057,6157,469,35.67
6528,6628,469,2.19
5677,5777,469,32.77
5858,5958,469,39.81
5579,5679,469,35.72
5814,5914,470,37.46
6649,6749,470,36.58
5005,5105,470,37.56
5382,5482,470,48.9
4802,4902,470,47.08
5184,5284,470,33.47
6448,6548,470,36.61
6556,6656,470,35.13
5003,5103,470,47.71
4890,4990,470,30.74
4792,4892,470,45.28
6449,6548,470,16.95
4803,4902,470,16.18
4602,4701,470,16.03
5006,5105,470,14.66
4609,4709,470,7.18
2510,2609,470,17.54
6070,6169,470,15.08
5816,5916,470,33.23
4889,4989,470,34.05
5463,5563,470,6.54
4397,4497,470,31.94
7919,8019,471,35.64
6951,7051,471,35.66
7616,7716,471,37.2
5580,5680,471,47.05
7013,7113,471,42.9
6850,6950,471,36.14
5975,6075,471,34.6
7214,7314,471,36.99
7154,7254,471,31.29
7822,7922,471,31.13
5876,5976,471,34.52
4794,4894,471,33.32
6168,6268,471,37.87
4004,4003,471,13.95
7014,7113,471,19.16
6813,6912,471,16.85
7918,8018,471,34.82
4199,4299,471,29.26
4416,4516,471,6.47
7416,7515,471,23.17
4615,4715,471,6.71
8020,8120,471,35.5
7415,7515,471,36.52
5087,5187,471,28
6074,6174,471,35.23
4907,5007,471,30.87
7215,7314,471,20.08
5186,5286,471,33.97
4988,5088,471,28.2
5678,5778,471,35.85
4793,4893,471,47.9
6157,6257,471,50.53
6529,6629,471,2.21
4595,4695,471,33.33
4903,5002,471,21.82
5660,5761,471,7.89
6347,6447,472,36.69
6115,6215,472,37.89
6370,6470,472,49.63
5777,5877,472,35.19
5306,5406,472,37.59
2406,2506,472,33.46
6925,7025,472,45.71
6017,6117,472,37.48
6446,6546,472,37.01
5679,5779,472,36.99
3700,3800,472,33.66
7153,7253,472,31.61
5083,5183,472,28.58
4298,4398,472,31.45
4702,4801,472,20.14
5106,5205,472,16.05
7817,7917,472,35.16
5765,5864,472,16.35
4805,4904,472,14.01
6018,6117,472,14.82
5968,6067,472,15.43
7315,7414,472,23.94
7044,7144,472,6.91
4203,4202,472,5.62
2610,2709,472,17.59
2010,2110,472,33.4
4612,4712,472,8.25
6170,6269,472,17.45
510,609,472,2.54
4496,4596,472,32.73
13,12,472,1.12
6548,6648,473,36.53
5103,5203,473,44.99
6749,6849,473,36.71
5916,6016,473,37.51
5284,5384,473,42.86
5581,5681,473,30.92
6656,6756,473,35.08
4891,4991,473,26.98
7324,7424,473,32
2209,2309,473,32.47
6913,7012,473,19.36
7114,7213,473,19.07
6549,6648,473,16.95
6438,6537,473,15.06
5874,5973,473,14.1
6955,7055,473,31.73
6640,6740,473,8.87
6533,6633,473,6.46
2106,2206,473,6.47
7052,7152,473,30.48
5561,5661,473,6.89
2710,2809,473,16.72
6257,6357,473,50.43
5766,5866,473,6.65
3308,3407,473,11.66
5914,6014,473,37.75
7723,7823,473,31.32
3210,3109,473,3.96
5563,5663,473,37.64
1308,1407,473,2.23
5680,5780,474,36.87
5286,5386,474,33.38
5761,5861,474,36.18
5007,5107,474,36.48
6950,7050,474,36.02
8018,8118,474,35.62
7051,7151,474,35.75
5976,6076,474,36
4894,4994,474,48.06
6269,6369,474,51.66
8019,8119,474,34.66
5482,5582,474,28.68
4989,5089,474,27.08
4893,4993,474,45.32
4990,5090,474,27.84
4802,4901,474,20.59
6270,6369,474,17.89
5003,5102,474,21.24
7716,7816,474,35.56
1904,2003,474,14.46
8120,8220,474,34.96
5974,6073,474,17.33
5002,5102,474,44.69
5778,5878,474,37.08
4905,5004,474,14.76
4497,4597,474,32.97
5205,5305,475,37.06
6447,6547,475,36.83
6215,6315,475,37.66
5779,5879,475,37.15
6546,6646,475,37.04
5406,5506,475,37.93
2506,2606,475,34.14
6470,6570,475,36.72
6067,6167,475,37.61
5877,5977,475,37.05
6174,6274,475,30.9
4299,4399,475,33.08
5187,5287,475,32.46
6370,6469,475,23.64
4695,4795,475,32.92
7414,7514,475,45.78
7917,8017,475,35.38
5206,5305,475,16.37
5867,5966,475,15.99
2306,2405,475,14.44
5714,5813,475,13.92
7254,7354,475,31.53
6068,6167,475,15.07
7043,7143,475,6.91
7922,8022,475,31.59
4610,4710,475,7.27
7515,7615,475,32.94
7045,7145,475,6.98
6268,6368,475,31.31
4892,4992,475,24.44
6515,6514,475,3.52
4596,4696,475,34.19
2810,2910,475,6.22
6357,6457,475,50.38
5088,5188,475,31.45
6016,6116,476,37.8
5203,5303,476,41.1
2809,2909,476,35.66
6648,6748,476,36.86
7012,7112,476,34.88
7424,7524,476,49.28
5681,5781,476,37.41
6756,6856,476,36.6
5183,5283,476,29.27
7253,7353,476,31.96
4398,4498,476,31.88
4003,4102,476,34.33
7055,7155,476,35.91
6537,6637,476,37.94
1606,1705,476,15.84
6649,6748,476,16.81
5005,5104,476,16.06
6740,6840,476,47.71
6015,6114,476,14.87
7042,7142,476,9.22
2508,2608,476,6.69
4614,4714,476,7.6
3507,3606,476,10.01
6849,6949,476,36.21
6014,6114,476,37.9
6845,6946,476,7.31
6641,6741,476,9.01
6745,6846,476,6.21
3800,3900,476,28.48
6457,6557,477,50.28
5582,5682,477,33.4
6076,6176,477,37.32
4901,5001,477,45.89
5780,5880,477,37.06
7050,7150,477,36.22
5107,5207,477,37.94
8118,8218,477,36
7213,7313,477,33.1
8119,8219,477,35.7
6812,6911,477,19.42
7816,7916,477,35
4597,4697,477,33.39
7616,7715,477,16.4
7214,7313,477,16.56
5102,5202,477,43.38
5960,6060,477,7
6614,6613,477,4.56
5285,5385,477,10.05
6074,6173,477,17.41
7152,7252,477,31.92
5878,5978,477,37.33
8220,8320,477,35.78
5971,6071,477,5.74
7823,7923,477,31.09
6469,6569,478,47
5879,5979,478,36.31
5813,5913,478,37.84
8017,8117,478,35.95
5966,6066,478,37.33
2405,2505,478,33.91
5305,5405,478,37.65
6547,6647,478,36.84
2606,2706,478,34.02
5506,5606,478,37.94
5977,6077,478,37.41
7514,7614,478,45.23
6570,6670,478,37.15
5386,5486,478,28.3
5287,5387,478,46.63
5861,5961,478,31.3
5089,5189,478,31.67
4795,4895,478,33.75
6368,6468,478,49.56
2609,2708,478,18.9
4202,4301,478,24.44
7353,7453,478,51.19
2003,2103,478,27.21
5306,5405,478,16.02
6946,7046,478,50.25
5814,5913,478,14.11
6168,6267,478,15.57
6532,6632,478,6.7
5090,5190,478,29.02
7354,7454,478,35.73
7151,7251,478,32.05
4991,5091,478,24.24
6945,7046,478,7.31
4613,4713,478,8.14
8022,8122,478,47.51
7145,7245,478,49.2
6748,6848,479,36.89
7112,7212,479,38.24
5283,5383,479,33.98
5781,5881,479,37.61
5104,5204,479,36.94
6114,6214,479,37.94
6116,6216,479,37.6
6637,6737,479,37.8
5303,5403,479,37.89
6646,6746,479,32.52
4399,4499,479,31.86
6856,6956,479,37.16
4994,5094,479,24.69
6174,6273,479,18.29
6749,6848,479,16.74
5105,5204,479,16.73
5284,5383,479,17.08
6115,6214,479,15.49
6538,6638,479,8.24
6941,7041,479,9.23
6840,6940,479,48.85
7155,7255,479,36
3706,3805,479,13.6
2105,2205,479,6.53
7921,8021,479,8.95
5002,5101,479,18.46
5563,5662,479,15.96
4696,4796,479,31.64
