simulation,ignition,weather
1,1556,/Users/matiasvilches/Documents/F2A/source/firebreaks_optimization/forest/sub100/Weathers/Weather104.csv
2,5602,/Users/matiasvilches/Documents/F2A/source/firebreaks_optimization/forest/sub100/Weathers/Weather73.csv
3,756,/Users/matiasvilches/Documents/F2A/source/firebreaks_optimization/forest/sub100/Weathers/Weather57.csv
4,5401,/Users/matiasvilches/Documents/F2A/source/firebreaks_optimization/forest/sub100/Weathers/Weather25.csv
5,1326,/Users/matiasvilches/Documents/F2A/source/firebreaks_optimization/forest/sub100/Weathers/Weather44.csv
6,5472,/Users/matiasvilches/Documents/F2A/source/firebreaks_optimization/forest/sub100/Weathers/Weather93.csv
7,7714,/Users/matiasvilches/Documents/F2A/source/firebreaks_optimization/forest/sub100/Weathers/Weather81.csv
8,7511,/Users/matiasvilches/Documents/F2A/source/firebreaks_optimization/forest/sub100/Weathers/Weather18.csv
9,5562,/Users/matiasvilches/Documents/F2A/source/firebreaks_optimization/forest/sub100/Weathers/Weather100.csv
10,132,/Users/matiasvilches/Documents/F2A/source/firebreaks_optimization/forest/sub100/Weathers/Weather45.csv
11,1123,/Users/matiasvilches/Documents/F2A/source/firebreaks_optimization/forest/sub100/Weathers/Weather70.csv
12,2146,/Users/matiasvilches/Documents/F2A/source/firebreaks_optimization/forest/sub100/Weathers/Weather93.csv
13,7035,/Users/matiasvilches/Documents/F2A/source/firebreaks_optimization/forest/sub100/Weathers/Weather60.csv
14,737,/Users/matiasvilches/Documents/F2A/source/firebreaks_optimization/forest/sub100/Weathers/Weather115.csv
15,9777,/Users/matiasvilches/Documents/F2A/source/firebreaks_optimization/forest/sub100/Weathers/Weather37.csv
16,1682,/Users/matiasvilches/Documents/F2A/source/firebreaks_optimization/forest/sub100/Weathers/Weather5.csv
17,6596,/Users/matiasvilches/Documents/F2A/source/firebreaks_optimization/forest/sub100/Weathers/Weather111.csv
18,4612,/Users/matiasvilches/Documents/F2A/source/firebreaks_optimization/forest/sub100/Weathers/Weather51.csv
19,3427,/Users/matiasvilches/Documents/F2A/source/firebreaks_optimization/forest/sub100/Weathers/Weather74.csv
20,7502,/Users/matiasvilches/Documents/F2A/source/firebreaks_optimization/forest/sub100/Weathers/Weather120.csv
21,1700,/Users/matiasvilches/Documents/F2A/source/firebreaks_optimization/forest/sub100/Weathers/Weather60.csv
22,2684,/Users/matiasvilches/Documents/F2A/source/firebreaks_optimization/forest/sub100/Weathers/Weather39.csv
23,2248,/Users/matiasvilches/Documents/F2A/source/firebreaks_optimization/forest/sub100/Weathers/Weather57.csv
24,6405,/Users/matiasvilches/Documents/F2A/source/firebreaks_optimization/forest/sub100/Weathers/Weather32.csv
25,7925,/Users/matiasvilches/Documents/F2A/source/firebreaks_optimization/forest/sub100/Weathers/Weather45.csv
26,5539,/Users/matiasvilches/Documents/F2A/source/firebreaks_optimization/forest/sub100/Weathers/Weather1.csv
27,2165,/Users/matiasvilches/Documents/F2A/source/firebreaks_optimization/forest/sub100/Weathers/Weather80.csv
28,3464,/Users/matiasvilches/Documents/F2A/source/firebreaks_optimization/forest/sub100/Weathers/Weather6.csv
29,2802,/Users/matiasvilches/Documents/F2A/source/firebreaks_optimization/forest/sub100/Weathers/Weather44.csv
30,2631,/Users/matiasvilches/Documents/F2A/source/firebreaks_optimization/forest/sub100/Weathers/Weather64.csv
31,1374,/Users/matiasvilches/Documents/F2A/source/firebreaks_optimization/forest/sub100/Weathers/Weather3.csv
32,7332,/Users/matiasvilches/Documents/F2A/source/firebreaks_optimization/forest/sub100/Weathers/Weather53.csv
33,3731,/Users/matiasvilches/Documents/F2A/source/firebreaks_optimization/forest/sub100/Weathers/Weather110.csv
34,6570,/Users/matiasvilches/Documents/F2A/source/firebreaks_optimization/forest/sub100/Weathers/Weather59.csv
35,3022,/Users/matiasvilches/Documents/F2A/source/firebreaks_optimization/forest/sub100/Weathers/Weather70.csv
36,1307,/Users/matiasvilches/Documents/F2A/source/firebreaks_optimization/forest/sub100/Weathers/Weather102.csv
37,897,/Users/matiasvilches/Documents/F2A/source/firebreaks_optimization/forest/sub100/Weathers/Weather99.csv
38,9141,/Users/matiasvilches/Documents/F2A/source/firebreaks_optimization/forest/sub100/Weathers/Weather124.csv
39,793,/Users/matiasvilches/Documents/F2A/source/firebreaks_optimization/forest/sub100/Weathers/Weather121.csv
40,8548,/Users/matiasvilches/Documents/F2A/source/firebreaks_optimization/forest/sub100/Weathers/Weather100.csv
41,2278,/Users/matiasvilches/Documents/F2A/source/firebreaks_optimization/forest/sub100/Weathers/Weather105.csv
42,2318,/Users/matiasvilches/Documents/F2A/source/firebreaks_optimization/forest/sub100/Weathers/Weather118.csv
43,617,/Users/matiasvilches/Documents/F2A/source/firebreaks_optimization/forest/sub100/Weathers/Weather36.csv
44,1870,/Users/matiasvilches/Documents/F2A/source/firebreaks_optimization/forest/sub100/Weathers/Weather64.csv
45,5748,/Users/matiasvilches/Documents/F2A/source/firebreaks_optimization/forest/sub100/Weathers/Weather69.csv
46,4493,/Users/matiasvilches/Documents/F2A/source/firebreaks_optimization/forest/sub100/Weathers/Weather12.csv
47,6458,/Users/matiasvilches/Documents/F2A/source/firebreaks_optimization/forest/sub100/Weathers/Weather36.csv
48,4734,/Users/matiasvilches/Documents/F2A/source/firebreaks_optimization/forest/sub100/Weathers/Weather85.csv
49,2974,/Users/matiasvilches/Documents/F2A/source/firebreaks_optimization/forest/sub100/Weathers/Weather19.csv
50,4904,/Users/matiasvilches/Documents/F2A/source/firebreaks_optimization/forest/sub100/Weathers/Weather26.csv
51,1774,/Users/matiasvilches/Documents/F2A/source/firebreaks_optimization/forest/sub100/Weathers/Weather129.csv
52,8696,/Users/matiasvilches/Documents/F2A/source/firebreaks_optimization/forest/sub100/Weathers/Weather68.csv
53,8006,/Users/matiasvilches/Documents/F2A/source/firebreaks_optimization/forest/sub100/Weathers/Weather2.csv
54,9052,/Users/matiasvilches/Documents/F2A/source/firebreaks_optimization/forest/sub100/Weathers/Weather27.csv
55,7893,/Users/matiasvilches/Documents/F2A/source/firebreaks_optimization/forest/sub100/Weathers/Weather118.csv
56,2974,/Users/matiasvilches/Documents/F2A/source/firebreaks_optimization/forest/sub100/Weathers/Weather121.csv
57,8504,/Users/matiasvilches/Documents/F2A/source/firebreaks_optimization/forest/sub100/Weathers/Weather65.csv
58,3415,/Users/matiasvilches/Documents/F2A/source/firebreaks_optimization/forest/sub100/Weathers/Weather67.csv
59,9856,/Users/matiasvilches/Documents/F2A/source/firebreaks_optimization/forest/sub100/Weathers/Weather78.csv
60,713,/Users/matiasvilches/Documents/F2A/source/firebreaks_optimization/forest/sub100/Weathers/Weather123.csv
61,4718,/Users/matiasvilches/Documents/F2A/source/firebreaks_optimization/forest/sub100/Weathers/Weather29.csv
62,1088,/Users/matiasvilches/Documents/F2A/source/firebreaks_optimization/forest/sub100/Weathers/Weather64.csv
63,1491,/Users/matiasvilches/Documents/F2A/source/firebreaks_optimization/forest/sub100/Weathers/Weather104.csv
64,9232,/Users/matiasvilches/Documents/F2A/source/firebreaks_optimization/forest/sub100/Weathers/Weather8.csv
65,4509,/Users/matiasvilches/Documents/F2A/source/firebreaks_optimization/forest/sub100/Weathers/Weather8.csv
66,5108,/Users/matiasvilches/Documents/F2A/source/firebreaks_optimization/forest/sub100/Weathers/Weather9.csv
67,6043,/Users/matiasvilches/Documents/F2A/source/firebreaks_optimization/forest/sub100/Weathers/Weather64.csv
68,9518,/Users/matiasvilches/Documents/F2A/source/firebreaks_optimization/forest/sub100/Weathers/Weather88.csv
69,2037,/Users/matiasvilches/Documents/F2A/source/firebreaks_optimization/forest/sub100/Weathers/Weather23.csv
70,7621,/Users/matiasvilches/Documents/F2A/source/firebreaks_optimization/forest/sub100/Weathers/Weather61.csv
71,380,/Users/matiasvilches/Documents/F2A/source/firebreaks_optimization/forest/sub100/Weathers/Weather112.csv
72,7676,/Users/matiasvilches/Documents/F2A/source/firebreaks_optimization/forest/sub100/Weathers/Weather126.csv
73,4272,/Users/matiasvilches/Documents/F2A/source/firebreaks_optimization/forest/sub100/Weathers/Weather50.csv
74,3263,/Users/matiasvilches/Documents/F2A/source/firebreaks_optimization/forest/sub100/Weathers/Weather50.csv
75,694,/Users/matiasvilches/Documents/F2A/source/firebreaks_optimization/forest/sub100/Weathers/Weather27.csv
76,6711,/Users/matiasvilches/Documents/F2A/source/firebreaks_optimization/forest/sub100/Weathers/Weather126.csv
77,6454,/Users/matiasvilches/Documents/F2A/source/firebreaks_optimization/forest/sub100/Weathers/Weather99.csv
78,7378,/Users/matiasvilches/Documents/F2A/source/firebreaks_optimization/forest/sub100/Weathers/Weather73.csv
79,3383,/Users/matiasvilches/Documents/F2A/source/firebreaks_optimization/forest/sub100/Weathers/Weather112.csv
80,4107,/Users/matiasvilches/Documents/F2A/source/firebreaks_optimization/forest/sub100/Weathers/Weather82.csv
81,1434,/Users/matiasvilches/Documents/F2A/source/firebreaks_optimization/forest/sub100/Weathers/Weather62.csv
82,116,/Users/matiasvilches/Documents/F2A/source/firebreaks_optimization/forest/sub100/Weathers/Weather93.csv
83,9797,/Users/matiasvilches/Documents/F2A/source/firebreaks_optimization/forest/sub100/Weathers/Weather96.csv
84,3121,/Users/matiasvilches/Documents/F2A/source/firebreaks_optimization/forest/sub100/Weathers/Weather28.csv
85,8156,/Users/matiasvilches/Documents/F2A/source/firebreaks_optimization/forest/sub100/Weathers/Weather47.csv
86,1594,/Users/matiasvilches/Documents/F2A/source/firebreaks_optimization/forest/sub100/Weathers/Weather97.csv
87,771,/Users/matiasvilches/Documents/F2A/source/firebreaks_optimization/forest/sub100/Weathers/Weather6.csv
88,97,/Users/matiasvilches/Documents/F2A/source/firebreaks_optimization/forest/sub100/Weathers/Weather7.csv
89,879,/Users/matiasvilches/Documents/F2A/source/firebreaks_optimization/forest/sub100/Weathers/Weather34.csv
90,6783,/Users/matiasvilches/Documents/F2A/source/firebreaks_optimization/forest/sub100/Weathers/Weather60.csv
91,1319,/Users/matiasvilches/Documents/F2A/source/firebreaks_optimization/forest/sub100/Weathers/Weather80.csv
92,1522,/Users/matiasvilches/Documents/F2A/source/firebreaks_optimization/forest/sub100/Weathers/Weather42.csv
93,6004,/Users/matiasvilches/Documents/F2A/source/firebreaks_optimization/forest/sub100/Weathers/Weather68.csv
94,590,/Users/matiasvilches/Documents/F2A/source/firebreaks_optimization/forest/sub100/Weathers/Weather36.csv
95,754,/Users/matiasvilches/Documents/F2A/source/firebreaks_optimization/forest/sub100/Weathers/Weather104.csv
96,5875,/Users/matiasvilches/Documents/F2A/source/firebreaks_optimization/forest/sub100/Weathers/Weather37.csv
97,471,/Users/matiasvilches/Documents/F2A/source/firebreaks_optimization/forest/sub100/Weathers/Weather37.csv
98,7139,/Users/matiasvilches/Documents/F2A/source/firebreaks_optimization/forest/sub100/Weathers/Weather17.csv
99,75,/Users/matiasvilches/Documents/F2A/source/firebreaks_optimization/forest/sub100/Weathers/Weather83.csv
100,9543,/Users/matiasvilches/Documents/F2A/source/firebreaks_optimization/forest/sub100/Weathers/Weather66.csv
101,5404,/Users/matiasvilches/Documents/F2A/source/firebreaks_optimization/forest/sub100/Weathers/Weather89.csv
102,5554,/Users/matiasvilches/Documents/F2A/source/firebreaks_optimization/forest/sub100/Weathers/Weather52.csv
103,239,/Users/matiasvilches/Documents/F2A/source/firebreaks_optimization/forest/sub100/Weathers/Weather53.csv
104,7172,/Users/matiasvilches/Documents/F2A/source/firebreaks_optimization/forest/sub100/Weathers/Weather62.csv
105,7048,/Users/matiasvilches/Documents/F2A/source/firebreaks_optimization/forest/sub100/Weathers/Weather69.csv
106,4726,/Users/matiasvilches/Documents/F2A/source/firebreaks_optimization/forest/sub100/Weathers/Weather43.csv
107,7333,/Users/matiasvilches/Documents/F2A/source/firebreaks_optimization/forest/sub100/Weathers/Weather1.csv
108,2724,/Users/matiasvilches/Documents/F2A/source/firebreaks_optimization/forest/sub100/Weathers/Weather123.csv
109,1183,/Users/matiasvilches/Documents/F2A/source/firebreaks_optimization/forest/sub100/Weathers/Weather66.csv
110,2650,/Users/matiasvilches/Documents/F2A/source/firebreaks_optimization/forest/sub100/Weathers/Weather106.csv
111,960,/Users/matiasvilches/Documents/F2A/source/firebreaks_optimization/forest/sub100/Weathers/Weather35.csv
112,2358,/Users/matiasvilches/Documents/F2A/source/firebreaks_optimization/forest/sub100/Weathers/Weather77.csv
113,6110,/Users/matiasvilches/Documents/F2A/source/firebreaks_optimization/forest/sub100/Weathers/Weather7.csv
114,3057,/Users/matiasvilches/Documents/F2A/source/firebreaks_optimization/forest/sub100/Weathers/Weather71.csv
115,8754,/Users/matiasvilches/Documents/F2A/source/firebreaks_optimization/forest/sub100/Weathers/Weather10.csv
116,8601,/Users/matiasvilches/Documents/F2A/source/firebreaks_optimization/forest/sub100/Weathers/Weather8.csv
117,9345,/Users/matiasvilches/Documents/F2A/source/firebreaks_optimization/forest/sub100/Weathers/Weather47.csv
118,9128,/Users/matiasvilches/Documents/F2A/source/firebreaks_optimization/forest/sub100/Weathers/Weather7.csv
119,3289,/Users/matiasvilches/Documents/F2A/source/firebreaks_optimization/forest/sub100/Weathers/Weather127.csv
120,8307,/Users/matiasvilches/Documents/F2A/source/firebreaks_optimization/forest/sub100/Weathers/Weather64.csv
121,511,/Users/matiasvilches/Documents/F2A/source/firebreaks_optimization/forest/sub100/Weathers/Weather16.csv
122,5762,/Users/matiasvilches/Documents/F2A/source/firebreaks_optimization/forest/sub100/Weathers/Weather12.csv
123,2403,/Users/matiasvilches/Documents/F2A/source/firebreaks_optimization/forest/sub100/Weathers/Weather100.csv
124,6412,/Users/matiasvilches/Documents/F2A/source/firebreaks_optimization/forest/sub100/Weathers/Weather84.csv
125,5673,/Users/matiasvilches/Documents/F2A/source/firebreaks_optimization/forest/sub100/Weathers/Weather85.csv
126,2385,/Users/matiasvilches/Documents/F2A/source/firebreaks_optimization/forest/sub100/Weathers/Weather53.csv
127,7337,/Users/matiasvilches/Documents/F2A/source/firebreaks_optimization/forest/sub100/Weathers/Weather36.csv
128,3731,/Users/matiasvilches/Documents/F2A/source/firebreaks_optimization/forest/sub100/Weathers/Weather74.csv
129,9908,/Users/matiasvilches/Documents/F2A/source/firebreaks_optimization/forest/sub100/Weathers/Weather60.csv
130,1423,/Users/matiasvilches/Documents/F2A/source/firebreaks_optimization/forest/sub100/Weathers/Weather5.csv
131,2993,/Users/matiasvilches/Documents/F2A/source/firebreaks_optimization/forest/sub100/Weathers/Weather85.csv
132,4903,/Users/matiasvilches/Documents/F2A/source/firebreaks_optimization/forest/sub100/Weathers/Weather55.csv
133,3122,/Users/matiasvilches/Documents/F2A/source/firebreaks_optimization/forest/sub100/Weathers/Weather104.csv
134,7742,/Users/matiasvilches/Documents/F2A/source/firebreaks_optimization/forest/sub100/Weathers/Weather122.csv
135,3593,/Users/matiasvilches/Documents/F2A/source/firebreaks_optimization/forest/sub100/Weathers/Weather103.csv
136,7163,/Users/matiasvilches/Documents/F2A/source/firebreaks_optimization/forest/sub100/Weathers/Weather48.csv
137,4893,/Users/matiasvilches/Documents/F2A/source/firebreaks_optimization/forest/sub100/Weathers/Weather24.csv
138,4079,/Users/matiasvilches/Documents/F2A/source/firebreaks_optimization/forest/sub100/Weathers/Weather69.csv
139,1418,/Users/matiasvilches/Documents/F2A/source/firebreaks_optimization/forest/sub100/Weathers/Weather121.csv
140,7386,/Users/matiasvilches/Documents/F2A/source/firebreaks_optimization/forest/sub100/Weathers/Weather98.csv
141,3780,/Users/matiasvilches/Documents/F2A/source/firebreaks_optimization/forest/sub100/Weathers/Weather21.csv
142,1589,/Users/matiasvilches/Documents/F2A/source/firebreaks_optimization/forest/sub100/Weathers/Weather121.csv
143,4009,/Users/matiasvilches/Documents/F2A/source/firebreaks_optimization/forest/sub100/Weathers/Weather96.csv
144,4635,/Users/matiasvilches/Documents/F2A/source/firebreaks_optimization/forest/sub100/Weathers/Weather102.csv
145,9528,/Users/matiasvilches/Documents/F2A/source/firebreaks_optimization/forest/sub100/Weathers/Weather64.csv
146,1044,/Users/matiasvilches/Documents/F2A/source/firebreaks_optimization/forest/sub100/Weathers/Weather109.csv
147,6402,/Users/matiasvilches/Documents/F2A/source/firebreaks_optimization/forest/sub100/Weathers/Weather9.csv
148,8643,/Users/matiasvilches/Documents/F2A/source/firebreaks_optimization/forest/sub100/Weathers/Weather43.csv
149,254,/Users/matiasvilches/Documents/F2A/source/firebreaks_optimization/forest/sub100/Weathers/Weather31.csv
150,1472,/Users/matiasvilches/Documents/F2A/source/firebreaks_optimization/forest/sub100/Weathers/Weather65.csv
151,4090,/Users/matiasvilches/Documents/F2A/source/firebreaks_optimization/forest/sub100/Weathers/Weather42.csv
152,7119,/Users/matiasvilches/Documents/F2A/source/firebreaks_optimization/forest/sub100/Weathers/Weather1.csv
153,7193,/Users/matiasvilches/Documents/F2A/source/firebreaks_optimization/forest/sub100/Weathers/Weather86.csv
154,3092,/Users/matiasvilches/Documents/F2A/source/firebreaks_optimization/forest/sub100/Weathers/Weather36.csv
155,1366,/Users/matiasvilches/Documents/F2A/source/firebreaks_optimization/forest/sub100/Weathers/Weather112.csv
156,5153,/Users/matiasvilches/Documents/F2A/source/firebreaks_optimization/forest/sub100/Weathers/Weather67.csv
157,943,/Users/matiasvilches/Documents/F2A/source/firebreaks_optimization/forest/sub100/Weathers/Weather79.csv
158,9618,/Users/matiasvilches/Documents/F2A/source/firebreaks_optimization/forest/sub100/Weathers/Weather57.csv
159,8403,/Users/matiasvilches/Documents/F2A/source/firebreaks_optimization/forest/sub100/Weathers/Weather23.csv
160,1900,/Users/matiasvilches/Documents/F2A/source/firebreaks_optimization/forest/sub100/Weathers/Weather47.csv
161,6672,/Users/matiasvilches/Documents/F2A/source/firebreaks_optimization/forest/sub100/Weathers/Weather101.csv
162,3650,/Users/matiasvilches/Documents/F2A/source/firebreaks_optimization/forest/sub100/Weathers/Weather33.csv
163,6463,/Users/matiasvilches/Documents/F2A/source/firebreaks_optimization/forest/sub100/Weathers/Weather28.csv
164,2320,/Users/matiasvilches/Documents/F2A/source/firebreaks_optimization/forest/sub100/Weathers/Weather94.csv
165,9269,/Users/matiasvilches/Documents/F2A/source/firebreaks_optimization/forest/sub100/Weathers/Weather124.csv
166,3788,/Users/matiasvilches/Documents/F2A/source/firebreaks_optimization/forest/sub100/Weathers/Weather82.csv
167,405,/Users/matiasvilches/Documents/F2A/source/firebreaks_optimization/forest/sub100/Weathers/Weather22.csv
168,942,/Users/matiasvilches/Documents/F2A/source/firebreaks_optimization/forest/sub100/Weathers/Weather45.csv
169,7198,/Users/matiasvilches/Documents/F2A/source/firebreaks_optimization/forest/sub100/Weathers/Weather103.csv
170,5143,/Users/matiasvilches/Documents/F2A/source/firebreaks_optimization/forest/sub100/Weathers/Weather27.csv
171,5519,/Users/matiasvilches/Documents/F2A/source/firebreaks_optimization/forest/sub100/Weathers/Weather58.csv
172,2137,/Users/matiasvilches/Documents/F2A/source/firebreaks_optimization/forest/sub100/Weathers/Weather98.csv
173,487,/Users/matiasvilches/Documents/F2A/source/firebreaks_optimization/forest/sub100/Weathers/Weather93.csv
174,8552,/Users/matiasvilches/Documents/F2A/source/firebreaks_optimization/forest/sub100/Weathers/Weather54.csv
175,1683,/Users/matiasvilches/Documents/F2A/source/firebreaks_optimization/forest/sub100/Weathers/Weather3.csv
176,4104,/Users/matiasvilches/Documents/F2A/source/firebreaks_optimization/forest/sub100/Weathers/Weather96.csv
177,9768,/Users/matiasvilches/Documents/F2A/source/firebreaks_optimization/forest/sub100/Weathers/Weather69.csv
178,7692,/Users/matiasvilches/Documents/F2A/source/firebreaks_optimization/forest/sub100/Weathers/Weather111.csv
179,8812,/Users/matiasvilches/Documents/F2A/source/firebreaks_optimization/forest/sub100/Weathers/Weather43.csv
180,8553,/Users/matiasvilches/Documents/F2A/source/firebreaks_optimization/forest/sub100/Weathers/Weather14.csv
181,8001,/Users/matiasvilches/Documents/F2A/source/firebreaks_optimization/forest/sub100/Weathers/Weather90.csv
182,1353,/Users/matiasvilches/Documents/F2A/source/firebreaks_optimization/forest/sub100/Weathers/Weather71.csv
183,5612,/Users/matiasvilches/Documents/F2A/source/firebreaks_optimization/forest/sub100/Weathers/Weather117.csv
184,7085,/Users/matiasvilches/Documents/F2A/source/firebreaks_optimization/forest/sub100/Weathers/Weather40.csv
185,9228,/Users/matiasvilches/Documents/F2A/source/firebreaks_optimization/forest/sub100/Weathers/Weather57.csv
186,8847,/Users/matiasvilches/Documents/F2A/source/firebreaks_optimization/forest/sub100/Weathers/Weather80.csv
187,4808,/Users/matiasvilches/Documents/F2A/source/firebreaks_optimization/forest/sub100/Weathers/Weather67.csv
188,2693,/Users/matiasvilches/Documents/F2A/source/firebreaks_optimization/forest/sub100/Weathers/Weather89.csv
189,5809,/Users/matiasvilches/Documents/F2A/source/firebreaks_optimization/forest/sub100/Weathers/Weather53.csv
190,2599,/Users/matiasvilches/Documents/F2A/source/firebreaks_optimization/forest/sub100/Weathers/Weather42.csv
191,7246,/Users/matiasvilches/Documents/F2A/source/firebreaks_optimization/forest/sub100/Weathers/Weather39.csv
192,5653,/Users/matiasvilches/Documents/F2A/source/firebreaks_optimization/forest/sub100/Weathers/Weather25.csv
193,272,/Users/matiasvilches/Documents/F2A/source/firebreaks_optimization/forest/sub100/Weathers/Weather64.csv
194,1073,/Users/matiasvilches/Documents/F2A/source/firebreaks_optimization/forest/sub100/Weathers/Weather70.csv
195,134,/Users/matiasvilches/Documents/F2A/source/firebreaks_optimization/forest/sub100/Weathers/Weather83.csv
196,5501,/Users/matiasvilches/Documents/F2A/source/firebreaks_optimization/forest/sub100/Weathers/Weather21.csv
197,261,/Users/matiasvilches/Documents/F2A/source/firebreaks_optimization/forest/sub100/Weathers/Weather74.csv
198,6448,/Users/matiasvilches/Documents/F2A/source/firebreaks_optimization/forest/sub100/Weathers/Weather25.csv
199,9533,/Users/matiasvilches/Documents/F2A/source/firebreaks_optimization/forest/sub100/Weathers/Weather7.csv
200,681,/Users/matiasvilches/Documents/F2A/source/firebreaks_optimization/forest/sub100/Weathers/Weather67.csv
201,1713,/Users/matiasvilches/Documents/F2A/source/firebreaks_optimization/forest/sub100/Weathers/Weather71.csv
202,4041,/Users/matiasvilches/Documents/F2A/source/firebreaks_optimization/forest/sub100/Weathers/Weather123.csv
203,1463,/Users/matiasvilches/Documents/F2A/source/firebreaks_optimization/forest/sub100/Weathers/Weather85.csv
204,6484,/Users/matiasvilches/Documents/F2A/source/firebreaks_optimization/forest/sub100/Weathers/Weather84.csv
205,7642,/Users/matiasvilches/Documents/F2A/source/firebreaks_optimization/forest/sub100/Weathers/Weather85.csv
206,4704,/Users/matiasvilches/Documents/F2A/source/firebreaks_optimization/forest/sub100/Weathers/Weather4.csv
207,8508,/Users/matiasvilches/Documents/F2A/source/firebreaks_optimization/forest/sub100/Weathers/Weather24.csv
208,5392,/Users/matiasvilches/Documents/F2A/source/firebreaks_optimization/forest/sub100/Weathers/Weather32.csv
209,2994,/Users/matiasvilches/Documents/F2A/source/firebreaks_optimization/forest/sub100/Weathers/Weather110.csv
210,1904,/Users/matiasvilches/Documents/F2A/source/firebreaks_optimization/forest/sub100/Weathers/Weather74.csv
211,2344,/Users/matiasvilches/Documents/F2A/source/firebreaks_optimization/forest/sub100/Weathers/Weather21.csv
212,7742,/Users/matiasvilches/Documents/F2A/source/firebreaks_optimization/forest/sub100/Weathers/Weather81.csv
213,2297,/Users/matiasvilches/Documents/F2A/source/firebreaks_optimization/forest/sub100/Weathers/Weather87.csv
214,1310,/Users/matiasvilches/Documents/F2A/source/firebreaks_optimization/forest/sub100/Weathers/Weather87.csv
215,5353,/Users/matiasvilches/Documents/F2A/source/firebreaks_optimization/forest/sub100/Weathers/Weather110.csv
216,2305,/Users/matiasvilches/Documents/F2A/source/firebreaks_optimization/forest/sub100/Weathers/Weather35.csv
217,1967,/Users/matiasvilches/Documents/F2A/source/firebreaks_optimization/forest/sub100/Weathers/Weather97.csv
218,692,/Users/matiasvilches/Documents/F2A/source/firebreaks_optimization/forest/sub100/Weathers/Weather8.csv
219,4314,/Users/matiasvilches/Documents/F2A/source/firebreaks_optimization/forest/sub100/Weathers/Weather110.csv
220,9716,/Users/matiasvilches/Documents/F2A/source/firebreaks_optimization/forest/sub100/Weathers/Weather29.csv
221,7168,/Users/matiasvilches/Documents/F2A/source/firebreaks_optimization/forest/sub100/Weathers/Weather102.csv
222,4196,/Users/matiasvilches/Documents/F2A/source/firebreaks_optimization/forest/sub100/Weathers/Weather69.csv
223,6270,/Users/matiasvilches/Documents/F2A/source/firebreaks_optimization/forest/sub100/Weathers/Weather64.csv
224,2905,/Users/matiasvilches/Documents/F2A/source/firebreaks_optimization/forest/sub100/Weathers/Weather95.csv
225,9868,/Users/matiasvilches/Documents/F2A/source/firebreaks_optimization/forest/sub100/Weathers/Weather75.csv
226,322,/Users/matiasvilches/Documents/F2A/source/firebreaks_optimization/forest/sub100/Weathers/Weather3.csv
227,9059,/Users/matiasvilches/Documents/F2A/source/firebreaks_optimization/forest/sub100/Weathers/Weather21.csv
228,1926,/Users/matiasvilches/Documents/F2A/source/firebreaks_optimization/forest/sub100/Weathers/Weather80.csv
229,5883,/Users/matiasvilches/Documents/F2A/source/firebreaks_optimization/forest/sub100/Weathers/Weather106.csv
230,706,/Users/matiasvilches/Documents/F2A/source/firebreaks_optimization/forest/sub100/Weathers/Weather90.csv
231,8889,/Users/matiasvilches/Documents/F2A/source/firebreaks_optimization/forest/sub100/Weathers/Weather70.csv
232,1722,/Users/matiasvilches/Documents/F2A/source/firebreaks_optimization/forest/sub100/Weathers/Weather5.csv
233,6335,/Users/matiasvilches/Documents/F2A/source/firebreaks_optimization/forest/sub100/Weathers/Weather43.csv
234,7770,/Users/matiasvilches/Documents/F2A/source/firebreaks_optimization/forest/sub100/Weathers/Weather110.csv
235,8770,/Users/matiasvilches/Documents/F2A/source/firebreaks_optimization/forest/sub100/Weathers/Weather42.csv
236,9856,/Users/matiasvilches/Documents/F2A/source/firebreaks_optimization/forest/sub100/Weathers/Weather126.csv
237,6272,/Users/matiasvilches/Documents/F2A/source/firebreaks_optimization/forest/sub100/Weathers/Weather113.csv
238,9538,/Users/matiasvilches/Documents/F2A/source/firebreaks_optimization/forest/sub100/Weathers/Weather112.csv
239,8490,/Users/matiasvilches/Documents/F2A/source/firebreaks_optimization/forest/sub100/Weathers/Weather90.csv
240,8941,/Users/matiasvilches/Documents/F2A/source/firebreaks_optimization/forest/sub100/Weathers/Weather91.csv
241,5400,/Users/matiasvilches/Documents/F2A/source/firebreaks_optimization/forest/sub100/Weathers/Weather23.csv
242,6863,/Users/matiasvilches/Documents/F2A/source/firebreaks_optimization/forest/sub100/Weathers/Weather79.csv
243,3882,/Users/matiasvilches/Documents/F2A/source/firebreaks_optimization/forest/sub100/Weathers/Weather81.csv
244,4390,/Users/matiasvilches/Documents/F2A/source/firebreaks_optimization/forest/sub100/Weathers/Weather108.csv
245,3004,/Users/matiasvilches/Documents/F2A/source/firebreaks_optimization/forest/sub100/Weathers/Weather101.csv
246,8864,/Users/matiasvilches/Documents/F2A/source/firebreaks_optimization/forest/sub100/Weathers/Weather90.csv
247,7676,/Users/matiasvilches/Documents/F2A/source/firebreaks_optimization/forest/sub100/Weathers/Weather21.csv
248,5672,/Users/matiasvilches/Documents/F2A/source/firebreaks_optimization/forest/sub100/Weathers/Weather58.csv
249,2888,/Users/matiasvilches/Documents/F2A/source/firebreaks_optimization/forest/sub100/Weathers/Weather105.csv
250,1814,/Users/matiasvilches/Documents/F2A/source/firebreaks_optimization/forest/sub100/Weathers/Weather17.csv
251,7726,/Users/matiasvilches/Documents/F2A/source/firebreaks_optimization/forest/sub100/Weathers/Weather69.csv
252,2950,/Users/matiasvilches/Documents/F2A/source/firebreaks_optimization/forest/sub100/Weathers/Weather44.csv
253,6929,/Users/matiasvilches/Documents/F2A/source/firebreaks_optimization/forest/sub100/Weathers/Weather25.csv
254,244,/Users/matiasvilches/Documents/F2A/source/firebreaks_optimization/forest/sub100/Weathers/Weather81.csv
255,4688,/Users/matiasvilches/Documents/F2A/source/firebreaks_optimization/forest/sub100/Weathers/Weather96.csv
256,8155,/Users/matiasvilches/Documents/F2A/source/firebreaks_optimization/forest/sub100/Weathers/Weather128.csv
257,3322,/Users/matiasvilches/Documents/F2A/source/firebreaks_optimization/forest/sub100/Weathers/Weather41.csv
258,6323,/Users/matiasvilches/Documents/F2A/source/firebreaks_optimization/forest/sub100/Weathers/Weather77.csv
259,1659,/Users/matiasvilches/Documents/F2A/source/firebreaks_optimization/forest/sub100/Weathers/Weather124.csv
260,4260,/Users/matiasvilches/Documents/F2A/source/firebreaks_optimization/forest/sub100/Weathers/Weather35.csv
261,5790,/Users/matiasvilches/Documents/F2A/source/firebreaks_optimization/forest/sub100/Weathers/Weather90.csv
262,5907,/Users/matiasvilches/Documents/F2A/source/firebreaks_optimization/forest/sub100/Weathers/Weather8.csv
263,5867,/Users/matiasvilches/Documents/F2A/source/firebreaks_optimization/forest/sub100/Weathers/Weather112.csv
264,7235,/Users/matiasvilches/Documents/F2A/source/firebreaks_optimization/forest/sub100/Weathers/Weather30.csv
265,2552,/Users/matiasvilches/Documents/F2A/source/firebreaks_optimization/forest/sub100/Weathers/Weather43.csv
266,8525,/Users/matiasvilches/Documents/F2A/source/firebreaks_optimization/forest/sub100/Weathers/Weather92.csv
267,2405,/Users/matiasvilches/Documents/F2A/source/firebreaks_optimization/forest/sub100/Weathers/Weather9.csv
268,2275,/Users/matiasvilches/Documents/F2A/source/firebreaks_optimization/forest/sub100/Weathers/Weather12.csv
269,5620,/Users/matiasvilches/Documents/F2A/source/firebreaks_optimization/forest/sub100/Weathers/Weather41.csv
270,4478,/Users/matiasvilches/Documents/F2A/source/firebreaks_optimization/forest/sub100/Weathers/Weather72.csv
271,1635,/Users/matiasvilches/Documents/F2A/source/firebreaks_optimization/forest/sub100/Weathers/Weather90.csv
272,7882,/Users/matiasvilches/Documents/F2A/source/firebreaks_optimization/forest/sub100/Weathers/Weather65.csv
273,6693,/Users/matiasvilches/Documents/F2A/source/firebreaks_optimization/forest/sub100/Weathers/Weather122.csv
274,4160,/Users/matiasvilches/Documents/F2A/source/firebreaks_optimization/forest/sub100/Weathers/Weather36.csv
275,1740,/Users/matiasvilches/Documents/F2A/source/firebreaks_optimization/forest/sub100/Weathers/Weather71.csv
276,2565,/Users/matiasvilches/Documents/F2A/source/firebreaks_optimization/forest/sub100/Weathers/Weather10.csv
277,1027,/Users/matiasvilches/Documents/F2A/source/firebreaks_optimization/forest/sub100/Weathers/Weather19.csv
278,7679,/Users/matiasvilches/Documents/F2A/source/firebreaks_optimization/forest/sub100/Weathers/Weather100.csv
279,2102,/Users/matiasvilches/Documents/F2A/source/firebreaks_optimization/forest/sub100/Weathers/Weather60.csv
280,8513,/Users/matiasvilches/Documents/F2A/source/firebreaks_optimization/forest/sub100/Weathers/Weather36.csv
281,2416,/Users/matiasvilches/Documents/F2A/source/firebreaks_optimization/forest/sub100/Weathers/Weather60.csv
282,594,/Users/matiasvilches/Documents/F2A/source/firebreaks_optimization/forest/sub100/Weathers/Weather30.csv
283,6895,/Users/matiasvilches/Documents/F2A/source/firebreaks_optimization/forest/sub100/Weathers/Weather5.csv
284,4537,/Users/matiasvilches/Documents/F2A/source/firebreaks_optimization/forest/sub100/Weathers/Weather14.csv
285,5405,/Users/matiasvilches/Documents/F2A/source/firebreaks_optimization/forest/sub100/Weathers/Weather85.csv
286,2507,/Users/matiasvilches/Documents/F2A/source/firebreaks_optimization/forest/sub100/Weathers/Weather2.csv
287,4300,/Users/matiasvilches/Documents/F2A/source/firebreaks_optimization/forest/sub100/Weathers/Weather52.csv
288,2369,/Users/matiasvilches/Documents/F2A/source/firebreaks_optimization/forest/sub100/Weathers/Weather81.csv
289,3163,/Users/matiasvilches/Documents/F2A/source/firebreaks_optimization/forest/sub100/Weathers/Weather49.csv
290,6967,/Users/matiasvilches/Documents/F2A/source/firebreaks_optimization/forest/sub100/Weathers/Weather123.csv
291,1715,/Users/matiasvilches/Documents/F2A/source/firebreaks_optimization/forest/sub100/Weathers/Weather92.csv
292,386,/Users/matiasvilches/Documents/F2A/source/firebreaks_optimization/forest/sub100/Weathers/Weather13.csv
293,4883,/Users/matiasvilches/Documents/F2A/source/firebreaks_optimization/forest/sub100/Weathers/Weather13.csv
294,2663,/Users/matiasvilches/Documents/F2A/source/firebreaks_optimization/forest/sub100/Weathers/Weather30.csv
295,713,/Users/matiasvilches/Documents/F2A/source/firebreaks_optimization/forest/sub100/Weathers/Weather5.csv
296,4182,/Users/matiasvilches/Documents/F2A/source/firebreaks_optimization/forest/sub100/Weathers/Weather23.csv
297,1093,/Users/matiasvilches/Documents/F2A/source/firebreaks_optimization/forest/sub100/Weathers/Weather17.csv
298,2495,/Users/matiasvilches/Documents/F2A/source/firebreaks_optimization/forest/sub100/Weathers/Weather18.csv
299,1342,/Users/matiasvilches/Documents/F2A/source/firebreaks_optimization/forest/sub100/Weathers/Weather112.csv
300,6367,/Users/matiasvilches/Documents/F2A/source/firebreaks_optimization/forest/sub100/Weathers/Weather35.csv
301,7581,/Users/matiasvilches/Documents/F2A/source/firebreaks_optimization/forest/sub100/Weathers/Weather44.csv
302,1514,/Users/matiasvilches/Documents/F2A/source/firebreaks_optimization/forest/sub100/Weathers/Weather24.csv
303,9679,/Users/matiasvilches/Documents/F2A/source/firebreaks_optimization/forest/sub100/Weathers/Weather95.csv
304,8236,/Users/matiasvilches/Documents/F2A/source/firebreaks_optimization/forest/sub100/Weathers/Weather55.csv
305,4870,/Users/matiasvilches/Documents/F2A/source/firebreaks_optimization/forest/sub100/Weathers/Weather39.csv
306,1702,/Users/matiasvilches/Documents/F2A/source/firebreaks_optimization/forest/sub100/Weathers/Weather47.csv
307,7508,/Users/matiasvilches/Documents/F2A/source/firebreaks_optimization/forest/sub100/Weathers/Weather101.csv
308,5373,/Users/matiasvilches/Documents/F2A/source/firebreaks_optimization/forest/sub100/Weathers/Weather88.csv
309,3335,/Users/matiasvilches/Documents/F2A/source/firebreaks_optimization/forest/sub100/Weathers/Weather48.csv
310,3875,/Users/matiasvilches/Documents/F2A/source/firebreaks_optimization/forest/sub100/Weathers/Weather7.csv
311,7853,/Users/matiasvilches/Documents/F2A/source/firebreaks_optimization/forest/sub100/Weathers/Weather50.csv
312,1857,/Users/matiasvilches/Documents/F2A/source/firebreaks_optimization/forest/sub100/Weathers/Weather107.csv
313,1277,/Users/matiasvilches/Documents/F2A/source/firebreaks_optimization/forest/sub100/Weathers/Weather50.csv
314,7727,/Users/matiasvilches/Documents/F2A/source/firebreaks_optimization/forest/sub100/Weathers/Weather73.csv
315,2840,/Users/matiasvilches/Documents/F2A/source/firebreaks_optimization/forest/sub100/Weathers/Weather35.csv
316,1758,/Users/matiasvilches/Documents/F2A/source/firebreaks_optimization/forest/sub100/Weathers/Weather107.csv
317,3108,/Users/matiasvilches/Documents/F2A/source/firebreaks_optimization/forest/sub100/Weathers/Weather91.csv
318,619,/Users/matiasvilches/Documents/F2A/source/firebreaks_optimization/forest/sub100/Weathers/Weather29.csv
319,4879,/Users/matiasvilches/Documents/F2A/source/firebreaks_optimization/forest/sub100/Weathers/Weather110.csv
320,8464,/Users/matiasvilches/Documents/F2A/source/firebreaks_optimization/forest/sub100/Weathers/Weather33.csv
321,7594,/Users/matiasvilches/Documents/F2A/source/firebreaks_optimization/forest/sub100/Weathers/Weather3.csv
322,1579,/Users/matiasvilches/Documents/F2A/source/firebreaks_optimization/forest/sub100/Weathers/Weather23.csv
323,6781,/Users/matiasvilches/Documents/F2A/source/firebreaks_optimization/forest/sub100/Weathers/Weather39.csv
324,9526,/Users/matiasvilches/Documents/F2A/source/firebreaks_optimization/forest/sub100/Weathers/Weather7.csv
325,5925,/Users/matiasvilches/Documents/F2A/source/firebreaks_optimization/forest/sub100/Weathers/Weather16.csv
326,3017,/Users/matiasvilches/Documents/F2A/source/firebreaks_optimization/forest/sub100/Weathers/Weather84.csv
327,1445,/Users/matiasvilches/Documents/F2A/source/firebreaks_optimization/forest/sub100/Weathers/Weather53.csv
328,9968,/Users/matiasvilches/Documents/F2A/source/firebreaks_optimization/forest/sub100/Weathers/Weather66.csv
329,2776,/Users/matiasvilches/Documents/F2A/source/firebreaks_optimization/forest/sub100/Weathers/Weather86.csv
330,9418,/Users/matiasvilches/Documents/F2A/source/firebreaks_optimization/forest/sub100/Weathers/Weather112.csv
331,450,/Users/matiasvilches/Documents/F2A/source/firebreaks_optimization/forest/sub100/Weathers/Weather101.csv
332,4522,/Users/matiasvilches/Documents/F2A/source/firebreaks_optimization/forest/sub100/Weathers/Weather122.csv
333,6384,/Users/matiasvilches/Documents/F2A/source/firebreaks_optimization/forest/sub100/Weathers/Weather122.csv
334,1944,/Users/matiasvilches/Documents/F2A/source/firebreaks_optimization/forest/sub100/Weathers/Weather76.csv
335,9051,/Users/matiasvilches/Documents/F2A/source/firebreaks_optimization/forest/sub100/Weathers/Weather99.csv
336,6413,/Users/matiasvilches/Documents/F2A/source/firebreaks_optimization/forest/sub100/Weathers/Weather128.csv
337,5267,/Users/matiasvilches/Documents/F2A/source/firebreaks_optimization/forest/sub100/Weathers/Weather115.csv
338,9210,/Users/matiasvilches/Documents/F2A/source/firebreaks_optimization/forest/sub100/Weathers/Weather6.csv
339,4854,/Users/matiasvilches/Documents/F2A/source/firebreaks_optimization/forest/sub100/Weathers/Weather125.csv
340,366,/Users/matiasvilches/Documents/F2A/source/firebreaks_optimization/forest/sub100/Weathers/Weather65.csv
341,2612,/Users/matiasvilches/Documents/F2A/source/firebreaks_optimization/forest/sub100/Weathers/Weather124.csv
342,3049,/Users/matiasvilches/Documents/F2A/source/firebreaks_optimization/forest/sub100/Weathers/Weather70.csv
343,1293,/Users/matiasvilches/Documents/F2A/source/firebreaks_optimization/forest/sub100/Weathers/Weather37.csv
344,3057,/Users/matiasvilches/Documents/F2A/source/firebreaks_optimization/forest/sub100/Weathers/Weather84.csv
345,6510,/Users/matiasvilches/Documents/F2A/source/firebreaks_optimization/forest/sub100/Weathers/Weather124.csv
346,7860,/Users/matiasvilches/Documents/F2A/source/firebreaks_optimization/forest/sub100/Weathers/Weather39.csv
347,4286,/Users/matiasvilches/Documents/F2A/source/firebreaks_optimization/forest/sub100/Weathers/Weather89.csv
348,3054,/Users/matiasvilches/Documents/F2A/source/firebreaks_optimization/forest/sub100/Weathers/Weather20.csv
349,860,/Users/matiasvilches/Documents/F2A/source/firebreaks_optimization/forest/sub100/Weathers/Weather13.csv
350,2340,/Users/matiasvilches/Documents/F2A/source/firebreaks_optimization/forest/sub100/Weathers/Weather111.csv
351,5824,/Users/matiasvilches/Documents/F2A/source/firebreaks_optimization/forest/sub100/Weathers/Weather85.csv
352,6837,/Users/matiasvilches/Documents/F2A/source/firebreaks_optimization/forest/sub100/Weathers/Weather12.csv
353,1632,/Users/matiasvilches/Documents/F2A/source/firebreaks_optimization/forest/sub100/Weathers/Weather87.csv
354,4321,/Users/matiasvilches/Documents/F2A/source/firebreaks_optimization/forest/sub100/Weathers/Weather78.csv
355,3061,/Users/matiasvilches/Documents/F2A/source/firebreaks_optimization/forest/sub100/Weathers/Weather20.csv
356,3395,/Users/matiasvilches/Documents/F2A/source/firebreaks_optimization/forest/sub100/Weathers/Weather73.csv
357,1468,/Users/matiasvilches/Documents/F2A/source/firebreaks_optimization/forest/sub100/Weathers/Weather30.csv
358,777,/Users/matiasvilches/Documents/F2A/source/firebreaks_optimization/forest/sub100/Weathers/Weather71.csv
359,9178,/Users/matiasvilches/Documents/F2A/source/firebreaks_optimization/forest/sub100/Weathers/Weather83.csv
360,8124,/Users/matiasvilches/Documents/F2A/source/firebreaks_optimization/forest/sub100/Weathers/Weather23.csv
361,5419,/Users/matiasvilches/Documents/F2A/source/firebreaks_optimization/forest/sub100/Weathers/Weather65.csv
362,5281,/Users/matiasvilches/Documents/F2A/source/firebreaks_optimization/forest/sub100/Weathers/Weather52.csv
363,3402,/Users/matiasvilches/Documents/F2A/source/firebreaks_optimization/forest/sub100/Weathers/Weather41.csv
364,4462,/Users/matiasvilches/Documents/F2A/source/firebreaks_optimization/forest/sub100/Weathers/Weather51.csv
365,617,/Users/matiasvilches/Documents/F2A/source/firebreaks_optimization/forest/sub100/Weathers/Weather112.csv
366,686,/Users/matiasvilches/Documents/F2A/source/firebreaks_optimization/forest/sub100/Weathers/Weather87.csv
367,308,/Users/matiasvilches/Documents/F2A/source/firebreaks_optimization/forest/sub100/Weathers/Weather65.csv
368,8582,/Users/matiasvilches/Documents/F2A/source/firebreaks_optimization/forest/sub100/Weathers/Weather38.csv
369,5773,/Users/matiasvilches/Documents/F2A/source/firebreaks_optimization/forest/sub100/Weathers/Weather63.csv
370,4720,/Users/matiasvilches/Documents/F2A/source/firebreaks_optimization/forest/sub100/Weathers/Weather97.csv
371,5000,/Users/matiasvilches/Documents/F2A/source/firebreaks_optimization/forest/sub100/Weathers/Weather60.csv
372,9034,/Users/matiasvilches/Documents/F2A/source/firebreaks_optimization/forest/sub100/Weathers/Weather2.csv
373,8781,/Users/matiasvilches/Documents/F2A/source/firebreaks_optimization/forest/sub100/Weathers/Weather127.csv
374,3140,/Users/matiasvilches/Documents/F2A/source/firebreaks_optimization/forest/sub100/Weathers/Weather20.csv
375,8861,/Users/matiasvilches/Documents/F2A/source/firebreaks_optimization/forest/sub100/Weathers/Weather7.csv
376,791,/Users/matiasvilches/Documents/F2A/source/firebreaks_optimization/forest/sub100/Weathers/Weather123.csv
377,8386,/Users/matiasvilches/Documents/F2A/source/firebreaks_optimization/forest/sub100/Weathers/Weather110.csv
378,9626,/Users/matiasvilches/Documents/F2A/source/firebreaks_optimization/forest/sub100/Weathers/Weather97.csv
379,1992,/Users/matiasvilches/Documents/F2A/source/firebreaks_optimization/forest/sub100/Weathers/Weather33.csv
380,9343,/Users/matiasvilches/Documents/F2A/source/firebreaks_optimization/forest/sub100/Weathers/Weather29.csv
381,3610,/Users/matiasvilches/Documents/F2A/source/firebreaks_optimization/forest/sub100/Weathers/Weather62.csv
382,7830,/Users/matiasvilches/Documents/F2A/source/firebreaks_optimization/forest/sub100/Weathers/Weather56.csv
383,8411,/Users/matiasvilches/Documents/F2A/source/firebreaks_optimization/forest/sub100/Weathers/Weather11.csv
384,9349,/Users/matiasvilches/Documents/F2A/source/firebreaks_optimization/forest/sub100/Weathers/Weather58.csv
385,7902,/Users/matiasvilches/Documents/F2A/source/firebreaks_optimization/forest/sub100/Weathers/Weather83.csv
386,1582,/Users/matiasvilches/Documents/F2A/source/firebreaks_optimization/forest/sub100/Weathers/Weather50.csv
387,2854,/Users/matiasvilches/Documents/F2A/source/firebreaks_optimization/forest/sub100/Weathers/Weather61.csv
388,1269,/Users/matiasvilches/Documents/F2A/source/firebreaks_optimization/forest/sub100/Weathers/Weather43.csv
389,52,/Users/matiasvilches/Documents/F2A/source/firebreaks_optimization/forest/sub100/Weathers/Weather113.csv
390,2112,/Users/matiasvilches/Documents/F2A/source/firebreaks_optimization/forest/sub100/Weathers/Weather79.csv
391,7871,/Users/matiasvilches/Documents/F2A/source/firebreaks_optimization/forest/sub100/Weathers/Weather82.csv
392,9616,/Users/matiasvilches/Documents/F2A/source/firebreaks_optimization/forest/sub100/Weathers/Weather126.csv
393,354,/Users/matiasvilches/Documents/F2A/source/firebreaks_optimization/forest/sub100/Weathers/Weather66.csv
394,4407,/Users/matiasvilches/Documents/F2A/source/firebreaks_optimization/forest/sub100/Weathers/Weather35.csv
395,1353,/Users/matiasvilches/Documents/F2A/source/firebreaks_optimization/forest/sub100/Weathers/Weather95.csv
396,3876,/Users/matiasvilches/Documents/F2A/source/firebreaks_optimization/forest/sub100/Weathers/Weather20.csv
397,9751,/Users/matiasvilches/Documents/F2A/source/firebreaks_optimization/forest/sub100/Weathers/Weather19.csv
398,1847,/Users/matiasvilches/Documents/F2A/source/firebreaks_optimization/forest/sub100/Weathers/Weather109.csv
399,8875,/Users/matiasvilches/Documents/F2A/source/firebreaks_optimization/forest/sub100/Weathers/Weather63.csv
400,6463,/Users/matiasvilches/Documents/F2A/source/firebreaks_optimization/forest/sub100/Weathers/Weather92.csv
401,5233,/Users/matiasvilches/Documents/F2A/source/firebreaks_optimization/forest/sub100/Weathers/Weather30.csv
402,2047,/Users/matiasvilches/Documents/F2A/source/firebreaks_optimization/forest/sub100/Weathers/Weather100.csv
403,6804,/Users/matiasvilches/Documents/F2A/source/firebreaks_optimization/forest/sub100/Weathers/Weather84.csv
404,8577,/Users/matiasvilches/Documents/F2A/source/firebreaks_optimization/forest/sub100/Weathers/Weather129.csv
405,8318,/Users/matiasvilches/Documents/F2A/source/firebreaks_optimization/forest/sub100/Weathers/Weather97.csv
406,9397,/Users/matiasvilches/Documents/F2A/source/firebreaks_optimization/forest/sub100/Weathers/Weather103.csv
407,9348,/Users/matiasvilches/Documents/F2A/source/firebreaks_optimization/forest/sub100/Weathers/Weather27.csv
408,1229,/Users/matiasvilches/Documents/F2A/source/firebreaks_optimization/forest/sub100/Weathers/Weather7.csv
409,8231,/Users/matiasvilches/Documents/F2A/source/firebreaks_optimization/forest/sub100/Weathers/Weather37.csv
410,4396,/Users/matiasvilches/Documents/F2A/source/firebreaks_optimization/forest/sub100/Weathers/Weather98.csv
411,8086,/Users/matiasvilches/Documents/F2A/source/firebreaks_optimization/forest/sub100/Weathers/Weather10.csv
412,5951,/Users/matiasvilches/Documents/F2A/source/firebreaks_optimization/forest/sub100/Weathers/Weather129.csv
413,6001,/Users/matiasvilches/Documents/F2A/source/firebreaks_optimization/forest/sub100/Weathers/Weather113.csv
414,5536,/Users/matiasvilches/Documents/F2A/source/firebreaks_optimization/forest/sub100/Weathers/Weather9.csv
415,2961,/Users/matiasvilches/Documents/F2A/source/firebreaks_optimization/forest/sub100/Weathers/Weather94.csv
416,9080,/Users/matiasvilches/Documents/F2A/source/firebreaks_optimization/forest/sub100/Weathers/Weather110.csv
417,3786,/Users/matiasvilches/Documents/F2A/source/firebreaks_optimization/forest/sub100/Weathers/Weather116.csv
418,6688,/Users/matiasvilches/Documents/F2A/source/firebreaks_optimization/forest/sub100/Weathers/Weather11.csv
419,990,/Users/matiasvilches/Documents/F2A/source/firebreaks_optimization/forest/sub100/Weathers/Weather29.csv
420,6807,/Users/matiasvilches/Documents/F2A/source/firebreaks_optimization/forest/sub100/Weathers/Weather29.csv
421,9146,/Users/matiasvilches/Documents/F2A/source/firebreaks_optimization/forest/sub100/Weathers/Weather113.csv
422,2636,/Users/matiasvilches/Documents/F2A/source/firebreaks_optimization/forest/sub100/Weathers/Weather103.csv
423,5508,/Users/matiasvilches/Documents/F2A/source/firebreaks_optimization/forest/sub100/Weathers/Weather106.csv
424,6736,/Users/matiasvilches/Documents/F2A/source/firebreaks_optimization/forest/sub100/Weathers/Weather13.csv
425,1584,/Users/matiasvilches/Documents/F2A/source/firebreaks_optimization/forest/sub100/Weathers/Weather17.csv
426,988,/Users/matiasvilches/Documents/F2A/source/firebreaks_optimization/forest/sub100/Weathers/Weather60.csv
427,8767,/Users/matiasvilches/Documents/F2A/source/firebreaks_optimization/forest/sub100/Weathers/Weather82.csv
428,7705,/Users/matiasvilches/Documents/F2A/source/firebreaks_optimization/forest/sub100/Weathers/Weather27.csv
429,1875,/Users/matiasvilches/Documents/F2A/source/firebreaks_optimization/forest/sub100/Weathers/Weather52.csv
430,9114,/Users/matiasvilches/Documents/F2A/source/firebreaks_optimization/forest/sub100/Weathers/Weather11.csv
431,13,/Users/matiasvilches/Documents/F2A/source/firebreaks_optimization/forest/sub100/Weathers/Weather50.csv
432,3362,/Users/matiasvilches/Documents/F2A/source/firebreaks_optimization/forest/sub100/Weathers/Weather22.csv
433,2589,/Users/matiasvilches/Documents/F2A/source/firebreaks_optimization/forest/sub100/Weathers/Weather33.csv
434,8428,/Users/matiasvilches/Documents/F2A/source/firebreaks_optimization/forest/sub100/Weathers/Weather100.csv
435,587,/Users/matiasvilches/Documents/F2A/source/firebreaks_optimization/forest/sub100/Weathers/Weather29.csv
436,4368,/Users/matiasvilches/Documents/F2A/source/firebreaks_optimization/forest/sub100/Weathers/Weather56.csv
437,1965,/Users/matiasvilches/Documents/F2A/source/firebreaks_optimization/forest/sub100/Weathers/Weather44.csv
438,1905,/Users/matiasvilches/Documents/F2A/source/firebreaks_optimization/forest/sub100/Weathers/Weather58.csv
439,6645,/Users/matiasvilches/Documents/F2A/source/firebreaks_optimization/forest/sub100/Weathers/Weather87.csv
440,6411,/Users/matiasvilches/Documents/F2A/source/firebreaks_optimization/forest/sub100/Weathers/Weather33.csv
441,7512,/Users/matiasvilches/Documents/F2A/source/firebreaks_optimization/forest/sub100/Weathers/Weather105.csv
442,1210,/Users/matiasvilches/Documents/F2A/source/firebreaks_optimization/forest/sub100/Weathers/Weather42.csv
443,723,/Users/matiasvilches/Documents/F2A/source/firebreaks_optimization/forest/sub100/Weathers/Weather87.csv
444,5114,/Users/matiasvilches/Documents/F2A/source/firebreaks_optimization/forest/sub100/Weathers/Weather23.csv
445,9251,/Users/matiasvilches/Documents/F2A/source/firebreaks_optimization/forest/sub100/Weathers/Weather124.csv
446,6746,/Users/matiasvilches/Documents/F2A/source/firebreaks_optimization/forest/sub100/Weathers/Weather79.csv
447,7245,/Users/matiasvilches/Documents/F2A/source/firebreaks_optimization/forest/sub100/Weathers/Weather89.csv
448,1759,/Users/matiasvilches/Documents/F2A/source/firebreaks_optimization/forest/sub100/Weathers/Weather68.csv
449,7127,/Users/matiasvilches/Documents/F2A/source/firebreaks_optimization/forest/sub100/Weathers/Weather21.csv
450,8839,/Users/matiasvilches/Documents/F2A/source/firebreaks_optimization/forest/sub100/Weathers/Weather78.csv
451,7143,/Users/matiasvilches/Documents/F2A/source/firebreaks_optimization/forest/sub100/Weathers/Weather88.csv
452,4282,/Users/matiasvilches/Documents/F2A/source/firebreaks_optimization/forest/sub100/Weathers/Weather12.csv
453,8687,/Users/matiasvilches/Documents/F2A/source/firebreaks_optimization/forest/sub100/Weathers/Weather1.csv
454,8687,/Users/matiasvilches/Documents/F2A/source/firebreaks_optimization/forest/sub100/Weathers/Weather106.csv
455,8493,/Users/matiasvilches/Documents/F2A/source/firebreaks_optimization/forest/sub100/Weathers/Weather104.csv
456,7716,/Users/matiasvilches/Documents/F2A/source/firebreaks_optimization/forest/sub100/Weathers/Weather82.csv
457,1584,/Users/matiasvilches/Documents/F2A/source/firebreaks_optimization/forest/sub100/Weathers/Weather9.csv
458,2684,/Users/matiasvilches/Documents/F2A/source/firebreaks_optimization/forest/sub100/Weathers/Weather85.csv
459,1648,/Users/matiasvilches/Documents/F2A/source/firebreaks_optimization/forest/sub100/Weathers/Weather46.csv
460,5470,/Users/matiasvilches/Documents/F2A/source/firebreaks_optimization/forest/sub100/Weathers/Weather113.csv
461,5221,/Users/matiasvilches/Documents/F2A/source/firebreaks_optimization/forest/sub100/Weathers/Weather25.csv
462,2625,/Users/matiasvilches/Documents/F2A/source/firebreaks_optimization/forest/sub100/Weathers/Weather101.csv
463,5006,/Users/matiasvilches/Documents/F2A/source/firebreaks_optimization/forest/sub100/Weathers/Weather65.csv
464,9759,/Users/matiasvilches/Documents/F2A/source/firebreaks_optimization/forest/sub100/Weathers/Weather44.csv
465,5795,/Users/matiasvilches/Documents/F2A/source/firebreaks_optimization/forest/sub100/Weathers/Weather78.csv
466,2381,/Users/matiasvilches/Documents/F2A/source/firebreaks_optimization/forest/sub100/Weathers/Weather1.csv
467,5849,/Users/matiasvilches/Documents/F2A/source/firebreaks_optimization/forest/sub100/Weathers/Weather35.csv
468,2232,/Users/matiasvilches/Documents/F2A/source/firebreaks_optimization/forest/sub100/Weathers/Weather124.csv
469,1228,/Users/matiasvilches/Documents/F2A/source/firebreaks_optimization/forest/sub100/Weathers/Weather100.csv
470,1612,/Users/matiasvilches/Documents/F2A/source/firebreaks_optimization/forest/sub100/Weathers/Weather105.csv
471,9293,/Users/matiasvilches/Documents/F2A/source/firebreaks_optimization/forest/sub100/Weathers/Weather42.csv
472,9078,/Users/matiasvilches/Documents/F2A/source/firebreaks_optimization/forest/sub100/Weathers/Weather5.csv
473,5832,/Users/matiasvilches/Documents/F2A/source/firebreaks_optimization/forest/sub100/Weathers/Weather108.csv
474,5359,/Users/matiasvilches/Documents/F2A/source/firebreaks_optimization/forest/sub100/Weathers/Weather105.csv
475,4293,/Users/matiasvilches/Documents/F2A/source/firebreaks_optimization/forest/sub100/Weathers/Weather90.csv
476,8216,/Users/matiasvilches/Documents/F2A/source/firebreaks_optimization/forest/sub100/Weathers/Weather55.csv
477,9062,/Users/matiasvilches/Documents/F2A/source/firebreaks_optimization/forest/sub100/Weathers/Weather95.csv
478,2894,/Users/matiasvilches/Documents/F2A/source/firebreaks_optimization/forest/sub100/Weathers/Weather41.csv
479,1238,/Users/matiasvilches/Documents/F2A/source/firebreaks_optimization/forest/sub100/Weathers/Weather32.csv
480,8806,/Users/matiasvilches/Documents/F2A/source/firebreaks_optimization/forest/sub100/Weathers/Weather13.csv
481,6999,/Users/matiasvilches/Documents/F2A/source/firebreaks_optimization/forest/sub100/Weathers/Weather78.csv
482,3904,/Users/matiasvilches/Documents/F2A/source/firebreaks_optimization/forest/sub100/Weathers/Weather22.csv
483,7897,/Users/matiasvilches/Documents/F2A/source/firebreaks_optimization/forest/sub100/Weathers/Weather57.csv
484,1322,/Users/matiasvilches/Documents/F2A/source/firebreaks_optimization/forest/sub100/Weathers/Weather102.csv
485,8543,/Users/matiasvilches/Documents/F2A/source/firebreaks_optimization/forest/sub100/Weathers/Weather12.csv
486,1997,/Users/matiasvilches/Documents/F2A/source/firebreaks_optimization/forest/sub100/Weathers/Weather49.csv
487,7736,/Users/matiasvilches/Documents/F2A/source/firebreaks_optimization/forest/sub100/Weathers/Weather83.csv
488,9273,/Users/matiasvilches/Documents/F2A/source/firebreaks_optimization/forest/sub100/Weathers/Weather83.csv
489,6748,/Users/matiasvilches/Documents/F2A/source/firebreaks_optimization/forest/sub100/Weathers/Weather21.csv
490,1790,/Users/matiasvilches/Documents/F2A/source/firebreaks_optimization/forest/sub100/Weathers/Weather4.csv
491,1736,/Users/matiasvilches/Documents/F2A/source/firebreaks_optimization/forest/sub100/Weathers/Weather69.csv
492,9687,/Users/matiasvilches/Documents/F2A/source/firebreaks_optimization/forest/sub100/Weathers/Weather67.csv
493,1017,/Users/matiasvilches/Documents/F2A/source/firebreaks_optimization/forest/sub100/Weathers/Weather6.csv
494,7675,/Users/matiasvilches/Documents/F2A/source/firebreaks_optimization/forest/sub100/Weathers/Weather73.csv
495,2525,/Users/matiasvilches/Documents/F2A/source/firebreaks_optimization/forest/sub100/Weathers/Weather124.csv
496,5917,/Users/matiasvilches/Documents/F2A/source/firebreaks_optimization/forest/sub100/Weathers/Weather63.csv
497,8671,/Users/matiasvilches/Documents/F2A/source/firebreaks_optimization/forest/sub100/Weathers/Weather78.csv
498,2873,/Users/matiasvilches/Documents/F2A/source/firebreaks_optimization/forest/sub100/Weathers/Weather81.csv
499,1060,/Users/matiasvilches/Documents/F2A/source/firebreaks_optimization/forest/sub100/Weathers/Weather126.csv
500,9475,/Users/matiasvilches/Documents/F2A/source/firebreaks_optimization/forest/sub100/Weathers/Weather22.csv
501,2019,/Users/matiasvilches/Documents/F2A/source/firebreaks_optimization/forest/sub100/Weathers/Weather71.csv
502,1288,/Users/matiasvilches/Documents/F2A/source/firebreaks_optimization/forest/sub100/Weathers/Weather115.csv
503,5997,/Users/matiasvilches/Documents/F2A/source/firebreaks_optimization/forest/sub100/Weathers/Weather76.csv
504,3775,/Users/matiasvilches/Documents/F2A/source/firebreaks_optimization/forest/sub100/Weathers/Weather82.csv
505,8761,/Users/matiasvilches/Documents/F2A/source/firebreaks_optimization/forest/sub100/Weathers/Weather67.csv
506,4199,/Users/matiasvilches/Documents/F2A/source/firebreaks_optimization/forest/sub100/Weathers/Weather72.csv
507,8658,/Users/matiasvilches/Documents/F2A/source/firebreaks_optimization/forest/sub100/Weathers/Weather129.csv
508,5803,/Users/matiasvilches/Documents/F2A/source/firebreaks_optimization/forest/sub100/Weathers/Weather18.csv
509,7271,/Users/matiasvilches/Documents/F2A/source/firebreaks_optimization/forest/sub100/Weathers/Weather78.csv
510,5136,/Users/matiasvilches/Documents/F2A/source/firebreaks_optimization/forest/sub100/Weathers/Weather66.csv
511,7199,/Users/matiasvilches/Documents/F2A/source/firebreaks_optimization/forest/sub100/Weathers/Weather8.csv
512,1684,/Users/matiasvilches/Documents/F2A/source/firebreaks_optimization/forest/sub100/Weathers/Weather18.csv
513,7900,/Users/matiasvilches/Documents/F2A/source/firebreaks_optimization/forest/sub100/Weathers/Weather116.csv
514,6051,/Users/matiasvilches/Documents/F2A/source/firebreaks_optimization/forest/sub100/Weathers/Weather123.csv
515,4272,/Users/matiasvilches/Documents/F2A/source/firebreaks_optimization/forest/sub100/Weathers/Weather33.csv
516,5521,/Users/matiasvilches/Documents/F2A/source/firebreaks_optimization/forest/sub100/Weathers/Weather11.csv
517,6643,/Users/matiasvilches/Documents/F2A/source/firebreaks_optimization/forest/sub100/Weathers/Weather83.csv
518,9694,/Users/matiasvilches/Documents/F2A/source/firebreaks_optimization/forest/sub100/Weathers/Weather71.csv
519,1151,/Users/matiasvilches/Documents/F2A/source/firebreaks_optimization/forest/sub100/Weathers/Weather61.csv
520,6402,/Users/matiasvilches/Documents/F2A/source/firebreaks_optimization/forest/sub100/Weathers/Weather73.csv
521,8162,/Users/matiasvilches/Documents/F2A/source/firebreaks_optimization/forest/sub100/Weathers/Weather91.csv
522,6458,/Users/matiasvilches/Documents/F2A/source/firebreaks_optimization/forest/sub100/Weathers/Weather30.csv
523,542,/Users/matiasvilches/Documents/F2A/source/firebreaks_optimization/forest/sub100/Weathers/Weather48.csv
524,2283,/Users/matiasvilches/Documents/F2A/source/firebreaks_optimization/forest/sub100/Weathers/Weather31.csv
525,7374,/Users/matiasvilches/Documents/F2A/source/firebreaks_optimization/forest/sub100/Weathers/Weather6.csv
526,9100,/Users/matiasvilches/Documents/F2A/source/firebreaks_optimization/forest/sub100/Weathers/Weather122.csv
527,8537,/Users/matiasvilches/Documents/F2A/source/firebreaks_optimization/forest/sub100/Weathers/Weather81.csv
528,5010,/Users/matiasvilches/Documents/F2A/source/firebreaks_optimization/forest/sub100/Weathers/Weather62.csv
529,5110,/Users/matiasvilches/Documents/F2A/source/firebreaks_optimization/forest/sub100/Weathers/Weather96.csv
530,7416,/Users/matiasvilches/Documents/F2A/source/firebreaks_optimization/forest/sub100/Weathers/Weather6.csv
531,6681,/Users/matiasvilches/Documents/F2A/source/firebreaks_optimization/forest/sub100/Weathers/Weather123.csv
532,145,/Users/matiasvilches/Documents/F2A/source/firebreaks_optimization/forest/sub100/Weathers/Weather81.csv
533,9432,/Users/matiasvilches/Documents/F2A/source/firebreaks_optimization/forest/sub100/Weathers/Weather111.csv
534,8271,/Users/matiasvilches/Documents/F2A/source/firebreaks_optimization/forest/sub100/Weathers/Weather42.csv
535,9345,/Users/matiasvilches/Documents/F2A/source/firebreaks_optimization/forest/sub100/Weathers/Weather54.csv
536,701,/Users/matiasvilches/Documents/F2A/source/firebreaks_optimization/forest/sub100/Weathers/Weather123.csv
537,116,/Users/matiasvilches/Documents/F2A/source/firebreaks_optimization/forest/sub100/Weathers/Weather113.csv
538,1539,/Users/matiasvilches/Documents/F2A/source/firebreaks_optimization/forest/sub100/Weathers/Weather3.csv
539,3359,/Users/matiasvilches/Documents/F2A/source/firebreaks_optimization/forest/sub100/Weathers/Weather43.csv
540,4119,/Users/matiasvilches/Documents/F2A/source/firebreaks_optimization/forest/sub100/Weathers/Weather75.csv
541,7434,/Users/matiasvilches/Documents/F2A/source/firebreaks_optimization/forest/sub100/Weathers/Weather81.csv
542,3770,/Users/matiasvilches/Documents/F2A/source/firebreaks_optimization/forest/sub100/Weathers/Weather110.csv
543,806,/Users/matiasvilches/Documents/F2A/source/firebreaks_optimization/forest/sub100/Weathers/Weather43.csv
544,9287,/Users/matiasvilches/Documents/F2A/source/firebreaks_optimization/forest/sub100/Weathers/Weather22.csv
545,6827,/Users/matiasvilches/Documents/F2A/source/firebreaks_optimization/forest/sub100/Weathers/Weather78.csv
546,7311,/Users/matiasvilches/Documents/F2A/source/firebreaks_optimization/forest/sub100/Weathers/Weather99.csv
547,6937,/Users/matiasvilches/Documents/F2A/source/firebreaks_optimization/forest/sub100/Weathers/Weather128.csv
548,128,/Users/matiasvilches/Documents/F2A/source/firebreaks_optimization/forest/sub100/Weathers/Weather72.csv
549,705,/Users/matiasvilches/Documents/F2A/source/firebreaks_optimization/forest/sub100/Weathers/Weather39.csv
550,7609,/Users/matiasvilches/Documents/F2A/source/firebreaks_optimization/forest/sub100/Weathers/Weather41.csv
551,2753,/Users/matiasvilches/Documents/F2A/source/firebreaks_optimization/forest/sub100/Weathers/Weather9.csv
552,7095,/Users/matiasvilches/Documents/F2A/source/firebreaks_optimization/forest/sub100/Weathers/Weather4.csv
553,9831,/Users/matiasvilches/Documents/F2A/source/firebreaks_optimization/forest/sub100/Weathers/Weather8.csv
554,2865,/Users/matiasvilches/Documents/F2A/source/firebreaks_optimization/forest/sub100/Weathers/Weather27.csv
555,8270,/Users/matiasvilches/Documents/F2A/source/firebreaks_optimization/forest/sub100/Weathers/Weather120.csv
556,2065,/Users/matiasvilches/Documents/F2A/source/firebreaks_optimization/forest/sub100/Weathers/Weather49.csv
557,2472,/Users/matiasvilches/Documents/F2A/source/firebreaks_optimization/forest/sub100/Weathers/Weather47.csv
558,1566,/Users/matiasvilches/Documents/F2A/source/firebreaks_optimization/forest/sub100/Weathers/Weather19.csv
559,9546,/Users/matiasvilches/Documents/F2A/source/firebreaks_optimization/forest/sub100/Weathers/Weather25.csv
560,5385,/Users/matiasvilches/Documents/F2A/source/firebreaks_optimization/forest/sub100/Weathers/Weather59.csv
561,3595,/Users/matiasvilches/Documents/F2A/source/firebreaks_optimization/forest/sub100/Weathers/Weather105.csv
562,384,/Users/matiasvilches/Documents/F2A/source/firebreaks_optimization/forest/sub100/Weathers/Weather60.csv
563,3696,/Users/matiasvilches/Documents/F2A/source/firebreaks_optimization/forest/sub100/Weathers/Weather46.csv
564,3409,/Users/matiasvilches/Documents/F2A/source/firebreaks_optimization/forest/sub100/Weathers/Weather86.csv
565,134,/Users/matiasvilches/Documents/F2A/source/firebreaks_optimization/forest/sub100/Weathers/Weather89.csv
566,1971,/Users/matiasvilches/Documents/F2A/source/firebreaks_optimization/forest/sub100/Weathers/Weather43.csv
567,987,/Users/matiasvilches/Documents/F2A/source/firebreaks_optimization/forest/sub100/Weathers/Weather65.csv
568,1377,/Users/matiasvilches/Documents/F2A/source/firebreaks_optimization/forest/sub100/Weathers/Weather53.csv
569,6225,/Users/matiasvilches/Documents/F2A/source/firebreaks_optimization/forest/sub100/Weathers/Weather73.csv
570,8113,/Users/matiasvilches/Documents/F2A/source/firebreaks_optimization/forest/sub100/Weathers/Weather52.csv
571,8613,/Users/matiasvilches/Documents/F2A/source/firebreaks_optimization/forest/sub100/Weathers/Weather18.csv
572,4475,/Users/matiasvilches/Documents/F2A/source/firebreaks_optimization/forest/sub100/Weathers/Weather88.csv
573,3402,/Users/matiasvilches/Documents/F2A/source/firebreaks_optimization/forest/sub100/Weathers/Weather24.csv
574,532,/Users/matiasvilches/Documents/F2A/source/firebreaks_optimization/forest/sub100/Weathers/Weather22.csv
575,2953,/Users/matiasvilches/Documents/F2A/source/firebreaks_optimization/forest/sub100/Weathers/Weather21.csv
576,9644,/Users/matiasvilches/Documents/F2A/source/firebreaks_optimization/forest/sub100/Weathers/Weather92.csv
577,7140,/Users/matiasvilches/Documents/F2A/source/firebreaks_optimization/forest/sub100/Weathers/Weather92.csv
578,2371,/Users/matiasvilches/Documents/F2A/source/firebreaks_optimization/forest/sub100/Weathers/Weather88.csv
579,8717,/Users/matiasvilches/Documents/F2A/source/firebreaks_optimization/forest/sub100/Weathers/Weather5.csv
580,7173,/Users/matiasvilches/Documents/F2A/source/firebreaks_optimization/forest/sub100/Weathers/Weather67.csv
581,9920,/Users/matiasvilches/Documents/F2A/source/firebreaks_optimization/forest/sub100/Weathers/Weather126.csv
582,1901,/Users/matiasvilches/Documents/F2A/source/firebreaks_optimization/forest/sub100/Weathers/Weather80.csv
583,4562,/Users/matiasvilches/Documents/F2A/source/firebreaks_optimization/forest/sub100/Weathers/Weather29.csv
584,8868,/Users/matiasvilches/Documents/F2A/source/firebreaks_optimization/forest/sub100/Weathers/Weather69.csv
585,7930,/Users/matiasvilches/Documents/F2A/source/firebreaks_optimization/forest/sub100/Weathers/Weather90.csv
586,5903,/Users/matiasvilches/Documents/F2A/source/firebreaks_optimization/forest/sub100/Weathers/Weather124.csv
587,7722,/Users/matiasvilches/Documents/F2A/source/firebreaks_optimization/forest/sub100/Weathers/Weather56.csv
588,8540,/Users/matiasvilches/Documents/F2A/source/firebreaks_optimization/forest/sub100/Weathers/Weather27.csv
589,6044,/Users/matiasvilches/Documents/F2A/source/firebreaks_optimization/forest/sub100/Weathers/Weather129.csv
590,1760,/Users/matiasvilches/Documents/F2A/source/firebreaks_optimization/forest/sub100/Weathers/Weather94.csv
591,6384,/Users/matiasvilches/Documents/F2A/source/firebreaks_optimization/forest/sub100/Weathers/Weather52.csv
592,7288,/Users/matiasvilches/Documents/F2A/source/firebreaks_optimization/forest/sub100/Weathers/Weather103.csv
593,477,/Users/matiasvilches/Documents/F2A/source/firebreaks_optimization/forest/sub100/Weathers/Weather100.csv
594,585,/Users/matiasvilches/Documents/F2A/source/firebreaks_optimization/forest/sub100/Weathers/Weather123.csv
595,6944,/Users/matiasvilches/Documents/F2A/source/firebreaks_optimization/forest/sub100/Weathers/Weather124.csv
596,9635,/Users/matiasvilches/Documents/F2A/source/firebreaks_optimization/forest/sub100/Weathers/Weather14.csv
597,3573,/Users/matiasvilches/Documents/F2A/source/firebreaks_optimization/forest/sub100/Weathers/Weather63.csv
598,4882,/Users/matiasvilches/Documents/F2A/source/firebreaks_optimization/forest/sub100/Weathers/Weather101.csv
599,4079,/Users/matiasvilches/Documents/F2A/source/firebreaks_optimization/forest/sub100/Weathers/Weather9.csv
600,3829,/Users/matiasvilches/Documents/F2A/source/firebreaks_optimization/forest/sub100/Weathers/Weather47.csv
601,1520,/Users/matiasvilches/Documents/F2A/source/firebreaks_optimization/forest/sub100/Weathers/Weather47.csv
602,2748,/Users/matiasvilches/Documents/F2A/source/firebreaks_optimization/forest/sub100/Weathers/Weather84.csv
603,9208,/Users/matiasvilches/Documents/F2A/source/firebreaks_optimization/forest/sub100/Weathers/Weather33.csv
604,2667,/Users/matiasvilches/Documents/F2A/source/firebreaks_optimization/forest/sub100/Weathers/Weather76.csv
605,4671,/Users/matiasvilches/Documents/F2A/source/firebreaks_optimization/forest/sub100/Weathers/Weather68.csv
606,4822,/Users/matiasvilches/Documents/F2A/source/firebreaks_optimization/forest/sub100/Weathers/Weather35.csv
607,5531,/Users/matiasvilches/Documents/F2A/source/firebreaks_optimization/forest/sub100/Weathers/Weather25.csv
608,6262,/Users/matiasvilches/Documents/F2A/source/firebreaks_optimization/forest/sub100/Weathers/Weather83.csv
609,8163,/Users/matiasvilches/Documents/F2A/source/firebreaks_optimization/forest/sub100/Weathers/Weather8.csv
610,3478,/Users/matiasvilches/Documents/F2A/source/firebreaks_optimization/forest/sub100/Weathers/Weather112.csv
611,3296,/Users/matiasvilches/Documents/F2A/source/firebreaks_optimization/forest/sub100/Weathers/Weather6.csv
612,9201,/Users/matiasvilches/Documents/F2A/source/firebreaks_optimization/forest/sub100/Weathers/Weather57.csv
613,9167,/Users/matiasvilches/Documents/F2A/source/firebreaks_optimization/forest/sub100/Weathers/Weather15.csv
614,9973,/Users/matiasvilches/Documents/F2A/source/firebreaks_optimization/forest/sub100/Weathers/Weather102.csv
615,9428,/Users/matiasvilches/Documents/F2A/source/firebreaks_optimization/forest/sub100/Weathers/Weather31.csv
616,5916,/Users/matiasvilches/Documents/F2A/source/firebreaks_optimization/forest/sub100/Weathers/Weather65.csv
617,3572,/Users/matiasvilches/Documents/F2A/source/firebreaks_optimization/forest/sub100/Weathers/Weather80.csv
618,1802,/Users/matiasvilches/Documents/F2A/source/firebreaks_optimization/forest/sub100/Weathers/Weather114.csv
619,7317,/Users/matiasvilches/Documents/F2A/source/firebreaks_optimization/forest/sub100/Weathers/Weather81.csv
620,1123,/Users/matiasvilches/Documents/F2A/source/firebreaks_optimization/forest/sub100/Weathers/Weather42.csv
621,8519,/Users/matiasvilches/Documents/F2A/source/firebreaks_optimization/forest/sub100/Weathers/Weather29.csv
622,9990,/Users/matiasvilches/Documents/F2A/source/firebreaks_optimization/forest/sub100/Weathers/Weather101.csv
623,6740,/Users/matiasvilches/Documents/F2A/source/firebreaks_optimization/forest/sub100/Weathers/Weather4.csv
624,8869,/Users/matiasvilches/Documents/F2A/source/firebreaks_optimization/forest/sub100/Weathers/Weather100.csv
625,9371,/Users/matiasvilches/Documents/F2A/source/firebreaks_optimization/forest/sub100/Weathers/Weather54.csv
626,8757,/Users/matiasvilches/Documents/F2A/source/firebreaks_optimization/forest/sub100/Weathers/Weather16.csv
627,2272,/Users/matiasvilches/Documents/F2A/source/firebreaks_optimization/forest/sub100/Weathers/Weather106.csv
628,9154,/Users/matiasvilches/Documents/F2A/source/firebreaks_optimization/forest/sub100/Weathers/Weather105.csv
629,3366,/Users/matiasvilches/Documents/F2A/source/firebreaks_optimization/forest/sub100/Weathers/Weather103.csv
630,9281,/Users/matiasvilches/Documents/F2A/source/firebreaks_optimization/forest/sub100/Weathers/Weather127.csv
631,4336,/Users/matiasvilches/Documents/F2A/source/firebreaks_optimization/forest/sub100/Weathers/Weather14.csv
632,9464,/Users/matiasvilches/Documents/F2A/source/firebreaks_optimization/forest/sub100/Weathers/Weather5.csv
633,3668,/Users/matiasvilches/Documents/F2A/source/firebreaks_optimization/forest/sub100/Weathers/Weather52.csv
634,856,/Users/matiasvilches/Documents/F2A/source/firebreaks_optimization/forest/sub100/Weathers/Weather37.csv
635,9918,/Users/matiasvilches/Documents/F2A/source/firebreaks_optimization/forest/sub100/Weathers/Weather98.csv
636,6754,/Users/matiasvilches/Documents/F2A/source/firebreaks_optimization/forest/sub100/Weathers/Weather63.csv
637,8577,/Users/matiasvilches/Documents/F2A/source/firebreaks_optimization/forest/sub100/Weathers/Weather40.csv
638,3936,/Users/matiasvilches/Documents/F2A/source/firebreaks_optimization/forest/sub100/Weathers/Weather37.csv
639,5305,/Users/matiasvilches/Documents/F2A/source/firebreaks_optimization/forest/sub100/Weathers/Weather95.csv
640,9409,/Users/matiasvilches/Documents/F2A/source/firebreaks_optimization/forest/sub100/Weathers/Weather34.csv
641,9482,/Users/matiasvilches/Documents/F2A/source/firebreaks_optimization/forest/sub100/Weathers/Weather42.csv
642,243,/Users/matiasvilches/Documents/F2A/source/firebreaks_optimization/forest/sub100/Weathers/Weather87.csv
643,4091,/Users/matiasvilches/Documents/F2A/source/firebreaks_optimization/forest/sub100/Weathers/Weather45.csv
644,5453,/Users/matiasvilches/Documents/F2A/source/firebreaks_optimization/forest/sub100/Weathers/Weather95.csv
645,124,/Users/matiasvilches/Documents/F2A/source/firebreaks_optimization/forest/sub100/Weathers/Weather94.csv
646,8431,/Users/matiasvilches/Documents/F2A/source/firebreaks_optimization/forest/sub100/Weathers/Weather29.csv
647,4582,/Users/matiasvilches/Documents/F2A/source/firebreaks_optimization/forest/sub100/Weathers/Weather28.csv
648,423,/Users/matiasvilches/Documents/F2A/source/firebreaks_optimization/forest/sub100/Weathers/Weather14.csv
649,1033,/Users/matiasvilches/Documents/F2A/source/firebreaks_optimization/forest/sub100/Weathers/Weather94.csv
650,2333,/Users/matiasvilches/Documents/F2A/source/firebreaks_optimization/forest/sub100/Weathers/Weather83.csv
651,9034,/Users/matiasvilches/Documents/F2A/source/firebreaks_optimization/forest/sub100/Weathers/Weather29.csv
652,6487,/Users/matiasvilches/Documents/F2A/source/firebreaks_optimization/forest/sub100/Weathers/Weather46.csv
653,4742,/Users/matiasvilches/Documents/F2A/source/firebreaks_optimization/forest/sub100/Weathers/Weather29.csv
654,361,/Users/matiasvilches/Documents/F2A/source/firebreaks_optimization/forest/sub100/Weathers/Weather40.csv
655,7624,/Users/matiasvilches/Documents/F2A/source/firebreaks_optimization/forest/sub100/Weathers/Weather119.csv
656,6029,/Users/matiasvilches/Documents/F2A/source/firebreaks_optimization/forest/sub100/Weathers/Weather6.csv
657,4982,/Users/matiasvilches/Documents/F2A/source/firebreaks_optimization/forest/sub100/Weathers/Weather12.csv
658,8787,/Users/matiasvilches/Documents/F2A/source/firebreaks_optimization/forest/sub100/Weathers/Weather53.csv
659,6692,/Users/matiasvilches/Documents/F2A/source/firebreaks_optimization/forest/sub100/Weathers/Weather7.csv
660,7900,/Users/matiasvilches/Documents/F2A/source/firebreaks_optimization/forest/sub100/Weathers/Weather117.csv
661,7517,/Users/matiasvilches/Documents/F2A/source/firebreaks_optimization/forest/sub100/Weathers/Weather42.csv
662,7631,/Users/matiasvilches/Documents/F2A/source/firebreaks_optimization/forest/sub100/Weathers/Weather47.csv
663,5125,/Users/matiasvilches/Documents/F2A/source/firebreaks_optimization/forest/sub100/Weathers/Weather96.csv
664,394,/Users/matiasvilches/Documents/F2A/source/firebreaks_optimization/forest/sub100/Weathers/Weather129.csv
665,1874,/Users/matiasvilches/Documents/F2A/source/firebreaks_optimization/forest/sub100/Weathers/Weather74.csv
666,3604,/Users/matiasvilches/Documents/F2A/source/firebreaks_optimization/forest/sub100/Weathers/Weather86.csv
667,5180,/Users/matiasvilches/Documents/F2A/source/firebreaks_optimization/forest/sub100/Weathers/Weather101.csv
668,7450,/Users/matiasvilches/Documents/F2A/source/firebreaks_optimization/forest/sub100/Weathers/Weather71.csv
669,7677,/Users/matiasvilches/Documents/F2A/source/firebreaks_optimization/forest/sub100/Weathers/Weather4.csv
670,7737,/Users/matiasvilches/Documents/F2A/source/firebreaks_optimization/forest/sub100/Weathers/Weather71.csv
671,8934,/Users/matiasvilches/Documents/F2A/source/firebreaks_optimization/forest/sub100/Weathers/Weather129.csv
672,759,/Users/matiasvilches/Documents/F2A/source/firebreaks_optimization/forest/sub100/Weathers/Weather84.csv
673,8865,/Users/matiasvilches/Documents/F2A/source/firebreaks_optimization/forest/sub100/Weathers/Weather23.csv
674,772,/Users/matiasvilches/Documents/F2A/source/firebreaks_optimization/forest/sub100/Weathers/Weather87.csv
675,9209,/Users/matiasvilches/Documents/F2A/source/firebreaks_optimization/forest/sub100/Weathers/Weather113.csv
676,5161,/Users/matiasvilches/Documents/F2A/source/firebreaks_optimization/forest/sub100/Weathers/Weather10.csv
677,4476,/Users/matiasvilches/Documents/F2A/source/firebreaks_optimization/forest/sub100/Weathers/Weather74.csv
678,924,/Users/matiasvilches/Documents/F2A/source/firebreaks_optimization/forest/sub100/Weathers/Weather70.csv
679,2858,/Users/matiasvilches/Documents/F2A/source/firebreaks_optimization/forest/sub100/Weathers/Weather66.csv
680,8581,/Users/matiasvilches/Documents/F2A/source/firebreaks_optimization/forest/sub100/Weathers/Weather2.csv
681,2004,/Users/matiasvilches/Documents/F2A/source/firebreaks_optimization/forest/sub100/Weathers/Weather50.csv
682,4396,/Users/matiasvilches/Documents/F2A/source/firebreaks_optimization/forest/sub100/Weathers/Weather14.csv
683,4062,/Users/matiasvilches/Documents/F2A/source/firebreaks_optimization/forest/sub100/Weathers/Weather94.csv
684,1113,/Users/matiasvilches/Documents/F2A/source/firebreaks_optimization/forest/sub100/Weathers/Weather23.csv
685,1629,/Users/matiasvilches/Documents/F2A/source/firebreaks_optimization/forest/sub100/Weathers/Weather1.csv
686,9914,/Users/matiasvilches/Documents/F2A/source/firebreaks_optimization/forest/sub100/Weathers/Weather27.csv
687,9259,/Users/matiasvilches/Documents/F2A/source/firebreaks_optimization/forest/sub100/Weathers/Weather30.csv
688,7526,/Users/matiasvilches/Documents/F2A/source/firebreaks_optimization/forest/sub100/Weathers/Weather113.csv
689,1377,/Users/matiasvilches/Documents/F2A/source/firebreaks_optimization/forest/sub100/Weathers/Weather15.csv
690,729,/Users/matiasvilches/Documents/F2A/source/firebreaks_optimization/forest/sub100/Weathers/Weather91.csv
691,1712,/Users/matiasvilches/Documents/F2A/source/firebreaks_optimization/forest/sub100/Weathers/Weather82.csv
692,7487,/Users/matiasvilches/Documents/F2A/source/firebreaks_optimization/forest/sub100/Weathers/Weather117.csv
693,3903,/Users/matiasvilches/Documents/F2A/source/firebreaks_optimization/forest/sub100/Weathers/Weather17.csv
694,3420,/Users/matiasvilches/Documents/F2A/source/firebreaks_optimization/forest/sub100/Weathers/Weather101.csv
695,1660,/Users/matiasvilches/Documents/F2A/source/firebreaks_optimization/forest/sub100/Weathers/Weather86.csv
696,7208,/Users/matiasvilches/Documents/F2A/source/firebreaks_optimization/forest/sub100/Weathers/Weather59.csv
697,1629,/Users/matiasvilches/Documents/F2A/source/firebreaks_optimization/forest/sub100/Weathers/Weather86.csv
698,7805,/Users/matiasvilches/Documents/F2A/source/firebreaks_optimization/forest/sub100/Weathers/Weather18.csv
699,8761,/Users/matiasvilches/Documents/F2A/source/firebreaks_optimization/forest/sub100/Weathers/Weather79.csv
700,8491,/Users/matiasvilches/Documents/F2A/source/firebreaks_optimization/forest/sub100/Weathers/Weather87.csv
701,8344,/Users/matiasvilches/Documents/F2A/source/firebreaks_optimization/forest/sub100/Weathers/Weather55.csv
702,3943,/Users/matiasvilches/Documents/F2A/source/firebreaks_optimization/forest/sub100/Weathers/Weather117.csv
703,3774,/Users/matiasvilches/Documents/F2A/source/firebreaks_optimization/forest/sub100/Weathers/Weather54.csv
704,4914,/Users/matiasvilches/Documents/F2A/source/firebreaks_optimization/forest/sub100/Weathers/Weather14.csv
705,8312,/Users/matiasvilches/Documents/F2A/source/firebreaks_optimization/forest/sub100/Weathers/Weather120.csv
706,9159,/Users/matiasvilches/Documents/F2A/source/firebreaks_optimization/forest/sub100/Weathers/Weather124.csv
707,3878,/Users/matiasvilches/Documents/F2A/source/firebreaks_optimization/forest/sub100/Weathers/Weather88.csv
708,2008,/Users/matiasvilches/Documents/F2A/source/firebreaks_optimization/forest/sub100/Weathers/Weather76.csv
709,3826,/Users/matiasvilches/Documents/F2A/source/firebreaks_optimization/forest/sub100/Weathers/Weather100.csv
710,7877,/Users/matiasvilches/Documents/F2A/source/firebreaks_optimization/forest/sub100/Weathers/Weather57.csv
711,6820,/Users/matiasvilches/Documents/F2A/source/firebreaks_optimization/forest/sub100/Weathers/Weather87.csv
712,8381,/Users/matiasvilches/Documents/F2A/source/firebreaks_optimization/forest/sub100/Weathers/Weather43.csv
713,5446,/Users/matiasvilches/Documents/F2A/source/firebreaks_optimization/forest/sub100/Weathers/Weather26.csv
714,4214,/Users/matiasvilches/Documents/F2A/source/firebreaks_optimization/forest/sub100/Weathers/Weather104.csv
715,618,/Users/matiasvilches/Documents/F2A/source/firebreaks_optimization/forest/sub100/Weathers/Weather41.csv
716,9479,/Users/matiasvilches/Documents/F2A/source/firebreaks_optimization/forest/sub100/Weathers/Weather86.csv
717,8306,/Users/matiasvilches/Documents/F2A/source/firebreaks_optimization/forest/sub100/Weathers/Weather35.csv
718,4776,/Users/matiasvilches/Documents/F2A/source/firebreaks_optimization/forest/sub100/Weathers/Weather119.csv
719,908,/Users/matiasvilches/Documents/F2A/source/firebreaks_optimization/forest/sub100/Weathers/Weather67.csv
720,8425,/Users/matiasvilches/Documents/F2A/source/firebreaks_optimization/forest/sub100/Weathers/Weather89.csv
721,4463,/Users/matiasvilches/Documents/F2A/source/firebreaks_optimization/forest/sub100/Weathers/Weather67.csv
722,6980,/Users/matiasvilches/Documents/F2A/source/firebreaks_optimization/forest/sub100/Weathers/Weather30.csv
723,2954,/Users/matiasvilches/Documents/F2A/source/firebreaks_optimization/forest/sub100/Weathers/Weather38.csv
724,9706,/Users/matiasvilches/Documents/F2A/source/firebreaks_optimization/forest/sub100/Weathers/Weather23.csv
725,7683,/Users/matiasvilches/Documents/F2A/source/firebreaks_optimization/forest/sub100/Weathers/Weather19.csv
726,6110,/Users/matiasvilches/Documents/F2A/source/firebreaks_optimization/forest/sub100/Weathers/Weather43.csv
727,7742,/Users/matiasvilches/Documents/F2A/source/firebreaks_optimization/forest/sub100/Weathers/Weather10.csv
728,7821,/Users/matiasvilches/Documents/F2A/source/firebreaks_optimization/forest/sub100/Weathers/Weather68.csv
729,8921,/Users/matiasvilches/Documents/F2A/source/firebreaks_optimization/forest/sub100/Weathers/Weather56.csv
730,2929,/Users/matiasvilches/Documents/F2A/source/firebreaks_optimization/forest/sub100/Weathers/Weather7.csv
731,7419,/Users/matiasvilches/Documents/F2A/source/firebreaks_optimization/forest/sub100/Weathers/Weather78.csv
732,3768,/Users/matiasvilches/Documents/F2A/source/firebreaks_optimization/forest/sub100/Weathers/Weather110.csv
733,3074,/Users/matiasvilches/Documents/F2A/source/firebreaks_optimization/forest/sub100/Weathers/Weather108.csv
734,9828,/Users/matiasvilches/Documents/F2A/source/firebreaks_optimization/forest/sub100/Weathers/Weather123.csv
735,664,/Users/matiasvilches/Documents/F2A/source/firebreaks_optimization/forest/sub100/Weathers/Weather95.csv
736,2918,/Users/matiasvilches/Documents/F2A/source/firebreaks_optimization/forest/sub100/Weathers/Weather119.csv
737,7734,/Users/matiasvilches/Documents/F2A/source/firebreaks_optimization/forest/sub100/Weathers/Weather54.csv
738,1594,/Users/matiasvilches/Documents/F2A/source/firebreaks_optimization/forest/sub100/Weathers/Weather49.csv
739,267,/Users/matiasvilches/Documents/F2A/source/firebreaks_optimization/forest/sub100/Weathers/Weather56.csv
740,3055,/Users/matiasvilches/Documents/F2A/source/firebreaks_optimization/forest/sub100/Weathers/Weather38.csv
741,1806,/Users/matiasvilches/Documents/F2A/source/firebreaks_optimization/forest/sub100/Weathers/Weather118.csv
742,1731,/Users/matiasvilches/Documents/F2A/source/firebreaks_optimization/forest/sub100/Weathers/Weather129.csv
743,8821,/Users/matiasvilches/Documents/F2A/source/firebreaks_optimization/forest/sub100/Weathers/Weather82.csv
744,4292,/Users/matiasvilches/Documents/F2A/source/firebreaks_optimization/forest/sub100/Weathers/Weather84.csv
745,1780,/Users/matiasvilches/Documents/F2A/source/firebreaks_optimization/forest/sub100/Weathers/Weather112.csv
746,6664,/Users/matiasvilches/Documents/F2A/source/firebreaks_optimization/forest/sub100/Weathers/Weather112.csv
747,8355,/Users/matiasvilches/Documents/F2A/source/firebreaks_optimization/forest/sub100/Weathers/Weather121.csv
748,2977,/Users/matiasvilches/Documents/F2A/source/firebreaks_optimization/forest/sub100/Weathers/Weather60.csv
749,8880,/Users/matiasvilches/Documents/F2A/source/firebreaks_optimization/forest/sub100/Weathers/Weather40.csv
750,1197,/Users/matiasvilches/Documents/F2A/source/firebreaks_optimization/forest/sub100/Weathers/Weather96.csv
751,6776,/Users/matiasvilches/Documents/F2A/source/firebreaks_optimization/forest/sub100/Weathers/Weather9.csv
752,3595,/Users/matiasvilches/Documents/F2A/source/firebreaks_optimization/forest/sub100/Weathers/Weather108.csv
753,5078,/Users/matiasvilches/Documents/F2A/source/firebreaks_optimization/forest/sub100/Weathers/Weather121.csv
754,607,/Users/matiasvilches/Documents/F2A/source/firebreaks_optimization/forest/sub100/Weathers/Weather104.csv
755,4083,/Users/matiasvilches/Documents/F2A/source/firebreaks_optimization/forest/sub100/Weathers/Weather40.csv
756,3857,/Users/matiasvilches/Documents/F2A/source/firebreaks_optimization/forest/sub100/Weathers/Weather13.csv
757,4770,/Users/matiasvilches/Documents/F2A/source/firebreaks_optimization/forest/sub100/Weathers/Weather66.csv
758,178,/Users/matiasvilches/Documents/F2A/source/firebreaks_optimization/forest/sub100/Weathers/Weather12.csv
759,6350,/Users/matiasvilches/Documents/F2A/source/firebreaks_optimization/forest/sub100/Weathers/Weather20.csv
760,9409,/Users/matiasvilches/Documents/F2A/source/firebreaks_optimization/forest/sub100/Weathers/Weather27.csv
761,1950,/Users/matiasvilches/Documents/F2A/source/firebreaks_optimization/forest/sub100/Weathers/Weather62.csv
762,4591,/Users/matiasvilches/Documents/F2A/source/firebreaks_optimization/forest/sub100/Weathers/Weather113.csv
763,625,/Users/matiasvilches/Documents/F2A/source/firebreaks_optimization/forest/sub100/Weathers/Weather3.csv
764,2319,/Users/matiasvilches/Documents/F2A/source/firebreaks_optimization/forest/sub100/Weathers/Weather99.csv
765,1143,/Users/matiasvilches/Documents/F2A/source/firebreaks_optimization/forest/sub100/Weathers/Weather60.csv
766,342,/Users/matiasvilches/Documents/F2A/source/firebreaks_optimization/forest/sub100/Weathers/Weather77.csv
767,5681,/Users/matiasvilches/Documents/F2A/source/firebreaks_optimization/forest/sub100/Weathers/Weather58.csv
768,5895,/Users/matiasvilches/Documents/F2A/source/firebreaks_optimization/forest/sub100/Weathers/Weather127.csv
769,7171,/Users/matiasvilches/Documents/F2A/source/firebreaks_optimization/forest/sub100/Weathers/Weather47.csv
770,9294,/Users/matiasvilches/Documents/F2A/source/firebreaks_optimization/forest/sub100/Weathers/Weather81.csv
771,5738,/Users/matiasvilches/Documents/F2A/source/firebreaks_optimization/forest/sub100/Weathers/Weather4.csv
772,6220,/Users/matiasvilches/Documents/F2A/source/firebreaks_optimization/forest/sub100/Weathers/Weather81.csv
773,3317,/Users/matiasvilches/Documents/F2A/source/firebreaks_optimization/forest/sub100/Weathers/Weather93.csv
774,9446,/Users/matiasvilches/Documents/F2A/source/firebreaks_optimization/forest/sub100/Weathers/Weather53.csv
775,270,/Users/matiasvilches/Documents/F2A/source/firebreaks_optimization/forest/sub100/Weathers/Weather74.csv
776,8243,/Users/matiasvilches/Documents/F2A/source/firebreaks_optimization/forest/sub100/Weathers/Weather47.csv
777,5505,/Users/matiasvilches/Documents/F2A/source/firebreaks_optimization/forest/sub100/Weathers/Weather53.csv
778,2901,/Users/matiasvilches/Documents/F2A/source/firebreaks_optimization/forest/sub100/Weathers/Weather122.csv
779,2356,/Users/matiasvilches/Documents/F2A/source/firebreaks_optimization/forest/sub100/Weathers/Weather124.csv
780,6280,/Users/matiasvilches/Documents/F2A/source/firebreaks_optimization/forest/sub100/Weathers/Weather123.csv
781,957,/Users/matiasvilches/Documents/F2A/source/firebreaks_optimization/forest/sub100/Weathers/Weather75.csv
782,9858,/Users/matiasvilches/Documents/F2A/source/firebreaks_optimization/forest/sub100/Weathers/Weather31.csv
783,1198,/Users/matiasvilches/Documents/F2A/source/firebreaks_optimization/forest/sub100/Weathers/Weather50.csv
784,6773,/Users/matiasvilches/Documents/F2A/source/firebreaks_optimization/forest/sub100/Weathers/Weather18.csv
785,2068,/Users/matiasvilches/Documents/F2A/source/firebreaks_optimization/forest/sub100/Weathers/Weather116.csv
786,1073,/Users/matiasvilches/Documents/F2A/source/firebreaks_optimization/forest/sub100/Weathers/Weather45.csv
787,981,/Users/matiasvilches/Documents/F2A/source/firebreaks_optimization/forest/sub100/Weathers/Weather61.csv
788,9838,/Users/matiasvilches/Documents/F2A/source/firebreaks_optimization/forest/sub100/Weathers/Weather86.csv
789,5270,/Users/matiasvilches/Documents/F2A/source/firebreaks_optimization/forest/sub100/Weathers/Weather69.csv
790,5292,/Users/matiasvilches/Documents/F2A/source/firebreaks_optimization/forest/sub100/Weathers/Weather97.csv
791,521,/Users/matiasvilches/Documents/F2A/source/firebreaks_optimization/forest/sub100/Weathers/Weather4.csv
792,4367,/Users/matiasvilches/Documents/F2A/source/firebreaks_optimization/forest/sub100/Weathers/Weather56.csv
793,3710,/Users/matiasvilches/Documents/F2A/source/firebreaks_optimization/forest/sub100/Weathers/Weather92.csv
794,6085,/Users/matiasvilches/Documents/F2A/source/firebreaks_optimization/forest/sub100/Weathers/Weather49.csv
795,8791,/Users/matiasvilches/Documents/F2A/source/firebreaks_optimization/forest/sub100/Weathers/Weather42.csv
796,2819,/Users/matiasvilches/Documents/F2A/source/firebreaks_optimization/forest/sub100/Weathers/Weather40.csv
797,137,/Users/matiasvilches/Documents/F2A/source/firebreaks_optimization/forest/sub100/Weathers/Weather98.csv
798,1938,/Users/matiasvilches/Documents/F2A/source/firebreaks_optimization/forest/sub100/Weathers/Weather114.csv
799,2682,/Users/matiasvilches/Documents/F2A/source/firebreaks_optimization/forest/sub100/Weathers/Weather7.csv
800,7352,/Users/matiasvilches/Documents/F2A/source/firebreaks_optimization/forest/sub100/Weathers/Weather83.csv
801,4428,/Users/matiasvilches/Documents/F2A/source/firebreaks_optimization/forest/sub100/Weathers/Weather33.csv
802,9501,/Users/matiasvilches/Documents/F2A/source/firebreaks_optimization/forest/sub100/Weathers/Weather19.csv
803,2724,/Users/matiasvilches/Documents/F2A/source/firebreaks_optimization/forest/sub100/Weathers/Weather89.csv
804,7895,/Users/matiasvilches/Documents/F2A/source/firebreaks_optimization/forest/sub100/Weathers/Weather125.csv
805,8713,/Users/matiasvilches/Documents/F2A/source/firebreaks_optimization/forest/sub100/Weathers/Weather88.csv
806,6456,/Users/matiasvilches/Documents/F2A/source/firebreaks_optimization/forest/sub100/Weathers/Weather123.csv
807,1624,/Users/matiasvilches/Documents/F2A/source/firebreaks_optimization/forest/sub100/Weathers/Weather107.csv
808,5436,/Users/matiasvilches/Documents/F2A/source/firebreaks_optimization/forest/sub100/Weathers/Weather77.csv
809,1533,/Users/matiasvilches/Documents/F2A/source/firebreaks_optimization/forest/sub100/Weathers/Weather86.csv
810,2837,/Users/matiasvilches/Documents/F2A/source/firebreaks_optimization/forest/sub100/Weathers/Weather93.csv
811,5932,/Users/matiasvilches/Documents/F2A/source/firebreaks_optimization/forest/sub100/Weathers/Weather72.csv
812,5397,/Users/matiasvilches/Documents/F2A/source/firebreaks_optimization/forest/sub100/Weathers/Weather105.csv
813,1843,/Users/matiasvilches/Documents/F2A/source/firebreaks_optimization/forest/sub100/Weathers/Weather96.csv
814,2851,/Users/matiasvilches/Documents/F2A/source/firebreaks_optimization/forest/sub100/Weathers/Weather42.csv
815,5416,/Users/matiasvilches/Documents/F2A/source/firebreaks_optimization/forest/sub100/Weathers/Weather26.csv
816,2891,/Users/matiasvilches/Documents/F2A/source/firebreaks_optimization/forest/sub100/Weathers/Weather86.csv
817,2767,/Users/matiasvilches/Documents/F2A/source/firebreaks_optimization/forest/sub100/Weathers/Weather117.csv
818,1455,/Users/matiasvilches/Documents/F2A/source/firebreaks_optimization/forest/sub100/Weathers/Weather34.csv
819,3444,/Users/matiasvilches/Documents/F2A/source/firebreaks_optimization/forest/sub100/Weathers/Weather4.csv
820,2329,/Users/matiasvilches/Documents/F2A/source/firebreaks_optimization/forest/sub100/Weathers/Weather6.csv
821,529,/Users/matiasvilches/Documents/F2A/source/firebreaks_optimization/forest/sub100/Weathers/Weather99.csv
822,479,/Users/matiasvilches/Documents/F2A/source/firebreaks_optimization/forest/sub100/Weathers/Weather92.csv
823,8807,/Users/matiasvilches/Documents/F2A/source/firebreaks_optimization/forest/sub100/Weathers/Weather39.csv
824,9932,/Users/matiasvilches/Documents/F2A/source/firebreaks_optimization/forest/sub100/Weathers/Weather73.csv
825,2850,/Users/matiasvilches/Documents/F2A/source/firebreaks_optimization/forest/sub100/Weathers/Weather75.csv
826,2228,/Users/matiasvilches/Documents/F2A/source/firebreaks_optimization/forest/sub100/Weathers/Weather70.csv
827,5771,/Users/matiasvilches/Documents/F2A/source/firebreaks_optimization/forest/sub100/Weathers/Weather59.csv
828,9095,/Users/matiasvilches/Documents/F2A/source/firebreaks_optimization/forest/sub100/Weathers/Weather35.csv
829,2654,/Users/matiasvilches/Documents/F2A/source/firebreaks_optimization/forest/sub100/Weathers/Weather38.csv
830,435,/Users/matiasvilches/Documents/F2A/source/firebreaks_optimization/forest/sub100/Weathers/Weather82.csv
831,8768,/Users/matiasvilches/Documents/F2A/source/firebreaks_optimization/forest/sub100/Weathers/Weather112.csv
832,4573,/Users/matiasvilches/Documents/F2A/source/firebreaks_optimization/forest/sub100/Weathers/Weather57.csv
833,279,/Users/matiasvilches/Documents/F2A/source/firebreaks_optimization/forest/sub100/Weathers/Weather10.csv
834,7500,/Users/matiasvilches/Documents/F2A/source/firebreaks_optimization/forest/sub100/Weathers/Weather93.csv
835,1189,/Users/matiasvilches/Documents/F2A/source/firebreaks_optimization/forest/sub100/Weathers/Weather87.csv
836,6965,/Users/matiasvilches/Documents/F2A/source/firebreaks_optimization/forest/sub100/Weathers/Weather80.csv
837,3777,/Users/matiasvilches/Documents/F2A/source/firebreaks_optimization/forest/sub100/Weathers/Weather85.csv
838,6755,/Users/matiasvilches/Documents/F2A/source/firebreaks_optimization/forest/sub100/Weathers/Weather124.csv
839,7004,/Users/matiasvilches/Documents/F2A/source/firebreaks_optimization/forest/sub100/Weathers/Weather119.csv
840,1844,/Users/matiasvilches/Documents/F2A/source/firebreaks_optimization/forest/sub100/Weathers/Weather99.csv
841,9612,/Users/matiasvilches/Documents/F2A/source/firebreaks_optimization/forest/sub100/Weathers/Weather4.csv
842,8288,/Users/matiasvilches/Documents/F2A/source/firebreaks_optimization/forest/sub100/Weathers/Weather29.csv
843,4932,/Users/matiasvilches/Documents/F2A/source/firebreaks_optimization/forest/sub100/Weathers/Weather63.csv
844,1064,/Users/matiasvilches/Documents/F2A/source/firebreaks_optimization/forest/sub100/Weathers/Weather1.csv
845,7375,/Users/matiasvilches/Documents/F2A/source/firebreaks_optimization/forest/sub100/Weathers/Weather26.csv
846,6866,/Users/matiasvilches/Documents/F2A/source/firebreaks_optimization/forest/sub100/Weathers/Weather124.csv
847,758,/Users/matiasvilches/Documents/F2A/source/firebreaks_optimization/forest/sub100/Weathers/Weather87.csv
848,7948,/Users/matiasvilches/Documents/F2A/source/firebreaks_optimization/forest/sub100/Weathers/Weather42.csv
849,3295,/Users/matiasvilches/Documents/F2A/source/firebreaks_optimization/forest/sub100/Weathers/Weather84.csv
850,4218,/Users/matiasvilches/Documents/F2A/source/firebreaks_optimization/forest/sub100/Weathers/Weather18.csv
851,6586,/Users/matiasvilches/Documents/F2A/source/firebreaks_optimization/forest/sub100/Weathers/Weather78.csv
852,3234,/Users/matiasvilches/Documents/F2A/source/firebreaks_optimization/forest/sub100/Weathers/Weather20.csv
853,5071,/Users/matiasvilches/Documents/F2A/source/firebreaks_optimization/forest/sub100/Weathers/Weather54.csv
854,9769,/Users/matiasvilches/Documents/F2A/source/firebreaks_optimization/forest/sub100/Weathers/Weather47.csv
855,1403,/Users/matiasvilches/Documents/F2A/source/firebreaks_optimization/forest/sub100/Weathers/Weather71.csv
856,2494,/Users/matiasvilches/Documents/F2A/source/firebreaks_optimization/forest/sub100/Weathers/Weather71.csv
857,5938,/Users/matiasvilches/Documents/F2A/source/firebreaks_optimization/forest/sub100/Weathers/Weather90.csv
858,5507,/Users/matiasvilches/Documents/F2A/source/firebreaks_optimization/forest/sub100/Weathers/Weather52.csv
859,9608,/Users/matiasvilches/Documents/F2A/source/firebreaks_optimization/forest/sub100/Weathers/Weather126.csv
860,711,/Users/matiasvilches/Documents/F2A/source/firebreaks_optimization/forest/sub100/Weathers/Weather104.csv
861,4164,/Users/matiasvilches/Documents/F2A/source/firebreaks_optimization/forest/sub100/Weathers/Weather83.csv
862,1941,/Users/matiasvilches/Documents/F2A/source/firebreaks_optimization/forest/sub100/Weathers/Weather17.csv
863,823,/Users/matiasvilches/Documents/F2A/source/firebreaks_optimization/forest/sub100/Weathers/Weather93.csv
864,6550,/Users/matiasvilches/Documents/F2A/source/firebreaks_optimization/forest/sub100/Weathers/Weather97.csv
865,7437,/Users/matiasvilches/Documents/F2A/source/firebreaks_optimization/forest/sub100/Weathers/Weather126.csv
866,7974,/Users/matiasvilches/Documents/F2A/source/firebreaks_optimization/forest/sub100/Weathers/Weather99.csv
867,5462,/Users/matiasvilches/Documents/F2A/source/firebreaks_optimization/forest/sub100/Weathers/Weather58.csv
868,166,/Users/matiasvilches/Documents/F2A/source/firebreaks_optimization/forest/sub100/Weathers/Weather100.csv
869,2890,/Users/matiasvilches/Documents/F2A/source/firebreaks_optimization/forest/sub100/Weathers/Weather26.csv
870,3871,/Users/matiasvilches/Documents/F2A/source/firebreaks_optimization/forest/sub100/Weathers/Weather82.csv
871,8891,/Users/matiasvilches/Documents/F2A/source/firebreaks_optimization/forest/sub100/Weathers/Weather32.csv
872,2364,/Users/matiasvilches/Documents/F2A/source/firebreaks_optimization/forest/sub100/Weathers/Weather24.csv
873,1341,/Users/matiasvilches/Documents/F2A/source/firebreaks_optimization/forest/sub100/Weathers/Weather105.csv
874,9373,/Users/matiasvilches/Documents/F2A/source/firebreaks_optimization/forest/sub100/Weathers/Weather124.csv
875,9899,/Users/matiasvilches/Documents/F2A/source/firebreaks_optimization/forest/sub100/Weathers/Weather37.csv
876,7152,/Users/matiasvilches/Documents/F2A/source/firebreaks_optimization/forest/sub100/Weathers/Weather73.csv
877,1683,/Users/matiasvilches/Documents/F2A/source/firebreaks_optimization/forest/sub100/Weathers/Weather94.csv
878,9499,/Users/matiasvilches/Documents/F2A/source/firebreaks_optimization/forest/sub100/Weathers/Weather27.csv
879,6645,/Users/matiasvilches/Documents/F2A/source/firebreaks_optimization/forest/sub100/Weathers/Weather60.csv
880,767,/Users/matiasvilches/Documents/F2A/source/firebreaks_optimization/forest/sub100/Weathers/Weather38.csv
881,7781,/Users/matiasvilches/Documents/F2A/source/firebreaks_optimization/forest/sub100/Weathers/Weather112.csv
882,536,/Users/matiasvilches/Documents/F2A/source/firebreaks_optimization/forest/sub100/Weathers/Weather12.csv
883,8842,/Users/matiasvilches/Documents/F2A/source/firebreaks_optimization/forest/sub100/Weathers/Weather104.csv
884,4704,/Users/matiasvilches/Documents/F2A/source/firebreaks_optimization/forest/sub100/Weathers/Weather74.csv
885,2967,/Users/matiasvilches/Documents/F2A/source/firebreaks_optimization/forest/sub100/Weathers/Weather125.csv
886,4594,/Users/matiasvilches/Documents/F2A/source/firebreaks_optimization/forest/sub100/Weathers/Weather8.csv
887,8419,/Users/matiasvilches/Documents/F2A/source/firebreaks_optimization/forest/sub100/Weathers/Weather18.csv
888,2036,/Users/matiasvilches/Documents/F2A/source/firebreaks_optimization/forest/sub100/Weathers/Weather6.csv
889,7811,/Users/matiasvilches/Documents/F2A/source/firebreaks_optimization/forest/sub100/Weathers/Weather117.csv
890,936,/Users/matiasvilches/Documents/F2A/source/firebreaks_optimization/forest/sub100/Weathers/Weather89.csv
891,2556,/Users/matiasvilches/Documents/F2A/source/firebreaks_optimization/forest/sub100/Weathers/Weather97.csv
892,1049,/Users/matiasvilches/Documents/F2A/source/firebreaks_optimization/forest/sub100/Weathers/Weather31.csv
893,8689,/Users/matiasvilches/Documents/F2A/source/firebreaks_optimization/forest/sub100/Weathers/Weather7.csv
894,8199,/Users/matiasvilches/Documents/F2A/source/firebreaks_optimization/forest/sub100/Weathers/Weather100.csv
895,2496,/Users/matiasvilches/Documents/F2A/source/firebreaks_optimization/forest/sub100/Weathers/Weather22.csv
896,5786,/Users/matiasvilches/Documents/F2A/source/firebreaks_optimization/forest/sub100/Weathers/Weather65.csv
897,137,/Users/matiasvilches/Documents/F2A/source/firebreaks_optimization/forest/sub100/Weathers/Weather100.csv
898,28,/Users/matiasvilches/Documents/F2A/source/firebreaks_optimization/forest/sub100/Weathers/Weather106.csv
899,9353,/Users/matiasvilches/Documents/F2A/source/firebreaks_optimization/forest/sub100/Weathers/Weather3.csv
900,9930,/Users/matiasvilches/Documents/F2A/source/firebreaks_optimization/forest/sub100/Weathers/Weather55.csv
901,2527,/Users/matiasvilches/Documents/F2A/source/firebreaks_optimization/forest/sub100/Weathers/Weather118.csv
902,555,/Users/matiasvilches/Documents/F2A/source/firebreaks_optimization/forest/sub100/Weathers/Weather86.csv
903,4086,/Users/matiasvilches/Documents/F2A/source/firebreaks_optimization/forest/sub100/Weathers/Weather40.csv
904,5527,/Users/matiasvilches/Documents/F2A/source/firebreaks_optimization/forest/sub100/Weathers/Weather76.csv
905,9856,/Users/matiasvilches/Documents/F2A/source/firebreaks_optimization/forest/sub100/Weathers/Weather19.csv
906,4286,/Users/matiasvilches/Documents/F2A/source/firebreaks_optimization/forest/sub100/Weathers/Weather34.csv
907,3278,/Users/matiasvilches/Documents/F2A/source/firebreaks_optimization/forest/sub100/Weathers/Weather94.csv
908,2859,/Users/matiasvilches/Documents/F2A/source/firebreaks_optimization/forest/sub100/Weathers/Weather89.csv
909,1255,/Users/matiasvilches/Documents/F2A/source/firebreaks_optimization/forest/sub100/Weathers/Weather13.csv
910,8654,/Users/matiasvilches/Documents/F2A/source/firebreaks_optimization/forest/sub100/Weathers/Weather23.csv
911,3816,/Users/matiasvilches/Documents/F2A/source/firebreaks_optimization/forest/sub100/Weathers/Weather115.csv
912,7530,/Users/matiasvilches/Documents/F2A/source/firebreaks_optimization/forest/sub100/Weathers/Weather97.csv
913,9400,/Users/matiasvilches/Documents/F2A/source/firebreaks_optimization/forest/sub100/Weathers/Weather57.csv
914,8157,/Users/matiasvilches/Documents/F2A/source/firebreaks_optimization/forest/sub100/Weathers/Weather28.csv
915,5433,/Users/matiasvilches/Documents/F2A/source/firebreaks_optimization/forest/sub100/Weathers/Weather118.csv
916,2890,/Users/matiasvilches/Documents/F2A/source/firebreaks_optimization/forest/sub100/Weathers/Weather88.csv
917,8508,/Users/matiasvilches/Documents/F2A/source/firebreaks_optimization/forest/sub100/Weathers/Weather70.csv
918,8994,/Users/matiasvilches/Documents/F2A/source/firebreaks_optimization/forest/sub100/Weathers/Weather45.csv
919,1530,/Users/matiasvilches/Documents/F2A/source/firebreaks_optimization/forest/sub100/Weathers/Weather45.csv
920,1628,/Users/matiasvilches/Documents/F2A/source/firebreaks_optimization/forest/sub100/Weathers/Weather111.csv
921,4617,/Users/matiasvilches/Documents/F2A/source/firebreaks_optimization/forest/sub100/Weathers/Weather93.csv
922,1112,/Users/matiasvilches/Documents/F2A/source/firebreaks_optimization/forest/sub100/Weathers/Weather56.csv
923,1986,/Users/matiasvilches/Documents/F2A/source/firebreaks_optimization/forest/sub100/Weathers/Weather123.csv
924,2016,/Users/matiasvilches/Documents/F2A/source/firebreaks_optimization/forest/sub100/Weathers/Weather73.csv
925,1908,/Users/matiasvilches/Documents/F2A/source/firebreaks_optimization/forest/sub100/Weathers/Weather25.csv
926,2738,/Users/matiasvilches/Documents/F2A/source/firebreaks_optimization/forest/sub100/Weathers/Weather31.csv
927,333,/Users/matiasvilches/Documents/F2A/source/firebreaks_optimization/forest/sub100/Weathers/Weather16.csv
928,2882,/Users/matiasvilches/Documents/F2A/source/firebreaks_optimization/forest/sub100/Weathers/Weather9.csv
929,8569,/Users/matiasvilches/Documents/F2A/source/firebreaks_optimization/forest/sub100/Weathers/Weather3.csv
930,8554,/Users/matiasvilches/Documents/F2A/source/firebreaks_optimization/forest/sub100/Weathers/Weather10.csv
931,9621,/Users/matiasvilches/Documents/F2A/source/firebreaks_optimization/forest/sub100/Weathers/Weather71.csv
932,8154,/Users/matiasvilches/Documents/F2A/source/firebreaks_optimization/forest/sub100/Weathers/Weather35.csv
933,4014,/Users/matiasvilches/Documents/F2A/source/firebreaks_optimization/forest/sub100/Weathers/Weather102.csv
934,8254,/Users/matiasvilches/Documents/F2A/source/firebreaks_optimization/forest/sub100/Weathers/Weather78.csv
935,977,/Users/matiasvilches/Documents/F2A/source/firebreaks_optimization/forest/sub100/Weathers/Weather112.csv
936,5043,/Users/matiasvilches/Documents/F2A/source/firebreaks_optimization/forest/sub100/Weathers/Weather86.csv
937,5629,/Users/matiasvilches/Documents/F2A/source/firebreaks_optimization/forest/sub100/Weathers/Weather52.csv
938,8400,/Users/matiasvilches/Documents/F2A/source/firebreaks_optimization/forest/sub100/Weathers/Weather127.csv
939,4102,/Users/matiasvilches/Documents/F2A/source/firebreaks_optimization/forest/sub100/Weathers/Weather2.csv
940,9932,/Users/matiasvilches/Documents/F2A/source/firebreaks_optimization/forest/sub100/Weathers/Weather25.csv
941,4588,/Users/matiasvilches/Documents/F2A/source/firebreaks_optimization/forest/sub100/Weathers/Weather1.csv
942,6554,/Users/matiasvilches/Documents/F2A/source/firebreaks_optimization/forest/sub100/Weathers/Weather41.csv
943,5394,/Users/matiasvilches/Documents/F2A/source/firebreaks_optimization/forest/sub100/Weathers/Weather2.csv
944,7147,/Users/matiasvilches/Documents/F2A/source/firebreaks_optimization/forest/sub100/Weathers/Weather65.csv
945,8345,/Users/matiasvilches/Documents/F2A/source/firebreaks_optimization/forest/sub100/Weathers/Weather70.csv
946,2611,/Users/matiasvilches/Documents/F2A/source/firebreaks_optimization/forest/sub100/Weathers/Weather28.csv
947,9031,/Users/matiasvilches/Documents/F2A/source/firebreaks_optimization/forest/sub100/Weathers/Weather63.csv
948,5299,/Users/matiasvilches/Documents/F2A/source/firebreaks_optimization/forest/sub100/Weathers/Weather95.csv
949,9082,/Users/matiasvilches/Documents/F2A/source/firebreaks_optimization/forest/sub100/Weathers/Weather105.csv
950,8638,/Users/matiasvilches/Documents/F2A/source/firebreaks_optimization/forest/sub100/Weathers/Weather8.csv
951,7269,/Users/matiasvilches/Documents/F2A/source/firebreaks_optimization/forest/sub100/Weathers/Weather128.csv
952,3405,/Users/matiasvilches/Documents/F2A/source/firebreaks_optimization/forest/sub100/Weathers/Weather21.csv
953,3602,/Users/matiasvilches/Documents/F2A/source/firebreaks_optimization/forest/sub100/Weathers/Weather64.csv
954,4457,/Users/matiasvilches/Documents/F2A/source/firebreaks_optimization/forest/sub100/Weathers/Weather110.csv
955,9294,/Users/matiasvilches/Documents/F2A/source/firebreaks_optimization/forest/sub100/Weathers/Weather98.csv
956,4790,/Users/matiasvilches/Documents/F2A/source/firebreaks_optimization/forest/sub100/Weathers/Weather4.csv
957,844,/Users/matiasvilches/Documents/F2A/source/firebreaks_optimization/forest/sub100/Weathers/Weather92.csv
958,8653,/Users/matiasvilches/Documents/F2A/source/firebreaks_optimization/forest/sub100/Weathers/Weather14.csv
959,7947,/Users/matiasvilches/Documents/F2A/source/firebreaks_optimization/forest/sub100/Weathers/Weather52.csv
960,8669,/Users/matiasvilches/Documents/F2A/source/firebreaks_optimization/forest/sub100/Weathers/Weather48.csv
961,2020,/Users/matiasvilches/Documents/F2A/source/firebreaks_optimization/forest/sub100/Weathers/Weather95.csv
962,3596,/Users/matiasvilches/Documents/F2A/source/firebreaks_optimization/forest/sub100/Weathers/Weather59.csv
963,6836,/Users/matiasvilches/Documents/F2A/source/firebreaks_optimization/forest/sub100/Weathers/Weather92.csv
964,8671,/Users/matiasvilches/Documents/F2A/source/firebreaks_optimization/forest/sub100/Weathers/Weather117.csv
965,633,/Users/matiasvilches/Documents/F2A/source/firebreaks_optimization/forest/sub100/Weathers/Weather37.csv
966,5409,/Users/matiasvilches/Documents/F2A/source/firebreaks_optimization/forest/sub100/Weathers/Weather118.csv
967,852,/Users/matiasvilches/Documents/F2A/source/firebreaks_optimization/forest/sub100/Weathers/Weather65.csv
968,803,/Users/matiasvilches/Documents/F2A/source/firebreaks_optimization/forest/sub100/Weathers/Weather111.csv
969,4067,/Users/matiasvilches/Documents/F2A/source/firebreaks_optimization/forest/sub100/Weathers/Weather87.csv
970,2388,/Users/matiasvilches/Documents/F2A/source/firebreaks_optimization/forest/sub100/Weathers/Weather105.csv
971,4588,/Users/matiasvilches/Documents/F2A/source/firebreaks_optimization/forest/sub100/Weathers/Weather78.csv
972,5993,/Users/matiasvilches/Documents/F2A/source/firebreaks_optimization/forest/sub100/Weathers/Weather29.csv
973,8498,/Users/matiasvilches/Documents/F2A/source/firebreaks_optimization/forest/sub100/Weathers/Weather117.csv
974,2407,/Users/matiasvilches/Documents/F2A/source/firebreaks_optimization/forest/sub100/Weathers/Weather16.csv
975,6445,/Users/matiasvilches/Documents/F2A/source/firebreaks_optimization/forest/sub100/Weathers/Weather89.csv
976,6860,/Users/matiasvilches/Documents/F2A/source/firebreaks_optimization/forest/sub100/Weathers/Weather11.csv
977,6077,/Users/matiasvilches/Documents/F2A/source/firebreaks_optimization/forest/sub100/Weathers/Weather77.csv
978,7870,/Users/matiasvilches/Documents/F2A/source/firebreaks_optimization/forest/sub100/Weathers/Weather25.csv
979,2586,/Users/matiasvilches/Documents/F2A/source/firebreaks_optimization/forest/sub100/Weathers/Weather95.csv
980,3084,/Users/matiasvilches/Documents/F2A/source/firebreaks_optimization/forest/sub100/Weathers/Weather104.csv
981,4403,/Users/matiasvilches/Documents/F2A/source/firebreaks_optimization/forest/sub100/Weathers/Weather54.csv
982,1483,/Users/matiasvilches/Documents/F2A/source/firebreaks_optimization/forest/sub100/Weathers/Weather120.csv
983,4986,/Users/matiasvilches/Documents/F2A/source/firebreaks_optimization/forest/sub100/Weathers/Weather117.csv
984,508,/Users/matiasvilches/Documents/F2A/source/firebreaks_optimization/forest/sub100/Weathers/Weather59.csv
985,6707,/Users/matiasvilches/Documents/F2A/source/firebreaks_optimization/forest/sub100/Weathers/Weather115.csv
986,2191,/Users/matiasvilches/Documents/F2A/source/firebreaks_optimization/forest/sub100/Weathers/Weather27.csv
987,7299,/Users/matiasvilches/Documents/F2A/source/firebreaks_optimization/forest/sub100/Weathers/Weather108.csv
988,781,/Users/matiasvilches/Documents/F2A/source/firebreaks_optimization/forest/sub100/Weathers/Weather79.csv
989,6689,/Users/matiasvilches/Documents/F2A/source/firebreaks_optimization/forest/sub100/Weathers/Weather73.csv
990,6026,/Users/matiasvilches/Documents/F2A/source/firebreaks_optimization/forest/sub100/Weathers/Weather67.csv
991,2521,/Users/matiasvilches/Documents/F2A/source/firebreaks_optimization/forest/sub100/Weathers/Weather76.csv
992,8719,/Users/matiasvilches/Documents/F2A/source/firebreaks_optimization/forest/sub100/Weathers/Weather127.csv
993,6756,/Users/matiasvilches/Documents/F2A/source/firebreaks_optimization/forest/sub100/Weathers/Weather126.csv
994,7037,/Users/matiasvilches/Documents/F2A/source/firebreaks_optimization/forest/sub100/Weathers/Weather108.csv
995,4425,/Users/matiasvilches/Documents/F2A/source/firebreaks_optimization/forest/sub100/Weathers/Weather87.csv
996,3906,/Users/matiasvilches/Documents/F2A/source/firebreaks_optimization/forest/sub100/Weathers/Weather57.csv
997,6608,/Users/matiasvilches/Documents/F2A/source/firebreaks_optimization/forest/sub100/Weathers/Weather23.csv
998,9615,/Users/matiasvilches/Documents/F2A/source/firebreaks_optimization/forest/sub100/Weathers/Weather88.csv
999,5028,/Users/matiasvilches/Documents/F2A/source/firebreaks_optimization/forest/sub100/Weathers/Weather85.csv
1000,2179,/Users/matiasvilches/Documents/F2A/source/firebreaks_optimization/forest/sub100/Weathers/Weather26.csv
