4185,4184,1,61.47
4184,4183,3,60.3
4183,4182,5,71.62
4182,4181,9,26.77
4184,4083,9,18.29
4083,4082,11,71.63
4181,4180,12,39.07
4180,4179,15,39.08
4082,4081,16,23.6
4184,4283,16,9.82
4179,4178,18,35.25
4081,4080,19,37.03
4185,4084,19,7.18
4283,4282,20,27.63
4080,4079,22,40.43
4178,4177,22,29.41
4079,4078,25,36.52
4282,4281,25,24.93
4083,3982,25,9.01
4177,4176,26,29.29
4084,3983,27,17.77
4281,4280,28,40.95
4184,4284,28,3.84
4176,4175,29,43.05
4078,4077,29,29.82
4082,3981,29,7.95
4175,4174,31,53.19
4280,4279,31,42.64
3981,3980,32,33.9
4174,4173,33,57.61
4077,4076,33,32.56
4279,4278,34,33.39
4173,4172,35,70.24
3980,3979,35,41.99
4076,4075,36,48.6
4172,4171,37,69.98
4075,4074,38,56.27
3979,3978,38,40.4
4278,4277,38,25.52
4171,4170,39,69.4
4074,4073,40,58.24
4084,3984,40,4.95
4170,4169,41,68.28
3978,3977,41,34.91
4073,4072,42,69.97
4277,4276,42,25.82
4169,4168,43,67.34
3982,3881,43,7.93
4072,4071,44,69.68
3977,3976,44,41.42
4168,4167,45,67.21
4276,4275,45,38.93
3983,3882,45,8.07
4071,4070,46,60.02
3976,3975,46,54.42
4167,4166,47,67.1
4275,4274,47,50.87
3881,3880,47,33.17
3981,3880,47,8.2
4070,4069,48,67.48
3975,3974,48,60.06
4274,4273,49,71.29
4283,4382,49,4.31
4069,4068,50,65.48
3974,3973,50,60.79
3880,3879,50,41.81
3980,3879,50,8.21
4273,4272,51,70.21
4184,4085,51,2.84
4068,4067,52,64.91
3973,3972,52,66.01
4272,4271,53,69.57
3879,3878,53,46.48
3979,3878,53,8.22
4282,4381,53,4.35
4067,4066,54,60.74
3972,3971,54,61.86
4166,4165,54,14.54
4271,4270,55,59.94
4066,4065,56,54.23
3971,3970,56,62.02
4165,4164,56,66.18
4381,4380,56,43.59
3878,3877,56,48.79
3978,3877,56,8.21
4270,4269,57,60.47
4065,4064,58,66.49
3970,3969,58,58.35
4164,4163,58,69.83
3877,3876,58,53.4
3984,3883,58,8.15
4184,4285,58,2.51
4269,4268,59,68.04
4380,4379,59,43.93
3969,3968,60,54.39
4163,4162,60,55.44
3876,3875,60,60.93
4064,4063,60,57.21
3881,3780,61,13.43
4268,4267,62,19.68
3882,3781,62,12.16
4162,4161,63,38.39
3880,3779,63,14.41
3975,3874,63,14.06
3974,3873,64,13.85
4162,4061,65,31.37
4063,4062,65,22.72
3879,3778,65,14.74
4161,4160,66,34.1
4379,4378,66,14.7
3878,3777,66,14.83
4279,4378,66,3.19
3972,3871,67,13.37
4084,3985,67,4.53
4267,4266,68,19.71
3883,3782,68,16.12
4064,3963,68,16.49
3877,3776,68,14.69
3971,3870,68,13.23
4068,3967,68,11.31
3973,3872,68,11.46
4284,4383,68,2.72
4061,4060,69,30.33
4161,4060,69,25.54
4063,3962,69,17.12
4278,4377,69,3.31
4160,4159,70,28.66
4062,3961,70,30.63
3876,3775,70,13.66
4067,3966,70,10.12
3780,3679,71,14.69
4065,3964,71,11.73
4061,3960,72,21.79
3875,3774,72,12.77
4060,4059,73,26.89
4160,4059,73,20.29
3779,3678,73,14.73
3781,3680,73,13.85
4159,4158,74,27.2
3970,3869,74,9.34
4066,3965,74,8.64
3962,3861,75,24.51
3874,3773,75,12.46
4277,4376,75,3.26
3778,3677,76,13.79
3873,3772,76,11.99
3969,3868,76,8.54
4060,3959,77,18.77
3963,3862,77,17.14
3985,3884,77,14.69
3777,3676,77,13.22
4162,4261,77,8.6
4159,4058,78,19.02
3961,3860,78,19.54
3782,3681,79,13.36
3964,3863,80,17.13
3776,3675,80,12.86
3872,3771,80,11.8
3871,3770,80,11.54
3968,3867,80,7.23
4376,4375,81,18.59
3870,3769,81,11.08
4261,4260,82,23.24
3679,3578,82,13.4
3775,3674,82,12.35
3861,3760,83,19.13
3965,3864,83,16.32
3680,3579,83,14.8
3862,3761,84,21.26
4375,4374,85,31.45
3774,3673,85,11.74
3966,3865,85,9.47
4162,4262,85,4.01
4260,4259,86,31.71
3863,3762,86,26.66
3867,3866,86,19.54
3678,3577,86,11.55
3864,3763,88,28.89
3773,3672,88,11.34
3869,3768,88,10.71
4382,4481,88,3.39
3681,3580,89,14.55
3772,3671,89,11.4
4259,4258,90,29.52
4374,4373,90,23.84
3884,3783,90,11.09
3867,3766,91,13.23
3761,3660,92,18.52
3676,3575,92,9.55
3768,3767,93,21.91
3577,3576,93,15.36
3771,3670,93,11.26
3770,3669,93,11.34
3677,3576,93,8.53
4258,4257,94,28.47
4481,4480,94,19.21
3762,3661,94,20.11
3865,3764,94,17.11
3578,3477,94,12
4373,4372,95,21.42
3866,3765,95,16.39
3579,3478,95,12.56
4266,4265,95,3.72
3660,3659,96,26
3675,3574,96,9.04
3763,3662,97,16.65
4257,4256,98,28.7
3669,3668,98,23.33
4258,4157,98,20.12
3768,3667,98,14.8
3769,3668,98,8.82
3659,3658,100,26.67
4372,4371,100,20.81
4480,4479,100,17.96
3764,3663,100,24.39
3477,3476,100,19.24
3660,3559,100,18.03
3766,3665,100,17.12
3580,3479,100,14.03
3577,3476,100,10.12
3674,3573,100,8.19
4257,4156,101,20.32
3783,3682,101,13.31
4256,4255,102,28.6
3767,3666,102,16.69
3669,3568,102,16.52
4379,4478,102,3.31
3661,3560,103,17.5
3959,3958,103,3.96
3658,3657,104,27.01
3659,3558,104,18.58
3765,3664,104,17.13
4058,4057,104,3.97
3860,3859,104,3.95
4371,4370,105,20.04
4256,4155,105,20.23
4157,4056,105,20.28
3662,3561,105,18.5
3477,3376,105,13
3670,3569,105,12.81
3476,3475,106,19.78
3576,3475,106,11.37
3575,3474,106,10.81
3671,3570,106,8.55
3673,3572,106,6.99
3985,3885,106,2.62
4255,4254,107,20.95
3568,3567,107,22.91
3667,3566,107,17.03
3668,3567,107,17.04
3478,3377,107,12.77
3657,3656,108,28.2
3558,3557,108,26.27
3663,3562,108,18.6
3658,3557,108,18.87
4378,4477,108,3.4
4284,4384,108,1.19
4155,4154,109,28.34
4056,4055,109,28.34
3559,3458,109,17.21
3665,3564,109,16.89
3760,3759,109,3.94
4270,4369,109,2.56
3672,3571,110,6.58
3884,3784,110,3.05
4162,4263,110,2.88
3376,3375,111,18.27
3666,3565,111,17.02
3568,3467,111,17.07
3476,3375,111,13.42
4382,4482,111,1.61
3656,3655,112,27.18
4254,4253,112,20.91
3657,3556,112,19.89
3558,3457,112,18.25
3560,3459,112,16.94
3682,3581,112,14.13
3479,3378,112,12.57
3574,3473,112,9.24
4375,4474,112,4.61
4055,4054,113,27.91
4155,4054,113,20
4056,3955,113,20
3664,3563,113,16.58
4260,4359,113,4.68
4377,4476,113,3.29
4154,4153,114,20.93
3561,3460,114,16.11
3569,3468,114,17.13
4369,4368,115,19.53
3570,3469,115,16.89
3556,3555,116,27.81
3655,3654,116,26.6
4253,4252,116,27.12
3467,3466,116,23.03
3656,3555,116,19.01
3566,3465,116,16.99
3567,3466,116,17.08
3955,3954,117,27.71
4359,4358,117,31.53
3457,3456,117,23.33
4474,4473,117,24.38
3375,3374,117,19.39
4055,3954,117,19.63
3562,3461,117,16.23
3557,3456,117,16.5
3475,3374,117,13.66
3376,3275,117,12.27
4153,4152,118,27.84
4054,4053,118,20.97
3473,3472,118,17.47
3458,3357,118,17.32
3564,3463,118,16.21
4476,4475,119,16.85
3571,3470,119,17.34
3377,3276,119,12.64
4261,4360,119,3.39
3654,3653,120,27.07
4368,4367,120,20.57
3556,3455,120,19.54
3655,3554,120,18.52
3565,3464,120,16.63
3467,3366,120,17.02
3474,3373,120,10.61
3572,3471,120,10.61
3954,3953,121,31.16
4358,4357,121,33.43
4153,4052,121,28.73
3955,3854,121,28.54
3457,3356,121,19.1
3459,3358,121,22.85
4152,4151,122,26.3
4473,4472,122,21.9
3563,3462,122,19.11
3581,3480,122,15.86
3375,3274,122,16.71
3954,3853,123,29.48
3654,3553,123,27.65
3469,3368,123,19.13
3460,3359,123,19.09
3378,3277,123,16.32
4265,4264,123,3.21
4165,4264,123,2.22
3653,3652,124,30.16
4053,3952,124,29.69
3555,3454,124,19.15
3465,3364,124,19.15
3466,3365,124,19.02
3473,3372,124,15.52
3784,3683,124,11.89
4267,4366,124,2.61
4052,4051,125,28.12
3653,3552,125,28.46
4152,4051,125,24.61
3374,3273,125,20.43
3456,3355,125,19.13
3461,3360,125,19.1
4357,4356,125,32.24
3468,3367,125,14.38
4151,4150,126,31.27
3554,3453,126,26.97
3472,3371,126,19.14
3463,3362,126,19.01
3357,3256,126,19.1
3275,3174,126,16.34
3853,3852,127,31.33
4472,4471,127,20.59
4151,4050,127,29.59
4052,3951,127,26.41
3470,3369,127,18.92
3853,3752,128,29.65
3358,3257,128,23.41
3455,3354,128,19.15
3464,3363,128,19.04
3373,3272,128,19.15
3366,3265,128,19.1
3471,3370,128,17.92
3276,3175,128,16.28
4150,4149,129,36.34
3553,3452,129,28.14
4356,4355,129,31.48
3356,3255,129,19.12
3958,3957,129,3.68
4262,4361,129,3.66
4058,3957,129,3.44
3959,3858,129,3.41
4050,4049,130,35.66
4150,4049,130,35.37
3652,3651,130,16.84
3952,3851,130,27.52
3454,3353,130,27.15
3462,3361,130,19.13
3854,3753,130,15.91
4056,3956,130,5.39
3256,3155,131,29.69
3552,3551,131,16.77
3355,3254,131,26.97
3359,3258,131,19.01
3368,3267,131,18.97
3480,3379,131,16.48
4149,4148,132,34.63
3752,3751,132,30.43
4050,3949,132,34.29
3364,3263,132,18.89
3372,3271,132,18.17
3365,3264,132,19.14
3274,3173,132,15.3
3277,3176,132,15.84
4049,4048,133,34.84
3452,3451,133,31.13
4471,4470,133,19.38
4355,4354,133,32.3
3360,3259,133,19.03
3367,3266,133,18.99
3659,3758,133,4.73
3651,3650,134,26.03
3452,3351,134,29.44
3362,3261,134,19.11
4185,4186,134,0.85
3949,3948,135,34.22
4148,4147,135,35.53
4049,3948,135,34.21
3255,3154,135,27.48
3371,3270,135,17.57
3273,3172,135,15.58
3683,3582,135,13.08
4475,4574,135,9.08
3657,3756,135,5.44
3658,3757,135,4.9
4481,4580,135,3.09
4048,4047,136,35.03
3751,3750,136,26.67
3651,3550,136,24.34
3257,3156,136,19.1
3363,3262,136,18.85
3370,3269,136,18.71
3955,3855,136,5.1
4359,4458,136,7.04
3174,3073,136,15.55
3451,3450,137,25.61
3949,3848,137,33.66
3272,3171,137,17
3369,3268,137,14.69
3948,3947,138,34.83
4147,4146,138,36.24
3650,3649,138,30.87
3351,3350,138,26.3
4048,3947,138,34.37
3258,3157,138,22.69
3361,3260,138,19.06
4479,4578,138,4.09
4047,4046,139,36.3
4458,4457,139,34.4
3756,3755,139,29.68
4574,4573,139,27.77
3650,3549,139,29.18
4470,4469,139,18.64
3949,3849,139,14.36
3267,3166,139,19.03
4149,4248,139,14.21
4150,4249,139,11.3
3885,3785,139,3.23
4480,4579,139,3.26
3848,3847,140,34.83
3750,3749,140,31.92
3073,3072,140,28.39
3948,3847,140,34.2
3351,3250,140,24.61
3263,3162,140,18.78
3264,3163,140,18.86
3379,3278,140,15.93
4354,4353,140,16.57
3175,3074,140,12.84
4050,3950,140,8.3
3173,3072,140,19.15
4146,4145,141,36.41
3649,3648,141,36.03
3947,3946,141,36.41
4047,3946,141,35.35
3156,3055,141,29.04
3259,3158,141,18.93
3266,3165,141,19.15
3271,3170,141,15.78
3176,3075,141,16.01
3549,3548,142,36.36
4248,4247,142,36.18
4457,4456,142,33.64
4046,4045,142,36.41
4146,4045,142,35.37
3848,3747,142,34.2
3550,3449,142,26.31
3855,3754,142,28.19
3073,2972,142,26.67
3261,3160,142,18.88
3784,3684,142,3.19
4478,4577,142,3.84
4383,4483,142,1.45
3749,3748,143,35.61
3847,3846,143,36.41
3947,3846,143,35.33
4475,4575,143,4.39
4253,4352,143,4.96
4185,4086,143,1.18
3648,3647,144,35.17
4145,4144,144,36.41
3549,3448,144,35.2
4573,4572,144,22.17
4046,3945,144,35.33
3268,3167,144,22.77
3269,3168,144,19.76
3262,3161,144,19.03
3270,3169,144,17.44
4150,4250,144,5.7
3548,3547,145,36
4045,4044,145,36.35
4247,4246,145,36.38
3847,3746,145,35.36
4469,4468,145,19.69
3582,3481,145,14.19
4252,4251,145,3.4
3172,3071,145,15.55
4456,4455,146,31.92
2972,2971,146,25.29
3165,3164,146,20.35
3157,3056,146,19.13
3260,3159,146,18.91
4359,4459,146,3.31
3171,3070,146,16.47
3448,3447,147,36.18
4144,4143,147,36.36
3548,3447,147,35.16
4045,3944,147,35.19
3449,3348,147,33.99
3166,3065,147,19.13
4352,4351,147,26.56
3547,3546,148,36.34
4044,4043,148,36.41
4246,4245,148,36.37
4144,4043,148,35.37
2972,2871,148,23.62
3162,3061,148,18.94
3163,3062,148,18.9
3074,2973,148,19.43
3452,3352,148,5.42
3448,3347,149,35.28
4572,4571,149,20.48
3168,3067,149,31.83
3158,3057,149,19.01
3165,3064,149,19.09
3278,3177,149,15.83
4477,4576,149,3.56
3958,3857,149,3.41
4143,4142,150,36.37
4351,4350,150,33.89
3447,3446,150,36.25
3547,3446,150,35.17
4044,3943,150,35.35
4468,4467,150,21.58
3160,3059,150,18.73
4249,4348,150,13.63
3949,3850,150,7.97
3546,3545,151,34.97
4143,4042,151,35.37
2971,2970,151,24.19
4245,4244,151,36.41
4248,4347,151,11.88
4262,4362,151,1.69
3347,3346,152,36.41
3447,3346,152,35.03
3348,3247,152,35.21
4455,4454,152,16.67
3161,3060,152,18.67
3167,3066,152,19.07
4142,4141,153,36.4
4350,4349,153,35.77
3446,3445,153,35.29
3546,3445,153,33.51
2973,2872,153,29.69
2971,2870,153,22.55
3075,2974,153,12.51
4249,4349,153,7.28
4347,4346,154,36.39
3347,3246,154,35.34
3067,2966,154,28.64
3064,3063,154,20.32
3159,3058,154,18.81
3481,3380,154,16.92
3545,3544,154,34.26
3684,3583,154,12.02
4244,4243,154,36.38
3346,3345,155,36.02
4142,4041,155,35.29
4467,4466,155,23.56
3446,3345,155,33.87
4571,4570,155,19.69
3065,2964,155,19.07
4575,4674,155,12.44
3449,3349,155,8
4366,4365,155,3.25
3445,3444,156,35.25
3061,2960,156,18.73
3348,3248,156,11.91
3062,2961,156,18.93
3545,3444,156,32.73
4458,4557,156,7.29
4482,4581,156,3.24
4346,4345,157,36.22
4243,4242,157,36.41
3346,3245,157,34.73
3057,2956,157,19.14
3064,2963,157,19.01
3544,3543,157,34.45
3445,3344,158,33.82
4454,4453,158,16.68
3059,2958,158,18.75
3177,3076,158,16.48
3169,3068,158,10.44
4361,4460,158,4.89
4557,4556,159,34.3
4674,4673,159,31.75
2872,2771,159,23.79
3066,2965,159,22.94
4575,4675,159,6.44
3254,3253,159,3.61
3444,3443,159,35.79
3544,3443,159,32.93
4345,4344,160,36.34
4242,4241,160,36.09
3543,3542,160,34.4
4466,4465,160,23.62
3547,3646,160,9.92
3351,3251,160,3.94
4570,4569,161,18.89
2960,2959,161,20.09
3060,2959,161,17.16
2956,2955,161,26.84
3444,3343,161,34.45
4556,4555,162,33.48
4453,4452,162,27.69
2963,2962,162,21.05
3543,3442,162,32.87
3063,2962,162,18.95
3058,2957,162,18.96
2974,2873,162,15.89
3247,3146,162,14.69
4350,4449,162,12.74
4344,4343,163,36.4
4241,4240,163,36.05
3542,3541,163,34.95
2964,2863,163,18.97
2966,2865,163,16.32
3380,3279,163,15.94
4348,4447,163,11.46
3846,3845,163,5.01
2956,2855,163,25.14
3154,3153,163,3.59
3757,3856,163,5.22
4673,4672,164,22.59
3245,3244,164,15.65
3246,3145,164,14.88
2960,2859,164,18.71
2961,2860,164,18.39
4449,4448,165,35.86
4241,4140,165,34.77
3542,3441,165,33.48
2963,2862,165,19.53
4349,4448,165,12.42
4347,4446,165,10.23
3785,3685,165,3.89
4240,4239,166,36.41
3541,3540,166,36.37
4343,4342,166,36.41
4555,4554,166,31.71
4569,4568,166,20.26
3251,3150,166,25.36
2965,2864,166,21.95
3248,3147,166,14.46
2958,2857,166,18.97
3583,3482,166,12.8
4350,4450,166,6.64
3746,3745,166,4.93
4458,4558,166,3.43
3145,3144,167,36.37
4240,4139,167,35.37
3245,3144,167,14.87
3546,3645,167,7.75
2873,2772,167,30.94
3441,3440,168,35.47
4446,4445,168,36.41
3541,3440,168,35.23
3343,3342,168,15.23
3344,3243,168,14.73
4085,3986,168,1.32
4342,4341,169,35.88
4239,4238,169,36.25
3540,3539,169,35.8
3145,3044,169,35.23
3068,2967,169,13.46
2959,2858,169,18.8
3943,3942,169,5.47
3067,2967,169,5.13
3055,3054,169,3.62
2859,2858,169,20.11
4285,4385,169,0.99
4139,4138,170,36.36
4554,4553,170,31.05
3441,3340,170,34.74
4672,4671,170,20
2865,2764,170,21.94
2962,2861,170,18.94
3349,3249,170,6.76
2862,2861,170,21.29
3348,3249,170,6.18
2957,2856,170,19.12
4445,4444,171,36.41
4568,4567,171,22.7
3540,3439,171,35.01
3343,3242,171,14.51
3076,2975,171,11.6
2863,2762,171,18.94
3545,3644,171,7.19
4341,4340,172,35.58
4238,4237,172,36.4
4139,4038,172,35.2
3146,3045,172,14.94
4675,4774,172,11.02
2859,2758,172,18.74
4138,4137,173,34.87
4238,4137,173,35.37
3539,3538,173,31.02
3440,3339,173,31.57
2772,2671,173,27.51
3441,3341,173,12.97
2862,2761,173,19.75
4575,4676,173,4.79
2860,2759,173,17.44
3353,3252,173,3.37
3279,3178,173,15.13
3439,3438,174,35.3
4444,4443,174,36.25
4553,4552,174,27.14
3539,3438,174,30.69
2857,2756,174,19.11
2864,2763,174,18.93
4449,4548,174,12.58
4344,4443,174,10.86
3945,3844,174,4.87
3169,3069,174,3.35
3684,3584,174,3.17
3244,3143,174,14.74
4580,4679,174,3.67
4361,4461,174,2.24
3985,3886,174,1.42
3544,3643,174,7.32
4340,4339,175,36.15
4237,4236,175,35.89
4138,4037,175,33.39
3249,3148,175,30.49
3482,3381,175,15.73
4041,4040,175,5.12
3944,3843,175,5.17
3339,3338,176,34.93
3538,3537,176,34.06
3439,3338,176,34.6
4567,4566,176,24.52
4671,4670,176,19.69
3340,3240,176,18.11
3340,3239,176,25.87
3147,3046,176,14.68
4447,4546,176,11.13
4557,4656,176,7.22
4482,4582,176,1.58
4548,4547,177,36.37
4443,4442,177,36.25
3643,3642,177,34.38
2758,2757,177,20.22
4237,4136,177,34.57
3045,2944,177,35.15
4343,4442,177,10.39
3543,3642,177,7.29
4137,4136,177,31.42
4579,4678,177,3.82
2858,2757,177,18.94
4185,4286,177,0.86
4339,4338,178,36.28
3438,3437,178,31.82
2756,2755,178,25.23
4552,4551,178,30.19
3339,3238,178,33.46
3538,3437,178,33.51
4774,4773,178,19.9
2764,2663,178,18.89
2856,2755,178,19.12
3539,3638,178,16.76
4139,4039,178,9.8
3540,3639,178,12.69
4450,4549,178,12.42
3541,3640,178,10.09
4449,4549,178,6.53
4675,4775,178,5.52
2861,2760,178,17.93
3943,3842,178,5.13
4351,4451,178,3.25
4137,4036,178,29.74
4038,3937,178,28.14
3154,3053,178,3.32
4352,4451,178,4.11
4264,4363,178,2.6
2761,2760,178,20.16
3537,3536,179,35.84
4656,4655,179,35.13
3438,3337,179,30.15
2967,2866,179,15.69
2762,2661,179,19.96
4446,4545,179,10.63
3542,3641,179,7.73
4236,4235,179,32.41
2873,2773,179,6.05
4442,4441,180,36.29
2758,2657,180,18.87
2870,2869,180,3.81
4042,3941,180,5.02
2970,2969,180,3.53
4236,4135,180,30.76
4551,4550,181,32.42
4338,4337,181,36.83
3537,3436,181,31.06
4566,4565,181,32.85
4670,4669,181,25.67
3240,3139,181,32.22
2756,2655,181,24.45
2759,2658,181,16.79
4445,4544,181,15.71
4459,4559,181,4.61
4037,3936,181,25.48
4578,4677,181,3.47
2761,2660,181,16.92
3536,3535,182,38.74
4655,4654,182,38.76
3638,3637,182,30.66
2755,2754,182,32.34
3239,3138,182,21.36
3045,2945,182,14.17
2975,2874,182,11.32
3340,3241,182,7.43
4773,4772,182,29.21
2763,2662,182,18.08
4036,4035,182,31.2
4441,4440,183,36.91
3337,3336,183,30.12
3178,3077,183,14.16
4444,4543,183,15.95
4235,4234,183,34.64
4039,3938,183,32.94
3936,3935,184,37.48
4337,4336,184,35.86
3536,3435,184,32.42
2773,2672,184,28.85
3381,3280,184,14.83
4135,4134,184,29.92
3745,3744,184,7.71
3937,3836,184,26.24
3251,3151,184,5.29
4557,4657,184,5.55
4041,3940,184,6.01
3055,2954,184,3.26
4654,4653,185,37.87
2754,2753,185,33.91
3637,3636,185,34.35
2657,2656,185,22.52
2866,2765,185,23.73
2755,2654,185,23.72
2757,2656,185,17.15
4669,4668,185,27.19
4548,4647,185,16.46
4443,4542,185,15.63
3584,3483,185,13.38
2671,2670,185,7.53
4340,4439,185,13.49
3249,3149,185,8.37
3044,3043,185,8.58
4365,4364,185,4.03
4772,4771,186,25.77
3138,3137,186,29.76
4035,4034,186,32.47
3936,3835,186,29.75
2660,2659,186,23.27
3337,3236,186,21.6
3240,3140,186,8.42
4580,4680,186,1.8
3935,3934,187,38.46
4336,4335,187,36.27
3940,3939,187,38.76
3336,3335,187,31.38
3638,3737,187,17.62
3639,3738,187,17.69
4549,4648,187,16.94
4234,4233,187,30.62
4339,4438,187,13.41
3148,3047,187,10.93
2945,2844,187,32.61
2663,2562,187,17.3
2771,2770,187,3.93
3143,3142,187,9.26
2753,2752,188,34.69
4653,4652,188,34.99
2754,2653,188,25.33
3241,3141,188,17.78
2661,2560,188,16.91
4545,4644,188,16.69
4551,4650,188,16.88
4442,4541,188,14.61
4134,4133,188,29.92
4034,4033,189,36.05
3935,3834,189,33.39
3940,3839,189,32.83
3938,3837,189,27.16
3836,3735,189,32.59
3138,3037,189,21.27
3139,3038,189,19.49
2657,2556,189,17.14
3639,3739,189,10.93
4549,4649,189,9.95
4551,4651,189,9.88
4338,4437,189,13.82
4656,4755,189,12.3
3643,3742,189,11.57
4668,4667,189,30.56
3153,3152,189,4.7
4465,4464,189,4.12
3076,2976,189,3.32
3335,3334,190,33.98
3934,3933,190,33.47
3137,3136,190,29.85
3435,3434,190,17.35
3336,3235,190,22.78
2658,2557,190,17.03
3737,3736,190,33.48
2655,2554,190,17.07
4544,4643,190,17.09
2660,2559,190,16.82
4545,4645,190,9.67
3238,3237,190,9.17
4771,4770,190,26.35
3069,2968,190,8.26
3151,3050,190,27.11
2944,2943,190,8.57
2945,2845,190,13.77
2855,2854,190,4.44
4335,4334,190,38.71
2653,2652,191,35.94
4541,4540,191,34.39
3137,3036,191,28.61
3140,3039,191,28.83
2753,2652,191,26.19
2654,2553,191,23.88
4337,4436,191,14.7
4441,4540,191,13.73
4233,4232,191,29.67
2662,2561,191,16.99
3839,3838,192,37.35
4033,4032,192,38.61
4755,4754,192,38.24
3834,3833,192,38.31
2752,2751,192,33.01
4133,4132,192,32.63
3939,3838,192,30.31
3934,3833,192,31.35
2765,2664,192,21.52
3636,3635,192,14.72
4543,4642,192,17.02
3535,3534,192,10.33
3742,3741,192,38.75
2869,2868,192,8.94
2671,2570,192,7.13
4667,4666,192,33.4
3235,3234,193,37.81
4334,4333,193,36.16
3136,3135,193,37.44
3141,3040,193,28.93
3335,3234,193,25.42
3835,3734,193,21.71
3641,3740,193,10.47
3045,2946,193,8.05
2652,2651,194,35.91
2553,2552,194,37.45
4436,4435,194,35.9
4540,4539,194,35.2
3050,3049,194,26.82
3933,3932,194,28.12
4033,3932,194,31.92
3037,2936,194,29.74
2653,2552,194,27.67
3141,3041,194,16.69
3834,3733,194,33.46
2752,2651,194,24.39
2656,2555,194,17.1
4542,4641,194,16.58
4336,4435,194,14.35
4440,4539,194,13.41
2556,2555,194,23.05
4656,4756,194,6.15
3643,3743,194,5.69
4770,4769,194,26.71
3280,3179,194,14.47
3885,3786,194,2.01
3842,3841,194,6.67
2751,2750,195,34.71
3833,3832,195,34.74
4032,4031,195,38.23
4754,4753,195,38.2
3235,3134,195,30.29
4132,4131,195,35.54
2845,2744,195,33
3136,3035,195,33.44
2659,2558,195,16.86
3940,3840,195,9.16
2559,2558,195,23.33
4232,4231,195,30.47
4558,4658,195,4.3
3143,3042,195,7.73
2553,2452,196,29.71
3037,2937,196,16.26
3038,2937,196,20.74
4648,4747,196,16.34
2554,2453,196,27.87
2773,2673,196,6.18
4666,4665,196,33.25
2562,2461,196,16.77
4435,4434,197,34.92
4539,4538,197,37.73
2651,2650,197,36.05
2552,2551,197,37.11
4333,4332,197,32.18
4032,3931,197,33.48
2652,2551,197,27.63
4651,4750,197,18.16
4541,4640,197,15.78
4647,4646,197,8.59
2560,2459,197,16.29
2870,2769,197,2.77
4753,4752,198,34.29
4031,4030,198,35.9
2744,2743,198,37.4
3134,3133,198,38.69
2750,2749,198,35.03
4131,4130,198,36.53
4769,4768,198,28.23
3135,3034,198,33.27
3040,2939,198,28.94
3833,3732,198,26.25
3050,2949,198,18.7
4643,4742,198,17.79
2845,2745,198,13.14
4651,4751,198,11.74
4649,4748,198,17.17
4650,4749,198,15.37
4648,4748,198,9.3
3483,3382,198,11.42
2869,2768,198,8.23
2556,2455,198,17.01
4384,4484,198,1.25
3041,2940,199,29.27
2552,2451,199,29.2
3932,3831,199,30.28
3234,3233,199,19.34
3039,2938,199,18.23
3334,3333,199,11.67
3434,3433,199,11.95
2670,2669,199,7.25
4231,4230,199,31.44
2559,2458,199,16.62
2557,2456,199,17.03
2944,2843,199,6.88
3685,3585,199,2.86
4665,4664,199,33.7
4434,4433,200,38.07
4538,4537,200,38.43
2650,2649,200,35.38
4640,4639,200,33.83
2551,2550,200,36.18
3931,3930,200,38.48
4031,3930,200,32.83
2744,2643,200,33.43
3134,3033,200,33.13
2651,2550,200,27.8
2664,2563,200,18.46
4643,4743,200,11.08
2936,2935,200,18.9
2561,2460,200,16.45
2671,2571,200,3.76
3053,3052,200,4.73
3042,2941,200,28.95
2455,2454,201,37.08
2743,2742,201,38.31
4130,4129,201,35.94
4332,4331,201,29.99
2937,2836,201,29.39
2868,2867,201,12.34
4642,4741,201,17.3
3635,3634,201,12.21
4436,4535,201,14.67
2976,2875,201,12.23
4755,4854,201,11.95
2945,2846,201,7.72
4675,4776,201,2.77
3042,2942,201,16.68
3433,3432,202,38.75
2451,2450,202,35.75
2749,2748,202,31.97
4030,4029,202,31.22
4768,4767,202,31.02
3931,3830,202,33.38
2949,2948,202,31.19
4437,4536,202,11.66
4665,4564,202,25.12
4459,4560,202,3.32
4460,4560,202,2.69
2643,2642,203,37.27
4433,4432,203,38.2
4639,4638,203,36.99
2550,2549,203,33.54
2458,2457,203,30.07
2745,2644,203,33.39
2455,2354,203,29.16
4030,3929,203,29.7
2743,2642,203,33.46
3732,3731,203,20.9
2650,2549,203,26.99
4641,4740,203,17.01
3733,3632,203,16.03
2570,2569,203,9.15
3734,3633,203,14.27
3034,2933,203,33.51
2936,2835,203,16.13
2866,2766,203,4.32
4775,4874,203,5.66
4230,4229,203,31.75
3151,3051,203,5.44
4774,4873,203,4.96
4854,4853,204,38.64
4535,4534,204,37.94
2742,2741,204,38.18
2649,2648,204,30.87
3433,3332,204,32.51
2940,2839,204,31.56
4435,4534,204,15.42
3133,3132,204,18.11
4129,4128,204,37.32
3432,3431,205,37.65
4331,4330,205,29.11
2643,2542,205,33.4
2451,2350,205,27.43
2456,2355,205,27.34
2948,2947,205,38.29
2459,2358,205,18.63
2949,2848,205,22.6
3179,3078,205,13.77
4657,4757,205,4.84
2941,2840,205,30.73
4767,4766,205,33.4
4361,4462,205,2.42
4638,4637,206,37.26
4740,4739,206,34.6
2642,2641,206,38.27
4432,4431,206,34.71
2450,2449,206,32.12
2742,2641,206,33.49
2550,2449,206,24.95
2458,2357,206,21.55
3233,3232,206,16.25
4751,4850,206,17.97
2768,2767,206,12.87
2939,2838,206,18.76
4640,4739,206,16.13
3534,3533,206,7.15
2868,2767,206,10.59
4755,4855,206,5.93
2942,2841,206,29.7
3033,3032,206,18.94
4129,4028,206,29.51
2935,2934,206,19.15
2954,2953,206,4.71
2648,2647,207,38.71
4853,4852,207,34.33
4534,4533,207,35.64
2549,2548,207,29.15
3929,3928,207,31.25
3432,3331,207,33.49
3830,3829,207,22.88
2649,2548,207,22.29
4751,4851,207,11.38
4749,4848,207,17.33
4748,4847,207,16.77
4742,4841,207,17.47
2948,2847,207,33.47
3732,3631,207,16.91
4643,4744,207,8.66
2741,2740,207,38.18
4128,4127,207,38.73
4229,4228,207,31.02
2542,2541,208,35.86
3431,3430,208,35.7
4766,4765,208,33.9
2835,2834,208,22.44
2644,2543,208,32.99
2642,2541,208,33.47
3731,3730,208,20.82
2938,2837,208,16.4
3831,3730,208,17.12
4749,4849,208,10.42
2745,2645,208,10.35
4742,4842,208,10.6
4873,4872,208,22.77
4750,4849,208,13.61
4747,4746,208,8.76
2673,2572,208,12.61
2461,2360,208,12
2942,2842,208,16.28
3148,3048,208,3.07
3785,3686,208,1.63
2641,2640,209,38.49
4637,4636,209,38.43
4739,4738,209,37.04
4330,4329,209,30.02
2648,2547,209,32.27
3332,3231,209,29.78
2457,2356,209,24.96
3051,2950,209,27.27
2350,2349,209,27.55
2450,2349,209,23.5
2846,2746,209,14.01
3533,3532,209,38.59
2570,2469,209,8.39
3382,3281,209,14.13
2741,2640,209,33.49
2754,2853,209,5.44
3033,2932,209,16.15
4128,4027,209,32.38
3584,3484,209,2.82
2873,2774,209,3.14
4127,4126,210,37.02
4533,4532,210,37.94
4431,4430,210,32.22
2449,2448,210,27.62
2542,2441,210,32.81
3431,3330,210,32.73
2549,2448,210,20.72
3929,3828,210,22.65
4741,4840,210,17.64
2848,2747,210,32.69
2753,2852,210,5.76
2740,2739,210,38.75
2840,2739,210,32.53
2836,2735,210,17.07
2563,2462,210,15.59
4765,4764,211,34.29
3430,3429,211,34.06
2541,2540,211,37.45
2641,2540,211,33.37
3830,3729,211,17.08
2460,2359,211,13.68
2669,2668,211,8.52
2768,2667,211,10.92
4228,4227,211,30.75
3132,3131,211,16.54
2839,2738,211,21.74
2640,2639,212,38.75
4738,4737,212,37.16
4027,4026,212,38.29
4636,4635,212,38.59
2548,2447,212,32.07
3331,3230,212,29.22
4127,4026,212,33.32
3032,3031,212,18.27
2357,2256,212,23.62
2358,2257,212,20.36
2835,2734,212,17.15
3731,3630,212,16.89
4756,4856,212,5.75
4464,4463,212,4.36
2765,2665,212,3.72
2740,2639,212,32.49
4532,4531,213,38.57
4840,4839,213,35.57
2441,2440,213,35.26
2852,2851,213,35.44
4329,4328,213,30.88
2543,2442,213,32.94
3430,3329,213,31.74
2541,2440,213,33.45
2647,2646,213,18.03
2542,2442,213,13.47
2349,2348,213,26.31
4740,4839,213,15.64
2350,2249,213,19.33
4535,4634,213,12.45
4872,4871,213,23.25
4874,4973,213,14.51
3429,3428,214,33.49
2540,2539,214,38.15
4764,4763,214,35.31
4430,4429,214,32.97
2640,2539,214,32.89
2547,2546,214,24.14
4027,3926,214,33.47
4534,4633,214,14.89
2644,2544,214,9.41
3432,3531,214,12.86
4026,4025,215,35.79
4737,4736,215,37.65
2639,2638,215,38.01
3330,3229,215,29.04
2448,2347,215,32.66
2441,2340,215,32.49
2547,2446,215,23.69
2834,2833,215,16.61
4851,4950,215,17.78
3032,2931,215,15.81
2934,2833,215,16.51
3431,3530,215,14.84
2933,2832,215,12.08
2569,2568,215,8.88
3231,3130,215,23.64
2571,2470,215,9.7
4227,4226,215,32.71
4126,4125,215,20.47
3329,3328,216,33.73
2851,2850,216,34.16
2440,2439,216,37.11
4839,4838,216,37.57
4531,4530,216,37.91
2256,2255,216,27.82
3429,3328,216,31.36
2540,2439,216,33.5
2356,2255,216,22.86
3630,3629,216,26.52
4841,4940,216,17.53
3829,3728,216,17.15
4850,4949,216,14.43
3078,2977,216,13.85
4742,4843,216,8.22
4874,4974,216,7.71
4483,4583,216,1.44
4429,4428,217,34.24
4763,4762,217,35.79
2539,2538,217,38.75
4328,4327,217,31.09
2734,2733,217,23.3
2639,2538,217,30.62
4764,4663,217,26.9
2667,2666,217,16.91
2950,2849,217,19.38
4633,4632,217,38.5
3430,3529,217,15.99
4841,4941,217,10.69
4851,4951,217,11.05
2767,2666,217,13.01
2349,2248,217,18.28
3230,3129,217,28.37
4973,4972,217,32.51
4854,4953,217,9.18
2451,2351,217,5.56
4775,4875,217,2.53
4679,4778,217,3.3
4558,4659,217,3.09
2340,2339,218,36.16
3329,3228,218,31.53
2440,2339,218,33.35
2442,2341,218,33.44
4026,3925,218,27.48
3031,3030,218,17.79
2441,2341,218,13.94
4736,4735,218,38
2360,2259,218,14.29
2348,2247,218,33.51
4871,4870,218,23.1
2638,2637,218,34.26
4126,4225,218,18.18
4226,4225,218,37.61
4530,4529,219,38.5
4838,4837,219,37.82
2439,2438,219,38.5
4940,4939,219,36.24
2539,2438,219,32.93
2447,2346,219,21.62
2347,2346,219,29.3
2462,2361,219,16.32
4025,4024,219,31.87
2469,2468,219,10.34
4027,3927,219,10.7
2543,2443,219,9.33
4847,4846,219,9.08
4855,4954,219,11.63
3483,3383,219,3.02
3281,3180,219,14.82
4581,4681,219,1.67
4428,4427,220,34.79
4632,4631,220,37.81
4953,4952,220,36.34
2538,2537,220,38.21
2255,2254,220,29.32
3629,3628,220,25.88
2340,2239,220,32.96
2832,2831,220,21.12
4763,4662,220,27.47
2257,2156,220,19.63
2256,2155,220,19.56
3429,3528,220,16.33
2359,2258,220,17.4
4746,4745,220,8.37
3229,3128,220,30.27
4678,4777,220,3.33
2339,2338,221,37.88
4972,4971,221,25.02
2439,2338,221,33.36
3130,3029,221,25
2247,2246,221,34.72
2734,2633,221,16.75
2347,2246,221,28.17
2572,2471,221,11.34
4225,4224,221,35.86
4735,4734,221,38.72
4327,4326,221,30.03
4939,4938,222,37.44
2438,2437,222,38.76
4529,4528,222,38.67
4870,4869,222,28.17
3129,3028,222,29.93
2733,2732,222,23.19
2248,2147,222,28.9
2538,2437,222,30.99
2346,2345,222,34.11
3031,2930,222,15.55
2667,2566,222,13.23
4025,3924,222,23.25
3228,3227,222,29.37
3051,2951,222,5.5
4837,4836,222,37.16
4024,4023,222,38.75
2637,2636,222,28.98
3053,2952,222,3.25
3128,3127,223,33.4
2239,2238,223,37.05
4631,4630,223,37.34
3030,2929,223,30.89
2341,2240,223,33.5
2339,2238,223,33.51
2351,2250,223,24.92
2248,2148,223,16.7
2255,2154,223,20.87
2340,2240,223,13.21
2568,2567,223,14.16
3926,3825,223,16.84
2247,2146,223,32.16
2442,2342,223,10.55
2665,2564,223,13.93
2537,2536,223,35.86
4225,4124,223,32.81
4427,4426,223,34.23
2338,2337,224,37.08
2438,2337,224,32.6
2832,2731,224,16.97
2346,2245,224,31.77
4855,4955,224,5.73
4734,4733,224,38.29
2976,2876,224,2.93
4024,3923,224,32.53
4528,4527,225,38.57
3028,3027,225,35.8
2345,2344,225,37.87
4971,4970,225,28.28
4326,4325,225,29.56
3128,3027,225,31.3
2239,2138,225,33.33
4950,5049,225,14.58
4938,4937,225,38.02
2469,2368,225,9.25
4224,4223,225,31.77
4841,4942,225,8.3
2354,2353,225,4.56
4680,4779,225,3.72
4836,4835,225,36.15
4657,4758,225,3.5
4564,4563,225,4.44
3127,3126,226,35.74
4630,4629,226,38.3
4124,4123,226,38.68
4426,4425,226,34.01
2929,2928,226,36.1
4869,4868,226,29.19
2338,2237,226,33.34
3029,2928,226,32.28
2733,2632,226,16.92
4941,5040,226,17.03
2468,2467,226,15.39
2246,2145,226,30.4
4951,5050,226,17.3
4940,5039,226,14.37
2546,2545,226,8.48
4224,4123,226,30.12
3228,3327,226,18.03
2537,2436,226,27.57
2337,2336,227,35.34
4733,4732,227,38.72
2154,2153,227,27.57
2147,2046,227,32.76
3028,2927,227,32.78
2345,2244,227,33.51
2831,2830,227,15.03
3927,3826,227,19.84
2341,2241,227,11.47
4941,5041,227,10.05
4951,5051,227,10.39
4974,5073,227,13.08
4949,4948,227,9.54
2245,2244,227,37.94
2446,2445,227,8.43
3728,3727,227,9.66
4633,4732,227,11.38
2773,2674,227,3
3027,3026,228,36.79
4325,4324,228,33.55
4835,4834,228,38.05
2240,2139,228,33.39
3127,3026,228,32.75
2238,2137,228,29.88
2929,2828,228,32.93
2566,2565,228,18.05
2156,2055,228,19.74
2155,2054,228,18.94
2666,2565,228,13.68
3428,3427,228,7.4
4225,4324,228,14.71
4756,4857,228,4.19
4874,4975,228,5.73
2536,2535,228,22.12
4937,4936,228,37.2
4527,4526,228,38.08
4629,4628,229,38.47
4123,4122,229,36.01
4425,4424,229,34.79
5049,5048,229,29.77
4970,4969,229,29.35
2337,2236,229,32.53
2731,2730,229,22.17
2148,2048,229,17.92
2148,2047,229,24.75
3180,3079,229,14.45
4632,4731,229,12.64
2436,2435,229,38.31
2245,2144,229,33.51
2470,2369,229,10.46
5039,5038,229,36.73
4767,4866,229,5.25
2445,2444,230,37.15
2336,2335,230,35.86
2927,2926,230,36.43
3027,2926,230,33.24
2258,2157,230,15.51
2259,2158,230,12.29
2244,2243,230,38.76
4223,4222,230,20.47
4224,4323,230,17.18
4768,4867,230,4.48
4868,4867,230,31.02
2828,2827,231,38.43
4936,4935,231,34.5
4526,4525,231,37.21
4834,4833,231,38.76
2153,2152,231,30.38
4123,4022,231,32.89
2928,2827,231,32.83
2237,2136,231,29.1
5073,5072,231,33.14
2368,2367,231,16.74
2929,2829,231,13.26
2154,2053,231,19.34
2732,2631,231,17.11
4631,4730,231,13.26
2361,2260,231,12.1
4846,4845,231,8.65
3383,3282,231,12.73
2468,2367,231,12.42
2248,2149,231,10.62
3628,3627,231,9.49
2673,2573,231,2.89
2144,2143,232,38.75
4424,4423,232,36.06
4628,4627,232,38.48
2336,2235,232,32.81
2241,2140,232,32.73
2927,2826,232,33.09
4866,4865,232,34.53
2240,2140,232,12.15
2564,2463,232,17.3
3825,3824,232,12.4
2467,2466,232,17.91
4122,4121,232,34.55
2236,2235,232,33.66
4974,5074,232,6.66
2244,2143,232,32.83
4766,4865,232,5.43
5038,5037,232,36.44
2926,2925,233,36.61
4323,4322,233,38.76
2828,2727,233,33.41
2139,2038,233,33.48
2535,2534,233,22.55
2243,2242,233,38.54
5049,5148,233,17.91
2731,2630,233,17.15
2335,2334,233,34.37
3127,3226,233,14.8
2566,2465,233,13.8
2471,2370,233,11.8
4223,4322,233,18.18
2836,2736,233,3.22
4833,4832,234,38.65
4935,4934,234,35.2
2144,2043,234,32.9
2048,1947,234,33.24
4969,4968,234,22.92
2047,1946,234,33.2
2153,2052,234,21.84
5049,5149,234,11.27
2148,2049,234,13.05
4730,4729,234,37.81
4525,4524,234,37.33
4122,4021,234,32.06
2236,2135,234,31.48
4222,4221,234,31.63
4856,4956,234,4.73
4765,4864,234,5.59
2435,2434,234,20.49
2826,2825,235,37.59
2235,2234,235,33.85
5037,5036,235,35.64
5072,5071,235,25.72
2926,2825,235,33.16
2444,2343,235,33.18
2152,2151,235,31.89
2055,1954,235,20.73
2243,2142,235,31.74
4942,5042,235,10.58
2335,2234,235,31.94
2876,2775,235,13.2
4423,4422,235,36.72
4951,5052,235,8.02
3528,3527,235,6.7
4764,4863,235,6.05
2143,2142,235,38.69
3585,3485,235,2.8
4627,4626,235,38.75
2727,2726,236,33.82
2827,2726,236,33.5
2829,2728,236,33.45
4322,4321,236,38.55
2054,1953,236,18.68
5041,5140,236,17.13
2368,2267,236,13.15
5040,5139,236,14.89
4121,4120,236,26.32
5051,5150,236,16.78
4954,5053,236,8.71
2334,2333,236,33.57
4934,4933,237,35.39
4832,4831,237,37.85
4021,4020,237,34.74
2826,2725,237,33.47
2235,2134,237,31.6
2367,2366,237,18.19
2048,1948,237,12.62
2139,2039,237,11.68
4729,4728,237,37.75
5041,5141,237,10.17
3727,3726,237,10.14
3825,3724,237,10.63
3427,3426,237,11.85
2467,2366,237,13.73
5148,5147,237,31.54
4221,4220,237,38.32
4763,4862,237,6.3
4524,4523,237,37.54
2143,2042,237,32.21
5039,5138,237,13.91
2234,2233,238,35.55
2534,2533,238,22.59
2630,2629,238,22.5
2157,2056,238,19.67
2152,2051,238,23.27
4936,5035,238,15.71
4948,4947,238,9.83
2046,2045,238,9.33
4942,4943,238,8.1
4422,4421,238,36.86
5148,5047,238,29.95
3327,3326,238,8.91
5051,5151,238,9.76
4626,4625,238,38.54
3828,3827,238,3.68
2142,2141,238,38.41
2052,2051,238,27.47
2334,2233,238,31.42
4680,4780,238,1.94
2453,2352,238,3.42
2738,2737,238,3.85
5071,5070,239,28.96
1947,1846,239,33.1
2135,2034,239,30.6
4021,3920,239,32.18
2727,2626,239,25.24
4321,4320,239,34.92
2565,2464,239,14.04
2465,2464,239,18.95
2053,1952,239,18.91
4955,5054,239,9.79
4731,4830,239,14.18
2351,2251,239,4.67
2151,2150,239,25.52
3923,3922,239,6.82
2333,2332,239,36.04
5038,5137,239,14.2
4968,4967,239,22.78
4460,4561,239,1.91
2134,2133,240,35.76
4523,4522,240,37.39
2725,2724,240,38
4933,4932,240,36.78
2234,2133,240,32.65
2434,2433,240,19.98
3824,3823,240,13.81
4862,4861,240,35.71
2158,2057,240,14.95
2144,2044,240,9.26
3079,2978,240,13.74
2830,2729,240,11.71
3826,3725,240,11.47
3126,3125,240,7.5
4728,4727,240,37.51
4762,4761,240,4.53
2142,2041,240,31.42
4935,5034,241,6.01
2926,3025,241,9.23
5041,5142,241,62.05
4942,5043,241,53.17
4974,5075,241,76.24
5051,5152,241,65.3
4775,4876,241,89.97
4285,4386,241,35.83
5137,5238,242,74.12
5151,5252,242,66.49
5138,5239,242,75.3
5150,5251,242,69.46
5042,5143,242,56.68
2135,2035,242,4.26
5139,5240,242,72.35
5072,5173,242,73.09
5149,5249,242,20.43
5149,5250,242,56.28
5074,5175,242,73.94
4955,5055,242,25.28
5148,5248,242,22.73
5148,5249,242,50.7
5141,5242,242,65.87
4954,5055,242,41.1
2151,2252,242,69.28
4856,4957,242,32.65
4757,4858,242,35.37
4776,4877,242,57.75
4658,4759,242,39.44
5140,5241,242,67.63
4680,4781,242,40
4581,4682,242,26.21
4582,4682,242,6.4
4186,4287,242,32.64
4384,4485,242,24.61
5070,5171,243,61.96
4967,5068,243,50.99
4943,5044,243,52.08
5035,5136,243,59.62
4523,4624,243,63.09
5147,5146,243,4.4
5036,5136,243,17.05
3485,3586,243,66.73
5071,5172,243,63.59
4864,4965,243,43.6
5074,5174,243,13.03
2152,2253,243,55.61
4865,4966,243,45.27
4975,5076,243,52.76
4729,4829,243,25.59
5073,5174,243,55.74
4955,5056,243,33.72
4730,4829,243,12.67
4777,4878,243,52.7
5148,5247,243,8.13
4875,4976,243,42.82
4778,4879,243,45.86
3686,3586,243,1.12
4625,4726,243,46.66
2333,2232,243,4.44
4385,4486,243,40.53
4286,4387,243,45.75
4086,4087,243,4.75
4877,4978,244,77.18
5034,5135,244,52.7
5043,5144,244,54.28
4876,4977,244,52.2
5142,5243,244,63.29
4932,5032,244,25.59
4932,5033,244,37.72
4830,4930,244,25.59
4830,4931,244,37.81
5238,5339,244,82.29
4831,4931,244,25.59
4933,5033,244,25.17
5052,5153,244,36.25
4021,3921,244,3.97
2049,2050,244,21.07
5239,5340,244,76.2
5075,5176,244,56.49
2332,2432,244,24.78
3627,3626,244,1.36
4862,4962,244,25.29
4862,4963,244,41.59
4863,4963,244,25.2
4863,4964,244,42.16
4864,4964,244,24.92
4779,4880,244,39.11
4728,4828,244,25.54
2572,2472,244,1.01
4484,4585,244,33.93
3686,3787,244,28.34
4625,4725,244,24.12
4086,4187,244,16.15
4727,4827,244,25.57
4727,4828,244,38.79
5076,5177,245,80.32
4976,5077,245,76.32
5172,5273,245,70.85
5143,5244,245,57.83
5249,5350,245,51.79
5248,5349,245,49.83
5251,5352,245,68.37
5173,5274,245,61.18
4386,4487,245,40.23
5152,5253,245,39.01
4967,5067,245,22.62
2533,2634,245,32.49
2534,2635,245,31.63
5250,5351,245,62.66
5240,5341,245,66.13
5175,5276,245,59.72
5242,5343,245,65.19
5241,5342,245,66.95
3886,3987,245,16.64
4483,4584,245,10.19
3787,3888,246,90.57
5044,5145,246,52.79
5247,5348,246,51.74
5136,5237,246,70
3586,3687,246,66.65
5174,5275,246,68.55
5252,5353,246,44.8
4287,4388,246,43.89
5055,5155,246,25.18
4485,4586,246,41.82
5034,5134,246,21.95
5070,5170,246,17.93
4943,4944,246,14.96
4523,4623,246,17.44
2726,2625,246,2.58
2049,1949,246,9.98
2631,2530,246,0.89
5171,5272,246,64.23
4583,4684,246,20.61
5176,5277,246,87.34
5274,5375,247,76.33
5077,5178,247,76.18
4977,5078,247,60.53
5135,5236,247,62.81
5340,5441,247,58.58
4978,5079,247,51.67
5144,5245,247,50.39
5339,5440,247,64.81
4829,4929,247,25.59
4878,4979,247,44.21
4486,4587,247,43.31
5055,5156,247,33.1
4965,5066,247,44.17
5243,5344,247,56.24
2139,2040,247,9.75
2057,2058,247,14.75
4743,4844,247,16.12
4968,5069,247,22.31
5237,5338,248,83.37
5351,5452,248,64.32
5276,5377,248,64.38
5342,5443,248,61.86
5352,5453,248,55.72
5350,5451,248,53.52
5273,5374,248,67.54
5244,5345,248,50.39
4930,5030,248,25.58
4930,5031,248,38.32
4931,5031,248,25.59
5032,5132,248,25.36
5032,5133,248,41.06
5177,5278,248,60.25
4585,4686,248,46.13
4387,4488,248,29.1
5247,5347,248,22.33
5146,5246,248,21.22
4682,4783,248,26.12
4828,4928,248,25.33
4962,5062,248,25.13
4962,5063,248,42.55
5349,5450,248,48.96
3282,3181,248,1.13
4965,5065,248,24.79
4187,4288,248,41.79
5341,5442,248,62.45
4963,5063,248,25.06
4963,5064,248,42.92
4964,5065,248,44.17
1954,1955,248,13.11
5343,5444,248,51.06
4827,4927,248,25.22
4827,4928,248,42.04
4582,4683,248,10.11
5375,5476,249,79.03
5236,5337,249,81.14
5275,5376,249,57
5272,5373,249,68.76
5134,5235,249,57.06
3687,3788,249,56
4623,4724,249,50.4
4584,4685,249,44.13
5348,5449,249,47.72
2049,1950,249,13.3
4845,4946,249,15.78
5170,5271,249,62.29
5171,5271,249,16.95
5277,5378,249,57.61
3886,3887,249,4.74
4461,4562,249,15.45
5374,5475,250,84.49
2058,2159,250,57.06
5245,5346,250,53.37
5440,5541,250,50.72
5155,5255,250,25.57
5155,5256,250,36.49
4684,4785,250,37.71
5339,5439,250,16.7
5044,5045,250,14.68
4781,4882,250,20.12
2035,2036,250,13.53
5053,5154,250,14.61
4758,4859,250,14.58
5338,5439,250,77.52
5344,5445,250,49.67
4659,4760,250,14.48
4560,4661,250,14.67
4559,4660,250,13.2
5068,5169,250,22.6
5377,5478,251,52.24
5442,5543,251,57.26
5443,5544,251,51.89
5451,5552,251,53.12
5132,5233,251,47.71
5345,5446,251,52.54
5452,5553,251,59.3
5133,5234,251,52.49
5156,5257,251,39.01
5235,5336,251,73.57
4929,5029,251,25.56
5134,5234,251,20.09
4623,4723,251,22.85
3987,4088,251,28.1
5348,5448,251,23.79
4780,4881,251,13.01
2134,2033,251,4.06
5347,5448,251,47.81
4956,5057,251,13.18
2332,2331,251,6.17
4857,4958,251,13.35
5337,5438,251,83.38
5444,5545,251,47.63
5373,5474,252,69.5
5376,5477,252,61.54
5476,5577,252,51.07
5271,5372,252,63.41
4683,4784,252,41.98
5450,5551,252,46.72
5031,5131,252,25.56
5062,5163,252,45.29
5440,5540,252,22.73
4586,4687,252,26.2
4928,5028,252,25.16
5063,5164,252,43.67
4862,4961,252,11.11
4087,4188,252,16.06
4759,4860,252,14.72
4858,4959,252,14.28
5170,5270,252,17.79
4727,4826,252,12.12
5475,5576,253,52.93
5346,5447,253,50.88
4488,4589,253,31.75
5442,5542,253,20.01
5450,5550,253,24.1
5132,5232,253,23.8
5062,5162,253,24.51
5156,5157,253,19.8
5441,5542,253,24.39
5067,5168,253,19.43
4879,4980,253,15.25
4957,5058,253,13.85
2626,2627,253,7.7
2725,2624,253,3.28
5347,5447,253,23.76
1947,1847,253,1.73
2332,2431,253,10.2
5336,5437,253,83.38
3888,3989,253,21.57
4681,4782,253,9.92
2462,2362,253,1.48
2052,1951,253,2.16
5445,5546,253,48.02
5068,5168,253,10.77
5233,5334,254,61.79
5553,5654,254,57.89
5234,5335,254,66.43
5438,5539,254,51.26
4881,4982,254,58.04
5256,5356,254,25.59
5256,5357,254,37.64
5255,5356,254,44.57
5154,5254,254,25.53
4783,4884,254,26.2
3687,3688,254,13.41
5153,5254,254,14.37
4288,4389,254,26.44
2432,2532,254,10.79
5446,5547,254,48.74
1954,1853,254,3.07
2233,2132,254,5.6
3484,3384,254,0.95
5474,5575,255,53.7
5372,5473,255,66.83
5270,5371,255,59.36
4687,4788,255,54.69
5540,5641,255,59.26
5255,5355,255,24.7
4785,4886,255,29.41
3887,3988,255,27.33
5271,5371,255,17.3
5029,5129,255,25.22
5029,5130,255,42.04
1955,1956,255,15.32
2058,2059,255,13
5078,5179,255,18.08
5079,5180,255,18.08
4487,4588,255,15.24
5067,5167,255,10.78
5253,5354,255,14.35
4880,4981,255,13.4
2367,2266,255,1.18
5066,5167,255,18.13
3688,3789,256,77.24
5437,5538,256,65.33
5232,5333,256,55.74
4589,4690,256,66.34
5542,5643,256,60.19
5477,5578,256,42.93
4188,4289,256,43.22
5131,5231,256,25.18
5438,5538,256,22.52
5577,5678,256,40.22
5541,5642,256,26.11
4882,4983,256,25.67
4685,4786,256,22.79
4587,4688,256,16.5
5334,5435,256,72.15
5064,5165,256,18.22
2725,2824,256,6.94
5147,5046,256,3.63
5335,5436,256,80.03
5169,5269,256,18.65
4844,4945,256,16.08
5065,5166,256,17.9
5168,5269,256,57.06
5473,5574,257,74.21
5575,5676,257,76.65
5539,5640,257,53.12
5654,5755,257,56.65
4884,4985,257,51.84
4782,4883,257,44.22
5576,5677,257,45.66
4961,5061,257,24.52
5553,5653,257,19.73
4686,4787,257,16.78
5478,5579,257,26.09
5278,5379,257,16.3
4827,4926,257,10.95
5543,5644,257,23.7
5436,5537,258,73.05
5435,5536,258,74.67
4886,4987,258,66.19
2059,2160,258,62.16
5371,5472,258,59.59
4588,4689,258,64.05
5356,5456,258,25.46
5356,5457,258,40.23
2431,2531,258,22.87
4788,4889,258,66.71
5232,5332,258,20.67
4980,5081,258,28.58
5270,5370,258,19.08
3788,3889,258,16.29
4388,4489,258,12.15
1949,1849,258,8.98
1949,1850,258,12.32
2041,1942,258,8.02
3989,4090,258,31.93
5168,5268,258,20.1
5333,5434,259,66.21
4786,4887,259,65.84
4690,4791,259,61.89
4688,4789,259,66.67
5538,5639,259,47.72
5642,5743,259,62.47
4981,5082,259,39.56
5539,5639,259,21.78
5654,5754,259,20.27
5553,5554,259,12.69
5453,5554,259,13.04
5178,5279,259,12.17
5353,5454,259,11.09
2232,2231,259,6.67
2041,1941,259,5.38
5545,5646,259,19.3
5544,5645,259,19.67
2160,2261,260,88.97
4985,5086,260,66.63
5574,5675,260,64.88
4787,4888,260,66.63
4983,5084,260,46.72
5180,5281,260,34.81
5641,5742,260,28.93
3988,4089,260,28.73
5640,5741,260,67.56
5163,5264,260,18.13
4859,4960,260,14.5
4724,4825,260,13.61
4979,5080,260,10.93
5164,5265,260,18.13
3282,3283,260,4.71
2674,2675,260,4.54
5472,5573,261,67.24
4689,4790,261,62.56
5537,5638,261,52.59
4489,4590,261,63.26
5456,5557,261,50.05
5536,5637,261,58.83
5268,5369,261,55.43
5676,5777,261,39.1
5538,5638,261,23.79
5179,5280,261,25.06
5371,5471,261,18.98
4389,4490,261,22.11
4982,5083,261,21.51
5162,5263,261,19.93
5332,5433,261,58.89
4958,5059,261,14.54
5057,5158,261,14.16
5448,5549,261,15.53
5434,5535,261,74.63
2267,2268,261,4.74
2775,2776,261,4.62
2370,2371,261,4.47
2573,2574,261,4.54
3079,3080,261,4.42
5379,5480,261,36.36
4088,4189,261,14.63
2876,2877,261,4.06
2977,2877,261,1.34
5378,5479,261,12
4887,4988,262,66.42
5554,5655,262,49.54
5754,5855,262,51.57
5457,5558,262,36.74
5061,5161,262,23.61
5654,5655,262,13.16
4959,5060,262,14.7
5551,5652,262,14.85
5257,5358,262,13.71
4723,4824,262,13.38
4789,4890,262,62.42
4928,5027,262,10.84
2978,2979,262,4.63
2034,1934,262,3.97
2034,1935,262,6.06
5084,5185,263,66.73
5675,5776,263,58.68
5080,5181,263,49.52
5082,5183,263,39.47
5456,5556,263,22.98
5457,5458,263,20.37
5268,5368,263,20.8
5058,5159,263,14.47
5550,5651,263,14.88
5162,5262,263,10.79
5279,5380,263,42.56
5281,5382,263,57.02
4888,4989,263,61.06
4523,4622,263,5.2
5643,5744,263,22.99
1956,1957,263,13.34
5447,5548,263,15.44
5546,5647,263,15.45
5557,5658,264,47.26
5083,5184,264,65.38
4490,4591,264,64.98
5535,5636,264,60.42
5086,5186,264,25.56
5086,5187,264,38.85
5754,5854,264,22.4
5536,5636,264,19.32
5081,5182,264,24.74
4883,4984,264,20.33
5165,5266,264,18.81
2059,2060,264,11.15
5640,5740,264,15.54
5471,5572,264,59.92
5157,5258,264,14.11
5332,5432,264,19.29
4590,4691,264,65.49
4785,4885,264,7.46
5029,5128,264,10.95
1949,1848,264,8.28
4623,4722,264,8.22
3485,3486,264,4.05
5547,5648,264,15.62
2057,1958,264,6.13
5855,5956,265,49.24
5158,5259,265,37.27
5573,5674,265,44.62
4889,4990,265,20.7
5644,5745,265,19.25
5354,5455,265,15.43
3889,3990,265,22.65
4791,4892,265,24.86
4790,4891,265,41.62
5280,5381,265,35.78
5678,5779,265,17.64
5741,5842,265,31.42
1954,1854,265,3.4
5186,5287,266,90.85
5185,5286,266,52.51
5183,5284,266,62.67
5652,5752,266,25.23
5652,5753,266,41.97
5557,5657,266,23.94
5572,5673,266,75.15
4189,4290,266,31.15
5086,5087,266,19.84
5554,5555,266,15.99
5187,5288,266,91.45
5166,5267,266,15.32
3789,3890,266,14.79
5129,5230,266,13.79
5131,5230,266,10.88
2331,2430,266,9.57
4723,4823,266,6.8
5742,5843,266,27.35
5678,5778,266,10.7
5433,5534,266,31.92
5743,5844,266,22.37
2466,2365,266,1.18
1954,1855,266,5.24
5674,5775,267,76.63
4984,5085,267,66.7
3486,3587,267,66.46
5182,5283,267,61.28
2060,2161,267,62.48
4591,4692,267,66.09
4885,4986,267,66.38
5358,5459,267,33.44
5358,5359,267,20.92
5855,5955,267,23.27
5060,5160,267,23.92
5558,5659,267,34.04
5558,5559,267,20.84
5161,5261,267,22.74
5535,5635,267,18.61
5380,5481,267,44.95
4987,5088,267,17.26
4090,4191,267,16.85
5471,5571,267,18.83
4691,4792,267,63.44
5432,5533,267,57.42
5578,5679,267,13.34
5382,5482,267,25.24
5382,5483,267,41.89
5956,6057,268,61.25
5842,5943,268,64.37
5658,5758,268,25.27
5658,5759,268,41.72
5854,5954,268,25.52
5185,5285,268,22.02
5181,5282,268,34.18
5479,5580,268,22.3
5369,5470,268,22.6
5638,5739,268,20.65
5637,5738,268,21.02
5755,5856,268,13.06
5579,5680,268,13.08
5370,5470,268,10.78
2035,1936,268,5.45
5287,5388,268,72.21
5288,5389,268,87.24
5286,5387,268,91.88
5284,5385,268,71.47
2161,2262,269,88.56
5230,5331,269,52.85
5779,5880,269,37.65
4990,5091,269,39.15
5646,5747,269,15.53
5645,5746,269,15.03
5777,5878,269,18.53
4289,4390,269,11.59
3688,3689,269,6.91
2331,2330,269,5.73
2232,2131,269,5.57
2041,1940,269,4.88
4989,5090,269,24.4
5382,5383,269,18.91
3823,3822,269,3.52
4422,4521,269,3.71
5740,5841,269,34.77
3921,3822,269,5.81
5580,5681,270,81.34
4692,4793,270,47.64
4792,4893,270,50.97
5778,5879,270,38.86
5752,5852,270,25.59
5752,5853,270,37.97
3990,4091,270,30.2
5673,5774,270,41.42
5368,5469,270,22.36
5571,5672,270,66.74
1849,1749,270,8.61
1849,1750,270,11.94
5129,5229,270,6.84
5264,5365,270,15.34
5265,5366,270,15.32
1955,1856,270,6.46
3181,3182,270,4.63
5480,5581,270,16.84
5432,5532,270,19.94
5285,5386,270,91.1
5758,5859,271,56.13
5856,5957,271,54.19
5679,5780,271,38.81
5775,5876,271,36.97
5088,5189,271,45.03
5955,6055,271,25.06
5955,6056,271,42.9
5230,5330,271,21.89
5657,5757,271,21.34
5956,6056,271,18.24
5842,5942,271,16.89
5744,5845,271,20.08
5481,5582,271,41.68
5549,5650,271,15.56
5263,5364,271,15.62
5637,5737,271,10.8
5777,5877,271,10.75
5636,5737,271,23.2
5738,5839,271,55.63
2033,2032,271,5.01
5776,5877,271,19.99
2034,1933,271,3.59
3527,3526,271,1.4
3921,3821,271,3.79
5759,5860,272,35.37
5389,5490,272,36.44
5385,5486,272,43.56
5680,5781,272,42.79
5954,6054,272,25.52
5483,5584,272,34.5
5160,5260,272,23.81
5844,5945,272,24.15
5534,5634,272,16.89
5087,5188,272,24.34
5262,5363,272,15.93
5647,5748,272,15.84
4824,4925,272,15.14
5548,5649,272,15.82
2627,2628,272,5.46
5843,5944,272,24.76
3823,3723,272,3.2
4089,4190,272,12.66
5839,5940,273,77.97
5681,5782,273,48.88
5532,5633,273,54.38
5880,5981,273,39.97
5090,5191,273,45.58
5091,5192,273,40.59
5878,5979,273,45.82
5759,5760,273,20.64
5758,5858,273,20.5
5470,5570,273,20.08
5774,5875,273,55.81
5635,5736,273,23.61
5368,5468,273,10.78
4926,5026,273,6.48
5738,5838,273,20.71
5672,5773,273,49.18
3687,3588,273,5.39
4893,4994,273,55.72
5739,5840,273,32.18
3890,3991,273,20.62
5648,5749,273,15.99
5859,5960,274,47.43
5879,5980,274,39.92
2262,2363,274,31.66
5853,5953,274,25.57
4390,4491,274,31.37
5482,5583,274,23.38
5266,5367,274,15.44
2060,2061,274,11.04
5571,5671,274,15.88
5188,5289,274,91.91
5330,5431,274,55.91
4793,4894,274,39.85
5581,5682,274,35.8
5943,6044,274,25.64
5284,5384,274,13.97
1953,1852,274,2.1
5940,6041,275,84.22
5981,6082,275,81.35
5840,5941,275,79.22
5877,5978,275,41.46
5532,5632,275,21.25
6057,6158,275,22.26
4823,4924,275,16.12
5259,5360,275,14.17
5745,5846,275,15.53
5652,5751,275,10.98
5655,5756,275,11.51
6055,6156,275,45.48
5582,5683,275,44.82
5773,5874,275,71.65
2058,1959,275,5.18
5189,5290,275,37.31
4893,4993,275,20.68
5736,5837,276,53.8
5858,5959,276,63.09
5584,5685,276,36.04
5781,5882,276,38.16
5260,5361,276,44.59
5942,6043,276,29.53
5780,5881,276,32.99
5859,5959,276,23.88
5386,5487,276,24.32
5746,5847,276,22.05
5856,5857,276,14.12
6055,6155,276,24.46
1849,1748,276,7.93
5737,5837,276,23.61
5330,5430,276,20.59
2625,2526,276,4.77
5490,5591,276,40.08
4793,4794,276,19.56
6054,6154,276,25.58
6054,6155,276,36.87
2465,2364,276,1.18
5384,5485,276,77.1
5941,6042,277,76.1
4491,4592,277,65.97
5979,6080,277,44.23
5782,5883,277,43.76
6056,6157,277,27.76
4091,4192,277,23.07
5387,5488,277,16.46
5261,5362,277,15.67
4191,4292,277,15.1
5635,5735,277,10.73
1936,2037,277,16.68
5557,5656,277,9.18
3789,3790,277,4.78
3384,3385,277,4.54
5845,5946,277,24.13
4989,5089,277,7.36
5682,5783,277,57.4
5882,5983,278,89.48
5980,6081,278,42.69
5583,5684,278,44.93
4894,4995,278,45.44
5671,5772,278,37.69
5838,5939,278,30.51
5736,5836,278,21.49
4190,4291,278,26.28
5486,5587,278,26.72
5747,5848,278,16.08
5388,5489,278,15.53
5559,5660,278,13
5359,5460,278,13.77
5459,5560,278,13.46
5752,5851,278,12.42
5366,5467,278,19.89
2231,2230,278,5.48
5953,6053,278,25.51
5876,5977,278,21.44
5944,6045,278,25.66
5430,5531,279,54.39
5837,5938,279,57.76
5978,6079,279,44.36
5858,5958,279,17.44
5191,5292,279,25.03
5945,6046,279,23.56
5957,6058,279,19.6
5632,5733,279,45.46
4890,4991,279,8.84
5468,5569,279,24.16
2625,2525,279,3.08
5289,5390,279,32.17
3991,4092,279,24.78
4592,4693,280,66.55
4292,4393,280,60.39
5485,5586,280,35.94
5881,5982,280,43.03
4894,4895,280,17.62
1750,1851,280,15.67
5632,5732,280,24.46
3588,3589,280,15.7
5365,5466,280,15.56
5366,5466,280,10.79
1941,1842,280,7.06
5683,5784,280,33.2
5633,5734,280,20.77
6044,6145,280,24.15
4892,4992,280,6.69
6157,6258,280,49.91
2630,2529,280,0.89
5938,6039,281,77.47
5983,6084,281,59.33
5836,5937,281,55.95
5430,5530,281,21.25
5685,5786,281,33.32
5772,5873,281,59.59
4993,5094,281,25.37
5363,5464,281,15.79
5748,5849,281,16.06
5853,5952,281,12.94
5364,5465,281,15.41
1941,1841,281,4.67
5192,5293,281,18.2
5876,5976,281,10.8
5089,5190,281,44.99
3283,3284,281,4.81
6156,6257,281,28.28
4992,5093,282,91.85
5977,6078,282,45.86
5939,6040,282,43.26
5851,5951,282,25.51
5460,5561,282,36.29
5735,5835,282,22.78
6043,6144,282,24.16
5591,5692,282,24.54
5760,5861,282,15.92
5874,5975,282,22
2675,2676,282,4.59
5846,5947,282,22.63
5569,5670,282,61.82
1956,1857,282,5.36
5649,5750,282,15.58
4321,4420,282,2.84
5383,5484,282,11.21
4393,4494,283,66.42
5660,5761,283,32.68
5660,5661,283,20.99
5836,5936,283,20.58
5460,5461,283,20.46
6042,6143,283,26.36
5783,5884,283,25.14
5487,5588,283,22.57
2061,2162,283,16.77
5749,5850,283,15.65
4991,5092,283,36.88
5094,5195,283,81.69
5684,5785,283,29.73
2268,2269,283,4.74
5468,5568,283,10.71
5733,5833,283,25.59
5733,5834,283,37.41
5290,5391,283,17.94
6155,6256,283,21.32
5586,5687,284,36.79
5983,6083,284,19.1
5489,5590,284,24.36
4192,4293,284,22.14
5488,5589,284,20.75
6082,6183,284,17.56
5960,6061,284,14.46
5026,5127,284,12.98
5732,5832,284,25.5
1749,1650,284,10.23
4290,4391,284,7.88
2371,2372,284,4.49
3080,3081,284,4.54
2574,2575,284,4.51
6054,6153,284,12.81
5784,5885,284,36.08
6084,6185,284,50.83
6257,6358,285,44.81
6079,6180,285,27.05
6045,6146,285,21.01
5587,5688,285,22.49
5883,5984,285,19.05
6080,6181,285,19.2
5959,6060,285,16.13
4924,5025,285,15.48
5976,6077,285,38.55
5671,5771,285,9.77
5860,5961,285,11.26
1749,1649,285,7.11
5229,5329,285,7.01
5230,5329,285,7.53
6154,6255,285,17.1
5847,5948,285,15.84
2979,2980,285,4.46
6158,6259,285,14.98
2776,2777,285,4.32
2877,2878,285,4.34
5953,6052,285,13.3
5670,5771,285,69.04
5569,5669,285,18
4793,4694,285,9.8
5390,5491,285,27.3
5292,5393,285,26.24
5936,6037,286,64.81
5951,6051,286,25.59
5937,6038,286,33.97
6257,6357,286,24.63
5293,5394,286,30.71
4895,4996,286,24.9
5362,5463,286,15.9
5361,5462,286,15.3
4994,5095,286,11.7
6154,6254,286,10.65
2033,1932,286,4.14
3921,3820,286,3.43
4293,4394,287,66.34
5661,5762,287,37.27
5484,5585,287,32.07
5190,5291,287,27.66
6081,6182,287,15.82
5946,6047,287,15.35
6042,6142,287,10.59
1650,1751,287,49.07
6041,6142,287,12.63
5848,5949,287,15.93
5191,5291,287,7.38
5466,5567,287,21.26
6078,6179,287,30.65
3790,3891,287,15.04
6183,6284,287,48.79
6145,6246,287,20.43
6037,6138,288,87.23
4391,4492,288,41.69
2372,2473,288,44.54
5661,5662,288,20.25
5588,5689,288,29.05
5975,6076,288,25.93
5958,6059,288,16.2
1940,1939,288,5.42
4494,4595,288,31.04
5785,5886,288,33.46
5873,5974,288,20.68
5093,5194,288,26.23
5832,5933,288,43.32
5590,5691,288,42.39
5393,5494,289,39.86
6060,6160,289,25.49
5589,5690,289,30.9
2162,2263,289,26.89
5936,6036,289,16.7
5692,5793,289,22.34
6039,6140,289,19.87
4092,4193,289,14.47
6046,6147,289,15.03
6058,6159,289,15
5465,5566,289,20.17
4995,5096,289,13.42
6144,6245,289,22.87
2330,2429,289,7.34
5771,5872,289,45.9
3486,3487,289,4.06
2059,1960,289,4.28
5670,5770,289,14.93
6259,6360,289,43.94
5092,5193,289,25.24
5832,5932,289,24.98
2032,2031,289,5.6
2132,2031,289,4.06
5194,5295,290,81.52
6357,6457,290,25.16
6357,6458,290,42.38
6060,6161,290,35.31
5687,5788,290,26.44
6040,6141,290,19.15
5786,5887,290,17.24
5849,5950,290,15.81
1842,1943,290,15.5
3589,3690,290,15.62
5851,5950,290,11.81
2526,2527,290,7.58
6077,6178,290,30.33
5532,5631,290,7.12
1940,1840,290,4.95
2131,2130,290,4.98
5632,5731,290,9.77
1934,1835,290,5.11
6259,6359,290,24.84
2626,2527,290,2.8
5530,5631,290,15.77
3823,3722,290,2.88
6258,6359,290,15.45
5193,5294,291,86.95
6140,6241,291,78.88
4492,4593,291,66.73
5394,5495,291,34.13
5464,5565,291,15.63
5834,5935,291,18.77
4292,4392,291,7.29
1650,1651,291,16.18
5465,5565,291,10.8
5026,5126,291,5.63
5770,5871,291,74.61
6259,6260,291,18.18
5833,5934,291,19.14
5494,5595,292,50.07
5585,5686,292,29.66
4193,4294,292,66.67
5984,6085,292,22.71
5688,5789,292,20.43
6083,6184,292,20.08
5761,5862,292,16.03
5975,6075,292,10.62
5947,6048,292,15.4
4894,4795,292,8.02
6180,6281,292,21.13
4996,5097,292,24.41
1749,1648,292,6.5
6255,6356,292,22.03
3182,3183,292,4.65
6144,6244,292,10.76
5689,5790,293,28.92
5691,5792,293,30.99
4595,4696,293,31.41
6142,6243,293,25.71
6146,6247,293,19.86
5461,5562,293,14.96
4394,4495,293,26.67
6076,6177,293,28.46
5732,5831,293,11.76
2330,2329,293,4.24
1934,1834,293,3.31
5330,5429,293,6.74
3125,3225,293,1.89
5292,5392,293,7.41
1651,1752,294,55.57
4392,4493,294,66.42
6359,6460,294,43.49
6047,6148,294,20.23
6038,6139,294,19.69
6457,6557,294,25.14
6457,6558,294,42.47
5127,5228,294,14.68
5951,6050,294,12.76
5567,5668,294,21.82
5690,5791,294,34.48
5887,5988,294,35.92
5948,6049,294,15.76
5871,5972,294,54.5
6153,6253,294,10.62
5495,5596,295,37.52
6178,6279,295,34.21
6359,6459,295,24.94
5933,6034,295,22.22
6138,6239,295,20.7
6246,6347,295,19.85
5463,5564,295,15.83
6254,6355,295,16.57
6260,6361,295,35.7
6358,6459,295,15.56
5391,5492,295,12.47
5884,5985,295,12.18
6179,6280,295,19.85
6255,6355,295,10.78
3588,3489,295,6.69
5669,5769,295,10.53
3891,3992,295,18.63
5886,5987,295,22.53
3991,3992,295,4.63
6085,6186,296,43.03
5686,5787,296,40.3
5595,5696,296,46.27
5862,5962,296,25.55
5862,5963,296,36.11
6147,6248,296,20.38
5096,5197,296,20.22
5662,5763,296,18.79
5462,5563,296,15.65
6254,6354,296,10.6
6260,6261,296,20.58
5932,6033,296,22.92
6185,6286,296,11.81
5861,5962,296,10.78
5430,5529,296,7.12
2061,2062,296,4.74
1933,1833,296,4.05
3588,3488,296,4.41
6245,6346,296,20.39
5872,5973,296,21.14
5530,5630,296,6.99
5885,5986,296,12.45
6239,6340,297,78.82
4495,4596,297,37.59
4493,4594,297,61.36
5862,5863,297,20.5
6036,6137,297,18.02
5392,5493,297,38.58
6142,6242,297,10.63
5762,5863,297,14.3
6051,6152,297,13.75
5935,6035,297,19.93
5491,5592,297,12.82
5566,5667,297,20.06
5567,5667,297,10.79
5770,5870,297,12.77
4494,4594,297,7.49
2625,2524,297,2.78
5987,6088,298,49.23
3489,3590,298,50.39
3690,3791,298,17.79
4294,4395,298,28.06
6140,6240,298,11.26
5793,5894,298,17.16
5961,6062,298,10.97
6061,6162,298,10.82
5294,5395,298,23.28
2230,2229,298,5.25
6076,6176,298,10.45
6459,6560,298,50.23
3790,3791,298,4.77
6183,6283,298,7.48
2060,1961,298,4.23
5832,5931,298,10.5
6184,6285,298,26.01
6284,6385,298,13.06
5988,6089,298,38.7
6360,6461,298,16.94
5696,5797,299,48.65
6033,6134,299,62.24
5492,5593,299,35.85
5972,6073,299,34.63
6244,6345,299,22.91
6281,6382,299,20.43
6048,6149,299,21.45
1651,1652,299,13.57
5565,5666,299,19.56
5974,6074,299,9.33
5566,5666,299,10.8
5932,6032,299,10.76
5985,6086,299,46.61
3821,3721,299,3.64
6181,6282,299,10.72
6245,6345,299,10.8
5986,6087,299,58.91
6240,6341,300,72.19
6340,6441,300,67.78
5493,5594,300,51.85
5596,5697,300,28.48
6247,6348,300,20.39
4795,4896,300,19.16
1835,1836,300,10.27
6458,6559,300,15.48
6178,6278,300,10.03
6357,6456,300,10.83
5097,5198,300,18.61
4092,4093,300,4.78
3723,3624,300,5.2
6459,6559,300,22.91
1939,1938,301,28.57
1649,1549,301,19.8
3723,3623,301,17.89
6049,6150,301,3.03
1940,1839,301,42.73
2131,2030,301,20.01
2267,2166,301,20.24
2032,1931,301,32.42
5863,5964,302,3.06
5565,5665,302,2.21
2130,2129,302,26.99
2230,2129,302,39.55
1649,1550,302,13.13
1748,1747,302,28.15
3821,3720,302,38.08
1933,1832,302,34.85
3723,3622,302,37.05
2525,2424,302,45.64
1848,1747,302,50.69
1847,1746,302,51.93
2629,2528,302,43.67
2366,2265,302,20.98
1652,1551,303,51.44
2329,2228,303,52.32
2130,2029,303,31.98
1840,1739,303,44.04
2527,2426,303,51.28
1960,1859,303,46.59
5662,5663,303,1.87
1939,1838,303,39.08
1932,1831,303,36.89
6457,6556,303,16.07
2229,2128,303,51.93
1649,1548,303,28.24
2526,2425,303,50.76
1748,1647,303,42.92
1959,1858,303,44.38
1855,1754,303,41.3
1854,1753,303,43.59
3722,3621,303,39.07
1856,1755,303,40.19
2267,2167,303,3.91
1946,1945,303,8.58
5931,5830,303,47.46
2046,1945,303,11.66
1836,1735,304,40.25
3721,3620,304,40.18
6340,6339,304,27.96
3489,3388,304,34.3
6239,6238,304,23.26
5769,5768,304,23.12
1834,1733,304,33.17
6244,6344,304,3.56
5631,5730,304,15.32
1835,1734,304,37.26
1840,1740,304,14.43
1833,1732,304,34.95
2031,1930,304,27.45
5025,5125,304,1.45
2980,2879,304,36.43
2370,2270,304,4.05
5931,5930,304,26.09
1839,1738,305,39.41
6148,6249,305,2.93
2329,2328,305,18.43
2365,2264,305,23.09
2266,2165,305,21.48
4723,4822,305,3.05
1931,1830,305,36.88
3183,3082,305,28.33
2426,2325,306,48.31
1755,1654,306,49.14
1832,1731,306,35.52
1938,1937,306,22.2
2030,1929,306,30.59
2128,2027,306,52.2
1961,1860,306,27.09
6033,6133,306,5.47
5769,5869,306,3.35
1747,1646,306,45.18
1549,1448,306,29.2
2129,2028,306,39.02
1831,1730,306,48.85
2575,2474,306,22.76
3385,3386,306,1.04
4622,4621,306,7.63
3725,3625,306,4.35
5830,5729,306,47.19
2038,1937,306,11.12
1859,1758,307,41.91
1647,1546,307,36.33
2425,2324,307,46.94
1754,1653,307,47.07
1739,1638,307,38.03
1836,1736,307,16.49
1858,1757,307,42.6
3488,3387,307,21.24
6253,6252,307,12.42
1549,1449,307,19.75
2372,2271,307,18.34
3284,3285,307,1.71
3622,3521,307,34.32
6557,6658,307,2.73
6286,6387,307,0.85
3621,3520,307,40.24
5830,5829,307,26.27
1735,1634,308,37.38
1930,1829,308,39.89
1740,1639,308,45.44
1838,1837,308,24.26
1551,1450,308,30.99
2166,2065,308,21.89
1938,1837,308,23.54
6073,6072,308,12.65
6354,6353,308,12.47
5972,5971,308,12.42
4595,4695,308,1.28
3622,3522,308,18.81
6152,6151,308,12.42
1830,1729,308,52.32
5730,5629,308,44.12
1946,1845,308,10.63
1731,1630,309,52.29
1654,1553,309,51.67
2325,2224,309,51.15
1730,1629,309,50.76
1738,1737,309,26.67
2328,2227,309,44.64
2879,2778,309,33.56
1732,1631,309,32.84
1733,1632,309,34.9
1838,1737,309,26.66
1647,1547,309,18.16
2128,2127,309,19.47
6456,6455,309,12.21
3082,2981,309,37.11
6162,6262,309,6.12
2029,1928,309,27.8
5025,5024,309,8.69
2265,2164,309,23.36
1648,1547,309,15.44
6176,6175,309,11.7
5729,5628,309,48.18
3426,3325,309,11.63
1757,1656,310,52.01
1653,1552,310,51.56
1860,1759,310,44.98
1738,1637,310,31.21
1735,1635,310,17.76
3388,3287,310,23.92
1733,1633,310,18.64
1929,1828,310,39.45
6385,6384,310,9.91
1734,1633,310,27.2
6340,6440,310,5.7
5696,5695,310,9.68
5197,5196,310,9.76
2027,1926,310,42.97
2027,2026,310,28.14
1840,1741,310,6.74
2269,2168,310,12.4
2167,2066,310,20.33
5729,5728,310,25.56
2045,1944,310,11.65
3426,3425,310,5.72
4020,3919,310,10.86
6284,6384,310,1.27
1548,1447,310,20.31
1829,1728,311,52.19
1546,1445,311,43.1
1546,1545,311,28.1
1646,1645,311,23.57
1729,1628,311,49.84
1758,1657,311,44.48
6382,6381,311,9.59
5797,5796,311,9.61
5894,5893,311,9.58
6062,6063,311,5.51
2264,2163,311,25.17
6557,6657,311,3.36
2474,2373,311,28.58
3920,3819,311,11.34
1629,1528,312,49.13
2224,2123,312,51.19
1639,1538,312,36.64
1638,1537,312,34.88
2165,2064,312,22.92
5768,5767,312,12.84
1740,1640,312,13.58
2426,2326,312,11.61
6556,6555,312,12.48
5930,5929,312,12.84
6162,6163,312,5.18
3820,3719,312,11.62
2028,1927,312,23.67
2524,2423,312,11.58
5329,5328,312,6.63
3626,3525,312,11.02
1846,1745,312,10.75
3125,3024,312,10.92
1926,1825,313,49.26
1547,1446,313,42.03
2227,2126,313,38.56
2981,2880,313,36.08
3285,3184,313,25.87
1736,1636,313,17.02
6344,6343,313,11.69
6340,6439,313,10.1
2026,1925,313,52.32
6033,6132,313,9.76
6460,6561,313,2
3225,3124,313,11.64
3624,3523,313,11.54
1656,1555,313,47.64
1928,1827,313,39.89
2524,2523,313,7.76
5529,5428,313,11.28
2624,2523,313,10.57
1448,1347,313,21.85
3025,2924,313,10.06
4120,4019,313,9.28
1828,1727,313,47.33
1553,1452,314,28.87
1632,1531,314,30.53
1639,1539,314,18.05
1757,1756,314,16.33
5869,5868,314,12.77
2424,2323,314,12.46
1759,1658,314,42.08
1634,1534,314,19.32
1635,1534,314,39.75
6347,6447,314,3.36
6347,6448,314,2.73
5228,5227,314,7.07
1728,1627,314,52.31
4722,4721,314,6.61
2824,2723,314,9.68
2724,2623,314,9.78
5931,6031,314,4.42
2326,2225,315,52.28
1545,1544,315,25.65
1628,1527,315,44.02
1657,1556,315,40.91
1637,1536,315,30.55
1633,1532,315,35.07
1552,1451,315,28.93
2164,2063,315,23.63
1632,1532,315,19.62
2065,1964,315,23.09
5829,5828,315,12.79
2270,2169,315,13.61
3720,3619,315,11.65
5863,5864,315,3.25
1634,1533,315,23.14
6162,6263,315,4.89
4220,4119,315,8.37
1538,1437,316,36.09
1555,1454,316,47.52
1545,1444,316,29.1
2224,2223,316,14.67
6072,6071,316,12.84
2328,2327,316,9.84
1945,1844,316,11.65
2026,2025,316,18.43
1635,1535,316,16.73
1727,1626,316,48.92
5931,6030,316,8.11
4320,4219,316,8.22
1452,1351,317,49.62
1756,1655,317,52.18
2880,2779,317,35.63
1528,1427,317,31.49
1537,1436,317,33.91
6381,6380,317,19.29
2066,1965,317,22.06
3287,3186,317,20.3
6175,6174,317,12.63
3387,3286,317,14.58
2271,2170,317,14.88
3620,3519,317,11.05
1627,1526,317,51.43
1925,1824,317,45.42
3225,3224,317,5.88
2527,2427,317,5.3
5692,5693,317,0.98
4420,4319,317,8.29
1827,1726,317,40.09
1827,1826,317,28.56
1451,1350,318,48.21
2225,2124,318,48.32
5828,5727,318,50
1658,1557,318,36.94
1538,1438,318,18.25
2373,2272,318,22.02
6387,6386,318,9.93
1449,1348,318,13.97
1654,1554,318,8.51
5227,5226,318,28.56
2168,2067,318,20.06
2676,2677,318,1.18
2529,2428,318,8.16
6346,6446,318,3.23
2327,2226,319,48.31
1527,1426,319,43.33
1533,1432,319,35.84
2064,1963,319,22.66
1631,1530,319,14.35
6455,6454,319,10.79
1630,1529,319,14.35
2025,1924,319,51.01
4822,4821,319,7.28
3625,3524,319,11.72
4621,4520,319,11.31
1351,1250,320,51.49
1536,1435,320,29.08
5828,5827,320,23.8
1534,1434,320,19.8
1534,1433,320,27.12
1539,1439,320,19.17
1640,1540,320,13.26
5929,5928,320,12.84
1545,1644,320,16.19
5728,5627,320,14.68
6252,6251,320,7.93
1535,1434,320,37.02
6239,6338,320,6.36
6657,6656,320,12.05
1526,1425,320,51.62
1445,1344,320,17.08
5628,5527,320,13.84
3521,3420,320,11.28
1444,1443,320,27.6
1626,1525,320,38.84
1626,1625,320,28.57
1554,1453,321,50.71
2124,2023,321,50.88
1427,1326,321,35.67
1826,1725,321,35.74
1437,1336,321,34.72
1454,1353,321,31.03
1964,1863,321,23.72
1825,1724,321,18.67
5695,5694,321,9.8
6555,6554,321,11.19
3522,3421,321,11.6
6353,6352,321,8.08
1845,1744,321,11.51
1449,1349,321,7.51
1446,1345,321,17.94
1556,1455,321,26.71
6559,6659,321,4.97
6248,6349,321,2.83
2676,2576,321,3.99
1444,1343,321,33.65
1824,1723,321,40.06
3520,3419,321,10.54
6384,6383,321,9.95
6380,6379,322,22.27
1436,1335,322,33.17
1437,1337,322,18.7
2063,1962,322,23.09
1531,1430,322,19.22
5796,5795,322,9.7
5893,5892,322,9.54
3919,3918,322,8.47
1426,1325,322,49.03
1350,1249,322,36.78
2575,2475,322,3.86
5629,5528,322,10.27
2226,2125,323,43.17
3186,3085,323,28.16
3286,3185,323,28.2
3184,3083,323,14.23
1944,1843,323,11.33
3425,3324,323,11.6
2025,2024,323,14.41
1924,1823,323,44.83
5527,5426,323,51.73
4294,4194,323,3.99
1447,1346,323,11.52
1353,1252,324,49.59
1344,1243,324,39.55
1625,1524,324,37.05
1625,1624,324,28.4
5827,5726,324,45.19
5827,5826,324,27.37
5928,5927,324,26.87
1438,1338,324,19.02
1348,1247,324,24.23
1557,1456,324,27.96
2779,2678,324,22.56
1965,1864,324,23.34
6071,5970,324,17.89
3819,3718,324,11.61
1525,1524,324,25.06
3919,3818,324,10.83
5024,4923,324,9.49
1425,1324,324,43.68
1425,1424,324,27.94
6346,6445,324,5.36
1723,1622,325,44.23
1343,1342,325,27.14
1326,1225,325,43.73
1963,1862,325,25.38
6174,6173,325,12.77
2223,2122,325,16.13
6071,6070,325,12.36
2323,2222,325,13.17
3525,3424,325,11.61
3719,3618,325,11.32
2169,2068,325,15.33
3425,3424,325,6.98
5527,5526,325,21.04
5863,5764,325,4.78
4596,4496,325,3.94
1435,1334,325,30.53
1325,1224,325,52.18
2067,1966,325,20.98
5097,4997,325,3.73
2423,2322,325,11.52
2423,2422,325,7.75
3024,2923,325,10.98
5988,5888,325,3.77
6379,6378,326,25.7
1343,1242,326,32.35
1863,1762,326,30.3
2024,1923,326,49.94
1453,1352,326,31.14
1336,1235,326,28.73
1250,1150,326,19.71
1250,1149,326,25.68
1344,1244,326,16.82
1530,1429,326,22.24
1455,1354,326,32.85
5428,5327,326,11.09
1439,1339,326,19.42
5528,5427,326,45.91
6262,6362,326,5.94
3124,3023,326,11.44
5227,5326,326,11.86
4093,3993,326,3.89
1961,1861,326,3.77
5894,5794,326,3.84
3590,3490,326,3.85
6354,6453,326,4.78
5596,5496,326,3.65
5565,5664,326,4.04
1444,1543,326,14.63
6345,6444,326,5.28
3992,3892,326,3.71
1252,1151,327,51.98
1430,1329,327,29.19
1336,1236,327,19.78
1434,1333,327,21.86
2272,2171,327,17.27
1539,1440,327,11.21
1524,1423,327,47.54
1740,1641,327,6.2
4721,4620,327,11.17
3791,3691,327,3.74
4395,4295,327,3.75
3489,3389,327,3.57
5198,5098,327,3.8
3083,2982,327,36.37
1347,1246,327,10.79
2924,2823,327,10.19
4896,4796,327,3.72
6089,5989,327,3.73
1225,1124,328,48.44
1456,1355,328,35.45
5927,5926,328,26.26
1243,1142,328,40.42
5726,5625,328,35.76
5726,5725,328,28.17
5826,5825,328,27.84
1724,1623,328,22.78
1529,1428,328,16.64
5727,5626,328,14.34
1424,1323,328,40.43
3523,3423,328,7.11
1524,1523,328,26.03
1224,1123,328,49.84
1335,1234,328,28.2
1324,1323,328,26.67
1249,1148,328,23.92
6037,6136,328,4.09
1352,1251,329,49.13
1354,1253,329,49.59
6378,6277,329,48.3
6251,6250,329,12.1
1250,1251,329,11.46
6656,6655,329,11.69
6554,6553,329,12.53
1844,1743,329,11.57
3619,3518,329,10.58
2723,2622,329,9.71
2475,2374,329,22.78
2623,2522,329,9.81
1338,1237,329,29.78
1324,1223,329,31.21
1349,1248,329,19.87
1861,1760,330,46.66
6378,6377,330,25.46
1862,1761,330,29.45
2678,2577,330,25.8
1864,1763,330,28.11
5326,5225,330,46.81
5326,5325,330,26.51
3523,3422,330,8.63
3224,3123,330,11.54
2123,2022,330,8.23
2170,2069,330,11.61
6238,6237,330,3.91
5697,5597,330,3.4
1338,1238,330,19.7
4119,4018,330,9.95
1523,1422,331,48.65
1333,1332,331,25.97
1334,1233,331,27.18
1323,1222,331,52.14
1243,1143,331,16.4
3185,3084,331,19.35
1343,1442,331,15.12
1355,1254,331,48.22
4219,4118,331,9.57
2982,2881,331,37.4
3388,3288,331,3.83
6344,6443,331,5.43
1150,1049,331,30.59
1149,1048,331,28.48
5295,5396,331,1.06
1253,1152,332,52.01
1142,1141,332,27.68
5926,5925,332,28.31
5626,5525,332,47.1
5625,5524,332,38.91
5625,5624,332,28.57
5725,5724,332,27.11
5825,5724,332,35.83
5825,5824,332,28.19
1333,1232,332,29.71
1762,1661,332,26.09
1723,1722,332,9.65
3519,3418,332,9.96
2068,1967,332,20.33
1532,1431,332,8.67
6263,6363,332,5.91
1123,1022,332,44.53
1123,1122,332,27.64
1823,1722,332,16.56
1150,1050,332,19.61
1235,1135,332,19.71
1235,1134,332,25.6
1339,1239,332,19.42
1966,1865,332,22.66
5870,5969,332,4.17
5970,5969,332,12.78
1428,1327,333,31.18
1142,1041,333,33.91
1148,1047,333,29.15
1236,1136,333,19.77
5927,6026,333,15.82
5892,5891,333,9.93
4319,4218,333,9.05
1439,1340,333,11.69
1760,1659,333,47.37
6070,6069,333,12.53
1761,1660,333,49.65
5225,5124,334,46.72
5225,5224,334,26.57
5325,5224,334,44.35
5325,5324,334,27.71
2374,2273,334,28.66
1142,1042,334,18.93
1234,1133,334,24.07
6173,6172,334,11.8
1323,1322,334,16.75
5927,6027,334,10.68
6352,6351,334,7.95
4821,4820,334,6.8
6343,6342,334,4.77
3421,3320,334,11.28
6439,6438,334,4.92
1744,1643,334,11.66
6063,6064,334,4.51
3420,3319,334,10.32
5666,5765,334,4.07
5667,5766,334,3.8
1050,949,335,47.69
1152,1051,335,51.99
1763,1662,335,29.68
6453,6452,335,12.47
5526,5425,335,14.29
1622,1521,335,15.53
4520,4419,335,9
6263,6164,335,7.16
1823,1822,335,8.77
1248,1147,335,27.16
1237,1137,335,19.8
5824,5823,336,25.84
5524,5423,336,43.92
5524,5523,336,27.86
5624,5623,336,26.95
5925,5924,336,28.35
5525,5424,336,44.59
1254,1153,336,32.51
2881,2780,336,35.17
2577,2476,336,27.42
1049,948,336,31.9
1843,1742,336,11.27
3324,3223,336,11.65
1346,1245,336,11.22
3419,3318,336,9.75
4821,4720,336,8.64
1122,1121,336,27.64
6263,6264,336,5
1640,1541,336,6.01
1123,1023,336,14.14
3287,3187,336,3.91
6387,6287,336,3.56
6659,6758,336,9.43
1048,947,336,28.95
1238,1138,336,19.79
5224,5123,337,50.82
5324,5223,337,49.11
6026,6025,337,28.57
5824,5723,337,29.46
1135,1034,337,29.75
5724,5723,337,22.31
1141,1140,337,24.74
1233,1132,337,24.79
1523,1522,337,12.11
1623,1522,337,17.34
1622,1621,337,8.6
3918,3817,337,9.65
1432,1331,337,7.96
1122,1021,337,33.78
6555,6654,337,5.72
5124,5023,337,51.7
6559,6660,337,3.93
1247,1146,337,11.27
3084,2983,337,24.71
5789,5889,337,1.33
5788,5889,337,1.06
1042,941,338,36.28
1659,1558,338,30.07
1134,1033,338,27.45
1135,1035,338,19.7
1865,1764,338,25.15
1141,1040,338,27.45
2069,1968,338,18.24
1143,1043,338,15.68
6553,6552,338,12.4
1142,1241,338,14.53
2171,2070,338,13.44
3424,3323,338,11.14
1342,1241,338,11.05
1342,1341,338,8.28
1136,1035,338,31.44
2023,1922,338,8.38
6277,6276,338,12.05
2923,2822,338,11.45
5424,5323,339,47.5
3318,3217,339,50.4
1121,1020,339,49.68
5623,5522,339,49.09
5324,5323,339,24.75
1431,1330,339,20.25
1661,1560,339,22.9
3023,2922,339,11.32
2422,2321,339,10.61
1136,1036,339,19.48
5869,5968,339,4.31
5423,5322,339,50.7
1967,1866,339,21.15
5930,6029,339,4.07
6657,6756,339,5.17
1339,1240,339,11.69
3085,2984,339,9.42
1660,1559,339,24.96
3817,3716,340,51.1
6758,6757,340,27.9
949,848,340,33.89
1042,942,340,18.18
1133,1032,340,27.12
2780,2679,340,36.63
5823,5822,340,26.61
2322,2221,340,10.07
3818,3717,340,9.07
5924,5923,340,26.09
3718,3617,340,8.97
5927,6028,340,8.96
1132,1131,341,26.27
2983,2882,341,38.23
1153,1052,341,29.7
3318,3317,341,23.31
5723,5622,341,42.4
5723,5722,341,28.27
1121,1120,341,24.16
5623,5622,341,24.76
2273,2172,341,22.67
1050,950,341,12.07
3418,3317,341,16.94
5823,5722,341,31.07
1140,1139,341,27.56
2222,2121,341,9.02
948,847,341,29.57
6379,6478,341,7.81
3187,3086,341,30.23
1246,1145,341,10.87
6025,6024,341,28.3
3618,3517,341,9.26
6448,6547,341,5.41
2823,2722,341,10.82
5768,5867,341,3.86
5423,5422,341,22.9
4620,4519,341,10.22
6659,6759,341,5.26
1238,1139,341,13.67
1137,1037,341,19.6
6447,6546,341,5.39
1560,1459,342,49.48
3217,3116,342,49.52
1132,1031,342,30.33
1662,1561,342,23.45
6438,6337,342,19.24
6438,6437,342,12.58
1047,1046,342,11.64
1033,932,342,35.74
3423,3322,342,10.57
1329,1328,342,7.02
1429,1328,342,9.37
1140,1039,342,33.52
1040,1039,342,27.48
2122,2021,342,8.66
1243,1144,342,8.17
1023,922,342,24.52
1034,933,342,33.73
6380,6479,342,5.89
1122,1221,342,14.58
1743,1642,342,11.65
1540,1441,342,6.45
6381,6480,342,4.69
6338,6337,342,4.6
5195,5296,342,1.1
6377,6376,342,8.85
5790,5890,342,1.26
3717,3616,343,52.16
2984,2883,343,36.02
5322,5321,343,26.69
1559,1458,343,46.26
1764,1663,343,31.15
6172,6171,343,11.48
1047,946,343,15.12
3123,3022,343,11.31
3422,3321,343,11.44
2022,1921,343,10.95
1329,1228,343,9.2
1040,939,343,33.28
5822,5721,343,51.27
1034,934,343,18.98
3319,3218,343,16.72
1035,934,343,32.53
1052,951,344,52.24
1032,931,344,37.28
3217,3216,344,24.34
5322,5221,344,31.26
1558,1457,344,27.81
6276,6275,344,16.83
3817,3816,344,14.54
3317,3216,344,49.42
6452,6451,344,12.17
6027,6126,344,15.16
1327,1226,344,14.14
1041,940,344,14.02
3418,3417,344,8.83
1543,1542,344,5.7
3518,3417,344,9.49
1040,940,344,19.09
942,841,344,40.84
2622,2521,344,9.81
1035,935,344,19.27
2522,2421,344,10.06
947,846,344,18.65
5422,5421,345,25.97
848,747,345,31.02
5322,5222,345,19.51
6027,6127,345,9.89
6026,6125,345,12.04
4118,4017,345,10.11
4018,3917,345,10.09
2882,2781,345,35.64
6654,6653,345,12.57
1043,943,345,15.17
6378,6477,345,7.65
5924,6023,345,15.93
5822,5821,345,21.99
1968,1867,345,20.59
6071,6170,345,4.9
6448,6548,345,3.28
1031,930,345,47.67
6446,6545,345,5.33
1328,1227,346,43.99
1331,1230,346,15.95
1132,1231,346,15.82
3317,3316,346,24.44
6758,6857,346,14.23
1232,1231,346,7.43
5823,5922,346,15.57
6263,6364,346,4.71
1031,1030,346,25.94
1866,1765,346,23.2
3086,2985,346,28.96
3085,2985,346,4.38
3816,3715,347,52.24
5321,5320,347,27.17
2883,2782,347,37.7
950,849,347,23.7
3216,3115,347,48.92
5968,5967,347,12.59
932,831,347,33.5
4820,4719,347,10.9
1456,1356,347,4.42
939,938,347,26.57
942,842,347,16.19
6351,6350,347,7.81
6656,6755,347,5.43
2476,2375,347,13.86
1137,1038,347,12.17
1226,1125,348,38.35
5221,5220,348,27.24
934,833,348,32.16
5321,5220,348,32.43
1459,1358,348,23.72
3617,3516,348,18.36
6758,6858,348,8.93
932,832,348,19.04
939,838,348,30.99
941,840,348,14.43
6025,6124,348,13.49
3320,3219,348,10.18
5721,5620,348,34.26
847,746,348,21.43
4218,4117,348,9.72
5421,5420,349,27.76
935,834,349,32.81
5221,5120,349,32.63
940,839,349,32.64
1663,1562,349,25.15
934,834,349,19.34
1458,1357,349,25.29
5867,5866,349,12.8
3216,3215,349,24.92
3716,3615,349,17.5
3217,3117,349,10.68
1561,1460,349,22.63
3316,3215,349,48.34
4194,4094,349,3.9
939,839,349,19.55
3223,3122,349,11.63
1022,921,349,8.49
931,830,349,32.25
5821,5720,349,36.76
951,850,349,29.04
842,741,350,49.64
5222,5121,350,33.73
935,835,350,19.21
3816,3815,350,19.25
5221,5121,350,19.24
5422,5521,350,16.01
2172,2071,350,15.88
5922,5921,350,27.1
2070,1969,350,11.95
1822,1721,350,9.69
2781,2680,350,34.36
3316,3315,350,25.43
1143,1044,350,7.61
1329,1229,350,4.4
6349,6449,350,3.57
6448,6449,350,2.81
1030,929,350,42.08
1123,1024,350,6.55
6024,6123,350,16.69
3115,3014,350,51.1
951,851,350,19.76
3516,3415,351,48.03
1356,1255,351,45.64
3715,3614,351,46.3
3715,3714,351,26.82
1230,1129,351,30.12
5222,5122,351,18.98
846,745,351,22.16
2822,2721,351,11.61
3323,3222,351,11.55
5023,4922,351,10.15
1146,1045,351,10.58
1621,1620,351,7.18
4419,4318,351,8.97
2678,2578,351,3.79
4496,4396,351,3.87
4720,4619,351,9.92
6175,6274,351,3.37
1035,936,351,11.38
6445,6544,351,5.25
4822,4921,351,3.14
1765,1664,351,29.21
938,937,351,26
3116,3015,351,16.36
838,837,352,26.37
3516,3515,352,25.67
849,748,352,31.73
5320,5319,352,24.96
4017,3916,352,23.32
846,845,352,12.82
1228,1127,352,17.23
3616,3515,352,16.12
2922,2821,352,11.53
2782,2681,352,33.09
5123,5022,352,9.47
1621,1520,352,9.64
6027,6128,352,8.21
6443,6442,352,4.9
5620,5519,352,42.99
6552,6551,352,7.68
3993,3893,352,3.91
4997,4897,352,3.73
1867,1766,352,21.97
6381,6481,352,2.45
938,837,352,29.78
3215,3114,352,50.82
3115,3114,352,22.28
1357,1256,353,45.67
3615,3514,353,45.9
838,737,353,30.55
5320,5219,353,27.83
6170,6169,353,12.84
6376,6375,353,9.36
2321,2220,353,10.31
1254,1154,353,4.75
840,739,353,30.6
1922,1821,353,9.74
1221,1220,353,9.55
3892,3792,353,3.73
841,740,353,16.34
3315,3214,353,49.37
4696,4797,353,0.98
5121,5020,354,36.11
5720,5619,354,30.48
850,749,354,30.4
832,732,354,19.59
832,731,354,24.66
838,738,354,19.61
1358,1257,354,26.91
2375,2274,354,22.67
2985,2884,354,17.83
6653,6652,354,12.28
943,843,354,12.09
2221,2120,354,10.33
2722,2621,354,10.97
1120,1019,354,11.49
1120,1119,354,7.74
5098,4998,354,3.79
747,646,354,17.38
3490,3390,354,3.61
839,738,354,29.66
5821,5820,354,11.64
3114,3013,355,52.28
2680,2579,355,34.74
835,734,355,28.68
930,829,355,14.42
5421,5520,355,14.43
6125,6224,355,14.69
4519,4418,355,10.48
2121,2020,355,10.16
5519,5418,355,49.83
3322,3221,355,11.51
3714,3613,355,44.26
3714,3713,355,27.74
4295,4195,355,3.67
3389,3289,355,3.62
1021,920,355,8.26
3691,3591,355,3.62
3315,3314,355,24.5
3614,3513,355,43.17
3614,3613,355,28.08
6659,6760,355,4.17
951,952,355,9.93
3214,3113,356,52.16
837,836,356,26
5022,5021,356,28.57
5122,5021,356,35.12
5121,5021,356,18.24
929,828,356,27.36
835,735,356,19.78
1460,1359,356,22.69
6755,6754,356,12.27
5320,5419,356,16.53
1227,1126,356,14.16
4017,4016,356,9.56
1256,1155,356,48.1
6125,6225,356,9.39
3022,2921,356,11.15
1046,945,356,10.19
1131,1130,356,6.8
3517,3416,356,9.56
1020,919,356,8.77
1153,1053,356,5.1
6758,6859,356,7.33
3321,3220,356,11.27
1562,1461,356,21.88
1024,923,356,27.03
5894,5993,356,2.44
951,852,356,12.81
843,742,357,52.02
837,736,357,29.78
748,647,357,28.29
2681,2580,357,33.1
2578,2477,357,28.12
741,640,357,22
851,750,357,20.24
842,742,357,10.57
6857,6856,357,9.97
1522,1421,357,7.21
740,639,357,35.82
6451,6450,357,7.76
2577,2477,357,3.76
3288,3188,357,3.89
2021,1920,357,9.86
6174,6273,357,3.6
6132,6131,357,2.32
6337,6236,357,9.72
1664,1563,357,27.83
1921,1820,357,10.16
746,645,357,17.12
2884,2783,358,38.67
845,744,358,25.26
745,644,358,23.2
1969,1868,358,19.12
1229,1128,358,19.37
5720,5719,358,12.44
832,733,358,14.53
6437,6336,358,9.38
5921,5920,358,12.51
6023,6022,358,7.81
1521,1420,358,6.33
1043,944,358,7.24
1766,1665,358,25.67
3117,3016,358,16.7
5722,5621,358,8.36
1257,1156,358,35.73
2521,2420,358,10.37
1030,1029,358,8.81
3314,3213,358,51.45
6088,6187,358,2.38
5197,5297,358,1.25
5820,5719,358,39.92
3613,3512,359,41.74
3613,3612,359,28.39
3113,3012,359,51.91
2274,2173,359,28.49
737,637,359,19.8
737,636,359,27.12
739,638,359,27.18
6477,6476,359,7.51
2421,2320,359,9.97
3513,3412,359,41.36
3513,3512,359,28.45
4016,3915,359,51.21
5619,5518,359,34.03
5597,5497,359,3.57
6089,6188,359,2.34
742,641,360,52.21
640,539,360,47.32
749,648,360,25.9
845,844,360,12.82
6544,6543,360,12.08
3015,2914,360,16.94
831,730,360,10.98
6126,6226,360,6.5
3314,3313,360,21.64
6476,6475,361,143.41
829,728,361,6.14
3113,3112,361,89.29
6375,6374,361,44.17
929,928,361,47.39
5922,6021,361,19.09
4820,4819,361,20.68
6123,6122,361,19.7
6136,6135,361,50.1
4016,4015,361,90.01
3213,3212,361,74.33
4821,4920,361,5.39
5518,5517,361,125.68
2476,2376,361,2.11
5619,5618,361,208.12
1155,1054,361,7.9
5820,5819,361,68.12
3512,3511,362,42.79
3412,3411,362,50.27
6236,6235,362,50.29
6273,6272,362,36.54
735,635,362,13.28
735,634,362,23.63
3713,3712,362,20.41
6224,6223,362,27.13
5618,5617,362,176.62
3415,3414,362,13.1
639,538,362,23.66
3715,3814,362,17.78
6437,6436,362,15.05
4519,4518,362,19.64
3513,3413,362,10.72
539,538,362,53.35
5993,5992,362,43.94
6128,6227,362,18.47
6336,6335,362,57.89
1322,1321,362,50.42
1029,1028,362,50.45
2914,2913,362,68.68
6069,6068,362,32.39
828,827,362,58.77
4218,4217,362,18.79
6385,6484,362,5.22
5920,5919,362,70.96
3313,3312,362,65.15
1220,1219,362,22.49
6475,6474,363,88.61
6374,6373,363,72.13
5517,5516,363,90.93
744,743,363,33.42
6131,6130,363,34.2
6754,6753,363,17.82
1520,1519,363,13.66
2071,1970,363,6.12
5719,5718,363,39.64
919,918,363,46.72
4117,4116,363,30.22
5220,5119,363,3.14
5967,5966,363,19.46
3022,3021,363,14.52
1019,1018,363,37.77
6756,6855,363,8.72
6438,6537,363,8.17
4719,4718,363,25.98
3714,3813,363,18.41
3112,3111,363,76.18
6363,6462,363,8.79
2521,2520,363,19.19
728,727,363,50.45
3411,3410,364,54.14
6272,6271,364,54.18
6235,6234,364,55.97
6223,6222,364,50.17
5919,5918,364,78.5
5819,5818,364,49.08
644,643,364,22.9
733,632,364,23.65
4418,4417,364,25.04
2913,2912,364,63.91
5219,5218,364,16.88
5319,5318,364,19.15
1620,1619,364,18.48
4318,4317,364,22.86
1721,1720,364,24.23
5866,5865,364,19.22
3122,3121,364,13.33
4619,4618,364,24.69
5418,5417,364,28.86
3012,3011,364,25.15
6335,6334,364,50.25
5992,5991,364,65.55
6441,6540,364,3.33
928,927,364,42.31
5797,5896,364,5.05
4696,4697,364,1.03
3111,3110,365,65.45
3813,3812,365,54.51
6474,6473,365,62.1
3712,3711,365,48.91
3511,3510,365,44.97
6484,6483,365,41.29
3212,3211,365,27.36
6122,6121,365,26.34
638,537,365,23.62
3412,3311,365,20.6
637,536,365,23.58
733,633,365,13.11
2020,2019,365,17.09
1119,1118,365,17.93
1820,1819,365,19.83
6169,6168,365,9.97
5617,5616,365,42.64
6551,6550,365,8.8
3612,3611,365,19.03
2721,2720,365,12.59
2621,2620,365,15.97
6028,6129,365,5.23
2220,2219,365,16.84
6128,6228,365,7.59
3915,3914,365,21.67
6546,6645,365,8.94
2120,2119,365,16.32
6387,6486,365,5.25
5894,5994,365,2
4116,4115,365,90.01
6547,6646,365,8.94
6486,6485,366,196.16
6483,6482,366,135.55
6222,6221,366,51.61
6334,6333,366,50.21
3410,3409,366,52.02
6271,6270,366,53.71
1018,1017,366,43.21
6068,6067,366,26.48
1321,1320,366,33.1
6021,6020,366,21.73
4920,4919,366,20.19
2320,2319,366,17.46
2420,2419,366,15.75
1920,1919,366,17.55
5020,5019,366,10.61
4819,4818,366,21.64
830,729,366,5.97
5718,5717,366,47.93
5991,5990,366,71.74
5896,5895,366,72.84
5968,6067,366,8.41
646,545,366,8.53
6448,6549,366,3.53
4217,4216,366,30.16
3812,3811,367,63.06
6473,6472,367,63.07
6121,6120,367,51.84
3211,3210,367,69.26
3311,3310,367,59.56
4417,4416,367,38.32
6234,6233,367,35.69
632,631,367,39.71
4718,4717,367,25.51
6436,6435,367,22.26
4015,4014,367,17.63
2921,2920,367,12.65
1359,1258,367,6.17
6652,6651,367,9.03
6537,6536,367,25.99
4317,4316,367,33.41
2821,2820,367,8.72
6226,6325,367,21.06
6857,6956,367,8.72
918,917,367,30.1
5918,5917,367,39.75
3187,3087,367,1.79
3011,3010,367,33.97
3010,3009,368,145.77
3409,3408,368,73.76
6221,6220,368,50.67
3510,3509,368,46.04
643,642,368,30.16
5966,5965,368,20.15
6373,6372,368,23.83
5818,5817,368,27.25
5516,5515,368,23.05
647,546,368,9.27
3611,3610,368,41.9
6857,6957,368,5.25
6545,6644,368,8.94
6653,6752,368,8.93
539,438,368,19.56
6548,6647,368,8.89
5417,5416,368,29.75
6020,6019,368,65.51
1219,1218,368,18.57
6760,6860,368,9.85
6089,6189,368,1.85
3408,3407,369,148.15
3210,3209,369,88.04
3310,3309,369,60.65
6472,6471,369,67.65
6120,6119,369,72.28
6270,6269,369,48.5
536,535,369,28.6
1118,1117,369,32.22
1619,1618,369,20.54
5318,5317,369,24.38
4618,4617,369,20.53
6855,6854,369,16.88
1519,1518,369,17.34
727,726,369,18.65
1720,1719,369,21.2
1156,1055,369,7.79
2580,2479,369,6.17
6333,6332,369,45.12
1461,1360,369,6.15
2912,2911,369,21.95
538,437,369,23.37
6755,6854,369,8.89
5717,5716,369,33.47
5616,5615,369,30.1
6363,6463,369,3.92
750,649,369,8.09
3407,3406,370,166.71
3009,3008,370,93.66
4416,4415,370,39.68
6325,6324,370,35.32
1017,1016,370,28.76
6168,6167,370,21.87
3110,3109,370,22.81
5218,5217,370,19.45
6543,6542,370,10.93
640,540,370,6.4
645,544,370,9.57
4518,4517,370,14.11
4316,4315,370,34.45
6438,6538,370,3.18
2914,2813,370,14.66
6019,6018,370,83.56
6435,6434,370,34.13
3109,3108,371,103.47
6269,6268,371,73.9
3309,3308,371,91.52
6220,6219,371,33.71
6233,6232,371,26.91
4717,4716,371,28.28
5917,5916,371,25.37
3811,3810,371,29.11
4919,4918,371,20.65
1320,1319,371,23.69
4216,4215,371,24.18
3914,3913,371,19.42
3711,3710,371,19.97
633,532,371,23.66
632,531,371,23.33
3021,3020,371,13.21
644,543,371,9.44
1420,1419,371,8.3
3610,3609,371,43.52
6536,6535,371,29.81
631,630,371,33.06
2913,2812,371,16.05
3406,3405,371,105.55
6544,6643,371,8.92
6226,6326,371,9.87
1028,1027,371,11.6
2520,2519,371,13.43
5817,5816,371,44.71
6119,6118,371,74.02
4818,4817,371,22.95
4115,4114,371,18.64
5197,5298,371,1.15
6332,6331,371,54.69
3308,3307,372,161.29
6324,6323,372,70.41
5615,5614,372,39.87
6372,6371,372,33.32
4014,4013,372,24.31
536,436,372,14.95
536,435,372,22.81
2019,2018,372,15.58
1819,1818,372,16.23
2119,2118,372,15.42
537,436,372,23.48
3813,3912,372,17.12
3121,3120,372,13.17
6067,6066,372,19.1
851,751,372,3
6858,6958,372,5.33
3509,3508,372,29.78
2172,2072,372,2.08
3217,3118,372,4.02
2783,2682,372,6.03
6548,6648,372,4.87
5515,5514,372,26.72
1563,1462,372,6.17
5716,5715,372,38.67
6018,6017,372,52.16
6331,6330,372,190.87
3307,3306,373,156.92
3108,3107,373,84.05
5816,5815,373,78.42
6471,6470,373,27.13
1117,1116,373,32.18
3209,3208,373,32.78
2479,2478,373,32.08
917,916,373,19.3
3405,3404,373,79.28
1919,1918,373,15.34
633,533,373,12.6
6474,6573,373,14.64
2812,2811,373,50.56
3508,3507,373,139.78
631,530,373,23.58
2911,2910,373,31.9
6434,6433,373,43.76
6219,6218,373,71.04
2219,2218,373,14.24
3208,3207,374,151.27
5514,5513,374,73.07
5614,5613,374,64.41
6371,6370,374,82.7
543,542,374,43.34
5916,5915,374,36.86
6643,6642,374,42.12
6118,6117,374,49.78
6232,6231,374,33.88
3810,3809,374,37.15
3008,3007,374,27.42
4617,4616,374,24.26
2910,2909,374,173.82
5715,5714,374,57.41
6956,6955,374,14.34
3507,3506,374,166.89
4517,4516,374,28.37
6754,6853,374,8.89
6535,6534,374,37.73
539,439,374,7.4
1665,1564,374,6.18
6440,6539,374,3.02
6760,6761,374,5.74
3007,3006,375,104.33
3207,3206,375,108.58
5815,5814,375,56.36
3306,3305,375,92.82
3107,3106,375,65.25
6573,6572,375,72.18
6323,6322,375,48.23
2909,2908,375,140.75
1719,1718,375,19.19
3506,3505,375,109.18
5416,5415,375,15.88
1218,1217,375,16.63
2319,2318,375,11.79
3812,3911,375,14.35
6473,6572,375,14.35
1618,1617,375,17.55
3609,3608,375,28.78
5119,5118,375,8.83
4415,4414,375,23.79
1319,1318,375,25.45
3610,3709,375,20.74
6167,6166,375,22.02
438,337,375,22.89
2620,2619,375,11
4315,4314,375,20.99
6433,6432,375,63.86
927,926,375,9.76
4817,4816,375,25.62
1518,1517,375,18.68
6860,6959,375,20.37
3809,3808,376,50.09
542,541,376,65.82
6370,6369,376,93.54
6218,6217,376,44.35
4918,4917,376,21.18
4114,4113,376,24.32
4716,4715,376,21.26
3608,3607,376,131.5
6752,6751,376,12.98
5714,5713,376,51.04
2920,2919,376,12.48
5019,5018,376,10.21
437,336,376,23.34
827,826,376,7.46
5317,5316,376,16.57
6231,6230,376,51.9
6432,6431,376,181.9
6760,6661,376,6.66
6369,6368,377,103.47
3206,3205,377,69.87
6572,6571,377,72.09
6322,6321,377,57.31
3106,3105,377,66.05
3505,3504,377,79.44
5513,5512,377,47.7
5915,5914,377,39.36
3709,3708,377,74.95
2908,2907,377,53.47
5613,5612,377,33.34
3607,3606,377,157.52
6470,6469,377,27.12
6017,6016,377,23.22
4013,4012,377,24.89
1016,1015,377,16.41
4516,4515,377,35.74
535,534,377,12.51
630,629,377,19.68
6475,6574,377,9
648,547,377,8.69
1868,1767,377,6.15
4215,4214,377,18.98
1027,1026,377,18.87
6230,6229,377,125.21
6441,6541,377,1.39
3086,2986,377,1.8
3606,3605,378,109.23
3808,3807,378,64.77
5814,5813,378,41.61
4616,4615,378,30.22
6117,6116,378,26.94
543,442,378,22.62
6643,6742,378,21.12
5217,5216,378,13.26
726,725,378,11.35
3020,3019,378,14.55
6066,6065,378,17.97
2419,2418,378,8.58
2720,2719,378,8.13
2812,2711,378,20.5
6228,6327,378,11.47
3120,3119,378,17.39
2811,2810,378,21.59
438,338,378,10.47
6364,6464,378,3.9
436,335,378,23.58
4596,4597,378,1.05
3105,3104,379,66.31
2907,2906,379,57.38
3708,3707,379,57.18
6571,6570,379,67.31
6368,6367,379,78.21
1217,1216,379,27.37
3006,3005,379,26.76
926,925,379,25.35
1116,1115,379,17.38
2018,2017,379,15.97
6958,7058,379,15.11
6958,7057,379,21.52
6469,6468,379,79.16
1419,1418,379,14.03
2813,2712,379,15.97
6651,6650,379,8.35
6855,6954,379,8.93
533,432,379,23.65
1318,1317,379,26.03
6330,6329,379,15.27
5415,5414,379,26.68
6478,6577,379,5.28
6534,6533,379,22.59
3016,2915,379,6.04
5797,5897,379,1.63
6760,6861,379,6.5
6860,6960,379,9.13
3707,3706,380,148.04
6577,6576,380,126.59
3605,3604,380,74.56
3807,3806,380,55.93
6321,6320,380,33.57
5914,5913,380,33.62
6217,6216,380,28.43
1918,1917,380,15.89
3404,3403,380,15.72
2118,2117,380,14.21
1818,1817,380,14.05
916,915,380,15.68
5713,5712,380,31.63
2711,2710,380,60.05
2820,2819,380,8.1
629,628,380,47.3
1026,1025,380,49.88
2985,2885,380,2.24
1054,953,380,7.78
4414,4413,380,22.34
3706,3705,381,105.64
442,441,381,38.64
5813,5812,381,36.22
5512,5511,381,26.88
4113,4112,381,24.61
543,443,381,10.09
6268,6267,381,10.68
2519,2518,381,10.35
337,236,381,23.66
4917,4916,381,20.91
6537,6636,381,8.24
3305,3304,381,18.92
6468,6467,381,92.57
6329,6328,381,96.48
6431,6430,381,24.48
2914,2814,381,4.82
4715,4714,381,21.81
545,444,381,9.62
6576,6575,382,75.62
2906,2905,382,45.88
925,924,382,47.72
335,334,382,29.39
5612,5611,382,23.85
6016,6015,382,20.85
5018,5017,382,17.63
1718,1717,382,14.63
4816,4815,382,16.49
5118,5117,382,16.52
3911,3910,382,15.8
6643,6743,382,9.94
6166,6165,382,16.25
6550,6649,382,8.64
6320,6319,382,64.71
533,433,382,12.39
628,627,382,50.45
2710,2709,382,62.47
336,235,382,23.59
4314,4313,382,15.22
2810,2809,382,30.86
1517,1516,382,16.09
435,434,382,10.88
5414,5413,382,48.15
4515,4514,382,22.34
441,440,383,53
4112,4111,383,71.43
3806,3805,383,39.36
6116,6115,383,21.02
3205,3204,383,16.68
3504,3503,383,17.76
2919,2918,383,16.26
337,237,383,13.06
1617,1616,383,13.69
6467,6466,383,64.96
5316,5315,383,15.68
6264,6265,383,2.28
6533,6532,383,25.5
4615,4614,383,24.2
5812,5811,384,35.7
5913,5912,384,32.44
5712,5711,384,28.57
3604,3603,384,27.97
3005,3004,384,24.01
1317,1316,384,21
4012,4011,384,16
826,825,384,13.57
3019,3018,384,18.68
2809,2808,384,81.36
5413,5412,384,71.77
6647,6746,384,8.94
2376,2275,384,6.16
6570,6569,384,24.34
4214,4213,384,14.8
6387,6487,384,1.73
2709,2708,384,53.59
6319,6318,384,50.95
3805,3804,385,65.14
4111,4110,385,80.22
2905,2904,385,33.66
6216,6215,385,23.43
1216,1215,385,17.29
235,234,385,36.6
432,431,385,17.86
6742,6741,385,15.2
335,234,385,23.01
442,341,385,23.47
1015,1014,385,14.21
2619,2618,385,10.31
6751,6750,385,11.63
6853,6852,385,9.24
6573,6672,385,11.95
6958,7059,385,11.71
6541,6640,385,19.75
649,548,385,9.33
6752,6851,385,8.8
6957,7056,385,8.46
2318,2317,385,10.4
6536,6635,385,7.9
530,529,385,8.61
1418,1417,385,16.98
5993,6092,385,5.32
3117,3017,385,2.3
3603,3602,386,55.37
334,333,386,30.77
6015,6014,386,28.55
5511,5510,386,24.52
5611,5610,386,26.13
3104,3103,386,16.12
7058,7158,386,15.01
7058,7157,386,21.61
4413,4412,386,19.56
725,724,386,12.71
5216,5215,386,13.81
546,445,386,8.19
6092,6091,387,62.17
5811,5810,387,38.45
5412,5411,387,36.84
6318,6317,387,35.16
3705,3704,387,19.52
6430,6429,387,19.73
6267,6266,387,17.86
443,342,387,23.64
1917,1916,387,15.91
6672,6671,387,74.25
1817,1816,387,14.74
1115,1114,387,13.38
2017,2016,387,13.08
4815,4814,387,20.09
2712,2611,387,18.62
2418,2417,387,12.3
442,342,387,11.62
6572,6671,387,11.97
4916,4915,387,19.46
2218,2217,387,7.35
2708,2707,387,47.32
2719,2718,387,12.33
2711,2610,387,17.29
915,914,387,16.12
1970,1869,387,6.05
4514,4513,387,20.9
529,528,387,54.27
627,626,387,21.2
341,340,388,43.32
3804,3803,388,49.92
234,233,388,38.75
5711,5710,388,28.82
4011,4010,388,25.31
5912,5911,388,32.28
6115,6114,388,23.03
5315,5314,388,24.94
5117,5116,388,17.53
5017,5016,388,17.61
3910,3909,388,19.49
4714,4713,388,16.15
235,134,388,23.64
2819,2818,388,13.83
6571,6670,388,13.16
6648,6747,388,8.94
6642,6641,388,7.34
236,136,388,14.33
236,135,388,23.26
2071,1971,388,2.16
6532,6531,388,23.14
6569,6568,388,26.23
2918,2917,388,20.72
952,853,388,4.38
6091,6090,389,62.24
2610,2609,389,54.51
4614,4613,389,17.35
6743,6842,389,22.22
433,332,389,23.52
2518,2517,389,12.85
6574,6673,389,12.51
2808,2807,389,21.58
2813,2713,389,5.42
6484,6583,389,5.34
6367,6366,389,10.59
2710,2609,389,16.5
528,527,389,50.44
4596,4497,389,1.24
6583,6582,390,150.13
3803,3802,390,50.11
5810,5809,390,34.66
5510,5509,390,27.61
6014,6013,390,28.8
2904,2903,390,24.66
4110,4109,390,22.81
6215,6214,390,20.69
3004,3003,390,18.97
825,824,390,18.87
3204,3203,390,16.04
1717,1716,390,12.86
1516,1515,390,13.67
5610,5609,390,27.54
443,343,390,12.37
3403,3402,390,10.01
6960,7060,390,9.15
1258,1157,390,6.18
3304,3303,390,12.35
438,339,390,6.72
4313,4312,390,12.94
6670,6669,390,58.76
6635,6634,390,21.47
1055,954,390,6.86
2709,2608,390,19.48
5710,5709,391,37.71
5411,5410,391,26.82
6317,6316,391,25.66
431,430,391,17.14
1316,1315,391,16.52
3503,3502,391,12.74
6466,6465,391,12.79
6743,6843,391,11.85
134,133,391,42.32
1417,1416,391,16.75
6746,6745,391,15.49
6954,6953,391,8.38
337,238,391,8.94
2708,2607,391,21.54
5215,5214,391,21.59
751,650,391,7.48
5314,5313,391,38.98
852,752,391,2.71
3802,3801,392,54.62
6669,6668,392,56.55
2807,2806,392,34.87
6568,6567,392,32.95
5911,5910,392,32.38
6429,6428,392,23.73
1215,1214,392,14.55
1014,1013,392,15.2
6741,6740,392,14.93
341,240,392,22.63
3804,3703,392,20.71
2707,2706,392,23.04
4213,4212,392,13.87
6575,6674,392,15.28
4412,4411,392,19.74
7058,7159,392,11.58
1360,1259,392,6.17
2479,2378,392,6.19
1616,1615,392,12.31
6645,6744,392,5.39
6467,6566,392,13.81
5994,6093,392,5.42
5896,5995,392,5.08
6860,6961,392,5.95
5709,5708,393,86.03
4109,4108,393,35.88
824,823,393,38.03
6582,6581,393,41.4
6842,6841,393,33.15
3909,3908,393,24.34
6114,6113,393,25
3602,3601,393,15.98
7158,7258,393,14.65
7158,7257,393,21.88
3103,3102,393,15.37
133,132,393,52.44
5609,5608,393,37.08
3804,3903,393,18.7
2618,2617,393,13.69
3603,3702,393,16.82
5313,5312,393,58.61
4112,4211,393,12.13
6576,6675,393,11.2
6751,6850,393,8.6
7056,7055,393,13.63
4513,4512,393,17.83
6485,6584,393,5.32
2317,2316,393,12.92
4915,4914,393,18.63
6479,6578,393,3.61
4814,4813,393,17.22
6364,6365,393,2.24
2806,2805,394,59.85
2378,2377,394,59.7
5910,5909,394,62.98
6013,6012,394,25.31
5509,5508,394,27.46
5016,5015,394,17.81
4010,4009,394,18.13
2818,2817,394,18.53
340,239,394,23.62
5116,5115,394,18.28
2718,2717,394,15.72
2706,2705,394,54.4
1114,1113,394,16.13
724,723,394,13.33
6750,6749,394,12
3805,3904,394,13.75
2117,2116,394,7.51
5809,5808,394,25.05
626,625,394,16.64
2712,2612,394,6.81
6648,6748,394,4.61
914,913,394,16.04
726,625,394,5.88
6325,6424,394,5.37
6668,6667,394,63.11
6537,6637,394,3.25
4094,3994,394,1.78
4396,4296,394,1.94
4211,4210,395,71.92
6581,6580,395,57.39
3903,3902,395,61.77
4108,4107,395,53.04
6740,6739,395,37.71
6214,6213,395,21.4
332,331,395,19.5
136,35,395,22.24
135,35,395,14.65
135,34,395,23.06
1816,1815,395,13.48
2417,2416,395,13.54
6424,6423,395,114.36
341,241,395,10.1
2610,2509,395,19.16
5312,5311,395,59.85
134,33,395,22.85
2682,2581,395,6.17
6531,6530,395,16.41
6189,6288,395,5.25
2917,2916,395,16.61
6566,6565,395,44.98
236,137,395,10.27
2611,2510,395,18.41
1766,1666,395,2.02
6464,6563,395,8.84
5214,5213,395,28.72
6634,6633,395,23.12
3590,3491,395,1.22
4107,4106,396,191.49
6580,6579,396,181.81
6841,6840,396,34.57
823,822,396,42.38
7257,7256,396,33.58
6428,6427,396,30.34
2705,2704,396,56.27
5410,5409,396,24.09
6316,6315,396,21.79
2517,2516,396,14.63
6842,6941,396,22.4
4713,4712,396,13.73
2217,2216,396,12.1
2016,2015,396,11.63
5808,5807,396,53.33
2607,2606,396,21.74
7157,7156,396,10.53
6463,6562,396,5.41
2609,2508,396,21.65
1462,1361,396,6.13
4106,4105,397,136.56
33,32,397,56.93
3902,3901,397,65.11
6530,6529,397,55.64
5508,5507,397,36.47
5909,5908,397,47.38
3908,3907,397,26.24
5708,5707,397,27.17
5608,5607,397,33.25
6842,6942,397,12.93
4613,4612,397,13.97
2805,2804,397,44.28
4411,4410,397,20.91
2608,2507,397,23.31
3402,3401,397,15.01
649,549,397,3.58
3893,3793,397,1.95
1564,1463,397,6.16
5213,5212,397,50.88
6739,6738,398,41.61
5311,5310,398,37.42
6012,6011,398,27.06
3102,3101,398,24.75
6113,6112,398,24.85
1416,1415,398,15.3
3502,3501,398,14.94
4312,4311,398,13.58
3003,3002,398,14.08
1716,1715,398,13.2
3203,3202,398,14.2
3802,3701,398,19.12
3303,3302,398,12.99
1315,1314,398,15.26
6745,6844,398,22.07
6640,6639,398,7.79
6672,6771,398,11.49
822,821,398,55.01
6326,6425,398,5.42
5298,5397,398,5.37
1156,1056,398,2.46
6636,6735,398,8.66
6670,6769,398,15.7
6667,6666,398,28.02
5198,5199,398,1.01
4105,4104,399,88.94
6529,6528,399,50.21
6427,6426,399,48.9
2606,2605,399,37.67
4009,4008,399,23.74
2817,2816,399,22.37
2617,2616,399,17.03
240,139,399,22.02
723,722,399,21.81
1214,1213,399,15.61
6740,6839,399,22.04
6423,6422,399,30.25
1013,1012,399,14.51
430,429,399,13.95
6843,6943,399,13.02
1515,1514,399,12.12
5212,5211,399,81.53
2903,2902,399,11.39
6669,6768,399,16.43
136,36,399,9.63
1916,1915,399,8.75
7158,7259,399,11.09
133,232,399,17.83
443,344,399,8.3
4512,4511,399,18.4
6840,6839,399,35.51
6566,6665,399,20.31
6671,6770,399,12.56
3792,3692,399,1.93
4914,4913,399,17.57
530,429,399,5.62
4998,4898,399,1.99
527,526,399,10.54
5507,5506,400,35.16
3907,3906,400,34.38
5409,5408,400,26.39
2704,2703,400,31.73
6213,6212,400,24.19
5015,5014,400,17.49
2717,2716,400,19.45
6841,6940,400,22.36
2316,2315,400,15.14
7258,7357,400,22.31
7257,7356,400,22.4
6953,6952,400,12.34
7060,7160,400,10.17
6745,6845,400,11.43
3806,3905,400,7.2
547,446,400,6.19
4813,4812,400,15.95
821,820,400,51.53
6768,6767,401,56.23
6528,6527,401,50.14
2605,2604,401,58.67
5607,5606,401,27.17
331,330,401,18.49
239,138,401,22.44
1113,1112,401,15.05
7258,7358,401,13.66
2804,2803,401,28.88
6738,6737,401,43.77
5211,5210,401,61.23
2904,2803,401,9.32
7055,7054,401,13.95
6955,7054,401,5.34
429,428,401,57.29
3289,3189,401,2
5198,5099,401,1.19
4008,4007,402,44.47
6422,6421,402,42.42
6112,6111,402,26.39
6011,6010,402,27.57
3002,3001,402,27.75
5707,5706,402,20.68
4410,4409,402,21.42
820,819,402,54.5
6315,6314,402,19.35
2516,2515,402,18.07
6739,6638,402,23
6739,6838,402,21.25
4210,4209,402,16.37
2116,2115,402,13.27
5909,6008,402,19.55
6850,6849,402,12.18
5807,5806,402,17.11
2416,2415,402,16.26
5910,6009,402,14.38
6673,6772,402,11
6750,6849,402,8.67
6215,6314,402,8.71
6852,6951,402,8.7
725,624,402,5.95
6851,6950,402,8.42
913,912,402,13.67
6839,6838,402,36.89
2274,2174,402,1.87
3390,3290,402,1.87
2611,2511,402,6.68
6635,6734,402,8.65
6565,6564,402,16.34
6527,6526,403,50.11
6767,6766,403,55.06
5408,5407,403,34.59
4104,4103,403,27.92
5310,5309,403,24.52
2902,2901,403,28.83
1815,1814,403,12.57
3904,4003,403,17.26
3903,4002,403,14.74
240,140,403,9.39
2507,2506,403,19.45
5908,5907,403,18.22
722,721,403,25.52
5115,5114,403,12.37
5808,5907,403,17.52
7356,7355,403,33.59
6318,6417,403,7.48
6960,7061,403,5.96
6840,6939,403,22.3
428,427,403,50.43
2510,2409,403,19.36
2814,2714,403,4.58
6421,6420,404,89.25
6111,6110,404,64.45
2604,2603,404,41.84
5506,5505,404,29.93
6212,6211,404,25.09
2616,2615,404,20.58
3202,3201,404,20
2015,2014,404,13.41
4712,4711,404,13.74
7156,7155,404,13.6
2216,2215,404,14.19
7256,7255,404,13.62
6747,6846,404,8.94
5210,5209,404,37.71
6633,6632,404,11.89
2885,2784,404,6.06
6577,6676,404,5.8
6320,6419,404,6.12
1615,1614,404,8.6
1868,1768,404,2.11
6319,6418,404,6.6
6526,6525,405,50.1
4002,4001,405,68.04
4007,4006,405,39.87
526,525,405,17.23
4311,4310,405,15.3
3302,3301,405,16.55
1314,1313,405,14.59
4612,4611,405,13.6
4211,4310,405,12.01
6674,6773,405,10.98
343,242,405,9.66
6738,6837,405,20.67
6317,6416,405,8.27
1415,1414,405,14.47
4511,4510,405,19.77
6675,6774,405,12.56
2816,2815,405,16.82
548,447,405,7.38
3402,3301,405,9.53
6486,6585,405,3.59
4913,4912,405,16.95
4195,4095,405,1.84
853,753,405,5.9
6211,6210,406,62.83
6110,6109,406,51.16
5606,5605,406,21.95
2315,2314,406,17.9
6943,7042,406,22.3
6844,6944,406,13.47
137,37,406,9.93
5014,5013,406,18.03
2903,2802,406,8.9
139,39,406,16.28
139,38,406,20.95
6954,7053,406,5.26
819,818,406,33.02
6839,6938,406,22.15
6089,6190,406,1.13
4103,4102,407,26.74
6766,6765,407,28.02
5407,5406,407,32.79
2415,2414,407,20.15
7357,7456,407,22.26
4812,4811,407,16.15
2703,2702,407,15.83
2716,2715,407,16.27
1213,1212,407,13.94
1915,1914,407,13.26
330,329,407,17.43
1715,1714,407,11.47
132,131,407,7.17
2515,2514,407,22.49
7355,7354,407,27.19
6214,6313,407,8.65
2506,2505,407,26.27
7356,7455,407,22.4
721,720,407,26.45
5897,5996,407,5.06
1970,1870,407,2.29
6737,6736,407,17.39
2580,2480,407,1.93
6634,6733,407,8.5
5797,5898,407,0.98
6525,6524,408,43.37
4006,4005,408,33.41
427,426,408,22.43
4209,4208,408,18.48
6008,6007,408,18.07
5706,5705,408,18.78
5309,5308,408,21.37
7358,7457,408,22.07
7357,7457,408,13.84
6845,6945,408,13.35
6768,6867,408,16.53
6943,7043,408,12.14
6665,6664,408,12.41
5806,5805,408,18.62
7258,7359,408,9.92
6316,6415,408,8.62
6953,7052,408,8.72
624,623,408,17.22
5114,5113,408,20.8
752,651,408,8.56
1665,1565,408,1.95
3188,3088,408,1.86
2514,2513,409,75.45
6765,6764,409,59.28
5209,5208,409,23.19
2603,2602,409,22.33
5505,5504,409,24.69
2115,2114,409,14.48
4409,4408,409,15.26
2615,2614,409,24.4
1012,1011,409,10.43
5907,5906,409,17.97
3904,4004,409,6.81
6524,6523,409,152.04
2505,2504,409,53.2
7055,7154,409,8.89
2173,2073,409,1.98
2510,2410,409,7.26
2713,2613,409,5.1
329,328,409,57.2
6007,6006,410,58.09
6849,6848,410,14.03
6767,6866,410,16.93
7358,7458,410,11.44
7160,7260,410,11
2802,2801,410,27.69
6771,6870,410,12.12
6749,6848,410,8.89
6850,6949,410,8.7
4510,4509,410,22.54
6748,6847,410,8.94
7355,7254,410,22.4
7355,7454,410,21.7
139,40,410,13.25
2376,2276,410,2.08
4912,4911,410,20.95
2513,2512,411,75.06
328,327,411,50.43
6523,6522,411,82.34
5406,5405,411,30.62
5605,5604,411,20.33
2314,2313,411,21.57
6210,6209,411,21.85
4611,4610,411,17.11
2504,2503,411,51.24
2215,2214,411,16.46
2014,2013,411,14.48
4711,4710,411,15.68
1814,1813,411,13.56
2702,2701,411,25.52
6563,6662,411,8.92
7060,7161,411,6.75
32,31,411,7.63
6487,6586,411,5.25
4102,4101,411,26.63
2409,2408,411,13.32
5013,5012,411,21.86
5113,5112,411,33.55
6006,6005,412,88.38
4208,4207,412,28.13
2414,2413,412,24.37
6313,6312,412,20.86
6109,6108,412,17.58
4310,4309,412,14.67
5308,5307,412,32.35
1514,1513,412,7.79
232,231,412,8.11
6213,6312,412,8.41
818,817,412,19.86
720,719,412,22.29
2783,2683,412,1.8
4811,4810,412,20.2
5797,5798,412,0.85
6209,6208,413,51.45
6764,6763,413,32.86
5208,5207,413,30.21
6522,6521,413,56.33
1112,1111,413,8.6
5112,5111,413,56.51
4105,4204,413,8.95
6315,6414,413,8.81
1414,1413,413,12.86
6632,6631,413,11.87
6092,6191,413,5.18
650,550,413,4.71
4911,4910,413,36.35
5504,5503,414,24.46
6664,6663,414,17.75
5705,5704,414,19.93
525,524,414,12.29
1313,1312,414,11.8
6211,6310,414,14.42
1614,1613,414,10.35
7455,7554,414,22.2
6944,7044,414,12.79
6735,6834,414,8.88
241,141,414,5.27
7456,7556,414,14.36
7456,7555,414,22.05
5012,5011,414,36.24
5697,5698,414,0.87
4910,4909,415,58.5
4207,4206,415,36.76
6870,6869,415,24.45
2503,2502,415,28.03
5307,5306,415,34.25
2602,2601,415,18.25
7454,7453,415,22.6
5805,5804,415,15.5
1914,1913,415,13.79
6845,6946,415,9.6
6768,6868,415,6.38
6521,6520,415,65.73
4204,4203,415,59.81
7354,7353,415,12.84
1259,1158,415,6.18
4509,4508,415,21.99
1714,1713,415,12.86
5405,5404,415,27.44
6676,6775,415,13.68
5994,6094,415,2.04
6772,6871,415,11.61
549,448,415,7.98
6837,6836,415,10.35
4206,4205,416,123.86
5207,5206,416,38.46
6005,6004,416,31.63
327,326,416,20.86
5604,5603,416,23.67
5906,5905,416,14.84
6764,6863,416,22.4
2114,2113,416,16.58
4408,4407,416,15.11
6945,7045,416,13.39
426,425,416,12.55
7457,7557,416,12.58
4610,4609,416,22.12
5111,5110,416,49.88
2378,2277,416,6.06
912,911,416,7.52
6866,6865,416,19.87
4710,4709,416,21.61
7061,7062,416,7.75
4810,4809,416,32.8
6387,6388,416,0.91
5011,5010,416,58.49
6312,6311,417,22.09
2214,2213,417,19.49
2013,2012,417,17.58
2313,2312,417,18.04
6764,6864,417,13.03
6007,6106,417,15.92
6765,6864,417,15.53
6952,7051,417,8.66
6212,6311,417,8.32
623,622,417,11.86
6582,6681,417,5.34
4203,4202,417,58.65
6520,6519,417,75.26
953,854,417,3.91
6681,6680,418,133.32
2413,2412,418,19.52
719,718,418,18.07
1813,1812,418,14.33
6847,6947,418,12.9
6949,6948,418,12.89
7454,7553,418,20.14
5503,5502,418,28.18
4407,4406,418,76.9
1011,1010,418,12.45
6008,6107,418,8.88
6849,6948,418,8.89
7054,7153,418,8.4
5110,5109,418,67.89
140,41,418,9.68
5210,5109,418,8.35
916,815,418,3.16
1360,1260,418,2.05
2511,2411,418,6.61
6838,6937,418,8.94
4909,4908,418,49.89
1055,955,418,2.05
2408,2407,418,14.38
6680,6679,419,123.02
4202,4201,419,58.85
6519,6518,419,60.81
5306,5305,419,26.15
6310,6309,419,22.43
6208,6207,419,18.55
6414,6413,419,17.52
7453,7452,419,26.91
6209,6308,419,18.17
1212,1211,419,8.53
6950,7049,419,8.72
6951,7050,419,8.53
6314,6413,419,8.83
817,816,419,15.72
7353,7352,419,25.5
6583,6682,419,4.84
5010,5009,419,49.89
6773,6872,419,10.64
912,812,419,6.14
5404,5403,419,26.9
4406,4405,419,109.21
4809,4808,419,49.54
6093,6192,419,5.38
1462,1362,419,2.14
6207,6206,420,104.41
5603,5602,420,30.74
6004,6003,420,31.75
5804,5803,420,21.33
6763,6762,420,15.55
4309,4308,420,12.97
7161,7261,420,11.45
7359,7459,420,8.73
6774,6873,420,9.73
5209,5108,420,9.42
6417,6516,420,8.69
6522,6621,420,16.5
7358,7459,420,7.8
7160,7261,420,7.42
6733,6732,420,8.02
5502,5501,420,68.58
4508,4507,420,22.03
6863,6862,420,31.12
2072,1972,420,2.13
2479,2379,420,2
4908,4907,420,63.79
753,652,420,9.64
7061,6962,420,8.84
7061,7162,420,8.65
5697,5598,420,1.04
4709,4708,420,27.62
4808,4807,421,37.23
6106,6105,421,19.05
5905,5904,421,16.28
5704,5703,421,12.56
7556,7656,421,15.84
7556,7655,421,18.61
7555,7654,421,17.64
1111,1110,421,10.86
5206,5205,421,19.12
5009,5008,421,36.31
6679,6678,421,48.24
4405,4404,422,28.54
2113,2112,422,9.4
1913,1912,422,11.21
1513,1512,422,7.72
7453,7552,422,19.6
6416,6515,422,7.17
6418,6517,422,6.34
7353,7253,422,17.49
7353,7252,422,21.47
6631,6630,422,8.75
446,345,422,10.36
4609,4608,422,8.98
912,811,422,8.12
7042,7041,422,5.78
1564,1464,422,2.63
6836,6835,422,13.67
344,243,422,10.78
7452,7451,423,25.6
6946,7046,423,13.14
1613,1612,423,10.31
524,523,423,9.76
2602,2501,423,12.74
6945,7046,423,10.46
326,325,423,10.5
330,229,423,8.87
4204,4303,423,11.55
1713,1712,423,11.07
3087,2987,423,2.26
6621,6620,423,49.48
6678,6677,424,49.51
4807,4806,424,38.09
5403,5402,424,20.41
2312,2311,424,13.43
2012,2011,424,9.31
2213,2212,424,8.76
5208,5107,424,13.27
7457,7558,424,9.43
7053,7152,424,7.45
5108,5107,424,25.75
1312,1311,424,8.51
4907,4906,424,29.04
5008,5007,424,34.68
2506,2405,424,9.4
6863,6963,424,13.23
2682,2582,424,2.43
550,449,424,18.43
1767,1667,424,2.65
5305,5304,424,19.23
6308,6307,425,17.59
6948,7047,425,19.62
4404,4403,425,49.42
7556,7657,425,14.14
425,424,425,10.51
6523,6622,425,7.21
6415,6514,425,7.25
6313,6412,425,6.89
4407,4306,425,21.63
622,621,425,10.82
131,130,425,5.58
5502,5401,425,24.36
6834,6833,425,8.31
6676,6776,425,4.53
447,346,425,10.26
6206,6205,426,19.05
5803,5802,426,19.18
6948,7048,426,13.32
7452,7351,426,23.77
231,230,426,6.96
1413,1412,426,8.49
2505,2404,426,10.41
915,814,426,4.73
2409,2308,426,7.64
4203,4302,426,12.01
329,228,426,10.48
4806,4805,427,37.85
6105,6104,427,18.88
5904,5903,427,19.68
5602,5601,427,16.45
1812,1811,427,10.95
7451,7450,427,26.74
7452,7551,427,19.56
5207,5106,427,13.23
2407,2406,427,9.48
718,717,427,11.06
2986,2886,427,2.49
5298,5398,427,1.57
753,653,427,5.49
1010,1009,427,11.36
853,754,427,4.3
5007,5006,428,33.26
5703,5702,428,16.18
5205,5204,428,16.16
6003,6002,428,12.87
4202,4301,428,11.99
6311,6410,428,12.37
911,910,428,7.79
4308,4307,428,12.53
4306,4305,428,47.2
6620,6619,428,21.21
7359,7360,428,5.49
1870,1769,428,8.58
2504,2403,428,10.38
4906,4905,428,33.15
4403,4402,428,48.16
6864,6964,428,9.51
6189,6289,428,1.46
5404,5303,428,13.14
1211,1210,428,11.1
448,347,428,14.01
6519,6618,429,11.57
7451,7350,429,24.52
7161,7262,429,8.18
2276,2175,429,9.4
31,30,429,6.24
7655,7754,429,18.17
7656,7756,429,13.76
7656,7755,429,19.6
5206,5105,429,12.93
912,813,429,5.05
651,551,429,5.14
2112,2111,430,13.28
2502,2401,430,10
623,522,430,7.25
2410,2309,430,7.81
449,348,430,26.88
6871,6970,430,8.79
1110,1109,430,11.36
3993,3894,430,1.37
6410,6409,431,48.95
4805,4804,431,30.62
6307,6306,431,18.94
1512,1511,431,11.34
7252,7251,431,12.16
4405,4304,431,13.05
5403,5302,431,13.11
7451,7550,431,19.62
6775,6874,431,8.37
1158,1057,431,10.11
6414,6513,431,7.33
6312,6411,431,6.77
4305,4304,431,49.27
1971,1871,431,2.81
7041,7040,431,11.18
6618,6617,432,37.55
5006,5005,432,27.02
6002,6001,432,26.66
5903,5902,432,20.27
5802,5801,432,19.38
2212,2211,432,13.51
1612,1611,432,11.34
1712,1711,432,11.33
811,810,432,10.55
1912,1911,432,10.19
4808,4707,432,11.63
2277,2176,432,10.02
2502,2402,432,6.33
7459,7559,432,8.57
4905,4904,432,26.51
141,142,432,5.65
2885,2785,432,2.32
2408,2307,432,7.87
7350,7349,433,26.3
6205,6204,433,14.67
7351,7250,433,23.47
130,129,433,13.62
2311,2310,433,12.05
325,324,433,10.41
6630,6629,433,9.12
5205,5104,433,12.24
6309,6408,433,10.4
1260,1159,433,10
7359,7460,433,5.78
4407,4506,433,8.01
347,246,433,29.12
4402,4401,433,21.85
1311,1310,433,11.36
4496,4397,433,1.3
5198,5299,433,1.1
5302,5301,434,48.04
5702,5701,434,19.45
6002,5901,434,24.47
5204,5203,434,19.18
6963,7063,434,10.27
4807,4706,434,11.38
2379,2278,434,10.48
7656,7757,434,11.08
6584,6683,434,2.6
4608,4607,434,8.4
6837,6936,434,4.38
6836,6935,434,7.42
7350,7249,435,24.24
6104,6103,435,12.7
424,423,435,10.36
524,423,435,7.4
621,620,435,10.9
1312,1411,435,7.05
1412,1411,435,11.15
141,42,435,7.07
348,247,435,29.06
1362,1261,435,9.32
5098,4999,435,1.34
6872,6971,435,8.81
6408,6407,436,47.54
6002,6102,436,13.63
6002,6101,436,19.62
346,245,436,13.3
7252,7151,436,10.56
7051,7150,436,7.57
2011,2010,436,8.66
30,29,436,15.44
6732,6731,436,6.61
246,245,436,38.36
5203,5202,437,48.12
5302,5201,437,25.1
7350,7449,437,19.6
1009,1008,437,10.88
7755,7854,437,18.62
4506,4505,437,32.67
1210,1209,437,11.31
4706,4705,437,36.81
7349,7348,437,25.99
449,349,437,8.19
717,716,437,10.75
910,909,437,11.17
2401,2301,437,15.1
5995,6095,437,2.09
129,128,437,30.69
229,128,437,10.48
345,244,437,9.48
6873,6972,437,8.38
6204,6203,438,24.19
5005,5004,438,18.88
6306,6305,438,15.32
6513,6512,438,15.82
6618,6717,438,17.22
6619,6718,438,14.84
7050,7149,438,7.56
1811,1810,438,9.53
2582,2481,438,10.16
2111,2110,438,13.35
4607,4606,438,32.08
2405,2304,438,10.19
246,145,438,29.12
6864,6965,438,6.91
550,450,438,4.19
6407,6406,439,48.38
6617,6616,439,14.68
5204,5103,439,12.94
4805,4704,439,12.82
7755,7855,439,10.67
811,710,439,8.7
7654,7653,439,5.62
7349,7248,439,24.04
4403,4502,439,10.14
348,248,439,11.19
1667,1566,439,9.55
1464,1363,439,8.62
1463,1363,439,2.75
5203,5102,440,24.99
6204,6304,440,14.6
324,323,440,14.32
7559,7658,440,18.53
2211,2210,440,12.88
1109,1108,440,10.84
6964,7064,440,8.59
6622,6721,440,9.49
6516,6615,440,7.38
4404,4503,440,8.16
29,28,440,27.9
2404,2303,440,10.41
6621,6720,440,7.09
2307,2306,440,12.72
6717,6716,441,37.37
4606,4605,441,35.96
6203,6202,441,48.77
6204,6303,441,19.4
522,521,441,9.79
6678,6777,441,7.3
812,711,441,6.62
7349,7448,441,19.59
145,144,441,48.22
4505,4504,441,31.65
246,146,441,12.61
6833,6832,441,6.28
1511,1510,441,10.77
7449,7448,441,27.51
6940,7039,441,3.2
4502,4501,442,49.09
7559,7659,442,10.54
1711,1710,442,10.22
6619,6719,442,7.15
1611,1610,442,10.49
6970,6969,442,8.38
6515,6614,442,7.39
523,422,442,7.59
6523,6623,442,2.98
810,809,442,10.76
4704,4703,442,48.49
5102,5101,443,46.66
6406,6405,443,29.92
5202,5101,443,25.62
6776,6875,443,7.97
1310,1309,443,10.95
7248,7247,443,27.38
1911,1910,443,9.12
128,127,443,17.23
653,553,443,6.5
653,552,443,9.35
5898,5997,443,3.36
2403,2302,443,9.64
4904,4903,443,9.37
4898,4798,443,2.54
4296,4196,443,2.36
3691,3592,443,1.24
6303,6302,444,49.37
6202,6201,444,49.21
4605,4604,444,42.36
2010,2009,444,13.26
7550,7549,444,8.04
4804,4803,444,7.85
6411,6510,444,11.78
1769,1668,444,8.85
6410,6509,444,9.13
7459,7560,444,6.14
2406,2305,444,8.66
145,44,444,24.83
3793,3693,444,2.39
6679,6778,444,5.57
6614,6613,445,36.99
7448,7447,445,27.21
323,322,445,20.46
5103,5002,445,28.14
6512,6511,445,16.23
5004,5003,445,15.15
1411,1410,445,11.11
5104,5003,445,12.14
6514,6613,445,7.26
1057,956,445,10.45
7248,7148,445,16.77
7248,7147,445,24.93
2175,2074,445,9.39
620,619,445,10.8
3189,3089,445,2.55
1056,956,445,2.37
450,350,445,16.52
6834,6933,445,4.38
3491,3391,445,2.25
7449,7548,445,19.62
2308,2207,445,7.81
6939,7038,445,3.21
6405,6404,446,38.62
5102,5001,446,26.62
6305,6404,446,18.39
6935,6934,446,8.38
2785,2684,446,10.4
1870,1770,446,2.82
4903,4902,446,36.99
7063,7163,446,8.56
718,617,446,5.3
6487,6587,446,1.47
2110,2109,446,13.11
1810,1809,446,13.15
4604,4603,447,48.4
6302,6301,447,43.98
6509,6508,447,49.36
7448,7347,447,24.82
6406,6505,447,19.45
6717,6816,447,17.3
6718,6817,447,16.19
909,908,447,11.06
716,715,447,10.4
1209,1208,447,10.58
7755,7856,447,7.92
7248,7347,447,19.62
1159,1058,447,10.33
2176,2075,447,9.97
2480,2380,447,2.72
7855,7954,447,19.5
4703,4702,447,21.32
44,43,447,35.5
3290,3190,447,2.49
6613,6612,448,39.98
6615,6714,448,19
6406,6506,448,12.29
1008,1007,448,9.41
6629,6628,448,7.06
127,126,448,23.37
2302,2201,448,28.54
4903,4802,448,28.95
6938,7037,448,3.25
7754,7753,448,5.54
7855,7955,448,12.47
7042,7141,448,3.24
5597,5498,448,1.22
6404,6403,449,49.52
322,321,449,27.42
6716,6715,449,14.05
7448,7547,449,19.62
2210,2209,449,11.75
6615,6715,449,11.26
2278,2177,449,10.03
4902,4901,449,41.45
6585,6684,449,2.78
450,451,449,9.75
2073,1973,449,2.66
710,709,449,11.03
810,709,449,8.59
1261,1160,449,10.17
1565,1465,449,2.63
6873,6973,449,3.52
6508,6507,450,46.68
7659,7758,450,19.49
324,223,450,8.71
6622,6722,450,4.06
6505,6504,450,49.15
4603,4602,450,49.43
7553,7652,450,4.43
854,855,450,3.15
7064,7164,450,10.68
2309,2208,450,7.44
6191,6290,450,3.58
4702,4701,450,39.79
2307,2206,450,8.32
6094,6193,450,3.83
6714,6713,451,34.05
4802,4801,451,38.59
809,808,451,11.36
7659,7759,451,12.44
6614,6713,451,17.46
521,520,451,10.33
1108,1107,451,9.54
6718,6818,451,8.16
7559,7660,451,7.81
248,147,451,11.92
6964,7065,451,6.16
6731,6730,451,7.15
4902,4801,451,29.01
4095,3995,451,2.38
450,351,451,11.52
753,654,451,3.3
28,27,451,9.16
6403,6402,452,48.42
126,125,452,32.47
2009,2008,452,12.56
422,421,452,10.52
1510,1509,452,9.55
2304,2203,452,10.35
7549,7649,452,13.08
7549,7648,452,19.61
719,618,452,3.92
326,225,452,4.22
4702,4601,452,29.16
44,143,452,18.05
244,143,452,9.57
321,320,453,31.37
223,222,453,33.78
2010,1909,453,8.46
6936,7035,453,7.45
6680,6779,453,4.03
854,755,453,4.03
6504,6503,453,48.61
145,45,453,6.83
348,249,453,6.37
1610,1609,453,9.39
6387,6488,453,0.99
6713,6712,454,38.32
6613,6712,454,16.03
6969,6968,454,8.73
6972,7071,454,8.83
7147,7146,454,11.25
6816,6815,454,14.34
2302,2202,454,9.98
1809,1808,454,13.54
1309,1308,454,9.94
2303,2202,454,10.17
7855,7956,454,9.64
1710,1709,454,9.09
125,124,455,33.62
2109,2108,455,11.65
6402,6401,455,35.55
6302,6401,455,13.61
6681,6780,455,3.66
7552,7651,455,4.42
1410,1409,455,10.1
3088,2988,455,2.28
1363,1262,455,9.3
7955,8055,455,14.84
225,224,456,26.68
27,26,456,23.25
222,221,456,33.45
6714,6813,456,18.54
6776,6876,456,3.33
6817,6916,456,17.12
815,714,456,3.87
553,452,456,10.99
617,616,456,10.92
6503,6502,456,39.84
7247,7246,456,7.81
7854,7853,456,5.56
7955,8054,456,19.3
6712,6711,457,47.14
7071,7070,457,49.52
320,319,457,32.36
6612,6611,457,11.49
7141,7140,457,11.35
7659,7760,457,9.62
6832,6831,457,6.36
6815,6814,457,34.66
1972,1872,457,2.71
2683,2583,457,2.37
6719,6819,457,7.12
653,554,457,4.73
6192,6291,457,3.76
710,609,457,8.32
2306,2205,457,8.33
6507,6607,458,14.16
6507,6606,458,19.54
709,708,458,11.17
1208,1207,458,9.44
908,907,458,9.45
6936,7036,458,4.29
813,712,458,4.9
7549,7650,458,10.29
7447,7446,458,7.87
7146,7145,458,31.82
7064,7165,458,7.93
1464,1364,458,2.81
6916,6915,459,33.5
124,123,459,32.89
6506,6605,459,13.9
6817,6917,459,8.97
228,227,459,3.13
1668,1567,459,9.46
6502,6501,459,34.33
2305,2204,459,9.6
4597,4598,459,1.3
6721,6820,459,7.59
6611,6610,460,48.9
6711,6710,460,49.37
421,420,460,12.77
221,220,460,31.88
6713,6812,460,16.87
1007,1006,460,8.45
7347,7346,460,7.84
553,453,460,5.97
7070,7069,460,49.52
7042,7142,460,1.87
7955,8056,460,12.5
319,318,461,31.62
2202,2101,461,21.9
808,807,461,10.29
1909,1908,461,12.88
26,25,461,22.71
1058,957,461,10.38
520,519,461,11.01
7145,7144,462,30.67
2008,2007,462,10.7
1709,1708,462,13.56
7660,7661,462,9.83
8055,8155,462,14.93
7547,7546,462,7.88
6933,6932,462,6.12
711,610,462,6.9
6815,6914,462,18.34
814,713,462,4.03
6605,6604,462,46.7
7146,7245,462,19.12
6503,6602,462,16.11
6875,6974,462,7.65
7753,7752,462,7.49
6610,6609,463,49.52
6710,6709,463,42.58
123,122,463,29.78
6812,6811,463,48.79
1808,1807,463,12.36
1107,1106,463,8.69
6507,6608,463,11.57
8055,8154,463,19.25
147,46,463,11.88
1770,1669,463,8.45
351,250,463,12.64
2886,2786,463,2.85
5996,6096,463,1.75
7069,7068,463,48.56
2207,2106,463,8.25
1160,1059,463,10.39
6916,7015,464,18.7
220,219,464,30.3
6730,6729,464,8.2
7660,7561,464,11.6
2075,1974,464,8.72
6972,7072,464,3.74
1509,1508,464,8.59
2177,2076,464,9.9
2379,2279,464,2.29
6818,6918,464,8.05
6502,6601,464,18.45
6914,6913,465,34.56
318,317,465,28.65
453,352,465,28.64
6604,6603,465,38.09
6814,6913,465,19.23
6968,6967,465,9.11
7035,7034,465,8.48
249,148,465,12.18
7648,7647,465,7.71
7660,7761,465,10.22
2108,2107,465,10.21
1609,1608,465,8.74
1871,1771,465,3.03
7760,7860,465,13.2
7760,7859,465,19.62
6504,6603,465,9.6
2582,2482,465,2.46
6682,6781,465,3.05
327,226,465,2.88
7065,7066,465,7.51
4697,4698,465,1.02
7145,7244,466,19.34
6811,6810,466,49.09
6916,7016,466,10.78
125,24,466,10.37
616,615,466,10.82
2203,2102,466,10.44
25,24,466,21.98
1308,1307,466,8.83
7140,7139,466,11.36
7068,7067,466,45.15
609,608,466,11.16
7015,7014,467,38.27
6709,6708,467,31.07
122,121,467,25.92
6915,7014,467,19.12
708,707,467,11.29
8055,8156,467,12.63
222,121,467,10.39
1409,1408,467,8.95
2987,2887,467,2.31
7065,6966,467,9.19
4998,4899,467,1.32
4396,4297,467,1.28
7954,7953,467,5.26
6913,6912,468,39.26
1006,1005,468,13.24
219,218,468,27.12
6778,6877,468,6.09
6623,6723,468,3.9
3894,3794,468,2.64
6586,6685,468,2.32
3893,3794,468,1.29
6810,6809,469,40.82
124,23,469,10.43
7065,7166,469,7.87
1262,1161,469,10.15
7014,7013,470,38.54
6602,6701,470,18.83
6914,7013,470,18.38
1708,1707,470,13.34
453,353,470,10.17
8155,8255,470,14.06
8155,8254,470,19.56
7853,7852,470,7.19
1207,1206,470,8.6
221,120,470,10.47
6708,6707,470,46.49
1908,1907,470,11.58
519,518,470,11.35
6820,6919,470,13.81
3591,3492,470,1.31
7561,7461,471,16.61
1508,1507,471,14.51
6709,6808,471,19.27
7144,7143,471,11.29
6912,6911,471,49.46
6917,7017,471,8.87
907,906,471,8.1
7446,7445,471,7.93
6604,6703,471,16.97
7760,7861,471,10.42
4597,4498,471,1.64
23,22,472,48.85
6602,6702,472,10.99
2204,2103,472,11.32
6607,6706,472,10.25
1807,1806,472,11.72
2007,2006,472,10.65
6605,6704,472,11.55
6721,6821,472,3.16
1707,1706,473,47.93
120,119,473,47.24
7013,7012,473,44.67
1608,1607,473,13.79
7015,7114,473,16.89
7661,7662,473,9.99
807,806,473,8.56
218,217,473,24.97
420,419,473,8.07
7346,7345,473,7.87
7071,7170,473,7.62
6831,6830,473,6.54
1364,1263,473,9.66
1507,1506,474,49.48
6911,6910,474,47.47
2205,2104,474,8.66
1567,1466,474,9.92
6606,6705,474,9.23
6683,6782,474,3.59
6808,6807,474,48.82
7039,7138,474,4.37
22,21,475,48.9
7244,7243,475,11.36
7016,7115,475,16.64
2102,2001,475,16.76
608,607,475,11.32
7761,7762,475,10.06
7561,7562,475,9.9
250,149,475,12.79
1106,1105,475,8.41
7546,7545,475,7.96
7661,7562,475,11.76
957,856,475,10.15
8056,8057,475,7.04
8155,8256,475,11.45
6876,6975,475,7.57
2278,2178,475,2.49
617,516,475,4.95
6820,6920,475,6.46
6875,6975,475,3.18
7068,7167,475,12.78
7069,7168,475,9.67
2106,2105,475,8.82
609,508,475,8.08
1607,1606,476,49.36
1707,1606,476,25.25
7014,7113,476,16.76
148,47,476,13.92
6729,6728,476,8.91
7114,7113,476,38.71
6810,6909,476,15.57
615,614,476,10.67
6973,7073,476,3.75
7012,7011,476,48.56
7752,7751,476,7.69
7070,7169,476,7.68
6095,6194,476,3.71
3390,3291,476,1.23
6094,6194,476,1.65
1506,1505,477,49.36
6807,6806,477,38.11
217,216,477,27.38
6701,6801,477,14.47
707,706,477,10.17
352,251,477,12.73
7034,7033,477,8.35
7561,7462,477,11.67
6918,7018,477,7.74
2786,2685,477,10.19
1059,958,477,10.37
1006,905,477,8.45
8056,7957,477,8.67
6779,6878,477,6.03
21,20,478,47.78
8255,8355,478,13.23
8255,8354,478,19.62
7016,7116,478,8.53
7647,7646,478,8.01
2076,1975,478,10.39
219,118,478,10.37
7038,7137,478,4.38
7859,7858,478,7.91
1669,1568,478,9.45
6909,6908,479,48.06
6703,6802,479,19.38
1307,1306,479,8.25
1606,1605,479,49.12
7761,7862,479,10.45
518,517,479,11.23
6932,6931,479,6.16
1507,1406,479,19.9
6809,6908,479,14.42
2481,2381,479,2.48
6780,6879,479,5.99
7011,7010,479,49.52
5898,5998,479,1.35
4195,4096,479,1.2
